id,reference,generated,rouge1,rouge2,rougeL
news-45155508,"জাতিসংঘের মানবাধিকার বিষয়ক কমিটি জেনেভাতে চীনের ওপর দুদিনের যে বিশেষ সভা করছে, সেখানে অভিযোগ করা হয়, কট্টরপন্থী সন্দেহে ১০ লাখ চীনা উইগুর মুসলিমকে বিভিন্ন রাজনৈতিক শিবিরে আটকে রাখা হয়েছে।","জাতিসংঘের একটি কমিটির সদস্য চীন কর্তৃক উইগুর মুসলিমদের বিশাল বন্দীশিবিরে আটকে রাখার অভিযোগ তুলেছেন। আন্তর্জাতিক মানবাধিকার সংস্থাগুলোর দাবি, এসব শিবিরে উইগুরদের জোরপূর্বক চীনা সরকারের প্রতি আনুগত্য প্রকাশে বাধ্য করা হচ্ছে। তবে চীন বরাবরই এ ধরনের বন্দীশিবিরের অস্তিত্বের কথা অস্বীকার করে আসছে।",22.86,0.00,8.57
news-39127107,ভারতের দক্ষিণাঞ্চলীয় রাজ্য তামিলনাডুর ব্যবসায়ীরা সেখানে কোকা-কোলা ও পেপসি বিক্রি নিষিদ্ধ ঘোষণা করেছে।,স্থানীয় পণ্যের ব্যবহার বৃদ্ধি এবং কৃষিকাজে পানির সংকট নিরসনের লক্ষ্যে তামিলনাড়ুর ব্যবসায়ীরা কোকা-কোলা ও পেপসি নিষিদ্ধ করার সিদ্ধান্ত নিয়েছেন। স্বাস্থ্যঝুঁকি ও বিদেশি পণ্যের আধিপত্যের প্রতিবাদে রাজ্যের প্রায় দশ লাখ দোকানদার এই নিষেধাজ্ঞা কার্যকর করছেন। এই উদ্যোগের সফলতার পর ভারতের অন্যান্য অঞ্চলেও একই ধরনের নিষেধাজ্ঞা আরোপের দাবি উঠেছে।,22.58,10.00,19.35
news-49141918,"স্বাস্থ্য অধিদপ্তরের হিসাব মতে, গত ২৪ ঘণ্টায় দেশের বিভিন্ন হাসপাতালে ডেঙ্গুজ্বরে আক্রান্ত হয়ে প্রায় ৭০০ রোগী ভর্তি হয়েছেন।","ডেঙ্গুর প্রকোপ বাড়ায় রাজধানীর সরকারি-বেসরকারি হাসপাতালগুলোতে রোগীর প্রচণ্ড চাপ তৈরি হয়েছে, যার ফলে অনেক হাসপাতাল নতুন রোগী ভর্তি নিতে হিমশিম খাচ্ছে। স্বাস্থ্য অধিদপ্তরের মহাপরিচালক জানিয়েছেন যে, অহেতুক আতঙ্কিত হয়ে অনেকেই হাসপাতালে ভিড় করছেন, যা পরিস্থিতিকে আরও জটিল করে তুলছে। এই সংকট মোকাবিলায় স্বাস্থ্য অধিদপ্তর বেসরকারি হাসপাতালের সাথে বৈঠক করে ডেঙ্গু পরীক্ষার মূল্য নির্ধারণসহ প্রয়োজনীয় পদক্ষেপ গ্রহণ করছে।",13.16,5.41,7.89
news-52808250,এই প্রথম সামাজিক মাধ্যমের বিশাল প্রতিষ্ঠান টুইটার আমেরিকান প্রেসিডেন্ট ডোনাল্ড ট্রাম্পের কোন পোস্টের সত্যতা নিয়ে প্রশ্ন তুলে তা নিয়ে সতর্কবার্তা দিল।,ডাকযোগে ভোট নিয়ে ভিত্তিহীন অভিযোগ তোলায় টুইটার প্রেসিডেন্ট ডোনাল্ড ট্রাম্পের একটি পোস্টে সতর্কবার্তা যুক্ত করেছে। এর প্রতিক্রিয়ায় ট্রাম্প টুইটারের বিরুদ্ধে বাকস্বাধীনতা হরণের অভিযোগ তুলেছেন। বিভ্রান্তিমূলক তথ্য রোধে টুইটারের নতুন নীতিমালার আওতায় এই প্রথমবার ট্রাম্পের কোনো পোস্টে এমন পদক্ষেপ নেওয়া হলো।,19.67,6.78,16.39
news-49047323,"বাংলাদেশের বন্যা পূর্বাভাস এবং সতর্কীকরণ কেন্দ্র বলছে, আগামী ২৪ ঘণ্টায় দেশের মধ্যাঞ্চলের আরো চারটি জেলা প্লাবিত হতে পারে। এ নিয়ে মোট ২২টি জেলা বন্যায় আক্রান্ত হবে।","দেশের উত্তরাঞ্চলে বন্যার প্রকোপ ভয়াবহ আকার ধারণ করেছে এবং কুড়িগ্রামের চিলমারী উপজেলার প্রায় শতভাগ এলাকা প্লাবিত হয়েছে। উজান থেকে নেমে আসা পানির কারণে আগামী ২৪ ঘণ্টার মধ্যে মধ্যাঞ্চলের ফরিদপুর, মানিকগঞ্জ, মুন্সিগঞ্জ ও রাজবাড়ী জেলায় বন্যা ছড়িয়ে পড়ার পূর্বাভাস দিয়েছে কর্তৃপক্ষ। পরিস্থিতি মোকাবিলায় স্থানীয় প্রশাসন আশ্রয়কেন্দ্র প্রস্তুতসহ প্রয়োজনীয় দুর্যোগকালীন প্রস্তুতি গ্রহণ করেছে।",20.78,2.67,10.39
news-39844487,"ভারতে মাওবাদী বিদ্রোহীদের মোকাবিলার পথ খুঁজতে সরকারের এক উচ্চ পর্যায়ের বৈঠকের পর স্বরাষ্ট্রমন্ত্রী রাজনাথ সিং জানিয়েছেন, এই সঙ্কটের কোনও চটজলদি সমাধান সম্ভব নয়, সর্বাত্মক উন্নয়ন আর আগ্রাসী নীতি বজায় রেখেই মাওবাদীদের কাবু করা সম্ভব।","ছত্তিশগড়ে সিআরপিএফ জওয়ানদের মৃত্যুর পর মাওবাদী দমনে কেন্দ্রীয় স্বরাষ্ট্রমন্ত্রী রাজনাথ সিং স্পষ্ট জানিয়েছেন যে, এই সমস্যার কোনো সহজ বা দ্রুত সমাধান নেই। তিনি মাওবাদীদের মোকাবিলায় সামরিক কৌশলের পাশাপাশি দীর্ঘমেয়াদী বহুমুখী পদক্ষেপ গ্রহণের ওপর জোর দিয়েছেন। তবে বিশেষজ্ঞরা মনে করছেন, কেবল সামরিক শক্তি নয়, বরং অনুন্নয়ন ও সুশাসনের অভাব দূর করাই মাওবাদী সমস্যা সমাধানের মূল চাবিকাঠি।",22.47,4.60,17.98
news-45408278,বাংলাদেশে বিরোধী দল- বিএনপি'র কেন্দ্রীয় নেতারা দুই সপ্তাহের ব্যবধানে আজ (মঙ্গলবার) আবারও বিদেশি কূটনীতিকদের সাথে বৈঠক করে দেশের রাজনৈতিক পরিস্থিতি নিয়ে কথা বলেছেন।,"খালেদা জিয়ার মুক্তি ও দেশের রাজনৈতিক পরিস্থিতি নিয়ে বিএনপি নিয়মিতভাবে বিভিন্ন দেশের কূটনীতিকদের সাথে বৈঠক করছে। আন্তর্জাতিক সম্প্রদায়কে দেশের গণতন্ত্র ও নির্বাচনকালীন পরিস্থিতি সম্পর্কে অবহিত করাই এই আলোচনার মূল উদ্দেশ্য। বিশ্লেষকদের মতে, এর মাধ্যমে বিএনপি মূলত আসন্ন নির্বাচনের আগে সরকারের ওপর আন্তর্জাতিক চাপ সৃষ্টির প্রত্যাশা করছে।",20.00,11.76,17.14
news-54230851,"বাংলাদেশে জনসাধারণের মধ্যে 'শৈথিল্য' আসার কারণে করোনাভাইরাস সংক্রমণের দ্বিতীয় সংক্রমণ বা সেকেন্ড ওয়েভ আসতে পারে উল্লেখ করে কোভিড-১৯ সংক্রান্ত জাতীয় কারিগরি পরামর্শক কমিটি বলছে, এটা মোকাবেলার জন্য রোডম্যাপ তৈরি ও পূর্ণ প্রস্তুতি নিতে।",বাংলাদেশে গত তিন সপ্তাহে করোনা শনাক্ত ও মৃত্যুর হার কমলেও শীতকালে সংক্রমণের দ্বিতীয় ঢেউ আসার আশঙ্কা দেখা দিয়েছে। এই পরিস্থিতি মোকাবিলায় জাতীয় কারিগরি পরামর্শক কমিটি একটি কার্যকর রোডম্যাপ তৈরির সুপারিশ করেছে। এ বিষয়ে পরবর্তী পদক্ষেপ গ্রহণের জন্য আজ স্বাস্থ্য মন্ত্রণালয় জরুরি বৈঠকে বসছে।,23.38,5.33,15.58
news-46205974,রাজধানী ঢাকার নয়া পল্টন এলাকায় বিএনপি কার্যালয়ের কাছে দলটির নেতাকর্মীদের সাথে পুলিশের ধাওয়া-পাল্টা ধাওয়ার ঘটনা ঘটেছে।,"পল্টনে বিএনপির মনোনয়নপত্র সংগ্রহকে কেন্দ্র করে দলটির নেতাকর্মী ও পুলিশের মধ্যে ব্যাপক সংঘর্ষ, ধাওয়া-পাল্টা ধাওয়া এবং পুলিশের গাড়িতে অগ্নিসংযোগের ঘটনা ঘটেছে। পুলিশ বিনা উস্কানিতে হামলার অভিযোগ তুললেও, বিএনপি এই সহিংসতাকে সরকারের পরিকল্পিত 'ফাঁদ' বলে দাবি করেছে। বর্তমানে পরিস্থিতি নিয়ন্ত্রণে পুলিশ এলাকাটি ঘিরে রেখেছে এবং বিএনপি নেতাকর্মীদের শান্তিপূর্ণভাবে নির্বাচনী কার্যক্রম চালিয়ে যাওয়ার আহ্বান জানানো হয়েছে।",22.22,5.71,16.67
news-53549847,বাংলাদেশে জুলাই মাসে কথিত 'বন্দুকযুদ্ধের' ঘটনা অনেক বেড়ে গেছে বলে মানবাধিকার সংস্থাগুলো বলছে। গত মার্চ মাস থেকে দেশটিতে করোনাভাইরাসের কারণে অনেক কিছু সীমিতভাবে চললেও কমেনি 'বন্দুকযুদ্ধের' ঘটনা।,"বাংলাদেশে আইনশৃঙ্খলা বাহিনীর সঙ্গে কথিত 'বন্দুকযুদ্ধে' নিহতের ঘটনা উদ্বেগজনক হারে বৃদ্ধি পেয়েছে, যেখানে চলতি বছরের জুলাই মাস পর্যন্ত অন্তত ১৭৯ জন প্রাণ হারিয়েছেন। মানবাধিকার সংস্থাগুলোর তথ্যমতে, বিচারিক প্রক্রিয়ায় সীমাবদ্ধতার সুযোগ নিয়ে এসব ঘটনা ঘটছে কি না, তা নিয়ে প্রশ্ন উঠেছে। নিহতদের অধিকাংশের বিরুদ্ধেই মাদক, ডাকাতি ও হত্যার মতো গুরুতর অপরাধের অভিযোগ রয়েছে বলে জানা গেছে।",21.95,0.00,12.20
140427_pg_bd_heat_dhaka_ac,গত বেশ কিছুদিন বাংলাদেশের রাজধানী ঢাকায় বাসিন্দাদের আলোচনার প্রধান বিষয় দু:সহ গরম।,চলতি মৌসুমে ঢাকায় গত ৫০ বছরের রেকর্ড ভেঙে তীব্র দাবদাহ চলায় শীতাতপ নিয়ন্ত্রণ যন্ত্রের (এসি) চাহিদা অস্বাভাবিক হারে বেড়েছে। বাজারে এসির তীব্র সংকট ও দাম বৃদ্ধির পাশাপাশি দক্ষ মিস্ত্রির অভাবে তা ইনস্টল করাও কঠিন হয়ে পড়েছে। এছাড়া এসির অতিরিক্ত ব্যবহারের ফলে বিদ্যুতের চাহিদা বেড়ে যাওয়ায় লোডশেডিংয়ের ভোগান্তিও চরমে পৌঁছেছে।,3.23,0.00,3.23
news-56880849,"বাংলাদেশে স্বাস্থ্য অধিদপ্তরের তথ্যে দেখা গেছে, গত সপ্তাহে যেখানে নমুনা পরীক্ষার বিচারে কোভিড-১৯ রোগী শনাক্তের হার ছিল ২৩ শতাংশ, কয়েকদিনের ব্যবধানে সেটি এখন ১৩ শতাংশে নেমে এসেছে।",দেশে চলমান লকডাউনের ফলে করোনাভাইরাস সংক্রমণ ও মৃত্যুর হার কিছুটা কমেছে বলে বিশেষজ্ঞরা মনে করছেন। তবে জীবন-জীবিকার প্রয়োজনে সরকার দোকানপাট ও শপিংমল খুলে দেওয়ায় সংক্রমণের ঝুঁকি নতুন করে বাড়ার আশঙ্কা দেখা দিয়েছে। জনসমাগম নিয়ন্ত্রণের মাধ্যমেই কেবল ভাইরাসের বিস্তার রোধ করা সম্ভব বলে স্বাস্থ্য বিশেষজ্ঞরা সতর্ক করেছেন।,8.00,0.00,2.67
news-42949518,ভারতে মুঘল আমলে নির্মিত আইকনিক স্থাপত্য তাজমহলের প্রাঙ্গণে সে রাজ্যের সরকার 'রামলীলা' অনুষ্ঠান আয়োজনের সিদ্ধান্ত নেওয়ার পর তা নিয়ে বিতর্ক চরমে উঠেছে।,"উত্তরপ্রদেশ সরকার আগ্রার ঐতিহ্যবাহী 'তাজ মহোৎসব'-এর উদ্বোধনী আয়োজনে মুঘল সংস্কৃতির পরিবর্তে রামলীলা ও রাম-বন্দনাকে মূল থিম হিসেবে বেছে নিয়েছে। সরকারের এই সিদ্ধান্তের ফলে রাজনৈতিক মহলে বিতর্ক তৈরি হয়েছে, যেখানে বিজেপি একে স্বাভাবিক প্রক্রিয়া হিসেবে দেখলেও বিরোধীরা একে ঐতিহ্যের বিকৃতি বলে সমালোচনা করছে। ঐতিহাসিকদের মতে, তাজমহলের নিজস্ব সাংস্কৃতিক গুরুত্ব অপরিসীম এবং এই ধরনের পরিবর্তন তার মূল পরিচয়কে মুছে ফেলতে পারবে না।",11.90,0.00,7.14
news-56080104,বাংলাদেশের সেনাপ্রধান ও তার ভাইদের নানা কর্মকাণ্ড ও দুর্নীতির অভিযোগ নিয়ে কাতার-ভিত্তিক টেলিভিশন চ্যানেল আল জাজিরার করা একটি অনুসন্ধানী প্রতিবেদন 'অসৎ উদ্দেশ্য' নিয়ে করা হয়েছে বলে দাবি করছেন জেনারেল আজিজ আহমেদ।,"আল-জাজিরার প্রতিবেদনে নিজের ও পরিবারের বিরুদ্ধে আনা অভিযোগকে অসৎ উদ্দেশ্যপ্রণোদিত বলে মন্তব্য করেছেন সেনাবাহিনী প্রধান জেনারেল আজিজ আহমেদ। তিনি দাবি করেন, তার ভাইদের বিরুদ্ধে কোনো মামলা বা সাজা না থাকা সত্ত্বেও তাদের নিয়ে বিভ্রান্তি ছড়ানো হচ্ছে এবং এর মাধ্যমে মূলত প্রধানমন্ত্রীকে হেয় করার চেষ্টা করা হয়েছে। ব্যক্তিগত সফরে কোনো প্রোটোকল ব্যবহার না করার সুযোগ নিয়ে কেউ অপপ্রচার চালাচ্ছে বলেও তিনি উল্লেখ করেন।",25.26,8.60,14.74
news-54239981,বাংলাদেশে শীতের সময় করোনাভাইরাস সংক্রমণের প্রকোপ আরও বাড়তে পারে বা দ্বিতীয় ঢেউ আসতে পারে- এমন আশংকা থেকে সরকার ভাইরাসটি প্রতিরোধ এবং চিকিৎসার ব্যাপারে একটি রোডম্যাপ তৈরি করেছে।,"শীতকালে কোভিড-১৯ সংক্রমণ বৃদ্ধির আশঙ্কায় স্বাস্থ্য মন্ত্রণালয় ঠাণ্ডাজনিত রোগ ও করোনা চিকিৎসার জন্য পৃথক ও সুনির্দিষ্ট কর্মপরিকল্পনা গ্রহণ করেছে। এর অংশ হিসেবে প্রয়োজনীয় ঔষধ ও ভ্যাকসিনের মজুদ নিশ্চিত করার পাশাপাশি কোভিড ডেডিকেটেড হাসপাতালগুলোকে পুনরায় প্রস্তুত রাখা হচ্ছে। এছাড়া, স্বাস্থ্যবিধি মানাতে কঠোর আইন প্রয়োগের ওপর জোর দেওয়া হয়েছে।",5.33,0.00,5.33
news-49144997,টেলিভিশনে পাকিস্তানের শীর্ষস্থানীয় বিরোধী রাজনীতিবিদ আসিফ আলী জারদারির সাক্ষাৎকার নিচ্ছিলেন সুপরিচিত একজন সাংবাদিক হামিদ মীর। সাক্ষাৎকারটির সম্প্রচার শুরু হওয়ার কয়েক মিনিটের মধ্যেই এর সম্প্রচার বন্ধ হয়ে যায়।,"পাকিস্তানে বিরোধী নেতাদের সাক্ষাৎকার মাঝপথে বন্ধ করে দেওয়ার ঘটনা দেশটির সংবাদমাধ্যমের স্বাধীনতার ওপর কঠোর সেন্সরশিপের স্পষ্ট প্রমাণ বহন করছে। সরকার ও সেনাবাহিনী এসব অভিযোগ অস্বীকার করলেও, আন্তর্জাতিক বিভিন্ন সূচকে পাকিস্তানের নিম্ন অবস্থান এবং সাংবাদিকদের প্রতিবাদ পরিস্থিতিকে উদ্বেগজনক করে তুলেছে। সংবাদমাধ্যমের ওপর এই নিয়ন্ত্রণ দেশটির ভাবমূর্তি ক্ষুণ্ণ করার পাশাপাশি পশ্চিমা দেশগুলোর সাথে তাদের কূটনৈতিক সম্পর্ককেও ক্ষতিগ্রস্ত করছে।",9.64,0.00,7.23
news-56878093,বাংলাদেশে আগামীকাল সোমবার থেকে করোনাভাইরাসের টিকার প্রথম ডোজ দেয়া বন্ধ করে দিচ্ছে কর্তৃপক্ষ।,ভারতের টিকা রপ্তানিতে নিষেধাজ্ঞার ফলে সরবরাহ সংকটে পড়ে বাংলাদেশ সরকার ২৬ এপ্রিল থেকে কোভিড-১৯ টিকার প্রথম ডোজ প্রদান সাময়িকভাবে বন্ধ ঘোষণা করেছে। এখন পর্যন্ত প্রাপ্ত টিকার মজুদ দিয়ে দ্বিতীয় ডোজের চাহিদা পূরণ করা কঠিন হয়ে পড়ায় সরকার এই সিদ্ধান্ত নিয়েছে। বর্তমানে বিকল্প উৎস থেকে টিকা সংগ্রহের প্রচেষ্টা অব্যাহত রয়েছে।,15.87,6.56,15.87
news-51083336,গত ১৫ বছর ধরে কেটি মেইসনরুজ অপেক্ষা করছেন এমন এক সফরের জন্য যেটি তাকে পৃথিবী থেকে নিয়ে যাবে ভিন্ন এক জগতে।,"ভার্জিন গ্যালাকটিকের মতো বেসরকারি কোম্পানিগুলো পর্যটকদের মহাকাশে পাঠানোর প্রস্তুতি নিচ্ছে, যার অংশ হিসেবে কেটি মেইসনরুজসহ ৬০০ জন যাত্রী ইতোমধ্যেই টিকিট সংগ্রহ করেছেন। মহাকাশ পর্যটন শিল্পটি ভবিষ্যতে কয়েক বিলিয়ন ডলারের ব্যবসায় পরিণত হওয়ার সম্ভাবনা রয়েছে বলে বিশেষজ্ঞরা মনে করছেন। ভার্জিন গ্যালাকটিকের পাশাপাশি ব্লু অরিজিন ও স্পেস এক্সের মতো কোম্পানিগুলোও মহাকাশ ভ্রমণের প্রতিযোগিতায় যুক্ত হয়েছে।",5.41,0.00,5.41
news-46679946,ইতালিতে অভিবাসীদের এক কেন্দ্রে একটি দু'বছরের শিশুর খৎনা করানোর সময় অতিরিক্ত রক্তক্ষরণ শুরু হবার ফলে ছেলেটি মারা গেছে।,ইতালির রোমে অবৈধভাবে খৎনা করানোর সময় অতিরিক্ত রক্তক্ষরণে এক নাইজেরিয়ান শিশুর মৃত্যু হয়েছে এবং তার ভাইকে হাসপাতালে ভর্তি করা হয়েছে। এ ঘটনায় জড়িত লিবীয় বংশোদ্ভূত এক আমেরিকান ব্যক্তিকে গ্রেফতার করে হত্যা মামলা দায়ের করা হয়েছে। ইতালির সরকারি স্বাস্থ্যসেবায় খৎনার ব্যবস্থা না থাকায় এবং বেসরকারি ক্লিনিকে উচ্চ খরচের কারণে অনেক অভিবাসী পরিবার ঝুঁকিপূর্ণ ও অবৈধ উপায়ে এই প্রক্রিয়া সম্পন্ন করতে বাধ্য হচ্ছে।,12.50,2.56,7.50
news-47301727,পনের বছর বয়সে তথাকথিত ইসলামিক স্টেট বা আইএসে যোগ দেয়া শামীমা বেগম ব্রিটিশ নাগরিকত্ব হারাতে যাচ্ছেন।,"২০১৫ সালে সিরিয়ায় পাড়ি জমানো ব্রিটিশ-বাংলাদেশী শামীমা বেগম বর্তমানে শরণার্থী ক্যাম্পে অবস্থান করছেন এবং তিনি তার সন্তানকে নিয়ে যুক্তরাজ্যে ফিরতে আগ্রহী। তবে ব্রিটিশ স্বরাষ্ট্র মন্ত্রণালয় শামীমার নাগরিকত্ব বাতিলের প্রক্রিয়া শুরু করেছে, কারণ আইন অনুযায়ী অন্য দেশের নাগরিকত্ব পাওয়ার যোগ্যতা থাকলে রাষ্ট্রহীন হওয়ার ঝুঁকি ছাড়াই তার নাগরিকত্ব বাতিল করা সম্ভব। এই সিদ্ধান্তের বিরুদ্ধে শামীমার আইনজীবী আইনি লড়াইয়ের প্রস্তুতি নিচ্ছেন, যদিও শামীমা দাবি করেছেন যে তার কখনোই বাংলাদেশী পাসপোর্ট ছিল না।",9.30,2.38,9.30
news-49709690,প্রিয়াঙ্কা তরফদার বৃষ্টি বছর তিনেক আগে শ্রীমঙ্গলে তার গ্রামের বাড়ি থেকে ছুটি কাটিয়ে ঢাকায় ফিরছিলেন।,"গত পাঁচ বছরে বাংলাদেশে ট্রেনে পাথর নিক্ষেপের ঘটনায় দুই হাজারের বেশি জানালা-দরজা ভাঙার ঘটনা ঘটেছে, যা যাত্রীদের জীবনের জন্য বড় ধরনের ঝুঁকি তৈরি করেছে। চলন্ত ট্রেনে পাথর নিক্ষেপের ফলে অনেক যাত্রী গুরুতর আহত হয়েছেন এবং অনেকে মৃত্যুর মুখ থেকে ফিরে এসেছেন। এ ধরনের অনাকাঙ্ক্ষিত ও বিপজ্জনক পরিস্থিতি নিয়ন্ত্রণে রেলওয়ে কর্তৃপক্ষ বিভিন্ন পদক্ষেপ গ্রহণ করলেও সমস্যাটি এখনো পুরোপুরি নির্মূল করা সম্ভব হয়নি।",2.60,0.00,2.60
news-56546869,গত দু বছরের মধ্যে চতুর্থবারের মতো একই সমস্যা হচ্ছে ইসরায়েলে- নির্বাচনের পর সংখ্যাগরিষ্ঠতা পেয়েও ক্ষমতায় থাকার জন্য প্রয়োজনীয় আসনের জন্য হাহাকার করতে হচ্ছে প্রধানমন্ত্রী বেনিয়ামিন নেতানিয়াহুকে।,ইসরায়েলের সাম্প্রতিক নির্বাচনে কোনো পক্ষই নিরঙ্কুশ সংখ্যাগরিষ্ঠতা না পাওয়ায় মানসুর আব্বাসের নেতৃত্বাধীন ইসলামপন্থী দল 'রাম' সরকার গঠনের ক্ষেত্রে 'কিংমেকার' হিসেবে আবির্ভূত হয়েছে। জোট থেকে বেরিয়ে এককভাবে নির্বাচন করে পাঁচটি আসন জেতায় দলটি এখন নেতানিয়াহুর ক্ষমতা টিকে থাকা বা পতনের মূল চাবিকাঠি হয়ে দাঁড়িয়েছে। রক্ষণশীল ধারার এই দলটি ইসরায়েলি রাজনীতিতে আরব সম্প্রদায়ের প্রভাব ও দরকষাকষির নতুন সমীকরণ তৈরি করেছে।,2.38,0.00,2.38
news-56728594,বাংলাদেশের মন্ত্রিপরিষদ বিভাগ সাত দিনের লকডাউনের যে বিধি-নিষেধ দিয়েছে বুধবার থেকে তার মধ্যে সব ধরণের আর্থিক প্রতিষ্ঠান বন্ধ রাখার নির্দেশ দেয়া হয়েছে।,সরকার ঘোষিত বিধিনিষেধের সময় জরুরি প্রয়োজনে এটিএম ও অনলাইন ব্যাংকিং সেবা চালু রাখার নির্দেশ দিয়েছে বাংলাদেশ ব্যাংক। এ সময় বন্দর ও কাস্টমস এলাকার নির্দিষ্ট কিছু শাখা ছাড়া সব ব্যাংকিং কার্যক্রম বন্ধ থাকবে। তবে ব্যাংকগুলোকে এটিএম বুথে পর্যাপ্ত নগদ অর্থ সরবরাহ নিশ্চিত করতে বলা হয়েছে।,11.94,3.08,5.97
news-52668365,বাংলাদেশে করোনাভাইরাস মহামারির মধ্যে লকডাউনের কারণে ক্ষতিগ্রস্ত ৫০ লাখ দরিদ্র পরিবারকে ঈদ উপলক্ষে আড়াই হাজার টাকা করে নগদ সহায়তা দেয়া শুরু করা হয়েছে।,"দেশে পাঁচ কোটিরও বেশি মানুষের খাদ্য সহায়তা প্রয়োজন হলেও সরকারি ত্রাণ বিতরণে অনিয়ম ও সমন্বয়হীনতার অভিযোগ উঠেছে। সরকার মোবাইল ব্যাংকিংয়ের মাধ্যমে নগদ অর্থ ও খাদ্য সহায়তা প্রদান কার্যক্রম পরিচালনা করলেও, অনেক দুস্থ মানুষ এখনো সেই সহায়তার আওতার বাইরে রয়ে গেছেন। প্রশাসনের তদারকি সত্ত্বেও ত্রাণ বিতরণের তালিকা প্রণয়ন ও বণ্টনে স্বচ্ছতার অভাব থাকায় সাধারণ মানুষ চরম সংকটের সম্মুখীন হচ্ছেন।",2.47,0.00,2.47
news-45932627,জামাল খাসোগজির হত্যকাণ্ড সম্পর্কে আরেকটি নতুন ভাষ্য হাজির করেছে সৌদি আরব।,"জামাল খাসোগজির মৃত্যু নিয়ে সৌদি আরব বারবার তাদের আগের বক্তব্য পরিবর্তন করে নতুন নতুন ভাষ্য দিচ্ছে। সর্বশেষ তথ্যানুযায়ী, সৌদি কর্মকর্তারা তাকে অপহরণের চেষ্টা করলে ধস্তাধস্তির এক পর্যায়ে তিনি শ্বাসরুদ্ধ হয়ে মারা যান। ঘটনার সত্যতা নিয়ে সৌদি আরবের এমন অসংলগ্ন ও পরিবর্তনশীল ব্যাখ্যা আন্তর্জাতিক মহলে ব্যাপক সন্দেহের সৃষ্টি করেছে।",23.73,10.53,16.95
news-46002945,ভারতের দিল্লি বিশ্ববিদ্যালয় তাদের পাঠ্যক্রম থেকে কয়েকটি বই বাদ দিতে চলেছে।,"দিল্লি বিশ্ববিদ্যালয় তাদের রাষ্ট্রবিজ্ঞানের এমএ পাঠ্যক্রম থেকে দলিত চিন্তাবিদ কাঞ্ছা ইলাইয়া ও ক্রিস্টোফার জেফারলেটের লেখা চারটি বিতর্কিত বই বাদ দেওয়ার প্রক্রিয়া শুরু করেছে। বিশ্ববিদ্যালয় কর্তৃপক্ষের দাবি, বইগুলোতে গবেষণালব্ধ তথ্যের অভাব রয়েছে এবং এগুলো শিক্ষার্থীদের মধ্যে বিভেদ সৃষ্টি করতে পারে। মূলত 'হিন্দুত্ব-বিরোধী' হিসেবে চিহ্নিত এই বইগুলো আগামী শিক্ষাবর্ষ থেকে পাঠ্যতালিকা থেকে সরিয়ে ফেলার পরিকল্পনা নেওয়া হয়েছে।",20.90,12.31,20.90
news-42139703,"ভারতে বহুল আলোচিত আখিলা হাদিয়া-র তথাকথিত 'লাভ জিহাদ' মামলায় দেশের সুপ্রিম কোর্ট সোমবার তার বাবা-মা বা স্বামী, কারও কাছেই তাকে থাকার অনুমতি না-দিয়ে আপাতত তার মেডিক্যাল কলেজের হাতেই তার অভিভাবকত্ব তুলে দিয়েছে।",কেরালার আখিলা হাদিয়া স্বেচ্ছায় ইসলাম ধর্ম গ্রহণ ও বিবাহ করার কথা পুনর্ব্যক্ত করে সুপ্রিম কোর্টে নিজের স্বাধীনতা ও স্বামীর অভিভাবকত্বে পড়াশোনা চালিয়ে যাওয়ার আবেদন জানিয়েছেন। আদালত তার আবেদন আংশিক মঞ্জুর করে আগামী ১১ মাস ইন্টার্নশিপ শেষ করার জন্য তাকে তামিলনাড়ুর একটি কলেজে পাঠানোর নির্দেশ দিয়েছে। এই সময়ে কলেজের ডিন তার অভিভাবক হিসেবে দায়িত্ব পালন করবেন এবং মামলাটির পরবর্তী শুনানি আগামী জানুয়ারি মাসে অনুষ্ঠিত হবে।,16.16,2.06,14.14
news-48499557,উত্তর কোরিয়ান একজন কর্মকর্তা - যাকে শ্রম শিবিরে পাঠিয়ে দেয়া হয়েছে বলে খবর বেরিয়েছিল - তিনি সেদেশের নেতা কিম জং আনের সাথে একটি অনুষ্ঠানে যোগ দিয়েছেন বলে রাষ্ট্রীয় সংবাদ মাধ্যমে বলা হয়েছে।,"উত্তর কোরিয়ার শীর্ষ কর্মকর্তা কিম ইয়ং-চোলকে শ্রম শিবিরে পাঠানো হয়েছে বলে খবর বের হলেও, তাকে কিম জং-আনের সাথে একটি সঙ্গীতানুষ্ঠানে দেখা গেছে। কিম ইয়ং-চোলের নিখোঁজ বা শাস্তির খবরটি নির্ভরযোগ্য নয় বলে বিশেষজ্ঞরা মনে করছেন, কারণ অতীতেও এমন অনেক কর্মকর্তার ক্ষেত্রে ভুল তথ্য ছড়ানোর নজির রয়েছে। উত্তর কোরিয়ার অভ্যন্তরীণ রাজনৈতিক পরিস্থিতির এসব খবর প্রায়শই অস্পষ্ট ও অনিশ্চিত থাকে।",28.89,15.91,28.89
news-48081272,"আপনার বয়স যদি ২০ বছর বা তার আশেপাশে হয়, তাহলে ধরে নিন যে আপনার মগজ এখন নতুন সব ধারণার হটস্পটে পরিণত হয়েছে। যারা ওই বয়স ফেলে এসেছেন, তারাও যদি পেছনে ফিরে তাকান তাহলে পার্থক্য ধরতে পারবেন।","ওহাইও স্টেট ইউনিভার্সিটির গবেষণায় দেখা গেছে, মানুষের মস্তিষ্কের সৃজনশীলতার প্রথম শিখরটি সাধারণত ২০ থেকে ২৬ বছর বয়সের মধ্যে তৈরি হয়। তবে এই বয়সে উদ্ভাবনী সাফল্য না পেলেও হতাশ হওয়ার কিছু নেই, কারণ অনেকের ক্ষেত্রে পঞ্চাশের কোঠায় গিয়েও সৃজনশীলতার দ্বিতীয় পর্যায় আসতে পারে। অর্থাৎ, উদ্ভাবনী চিন্তার কোনো নির্দিষ্ট বয়সসীমা নেই এবং জীবনের বিভিন্ন পর্যায়ে নতুন ধারণার জন্ম হতে পারে।",10.64,0.00,10.64
news-40377323,"ব্রিটেনের প্রধানমন্ত্রী বলেছেন ব্রেক্সিটের পরও একজন বৈধ অভিবাসী,যিনি ইইউ নাগরিক তিনি একজন ব্রিটিশ নাগরিকের সমান সব ধরনের অধিকার পাবেন।","ব্রেক্সিট পরবর্তী পরিস্থিতিতে যুক্তরাজ্যে বসবাসরত ইউরোপীয় নাগরিকদের অধিকার ও নিরাপত্তা নিশ্চিত করার প্রতিশ্রুতি দিয়েছেন ব্রিটিশ প্রধানমন্ত্রী টেরিজা মে। তিনি স্পষ্ট করেছেন যে, যুক্তরাজ্য কোনো ইইউ নাগরিককে ফেরত পাঠাতে চায় না এবং আশা করে ইউরোপীয় দেশগুলোও সেখানে থাকা ব্রিটিশ নাগরিকদের প্রতি একই আচরণ করবে। তবে এই প্রস্তাবকে একটি ভালো সূচনা হিসেবে অভিহিত করলেও, ইউরোপীয় নেতারা ব্রেক্সিট সংক্রান্ত অন্যান্য জটিল বিষয়গুলো সমাধানের ওপর গুরুত্বারোপ করেছেন।",12.05,0.00,7.23
news-48151325,"বাংলাদেশে আবহাওয়া বিভাগের সিনিয়র আবহাওয়াবিদ বজলুর রশীদ বিবিসিকে বলেন, ভারতের পশ্চিমবঙ্গ হয়ে ঘূর্ণিঝড় ফণী যখন বাংলাদেশের দক্ষিণ- পশ্চিমাঞ্চলে ঢুকবে, তখন এর গতি হবে ঘণ্টায় ৯০ থেকে ১১০ কিলোমিটার।",ঘূর্ণিঝড় 'ফণী' শক্তি হারিয়ে সাধারণ মাত্রার ঝড়ে পরিণত হয়ে বাংলাদেশের দক্ষিণ-পশ্চিমাঞ্চলে প্রবেশ করছে। এর প্রভাবে উপকূলীয় অঞ্চলে বৃষ্টিপাত ও দমকা হাওয়ার সম্ভাবনা থাকলেও বড় ধরনের কোনো বিপদের আশঙ্কা নেই। আবহাওয়া অধিদপ্তর সতর্কতামূলক ব্যবস্থা হিসেবে ৭ নম্বর সংকেত বহাল রেখেছে এবং পরিস্থিতি দ্রুত স্বাভাবিক হওয়ার আশা করছে।,13.33,5.48,13.33
news-55754177,বাংলাদেশে সম্প্রতি এক বৃদ্ধা নারীকে তার গৃহপরিচারিকার বেধড়ক পেটানো এবং এরপর লুটপাটের ঘটনা গভীর উদ্বেগের জন্ম দিয়েছে।,"বাংলাদেশে প্রবীণ জনগোষ্ঠীর সংখ্যা বাড়লেও তাদের সেবার জন্য প্রয়োজনীয় অবকাঠামো ও প্রশিক্ষিত জনবলের তীব্র সংকট রয়েছে। পরিবারের সদস্যরা কর্মব্যস্ততার কারণে গৃহকর্মীদের ওপর নির্ভরশীল হয়ে পড়ছেন, যা প্রবীণদের নিরাপত্তা ও সুরক্ষাকে চরম ঝুঁকির মুখে ফেলছে। এই সংকট নিরসনে প্রবীণদের জন্য পর্যাপ্ত সরকারি-বেসরকারি সেবা ও নিরাপদ ব্যবস্থার উন্নয়ন এখন সময়ের দাবি।",2.99,0.00,2.99
news-48742054,"বাংলাদেশ ক্রিকেটের সেরা ক্রিকেটার সাকিব আল হাসান, অন্তত পরিসংখ্যান তাই বলে।","অস্ট্রেলিয়ার সাবেক ক্রিকেটার মাইক হাসি সাকিব আল হাসানকে বর্তমান বিশ্বের অন্যতম সেরা অলরাউন্ডার হিসেবে স্বীকৃতি দিয়েছেন। বিশ্বকাপে দুর্দান্ত পারফরম্যান্সের মাধ্যমে সাকিব নিজেকে সর্বকালের সেরা অলরাউন্ডারদের কাতারে প্রতিষ্ঠিত করেছেন। ভারতের সাবেক ক্রিকেটার মুরলি কার্তিকসহ ক্রিকেট বিশ্লেষকরা মনে করেন, তিন ফরম্যাটেই ধারাবাহিকতার কারণে ক্যারিয়ার শেষে সাকিব কিংবদন্তিদের তালিকায় স্থান পাবেন।",13.56,3.51,10.17
news-52220120,"করোনাভাইরাস দুর্যোগে বাংলাদেশে লকডাউনের মধ্যে কর্মহীন মানুষ এবং দরিদ্র জনগোষ্ঠীকে খাদ্য সহায়তা দেয়ার ক্ষেত্রে দুনীতি, অনিয়ম বা বিশৃঙ্খলা এখনও থামানো যায়নি।","করোনা মহামারিতে কর্মহীন ও দরিদ্র মানুষের জন্য বরাদ্দকৃত ১০ টাকা কেজি দরের চাল বিতরণে বিভিন্ন স্থানে ক্ষমতাসীন দলের নেতাদের বিরুদ্ধে দুর্নীতির অভিযোগ উঠেছে। ত্রাণ বিতরণের জন্য তালিকা তৈরির কাজ এখনো শেষ না হওয়ায় এবং অনিয়মের কারণে সাধারণ মানুষের মাঝে সহায়তার পৌঁছানো ব্যাহত হচ্ছে। তবে প্রশাসন জানিয়েছে, ত্রাণ বিতরণে সমন্বয় আনতে এবং দুর্নীতি রোধে তারা কঠোর ব্যবস্থা গ্রহণ করছে।",7.59,0.00,5.06
news-48290970,"গত মাসে ইন্দোনেশিয়ায় রাষ্ট্রপতি, জাতীয় ও আঞ্চলিক নির্বাচন অনুষ্ঠিত হয়। একদিনে এত বড় ভোট প্রক্রিয়া পৃথিবীতে খুব একটা দেখা যায় না।","ইন্দোনেশিয়ার গত ১৭ই এপ্রিলের নির্বাচনে ভোট গ্রহণ ও হাতে হাতে গণনা করার অতিরিক্ত চাপের কারণে ৫০০ জনেরও বেশি নির্বাচনী কর্মকর্তার মৃত্যু হয়েছে। ১৯ কোটি ভোটারের বিশাল এই কর্মযজ্ঞে প্রায় ৭৪ লাখ কর্মকর্তা নিয়োজিত ছিলেন, যাদের অনেকেই টানা কয়েকদিন জেগে কাজ করতে গিয়ে অসুস্থ হয়ে পড়েন। এই বিপুল সংখ্যক মৃত্যুর ঘটনাটি স্বাভাবিক নাকি অতিরিক্ত কাজের চাপের ফল, তা নিয়ে বর্তমানে দেশটিতে বড় ধরনের প্রশ্ন উঠেছে।",7.06,0.00,4.71
news-52345995,করোনাভাইরাস সংক্রমিতদের মধ্যে গুরুতর উপসর্গ দেখা দেয়া ঠেকাতে পারবে এমন কিছু ওষুধের পরীক্ষা শুরু করেছেন গবেষকরা।,"করোনাভাইরাসের চিকিৎসায় অক্সফোর্ড বিশ্ববিদ্যালয়ের গবেষকরা প্রচলিত বিভিন্ন ওষুধ ব্যবহারের কার্যকারিতা পরীক্ষা করছেন, যাতে রোগীদের দ্রুত সুস্থ করে হাসপাতালে ভর্তির হার কমানো যায়। পাশাপাশি, যুক্তরাষ্ট্রে রেমডেসিভির নামক একটি ওষুধের প্রাথমিক পরীক্ষায় আশাব্যঞ্জক সাফল্য পাওয়া গেছে, যা রোগীদের দ্রুত সুস্থ হতে সাহায্য করেছে। সহজপ্রাপ্য এসব ওষুধের কার্যকারিতা প্রমাণিত হলে তা দ্রুত চিকিৎসায় ব্যবহারের পরিকল্পনা করছেন বিজ্ঞানীরা।",8.57,0.00,2.86
news-49173643,"""তারা রাতে যেকোনো সময় ১০ থেকে ৪০ বারের মত জেগে উঠতো এবং আমি একেবারেই বাড়িয়ে বলছি না"" বলছিলেন জ্যাকি উলস্টেনহোম। তিনি তার যমজ বাচ্চাদের নিয়ে যখন নির্ঘুম রাত কাটাতেন তখনকার কথা মনে করে বলছিলেন।","শিশুদের দীর্ঘস্থায়ী ঘুমের সমস্যার কারণে অনেক অভিভাবক চরম মানসিক ও শারীরিক অবসাদে ভুগছেন, যা তাদের কর্মজীবনকেও মারাত্মকভাবে ব্যাহত করছে। সামাজিক লোকলজ্জার ভয়ে অনেক বাবা-মা এই সমস্যা নিয়ে মুখ খুলতে চান না, ফলে তারা প্রয়োজনীয় সহায়তা থেকে বঞ্চিত হচ্ছেন। এই সংকট মোকাবিলায় যুক্তরাজ্যের শেফিল্ডে শিশুদের ঘুমের সমস্যার সমাধানের জন্য বিশেষ ক্লিনিক ও পাইলট প্রকল্প চালু করা হয়েছে।",6.59,0.00,4.40
news-48488145,বাংলাদেশে একাদশ জাতীয় সংসদে সংরক্ষিত আসনে প্রধান বিরোধী দল জাতীয় পার্টির সংসদ সদস্য আছেন চারজন।,"জাতীয় পার্টির সংরক্ষিত আসনের এমপি মাসুদা এম রশীদ চৌধুরীকে দলীয় অঙ্গীকার ভঙ্গ ও চাঁদা না দেওয়ার অভিযোগে শোকজ করেছেন মহাসচিব মসিউর রহমান রাঙ্গা। তবে মাসুদা এম রশীদের পরিবারের দাবি, জি এম কাদেরের পক্ষে অবস্থান নেওয়ার কারণেই তাকে রাজনৈতিকভাবে হেয় করার চেষ্টা চলছে। এই শোকজকে কেন্দ্র করে দলটির অভ্যন্তরীণ দ্বন্দ্ব আবারও প্রকাশ্যে চলে এসেছে।",8.82,3.03,5.88
news-46175088,"গুরুতর অসুস্থ একজন নারী, যিনি নিজের শেষকৃত্য অনুষ্ঠানের জন্য প্রায় সাত হাজার পাউন্ড তহবিল সংগ্রহ করেছিলেন, তিনি মারা গেছেন।","ফুসফুসে টিউমারে আক্রান্ত ব্রিটিশ অভিনেত্রী শার্লি হেলার নিজের অন্ত্যেষ্টিক্রিয়ার খরচ জোগাতে তহবিল সংগ্রহ শুরু করেছিলেন, যাতে তার বাবা-মাকে সন্তানের শেষকৃত্যের ভার বহন করতে না হয়। নেটফ্লিক্সে মুক্তি পাওয়া নিজের অভিনীত চলচ্চিত্র 'আউটল কিং' দেখে যাওয়ার ইচ্ছা থাকলেও, মুক্তির দুই দিন আগেই তিনি ঘুমের মধ্যে মৃত্যুবরণ করেন। তার শেষ দিনগুলোকে সুন্দর করে তোলার জন্য তিনি সকল শুভানুধ্যায়ী ও অনুদানকারীদের প্রতি কৃতজ্ঞতা প্রকাশ করে গেছেন।",16.87,2.47,14.46
news-56602385,"ভারতের বারাণসীতে জ্ঞানবাপী মসজিদ কমপ্লেক্সের ভেতর কোনও মন্দিরের অস্তিত্ব ছিল কি না, শহরের একটি দেওয়ানি আদালত তা খতিয়ে দেখার নির্দেশ দেওয়ার পর সেই রায় নিয়ে তীব্র বিতর্ক শুরু হয়েছে।","বারাণসীর জ্ঞানবাপী মসজিদটি কোনো মন্দির ভেঙে তৈরি কি না, তা খতিয়ে দেখার জন্য ভারতীয় প্রত্নতত্ত্ব বিভাগকে সমীক্ষার নির্দেশ দিয়েছেন আদালত। এই রায়কে অসাংবিধানিক বলে মুসলিম নেতারা ক্ষোভ প্রকাশ করেছেন এবং অনেকে আশঙ্কা করছেন যে, এটি অযোধ্যার মতো নতুন করে সাম্প্রদায়িক বিবাদ উসকে দিতে পারে। কয়েকশো বছর ধরে পাশাপাশি থাকা এই দুই উপাসনালয়ের জমি নিয়ে হিন্দু আইনজীবীর করা পিটিশনের ভিত্তিতেই আদালত এই বিতর্কিত নির্দেশটি প্রদান করেছে।",14.89,2.17,12.77
news-55427149,"বাংলাদেশে করোনাভাইরাসের কারণে নয় মাসেরও বেশি সময় ধরে বন্ধ রয়েছে সব ধরণের শিক্ষা প্রতিষ্ঠান। মনোবিজ্ঞানীরা বলছেন, দীর্ঘ সময় স্কুলের বাইরে থাকার কারণে অনেক শিশুর মধ্যেই আচরণগত পরিবর্তন আসতে পারে।",করোনা মহামারির কারণে দীর্ঘ সময় ধরে শিক্ষাপ্রতিষ্ঠান বন্ধ থাকায় শিক্ষার্থীরা নিয়মিত পড়াশোনা ও স্বাভাবিক জীবনযাত্রা থেকে বিচ্ছিন্ন হয়ে পড়ছে। অনলাইন ক্লাসের সুযোগ থাকলেও এর ফলে শিশুদের মধ্যে মোবাইল ও ইন্টারনেটের প্রতি আসক্তি এবং আচরণগত নেতিবাচক পরিবর্তনের আশঙ্কা দেখা দিয়েছে। দীর্ঘমেয়াদী এই বন্দিদশা শিশুদের মানসিক বিকাশ ও পড়াশোনায় মনোযোগের ক্ষেত্রে বড় ধরনের প্রতিবন্ধকতা সৃষ্টি করছে বলে বিশেষজ্ঞরা মনে করছেন।,11.49,0.00,9.20
news-50441857,ক্যান্সারের রোগীরা ভেষজ পিল গ্রহণ করেন তাহলে বিষয়টি তাদের চিকিৎসককে জানানো প্রয়োজন।,"ক্যান্সার চিকিৎসাধীন রোগীদের রসুন, আদা, জিনসেং বা হলুদের মতো ভেষজ উপাদান গ্রহণ থেকে সতর্ক থাকার পরামর্শ দিয়েছেন বিশেষজ্ঞরা, কারণ এগুলো কেমোথেরাপি ও হরমোন থেরাপির কার্যকারিতায় বাধা সৃষ্টি করতে পারে। বিশেষ করে স্তন ক্যান্সার রোগীদের ক্ষেত্রে এসব উপাদান চামড়ার ক্ষত শুকাতে বিলম্ব ঘটায় এবং রক্ত জমাট বাঁধায় সমস্যা তৈরি করে। তাই ক্যান্সার চিকিৎসায় যেকোনো বিকল্প থেরাপি বা ভেষজ গ্রহণের আগে অবশ্যই চিকিৎসকের পরামর্শ নেওয়া জরুরি।",5.26,0.00,5.26
news-55075456,পেঁয়াজের বীজ চাষ করে আত্মনির্ভরশীল তো বটেই বরং অনন্য উদাহরণ স্থাপন করেছেন বাংলাদেশের ফরিদপুর জেলার সাহিদা বেগম।,"১৮ বছর ধরে পেঁয়াজের বীজ চাষ করে সফল উদ্যোক্তা হয়েছেন সাহিদা বেগম, যিনি চলতি মৌসুমে ২০০ মণ বীজ বিক্রি করে ব্যাপক সাফল্য পেয়েছেন। বর্তমানে তিনি আগামী মৌসুমের জন্য জমিতে পেঁয়াজের বাল্ব লাগানোর কাজে ব্যস্ত সময় পার করছেন। প্রতিকূল আবহাওয়ার কারণে কিছু জমিতে কাজ কিছুটা ধীরগতিতে চললেও, এপ্রিল-মে মাসে ভালো ফলনের আশা করছেন তিনি।",16.90,11.59,16.90
news-55806686,"যুক্তরাজ্য থেকে আসা যে যাত্রীদের শরীরে করোনাভাইরাসের নতুন ধরন রয়েছেন কিনা, সেটি পরীক্ষা করে দেখবেন বিশেষজ্ঞরা।","যুক্তরাজ্য থেকে সিলেটে আসা যাত্রীদের মধ্যে ২৮ জনের করোনা শনাক্ত হওয়ায় তাদের নমুনা পরীক্ষার জন্য আইইডিসিআর-এর একটি বিশেষজ্ঞ দল সিলেটে পৌঁছেছে। যুক্তরাজ্যে শনাক্ত হওয়া করোনাভাইরাসের নতুন ধরনটি এই যাত্রীদের মধ্যে রয়েছে কি না, তা নিশ্চিত করতেই এই বিশেষ উদ্যোগ নেওয়া হয়েছে। বর্তমানে আক্রান্তদের সরকারি তত্ত্বাবধানে কোয়ারেন্টিনে রেখে চিকিৎসা দেওয়া হচ্ছে।",17.91,6.15,17.91
news-56766795,করোনাভাইরাস মহামারির ২য় ঢেউয়ে বাংলাদেশে অনেকের জন্যই হাসপাতালে ভর্তি এবং সুচিকিৎসা পেতে এক প্রকার হাহাকার পরিস্থিতি সৃষ্টি হয়েছে বলে জানাচ্ছেন রোগীর স্বজনরা।,"বাংলাদেশে করোনা সংক্রমণের দ্বিতীয় ঢেউয়ে আক্রান্ত ও মৃত্যুর হার বাড়ায় আইসিইউ বেডের তীব্র সংকট দেখা দিয়েছে। সরকারি তথ্যে কিছু বেড খালি থাকার কথা বলা হলেও, বাস্তবে সাধারণ মানুষের জন্য আইসিইউ পাওয়া অত্যন্ত কঠিন ও কষ্টসাধ্য হয়ে পড়েছে। রোগীর অত্যধিক চাপের কারণে স্বাস্থ্যকর্মীরাও সেবা প্রদানে হিমশিম খাচ্ছেন এবং ভুক্তভোগী পরিবারগুলো চরম ভোগান্তির শিকার হচ্ছে।",8.00,0.00,5.33
news-50280907,উনিশশো একাশি সালে সিঙ্গাপুরের একজন ক্যাথলিক সন্ন্যাসিনী মৃত্যুদণ্ড পাওয়া এক নারী কয়েদির সাথে চিঠি বিনিময় শুরু করেন। এই পত্রালাপ চলতে থাকে পরবর্তী সাত বছর ধরে।,সিঙ্গাপুরের নৃশংস শিশু হত্যা মামলায় মৃত্যুদণ্ডপ্রাপ্ত টান মুই চু’র পাশে দাঁড়িয়েছিলেন তার প্রাক্তন শিক্ষিকা ও সন্ন্যাসিনী সিস্টার জেরার্ড ফার্নান্দেজ। দীর্ঘ সময় ধরে কারাগারে টান মুই চু’র সাথে আধ্যাত্মিক সম্পর্ক গড়ে তুলে তাকে মানসিকভাবে শান্ত ও মুক্ত করতে সাহায্য করেছিলেন সিস্টার জেরার্ড। অপরাধীর জীবনের চেয়ে তার মর্যাদাপূর্ণ মৃত্যু ও অনুশোচনাকে বড় করে দেখে সিস্টার জেরার্ড মৃত্যুদণ্ড কার্যকর হওয়ার দিন পর্যন্ত তার পাশে ছিলেন।,11.24,0.00,6.74
news-54898675,"বাংলাদেশের মানসিক চিকিৎসকরা বলছেন, যদিও আগের তুলনায় অনেক পরিবর্তন হয়েছে, কিন্তু এখনো দেশের মানুষজনের মানসিক স্বাস্থ্য বিশেষজ্ঞদের কাছে যাওয়ার ক্ষেত্রে অনীহা রয়েছে।",মানসিক সমস্যা শারীরিক সমস্যার মতোই সঠিক চিকিৎসা ও কাউন্সেলিংয়ের মাধ্যমে পুরোপুরি নিরাময়যোগ্য। তবে সামাজিক কুসংস্কার ও সচেতনতার অভাবে অনেকেই সময়মতো বিশেষজ্ঞের পরামর্শ নিতে দ্বিধা করেন। দৈনন্দিন জীবন ও সম্পর্কের ওপর নেতিবাচক প্রভাব ফেলে এমন আচরণগত পরিবর্তন দেখা দিলে দ্রুত মনোরোগ বিশেষজ্ঞের শরণাপন্ন হওয়া প্রয়োজন।,6.06,0.00,6.06
news-41902828,"বাংলাদেশে পুলিশের অপরাধ তদন্ত বিভাগ বা সিআইডি বলছে, তারা এমন একটি জালিয়াত চক্রের সন্ধান পেয়েছে যারা নাগরিকদের জাতীয় পরিচয়পত্রের তথ্য চুরি করে সেগুলোর মাধ্যমে মোবাইল ফোন সিম বিক্রি করছে।","১. অন্যের জাতীয় পরিচয়পত্র ও তথ্য জালিয়াতি করে টেলিটকের ১২০০টি সিম অবৈধভাবে বিক্রির ঘটনায় সিআইডি একটি চক্রকে শনাক্ত করেছে। ২. মোবাইল কোম্পানির অভ্যন্তরীণ সিস্টেমের দুর্বলতার সুযোগ নিয়ে এই জালিয়াতি করা হয়েছে বলে ধারণা করা হচ্ছে, যা গ্রাহকদের ব্যক্তিগত তথ্যের নিরাপত্তাকে ঝুঁকিতে ফেলেছে। ৩. অপরাধমূলক কর্মকাণ্ডে ব্যবহারের উদ্দেশ্যে সংগৃহীত এই সিমগুলো নিয়ে জনমনে নতুন করে উদ্বেগ তৈরি হয়েছে এবং এ বিষয়ে তদন্ত অব্যাহত রয়েছে।",15.22,0.00,6.52
news-51629780,"আদ্দিস আবাবার উঁচু অফিস ভবনে যে ডেস্কে বসে মারকোস লেমা কাজ করেন, সেখান থেকে পুরো নগরীর একটা চমৎকার দৃশ্য দেখা যায়।","বিভিন্ন দেশে সরকার নানা অজুহাতে ইচ্ছাকৃতভাবে ইন্টারনেট সংযোগ বিচ্ছিন্ন করছে, যা বিশ্বজুড়ে লাখ লাখ মানুষের দৈনন্দিন জীবন ও ব্যবসা-বাণিজ্যে মারাত্মক নেতিবাচক প্রভাব ফেলছে। ইন্টারনেট বন্ধ থাকায় উদ্যোক্তারা সময়মতো কাজ সম্পন্ন করতে না পেরে অর্থনৈতিক ক্ষতির সম্মুখীন হচ্ছেন এবং ডিজিটাল সেবাভিত্তিক পেশাজীবীরা কর্মহীন হয়ে পড়ছেন। এই ডিজিটাল ব্ল্যাকআউট কেবল অর্থনৈতিক সংকটই তৈরি করছে না, বরং তা সাধারণ মানুষের স্বাভাবিক জীবনযাত্রাকেও স্থবির করে দিচ্ছে।",2.38,0.00,2.38
news-51381825,"হাজার হাজার মানুষকে আক্রান্ত করেছে এটি, বন্ধ হয়েছে সীমান্ত আর এর কারণেই চীনের একাংশ হয়ে পড়েছে অচল। কিন্তু যে ভাইরাসটির কারণে এ ধরণের মহামারির মতো পরিস্থিতি তৈরি হয়েছে সেটির এখনো কোন যথাযথ নাম নেই।","উহানে উদ্ভূত নতুন করোনাভাইরাসটির একটি আনুষ্ঠানিক ও সহজবোধ্য নাম নির্ধারণের জন্য বিজ্ঞানীরা কাজ করছেন। বর্তমানে ভাইরাসটিকে সাময়িকভাবে '২০১৯-এনকভ' বা 'নোভেল করোনাভাইরাস' বলা হলেও, এটি বিভ্রান্তি ও ভুল নামকরণের ঝুঁকি তৈরি করছে। তাই জনস্বাস্থ্য ও সঠিক পরিচিতির স্বার্থে বিশ্ব স্বাস্থ্য সংস্থা খুব শীঘ্রই ভাইরাসটির একটি চূড়ান্ত ও আনুষ্ঠানিক নাম ঘোষণা করতে যাচ্ছে।",9.30,0.00,6.98
news-49362977,১৯৭৫ সালের ১৫ই আগস্ট বাংলাদেশের প্রতিষ্ঠাতা-রাষ্ট্রপতি শেখ মুজিবুর রহমানকে সপরিবারে হত্যার পর দেশের কোন প্রচার মাধ্যম এমনকি চলচ্চিত্রেও তাঁর নাম বা ছবি প্রকাশ হতে দেখা যায়নি।,১৯৭৫ সালের ১৫ আগস্ট শেখ মুজিবুর রহমানকে হত্যার পর তৎকালীন সামরিক সরকার ইতিহাস থেকে তাঁর নাম মুছে ফেলার দীর্ঘ প্রচেষ্টা চালায়। ঘটনার দিন বাংলাদেশ বেতারের তৎকালীন শিফট ইনচার্জ প্রণব চন্দ্র রায়ের ওপর বন্দুক ঠেকিয়ে সামরিক অভ্যুত্থানের ঘোষণা প্রচার করতে বাধ্য করা হয়। সেই ঘটনার পর থেকেই দীর্ঘ সময় সরকারি প্রচার মাধ্যমে শেখ মুজিবের নাম উচ্চারণ নিষিদ্ধ করা হয়েছিল।,25.88,12.05,23.53
news-48872060,বাংলাদেশে বাজেট প্রস্তাবের পরদিন থেকে দুই দফায় স্বর্ণের দাম বাড়ানো হয়েছে। আজ বৃহস্পতিবার থেকে প্রতি ভরি স্বর্ণের দাম ২ হাজার ৪১ টাকা করে বেড়েছে। ফলে বর্তমানে এক ভরি স্বর্ণের দাম ৫২ হাজার ১৯৬ টাকা।,বাংলাদেশের সামাজিক ও পারিবারিক প্রথা অনুযায়ী বিয়ের অনুষ্ঠানে স্বর্ণালঙ্কার অপরিহার্য হওয়ায় এর ক্রমাগত মূল্যবৃদ্ধি মধ্যবিত্ত পরিবারগুলোর মধ্যে গভীর উদ্বেগের সৃষ্টি করেছে। চলতি বছর কয়েক দফায় স্বর্ণের দাম বৃদ্ধি পাওয়ায় সাধারণ মানুষের ক্রয়ক্ষমতা কমেছে এবং অনেকে সামাজিক মর্যাদার কথা ভেবে দুশ্চিন্তায় পড়েছেন। আন্তর্জাতিক বাজারের অস্থিরতার কারণে স্বর্ণের দাম বাড়লেও এর প্রভাব সরাসরি দেশের সাধারণ মানুষের ওপর পড়ছে।,8.89,4.55,8.89
news-44246998,"নাজিয়া পারভীন, মধ্য তিরিশের একজন গৃহিণী এবং শখের মডেল। জন্ম ও বেড়ে ওঠা ঢাকার মোহাম্মদপুরে।","বাংলাদেশের সমাজে ঋতুকালীন পরিচ্ছন্নতা ও স্বাস্থ্যবিধি নিয়ে এখনো ব্যাপক রক্ষণশীলতা ও লোকলজ্জা বিদ্যমান, যার ফলে নারীরা নিরাপদ ব্যবস্থাপনা গ্রহণে সংকোচ বোধ করেন। সচেতনতার অভাবে এবং অস্বাস্থ্যকর কাপড় ব্যবহারের কারণে নারীরা জরায়ু ও মূত্রনালীর সংক্রমণসহ নানা জটিল স্বাস্থ্যঝুঁকিতে পড়ছেন। এই পরিস্থিতি উত্তরণে সামাজিক ট্যাবু ভাঙার পাশাপাশি প্রজননস্বাস্থ্য বিষয়ে ব্যাপক সচেতনতা ও সরকারি-বেসরকারি উদ্যোগ গ্রহণ করা জরুরি।",5.63,0.00,5.63
news-45332030,"জাফরানের নাম যদি শুনে থাকেন, এটাও নিশ্চয়ই জানেন যে এটি বিশ্বের সবচেয়ে দামী মশলার একটি। প্রতি আউন্স জাফরানের দাম স্বর্ণের দামের চেয়েও বেশি। এজন্যে জাফরানের আরেক নাম ""লাল স্বর্ণ।""",বিশ্বের অত্যন্ত দামী ও দুর্লভ খাবারের তালিকায় জাফরান ও ক্যাভিয়ার অন্যতম। জাফরান সংগ্রহের জটিল প্রক্রিয়া এবং ক্যাভিয়ার উৎপাদনকারী মাছের দুষ্প্রাপ্যতার কারণেই মূলত এগুলোর দাম আকাশচুম্বী। মূলত শ্রমসাধ্য উৎপাদন পদ্ধতি এবং প্রাকৃতিক সীমাবদ্ধতার কারণেই এই খাবারগুলো সাধারণের নাগালের বাইরে থাকে।,8.82,0.00,8.82
news-51217515,ঢাকা বিশ্ববিদ্যালয়ে সার্জেন্ট জহুরুল হক হলে 'শিবির সন্দেহে' নির্যাতনের শিকার চারজন শিক্ষার্থীর একজন মুকিম চৌধুরী বিচারের দাবিতে টিএসসির রাজু ভাস্কর্যের পাদদেশে অবস্থান নিয়েছেন।,"ঢাকা বিশ্ববিদ্যালয়ের জহুরুল হক হলে ছাত্রলীগ নেতাদের হাতে মারধর ও বিনা কারণে পুলিশের কাছে হস্তান্তরের প্রতিবাদে ভুক্তভোগী শিক্ষার্থী মুকিম চৌধুরী অবস্থান কর্মসূচি পালন করছেন। নির্যাতনের শিকার শিক্ষার্থীদের অভিযোগ, শিবির সন্দেহে তাদের ওপর হাতুড়ি ও স্ট্যাম্প দিয়ে অমানবিক নির্যাতন চালানো হয়েছে। এই ঘটনার সুষ্ঠু বিচারের দাবিতে বিশ্ববিদ্যালয়ের শিক্ষার্থীরা মানববন্ধন করেছেন এবং হল কর্তৃপক্ষ বিষয়টি তদন্তে তিন সদস্যের একটি কমিটি গঠন করেছে।",31.33,14.81,19.28
news-46972950,গ্রাহকের অর্থ আত্মসাতের দায়ে মাল্টি লেভেল মার্কেটিং কোম্পানি ইউনিপেটুইউ-এর চেয়ারম্যান এবং ব্যবস্থাপনা পরিচালকসহ মোট ছয়জন কর্মকর্তাকে ১২ বছরের কারাদণ্ড দিয়েছে ঢাকার একটি আদালত।,"বাংলাদেশে প্রথমবারের মতো গ্রাহকদের অর্থ আত্মসাতের দায়ে একটি মাল্টি লেভেল মার্কেটিং কোম্পানির ছয় কর্মকর্তাকে মানি লন্ডারিং আইনে কারাদণ্ড ও বিশাল অংকের অর্থদণ্ড প্রদান করেছেন আদালত। অবৈধভাবে ব্যাংকিং কার্যক্রম পরিচালনা করে গ্রাহকদের হাজার কোটি টাকা হাতিয়ে নেওয়ার অভিযোগে এই রায় দেওয়া হয়েছে। এর আগে ডেসটিনি বা যুবকের মতো প্রতিষ্ঠানের বিরুদ্ধে অভিযোগ থাকলেও, এই প্রথম কোনো এমএলএম কোম্পানির বিরুদ্ধে এমন কঠোর আইনি ব্যবস্থা নেওয়া হলো।",22.99,7.06,18.39
news-42326655,ভারতের তথ্য ও সম্প্রচার মন্ত্রণালয় বলেছে ভোর ছটা থেকে রাত দশটা পর্যন্ত কোন টিভি চ্যানেলে কন্ডোমের বিজ্ঞাপন দেখানো যাবে না।,শিশুদের ওপর নেতিবাচক প্রভাব পড়ার আশঙ্কায় ভারতের তথ্য ও সম্প্রচার মন্ত্রণালয় টিভি চ্যানেলে দিনের বেলায় কন্ডোমের বিজ্ঞাপন প্রচারের ওপর নিষেধাজ্ঞা জারি করেছে। এখন থেকে শুধুমাত্র রাত ১০টা থেকে ভোর ৬টা পর্যন্তই এই বিজ্ঞাপনগুলো দেখানো যাবে। মূলত বিভিন্ন মহলের আপত্তি ও বিতর্কের প্রেক্ষিতে শিশুদের সুরক্ষার কথা বিবেচনা করেই সরকার এই সিদ্ধান্ত নিয়েছে।,36.62,17.39,28.17
news-48835708,ইরান আন্তর্জাতিক চুক্তি লঙ্ঘন করে সমৃদ্ধ ইউরেনিয়ামের মজুদ বাড়িয়েছে।,"ইরান তার পারমাণবিক কর্মসূচি সীমিত করার বিনিময়ে আন্তর্জাতিক অর্থনৈতিক নিষেধাজ্ঞা তুলে নেওয়ার শর্তে একটি চুক্তিতে সম্মত হয়েছে। এই চুক্তির আওতায় ইরানকে নির্দিষ্ট মাত্রার বেশি ইউরেনিয়াম সমৃদ্ধকরণ ও মজুদ থেকে বিরত থাকতে হবে, যাতে তা পারমাণবিক অস্ত্র তৈরিতে ব্যবহৃত না হয়। তবে ২০১৮ সালে যুক্তরাষ্ট্র একতরফাভাবে এই চুক্তি থেকে বেরিয়ে গিয়ে পুনরায় নিষেধাজ্ঞা আরোপ করায় ইরান ও যুক্তরাষ্ট্রের মধ্যে নতুন করে উত্তেজনার সৃষ্টি হয়েছে।",13.89,0.00,11.11
news-48303883,আন্তর্জাতিক এক অপরাধী চক্র ম্যালওয়্যার ব্যবহার করে ৪০ হাজার মানুষের কাছ থেকে অনলাইনে ১০০ মিলিয়ন ডলার চুরি করেছে।,'গজনাইম' নামক একটি জটিল ম্যালওয়্যার ব্যবহার করে বিশ্বজুড়ে বিভিন্ন প্রতিষ্ঠান ও ব্যক্তির অনলাইন ব্যাংকিং তথ্য চুরি করে অর্থ হাতিয়ে নিত একটি সাইবার অপরাধী চক্র। ছয়টি দেশের সমন্বিত পুলিশি অভিযানে এই চক্রটিকে ভেঙে দেওয়া হয়েছে এবং এর সাথে জড়িত ১০ জনকে গ্রেপ্তার করে বিভিন্ন অভিযোগে অভিযুক্ত করা হয়েছে। ইউরোপোলের সহায়তায় পরিচালিত এই অভিযানে অপরাধীদের নেটওয়ার্কটি নির্মূল করে সাইবার জগতকে নিরাপদ করার উদ্যোগ নেওয়া হয়েছে।,14.81,7.59,9.88
news-46578414,"রুশ, আরবী কিংবা ম্যান্ডারিন ভাষা জানতে চান? বেহালা কিংবা বাঁশি বাজানো শিখতে চান? নাকি কোয়ান্টাম পদার্থবিদ্যা বুঝতে চান?","যেকোনো নতুন বিষয় শেখার ক্ষেত্রে প্রথম বিশ ঘণ্টা সময় মস্তিষ্ক সবচেয়ে দ্রুত ও কার্যকরভাবে তথ্য গ্রহণ করতে পারে। জার্মান মনোবিজ্ঞানী হেরম্যান এবিংহউসের 'লার্নিং কার্ভ' অনুযায়ী, নতুন কিছু শেখার শুরুর দিকে জ্ঞান অর্জনের হার সবচেয়ে বেশি থাকে। তবে সময়ের সাথে সাথে মস্তিষ্কের শেখার গতি কমে আসে, তাই নতুন দক্ষতা অর্জনে শুরুর সময়টুকু কাজে লাগানো সবচেয়ে গুরুত্বপূর্ণ।",0.00,0.00,0.00
news-50798626,বাংলাদেশে ১৯৭১ সালের মুক্তিযুদ্ধের সময় পাকিস্তানি সেনাদের সহায়তার জন্য গঠিত রাজাকার বাহিনীর সদস্যদের একটি তালিকা প্রকাশ করেছে সরকার।,"মুক্তিযুদ্ধ বিষয়ক মন্ত্রণালয় ১৯৭১ সালে পাকিস্তানি বাহিনীকে সহায়তাকারী ১০ হাজার ৭৮৯ জন রাজাকারের প্রথম পর্যায়ের তালিকা প্রকাশ করেছে। মন্ত্রী আ ক ম মোজাম্মেল হক অভিযোগ করেন যে, বিএনপি-জামায়াত জোট সরকারের আমলে অনেক গুরুত্বপূর্ণ রেকর্ড সরিয়ে ফেলায় তালিকা তৈরিতে বাধার সম্মুখীন হতে হয়েছে। আগামী ২৬শে মার্চ মুক্তিযোদ্ধাদের আনুষ্ঠানিক তালিকা প্রকাশের পাশাপাশি পর্যায়ক্রমে রাজাকারদের বাকি তালিকাও প্রকাশ করা হবে।",13.16,5.41,13.16
news-46874688,মৌলভীবাজারের শেরপুরে ঐতিহ্যবাহী মাছের মেলায় ৬০ কেজি ওজনের একটি কাতলা মাছের দাম ১ লাখ ২০ হাজার টাকা হাঁকছেন মাছ ব্যবসায়ী আব্দুর রহমান।,মৌলভীবাজারের শেরপুর ও শ্রীমঙ্গলে পৌষসংক্রান্তি উপলক্ষে আয়োজিত ঐতিহ্যবাহী মাছের মেলায় বিশাল আকৃতির বিভিন্ন প্রজাতির মাছের সমাহার ঘটেছে। মেলায় হাকালুকি হাওরের ১ লাখ ২০ হাজার টাকা দামের কাতল এবং মেঘনা নদীর ৬০ কেজি ওজনের বাঘা আইড় মাছ ক্রেতা-দর্শনার্থীদের মূল আকর্ষণে পরিণত হয়েছে। প্রায় দুইশো বছর ধরে চলে আসা এই মেলায় দেশের বিভিন্ন প্রান্ত থেকে ব্যবসায়ীরা কয়েক কোটি টাকার মাছ নিয়ে এসেছেন।,31.33,17.28,24.10
news-55242258,"সংযুক্ত আরব আমিরাতের এক শেখ এমন এক ইসরায়েলি ফুটবল ক্লাবের অর্ধেকটা মালিকানা কিনে নিয়েছেন, যে ক্লাবটির দীর্ঘ আরব-বিদ্বেষের ইতিহাস রয়েছে।",ইসরায়েলের বর্ণবাদী হিসেবে পরিচিত ফুটবল ক্লাব 'বেইতার জেরুযালেম'-এ আগামী ১০ বছরে ৯২ মিলিয়ন ডলার বিনিয়োগের ঘোষণা দিয়েছেন সংযুক্ত আরব আমিরাতের শেখ হামাদ বিন খলিফা আল নাহিয়ান। ইসরায়েল ও আরব আমিরাতের মধ্যকার সাম্প্রতিক কূটনৈতিক সম্পর্কের উন্নতির প্রেক্ষাপটে এই বিনিয়োগ অত্যন্ত তাৎপর্যপূর্ণ। অতীতে মুসলিম খেলোয়াড়দের প্রতি চরম বিদ্বেষ পোষণকারী এই ক্লাবের মালিকানা ও দৃষ্টিভঙ্গিতে পরিবর্তনের ইঙ্গিত হিসেবেই এই চুক্তিকে দেখা হচ্ছে।,19.75,5.06,14.81
news-54159266,"""তরুণদের অনেকেই আজকাল তাদের প্রিয়জন, মানে গার্লফ্রেন্ড বা বয়ফ্রেন্ডকে 'বাবু' বলে সম্বোধন করে। এর উৎপত্তি কোথা থেকে, সে সম্পর্কে জানা নেই। আমার তো মনে হয়, ইংরেজিতে রোমান্টিক পার্টনারকে বেবি বলে ডাকার প্রচলন থেকে এটা বাংলায় বাবু হয়েছে।""","ডি জে মারুফের গাওয়া 'বাবু খাইছো' গানটি তরুণ প্রজন্মের দৈনন্দিন কথোপকথনের ধরন ও রোমান্টিক সম্পর্কের অনুষঙ্গ নিয়ে তৈরি হওয়ায় সামাজিক যোগাযোগমাধ্যমে ব্যাপক জনপ্রিয়তা পেয়েছে। বিশ্ববিদ্যালয়ের শিক্ষক নিশাত পারভেজের মতে, মোবাইল ও সোশ্যাল মিডিয়ার সহজলভ্যতায় প্রিয়জনের খোঁজ নেওয়ার এই অভ্যাসটিই গানে উঠে এসেছে। গানটি নিয়ে প্রচুর ট্রল হলেও এর লিরিকস, কোরিওগ্রাফি ও সমসাময়িক বিষয়ের কারণে এটি তরুণ সমাজে দ্রুত আলোড়ন সৃষ্টি করতে সক্ষম হয়েছে।",6.00,0.00,4.00
news-40652345,ফেসবুক-টুইটারের মতো সোশ্যাল মিডিয়া বা সামাজিক যোগাযোগের মাধ্যম তরুণ তুর্কীদেরকে আরো উদ্বিগ্ন করে তুলছে বলে এক গবেষণায় বেরিয়ে এসেছে।,"'ডিচ দ্য লেবেল'-এর এক গবেষণায় দেখা গেছে, সোশ্যাল মিডিয়ার অতিরিক্ত ব্যবহার তরুণ-তরুণীদের মধ্যে উদ্বেগ, হীনম্মন্যতা ও সাইবার-বুলিয়িংয়ের আতঙ্ক বাড়িয়ে তুলছে। জরিপে অংশ নেওয়া অধিকাংশ তরুণই তাদের আত্মবিশ্বাস ও মানসিক প্রশান্তির জন্য অনলাইন লাইক ও ফলোয়ারের ওপর নির্ভরশীল হয়ে পড়েছে। এছাড়া, অনলাইনে ব্যাপক হারে পীড়নমূলক আচরণের বিস্তার এবং এ বিষয়ে ভুক্তভোগীদের নীরব থাকার প্রবণতা বর্তমান প্রজন্মের মানসিক স্বাস্থ্যের জন্য বড় হুমকি হয়ে দাঁড়িয়েছে।",11.76,2.41,7.06
news-45011087,বাংলাদেশের রাস্তায় বাসের প্রতিযোগিতায় রোববার দুই শিক্ষার্থীর প্রাণহানির পর গণপরিবহনের অরাজক অবস্থা নিয়ে আবারো বিক্ষুব্ধ হয়ে উঠেছে ঢাকা।,"**সারসংক্ষেপ:** ঢাকার গণপরিবহন ব্যবস্থার দীর্ঘদিনের বিশৃঙ্খলা ও ক্রমবর্ধমান সড়ক দুর্ঘটনার প্রতিবাদে শিক্ষার্থীরা রাস্তায় নেমে বিক্ষোভ প্রদর্শন করেছে। বারবার প্রতিশ্রুতি ও পরিকল্পনা গ্রহণ করা সত্ত্বেও সংশ্লিষ্ট কর্তৃপক্ষের অবহেলা এবং কার্যকর উদ্যোগের অভাবে গণপরিবহন ব্যবস্থায় কোনো দৃশ্যমান সংস্কার আসেনি। বিশেষজ্ঞ ও যাত্রী কল্যাণ সমিতির মতে, সঠিক নজরদারি ও সমন্বিত পরিকল্পনার অভাবেই এই খাতটি একটি সুশৃঙ্খল কাঠামোর আওতায় আনা সম্ভব হচ্ছে না।",0.00,0.00,0.00
news-47885378,ভারতের নির্বাচন কমিশন একটি স্বাধীন ও সাংবিধানিক প্রতিষ্ঠান হলেও তারা এখন শাসক দলের অনুগত প্রতিষ্ঠানের মতোই আচরণ করছে বলে অভিযোগ করেছেন সে দেশের একদল সাবেক শীর্ষস্থানীয় আমলা।,"ভারতের নির্বাচন কমিশনের বর্তমান নিরপেক্ষতা ও সিদ্ধান্ত গ্রহণের সক্ষমতা নিয়ে ৬৬ জন প্রাক্তন শীর্ষ আমলা গভীর উদ্বেগ প্রকাশ করে রাষ্ট্রপতির কাছে চিঠি দিয়েছেন। তাদের অভিযোগ, কমিশন বর্তমানে মেরুদণ্ডহীন হয়ে পড়েছে এবং ক্ষমতাসীন দলের প্রতি নির্লজ্জ পক্ষপাতিত্ব প্রদর্শন করছে। নির্বাচনী আচরণবিধি লঙ্ঘন ও বিভিন্ন বিতর্কিত ঘটনার প্রেক্ষিতে কমিশনের গ্রহণযোগ্যতা নিয়ে এই বিশিষ্ট ব্যক্তিরা তীব্র প্রশ্ন তুলেছেন।",19.51,2.50,12.20
news-53929704,চীনা কোম্পানিকে বাংলাদেশে করোনাভাইরাসের প্রতিষেধক ভ্যাকসিনের ট্রায়াল চালাতে সম্মত হয়েছে বাংলাদেশ।,"বাংলাদেশে চীনা ভ্যাকসিনের ক্লিনিক্যাল ট্রায়াল চালানোর অনুমতি দিয়েছে সরকার। স্বাস্থ্যমন্ত্রী জাহিদ মালেক জানিয়েছেন, এই ট্রায়ালে স্বাস্থ্যকর্মীদের অগ্রাধিকার দেওয়া হবে এবং এর যাবতীয় খরচ চীন বহন করবে। এছাড়া, ট্রায়ালের শর্ত হিসেবে ভ্যাকসিন পাওয়ার ক্ষেত্রে বাংলাদেশকে অগ্রাধিকার তালিকায় রাখার বিষয়টিও নিশ্চিত করা হয়েছে।",15.38,0.00,11.54
news-38298663,"বাংলাদেশে পর্ণ সাইটে প্রবেশকারী ব্যক্তিদের পরিচয় প্রকাশ করার কথা ভাবছে সরকার, সোমবার ডাক ও টেলিযোগাযোগ প্রতিমন্ত্রী তারানা হালিমকে উদ্ধৃত করে এমন একটি সংবাদ প্রকাশিত হয় বিভিন্ন দৈনিক ও অনলাইন নিউজ পোর্টালগুলোতে।","পর্ন সাইটে প্রবেশকারীদের তালিকা তৈরির বিষয়ে নিজের বক্তব্যকে ভুলভাবে উপস্থাপন করা হয়েছে বলে দাবি করেছেন প্রতিমন্ত্রী তারানা হালিম। তিনি স্পষ্ট করেছেন যে, ব্যক্তিগত তথ্য সুরক্ষায় সরকার অঙ্গীকারাবদ্ধ এবং এমন কোনো তালিকা তৈরির কথা তিনি বলেননি। তার এই বক্তব্যকে কেন্দ্র করে সামাজিক যোগাযোগ মাধ্যমে মিশ্র প্রতিক্রিয়া ও নানা আলোচনার সৃষ্টি হয়েছে।",19.75,2.53,12.35
news-45083152,সোমবার দুপুরের দিকে ঢাকার বসুন্ধরা এলাকায় নিরাপদ সড়ক ইস্যুতে বিক্ষোভ মিছিল বের করা নিয়ে নর্থ-সাউথ বিশ্ববিদ্যালয়ের ছাত্রদের সাথে পুলিশের সংঘর্ষ হয়। ছাত্রদের ছত্রভঙ্গ করতে পুলিশ সেসময় কাঁদানে গ্যাস ব্যবহার করে।,"নিরাপদ সড়কের দাবিতে শিক্ষার্থীদের চলমান আন্দোলনের অংশ হিসেবে ইস্ট ওয়েস্ট বিশ্ববিদ্যালয়ের শিক্ষার্থীদের সাথে পুলিশ ও ছাত্রলীগের সংঘর্ষের ঘটনা ঘটেছে। পরিস্থিতি উত্তপ্ত হওয়ায় বিশ্ববিদ্যালয় কর্তৃপক্ষ অনির্দিষ্টকালের জন্য ক্যাম্পাস বন্ধ ঘোষণা করেছে এবং শিক্ষার্থীদের এসএমএসের মাধ্যমে বিষয়টি অবহিত করেছে। এছাড়া, অনিবার্য কারণবশত আগামী ৭ ও ৮ আগস্ট বিশ্ববিদ্যালয়টি বন্ধ থাকবে বলে ওয়েবসাইটের বিজ্ঞপ্তিতে জানানো হয়েছে।",7.14,0.00,7.14
news-44220246,"রাজশাহী মহানগরীর বোয়ালিয়া মডেল থানায় গেলে চোখে পড়বে থানার আঙিনায় একটি গাভী, একটি ষাড় ও একটি বাছুরকে বেঁধে রাখা হয়েছে।",রাজশাহীর বোয়ালিয়া মডেল থানায় গরু চুরির অভিযোগে আটক দুই আসামির রেখে যাওয়া তিনটি গরু নিয়ে বিপাকে পড়েছে পুলিশ। আইনি জটিলতায় গরুগুলো দীর্ঘ চার সপ্তাহ ধরে থানার সামনে খোলা আকাশের নিচে রাখা হয়েছে। বর্তমানে মামলার তদন্ত কর্মকর্তা নিজ খরচে অবলা প্রাণীগুলোর খাবারের ব্যবস্থা করছেন।,19.05,9.84,19.05
140925_mk_islamic_scholar_is_isis_isil_open_letter,"ইসলামিক স্টেট কেন ইসলামের প্রকৃত পথ অনুসরণ করছে না, বিশ্বের ১২০জন খ্যাতনামা মুসলিম মনীষী তা ব্যাখ্যা করেছেন।",বিশ্বের বিশিষ্ট মুসলিম পণ্ডিতরা একটি খোলা চিঠির মাধ্যমে ইসলামিক স্টেটের কর্মকাণ্ডকে ইসলামের মূল আদর্শের পরিপন্থী বলে অভিহিত করেছেন। আবু বাকার আল-বাগদাদি ও তার অনুসারীদের প্রতি ২৪টি ধর্মীয় যুক্তি তুলে ধরে তারা নিরপরাধ মানুষ হত্যাসহ সংগঠনের বিভিন্ন সহিংস কার্যক্রমের নিন্দা জানিয়েছেন। সামরিক পদক্ষেপের পাশাপাশি আদর্শগতভাবে ইসলামিক স্টেটকে মোকাবিলা করার লক্ষ্যেই এই উদ্যোগ গ্রহণ করা হয়েছে।,13.89,0.00,8.33
news-49956427,সোমবার রাতে বাংলাদেশ প্রকৌশল বিশ্ববিদ্যালয়ের শেরেবাংলা হলে এক ছাত্রকে পিটিয়ে হত্যার ঘটনায় এখনো পর্যন্ত ১০ জনকে গ্রেফতার করেছে পুলিশ। এর মধ্যে বেশিরভাগই বুয়েটে ছাত্রলীগের নেতা।,বুয়েট শিক্ষার্থী আবরার ফাহাদকে পিটিয়ে হত্যার ঘটনায় ১৯ জনকে আসামি করে চকবাজার থানায় একটি মামলা দায়ের করা হয়েছে। এ ঘটনায় জড়িত সন্দেহে বুয়েট ছাত্রলীগের বেশ কয়েকজন নেতাকে আটক করেছে পুলিশ এবং সংগঠনটি থেকে তাদের বহিষ্কার করা হয়েছে। বর্তমানে আসামিদের ডিবি কার্যালয়ে রেখে আদালতে পাঠানোর প্রস্তুতি চলছে এবং নিহত আবরারের মরদেহ তার গ্রামের বাড়ি কুষ্টিয়ায় দাফন করা হয়েছে।,12.20,2.50,9.76
news-44672332,১৯৭০'এর পর বিশ্বকাপের নকআউট রাউন্ডের সবচেয়ে বেশি গোল হওয়ার দিনে সর্বকালের সেরা দু'জন খেলোয়াড়ের একজনও গোল করতে পারেননি।,রাশিয়া বিশ্বকাপের শেষ ষোলো থেকে আর্জেন্টিনা ও পর্তুগাল বিদায় নেওয়ায় লিওনেল মেসি ও ক্রিশ্চিয়ানো রোনালদোর বিশ্বকাপ জয়ের স্বপ্ন সম্ভবত চিরতরে শেষ হয়ে গেল। নকআউট পর্বে নিজেদের সেরাটা দেওয়ার চেষ্টা করলেও সতীর্থদের পর্যাপ্ত সহযোগিতা না পাওয়ায় মেসি ও রোনালদো কেউই দলকে জয়ী করতে পারেননি। বয়সের কারণে পরবর্তী বিশ্বকাপে তাদের অংশগ্রহণ এবং সাফল্যের সম্ভাবনা নিয়েও ফুটবল বিশ্বে গভীর সংশয় তৈরি হয়েছে।,10.13,2.60,10.13
news-48904836,বাংলাদেশে ধর্ষণের হাত থেকে শিশুদের রক্ষার জন্যে প্রাতিষ্ঠানিক তেমন কোন ব্যবস্থা নেই বলে মনে করছেন ঢাকায় জাতিসংঘের শিশু বিষয়ক সংস্থা ইউনিসেফের শিশু সুরক্ষা বিশেষজ্ঞ শাবনাজ জাহিরিন।,"ঢাকার ওয়ারিতে সাত বছরের শিশুকে ধর্ষণ ও হত্যার ঘটনায় শিশুদের নিরাপত্তা ও সুরক্ষা ব্যবস্থার চরম ঘাটতি আবারও সামনে এসেছে। বিশেষজ্ঞরা বলছেন, দেশে শিশুদের সুরক্ষার জন্য প্রয়োজনীয় অবকাঠামো, দক্ষ জনবল এবং কার্যকর কেস ম্যানেজমেন্ট সিস্টেমের অভাব রয়েছে। শিশুদের নিরাপদ রাখতে কমিউনিটি লেভেলে সুরক্ষা ব্যবস্থা জোরদার করার পাশাপাশি সংশ্লিষ্টদের যথাযথ প্রশিক্ষণের ওপর গুরুত্বারোপ করা হয়েছে।",7.59,0.00,5.06
160530_indian_visa_new_system,ঢাকায় ভারতীয় দূতাবাস তাদের ভিসা প্রক্রিয়ায় পরিবর্তন এনেছে। নতুন নিয়মে আজ থেকে টুরিস্ট ভিসার আবেদনকারীদের সাক্ষাতের তারিখ একবার ব্যবহার যোগ্য একটি পাসওয়ার্ড মোবাইল ফোনে এসএমএস করবে ভারতীয় দূতাবাস।,ঢাকার ভারতীয় ভিসা আবেদন কেন্দ্রে এখন থেকে এসএমএস ও নিজস্ব মোবাইল নম্বরসহ অনলাইন অ্যাপয়েন্টমেন্টের মাধ্যমে আবেদন জমা দেওয়ার নতুন নিয়ম কার্যকর করা হয়েছে। তবে ৫ই জুন পর্যন্ত পূর্বনির্ধারিত অ্যাপয়েন্টমেন্টপ্রাপ্তদের ক্ষেত্রে এই নিয়ম প্রযোজ্য হবে না এবং ঈদ উপলক্ষে ৪ জুন থেকে বিশেষ ক্যাম্পের আয়োজন করা হয়েছে। ভিসা পেতে ই-টোকেন বা অ্যাপয়েন্টমেন্ট নিয়ে চলমান বিতর্ক ও দুর্নীতির অভিযোগের প্রেক্ষিতে এই নতুন ব্যবস্থা ভিসা প্রার্থীদের ভোগান্তি কমাবে বলে আশা করা হচ্ছে।,10.20,0.00,6.12
news-52621715,"ভারতে কোভিড-১৯র বিরুদ্ধে লড়ার জন্য যখন গোটা দেশ জুড়ে লকডাউন চলছে, তারই মধ্যে দেশে একের পর এক রাজ্য শিল্প মালিকদের স্বার্থে শ্রম আইনে ব্যাপক পরিবর্তন নিয়ে এসেছে।",অর্থনৈতিক মন্দা কাটিয়ে নতুন বিনিয়োগ আকর্ষণের অজুহাতে উত্তরপ্রদেশসহ ভারতের বেশ কয়েকটি রাজ্য শ্রম আইনে বড় ধরনের ছাড় দিয়ে মালিকপক্ষকে বিশেষ সুবিধা প্রদান করেছে। এর মধ্যে উত্তরপ্রদেশ সরকার তিন বছরের জন্য প্রায় সব শ্রম আইন স্থগিত করে শ্রমিকদের ন্যূনতম মজুরি ও চাকরির নিরাপত্তা কেড়ে নেওয়ার মতো কঠোর সিদ্ধান্ত নিয়েছে। সরকারের এই পদক্ষেপের ফলে শ্রমিকদের অধিকার ক্ষুণ্ণ হওয়ায় বিরোধী দল ও বিভিন্ন শ্রমিক সংগঠন তীব্র সমালোচনা ও প্রতিবাদ জানাচ্ছে।,10.53,2.15,6.32
news-55467465,"ভারতে একজন যৌন বিশেষজ্ঞ, যিনি পত্রিকায় যৌন সম্পর্কের ওপর কলাম লিখে ও পাঠকের এ সংক্রান্ত প্রশ্নের জবাব দিয়ে ব্যাপক জনপ্রিয়তা অর্জন করেছেন, ৯৬ বছর বয়সে তিনি মারা গেছেন।",প্রখ্যাত ধাত্রীবিদ্যা ও স্ত্রীরোগ বিশেষজ্ঞ ড. মাহিন্দার ওয়াতসা ৮০ বছর বয়সে মুম্বাই মিরর পত্রিকায় 'আস্ক দ্যা সেক্সপার্ট' কলাম লিখে যৌন স্বাস্থ্য সচেতনতায় অনন্য ভূমিকা রাখেন। রক্ষণশীল সমাজে যৌনতা নিয়ে খোলামেলা ও কৌতুকপূর্ণ আলোচনার মাধ্যমে তিনি হাজার হাজার মানুষের প্রশ্নের নির্ভীক উত্তর দিয়েছেন। অশালীনতার অভিযোগে মামলা ও নানা সমালোচনা সত্ত্বেও তিনি আমৃত্যু মানুষের যৌন স্বাস্থ্য ও সচেতনতা বৃদ্ধিতে কাজ করে গেছেন।,27.27,4.65,18.18
160605_chittaggong_sp_wife_killed,চট্টগ্রামে পুলিশ সুপার বাবুল আক্তারের স্ত্রী দুর্বৃত্তদের গুলিতে নিহত হয়েছেন।,চট্টগ্রামের জিইসি মোড়ে পুলিশ সুপার বাবুল আক্তারের স্ত্রী মাহমুদা আক্তারকে মোটরসাইকেলে আসা দুর্বৃত্তরা ছুরিকাঘাত ও গুলি করে নির্মমভাবে হত্যা করেছে। ঘটনার সময় তিনি সন্তানকে স্কুলের বাসে তুলে দিতে বাসা থেকে বের হয়েছিলেন। স্বরাষ্ট্রমন্ত্রী আসাদুজ্জামান খান কামাল এই হত্যাকাণ্ডের পেছনে জঙ্গি সংশ্লিষ্টতার ইঙ্গিত দিয়েছেন এবং অপরাধীদের বিরুদ্ধে কঠোর ব্যবস্থা নেওয়ার আশ্বাস দিয়েছেন।,16.39,13.56,16.39
news-40867894,বেশ কয়েক বছর আগে একটি সংবাদ মাধ্যমের একজন নারী সাংবাদিক এবং তার নিউজ এডিটরের মধ্যকার একটি বাদানুবাদের ঘটনা আমার কানে এসেছিল।,"কর্মক্ষেত্রে ঋতুকালীন শারীরিক অস্বস্তির বিষয়টি অনেক সময় ঊর্ধ্বতন কর্মকর্তারা বুঝতে চান না, যা নারী সাংবাদিকদের জন্য পেশাগত জটিলতা তৈরি করে। পিরিয়ড সংক্রান্ত শারীরিক ও মানসিক পরিবর্তনের প্রতি পুরুষ সহকর্মী ও কর্তৃপক্ষের অজ্ঞতা ও সংবেদনহীনতা কর্মস্থলে নারীদের জন্য বৈষম্যমূলক পরিস্থিতির সৃষ্টি করছে। তাই কর্মক্ষেত্রে নারীদের শারীরিক স্বাস্থ্য ও ঋতুকালীন চ্যালেঞ্জগুলোর প্রতি আরও বেশি সহমর্মিতা ও সচেতনতা প্রয়োজন।",2.60,0.00,2.60
news-45387880,যুক্তরাষ্ট্রের সামরিক বাহিনী বলছে যে তারা পাকিস্তানকে ৩০ কোটি ডলার অর্থ সাহায্য দেওয়ার পরিকল্পনা বাতিল করে দেওয়ার সিদ্ধান্ত নিয়েছে।,"জঙ্গি গোষ্ঠী দমনে ব্যর্থতার অভিযোগে পাকিস্তান থেকে ৩০০ মিলিয়ন ডলারের সামরিক সহায়তা বাতিলের সিদ্ধান্ত নিয়েছে মার্কিন প্রতিরক্ষা দপ্তর পেন্টাগন। যুক্তরাষ্ট্রের দাবি, শত শত কোটি ডলার সাহায্য পাওয়ার পরও পাকিস্তান সন্ত্রাসী নেটওয়ার্কগুলোর বিরুদ্ধে কার্যকর কোনো পদক্ষেপ নিতে ব্যর্থ হয়েছে। তবে এই সিদ্ধান্ত কার্যকর করতে মার্কিন কংগ্রেসের অনুমোদনের প্রয়োজন রয়েছে এবং বিষয়টি নিয়ে দুই দেশের মধ্যে কূটনৈতিক আলোচনা চলমান।",15.79,2.70,13.16
news-48795028,১৯৬৯ সালে এল সালভেডর এবং হন্ডুরাস চারদিনের একটি যুদ্ধে লিপ্ত হয়েছিল যেখানে হাজার-হাজার মানুষ নিহত এবং বাস্তু-চ্যুত হয়।,"১৯৭০ সালের বিশ্বকাপ বাছাইপর্বকে কেন্দ্র করে হন্ডুরাস ও এল সালভেডরের মধ্যকার ফুটবল ম্যাচগুলো দুই দেশের দীর্ঘদিনের রাজনৈতিক ও ভূখণ্ডগত উত্তেজনার আগুনে ঘি ঢালে। ফুটবল ম্যাচের তীব্র প্রতিদ্বন্দ্বিতা ও মাঠের বাইরের সামাজিক অস্থিরতার জেরে ১৯৬৯ সালে দেশ দুটির মধ্যে সংক্ষিপ্ত কিন্তু রক্তক্ষয়ী যুদ্ধ সংঘটিত হয়, যা ইতিহাসে 'ফুটবল যুদ্ধ' নামে পরিচিত। মূলত কৃষিজমি ও অভিবাসন সংক্রান্ত বিরোধের প্রেক্ষাপটে ঘটা এই যুদ্ধটি ফুটবল ও রাজনীতির এক চরম সংঘাতময় উদাহরণ হয়ে আছে।",8.99,2.30,4.49
news-45007894,"বাংলাদেশে অনিয়মের নানা অভিযোগ, ভোট বর্জন এবং বিক্ষিপ্ত গোলযোগের মধ্য দিয়ে বরিশাল, রাজশাহী এবং সিলেট এই তিনটি সিটি কর্পোরেশনে ভোট গ্রহণ শেষ হয়েছে।","বরিশাল সিটি কর্পোরেশন নির্বাচনে ভোটকেন্দ্র দখল ও এজেন্টদের বের করে দেওয়ার মতো গুরুতর অনিয়মের অভিযোগে বিএনপির প্রার্থীসহ মোট চারজন মেয়র প্রার্থী নির্বাচন বর্জন করেছেন। রাজশাহী ও সিলেটে বিরোধী প্রার্থীরা নানা অভিযোগ তুললেও তারা ভোটের মাঠে টিকে ছিলেন, তবে বরিশালে প্রার্থীদের সরে দাঁড়ানোর ফলে নির্বাচনটি একতরফা রূপ নেয়। ক্ষমতাসীন দল ভোট সুষ্ঠু হয়েছে বলে দাবি করলেও, বিরোধী প্রার্থীরা প্রশাসনের বিরুদ্ধে নিষ্ক্রিয়তার অভিযোগ তুলে এই নির্বাচন প্রত্যাখ্যান করেছেন।",17.98,2.30,8.99
news-44118154,তিন হাজারের বেশি নাইজেরিয়ান অবৈধভাবে ইউরোপ যেতে ব্যর্থ হয়ে শেষপর্যন্ত নিঃস্ব হয়ে বাড়ি ফিরেছে।,ইউরোপে উন্নত জীবনের আশায় নাইজেরিয়ার ইভান্স উইলিয়াম নিজের সহায়-সম্বল বিক্রি করে দালালদের মাধ্যমে অবৈধ পথে পাড়ি জমানোর চেষ্টা করেন। লিবিয়ায় পাচারকারীদের হাতে বন্দি হয়ে অমানবিক নির্যাতনের শিকার হওয়ার পর কোস্টগার্ডের হাতে আটক হয়ে তিনি নিঃস্ব অবস্থায় দেশে ফিরে আসেন। বর্তমানে সবকিছু হারিয়ে অনিশ্চিত ভবিষ্যতের মুখোমুখি দাঁড়িয়ে তিনি তার ভুল বুঝতে পেরেছেন।,3.03,0.00,3.03
news-44842983,রাশিয়া বিশ্বকাপ শেষে পরের আসর জয়ের স্বপ্ন নিয়ে আর্জেন্টিনা আর ব্রাজিলের ফ্যানরা আশায় বুক বাঁধতেই পারেন।,"বিশ্ব ফুটবলে ইউরোপীয় দলগুলোর আধিপত্য দিন দিন বৃদ্ধি পাচ্ছে এবং টানা চারটি বিশ্বকাপ জিতে তারা নিজেদের শ্রেষ্ঠত্ব প্রমাণ করেছে। উন্নত অবকাঠামো, পরিকল্পিত অর্থায়ন এবং শক্তিশালী পৃষ্ঠপোষকতার কারণে লাতিন আমেরিকা বা অন্য মহাদেশের দলগুলোর জন্য ইউরোপের সাথে পাল্লা দেওয়া কঠিন হয়ে পড়ছে। ফলে বিশ্বকাপের শিরোপা জয়ের ক্ষেত্রে ইউরোপ ও লাতিন আমেরিকার মধ্যকার ব্যবধান ক্রমাগত বাড়ছে।",2.86,0.00,2.86
news-48808226,"বিশ্বব্যাপী বিভিন্ন দেশে তীব্র দাবদাহ চলছে। বাংলাদেশে যেমন আমরা তা টের পাচ্ছি, তেমনি ইউরোপের দেশগুলোও ভুগছে।","বিশ্বজুড়ে ক্রমবর্ধমান তাপমাত্রা ও তীব্র দাবদাহ জনস্বাস্থ্যের জন্য মারাত্মক হুমকি হয়ে দাঁড়িয়েছে, যা প্রতি বছর অসংখ্য মানুষের মৃত্যুর কারণ হচ্ছে। বয়োবৃদ্ধ, শিশু, গর্ভবতী নারী এবং বাইরে কায়িক পরিশ্রমকারী ব্যক্তিরা এই চরম তাপমাত্রার কারণে সবচেয়ে বেশি স্বাস্থ্যঝুঁকিতে থাকেন। শরীরকে শীতল রাখতে পর্যাপ্ত পানি পান করা এবং অতিরিক্ত গরম থেকে সতর্ক থাকার পাশাপাশি শরীরের স্বাভাবিক তাপমাত্রা বজায় রাখার বিষয়ে সচেতনতা জরুরি।",5.33,2.74,5.33
news-52829564,যে কোন ব্যক্তির ভেতর যখন করোনাভাইরাস সংক্রমণের প্রাথমিক কিছু লক্ষণ দেখা দেয় তখন তিনি আতঙ্কিত হয়ে উঠেন।,"করোনাভাইরাসের কোনো সুনির্দিষ্ট চিকিৎসা না থাকায় আক্রান্তদের ৮০ শতাংশেরও বেশি বাড়িতে থেকে সুস্থ হওয়ার চেষ্টা করছেন। সংক্রমণের লক্ষণ দেখা দিলে দ্রুত নিজেকে পরিবারের অন্যদের থেকে বিচ্ছিন্ন করতে হবে এবং জ্বর বা কফের মতো উপসর্গের জন্য সাধারণ ঘরোয়া চিকিৎসা ও সতর্কতা অবলম্বন করতে হবে। আতঙ্কিত না হয়ে প্রচুর পানি পান করা, প্যারাসিটামল সেবন এবং চিকিৎসকের পরামর্শ অনুযায়ী স্বাস্থ্যবিধি মেনে চলাই সুস্থ হওয়ার মূল উপায়।",10.00,2.56,10.00
news-45744692,ক্রিস্টিয়ানো রোনালদোর বিরুদ্ধে আনা ধর্ষণের অভিযোগ পুরোপুরি অস্বীকার করেছেন তিনি।,১. ক্যাথরিন মায়োরগা নামক এক নারী ক্রিস্টিয়ানো রোনালদোর বিরুদ্ধে ২০০৯ সালে লাস ভেগাসের একটি হোটেলে ধর্ষণের অভিযোগ এনেছেন। ২. রোনালদো এই অভিযোগকে সম্পূর্ণ মিথ্যা ও নিজের বিশ্বাসের পরিপন্থী বলে প্রত্যাখ্যান করেছেন এবং যেকোনো তদন্তের মুখোমুখি হতে প্রস্তুত বলে জানিয়েছেন। ৩. অভিযোগকারী ২০০৯ সালে সমঝোতার মাধ্যমে বিষয়টি গোপন রাখলেও 'মি টু' আন্দোলনের অনুপ্রেরণায় এখন নতুন করে আইনি পদক্ষেপ নিচ্ছেন।,17.65,9.09,17.65
news-57063900,চীন তাদের রাজনৈতিকভাবে স্পর্শকাতর আদমশুমারির যে ফলাফল প্রকাশ করেছে - তাতে দেখা যাচ্ছে সেদেশের জনসংখ্যা এখন ১৪১ কোটির সামান্য কিছু বেশি।,"চীনের সর্বশেষ আদমশুমারির তথ্য অনুযায়ী, দেশটিতে জনসংখ্যা বৃদ্ধির হার গত কয়েক দশকের মধ্যে সর্বনিম্ন পর্যায়ে নেমে এসেছে এবং বয়স্ক মানুষের সংখ্যা দ্রুত বাড়ছে। এই পরিস্থিতি মোকাবিলায় এবং কর্মক্ষম শ্রমশক্তির জোগান বজায় রাখতে দম্পতিদের অধিক সন্তান গ্রহণে উৎসাহিত করার জন্য বেইজিংয়ের ওপর চাপ বাড়ছে। বিশ্লেষকদের মতে, জন্মহারের এই ঘাটতি কাটিয়ে উঠতে চীনকে উৎপাদনশীলতা বৃদ্ধির ওপর বিশেষ গুরুত্ব দিতে হবে।",5.13,0.00,5.13
news-55761742,এক বছর আগে ২৩শে জানুয়ারি ২০২০ সালে চীনের হুবেই প্রদেশের উহান শহর প্রথম লকডাউন করা হয়।,"উহানে করোনাভাইরাস প্রাদুর্ভাবের শুরুতে চীন ধীরগতিতে পদক্ষেপ নিলেও, পরবর্তীতে কঠোর লকডাউন ও বিধিনিষেধ আরোপের মাধ্যমে পরিস্থিতি নিয়ন্ত্রণে আনে। দীর্ঘ সময় বিচ্ছিন্ন থাকার পর বর্তমানে শহরটির জনজীবন প্রায় স্বাভাবিক অবস্থায় ফিরে এসেছে। বিশ্ব স্বাস্থ্য সংস্থা শুরুর দিকে চীনের পদক্ষেপের সমালোচনা করলেও, শেষ পর্যন্ত ভাইরাস মোকাবেলায় দেশটির কৌশলকে সফল হিসেবেই দেখা হচ্ছে।",6.06,0.00,3.03
news-46797204,নারীদের গাড়ি চালানোর ওপর থেকে নিষেধাজ্ঞা তুলে নেয়ার পর গত বছর বিশ্বজুড়ে সৌদি আরবের প্রশংসা করা হয়।,"সৌদি আরবে প্রচলিত 'পুরুষ অভিভাবকতন্ত্র' প্রথার কারণে নারীরা শিক্ষা, ভ্রমণ ও বিয়ের মতো গুরুত্বপূর্ণ সিদ্ধান্ত নেওয়ার ক্ষেত্রে চরম বৈষম্যের শিকার হচ্ছেন। যদিও সরকার কিছু ক্ষেত্রে বিধিনিষেধ শিথিল করেছে, তবুও আইনগত সুরক্ষার অভাবে নারীদের এখনো অপ্রাপ্তবয়স্কের মতো অভিভাবকের অনুমতির ওপর নির্ভর করতে হয়। জাতিসংঘের সনদ স্বাক্ষর সত্ত্বেও দেশটিতে নারীর প্রতি বৈষম্য দূর করার ক্ষেত্রে কার্যকর আইনি কাঠামোর অভাব রয়ে গেছে।",7.89,0.00,5.26
news-47648503,এক সপ্তাহ আগে নিউজিল্যান্ডের ক্রাইস্টচার্চে মসজিদে হামলায় ব্যবহার করা সব ধরনের সেমি-অটোমেটিক অস্ত্র নিষিদ্ধ করতে যাচ্ছে নিউজিল্যান্ডে সরকার। এমনটাই জানিয়েছেন দেশটির প্রধানমন্ত্রী জাসিন্ডা আরডের্ন।,"ক্রাইস্টচার্চে মসজিদে ভয়াবহ সন্ত্রাসী হামলার প্রেক্ষিতে নিউজিল্যান্ড সরকার দেশটিতে সব ধরনের সামরিক কায়দার সেমি-অটোমেটিক ও অ্যাসল্ট রাইফেল নিষিদ্ধ করার ঘোষণা দিয়েছে। প্রধানমন্ত্রী জাসিন্ডা আরডের্ন জানিয়েছেন, আগামী ১১ই এপ্রিল থেকে এই নতুন আইন কার্যকর হবে এবং নিষিদ্ধ অস্ত্রগুলো জমা নেওয়ার জন্য একটি বাই-ব্যাক স্কিম চালু করা হবে। জনগণের নিরাপত্তা নিশ্চিত করতে সরকার এই অস্ত্র সংস্কারের পেছনে বিপুল পরিমাণ অর্থ ব্যয় করতেও প্রস্তুত রয়েছে।",31.46,11.49,22.47
news-39614808,ঢাকা মেডিকেল কলেজ হাসাপাতালের বার্ন ইউনিটে চিকিৎসাধীন অবস্থায় মারা গেছেন প্রেস-সচিব মারুফ কামাল খানের স্ত্রী তানিয়া খান।,"বিএনপির চেয়ারপার্সনের প্রেস-সচিব মারুফ কামাল খানের স্ত্রী তানিয়া খান অগ্নিদগ্ধ হয়ে ঢাকা মেডিকেল কলেজ হাসপাতালে চিকিৎসাধীন অবস্থায় গত ১৪ এপ্রিল মৃত্যুবরণ করেছেন। এ ঘটনায় আদাবর থানায় একটি অপমৃত্যুর মামলা দায়ের করা হয়েছে এবং পুলিশ এটিকে আত্মহত্যা বলে সন্দেহ করছে। উল্লেখ্য, এর আগে ২০১৬ সালে তানিয়া খান তার স্বামীর বিরুদ্ধে নির্যাতনের অভিযোগ এনে মামলা করেছিলেন।",32.88,25.35,21.92
news-48324350,টার্মিনেটর তারকা হিসেবে সমধিক খ্যাতি পাওয়া মি. শোয়ার্জনেগার একসময় বডিবিল্ডার হিসেবে বিশ্বখ্যাত ছিলেন।,দক্ষিণ আফ্রিকায় একটি অনুষ্ঠানে যোগদানের সময় হলিউড তারকা আর্নল্ড শোয়ার্জনেগার পেছন থেকে এক ব্যক্তির অতর্কিত ফ্লাইং কিকের শিকার হন। নিরাপত্তারক্ষীরা দ্রুত তাকে নিরাপদ স্থানে সরিয়ে নেয় এবং হামলাকারীকে আটক করে পুলিশের কাছে হস্তান্তর করে। পরবর্তীতে শোয়ার্জনেগার টুইট করে জানান যে তিনি সুস্থ আছেন এবং ভক্তদের উদ্বেগের জন্য ধন্যবাদ জানান।,6.45,0.00,6.45
news-51264653,"আফগানিস্তানে একটি যাত্রীবাহী বিমান বিধ্বস্ত হয়েছে বলে কর্মকর্তারা জানিয়েছেন। তবে আফগান এয়ারলাইন্স আরিয়ানা জানিয়েছে, তাদের কোন বিমান বিধ্বস্ত হয়নি। ফলে বিধ্বস্ত বিমানের ব্যাপারে প্রশ্ন তৈরি হয়েছে।",আফগানিস্তানের গজনি প্রদেশে একটি বিমান বিধ্বস্ত হওয়ার ঘটনা ঘটলেও এর মালিকানা বা হতাহতের বিষয়ে এখনো কোনো নিশ্চিত তথ্য পাওয়া যায়নি। আরিয়ানা এয়ারলাইন্স ও আফগান বেসামরিক বিমান চলাচল কর্তৃপক্ষ তাদের কোনো বিমান নিখোঁজ হওয়ার খবর নাকচ করে দিয়েছে। এছাড়া যুক্তরাষ্ট্র বা নেটো বাহিনীও তাদের কোনো বিমান বিধ্বস্ত হওয়ার কথা অস্বীকার করেছে।,21.05,5.41,18.42
160418_traficked_bangladeshi_women_unlawfully_kept_in_indian_jails,ভারতের পশ্চিমবঙ্গে মানবাধিকার সংগঠনগুলো অভিযোগ করেছে বাংলাদেশ থেকে পাচার হয়ে আসা বহু মহিলাকে আটক করার পর বেআইনিভাবে জেলে রাখা হচ্ছে – যদিও স্বরাষ্ট্র মন্ত্রণালয়ের স্পষ্ট নির্দেশ আছে তাদের সরকারি হোমে রাখতে হবে।,কাজের সন্ধানে সীমান্ত পেরিয়ে ভারতে প্রবেশের সময় আটক তিন বাংলাদেশী নারীর বিরুদ্ধে ফরেনার্স অ্যাক্টে মামলা দায়ের করায় মানবাধিকার কর্মীরা ক্ষোভ প্রকাশ করেছেন। সীমান্তরক্ষী বাহিনীর (বিএসএফ) দুর্নীতি ও অব্যবস্থাপনার কারণে প্রকৃত পাচারের শিকার ব্যক্তিদের শনাক্ত করা কঠিন হয়ে পড়ছে। ভুক্তভোগীদের পাচারের শিকার কি না তা যাচাইয়ের যথাযথ প্রক্রিয়া অনুসরণ না করায় তারা আইনি সহায়তা ও প্রাপ্য সুবিধা থেকে বঞ্চিত হচ্ছেন।,6.67,0.00,4.44
news-40319155,"""দুধের জন্য ধন্যবাদ তুরস্ক!"" কয়দিন আগে টুইটারে এমন একটি মন্তব্য করেন কাতারের এক নাগরিক।",আরব দেশগুলোর আরোপিত অবরোধের মুখে পড়া কাতারে খাদ্য সংকট এড়াতে তুরস্ক জরুরি ভিত্তিতে বিপুল পরিমাণ খাদ্যসামগ্রী পাঠাচ্ছে। তুরস্কের প্রেসিডেন্ট এরদোয়ান এই অবরোধকে অমানবিক ও অনৈসলামিক আখ্যা দিয়ে কাতারের প্রতি পূর্ণ সমর্থন ব্যক্ত করেছেন। খাদ্য সহায়তার পাশাপাশি তুরস্ক কূটনৈতিক ও সামরিকভাবেও কাতারকে রক্ষায় সক্রিয় ভূমিকা পালন করছে।,6.67,0.00,6.67
news-56931107,বিশ্বের অন্যতম বৃহৎ টিকা উৎপাদনকারী দেশ ভারতেই কোভিড ভ্যাক্সিনের জন্য সঙ্কট চরমে পৌঁছেছে।,টিকার তীব্র সংকটের কারণে রাজধানী দিল্লি ও মুম্বাইসহ দেশের বিভিন্ন প্রান্তে টিকাকরণ কর্মসূচি কার্যত মুখ থুবড়ে পড়েছে। ভারত বায়োটেক টিকা সরবরাহ করতে অপারগতা জানানোয় দিল্লিতে শতাধিক টিকাকরণ কেন্দ্র বন্ধ হয়ে গেছে। কেন্দ্র সরকার টিকার সরবরাহ নিয়ন্ত্রণ করছে বলে অভিযোগ তুলে দিল্লির রাজ্য সরকার এই পরিস্থিতির জন্য কেন্দ্রীয় নীতিকে দায়ী করেছে।,6.35,0.00,6.35
news-52518908,প্রথমবারের মতো একদল রোহিঙ্গাকে সাগর থেকে উদ্ধারের পর নোয়াখালীর ভাসানচরে পাঠানো হয়েছে।,কক্সবাজার উপকূল থেকে কোস্টগার্ড কর্তৃক উদ্ধারকৃত ২৯ জন রোহিঙ্গাকে ভাসানচরের আশ্রয়কেন্দ্রে কোয়ারেন্টিনে রাখা হয়েছে। করোনাভাইরাস পরিস্থিতির কারণে তাদের আপাতত রোহিঙ্গা শিবিরে স্থানান্তর করা সম্ভব না হওয়ায় এই সিদ্ধান্ত নেওয়া হয়েছে। স্বাস্থ্যসেবা ও খাবার প্রদানের পর তাদের শারীরিক ও মানসিক অবস্থা স্থিতিশীল হলে পরবর্তী পদক্ষেপ গ্রহণ করা হবে।,13.56,0.00,6.78
news-47766524,ঢাকার বনানীতে ২০ তলা একটি বহুতল ভবন। ভবনটিতে ঢুকতে গিয়ে নিচ তলায় কোন অগ্নি নির্বাপন যন্ত্র চোখে পড়লো না।,"এফআর টাওয়ারে অগ্নিকাণ্ডের পর ভবনটিতে অগ্নি-নির্বাপণ ব্যবস্থা ও জরুরি নির্গমনের কোনো অস্তিত্ব না থাকার ভয়াবহ চিত্র ফুটে উঠেছে। জরিপ অনুযায়ী, দেশের অধিকাংশ বহুতল ভবনই অগ্নি-নিরাপত্তার চরম ঝুঁকিতে রয়েছে এবং এ বিষয়ে কার্যকর নজরদারির অভাব স্পষ্ট। কাঠামোগত ত্রুটির পাশাপাশি ভবন ব্যবহারকারীদের সচেতনতার অভাবও বড় ধরনের বিপর্যয় ডেকে আনছে।",14.71,0.00,8.82
news-46066573,ভেগান বা নিরামিষাশীদের খাদ্য তালিকায় কোনো প্রকার প্রাণীর কোনো মাংস থাকে না।,"ভেগানরা কেবল মাংস নয়, বরং প্রাণী থেকে প্রাপ্ত কোনো খাদ্য বা পণ্যই ব্যবহার করেন না, যা তাদের সাধারণ নিরামিষাশীদের চেয়ে আলাদা করে তোলে। ১৯৪৪ সালে ডোনাল্ড ওয়াটসন 'ভেগান' শব্দটি প্রবর্তন করলেও, প্রাণীর প্রতি মমত্ববোধ থেকে মাংস বর্জনের এই চর্চা আড়াই হাজার বছর আগে প্রাচীন ভারত ও গ্রিসে পিথাগোরাসের হাত ধরে শুরু হয়েছিল। মূলত প্রাণীদের প্রতি নিষ্ঠুরতা রোধ ও নৈতিকতার জায়গা থেকেই বিশ্বজুড়ে এই ভেগান আন্দোলনের প্রসার ঘটেছে।",20.25,0.00,10.13
news-55308586,বাংলাদেশে বিরোধীদল বিএনপি রোহিঙ্গা সংকট সমাধানে আওয়ামী লীগ সরকারের বিরুদ্ধে কূটনৈতিক এবং রাজনৈতিক ব্যর্থতার অভিযোগ এনেছে।,"আন্তর্জাতিক সংস্থাগুলোর আপত্তি সত্ত্বেও ১৬৪২ জন রোহিঙ্গাকে ভাসানচরে স্থানান্তরের সরকারি সিদ্ধান্তের তীব্র সমালোচনা করেছে বিএনপি। দলটির মহাসচিব মির্জা ফখরুল ইসলাম আলমগীর অভিযোগ করেছেন যে, এই পদক্ষেপ রোহিঙ্গাদের মিয়ানমারে প্রত্যাবাসনের ক্ষেত্রে নতুন প্রতিবন্ধকতা সৃষ্টি করবে এবং সরকারের কূটনৈতিক ব্যর্থতাকে আড়াল করবে। তবে পররাষ্ট্রমন্ত্রী এ কে আব্দুল মোমেন বিএনপির এই অভিযোগকে ভিত্তিহীন ও কল্পনাপ্রসূত বলে প্রত্যাখ্যান করেছেন।",14.08,0.00,8.45
news-54108787,ঢাকার বঙ্গবন্ধু শেখ মুজিব মেডিকেল বিশ্ববিদ্যালয়ের হৃদরোগ বিভাগের সহযোগী অধ্যাপক হিমেল সাহা বলছেন বাংলাদেশে যত মানুষ হৃদরোগে আক্রান্ত হন তার বেশিরভাগের জন্যই দায়ী এই ট্রান্সফ্যাট।,বাংলাদেশে হৃদরোগে মৃত্যুর অন্যতম প্রধান কারণ হলো অস্বাস্থ্যকর খাবার ও প্রক্রিয়াজাত খাদ্যে থাকা মাত্রাতিরিক্ত ট্রান্সফ্যাট। সাধারণ মানুষ এসব খাবারে ট্রান্সফ্যাটের উপস্থিতি সম্পর্কে সচেতন নন এবং প্যাকেটজাত খাবারেও এ সংক্রান্ত পর্যাপ্ত সতর্কবার্তা থাকে না। তাই জনস্বাস্থ্য রক্ষায় ট্রান্সফ্যাটযুক্ত খাবারের ঝুঁকি সম্পর্কে সচেতনতা বৃদ্ধি এবং কঠোর নিয়ন্ত্রণ ব্যবস্থা গ্রহণ করা জরুরি।,10.81,0.00,8.11
news-47078843,রক্ষণশীল দেশ সৌদি আরবে নিজের বাড়িতে নির্যাতন এবং দমন পীড়নের অভিযোগ তুলে প্রতিবছর শত শত নারী পশ্চিমা দেশগুলোয় পালিয়ে যাচ্ছে। তাদের অনেকের পছন্দের জায়গাগুলোর একটি যুক্তরাজ্য।,সৌদি আরবের কঠোর অভিভাবকত্ব আইন ও সামাজিক বিধিনিষেধের কারণে প্রতিবছর অনেক নারী উন্নত জীবন ও স্বাধীনতার খোঁজে দেশ ছেড়ে বিদেশে পাড়ি জমাচ্ছেন। রাহাফ মোহাম্মদ আল-কুনানের মতো অনেক তরুণীই পরিবারের নিয়ন্ত্রণ ও ধর্মীয় বাধ্যবাধকতা থেকে মুক্তি পেতে জীবনের ঝুঁকি নিয়ে বিদেশে আশ্রয় নিচ্ছেন। মূলত ব্যক্তিগত স্বাধীনতা ও মৌলিক অধিকারের অভাবে অতিষ্ঠ হয়েই সৌদি নারীরা এমন কঠিন পথ বেছে নিতে বাধ্য হচ্ছেন।,9.20,0.00,6.90
news-50209401,"তেসরা নভেম্বর, অর্থাৎ আসছে সপ্তাহের রোববার থেকেই শুরু হচ্ছে প্রতিক্ষিত ও আলোচিত বাংলাদেশ বনাম ভারত সিরিজ।","সাম্প্রতিক ধর্মঘট, সাকিবের বিরুদ্ধে বোর্ডের কঠোর অবস্থান এবং মুশফিকের অনাকাঙ্ক্ষিত আচরণে বাংলাদেশ ক্রিকেট দলের খেলোয়াড়দের মধ্যে এক ধরনের অস্থিরতা ও নেতিবাচক মানসিক অবস্থা বিরাজ করছে। ক্রিকেট বিশ্লেষকদের মতে, বোর্ড ও খেলোয়াড়দের মধ্যকার এই দ্বন্দ্ব দ্রুত নিরসন না হলে আসন্ন ভারত সফরের পারফরম্যান্সে এর নেতিবাচক প্রভাব পড়ার আশঙ্কা রয়েছে। এমতাবস্থায়, মাঠের বাইরের এই অস্থিরতা কাটিয়ে ভারতের বিপক্ষে টেস্ট চ্যাম্পিয়নশিপের চ্যালেঞ্জ মোকাবিলাই এখন দলের জন্য বড় পরীক্ষা।",7.41,0.00,4.94
news-48263085,মুসলিম বিরোধী সহিংসতা বৃদ্ধি পাওয়ায় শ্রীলংকায় দেশব্যাপী রাত্রিকালীন কারফিউ জারি করা হয়েছে।,"ইস্টার সানডেতে ভয়াবহ সন্ত্রাসী হামলার পর শ্রীলঙ্কায় সাম্প্রদায়িক উত্তেজনা ছড়িয়ে পড়েছে এবং কিনিয়ামাসহ বিভিন্ন স্থানে মসজিদ ও মুসলিম ব্যবসা প্রতিষ্ঠানে হামলার ঘটনা ঘটেছে। সহিংসতা নিয়ন্ত্রণে পুলিশ কাঁদানে গ্যাস ও ফাঁকা গুলি ছুড়েছে এবং পরিস্থিতি সামাল দিতে রাত্রিকালীন কারফিউ জারি করা হয়েছে। প্রধানমন্ত্রী রানিল বিক্রমাসিংহ দেশবাসীকে শান্ত থাকার আহ্বান জানিয়ে বলেছেন যে, এই অস্থিরতা ভয়াবহ হামলার তদন্ত প্রক্রিয়াকে ব্যাহত করছে।",16.90,8.70,16.90
151109_pg_global_temperature_new_record,"ব্রিটিশ বিজ্ঞানীরা বলছেন, এ বছরই বিশ্বের তাপমাত্রা বৃদ্ধির হার একটি উদ্বেগজনক মাত্রায় পৌঁছাবে।","যুক্তরাজ্যের আবহাওয়া দপ্তরের তথ্য অনুযায়ী, শিল্পোন্নত যুগের তুলনায় এ বছর পৃথিবীর গড় তাপমাত্রা প্রথমবারের মতো এক ডিগ্রি সেলসিয়াস অতিক্রম করতে যাচ্ছে। বিজ্ঞানীরা সতর্ক করেছেন যে, তাপমাত্রা দুই ডিগ্রির বেশি বৃদ্ধি পেলে জলবায়ুর ওপর ভয়াবহ ও অনিয়ন্ত্রিত প্রভাব পড়বে। প্যারিসে অনুষ্ঠিতব্য গুরুত্বপূর্ণ জলবায়ু সম্মেলনের প্রাক্কালে গ্রিনহাউস গ্যাসের রেকর্ড পরিমাণ বৃদ্ধি ও চরমভাবাপন্ন আবহাওয়ার এই পূর্বাভাস বিশ্বজুড়ে গভীর উদ্বেগের সৃষ্টি করেছে।",8.33,0.00,5.56
news-48079702,বাংলাদেশে জামায়াতে ইসলামীর সংস্কারপন্থী একটি অংশের নেতারা আগামী কয়েক মাসের মধ্যে একটি নতুন রাজনৈতিক দল গঠনের কথা ঘোষণা করেছেন।,"জামায়াতে ইসলামী থেকে বহিষ্কৃত নেতা মজিবুর রহমান মঞ্জু মুক্তিযুদ্ধের বিরোধিতার দায়ভার বহন না করার প্রত্যয় নিয়ে ‘জন আকাঙ্ক্ষার বাংলাদেশ’ নামে নতুন রাজনৈতিক দল গঠনের ঘোষণা দিয়েছেন। সংস্কারপন্থী এই উদ্যোগের ফলে জামায়াতের তরুণ প্রজন্মের মধ্যে প্রভাব পড়ার সম্ভাবনা তৈরি হলেও, দলটির বর্তমান নেতৃত্ব একে কোনো হুমকি হিসেবে দেখছে না। মূলত মুক্তিযুদ্ধে জামায়াতের ভূমিকা নিয়ে ক্ষমা চাওয়া ও অভ্যন্তরীণ সংস্কারের দাবিকে কেন্দ্র করেই এই নতুন রাজনৈতিক ধারার সূচনা হয়েছে।",18.60,7.14,13.95
news-53373932,"বাংলাদেশে করোনাভাইরাসে আক্রান্ত হয়ে শনিবার পর্যন্ত ২,৩০৫ জনের মৃত্যু হয়েছে। আক্রান্ত হয়েছে এক লাখ ৮১ হাজারের বেশি মানুষ।",বাংলাদেশে করোনাভাইরাসে আক্রান্ত ও মৃত্যুর সংখ্যা বাড়ার পাশাপাশি আক্রান্তদের পরিবারগুলো তীব্র মানসিক ট্রমা ও সামাজিক বিচ্ছিন্নতার শিকার হচ্ছে। আক্রান্ত ব্যক্তিদের পরিবারকে প্রতিবেশীদের নেতিবাচক আচরণ ও একঘরে হয়ে থাকার মতো কঠিন পরিস্থিতির মধ্য দিয়ে যেতে হচ্ছে। প্রিয়জন হারানোর শোকের পাশাপাশি সামাজিক অবজ্ঞা ও ভীতি তাদের জীবনকে আরও বিপর্যস্ত করে তুলছে।,11.76,6.06,11.76
news-55002738,যুক্তরাষ্ট্রের প্রেসিডেন্ট নির্বাচনে বিজয়ী জো বাইডেন তার প্রশাসনে গুরুত্বপূর্ণ পদগুলোতে কারা থাকবেন তা ঠিক করছেন এখন।,"জো বাইডেন তার পররাষ্ট্রনীতি বিষয়ক দলের গুরুত্বপূর্ণ পদে এ্যান্টনি ব্লিংকেন, লিন্ডা টমাস-গ্রিনফিল্ড এবং জেইক সুলিভ্যানকে মনোনীত করেছেন, যারা ওবামা প্রশাসনের অভিজ্ঞ ও বিশ্বস্ত হিসেবে পরিচিত। এই নিয়োগের মাধ্যমে বাইডেন মধ্যপন্থী ও অভিজ্ঞ কূটনৈতিক ধারায় ফেরার বার্তা দিলেও, পুরোনো ধ্যান-ধারণা ফিরে আসার আশঙ্কা নিয়ে সমালোচনার সৃষ্টি হয়েছে। মনোনীত এই ব্যক্তিরা যথাক্রমে পররাষ্ট্রমন্ত্রী, জাতিসংঘে মার্কিন দূত এবং জাতীয় নিরাপত্তা উপদেষ্টা হিসেবে দায়িত্ব পালন করবেন।",10.00,5.13,10.00
news-48366795,এই প্রথম ব্রিটেনের সবচেয়ে মর্যাদাপূর্ণ সাহিত্য পুরস্কার জিতেছেন একজন আরব লেখিকা। এ বছরের ম্যানবুকার পুরস্কার জয়ী এই ওমানি লেখিকার নাম জোখা আলহারথি।,ওমানের প্রেক্ষাপটে লেখা 'সেলেস্টিয়াল বডিস' উপন্যাসের জন্য জোখা আলহারথি মর্যাদাপূর্ণ ম্যানবুকার পুরস্কার অর্জন করেছেন। তিন বোনের জীবনের মধ্য দিয়ে ওমানের সামাজিক ও সাংস্কৃতিক পরিবর্তনের চিত্র তুলে ধরায় বিচারকরা লেখিকার শৈল্পিক দক্ষতার ভূয়সী প্রশংসা করেছেন। এই পুরস্কার প্রাপ্তি ওমানি সংস্কৃতির জন্য বিশ্বদরবারে এক নতুন দুয়ার উন্মোচন করেছে বলে লেখিকা মন্তব্য করেছেন।,27.78,5.71,13.89
news-51961180,ভারতের সব নাগরিককে আগামী রবিবার ১৪ ঘণ্টার জন্য গৃহবন্দী থাকার পরামর্শ দিয়েছেন ভারতের প্রধানমন্ত্রী নরেন্দ্র মোদী।,"করোনাভাইরাস মোকাবিলায় ভারতের প্রধানমন্ত্রী নরেন্দ্র মোদী আগামী ২২শে মার্চ দেশজুড়ে স্বেচ্ছায় 'জনতা কারফিউ' পালনের আহ্বান জানিয়েছেন। এই কর্মসূচির মাধ্যমে দেশব্যাপী সচেতনতা ও প্রস্তুতির বিষয়টি যাচাই করা হবে এবং জরুরি সেবার সাথে যুক্তদের প্রতি কৃতজ্ঞতা প্রকাশ করা হবে। এছাড়া, প্রধানমন্ত্রী নাগরিকদের এই বার্তাটি অন্যদের মাঝে ছড়িয়ে দিতে এবং জরুরি কর্মীদের প্রতি মানবিক আচরণ বজায় রাখার অনুরোধ জানিয়েছেন।",13.89,8.57,11.11
news-51697733,"''শিশুদের পরিত্যাগ করা নিষিদ্ধ'', ভেনেজুয়েলার সড়কের পাশের দেয়াল জুড়ে এই বার্তা লিখে রেখেছেন শিল্পী এরিক মেহিকানো। রাজধানী কারাকাসে তার অ্যাপার্টমেন্ট ভবনের কাছাকাছি একটি ময়লার স্তূপে সদ্যজাত একটি শিশু পাওয়ার পর তিনি এই উদ্যোগ নেন।",ভেনেজুয়েলার চরম অর্থনৈতিক সংকটের কারণে খাদ্য ও জন্মনিরোধক সামগ্রীর অভাব দেখা দেওয়ায় অনাকাঙ্ক্ষিত গর্ভধারণ ও শিশু পরিত্যাগের হার আশঙ্কাজনকভাবে বৃদ্ধি পেয়েছে। কঠোর গর্ভপাত আইন এবং সরকারি উদাসীনতার ফলে অসহায় অভিভাবকরা শিশুদের রাস্তায় ফেলে দিতে বাধ্য হচ্ছেন। এই সংকট মোকাবিলায় সরকারি উদ্যোগের অভাবে বিভিন্ন দাতব্য সংস্থা ও সমাজকর্মীরা শিশুদের সুরক্ষায় কাজ করে যাচ্ছেন।,9.30,0.00,6.98
news-43779660,"লন্ডনে কমনওয়েলথ নেতারা একটি সম্মেলনে মিলিত হতে যাচ্ছেন। এখানে কমনওয়েলথ সম্পর্কে সাতটি তথ্য তুলে ধরা হল, যা হয়তো আপনি জানেন না। ১. বিশ্বের এক তৃতীয়াংশ মানুষের সংগঠন","বিশ্বের মোট জনসংখ্যার প্রায় এক-তৃতীয়াংশ মানুষ কমনওয়েলথভুক্ত দেশগুলোতে বসবাস করে, যার একটি বড় অংশই তরুণ এবং এদের মধ্যে ভারত জনবহুল দেশ হিসেবে শীর্ষে। ব্রিটিশ সাম্রাজ্যের অংশ না হওয়া সত্ত্বেও অনেক দেশ এই জোটে যোগ দিয়েছে, আবার বিভিন্ন রাজনৈতিক কারণে বেশ কিছু দেশ বিভিন্ন সময়ে এর সদস্যপদ ত্যাগ করেছে বা স্থগিত হয়েছে। বর্তমানে কমনওয়েলথের ৫৩টি সদস্য দেশের মধ্যে মাত্র ১৬টি দেশের রাষ্ট্রপ্রধান ব্রিটেনের রানী এবং বাকি দেশগুলো নিজস্ব শাসনব্যবস্থায় পরিচালিত হয়।",8.16,0.00,4.08
news-40996003,ব্রিটেনের হাউজ অব পার্লামেন্টের অন্যতম একটি অংশ 'বিগ বেন' এবং এর ঘন্টাধ্বনি। কিন্তু আজ সোমবার থেকে এই ঘন্টাধ্বনি বন্ধ হয়ে যাচ্ছে।,সংস্কার কাজের জন্য ১৫৭ বছর ধরে সচল থাকা বিগ বেনের ঘণ্টাধ্বনি ২০২১ সাল পর্যন্ত বন্ধ রাখার সিদ্ধান্ত নেওয়া হয়েছে। আজ সোমবার শেষবারের মতো ঘণ্টাটি বাজার সময় ব্রিটিশ এমপিরা এর প্রতি সম্মান জানাবেন। তবে দীর্ঘ সময় ঘণ্টা বন্ধ রাখার বিষয়টি নিয়ে বিতর্ক তৈরি হওয়ায় কর্তৃপক্ষ পুনরায় সময়সীমা পর্যালোচনার আশ্বাস দিয়েছে।,14.29,2.94,11.43
news-44063966,মালয়েশিয়ার সাধারণ নির্বাচনে বিশাল জয় পেয়েছেন দীর্ঘদিন পর রাজনীতিতে ফিরে আসা ৯২ বছর বয়সী সাবেক প্রধানমন্ত্রী মাহাথির মোহাম্মদ।,মালয়েশিয়ার সাধারণ নির্বাচনে নাজিব রাজাকের নেতৃত্বাধীন ক্ষমতাসীন জোটকে পরাজিত করে মাহাথির মোহাম্মদের নেতৃত্বাধীন বিরোধী জোট সরকার গঠনের প্রয়োজনীয় সংখ্যাগরিষ্ঠতা অর্জন করেছে। দুর্নীতি ও স্বজনপ্রীতির বিরুদ্ধে সোচ্চার মাহাথির মোহাম্মদ বৃহস্পতিবার বিশ্বের সবচেয়ে বয়স্ক প্রধানমন্ত্রী হিসেবে শপথ গ্রহণ করবেন। এর মাধ্যমে দেশটিতে স্বাধীনতার পর থেকে ক্ষমতায় থাকা বারিসান ন্যাশনাল কোয়ালিশনের দীর্ঘ শাসনের অবসান ঘটল।,20.00,8.82,14.29
news-54140628,মোয়াসেস ক্যাম্পির পরিষ্কার মনে আছে ৯ই সেপ্টেম্বরের ওই ঘটনা। বিশেষ করে তার কানে এখনো বাজছে সেই শব্দটা।,ব্রাজিলের আমাজন অঞ্চলে বিচ্ছিন্ন আদিবাসী গোষ্ঠীর ওপর নজরদারি ও সুরক্ষার কাজে নিয়োজিত প্রখ্যাত বিশেষজ্ঞ রাইলি ফ্রান্সিসকাটো এক অতর্কিত তীর হামলায় নিহত হয়েছেন। রন্ডনিয়া প্রদেশের একটি সংরক্ষিত এলাকায় দায়িত্ব পালনকালে আদিবাসীদের নিক্ষিপ্ত তীরের আঘাতে ঘটনাস্থলেই তার মৃত্যু হয়। আমাজনের এই দুর্গম অঞ্চলে বাইরের জগতের সাথে যোগাযোগহীন উপজাতিদের সুরক্ষা নিশ্চিত করতে গিয়েই তিনি প্রাণ হারালেন।,2.86,0.00,2.86
news-50207082,"বিদেশে কাজ করতে যান, বিশেষ করে ইউরোপ বা আমেরিকায়, এমন কারো কাছে 'বডি কন্ট্রাক্ট' শব্দটি খুব পরিচিত একটি শব্দ। এটি একটি চুক্তির নাম।","বাংলাদেশি শ্রমিকেরা অনেক সময় দালালদের সাথে 'বডি কন্ট্রাক্ট' বা শরীর চুক্তির মাধ্যমে অত্যন্ত ঝুঁকিপূর্ণ ও অবৈধ পথে বিদেশে পাড়ি জমান। এই চুক্তির শর্ত অনুযায়ী, শ্রমিক নিরাপদে গন্তব্যে পৌঁছানোর পরই কেবল এজেন্টকে টাকা পরিশোধ করতে হয়। তবে এই অনিশ্চিত যাত্রাপথে প্রাণহানি, নির্যাতন ও প্রতারণার শিকার হওয়ার ঝুঁকি অত্যন্ত প্রবল।",16.90,2.90,8.45
news-52717893,"আবহাওয়া অধিদপ্তরের বিশেষ বিজ্ঞপ্তিতে জানানো হয়েছে যে সুপার সাইক্লোন আম্পান আজ (মঙ্গলবার) বেলা বারটায় চট্টগ্রাম সমুদ্রবন্দর থেকে ৮১০ কিলোমিটার, মংলা থেকে ৬৯৫ ও পায়রা সমুদ্র বন্দর থেকে ৬৯০ কিলোমিটার দক্ষিণ-দক্ষিণ পশ্চিমে অবস্থান করছিলো।",ঘূর্ণিঝড় আম্পান উত্তর-উত্তরপূর্ব দিকে অগ্রসর হয়ে কাল ভোররাত থেকে সন্ধ্যার মধ্যে সুন্দরবন সংলগ্ন ভারত-বাংলাদেশ উপকূল অতিক্রম করতে পারে। অতি প্রবল এই ঘূর্ণিঝড়ের প্রভাবে উপকূলীয় অঞ্চলে ৫ থেকে ১০ ফুট উচ্চতার জলোচ্ছ্বাসের আশঙ্কা রয়েছে। পরিস্থিতি মোকাবিলায় মোংলা ও পায়রা বন্দরসহ উপকূলীয় জেলাগুলোতে ৭ নম্বর বিপদসংকেত এবং চট্টগ্রাম ও কক্সবাজারে ৬ নম্বর বিপদসংকেত জারি করা হয়েছে।,11.11,0.00,8.89
151030_bd_paira_port,"বাংলাদেশের দক্ষিণাঞ্চলে নতুন যে সমুদ্রবন্দরটি গড়ে তোলা হচ্ছে, সেটি আগামী দুই মাসের মধ্যেই আংশিকভাবে আমদানি-রপ্তানি কার্যক্রম শুরু করতে পারবে বলে কর্মকর্তারা বলছেন।","বাংলাদেশে ক্রমবর্ধমান আমদানি-রপ্তানি বাণিজ্যের চাপ সামলাতে পটুয়াখালীর রাবনাবাদ চ্যানেলে দেশের তৃতীয় সমুদ্রবন্দর হিসেবে পায়রা বন্দর নির্মাণ করা হচ্ছে। তবে ব্যবসায়ীদের মতে, উন্নত সড়ক ও রেল যোগাযোগ এবং পদ্মা সেতুর সংযোগ ছাড়া এই বন্দরের পূর্ণ সক্ষমতা ব্যবহার করা সম্ভব নয়। বিশেষজ্ঞরা মনে করছেন, দেশের অর্থনীতির চাকা সচল রাখতে এবং বন্দরের ওপর চাপ কমাতে এই গভীর সমুদ্রবন্দরটি অত্যন্ত গুরুত্বপূর্ণ ভূমিকা রাখবে।",9.64,2.47,4.82
news-37304627,বাংলাদেশের রাজধানী ঢাকার কয়েকটি এলাকায় অভিযান চালিয়ে এক কোটি টাকার বেশি জাল নোট উদ্ধারের কথা জানিয়েছে র‍্যাব।,"আসন্ন কুরবানি ঈদকে সামনে রেখে ঢাকা থেকে জালনোট তৈরির অভিযোগে পাঁচজনকে আটক করেছে র‍্যাব। ঈদ উপলক্ষে বাজারে জাল টাকা ছড়িয়ে পড়ার আশঙ্কা থাকায় পুলিশ ও বাংলাদেশ ব্যাংক বিশেষ সতর্কতামূলক ব্যবস্থা গ্রহণ করেছে। এছাড়া, পশুর হাটে জালনোট শনাক্তকরণ মেশিন ও অর্থ পরিবহনে বিশেষ নিরাপত্তা সুবিধা দেওয়ার ঘোষণা দিয়েছে ঢাকা মেট্রোপলিটন পুলিশ।",8.70,2.99,5.80
news-41897316,মার্কিন প্রেসিডেন্ট নির্বাচনের প্রচারণার সময় থেকেই ডোনাল্ড ট্রাম্পের কন্যা রয়েছেন আলোচনায়।,মার্কিন প্রেসিডেন্ট ডোনাল্ড ট্রাম্পের উপদেষ্টা হিসেবে ইভাঙ্কা ট্রাম্প তার পিতার এশিয়া সফরের প্রাক-প্রস্তুতির অংশ হিসেবে জাপান সফর করেছেন। টোকিওতে তিনি বিভিন্ন গুরুত্বপূর্ণ অনুষ্ঠানে অংশ নিয়ে ফ্যাশন ও নারীর নিরাপত্তাসহ নানা বিষয়ে বক্তব্য রাখেন। জাপানি নারীরা ইভাঙ্কার ফ্যাশন ও রাজনীতির সমন্বয় করার দক্ষতাকে ইতিবাচকভাবে দেখছেন এবং তার কর্মতৎপরতাকে অনুপ্রেরণাদায়ক মনে করছেন।,12.90,6.67,12.90
news-41759180,ব্রিটিশ নারী রেবেকা ব্রাউনের পালক অভিভাবকেরা পাকিস্তানি মুসলিম।,১২ বছর বয়স থেকে মুসলিম পালক বাবা-মায়ের সঙ্গে বেড়ে ওঠা রেবেকা ব্রাউন তাঁর পরিবার নিয়ে সামাজিক কুসংস্কার ও বিরূপ মন্তব্যের শিকার হচ্ছেন। গণমাধ্যমে তাঁকে জোরপূর্বক মুসলিম পরিবারে রাখা হয়েছে বলে ভুল তথ্য ছড়ালে তিনি তা প্রত্যাখ্যান করে নিজের পালক বাবা-মাকেই প্রকৃত পরিবার বলে দাবি করেন। মূলত একটি আইনি মামলার প্রেক্ষিতে আলোচিত এই ঘটনাটি নিয়ে রেবেকা এখন জনসমক্ষে নিজের অবস্থান পরিষ্কার করছেন।,8.45,0.00,5.63
news-51233805,সমুদ্র থেকে লাফিয়ে উঠে একটি মাছ তার ঘাড় ছিদ্র করে ফেলে এবং সেই অবস্থাতেই তিনি সাঁতরে তীরে পৌঁছে হাসপাতালের দিকে ছোটেন - এভাবেই নিজের সাথে ঘটে যাওয়া অদ্ভূত ঘটনার বর্ণনা দিচ্ছিলেন ইন্দোনেশিয়ার এক কিশোর।,সমুদ্রে মাছ ধরার সময় একটি তীক্ষ্ণ ঠোঁটের 'নীডলফিশ' লাফিয়ে উঠে ১৬ বছর বয়সী মুহম্মদ ইদুলের ঘাড় এফোঁড়-ওফোঁড় করে দেয়। গুরুতর আহত অবস্থায় অসীম সাহসিকতায় সাঁতরে তীরে ফিরে এবং দ্রুত হাসপাতালে গিয়ে তিনি প্রাণ রক্ষা করেন। বর্তমানে চিকিৎসকদের সঠিক চিকিৎসা ও বন্ধুর সহায়তায় সুস্থ হয়ে ওঠা ইদুলের এই অবিশ্বাস্য বেঁচে ফেরার ঘটনাটি সামাজিক যোগাযোগ মাধ্যমে ব্যাপক আলোচনার জন্ম দিয়েছে।,17.39,2.22,8.70
news-46354209,আন্তর্জাতিক জলসীমা লঙ্ঘনের অভিযোগে রাশিয়া ইউক্রেনের নৌবাহিনীর তিনটি জাহাজ আটকের পর দু'দেশের মধ্যে এখন তীব্র উত্তেজনা বিরাজ করছে।,"কের্চ স্ট্রেইট অতিক্রমের সময় রাশিয়ার নৌবাহিনী ইউক্রেনের তিনটি জাহাজ আটক করেছে, যার ফলে উভয় দেশের মধ্যে তীব্র উত্তেজনা সৃষ্টি হয়েছে। এই ঘটনায় ইউক্রেনের ছয়জন নাবিক আহত হয়েছেন এবং জাহাজগুলো অকার্যকর হয়ে পড়েছে। সাম্প্রতিক বছরগুলোতে দুই দেশের সশস্ত্র বাহিনীর মধ্যে সরাসরি সংঘর্ষের এটিই প্রথম ঘটনা, যা অঞ্চলটিতে নতুন করে অস্থিরতা তৈরি করেছে।",20.00,8.82,20.00
151209_anti_corruption_day,"বাংলাদেশে যে প্রত্যাশা নিয়ে দুর্নীতি দমন কমিশন গঠিত হয়েছিল, সেটা খুব একটা পূরণ করতে পারেনি প্রতিষ্ঠানটি।","আন্তর্জাতিক দুর্নীতি প্রতিরোধ দিবস উপলক্ষে টিআইবির নির্বাহী পরিচালক ড. ইফতেখারুজ্জামান বলেছেন, দুর্নীতি দমন কমিশন (দুদক) প্রত্যাশা অনুযায়ী কার্যকর ভূমিকা রাখতে ব্যর্থ হয়েছে। তিনি জানান, উচ্চপদস্থ কর্মকর্তাদের জিজ্ঞাসাবাদের আওতায় আনা হলেও তাদের বিচারের মুখোমুখি করার ক্ষেত্রে কমিশন খুব একটা সক্রিয় নয়। রাজনৈতিক ও প্রশাসনিক প্রভাবের কারণে দুদক অনেক ক্ষেত্রে দায়মুক্তি দিয়ে দিচ্ছে, যা প্রতিষ্ঠানটির কার্যকারিতা ও নিরপেক্ষতা নিয়ে প্রশ্ন তুলছে।",16.00,8.22,13.33
news-40769203,ভারতে বসবাসকারী বাংলাদেশী লেখিকা তসলিমা নাসরিনকে স্থানীয় জনতার বিক্ষোভের মুখে মহারাষ্ট্রের আওরঙ্গাবাদ বিমানবন্দর থেকে শনিবার রাতে ফিরে যেতে হয়েছে।,১. আওরঙ্গাবাদ বিমানবন্দরে পৌঁছানোর পর কট্টরপন্থী সংগঠনের তীব্র বিক্ষোভের মুখে পড়েন নির্বাসিত লেখিকা তসলিমা নাসরিন। ২. নিরাপত্তা ঝুঁকি ও উত্তপ্ত পরিস্থিতির কারণে পুলিশ তাকে বিমানবন্দরের বাইরে বের হওয়ার অনুমতি দেয়নি। ৩. শেষ পর্যন্ত পুলিশের পরামর্শ মেনে তসলিমা নাসরিন ফিরতি বিমানে মুম্বাই ফিরে যেতে বাধ্য হন।,21.88,9.68,12.50
news-54494037,"মার্কিন প্রেসিডেন্ট নির্বাচনের প্রচারাভিযানে বড় ইস্যুগুলো অবশ্যই করোনাভাইরাস মহামারি, সুপ্রিম কোর্ট এবং পুলিশ ব্যবস্থার সংস্কার। কিন্তু এর বাইরে লক্ষ লক্ষ আমেরিকান কথা বলছেন আরো বিচিত্র এবং উদ্ভট এক বিষয় নিয়ে।","কিউএ্যানন (QAnon) হলো একটি ভিত্তিহীন ষড়যন্ত্র তত্ত্ব, যেখানে দাবি করা হয় যে ডোনাল্ড ট্রাম্প মার্কিন এলিট শ্রেণীর শয়তান উপাসক ও শিশুকামী চক্রের বিরুদ্ধে গোপন যুদ্ধ চালাচ্ছেন। সামাজিক যোগাযোগ মাধ্যমে দ্রুত ছড়িয়ে পড়া এই উদ্ভট তত্ত্বটি ডেমোক্র্যাটিক নেতাদের বিরুদ্ধে নানা মিথ্যা অভিযোগ এনে ট্রাম্পকে একমাত্র রক্ষাকর্তা হিসেবে উপস্থাপন করছে। কোনো প্রমাণ ছাড়াই হাজার হাজার মানুষ এই ষড়যন্ত্র তত্ত্বে বিশ্বাস স্থাপন করে তা প্রচার করছে, যা জনমনে বিভ্রান্তি সৃষ্টি করছে।",4.08,0.00,4.08
news-57127385,বাংলাদেশে করোনাভাইরাসে আক্রান্ত হয়ে গত ২৪ ঘণ্টায় ২২ জনের মৃত্যু হয়েছে বলে স্বাস্থ্য অধিদপ্তর জানিয়েছে।,"বাংলাদেশে করোনাভাইরাস সংক্রমণ ও মৃত্যুর হার উল্লেখযোগ্যভাবে কমে গত এক বছরের মধ্যে সর্বনিম্ন পর্যায়ে নেমে এসেছে। গত ২৪ ঘণ্টায় ২৬১ জন নতুন রোগী শনাক্ত এবং ২২ জনের মৃত্যু হয়েছে, যার ফলে শনাক্তের হার দাঁড়িয়েছে ৬.৯৫ শতাংশে। পরিস্থিতি নিয়ন্ত্রণে স্বাস্থ্য অধিদপ্তর মাস্কের ব্যবহারসহ স্বাস্থ্যবিধি মেনে চলার ওপর বিশেষ গুরুত্বারোপ করেছে।",24.62,12.70,24.62
news-55728745,যুক্তরাষ্ট্রে চার বছরের মেয়াদ শেষে বিদায় নিচ্ছেন প্রেসিডেন্ট ডোনাল্ড ট্রাম্প। একইসঙ্গে নতুন প্রেসিডেন্ট হিসাবে অভিষেক হতে যাচ্ছে জো বাইডেনের। তার সঙ্গে শপথ নেবেন ভাইস প্রেসিডেন্ট কমালা হ্যারিস।,"যুক্তরাষ্ট্রে চার বছরের মেয়াদ শেষে বিদায়ী প্রেসিডেন্ট ডোনাল্ড ট্রাম্প তার শাসনামলের অর্জন নিয়ে সন্তুষ্টি প্রকাশ করে একটি ভিডিও বার্তা দিয়েছেন। নির্বাচনে পরাজয় মেনে না নিলেও তিনি হোয়াইট হাউজ ছাড়ার প্রস্তুতি নিয়েছেন। অন্যদিকে, নতুন প্রেসিডেন্ট হিসেবে জো বাইডেন শপথ গ্রহণের উদ্দেশ্যে ওয়াশিংটনের পথে রওনা হয়েছেন।",33.80,14.49,30.99
news-43170672,"তাদের লক্ষ্য করে থুথু ছোঁড়া হতো, ঢিল মারা হতো, পথের পাশে বোমা পুঁতে রাখা হতো।","যুক্তরাষ্ট্রের সাবেক তারকা ফুটবলার কেলি লিন্ডসের কোচিংয়ে আফগান নারী ফুটবল দল অভাবনীয় সাফল্য দেখালেও, রক্ষণশীল সমাজ ও তালেবানি হুমকির কারণে তাদের বিদেশের মাটিতে অনুশীলন ও খেলতে হয়। ফুটবল খেলার অপরাধে খেলোয়াড় ও তাদের পরিবারের সদস্যদের ওপর সহিংস হামলার ঝুঁকি থাকা সত্ত্বেও দলটি বিশ্বকাপে খেলার স্বপ্ন নিয়ে এগিয়ে যাচ্ছে। প্রতিকূল পরিবেশ ও জীবনের ঝুঁকি মাথায় নিয়ে আফগান নারী ফুটবলাররা তাদের অদম্য মানসিকতার পরিচয় দিয়ে যাচ্ছেন।",2.53,0.00,2.53
news-44588536,সিন্ডিকেটের মাধ্যমে অভিবাসন ব্যয় বাড়ানোর অভিযোগে বাংলাদেশ থেকে মালয়েশিয়ায় কর্মী পাঠানোর চলতি পদ্ধতি বাতিল করে দিয়েছে মালয়েশিয়া সরকার।,মালয়েশিয়ায় কর্মী পাঠানোর ক্ষেত্রে রিক্রুটিং এজেন্সিগুলোর বিরুদ্ধে মানব পাচার ও অভিবাসন ব্যয় বাড়ানোর অভিযোগ ওঠায় দেশটির সরকার কর্মী নিয়োগ প্রক্রিয়া স্থগিত করেছে। এই অভিযোগের পূর্ণাঙ্গ তদন্ত শেষ না হওয়া পর্যন্ত পুরোনো পদ্ধতিতে কর্মী পাঠানোর সিদ্ধান্ত নিয়েছে মালয়েশিয়া। বর্তমানে উচ্চ অভিবাসন ব্যয় কমানোর লক্ষ্যে দুই দেশের সরকারের সমন্বিত উদ্যোগের ওপর গুরুত্বারোপ করেছেন সংশ্লিষ্টরা।,22.86,11.76,17.14
news-41079116,দুজন নারী শিষ্যকে ধর্ষণের দায়ে ভারতের বিতর্কিত ধর্মীয় গুরু গুরমিত রাম রহিম সিং-কে ২০ বছরের কারাদণ্ড দিয়েছে দেশটির আদালত।,"ধর্ষণের দায়ে ধর্মীয় গুরু গুরমিত রাম রহিম সিং-এর ২০ বছরের কারাদণ্ড ঘোষণার পর তার অনুসারীদের বিক্ষোভে অন্তত ৩৮ জন নিহত হয়েছে। ঘটনার পর থেকে রাম রহিমের বিশাল আশ্রম 'ডেরা সাচ্চা সওদা'-তে প্রায় ৪০ হাজার অনুসারী অবস্থান করছে, যা কার্যত একটি সুরক্ষিত শহরের মতো। বর্তমানে পুরো আশ্রম এলাকাটি নিরাপত্তা বাহিনীর কঠোর নজরদারিতে রয়েছে এবং গুরুর সব সম্পত্তি জব্দের প্রক্রিয়া চলছে।",24.69,17.72,24.69
news-45298569,আমেরিকার অ্যারিজোনায় এক পুরনো কেএফসি দোকান থেকে মেক্সিকো পর্যন্ত মাদক পাচারের একটা গোপন সুড়ঙ্গ খুঁজে পেয়েছে আমেরিকান কর্তৃপক্ষ।,"আমেরিকার অ্যারিজোনায় একটি বন্ধ হয়ে যাওয়া রেস্তোরাঁর নিচ থেকে মেক্সিকো পর্যন্ত বিস্তৃত ৬০০ ফুট দীর্ঘ একটি গোপন সুড়ঙ্গ উদ্ধার করেছে পুলিশ। সন্দেহভাজন মালিক আইভান লোপেজকে বিপুল পরিমাণ মাদকসহ গ্রেপ্তারের পর এই সুড়ঙ্গটির সন্ধান পাওয়া যায়। ধারণা করা হচ্ছে, এই সুড়ঙ্গপথটি ব্যবহার করে মেক্সিকো থেকে আমেরিকায় অবৈধ মাদক পাচার করা হতো।",23.53,12.12,20.59
news-56660057,"র‍্যাব বলছে, তারা রফিকুল ইসলাম নামে এক ব্যক্তিকে আটক করেছে, যিনি 'শিশু বক্তা' হিসেবে বাংলাদেশে বেশ পরিচিতি লাভ করেছেন।",রাষ্ট্রবিরোধী ও উস্কানিমূলক বক্তব্য প্রদানের অভিযোগে র‍্যাব নেত্রকোনা থেকে রফিকুল ইসলাম মাদানীকে আটক করেছে। সাম্প্রতিক সময়ে ভারতের প্রধানমন্ত্রীর সফরকে কেন্দ্র করে বিভিন্ন স্থানে সহিংসতা ও বিতর্কিত মন্তব্যের জেরে তাকে এই আটক করা হয়। 'শিশু বক্তা' হিসেবে পরিচিত হলেও র‍্যাব নিশ্চিত করেছে যে তিনি প্রাপ্তবয়স্ক এবং তার বিরুদ্ধে আইনি ব্যবস্থা গ্রহণ করা হয়েছে।,24.32,13.89,24.32
news-40846970,ভারতের লাখ লাখ বিবাহিত নারী কখনোই তাদের স্বামীর নাম মুখে উচ্চারণ করেননি-স্বামীর প্রতি শ্রদ্ধা দেখানোর উদ্দেশ্যেই এমনটি করেন তারা।,"ভারতের গ্রামীণ সমাজে স্বামীর নাম উচ্চারণ করাকে অসম্মানজনক ও অমঙ্গলজনক মনে করা হয়, যা যুগ যুগ ধরে এক কঠোর প্রথা হিসেবে টিকে আছে। এই কুসংস্কার ভাঙতে এবং নারীদের আত্মমর্যাদা বাড়াতে অধিকারকর্মীরা তাদের স্বামীদের নাম ধরে ডাকার জন্য উৎসাহিত করছেন। দীর্ঘদিনের এই সামাজিক ট্যাবু দূর করে নারীদের স্বাধীনভাবে কথা বলার অধিকার নিশ্চিত করাই এই প্রচারণার মূল লক্ষ্য।",13.16,2.70,10.53
news-55201330,বাংলাদেশের দক্ষিণাঞ্চলে দুই দশক আগে জেগে ওঠা দ্বীপ ভাসানচরে একটি দিন পার করেছে সেখানে স্থানান্তরিত রোহিঙ্গা শরণার্থীরা। সেখানকার পরিবেশ দেখে বেশিরভাগ রোহিঙ্গা তাদের সন্তুষ্টির কথা জানিয়েছেন।,"কক্সবাজারের রোহিঙ্গা শিবিরের চাপ কমাতে বাংলাদেশ সরকার ১৬৪২ জন রোহিঙ্গাকে ভাসানচরের নতুন আবাসন প্রকল্পে স্থানান্তর করেছে। আন্তর্জাতিক সংস্থাগুলোর কারিগরি মূল্যায়ন ছাড়াই এই স্থানান্তরের বিষয়ে হিউম্যান রাইটস ওয়াচসহ বিভিন্ন মহল উদ্বেগ প্রকাশ করলেও, ভাসানচরে উন্নত আবাসন ও নিরাপত্তা ব্যবস্থা পেয়ে রোহিঙ্গারা সন্তোষ প্রকাশ করেছেন। বর্তমানে ২২টি আন্তর্জাতিক সংস্থার সহায়তায় নৌবাহিনীর তত্ত্বাবধানে সেখানে রোহিঙ্গাদের প্রাথমিক পুনর্বাসন কার্যক্রম চলছে।",9.76,0.00,4.88
news-53707384,গাছ কেটে ফসলের ক্ষেত তৈরি এবং বাসাবাড়ি গড়ে তোলার কারণে প্রাণী থেকে মানুষের শরীরে সংক্রমিত হয় এমন রোগের জীবাণু ছড়িয়ে পড়ার সম্ভাবনা বাড়ছে বলে বিজ্ঞানীরা বলছেন।,"প্রাকৃতিক বনভূমি উজাড় করে মানুষের বসতি বা কৃষি জমি তৈরির ফলে বন্যপ্রাণীদের আবাসস্থল ধ্বংস হচ্ছে, যা ইঁদুরের মতো রোগ বহনকারী প্রাণীদের বংশবৃদ্ধিতে সহায়তা করছে। গবেষণায় দেখা গেছে, নতুন আবিষ্কৃত সংক্রামক ব্যাধির তিন-চতুর্থাংশই প্রাণী থেকে মানুষের শরীরে ছড়ায়। মূলত প্রাকৃতিক পরিবেশের ভারসাম্য নষ্ট হওয়ার কারণেই মানুষের মধ্যে সংক্রামক রোগের ঝুঁকি বহুগুণ বেড়ে যাচ্ছে।",12.66,7.79,12.66
news-48917846,কৃত্রিম বুদ্ধিমত্তার সাহায্যে রানওয়ে চিহ্নিত করে অটোপাইলটের মাধ্যমে অবতরণ করেছে একটি বিমান।,"ব্রাউনশভাইক এবং মিউনিখ প্রযুক্তি বিশ্ববিদ্যালয়ের গবেষকরা কৃত্রিম বুদ্ধিমত্তা ব্যবহার করে এমন একটি স্বয়ংক্রিয় অবতরণ প্রযুক্তি উদ্ভাবন করেছেন, যা দৃশ্যমান আলো ও ইনফ্রারেড রশ্মির মাধ্যমে কুয়াশাচ্ছন্ন আবহাওয়াতেও রানওয়ে শনাক্ত করতে সক্ষম। এই পদ্ধতিটি প্রচলিত রেডিও সংকেত বা আইএলএস-এর ওপর নির্ভর না করেই বিমানকে নিরাপদে অবতরণ করাতে পারে, যা ছোট বিমানবন্দরগুলোর জন্য অত্যন্ত কার্যকর। তবে এই প্রযুক্তির প্রোগ্রামিংয়ে কোনো ত্রুটি বা কারিগরি ঝুঁকির সম্ভাবনা নিয়েও বিশেষজ্ঞরা সতর্ক করেছেন।",15.19,0.00,10.13
news-41662162,"ভারতের উত্তরপূর্বাঞ্চলীয় ত্রিপুরার রাজ্যপাল তথাগত রায় মন্তব্য করেছেন যে দীপাবলির সময়ে ভারতে যে বাজি ফাটানো হয়, তা থেকে যেমন কয়েকদিন শব্দ দূষণ হয়, তেমনই সারা বছর মসজিদ থেকে আজান দেওয়ার ফলেও শব্দ দূষণ ঘটে।","ত্রিপুরার রাজ্যপাল তথাগত রায় দীপাবলির বাজি পোড়ানোর পাশাপাশি ভোরবেলায় লাউডস্পিকারে আজান দেওয়ার বিষয়টিকেও শব্দ দূষণ হিসেবে উল্লেখ করে বিতর্কের সৃষ্টি করেছেন। তিনি দাবি করেছেন যে, শব্দ দূষণের ক্ষেত্রে বাজি এবং আজান—উভয়কেই একই মাপকাঠিতে বিচার করা উচিত। তার এই মন্তব্যটি এমন এক সময়ে এসেছে যখন ভারতের বিভিন্ন আদালত বায়ু ও শব্দ দূষণ কমাতে বাজি পোড়ানোর ওপর নানা বিধিনিষেধ আরোপ করেছে।",34.04,15.22,23.40
news-49843290,"বাংলাদেশে অবৈধ ক্যাসিনো বাণিজ্য, টেন্ডার এবং চাঁদাবাজিসহ দুর্নীতির বিরুদ্ধে চলমান অভিযানে গ্রেফতাকৃতদের পাহাড় সমান সম্পদ বা অর্থের নানান গল্প এখন প্রকাশিত হচ্ছে।","আওয়ামী লীগ সরকার দুর্নীতির বিরুদ্ধে অভিযান শুরু করে ক্ষমতাসীন দলের অনেক নেতা ও সহযোগী সংগঠনের সদস্যদের বিপুল অর্থসহ গ্রেফতার করেছে। তবে ভুক্তভোগী ব্যবসায়ীদের অভিযোগ, দীর্ঘ সময় ধরে রাজনৈতিক প্রভাব খাটিয়ে স্থানীয় নেতারা নিয়মিত চাঁদা আদায় ও ব্যবসায়িক কাজে বাধা সৃষ্টি করে আসছেন। রাজনৈতিক ছত্রছায়ায় গড়ে ওঠা এই চাঁদাবাজি ও দুর্নীতির সংস্কৃতিই বর্তমানে বড় ধরনের অপরাধমূলক কর্মকাণ্ডে রূপ নিয়েছে।",5.00,2.56,5.00
news-44952782,এই 'হ্রদ'টি পাওয়া গেছে মঙ্গলগ্রহের দক্ষিণ মেরুতে। বরফে আচ্ছাদিত এই হ্রদের আয়তন হবে ২০ কিলোমিটারের মত।,"মঙ্গলগ্রহের দক্ষিণ মেরুতে বরফের নিচে প্রথমবারের মতো একটি স্থায়ী তরল পানির জলাধারের অস্তিত্ব খুঁজে পেয়েছেন বিজ্ঞানীরা। মার্স এক্সপ্রেস নভোযানের রাডারের মাধ্যমে আবিষ্কৃত এই হ্রদটি মঙ্গলে প্রাণের অস্তিত্বের সম্ভাবনা নিয়ে নতুন আশার সঞ্চার করেছে। তবে সেখানে প্রাণের উপযোগী পরিবেশ রয়েছে কি না, তা নিশ্চিত হতে আরও বিস্তারিত গবেষণার প্রয়োজন বলে জানিয়েছেন গবেষকরা।",11.76,6.06,11.76
news-44640577,"এবার বিশ্বকাপে মেক্সিকো সমর্থকরা আরেকটি দেশকে প্রাণখুলে অভিনন্দিত করেছে, সেটি হলো দক্ষিণ কোরিয়া।",বিশ্বকাপে জার্মানির বিপক্ষে দক্ষিণ কোরিয়ার নাটকীয় জয় মেক্সিকোকে নকআউট পর্বে জায়গা করে দেয়। এই সাফল্যের কৃতজ্ঞতাস্বরূপ মেক্সিকান সমর্থকরা দক্ষিণ কোরিয়ার প্রতি ভালোবাসা ও বন্ধুত্বের বহিঃপ্রকাশ ঘটিয়ে উল্লাসে মেতে ওঠেন। মাঠের খেলায় দক্ষিণ কোরিয়া বিদায় নিলেও মেক্সিকানদের সাথে তাদের এই নতুন বন্ধুত্বপূর্ণ সম্পর্ক সামাজিক যোগাযোগমাধ্যমে ব্যাপক সাড়া ফেলেছে।,10.00,0.00,10.00
news-44948841,ঢাকায় হঠাৎ করেই মঙ্গলবার দুপুরে কমিউনিস্ট পার্টি (সিপিবি)কার্যালয়ে গিয়ে উপস্থিত হয়েছিলেন ক্ষমতাসীন আওয়ামী লীগের সাধারণ সম্পাদক ওবায়দুল কাদের।,"সম্প্রতি সিপিবিসহ আটটি বাম দলের নতুন জোট গঠনের প্রেক্ষাপটে আওয়ামী লীগ নেতাদের সাথে তাদের নেতাদের সাক্ষাৎ রাজনৈতিক মহলে নানা কৌতূহলের জন্ম দিয়েছে। ক্ষমতাসীন দল একে নিছক সৌজন্য সাক্ষাৎ বলে দাবি করলেও, অংশগ্রহণমূলক নির্বাচনের স্বার্থে বাম জোটকে নিজেদের বলয়ে আনার কোনো প্রচেষ্টা চলছে কি না তা নিয়ে জল্পনা তৈরি হয়েছে। তবে বাম জোটের নেতারা জানিয়েছেন, সরকারি দল নির্বাচনে বেশি দলকে আনতে চাইলেও তাদের জোট নিজস্ব রাজনৈতিক অবস্থানেই অটল রয়েছে।",2.30,0.00,2.30
news-46614409,পাকিস্তানে অবৈধভাবে অনুপ্রবেশ করে ছয় বছর আটকে থাকার পর এক ভারতীয় এক ব্যক্তি তাঁর নিজের দেশে ফেরত এসেছেন।,অনলাইনে পরিচিত এক নারীর টানে পাকিস্তানে গিয়ে ভুয়া পরিচয়পত্র ব্যবহারের অভিযোগে ২০১২ সালে আটক হন ভারতীয় নাগরিক হামিদ আনসারি। দীর্ঘ ছয় বছর কারাভোগের পর কারাদণ্ডের মেয়াদ শেষ হওয়ায় সম্প্রতি তিনি মুক্তি পেয়ে ওয়াগা সীমান্তে পরিবারের কাছে ফিরে এসেছেন। মুম্বাইয়ের এই প্রাক্তন প্রভাষক আফগানিস্তানে চাকরির কথা বলে বাড়ি থেকে বেরিয়ে নিখোঁজ হয়েছিলেন বলে তাঁর পরিবার জানিয়েছে।,16.44,0.00,10.96
news-47207508,ভারতের রাজধানী দিল্লির একটি জনবহুল এলাকায় হোটেলে আগুন লেগে অন্তত ১৭ জনের মৃত্যু হয়েছে। মৃতদের মধ্যে এক নারী ও একটি শিশুও রয়েছে।,"ভারতের দিল্লির কারোল বাগের একটি হোটেলে ভয়াবহ অগ্নিকাণ্ডে অন্তত ১৭ জনের মৃত্যু হয়েছে, যাদের বেশিরভাগই দমবন্ধ হয়ে প্রাণ হারিয়েছেন। ভোররাতে লাগা এই আগুনে হোটেলের করিডোরে কাঠের প্যানেলিং থাকায় আগুন দ্রুত ছড়িয়ে পড়ে এবং আতঙ্কিত অনেক আবাসিক জানালা বা ছাদ থেকে ঝাঁপ দিতে বাধ্য হন। দমকল বাহিনীর দীর্ঘ প্রচেষ্টায় আগুন নিয়ন্ত্রণে আসে এবং ৩৫ জনকে জীবিত উদ্ধার করা সম্ভব হয়েছে।",22.22,7.59,19.75
news-48436492,"ভারতে সদ্যনির্বাচিত নতুন লোকসভায় বিজেপির একজনও মুসলিম এমপি না-থাকায় প্রশ্ন উঠছে, প্রধানমন্ত্রী নরেন্দ্র মোদী যে দেশের সবাইকে নিয়ে চলার কথা বলছেন তা শাসক দল আদৌ কতটা রক্ষা করতে পারবে।","ভারতের সদ্যসমাপ্ত লোকসভা নির্বাচনে বিজেপি তিনশোর বেশি আসনে জয়ী হলেও তাদের কোনো মুসলিম প্রার্থী জয়লাভ করতে পারেননি। দলটির পক্ষ থেকে ধর্মের ভিত্তিতে প্রার্থী না দেওয়ার যুক্তি দেওয়া হলেও, মুসলিমদের প্রতিনিধিত্বহীনতা নিয়ে রাজনৈতিক বিশ্লেষকদের মধ্যে উদ্বেগের সৃষ্টি হয়েছে। প্রধানমন্ত্রী নরেন্দ্র মোদী ‘সবকা বিশ্বাস’ অর্জনের কথা বললেও, গত কয়েক বছরের সাম্প্রদায়িক পরিস্থিতি ও নির্বাচনী প্রচারের প্রেক্ষাপটে সংখ্যালঘু সম্প্রদায়ের মনে বিজেপির প্রতি আস্থার সংকট রয়ে গেছে।",17.20,4.40,12.90
news-49888740,"বাংলাদেশের দক্ষিণাঞ্চলীয় শহর খুলনায় সোমবার সন্ধ্যায় একটি ছোটখাটো বোমা বিষ্ফোরণের দায় স্বীকার করেছে তথাকথিত ইসলামিক স্টেট জঙ্গি গোষ্ঠি, যেটি আইএস নামে সমধিক পরিচিত।","খুলনার ফুলতলার শিরোমণি এলাকায় আওয়ামী লীগের একটি কার্যালয়ে সোমবার সন্ধ্যায় বোমা বিস্ফোরণের ঘটনা ঘটেছে, তবে এতে কোনো হতাহতের খবর পাওয়া যায়নি। এক ব্যক্তি ব্যাগ রেখে পালিয়ে যাওয়ার পর এই বিস্ফোরণ ঘটে এবং পুলিশ ঘটনার তদন্ত শুরু করেছে। যদিও কোনো গোষ্ঠী আনুষ্ঠানিকভাবে দায় স্বীকার করেনি, তবে মার্কিন সংস্থা সাইট ইন্টেলিজেন্স এই হামলার দায় আইএস নিয়েছে বলে টুইট করেছে।",15.00,0.00,10.00
news-48881058,"মনে করুন আপনি আপনার বন্ধুর সঙ্গে চা পান করছেন। আপনার বন্ধু আপনাকে বললো, সৌরজগতে পৃথিবী আর মঙ্গলগ্রহের মাঝখানে কোন এক জায়গায় একটি চায়ের কেটলি আছে যেটি সূর্যকে প্রদক্ষিণ করছে।","ব্রিটিশ দার্শনিক বার্ট্রান্ড রাসেল ঈশ্বর বা সৃষ্টিকর্তার অস্তিত্বহীনতাকে বোঝাতে 'রাসেলের টিপট' বা চায়ের কেটলির কাল্পনিক উপমাটি ব্যবহার করেছিলেন। এই তত্ত্বে দাবি করা হয় যে, কোনো কিছুর অস্তিত্ব প্রমাণের দায়ভার সেই ব্যক্তির ওপরই বর্তায় যিনি সেটির অস্তিত্ব দাবি করেন। মূলত আস্তিক ও নাস্তিকদের মধ্যকার দীর্ঘদিনের তাত্ত্বিক বিতর্কে ঈশ্বর বিশ্বাসের যৌক্তিকতা যাচাই করতে এই উদাহরণটি আজও ব্যাপকভাবে ব্যবহৃত হয়।",2.33,0.00,2.33
news-48671908,গতকাল ইংল্যান্ডের টনটনে ওয়েস্ট ইন্ডিজের বিপক্ষে বাংলাদেশের জয়ের পর সামাজিক মাধ্যমে বিশেষ করে টুইটারে বিশ্বের সাবেক বর্তমান ক্রিকেটার এবং ধারাভাষ্যকাররা নানা রকম মন্তব্য করেছেন।,"ওয়েস্ট ইন্ডিজের বিপক্ষে বাংলাদেশের দুর্দান্ত জয়ের পর বিশ্বজুড়ে ক্রিকেট ব্যক্তিত্বরা সাকিব আল হাসান ও লিটন দাসের নৈপুণ্যের ভূয়সী প্রশংসা করেছেন। শহীদ আফ্রিদি, সৌরভ গাঙ্গুলী, শোয়েব আক্তার ও রাসেল আর্নল্ডের মতো সাবেক ক্রিকেটাররা বাংলাদেশের এই জয়কে বিশ্বমানের পারফরম্যান্স হিসেবে অভিহিত করেছেন। বিশেষ করে সাকিবের অলরাউন্ড দক্ষতা ও ব্যাটিং নৈপুণ্য আন্তর্জাতিক মহলে ব্যাপক আলোচনার জন্ম দিয়েছে।",25.64,13.16,20.51
news-48556580,বিশ্বকাপ ক্রিকেটে আগামীকাল শনিবার বাংলাদেশ দল মুখোমুখি হবে ইংল্যান্ডের। কার্ডিফে অনুষ্ঠিত হবে এই ম্যাচ। এই মাঠে কখনো হারেনি বাংলাদেশ। এর আগে দুটো ম্যাচ খেলে তারা দুটোতেই জয়লাভ করেছে। ২০০৫ সালে হারিয়েছে অস্ট্রেলিয়াকে এবং ২০১৭ সালে তারা হারিয়েছে নিউজিল্যান্ডকে।,"২০১৯ সালের ক্রিকেট বিশ্বকাপে বাংলাদেশ দলের কোচ স্টিভ রোডস ইংল্যান্ডের বিপক্ষে নিজের দেশের বিরুদ্ধে খেললেও বাংলাদেশের জয় নিশ্চিত করতে বদ্ধপরিকর। কোচ হিসেবে নিজের সরলতা ও আন্তরিকতার মাধ্যমে তিনি খেলোয়াড়দের সাথে বন্ধুত্বপূর্ণ সম্পর্ক গড়ে তুলেছেন, যা তাকে দলের একজন গুরুত্বপূর্ণ ব্যক্তিতে পরিণত করেছে। অনেক সংশয় সত্ত্বেও নিজের অভিজ্ঞতা ও ধীরস্থির কৌশলে তিনি বাংলাদেশ দলকে সাফল্যের পথে এগিয়ে নিয়ে যাচ্ছেন।",8.33,0.00,6.25
news-48941481,"''মানুষ বড়ো কাঁদছে, তুমি মানুষ হয়ে পাশে দাঁড়াও/ মানুষই ফাঁদ পাতছে, তুমি পাখির মতো পাশে দাঁড়াও।''","**সারসংক্ষেপ:** বিশ্বজুড়ে যুদ্ধ, দারিদ্র্য ও রাজনৈতিক সন্ত্রাসের কারণে বাস্তুচ্যুত অসহায় মানুষের পাশে দাঁড়াতে না পারার ব্যর্থতা ও বিষাদ এই নিবন্ধের মূল উপজীব্য। ভূমধ্যসাগর পাড়ি দিতে গিয়ে সিরীয় শিশু আলান কুর্দিসহ অসংখ্য শরণার্থীর মর্মান্তিক মৃত্যু বিশ্ববিবেকের কাছে এক বড় প্রশ্ন হয়ে দাঁড়িয়েছে। নিরাপদ আশ্রয়ের সন্ধানে প্রতিনিয়ত হাজার হাজার মানুষের এই প্রাণঘাতী যাত্রা ও সলিল-সমাধির ঘটনা বর্তমান বিশ্বের এক চরম মানবিক বিপর্যয়কে তুলে ধরছে।",2.53,0.00,2.53
news-40898587,"চীন বলছে সেদেশের সবচেয়ে বড় ও জনপ্রিয় তিনটি সামাজিক যোগাযোগ প্ল্যাটফর্ম - ওয়েবো, উইচ্যাট এবং বাইদু তিয়েবার বিরুদ্ধে তারা তদন্ত করছে। তাদের বিরুদ্ধে সাইবার নিরাপত্তা আইন লংঘনের অভিযোগ উঠেছে।","চীনের সাইবারস্পেস প্রশাসন সন্ত্রাস, গুজব ও অশ্লীলতা ছড়ানোর অভিযোগে জনপ্রিয় প্ল্যাটফর্ম উইচ্যাট, ওয়েবো এবং বাইদু তিয়েবার বিরুদ্ধে তদন্ত শুরু করেছে। জাতীয় নিরাপত্তা ও সামাজিক মূল্যবোধ রক্ষার দোহাই দিয়ে কর্তৃপক্ষ এই সাইটগুলোর ওপর কঠোর নজরদারি ও সেন্সরশিপ আরোপের প্রক্রিয়া জোরদার করছে। ইতোমধ্যে বাইদু সরকারি নির্দেশ মেনে আরও কঠোর নিয়ন্ত্রণের প্রতিশ্রুতি দিলেও অন্যান্য প্ল্যাটফর্মগুলো এ বিষয়ে এখনো কোনো প্রতিক্রিয়া জানায়নি।",23.26,2.38,18.60
news-54308790,ইসলাম ধর্মের অবমাননার দায়ে নাইজেরিয়ার আদালত ১৩বছর বয়সী এক কিশোরকে দশ বছরের কারাদণ্ড দেয়ার পর পোল্যান্ডের একজন ঐতিহাসিক প্রস্তাব দিয়েছেন তিনি এবং আরও কয়েকজন স্বেচ্ছাসেবী পালা করে তার সাজার মেয়াদ খাটতে রাজি আছেন।,নাইজেরিয়ার কানো প্রদেশে আল্লাহর প্রতি অবমাননাকর মন্তব্যের অভিযোগে এক কিশোরকে শরিয়া আদালত দশ বছরের কারাদণ্ড দিয়েছে। এই রায়ের প্রতিবাদে এবং কিশোরটিকে ক্ষমা করার অনুরোধ জানিয়ে পোল্যান্ডের আউশভিৎস স্মৃতি যাদুঘরের পরিচালকসহ বিশ্বের ১২০ জন স্বেচ্ছাসেবী কারাদণ্ড ভাগ করে নেওয়ার প্রস্তাব দিয়েছেন। শিশু অধিকার ও সংবিধান লঙ্ঘনের অভিযোগে কিশোরটির আইনজীবী আপিল করেছেন এবং ইউনিসেফও এই রায় পুনর্বিবেচনার আহ্বান জানিয়েছে।,28.89,9.09,22.22
news-55064450,সিঙ্গাপুরের স্বরাষ্ট্র মন্ত্রণালয়ের বিবৃতিকে উদ্ধৃত করে দেশটির দ্য স্ট্রেইটস টাইমস পত্রিকা খবর দিয়েছে যে দেশটিতে কর্মরত ১৫ জন বাংলাদেশি নির্মাণ শ্রমিককে সিঙ্গাপুর থেকে ঢাকায় ফেরত পাঠানো হয়েছে। একই খবর দিয়েছে বার্তা সংস্থা এএফপি এবং মালয়েশিয়া নাউ নামে একটি পত্রিকা।,"সন্ত্রাসী কর্মকাণ্ডে সম্পৃক্ততা ও সামাজিক যোগাযোগমাধ্যমে উসকানিমূলক পোস্ট দেওয়ার অভিযোগে আহমেদ ফয়সাল নামে এক বাংলাদেশি নির্মাণ শ্রমিককে সিঙ্গাপুরে আটক করা হয়েছে। এই ঘটনার প্রেক্ষিতে সিঙ্গাপুর থেকে ১২ জন বাংলাদেশিকে বহিষ্কার করা হয়েছে বলে ধারণা করা হচ্ছে, যারা বুধবার সকালে ঢাকায় পৌঁছাতে পারেন। সিঙ্গাপুরের স্বরাষ্ট্র মন্ত্রণালয় জানিয়েছে, সাম্প্রতিক নিরাপত্তা পরিস্থিতির অবনতির কারণে দেশটিতে সর্বোচ্চ সতর্কাবস্থা জারি করা হয়েছে।",20.83,8.51,10.42
news-46938476,"ঢাকায় শনিবার তার দলের নির্বাচনী বিজয় উদযাপনের সময়, বহু মানুষের চোখ ছিল নির্বাচনী কারচুপির বিস্তর অভিযোগ নিয়ে কী বলেন প্রধানমন্ত্রী। কিন্তু তা নিয়ে একটি শব্দও উচ্চারণ করেনি তিনি।","চতুর্থ মেয়াদে ক্ষমতায় এসে প্রধানমন্ত্রী শেখ হাসিনা বিরোধীদের সমালোচনার জবাব না দিয়ে বরং দুর্নীতি ও মাদক নির্মূলের মাধ্যমে সুশাসন প্রতিষ্ঠার ওপর বিশেষ গুরুত্বারোপ করেছেন। রাজনৈতিক বিশ্লেষকদের মতে, তিনি উন্নয়নমূলক ইস্যুগুলোকে সামনে এনে সাধারণ মানুষের আস্থা অর্জনের পাশাপাশি নিজের মন্ত্রিসভার ওপর কঠোর নজরদারি ও জবাবদিহিতা নিশ্চিত করতে চাইছেন। মূলত, নিজের ভাবমূর্তি উজ্জ্বল করতে এবং সুশাসনের বার্তা দিতেই প্রধানমন্ত্রী এবার মন্ত্রীদের থেকে কিছুটা দূরত্ব বজায় রেখে কাজ করার কৌশল গ্রহণ করেছেন।",6.19,0.00,4.12
news-41451031,চলমান রোহিঙ্গা সংকটের প্রেক্ষিতে সমালোচনার মুখে থাকা মিয়ানমারের নেত্রী অং সান সু চির একটি প্রতিকৃতি সরিয়ে নিয়েছে অক্সফোর্ডের একটি কলেজ।,রাখাইনে রোহিঙ্গাদের ওপর সেনাবাহিনীর সহিংসতা ও জাতিগত নিধনযজ্ঞের ঘটনায় বিশ্বজুড়ে সমালোচনার মুখে পড়েছেন অং সান সু চি। এর মধ্যেই অক্সফোর্ডের সেন্ট হিউ কলেজ কর্তৃপক্ষ কলেজ ভবনের প্রবেশদ্বার থেকে সু চির প্রতিকৃতি সরিয়ে সেখানে একটি জাপানি চিত্রকর্ম স্থাপন করেছে। তবে প্রতিকৃতিটি সরানোর সুনির্দিষ্ট কারণ কলেজ কর্তৃপক্ষ আনুষ্ঠানিকভাবে স্পষ্ট করেনি।,29.41,12.12,26.47
news-47693685,কিছুদিন আগেও চীনের অর্থনৈতিক উত্থানকে কোন উদ্বেগের বিষয় হিসেবে দেখা হতো না। মনে করা হতো যে তাদের বিকাশমান অর্থনীতি ক্রমশ:ই উদার-হতে-থাকা রাজনৈতিক ব্যবস্থার সাথে তাল মিলিয়ে চলবে।,"১. মার্কিন যুক্তরাষ্ট্রের আধিপত্যকে চীনের ক্রমবর্ধমান উত্থান চ্যালেঞ্জের মুখে ফেলায় বিশ্বজুড়ে নতুন করে ‘থুসিডিডেসের ফাঁদ’ বা যুদ্ধের আশঙ্কা তৈরি হয়েছে। ২. হার্ভার্ডের অধ্যাপক গ্রাহাম এ্যালিসনের মতে, ইতিহাসের অধিকাংশ ক্ষেত্রে উদীয়মান শক্তি ও প্রতিষ্ঠিত শক্তির এমন প্রতিদ্বন্দ্বিতা শেষ পর্যন্ত যুদ্ধের দিকেই মোড় নিয়েছে। ৩. তবে অনেক বিশেষজ্ঞ এই তত্ত্বের সাথে দ্বিমত পোষণ করে মনে করেন যে, বর্তমান চীন-মার্কিন দ্বন্দ্বের প্রেক্ষাপট প্রাচীন ইতিহাসের চেয়ে ভিন্ন।",8.51,0.00,6.38
news-50114789,ফেসবুক পোস্ট নিয়ে পুলিশ ও বিক্ষোভকারীদের মধ্যে সংঘর্ষে ৪ জন নিহত হওয়ার পর ভোলার বোরহানউদ্দিনে বিজিবি ও কোস্টগার্ড মোতায়েন করা হয়েছে।,"ফেসবুকে মহানবী (সা.)-কে নিয়ে কটূক্তির জেরে ভোলার বোরহানউদ্দিনে গ্রামবাসীর সাথে পুলিশের সংঘর্ষে চারজন নিহত ও বহু মানুষ আহত হয়েছেন। পরিস্থিতি নিয়ন্ত্রণে আনতে এলাকায় অতিরিক্ত বিজিবি ও র‍্যাব মোতায়েন করা হয়েছে এবং বর্তমানে এলাকাটি শান্ত রয়েছে। এদিকে, অভিযুক্তের ফাঁসিসহ ছয় দফা দাবি আদায়ে আন্দোলনকারীরা ২৪ ঘণ্টার আল্টিমেটাম দিয়েছেন।",22.86,5.88,14.29
news-53330837,বিশ্ব স্বাস্থ্য স্বীকার করেছে যে বাতাসে ভেসে থাকা ক্ষুদ্র কণার মাধ্যমে করোনাভাইরাস ছড়ানোর প্রমাণ পাওয়া যাচ্ছে।,"করোনাভাইরাস বাতাসের মাধ্যমেও ছড়াতে পারে—এমন দাবির সপক্ষে ৩২টি দেশের ২৩৯ জন বিজ্ঞানী বিশ্ব স্বাস্থ্য সংস্থাকে তাদের অবস্থান পরিবর্তনের আহ্বান জানিয়েছেন। বিজ্ঞানীরা বলছেন, কথা বলা বা শ্বাসপ্রশ্বাসের মাধ্যমে নির্গত ক্ষুদ্র কণা দীর্ঘক্ষণ বাতাসে ভেসে থেকে সংক্রমণ ঘটাতে পারে। এই দাবির প্রেক্ষিতে বিশ্ব স্বাস্থ্য সংস্থা আবদ্ধ স্থানে স্বাস্থ্যবিধি পরিবর্তনের বিষয়টি গুরুত্বের সাথে বিবেচনা করছে।",20.29,5.97,11.59
news-50051616,বিবিসির সাপ্তাহিক সিরিজ 'দি বস'-এ পৃথিবীর নানা দেশের শীর্ষ ব্যবসায়ীদের কর্মজীবন নিয়ে প্রতিবেদন তুলে ধরা হয়। এই সপ্তাহে তুলে ধরা হলো খাবার সরবরাহকারী প্রতিষ্ঠান গৌস্ত'র প্রতিষ্ঠাতা ও প্রধান নির্বাহী টিমো বোলড্ট-এর কাহিনী।,ব্যক্তিগত জীবনে রান্নার ঝক্কি ও সময়ের অভাব থেকে উত্তরণের উপায় খুঁজতে গিয়ে টিমো বোলড্ট ২০১২ সালে 'গৌস্তো' নামে একটি রেসিপি বক্স সরবরাহকারী প্রতিষ্ঠান গড়ে তোলেন। গ্রাহকের দোরগোড়ায় পরিমাপ করা রান্নার উপকরণ ও সহজ রেসিপি পৌঁছে দেওয়ার এই উদ্ভাবনী ধারণাটি দ্রুত জনপ্রিয়তা পায়। বর্তমানে প্রতিষ্ঠানটির বার্ষিক বিক্রির পরিমাণ ১০০ মিলিয়ন পাউন্ড ছাড়িয়ে গেছে এবং এটি এই খাতের অন্যতম সফল ব্যবসায়িক মডেলে পরিণত হয়েছে।,12.37,4.21,6.19
news-46688013,বহু স্মার্টফোন ব্যবহারকারীর মধ্যে ক্রমশ একটা উদ্বেগ তৈরি হচ্ছে তারা কতক্ষণ সময় ফোনে কাটাচ্ছেন বা ফোনের দিকে তাকিয়ে থাকছেন সেটা নিয়ে।,"স্মার্টফোনের অতিরিক্ত ব্যবহার নিয়ন্ত্রণে গুগল ও অ্যাপল ব্যবহারকারীদের জন্য নতুন ডিজিটাল টুল চালু করেছে, যা ফোনের ব্যবহারের সময় ও ফ্রিকোয়েন্সি সম্পর্কে সচেতনতা তৈরি করে। তবে প্রযুক্তি কোম্পানিগুলোর ব্যবসায়িক স্বার্থ ব্যবহারকারীদের বেশি সময় ফোন ব্যবহারের দিকে ধাবিত করায়, এই ভারসাম্য বজায় রাখা একটি বড় চ্যালেঞ্জ হয়ে দাঁড়িয়েছে। অনেক ব্যবহারকারী এই টুলের মাধ্যমে নিজেদের ফোনের প্রতি আসক্তির ভয়াবহ তথ্য জেনে উদ্বিগ্ন হয়ে পড়ছেন।",7.32,0.00,4.88
news-50304898,"কেউ বলছেন ""এক ভরি গরুর গয়না বানাব"", কেউ একজন দুধ বিক্রেতার ছবি দিয়ে মশকরা করে লিখেছেন 'এটি আসলে এক স্বর্ণকারের ছবি - দুধের ড্রাম নিয়ে তিনি সোনার দোকানে চলেছেন।'","ভারতীয় গরুর দুধে সোনা থাকে বলে বিজেপির রাজ্য সভাপতি দিলীপ ঘোষের করা একটি মন্তব্য নিয়ে সামাজিক যোগাযোগমাধ্যমে ব্যাপক হাস্যরসের সৃষ্টি হয়েছে। তিনি দাবি করেন, দেশি গরুর কুঁজে থাকা স্বর্ণনাড়ির কারণেই দুধে সোনার উপস্থিতি থাকে, যা বিদেশি গরুর ক্ষেত্রে সম্ভব নয়। তার এই অদ্ভুত দাবির প্রেক্ষিতে নেটিজেনরা বিভিন্ন ব্যঙ্গাত্মক পোস্ট ও মন্তব্যের মাধ্যমে বিষয়টি নিয়ে মশকরা করছেন।",9.52,0.00,7.14
news-54961935,"আফগানিস্তানের ভূখন্ডকে ব্যবহার করে ভারত তাদের দেশের ভেতর সন্ত্রাসবাদী কার্যকলাপে মদত দিচ্ছে, পাকিস্তান অনুষ্ঠানিকভাবে এই অভিযোগ তোলার পর ভারত তা সরাসরি ভিত্তিহীন বলে দাবি করেছে।","পাকিস্তান সম্প্রতি ভারতের বিরুদ্ধে আন্তঃসীমান্ত সন্ত্রাসবাদে মদত দেওয়ার অভিযোগ তুলে আন্তর্জাতিক মহলে নথিপত্র পেশ করেছে। ভারত ও আফগানিস্তান উভয় দেশই পাকিস্তানের এই ভিত্তিহীন অভিযোগ দৃঢ়ভাবে প্রত্যাখ্যান করেছে। দীর্ঘকাল ধরে ভারত উল্টো পাকিস্তানের বিরুদ্ধেই সন্ত্রাসবাদে মদত দেওয়ার অভিযোগ জানিয়ে আসছে, যা এই নতুন উত্তেজনার প্রেক্ষাপট তৈরি করেছে।",22.54,0.00,14.08
news-45246886,বাংলাদেশে নিরাপদ সড়কের দাবিতে আন্দোলন চলাকালে গ্রেফতার বেসরকারি বিশ্ববিদ্যালয়ের ১৪ জন শিক্ষার্থী আজ জামিন পেয়ে কারাগার থেকে বেরিয়ে এসেছেন।,নিরাপদ সড়কের দাবিতে শিক্ষার্থীদের আন্দোলনের সময় সহিংসতা ও উস্কানির অভিযোগে গ্রেপ্তার হওয়া ৫৬ জন শিক্ষার্থী গত দুই দিনে জামিন পেয়েছেন। তবে একই আন্দোলনে গুজব ছড়ানোর অভিযোগে তথ্যপ্রযুক্তি আইনে গ্রেপ্তার কোটা সংস্কার আন্দোলনের নেতা লুৎফুন্নাহার লুমার জামিন আবেদন আদালত নাকচ করে দিয়েছে। আন্দোলনের সময় গ্রেপ্তার হওয়া শিক্ষার্থীদের মধ্যে বিরাজমান আতঙ্ক নিরসনে এই জামিন প্রক্রিয়াকে ইতিবাচক হিসেবে দেখা হচ্ছে।,13.16,2.70,13.16
news-50895306,সারা ভারত জুড়ে জাতীয় নাগরিকপঞ্জী বা এনআরসি তৈরি করার প্রশ্নে প্রধানমন্ত্রী নরেন্দ্র মোদী আবার দেশকে বিভ্রান্ত করতে চাইছেন বলে বিরোধীরা অভিযোগ তুলছেন।,"দিল্লির জনসভায় প্রধানমন্ত্রী নরেন্দ্র মোদী দাবি করেছেন যে তার সরকার এনআরসি নিয়ে কোনো আলোচনা করেনি, যা পার্লামেন্টে স্বরাষ্ট্রমন্ত্রী অমিত শাহের পূর্বের বক্তব্যের সম্পূর্ণ বিপরীত। সরকারের এই পরস্পরবিরোধী অবস্থান দেশজুড়ে এনআরসি প্রক্রিয়া নিয়ে চরম বিভ্রান্তি ও অনিশ্চয়তা তৈরি করেছে। পর্যবেক্ষকদের মতে, দেশব্যাপী তীব্র বিক্ষোভ এবং ঝাড়খণ্ডের নির্বাচনী ফলাফলের চাপে সরকার সম্ভবত এনআরসি প্রক্রিয়া থেকে পিছু হটার বা বিলম্বিত করার কৌশল নিয়েছে।",17.07,5.00,7.32
news-45159995,বাংলাদেশে গত সাতদিন ধরে ট্রাফিক সপ্তাহ পালনের পর আজ থেকে আরও তিনদিনের জন্য সেটি বাড়ানো হয়েছে।,"বাংলাদেশে নিরাপদ সড়কের দাবিতে শিক্ষার্থীদের আন্দোলনের প্রেক্ষিতে ট্রাফিক সপ্তাহের মেয়াদ আরও তিন দিন বাড়ানো হয়েছে এবং এ পর্যন্ত হাজার হাজার মামলা দায়ের করা হয়েছে। ট্রাফিক বিভাগের প্রধান মীর রেজাউল আলমের মতে, ট্রাফিক আইন মানার প্রবণতা কম থাকা এবং ডিজিটালাইজড সিগন্যাল ব্যবস্থার অভাবই সড়ক অব্যবস্থাপনার মূল কারণ। এছাড়া, ট্রাফিক ব্যবস্থাপনার সাথে জড়িত বিভিন্ন সংস্থার সমন্বয়ের অভাব এবং অবকাঠামোগত সীমাবদ্ধতা সড়ক নিরাপত্তা নিশ্চিত করার ক্ষেত্রে বড় চ্যালেঞ্জ হিসেবে কাজ করছে।",7.14,0.00,7.14
news-47201436,সোশ্যাল মিডিয়া জায়ান্ট টুইটারের শীর্ষ কর্মকর্তারা ভারতে একটি পার্লামেন্টারি প্যানেলের সমনকে অস্বীকার করার পর তাদের বিরুদ্ধে কড়া ব্যবস্থা নেওয়ার ইঙ্গিত দিয়েছে ওই প্যানেল।,"বিজেপি-সমর্থক কিছু অ্যাকাউন্ট ব্লক করার জেরে ভারতের সংসদীয় কমিটি টুইটারকে তলব করলেও, স্বল্প সময়ের নোটিশে উপস্থিত হতে অপারগতা জানায় সংস্থাটি। এই ঘটনাকে কেন্দ্র করে ভারতের শাসক দল ও টুইটারের মধ্যে সংঘাত তীব্র আকার ধারণ করেছে। টুইটারের এই অনুপস্থিতিকে গুরুত্বের সঙ্গে নিয়ে সংসদীয় প্যানেল এখন তাদের বিরুদ্ধে কঠোর ব্যবস্থা গ্রহণের কথা ভাবছে।",16.00,2.74,10.67
140905_sm_nato_russia_coldwave_background,"ইউক্রেনের সংঘাত পশ্চিমা সামরিক জোট নেটোর সাথে রাশিয়ার সম্পর্কে অবনতি ঘটিয়েছে, এবং পুনরায় ঠাণ্ডা লড়াই ফিরে আসার আশংকা তৈরি করেছে।","**সারসংক্ষেপ:** ইউক্রেন সংঘাতে সরাসরি সেনা পাঠানোর অভিযোগে রাশিয়ার বিরুদ্ধে নেটো তীব্র ক্ষোভ প্রকাশ করলেও মস্কো তা অস্বীকার করেছে। নব্বইয়ের দশকের পর থেকে পূর্ব ইউরোপের দেশগুলোর নেটোর সদস্যপদ গ্রহণ এবং রাশিয়ার প্রভাব বলয় সংকুচিত হওয়াকে কেন্দ্র করে উভয় পক্ষের মধ্যে দীর্ঘদিনের উত্তেজনা বিরাজ করছে। বিশেষ করে প্রাক্তন সোভিয়েত প্রজাতন্ত্রগুলোর নেটোর অন্তর্ভুক্তিতে রাশিয়া চরম অসন্তুষ্ট, যা বর্তমানে দুই পক্ষের সম্পর্ককে শীতল যুদ্ধের পর্যায়ে নিয়ে গেছে।",7.23,0.00,4.82
news-51817628,জেল থেকে বন্দীদের পলায়ন। জেলখানায় আগুন। রাস্তায় পুলিশ-জনতা সংঘর্ষ। সরকারি নিষেধাজ্ঞার এড়িয়ে পালানোর জন্য রেলস্টেশন-বাস টার্মিনালে শত শত মানুষের ভিড়। জনশূন্য শপিং মল। বন্ধ দোকানপাট। অর্থনীতিতে বিরাট মন্দার আশংকা।,"করোনাভাইরাসের ভয়াবহ প্রকোপ নিয়ন্ত্রণে ইতালি সরকার পুরো দেশে কঠোর বিধিনিষেধ জারি করেছে, যা দ্বিতীয় বিশ্বযুদ্ধের পর দেশটিতে নজিরবিহীন পরিস্থিতির সৃষ্টি করেছে। সংক্রমণ ঠেকাতে ব্যর্থ হওয়ায় এবং মানুষের অবাধ চলাচল নিয়ন্ত্রণে প্রধানমন্ত্রী জুসেপে কন্টি এই জরুরি পদক্ষেপ নিতে বাধ্য হয়েছেন। বর্তমানে পুরো ইতালিতে আতঙ্ক বিরাজ করছে এবং বিধিনিষেধ অমান্যকারীদের বিরুদ্ধে জেল-জরিমানার মতো কঠোর ব্যবস্থা গ্রহণ করা হয়েছে।",4.55,0.00,2.27
news-50038358,১১ই অক্টোবর 'ব্যক্তিগত বাংলা লাইব্রেরি বিক্রি হবে' শিরোনামে একটি বিজ্ঞাপন প্রকাশিত হয় একটি দৈনিক পত্রিকায়। এক ব্যক্তি প্রায় ৫০ বছর ধরে গড়ে তোলা ব্যক্তিগত লাইব্রেরির বই এবং পত্রিকার সংগ্রহ বিক্রি করার ঘোষণা দেন সেখানে।,"১৯৭০ সাল থেকে বাংলা সাহিত্যের দুর্লভ বই ও পত্রিকার বিশেষ সংখ্যা সংগ্রহ করে আসা অবসরপ্রাপ্ত স্কুল শিক্ষক গোকুল চন্দ্র দাস এখন রক্ষণাবেক্ষণের অভাবে তার বিশাল সংগ্রহশালাটি বিক্রি করে দিতে চাইছেন। দীর্ঘদিনের প্রচেষ্টায় গড়ে তোলা এই সংগ্রহে কবিতা, আত্মজীবনী, গবেষণাপত্র এবং দেড় শতাধিক অভিধানসহ নানা ধরনের মূল্যবান বই রয়েছে। আর্থিক সীমাবদ্ধতার কারণে লাইব্রেরিটি টিকিয়ে রাখতে না পেরে তিনি এর বিনিময়ে মোট ২৫ লাখ টাকা মূল্য নির্ধারণ করেছেন।",14.00,0.00,10.00
news-45889940,ভারতের পররাষ্ট্র দফতরের জুনিয়র মন্ত্রী এম জে আকবর তার বিরুদ্ধে বেশ কিছু যৌন হয়রানির অভিযোগের মুখে পদত্যাগ করেছেন।,"ভারতে চলমান 'মি-টু' আন্দোলনের মুখে নারী সাংবাদিকদের করা যৌন হয়রানির অভিযোগের প্রেক্ষিতে কেন্দ্রীয় মন্ত্রী ও প্রখ্যাত সাংবাদিক এম জে আকবর পদত্যাগ করেছেন। অভিযোগগুলো অস্বীকার করে তিনি ব্যক্তিগতভাবে আইনি লড়াই চালানোর স্বার্থে পদত্যাগের সিদ্ধান্ত নিয়েছেন বলে জানান। তবে রাজনৈতিক মহলের ধারণা, ক্রমবর্ধমান বিতর্কের কারণে শাসক দলের চাপের মুখেই তিনি এই পদত্যাগ করতে বাধ্য হয়েছেন।",27.78,14.29,16.67
news-54784098,"বাংলাদেশে একাধিক মন্ত্রী বলেছেন, ধর্ম অবমাননার গুজব ছড়িয়ে কোন কোন গোষ্ঠী পর পর কয়েকটি সহিংস ঘটনা ঘটিয়ে অস্থিরতা সৃষ্টির চেষ্টা করেছে বলে সরকার মনে করছে।","ধর্ম অবমাননার গুজব ছড়িয়ে লালমনিরহাট ও কুমিল্লায় সাম্প্রতিক সহিংসতা ও হত্যাকাণ্ডের ঘটনায় সরকার কঠোর ব্যবস্থা নেওয়ার ঘোষণা দিয়েছে। সরকার জনসাধারণকে গুজবে কান না দেওয়ার আহ্বান জানালেও, অতীতের ঘটনার বিচার না হওয়ায় মানবাধিকার কর্মীরা সরকারের এই পদক্ষেপের কার্যকারিতা নিয়ে সংশয় প্রকাশ করেছেন। পুলিশ বলছে, এসব নৃশংস ঘটনার পেছনে সংঘবদ্ধ কোনো গোষ্ঠীর উস্কানি ও পরিকল্পিত ষড়যন্ত্র রয়েছে।",10.00,5.13,10.00
news-41745155,"মঙ্গলবার নেপিডোতে মিয়ানমারের স্বরাষ্ট্রমন্ত্রী লে. কর্নেল চ সুয়ি এবং পুলিশ প্রধানের সাথে বৈঠকের পর আসাদুজ্জামান খান টেলিফোনে বিবিসি বাংলাকে জানিয়েছেন, রোহিঙ্গা প্রত্যাবসনের লক্ষ্যে দুই দেশের সমান সংখ্যক প্রতিনিধি নিয়ে খুব শীঘ্রই একটি যৌথ ওয়ার্কিং কমিটি গঠন করা হবে।","মিয়ানমার রোহিঙ্গাদের ফিরিয়ে নেওয়ার বিষয়ে নমনীয় মনোভাব দেখালেও, তাদের অতীত আচরণ ও বর্তমান পরিস্থিতির কারণে এই উদ্যোগের সফলতা নিয়ে সংশয় প্রকাশ করেছেন বিশেষজ্ঞরা। রোহিঙ্গাদের প্রত্যাবাসন প্রক্রিয়া তদারকির জন্য যৌথ কমিটি গঠনের প্রস্তাব করা হলেও, এর কার্যকারিতা ও স্বচ্ছতা নিয়ে বড় ধরনের প্রশ্ন রয়ে গেছে। আন্তর্জাতিক চাপের মুখে মিয়ানমারের এই নমনীয়তা কোনো কৌশলগত নাটক কি না, তা নিয়েও জনমনে গভীর শঙ্কা ও অবিশ্বাসের সৃষ্টি হয়েছে।",5.88,0.00,5.88
news-55291601,"বাংলাপিডিয়ার হিসাব বলছে, মুক্তিযুদ্ধের সময় ১ হাজার ১১১ জন বুদ্ধিজীবীকে হত্যা করেছিল পাকিস্তানি বাহিনী। যার মধ্যে সবচেয়ে বেশি ছিল ঢাকায়। ১৪৯ জন।","১. ১৯৭১ সালের মুক্তিযুদ্ধে বুদ্ধিজীবী নিধনের স্মৃতিচারণ ও স্বীকৃতি মূলত ঢাকা-কেন্দ্রিক হওয়ায় ঢাকার বাইরের জেলাগুলোর শহীদদের অবদান অনেকাংশেই উপেক্ষিত থেকে গেছে। ২. গবেষক আফসান চৌধুরীর মতে, বৈষম্যমূলক এই স্মরণ প্রক্রিয়া সমাজে বিভেদ তৈরি করে, তাই মুক্তিযুদ্ধে অবদান রাখা সব শ্রেণি-পেশার মানুষকে সমানভাবে মূল্যায়ন করা প্রয়োজন। ৩. প্রকৃত ইতিহাস বুঝতে হলে শুধু বুদ্ধিজীবী নয়, বরং গ্রামের সাধারণ মানুষ ও নির্যাতিত নারীদের মতো প্রান্তিক জনগোষ্ঠীর আত্মত্যাগকেও যথাযথ স্বীকৃতি ও সম্মানের সাথে স্মরণ করা জরুরি।",2.08,0.00,2.08
news-53121882,"ব্রিটেনে চালানো এক জরিপে দেখা গেছে যে, করোনাভাইরাস আক্রান্ত হলে দক্ষিণ এশীয় বংশোদ্ভূতদেরই মারা যাবার সম্ভাবনা সবচেয়ে বেশি, এবং তার একটি কারণ ডায়াবেটিস।","এক বিশাল জরিপে দেখা গেছে, শ্বেতাঙ্গদের তুলনায় দক্ষিণ এশীয়দের করোনায় আক্রান্ত হয়ে মারা যাওয়ার ঝুঁকি ২০ শতাংশ বেশি। হাসপাতালে ভর্তি হওয়া দক্ষিণ এশীয় রোগীদের মধ্যে ডায়াবেটিসের উচ্চ হার এবং তুলনামূলক কম বয়সে আক্রান্ত হওয়ার প্রবণতা এই বাড়তি ঝুঁকির অন্যতম কারণ। তবে গবেষণায় কৃষ্ণাঙ্গদের ক্ষেত্রে মৃত্যুর এমন উচ্চ হার পরিলক্ষিত হয়নি।",30.14,8.45,24.66
news-53324713,লাদাখের গালওয়ান উপত্যকা ও সংলগ্ন এলাকায় চীনা বাহিনী 'ডিসএনগেজমেন্ট' বা সৈন্য প্রত্যাহারের প্রক্রিয়া শুরু করলেও ভারত এখনও তাতে পুরোপুরি আশ্বস্ত হতে পারছে না এবং পরিস্থিতির ওপর সতর্ক নজর রাখছে।,"১৯৬২ সালে গালওয়ান থেকে চীন সৈন্য প্রত্যাহারের প্রতিশ্রুতি দিলেও পরবর্তীতে পূর্ণাঙ্গ যুদ্ধ শুরু করেছিল, যা বর্তমান পরিস্থিতিতে ভারতকে অত্যন্ত সতর্ক করে তুলেছে। বর্তমান সমঝোতার পরও চীন নতুন করে সামরিক স্থাপনা তৈরি ও সেনা মোতায়েন করায় তাদের বিশ্বাস করা কঠিন বলে মনে করছেন বিশেষজ্ঞরা। তাই অতীতের তিক্ত অভিজ্ঞতার আলোকে ভারত এবার চীনের বিষয়ে কোনো প্রকার নিশ্চিন্ত থাকতে রাজি নয়।",16.09,2.35,11.49
news-50794469,"বাংলাদেশের পুলিশ বলছে, জামায়াতে ইসলামীর মুখপত্র দৈনিক সংগ্রামের সম্পাদক আবুল আসাদকে রাষ্ট্রদ্রোহ ও ডিজিটাল নিরাপত্তা আইনে দায়ের করা মামলায় গ্রেপ্তার করা হয়েছে।","যুদ্ধাপরাধী আব্দুল কাদের মোল্লাকে 'শহীদ' আখ্যা দিয়ে প্রতিবেদন প্রকাশের জেরে দৈনিক সংগ্রাম পত্রিকার কার্যালয়ে হামলা চালিয়েছে মুক্তিযুদ্ধ মঞ্চের নেতাকর্মীরা। এ সময় পত্রিকাটির সম্পাদক আবুল আসাদকে টেনে-হিঁচড়ে বের করে শারীরিক হেনস্থা করা হয় এবং জোরপূর্বক ক্ষমা চাওয়ানোর ভিডিও সামাজিক যোগাযোগ মাধ্যমে ছড়িয়ে দেওয়া হয়। পরবর্তীতে হামলাকারীরা সম্পাদককে পুলিশের হাতে তুলে দেয়, যা নিয়ে জনমনে ব্যাপক প্রতিক্রিয়ার সৃষ্টি হয়েছে।",12.50,5.13,12.50
news-37771601,বাংলাদেশে সম্প্রতি র‍্যাবের অভিযানে নিহত সারোয়ার জাহানকে কথিত জঙ্গি সংগঠন 'নব্য জেএমবি'র প্রধান বলে পুলিশের এই বিশেষ বাহিনী দাবি করলেও আজ তা নাকচ করে দিয়েছে ঢাকা মহানগর পুলিশের কাউন্টার টেরোরিজম ইউনিট।,"আশুলিয়ায় নিহত সারোয়ার জাহানকে 'নব্য জেএমবি'র প্রধান হিসেবে র‍্যাবের দাবি নাকচ করে দিয়ে পুলিশের কাউন্টার টেররিজম ইউনিটের প্রধান মনিরুল ইসলাম তাকে তৃতীয় সারির নেতা বলে অভিহিত করেছেন। ইতালীয় নাগরিক সিজার তাবেলা হত্যাকাণ্ডে সারোয়ার জাহানের সম্পৃক্ততা নিয়ে র‍্যাবের মহাপরিচালকের বক্তব্যের বিষয়েও তিনি দ্বিমত পোষণ করেন। অন্যদিকে, পুলিশ এই হত্যাকাণ্ডের জন্য বিএনপি নেতা এম এ কাইয়ুমকে দায়ী করে আদালতে অভিযোগপত্র দাখিল করেছে।",31.25,12.77,22.92
news-51262179,মু্স্তাফিজুর রহমান শেষ পাঁচটি টি টোয়েন্টি ম্যাচে উইকেট নিয়েছেন মাত্র একটি।,"২০১৫ সালে অভিষেকের পর ২০১৬ সালে দুর্দান্ত ফর্মে থাকা মুস্তাফিজুর রহমানের বোলিং পারফরম্যান্স ইনজুরি ও সার্জারির পর থেকে ধারাবাহিকভাবে নিম্নমুখী। বর্তমানে তার কাটার আগের মতো কার্যকর না হওয়ায় এবং বৈচিত্র্যের অভাবে তিনি প্রতিপক্ষের রান আটকানোয় ব্যর্থ হচ্ছেন। সাবেক ক্রিকেটারদের মতে, কেবল একটি স্কিলের ওপর নির্ভর না করে মুস্তাফিজকে তার বোলিংয়ে নতুনত্ব আনার প্রয়োজন।",3.12,0.00,3.12
news-46941357,বিশ্বের বহু দেশের মানুষজন আজ আকাশে 'সুপার ব্লাড উল্ফ মুন' দেখার অপেক্ষায় রয়েছেন।,"আজকের পূর্ণিমায় পৃথিবী, সূর্য ও চাঁদের এক সরলরেখায় অবস্থানের ফলে বিরল 'সুপার ব্লাড উল্ফ মুন' বা পূর্ণ চন্দ্রগ্রহণ দেখা যাবে। পৃথিবীর বায়ুমণ্ডলের মধ্য দিয়ে সূর্যের আলো প্রতিফলিত হওয়ায় চাঁদ এ সময় গাঢ় লাল বর্ণ ধারণ করবে এবং সাধারণ সময়ের চেয়ে আকারে বড় ও উজ্জ্বল দেখাবে। ২০২৯ সালের আগে এমন মহাজাগতিক দৃশ্য আর দেখা যাবে না বলে জানিয়েছেন বিজ্ঞানীরা।",11.27,8.70,11.27
news-52402983,"এমন একটি দেশের কথা ভাবুন, যার জনসংখ্যা সাড়ে নয় কোটির বেশি এবং চীনের সঙ্গে রয়েছে দীর্ঘ স্থল সীমান্ত। দুই দেশের মধ্যে রয়েছে বিরাট ব্যবসা-বাণিজ্য, অনেক ধরণের যোগাযোগ।","করোনাভাইরাস মহামারিতে প্রতিবেশী দেশ হওয়া সত্ত্বেও ভিয়েতনাম অত্যন্ত কার্যকর পদক্ষেপ গ্রহণের মাধ্যমে মৃত্যুহীন সাফল্যের নজির স্থাপন করেছে। দেশটির সরকার শুরু থেকেই কঠোর স্ক্রিনিং, স্বাস্থ্য সচেতনতা এবং ভ্রমণকারীদের তথ্য সংগ্রহের মতো কঠোর ব্যবস্থা গ্রহণ করে সংক্রমণ নিয়ন্ত্রণে রেখেছে। গবেষকদের মতে, সরকারের এই সময়োপযোগী ও সুশৃঙ্খল পদক্ষেপই ভিয়েতনামের এই অভাবনীয় সাফল্যের মূল কারণ।",2.53,0.00,2.53
news-47415351,রোহিঙ্গা প্রত্যাবাসন নিয়ে বাংলাদেশ তাদের ক্ষোভ হতাশা খোলাখুলি প্রকাশ করেছে জাতিসংঘ নিরাপত্তা পরিষদের অধিবেশনে।,রোহিঙ্গা প্রত্যাবাসনের ক্ষেত্রে মিয়ানমার ক্রমাগত মিথ্যা প্রতিশ্রুতি দিয়ে বাধা সৃষ্টি করছে বলে জাতিসংঘ নিরাপত্তা পরিষদে ক্ষোভ প্রকাশ করেছে বাংলাদেশ। মিয়ানমার আন্তর্জাতিক চুক্তি ও শর্তগুলো তোয়াক্কা না করায় দ্বিপাক্ষিক প্রচেষ্টার কার্যকারিতা নিয়ে বাংলাদেশ এখন গভীর হতাশ। তাই এই সংকট সমাধানে মিয়ানমারের ওপর কার্যকর আন্তর্জাতিক চাপ প্রয়োগের কোনো বিকল্প নেই বলে বাংলাদেশ জোর দাবি জানিয়েছে।,20.90,6.15,11.94
news-44276395,শিশুর ন্যাপি পরিবর্তন করা নিয়ে নেই কোনো বিতর্ক। হতে পারে এটি শিশুর বাবা-মা'এর জন্যে একটি ঝুঁকিপূর্ণ কাজ ।,"অস্ট্রেলিয়ার এক যৌন বিষয়ক প্রশিক্ষক ডিয়ান কারসন শিশুদের ন্যাপি পরিবর্তনের আগে তাদের অনুমতি নেওয়ার পরামর্শ দিয়ে আলোচনার জন্ম দিয়েছেন। তার মতে, শিশুর প্রতিক্রিয়ার গুরুত্ব বোঝাতে এবং ছোটবেলা থেকেই সম্মতির সংস্কৃতি গড়ে তুলতে বাবা-মায়েদের এই পদ্ধতি অনুসরণ করা উচিত। তবে এই অদ্ভুত পরামর্শটি নিয়ে সামাজিক যোগাযোগ মাধ্যমে মিশ্র প্রতিক্রিয়া ও তীব্র সমালোচনার সৃষ্টি হয়েছে।",13.70,0.00,8.22
news-50204325,২০১৬ সালে ঢাকার গুলশানে হোলি আর্টিজান রেস্তোরাঁয় জঙ্গি হামলায় ২২জন নিহত হয়েছিলেন এবং এ ঘটনার পর জঙ্গিরাই নিজেদের ইসলামিক স্টেট বা আইএস পরিচয় বিশ্বজুড়ে ছড়িয়ে দিয়েছিলো।,"বাংলাদেশে আইএস-এর অস্তিত্বের দাবি সরকার বরাবরই প্রত্যাখ্যান করে আসলেও, হোলি আর্টিজানসহ বিভিন্ন হামলার দায় সংগঠনটি নিয়মিত স্বীকার করে আসছে। আইনশৃঙ্খলা রক্ষাকারী বাহিনীর ধারাবাহিক জঙ্গি-বিরোধী অভিযানে এ পর্যন্ত অন্তত আশি জন নিহত হয়েছে এবং সিরিয়া-ইরাক ফেরত অনেক সন্দেহভাজন জঙ্গিকে গ্রেপ্তার করা হয়েছে। গোয়েন্দা তথ্যানুযায়ী, অন্তত ৫০ জন বাংলাদেশি বংশোদ্ভূত ব্যক্তি আইএসের সাথে সরাসরি যুক্ত ছিল, যাদের মধ্যে তামিম চৌধুরীর মতো শীর্ষ জঙ্গিরাও অন্তর্ভুক্ত।",13.19,0.00,8.79
news-44403726,"বাংলাদেশের নতুন বাজেটে ফেসবুক, ইউটিউব ও গুগলের সেবাকে করের আওতায় আনার প্রস্তাব করা হয়েছে।","২০১৮-১৯ অর্থবছরের বাজেটে ফেসবুক, গুগল ও ইউটিউবের মতো ডিজিটাল প্ল্যাটফর্ম থেকে অর্জিত আয়ের ওপর কর আরোপের প্রস্তাব করেছেন অর্থমন্ত্রী। পাশাপাশি ই-কমার্স ও ভার্চুয়াল ব্যবসার পরিধি নির্ধারণ করে এ খাতে ৫% মূল্য সংযোজন কর (ভ্যাট) আরোপ করা হয়েছে। এছাড়া উবার বা পাঠাওয়ের মতো রাইড শেয়ারিং সেবার ওপরও যাত্রীদের জন্য ৫% ভ্যাট এবং চালকদের জন্য টিআইএন থাকা বাধ্যতামূলক করা হয়েছে।",13.51,2.78,13.51
news-43864215,অস্ট্রেলিয়ার এক জঙ্গলে হারিয়ে যাওয়া তিন বছর বয়সী এক মেয়ে শিশুর সাথে সারারাত ছিল ম্যাক্স নামের এক কুকুর।,অস্ট্রেলিয়ার কুইন্সল্যান্ডে নিখোঁজ হওয়া তিন বছর বয়সী শিশু অরোরাকে ১৬ ঘণ্টা পর জঙ্গল থেকে অক্ষত অবস্থায় উদ্ধার করা হয়েছে। দৃষ্টি ও শ্রবণ প্রতিবন্ধী পোষা কুকুর ‘ম্যাক্স’ পুরো সময় শিশুটির পাশে থেকে তাকে আগলে রেখেছিল এবং উদ্ধারকারীদের পথ দেখিয়ে অরোরাকে খুঁজে পেতে সাহায্য করেছে। সাহসিকতা ও বিশ্বস্ততার এই অনন্য দৃষ্টান্তের জন্য কুইন্সল্যান্ড পুলিশ ম্যাক্সকে বিশেষ সম্মানে ভূষিত করেছে।,13.33,2.74,10.67
news-57203955,"বাংলাদেশের পররাষ্ট্র মন্ত্রী এ কে আবদুল মোমেন বলেছেন, আমেরিকা বাংলাদেশকে অ্যাস্ট্রাজেনেকা ভ্যাকসিন দিতে সম্মত হয়েছে।","ভারতের সিরাম ইনস্টিটিউট থেকে টিকার সরবরাহ কমে যাওয়ায় বাংলাদেশে দ্বিতীয় ডোজ নিয়ে সৃষ্ট সংকট নিরসনে আমেরিকা বাংলাদেশকে অ্যাস্ট্রাজেনেকার টিকা দিতে সম্মত হয়েছে। পররাষ্ট্রমন্ত্রী এ কে আবদুল মোমেন জানিয়েছেন, এ বিষয়ে আমেরিকার পররাষ্ট্রমন্ত্রীকে চিঠি দেওয়া হয়েছে এবং তারা টিকা দিতে রাজিও হয়েছেন। তবে আমেরিকার খাদ্য ও ওষুধ প্রশাসনের (এফডিএ) অনুমোদনের দীর্ঘসূত্রতার কারণে টিকা প্রাপ্তিতে কিছুটা বিলম্ব হচ্ছে।",22.54,14.49,14.08
news-47637011,বাংলাদেশের ঢাকায় পুলিশের ট্রাফিক সপ্তাহ চলার মধ্যেই বাস চাপায় সেনাবাহিনী পরিচালিত একটি বিশ্ববিদ্যালয়ের একজন শিক্ষার্থী নিহত হওয়ার পর সড়ক ব্যবস্থাপনা আবারও প্রশ্নের মুখে পড়েছে।,সড়ক দুর্ঘটনায় শিক্ষার্থী নিহতের ঘটনায় নিরাপদ সড়কের দাবিতে ঢাকার শিক্ষার্থীরা আবারও বিক্ষোভে ফেটে পড়েছে। দীর্ঘ সময় পার হলেও আগের আন্দোলনের পর দেওয়া সরকারি প্রতিশ্রুতি বাস্তবায়ন না হওয়ায় শিক্ষার্থীদের মধ্যে তীব্র ক্ষোভ ও হতাশা বিরাজ করছে। পরিবহন খাতের বিশৃঙ্খলা ও অরাজকতা নিরসনে কার্যকর পদক্ষেপের অভাবে সড়ক দুর্ঘটনা ও প্রাণহানি অব্যাহত রয়েছে বলে বিশেষজ্ঞরা মনে করছেন।,12.82,0.00,7.69
news-50127963,"বাংলাদেশের দক্ষিণাঞ্চলীয় ভোলার বোরহানউদ্দিন থানা পুলিশ বলছে, ইসলামের নবীকে কটাক্ষ করে দেয়া কিছু মেসেঞ্জার পোস্টকে কেন্দ্র করে রোববার এক সংঘর্ষে পুলিশের গুলিতে চার ব্যক্তি নিহত হবার ঘটনা ঘটে।","ফেসবুক আইডি হ্যাক করে আপত্তিকর পোস্ট ছড়ানোর ঘটনায় জড়িতদের পুলিশ আটক করলেও, সোশ্যাল মিডিয়া ব্যবহারে সাধারণ ব্যবহারকারীদের সর্বোচ্চ সতর্ক থাকা জরুরি। অ্যাকাউন্ট হ্যাক হলে পাসওয়ার্ড পরিবর্তন বা নিয়ন্ত্রণ হারানোসহ বিভিন্ন লক্ষণ দেখে তা শনাক্ত করা সম্ভব। হ্যাকিংয়ের শিকার হলে তাৎক্ষণিকভাবে বিষয়টি পুলিশকে অবহিত করতে হবে এবং প্রয়োজনীয় নিরাপত্তা ব্যবস্থা গ্রহণ করতে হবে।",5.00,0.00,2.50
news-43699928,কোটা সংস্কারের দাবিতে আন্দোলনকারী ছাত্রনেতাদের সাথে সরকারের সমঝোতার পর ছাত্রদের একাংশ তা প্রত্যাখ্যান করার পটভূমিতে ঢাকা বিশ্ববিদ্যালয় এলাকায় উত্তেজনা বিরাজ করছে বলে জানা যাচ্ছে।,"কোটা সংস্কারের দাবিতে আন্দোলনরত শিক্ষার্থীদের একাংশ সরকারের সঙ্গে সমঝোতা প্রত্যাখ্যান করে বিক্ষোভ চালিয়ে গেলেও, নিরাপত্তার স্বার্থে অধিকাংশ শিক্ষার্থী মাঝরাত নাগাদ ক্যাম্পাস ত্যাগ করেন। এদিকে, ঢাকা বিশ্ববিদ্যালয়ের বিভিন্ন গুরুত্বপূর্ণ স্থানে রড ও রামদা হাতে কিছু যুবকের অবস্থান নিতে দেখা গেছে। উদ্ভূত পরিস্থিতিতে আন্দোলনকারীদের মধ্যে বিভক্তি স্পষ্ট হয়ে উঠেছে এবং শাহবাগসহ ক্যাম্পাসের বিভিন্ন এলাকায় পুলিশ মোতায়েন রয়েছে।",17.72,5.19,15.19
news-50503931,যুক্তরাষ্ট্রে যেভাবে মৃত্যুদণ্ড কার্যকর করা হচ্ছে সেটি বেআইনি হতে পারে এই আশঙ্কায় কেন্দ্রীয় বা ফেডারেল সরকার এর বাস্তবায়ন স্থগিত করেছে।,"যুক্তরাষ্ট্রে দীর্ঘ বিরতির পর পুনরায় মৃত্যুদণ্ড কার্যকর করার প্রক্রিয়া শুরু হলেও, ইনজেকশন পদ্ধতির বৈধতা নিয়ে আইনি চ্যালেঞ্জের মুখে পড়েছে কেন্দ্রীয় সরকার। মৃত্যুদণ্ড কার্যকর করার পদ্ধতিতে ত্রুটি থাকতে পারে—এই আশঙ্কায় একজন বিচারক চার বন্দীর মৃত্যুদণ্ড স্থগিত করে শুনানির নির্দেশ দিয়েছেন। মূলত ব্যবহৃত ড্রাগের কার্যকারিতা ও কেন্দ্রীয় আইনের সাথে এর সামঞ্জস্য নিয়ে প্রশ্ন ওঠায় এই আইনি জটিলতা তৈরি হয়েছে।",20.51,5.26,15.38
news-41070666,রাখাইন প্রদেশে নতুন করে সেনা অভিযান শুরুর পর মিয়ানমারের গণমাধ্যমে রোহিঙ্গাদের 'বাঙালি সন্ত্রাসী' হিসেবে চিহ্নিত করে বিভিন্ন নিবন্ধ প্রকাশিত হচ্ছে।,"রাখাইনে সাম্প্রতিক হামলার ঘটনায় মিয়ানমার সরকার 'বাঙালি সন্ত্রাসী' ও আরসা'র বিরুদ্ধে সাধারণ মানুষকে সতর্ক থাকার আহ্বান জানিয়েছে। দেশটির সরকার অভিযোগ করেছে যে, কিছু আন্তর্জাতিক সংস্থার কর্মীরা এসব সন্ত্রাসী কর্মকাণ্ডে সহায়তা করছে এবং তাদের বিরুদ্ধে ব্যবস্থা নিতে ইন্টারপোলের সাহায্য চাওয়া হয়েছে। এই সহিংসতার জেরে প্রাণ বাঁচাতে হাজার হাজার রোহিঙ্গা মুসলিম সীমান্ত পেরিয়ে বাংলাদেশে আশ্রয় নেওয়ার চেষ্টা করছে।",5.19,2.67,5.19
news-46418362,বাংলাদেশে আসন্ন সংসদ নির্বাচনে বিএনপির কারাভোগরত চেয়ারপারসন খালেদা জিয়ার পক্ষ থেকে দেয়া তিনটি মনোনয়নপত্রই বাতিল হয়ে গেছে।,দুর্নীতির মামলায় সাজাপ্রাপ্ত হওয়ায় খালেদা জিয়ার তিনটি আসনেই মনোনয়নপত্র বাতিল হয়েছে এবং আইনি জটিলতায় তার নির্বাচনে অংশগ্রহণ অনিশ্চিত হয়ে পড়েছে। দলীয় প্রধানের অনুপস্থিতিতে নেতা-কর্মীরা হতাশ হলেও তারা একে আন্দোলনের অংশ হিসেবে নিয়ে ভোটের মাঠে টিকে থাকার সিদ্ধান্ত নিয়েছেন। কারাবন্দী খালেদা জিয়ার মুক্তিকে প্রধান এজেন্ডা হিসেবে সামনে রেখে বিএনপি এই নির্বাচনকে তাদের রাজনৈতিক শক্তির প্রদর্শনীতে রূপান্তর করতে চায়।,10.67,0.00,8.00
news-41064935,"গত ১৩বছরের মধ্যে সবচেয়ে বড় ঘূর্ণিঝড় ক্যাটেগরি ফোর হারিকেন 'হার্ভে' যতটা না ক্ষতি করেছে, তারচেয়ে বড় হয়ে দেখা দিয়েছে এখন হঠাৎ বন্যার ভয়।",হারিকেন 'হার্ভে' দুর্বল হয়ে মৌসুমি ঝড়ে পরিণত হলেও এর প্রভাবে টেক্সাসে ভয়াবহ বন্যার আশঙ্কা দেখা দিয়েছে। প্রবল বৃষ্টিপাতে জনজীবন বিপর্যস্ত হয়ে পড়েছে এবং বিদ্যুৎহীন হয়ে পড়েছেন প্রায় তিন লাখ মানুষ। পরিস্থিতি মোকাবিলায় কর্তৃপক্ষ উদ্ধার তৎপরতা চালাচ্ছে এবং বন্যার কারণে বিভিন্ন এলাকা থেকে বাসিন্দাদের নিরাপদ স্থানে সরিয়ে নেওয়া হচ্ছে।,11.27,2.90,11.27
news-51494022,উহান- চীনের এই শহরটিই করোনাভাইরাসের প্রাণকেন্দ্র।,করোনাভাইরাসের প্রাদুর্ভাবে উহানে লকডাউনের ফলে জনজীবন অচল হয়ে পড়লে স্বাস্থ্যকর্মীদের যাতায়াত ও সেবা নিশ্চিত করতে স্বেচ্ছাসেবীরা এগিয়ে আসেন। সামাজিক যোগাযোগ মাধ্যমের সহায়তায় গড়ে ওঠা এই স্বেচ্ছাসেবক নেটওয়ার্কের সদস্যরা নিজেদের গাড়িতে করে স্বাস্থ্যকর্মীদের আনা-নেওয়া এবং প্রয়োজনীয় চিকিৎসা সামগ্রী ও খাবার পৌঁছে দিচ্ছেন। চরম ঝুঁকি থাকা সত্ত্বেও জীবনের ঝুঁকি নিয়ে তারা নিরলসভাবে এই মানবিক কার্যক্রম চালিয়ে যাচ্ছেন।,6.45,0.00,3.23
news-46358471,লন্ডনে রাজনৈতিক আশ্রয়ে থাকা বিএনপির ভারপ্রাপ্ত চেয়ারপার্সন তারেক রহমান ভোটের দিন জনগণের ইচ্ছার বিরুদ্ধে না দাঁড়ানোর জন্যে বাংলাদেশের সরকারি কর্মকর্তা ও কর্মচারীদের প্রতি আহবান জানিয়েছেন।,লন্ডনে অবস্থানরত বিএনপির ভারপ্রাপ্ত চেয়ারম্যান তারেক রহমান ফেসবুক ভিডিও বার্তার মাধ্যমে জনগণকে গণতন্ত্রের পক্ষে থাকার আহ্বান জানিয়েছেন এবং সরকারি কর্মকর্তাদের আশ্বস্ত করেছেন। আদালতের নিষেধাজ্ঞা থাকায় তিনি সোশ্যাল মিডিয়া ব্যবহার করে দল পরিচালনা ও নির্বাচনী কার্যক্রম চালিয়ে যাচ্ছেন। তারেক রহমানের এই কর্মকাণ্ড এবং পলাতক আসামি হিসেবে প্রার্থী বাছাইয়ে অংশগ্রহণের বিষয়টি নিয়ে আওয়ামী লীগ আপত্তি জানালেও নির্বাচন কমিশন আইনগত সীমাবদ্ধতার কথা জানিয়েছে।,18.82,4.82,16.47
news-50804643,"যুক্তরাজ্যের প্রতিটি নির্বাচনী এলাকার প্রকাশিত ফলের উপর ভিত্তি করে, প্রথমবারের মত বিবিসি নিউজ এমন একটি প্রতিবেদন প্রকাশ করেছে যেটি পুরোটাই লিখেছে কম্পিউটার।","বিবিসি সম্প্রতি নির্বাচনের ফলাফল বিশ্লেষণে যান্ত্রিক বা অটোমেটেড সাংবাদিকতার মাধ্যমে রেকর্ড সংখ্যক প্রতিবেদন প্রকাশ করেছে। এই প্রযুক্তির মূল উদ্দেশ্য সাংবাদিকদের প্রতিস্থাপন করা নয়, বরং মানুষের পক্ষে অসম্ভব এমন তথ্যবহুল ও দ্রুতগতির প্রতিবেদন তৈরি করা। বর্তমানে বিভিন্ন সংবাদমাধ্যম পরিসংখ্যাননির্ভর সংবাদ পরিবেশনের দক্ষতা বাড়াতে এই স্বয়ংক্রিয় প্রযুক্তির ব্যবহার নিয়ে পরীক্ষা-নিরীক্ষা চালাচ্ছে।",13.89,5.71,11.11
news-47116189,বিশ্বকাপের আগে নিউজিল্যান্ড সফরই শেষ প্রস্তুতি। বিশ্বকাপের চিন্তা বাদ দিয়েও কেবল নিউজিল্যান্ড সফরে ভালো করার জায়গা আছে বলে মনে করেন বাংলাদেশের একজন ক্রিকেট বিশ্লেষক ও ক্রিকেট মেন্টর নাজমুল আবেদীন ফাহিম।,"২০১৯ সালের শুরুতে নিউজিল্যান্ড সফরে বাংলাদেশ তিনটি ওয়ানডে ও দীর্ঘ সাড়ে ১১ বছর পর বিদেশের মাটিতে তিন ম্যাচের টেস্ট সিরিজ খেলবে। বিপিএলের ধকল কাটিয়ে নিউজিল্যান্ডের প্রতিকূল কন্ডিশনে টানা তিনটি টেস্ট খেলা বাংলাদেশের জন্য বড় শারীরিক চ্যালেঞ্জ হবে। তবে বিশেষজ্ঞ নাজমুল আবেদীন ফাহিমের মতে, এই দীর্ঘ সিরিজটি বাংলাদেশের খেলোয়াড়দের দক্ষতা ও মানিয়ে নেওয়ার সক্ষমতা বৃদ্ধির দারুণ সুযোগ তৈরি করবে।",13.64,4.65,11.36
news-48989199,কুমিল্লায় আদালত কক্ষের মধ্যে বিচারকের উপস্থিতিতে শুনানি চলাকালে এক আসামির ছুরিকাঘাতে নিহত হয়েছেন আরেক আসামি।,কুমিল্লায় একটি হত্যা মামলার শুনানিতে হাজিরা দিতে এসে আদালত কক্ষের ভেতরেই হাসান নামের এক আসামি তার ফুফাতো ভাই ও সহ-আসামি ফারুক হোসেনকে ছুরিকাঘাতে হত্যা করেছেন। জমিজমা সংক্রান্ত পূর্ব বিরোধের জেরে এই হত্যাকাণ্ড ঘটেছে বলে পুলিশ জানিয়েছে। ঘটনার পরপরই ঘাতক হাসানকে গ্রেপ্তার করা হয়েছে এবং তার বিরুদ্ধে আইনানুগ ব্যবস্থা গ্রহণের প্রক্রিয়া চলছে।,14.93,3.08,11.94
news-52347445,"বাংলাদেশে করোনাভাইরাস সংক্রমণ বেড়ে যাবার পটভূমিতে সরকার বলছে, চিকিৎসক ও সেবাকর্মীদের সুরক্ষার জন্য গত মাস থেকে যথেষ্ট পরিমাণে পার্সোনাল প্রটেক্টিভ ইকুয়িপমেন্ট - পিপিই বা ব্যক্তিগত সুরক্ষা সরঞ্জাম দেয়া হয়েছে এবং সরকারের কাছে পর্যাপ্ত পরিমাণে পিপিই মজুদ আছে।","বাংলাদেশে করোনাভাইরাস চিকিৎসায় নিয়োজিত স্বাস্থ্যকর্মীরা পিপিই সংকটের অভিযোগ তুললেও স্বাস্থ্য অধিদপ্তর দাবি করেছে যে, বিশ্ব স্বাস্থ্য সংস্থার নির্দেশনা মেনে পর্যাপ্ত সুরক্ষা সরঞ্জাম সরবরাহ করা হচ্ছে। সরকার বর্তমানে শুধুমাত্র কোভিড-১৯ আক্রান্ত রোগীদের চিকিৎসায় সরাসরি নিয়োজিত স্বাস্থ্যকর্মীদের পিপিই প্রদানে অগ্রাধিকার দিচ্ছে। তবে এই বিতরণ প্রক্রিয়া ও কর্তৃপক্ষের ভূমিকা নিয়ে চিকিৎসক মহলে অসন্তোষ ও সমালোচনার সৃষ্টি হয়েছে।",24.18,4.49,13.19
news-40519876,যুক্তরাষ্ট্রের প্রেসিডেন্ট ডোনাল্ড ট্রাম্প পোল্যান্ডের রাজধানী ওয়ারসতে এক ভাষণ দেবার প্রস্তুতি নিচ্ছেন যেখানে তিনি পশ্চিমা সভ্যতার ভবিষ্যত নিয়ে বক্তব্য দেবেন।,"জি-২০ সম্মেলনে যোগদানের আগে মার্কিন প্রেসিডেন্ট ডোনাল্ড ট্রাম্প পোল্যান্ড সফর করছেন, যেখানে তিনি পশ্চিমা সভ্যতার সুরক্ষা ও সন্ত্রাসবাদ মোকাবিলার ওপর গুরুত্বারোপ করেছেন। পোল্যান্ডের ওয়ারস বিদ্রোহে নিহতদের স্মৃতিসৌধে শ্রদ্ধা নিবেদনের পাশাপাশি তিনি ইউরোপ ও আমেরিকার সম্পর্ক নিয়ে বক্তব্য রাখবেন। এছাড়া, এই সফরের পরপরই জার্মানিতে রাশিয়ার প্রেসিডেন্ট ভ্লাদিমির পুতিনের সঙ্গে ট্রাম্পের প্রথম দ্বিপাক্ষিক বৈঠক অনুষ্ঠিত হওয়ার কথা রয়েছে।",23.38,13.33,20.78
news-55673251,"আফগানিস্তানের শীর্ষ তালেবান নেতা একটা ডিক্রি জারি করে বিভিন্ন গ্রুপের নেতা এবং কমান্ডারদের বহুবিবাহ না করার জন্য আহ্বান জানিয়েছেন। তিনি বলেছেন, ""এটা করে আমাদের শত্রুদেরকে আমরাই সুযোগ করে দিচ্ছি সমালোচনা করার।"" বিবিসির সংবাদদাতা খুদাই নুর নাসার এইসব খবর দিচ্ছেন।","তালেবান কমান্ডারদের অতিরিক্ত বিয়ের খরচ জোগাতে দুর্নীতিতে জড়িয়ে পড়ার প্রবণতা রোধ করতে নতুন ডিক্রি জারি করেছেন গোষ্ঠীটির শীর্ষ নেতারা। এই ডিক্রিতে বহুবিবাহ পুরোপুরি নিষিদ্ধ না করা হলেও, বিলাসবহুল বিয়ের আয়োজন ও অপ্রয়োজনীয় ব্যয় কমিয়ে দুর্নীতির পথ বন্ধ করার নির্দেশ দেওয়া হয়েছে। তবে সন্তানহীনতা বা বিধবা বিবাহসহ বিশেষ কিছু ক্ষেত্রে এই নিয়ম শিথিল রাখা হয়েছে।",17.20,2.20,12.90
news-55457331,"যুক্তরাজ্যে করোনাভাইরাসের যে নতুন ধরনটি পাওয়া গেছে, সেটি বিশ্বের আরও কয়েকটি দেশেও সনাক্ত হয়েছে। ইউরোপীয় দেশগুলোর বাইরে এই ভাইরাসটি পাওয়া গেছে কানাডা ও জাপানেও।","যুক্তরাজ্যে শনাক্ত হওয়া করোনাভাইরাসের নতুন ও অধিক সংক্রামক ধরনটি বিশ্বের বিভিন্ন দেশে ছড়িয়ে পড়ছে, যার ফলে জাপানসহ বেশ কিছু দেশ ভ্রমণ নিষেধাজ্ঞা আরোপ করেছে। নতুন এই ধরনটি আগের চেয়ে দ্রুত ছড়ালেও এটি অধিক বিপজ্জনক নয় এবং বিদ্যমান টিকা এর বিরুদ্ধে কার্যকর হবে বলে বিজ্ঞানীরা জানিয়েছেন। এরই মধ্যে ইউরোপের দেশগুলো নাগরিকদের ফাইজারের টিকা প্রদানের কার্যক্রম শুরু করেছে।",17.50,0.00,15.00
news-47271017,জামায়াতে ইসলামী বাংলাদেশের একাধিক নির্ভরযোগ্য সূত্র বিবিসিকে বলেছেন ব্যারিস্টার আব্দুর রাজ্জাকের পদত্যাগ এবং সংস্কারের পক্ষে তার খোলামেলা বিবৃতিতে দলের বিভিন্ন স্তরে বেশ নাড়া দিয়েছে ।,"ব্যারিস্টার রাজ্জাকের পদত্যাগের পর জামায়াতে ইসলামীর ভেতরে সংস্কারের দাবি জোরালো হচ্ছে, যার ফলে দলটির অভ্যন্তরীণ অস্থিরতা স্পষ্ট হয়ে উঠেছে। সংস্কারপন্থীদের দমনে দলটির কেন্দ্রীয় নেতৃত্ব কঠোর অবস্থান নিলেও তরুণ প্রজন্মের অনেকেই ১৯৭১ সালে দলের বিতর্কিত ভূমিকার দায় স্বীকার করে পরিবর্তনের পক্ষে কথা বলছেন। এই পরিস্থিতির জেরে দলের বিভিন্ন স্তরে পদত্যাগ ও বহিষ্কারের ঘটনা ঘটছে, যা জামায়াতের সাংগঠনিক ভিত্তিকে বড় ধরনের সংকটের মুখে ফেলেছে।",20.93,4.76,16.28
news-44786426,"যুক্তরাষ্ট্র আর চীনের মধ্যে বাণিজ্য যুদ্ধ শুরু হওয়ার পর, চীন থেকে আমদানি করা শত শত বিলিয়ন ডলার পণ্যের ওপর শুল্ক বসানোর হুমকি দিয়েছেন মার্কিন প্রেসিডেন্ট ডোনাল্ড ট্রাম্প। চীনও যুক্তরাষ্ট্র থেকে আমদানি করা বেশকিছু পণ্যের ওপর পাল্টা শুল্ক বসিয়েছে।","যুক্তরাষ্ট্র ও চীনের মধ্যকার পাল্টাপাল্টি শুল্ক আরোপের ফলে দেশ দুটির মধ্যে এক বড় ধরনের বাণিজ্য যুদ্ধ শুরু হয়েছে। এই পরিস্থিতির কারণে সিএফ মোটোর মতো চীনা কোম্পানিগুলো তাদের মুনাফা হ্রাস ও ব্যবসায়িক চ্যালেঞ্জের মুখে পড়েছে। মার্কিন প্রেসিডেন্ট ডোনাল্ড ট্রাম্প চীনের শিল্পনীতিকে অন্যায্য মনে করলেও, চীনা কর্তৃপক্ষ আন্তর্জাতিক বিধি মেনেই তাদের অর্থনৈতিক অগ্রযাত্রা অব্যাহত রাখার দাবি জানিয়েছে।",23.66,10.99,21.51
news-50738828,গত দশ বছরে বাংলাদেশের বিরোধী দল বিএনপি'র অন্তত ৩৫ লাখ নেতাকর্মীর বিরুদ্ধে মামলা দেয়া হয়েছে এবং এই সময়ে দলটির ৩০০'র বেশি নেতাকর্মী গুম হয়েছে বলে দাবি করেছে বিএনপি।,"বিএনপি গত দশ বছরে বাংলাদেশে মানবাধিকার লঙ্ঘনের চিত্র তুলে ধরে একটি প্রতিবেদন ও বই প্রকাশ করেছে, যেখানে তিন শতাধিক নেতাকর্মী গুমের অভিযোগ আনা হয়েছে। দলটির মহাসচিব মির্জা ফখরুল ইসলাম আলমগীর অভিযোগ করেন যে, সরকার রাষ্ট্রযন্ত্র ব্যবহার করে পদ্ধতিগতভাবে গণতন্ত্র ও মানবাধিকার হরণ করছে। বিভিন্ন গণমাধ্যম ও মানবাধিকার সংস্থার তথ্যের ভিত্তিতে তৈরি এই প্রতিবেদনে নারী, শিশু ও গণমাধ্যমের অধিকার লঙ্ঘনের বিষয়গুলোও গুরুত্ব পেয়েছে।",17.39,4.44,8.70
news-41920589,এক গবেষণায় দেখা যাচ্ছে ভেড়া মানুষের মত পরিচিত মুখ দেখলে তা চিনতে পারার ক্ষমতা রাখে।,"কেম্ব্রিজ বিশ্ববিদ্যালয়ের গবেষকরা এক পরীক্ষায় প্রমাণ করেছেন যে, ভেড়া মানুষের মতো ছবি দেখে পরিচিত মুখ শনাক্ত করতে সক্ষম। প্রশিক্ষণের মাধ্যমে ভেড়ারা বিভিন্ন কোণ থেকে দেখা বিখ্যাত ব্যক্তিদের ছবি নির্ভুলভাবে চিনতে পেরেছে। এই গবেষণাটি মানুষের মুখ চেনার ক্ষেত্রে ভেড়ার উন্নত মস্তিষ্কের কার্যকারিতা প্রমাণ করে, যা ভবিষ্যতে স্নায়ুর ক্ষয়জনিত রোগ গবেষণায় সহায়ক হতে পারে।",23.88,6.15,17.91
news-38824092,"দুই সারিতে স্কুল শিক্ষার্থীরা দাঁড়িয়ে মেলে দেয়া হাতের ওপর একজন শিক্ষার্থী শুয়ে আছে। আর তার পিঠের ওপর দিয়ে জুতো পায়ে হেটে যাচ্ছেন অনুষ্ঠানের প্রধান অতিথি। অন্যপাশে একজন শিক্ষার্থী হাত আর হাঁটুর উপর ভর দিয়ে উবু হয়ে রয়েছে, যাতে তিনি তার পিঠের ওপর পা দিয়ে নামতে পারেন।","চাঁদপুরের হাইমচর উপজেলার একটি স্কুলের বার্ষিক ক্রীড়া প্রতিযোগিতায় শিক্ষার্থীদের তৈরি মানবদেহের 'পদ্মা সেতু'র ওপর দিয়ে উপজেলা চেয়ারম্যান নূর হোসেন পাটোয়ারীর হেঁটে যাওয়ার একটি ছবি সামাজিক যোগাযোগ মাধ্যমে তীব্র সমালোচনার সৃষ্টি করেছে। স্কুল কর্তৃপক্ষ এটিকে দীর্ঘদিনের ঐতিহ্য বলে দাবি করলেও, নেটিজেনরা একে অমানবিক ও বিবেকহীন কর্মকাণ্ড হিসেবে অভিহিত করে ক্ষোভ প্রকাশ করেছেন। সমালোচনার মুখে চেয়ারম্যান দাবি করেছেন যে, শিক্ষার্থীদের অনুরোধ ও স্কুলের ঐতিহ্যের কথা ভেবেই তিনি অনিচ্ছাসত্ত্বেও ওই মানব সেতুতে উঠতে বাধ্য হয়েছিলেন।",5.04,0.00,3.36
news-44917493,বাংলাদেশে কক্সবাজারের মহেশখালী উপজেলার দুর্গম পাহাড়ি এলাকায় দুটি অস্ত্র তৈরির 'কারখানার' খোঁজ পেয়েছে র‌্যাব।,"কক্সবাজারের মহেশখালীর পাহাড়ি এলাকায় র‍্যাবের অভিযানে অবৈধ অস্ত্র তৈরির কারখানা থেকে বিপুল পরিমাণ অস্ত্র ও সরঞ্জামসহ দুজনকে গ্রেপ্তার করা হয়েছে। দেশে তৈরি এসব অবৈধ অস্ত্রের প্রধান ক্রেতা হিসেবে রাজনৈতিক নেতা, জলদস্যু ও রোহিঙ্গাদের একটি অংশের সম্পৃক্ততার তথ্য পাওয়া গেছে। মূলত নির্বাচনকে কেন্দ্র করে এসব দেশীয় অস্ত্রের চাহিদা ও ব্যবহার বৃদ্ধি পাচ্ছে বলে ধারণা করা হচ্ছে।",11.27,2.90,8.45
news-47790208,ক্লিন ক্লোদস সহ আন্তর্জাতিক কয়েকটি শ্রমিক অধিকার সংগঠনের এক গবেষণা রিপোর্টে বলা হচ্ছে বাংলাদেশের গার্মেন্ট কারখানায় নিরাপত্তা নিশ্চিত করার কাজে সেদেশের সরকার এখনো একেবারই প্রস্তুত নয়।,"রানা প্লাজা দুর্ঘটনার পর পোশাক কারখানার নিরাপত্তা নিশ্চিত করতে কাজ শুরু করা আন্তর্জাতিক সংস্থা ‘অ্যাকর্ড’ বাংলাদেশ থেকে চলে গেলে শ্রমিকদের নিরাপত্তা বড় ঝুঁকির মুখে পড়বে বলে চারটি শ্রম অধিকার সংগঠনের গবেষণায় উঠে এসেছে। কারখানার মালিকপক্ষ ও সরকারের একাংশ নিজস্ব সক্ষমতার দোহাই দিয়ে অ্যাকর্ডের কার্যক্রম বন্ধ করতে চাইলেও, গবেষণায় সরকারি পরিদর্শন ব্যবস্থার দুর্বলতা ও স্বচ্ছতার অভাবের কথা উল্লেখ করা হয়েছে। মূলত শ্রমিকদের নিরাপত্তা নিশ্চিত করতে অ্যাকর্ডের মতো আন্তর্জাতিক তদারকি সংস্থার প্রয়োজনীয়তা এখনো অপরিসীম বলে প্রতিবেদনে জোর দেওয়া হয়েছে।",11.65,3.96,11.65
news-39566688,বাংলাদেশের সর্বোচ্চ আদালত সুপ্রিম কোর্ট অঙ্গণে ন্যয়বিচারের প্রতীক গ্রিক দেবী থেমিসের আদলে গড়া একটি ভাস্কর্য সরিয়ে নিতে প্রধান বিচারপতির সাথে কথা বলবেন প্রধানমন্ত্রী শেখ হাসিনা।,সুপ্রিম কোর্ট প্রাঙ্গণে স্থাপিত গ্রিক দেবীর ভাস্কর্যটি অপসারণের দাবিতে বিভিন্ন ইসলামী সংগঠনের আন্দোলনের প্রেক্ষিতে প্রধানমন্ত্রী শেখ হাসিনা নিজেও এটি পছন্দ করেন না বলে জানান। তিনি ভাস্কর্যটি সরানোর বিষয়ে প্রধান বিচারপতির সাথে কথা বলবেন বলে কওমি মাদ্রাসার আলেমদের আশ্বস্ত করেছেন। তবে ভাস্কর্য ও ধর্মীয় প্রতিমার পার্থক্য না বুঝে ধর্মীয় উগ্রবাদীরা এই বিতর্ক তৈরি করছে বলে অনেক বিশেষজ্ঞ মনে করছেন।,28.92,17.28,19.28
news-47088215,সকালের নাস্তা বা ব্রেকফাস্ট নিঃসন্দেহে দিনের সবচেয়ে গুরুত্বপূর্ণ খাবার। তবে প্রাতঃরাশ করলে সেটি শরীরের ওজন কমাতে খুব সহায়ক হবে না। গবেষণায় তাই বলা হচ্ছে।,"১. সকালের নাস্তা শরীরের পুষ্টি ও মনোযোগ বৃদ্ধিতে সহায়ক হলেও, এটি ওজন নিয়ন্ত্রণে সরাসরি ভূমিকা রাখে কি না তা নিয়ে বিতর্ক রয়েছে। ২. নতুন এক গবেষণায় দেখা গেছে, নিয়মিত নাস্তা গ্রহণকারীদের ওজন কমার পরিবর্তে বরং কিছুটা বাড়তে পারে। ৩. গবেষকদের মতে, ওজন কমাতে চাইলে সকালের নাস্তা বর্জন করা দৈনিক ক্যালোরি গ্রহণের পরিমাণ কমানোর একটি কার্যকর উপায় হতে পারে।",14.63,5.00,12.20
news-49431897,বাংলাদেশে হাইকোর্টের তিনজন বিচারপতির বিরুদ্ধে অসদাচরণের অভিযোগ ওঠায় তাদেরকে বিচার কার্যক্রম থেকে সাময়িকভাবে অব্যাহতি দেয়া হয়েছে।,"অসদাচরণের অভিযোগ ওঠায় সুপ্রিম কোর্টের তিন বিচারপতিকে বিচারিক কার্যক্রম থেকে সাময়িকভাবে বিরত রাখা হয়েছে। সুপ্রিম কোর্ট প্রশাসন জানিয়েছে, অভিযুক্ত বিচারপতিদের বিরুদ্ধে ইতোমধ্যে তদন্ত প্রক্রিয়া শুরু হয়েছে। তবে বিষয়টি রাষ্ট্রপতি ও প্রধান বিচারপতির এখতিয়ারভুক্ত হওয়ায় এ নিয়ে কোনো মন্তব্য করতে রাজি হননি অ্যাটর্নি জেনারেল।",20.34,7.02,13.56
news-38663386,বাইরে দেখে আঁচ করার উপায় নেই ভেতরে ২৭১ বছরের পুরনো মসজিদ আছে। পুরনো ঢাকার আজিমপুরের নিউ পল্টন এলাকায় সরু এক রাস্তার ধারে জনবহুল এলাকায় এ মসজিদটির অবস্থান।,১৭৪৬ সালে নির্মিত ঐতিহাসিক আজিমপুর শাহী মসজিদটি নতুন ভবন নির্মাণের লক্ষ্যে মসজিদ কর্তৃপক্ষ ইতিমধ্যে অর্ধেক ভেঙে ফেলেছে। প্রত্নতত্ত্ব অধিদপ্তরের তালিকায় মসজিদটি সংরক্ষিত পুরাকীর্তি হিসেবে অন্তর্ভুক্ত না থাকায় কর্তৃপক্ষ এটি ভাঙার সিদ্ধান্ত নেয়। তবে অটোম্যান স্থাপত্যশৈলীর এই প্রাচীন নিদর্শনটি ধ্বংসের বিষয়টি নিয়ে গবেষকদের মধ্যে গভীর উদ্বেগের সৃষ্টি হয়েছে।,2.70,0.00,2.70
news-45334100,বাংলাদেশে সাম্প্রতিক সময়ে কোটা সংস্কার আন্দোলন ও নিরাপদ সড়কের দাবীতে গড়ে উঠা আন্দোলনের জের ধরে যাদের আটক করা হয়েছিলো তাদের প্রায় সবাই জামিনে মুক্তি পেয়েছেন।,"কোটা সংস্কার ও নিরাপদ সড়ক আন্দোলনের সময় আটককৃতদের জামিনের বিরোধিতা না করার সিদ্ধান্ত নিয়েছে সরকার, যার ফলে অনেকেই মুক্তি পাচ্ছেন। আইনমন্ত্রী আনিসুল হকের দাবি, কোনো রাজনৈতিক চাপ নয় বরং আসন্ন ঈদ উপলক্ষে মানবিক কারণেই প্রধানমন্ত্রী এই নির্দেশনা দিয়েছেন। তবে আন্দোলনকারীদের মতে, সরকার জনমতের চাপে পড়ে এবং আন্দোলনকে রাজনৈতিক রূপ দেওয়ার ব্যর্থ প্রচেষ্টা থেকে সরে এসে নমনীয় হতে বাধ্য হয়েছে।",14.29,4.88,14.29
news-47926957,"বাংলাদেশে আইন মন্ত্রী আনিসুল হক বলেছেন, মাদ্রাসা ছাত্রী নুসরাত জাহানকে হত্যার বিচার দ্রুত বিচার ট্রাইব্যুনালে করার সিদ্ধান্ত সরকার নিয়েছে।","ফেনীর সোনাগাজীসহ সারা দেশে মাদ্রাসা ছাত্রী নুসরাত জাহান হত্যার বিচার ও দ্রুত বিচার ট্রাইব্যুনালের দাবিতে তীব্র প্রতিবাদ অব্যাহত রয়েছে। মামলার তদন্তকারী সংস্থা পিবিআই ইতিমধ্যে অধ্যক্ষসহ আটজনকে গ্রেফতার করেছে এবং গুরুত্বপূর্ণ তথ্য পাওয়ার ভিত্তিতে দ্রুত চার্জশিট দেওয়ার প্রস্তুতি নিচ্ছে। আইনমন্ত্রী জানিয়েছেন, চার্জশিট পাওয়ার পরপরই মামলাটি দ্রুত বিচার ট্রাইব্যুনালে স্থানান্তরের প্রক্রিয়া শুরু হবে।",22.86,14.71,22.86
news-45239309,পাকিস্তানের নতুন প্রধানমন্ত্রী ইমরান খানের শপথ গ্রহণ অনুষ্ঠানে গিয়ে সে দেশের সেনাপ্রধানের সঙ্গে সহাস্য কোলাকুলি করে বিতর্কে জড়িয়েছেন ভারতের সাবেক ক্রিকেটার ও অধুনা রাজনীতিবিদ নভজোত সিং সিধু।,"পাকিস্তানের প্রধানমন্ত্রী ইমরান খানের শপথ গ্রহণ অনুষ্ঠানে দেশটির সেনাপ্রধান জেনারেল বাজওয়ার সঙ্গে নভজোত সিধুর আলিঙ্গনের ছবি প্রকাশ্যে আসতেই ভারতে তীব্র বিতর্ক ও সমালোচনার সৃষ্টি হয়েছে। সমালোচকরা সিধুর এই আচরণকে দেশের প্রতি বিশ্বাসঘাতকতা হিসেবে অভিহিত করলেও, সিধু দাবি করেছেন যে তাদের মধ্যে কেবল শান্তি প্রতিষ্ঠার বিষয়েই আলোচনা হয়েছে। সিধুর ভাষ্যমতে, জেনারেল বাজওয়া নিজেই এগিয়ে এসে তাকে জড়িয়ে ধরেন এবং দুই দেশের মধ্যে শান্তি স্থাপনের আগ্রহ প্রকাশ করেন।",25.81,10.99,21.51
news-48853751,"যুক্তরাষ্ট্রের এক সরকারি তদন্তের রিপোর্ট বলছে, সে দেশের দক্ষিণাঞ্চলের অঙ্গরাজ্যগুলির অভিবাসী বন্দিশালাগুলো বিপদজনকভাবে ভরপুর।","টেক্সাসের অভিবাসী বন্দিশালাগুলোতে ধারণক্ষমতার চেয়ে অতিরিক্ত মানুষ গাদাগাদি করে রাখায় সেখানে চরম মানবিক বিপর্যয় ও স্বাস্থ্যঝুঁকি তৈরি হয়েছে। তদন্তে দেখা গেছে, বন্দিদের পর্যাপ্ত খাবার, পানি ও পোশাক দেওয়া হচ্ছে না এবং শিশুদের নির্ধারিত সময়ের চেয়ে বেশি সময় আটকে রাখা হচ্ছে। বন্দিশালাগুলোর এই অমানবিক পরিস্থিতিকে কর্মকর্তারা ‘টাইম বোমার’ সাথে তুলনা করে দ্রুত ব্যবস্থা নেওয়ার আহ্বান জানিয়েছেন।",2.90,0.00,2.90
news-46494391,সামাজিক মাধ্যমে ভাইরাল ছবি। এক হ্রদে এক জোড়া জাগুয়ারের সঙ্গে ১২ বছরের ব্রাজিলীয় কিশোর টিয়াগো। এদের একজন রীতিমত টিয়াগোর গলা জড়িয়ে ধরে আছে।,ব্রাজিলের ১২ বছর বয়সী কিশোর টিয়াগো সিলভিয়েরার জাগুয়ারের সঙ্গে তোলা একটি ছবি সামাজিক যোগাযোগ মাধ্যমে ভাইরাল হয়েছে। টিয়াগোর বাবা-মা বন্যপ্রাণী বিজ্ঞানী হওয়ায় সে ছোটবেলা থেকেই জাগুয়ারদের সাথে বেড়ে উঠেছে এবং তাদের সাথে তার সখ্যতা অত্যন্ত স্বাভাবিক। বন্যপ্রাণী সংরক্ষণের পরিবেশে বড় হওয়া টিয়াগো তার এই অনন্য অভিজ্ঞতার কথা অন্যদের সাথে ভাগ করে নিতেই ছবিগুলো প্রকাশ করে।,25.32,7.79,10.13
news-56469235,বাংলাদেশের সুনামগঞ্জ জেলার শাল্লা উপজেলায় হিন্দু বাড়িঘরে হামলার জের ধরে উত্তেজনার মধ্যেই জেলার জামালগঞ্জ উপজেলায় হেফাজত নেতা মামুনুল হকের একটি ওয়াজ মাহফিল আটকে দিয়েছে প্রশাসন।,"সুনামগঞ্জের শাল্লায় হিন্দু গ্রামে হামলার ঘটনার জেরে উত্তেজনাকর পরিস্থিতির প্রেক্ষাপটে জামালগঞ্জে মামুনুল হকের ওয়াজ মাহফিল স্থগিত করেছে আয়োজক কর্তৃপক্ষ। স্থানীয় প্রশাসন ও রাজনৈতিক দলগুলোর চাপের মুখে শান্তি-শৃঙ্খলা বজায় রাখতে এই সিদ্ধান্ত নেওয়া হয়েছে। তবে আয়োজকরা জানিয়েছেন, পরিস্থিতি স্বাভাবিক হলে ২৬শে মার্চের পর তারা পুনরায় মামুনুল হককে নিয়ে মাহফিলের আয়োজন করবেন।",15.79,2.70,15.79
news-45502414,"যদি আমিও কবি নবারুণ ভট্টাচার্য 'র মতো বলতে পারতাম যে, 'এই মৃত্যু উপত্যকা আমার দেশ না'। কিন্তু পারছি কই?","ভারতবর্ষে সাম্প্রদায়িক দাঙ্গা, রাজনৈতিক হিংসা ও গণপিটুনির মতো ঘটনাগুলো ক্রমাগত বৃদ্ধি পাওয়ায় দেশটিকে এক প্রকার 'মৃত্যু উপত্যকা' হিসেবে চিহ্নিত করা হয়েছে। রাষ্ট্রযন্ত্রের বিভিন্ন তকমা ব্যবহারের আড়ালে চলা এই হত্যাকাণ্ডগুলো মূলত দেশভাগের সময়কার গভীর অবিশ্বাস ও বিদ্বেষেরই দীর্ঘস্থায়ী প্রতিফলন। স্বাধীনতার সাত দশক পরেও এই অমানবিক সহিংসতা ও ঘৃণার সংস্কৃতি ভারতের সামাজিক ও রাষ্ট্রীয় স্থিতিশীলতার জন্য এক বড় সংকট হয়ে দাঁড়িয়েছে।",10.26,2.63,7.69
news-47787821,যুক্তরাষ্ট্রের ম্যাগাজিন ফোর্বস এ বছরের অনূর্ধ্ব-৩০ ক্যাটাগরিতে এশিয়া অঞ্চলের তরুণ উদ্যোক্তাদের যে তালিকা করেছে তাতে স্থান পেয়েছেন দু জন বাংলাদেশী।,"ফোর্বসের তালিকায় স্থান পাওয়া পাঠাওয়ের সহ-প্রতিষ্ঠাতা ইলিয়াস হুসেইন রাইড শেয়ারিং ও ফুড ডেলিভারি সেবার মাধ্যমে প্রতিষ্ঠানটিকে একশ মিলিয়ন ডলারের বেশি মূল্যের কোম্পানিতে পরিণত করেছেন। অন্যদিকে, কার্টুনিস্ট আব্দুল্লাহ আল মোরশেদ যুদ্ধের ভয়াবহতাকে শিল্পের মাধ্যমে সুন্দর ও শান্তিপূর্ণ রূপ দিয়ে আন্তর্জাতিক স্বীকৃতি ও 'গ্লোবাল হ্যাপিনেস অ্যাওয়ার্ড' অর্জন করেছেন। বর্তমানে তারা নিজ নিজ ক্ষেত্রে সফলতার স্বাক্ষর রেখে দেশের জন্য সুনাম বয়ে আনছেন।",2.47,0.00,2.47
news-54452799,"কাতারের রাজধানী দোহাতে চলমান আফগান শান্তি আলোচনায় ভারতের ভূমিকা ঠিক কী হতে পারে, তা নিয়ে আলোচনা করতে দিল্লি এসেছেন আফগান নেতা ও সে দেশের পিস কাউন্সিলের প্রধান ড: আবদুল্লাহ্ আবদুল্লাহ্।","আফগানিস্তানের শান্তি প্রক্রিয়ার স্থবিরতা কাটাতে এবং তালেবানের সঙ্গে আলোচনার জট খুলতে ড. আবদুল্লাহ আবদুল্লাহ পাঁচদিনের সফরে ভারত পৌঁছেছেন। তিনি আফগান শান্তি প্রতিষ্ঠায় ভারতের গুরুত্বপূর্ণ ভূমিকার ওপর গুরুত্বারোপ করলেও, পাকিস্তানের আপত্তির কথা মাথায় রেখে দিল্লিকে এই বিষয়ে সতর্ক পদক্ষেপ নেওয়ার অনুরোধ জানাতে পারেন বলে ধারণা করা হচ্ছে। এর আগে তিনি পাকিস্তান সফর করে ইমরান খান ও সেনাপ্রধানের সঙ্গে আলোচনা সম্পন্ন করেছেন।",13.33,2.27,8.89
40197379,কাতারের আল জাজিরা টিভি নেটওয়ার্ক নি:সন্দেহে মধ্যপ্রাচ্যের ক্ষুদ্র এই দেশটিকে আন্তর্জাতিক মানচিত্রে জায়গা করে দিয়েছে।,"১৯৯৬ সালে প্রতিষ্ঠিত আল জাজিরা কাতারের বৈশ্বিক প্রভাব বিস্তারের অন্যতম মাধ্যম হলেও, বর্তমানে বিভিন্ন আরব দেশের সাথে কাতারের কূটনৈতিক সংকটের কারণে এই সংবাদমাধ্যমটি অস্তিত্বের সংকটে পড়েছে। সৌদি আরবসহ কয়েকটি দেশ আল জাজিরার বিরুদ্ধে জঙ্গিবাদে মদদ ও পক্ষপাতমূলক সংবাদ প্রচারের অভিযোগ এনে তাদের কার্যক্রম নিষিদ্ধ করেছে। যদিও আল জাজিরা নিজেদের বস্তুনিষ্ঠ দাবি করে আসছে, তবে এই কূটনৈতিক উত্তেজনার ফলে কাতার এখন আন্তর্জাতিকভাবে বিচ্ছিন্ন ও চাপের মুখে পড়েছে।",12.20,2.50,9.76
news-44803369,রসগোল্লার আবিষ্কার কোথায়- তা নিয়ে এর আগে তুমুল হৈচৈ আর আইনি লড়াই হয়েছে পশ্চিমবঙ্গ আর ওড়িশার মধ্যে।,হায়দ্রাবাদী বিরিয়ানির জনপ্রিয়তার বিপরীতে অন্ধ্র প্রদেশ সরকার তাদের নিজস্ব ঐতিহ্যবাহী 'বঙ্গু বিরিয়ানি'কে নতুন ব্র্যান্ড হিসেবে প্রতিষ্ঠিত করার উদ্যোগ নিয়েছে। বাঁশের খোলে রান্না করা এই বিরিয়ানিকে জনপ্রিয় করে তুলতে মুখ্যমন্ত্রী চন্দ্রবাবু নাইডু পর্যটন দপ্তরকে বিশেষ নির্দেশ দিয়েছেন। তবে এই উদ্যোগকে কেন্দ্র করে হায়দ্রাবাদ ও অন্ধ্র প্রদেশের মধ্যে বিরিয়ানির স্বত্ব ও ব্র্যান্ড ভ্যালু নিয়ে নতুন করে বিতর্কের সৃষ্টি হয়েছে।,8.00,0.00,5.33
news-42690561,"সিরিয়ার পূর্ব উপকূলে মার্কিন-সমর্থিত মিলিশিয়াদের নিয়ে একটি নতুন বাহিনী গঠনের জন্য যুক্তরাষ্ট্র যে পরিকল্পনা করছে, তার প্রবল সমালোচনা করেছে সিরিয়ার সরকার, তার মিত্র রাশিয়া, এবং তুরস্ক।","আমেরিকার নেতৃত্বাধীন কোয়ালিশন সিরিয়ার সীমান্তে কুর্দি যোদ্ধাদের নিয়ে ৩০,০০০ সদস্যের একটি নতুন সীমান্ত রক্ষী বাহিনী (বিএসএফ) গঠনের ঘোষণা দিয়েছে। এই উদ্যোগকে সিরিয়ার সার্বভৌমত্বের লঙ্ঘন ও দেশ বিভাজনের চক্রান্ত হিসেবে আখ্যা দিয়ে তীব্র নিন্দা জানিয়েছে সিরিয়া ও রাশিয়া। তুরস্ক এই বাহিনীকে 'সন্ত্রাসী' সংগঠন হিসেবে অভিহিত করে তা অঙ্কুরেই ধ্বংস করার হুমকি দিয়েছে।",22.78,2.60,22.78
news-47397246,"ভারতীয় বিমান বাহিনীর যে পাইলট আকাশে এক লড়াইয়ের পর পাকিস্তানের হাতে আটক হয়েছেন, সেই আভিনন্দন ভার্থামানকে ফেরত দেয়ার দাবি জানিয়েছে ভারতীয় কর্তৃপক্ষ।",ভারত-পাকিস্তান উত্তেজনার মধ্যে পাকিস্তানের আকাশসীমায় ভারতীয় পাইলট অভিনন্দন বর্তমানের বিমান ভূপাতিত হলে তিনি আটক হন। এই ঘটনাকে কেন্দ্র করে ভারত সরকার তাকে দ্রুত ফেরত দেওয়ার দাবি জানালে বিষয়টি আন্তর্জাতিক আলোচনার কেন্দ্রবিন্দুতে পরিণত হয়। চেন্নাইয়ের বাসিন্দা এবং অভিজ্ঞ ফাইটার পাইলট অভিনন্দনকে নিয়ে পাকিস্তান কর্তৃক প্রকাশিত ভিডিওগুলো সামাজিক যোগাযোগমাধ্যমে ব্যাপক আলোচনার সৃষ্টি করেছে।,16.22,0.00,10.81
news-50525454,দেশজুড়ে মানুষ রাস্তায় নেমে আসছে এবং দেশটির শীর্ষ নেতাদের স্বৈরশাসক আখ্যায়িত করে তাদের ছবিতে আগুন দিচ্ছে।,"ইরানে জ্বালানির মূল্যবৃদ্ধিকে কেন্দ্র করে দেশজুড়ে ছড়িয়ে পড়া সহিংস বিক্ষোভে নিরাপত্তা বাহিনীর দমন-পীড়নে অন্তত ১০৬ জন নিহত এবং হাজার হাজার মানুষ আটক হয়েছেন। জাতিসংঘ ও আন্তর্জাতিক মানবাধিকার সংস্থাগুলো এই হত্যাকাণ্ডের নিন্দা জানালেও, ইরান সরকার একে বিদেশি ষড়যন্ত্র হিসেবে আখ্যায়িত করে কঠোর হাতে তা দমন করেছে। বহু বছরের মধ্যে প্রথমবারের মতো মধ্যবিত্ত শ্রেণির অংশগ্রহণ এবং দেশব্যাপী ছড়িয়ে পড়া এই নেতৃত্বহীন আন্দোলন ইরানের বর্তমান নাজুক অর্থনৈতিক পরিস্থিতিরই বহিঃপ্রকাশ।",7.23,0.00,4.82
news-46938215,"ভারত ও বাংলাদেশের মধ্যেকার কূটনৈতিক সম্পর্কে এই মুহুর্তে অস্বস্তির কেন্দ্রে আছে যে তিস্তা নদী, সেটি ক্রমশ শুকিয়ে যাওয়ার পেছনে তাদের কোনও ভূমিকা নেই বলে বিবিসির কাছে দাবি করেছেন সিকিমের মুখ্যমন্ত্রী পবন কুমার চামলিং।","সিকিমে একের পর এক জলবিদ্যুৎ কেন্দ্র নির্মাণের ফলে তিস্তা নদীর প্রবাহ শুকিয়ে যাচ্ছে বলে পরিবেশবিদরা উদ্বেগ প্রকাশ করলেও, রাজ্যের মুখ্যমন্ত্রী পবন কুমার চামলিং তা অস্বীকার করেছেন। তিনি দাবি করেছেন যে, অত্যন্ত দায়িত্বশীলভাবে প্রকল্পগুলো বাস্তবায়নের ফলে নদীর বাস্তুতন্ত্রের কোনো ক্ষতি হয়নি এবং ভাটির দেশগুলোর স্বার্থের প্রতিও তারা সচেতন। তবে বিশেষজ্ঞদের মতে, এই প্রকল্পগুলোর কারণে তিস্তা নদী অপূরণীয় ক্ষতির সম্মুখীন হয়েছে।",23.91,11.11,13.04
news-47227787,"কুকুর হয়তো মানুষের সবচেয়ে বিশ্বস্ত বন্ধু, কিন্তু এই জন্তুটি এখন বন্যপ্রাণীর জন্য বিরাট হুমকি হয়ে দাঁড়িয়েছে।",বিশ্বজুড়ে বুনো ও বেওয়ারিশ কুকুরের অবাধ বিচরণ প্রায় ২০০ প্রজাতির বন্যপ্রাণীর অস্তিত্বের জন্য মারাত্মক হুমকি হয়ে দাঁড়িয়েছে। কুকুরের আক্রমণে ইতিমধ্যে অনেক প্রাণী বিলুপ্ত হয়েছে এবং আরও অনেক প্রজাতি বিলুপ্তির পথে রয়েছে। তাই বন্যপ্রাণী রক্ষায় বেওয়ারিশ কুকুর নিয়ন্ত্রণ এবং পোষা কুকুরের মালিকদের সচেতনতা বৃদ্ধি করা অত্যন্ত জরুরি।,12.90,0.00,9.68
news-51298505,"ভারতের বিতর্কিত নতুন নাগরিকত্ব আইন প্রত্যাহার করার দাবি জানিয়ে একটি প্রস্তাবের ওপর ইউরোপীয় পার্লামেন্টে আলোচনা শুরু হয়েছে, পরে তা ভোটাভুটির জন্য পেশ করা হবে।","ভারতের নতুন নাগরিকত্ব আইনকে 'বৈষম্যমূলক' ও 'বিভাজন সৃষ্টিকারী' আখ্যা দিয়ে ইউরোপীয় পার্লামেন্টে একটি প্রস্তাব উত্থাপন করা হয়েছে, যা ভারতের জন্য কূটনৈতিক অস্বস্তির কারণ হয়ে দাঁড়িয়েছে। ভারত সরকার এই আইনকে নিজেদের অভ্যন্তরীণ বিষয় বলে দাবি করলেও, ইউরোপীয় পার্লামেন্টের সদস্যরা বিশ্বজুড়ে মানবাধিকার ও নাগরিক স্বাধীনতা খর্ব হওয়ার প্রেক্ষাপটে ভারতের এই পদক্ষেপের সমালোচনা করছেন। কাশ্মীরের বিশেষ মর্যাদা বাতিলের পর আন্তর্জাতিক মহলে ভারত কিছুটা স্বস্তিতে থাকলেও, নতুন এই আইন নিয়ে ইউরোপীয় পার্লামেন্টের কঠোর অবস্থান দিল্লিকে নতুন করে বিব্রতকর পরিস্থিতিতে ফেলেছে।",20.00,4.08,12.00
news-56601546,বাংলাদেশে করোনাভাইরাসের 'সংক্রমণ ঠেকানোর' জন্য সরকার যে বিধি-নিষেধ দিয়েছে সেটির বিরুদ্ধে প্রতিবাদে নেমেছে রাইড শেয়ারিং মোটরসাইকেল চালকরা।,সরকারের বিধিনিষেধের কারণে গণপরিবহন সংকট ও মোটরসাইকেলে যাত্রী পরিবহনে নিষেধাজ্ঞার প্রতিবাদে ঢাকার বিভিন্ন স্থানে চালক ও যাত্রীরা সড়ক অবরোধ করে বিক্ষোভ করেছেন। এই আন্দোলনের ফলে রাজধানীজুড়ে তীব্র যানজটের সৃষ্টি হয় এবং অফিসগামী হাজার হাজার মানুষ চরম ভোগান্তির শিকার হন। চালকরা তাদের জীবিকা রক্ষায় এই বিধিনিষেধকে অযৌক্তিক বলে দাবি করে অবিলম্বে যাত্রী পরিবহনের অনুমতি চেয়েছেন।,5.56,0.00,5.56
news-56602384,"ভারতের ছত্তিশগড়ে গত শনিবার যে গেরিলা হামলায় নিরাপত্তা বাহিনীর অন্তত ২২জন সদস্য নিহত হয়েছেন, তার মূল পরিকল্পনাকারী হিসেবে চিহ্নিত করা হচ্ছে মাদভি হিডমা নামে একজন মাওবাদী কমান্ডারকে।","ছত্তিশগড়ের বস্তার জঙ্গলে মাওবাদী কমান্ডার মাদভি হিডমাকে ধরতে নিরাপত্তা বাহিনী বড় ধরনের অভিযান চালালেও, ভুল গোয়েন্দা তথ্যের কারণে তারা উল্টো মাওবাদীদের পাতা ফাঁদে পড়ে ২২ জন জওয়ানকে হারায়। দীর্ঘ দুই দশক ধরে সক্রিয় এই দুর্ধর্ষ মাওবাদী নেতা হিডমা তার ক্ষুরধার বুদ্ধি ও নিষ্ঠুরতার জন্য পরিচিত এবং তার মাথার ওপর ৪০ লক্ষ রুপির পুরস্কার ঘোষণা করা হয়েছে। নিরাপত্তা বাহিনীর ব্যাপক প্রচেষ্টা সত্ত্বেও, হিডমা বারবার তাদের বিভ্রান্ত করে ধরাছোঁয়ার বাইরে থেকে নিজের সন্ত্রাসী কর্মকাণ্ড চালিয়ে যাচ্ছেন।",13.86,2.02,7.92
news-43945074,"সদ্য মা হওয়া একজন তরুণী দাবি করেছেন, ইউটিউব দেখে দেখে তিনি নিজের সন্তান প্রসব করেছেন, কারণ সে সময়ে হোটেল কক্ষে তার সঙ্গে আর কেউ ছিল না।",যুক্তরাষ্ট্রের বাসিন্দা টিয়া ফ্রিম্যান গর্ভধারণের বিষয়টি দেরিতে বুঝতে পারলেও জার্মানি সফরের সময় তুরস্কে অবস্থানকালে হঠাৎ প্রসব বেদনায় আক্রান্ত হন। কোনো পূর্বপ্রস্তুতি ছাড়াই তিনি হোটেলের কক্ষে একাই নিজের সন্তান প্রসব করেন। বর্তমানে মা ও শিশু দুজনেই সুস্থ আছেন বলে টুইটের মাধ্যমে জানিয়েছেন টিয়া।,17.65,6.06,11.76
news-40920719,পাকিস্তানের ৭০ তম স্বাধীনতা দিবস আজ। আগামীকাল তার ঐতিহাসিক প্রতিপক্ষ ভারত পালন করবে নিজের ৭০ তম স্বাধীনতা দিবস।,"কাশ্মীর ইস্যুকে কেন্দ্র করে ভারত ও পাকিস্তানের মধ্যে চলমান উত্তেজনার প্রেক্ষাপটে দুই দেশের তরুণ শিল্পীরা মিলে শান্তির বার্তা দিয়ে একটি যৌথ সঙ্গীত পরিবেশন করেছেন। 'ভয়েস অব রাম' নামক ফেসবুক গ্রুপের উদ্যোগে তৈরি এই ভিডিওটিতে দুই দেশের জাতীয় সঙ্গীতকে একীভূত করা হয়েছে, যা সামাজিক যোগাযোগ মাধ্যমে ব্যাপক সাড়া ফেলেছে। শিল্পের মাধ্যমে সীমান্ত ও বিভেদ ভুলে শান্তির পক্ষে দাঁড়ানোর আহ্বান জানানোই এই উদ্যোগের মূল লক্ষ্য।",4.94,0.00,2.47
news-51694545,সর্বোচ্চ শাস্তি বা মৃত্যুদণ্ড নিয়ে সিনেমা বানিয়ে বার্লিন আন্তর্জাতিক চলচ্চিত্র উৎসবে পুরষ্কার জিতেছেন একজন নিষিদ্ধ ইরানি পরিচালক পরিচালক মোহাম্মাদ রাসুলফ।,ইরানি পরিচালক মোহাম্মাদ রাসুলফ সরকারি নিষেধাজ্ঞা উপেক্ষা করে গোপনে নির্মিত তার চলচ্চিত্র 'দেয়ার ইজ নো ইভল'-এর জন্য বার্লিন চলচ্চিত্র উৎসবে শীর্ষ পুরস্কার জিতেছেন। কর্তৃত্ববাদী শাসনের অধীনে মানুষের ব্যক্তিগত দায়বদ্ধতা ও মানবিক সংকটের গল্প নিয়ে নির্মিত এই সিনেমার পুরস্কারটি তার অনুপস্থিতিতে গ্রহণ করেন তার মেয়ে। নিজের অভিজ্ঞতার আলোকে নির্মিত এই চলচ্চিত্রের মাধ্যমে পরিচালক মূলত অন্যায়ের বিরুদ্ধে মানুষের 'না' বলার শক্তির কথা তুলে ধরেছেন।,21.69,9.88,12.05
news-50043459,"চলতি বছর অর্থনীতিতে নোবেল পেয়েছেন কলকাতার সন্তান অভিজিৎ বিনায়ক ব্যানার্জি, তাঁর স্ত্রী এসথার ডুফলো এবং মাইকেল ক্রেমার।","বিশ্বব্যাপী দারিদ্র্য বিমোচনে পরীক্ষামূলক গবেষণার স্বীকৃতিস্বরূপ তিন অর্থনীতিবিদকে এ বছর অর্থনীতিতে নোবেল পুরস্কার প্রদান করা হয়েছে। নোবেল বিজয়ী এই তিন অর্থনীতিবিদ—অভিজিৎ বিনায়ক ব্যানার্জি, এসথার ডুফলো এবং সেন্ধিল মুল্লাইনাথান—তাদের নতুন গবেষণাধর্মী দৃষ্টিভঙ্গির মাধ্যমে উন্নয়ন অর্থনীতিতে বৈপ্লবিক পরিবর্তন এনেছেন। তাদের এই উদ্ভাবনী পদ্ধতি দারিদ্র্যের বিরুদ্ধে লড়াইয়ে বিশ্বকে আরও শক্তিশালী ও কার্যকর কৌশল প্রদান করেছে।",25.35,17.39,25.35
news-52039380,ব্রিটিশ রাজসিংহাসনের উত্তরাধিকারী প্রিন্স চার্লস করোনাভাইরাস-এ আক্রান্ত হয়েছেন।,"করোনাভাইরাসের মৃদু উপসর্গ দেখা দেওয়ায় প্রিন্স চার্লস বর্তমানে বালমোরাল প্রাসাদে আইসোলেশনে রয়েছেন, তবে তার স্ত্রী ক্যামিলার পরীক্ষায় করোনা নেগেটিভ এসেছে। রাজকীয় দায়িত্ব পালন করতে গিয়ে তিনি কার মাধ্যমে সংক্রমিত হয়েছেন তা নিশ্চিত হওয়া যায়নি। প্রিন্স চার্লসের করোনা শনাক্ত হওয়ার পর রানী এলিজাবেথ স্বাস্থ্যবিধি মেনে সতর্ক অবস্থানে রয়েছেন।",7.14,3.70,7.14
news-47189627,বাংলাদেশে গত ৩০শে ডিসেম্বর অনুষ্ঠিত সংসদ নির্বাচনে অনিয়ম ও কারচুপির অভিযোগের সাক্ষ্য প্রমাণের অভাবে বিরোধীদল বিএনপি তাদের অভিযোগ নিয়ে মামলা করার না করার প্রশ্নে সিদ্ধান্তহীনতায় পড়েছে।,"২০১৮ সালের নির্বাচনে ব্যাপক অনিয়মের অভিযোগ তুলে তা প্রত্যাখ্যান করলেও, বিএনপি এখন পর্যন্ত নির্বাচনি ট্রাইব্যুনালে মামলা করার বিষয়ে কোনো চূড়ান্ত সিদ্ধান্ত নিতে পারেনি। নির্বাচনে বিপর্যয়ের পর দলের নেতাকর্মীদের মধ্যে তৈরি হওয়া হতাশা এবং নীতিনির্ধারণী পর্যায়ের দ্বিধাদ্বন্দ্বের কারণে দলটির কার্যক্রম স্থবির হয়ে পড়েছে। বর্তমানে ভারপ্রাপ্ত চেয়ারম্যান তারেক রহমানের সাথে আলোচনার মাধ্যমে মামলা করার বিষয়টি নিয়ে অনানুষ্ঠানিক পর্যালোচনা চলছে।",14.46,2.47,12.05
news-56631355,পৃথিবী জুড়ে করোনাভাইরাস ছড়িয়ে পড়ার পর সাথে সাথেই পাল্লা দিয়ে ছড়িয়েছে এ নিয়ে নানা রকম ভুয়া তথ্য।,"কোভিড-১৯ চিকিৎসায় ভিটামিন ডি-এর কার্যকারিতা নিয়ে ইন্টারনেটে অনেক বিভ্রান্তিকর ও অসম্পূর্ণ তথ্য ছড়িয়ে পড়েছে। যদিও ভিটামিন ডি রোগ প্রতিরোধ ক্ষমতা বাড়াতে সাহায্য করে, তবে এটি কোভিড নিরাময়ে কার্যকর—এমন কোনো নির্ভরযোগ্য বৈজ্ঞানিক প্রমাণ এখনো পাওয়া যায়নি। তাই কোনো ভিত্তিহীন তথ্যে বিভ্রান্ত না হয়ে চিকিৎসকের পরামর্শ অনুযায়ী ভিটামিন ডি গ্রহণ করা উচিত।",2.86,0.00,2.86
news-46950222,"১৯৬২ সালে এমন একটি জিনিস আবিষ্কার হয় যা বর্তমান পৃথিবীর সবচেয়ে প্রয়োজনীয় জিনিসগুলোর একটি এবং অনেকেই হয়তো বলবেন, এটি আধুনিক জীবনের সবচেয়ে বিরক্তিকর একটি জিনিসও বটে।",কম্পিউটার প্রযুক্তির প্রাথমিক যুগে নিরাপত্তার অভাব দূর করতে ম্যাসাচুসেটস ইন্সটিটিউট অফ টেকনোলজি (এমআইটি) পাসওয়ার্ড ব্যবস্থা উদ্ভাবন করে। ফার্নান্দো কোরবাতোর নেতৃত্বে গবেষক দল 'টাইম শেয়ারিং সিস্টেম'-এর নিরাপত্তা নিশ্চিত করতে এই পাসওয়ার্ড পদ্ধতি চালু করেছিলেন। বর্তমানে পাসওয়ার্ড আমাদের ডিজিটাল জীবনের নিরাপত্তার জন্য একটি অপরিহার্য ও গুরুত্বপূর্ণ অনুষঙ্গ হয়ে উঠেছে।,5.41,0.00,5.41
news-48446744,বাংলাদেশের জেলাগুলোয় বার্ষিক উন্নয়ন কর্মসূচির বা এডিপি'র অর্থ বরাদ্দের ক্ষেত্রে অতি উচ্চমাত্রায় বৈষম্য করা হচ্ছে বলে একটি গবেষণা প্রতিষ্ঠান বলছে।,"বাংলাদেশ ইন্সটিটিউট অব প্ল্যানার্সের গবেষণা অনুযায়ী, দেশের বার্ষিক উন্নয়ন কর্মসূচিতে (এডিপি) দারিদ্র্য ও প্রয়োজনের পরিবর্তে অঞ্চলভেদে বরাদ্দে ব্যাপক বৈষম্য পরিলক্ষিত হচ্ছে। ঢাকা ও চট্টগ্রামের পাশাপাশি গোপালগঞ্জ জেলায় তুলনামূলক অনেক বেশি অর্থ বরাদ্দ পেলেও হাওর, উপকূল ও উত্তরের দারিদ্র্যপীড়িত অঞ্চলগুলো বরাদ্দের ক্ষেত্রে পিছিয়ে রয়েছে। বিশেষজ্ঞরা মনে করছেন, সঠিক পরিকল্পনা ও সমন্বয়ের অভাবেই উন্নয়ন বরাদ্দে এমন বৈষম্য তৈরি হয়েছে।",20.51,2.63,15.38
news-39614807,"বাংলাদেশের ময়মনসিংহ জেলার ফুলবাড়িয়া উপজেলার হাতিলেট নামে ওই গ্রামের আদিবাসী কোচ সম্প্রদায়ের সমাজপতিরা তাদের বিচারে ঐ দম্পতিকে জুতোর মালা পরানো, মাথা ন্যাড়া করা ছাড়াও ৪০,০০০ টাকা জরিমানাও করেছে।","ময়মনসিংহে পরকীয়ার সন্দেহে এক আদিবাসী নারী ও তার স্বামীকে গ্রাম্য সালিশের মাধ্যমে প্রহার করে মাথা ন্যাড়া করে গলায় জুতোর মালা পরিয়ে ঘোরানো হয়েছে। ভুক্তভোগী নারী অভিযোগ অস্বীকার করে জানান, অভিযুক্ত অটোচালক তাদের পারিবারিক বন্ধু মাত্র এবং কোনো ধরনের অবৈধ সম্পর্ক ছিল না। ঘটনার পর সমাজপতিরা ভুক্তভোগী দম্পতিকে একঘরে করে রাখায় তারা মামলা দায়েরের পরও চরম নিরাপত্তাহীনতায় ভুগছেন।",18.60,4.76,6.98
news-52513769,করোনাভাইরাসে বিশ্বব্যাপী যে পদ্ধতিতে নমুনা পরীক্ষা করা হচ্ছে সেটায় শতভাগ নিশ্চিত ফলাফল পাওয়া যায় না। এ কারণেই বিশ্বব্যাপী বার বার টেস্ট করার ওপর জোর দেয়া হচ্ছে।,"বাংলাদেশে ব্যবহৃত আরটি-পিসিআর পদ্ধতিতে করোনাভাইরাস পরীক্ষার ফলাফলে ৩০ শতাংশ পর্যন্ত ভুল হওয়ার আশঙ্কা থাকে, যা জনস্বাস্থ্যের জন্য উদ্বেগের কারণ হয়ে দাঁড়িয়েছে। নমুনা সংগ্রহ, পরিবহন ও সংরক্ষণের ত্রুটির কারণে অনেক ক্ষেত্রে আক্রান্ত ব্যক্তিও নেগেটিভ ফলাফল পাচ্ছেন, যার ফলে সঠিক সময়ে চিকিৎসা পাওয়া ব্যাহত হচ্ছে। উন্নত বিশ্বের মতো বারবার পরীক্ষার সুযোগ সীমিত হওয়ায় বাংলাদেশে এই ভুল ফলাফলের বিরূপ প্রভাব আরও প্রকট হচ্ছে।",11.49,0.00,9.20
news-52648186,পশ্চিমবঙ্গ সরকারের আপত্তিতে আন্তর্জাতিক স্থল-বন্দর খুলতে না পেরে ভারতের কেন্দ্রীয় সরকার বাংলাদেশে পণ্য পরিবহনের জন্যে এখন রেলপথকেই বেছে নিয়েছে।,১. রোজার মাসে বাংলাদেশে পেঁয়াজের দাম নিয়ন্ত্রণে রাখতে ভারত নাসিক থেকে ২০০০ টন পেঁয়াজবাহী একটি মালগাড়ি পাঠিয়েছে। ২. করোনা সংক্রমণের আশঙ্কায় পশ্চিমবঙ্গ সরকার পেট্রাপোল ও হিলিসহ বিভিন্ন স্থলবন্দর বন্ধ রাখায় সড়কপথে পণ্য পরিবহন ব্যাহত হচ্ছে। ৩. স্থলপথের অচলাবস্থার কারণে ভারত সরকার বর্তমানে বাংলাদেশমুখী পণ্য পরিবহনের জন্য রেলপথের ওপরই নির্ভর করছে।,14.29,2.94,11.43
news-41052875,"ভারতের যে বিতর্কিত ধর্মগুরু গুরমিত রাম রহিমকে শুক্রবার হরিয়ানার একটি আদালত ধর্ষণের মামলায় দোষী সাব্যস্ত করেছে, যা নিয়ে হরিয়ানা আর পাঞ্জাবে রীতিমতো যুদ্ধকালীন পরিস্থিতি তৈরি হয়েছে, তিনি সত্যিই একটি বর্ণময় চরিত্র।","ডেরা সাচ্চা সৌদার প্রধান গুরমিত রাম রহিম সিং একজন বিতর্কিত ধর্মগুরু, যিনি ধর্মীয় প্রচারের পাশাপাশি সিনেমা ও গানের মাধ্যমে লক্ষ লক্ষ অনুসারীর কাছে 'রকস্টার বাবা' হিসেবে পরিচিত। হরিয়ানার সিরসায় অবস্থিত তাঁর বিশাল আশ্রম ও জীবনযাত্রা যেমন চাকচিক্যময়, তেমনি তাঁর কর্মকাণ্ড ঘিরে বিভিন্ন সময়ে নানা বিতর্কের সৃষ্টি হয়েছে। মূলত আধুনিক বিনোদন ও ধর্মীয় মতাদর্শের সংমিশ্রণ ঘটিয়ে তিনি উত্তর ভারতের বিশাল জনগোষ্ঠীর মধ্যে নিজের প্রভাব বিস্তার করেছেন।",16.67,4.26,10.42
news-51493152,"বাংলাদেশে নিরাপদ সড়কে দাবিতে আন্দোলনকারী ইলিয়াস কাঞ্চন একশ' কোটি টাকা ক্ষতিপূরণ চেয়ে সাবেক মন্ত্রী শাজাহান খানের বিরুদ্ধে যে মানহানির মামলা করেছেন, আদালত তা গ্রহণ করেছে।",ইলিয়াস কাঞ্চনের আয়ের উৎস নিয়ে আপত্তিকর মন্তব্য করায় সাবেক মন্ত্রী শাজাহান খানের বিরুদ্ধে ১০০ কোটি টাকার মানহানির মামলা করেছেন চিত্রনায়ক ইলিয়াস কাঞ্চন। এই মামলার প্রেক্ষিতে আদালত শাজাহান খানকে লিখিত ব্যাখ্যা প্রদানের জন্য সমন জারি করেছেন। শাজাহান খান আদালতের নির্দেশ অনুযায়ী যথাসময়ে তার জবাব দেবেন বলে জানিয়েছেন।,33.80,20.29,28.17
news-38727531,দিনটিকে মার্কিন যুক্তরাষ্ট্রের নতুন প্রেসিডেন্ট ডোনাল্ড ট্রাম্প নিজেই বলেছেন এটি তার প্রথম সত্যিকার কাজের দিন।,"মার্কিন প্রেসিডেন্ট ডোনাল্ড ট্রাম্প তার নির্বাচনী প্রতিশ্রুতি অনুযায়ী এশিয়া-প্রশান্ত মহাসাগরীয় অঞ্চলের ১২টি দেশের সাথে স্বাক্ষরিত টিপিপি বাণিজ্য চুক্তি বাতিল করেছেন। ট্রাম্পের দাবি, এই পদক্ষেপ আমেরিকান শ্রমিকদের স্বার্থ রক্ষা করবে এবং এর মাধ্যমে তিনি মুক্ত বাণিজ্যের পরিবর্তে 'ন্যায্য বাণিজ্য' নীতি অনুসরণের ঘোষণা দিয়েছেন। এছাড়া, তিনি যুক্তরাষ্ট্রের বাইরে পণ্য উৎপাদনকারী কোম্পানিগুলোর ওপর উচ্চহারে সীমান্ত কর আরোপের হুঁশিয়ারিও দিয়েছেন।",16.67,5.71,13.89
news-50091830,কারো সম্মানহানি করার লক্ষ্যে একান্ত ব্যক্তিগত যৌনসম্পর্কের ভিডিও ইন্টারনেটে ছেড়ে দেয়াটা বেশ কিছুকাল থেকেই পৃথিবীতে এক গুরুতর সমস্যায় পরিণত হয়েছে - যাকে বলে 'রিভেঞ্জ' বা প্রতিশোধমূলক পর্ন ।,"সাবেক ডিজনি তারকা ও বর্তমান পর্ন পরিচালক বেলা থর্ন তার নিজের ছবি ব্যবহার করে তৈরি করা ভুয়া পর্নোগ্রাফি বা 'রিভেঞ্জ পর্ন'-এর বিরুদ্ধে লড়াই শুরু করেছেন। তিনি এই অপব্যবহার রোধে পর্নহাবের সাথে কাজ করার ঘোষণা দিয়েছেন, কারণ তিনিও ব্যক্তিগতভাবে এমন সাইবার হয়রানির শিকার হয়েছেন। নিজের জীবনের কঠিন অভিজ্ঞতা ও সংগ্রামের কথা তুলে ধরে তিনি সামাজিক যোগাযোগ মাধ্যমে হেনস্থা ও নারী নির্যাতনের বিরুদ্ধে সোচ্চার হয়েছেন।",8.89,0.00,4.44
news-46009277,আজ অনুষ্ঠিত হয়েছে বাংলাদেশ প্রিমিয়ার লিগের ২০১৯ মৌসুমের নিলাম।,"বিপিএল ২০১৯-এর প্লেয়ার ড্রাফটে ডেভিড ওয়ার্নার, এবি ডি ভিলিয়ার্স ও শহীদ আফ্রিদির মতো তারকা বিদেশি ক্রিকেটারদের বিভিন্ন দল নিশ্চিত করেছে। ড্রাফটের আগেই মুশফিকুর রহিমসহ বেশ কয়েকজন দেশি ক্রিকেটারকে দলগুলো সরাসরি চুক্তিতে দলে ভিড়িয়েছে। রাজধানীর একটি হোটেলে আয়োজিত এই ড্রাফটে মূলত দেশি ক্রিকেটারদের নিয়ে ফ্র্যাঞ্চাইজিগুলোর মধ্যে তীব্র প্রতিদ্বন্দ্বিতা দেখা গেছে।",3.39,0.00,3.39
news-54743751,লালমনিরহাট জেলার পাটগ্রামে এক ব্যক্তির বিরুদ্ধে ধর্ম অবমাননার অভিযোগ তুলে তাকে পিটিয়ে হত্যা এবং পরে তার লাশ আগুনে পুড়িয়ে ফেলার ঘটনা হতবাক করেছে সাধারণ মানুষকে।,"লালমনিরহাটের পাটগ্রামে আবু ইউনুস মোহাম্মদ শহীদুন নবী জুয়েলকে গণপিটুনি দিয়ে নৃশংসভাবে হত্যার ঘটনায় সামাজিক যোগাযোগ মাধ্যমে তীব্র ক্ষোভ ও হতাশা সৃষ্টি হয়েছে। ঘটনার দিন নিখোঁজ হওয়ার পর সামাজিক মাধ্যমে ছড়িয়ে পড়া ভিডিও দেখে তার ভাই নিশ্চিত হন যে, নিহত ব্যক্তিটিই তার ভাই জুয়েল। এই মর্মান্তিক মৃত্যুতে জুয়েলের স্ত্রী ও দুই সন্তান মানসিকভাবে ভেঙে পড়েছেন এবং তার অকাল প্রয়াণে শোকের ছায়া নেমে এসেছে।",6.90,0.00,6.90
news-44064408,৯২ বছর বয়সী মাহাথির মোহাম্মদ আবার মালয়েশিয়ার প্রধানমন্ত্রী হতে যাচ্ছেন।,৯২ বছর বয়সে মাহাথির মোহাম্মদ দীর্ঘ বিরতির পর রাজনীতিতে ফিরে এসে মালয়েশিয়ার প্রধানমন্ত্রী হিসেবে নির্বাচিত হয়েছেন। তিনি তার একসময়ের প্রতিপক্ষ জোটের নেতৃত্ব দিয়ে নাজিব রাজাককে পরাজিত করেছেন এবং নিজের রাজনৈতিক ভুল সংশোধনের অঙ্গীকার করেছেন। মাহাথির মোহাম্মদ দুই বছর দায়িত্ব পালনের পর কারাবন্দী নেতা আনোয়ার ইব্রাহিমের কাছে ক্ষমতা হস্তান্তরের পরিকল্পনা করেছেন।,20.00,10.34,20.00
news-39019033,বিশ্বে এখন আলোচিত ব্যক্তি যুক্তরাষ্ট্রের প্রেসিডেন্ট ডোনাল্ড ট্রাম্প। নিজের কাজ এবং কথার জন্য তিনি গণমাধ্যমের আলোচনার কেন্দ্রবিন্দুতেও পরিণত হয়েছেন।,ইন্টারনেট ব্যবহারকারীরা ফটোশপের মাধ্যমে মার্কিন প্রেসিডেন্ট ডোনাল্ড ট্রাম্পের বিভিন্ন ছবি পরিবর্তন করে তাঁকে অস্বাভাবিক ক্ষুদ্রাকৃতির হিসেবে উপস্থাপন করছেন। বিশ্বনেতাদের সঙ্গে ট্রাম্পের এই হাস্যরসাত্মক ছবিগুলো সামাজিক যোগাযোগমাধ্যমে ব্যাপক ছড়িয়ে পড়লেও এ বিষয়ে এখন পর্যন্ত কোনো প্রতিক্রিয়া জানাননি তিনি। মূলত ট্রাম্পের শারীরিক গঠন নিয়ে ট্রল করার উদ্দেশ্যেই নেটিজেনরা এই ধরনের ছবি তৈরি ও প্রচার করছেন।,11.11,2.86,8.33
news-44764197,"থাইল্যান্ড থেকে বিবিসির জোনাথন হেড বলছেন, এটা বিস্ময়কর যে রোববার উদ্ধার হওয়া চারজন কিশোরের বাবা-মাকেও হাসপাতালে নেওয়া হয়নি।","থাইল্যান্ডের গুহায় আটকে পড়া কিশোরদের মধ্যে চারজনকে উদ্ধার করা হলেও সংক্রমণের ঝুঁকির কারণে তাদের পরিচয় গোপন রাখা হয়েছে এবং স্বজনদের সাথে দেখা করতে দেওয়া হচ্ছে না। উদ্ধারকারী দলের প্রধান জানিয়েছেন, উদ্ধারকৃতরা বর্তমানে সুস্থ আছে এবং তারা খাবার হিসেবে 'প্যাড ক্রাপাও' খেতে চেয়েছে। গুহার ভেতরে এখনো আটকে থাকা বাকি কিশোরদের মানসিক অবস্থার কথা বিবেচনা করেই উদ্ধারকৃতদের নাম প্রকাশ করা হচ্ছে না।",2.53,0.00,2.53
news-41416022,শেষ পর্যন্ত দেশের অত্যন্ত প্রভাবশালী ধর্মীয় নেতাদের অগ্রাহ্য করে সৌদি বাদশাহ সালমান তার দেশের নারীদের গাড়ী চালানোর ওপর বিতর্কিত নিষেধাজ্ঞা তোলার সিদ্ধান্ত নিয়েছেন। সামনের বছর থেকে সৌদি নারীরা চালকের আসনে বসতে যাচ্ছেন।,"সৌদি আরবে নারীদের ওপর নিপীড়নের যে ধারণা পশ্চিমা গণমাধ্যমে প্রচলিত, অনেক সৌদি নারীই তাকে অতিরঞ্জিত বলে মনে করেন। বর্তমানে সৌদি নারীরা শিক্ষা, কর্মক্ষেত্র এবং রাজনীতিতে উল্লেখযোগ্য অংশগ্রহণ ও অধিকার অর্জন করছেন। এছাড়া, সামাজিক যোগাযোগমাধ্যমে সরব থেকে নিজেদের অধিকার আদায়ের সংগ্রামে তারা প্রতিনিয়ত সাহসী ভূমিকা পালন করছেন।",15.38,2.63,12.82
news-45100591,"ইরানকে পারমাণবিক অস্ত্র তৈরি থেকে বিরত রাখতে বারাক ওবামার শাসনামলে যুক্তরাষ্ট্র সহ ছয়টি শক্তিধর দেশের সাথে তেহরানের যে চুক্তি হয়েছিল, তা থেকে মে মাসে বেরিয়ে আসার ঘোষণা দেন ডোনাল্ড ট্রাম্প।","ইরানের ওপর যুক্তরাষ্ট্রের নতুন কঠোর নিষেধাজ্ঞা আরোপের সিদ্ধান্তে ব্রিটেন, ফ্রান্স ও জার্মানি গভীর উদ্বেগ প্রকাশ করে তা প্রত্যাখ্যান করেছে। ইউরোপীয় ইউনিয়ন ইরানের সাথে ব্যবসা করা কোম্পানিগুলোকে আইনি সুরক্ষা দেওয়ার প্রতিশ্রুতি দিলেও, মার্কিন নিষেধাজ্ঞার ভয়ে অনেক কোম্পানি ইতিমধ্যে বিনিয়োগ বাতিলের ঘোষণা দিচ্ছে। তবে ইরান সরকার এই নিষেধাজ্ঞাকে গুরুত্ব না দিয়ে নিজেদের অবস্থানে অটল থাকার ঘোষণা দিয়েছে।",7.06,0.00,4.71
news-55891964,মিয়ানমারের সবচেয়ে ক্ষমতাধর ব্যক্তি জেনারেল মিন অং লাইং-এর সাক্ষাৎকার পাওয়া খুব কঠিন।,"২০১৫ সালে বিবিসির সাংবাদিক জোনাহ ফিশার অত্যন্ত গোপনীয়তা ও রহস্যময় প্রক্রিয়ার মধ্য দিয়ে মিয়ানমারের সামরিক প্রধান জেনারেল মিন অং লাইংয়ের একটি বিরল সাক্ষাৎকার নিয়েছিলেন। সাক্ষাৎকারে জেনারেল স্পষ্ট জানিয়েছিলেন যে, জাতিগত সংঘাত নিরসন না হওয়া পর্যন্ত মিয়ানমারের রাজনীতিতে সামরিক বাহিনীর নিয়ন্ত্রণ বজায় থাকবে। এছাড়া, প্রেসিডেন্ট হওয়ার আকাঙ্ক্ষা সম্পর্কে সরাসরি উত্তর না দিয়ে তিনি বিষয়টি জনগণের ইচ্ছার ওপর ছেড়ে দিয়েছিলেন।",11.27,5.80,11.27
news-44104107,দক্ষিণ পূর্ব এশিয়ার অনেক দেশের মত বিশ্বের বৃহত্তম মুসলিম প্রধান দেশ ইন্দোনেশিয়ায় সাম্প্রতিক সময়ে বেশ কয়েকটি হামলা হয়েছে। প্রায় প্রতিটি ক্ষেত্রেই হামলাকারীরা তথাকথিত ইসলামিক স্টেটের সাথে সম্পৃক্ত বলে জানা গেছে।,"ইন্দোনেশিয়ার সুরাবায়ায় গীর্জায় হামলার ঘটনায় অন্তত ১৩ জন নিহত হয়েছেন, যা দেশটিতে জঙ্গি তৎপরতার ক্রমবর্ধমান ঝুঁকির ইঙ্গিত দেয়। ২০১৬ সালের জাকার্তা হামলার পর থেকে আই-এস দক্ষিণ-পূর্ব এশিয়ায় তাদের প্রভাব বিস্তারে সক্রিয় ভূমিকা পালন করছে। বর্তমানে ইন্টারনেট ও বিভিন্ন উগ্রবাদী গোষ্ঠীর মাধ্যমে অনুপ্রাণিত হয়ে ইন্দোনেশিয়ার স্থানীয় জঙ্গিরা দেশটিতে অস্থিতিশীল পরিস্থিতি সৃষ্টির চেষ্টা চালাচ্ছে।",4.76,2.44,4.76
news-49027287,বাংলাদেশের ক্রিকেট দলের কোচ নিয়োগের জন্য আবেদনের সময় বেঁধে দেয়া হয়েছিল ১৮ই জুলাই পর্যন্ত।,বাংলাদেশ ক্রিকেট দলে কোচ নিয়োগ নিয়ে প্রায়ই নানা বিতর্ক তৈরি হয় এবং অনেক সময় ক্রিকেটাররা পুরোপুরি প্রস্তুত না হয়েই জাতীয় দলে সুযোগ পান। তাই এমন একজন কোচের প্রয়োজন যিনি তরুণ ও প্রতিভাবান ক্রিকেটারদের পরিচর্যা করে তাদের শতভাগ দক্ষ করে গড়ে তুলতে পারবেন। মূলত পরিশ্রমী এবং খেলোয়াড়দের শেখানোর সক্ষমতা রয়েছে এমন কোচই এখন বাংলাদেশের ক্রিকেটের জন্য সবচেয়ে বেশি জরুরি।,11.11,0.00,8.33
news-55157270,বাংলাদেশে ধর্মীয় অনুভূতিতে আঘাত দেয়ার অভিযোগে টাঙ্গাইলের বাউল রিতা দেওয়ানসহ তিনজনের বিরুদ্ধে গ্রেপ্তারি পরোয়ানা জারি করেছে বাংলাদেশ সাইবার ক্রাইম ট্রাইব্যুনাল।,"ধর্মীয় অনুভূতিতে আঘাতের অভিযোগে বাউল শিল্পী রিতা দেওয়ানের বিরুদ্ধে ডিজিটাল নিরাপত্তা আইনে দায়ের করা মামলায় আদালত গ্রেপ্তারি পরোয়ানা জারি করেছে। রিতা দেওয়ান দাবি করেছেন যে, গানের আসরে প্রতিপক্ষের আক্রমণের জবাব দিতে গিয়ে অনিচ্ছাকৃতভাবে ভুলটি হয়েছিল এবং তিনি ইতোমধ্যেই এর জন্য ক্ষমা চেয়েছেন। আইনের প্রতি শ্রদ্ধা জানিয়ে তিনি আদালতে আত্মসমর্পণ করবেন বলে জানিয়েছেন, তবে ঘটনার পর থেকে তিনি ও তার পরিবার নানাভাবে হেনস্তার শিকার হচ্ছেন।",23.81,9.76,23.81
160721_camera_germany_trip_official,প্রধানমন্ত্রীর কার্যক্রম কাভারেজের জন্য এক সেট (একটি ডিজিটাল ক্যামেরা আর সেই ক্যামেরার কিছু যন্ত্রপাতি) ক্যামেরা আনতে জার্মানি যাচ্ছেন তথ্য মন্ত্রণালয় ও চলচ্চিত্র ও প্রকাশনা অধিদপ্তরের পদস্থ তিন কর্মকর্তা।,চলচ্চিত্র ও প্রকাশনা অধিদপ্তরের ডিজিটাল সরঞ্জামাদি কেনার অংশ হিসেবে প্রি-শিপমেন্ট ইন্সপেকশনের জন্য তিন কর্মকর্তা জার্মানি সফরে যাচ্ছেন। সংশ্লিষ্ট কোম্পানি এই সফরের ব্যয় বহন করায় এতে সরকারের কোনো আর্থিক সংশ্লেষ নেই বলে জানানো হয়েছে। উচ্চ ক্ষমতাসম্পন্ন ডিজিটাল ক্যামেরা ও সরঞ্জামের গুণগত মান নিশ্চিত করতেই কর্মকর্তাদের এই পরিদর্শন প্রয়োজন বলে কর্তৃপক্ষ জানিয়েছে।,30.38,12.99,15.19
news-46887973,প্রায় পাঁচ দশক ধরে সংবাদমাধ্যমে গুরুত্বপূর্ণ ভূমিকা পালন করা জ্যেষ্ঠ সাংবাদিক আমানুল্লাহ কবীর বুধবার ভোররাতে মারা গিয়েছেন।,"পাঁচ দশকের দীর্ঘ সাংবাদিকতা জীবনে আমানুল্লাহ কবীর বাংলাদেশের বিভিন্ন গুরুত্বপূর্ণ দৈনিকে নেতৃত্ব দিয়েছেন এবং মুক্তিযুদ্ধের সময় সক্রিয় ভূমিকা পালন করেছেন। লিভার, হার্ট ও কিডনিসহ নানা শারীরিক জটিলতায় ভুগে ৭২ বছর বয়সে তিনি মৃত্যুবরণ করেছেন। আপোষহীন ও অমায়িক সাংবাদিক হিসেবে পরিচিত এই ব্যক্তিত্বের জানাজা আজ বুধবার ঢাকার প্রেসক্লাবে অনুষ্ঠিত হয়েছে।",24.24,6.25,18.18
news-37900520,ভারতের রাজধানী দিল্লি এবং তার আশেপাশে বায়ু দূষণ এবং ঘন ধোঁয়াশা গত এক সপ্তাহ ধরে এক চরম বিপজ্জনক মাত্রায় পৌঁছেছে। সারা শহর জুড়ে বাতাসে দেখা যাচ্ছে ধোঁয়াশার আস্তরণ।,"দীপাবলির পর থেকে দিল্লির আকাশ বিষাক্ত ধোঁয়াশায় ঢেকে যাওয়ায় জনজীবন বিপর্যস্ত হয়ে পড়েছে এবং স্কুল-কলেজসহ বিভিন্ন কার্যক্রম বন্ধ ঘোষণা করা হয়েছে। তীব্র বায়ু দূষণের কারণে শ্বাসকষ্ট ও চোখের জ্বালায় ভুগছেন দিল্লিবাসী, যা নিয়ে সুপ্রিম কোর্টে মামলাও দায়ের করা হয়েছে। শহরের এই ভয়াবহ পরিস্থিতির জন্য ফসল পোড়ানো ও রাজনৈতিক উদাসীনতাকে দায়ী করছেন স্থানীয় বাসিন্দারা।",4.88,0.00,4.88
news-51431991,চীনফেরত এক শিক্ষার্থীকে রংপুর মেডিকেল কলেজ হাসপাতালে ভর্তির পর সেখানে তোলপাড় চলছে।,রংপুরে শ্বাসকষ্ট ও বুকব্যথা নিয়ে ভর্তি হওয়া এক শিক্ষার্থীর শরীরে করোনাভাইরাসের উপসর্গ সন্দেহে তাকে হাসপাতালের আইসোলেশন ইউনিটে রেখে চিকিৎসা দেওয়া হচ্ছে। আইইডিসিআর ইতিমধ্যে তার নমুনা সংগ্রহ করে ঢাকায় পাঠিয়েছে এবং মেডিকেল বোর্ড গঠন করে সর্বোচ্চ সতর্কতায় তার চিকিৎসা চলছে। পরীক্ষার ফলাফল না আসা পর্যন্ত শিক্ষার্থীটির শারীরিক অবস্থা স্থিতিশীল থাকলেও তাকে ঘিরে স্থানীয়দের মধ্যে ব্যাপক উদ্বেগ ও কৌতূহল তৈরি হয়েছে।,8.45,0.00,8.45
news-55975996,যুক্তরাষ্ট্রের প্রেসিডেন্ট জো বাইডেন বলেছেন যে ২০১৫ সালের পরমাণু চুক্তির শর্তগুলো না মানা পর্যন্ত তিনি ইরানের বিরুদ্ধে অর্থনৈতিক নিষেধাজ্ঞা তুলবেন না।,"২০১৫ সালের পরমাণু চুক্তি থেকে ট্রাম্প প্রশাসন সরে এসে ইরানের ওপর পুনরায় নিষেধাজ্ঞা আরোপ করলে দুই দেশের মধ্যে সম্পর্কের অবনতি ঘটে। বর্তমানে ইরান চুক্তিতে ফেরার শর্ত হিসেবে সব ধরনের অর্থনৈতিক নিষেধাজ্ঞা প্রত্যাহারের দাবি জানিয়েছে। অন্যদিকে, বাইডেন প্রশাসন চুক্তিতে ফেরার বিষয়ে আলোচনা চালিয়ে যাওয়ার ইঙ্গিত দিলেও উভয় পক্ষই নিজেদের অবস্থানে অনড় রয়েছে।",19.44,8.57,16.67
160301_india_army_copying_exam,"ভারতের সেনাবাহিনীতে চাকরি পাওয়ার জন্য অর্ধনগ্ন হয়ে, শুধুমাত্র অন্তর্বাস পড়ে পরীক্ষায় বসতে বাধ্য হয়েছেন এক হাজারেরও বেশী চাকরি প্রার্থী।","বিহারের মুজাফ্ফরপুরে ভারতীয় সেনাবাহিনীর নিয়োগ পরীক্ষার সময় পরীক্ষার্থীদের অন্তর্বাস পরে খোলা আকাশের নিচে পরীক্ষা দিতে বাধ্য করার ঘটনায় ব্যাপক চাঞ্চল্য সৃষ্টি হয়েছে। নকল রোধের অজুহাতে এমন অমানবিক ও লজ্জাজনক পদক্ষেপ নেওয়ায় পাটনা হাইকোর্ট এ বিষয়ে সেনা কর্তৃপক্ষের কাছে বিস্তারিত ব্যাখ্যা তলব করেছে। সেনাবাহিনীর পক্ষ থেকে এমন কোনো নিয়ম থাকার কথা অস্বীকার করা হলেও, পরীক্ষার্থীরা এই ঘটনায় তীব্র ক্ষোভ ও অস্বস্তি প্রকাশ করেছেন।",4.94,0.00,4.94
news-55635705,"""ইরান এখন আল-কায়েদার নতুন ঘাঁটিতে পরিণত হয়েছে"" - মার্কিন পররাষ্ট্রমন্ত্রী মাইক পম্পেওর এমন এক উক্তির পর ইরানের পররাষ্ট্রমন্ত্রীর তীব্র সমালোচনা - ঘটনাটি সংবাদ মাধ্যমে বড় খবর হয়ে উঠেছে।","যুক্তরাষ্ট্রের তৎকালীন পররাষ্ট্রমন্ত্রী মাইক পম্পেও অভিযোগ করেছেন যে, ইরান আল-কায়েদাকে আশ্রয় ও সুরক্ষা দিচ্ছে এবং তেহরানে আল-কায়েদার শীর্ষ নেতা আবদুল্লাহ আহমেদ আবদুল্লাহ নিহত হয়েছেন। তবে পম্পেওর এই দাবিকে 'যুদ্ধোন্মাদসুলভ মিথ্যা' বলে প্রত্যাখ্যান করেছে ইরান। বিশ্লেষকদের মতে, শিয়া-সুন্নি আদর্শিক বিরোধের কারণে ইরান ও আল-কায়েদার মধ্যে এমন সম্পর্ক থাকা অস্বাভাবিক, যা নিয়ে আন্তর্জাতিক অঙ্গনে বিতর্ক তৈরি হয়েছে।",16.28,4.76,11.63
news-50997027,"যুক্তরাষ্ট্রের প্রেসিডেন্ট ডোনাল্ড ট্রাম্প হুঁশিয়ার করে বলেছেন, তেহরান যদি আমেরিকার নাগরিক কিংবা মার্কিন সম্পদের উপর হামলা চালায় তাহলে তার জবাবে ইরানের ৫২টি লক্ষ্যবস্তুতে পাল্টা হামলা চালানো হবে।","জেনারেল কাসেম সোলেইমানি হত্যার প্রতিশোধ নিতে ইরান যুক্তরাষ্ট্রের ওপর হামলার হুমকি দিলে, প্রেসিডেন্ট ট্রাম্প পাল্টা সতর্কবার্তা দিয়ে ইরানের ৫২টি গুরুত্বপূর্ণ স্থাপনায় কঠোর হামলার হুমকি দিয়েছেন। ট্রাম্পের এই হুঁশিয়ারির পরপরই ইরান সমর্থিত হ্যাকাররা একটি মার্কিন সরকারি ওয়েবসাইট হ্যাক করে নিজেদের প্রতিবাদের বার্তা দিয়েছে। মূলত সোলেইমানি হত্যার পর দুই দেশের মধ্যে চরম উত্তেজনা ও পাল্টাপাল্টি হুমকির পরিস্থিতি তৈরি হয়েছে।",19.05,2.44,11.90
news-40872238,"হিন্দু ধর্মে গরুকে দেবতা হিসাবে দেখা হয়, তাই ভারতের অনেক রাজ্যে গরু জবাই নিষিদ্ধ করা হয়েছে।",ভারতে গরু ও চামড়া পরিবহনকে কেন্দ্র করে গো-রক্ষকদের ধারাবাহিক হামলার ফলে দেশটির বৃহৎ চামড়া শিল্প মারাত্মক সংকটের মুখে পড়েছে। কাঁচামালের সরবরাহ কমে যাওয়া ও ব্যবসায়িক অনিশ্চয়তার কারণে অনেক উদ্যোক্তা ব্যবসা গুটিয়ে বিদেশে স্থানান্তরের কথা ভাবছেন। এই পরিস্থিতির ফলে শিল্পখাতটি ধ্বংসের দ্বারপ্রান্তে পৌঁছেছে এবং লাখ লাখ শ্রমিকের কর্মসংস্থান হারানোর ঝুঁকি তৈরি হয়েছে।,5.88,0.00,2.94
news-52603696,"চীনের গণমাধ্যমগুলোকে দেশটির একজন জ্যেষ্ঠ কর্মকর্তা বলেছেন, করোনাভাইরাস মহামারি একটি বড় পরীক্ষা যা চীনের জনস্বাস্থ্য ব্যবস্থার দুর্বলতাকে প্রকাশ করেছে।","চীনে করোনাভাইরাস মোকাবিলায় ব্যর্থতা ও জনস্বাস্থ্য ব্যবস্থার দুর্বলতা স্বীকার করে নিয়েছেন দেশটির জাতীয় স্বাস্থ্য কমিশনের পরিচালক। মহামারির শুরুতে তথ্য গোপন ও সতর্ক করতে দেরি করার অভিযোগ থাকলেও, চীন এখন তাদের রোগ প্রতিরোধ ও তথ্য সংগ্রহ ব্যবস্থার উন্নয়নের প্রতিশ্রুতি দিয়েছে। এছাড়া, এই বৈশ্বিক সংকটে চীন তার শাসন ব্যবস্থার সীমাবদ্ধতাগুলো কাটিয়ে ওঠার ওপর গুরুত্বারোপ করেছে।",13.89,2.86,11.11
news-52076760,চীনের যে উহান শহর থেকে করোনাভাইরাস মহামারির সূচনা হয়েছিল - সেই শহরটি দুই মাসেরও বেশি সময় অবরুদ্ধ রাখার পর আজ আংশিকভাবে খুলে দেওয়া হয়েছে।,"করোনাভাইরাসের সংক্রমণ উল্লেখযোগ্য হারে কমে আসায় দীর্ঘ দুই মাস অবরুদ্ধ থাকার পর চীনের উহান শহর ধীরে ধীরে স্বাভাবিক হতে শুরু করেছে। শহরটিতে ট্রেন চলাচলসহ সীমিত পরিসরে যোগাযোগ ব্যবস্থা চালু করা হলেও, বাসিন্দাদের বাইরে যাওয়ার ওপর নিষেধাজ্ঞা আরও দুই সপ্তাহ বহাল থাকবে। গত জানুয়ারি থেকে বিচ্ছিন্ন থাকা এই শহরে জনজীবন স্বাভাবিক হতে শুরু করায় বাসিন্দাদের মধ্যে স্বস্তি ফিরে এসেছে।",17.28,2.53,9.88
news-43689479,বাংলাদেশে চাকরির ক্ষেত্রে কোটা সংস্কারের দাবিতে ঢাকার শাহবাগে বেশ বড় ধরনের বিক্ষোভ হয়েছে। সিভিল সার্ভিস বিসিএস সহ সকল সরকারি চাকরিতে কোটা ব্যবস্থায় নিয়োগের প্রচলিত ব্যবস্থার সংস্কার দাবি করে রোববার শাহবাগে অবস্থান নেয় বিভিন্ন প্রতিষ্ঠানের শত শত শিক্ষার্থী।,"বাংলাদেশে সরকারি চাকরির ক্ষেত্রে বিদ্যমান কোটা ব্যবস্থার যৌক্তিক সংস্কারের দাবিতে শাহবাগে শিক্ষার্থীরা টানা আন্দোলন ও অবস্থান কর্মসূচি পালন করছেন। আন্দোলনকারীদের দাবি, বর্তমান কোটা পদ্ধতি মেধাবীদের জন্য বৈষম্যমূলক, তাই তারা কোটা বাতিলের পরিবর্তে এর সংস্কার চেয়ে পাঁচ দফা দাবি উত্থাপন করেছেন। দাবি আদায় না হওয়া পর্যন্ত আন্দোলন চালিয়ে যাওয়ার ঘোষণা দিলেও, শনিবার রাতে পুলিশ লাঠিচার্জ ও কাঁদানে গ্যাস নিক্ষেপ করে আন্দোলনকারীদের ছত্রভঙ্গ করে দেয়।",28.00,4.08,22.00
news-54731674,সম্প্রতি বাংলাদেশে একজন বেসামরিক নাগরিকের কাছ থেকে ইসরায়েলের সামরিক বাহিনীর ব্যবহৃত উজি পয়েন্ট টু-টু বোর পিস্তল উদ্ধারের পর থেকে নড়েচড়ে বসেছে প্রশাসন।,"সম্প্রতি এক বেসামরিক নাগরিকের কাছ থেকে মিলিটারি গ্রেডের উজি পিস্তল উদ্ধারের ঘটনায় আইনশৃঙ্খলা রক্ষাকারী বাহিনী গভীর উদ্বেগ প্রকাশ করেছে। অসাধু ব্যবসায়ীরা আইনের ফাঁক গলে বৈধ অস্ত্রের আড়ালে এসব অত্যাধুনিক অস্ত্র আমদানি করে সাধারণ মানুষের কাছে বিক্রি করছে বলে অভিযোগ উঠেছে। এই পরিস্থিতির প্রেক্ষিতে স্বরাষ্ট্র মন্ত্রণালয় বিদ্যমান অস্ত্র আইনে কোনো ঘাটতি আছে কি না, তা খতিয়ে দেখার উদ্যোগ নিয়েছে।",19.75,10.13,19.75
news-43901842,যুক্তরাজ্যের বিশ্ববিদ্যালয়গুলোর মধ্যে একটি র‍্যাংকিংয়ে বিশ্বখ্যাত অক্সফোর্ড হেরে গেলো আরেক বিশ্বখ্যাত প্রতিষ্ঠান ক্যামব্রিজের কাছে।,"'দি কমপ্লিট ইউনিভার্সিটি গাইড ২০১৯' র‍্যাংকিংয়ে অক্সফোর্ডকে পেছনে ফেলে টানা অষ্টমবারের মতো শীর্ষস্থান ধরে রেখেছে ক্যামব্রিজ বিশ্ববিদ্যালয়। গবেষণার মান, শিক্ষার্থীদের সন্তুষ্টি ও স্নাতকদের ভবিষ্যৎসহ বিভিন্ন সূচকের ভিত্তিতে করা এই তালিকায় স্ট্যাফোর্ডশায়ার বিশ্ববিদ্যালয় বড় ধরনের উন্নতি করেছে। বিশেষজ্ঞরা বলছেন, শীর্ষস্থানে অক্সফোর্ড ও ক্যামব্রিজের আধিপত্য থাকলেও ভবিষ্যতে অন্যান্য বিশ্ববিদ্যালয়গুলো তাদের জোরালো চ্যালেঞ্জ জানাতে পারে।",8.82,0.00,8.82
news-48131563,ব্যাপক শক্তি নিয়ে উড়িষ্যা উপকূলের দিকে ধেয়ে যাচ্ছে অতিপ্রবল ঘূর্ণিঝড় ফণী।,অতিপ্রবল ঘূর্ণিঝড় 'ফণী' শক্তি সঞ্চয় করে ভারতের উড়িষ্যা উপকূলের দিকে ধেয়ে আসছে এবং শুক্রবার নাগাদ এটি বাংলাদেশ উপকূলে আঘাত হানতে পারে। এই ঘূর্ণিঝড়ের প্রভাবে মোংলা ও পায়রা সমুদ্রবন্দরকে সাত নম্বর বিপদ সংকেত এবং চট্টগ্রাম বন্দরকে ছয় নম্বর বিপদ সংকেত দেখাতে বলা হয়েছে। দুর্যোগ মোকাবিলায় আবহাওয়া অধিদপ্তর বিভিন্ন সংকেতের মাধ্যমে সতর্কবার্তা জারি করেছে এবং উপকূলীয় অঞ্চলে জলোচ্ছ্বাসের আশঙ্কা করা হচ্ছে।,22.86,14.71,14.29
news-40795840,বাংলাদেশে দু'হাজার সাল থেকে সাতটি নতুন রোগ শনাক্ত হয়েছে। যার সবগুলি পশু-পাখি ও কীট-পতঙ্গের মাধ্যমে ছড়ায়।,"বাংলাদেশে নিপা ভাইরাস, চিকুনগুনিয়া ও সোয়াইন ফ্লুর মতো জুনোটিক বা প্রাণী ও কীটপতঙ্গ বাহিত রোগের প্রাদুর্ভাব জনস্বাস্থ্যের জন্য নতুন আতঙ্ক হয়ে দাঁড়িয়েছে। খেজুরের রস বা মশার মতো বাহকের মাধ্যমে এসব রোগ ছড়িয়ে পড়ায় বিপুল সংখ্যক মানুষ আক্রান্ত ও মৃত্যুবরণ করছে। রোগগুলো সম্পর্কে সচেতনতা বৃদ্ধি এবং কার্যকর প্রতিরোধমূলক ব্যবস্থা গ্রহণ এখন সময়ের দাবি হয়ে উঠেছে।",13.70,0.00,10.96
39620775,একটি বাছুরের প্রাণ সংহার করার দায়ে ভারতের এক গ্রাম-পঞ্চায়েত এক লোককে আদেশ দিয়েছে নিজের মেয়েকে গরুর মালিকের ছেলের সাথে বিয়ে দিতে।,**সারসংক্ষেপ:** মধ্যপ্রদেশের গুনা জেলায় একটি বাছুর হত্যার পুরনো বিবাদ মেটাতে পঞ্চায়েত পাঁচ বছরের এক শিশুকন্যার সঙ্গে আট বছরের এক বালকের বিয়ের নির্দেশ দিয়েছে। বাছুর হত্যার দায়ে সামাজিকভাবে একঘরে হওয়া পরিবারটিকে শাস্তি দিতেই গ্রাম পঞ্চায়েত এই বাল্যবিবাহের আয়োজন করছে। শিশুটির মায়ের অভিযোগের ভিত্তিতে স্থানীয় প্রশাসন ঘটনাটি তদন্ত করে দেখছে।,11.43,0.00,8.57
news-42223538,বাংলাদেশে শিক্ষার মান নিয়ে সরকারের পরিচালিত এক গবেষণা বলছে প্রাথমিক বিদ্যালয়ের শিক্ষার্থীরা তাদের প্রয়োজনীয় শিক্ষার মাত্র ৪০ শতাংশ স্কুল থেকে পাচ্ছে।,"বাংলাদেশের সরকারি প্রাথমিক বিদ্যালয়গুলোতে শিক্ষার মান অত্যন্ত উদ্বেগজনক, যেখানে পঞ্চম শ্রেণীর ৯০ শতাংশ শিক্ষার্থী গণিতে এবং তৃতীয় শ্রেণীর ৩৫ শতাংশ শিক্ষার্থী বাংলায় কাঙ্ক্ষিত দক্ষতা অর্জনে ব্যর্থ হচ্ছে। শিক্ষক স্বল্পতা ও অতিরিক্ত শিক্ষার্থীসহ নানা কাঠামোগত সমস্যার কারণে শিক্ষার এই নিম্নমান তৈরি হয়েছে বলে বিশেষজ্ঞরা মনে করছেন। পরিস্থিতি মোকাবিলায় সরকার বিভিন্ন উদ্যোগের কথা জানালেও, মানসম্মত শিক্ষা নিশ্চিত করতে দ্রুত কার্যকর পদক্ষেপ গ্রহণ করা জরুরি।",12.05,2.47,7.23
news-43763267,যুক্তরাজ্যের শিক্ষার্থীদের মধ্যে আত্মহত্যার হার সাধারণ জনসংখ্যার তুলনায় বেশি বলে দাবি করেছেন গবেষকরা।,"ব্রিটেনে গত নয় বছরে শিক্ষার্থীদের মধ্যে আত্মহত্যার হার ৫৬ শতাংশ বৃদ্ধি পেয়েছে, যা উদ্বেগের কারণ হয়ে দাঁড়িয়েছে। যদিও এই প্রবণতা রোধে বিভিন্ন প্রচারণা চালানো হচ্ছে, তবুও বিশেষজ্ঞরা মনে করেন বিশ্ববিদ্যালয়গুলোর কার্যকর পদক্ষেপ গ্রহণ করা জরুরি। তবে বর্তমান পরিসংখ্যানগুলো শিক্ষার্থীদের ব্যক্তিগত প্রেক্ষাপট বিবেচনায় না নেওয়ায়, এগুলোকে আত্মহত্যার ঝুঁকি মূল্যায়নের জন্য চূড়ান্ত হিসেবে গণ্য করা যাচ্ছে না।",11.76,9.09,11.76
news-44451269,বাংলাদেশে পার্বত্য জেলা রাঙামাটির নানিয়ারচর উপজেলায় পাহাড়ে ভূমিধসে ১০ জন নিহত হয়েছে।,"টানা বৃষ্টির ফলে রাঙামাটির বিভিন্ন স্থানে ভয়াবহ ভূমিধসের ঘটনা ঘটেছে, যার ফলে রাঙামাটি-খাগড়াছড়ি সড়কে যান চলাচল বন্ধ হয়ে গেছে। দুর্যোগ মোকাবিলায় প্রশাসন ২১টি আশ্রয়কেন্দ্র খুলেছে এবং ঝুঁকিপূর্ণ এলাকার বাসিন্দাদের নিরাপদ স্থানে সরিয়ে নেওয়া হচ্ছে। গত বছরের ভয়াবহ পাহাড় ধসের ঠিক এক বছর পর আবারও একই ধরনের দুর্যোগে জেলাটিতে নতুন করে আতঙ্ক ছড়িয়ে পড়েছে।",3.03,0.00,3.03
news-56483534,বাংলাদেশের প্রতিষ্ঠা এবং ১৯৭১ সালের যুদ্ধের ৫০তম বার্ষিকী উপলক্ষে পাকিস্তানের একটি বেসরকারি বিশ্ববিদ্যালয়ের আয়োজিত এক অনলাইন সম্মেলন কিছু মহলের আপত্তির কারণে বাতিল করে দেয়া হয়েছে।,"লাহোর ইউনিভার্সিটি অব ম্যানেজমেন্ট সায়েন্সেসে ১৯৭১ সালের যুদ্ধ ও ইতিহাস নিয়ে আয়োজিত একটি সম্মেলন কোনো কারণ দর্শানো ছাড়াই কর্তৃপক্ষ বাতিল করেছে। সম্মেলনটি ‘পাকিস্তান-বিরোধী’ আখ্যা দিয়ে সামাজিক যোগাযোগ মাধ্যমে তীব্র সমালোচনার মুখে পড়ার পর এই সিদ্ধান্ত নেওয়া হয়। এই ঘটনাকে অনেকে মতপ্রকাশের স্বাধীনতার লঙ্ঘন হিসেবে দেখছেন, যা পাকিস্তানে ১৯৭১ সালের প্রসঙ্গটি এখনো কতটা স্পর্শকাতর তা পুনরায় সামনে এনেছে।",12.05,2.47,12.05
news-37897017,আর একদিন পরেই অনুষ্ঠিত হতে যাচ্ছে মার্কিন যুক্তরাষ্ট্রের প্রেসিডেন্ট নির্বাচন। হোয়াইট হাউজে কে আসবেন - হিলারী ক্লিনটন নাকি ডোনাল্ড ট্রাম্প ? পুরো বিশ্বের মতো বাংলাদেশও এ নিয়ে চলছে নানা জল্পনা।,"আমেরিকার আসন্ন প্রেসিডেন্ট নির্বাচন নিয়ে বাংলাদেশের সাধারণ মানুষের মধ্যে ব্যাপক আগ্রহ ও কৌতূহল লক্ষ্য করা যাচ্ছে। নির্বাচনী প্রচারণায় প্রার্থীদের বিভিন্ন মন্তব্য ও বৈশ্বিক প্রভাবের কারণে বাংলাদেশের মানুষ মনে করছেন যে, নতুন প্রেসিডেন্ট কে হবেন তার ওপর দেশের স্বার্থ অনেকাংশে নির্ভর করছে। গণমাধ্যমে এই নির্বাচনের ব্যাপক প্রচারণার ফলে সাধারণ মানুষের মাঝে এ নিয়ে আলোচনার মাত্রা আরও বৃদ্ধি পেয়েছে।",11.76,2.41,9.41
46701606,"বাংলাদেশের ফুলবাড়ী কয়লা খনি প্রকল্পের পেছনে রয়েছে যে ব্রিটিশ মাইনিং কোম্পানি, লন্ডনে তাদের বার্ষিক সাধারণ সভার বাইরে পরিবেশবাদীদের বিক্ষোভের সময় তিনজনকে আটক করেছে পুলিশ।",লন্ডনে জিসিএম রিসোর্সেস পিএলসি-এর বার্ষিক সাধারণ সভার বাইরে ফুলবাড়ী কয়লা প্রকল্প বাতিলের দাবিতে পরিবেশবাদী গোষ্ঠীগুলো তীব্র বিক্ষোভ প্রদর্শন করেছে। বিক্ষোভকারীরা ভবনের গেটে অবস্থান নিয়ে শেয়ারহোল্ডারদের প্রবেশে বাধা দিলে পুলিশ তিনজনকে আটক করে। স্থানীয় জনগোষ্ঠীর জীবনযাত্রা বিপর্যস্ত হওয়ার আশঙ্কায় পরিবেশবাদীরা বিতর্কিত এই প্রকল্পটি বন্ধের দাবি জানিয়েছেন।,31.43,14.71,20.00
news-45246389,বাংলাদেশে পশুর চামড়ার সরকার নির্ধারিত মূল্য কমানোর সিদ্ধান্তের ফলে কওমি মাদ্রাসাগুলোর শিক্ষা কার্যক্রম ক্ষতিগ্রস্ত হবে বলে অভিযোগ করেছে কওমি মাদ্রাসাগুলোর সংগঠন কওমী ফোরাম।,"কোরবানির পশুর চামড়া বিক্রির আয়ের ওপর দেশের অধিকাংশ কওমি মাদ্রাসা তাদের পরিচালনা ব্যয়ের জন্য নির্ভরশীল। প্রতি বছর চামড়ার দাম ধারাবাহিকভাবে কমে আসায় মাদ্রাসাগুলোর আয় মারাত্মকভাবে হ্রাস পেয়েছে, যা তাদের স্বাভাবিক কার্যক্রম পরিচালনার ক্ষেত্রে সংকট তৈরি করছে। এই পরিস্থিতির কারণে মাদ্রাসাগুলোতে অধ্যয়নরত শিক্ষার্থীদের শিক্ষা কার্যক্রম ও ভবিষ্যৎ অনিশ্চয়তার মুখে পড়েছে।",16.67,2.86,13.89
news-47862421,সাবেক স্বামী আবার বিয়ে করার সময় ফেসবুকে সেই স্ত্রীকে 'ঘোড়া' বলে গালি দেওয়ায় এক ব্রিটিশ নারীকে দুবাইয়ে কারাদণ্ড দেওয়া হয়েছে বলে জানা গেছে।,২০১৬ সালে সাবেক স্বামীর ফেসবুক ছবিতে আপত্তিকর মন্তব্য করার অভিযোগে দুবাই বিমানবন্দরে ৫৫ বছর বয়সী ব্রিটিশ নাগরিক লালেহ শাহরাভেশকে আটক করা হয়েছে। সংযুক্ত আরব আমিরাতের কঠোর সাইবার অপরাধ আইনের আওতায় তার দুই বছরের কারাদণ্ড বা বড় অঙ্কের জরিমানার আশঙ্কা রয়েছে। এই পরিস্থিতিতে তার মেয়ে এবং ব্রিটিশ পররাষ্ট্র মন্ত্রণালয় তাকে মুক্ত করার জন্য প্রয়োজনীয় পদক্ষেপ ও আবেদন জানিয়েছে।,10.00,0.00,10.00
news-47591664,নিউজিল্যান্ডের ক্রাইস্টচার্চে দু'টি মসজিদে হামলায় অন্তত ৪৯ জনকে হত্যার ঘটনায় জড়িত থাকার অভিযোগে প্রধান সন্দেহভাজন হিসেবে ব্রেন্টন টারান্টকে শনিবার আদালতে হাজির করা হয়েছে । তার বিরুদ্ধে একটি হত্যাকান্ডের অভিযোগ আনা হয়েছে।,নিউজিল্যান্ডের ক্রাইস্টচার্চে মসজিদে ভয়াবহ সন্ত্রাসী হামলার ঘটনায় প্রধান সন্দেহভাজন ব্রেন্টন টারান্টকে আদালতে হাজির করা হয়েছে। প্রধানমন্ত্রী জাসিন্ডা আর্ডেন এই ঘটনাকে উগ্র-সন্ত্রাসবাদী হামলা হিসেবে আখ্যায়িত করেছেন এবং এ ঘটনায় জড়িত সন্দেহে আরও দুজনকে আটক করা হয়েছে। শুক্রবারের এই বর্বরোচিত হামলায় বহু হতাহতের ঘটনা ঘটেছে এবং নিরাপত্তার স্বার্থে পুরো দেশজুড়ে মসজিদগুলো বন্ধ রাখা হয়েছে।,26.19,12.20,23.81
news-46500148,বাংলাদেশে ৩০শে ডিসেম্বরের নির্বাচনকে সামনে রেখে প্রধান দুটো দল তাদের নিজ নিজ জোটের শরিকদের সাথে আসন ভাগাভাগি চুড়ান্ত করেছে।,"৩০শে ডিসেম্বর অনুষ্ঠেয় নির্বাচনের জন্য প্রার্থিতা প্রত্যাহারের সময়সীমা শেষে চূড়ান্ত প্রার্থী তালিকা প্রকাশ করা হয়েছে এবং সোমবার থেকে আনুষ্ঠানিক প্রচারণা শুরু হচ্ছে। মনোনয়ন নিয়ে বিভিন্ন দলে অসন্তোষ ও বিদ্রোহ থাকলেও, দীর্ঘ ১০ বছর পর প্রধান সব রাজনৈতিক দলের অংশগ্রহণে এই নির্বাচন অনুষ্ঠিত হতে যাচ্ছে। ক্ষমতাসীন আওয়ামী লীগ ও বিরোধী জোটগুলো তাদের শরিকদের আসন বণ্টন চূড়ান্ত করার পাশাপাশি বিদ্রোহী প্রার্থীদের সামাল দেওয়ার চেষ্টা চালিয়ে যাচ্ছে।",12.05,0.00,12.05
news-49081638,বাংলাদেশে বিভিন্ন স্থানে গত কয়েকসপ্তাহে বেশ কয়েকটি গণপিটুনির ঘটনায় অন্তত সাত জন নিহত এবং আরো অনেকে আহত হয়েছেন।,পদ্মা সেতু নির্মাণে মানুষের মাথা প্রয়োজন—এমন গুজবের জেরে সম্প্রতি বাংলাদেশে ছেলেধরা সন্দেহে গণপিটুনিতে অন্তত সাতজন নিহত হয়েছেন। গুজব নিরসনে সরকারি ও সেতু কর্তৃপক্ষের প্রচেষ্টা সত্ত্বেও সাধারণ মানুষের মধ্যে আতঙ্ক ও সহিংসতা বেড়েই চলেছে। মূলত সামাজিক ক্ষোভ ও বিচারহীনতার সংস্কৃতির কারণে তুচ্ছ সন্দেহে গণপিটুনিতে হত্যার মতো পাশবিক ঘটনা বাংলাদেশে দীর্ঘকাল ধরে চলে আসছে।,8.45,0.00,8.45
news-46203196,কয়েক মাসের আলাপ-আলোচনার পর ব্রেক্সিট চুক্তির একটি খসড়ায় সম্মত হয়েছে যুক্তরাজ্য এবং ইউরোপীয় ইউনিয়ন।,"ব্রেক্সিট চুক্তির খসড়া নিয়ে যুক্তরাজ্য ও ইউরোপীয় ইউনিয়নের কর্মকর্তাদের মধ্যে ঐকমত্য হওয়ায় প্রধানমন্ত্রী টেরিজা মে তার মন্ত্রিসভার সদস্যদের সঙ্গে জরুরি বৈঠক আহ্বান করেছেন। এই খসড়া চুক্তির খবরে পাউন্ডের মান বৃদ্ধি পেলেও ব্রিটিশ পার্লামেন্ট ও মন্ত্রিসভায় তা অনুমোদনের বিষয়টি এখনো অনিশ্চিত। এদিকে, চুক্তির শর্তাবলি নিয়ে বিরোধী দল ও ব্রেক্সিটপন্থি নেতারা তীব্র সমালোচনা শুরু করেছেন।",8.82,3.03,8.82
news-42382964,বৈজ্ঞানিক কল্পকাহিনীতে ফ্লাইং সসার বা এ ধরনের অদ্ভুত উড়ন্ত বস্তুর কথা বলা হয় যাতে করে অন্য গ্রহের প্রাণীরা চলাচল করে। কিন্তু বাস্তবে তার অস্তিত্ব আছে কি-না তা নিয়ে সন্দিহান বিজ্ঞানীরা।,"পেন্টাগন ২০০৭ থেকে ২০১২ সাল পর্যন্ত ইউএফও (UFO) বা অজ্ঞাত উড়ন্ত বস্তু নিয়ে গবেষণার জন্য কোটি কোটি ডলারের একটি গোপন প্রকল্প পরিচালনা করেছিল। সাবেক সিনেটর হ্যারি রেইডের উদ্যোগে শুরু হওয়া এই প্রকল্পের মূল উদ্দেশ্য ছিল বিদেশি শত্রুদের প্রযুক্তিগত অগ্রগতির ওপর নজরদারি করা। ব্যয় সংকোচনের কারণে প্রকল্পটি বন্ধ করা হলেও, সম্প্রতি মার্কিন গণমাধ্যমে এর তথ্য ফাঁস হওয়ার পর বিষয়টি নিয়ে ব্যাপক আলোচনার সৃষ্টি হয়েছে।",6.38,0.00,6.38
news-46877838,বাংলাদেশে ৩০ ডিসেম্বরের নির্বাচনের ৫০টি আসনের নির্বাচনী প্রক্রিয়ার ওপর এক পরিবীক্ষণের ফলাফলে ৪৭টিতেই অনিয়মের প্রমাণ পেয়েছে দুর্নীতিবিরোধী সংস্থা ট্রান্সপারেন্সি ইন্টারন্যাশনাল।,"ট্রান্সপারেন্সি ইন্টারন্যাশনাল বাংলাদেশ (টিআইবি) ৫০টি আসনের ওপর জরিপ চালিয়ে ২০১৮ সালের নির্বাচনে ব্যাপক অনিয়ম ও আচরণবিধি লঙ্ঘনের অভিযোগ এনেছে। সংস্থাটির নির্বাহী পরিচালক ড. ইফতেখারুজ্জামান ভোটের আগের রাতে সিল মারা, এজেন্টদের প্রবেশে বাধা এবং বুথ দখলের মতো সুনির্দিষ্ট তথ্যপ্রমাণের ভিত্তিতে বিচার বিভাগীয় তদন্তের দাবি জানিয়েছেন। তবে নির্বাচন কমিশন টিআইবির এই অভিযোগ প্রত্যাখ্যান করে জানিয়েছে যে, নির্বাচন আইন মেনেই সম্পন্ন হয়েছে এবং যেকোনো অভিযোগের প্রতিকারের জন্য আইনি কাঠামো বিদ্যমান রয়েছে।",11.36,4.65,6.82
news-43610420,"বেশিরভাগ মানুষের জন্যে তো বটেই, পর্বতারোহীদের জন্যেও, বিশ্বের সর্বোচ্চ পর্বতে আরোহণ করা এক রোমহর্ষক অভিজ্ঞতা। কারণ এসময় বহু অজানা চ্যালেঞ্জের মুখে পড়তে হয়।","নেপালি পর্বতারোহী কামি রিতা শেরপা মাউন্ট এভারেস্টে সর্বোচ্চ ২১ বার আরোহণের বর্তমান রেকর্ডটি নিজের একক দখলে নিতে নতুন অভিযানে নেমেছেন। ১৯৯৪ সাল থেকে এ পর্যন্ত ২১ বার চূড়ায় ওঠা এই অভিজ্ঞ গাইড এবার ২২তম বারের মতো আরোহণের মাধ্যমে নতুন ইতিহাস গড়তে চান। তার এই সফল অভিযানের লক্ষ্য কেবল ব্যক্তিগত রেকর্ড গড়া নয়, বরং নিজের দেশ ও শেরপা সম্প্রদায়ের জন্য গৌরব বয়ে আনা।",2.35,0.00,2.35
43207435,"বাংলাদেশে যারা 'গুরুত্বপূর্ণ ব্যক্তি' হিসেবে পরিচিত, তাদের অনেকেরই চিকিৎসা নেবার জন্য থাইল্যান্ড, সিঙ্গাপুর, ইউরোপ কিংবা আমেরিকায় ছুটে যাওয়ার বিষয়টি নতুন কোন বিষয় নয়।","রাষ্ট্রীয় গুরুত্বপূর্ণ ব্যক্তিদের বিদেশে চিকিৎসা নেওয়ার প্রতিবাদে ঢাকায় মানববন্ধন করেছে 'নাগরিক পরিষদ' নামের একটি সংগঠন। সংগঠনটির দাবি, নীতিনির্ধারকরা দেশের হাসপাতালে চিকিৎসা না নেওয়ায় স্বাস্থ্যসেবার মান উন্নত হচ্ছে না এবং এটি জনগণের মৌলিক অধিকার নিশ্চিত করতে তাদের ব্যর্থতার প্রমাণ। তাদের মতে, রাষ্ট্রীয় কর্তাব্যক্তিরা দেশের সরকারি হাসপাতালে চিকিৎসা নিলে সেখানকার সেবার মান ও ব্যবস্থাপনা অবশ্যই উন্নত হতো।",7.69,0.00,7.69
news-54315492,আর্মেনিয়া এবং আজারবাইজানের সশস্ত্র বাহিনীর মধ্যে লড়াই শুরু হয়ে গেছে বিতর্কিত নাগোর্নো-কারাবাখ অঞ্চল নিয়ে। আজারবাইজানের অন্তত একটি হেলিকপ্টার গুলি করে ফেলে দিয়েছে আর্মেনিয়ার বাহিনী।,"নাগোর্নো-কারাবাখ অঞ্চলটির নিয়ন্ত্রণ নিয়ে আর্মেনিয়া ও আজারবাইজানের মধ্যে চার দশক ধরে চলা দীর্ঘস্থায়ী দ্বন্দ্ব সম্প্রতি আবারও তীব্র আকার ধারণ করেছে। উভয় দেশই একে অপরের বিরুদ্ধে সামরিক হামলার অভিযোগ এনেছে এবং এই সংঘর্ষে বেশ কিছু বেসামরিক মানুষ হতাহত হয়েছে। আন্তর্জাতিকভাবে আজারবাইজানের ভূখণ্ড হিসেবে স্বীকৃত এই অঞ্চলটি বর্তমানে জাতিগত আর্মেনিয়ানদের নিয়ন্ত্রণে রয়েছে, যা নিয়ে দুই দেশের মধ্যে উত্তেজনা অব্যাহত রয়েছে।",19.05,2.44,9.52
news-52171715,যুক্তরাজ্যের হাসপাতালগুলোতে স্বাস্থ্যকর্মীদের কাজের পরিবেশ ও সরঞ্জামের শোচনীয় অবস্থা উঠে এসেছে নিবিড় পরিচর্যা বিভাগের একজন চিকিৎসকের বক্তব্যে।,যুক্তরাজ্যের হাসপাতালগুলোতে কোভিড-১৯ রোগীর সংখ্যা আশঙ্কাজনক হারে বাড়লেও প্রয়োজনীয় চিকিৎসা সরঞ্জাম ও আইসিইউ সুবিধার তীব্র সংকট দেখা দিয়েছে। পর্যাপ্ত পিপিই-এর অভাবে চিকিৎসকরা বাধ্য হয়ে ময়লা ফেলার ব্যাগ ও প্লাস্টিকের অ্যাপ্রোন ব্যবহার করে ঝুঁকি নিয়ে সেবা দিচ্ছেন। সামনের দিনগুলোতে সংক্রমণের হার আরও বাড়ার আশঙ্কায় স্বাস্থ্যকর্মীরা চরম উদ্বেগ ও প্রতিকূল পরিস্থিতির মধ্য দিয়ে কাজ করছেন।,8.33,2.86,8.33
news-47227788,বুধবার রাতে জেলা প্রশাসকের পক্ষ থেকে আহমদীয়া সম্প্রদায়ের কাছে লেখা এক চিঠিতে ফেব্রুয়ারির তৃতীয় সপ্তাহে তাদের ধর্মীয় জলসার সরকারি অনুমতি স্থগিত করার সিদ্ধান্ত জানানো হয়েছে।,"পঞ্চগড়ের আহমদনগরে আহমদীয়া সম্প্রদায়ের বাৎসরিক জলসাকে কেন্দ্র করে কট্টরপন্থী সংগঠনের বিরোধ ও হামলার ঘটনার পর, প্রশাসন নিরাপত্তার খাতিরে তাদের সমাবেশের অনুমতি স্থগিত করেছে। দীর্ঘ ৬০ বছর ধরে চলে আসা এই আয়োজনটি বাতিলের ফলে আহমদীয়া সম্প্রদায় আর্থিকভাবে ক্ষতিগ্রস্ত হলেও তারা সরকারের সিদ্ধান্ত মেনে নেওয়ার কথা জানিয়েছে। কোনো কারণ দর্শানো ছাড়াই এই অনুমতি স্থগিত করায় আহমদীয়া নেতারা গভীর উদ্বেগ ও হতাশা প্রকাশ করেছেন।",13.95,4.76,13.95
news-50717866,"বাংলাদেশের পররাষ্ট্রমন্ত্রী একে আব্দুল মোমেন বলেছেন, রোহিঙ্গা গণহত্যার মামলার শুনানিতে মিয়ানমার যাতে মিথ্যা তথ্য দিতে না পারে, সেটা নিশ্চিত করার জন্য আন্তর্জাতিক আদালতে মামলার বাদী গাম্বিয়াকে সহযোগিতা করার সিদ্ধান্ত নিয়েছে বাংলাদেশ।","রোহিঙ্গা গণহত্যার অভিযোগে মিয়ানমারের বিরুদ্ধে আন্তর্জাতিক বিচার আদালতে (আইসিজে) শুরু হতে যাওয়া শুনানিতে গাম্বিয়াকে সহযোগিতা করতে বাংলাদেশের একটি প্রতিনিধি দল দ্য হেগে পৌঁছেছে। মিয়ানমারের পক্ষে আত্মপক্ষ সমর্থন করতে দেশটির নেত্রী অং সান সু চি নিজেও আদালতে উপস্থিত থাকবেন। মিয়ানমার যাতে কোনো মিথ্যা তথ্য উপস্থাপন করতে না পারে, তা নিশ্চিত করতেই বাংলাদেশ প্রয়োজনীয় তথ্য-উপাত্তসহ এই শুনানিতে অংশ নিচ্ছে।",33.71,9.20,22.47
news-47685392,বাংলাদেশে স্বর্ণ আমদানির জন্য লাইসেন্স পাওয়ার আবেদনপত্র বিতরণ শুরু করেছে বাংলাদেশ ব্যাংক।,"বাংলাদেশে চোরাই পথে আসা স্বর্ণের অবৈধ ব্যবসা রোধ ও রাজস্ব আদায়ের লক্ষ্যে সরকার ২০১৮ সালে স্বর্ণ নীতিমালা প্রণয়ন করে লাইসেন্স প্রদানের উদ্যোগ নিয়েছে। তবে কঠোর শর্ত ও উচ্চ শুল্কের আশঙ্কায় এখন পর্যন্ত কোনো ব্যবসায়ী এই লাইসেন্স সংগ্রহের আবেদন করেননি। ব্যবসায়ীদের মতে, শুল্কের হার সহনশীল না হলে এই উদ্যোগের সুফল পাওয়া কঠিন হবে এবং চোরাচালান বন্ধ করা সম্ভব হবে না।",8.45,0.00,8.45
news-45853084,মায়ের প্রথম মাসিক যে বয়সে হয়েছে তার সাথে ছেলের বয়ঃসন্ধিকাল কবে শুরু হবে তার একটি সম্পর্ক রয়েছে বলে মনে করছেন বিজ্ঞানীরা।,"ডেনমার্কের একটি গবেষণায় দেখা গেছে, মায়ের বয়ঃসন্ধি দ্রুত শুরু হলে তার সন্তানদের ক্ষেত্রেও বয়ঃসন্ধির লক্ষণগুলো আগেভাগে দেখা দেওয়ার প্রবণতা থাকে। উন্নত পুষ্টি ও স্বাস্থ্যসেবার পাশাপাশি শরীরের অতিরিক্ত ওজন বা স্থূলতা বিশ্বব্যাপী শিশুদের বয়ঃসন্ধি এগিয়ে আসার অন্যতম প্রধান কারণ হিসেবে চিহ্নিত হয়েছে। গবেষকদের মতে, বংশগতি এবং জীবনযাত্রার পরিবর্তনের এই প্রভাব বর্তমান প্রজন্মের কিশোর-কিশোরীদের শারীরিক বিকাশের সময়কালকে দ্রুততর করছে।",12.66,0.00,7.59
news-53335755,ভারতে গত বিশ বছরে ১২ লাখ মানুষ সাপের কামড়ে মারা গেছে বলে নতুন এক গবেষণার ফলাফলে জানা গেছে।,"ভারতে প্রতিবছর সর্পদংশনে মৃত্যুর একটি বড় অংশ ঘটে কোবরা, রাসেলস ভাইপার ও ক্রেইৎস সাপের কামড়ে, যার মধ্যে উল্লেখযোগ্য সংখ্যক শিশু ও কর্মক্ষম বয়সের মানুষ রয়েছে। বর্ষাকালে দ্রুত চিকিৎসা সেবার অভাব এবং সাপের আবাসস্থলের কাছাকাছি মানুষের বসবাসের কারণে এই মৃত্যুর হার বৃদ্ধি পায়। ই-লাইফ জার্নালে প্রকাশিত এক গবেষণায় উঠে এসেছে যে, সঠিক সময়ে জরুরি চিকিৎসা নিশ্চিত করতে পারলে এই অকাল মৃত্যু অনেকাংশেই কমানো সম্ভব।",9.76,0.00,9.76
news-50178109,আওয়ামী লীগের একটি সহযোগী সংগঠন কৃষক লীগের জাতীয় সম্মেলন হবে ঢাকায়। সেই সম্মেলনে যোগ দিতে আসবেন চট্টগ্রাম থেকে প্রায় ১৯০ জন নেতা-কর্মী। সেজন্যে তারা বাংলাদেশ রেলওয়েকে অনুরোধ করেছেন তাদের যেন বিনামূল্যে ৩৮০টি টিকেট দেয়া হয়।,"আগামী ৬ নভেম্বর ঢাকায় অনুষ্ঠিতব্য কৃষক লীগের জাতীয় সম্মেলনে যোগ দিতে চট্টগ্রাম উত্তর জেলা কমিটি রেলওয়ের কাছে ৩৮০টি প্রথম শ্রেণীর ফ্রি টিকেটের আবেদন জানিয়েছে। তবে রেলওয়ে কর্তৃপক্ষ স্পষ্টভাবে জানিয়ে দিয়েছে যে, বিনামূল্যে টিকেট দেওয়ার কোনো আইনি বিধান নেই এবং তাদের আবেদনটি প্রত্যাখ্যান করা হয়েছে। সরকারি দলের অঙ্গসংগঠন হয়েও এমন অযৌক্তিক আবদার করায় বিষয়টি নিয়ে জনমনে ব্যাপক সমালোচনার সৃষ্টি হয়েছে।",21.05,6.45,16.84
news-43441508,কাঠমান্ডুতে ইউএস বাংলা ফ্লাইট বিধ্বস্ত হয়ে নিহত ২৬ জন বাংলাদেশির মধ্যে ১৪ জনের পরিচয় সনাক্ত করা হয়েছে।,"নেপালে বিমান দুর্ঘটনায় নিহতদের ফরেনসিক ও ময়নাতদন্ত শেষে ১৪ জন বাংলাদেশিসহ মোট ২৪ জনের নাম আনুষ্ঠানিকভাবে ঘোষণা করা হয়েছে। অনেক মরদেহ পুড়ে যাওয়ায় বাকিদের শনাক্ত করতে ডিএনএ পরীক্ষার প্রয়োজন হবে বলে জানিয়েছেন চিকিৎসকরা। এছাড়া, দুর্ঘটনায় আহতদের উন্নত চিকিৎসার জন্য ঢাকা এবং প্রয়োজনে বিদেশ পাঠানোর প্রক্রিয়া চলমান রয়েছে।",12.50,0.00,9.37
news-46339895,ব্রাজিলের আমাজন নদী অববাহিকার রেইনফরেস্ট গত এক দশকে সবচেয়ে বেশি হারে উজাড় হয়েছে বলে সাম্প্রতিক এক তথ্যে জানা গেছে।,ব্রাজিলের আমাজন রেইনফরেস্টে অবৈধভাবে গাছ কাটার ফলে গত এক বছরে বনভূমি ধ্বংসের হার ১৩.৭ শতাংশ বৃদ্ধি পেয়েছে। দেশটির প্রেসিডেন্ট জায়ের বোলসোনারোর পরিবেশবিরোধী নীতি এবং কৃষি সম্প্রসারণের প্রচেষ্টাকে এই ভয়াবহ বন উজাড়ের মূল কারণ হিসেবে চিহ্নিত করছেন বিশ্লেষকরা। মাতো গ্রসো ও পারা রাজ্যে বনভূমি ধ্বংসের এই প্রবণতা জীববৈচিত্র্যের জন্য চরম হুমকি হয়ে দাঁড়িয়েছে।,11.11,5.71,11.11
news-56467992,একজন যুবলীগ নেতার ওপর হামলার পরে কয়েকজনের সঙ্গে ধারালো অস্ত্র নিয়ে কুমিল্লা সিটি কর্পোরেশনের একজন কাউন্সিলরের নাচানাচি করার একটি ভিডিও ভাইরাল হয়েছে। হামলার ঘটনায় ওই কাউন্সিলরকে গ্রেপ্তার করেছে পুলিশ।,কুমিল্লায় সুনামগঞ্জে সংখ্যালঘুদের ওপর হামলার প্রতিবাদে আয়োজিত যুবলীগের মিছিলে গাড়ি তুলে দিয়ে হামলার ঘটনায় কাউন্সিলর সাইফুল বিন জলিলসহ আটজনের বিরুদ্ধে মামলা হয়েছে। ঘটনার পরপরই পুলিশ অভিযুক্ত কাউন্সিলরকে গ্রেপ্তার করেছে এবং সামাজিক যোগাযোগ মাধ্যমে ছড়িয়ে পড়া একটি ভিডিওর সূত্র ধরে তদন্ত শুরু করেছে। এই হামলায় যুবলীগ নেতা রোকনউদ্দিনসহ ৫-৬ জন আহত হয়ে হাসপাতালে চিকিৎসাধীন রয়েছেন।,21.43,7.32,14.29
news-40975877,পাকিস্তান রাষ্ট্রের জনক মুহাম্মদ আলী জিন্নাহ ১৯৪০ সালে লাহোরে এক বক্তৃতায় ভারতীয় উপমহাদেশে মুসলমানদের জন্য পৃথক রাষ্ট্রের প্রয়োজনীয়তার কথা বলেছিলেন।,"১৯৪৭ সালে ধর্মের ভিত্তিতে পাকিস্তান রাষ্ট্র প্রতিষ্ঠার মূলে ছিল মুহাম্মদ আলী জিন্নাহর 'দ্বি-জাতি তত্ত্ব', যা হিন্দু ও মুসলিমদের সম্পূর্ণ ভিন্ন দুটি জাতি হিসেবে চিহ্নিত করে। স্বাধীন ভারতে সংখ্যালঘু হওয়ার আশঙ্কায় এবং কংগ্রেসের প্রতি আস্থাহীনতার কারণে তৎকালীন মুসলিম জনগোষ্ঠীর একটি বড় অংশ এই পৃথক রাষ্ট্র গঠনের ধারণাকে সমর্থন করেছিল। জিন্নাহর এই তাত্ত্বিক আদর্শই পাকিস্তানের জন্মলগ্ন থেকে দেশটির জাতীয় পরিচয় ও অস্তিত্বের মূল ভিত্তি হিসেবে কাজ করে আসছে।",11.49,2.35,9.20
news-44833348,ভারতের রাজধানী দিল্লিতে বায়ুদূষণের মাত্রা অসহনীয় পর্যায় অতিক্রম করায় এবিষয়ে কর্তৃপক্ষের দৃষ্টি আকর্ষণ করতে সেখনকার বাসিন্দারা দূষণ বিরোধী নানা ধরণের কার্যক্রম পরিচালনা করছেন।,"দিল্লিতে বায়ুদূষণের মাত্রা ভয়াবহভাবে বৃদ্ধি পাওয়ায় জনজীবন বিপর্যস্ত হয়ে পড়েছে এবং পরিবেশ রক্ষায় শহরটির বাসিন্দারা বিভিন্ন প্রতিবাদ ও সচেতনতামূলক কর্মসূচি পালন করছেন। পরিবেশকর্মীরা মনে করেন, কেবল দূষণ রোধ নয়, বরং নগর পরিকল্পনায় আমূল পরিবর্তন এবং নির্বিচারে গাছ কাটা বন্ধ করা জরুরি। সরকার ও সাধারণ মানুষের সম্মিলিত ও কার্যকরী পদক্ষেপ ছাড়া দিল্লির এই সংকটময় পরিস্থিতি থেকে উত্তরণ অসম্ভব বলে বিশেষজ্ঞরা সতর্ক করেছেন।",14.29,4.88,11.90
news-44542582,রাশিয়ার জনসংখ্যা বিশেষজ্ঞরা ১৫ই জুলাই বিশ্বকাপ শেষ হওয়ার পরও আসর সম্পর্কে আগ্রহী থাকবেন।,"দীর্ঘদিন ধরে রাশিয়ার জনসংখ্যা হ্রাসের হার দেশটির জন্য উদ্বেগের কারণ হয়ে দাঁড়িয়েছে। গবেষণায় দেখা গেছে, বড় ধরনের ক্রীড়া প্রতিযোগিতা আয়োজনের সাথে জন্মহার বৃদ্ধির একটি ইতিবাচক সম্পর্ক থাকতে পারে। তাই ২০১৮ সালের বিশ্বকাপ ফুটবল আয়োজনকে কেন্দ্র করে রাশিয়া তাদের নিম্নমুখী জন্মহার বৃদ্ধির প্রত্যাশা করছে।",10.71,3.70,10.71
news-51102067,বাংলাদেশে সরস্বতী পূজার কারণে ঢাকা সিটি নির্বাচন পেছানোর জন্য আদালতের দাখিল করা রিট খারিজ করে দিয়েছে আদালত।,"সরস্বতী পূজার কারণে ঢাকা সিটি কর্পোরেশন নির্বাচনের তারিখ পেছানোর জন্য হিন্দু-বৌদ্ধ-খ্রিস্টান ঐক্য পরিষদসহ বিভিন্ন সংগঠন নির্বাচন কমিশনের কাছে দাবি জানিয়ে আসছে। তবে নির্বাচন কমিশন জানিয়েছে, এসএসসি পরীক্ষা ও অন্যান্য ছুটির বিষয়টি বিবেচনা করেই ৩০ জানুয়ারি ভোটের তারিখ নির্ধারণ করা হয়েছে। বিষয়টি বর্তমানে আদালতের বিচারাধীন রয়েছে এবং এ নিয়ে চূড়ান্ত সিদ্ধান্তের অপেক্ষায় রয়েছে সংশ্লিষ্ট পক্ষগুলো।",27.40,14.08,21.92
news-48991739,উজানের পানির কারণে বাংলাদেশের উত্তরে ১৫ টি জেলার বিস্তীর্ণ এলাকা ইতিমধ্যেই পানির নিচে তলিয়ে গেছে। নতুন করে আরো কয়েকটি জেলায় তা ছড়িয়ে পড়তে পারে বলে আশংকা করা হচ্ছে।,"উজানে ভারত ও নেপালে ভয়াবহ বন্যার প্রভাবে বাংলাদেশের উত্তরাঞ্চলসহ ১৫টি জেলার বন্যা পরিস্থিতির আরও অবনতি হওয়ার আশঙ্কা দেখা দিয়েছে। ইতোমধ্যে তিন দেশ মিলিয়ে শতাধিক মানুষের মৃত্যু হয়েছে এবং লাখ লাখ মানুষ পানিবন্দি হয়ে মানবেতর জীবনযাপন করছেন। বন্যা পূর্বাভাস ও সতর্কীকরণ কেন্দ্র জানিয়েছে, উজানের পানি নেমে আসায় আগামী কয়েকদিনে দেশের নতুন নতুন এলাকা প্লাবিত হতে পারে।",14.46,0.00,9.64
news-44291198,"ভারতের উত্তর-পূর্বাঞ্চলীয় রাজ্য আসামে জাতীয় নাগরিক পঞ্জী হালনাগাদ করা নিয়ে অনেক মানুষের মধ্যে আশঙ্কা চলছিল। তার মধ্যেই সেদেশে নাগরিকত্ব আইন সংশোধন করার জন্য যে বিল আনা হয়েছে, তাতে আশঙ্কা, সংশয় আরো বেড়েছে।","সংশোধিত নাগরিকত্ব বিলের মাধ্যমে প্রতিবেশী দেশ থেকে আসা অ-মুসলিমদের নাগরিকত্ব প্রদানের প্রস্তাবের প্রতিবাদে আসামে ব্যাপক বিক্ষোভ চলছে। স্থানীয় সংগঠনগুলোর আশঙ্কা, এই বিল কার্যকর হলে বিপুল সংখ্যক অনুপ্রবেশকারীর আগমনে আসামের নিজস্ব সংস্কৃতি ও জনবিন্যাস ক্ষতিগ্রস্ত হবে এবং অসমীয়ারা নিজ রাজ্যে সংখ্যালঘু হয়ে পড়বে। বিলটির সাংবিধানিক বৈধতা নিয়ে প্রশ্ন তুলে আন্দোলনকারীরা ধর্মের ভিত্তিতে নাগরিকত্ব প্রদানের এই প্রচেষ্টার তীব্র বিরোধিতা করছেন।",8.70,0.00,6.52
news-48932695,"পদ্মা সেতুর নির্মাণ কাজের জন্য মানুষের মাথা লাগবে বলে যে গুজব ছড়িয়ে পড়েছে, তার বিরুদ্ধে সতর্ক করে দিয়েছে সেতু কর্তৃপক্ষ।","পদ্মা সেতু নির্মাণে মানুষের মাথা প্রয়োজন বলে সামাজিক যোগাযোগমাধ্যমে যে গুজব ছড়িয়েছে, তা সম্পূর্ণ ভিত্তিহীন বলে প্রকল্প পরিচালকের কার্যালয় থেকে বিজ্ঞপ্তি প্রকাশ করা হয়েছে। সেতু নির্মাণকে কেন্দ্র করে অপহরণের কোনো সত্যতা না থাকলেও, ভিত্তিহীন এই গুজবে সাধারণ মানুষের মধ্যে আতঙ্ক সৃষ্টি হয়েছে। বিশেষজ্ঞরা মনে করেন, ঐতিহাসিক প্রেক্ষাপট ও লোকজ বিশ্বাসের কারণেই বড় স্থাপনা নির্মাণের সময় এ ধরনের কুসংস্কারাচ্ছন্ন গুজবের পুনরাবৃত্তি ঘটে।",19.75,5.06,17.28
news-47174239,বাংলাদেশ থেকে প্রায় হাজার দুয়েক সিভিল সার্ভেন্ট বা আমলা তাদের কেরিয়ারের মাঝপথে প্রশিক্ষণ নিতে ভারতে আসবেন বলে দুই দেশ আজ এক যৌথ বিবৃতিতে ঘোষণা করেছে।,দিল্লিতে অনুষ্ঠিত ভারত-বাংলাদেশ পঞ্চম যৌথ কনসাল্টেটিভ কমিশনের বৈঠকে দুই দেশের মধ্যে একটি গুরুত্বপূর্ণ সমঝোতা স্মারক স্বাক্ষরিত হয়েছে। এই চুক্তির আওতায় বাংলাদেশের সিভিল সার্ভিসের ১৮০০ কর্মকর্তাকে ভারতের ন্যাশনাল সেন্টার অব গুড গভর্ন্যান্সে (এনসিজিজি) বিশেষ প্রশিক্ষণ ও সক্ষমতা বৃদ্ধির প্রশিক্ষণ দেওয়া হবে। এর মাধ্যমে দুই দেশের প্রশাসনিক কর্মকর্তাদের মধ্যে পেশাগত দক্ষতা বিনিময় ও সহযোগিতার ক্ষেত্র আরও সুসংহত ও আনুষ্ঠানিক রূপ পেল।,11.76,0.00,9.41
news-49663510,"আসামের জাতীয় নাগরিক পঞ্জীতে ১৯ লক্ষ মানুষের নাম বাদ যাওয়ার ফলে তাদের নাগরিকত্ব প্রশ্নের মুখে পড়েছে। তাদের এবার কী হবে - আটক করে ডিটেনশন ক্যাম্পে রাখা হবে, না কি বাংলাদেশে পাঠিয়ে দেয়া হবে, তা নিয়ে সংবাদপত্রে, সামাজিক মাধ্যমে নিয়মিত আলোচনা চলছে ।",**সারসংক্ষেপ:** আসামের এনআরসি তালিকায় নাম না ওঠায় পশ্চিমবঙ্গের আদি বাসিন্দা বহু মানুষ নিজেদের নাগরিকত্বের প্রমাণ জোগাড় করতে কলকাতার রাজ্য লেখ্যাগারে (স্টেট আর্কাইভস) ভিড় করছেন। আসামে বসবাসকারী এসব মানুষ আদালতের গ্রহণযোগ্য প্রমাণের জন্য তাদের পূর্বপুরুষদের নাম সম্বলিত পুরনো ভোটার তালিকার সার্টিফায়েড কপি সংগ্রহ করছেন। পশ্চিমবঙ্গে এনআরসি চালুর আশঙ্কায় সাধারণ মানুষের মধ্যে তৈরি হওয়া আতঙ্কই মূলত এই পরিস্থিতির প্রধান কারণ।,10.20,0.00,6.12
news-44206618,"বাংলাদেশের গবেষকরা বলছেন, দেশে এখন প্রায় ৭০ লাখ মাদকসেবী রয়েছে, যাদের বেশিরভাগ তরুণ। এদের মধ্যে ১০ বছর থেকে ৭০ বছরের বৃদ্ধও রয়েছেন।","বাংলাদেশে মাদকাসক্তির হার উদ্বেগজনকভাবে বেড়ে যাওয়ায় আইনশৃঙ্খলা বাহিনী দেশজুড়ে কঠোর অভিযান পরিচালনা করছে। মাদকাসক্ত ব্যক্তি শনাক্তের প্রাথমিক লক্ষণগুলোর মধ্যে আচার-আচরণে অস্বাভাবিক পরিবর্তন, ঘুমের অনিয়ম, অকারণে টাকা চাওয়া এবং সামাজিক বিচ্ছিন্নতা অন্যতম। সন্তানদের এসব লক্ষণ দেখা দিলে অভিভাবকদের তাদের চলাফেরা ও সঙ্গীদের বিষয়ে সতর্ক থাকার এবং প্রয়োজনে দ্রুত চিকিৎসার ব্যবস্থা করার পরামর্শ দিয়েছেন বিশেষজ্ঞরা।",2.63,0.00,2.63
news-49134755,ভারতে অভিবাসন বিষয়ে সর্বশেষ যে শুমারি হয়েছে তাতে দেখা যাচ্ছে উগান্ডা থেকে আসা মানুষের সংখ্যা খুব দ্রুত গতিতে বাড়ছে। এর কারণ কি?,"২০১১ সালের আদমশুমারিতে উগান্ডা থেকে ভারতে আসা মানুষের সংখ্যা ১ লাখ ৫১ হাজার ছাড়িয়ে যাওয়ায় বিভ্রান্তি সৃষ্টি হয়েছে। অভিবাসন বিশেষজ্ঞরা মনে করছেন, সরকারি কর্মকর্তাদের বড় ধরনের ভুলের কারণেই এই অস্বাভাবিক সংখ্যাটি উঠে এসেছে। মূলত উগান্ডার সাথে ভারতের ঐতিহাসিক ও অর্থনৈতিক সম্পর্ক থাকলেও, বর্তমান শুমারিতে উঠে আসা এই বিশাল সংখ্যাটি বাস্তবসম্মত নয় বলে ধারণা করা হচ্ছে।",18.18,8.00,12.99
news-50994048,বাংলাদেশে ২০১৯ সালে সড়ক দুর্ঘটনার সংখ্যা ও দুর্ঘটনায় নিহতের সংখ্যা আগের বছরের চেয়ে বেড়েছে বলে উঠে এসেছে সড়ক নিরাপত্তা পরিস্থিতি নিয়ে করা নিরাপদ সড়ক চাইয়ের বার্ষিক প্রতিবেদনে।,"২০১৯ সালে বাংলাদেশে সড়ক দুর্ঘটনা ও নিহতের সংখ্যা আগের বছরের তুলনায় উল্লেখযোগ্য হারে বৃদ্ধি পেয়েছে। নিরাপদ সড়ক চাই-এর চেয়ারম্যান ইলিয়াস কাঞ্চনের মতে, মহাসড়কে যথাযথ নজরদারির অভাব এবং ধীরগতির যানবাহনের অবাধ চলাচলই এই দুর্ঘটনার প্রধান কারণ। এছাড়া, চালকদের প্রশিক্ষণের অভাব ও আইন অমান্য করার প্রবণতা সড়ক দুর্ঘটনা বাড়াতে বড় ভূমিকা রাখছে।",25.64,10.53,20.51
news-52497711,"বাংলাদেশের কক্সবাজার জেলার টেকনাফে নুতন ধরণের যে ছোট পোকাগুলো দেখা গেছে, সেগুলো পঙ্গপাল কি-না তা খতিয়ে দেখবে কৃষি মন্ত্রণালয়।",টেকনাফে পঙ্গপাল সদৃশ পোকার আক্রমণে ফসলের ব্যাপক ক্ষতির আশঙ্কায় স্থানীয় কৃষি কর্মকর্তারা কীটনাশক ব্যবহারের পরামর্শ দিচ্ছেন। তবে বিশেষজ্ঞরা ল্যাবরেটরিতে পরীক্ষা না করা পর্যন্ত এগুলোকে নিশ্চিতভাবে পঙ্গপাল হিসেবে চিহ্নিত করতে রাজি নন। পঙ্গপালের সম্ভাব্য ঝুঁকি মোকাবিলায় কৃষি মন্ত্রণালয় আগে থেকেই সতর্কতামূলক প্রস্তুতি গ্রহণ করেছে।,15.87,3.28,15.87
news-50038357,সিরিয়ার কুর্দিরা বলছে যে সিরিয় সরকার দেশের উত্তরাঞ্চলের সীমান্তে সেনাবাহিনী পাঠিয়ে তাদের কুর্দিদের বিরুদ্ধে তুরস্কের চালানো আগ্রাসন প্রতিহত করার চেষ্টা করবে।,"সিরিয়ার উত্তরাঞ্চলে কুর্দি বাহিনীকে হটিয়ে 'নিরাপদ অঞ্চল' তৈরির লক্ষ্যে তুরস্ক সামরিক অভিযান শুরু করেছে, যার ফলে উভয় পক্ষে ব্যাপক প্রাণহানি ও অস্থিতিশীল পরিস্থিতির সৃষ্টি হয়েছে। এই অভিযানের সুযোগে ইসলামিক স্টেটের বন্দি পরিবারের সদস্যরা কারাগার থেকে পালিয়ে যাওয়ায় আন্তর্জাতিক মহলে গভীর উদ্বেগের সৃষ্টি হয়েছে। তুরস্কের এই আগ্রাসন এবং অঞ্চলটি থেকে মার্কিন সেনা প্রত্যাহারের ফলে সিরিয়ার নিরাপত্তা ব্যবস্থা ও দীর্ঘদিনের মিত্র কুর্দি বাহিনীর ভবিষ্যৎ নিয়ে অনিশ্চয়তা দেখা দিয়েছে।",6.90,0.00,6.90
news-44055048,এ বছর আগস্ট-সেপ্টেম্বর মাসে বাংলাদেশ ক্রিকেট দলের অস্ট্রেলিয়া সফরটি হচ্ছে না।,"অস্ট্রেলিয়ার টিভি চ্যানেলগুলো ফুটবল মৌসুমের কারণে বাংলাদেশ-অস্ট্রেলিয়া সিরিজ সম্প্রচারে অনাগ্রহী হওয়ায় ক্রিকেট অস্ট্রেলিয়া এই সফরটি বাণিজ্যিকভাবে লাভজনক হবে না বলে বাতিল করেছে। বাংলাদেশ ক্রিকেট বোর্ড এই সফরের জন্য বিকল্প সময়ের প্রস্তাব দিলেও অস্ট্রেলিয়া থেকে এখনো কোনো সাড়া পাওয়া যায়নি। ক্রিকেট অস্ট্রেলিয়ার মতে, ভারত, ইংল্যান্ড ও দক্ষিণ আফ্রিকা ছাড়া অন্য দেশগুলোর সাথে সিরিজ আয়োজন তাদের জন্য আর্থিকভাবে চ্যালেঞ্জিং।",14.29,2.94,11.43
news-40077411,বাংলাদেশের কারাগারগুলোতে মোট বন্দীর সংখ্যা প্রায় আটাত্তর হাজার। যদিও ধারণ সংখ্যা মাত্র সাড়ে ছত্রিশ হাজার।,বাংলাদেশের বিভিন্ন কারাগারে বন্দী মায়েদের সাথে ছয় বছরের কম বয়সী বহু শিশু মানবেতর ও সীমাবদ্ধ জীবনযাপন করতে বাধ্য হচ্ছে। কাশিমপুর নারী কারাগারে শিশুদের জন্য ডে-কেয়ার ও শিক্ষার কিছু ব্যবস্থা থাকলেও দেশের অন্যান্য কারাগারগুলোতে এমন সুযোগ-সুবিধার বড়ই অভাব রয়েছে। কারাগারের চার দেয়ালের ভেতরে বেড়ে ওঠা এই শিশুদের মানসিক বিকাশ ও স্বাভাবিক জীবন নিশ্চিত করা নিয়ে বড় ধরনের অনিশ্চয়তা রয়ে গেছে।,5.26,0.00,5.26
news-44624330,বিশ্বের পাঁচটি মুসলিম সংখ্যাগরিষ্ঠ দেশের জনগণের আমেরিকা ভ্রমণের নিষেধাজ্ঞার ব্যাপারে সমর্থন দিয়ে মার্কিন সুপ্রিম কোর্টের সিদ্ধান্তকে স্বাগত জানিয়েছেন মার্কিন প্রেসিডেন্ট ডোনাল্ড ট্রাম্প।,"যুক্তরাষ্ট্রের সুপ্রিম কোর্ট ট্রাম্প প্রশাসনের বিতর্কিত ভ্রমণ নিষেধাজ্ঞাকে বৈধতা দেওয়ায় একে নিজের প্রশাসনের 'অসাধারণ সাফল্য' হিসেবে অভিহিত করেছেন ডোনাল্ড ট্রাম্প। এই নিষেধাজ্ঞার ফলে ইরান, লিবিয়া, সোমালিয়া, সিরিয়া ও ইয়েমেনের নাগরিকদের যুক্তরাষ্ট্রে প্রবেশে কঠোর বাধার সৃষ্টি হবে। তবে মানবাধিকার ও শরণার্থী সংস্থাগুলো এই সিদ্ধান্তকে বৈষম্যমূলক ও অমানবিক বলে তীব্র সমালোচনা করেছে।",13.89,2.86,8.33
news-42714183,হোয়াইট হাউজের চিকিৎসক বলেছেন প্রেসিডেন্ট ডোনাল্ড ট্রাম্পের বোধশক্তি পরীক্ষা করে তাতে তারা কোন অস্বাভাবিকতা খুঁজে পাননি।,প্রেসিডেন্ট হিসেবে প্রথম শারীরিক পরীক্ষার পর চিকিৎসকরা ডোনাল্ড ট্রাম্পের স্বাস্থ্যকে চমৎকার বলে অভিহিত করেছেন এবং তার মানসিক বা স্নায়বিক কোনো সমস্যা নেই বলে নিশ্চিত করেছেন। ট্রাম্পের সুস্বাস্থ্যের পেছনে তার চমৎকার জিনগত বৈশিষ্ট্য কাজ করছে বলে চিকিৎসক রনি জ্যাকসন উল্লেখ করেছেন। তবে দীর্ঘমেয়াদী সুস্বাস্থ্যের জন্য তাকে কম চর্বিযুক্ত খাবার গ্রহণ ও নিয়মিত ব্যায়াম করার পরামর্শ দেওয়া হয়েছে।,11.11,2.86,8.33
news-49658208,ব্রিটিশ হোম অফিসের ঘোষণা করা নতুন প্রস্তাবনা অনুযায়ী স্নাতক ডিগ্রি অর্জনের পর কর্মসংস্থানের জন্য দুই বছর যুক্তরাজ্যে থাকতে পারবেন বিদেশি শিক্ষার্থীরা।,"যুক্তরাজ্য সরকার বিদেশি শিক্ষার্থীদের স্নাতক ডিগ্রি অর্জনের পর দেশটিতে দুই বছর পর্যন্ত অবস্থান ও কাজ করার সুযোগ প্রদানের নতুন নিয়ম চালু করেছে। তবে এই সুবিধা শুধুমাত্র অভিবাসন নিয়ম মেনে চলা নির্দিষ্ট শিক্ষা প্রতিষ্ঠানের শিক্ষার্থীদের জন্যই প্রযোজ্য হবে। একই সাথে, ব্রিটেন বিশ্বের বৃহত্তম জেনেটিক গবেষণা প্রকল্প উন্মুক্ত করার মাধ্যমে আন্তর্জাতিক বৈজ্ঞানিক সহযোগিতায় নিজেদের অবস্থান আরও শক্তিশালী করার ঘোষণা দিয়েছে।",22.78,10.39,15.19
140813_sr_broken_family,বাংলাদেশে একটি বড় অংশের মধ্যে বিবাহ বিচ্ছেদের ঘটনার কোন তথ্য প্রাতিষ্ঠানিকভাবে সংরক্ষণের উদ্যোগ দেখা যায় না।,স্বামী-স্ত্রীর বিচ্ছেদের ফলে ভেঙে যাওয়া পরিবারের সন্তানদের ওপর দীর্ঘমেয়াদী মানসিক ও অর্থনৈতিক নেতিবাচক প্রভাব পড়ে। বাবা-মায়ের বিচ্ছেদ ও পারিবারিক কলহের কারণে এসব সন্তানেরা শৈশব থেকেই নিরাপত্তাহীনতা ও মানসিক যন্ত্রণার মধ্য দিয়ে বেড়ে ওঠে। এই পরিস্থিতির শিকার শিশুরা পড়াশোনা ও স্বাভাবিক জীবনযাত্রায় বড় ধরনের বাধার সম্মুখীন হয়।,3.12,0.00,3.12
news-52873060,অন্তত চল্লিশটি শহরে কারফিউ জারি করা হয়েছে কিন্তু বেশিরভাগ ক্ষেত্রেই কারফিউ ভঙ্গ করা হয়েছে যা ব্যাপক উত্তেজনার জন্ম দিয়েছে।,"যুক্তরাষ্ট্রের বিভিন্ন শহরে পুলিশের হাতে কৃষ্ণাঙ্গ হত্যার প্রতিবাদে বিক্ষোভ সহিংস রূপ নিয়েছে, যার ফলে অনেক জায়গায় দাঙ্গা পুলিশের সাথে বিক্ষোভকারীদের সংঘর্ষ ও লুটপাটের ঘটনা ঘটেছে। পরিস্থিতি নিয়ন্ত্রণে আনতে পুলিশ টিয়ার শেল ও ফ্ল্যাশ গ্রেনেড ব্যবহার করছে এবং প্রেসিডেন্ট ট্রাম্প ন্যাশনাল গার্ড মোতায়েনের আহ্বান জানিয়েছেন। তবে উত্তপ্ত পরিস্থিতির মধ্যেও ডেনভারসহ বেশ কিছু শহরে হাজার হাজার মানুষ শান্তিপূর্ণভাবে প্রতিবাদ কর্মসূচিতে অংশ নিয়েছেন।",2.53,0.00,2.53
news-49696031,সেইন্ট পিটার্সবার্গ বিমানবন্দরে বিমান থেকে নেমে প্রেমিকের জন্য অপেক্ষা করছিলেন আনাস্তাসিয়া।,রাশিয়ায় প্রেমিকা আনাস্তাসিয়াকে বিয়ের প্রস্তাব দেওয়ার জন্য সের্গেই এক নাটকীয় ও রোমাঞ্চকর কৌশলের আশ্রয় নেন। তিনি বিশেষ বাহিনীর ছদ্মবেশে ভাড়াটে অভিনেতা নিয়ে এসে আনাস্তাসিয়াকে মাদক পাচারের অভিযোগে আটক করার নাটক সাজান। শেষ পর্যন্ত মুখোশ খুলে সের্গেই হাঁটু গেড়ে বসে তাকে বিয়ের প্রস্তাব দিলে পুরো বিষয়টি একটি চমকপ্রদ ‘এক্সট্রিম প্রপোজাল’-এ রূপ নেয়।,3.17,0.00,3.17
news-54863197,"গত চার বছর প্রেসিডেন্ট ট্রাম্পকে আমি দেখেছি তার ভাল এবং খারাপ দিনগুলোতে। কিন্তু ৭ই নভেম্বর, যেদিন তিনি নির্বাচনে হারলেন, সেই দিনটির সাথে গত চার বছরের অন্য কোন দিনের তুলনা হয় না।","নির্বাচনী পরাজয়ের আবহে ডোনাল্ড ট্রাম্প যখন গল্ফ খেলতে ব্যস্ত ছিলেন, তখন হোয়াইট হাউসের অন্দরে বিরাজ করছিল এক চরম অস্থিরতা ও শূন্যতা। করোনা সংক্রমণ ও কোয়ারেন্টিনের কারণে হোয়াইট হাউসের কর্মীরা অনুপস্থিত থাকায় সেখানে এক বিপর্যয়কর পরিস্থিতির সৃষ্টি হয়েছিল। এরই মধ্যে মার্কিন সংবাদমাধ্যমগুলো জো বাইডেনের জয়ের পূর্বাভাস দিতে শুরু করলে ট্রাম্পের নির্বাচনী পরাজয় স্পষ্ট হয়ে ওঠে।",0.00,0.00,0.00
news-53757405,"বাংলাদেশে অনিয়ম, হেফাজতে নিয়ে নির্যাতনসহ নানা অভিযোগে গত ২৪ ঘণ্টায় পুলিশের তিনজন ওসি বা ভারপ্রাপ্ত কর্মকর্তাকে প্রত্যাহার করা হয়েছে।",মেজর সিনহা রাশেদ নিহতের ঘটনার রেশ কাটতে না কাটতেই বিভিন্ন অভিযোগে দেশের তিন থানার ওসিকে প্রত্যাহার করা হয়েছে। এর মধ্যে বরগুনার বামনা থানার ওসি ইলিয়াস আলী তালুকদারকে তার অধীনস্থ এক পুলিশ কর্মকর্তাকে প্রকাশ্যে চড় মারার ঘটনায় তদন্ত সাপেক্ষে প্রত্যাহার করা হয়েছে। পুলিশের ঊর্ধ্বতন কর্তৃপক্ষ এ ধরনের শৃঙ্খলাবিরোধী কর্মকাণ্ডের সত্যতা পাওয়ায় তাদের বিরুদ্ধে বিভাগীয় ব্যবস্থা গ্রহণের সিদ্ধান্ত নিয়েছে।,15.79,2.70,13.16
news-48151326,"বাংলাদেশের পররাষ্ট্রমন্ত্রী এ কে আব্দুল মোমেন বলছেন, তথাকথিত ইসলামিক স্টেটের জিহাদি বধূ শামীমা বেগম যদি বাংলাদেশে গিয়ে হাজির হয়, তাহলে তার মৃত্যুদণ্ড হবে।","আইএস-এ যোগ দেওয়া ব্রিটিশ নাগরিক শামীমা বেগমকে বাংলাদেশের নাগরিকত্ব দেওয়ার কোনো সুযোগ নেই বলে সাফ জানিয়েছেন পররাষ্ট্রমন্ত্রী একে আব্দুল মোমেন। তিনি স্পষ্ট করেছেন যে, শামীমা কখনো বাংলাদেশের নাগরিক ছিলেন না এবং সন্ত্রাসবাদের বিরুদ্ধে বাংলাদেশ 'জিরো টলারেন্স' নীতি অনুসরণ করে। মন্ত্রী আরও বলেন, শামীমার দায়ভার সম্পূর্ণভাবে ব্রিটিশ সরকারের এবং তাকে নিয়ে কোনো ধরনের বিতর্কে জড়ানো বাংলাদেশের জন্য দুঃখজনক।",14.81,2.53,12.35
news-44847084,ইন্দোনেশিয়ার ওয়েস্ট পাপুয়া প্রদেশের একটি গ্রামের ক্ষুব্ধ অধিবাসীরা তিনশোটির মতো কুমিরকে মেরে ফেলেছে। এসব কুমির ছিলো সেখানকার একটি অভয়ারণ্যে।,ইন্দোনেশিয়ার একটি গ্রামে কুমিরের আক্রমণে এক ব্যক্তি নিহত হওয়ার জেরে উত্তেজিত গ্রামবাসীরা প্রতিশোধ নিতে একটি খামারের ২৯২টি কুমির পিটিয়ে হত্যা করেছে। সংরক্ষিত প্রাণী হত্যার দায়ে জড়িতদের বিরুদ্ধে আইনি ব্যবস্থা নেওয়ার প্রক্রিয়া চলছে বলে জানিয়েছে স্থানীয় পুলিশ। ঘটনার সময় খামারের কর্মকর্তাদের অসহায়ত্বের কারণে বিপুল সংখ্যক কুমির রক্ষা করা সম্ভব হয়নি।,11.76,0.00,8.82
news-44437068,"বাংলাদেশে রোহিঙ্গা শিবিরগুলিতে ভূমিধসের যে আশংকা ত্রাণকর্মীরা আগে থেকে করছিলেন, সে আশংকাই সত্যি হয়েছে। গত তিন দিনের টানা বৃষ্টিতে টেকনাফের শরণার্থী শিবিরে ভূমিধসে অন্তত পাঁচশো লোক আহত হয়েছে।",কক্সবাজারের টেকনাফে টানা বৃষ্টি ও ঝোড়ো হাওয়ার কারণে পাহাড় ধসে অন্তত ছয়শ রোহিঙ্গা বসতি বিধ্বস্ত হয়েছে। অপরিকল্পিত পাহাড় কাটা এবং বন উজাড়ের ফলে ক্যাম্পগুলোতে বসবাসরত প্রায় দুই লাখ মানুষ বর্তমানে ভূমিধস ও বন্যার চরম ঝুঁকিতে রয়েছে। নিরাপদ আশ্রয়ের অভাব এবং অস্থায়ী আবাসন ব্যবস্থার কারণে সামান্য দুর্যোগেই রোহিঙ্গা শরণার্থীদের জীবন বিপর্যস্ত হয়ে পড়ছে।,7.50,0.00,5.00
news-44918893,পাকিস্তানে আগামী বুধবার সাধারণ নির্বাচন অনুষ্ঠিত হতে যাচ্ছে। আর এই নির্বাচনে প্রার্থীদের প্রচারণায় গুরুত্বপূর্ণ হয়ে উঠেছেন দেশটির অসংখ্য সুফি নেতা বা পীররা। তারা বিভিন্ন প্রার্থীর পক্ষে তাদের সমর্থন ঘোষণা করে তাদের পক্ষে ভক্ত অনুসারীদের ভোট দেয়ার আদেশ দিচ্ছেন।,"পাকিস্তানের রাজনীতিতে পীর ও সুফিসাধকদের ব্যাপক প্রভাব রয়েছে, যেখানে তারা সরাসরি নির্বাচনে অংশ নেওয়া ছাড়াও বিভিন্ন প্রার্থীকে সমর্থন দিয়ে জয়ী হতে সহায়তা করেন। অনেক ভক্ত অন্ধবিশ্বাসের বশবর্তী হয়ে পীরদের রাজনৈতিক নির্দেশ বিনা প্রশ্নে মেনে চলেন, যা দেশটির নির্বাচনী ফলাফলে বড় ভূমিকা রাখে। আধ্যাত্মিকতার আড়ালে এই প্রক্রিয়ায় প্রায়ই অর্থ ও জমির লেনদেনসহ বিভিন্ন স্বার্থসংশ্লিষ্ট বিষয় জড়িত থাকে।",17.02,0.00,8.51
news-46047804,"রোহিঙ্গা প্রত্যাবাসনের উদ্দেশ্যে তৈরি জয়েন্ট ওয়ার্কিং গ্রুপের বৈঠকের পর মঙ্গলবার মিয়ানমারের পররাষ্ট্র সচিব জানান, রোহিঙ্গাদের নিরাপদ ও সম্মানজনক প্রত্যাবাসন নিশ্চিত করতে রাখাইনে মিয়ানমার কর্তৃপক্ষ বিভিন্ন ধরণের কার্যক্রম পরিচালনা করছে।","মিয়ানমার কর্তৃপক্ষ নভেম্বরের মাঝামাঝি সময়ে প্রথম দফায় প্রায় দুই হাজার রোহিঙ্গাকে নিজ দেশে প্রত্যাবাসনের পরিকল্পনা গ্রহণ করেছে। রোহিঙ্গাদের আস্থা অর্জনের জন্য জয়েন্ট ওয়ার্কিং গ্রুপ ক্যাম্পগুলোতে আলোচনা চালালেও, তারা নাগরিকত্বের নিশ্চয়তা ও জাতিসংঘের নিরাপত্তা নিশ্চিত করার দাবি জানিয়েছেন। তবে রাখাইনের বর্তমান পরিস্থিতি রোহিঙ্গাদের ফিরে যাওয়ার জন্য কতটা নিরাপদ, তা নিয়ে এখনো যথেষ্ট সংশয় ও প্রশ্ন রয়েছে।",21.43,4.88,14.29
news-47384798,ভারত পাকিস্তানের অব্যাহত উত্তেজনার মধ্যে এক বক্তৃতায় ভারতের শুভবুদ্ধির আহবান জানিয়েছেন পাকিস্তানের প্রধানমন্ত্রী ইমরান খান।,"ভারত-পাকিস্তান উত্তেজনার প্রেক্ষাপটে প্রধানমন্ত্রী ইমরান খান দুই পারমাণবিক শক্তিধর দেশকে যুদ্ধের ভয়াবহ পরিণতির কথা মাথায় রেখে দায়িত্বশীল আচরণের আহ্বান জানিয়েছেন। তিনি দাবি করেন যে, ভারত কোনো প্রমাণ ছাড়াই একতরফা ব্যবস্থা নেওয়ায় পাকিস্তান পাল্টা জবাব দিতে বাধ্য হয়েছে। ইমরান খান সতর্ক করে বলেন, ভুল হিসাবের কারণে যুদ্ধ শুরু হলে তা আর কারো নিয়ন্ত্রণে থাকবে না, যা উভয় দেশের জন্যই বিপর্যয় ডেকে আনবে।",12.99,5.33,12.99
news-46947552,জাতীয় পার্টির চেয়ারম্যান এবং সাবেক রাষ্ট্রপতি জেনারেল হুসেইন মুহাম্মদ এরশাদ চিকিৎসার জন্য আবারো সিঙ্গাপুরে গেছেন।,"বার্ধক্যজনিত নানা জটিলতা ও শারীরিক দুর্বলতার কারণে জাতীয় পার্টির চেয়ারম্যান হুসেইন মুহম্মদ এরশাদ উন্নত চিকিৎসার জন্য দ্বিতীয়বারের মতো সিঙ্গাপুরে গিয়েছেন। তাঁর ভাই জিএম কাদের জানিয়েছেন, হার্টের সমস্যা, লিভারের জটিলতা ও রক্তস্বল্পতাসহ বিভিন্ন শারীরিক অসুস্থতায় ভুগছেন সাবেক এই রাষ্ট্রপতি। বর্তমানে তাঁর শারীরিক অবস্থা আগের চেয়ে কিছুটা উন্নতির দিকে বলে জানানো হয়েছে।",30.77,9.52,24.62
news-43819221,"যুক্তরাজ্যের সুপারমার্কেট আসডা থেকে অনলাইনে মেয়ের জন্য একটি কলা কিনেছিলেন ববি গর্ডন। এরপর তিনি জানতে পারলেন, সেই কলার বিল হয়েছে ৯৩০ পাউন্ড বা বাংলাদেশি টাকায় এক লাখ ১০ হাজার টাকা।",যুক্তরাজ্যের নটিংহ্যামের এক নারী একটি কলার অস্বাভাবিক দাম দেখে অবাক হন এবং বিষয়টি ক্রেডিট কার্ড কোম্পানির সহায়তায় কর্তৃপক্ষের নজরে আনেন। সুপারমার্কেট চেইন ‘আসডা’ এই ঘটনাকে কম্পিউটারের ভুল হিসেবে স্বীকার করে ক্ষমা চেয়েছে। ভবিষ্যতে এমন ভুল এড়াতে প্রয়োজনীয় ব্যবস্থা নেওয়ার আশ্বাস দিয়েছে কর্তৃপক্ষ।,16.67,0.00,8.33
news-54693314,"ভারত ও আমেরিকার পররাষ্ট্র ও প্রতিরক্ষামন্ত্রীদের যে 'টু প্লাস টু' ডায়ালগ চলছে, তার তৃতীয় রাউন্ডের বৈঠকে অংশ নিতে মার্কিন পররাষ্ট্রমন্ত্রী মাইক পম্পেও এবং প্রতিরক্ষামন্ত্রী মার্ক এসপার সোমবার দিল্লিতে এসে পৌঁছেছেন।",এখানে সংবাদ নিবন্ধটির সারসংক্ষেপ দেওয়া হলো: ওয়াশিংটনে অনুষ্ঠিতব্য ভারত ও আমেরিকার ‘টু প্লাস টু’ সংলাপে দুই দেশের মধ্যে গুরুত্বপূর্ণ সামরিক চুক্তি ‘বেকো’ (BECA) স্বাক্ষরিত হওয়ার সম্ভাবনা রয়েছে। এই সংলাপের মূল লক্ষ্য হলো ইন্দো-প্যাসিফিক অঞ্চলে চীনের ক্রমবর্ধমান প্রভাব মোকাবিলা করা। তবে মার্কিন নির্বাচনের ঠিক আগে এই চুক্তির ভবিষ্যৎ নিয়ে রাজনৈতিক মহলে নানা প্রশ্ন ও অনিশ্চয়তা তৈরি হয়েছে।,18.39,9.41,16.09
news-51478617,বাংলাদেশের সেন্টমার্টিনে রোহিঙ্গা বোঝাই ট্রলার ডুবে যাওয়ার ঘটনায় নৌবাহিনীর উদ্ধারকারীরা এখন জীবিত কাউকে পাওয়ার আশা ছেড়ে দিয়েছেন।,"সেন্টমার্টিনে ট্রলারডুবির ঘটনায় এখন পর্যন্ত ৭৩ জনকে জীবিত উদ্ধার করা হলেও প্রায় ৫০ জন এখনো নিখোঁজ রয়েছেন, যাদের জীবিত পাওয়ার আশা ক্ষীণ। এ ঘটনায় জড়িত সন্দেহে ৮ জন মানবপাচারকারীকে আটক করা হয়েছে এবং ১৯ জনের বিরুদ্ধে মামলা দায়ের করা হয়েছে। উদ্ধার হওয়া ও নিখোঁজদের বেশিরভাগই রোহিঙ্গা নারী ও শিশু, যাদের মালয়েশিয়ায় পাচারের উদ্দেশ্যে ট্রলারে তোলা হয়েছিল।",13.70,0.00,10.96
news-48189060,আল-কায়েদার প্রতিষ্ঠাতা ওসামা বিন লাদেন আট বছর আগে পাকিস্তানের অ্যাবোটাবাদ শহরে মার্কিন বাহিনীর হাতে প্রাণ হারান।,"ওসামা বিন লাদেনের মৃত্যু ও ইসলামিক স্টেটের উত্থানে আল-কায়েদার প্রভাব কিছুটা কমলেও, সংগঠনটি বর্তমানে গোপনে নিজেদের পুনর্গঠন ও আঞ্চলিক জোট তৈরির মাধ্যমে শক্তি সঞ্চয় করছে। মার্কিন গোয়েন্দা সংস্থা ও জাতিসংঘের প্রতিবেদন অনুযায়ী, আল-কায়েদা এখন আগের চেয়ে অনেক বেশি আত্মবিশ্বাসী এবং পশ্চিমা দেশগুলোর জন্য নতুন করে হুমকি হয়ে উঠছে। ড্রোন হামলা ও নেতৃত্বের সংকটের মুখেও সংগঠনটি তাদের বিশ্বব্যাপী নেটওয়ার্ক জোরদার করে আন্তর্জাতিক অঙ্গনে পুনরায় সক্রিয় হওয়ার চেষ্টা চালাচ্ছে।",11.63,4.76,6.98
news-56763449,"বাংলাদেশে বিরোধীদল বিএনপি অভিযোগ করেছে, হেফাজতের কর্মসূচিতে সহিংসতার ইস্যুকে কেন্দ্র করে সরকার এখন বিএনপিসহ বিরোধী রাজনৈতিক দলগুলোকে দমনে ক্র্যাকডাউনে নেমেছে।","ভারতের প্রধানমন্ত্রী নরেন্দ্র মোদীর সফরকে কেন্দ্র করে হেফাজতে ইসলামের কর্মসূচিতে সহিংসতা সৃষ্টির অভিযোগে পুলিশ দেশজুড়ে ব্যাপক ধরপাকড় চালাচ্ছে। বিএনপি মহাসচিব মির্জা ফখরুল ইসলাম আলমগীর এই অভিযানকে বিরোধী দলের ওপর 'ক্র্যাকডাউন' হিসেবে অভিহিত করে দাবি করেছেন যে, এতে তাদের ১৭৯ জন নেতাকর্মীকে অন্যায়ভাবে গ্রেপ্তার করা হয়েছে। তবে সরকারের পক্ষ থেকে জানানো হয়েছে, সহিংসতায় জড়িতদের চিহ্নিত করেই কেবল আইনানুগ ব্যবস্থা নেওয়া হচ্ছে।",12.50,2.56,7.50
news-47626529,ভারতের নির্বাচন ঘোষণা হওয়ার বেশ কয়েক মাস আগে থেকেই বিজেপি বিরোধী দলগুলি ঐক্যবদ্ধ হয়ে ভোটে লড়ার প্রচেষ্টা শুরু করেছিল।,"লোকসভা নির্বাচনে বিজেপির বিরুদ্ধে ঐক্যবদ্ধ লড়াইয়ের চেষ্টা করলেও, বিভিন্ন রাজ্যে আঞ্চলিক দলগুলোর সাথে আসন সমঝোতা নিয়ে কংগ্রেস বড় ধরনের সংকটে পড়েছে। উত্তরপ্রদেশে এসপি-বিএসপি জোট কংগ্রেসকে বাদ দিয়ে প্রার্থী ঘোষণা করেছে এবং বিহারে আরজেডির সাথেও আসন নিয়ে মতবিরোধ তৈরি হয়েছে। এছাড়া, পশ্চিমবঙ্গে বামফ্রন্টের সাথে দীর্ঘ আলোচনার পরও আসন ভাগাভাগি নিয়ে সমঝোতা ভেস্তে যাওয়ায় কংগ্রেসের নির্বাচনী কৌশল বড় ধাক্কা খেয়েছে।",5.13,0.00,2.56
news-47760846,তিন সপ্তাহ আগে ইথিওপিয়ান এয়ারলাইন্সের যে বিমানটি বিধ্বস্ত হয়ে দেড়শোজনেরও বেশি মানুষ মারা গেছে তার শেষ মুহূর্তের বিস্তারিত তথ্য ধীরে ধীরে বেরিয়ে আসতে শুরু করেছে।,"ইথিওপিয়ান এয়ারলাইন্সের বোয়িং ৭৩৭ ম্যাক্স বিমানটি উড্ডয়নের অল্প সময়ের মধ্যেই যান্ত্রিক ত্রুটির কারণে বিধ্বস্ত হয়ে ১৫৭ জন আরোহীর সবাই নিহত হন। তদন্তে উঠে এসেছে যে, বিমানটির স্বয়ংক্রিয় 'এন্টি-স্টল' সিস্টেমের ত্রুটিই এই বিপর্যয়ের মূল কারণ, যা এর আগে লায়ন এয়ারের দুর্ঘটনার ক্ষেত্রেও একই ভূমিকা রেখেছিল। বর্তমানে এই প্রযুক্তিগত ত্রুটির বিষয়ে যুক্তরাষ্ট্র ও ইথিওপিয়ায় বিস্তারিত তদন্ত চলছে।",19.75,5.06,14.81
news-44598319,মঙ্গলবার নাইজেরিয়ার বিপক্ষে ম্যাচের আগে ডিয়েগো ম্যারাডোনা আর্জেন্টিনার খেলোয়াড়দের সাথে দেখা করার জন্য অনুরোধ জানিয়েছেন।,ক্রোয়েশিয়ার কাছে শোচনীয় পরাজয়ের পর আর্জেন্টিনার বিশ্বকাপ থেকে বিদায়ের শঙ্কায় ক্ষুব্ধ ও হতাশ কিংবদন্তি ফুটবলার ডিয়েগো ম্যারাডোনা। তিনি দলের বর্তমান কোচ সাম্পাওলি ও আর্জেন্টিনা ফুটবল এসোসিয়েশনের নেতৃত্বের তীব্র সমালোচনা করে খেলোয়াড়দের সাথে সরাসরি কথা বলার আগ্রহ প্রকাশ করেছেন। নাইজেরিয়ার বিপক্ষে বাঁচা-মরার ম্যাচে দলের সম্মান রক্ষায় ম্যারাডোনা খেলোয়াড়দের প্রতি আহ্বান জানিয়েছেন।,24.24,9.38,15.15
news-51733912,করোনাভাইরাসের কারণে ভারত নির্দিষ্ট কিছু ঔষধ রপ্তানি বন্ধ করে দেয়ার ঘোষণা দেয়ায় বিশ্বে জরুরি ঔষধের সঙ্কট হওয়ার আশঙ্কা তৈরি হয়েছে।,"চীনে উৎপাদন ব্যাহত হওয়ায় কাঁচামালের সংকটের আশঙ্কায় ভারত প্যারাসিটামলসহ ২৬ ধরণের ওষুধ ও এর উপাদানের রপ্তানি সাময়িকভাবে বন্ধ ঘোষণা করেছে। এই সিদ্ধান্তের ফলে বিশ্ববাজারে ওষুধের সরবরাহ কমে যাওয়ার পাশাপাশি দাম বৃদ্ধির আশঙ্কা দেখা দিয়েছে। তবে ভারত সরকার জানিয়েছে, তাদের কাছে আগামী তিন মাসের জন্য পর্যাপ্ত ওষুধের মজুদ রয়েছে, তাই আতঙ্কিত হওয়ার কিছু নেই।",16.44,0.00,13.70
news-55664946,ঢাকাসহ বাংলাদেশের বিভিন্ন স্থান থেকে গত ৬ বছরে ২১০ জন নবজাতককে পরিত্যক্ত ও মৃত অবস্থায় উদ্ধার করা হয়েছে বলে এক হিসাব দিয়েছে বাংলাদেশ শিশু অধিকার ফোরাম।,"বাংলাদেশে পরিত্যক্ত অবস্থায় নবজাতকের মরদেহ উদ্ধারের ঘটনা উদ্বেগজনক হারে বাড়ছে, যার বেশিরভাগই ময়লার ভাগাড় বা রাস্তার পাশে মৃত অবস্থায় পাওয়া যায়। এসব ঘটনায় পুলিশ মামলা ও ময়নাতদন্ত করলেও এখন পর্যন্ত কোনো ঘটনারই সুরাহা হয়নি। তবে কিছু শিশু ভাগ্যক্রমে বেঁচে গেলে তাদের সরকারি আশ্রয়কেন্দ্রে অথবা নিঃসন্তান দম্পতির কাছে দত্তক দেওয়া হচ্ছে।",10.53,0.00,7.89
news-39398222,"বাংলাদেশের উত্তর-পূর্বাঞ্চলীয় জেলা সিলেটে যে বোমা বিস্ফোরণে পুলিশের দুজন কর্মকর্তাসহ ছয়জন নিহত হয়েছেন, সেটি আগে থেকে পেতে রাখা ছিল বলে বিবিসিকে জানিয়েছেন স্বরাষ্ট্রমন্ত্রী আসাদুজ্জামান খান।","সিলেটের আতিয়া মহলের কাছে বিস্ফোরণটি কোনো পরিকল্পিত হামলা ছিল না বলে দাবি করেছেন স্বরাষ্ট্রমন্ত্রী আসাদুজ্জামান খান। তার মতে, নিরাপত্তা বাহিনীর অভিযানের সময় আগে থেকে ফেলে রাখা কোনো বোমা বিস্ফোরিত হয়ে এই হতাহতের ঘটনা ঘটেছে। তবে বিস্ফোরণের প্রকৃত কারণ ও উৎস সম্পর্কে নিশ্চিত হতে তদন্ত চলছে বলে তিনি জানিয়েছেন।",24.32,8.33,13.51
news-38036814,"মিয়ানমারের রোহিঙ্গা মুসলমান সমর্থিত রোহিঙ্গা ভিশন নামে একটি ওয়েবসাইটে পোস্ট করা একটি ভিডিওচিত্রে, কিছু আগুনে পোড়া মৃতদেহ এবং এগুলোকে ঘিরে তাদের স্বজনদের আর্তনাদ করতে দেখা গেছে।",মিয়ানমারের রাখাইন রাজ্যে গত ১৩ নভেম্বর সেনাবাহিনীর অগ্নিসংযোগে অন্তত ৯ জন রোহিঙ্গা নিহত এবং ৯০ জন নিখোঁজ হয়েছেন বলে একটি ভিডিওতে দাবি করা হয়েছে। ভিডিওটিতে পোড়া ধ্বংসস্তূপের মধ্যে মানুষের মৃতদেহ ও স্বজনদের আহাজারির দৃশ্য দেখা গেলেও এর সত্যতা নিরপেক্ষভাবে যাচাই করা সম্ভব হয়নি। অক্টোবর থেকে শুরু হওয়া এই সেনা অভিযানে এখন পর্যন্ত ৩০ হাজারের বেশি মানুষ গৃহহীন হয়ে পড়েছে বলে জাতিসংঘের প্রতিবেদনে উল্লেখ করা হয়েছে।,17.58,0.00,15.38
news-48419118,মূলত সরকারি চাকরিতে কোটা সংস্কার আন্দোলনের জের ধরেই আলোচনায় এসেছিল সাধারণ ছাত্র অধিকার সংরক্ষণ পরিষদ ও এর নেতারা।,"কোটা সংস্কার আন্দোলনের মাধ্যমে পরিচিতি পাওয়া ঢাকা বিশ্ববিদ্যালয় কেন্দ্রীয় ছাত্র সংসদের (ডাকসু) ভিপি নুরুল হক নূর বিভিন্ন সময়ে ছাত্রলীগ ও সরকার সমর্থিতদের হামলার শিকার হয়েছেন। ডাকসু ভিপি নির্বাচিত হওয়ার পরও ছাত্রলীগের শীর্ষ নেতাদের সাথে তার মতবিরোধ ও বিভিন্ন স্থানে হামলার ঘটনা গণমাধ্যমে নিয়মিত উঠে আসছে। নূর দাবি করেছেন, ছাত্রসমাজের মধ্যে তার ক্রমবর্ধমান জনপ্রিয়তার কারণেই তাকে লক্ষ্য করে এসব হামলা চালানো হচ্ছে।",12.66,5.19,12.66
news-48419117,ঢাকার মালিবাগে পুলিশের একটি গাড়ির কাছে বিস্ফোরণের ঘটনার দায় স্বীকার করেছে কথিত ইসলামিক স্টেট বা আইএস।,"রোববার রাতে রাজধানীর মালিবাগে পুলিশের একটি গাড়ি লক্ষ্য করে বোমা বিস্ফোরণের ঘটনায় এক নারী পুলিশ সদস্যসহ দুইজন আহত হয়েছেন। এই হামলার দায় স্বীকার করেছে জঙ্গি গোষ্ঠী ইসলামিক স্টেট (আইএস), যা নিয়ে তদন্ত করছে আইনশৃঙ্খলা রক্ষাকারী বাহিনী। এর আগে গত ২৯ এপ্রিল গুলিস্তানে পুলিশের ওপর হওয়া হামলার দায়ও একই গোষ্ঠী স্বীকার করেছিল।",26.87,12.31,26.87
news-51858495,"করোনাভাইরাসে আক্রান্ত দেশগুলো থেকে বাংলাদেশি যারা এপর্যন্ত দেশটিতে এসেছেন, তাদের বিশাল অংশই পর্যবেক্ষণের বাইরে রয়ে গেছে।","গত দুই মাসে বিদেশ থেকে সাড়ে পাঁচ লাখের বেশি প্রবাসী দেশে ফিরলেও তাদের বেশিরভাগই কোনো স্বাস্থ্য পরীক্ষা ছাড়াই বিমানবন্দর ত্যাগ করেছেন। সরকারিভাবে মাত্র দুইশ জনকে হোম কোয়ারেন্টিনে রাখা হলেও, পরীক্ষা ও পর্যবেক্ষণের অভাবে বাকি প্রবাসীদের মধ্যে করোনা সংক্রমণ নিয়ে উদ্বেগ বাড়ছে। জনসমাগমপূর্ণ স্থানগুলোতে সতর্কতার অভাব থাকায় সাধারণ মানুষের মধ্যেও আতঙ্ক ও ঝুঁকির আশঙ্কা তৈরি হয়েছে।",8.45,0.00,8.45
news-46606685,"হাকিমপুর, ঘোড়াঘাট, নবাবগঞ্জ , বিরামপুর-ছোট ছোট এই চারটি উপজেলা নিয়ে দিনাজপুর-৬ আসন।",হিলি স্থলবন্দর থেকে সরকার প্রতিবছর বিপুল পরিমাণ রাজস্ব পেলেও এলাকার অবকাঠামোগত উন্নয়ন ও শিল্পায়নের অভাবে স্থানীয়রা চরম অবহেলিত বোধ করছেন। স্বাস্থ্যসেবা ও যোগাযোগ ব্যবস্থার বেহাল দশার কারণে ক্ষুব্ধ ভোটাররা আসন্ন নির্বাচনে উন্নয়নের প্রতিশ্রুতি দেওয়া প্রার্থীদেরই প্রাধান্য দিচ্ছেন। রাজনৈতিক সমীকরণে জামায়াতে ইসলামীর নিবন্ধন বাতিল হওয়ায় এই আসনে আওয়ামী লীগ ও বিএনপির প্রতিদ্বন্দ্বিতার বিষয়টিই এখন আলোচনার কেন্দ্রে রয়েছে।,2.90,0.00,2.90
news-48848572,হংকং এ জুন মাস থেকেই শান্তিপূর্ণ বিক্ষোভ চলছে। এই বিক্ষোভের কারণে বিতর্কিত এক প্রত্যর্পণ বিল অনির্দিষ্টকালের জন্য স্থগিত করেছে সরকার। দেশটির সরকারের এই উদ্যোগ চীনের কাছে হংকং এর ভিন্নমতাবলম্বীদের সম্পর্কে ভিন্ন বার্তা পাঠাতে পারে।,হংকংয়ে চলমান শান্তিপূর্ণ বিক্ষোভের অংশ হিসেবে সোমবার একদল তরুণ পার্লামেন্ট ভবনে প্রবেশ করে ভাঙচুর ও প্রতিবাদ প্রদর্শন করে। বিশ্বজুড়ে বিভিন্ন দেশে সফল শান্তিপূর্ণ গণ-আন্দোলনের ঐতিহাসিক নজির থাকলেও হংকংয়ের বিক্ষোভকারীদের দাবি আদায়ের বিষয়টি এখনো অনিশ্চিত। আন্দোলনের ভবিষ্যৎ এবং এর প্রভাব নিয়ে সমাজতাত্ত্বিক ও বিশ্লেষকদের মধ্যে বিভিন্ন মত ও বিতর্ক রয়েছে।,7.14,0.00,7.14
news-43054225,"১৪ই ফেব্রুয়ারি ভ্যালেন্টাইন'স ডে হিসাবে সারা বিশ্বে পরিচিত হলেও, বাংলাদেশের ইতিহাসে বিশেষভাবে গুরুত্বপূর্ণ ১৯৮৩ সালের ১৪ই ফেব্রুয়ারি। অনেকে এই দিনটিকে পালন করেন 'স্বৈরাচার প্রতিরোধ দিবস' হিসাবে।",১৯৮৩ সালের ১৪ই ফেব্রুয়ারি জেনারেল এরশাদের সামরিক সরকারের বিতর্কিত ও বৈষম্যমূলক শিক্ষানীতির প্রতিবাদে সচিবালয় অভিমুখে মিছিলে পুলিশ গুলি চালালে অন্তত ১০ জন শিক্ষার্থী নিহত হন। ড. মজিদ খানের প্রস্তাবিত ওই শিক্ষানীতিতে শিক্ষার বাণিজ্যিকীকরণ ও ধর্মীয়করণের অভিযোগ তুলে ছাত্র সংগঠনগুলো দীর্ঘ আন্দোলন গড়ে তুলেছিল। তৎকালীন সেই রক্তক্ষয়ী ঘটনাটি এরশাদবিরোধী গণআন্দোলনের ইতিহাসে একটি গুরুত্বপূর্ণ ও চরম মুহূর্ত হিসেবে চিহ্নিত হয়ে আছে।,13.95,7.14,9.30
news-42887190,ফ্যাশন নাকি চক্রাকারে ঘুরে ফিরে আসে। লুঙ্গির ভাগ্যে কি সেটাই ঘটতে যাচ্ছে?,স্প্যানিশ ফ্যাশন ব্র্যান্ড 'জারা' তাদের নতুন ক্যাটালগে লুঙ্গির মতো দেখতে একটি পোশাককে 'চেক মিনি স্কার্ট' হিসেবে বাজারজাত করায় সামাজিক যোগাযোগমাধ্যমে তীব্র বিতর্কের সৃষ্টি হয়েছে। সাধারণ লুঙ্গির সাথে হুবহু মিল থাকা সত্ত্বেও জারা এই পোশাকটির দাম প্রায় ৯৮ ডলার নির্ধারণ করায় নেটিজেনরা বিস্ময় ও ক্ষোভ প্রকাশ করছেন। মূলত পুরুষদের ঐতিহ্যবাহী আরামদায়ক পোশাককে নারীদের ফ্যাশন হিসেবে উচ্চমূল্যে বিক্রির বিষয়টি নিয়েই বিশ্বজুড়ে চলছে নানা বিদ্রূপ ও সমালোচনা।,5.26,0.00,5.26
news-55960613,ফেসবুকের পর টুইটার এবং ইনস্টাগ্রামকে ব্লক করার নির্দেশ দিয়েছে মিয়ানমারের কর্তৃপক্ষ।,মিয়ানমারে সেনা অভ্যুত্থানের মাধ্যমে অং সান সু চিসহ নির্বাচিত নেতাদের আটকের প্রতিবাদে দেশজুড়ে সাধারণ মানুষ ও শিক্ষার্থীরা বিক্ষোভ শুরু করেছে। স্থিতিশীলতার অজুহাতে জান্তা সরকার ফেসবুকসহ বিভিন্ন সামাজিক যোগাযোগমাধ্যম ব্লক করে দিলেও বিক্ষোভকারীরা স্বৈরতন্ত্রের বিরুদ্ধে তাদের প্রতিবাদ অব্যাহত রেখেছে। বন্দি নেতাদের নিঃশর্ত মুক্তি এবং সামরিক শাসনের অবসানের দাবিতে আন্দোলনকারীরা রাজপথে নেমে এসেছে।,6.45,0.00,3.23
news-49833444,যুক্তরাষ্ট্র ডেমোক্র্যাট পার্টির সদস্যরা প্রেসিডেন্ট ডোনাল্ড ট্রাম্পকে অভিশংসনের জন্য আনুষ্ঠানিকভাবে তদন্ত শুরু করেছে।,"রাজনৈতিক প্রতিপক্ষ জো বাইডেনের বিরুদ্ধে তদন্তের জন্য ইউক্রেনের প্রেসিডেন্টকে চাপ দেওয়ার অভিযোগে মার্কিন প্রেসিডেন্ট ডোনাল্ড ট্রাম্পের বিরুদ্ধে আনুষ্ঠানিকভাবে অভিশংসন তদন্ত শুরু হয়েছে। ট্রাম্পের বিরুদ্ধে অভিযোগ, তিনি ইউক্রেনকে সামরিক সহায়তা বন্ধের হুমকি দিয়ে বাইডেনের ছেলের দুর্নীতির তদন্ত করতে বাধ্য করতে চেয়েছিলেন। তবে ট্রাম্প এই অভিযোগ অস্বীকার করে পাল্টা দাবি করেছেন যে, বাইডেন নিজেই অতীতে নিজের ছেলের স্বার্থ রক্ষায় ইউক্রেনকে প্রভাবিত করেছিলেন।",16.44,5.63,13.70
news-44639030,পোলিশ রেফারি স্জিমন মারচিনিয়াক শনিবারের জার্মানি ও সুইডেনের উত্তেজনাকর ম্যাচের শেষ বাঁশি বাজানোর পর সামাজিক মাধ্যমে মানুষের আনাগোনা দারুণভাবে বেড়ে যায়।,এবারের বিশ্বকাপে নেইমার মাঠে অতি সহজে পড়ে যাওয়া ও ফাউল আদায়ের ভান করার কারণে তীব্র সমালোচনার মুখে পড়েছেন। তাঁর বিলাসবহুল জীবনযাপন এবং আবেগপ্রবণ আচরণের কারণে সামাজিক যোগাযোগ মাধ্যমে তাঁকে নিয়ে নানা হাস্যরসাত্মক ট্রল ও নেতিবাচক মন্তব্য ছড়িয়ে পড়েছে। মাঠের পারফরম্যান্সের চেয়ে নেইমারের এসব বিতর্কিত কর্মকাণ্ডই বর্তমানে ফুটবলপ্রেমীদের আলোচনার মূল কেন্দ্রবিন্দুতে পরিণত হয়েছে।,8.22,0.00,8.22
news-45859948,বিশ্ব মৃত্যুদণ্ড বিরোধী দিবসে মৃত্যুদণ্ডের চর্চা বন্ধ করার চেষ্টা করায় অনেক দেশের প্রশংসা করেছেন জাতিসংঘ মহাসচিব অ্যান্টনিও গুতেরেস।,"বিশ্বের অধিকাংশ দেশ মৃত্যুদণ্ড বাতিল বা স্থগিত করলেও, বর্তমানে অন্তত ২৩টি দেশ গত এক দশকে এই দণ্ড কার্যকর করেছে। মানবাধিকার সংস্থা ও জাতিসংঘের তথ্যমতে, ২০১৭ সালে বিশ্বের ৫৩টি দেশে দুই হাজার ৫৯১ জনের মৃত্যুদণ্ড কার্যকর করা হয়েছে। বর্তমানে বিশ্বের ১০৬টি দেশে আইনত মৃত্যুদণ্ড নিষিদ্ধ থাকলেও, কিছু দেশে এখনো বিশেষ অপরাধের ক্ষেত্রে এই বিধান বলবৎ রয়েছে।",2.74,0.00,2.74
news-52080725,"করোনাভাইরাস প্রতিরোধে বিশ্ব গত বছরের ডিসেম্বর থেকে সচেতন হতে শুরু করলেও মনে হয় যেন অনন্তকাল পেরিয়ে গেছে। বিশ্বজুড়ে বিজ্ঞানীরা প্রচেষ্টা চালিয়ে যাওয়া সত্ত্বেও, আমরা এখনও অনেক কিছুই বুঝে উঠতে পারি না।",করোনাভাইরাসে আক্রান্তের প্রকৃত সংখ্যা এবং উপসর্গহীন রোগীদের সঠিক হিসাব না থাকায় সংক্রমণের বিস্তার ও মৃত্যুর হার নিয়ে এখনো অনিশ্চয়তা রয়ে গেছে। অ্যান্টিবডি পরীক্ষার মাধ্যমে সংক্রমণের প্রকৃত চিত্র এবং ভাইরাসের ভয়াবহতা সম্পর্কে নিশ্চিত হওয়ার চেষ্টা করছেন গবেষকরা। এছাড়া জ্বর ও শুকনো কাশির পাশাপাশি অন্যান্য নতুন উপসর্গগুলো নিয়েও বিজ্ঞানীরা কাজ করছেন যাতে রোগটি সঠিকভাবে শনাক্ত করা সম্ভব হয়।,6.90,0.00,4.60
160111_bd_sanitation_open_defecation,বাংলাদেশের সরকার বলছে খোলা জায়গায় মলত্যাগ মুক্ত দেশ হিসেবে লক্ষ্য অর্জনে বাংলাদেশ প্রায় দ্বারপ্রান্তে পৌঁছে গেছে।,"গত এক দশকে স্যানিটেশন ব্যবস্থায় অভূতপূর্ব উন্নতির ফলে বাংলাদেশের ৯৯ শতাংশ মানুষ এখন টয়লেট সুবিধার আওতায় এসেছে, যা প্রতিবেশী দেশগুলোর জন্য একটি রোল মডেল হিসেবে বিবেচিত হচ্ছে। তবে স্লাব বসানো টয়লেট থাকলেও বর্জ্য নিষ্কাশন ব্যবস্থার আধুনিকায়ন না হওয়ায় পরিবেশ দূষণ ও জনস্বাস্থ্যের ঝুঁকি এখনো একটি বড় চ্যালেঞ্জ হিসেবে রয়ে গেছে। দক্ষিণ এশিয়া স্যানিটেশন সম্মেলনে এই সাফল্যের পাশাপাশি বর্জ্য ব্যবস্থাপনার ত্রুটিগুলো দূর করার ওপর গুরুত্বারোপ করা হয়েছে।",7.32,0.00,7.32
160130_bangladesh_tree_man_desease,বাংলাদেশে এই প্রথম ‘বৃক্ষ মানব’ নামে পরিচিত বিরল এক রোগে আক্রান্ত একজন রোগীর সন্ধান পাওয়া গেছে।,"খুলনার পাইকগাছার বাসিন্দা আবুল বাজানদার গত ১০ বছর ধরে ‘বৃক্ষ মানব’ নামক এক বিরল রোগে আক্রান্ত, যার ফলে তার হাত ও পায়ের কিছু অংশ গাছের শেকড়ের মতো বিকৃত হয়ে গেছে। অর্থাভাব ও সঠিক চিকিৎসার অভাবে দীর্ঘ সময় কর্মহীন থাকা এই যুবক বর্তমানে ঢাকা মেডিকেল কলেজ হাসপাতালের বার্ন অ্যান্ড প্লাস্টিক সার্জারি ইউনিটে চিকিৎসাধীন রয়েছেন। তার রোগ নিরাময়ের জন্য চিকিৎসকরা একটি মেডিকেল বোর্ড গঠন করে অস্ত্রোপচারের প্রস্তুতি নিচ্ছেন।",19.51,5.00,14.63
150608_pg_bangladesh_india_transport,"বাংলাদেশ, ভারত, নেপাল ও ভূটানের মধ্যে সড়কপথে পণ্য ও যাত্রীবাহী যান চলাচল উন্মুক্ত করে দেবার লক্ষ্যে এক চুক্তির খসড়া আজ বাংলাদেশের মন্ত্রীসভায় অনুমোদিত হয়েছে।","বাংলাদেশ, ভারত, নেপাল ও ভুটানের মধ্যে আন্তঃদেশীয় যান চলাচল সহজ করতে একটি কাঠামোগত চুক্তি স্বাক্ষরের প্রক্রিয়া চূড়ান্ত পর্যায়ে রয়েছে। এই চুক্তির ফলে রুট পারমিট সাপেক্ষে চার দেশের নাগরিকরা নিজস্ব গাড়ি, বাস ও পণ্যবাহী যান নিয়ে সহজে এক দেশ থেকে অন্য দেশে যাতায়াত করতে পারবেন। আগামী ১৫ জুন থিম্পুতে চুক্তিটি স্বাক্ষরের পর ২০১৬ সালের শুরু থেকেই এর পূর্ণাঙ্গ বাস্তবায়ন শুরু হবে বলে আশা করা হচ্ছে।",22.73,9.30,18.18
news-41386650,মাত্র চার বছর আগে জন্ম নিলেও জার্মান সংসদের ৯০টিরও বেশি আসন জেতা কট্টর ডানপন্থী দল এএফডি (অলটারনেটিভ ফর জার্মানি) বিশ্বাস করে জার্মান সমাজে ইসলামের কোনো জায়গা নেই।,জার্মানির নির্বাচনে অভিবাসন ও ইসলামবিরোধী কঠোর অবস্থানের কারণে ডানপন্থী দল এএফডি প্রায় ১৩ শতাংশ ভোট পেয়ে দেশটির তৃতীয় বৃহত্তম দল হিসেবে আত্মপ্রকাশ করেছে। দ্বিতীয় বিশ্বযুদ্ধের পর জার্মানির ইতিহাসে কোনো নতুন দলের এমন অভাবনীয় সাফল্য নজিরবিহীন। মূলত ২০১৫ সালে বিপুল সংখ্যক শরণার্থী গ্রহণ নিয়ে সৃষ্ট জন-অসন্তোষকে পুঁজি করেই দলটি তাদের রাজনৈতিক ভিত্তি ও জনপ্রিয়তা সুসংহত করেছে।,9.64,4.94,9.64
news-42215067,সৌদি আরবে গত কয়েক দশকে ধীর গতিতে সামান্য কিছু পরিবর্তন ঘটলেও দেশটি এখন নাটকীয় কিছু ঘটনা প্রবাহের ভেতর দিয়ে যাচ্ছে।,"সৌদি আরবের নতুন যুবরাজ মোহাম্মদ বিন সালমান আধুনিকায়ন ও দুর্নীতিবিরোধী অভিযানের মাধ্যমে নিজের ক্ষমতা সুসংহত করার পাশাপাশি নিজেকে আরব বিশ্বের সবচেয়ে প্রভাবশালী নেতা হিসেবে প্রতিষ্ঠিত করতে চাইছেন। তার এই নাটকীয় পদক্ষেপগুলো দেশটিতে ব্যাপক উত্তেজনা ও পরিবর্তনের জন্ম দিয়েছে, যা বিশ্বজুড়ে রাজনৈতিক পর্যবেক্ষকদের দৃষ্টি আকর্ষণ করেছে। সৌদি রাজপরিবারের ক্ষমতার উত্তরাধিকার ও অভ্যন্তরীণ রাজনীতির দীর্ঘ ইতিহাস বিশ্লেষণ করলেই বর্তমানের এই দ্রুত পরিবর্তনশীল পরিস্থিতির প্রেক্ষাপট বোঝা সম্ভব।",4.76,0.00,4.76
news-43735107,বাংলাদেশের প্রধানমন্ত্রী শেখ হাসিনা সরকারি চাকুরীতে সব ধরনের কোটা বাতিলের ঘোষণা দেয়ার পর আজ আন্দোলনকারীদের তরফ থেকে কোটা সংস্কার আন্দোলন সরকার গেজেট প্রকাশ না হওয়া পর্যন্ত স্থগিত ঘোষণা করা হয়েছে।,"প্রধানমন্ত্রী কর্তৃক সরকারি চাকরিতে কোটা পদ্ধতি বাতিলের ঘোষণাকে স্বাগত জানিয়ে আন্দোলনকারীরা দ্রুত গেজেট প্রকাশের দাবি জানিয়েছেন। একই সঙ্গে তারা শিক্ষার্থীদের বিরুদ্ধে দায়ের করা মামলা প্রত্যাহার, আটককৃতদের মুক্তি এবং আহতদের চিকিৎসার দায়িত্ব নেওয়ার আহ্বান জানিয়েছেন। প্রধানমন্ত্রীর এই আকস্মিক ঘোষণায় আন্দোলনকারীদের মধ্যে সন্তুষ্টির পাশাপাশি কিছুটা বিভ্রান্তিও তৈরি হয়েছে বলে বিশ্লেষকরা মনে করছেন।",17.50,0.00,15.00
news-46576924,"বিজ্ঞানীরা বলছেন, চারটি উপায় মেনে চললে আপনার মন স্বয়ংক্রিয়ভাবেই স্বাস্থ্যকর খাবার গ্রহণে উৎসাহী হবে।","ইয়েল ইউনিভার্সিটির গবেষকদের মতে, অস্বাস্থ্যকর খাবার গ্রহণের প্রবণতা কমাতে মস্তিষ্ককে বিশেষ কিছু কৌশলে প্রশিক্ষণ দেওয়া কার্যকর। অস্বাস্থ্যকর খাবার খাওয়ার আগে মাত্র ছয় সেকেন্ড নেতিবাচক চিন্তা করলে সেই খাবারের প্রতি আগ্রহ উল্লেখযোগ্য হারে কমে যায়। একইভাবে, স্বাস্থ্যকর খাবারের গুণাগুণ নিয়ে ইতিবাচক চিন্তা করলে তা সুষম খাদ্যাভ্যাস গড়ে তুলতে ও ওজন নিয়ন্ত্রণে সহায়তা করে।",6.06,0.00,3.03
news-46782925,বাংলাদেশে আওয়ামী লীগের নেতৃত্বে নতুন মন্ত্রিসভা শপথ নিয়েছে কিন্তু এই মন্ত্রিসভায় স্থান পায় নি মহাজোটের শরিক দলের কোনো নেতা।,"রাষ্ট্রপতি আব্দুল হামিদের উপস্থিতিতে গঠিত নতুন মন্ত্রিসভায় এবার কোনো শরিক দলের নেতাকে অন্তর্ভুক্ত করা হয়নি, যা রাজনৈতিক মহলে আলোচনার জন্ম দিয়েছে। মন্ত্রিসভার ২৫টি মন্ত্রণালয়ের মধ্যে ১৮টিতেই পরিবর্তন আনা হয়েছে এবং রাশেদ খান মেনন ও হাসানুল হক ইনুর মতো অভিজ্ঞ শরিক নেতারা বাদ পড়েছেন। শরিক দলগুলোর অভিযোগ, এই সিদ্ধান্ত গ্রহণের আগে তাদের সাথে কোনো আলোচনা করা হয়নি, যার ফলে নতুন মন্ত্রিসভাটি পুরোপুরি আওয়ামী লীগ-নির্ভর হয়ে পড়েছে।",16.47,2.41,11.76
news-51087026,"বাংলাদেশে এ বছর হাড় কাঁপানো শীতের পাশাপাশি ঘন কুয়াশাও বেশ দাপট দেখিয়েছে। আবহাওয়া অধিদপ্তর বলছে, এ বছর কুয়াশার কারণে দৃষ্টিসীমা ১০০ মিটারেও নেমে এসেছে।","ঘন কুয়াশার কারণে রাজধানীসহ সারাদেশে দৃষ্টিসীমা মারাত্মকভাবে কমে যাওয়ায় জনজীবন ও বিমান চলাচল ব্যাহত হচ্ছে। আবহাওয়াবিদদের মতে, শীতের নিম্ন তাপমাত্রা এবং আর্দ্রতার প্রভাবেই মূলত এই ঘন কুয়াশার সৃষ্টি হয়েছে। সোমবার সকালে দৃষ্টিসীমা ১০০ মিটারে নেমে আসায় সাধারণ মানুষের চলাচলে চরম ভোগান্তি পোহাতে হচ্ছে।",20.90,6.15,17.91
news-53134120,করোনাভাইরাস মহামারির কারণে এখন কারো জ্বর এবং সাথে শুকনো কাশি অথবা শরীর ব্যথার মত দুয়েকটি উপসর্গ ও লক্ষণ দেখা দিলেই স্বাভাবিকভাবেই মানুষ আতঙ্কিত হয়ে পড়ছেন।,"করোনাভাইরাসের লক্ষণ যেমন জ্বর, কাশি বা স্বাদ-গন্ধের অনুভূতিহীনতা দেখা দিলে আতঙ্কিত না হয়ে শুরুতেই নিজেকে পরিবারের অন্যদের থেকে আলাদা বা সেলফ-আইসোলেশনে চলে যেতে হবে। এতে নিজের পরিবারের সদস্য ও আশপাশের মানুষের মধ্যে ভাইরাসের সংক্রমণ ছড়িয়ে পড়া রোধ করা সম্ভব হবে। চিকিৎসকদের পরামর্শ অনুযায়ী, লক্ষণ দেখা দিলে দ্রুত আলাদা ঘরে থেকে প্রয়োজনীয় সতর্কতা অবলম্বন করা জরুরি।",14.63,2.50,12.20
news-55991270,"অভ্যুত্থানের মাধ্যমে ক্ষমতা দখলের পর টেলিভিশনের দেয়া প্রথম ভাষণে মিয়ানমারের সেনাপ্রধান সিনিয়র জেনারেল মিন অং লাইং বলেছেন, তার সরকার মিয়ানমারের চলমান বিদেশনীতিতে কোন পরিবর্তন আনবে না।","মিয়ানমারের সামরিক জান্তা প্রধান মিন অং লাইং জানিয়েছেন, বাংলাদেশের সাথে হওয়া দ্বিপাক্ষিক চুক্তি অনুযায়ী রোহিঙ্গা প্রত্যাবাসন প্রক্রিয়া অব্যাহত থাকবে। তবে তিনি স্পষ্ট করেছেন যে, ১৯৮২ সালের নাগরিকত্ব আইন অনুযায়ী যাচাই-বাছাই সাপেক্ষে এবং দেশের স্বার্থ রক্ষা করেই কেবল বাস্তুচ্যুত ব্যক্তিদের ফিরিয়ে নেওয়া হবে। এছাড়া, নিজের ভাষণে তিনি অং সান সু চির নেতৃত্বাধীন সরকারের বিরুদ্ধে নির্বাচনে অনিয়মের অভিযোগ তুলে সামরিক অভ্যুত্থানের পক্ষে সাফাই গেয়েছেন।",13.48,4.60,8.99
news-44720145,বিমানে ডালাস যাওয়ার পথে রোজে ব্লেয়ার এবং তার বয়ফ্রেন্ড আসন রদবদল করার জন্য এক তরুণীকে অনুরোধ করেছিলেন।,বিমানে এক অপরিচিত তরুণীকে আসন বদল করে তার সঙ্গীর পাশে বসার সুযোগ করে দিয়ে রোজে ব্লেয়ার এক চমৎকার প্রেমের গল্পের সূচনা করেন। এই মানবিক ও রোমান্টিক ঘটনাটি সামাজিক যোগাযোগমাধ্যমে ব্যাপক সাড়া ফেলে এবং হাজার হাজার মানুষের হৃদয় স্পর্শ করে। রোজের শেয়ার করা এই গল্পটি অনুপ্রাণিত হয়ে অনেকেই নিজেদের জীবনের সুন্দর প্রেমের স্মৃতিগুলো সোশ্যাল মিডিয়ায় তুলে ধরেন।,21.92,2.82,10.96
news-53316580,বান্দরবানের বাঘমারায় দুই গ্রুপের গোলাগুলিতে ছয়জন নিহত হয়েছেন।,"বান্দরবানের বাঘমারায় পার্বত্য চট্টগ্রামের দুটি স্থানীয় দলের মধ্যকার গোলাগুলির ঘটনায় তিনজন আহত হয়েছেন। আহতদের চট্টগ্রাম ও চকরিয়া হাসপাতালে ভর্তি করা হয়েছে এবং বর্তমানে ঘটনাস্থলে সেনাবাহিনী ও পুলিশ মোতায়েন রয়েছে। পুলিশ সুপার জানিয়েছেন, সংঘর্ষে জড়িত দলগুলোর পরিচয় নিশ্চিত হতে তদন্ত চলছে, তবে ধারণা করা হচ্ছে এটি জেএসএসের অভ্যন্তরীণ কোন্দল।",10.71,3.70,10.71
news-46819571,যুক্তরাজ্য-ভিত্তিক গবেষণা প্রতিষ্ঠান ইকোনমিস্ট ইন্টেলিজেন্স ইউনিট (ইআইইউ) এ বছরের ৯ই জানুয়ারি যে প্রতিবেদন প্রকাশ করেছে সেখানে 'গণতান্ত্রিক' কিংবা 'ত্রুটিপূর্ণ গণতান্ত্রিক' দেশের তালিকায় বাংলাদেশের নাম নেই।,"ইকোনমিস্ট ইন্টেলিজেন্স ইউনিট (ইআইইউ) পাঁচটি মানদণ্ডের ভিত্তিতে বিশ্বের দেশগুলোর গণতন্ত্র সূচক নির্ধারণ করে থাকে। গত এক দশক ধরে বাংলাদেশ 'হাইব্রিড রেজিম' বা মিশ্র শাসনব্যবস্থার অন্তর্ভুক্ত থাকলেও ২০১৮ সালে দেশটির সূচকে কিছুটা উন্নতি হয়েছে। বর্তমানে ১৬৭টি দেশের মধ্যে বাংলাদেশ ৮৮তম অবস্থানে রয়েছে, যা আগের বছরের তুলনায় চার ধাপ এগিয়ে।",16.22,8.33,13.51
news-51930935,করোনাভাইরাস মহামারি ঠেকানোর চেষ্টায় ভারত কার্যত গোটা দেশকে অবরুদ্ধ করে ফেলার চেষ্টা চালাচ্ছে।,"করোনাভাইরাস সংক্রমণ মোকাবিলায় ভারত সরকার ইউরোপ, ব্রিটেন ও তুরস্কসহ বেশ কিছু দেশ থেকে ভারতীয় নাগরিকদের প্রবেশেও নিষেধাজ্ঞা জারি করেছে। সংক্রমণের বিস্তার রোধে তাজমহলসহ বিভিন্ন পর্যটন কেন্দ্র বন্ধের পাশাপাশি সন্দেহভাজনদের চিহ্নিত করতে বিশেষ ব্যবস্থা গ্রহণ করা হয়েছে। এছাড়া, অভ্যন্তরীণ যোগাযোগ সীমিত করার পাশাপাশি বিদেশ থেকে আসা যাত্রীদের জন্য বাধ্যতামূলক কোয়ারেন্টিনের নিয়ম কঠোর করা হয়েছে।",6.06,0.00,6.06
news-54246395,"ব্রাজিলে করোনাভাইরাস মহামারি নিয়ে পরিচালিত এক গবেষণায় বলা হয়েছে যে, এই ভাইরাসের সংক্রমণ এবং ডেঙ্গু জ্বরে আক্রান্ত হওয়ার মধ্যে সম্পর্ক রয়েছে। আর তা হলো ডেঙ্গুতে আক্রান্ত হলে তা কোভিড-১৯ রোগ থেকে কিছুটা ইমিউনিটি বা সুরক্ষা দিতে পারে।","যুক্তরাষ্ট্রের ডিউক ইউনিভার্সিটির এক গবেষণায় দাবি করা হয়েছে যে, ডেঙ্গু ভাইরাসের অ্যান্টিবডি করোনাভাইরাসের বিরুদ্ধে সুরক্ষামূলক প্রতিরোধ ব্যবস্থা গড়ে তুলতে পারে। গবেষকদের মতে, ডেঙ্গুর ফ্লাভিভাইরাস এবং সার্স-কভ-২ ভাইরাসের মধ্যে এক ধরণের ইমিউনোলজিক্যাল আন্তঃপ্রতিক্রিয়া থাকতে পারে। তবে এই গবেষণার ফলাফল এখনো আনুষ্ঠানিকভাবে প্রকাশিত না হওয়ায় এবং এর নির্ভরযোগ্যতা নিয়ে বিশেষজ্ঞ মহলে বিতর্ক থাকায় এ বিষয়ে আরও গবেষণার প্রয়োজন রয়েছে।",24.74,4.21,16.49
news-50211501,ভারতের প্রধানমন্ত্রী নরেন্দ্র মোদী দুদিনের এক রাষ্ট্রীয় সফরে সোমবার বেশি রাতে সৌদি আরবে গিয়ে পৌঁছচ্ছেন।,"সৌদি আরব ও ভারতের মধ্যকার সম্পর্ক কেবল তেল বাণিজ্যের গণ্ডি পেরিয়ে বর্তমানে নিরাপত্তা, প্রতিরক্ষা ও বিনিয়োগসহ বিভিন্ন ক্ষেত্রে কৌশলগত অংশীদারিত্বে উন্নীত হয়েছে। সৌদি যুবরাজ মোহাম্মদ বিন সালমানের ভারত সফরের মাধ্যমে দুই দেশের মধ্যে 'স্ট্র্যাটেজিক পার্টনারশিপ কাউন্সিল' গঠনের উদ্যোগ এই দ্বিপাক্ষিক সম্পর্কের এক নতুন দিগন্ত উন্মোচন করেছে। পাকিস্তানের সাথে সৌদি আরবের চিরাচরিত ঘনিষ্ঠতা থাকা সত্ত্বেও, ভারতের সাথে সৌদি আরবের এই ক্রমবর্ধমান কৌশলগত ঘনিষ্ঠতা দুই দেশের পারস্পরিক স্বার্থ ও অর্থনৈতিক উন্নয়নের প্রতিফলন।",7.06,0.00,7.06
news-55793703,বাংলাদেশে রবিবার ৭ই ফেব্রুয়ারি থেকে আনুষ্ঠানিকভাবে সারা দেশে করোনা ভাইরাসের টিকাদান কর্মসূচি শুরু হয়েছে। শুরুতেই সম্মুখ সারির কর্মী এবং ৪০ বছরের বেশি নাগরিকদের টিকা দেয়া হবে।,"করোনাভাইরাসের টিকা নেওয়ার বয়সসীমা ৫৫ থেকে কমিয়ে ৪০ বছর করা হয়েছে। এখন থেকে টিকা নিতে হলে অবশ্যই সরকারি সুরক্ষা ওয়েবসাইটের মাধ্যমে অনলাইনে নিবন্ধন করতে হবে। স্বাস্থ্যমন্ত্রী জানিয়েছেন, কেন্দ্রে গিয়ে তাৎক্ষণিক নিবন্ধন বা 'স্পট রেজিস্ট্রেশন' সুবিধাটি এখন বন্ধ রাখা হয়েছে।",15.38,0.00,12.31
news-54778535,"বাংলাদেশ সরকার করোনাভাইরাসের বিস্তার প্রতিরোধে 'নো মাস্ক নো সার্ভিস', অর্থাৎ মাস্ক না পরলে কাউকে কোন সেবা দেয়া হবে না বলে যে নির্দেশনা জারি করেছিল সেটা ব্যাপকভাবে বাস্তবায়নের নির্দেশ দিয়েছেন প্রধানমন্ত্রী শেখ হাসিনা।","বাংলাদেশে করোনাভাইরাসের সম্ভাব্য দ্বিতীয় ঢেউ মোকাবিলায় প্রধানমন্ত্রী শেখ হাসিনা সব সরকারি-বেসরকারি অফিস, শপিংমল ও জনসমাগমস্থলে মাস্ক ব্যবহার বাধ্যতামূলক করার নির্দেশ দিয়েছেন। 'নো মাস্ক, নো সার্ভিস' নীতি কঠোরভাবে বাস্তবায়নের পাশাপাশি সাধারণ মানুষকে সচেতন করতে ব্যাপক প্রচার ও সামাজিক আন্দোলন গড়ে তোলার আহ্বান জানানো হয়েছে। এই নির্দেশনা কার্যকর করতে অফিসগুলোর বাইরে পোস্টার লাগানো এবং ধর্মীয় উপাসনালয়সহ গণপরিবহনে নজরদারি বাড়ানোর নির্দেশ দেওয়া হয়েছে।",23.66,10.99,15.05
news-53556863,আফগানিস্তান থেকে সে দেশের শিখ ও হিন্দু সম্প্রদায়ের মোট ১১ জন সদস্যকে ভারতে উড়িয়ে নিয়ে এসে আশ্রয় দিয়েছে দিল্লি।,আফগানিস্তানে ধর্মীয় নির্যাতন ও সন্ত্রাসী হামলার শিকার ১১ জন শিখ ও হিন্দু নাগরিককে ভারত সরকার বিশেষ বিমানে করে দিল্লিতে নিয়ে এসেছে। বিতর্কিত নাগরিকত্ব আইনের ধারাবাহিকতায় এই সংখ্যালঘু পরিবারগুলোকে দীর্ঘমেয়াদি ভিসা প্রদানসহ তাদের নাগরিকত্বের আবেদন বিবেচনার সিদ্ধান্ত নেওয়া হয়েছে। মূলত কাবুলের গুরদোয়ারায় ভয়াবহ হামলার পর নিরাপত্তা ঝুঁকিতে থাকা এসব মানুষের আবেদনের প্রেক্ষিতেই ভারত সরকার তাদের আশ্রয় দেওয়ার এই উদ্যোগ নিয়েছে।,12.82,7.89,7.69
news-55645320,গত প্রায় ১৯ বছর ধরে দিনাজপুরে ফুলবাড়ী উপজেলার পূর্ব কাটাবাড়ীতে হোমিও চিকিৎসক হিসেবে কাজ করছেন আয়েশা সিদ্দিকা।,১. হোমিও চিকিৎসক আয়েশা সিদ্দিকা ২০১৪ সালে ফুলবাড়ী পৌরসভায় নিকাহ রেজিস্টার বা কাজি পদের নিয়োগ পরীক্ষায় প্রথম স্থান অধিকার করেন। ২. নিয়োগ কমিটির সুপারিশ সত্ত্বেও আইন মন্ত্রণালয় 'নারীদের পক্ষে এই দায়িত্ব পালন সম্ভব নয়' মর্মে সেই প্যানেল বাতিল করে দেয়। ৩. পরবর্তীতে প্যানেলের দ্বিতীয় স্থান অধিকারী পুরুষ প্রার্থীকে নিয়োগ দেওয়ার প্রক্রিয়া শুরু হলে আয়েশা সিদ্দিকা আইনি লড়াইয়ের পথে হাঁটেন।,13.16,5.41,10.53
news-45741190,বাংলাদেশে এক আন্দোলনের মুখে সরকারি চাকরিতে কোটা বাতিলের পর এখন এই সিদ্ধান্ত প্রত্যাখান করে রাতে রাজধানীর শাহবাগ মোড় অবস্থান নিয়েছে মুক্তিযোদ্ধার সন্তানদের সংগঠন মুক্তিযোদ্ধা সংসদ সন্তান কমান্ড ও মুক্তিযোদ্ধার পরিবার নামের দুইটি সংগঠন।,৩০ শতাংশ মুক্তিযোদ্ধা কোটা পুনর্বহালের দাবিতে মুক্তিযোদ্ধা সংসদ সন্তান কমান্ডের নেতাকর্মীরা শাহবাগ মোড় অবরোধ করে বিক্ষোভ করছেন। কোটা বাতিলের সিদ্ধান্তকে স্বাধীনতাবিরোধীদের কাছে পরাজয় হিসেবে আখ্যা দিয়ে তারা দাবি আদায় না হওয়া পর্যন্ত আন্দোলন চালিয়ে যাওয়ার ঘোষণা দিয়েছেন। এই আন্দোলনের অংশ হিসেবে সংগঠনটি আগামী শনিবার ঢাকায় একটি মহাসমাবেশের ডাক দিয়েছে।,21.95,7.50,9.76
news-39499694,হাতির দাঁতের উপর নকশা করে নানারকম শৌখিন জিনিসপত্র তৈরি করা চীনে শত শত বছরের পুরনো ব্যবসা। তবে এই হস্তশিল্পীদের যুগ এখন শেষ হতে চলেছে।,"হাতি বিলুপ্তির হাত থেকে বাঁচাতে চীন সরকার দেশটিতে হাতির দাঁতের ব্যবসা নিষিদ্ধ করার কার্যকর উদ্যোগ গ্রহণ করেছে। তবে এই সিদ্ধান্তের ফলে বৈধ ব্যবসায়ীরা ক্ষুব্ধ হলেও সংরক্ষণবাদীরা মনে করছেন, এটি হাতির অস্তিত্ব রক্ষায় একটি যুগান্তকারী পদক্ষেপ। যদিও অনলাইনে হাতির দাঁতের অবৈধ কেনাবেচা এখনো বড় চ্যালেঞ্জ হিসেবে রয়ে গেছে, যা পুরোপুরি বন্ধ করা জরুরি।",15.79,5.41,13.16
news-54982872,"বাংলাদেশের তারকা ক্রিকেটার সাকিব আল হাসানের কলকাতায় একটি কালীপূজার উদ্বোধনে থাকা নিয়ে যে সমালোচনা হচ্ছে, তাকে উগ্র মৌলবাদীদের কাজ বলে মনে করেন ওই পূজা কমিটির প্রধান উদ্যোক্তা ও তৃণমূল কংগ্রেস নেতা পরেশ পাল।","কলকাতার একটি কালীপূজার অনুষ্ঠানে যোগ দিয়ে সমালোচনার মুখে পড়া ক্রিকেটার সাকিব আল হাসান পূজা উদ্বোধন করেননি বলে জানিয়েছেন আয়োজক বিধায়ক পরেশ পাল। আয়োজক স্পষ্ট করেছেন যে, পূজাটি উদ্বোধন করেছিলেন একজন হিন্দু সন্ন্যাসী এবং সেখানে উপস্থিত অন্যান্য মুসলিম অতিথিদের মতো সাকিবও কেবল আমন্ত্রিত অতিথি হিসেবে ছিলেন। সাকিবের বিরুদ্ধে ওঠা মৌলবাদী হুমকির নিন্দা জানিয়ে আয়োজক একে বাংলাদেশের সাধারণ মানুষের মতামত নয় বলে অভিহিত করেছেন।",23.16,8.60,12.63
news-43942387,তিন দিনের সফরে শনিবার বাংলাদেশে আসা জাতিসংঘ নিরাপত্তা পরিষদের প্রতিনিধি দলটি রোববার প্রথমে বান্দরবানের নাইক্ষংছড়ি সীমান্তের জিরো লাইনে গিয়ে আটকে থাকা রোহিঙ্গাদের সাথে কথা বলেন।,"জাতিসংঘ নিরাপত্তা পরিষদের একটি প্রতিনিধি দল মিয়ানমারে নির্যাতনের শিকার রোহিঙ্গাদের পরিস্থিতি সরেজমিনে দেখতে বাংলাদেশে সফর করেছেন। প্রতিনিধি দলটি রোহিঙ্গা সংকটের দ্রুত কোনো সমাধান নেই বলে স্বীকার করলেও, সমস্যা সমাধানে বাংলাদেশ ও মিয়ানমারের মধ্যে দ্বিপাক্ষিক আলোচনার ওপর গুরুত্বারোপ করেছেন। তবে মিয়ানমারের বিরুদ্ধে কঠোর ব্যবস্থা নেওয়ার বিষয়ে নিরাপত্তা পরিষদের সদস্য দেশগুলোর মধ্যে এখনো মতবিরোধ রয়ে গেছে।",17.72,7.79,12.66
news-47382088,উত্তর কোরিয়ার নেতা কিম জং-আন এর সাথে দ্বিতীয়বারের মতো মার্কিন প্রেসিডেন্ট ডোনাল্ড ট্রাস্পের সাক্ষাৎ হতে যাচ্ছে ভিয়েতনামে।,"সিঙ্গাপুরে ট্রাম্প ও কিম জং উনের আসন্ন বৈঠকে উত্তর কোরিয়ার পরমাণু নিরস্ত্রীকরণই প্রধান আলোচনার বিষয়বস্তু হিসেবে থাকছে। উত্তর কোরিয়া তাদের পরমাণু কর্মসূচি বন্ধের বিনিময়ে আন্তর্জাতিক নিষেধাজ্ঞা প্রত্যাহার ও নিরাপত্তার নিশ্চয়তা দাবি করছে। গত বছরের সিঙ্গাপুর ঘোষণায় শান্তি ও নিরস্ত্রীকরণের প্রতিশ্রুতি থাকলেও, এ বিষয়ে কোনো সুনির্দিষ্ট ও বিস্তারিত রূপরেখা এখনো তৈরি হয়নি।",11.59,5.97,5.80
news-47170671,"বৃহস্পতিবার বিকেলে দিল্লিতে এক প্রচণ্ড শিলাবৃষ্টি হয়েছে। এ সময় এত শিলা পড়েছে যে শহরের রাস্তাঘাটে বরফের স্তর জমে সাদা হয়ে যায়, যেমনটা অনেক দেশে তুষারপাত হলে হয়।","দিল্লিতে সম্প্রতি হওয়া নজিরবিহীন তীব্র শিলাবৃষ্টিতে শহরটি বরফে ঢাকা পড়ে যাওয়ায় বাসিন্দাদের মধ্যে ব্যাপক কৌতূহল ও আনন্দের সৃষ্টি হয়। এই প্রাকৃতিক ঘটনার ফলে দিল্লির কুখ্যাত ধোঁয়াশা কেটে বাতাস পরিষ্কার হলেও বিমান চলাচলে বিঘ্ন ঘটে এবং অন্তত ৩০টি ফ্লাইট স্থগিত করতে হয়। সামাজিক যোগাযোগমাধ্যমে শিলাবৃষ্টির ছবি ও ভিডিও ভাইরাল হওয়ার পাশাপাশি, দিল্লির বাসিন্দারা এই বিরল মুহূর্তটি উপভোগ করতে রাস্তায় নেমে আসেন।",2.30,0.00,2.30
news-48115358,বাসচালক থেকে ভেনেজুয়েলার প্রেসিডেন্ট হন নিকোলাস মাদুরো।,"বাসচালক থেকে রাজনীতিতে আসা নিকোলাস মাদুরো ২০১৩ সালে ভেনেজুয়েলার প্রেসিডেন্ট হিসেবে দায়িত্ব গ্রহণের পর থেকেই বিতর্কিত নির্বাচন, গণতন্ত্র হরণ ও মানবাধিকার লঙ্ঘনের অভিযোগে সমালোচিত হয়ে আসছেন। তার শাসনামলে সৃষ্ট চরম অর্থনৈতিক মন্দা ও মুদ্রাস্ফীতির কারণে দেশটিতে মানবিক বিপর্যয় দেখা দিয়েছে এবং লাখ লাখ মানুষ দেশত্যাগে বাধ্য হয়েছে। বিরোধীদের মতে, মাদুরো শান্তি প্রতিষ্ঠার আড়ালে নিজের ক্ষমতা কুক্ষিগত করার কৌশল অবলম্বন করছেন, যা ভেনেজুয়েলার সমাজকে গভীর বিভক্তির দিকে ঠেলে দিয়েছে।",16.00,8.22,13.33
160311_amar_nodi_turag_pollution,"দেখে বিশ্বাস করতে কষ্ট হয় এটি একটি নদ। কোন স্রোত নেই, প্রাণ নেই। এই তুরাগ নদ এখন বিভিন্ন জায়গায় নর্দমার আকার ধারণ করেছে।",অতিরিক্ত দূষণের ফলে তুরাগ নদের পানি বর্তমানে কুচকুচে কালো ও দুর্গন্ধযুক্ত হয়ে ড্রেনের পানিতে পরিণত হয়েছে। নদীটির এমন বিপর্যয়কর অবস্থায় মাছের অস্তিত্ব প্রায় বিলীন হয়ে গেছে এবং যা কিছু পাওয়া যায় তাও তীব্র দুর্গন্ধযুক্ত। একসময়ের প্রবহমান ও প্রাণবন্ত এই নদীটি আজ স্থানীয়দের জীবন-জীবিকা ও ব্যবহারের অনুপযোগী হয়ে পড়েছে।,5.56,0.00,2.78
news-44494448,"""আমি যখন কেনসিংটন হাই স্ট্রীট দিয়ে গাড়ি চালিয়ে যাচ্ছি, তখন লাল ট্রাফিক লাইট জ্বলে উঠলো। তখন আমি ভাবলাম, হলুদ মানে হচ্ছে, 'সাবধান'। আর লাল মানে, 'থামো', তোমাকে মাঠ ছাড়তে হবে।""",ষাটের দশকে ফুটবল মাঠে খেলোয়াড়দের ক্রমবর্ধমান সহিংসতা ও মারামারি ম্যাচ পরিচালনাকে অত্যন্ত কঠিন করে তুলেছিল। ১৯৬২ সালের চিলি বিশ্বকাপে মাঠের চরম বিশৃঙ্খলা ও অমানবিক ঘটনার সাক্ষী হয়ে রেফারি কেনেথ অ্যাস্টন খেলা নিয়ন্ত্রণে নতুন কোনো ব্যবস্থার প্রয়োজনীয়তা অনুভব করেন। পরবর্তীতে ট্রাফিক লাইটের ধারণা থেকে অনুপ্রাণিত হয়ে তিনি ফুটবলে লাল ও হলুদ কার্ড প্রবর্তনের উদ্ভাবনী চিন্তাটি করেন।,7.06,0.00,4.71
news-54860653,যে ধরনের প্রচারণা ও নির্বাচন এবার যুক্তরাষ্ট্রে হয়ে গেল সেটি ছিল নজিরবিহীন। কয়েক শতাব্দীর মধ্যে সবচেয়ে ভয়াবহ বৈশ্বিক মহামারি আর দেশজুড়ে দীর্ঘ সামাজিক সহিংসতার মতো অভূতপূর্ব পরিস্থিতিতে অনুষ্ঠিত হয়েছে এই নির্বাচন।,দীর্ঘ ৫০ বছরের রাজনৈতিক অভিজ্ঞতাসম্পন্ন জো বাইডেন তৃতীয়বারের চেষ্টায় মার্কিন প্রেসিডেন্ট নির্বাচনে জয়লাভ করেছেন। ডোনাল্ড ট্রাম্পের কোভিড-১৯ মহামারি মোকাবিলায় ব্যর্থতা এবং এর ফলে সৃষ্ট অর্থনৈতিক সংকট বাইডেনের জয়ের পথ প্রশস্ত করেছে। ট্রাম্পের অসংলগ্ন আচরণ ও বিজ্ঞানবিরোধী অবস্থান ভোটারদের মধ্যে নেতিবাচক প্রভাব ফেলায় বাইডেন নির্বাচনী লড়াইয়ে এগিয়ে থেকে বিজয়ী হয়েছেন।,9.88,0.00,4.94
news-50005850,বাংলাদেশ প্রকৌশল বিশ্ববিদ্যালয় বা বুয়েটে বিক্ষোভরত শিক্ষার্থীদের ১০ দফা দাবি মেনে নেয়ার জন্য সময়সীমা ছিল বৃহস্পতিবার বিকেল পাঁচটা পর্যন্ত।,"বুয়েট ক্যাম্পাসে দীর্ঘদিনের র‍্যাগিং ও নির্যাতনের সংস্কৃতির প্রতিবাদে শিক্ষার্থীরা টানা চারদিন ধরে বিক্ষোভ চালিয়ে যাচ্ছেন। শিক্ষার্থীদের অভিযোগ, ফেসবুক পোস্ট বা ভিন্নমতের জেরে ছাত্রলীগ কর্মীদের হাতে নিয়মিত শারীরিক ও মানসিক নির্যাতনের শিকার হতে হয় তাদের। প্রশাসনের ব্যর্থতার কারণেই শিক্ষার্থীরা এমন নিরাপত্তাহীনতায় ভুগছেন বলে তারা মনে করছেন।",6.15,0.00,3.08
news-56141563,আন্তর্জাতিক সংবাদমাধ্যম আল জাজিরায় প্রচারিত 'অল দ্য প্রাইম মিনিস্টারস মেন' নামের অনুসন্ধানী প্রতিবেদনটি ফেসবুক সরিয়ে নেবে কি না সেটি নিয়ে পরস্পরবিরোধী বক্তব্য পাওয়া যাচ্ছে।,"আল জাজিরার বিতর্কিত প্রতিবেদনটি ফেসবুক থেকে সরানোর বিষয়ে আদালতের নির্দেশনা পাঠানো হয়েছে বলে দাবি করেছেন ডাক ও টেলিযোগাযোগ মন্ত্রী মোস্তফা জব্বার। তবে ফেসবুক কর্তৃপক্ষ জানিয়েছে, তারা এ বিষয়ে আদালতের কোনো লিখিত নির্দেশনা পায়নি এবং এ নিয়ে কোনো বিবৃতিও দেয়নি। মূলত আদালতের পূর্ণাঙ্গ রায়ের কপি না পাওয়ায় এবং ফেসবুকের নিজস্ব নীতিমালার কারণে প্রতিবেদনটি অপসারণ নিয়ে ধোঁয়াশা তৈরি হয়েছে।",9.88,2.53,9.88
news-40916559,ক্ষেপণাস্ত্র কর্মসূচি সম্প্রসারণ এবং দেশের বাইরে বিদেশে সামরিক তৎপরতা বাড়াতে ৫০ কোটি ডলারের একটি বিলে একচেটিয়া সমর্থন দিয়েছেন ইরানের এমপিরা।,"আমেরিকার নতুন নিষেধাজ্ঞার পাল্টা পদক্ষেপ হিসেবে ইরান তাদের ক্ষেপণাস্ত্র কর্মসূচি সম্প্রসারণের জন্য বাড়তি অর্থ বরাদ্দের একটি বিল পাস করেছে। এই বিলের মাধ্যমে উপসাগরীয় অঞ্চলে মার্কিন সামরিক ও গোয়েন্দা তৎপরতার ওপর নিষেধাজ্ঞা আরোপের সিদ্ধান্ত নেওয়া হয়েছে। তবে ইরান স্পষ্ট করেছে যে, এই পদক্ষেপের অর্থ পারমাণবিক চুক্তি থেকে তাদের সরে আসা নয়।",11.43,2.94,8.57
news-55287117,ইরানে এক সাংবাদিকের মৃত্যুদণ্ড কার্যকর করা হয়েছে যার বিরুদ্ধে মেসেজিং অ্যাপ ব্যবহার করে অসন্তোষ সৃষ্টির উস্কানি দেয়ার অভিযোগ আনা হয়েছিল।,"ইরান সরকারের বিরুদ্ধে উস্কানি ও 'বিশ্বকে কলুষিত' করার অভিযোগে নির্বাসিত সাংবাদিক রুহুল্লাহ জামের মৃত্যুদণ্ড কার্যকর করা হয়েছে। তিনি 'আমাদনিউজ' নামক একটি জনপ্রিয় ওয়েবসাইটের মাধ্যমে সরকারবিরোধী বিক্ষোভ ও তথ্য ফাঁসের সঙ্গে জড়িত ছিলেন। তবে মানবাধিকার সংস্থা অ্যামনেস্টি ইন্টারন্যাশনালের মতে, জোরপূর্বক আদায় করা স্বীকারোক্তির ভিত্তিতে তার বিচার সম্পন্ন হয়েছে।",14.93,6.15,8.96
news-49543853,"বিশ্বের গেমিং ইন্ডাস্ট্রি এখন এত বড় যে এটি চলচ্চিত্র এবং সঙ্গীত এই দুই ব্যবসাকে যদি এক করা হয়, তাকেও ছাড়িয়ে যাবে।",ভিডিও গেম খেলার মাধ্যমে অর্জিত কৌশলগত ও ব্যবস্থাপনা দক্ষতা এখন কর্মক্ষেত্রে অত্যন্ত গুরুত্বপূর্ণ যোগ্যতা হিসেবে বিবেচিত হচ্ছে। গেমারদের অনলাইন প্রোফাইল বিশ্লেষণের মাধ্যমে তাদের বিশেষ দক্ষতাগুলো চিহ্নিত করে সেগুলোকে পেশাগত কাজে ব্যবহারের সুযোগ তৈরি হচ্ছে। এমনকি সামরিক বাহিনীর মতো বড় বড় প্রতিষ্ঠানগুলোও এখন গেমারদের দ্রুত সিদ্ধান্ত গ্রহণ ও সমন্বিত কাজের দক্ষতাকে গুরুত্ব দিচ্ছে।,2.74,0.00,2.74
news-53868004,ঢাকায় ভারতের পররাষ্ট্র সচিব হর্ষ বর্ধন শ্রিংলার সফরের সময় বাংলাদেশের প্রধানমন্ত্রী শেখ হাসিনার সাথে তার বৈঠকের ব্যাপারে বাংলাদেশ সরকারের পক্ষ থেকে কিছু বলা হচ্ছে না।,ভারতের পররাষ্ট্র সচিব হর্ষ বর্ধন শ্রিংলার ঢাকা সফর ও প্রধানমন্ত্রীর সাথে তার সাক্ষাৎ নিয়ে বাংলাদেশ সরকারের অস্পষ্ট অবস্থানের কারণে জনমনে বিভ্রান্তি ও জল্পনা তৈরি হয়েছে। এ বিষয়ে সরকারিভাবে কোনো আনুষ্ঠানিক তথ্য প্রকাশ না করায় বিশ্লেষকরা উদ্বেগ প্রকাশ করেছেন। স্বচ্ছ তথ্যের অভাবে বিষয়টি নিয়ে বিভিন্ন মহলে নানা ধরনের নেতিবাচক আলোচনার সুযোগ সৃষ্টি হয়েছে।,28.57,18.67,28.57
news-57303389,বাংলাদেশে করোনাভাইরাসে গত ২৪ ঘণ্টায় নতুন করে আরো ১৭শ ১০ জন আক্রান্ত হয়েছে। এনিয়ে ভাইরাসটিতে মোট আক্রান্তের সংখ্যা আট লাখ ছাড়ালো।,"স্বাস্থ্য অধিদপ্তরের সর্বশেষ তথ্য অনুযায়ী, গত ২৪ ঘণ্টায় করোনায় ৩৬ জনের মৃত্যু হয়েছে এবং শনাক্তের হার কমে ৯.৪১ শতাংশে নেমেছে। সংক্রমণের ঝুঁকি কমাতে বিজ্ঞানীরা মাস্ক ব্যবহারের ওপর গুরুত্বারোপ করেছেন। বর্তমানে দেশে করোনা থেকে সুস্থতার হার ৯২.৪৮ শতাংশ এবং মোট মৃতের সংখ্যা ১২ হাজার ৬১৯ জন।",14.71,3.03,11.76
news-45179033,বাংলাদেশসহ দক্ষিণ এশিয়ার দেশগুলোর মানুষ এখন থেকে ফেসবুকের মাধ্যমে স্প্যানিশ ফুটবল লা লিগার খেলা দেখতে পারবেন।,ফেসবুক লা লিগার পরবর্তী তিনটি মৌসুমের সবকটি ম্যাচ সরাসরি সম্প্রচারের জন্য একটি বিশেষ চুক্তি স্বাক্ষর করেছে। এই চুক্তির ফলে বাংলাদেশসহ দক্ষিণ এশিয়ার আটটি দেশের দর্শকরা বিনামূল্যে ফেসবুকের মাধ্যমে লা লিগার খেলা উপভোগ করতে পারবেন। এটি ফেসবুকের লাইভ স্ট্রিমিং সেবার প্রসারে একটি বড় পদক্ষেপ হিসেবে বিবেচিত হচ্ছে।,29.03,16.67,29.03
news-54735304,"বাংলাদেশে লালমনিরহাট জেলার পুলিশ জানিয়েছে, পাটগ্রাম এলাকায় শত শত মানুষ একজন ব্যক্তিকে পিটিয়ে হত্যার পর তার মৃতদেহ আগুন দিয়ে পুড়িয়ে দিয়েছে।",লালমনিরহাটের পাটগ্রামে ধর্ম অবমাননার গুজবের জেরে এক ব্যক্তিকে পিটিয়ে হত্যার পর তার মৃতদেহে আগুন দেওয়ার ঘটনা ঘটেছে। পুলিশি নিরাপত্তা ও ইউনিয়ন পরিষদের কক্ষে আশ্রয় নেওয়ার পরও উত্তেজিত জনতা গ্রিল ভেঙে ভুক্তভোগীকে ছিনিয়ে নিয়ে এই নৃশংসতা চালায়। বর্তমানে এলাকায় অতিরিক্ত পুলিশ মোতায়েন করে পরিস্থিতি নিয়ন্ত্রণে আনা হয়েছে।,23.88,12.31,17.91
news-47265293,কক্সবাজার জেলার মিয়ানমার সীমান্তবর্তী টেকনাফের একটি স্কুলের মাঠে শনিবার কয়েক হাজার মানুষের সামনে পুলিশের তালিকাভুক্ত ১০২ জন ইয়াবা ব্যবসায়ী আত্মসমর্পণ করেছেন।,"কক্সবাজারে স্বরাষ্ট্রমন্ত্রী ও পুলিশের ঊর্ধ্বতন কর্মকর্তাদের উপস্থিতিতে ১০২ জন মাদক ব্যবসায়ী অস্ত্র ও ইয়াবাসহ আনুষ্ঠানিকভাবে আত্মসমর্পণ করেছেন। আত্মসমর্পণকারীদের মধ্যে বিতর্কিত সাবেক এমপি আব্দুল রহমান বদির আটজন ঘনিষ্ঠ আত্মীয় থাকলেও, তালিকায় থাকা শীর্ষ ইয়াবা ব্যবসায়ীদের অনেকেই অনুপস্থিত ছিলেন। প্রশাসনের ব্যাপক প্রচারণার মাধ্যমে আয়োজিত এই অনুষ্ঠানটি নিয়ে স্থানীয়দের মধ্যে মিশ্র প্রতিক্রিয়া ও সন্দেহের সৃষ্টি হয়েছে।",13.51,5.56,13.51
news-47526456,"ভারতে আসন্ন সাধারণ নির্বাচনে কয়েকটি রাজ্যে মুসলিমরা যাতে ভোট না-দিতে পারেন, সে কারণেই রোজার মাসে ভোট ফেলা হয়েছে বলে অভিযোগ করেছে পশ্চিমবঙ্গে ক্ষমতাসীন তৃণমূল কংগ্রেস।","পশ্চিমবঙ্গে লোকসভা নির্বাচনের সাত দফার সময়সূচি নিয়ে তৃণমূল কংগ্রেস অভিযোগ তুলেছে যে, রমজান মাসে ভোটগ্রহণের সিদ্ধান্ত সংখ্যালঘু ভোটারদের নিরুৎসাহিত করার একটি পরিকল্পিত কৌশল। তৃণমূল নেতা ফিরহাদ হাকিমের এই অভিযোগকে ভিত্তিহীন ও সাম্প্রদায়িক বলে উড়িয়ে দিয়ে বিজেপি জানিয়েছে, নির্বাচন কমিশনের নিরপেক্ষ প্রক্রিয়ার ওপর তারা আস্থা রাখে। রাজ্যের ৪২টি আসনের মধ্যে অর্ধেকের বেশি আসনে রমজান মাসে ভোট হওয়ার বিষয়টি নিয়ে রাজনৈতিক মহলে তীব্র বিতর্ক সৃষ্টি হয়েছে।",15.56,4.55,6.67
news-55722951,''আপনার নিরাপত্তার জন্যে এখন সবচেয়ে বড় হুমকি কী? - শত্রু কোনো রাষ্ট্র? প্রাকৃতিক দুর্যোগ? মহামারি? পারমাণবিক হামলা?'',"জো বাইডেনের শপথ গ্রহণকে কেন্দ্র করে ওয়াশিংটন ডিসিকে নজিরবিহীন নিরাপত্তার চাদরে ঢেকে ফেলা হয়েছে, যা আমেরিকান গৃহযুদ্ধের পর সবচেয়ে বড় সামরিক উপস্থিতি। সাম্প্রতিক এক জরিপে দেখা গেছে, অধিকাংশ আমেরিকান এখন বাইরের হুমকির চেয়ে নিজ দেশের নাগরিকদেরই বড় ঝুঁকি বলে মনে করছেন। এই অভ্যন্তরীণ আতঙ্কের কারণে নিরাপত্তার দায়িত্বে থাকা ন্যাশনাল গার্ড সদস্যদের অতীত কর্মকাণ্ডও কঠোরভাবে যাচাই-বাছাই করা হচ্ছে।",10.81,2.78,8.11
news-46014484,লায়ন এয়ার বোয়িং ৭৩৭ বিমানটি ১৮৯ জন যাত্রী নিয়ে ইন্দোনেশিয়ার রাজধানী জার্কাতা থেকে উড্ডয়নের কিছুক্ষণের মধ্যে সমুদ্রে বিধ্বস্ত হয়েছে।,ইন্দোনেশিয়ার জাকার্তা থেকে উড্ডয়নের ১৩ মিনিট পর ১৮৯ জন যাত্রী ও ক্রুসহ লায়ন এয়ারের ফ্লাইট জেটি ৬১০ কন্ট্রোল রুমের সাথে যোগাযোগ বিচ্ছিন্ন হয়ে সমুদ্রে বিধ্বস্ত হয়। দুর্ঘটনাস্থলে যাত্রীদের ব্যক্তিগত জিনিসপত্র ভাসতে দেখা গেলেও এখন পর্যন্ত কারো বেঁচে থাকার কোনো তথ্য পাওয়া যায়নি। বিমানটি নিখোঁজ হওয়ার পর গন্তব্যস্থল পেংকাল পিনাং বিমানবন্দরে স্বজনদের মাঝে শোকের ছায়া নেমে এসেছে।,26.67,10.96,13.33
news-50060359,বাংলাদেশে সুন্দরবনের কয়রা এলাকায় র‌্যাবের সাথে বন্দুকযুদ্ধে চারজন বনদস্যু নিহত হয়েছে।,"সুন্দরবনকে দস্যুমুক্ত ঘোষণার কয়েক বছর পর আবারও ছোট ছোট দলে বিভক্ত হয়ে বনদস্যুদের তৎপরতা ও জেলেদের ওপর হামলার ঘটনা ঘটছে। সম্প্রতি খুলনার কয়রায় র‍্যাবের সাথে বন্দুকযুদ্ধে আমিনুর বাহিনীর প্রধানসহ চারজন নিহত হয়েছেন। বিশেষজ্ঞরা বলছেন, কর্মসংস্থানের অভাব ও পুনর্বাসনের সীমাবদ্ধতার কারণে দস্যুরা পুনরায় অপরাধমূলক কর্মকাণ্ডে জড়িয়ে পড়ছে।",20.34,10.53,20.34
news-50466918,লিবিয়ার রাজধানী ত্রিপোলিতে একটি বিস্কুট কারখানার ওপর এক বিমান হামলায় কমপক্ষে সাত জন বেসামরিক লোক নিহত হয়েছে - যার মধ্যে একজন বাংলাদেশি।,"লিবিয়ার ত্রিপোলিতে একটি বিস্কুট কারখানায় বিমান হামলায় একজন বাংলাদেশি নিহত এবং ১৫ জন আহত হয়েছেন, যাদের মধ্যে দু'জনের অবস্থা আশঙ্কাজনক। আহতদের চিকিৎসার জন্য বিভিন্ন হাসপাতালে স্থানান্তর করা হয়েছে এবং বাংলাদেশ দূতাবাস তাদের পরিবারের সাথে যোগাযোগের চেষ্টা করছে। ২০১১ সালে গাদ্দাফির পতনের পর থেকে লিবিয়ায় চলমান অস্থিতিশীল পরিস্থিতির মধ্যেই এই হামলার ঘটনাটি ঘটল।",32.43,11.11,21.62
news-53915441,বিদেশে উচ্চতর ডিগ্রি নেয়া কিংবা চাকরির ক্ষেত্রে নিজের দক্ষতা বাড়ানোর জন্য নতুন ভাষা শেখাটাকে গুরুত্ব দিয়ে থাকেন অনেকেই।,"তরুণ প্রজন্মের মধ্যে উচ্চশিক্ষা ও ক্যারিয়ারের প্রয়োজনে নতুন ভাষা শেখার আগ্রহ বাড়ছে, বিশেষ করে ইউরোপে পড়াশোনার সুযোগ থাকায় স্প্যানিশ ভাষার চাহিদা উল্লেখযোগ্য। গবেষণায় দেখা গেছে, ভ্রমণের সুবিধা, অর্থনৈতিক গুরুত্ব ও আন্তর্জাতিক যোগাযোগের মতো সূচকগুলোর ভিত্তিতে ইংরেজিই বর্তমানে বিশ্বের সবচেয়ে শক্তিশালী ভাষা। গবেষকদের মতে, ২০৫০ সাল পর্যন্ত বৈশ্বিক প্রভাবের দিক থেকে ইংরেজি ভাষার এই শীর্ষস্থান অপরিবর্তিত থাকবে।",8.11,2.78,8.11
news-48182337,সিঙ্গাপুরে চিকিৎসাধীন অবস্থায় মারা গেছেন একুশে পদকপ্রাপ্ত জনপ্রিয় সংগীতশিল্পী সুবীর নন্দী।,দীর্ঘদিন অসুস্থ থাকার পর সিঙ্গাপুরে চিকিৎসাধীন অবস্থায় প্রখ্যাত সঙ্গীতশিল্পী সুবীর নন্দী আজ ভোরে মৃত্যুবরণ করেছেন। হৃদরোগে আক্রান্ত হয়ে মাল্টিপল অরগ্যান ফেইলিউরের কারণে তার মৃত্যু হয় বলে চিকিৎসকরা জানিয়েছেন। চারবার জাতীয় চলচ্চিত্র পুরস্কার ও একুশে পদকপ্রাপ্ত এই কিংবদন্তি শিল্পী দীর্ঘ ৪০ বছরের ক্যারিয়ারে আড়াই হাজারেরও বেশি গান উপহার দিয়ে গেছেন।,26.67,13.79,16.67
news-47863942,বাংলাদেশে দুর্নীতির দায়ে সাজাপ্রাপ্ত হয়ে কারাগারে আটক থাকা বিএনপি চেয়ারপার্সন খালেদা জিয়ার মুক্তির বিষয়ে রাজনৈতিক অঙ্গনে নানা ধরণের আলোচনা হচ্ছে।,"দুর্নীতির দায়ে কারাবন্দী বিএনপি চেয়ারপারসন খালেদা জিয়ার প্যারোলে মুক্তির বিষয়টি বর্তমানে রাজনৈতিক অঙ্গনে আলোচনার কেন্দ্রবিন্দুতে রয়েছে। সরকার জানিয়েছে, খালেদা জিয়া আবেদন করলে প্যারোলের বিষয়টি বিবেচনা করা হবে, তবে বিএনপি তার নিঃশর্ত মুক্তি ও জামিনকেই অগ্রাধিকার দিচ্ছে। মূলত আইনি প্রক্রিয়ায় জামিন এবং প্রশাসনিক আদেশে প্যারোলের মধ্যে যে মৌলিক পার্থক্য রয়েছে, তা নিয়ে বিশেষজ্ঞ মহলে নানা বিশ্লেষণ চলছে।",18.42,2.70,18.42
news-44973154,মার্কিন প্রেসিডেন্ট ট্রাম্পকে বেয়াড়া প্রশ্ন করার জন্য টিভি নেটওয়ার্ক সিএনএন-এর একজন সাংবাদিককে হোয়াইট হাউজের এক অনুষ্ঠানে ঢুকতে দেয়া হয়নি।,"হোয়াইট হাউসে প্রেসিডেন্ট ট্রাম্পকে অপ্রাসঙ্গিক প্রশ্ন করার অভিযোগে সিএনএন সাংবাদিক কেইটলান কলিন্সকে পরবর্তী সংবাদ সম্মেলনে প্রবেশ করতে দেওয়া হয়নি। হোয়াইট হাউস দাবি করেছে যে সাংবাদিকটি চিৎকার করায় তাকে বাধা দেওয়া হয়েছে, তবে সিএনএন এই অভিযোগ অস্বীকার করে একে মিথ্যা বলে অভিহিত করেছে। দীর্ঘদিনের তিক্ত সম্পর্কের জেরে ট্রাম্প প্রশাসন ও সিএনএন-এর মধ্যে এই নতুন বিতর্কের সৃষ্টি হয়েছে।",18.18,8.00,15.58
160215_shah_abdul_karim_birth_centenary,প্রায় দেড় হাজার গানের স্রষ্টা আবদুল করিম ১৯১৬ সালে সিলেটে সুনামগঞ্জের দিরাই উপজেলার জন্মগ্রহণ করেন।,"সুনামগঞ্জের হাওর অঞ্চলের বাউল শিল্পী শাহ আব্দুল করিম তাঁর অসাধারণ কথা ও সুরের জাদুতে লোকসঙ্গীতকে দেশ-বিদেশের মানুষের কাছে জনপ্রিয় করে তুলেছেন। শুরুর দিকে মালজোড়া গানের মাধ্যমে পরিচিতি পেলেও, পরবর্তী সময়ে বিভিন্ন জনপ্রিয় শিল্পীদের কণ্ঠে তাঁর গান নতুন মাত্রা পায়। আজীবন সাধনার স্বীকৃতিস্বরূপ তিনি একুশে পদকসহ অসংখ্য সম্মাননায় ভূষিত হয়েছেন।",9.23,0.00,3.08
news-45745812,বাংলাদেশের সরকারি চাকরিতে নবম থেকে ১৩তম গ্রেডে নিয়োগের ক্ষেত্রে (যেসব পদ আগে প্রথম এবং দ্বিতীয় শ্রেণীর চাকরি বলে পরিচিত ছিল) কোটা ব্যবস্থা বাতিল করেছে দেশটির সরকার।,এখানে নিবন্ধটির সারসংক্ষেপ দেওয়া হলো: ১. সরকারি চাকরিতে নবম থেকে ১৩তম গ্রেড পর্যন্ত কোটা ব্যবস্থা বাতিল করে মেধার ভিত্তিতে নিয়োগের সিদ্ধান্ত নিয়েছে মন্ত্রিসভা। ২. তবে তৃতীয় ও চতুর্থ শ্রেণির সরকারি চাকরির ক্ষেত্রে আগের মতোই কোটা ব্যবস্থা বহাল রাখা হয়েছে। ৩. কোটা সংস্কারের এই সিদ্ধান্তের পাশাপাশি মুক্তিযোদ্ধা ও তাদের স্বজনদের পক্ষ থেকে কোটা পুনর্বহালের দাবিতে বিক্ষোভ কর্মসূচিও চলছে।,21.69,14.81,19.28
news-48897701,ইরানের সাথে পারমাণবিক চুক্তি রক্ষায় কি ধরনের শর্ত নিয়ে আবার আলাপ শুরু করা যায় সেনিয়ে ফ্রান্স ও ইরান একমত হয়েছে বলে জানিয়েছেন ফ্রান্সের প্রেসিডেন্টের ইম্যানুয়েল ম্যাক্রো।,২০১৫ সালের ইরান পরমাণু চুক্তিটি টিকিয়ে রাখার লক্ষ্যে ফ্রান্সের প্রেসিডেন্ট ইম্যানুয়েল ম্যাক্রো ও ইরানের প্রেসিডেন্ট হাসান রুহানির মধ্যে গুরুত্বপূর্ণ টেলিফোন আলাপ হয়েছে। যুক্তরাষ্ট্র চুক্তি থেকে সরে গিয়ে কঠোর অবরোধ আরোপ করায় চুক্তিটি বর্তমানে পরিত্যক্ত হওয়ার ঝুঁকিতে রয়েছে। এই পরিস্থিতিতে ইরান ইউরোপীয় দেশগুলোকে চুক্তি রক্ষার শর্ত পূরণে দ্রুত পদক্ষেপ নেওয়ার আহ্বান জানিয়েছে।,20.78,0.00,7.79
news-45162273,ঢাকা শহরের বিভিন্ন জায়গায় ফুটওভারব্রীজ আছে। কোথাও আছে আন্ডারপাস। কিন্তু এগুলো খুব একটা ব্যবহার হতে দেখা যায় না। এগুলো ব্যবহারের আগ্রহ কম কেন ?,"ঢাকার অনেক ফুটওভারব্রিজ ও আন্ডারপাস থাকা সত্ত্বেও নিরাপত্তাহীনতা, মাদকসেবীদের উপদ্রব এবং অব্যবস্থাপনার কারণে পথচারীরা এগুলো ব্যবহারে অনাগ্রহী। অনেক ক্ষেত্রে ব্রিজগুলো প্রয়োজনের তুলনায় দূরে হওয়ায় এবং পর্যাপ্ত আলোর অভাব থাকায় নারী ও শিশুরা রাস্তা পারাপারে ঝুঁকি নিতে বাধ্য হচ্ছে। সঠিক পরিকল্পনা ও নিরাপত্তার অভাবে ফুটওভারব্রিজগুলো কার্যকর না হওয়ায় ঢাকায় প্রতিনিয়ত সড়ক দুর্ঘটনার ঝুঁকি বাড়ছে।",7.89,0.00,7.89
news-50711508,সান্না ম্যারিনের বয়স মাত্র ৩৪ এবং তিনিই হতে যাচ্ছেন বিশ্বের সবচেয়ে কমবয়সী প্রধানমন্ত্রী।,"ফিনল্যান্ডের বর্তমান পরিবহন মন্ত্রী সান্না ম্যারিন দেশটির নতুন প্রধানমন্ত্রী হিসেবে শপথ নিতে যাচ্ছেন, যার মাধ্যমে তিনি বিশ্বের সর্বকনিষ্ঠ সরকার প্রধানের মর্যাদা লাভ করবেন। আনত্তি রিনির পদত্যাগের পর সোশ্যাল ডেমোক্র্যাটিক পার্টির মনোনয়নে তিনি নারীদের নেতৃত্বে গঠিত পাঁচ দলের একটি কোয়ালিশন সরকারের হাল ধরবেন। নিজের বয়স বা লিঙ্গ নিয়ে কোনো ভ্রুক্ষেপ না করে জনগণের আস্থা অর্জনের মাধ্যমে দেশের উন্নয়নে কাজ করাই তার মূল লক্ষ্য বলে তিনি জানিয়েছেন।",12.82,0.00,7.69
news-55976708,"বাংলাদেশে করোনাভাইরাসের টিকা নেয়ার জন্য রেজিস্ট্রেশন করা দেয়া হবে, টেলিফোনে এমন প্রস্তাব রেখে অভিনব প্রতারণার ফাঁদ পেতেছে একটি চক্র।",করোনাভাইরাসের টিকা নিবন্ধনে সহায়তার প্রলোভন দেখিয়ে একটি প্রতারক চক্র সাধারণ মানুষের ব্যক্তিগত তথ্য ও ওটিপি (OTP) হাতিয়ে নিয়ে মোবাইল ব্যাংকিংয়ের টাকা চুরি করছে। প্রযুক্তিগত সীমাবদ্ধতার সুযোগ নিয়ে সক্রিয় হওয়া এই চক্রটি থেকে সতর্ক থাকতে সাইবার ক্রাইম অ্যাওয়ারনেস ফাউন্ডেশন ও পুলিশ প্রশাসন পরামর্শ দিয়েছে। তাই যেকোনো পরিস্থিতিতে ফোনে অপরিচিত কাউকে ব্যক্তিগত তথ্য বা পাসওয়ার্ড প্রদান না করার জন্য সবাইকে বিশেষভাবে সচেতন হতে বলা হয়েছে।,12.20,2.50,9.76
news-40690462,"বাংলাদেশে পাহাড় ধসে প্রাণহানিকে আর্থ-সামাজিক, পরিবেশগত এবং রাজনৈতিক সমস্যা হিসেবে চিহ্নিত করছেন একজন বিশেষজ্ঞ।","বাংলাদেশের পার্বত্য অঞ্চলে অতিবৃষ্টি, অপরিকল্পিত পাহাড় কাটা এবং বন উজাড়ের ফলে পাহাড় ধসের ঘটনা ক্রমাগত বৃদ্ধি পাচ্ছে। বিশেষজ্ঞ ড. শহীদুল ইসলামের মতে, প্রাকৃতিক কারণের পাশাপাশি মানবসৃষ্ট এসব কর্মকাণ্ডই প্রাণহানির প্রধান কারণ। এই বিপর্যয় রোধে দীর্ঘমেয়াদী সমাধানের জন্য রাজনৈতিক সদিচ্ছা ও কার্যকর পদক্ষেপ গ্রহণ করা জরুরি।",13.33,0.00,10.00
news-46773097,বাংলাদেশে নির্বাচনী সহিংসতার জের ধরে রাজশাহীতে কলমা নামের একটি গ্রাম অনেকটা 'একঘরে' হয়ে পড়েছে বলে স্থানীয়রা জানিয়েছেন।,রাজশাহীর তানোরের কলমা গ্রামে বিএনপি সমর্থিত ভোটারদের ভোট দেওয়ার জেরে স্থানীয় আওয়ামী লীগ কর্মীদের দ্বারা গ্রামটি অবরুদ্ধ হয়ে পড়েছে। গ্রামবাসী এখন চরম আতঙ্ক ও নিরাপত্তাহীনতায় ভুগছেন এবং তাদের স্বাভাবিক চলাচল ও দোকানপাট বন্ধ করে দেওয়া হয়েছে। পরিস্থিতি নিয়ন্ত্রণে প্রশাসন কাজ করলেও গ্রামটিতে এখনো থমথমে অবস্থা বিরাজ করছে।,3.12,0.00,3.12
news-44692993,শিরোনামটি আগেই পড়েছেন: 'নেইমার ব্রাজিলকে তৃপ্তি দিয়েছেন কিন্তু বিশ্বকে বিরক্ত করেছেন'।,বিশ্বকাপে ব্রাজিলের জয়ে নেইমার অসাধারণ নৈপুণ্য প্রদর্শন করলেও মাঠে তার অতিরিক্ত নাটকীয়তা ও অভিনয় নিয়ে ব্যাপক সমালোচনা হচ্ছে। লিওনেল মেসি ও ক্রিশ্চিয়ানো রোনাল্ডোর বিদায়ের পর টুর্নামেন্টে টিকে থাকা একমাত্র সুপারস্টার হিসেবে তিনি গুরুত্বপূর্ণ ভূমিকা রাখছেন। তবে তার এই অনাকাঙ্ক্ষিত আচরণ ফুটবলীয় মূল্যবোধের পরিপন্থী বলে নিরপেক্ষ বিশ্লেষক ও দর্শকদের কাছে বিরক্তির কারণ হয়ে দাঁড়িয়েছে।,3.12,0.00,3.12
news-56797313,"ইংল্যান্ডের 'বিগ সিক্স' বলে পরিচিত আর্সেনাল, চেলসি, লিভারপুল, ম্যানচেস্টার সিটি, ম্যানচেস্টার ইউনাইটেড ও টটেনহ্যাম হটস্পার-সহ ইউরোপের ১২টি বিখ্যাত ক্লাব একজোট হয়ে একটি নতুন প্রতিযোগিতায় যোগ দিতে একমত হয়েছে, যার নাম ইউরোপিয়ান সুপার লিগ বা ইএসএল।","ইউরোপের ১২টি শীর্ষ ক্লাব নিয়ে গঠিত নতুন ‘ইউরোপিয়ান সুপার লিগ’ (ইএসএল) চালুর ঘোষণা বিশ্বজুড়ে তীব্র বিতর্ক ও সমালোচনার জন্ম দিয়েছে। সপ্তাহের মাঝামাঝি সময়ে আয়োজিত এই টুর্নামেন্টটি ঘরোয়া ফুটবলের কাঠামো ও ভক্তদের স্বার্থের পরিপন্থী বলে ফিফা, উয়েফা এবং বিভিন্ন রাষ্ট্রপ্রধানরা নিন্দা জানিয়েছেন। ২০টি দলের অংশগ্রহণে আয়োজিত এই নতুন লিগটি চ্যাম্পিয়ন্স লিগের বিকল্প হিসেবে প্রতি বছর আগস্ট থেকে মে মাস পর্যন্ত অনুষ্ঠিত হওয়ার পরিকল্পনা রয়েছে।",20.20,6.19,16.16
160829_nasa_mars_simulation_hawaii,মঙ্গল গ্রহে বসবাসের অনুশীলনে একদল অভিযাত্রী জনমানবশূন্য পরিবেশে এক বছর কাটিয়ে ফিরে এসেছেন।,মঙ্গল গ্রহে মানব অভিযানের প্রস্তুতির অংশ হিসেবে নাসার অর্থায়নে হাওয়াই দ্বীপের একটি কৃত্রিম পরিবেশে ছয়জন গবেষক এক বছর বিচ্ছিন্নভাবে বসবাস করেছেন। সীমিত সম্পদ ও ব্যক্তিগত গোপনীয়তার অভাব সত্ত্বেও এই কঠিন অভিজ্ঞতা গবেষকদের মঙ্গল অভিযানের সম্ভাবনা সম্পর্কে আশাবাদী করে তুলেছে। এই সফল পরীক্ষাটি ভবিষ্যতে মহাকাশ যাত্রায় উদ্ভূত কারিগরি ও মনস্তাত্ত্বিক চ্যালেঞ্জ মোকাবিলায় গুরুত্বপূর্ণ ভূমিকা রাখবে।,14.93,6.15,14.93
news-56510049,"ভারতে নতুন ধরনের 'ডাবল মিউট্যান্ট' করোনাভাইরাস শনাক্ত হয়েছে। এ ধরনের ভাইরাসে দুইটি মিউটেশন বা ডিএনএ পরিবর্তনের দুই ধরনের ক্ষমতা থাকে, যা শরীরের সাধারণ প্রতিরোধ ক্ষমতাকে পাশ কাটিয়ে আক্রমণ করে বা রোগে আক্রান্ত হওয়ার ঝুঁকি অনেক বাড়িয়ে দেয়।","ভারতে করোনাভাইরাসের নতুন ধরন শনাক্ত হলেও সরকার দাবি করেছে যে, সাম্প্রতিক সংক্রমণ বৃদ্ধির সঙ্গে এর কোনো সরাসরি সম্পর্ক নেই। দেশটিতে জিনোম সিকোয়েন্সিংয়ের মাধ্যমে যুক্তরাজ্য, দক্ষিণ আফ্রিকা ও ব্রাজিলের ভ্যারিয়েন্টসহ মোট ৭৭১টি নতুন ধরন শনাক্ত করা হয়েছে। ভাইরোলজিস্টদের মতে, ভাইরাসের এই মিউটেশনগুলো অধিক সংক্রামক এবং স্বাস্থ্যঝুঁকি বাড়ানোর ক্ষমতা রাখে।",11.76,0.00,11.76
news-46057266,"বিশ্বজুড়ে গুগলের অফিসগুলোতে শত শত কর্মী আজ এক অভূতপূর্ব কর্মবিরতিতে যোগ দিয়েছেন। তারা গুগলে নারী কর্মীদের যৌন হয়রানির অভিযোগ এখন যে পদ্ধতিতে মিটমাট করা হয়, তার প্রতিবাদ জানাচ্ছেন।",গুগলের উচ্চপদস্থ কর্মকর্তাদের বিরুদ্ধে যৌন হয়রানির অভিযোগ এবং তাদের মোটা অংকের অর্থ দিয়ে বিদায় জানানোর প্রতিবাদে কর্মীরা ব্যাপক কর্মবিরতি পালন করছেন। কর্মীরা যৌন হয়রানির অভিযোগ বাধ্যতামূলক সালিশি প্রথার পরিবর্তে আদালতে তোলার দাবি জানিয়েছেন। গুগলের প্রধান নির্বাহী সুন্দর পিচাই কর্মীদের প্রতিবাদের অধিকারকে সমর্থন জানিয়ে এ বিষয়ে প্রয়োজনীয় পদক্ষেপ নেওয়ার প্রতিশ্রুতি দিয়েছেন।,12.82,5.26,10.26
news-49176425,বাংলাদেশে সরকারি হিসাবে এ বছর ১৭ হাজারের বেশি মানুষ ডেঙ্গু জ্বরে আক্রান্ত হয়েছে। এই হিসাবের নব্বই শতাংশ মানুষ আক্রান্ত হয়েছে জুলাই মাসে।,"চলতি বছর ডেঙ্গুর অকাল প্রকোপে জনমনে আতঙ্ক ছড়িয়ে পড়েছে এবং সরকারি হিসাবের চেয়েও বেশি মানুষ এতে আক্রান্ত ও মৃত্যুবরণ করছে। 'ডেঙ্গু' নামের উৎপত্তি নিয়ে বিভিন্ন মতবাদ প্রচলিত থাকলেও, এর অর্থ মূলত তীব্র হাড় ভাঙা ব্যথার সাথে সম্পর্কিত বলে ধারণা করা হয়। প্রাচীন নথিপত্র অনুযায়ী, ৯৯২ খ্রিস্টাব্দে চীনে সর্বপ্রথম এই রোগটি শনাক্ত করা হয়েছিল।",21.33,2.74,13.33
news-53538087,করোনাভাইরাস মহামারির মধ্যে ভারত-বাংলাদেশ সীমান্ত এলাকাগুলিতে কয়েক হাজার ভারতীয় নাগরিক আটকা পড়ে আছেন।,বাংলাদেশে আটকে পড়া প্রায় আড়াই হাজারেরও বেশি ভারতীয় নাগরিক স্থল সীমান্ত দিয়ে দেশে ফেরার অপেক্ষায় মানবেতর জীবনযাপন করছেন। অর্থনৈতিক সংকটের কারণে তারা আকাশপথে ফেরার সুযোগ নিতে পারছেন না এবং ভারতীয় কর্তৃপক্ষ তাদের গ্রহণ না করায় সীমান্ত এলাকায় আটকা পড়েছেন। এ বিষয়ে ভারত ও বাংলাদেশ সরকারের পক্ষ থেকে এখনও কোনো আনুষ্ঠানিক ব্যাখ্যা বা সুরাহা পাওয়া যায়নি।,14.49,0.00,5.80
news-51702229,কক্সবাজারের টেকনাফে র‍্যাবের সাথে কথিত বন্দুকযুদ্ধে ৭ জন রোহিঙ্গা শরণার্থী নিহত হয়েছে।,"সোমবার মধ্যরাতে কক্সবাজারের টেকনাফে র‍্যাবের সাথে কথিত বন্দুকযুদ্ধে সাতজন রোহিঙ্গা নিহত হয়েছেন। র‍্যাবের দাবি, একটি অপরাধী গোষ্ঠীর বিরুদ্ধে অভিযান চালানোর সময় তারা গুলি চালালে র‍্যাব পাল্টা জবাব দেয়। ঘটনাস্থল থেকে গোলাবারুদ উদ্ধার করা হয়েছে এবং সেখানে এখনো অভিযান চলমান রয়েছে।",32.14,22.22,32.14
news-44751233,"স্মার্টফোন থেকে আপনার তথ্য নিয়ে বড় প্রযুক্তি কোম্পানিগুলো কী করছে, তা কি আপনি জানেন?","১. স্মার্টফোনের জিপিএস, জাইরোস্কোপ এবং আইপি অ্যাড্রেস ব্যবহার করে ফেসবুকসহ বিভিন্ন প্রযুক্তি প্রতিষ্ঠান ব্যবহারকারীর অজান্তেই তাদের ব্যক্তিগত তথ্য ও অবস্থান ট্র্যাক করছে। ২. অ্যাপ বা ওয়েবসাইটের জটিল শর্তাবলির আড়ালে ব্যবহারকারীর সংগৃহীত তথ্য প্রায়শই তৃতীয় কোনো কোম্পানির কাছে হস্তান্তর করা হচ্ছে। ৩. তাই ডিজিটাল নিরাপত্তা নিশ্চিত করতে প্রযুক্তি কোম্পানিগুলোর প্রাইভেসি পলিসি ও শর্তাবলি সম্পর্কে সচেতন হওয়া এবং ব্যক্তিগত তথ্যের গোপনীয়তা বজায় রাখা জরুরি।",7.89,0.00,5.26
news-45304291,সৌদি আরবের মক্কায় প্রতিবছরই হজ পালন করেন মুসলিমরা আর সব প্রাপ্তবয়স্ক মুসলিমই আশা করেন যে তিনি জীবনে অন্তত একবার হজ্ব পালন করবেন।,আহমদিয়া সম্প্রদায়ের বিশ্বাস মূলধারার ইসলামের সাথে সাংঘর্ষিক হওয়ায় অনেক মুসলিম দেশ তাদের অমুসলিম মনে করে এবং সৌদি আরবে তাদের প্রবেশ নিষিদ্ধ। এই নিষেধাজ্ঞার কারণে আহমদিয়া অনুসারীরা হজ পালনের ক্ষেত্রে চরম ঝুঁকির সম্মুখীন হন এবং অনেককে পরিচয় গোপন করে সেখানে যেতে হয়। ধর্মীয় পরিচয়ের কারণে সৃষ্ট এই বিধিনিষেধ সত্ত্বেও অনেক আহমদিয়া মুসলিম গভীর বিশ্বাসের সাথে গোপনে হজ পালন করে থাকেন।,7.41,2.53,7.41
news-53409449,"বৈশ্বিক মহামারি শুরুর পর থেকে বহু মানুষ কাজ হারিয়েছেন, গুটিয়ে গেছে বহু ব্যবসা। এর মধ্যেও কোন পেশায় টিকে আছেন এমন সৌভাগ্যবান ব্যক্তিদেরও কাজের ধরন পুরোপুরি বদলে গেছে।",করোনা মহামারীর প্রভাবে বাংলাদেশের চাকরির বাজারে বড় ধরনের স্থবিরতা দেখা দিলেও বর্তমানে পরিস্থিতির কিছুটা উন্নতি হচ্ছে। তবে প্রচলিত চাকরির সুযোগ কমে যাওয়ায় তরুণদের নতুন দক্ষতা অর্জনের দিকে মনোযোগী হওয়ার পরামর্শ দিচ্ছেন বিশেষজ্ঞরা। বিশেষ করে ই-কমার্স খাতের দ্রুত প্রসারের ফলে এই খাতে নতুন কর্মসংস্থান ও খণ্ডকালীন কাজের বিশাল সম্ভাবনা তৈরি হয়েছে।,2.56,0.00,2.56
news-49188235,"মার্কিন গোয়েন্দা সংস্থা জানিয়েছে, আল কায়েদার প্রতিষ্ঠাতা ওসামা বিন লাদেনের ছেলে হামজা মারা গেছেন।","আল-কায়েদার প্রয়াত নেতা ওসামা বিন লাদেনের ছেলে হামজা বিন লাদেনের মৃত্যুর খবর বিভিন্ন আন্তর্জাতিক গণমাধ্যমে প্রকাশিত হয়েছে। তবে তার মৃত্যুর স্থান বা তারিখ সম্পর্কে কোনো আনুষ্ঠানিক তথ্য নিশ্চিত করেনি মার্কিন প্রশাসন। উল্লেখ্য যে, হামজাকে খুঁজে বের করার জন্য যুক্তরাষ্ট্র সরকার এর আগে ১০ লাখ ডলার পুরস্কার ঘোষণা করেছিল।",25.40,16.39,22.22
news-46936286,সম্প্রতি রাইড শেয়ারিং অ্যাপের একজন বাইক চালক শাহানাজ আক্তারের স্কুটি চুরির পর সেটা ফেরত পাওয়া নিয়ে পুলিশের তৎপর ভূমিকার প্রশংসায় ভাসছে সামাজিক যোগাযোগ মাধ্যম।,"ঢাকাসহ সারা দেশে মোটরসাইকেল চুরির ঘটনা আশঙ্কাজনক হারে বাড়লেও পুলিশের কার্যকর পদক্ষেপের অভাবে অধিকাংশ বাইক উদ্ধার হচ্ছে না। সাংবাদিক তারেক হাসান শিমুলের বাইক দুই মাস আগে চুরি হওয়ার পরও পুলিশের গাফিলতির কারণে তা উদ্ধার না হওয়ায় ভুক্তভোগীরা ক্ষোভ প্রকাশ করছেন। ভুক্তভোগীদের অভিযোগ, পুলিশ চাইলে তৎপরতা বাড়িয়ে চুরি হওয়া যানবাহন উদ্ধার করতে পারে, কিন্তু অধিকাংশ ক্ষেত্রেই তারা দায়িত্ব পালনে অবহেলা করছে।",7.14,0.00,4.76
news-46354206,আগামী ৩০শে ডিসেম্বরের সংসদ নির্বাচনে এখনো মনোনয়ন ঘোষণা করেনি জাতীয় পার্টি - যারা ক্ষমতাসীন আওয়ামী লীগ নেতৃত্বাধীন মহাজোটের অংশ।,জাতীয় পার্টি আসন্ন নির্বাচনের জন্য তিনশ প্রার্থী বাছাই করলেও মহাজোটের সাথে আসন বণ্টন নিয়ে এখনো অনিশ্চয়তা ও জটিলতা রয়ে গেছে। মহাজোটের শরিক হয়েও আওয়ামী লীগের সাথে আসন ভাগাভাগি নিয়ে দলের ভেতরে তীব্র ক্ষোভ ও কোন্দল সৃষ্টি হয়েছে। বিশেষ করে ঢাকা-১ আসনের মতো গুরুত্বপূর্ণ আসনগুলোতে দলীয় প্রার্থী বাদ দিয়ে আওয়ামী লীগের প্রার্থী মনোনয়ন দেওয়ায় দলের অনেক নেতা চরম অসন্তোষ প্রকাশ করেছেন।,10.13,2.60,7.59
news-50242731,"স্টিফেন হকিং থেকে শুরু করে ইলন মাস্ক- বিশ্বের শীর্ষ কয়েকজন বিজ্ঞানী কৃত্রিম বুদ্ধিমত্তা নিয়ে উদ্বেগ প্রকাশ করেছেন যে, এটি একসময় হয়তো মানব প্রজাতির জন্য একটি হুমকি হয়ে উঠতে পারে।","কৃত্রিম বুদ্ধিমত্তা বা রোবট মানুষের বিরুদ্ধে সচেতনভাবে কোনো শত্রুতা পোষণ করবে না বলে বিশেষজ্ঞ স্টুয়ার্ট রাসেল তাঁর নতুন বইতে উল্লেখ করেছেন। তিনি সতর্ক করেছেন যে, রোবটগুলোর অমানবিক কোনো মনোভাবের চেয়ে তাদের অতি-দক্ষতা এবং ভুল পথে ব্যবহারের সম্ভাবনাই মানবজাতির জন্য বড় হুমকি। তাই যন্ত্রের সচেতনতা নয়, বরং তাদের নিয়ন্ত্রণ ও কার্যপদ্ধতি নিয়ে উদ্বেগের প্রয়োজন রয়েছে।",14.29,4.88,14.29
news-51034723,"প্রেসিডেন্ট ডোনাল্ড ট্রাম্প বলেছেন, ইরাকে মার্কিন ঘাঁটিতে মিসাইল হামলা চালানোর পর ইরান 'মনে হচ্ছে ক্ষান্ত দিয়েছে'।",ইরানের ক্ষেপণাস্ত্র হামলায় কোনো প্রাণহানি বা বড় ধরনের ক্ষয়ক্ষতি না হওয়ায় ডোনাল্ড ট্রাম্প সামরিক সংঘাতের পরিবর্তে নতুন নিষেধাজ্ঞার ঘোষণা দিয়েছেন। তিনি ইরানকে পারমাণবিক অস্ত্র ত্যাগ ও সন্ত্রাসের পথ পরিহার করে আলোচনার মাধ্যমে বিশ্ব নিরাপত্তার জন্য নতুন চুক্তিতে আসার আহ্বান জানিয়েছেন। ট্রাম্পের এই বক্তব্যে সামরিক উত্তেজনার চেয়ে কূটনৈতিক সমাধানের ইঙ্গিতই বেশি স্পষ্ট হয়েছে।,5.88,3.03,5.88
news-47889112,বৃহস্পতিবার (আজ) শুরু হয়েছে ভারতের জাতীয় নির্বাচনের প্রথম ধাপ। এবারের নির্বাচনকে দেখা হচ্ছে ভারতের বর্তমান প্রধানমন্ত্রী নরেন্দ্র মোদি'র গ্রহণযোগ্যতা যাচাইয়ের নির্বাচন হিসেবে।,"ভারতের লোকসভা নির্বাচনের প্রথম ধাপের ভোটগ্রহণ শুরু হয়েছে, যা সাতটি পর্যায়ে ১৯ মে পর্যন্ত চলবে। ৯০ কোটি ভোটারের অংশগ্রহণে অনুষ্ঠিত এই নির্বাচনকে বিশ্বের সর্ববৃহৎ এবং কয়েক দশকের মধ্যে সবচেয়ে গুরুত্বপূর্ণ হিসেবে গণ্য করা হচ্ছে। ক্ষমতাসীন বিজেপির টানা দ্বিতীয়বার ক্ষমতায় আসার প্রচেষ্টার বিপরীতে কংগ্রেস ও বিভিন্ন আঞ্চলিক দলগুলো তীব্র প্রতিদ্বন্দ্বিতা গড়ে তুলেছে।",18.92,2.78,13.51
news-48658994,ইংল্যান্ডের ছোট শহর টনটনে মুখোমুখি হচ্ছে বাংলাদেশ ও ওয়েস্ট ইন্ডিজ।,২০১৯ ক্রিকেট বিশ্বকাপে সমান পয়েন্ট ও অবস্থানে থাকা বাংলাদেশ ও ওয়েস্ট ইন্ডিজ আজ জয়ের লক্ষ্যে মুখোমুখি হচ্ছে। সেমিফাইনালের দৌড়ে টিকে থাকতে এই ম্যাচটি উভয় দলের জন্যই অত্যন্ত গুরুত্বপূর্ণ। জয়ের মাধ্যমে পয়েন্ট তালিকায় এগিয়ে যাওয়ার লক্ষ্যে বাংলাদেশ দল ওয়েস্ট ইন্ডিজের বিপক্ষে বিশেষ পরিকল্পনা নিয়ে মাঠে নামছে।,18.18,7.55,10.91
news-45386636,সম্প্রতি চীনের অল্প বয়েসী ছেলেমেয়েদের মধ্যে চোখের সমস্যা একটি সাধারণ সমস্যা। এর মধ্যে কাছের দৃশ্য দেখতে সমস্যা হওয়া থেকে শুরু করে রয়েছে মাইওপিয়া পর্যন্ত।,চীনে শিশুদের মধ্যে মাইওপিয়া বা ক্ষীণ দৃষ্টিশক্তির সমস্যা প্রকট আকার ধারণ করায় সরকার উদ্বেগ প্রকাশ করেছে। এই সমস্যা মোকাবিলায় কর্তৃপক্ষ শিশুদের ভিডিও গেমস খেলার সময় ও ডাউনলোড সংখ্যা নিয়ন্ত্রণের মতো কঠোর পদক্ষেপ গ্রহণের পরিকল্পনা করছে। মূলত অতিরিক্ত পড়াশোনার চাপ এবং ইলেকট্রনিক ডিভাইসের অত্যধিক ব্যবহারের ফলেই শিশুদের চোখের স্বাস্থ্যের এই অবনতি ঘটছে বলে মনে করা হচ্ছে।,12.66,0.00,7.59
news-52829563,বাংলাদেশে চব্বিশ ঘণ্টায় শনাক্ত হওয়া রোগীর সংখ্যা ২ হাজারের মাইলফলক অতিক্রম করেছে।,"বাংলাদেশে গত ২৪ ঘণ্টায় ৯,৩১০টি নমুনা পরীক্ষায় ২,০২৯ জনের করোনা শনাক্ত হয়েছে এবং ১৫ জন মৃত্যুবরণ করেছেন। এ নিয়ে দেশে মোট আক্রান্তের সংখ্যা ৪০,৩২১ জন এবং মৃতের সংখ্যা ৫৫৯ জনে দাঁড়িয়েছে। বর্তমানে সুস্থতার হার ২০.৮৯ শতাংশ এবং মৃত্যুর হার ১.৩৯ শতাংশ।",13.79,0.00,10.34
news-46210996,বিশ্বের বিভিন্ন দেশে বেশ জোরালোভাবে চলছে 'মি-টু' আন্দোলন। বিশেষ করে যুক্তরাষ্ট্র ও ভারতে বিভিন্ন অঙ্গনের ক্ষমতাশালী ব্যক্তিদের বিরুদ্ধে ওঠা অভিযোগ রীতিমতো ঝড় তুলেছে ।,"বিশ্বজুড়ে যৌন হয়রানির বিরুদ্ধে ‘মি টু’ আন্দোলন ব্যাপক সাড়া ফেললেও বাংলাদেশে এর প্রভাব তুলনামূলকভাবে খুবই কম। দেশের নারী অধিকার কর্মী ও সংগঠনগুলো এই ইস্যুটিকে সেভাবে গুরুত্ব না দেওয়ায় তাদের নীরবতা নিয়ে প্রশ্ন উঠছে। বিশেষজ্ঞরা মনে করছেন, প্রভাবশালী ব্যক্তিদের সামাজিক অবস্থানের কথা না ভেবে নির্যাতিত নারীদের পাশে দাঁড়ানোই এখন সময়ের দাবি।",16.22,5.56,13.51
news-56230347,জাতিসংঘের মানবাধিকার বিষয়ক সংস্থার পক্ষ থেকে বলা হয়েছে মিয়ানমারে সামরিক অভ্যুত্থানের বিরুদ্ধে চলমান বিক্ষোভের সময় আজ রবিবার কমপক্ষে ১৮ জন নিহত হয়েছে।,"মিয়ানমারে সামরিক অভ্যুত্থানের বিরুদ্ধে চলমান বিক্ষোভে নিরাপত্তা বাহিনীর গুলিবর্ষণে বহু হতাহতের ঘটনা ঘটেছে, যা ক্ষমতা দখলের পর থেকে সবচেয়ে রক্তাক্ত দিন হিসেবে চিহ্নিত। বিক্ষোভ দমনে পুলিশ রাবার বুলেট, জলকামান ও সাঁড়াশি অভিযানের মাধ্যমে ব্যাপক ধরপাকড় চালাচ্ছে। এদিকে, আন্তর্জাতিক মহলে জান্তা সরকারের বিরোধিতার পাশাপাশি দেশটিতে ইন্টারনেট ও সামাজিক যোগাযোগমাধ্যম ব্যবহারের ওপর কঠোর বিধিনিষেধ আরোপ করা হয়েছে।",18.18,10.67,15.58
news-44425844,"বাংলাদেশে কারাবন্দী বিএনপি নেত্রী খালেদা জিয়ার স্বাস্থ্য পরিস্থিতি নিয়ে উদ্বেগ জানিয়ে তার ব্যক্তিগত চিকিৎসকরা জানিয়েছেন, আজ (শনিবার) কারাগারে তার সঙ্গে কথা বলে তাদের মনে হয়েছে কয়েকদিন আগে তিনি হয়তো মাইল্ড স্ট্রোকের শিকার হয়েছিলেন।","কারাবন্দী বিএনপি নেত্রী খালেদা জিয়া গত তিন সপ্তাহ ধরে জ্বরে ভুগছেন এবং গত ৫ জুন তিনি মাথা ঘুরে অজ্ঞান হয়ে পড়েছিলেন বলে জানিয়েছেন তার ব্যক্তিগত চিকিৎসকরা। চিকিৎসকদের ধারণা, তিনি 'ট্রানজিয়েন্ট স্কিমিক অ্যাটাক' বা মাইল্ড স্ট্রোকে আক্রান্ত হয়েছেন, যা তার শারীরিক অবস্থার অবনতির ইঙ্গিত দেয়। এই পরিস্থিতিতে উন্নত চিকিৎসার জন্য তাকে জরুরি ভিত্তিতে কোনো বেসরকারি হাসপাতালে স্থানান্তরের পরামর্শ দিয়েছেন তার চিকিৎসকরা।",23.66,10.99,19.35
news-44386417,"বাংলাদেশের বিশ্বকাপের সিংহভাগ জুড়ে থাকে ব্রাজিল ও আর্জেন্টিনা নিয়ে উন্মাদনা। বিশ্বকাপ শুরুর অনেক আগে থেকেই রাস্তাঘাট পতাকায় ছেয়ে যায়। জার্মানি, ফ্রান্স বা স্পেনের মতো দলের সমর্থক থাকলেও মূলত ব্রাজিল ও আর্জেন্টিনা নিয়েই আলোচনা বেশি হয় বাংলাদেশে।","বাংলাদেশে বিশ্বকাপ ফুটবল নিয়ে উন্মাদনার শুরু মূলত আশির দশক থেকে, যখন পেলে ও ম্যারাডোনার মতো কিংবদন্তি খেলোয়াড়দের জাদুকরী পারফরম্যান্স দর্শকদের মুগ্ধ করেছিল। সেই সময় থেকেই দেশের ফুটবলপ্রেমীরা ব্রাজিল ও আর্জেন্টিনার মতো দুই প্রধান শিবিরে বিভক্ত হয়ে পড়ে, যা আজও অটুট রয়েছে। সময়ের বিবর্তনে খেলোয়াড় বদলালেও মেসি ও রোনালদোর মতো তারকাদের হাত ধরে বাংলাদেশে এই দুই দলের প্রতি ভক্তদের আবেগ ও উন্মাদনা আজও সমানভাবে বিদ্যমান।",20.00,2.04,10.00
news-49514242,বাংলাদেশের সবচেয়ে বড় দু'টি মোবাইল ফোন কোম্পানি গ্রামীণ এবং রবি'র বিরুদ্ধে সাড়ে ১৩ হাজার কোটি টাকা বকেয়া না দেয়ার অভিযোগ তুলে সরকার তাদের শাস্তি দেয়ার প্রশ্নে নোটিশ পাঠাচ্ছে।,বিটিআরসি অডিট অনুযায়ী গ্রামীণফোন ও রবির কাছে সরকারের পাওনা প্রায় সাড়ে ১৩ হাজার কোটি টাকা আদায়ে কঠোর পদক্ষেপ নিতে যাচ্ছে। বকেয়া পরিশোধ না করায় সরকার কোম্পানি দুটির লাইসেন্স বাতিলের প্রক্রিয়া হিসেবে শোকজ নোটিশ পাঠানোর সিদ্ধান্ত নিয়েছে। তবে গ্রামীণফোন সালিশের মাধ্যমে সমাধান খুঁজছে এবং রবি আইনি লড়াইয়ের প্রস্তুতি নিচ্ছে।,25.64,10.53,17.95
47879823,ফেনীর সোনাগাজীতে একটি মাদ্রাসার যে ছাত্রীকে শরীরে কেরোসিন ঢেলে আগুন ধরিয়ে দেয়া হয়েছিল তিনি বুধবার রাতে মারা গেছেন।,ফেনীর সোনাগাজীতে মাদ্রাসার অধ্যক্ষের বিরুদ্ধে শ্লীলতাহানির মামলা করায় পরিকল্পিতভাবে গায়ে আগুন ধরিয়ে দেওয়া সেই মাদ্রাসা ছাত্রী চিকিৎসাধীন অবস্থায় ঢাকা মেডিকেল কলেজ হাসপাতালে মারা গেছেন। শরীরের ৮০ শতাংশ পুড়ে যাওয়া এই ছাত্রীকে হত্যার উদ্দেশ্যে মুখোশধারী দুর্বৃত্তরা ছাদে ডেকে নিয়ে কেরোসিন ঢেলে আগুন ধরিয়ে দিয়েছিল বলে অভিযোগ রয়েছে। এ ঘটনায় অভিযুক্ত অধ্যক্ষসহ সংশ্লিষ্টদের রিমান্ডে নেওয়া হয়েছে এবং দায়িত্বে অবহেলার কারণে স্থানীয় থানার ওসিকে প্রত্যাহার করা হয়েছে।,21.95,10.00,17.07
news-55037149,বাংলাদেশে যে কোন ব্যাংক সাইবার হামলার শিকার হতে পারে বলে সতর্ক করে দিয়েছে সরকারের অর্থ মন্ত্রণালয়। সতর্কতা হিসেবে ইতিমধ্যেই নিরাপত্তা বাড়ানোর কথা জানিয়েছে ব্যাংকগুলো।,২০১৬ সালের রিজার্ভ চুরির ঘটনার পর আবারও উত্তর কোরিয়া-ভিত্তিক হ্যাকারদের সাইবার হামলার আশঙ্কায় দেশের ব্যাংকগুলোকে সতর্ক করেছে অর্থ মন্ত্রণালয়। এটিএম বুথ ও সুইফট নেটওয়ার্কে সম্ভাব্য জালিয়াতি রোধে ব্যাংকগুলোকে প্রয়োজনীয় নিরাপত্তা ব্যবস্থা গ্রহণের নির্দেশ দেওয়া হয়েছে। এই সতর্কতার প্রেক্ষিতে ব্যাংকগুলো তাদের অনলাইন ব্যাংকিং ও এটিএম সেবার নিরাপত্তা জোরদারে উদ্যোগ গ্রহণ করেছে।,18.67,5.48,18.67
news-44196016,"বাংলাদেশের কেন্দ্রীয় ব্যাংকের পক্ষ থেকে সমস্ত ব্যাংকগুলোর ওপর জারী করা কেন্দ্র এক নির্দেশনায় বলা হয়েছে, ঈদের আগে নোট জালকারী চক্রের 'অপতৎপরতা' বাড়ে এবং তার জন্য কিছু ব্যবস্থা নিতে হবে।","আসন্ন ঈদ ও কোরবানির পশুর হাটে জাল নোটের বিস্তার রোধে বাংলাদেশ ব্যাংক দেশজুড়ে ব্যাপক সচেতনতামূলক প্রচারণা চালাচ্ছে। আসল নোট চেনার উপায় হিসেবে নোটের অমসৃণ নকশা, নিরাপত্তা সুতো, জলছাপ এবং রং পরিবর্তনশীল কালির দিকে নজর দিতে পরামর্শ দেওয়া হয়েছে। এছাড়া, ব্যাংকগুলোকে গ্রাহকের লেনদেনের সময় এবং এটিএম মেশিনে টাকা লোড করার আগে নোটগুলো সতর্কতার সাথে যাচাই করার কঠোর নির্দেশ দেওয়া হয়েছে।",6.82,0.00,4.55
news-56483627,বাংলাদেশের কক্সবাজারের উখিয়ার কুতুপালং রোহিঙ্গা ক্যাম্পে অগ্নিকাণ্ডের ঘটনা ঘটেছে।,"**সারসংক্ষেপ:** কক্সবাজারের কুতুপালং ও বালুখালীর রোহিঙ্গা শরণার্থী শিবিরে ভয়াবহ অগ্নিকাণ্ডের ঘটনা ঘটেছে। আগুন নিয়ন্ত্রণে উখিয়া ফায়ার সার্ভিসের চারটি ইউনিটের পাশাপাশি সেনাবাহিনী ও পুলিশ সদস্যরা কাজ করছেন। স্থানীয়দের তথ্যমতে, অগ্নিকাণ্ডে ক্যাম্পের প্রায় দুই শতাধিক ঘর ক্ষতিগ্রস্ত হওয়ার আশঙ্কা রয়েছে।",25.53,8.89,25.53
news-50563543,সম্প্রতি সুমি আক্তার নামে পঞ্চগড়ের একজন নারী সৌদি আরব থেকে লুকিয়ে ভিডিও কল করে তাকে উদ্ধারের করার জন্য আকুল আবেদন জানান।,সৌদি আরবে নারী শ্রমিকদের ওপর নির্যাতনের ঘটনায় বাংলাদেশে ব্যাপক বিতর্কের সৃষ্টি হলেও সরকার আপাতত কর্মী পাঠানো বন্ধ না করে বরং তাদের সুরক্ষা নিশ্চিত করার ওপর জোর দিচ্ছে। নির্যাতনেরোধে নিয়োগকর্তাদের আইনি বাধ্যবাধকতার আওতায় আনার প্রস্তাব করেছে সংসদীয় কমিটি এবং এ বিষয়ে আলোচনার জন্য সরকারের একটি উচ্চপর্যায়ের দল সৌদি আরবে অবস্থান করছে। তবে রক্ষণশীল দেশটিতে গৃহকর্মীদের সুরক্ষা নিশ্চিত করার সুনির্দিষ্ট কোনো কর্মপরিকল্পনা এখনো স্পষ্ট নয়।,11.90,0.00,9.52
news-44843943,আপনি জানেন কি - বাংলাদেশে একজন শ্রমিক মাসে সর্বোচ্চ কত টাকা মজুরী পান?,"বাংলাদেশে বিভিন্ন শিল্প খাতে শ্রমিকদের ন্যূনতম মজুরির মধ্যে ব্যাপক বৈষম্য বিদ্যমান, যেখানে কিছু খাতে মজুরি অত্যন্ত নগণ্য। বর্তমানে গার্মেন্টসসহ বিভিন্ন খাতের শ্রমিকদের মজুরি পুনর্নির্ধারণের লক্ষ্যে নিম্নতম মজুরি বোর্ড সংশ্লিষ্ট পক্ষগুলোর সাথে আলোচনা চালিয়ে যাচ্ছে। পোশাক শিল্পের শ্রমিকদের নিয়ে ব্যাপক আলোচনা হলেও অন্যান্য অনেক পেশার শ্রমিকদের মজুরি কাঠামো এখনো অত্যন্ত হতাশাজনক ও উপেক্ষিত রয়ে গেছে।",3.03,0.00,3.03
news-44940331,বাংলাদেশের সাবেক রাষ্ট্রপতি ও জাতীয় পার্টির চেয়ারম্যান এইচ এম এরশাদ ভারত সরকারের আমন্ত্রণে দিল্লি সফরে এসে গুরুত্বপূর্ণ নেতা-মন্ত্রীদের সঙ্গে দেখা করছেন।,বাংলাদেশের রাজনীতিতে সাংবিধানিক ধারাবাহিকতা ও গণতন্ত্র রক্ষায় জাতীয় পার্টির ভূমিকাকে স্বীকৃতি দিতেই ভারত সরকার এইচ এম এরশাদ ও তার দলকে দিল্লিতে আমন্ত্রণ জানিয়েছে। ভোটের বছরে প্রধান দুই রাজনৈতিক দলের বাইরে জাতীয় পার্টিকে একটি গুরুত্বপূর্ণ শক্তি হিসেবে বিবেচনা করে ভারত তাদের শীর্ষ নীতিনির্ধারকদের সাথে বৈঠক করেছে। এই সফরের মাধ্যমে ভারত বাংলাদেশের রাজনৈতিক প্রেক্ষাপটে জাতীয় পার্টির অবস্থান ও গুরুত্বকে আরও গভীরভাবে বোঝার চেষ্টা করছে।,21.43,7.32,19.05
news-47520818,দীর্ঘ ২৮ বছর পর ঢাকা বিশ্ববিদ্যালয়ের কেন্দ্রীয় ছাত্র সংসদের নির্বাচনের ভোট গ্রহণ অনুষ্ঠিত হয়েছে। ভোটে কারচুপি ও অনিয়মের অভিযোগ তুলে ভোট বর্জন করে পুনঃতফসিলের দাবি জানিয়েছে ছাত্রলীগ ছাড়া বাকি সব প্যানেল।,"ঢাকা বিশ্ববিদ্যালয় কেন্দ্রীয় ছাত্র সংসদ (ডাকসু) নির্বাচনে ব্যাপক অনিয়ম, কারচুপি ও হামলার অভিযোগ তুলে ভোট বর্জন করেছেন ছাত্রদলসহ বিভিন্ন প্যানেলের প্রার্থীরা। এই প্রহসনের নির্বাচনের প্রতিবাদে শিক্ষার্থীরা ক্যাম্পাসে বিক্ষোভ মিছিল ও সমাবেশ করেছেন এবং উপ-উপাচার্যের গাড়ি ঘেরাও করেছেন। উদ্ভূত পরিস্থিতিতে শিক্ষার্থীরা আগামীকালের সব ক্লাস ও পরীক্ষা বর্জনের ঘোষণা দিয়েছেন।",25.00,10.26,22.50
news-46935801,যুক্তরাষ্ট্রের সাবেক প্রেসিডেন্ট জর্জ ডব্লিউ বুশ তার নিরাপত্তা কর্মীদের পিৎজা খাইয়েছেন।,যুক্তরাষ্ট্রের দীর্ঘস্থায়ী সরকারি অচলাবস্থার কারণে বেতনহীন অবস্থায় কর্মরত সিক্রেট সার্ভিস সদস্যদের প্রতি কৃতজ্ঞতা জানাতে সাবেক প্রেসিডেন্ট জর্জ ডব্লিউ বুশ ও তাঁর স্ত্রী লরা বুশ তাঁদের পিৎজা উপহার দিয়েছেন। বুশ দম্পতি এই সংকট নিরসনে রাজনৈতিক মতভেদ ভুলে নেতাদের ঐক্যবদ্ধ হওয়ার আহ্বান জানিয়েছেন। সীমান্তে দেয়াল নির্মাণের তহবিল নিয়ে বিরোধের জেরে সৃষ্ট এই শাটডাউনে প্রায় আট লাখ ফেডারেল কর্মী দীর্ঘ সময় ধরে বেতন পাচ্ছেন না।,19.18,11.27,19.18
news-54767253,ফ্রান্সের লিঁওতে একজন গ্রিক অর্থোডক্স পাদ্রীর গায়ে গুলি করা হলে তিনি গুরুতর জখম হন।,ফ্রান্সের লিঁও শহরে গির্জা বন্ধ করার সময় এক বন্দুকধারীর গুলিতে নিকোলাস কাকাভেলাকিস নামে এক পাদ্রী গুরুতর আহত হয়েছেন। ঘটনার পরপরই পুলিশ সন্দেহভাজন একজনকে আটক করলেও হামলাকারীর উদ্দেশ্য এখনো নিশ্চিত হওয়া যায়নি। সাম্প্রতিক সময়ে ফ্রান্সে একাধিক হামলার প্রেক্ষিতে সরকার উপাসনালয়গুলোর নিরাপত্তা জোরদার করেছে।,7.14,0.00,7.14
news-46305011,বাংলাদেশে নির্বাচনের সময় জনগণ যাতে কেন্দ্রে গিয়ে তাদের ভোট দিতে পারেন তা নিশ্চিত করার জন্য প্রধান নির্বাচন কমিশনার কে. এম. নূরুল হুদা পুলিশ প্রশাসনের প্রতি নির্দেশ দিয়েছেন।,"১. আসন্ন জাতীয় নির্বাচনকে কেন্দ্র করে পুলিশের ভূমিকা নিয়ে বিরোধীদলের সমালোচনার মুখে প্রধান নির্বাচন কমিশনার পুলিশ কর্মকর্তাদের সাথে বৈঠক করেছেন। ২. বৈঠকে নির্বাচন কমিশন নির্বাচনী কর্মকর্তাদের হয়রানি বন্ধের নির্দেশ দেওয়ার পাশাপাশি সুষ্ঠু নির্বাচনের স্বার্থে সন্ত্রাসীদের তালিকা তৈরি ও অবৈধ অস্ত্র উদ্ধারে কঠোর হওয়ার আহ্বান জানিয়েছে। ৩. কমিশন স্পষ্ট করেছে যে, নিরাপত্তা নিশ্চিতের নামে কোনো কর্মকর্তার ব্যক্তিগত গোপনীয়তা বা হয়রানি করা যাবে না, তবে নাশকতাকারীদের বিরুদ্ধে আইনানুগ ব্যবস্থা নিতে হবে।",12.50,4.26,10.42
news-46856269,বাংলাদেশ বিমানের বিজি ২০২ ফ্লাইটি গত ৪ঠা জানুয়ারি লন্ডন থেকে যাত্রী বোঝাই হয়ে রওনা দিয়েছিলো সিলেটের উদ্দেশ্যে।,লন্ডন থেকে সিলেটগামী বাংলাদেশ বিমানের এক যাত্রী মদ্যপ অবস্থায় বিমানে সহিংস আচরণ ও ক্রুদের বিরক্ত করলে পরিস্থিতি উত্তপ্ত হয়ে ওঠে। নিরাপত্তার জন্য হুমকি স্বরূপ ওই যাত্রীর কাছে মদের বোতল পাওয়া গেলে ক্যাপ্টেন তাকে নিয়ন্ত্রণে আনেন। বিমানটি সিলেটে অবতরণের পর কর্তৃপক্ষ তাকে আইনানুগ ব্যবস্থা গ্রহণের জন্য পুলিশের কাছে হস্তান্তর করেছে।,15.15,6.25,9.09
news-50713007,গণ-পরিবহনে একাকী ভ্রমণের ক্ষেত্রে কিছু সতর্কতা পরামর্শ দিয়ে সম্প্রতি ফেসবুকে পুলিশ বাহিনীর একটি পোস্ট নিয়ে আলোচনা চলছে সামাজিক যোগাযোগ মাধ্যমে।,"রাজধানীতে গণপরিবহনে চলাচলকারী নারীদের নিরাপত্তা নিশ্চিত করতে পুলিশ সদর দপ্তর ৯টি সতর্কতামূলক পরামর্শ প্রদান করেছে। এসব পরামর্শের মধ্যে একা ভ্রমণ না করা, অপরিচিতদের সামনে উচ্চস্বরে পরিবারের সাথে কথা বলা এবং প্রয়োজনে ৯৯৯-এ সহায়তা নেওয়ার মতো বিষয়গুলো অন্তর্ভুক্ত রয়েছে। তবে পুলিশের এই নির্দেশিকা নিয়ে ভুক্তভোগী নারী ও অধিকার কর্মীরা ক্ষোভ প্রকাশ করেছেন।",5.48,0.00,2.74
news-47260852,অনেকেই আছেন যারা মস্তিষ্কের গঠনের জন্য রাতে লম্বা সময় জেগে থাকেন। আর সকালে দেরি করে ওঠেন।,"বিজ্ঞানীরা দেরিতে ও ভোরে ওঠা ব্যক্তিদের মস্তিষ্কের কার্যকারিতা তুলনা করে দেখেছেন যে, রাত জাগা ব্যক্তিদের মনোযোগ ও প্রতিক্রিয়ার গতি সকালের দিকে তুলনামূলক কম থাকে। গবেষণায় দেখা গেছে, রাত জাগা ব্যক্তিরা দিনের বেলায় বেশি ঘুম ঘুম অনুভব করলেও রাত আটটার পর তাদের কর্মক্ষমতা ও প্রতিক্রিয়ার গতি বৃদ্ধি পায়। এই পার্থক্যের কারণে প্রথাগত কর্মঘণ্টার সাথে রাত জাগা ব্যক্তিদের সামঞ্জস্য বজায় রাখার চ্যালেঞ্জ নিয়ে আরও গবেষণার প্রয়োজন রয়েছে।",4.94,0.00,4.94
news-53524316,চীনের দক্ষিণ-পশ্চিমাঞ্চলের শহর চেংডুর মার্কিন দূতাবাস বন্ধ করে দেয়ার আদেশ দিয়েছে চীনের কর্তৃপক্ষ। চীন-মার্কিন সাম্প্রতিক দ্বন্দ্বের প্রেক্ষিতে প্রতিশোধমূলক পদক্ষেপ হিসেবে এই সিদ্ধান্ত নিয়েছে চীন।,"যুক্তরাষ্ট্র হিউস্টনে অবস্থিত চীনা দূতাবাস বন্ধের নির্দেশ দিলে চীনও পাল্টা ব্যবস্থা হিসেবে চেংডুতে অবস্থিত মার্কিন কনস্যুলেট বন্ধের ঘোষণা দেয়। বুদ্ধিবৃত্তিক সম্পদ চুরি, বাণিজ্য যুদ্ধ, করোনা মহামারি এবং হংকং ইস্যু নিয়ে দুই দেশের মধ্যে চলমান উত্তেজনার জেরে এই কূটনৈতিক সংঘাতের সৃষ্টি হয়েছে। চীন এই পরিস্থিতির জন্য সম্পূর্ণভাবে যুক্তরাষ্ট্রকে দায়ী করে একে অযৌক্তিক পদক্ষেপ হিসেবে অভিহিত করেছে।",17.28,2.53,9.88
news-46969932,নিউজিল্যান্ডের বিপক্ষে তিন ম্যাচের ওয়ানডে সিরিজের দলে ফিরেছেন সাব্বির রহমান ও তাসকিন আহমেদ।,"আচরণবিধি ভঙ্গের দায়ে নিষিদ্ধ সাব্বির রহমানকে দলের প্রয়োজনে এবং অধিনায়ক মাশরাফি বিন মর্তুজার পছন্দে নিষেধাজ্ঞা শিথিল করে জাতীয় দলে ফিরিয়ে আনা হয়েছে। পুরোপুরি ফর্মে না থাকলেও সাব্বিরের অভিজ্ঞতার ওপর ভিত্তি করেই নির্বাচকরা তাকে দলে অন্তর্ভুক্ত করেছেন। উল্লেখ্য, এই দল নিয়েই বাংলাদেশ নিউজিল্যান্ড সফরে তিনটি ওয়ানডে ও তিনটি টেস্ট ম্যাচ খেলবে।",9.52,0.00,6.35
news-48423352,মিয়ানমারে দশ জন রোহিঙ্গা পুরুষ এবং বালককে হত্যার অভিযোগে যে সাত সেনা সদস্যকে কারাদণ্ড দেয়া হয়েছিল তাদের দণ্ডভোগ শেষ হওয়ার অনেক আগেই জেল থেকে ছেড়ে দেয়া হয়েছে।,মিয়ানমারের ইন দিন গ্রামে রোহিঙ্গা হত্যাকাণ্ডের দায়ে ১০ বছরের কারাদণ্ডপ্রাপ্ত সাত সেনা সদস্যকে সাজা ভোগের এক বছরেরও কম সময়ের মধ্যে গত নভেম্বরে মুক্তি দেওয়া হয়েছে। অথচ এই ঘটনাটি ফাঁস করার দায়ে রয়টার্সের দুই সাংবাদিককে দীর্ঘ সময় কারাভোগ করতে হয়েছিল। আন্তর্জাতিক মহলে সমালোচিত এই ঘটনাটি মিয়ানমারের বিচারব্যবস্থা ও সামরিক বাহিনীর পক্ষপাতমূলক আচরণের বিষয়টি পুনরায় স্পষ্ট করেছে।,9.76,5.00,9.76
news-48522952,বাংলাদেশে শাওয়াল মাসের চাঁদ দেখা নিয়ে জাতীয় চাঁদ দেখা কমিটির দুই দফা ঘোষণায় নানারকম মন্তব্য বা স্ট্যাটাসে সরগরম হয়ে উঠেছে ফেসবুক।,"ঈদের চাঁদ দেখা নিয়ে বিভ্রান্তির জেরে প্রথমে বৃহস্পতিবার ঈদ উদযাপনের ঘোষণা দেওয়া হলেও, পরবর্তীতে দেশের বিভিন্ন প্রান্ত থেকে চাঁদ দেখার খবর পাওয়ায় তা সংশোধন করা হয়। স্থানীয় প্রশাসন ও সাধারণ মানুষের তথ্যের ভিত্তিতে জাতীয় চাঁদ দেখা কমিটি জরুরি বৈঠক করে বুধবার ঈদ উদযাপনের সিদ্ধান্ত নেয়। শরীয়ত অনুযায়ী নির্ভরযোগ্য সাক্ষ্যপ্রমাণের ভিত্তিতে এই সিদ্ধান্ত পরিবর্তন করা হয়েছে বলে ধর্ম প্রতিমন্ত্রী জানিয়েছেন।",10.00,5.13,10.00
news-47352616,বাংলাদেশে বিমান ছিনতাই চেষ্টার ঘটনায় ঢাকার হযরত শাহজালাল আন্তর্জাতিক বিমানবন্দরের নিরাপত্তা নিয়ে নতুন করে প্রশ্ন উঠেছে।,"শাহজালাল আন্তর্জাতিক বিমানবন্দরে কঠোর নিরাপত্তা বেষ্টনী ভেদ করে অস্ত্রসহ এক ব্যক্তির বিমানে ওঠার ঘটনায় দেশজুড়ে তীব্র সমালোচনার সৃষ্টি হয়েছে। এ ঘটনার কারণ অনুসন্ধানে বিমান মন্ত্রণালয় একটি তদন্ত কমিটি গঠন করেছে এবং সিসিটিভি ফুটেজসহ সার্বিক নিরাপত্তা ব্যবস্থা খতিয়ে দেখা হচ্ছে। নিরাপত্তা বিশ্লেষকদের মতে, বিমানবন্দরের বিদ্যমান নিরাপত্তা ব্যবস্থার দুর্বলতা ও নজরদারির অভাবেই এমন নজিরবিহীন ঘটনা ঘটেছে।",20.00,2.94,11.43
news-46007837,বাংলাদেশে সড়ক পরিবহন শ্রমিক ফেডারেশন রবিবার ভোর থেকে সারা দেশে শ্রমিকদের ৪৮ ঘণ্টার কর্মবিরতির কর্মসূচি নিয়েছে।,"নিরাপদ সড়কের দাবিতে প্রণীত ‘সড়ক পরিবহন আইন-২০১৮’-এর বিভিন্ন ধারার বিরোধিতা করে তা সংশোধনের দাবি জানিয়েছে পরিবহন শ্রমিক ফেডারেশন। শ্রমিক নেতাদের মতে, দুর্ঘটনার মামলা জামিন অযোগ্য করাসহ আইনের আটটি বিষয় সংশোধন করা প্রয়োজন, কারণ সব দুর্ঘটনার জন্য কেবল চালক দায়ী নন। তবে এই আন্দোলনের ফলে সৃষ্ট ধর্মঘটে সাধারণ মানুষ চরম ভোগান্তির শিকার হচ্ছেন।",8.57,5.88,8.57
150809_aho_bd_blogger_killing_cases_follow,বাংলাদেশে ২০১৩ সাল থেকে এখন পর্যন্ত মোট ৫ জন ব্লগারকে তাদের লেখালেখির কারণে হত্যা করা হলেও একটি বাদে কোনও মামলারই চোখে পড়ার মতো অগ্রগতি নেই।,বাংলাদেশে মুক্তমনা ব্লগারদের ওপর ধারাবাহিক হত্যাকাণ্ডের ঘটনায় এখন পর্যন্ত মাত্র একটি মামলার বিচার কার্যক্রম চলমান রয়েছে। ২০১৩ সালে নিহত প্রথম ব্লগার আহমেদ রাজিব হায়দারের মামলার রায় দ্রুত ঘোষণার আশা প্রকাশ করেছে পুলিশ। তবে অভিজিৎ রায়সহ অন্যান্য ব্লগার হত্যাকাণ্ডের বিচারিক প্রক্রিয়া এখনো কাঙ্ক্ষিত গতি পায়নি।,14.49,2.99,11.59
news-41543348,"মুম্বাই চলচ্চিত্রের সুপারস্টার আমির খান মিয়ানমারের সামরিক অভিযানের মুখে পালিয়ে আসা রোহিঙ্গাদের দুর্দশা প্রসঙ্গে বলেছেন, মিয়ানমারে যা ঘটছে তাতে তার বুক ভেঙে গিয়েছে।",তুর্কি সরকারের আমন্ত্রণে অভিনেতা আমির খান বর্তমানে তুরস্ক সফর করছেন এবং দেশটির প্রেসিডেন্ট রেচেপ তাইপ এরদোয়ানের সাথে সাক্ষাৎ করেছেন। ইস্তাম্বুলে এক সংবাদ সম্মেলনে তিনি বিশ্বজুড়ে চলমান মানবিক সংকটের অবসান কামনা করে গভীর উদ্বেগ প্রকাশ করেছেন। এই সফরের অংশ হিসেবে তিনি তুর্কি চলচ্চিত্র সংশ্লিষ্টদের সাথে মতবিনিময়ের পাশাপাশি তার নতুন চলচ্চিত্র 'সিক্রেট সুপারস্টার'-এর প্রচারণায় অংশ নিচ্ছেন।,10.26,2.63,7.69
news-38298662,যুক্তরাজ্যের বিশ্ববিদ্যালয়গুলোতে পড়তে যাওয়া বিদেশী শিক্ষার্থীদের সংখ্যা অর্ধেকে নামিয়ে আনার ভাবছে দেশটির স্বরাষ্ট্র মন্ত্রণালয়।,"যুক্তরাজ্য সরকার অভিবাসন নিয়ন্ত্রণের অংশ হিসেবে আন্তর্জাতিক শিক্ষার্থীদের সংখ্যা তিন লক্ষ থেকে এক লক্ষ সত্তর হাজারে নামিয়ে আনার পরিকল্পনা করছে। তবে দেশটির বিশ্ববিদ্যালয়গুলো এই সিদ্ধান্তের বিরোধিতা করছে, কারণ এর ফলে তারা বড় ধরনের আর্থিক ক্ষতির সম্মুখীন হবে এবং বিশ্ববাজারে ব্রিটেনের প্রতিযোগিতামূলক অবস্থান দুর্বল হয়ে পড়বে। শিক্ষাবিদদের মতে, আন্তর্জাতিক শিক্ষার্থীদের সংখ্যা কমানোর পরিবর্তে সরকারের উচিত অভিবাসন সমস্যার প্রকৃত কারণগুলোর দিকে নজর দেওয়া।",10.67,2.74,10.67
news-55292761,ফুসফুসের জটিলতায় আক্রান্ত হয়ে মারা গেছেন হেফাজতে ইসলামের মহাসচিব নূর হোসাইন কাসেমী।,হেফাজতে ইসলামের মহাসচিব ও বিশিষ্ট আলেম নূর হোসাইন কাসেমী ৭৬ বছর বয়সে ঢাকার একটি বেসরকারি হাসপাতালে চিকিৎসাধীন অবস্থায় মৃত্যুবরণ করেছেন। শ্বাসকষ্টজনিত সমস্যার কারণে তাকে হাসপাতালে ভর্তি করা হলেও তার করোনা পরীক্ষার ফলাফল নেগেটিভ এসেছিল। তিনি হেফাজতে ইসলামসহ বিভিন্ন ধর্মীয় ও শিক্ষা প্রতিষ্ঠানের গুরুত্বপূর্ণ দায়িত্ব পালন করে আসছিলেন।,20.34,14.04,20.34
news-45089885,কয়েকবছর আগে সনটাল ইয়ানের মেয়ে মেলানি তার মুসলিম স্বামী আর দুই সন্তানকে নিয়ে সিরিয়ায় চলে যান।,"ফ্রান্সে থাকা অনেক পরিবার ইসলামিক স্টেটে যোগ দিয়ে সিরিয়া ও ইরাকে আটকা পড়ায়, তাদের দাদা-দাদীরা নাতি-নাতনিদের দেশে ফিরিয়ে আনার জন্য সরকারের কাছে জোর দাবি জানাচ্ছেন। ফরাসি সরকার প্রাপ্তবয়স্কদের সেখানেই বিচার করার নীতি গ্রহণ করলেও, মানবিক বিবেচনায় এখন পর্যন্ত ৭৭ জন শিশুকে ফ্রান্সে ফিরিয়ে এনেছে। তবে ফিরে আসা এই শিশুদের নিয়ে নিরাপত্তা ঝুঁকি ও সামাজিক পুনর্বাসন নিয়ে সংশয় থাকায় প্যারিসের কৌসুলিরা তাদের 'টাইম বোম্ব' হিসেবে অভিহিত করেছেন।",0.00,0.00,0.00
news-46089195,একুশ বছর বয়েসে তরুণী লিয়ান (আসল নাম নয়) তার প্রথম ভাইব্রেটরটি কিনেছিলেন বার্মিংহ্যাম থেকে। শহরটির কাছেই এক ছোট্ট গ্রামের মেয়ে তিনি।,"যৌন জীবনে চরম তৃপ্তি লাভে ব্যর্থ লিয়ান নামের এক তরুণী বন্ধুর পরামর্শে ভাইব্রেটর ব্যবহার করে প্রথমবারের মতো অরগ্যাজমের অভিজ্ঞতা লাভ করেন। বর্তমানে পশ্চিমা সমাজে যৌন খেলনার ব্যবহার মূলধারায় উঠে এলেও, এর অতিরিক্ত ব্যবহার শারীরিক অনুভূতির ওপর প্রভাব ফেলতে পারে কি না তা নিয়ে বিতর্ক রয়েছে। এই নিবন্ধটি ব্যক্তিগত অভিজ্ঞতা ও সচেতনতার আলোকে যৌন খেলনার ক্রমবর্ধমান গ্রহণযোগ্যতা ও এর ব্যবহারের প্রভাব নিয়ে আলোচনা করেছে।",7.14,0.00,4.76
150402_fp_bd_police_drama,"নাটক, সিনেমায় যেমন থাকে নায়ক, নায়িকা, খলচরিত্র তেমনি দেখা যায় পুলিশের চরিত্র।",নাটক ও সিনেমায় পুলিশের চরিত্র ও পোশাকের ভুল উপস্থাপনা এবং নেতিবাচক ভাবমূর্তি রোধে কঠোর হচ্ছে বাংলাদেশ পুলিশ। এখন থেকে যেকোনো অডিও-ভিজ্যুয়াল মাধ্যমে পুলিশের চরিত্র ফুটিয়ে তুলতে হলে সংশ্লিষ্ট কর্তৃপক্ষের কাছ থেকে পূর্বানুমতি নেওয়া বাধ্যতামূলক করা হয়েছে। পুলিশের নির্ধারিত 'ড্রেস রুল' মেনে সঠিক পদমর্যাদা ও পোশাকের ব্যবহার নিশ্চিত করতেই এই নতুন নির্দেশনা দেওয়া হয়েছে।,9.09,3.12,9.09
news-44533032,"সন্তানের নাম কী রাখবেন, তা নিয়ে অনেক বাবা মা-ই আজকাল বেশ চিন্তিত হয়ে পড়েন। কেউ শরণাপন্ন হন কবি-সাহিত্যিকদের, কেউ খোঁজেন অভিধান, কেউ আবার চিরাচরিতভাবে পরিবারের বড়দের দেওয়া নামটাই রেখে দেন।","মহারাষ্ট্রের এক দম্পতি তাদের নবজাতক সন্তানের নাম নির্বাচনের জন্য অভিনব এক ভোটগ্রহণের আয়োজন করেছেন। সন্তানের জন্মকুন্ডলিতে সে ভবিষ্যতে নেতা হবে বলে উল্লেখ থাকায়, বাবা-মা তিনটি নামের মধ্যে সেরা নামটি বেছে নিতে ব্যালট পেপারের মাধ্যমে এই নির্বাচনের ব্যবস্থা করেন। নির্বাচন কমিশনের আদলে আয়োজিত এই প্রক্রিয়ায় আত্মীয়-স্বজন ও পরিচিতরা তাদের পছন্দের নামে ভোট দিয়ে শিশুটির নাম চূড়ান্ত করতে সহায়তা করছেন।",8.70,4.44,8.70
news-44720477,গ্রুপ-জি তে থেকে বিশ্বকাপ শুরু করা বেলজিয়াম এই পর্যায়ে খুব কঠিন সমীকরণের মুখোমুখি হয়েছে।,জাপানের বিপক্ষে নাটকীয় জয়ের মাধ্যমে বেলজিয়াম দীর্ঘ ৪৪ বছর পর বিশ্বকাপের নকআউট পর্বের বাধা পেরিয়ে কোয়ার্টার ফাইনালে পৌঁছেছে। তবে শেষ আটের লড়াইয়ে তাদের এখন মুখোমুখি হতে হচ্ছে পাঁচবারের বিশ্বচ্যাম্পিয়ন শক্তিশালী ব্রাজিলের। কঠিন এই পরীক্ষার সামনে দাঁড়িয়ে বেলজিয়াম কোচ রবার্টো মার্টিনেজ তার দলের জয়ের জন্য সাহসিকতা ও ইতিবাচক মানসিকতা বজায় রাখার ওপর জোর দিয়েছেন।,11.76,0.00,5.88
news-41545429,"বাংলাদেশে মাত্র কিছুদিন আগে বাসে গণ ধর্ষণের পর এক তরুণীকে হত্যা করে রাস্তায় ফেলে যাবার ঘটনা ঘটার পর রাজধানী ঢাকাসহ সবখানে রাস্তায় পথেঘাটে, বিশেষ করে সন্ধ্যার পর নারীর নিরাপত্তা নিয়ে নতুন করে প্রশ্ন উঠেছে।",ঢাকায় কর্মজীবী ও শিক্ষার্থী নারীরা প্রতিদিন যাতায়াতের পথে নানা ধরনের যৌন হয়রানি ও বিব্রতকর পরিস্থিতির শিকার হচ্ছেন। নিরাপত্তাহীনতার ভয়ে নারীরা একা চলাফেরা করতে স্বাচ্ছন্দ্যবোধ করেন না এবং অনেক ক্ষেত্রে অভিভাবকরাও তাদের সন্ধ্যার পর বাইরে যেতে নিরুৎসাহিত করেন। বাংলাদেশে ৮০ শতাংশ নারী রাস্তায় হয়রানির শিকার হওয়ার এই উদ্বেগজনক পরিস্থিতি তাদের স্বাভাবিক চলাফেরাকে বাধাগ্রস্ত করছে।,9.20,2.35,4.60
news-46194842,ভারতে 'ফেক নিউজ' বা ভুয়ো খবর নিয়ে বিবিসির গবেষণায় ইতিমধ্যেই উঠে এসেছে জাতীয়তাবাদী চেতনা ছড়ানোর উদ্দেশ্যে কীভাবে সে দেশের সোশ্যাল মিডিয়াতে ফেক নিউজের বাড়বাড়ন্ত লক্ষ্য করা যাচ্ছে।,"ভারতে মোবাইল ইন্টারনেটের প্রসারের সাথে সাথে রাজনৈতিক প্রচারণায় ফেক নিউজের ব্যবহার নিয়ে বিতর্ক তীব্র হয়েছে। বিরোধী দলগুলোর অভিযোগ, বিজেপি সুপরিকল্পিতভাবে তাদের 'ডিজিটাল আর্মি' ব্যবহার করে ভুল তথ্য ছড়ানো ও প্রতিপক্ষকে হেনস্থা করার মাধ্যমে রাজনৈতিক ফায়দা লুটছে। তবে বিজেপি বরাবরই তাদের ডিজিটাল সক্ষমতাকে সাফল্যের চাবিকাঠি হিসেবে দাবি করে আসছে, যা ভারতের নির্বাচনী রাজনীতিতে বড় প্রভাব ফেলছে।",7.32,2.50,7.32
news-45239288,আপনি হয়তো কখনও ধূমপান করেন নি কিন্তু তাই বলে ধূমপানের কারণে যেসব অসুখ হতে পারে আপনি কি তার ঝুঁকি থেকে মুক্ত?,"**সারসংক্ষেপ:** যুক্তরাষ্ট্রের এক গবেষণায় দেখা গেছে, শৈশবে ধূমপায়ী পিতামাতার সান্নিধ্যে বেড়ে ওঠা অধূমপায়ীদের মধ্যেও পরবর্তী জীবনে ফুসফুসের গুরুতর রোগ ও হৃদরোগে আক্রান্ত হওয়ার ঝুঁকি অনেক বেশি থাকে। গবেষণায় উঠে এসেছে যে, নিয়মিত পরোক্ষ ধূমপানের শিকার ব্যক্তিদের স্ট্রোক, হার্ট অ্যাটাক ও ফুসফুসের জটিল রোগে মৃত্যুর সম্ভাবনা উল্লেখযোগ্য হারে বৃদ্ধি পায়। তাই শিশুদের স্বাস্থ্য সুরক্ষায় অভিভাবকদের ধূমপান বর্জন করাই সবচেয়ে কার্যকর উপায় বলে বিশেষজ্ঞরা মত দিয়েছেন।",11.76,0.00,4.71
news-45420806,ভারতের আমন্ত্রণে বাংলাদেশের অন্যতম ইসলামী দল জাকের পার্টির শীর্ষ নেতৃত্ব এখন দিল্লি সফর করছেন - তারা দেখা করছেন ক্ষমতাসীন বিজেপির নেতা-মন্ত্রীদের সঙ্গেও।,"বাংলাদেশের জাতীয় নির্বাচনের বছরে ভারত সরকার ক্ষমতাসীন আওয়ামী লীগ ও জাতীয় পার্টির পাশাপাশি তরিকত ফেডারেশন ও জাকের পার্টির মতো ছোট দলগুলোর শীর্ষ নেতাদেরও দিল্লি সফরে আমন্ত্রণ জানাচ্ছে। ভারতের নীতিনির্ধারক ও বিজেপি নেতাদের সঙ্গে এসব দলের নেতাদের ধারাবাহিক বৈঠক রাজনৈতিক মহলে ব্যাপক আলোচনার জন্ম দিয়েছে। জাকের পার্টির চেয়ারম্যানের মতে, দুই দেশের পারস্পরিক নিরাপত্তা ও উন্নয়নের স্বার্থেই ভারত বাংলাদেশের রাজনৈতিক দলগুলোর সঙ্গে এমন ঘনিষ্ঠ যোগাযোগ বজায় রাখছে।",16.09,2.35,11.49
news-54322221,"নিউ ইয়র্ক টাইমসের এক রিপোর্ট বলছে, মার্কিন প্রেসিডেন্ট ডোনাল্ড ট্রাম্প ২০১৬ এর ২০১৭ সালে পরপর দুই বছর ৭৫০ ডলার করে আয়কর দিয়েছেন।","নিউ ইয়র্ক টাইমসের এক প্রতিবেদনে দাবি করা হয়েছে যে, ডোনাল্ড ট্রাম্প গত ১৫ বছরের মধ্যে ১০ বছরই কোনো আয়কর দেননি এবং তিনি আয়ের চেয়ে অনেক বেশি লোকসান দেখিয়েছেন। ট্রাম্প এই প্রতিবেদনকে 'ভুয়া খবর' হিসেবে প্রত্যাখ্যান করে দাবি করেছেন যে তিনি যথাযথভাবে কর পরিশোধ করেছেন। নির্বাচনের ঠিক আগে প্রকাশিত এই প্রতিবেদনটি মার্কিন রাজনীতিতে ব্যাপক আলোচনার জন্ম দিয়েছে, কারণ ট্রাম্পই প্রথম আধুনিক মার্কিন প্রেসিডেন্ট যিনি তার আয়কর নথি প্রকাশ করতে অস্বীকৃতি জানিয়ে আসছেন।",21.51,10.99,17.20
news-41512170,বিশ্বখ্যাত অনলাইন শপিং প্রতিষ্ঠান অ্যামাজন থেকে ১২ লাখ ডলারের বেশি মূল্যের পণ্য চুরি করেছে বলে স্বীকার করেছে আমেরিকার এক দম্পতি ।,"অ্যামাজান থেকে পণ্য নষ্ট হওয়ার মিথ্যা দাবি করে শত শত ইলেকট্রনিক সামগ্রী হাতিয়ে নেওয়ার অভিযোগে যুক্তরাষ্ট্রের এক দম্পতি প্রতারণা ও অর্থ পাচারের কথা স্বীকার করেছেন। তদন্তে বেরিয়ে এসেছে যে, তারা ভুয়া অ্যাকাউন্টের মাধ্যমে পণ্যগুলো সংগ্রহ করে পুনরায় বিক্রি করে বিপুল অর্থ উপার্জন করতেন। এই অপরাধের দায়ে তাদের সর্বোচ্চ ২০ বছরের কারাদণ্ড ও ৫ লক্ষ ডলার জরিমানার সম্ভাবনা রয়েছে।",12.82,2.63,10.26
news-56146635,"করোনাভাইরাসের টিকা যে সত্যিই সংক্রমিতদের ""হাসপাতালে ভর্তি হবার মত গুরুতর অসুস্থ হওয়া"" বিপুলভাবে কমিয়ে দিতে পারে - তার প্রমাণ পাওয়া যাচ্ছে যুক্তরাজ্যের স্কটল্যান্ডে চালানো এক জরিপে।","স্কটল্যান্ডে পরিচালিত এক গবেষণায় দেখা গেছে, করোনাভাইরাসের প্রথম ডোজ টিকা নেওয়ার চার সপ্তাহ পর হাসপাতালে ভর্তির হার উল্লেখযোগ্যভাবে হ্রাস পেয়েছে। ফাইজার ও অক্সফোর্ড-অ্যাস্ট্রাজেনেকার টিকাগুলো যথাক্রমে ৮৫ ও ৯৪ শতাংশ কার্যকরভাবে গুরুতর অসুস্থতা প্রতিরোধ করছে। এই ফলাফল টিকাদান কর্মসূচির কার্যকারিতার বাস্তব প্রমাণ দেয় এবং করোনা মোকাবিলায় নতুন আশার সঞ্চার করেছে।",18.67,0.00,13.33
news-45476990,দিনের বেলায় শত-শত মানুষের সামনে কেনিয়ার এ পুলিশ কর্মকর্তা দুজন সন্দেহভাজন অপরাধীকে গুলি করে হত্যা করছে।,"কেনিয়ার নাইরোবিতে অপরাধ দমনের নামে পুলিশ কর্মকর্তা আহমাদ রশিদের বিচারবহির্ভূত হত্যাকাণ্ডের একটি ভিডিও ভাইরাল হলে দেশজুড়ে ব্যাপক বিতর্কের সৃষ্টি হয়। স্থানীয় বাসিন্দাদের একাংশ অপরাধ দমনে তার কঠোর ভূমিকার প্রশংসা করলেও মানবাধিকার কর্মীরা একে আইনের শাসন ও মানবাধিকারের চরম লঙ্ঘন বলে নিন্দা জানিয়েছেন। অভিযুক্ত পুলিশ কর্মকর্তা অপরাধ নির্মূলে সন্দেহভাজনদের জীবিত বা মৃত ধরার নীতিতে অটল থাকলেও, মানবাধিকার সংস্থাগুলো বিচারিক প্রক্রিয়ার বাইরে এমন হত্যাকাণ্ডের তীব্র বিরোধিতা করছে।",9.76,2.50,9.76
news-52347238,সারা বিশ্বে করোনাভাইরাসে আক্রান্ত হয়ে মৃত্যুর সংখ্যা রোববার পর্যন্ত দাঁড়িয়েছে প্রায় দেড় লাখ।,"বিশ্বজুড়ে কোভিড-১৯ এ আক্রান্তদের মধ্যে নারীর তুলনায় পুরুষের মৃত্যুর হার আশঙ্কাজনকভাবে বেশি লক্ষ্য করা যাচ্ছে। এমনকি যেসব দেশে নারীরা বেশি সংক্রমিত হয়েছে, সেখানেও মৃত্যুর হার পুরুষদের ক্ষেত্রেই বেশি। বিশেষজ্ঞরা এই প্রবণতার সুনির্দিষ্ট কারণ এখনো নিশ্চিত করতে না পারলেও, বয়স ও লিঙ্গভেদে ঝুঁকির এই পার্থক্য নিয়ে ব্যাপক গবেষণা চালাচ্ছেন।",3.23,0.00,3.23
news-54719752,আরব দেশগুলোতে চালানো সাম্প্রতিক জরিপের ফলাফলে বেরিয়ে এসেছে যে আমেরিকার প্রেসিডেন্ট হিসাবে ডোনাল্ড ট্রাম্প বা জো বাইডেন - কেউই মধ্যপ্রাচ্য এবং উত্তর আফ্রিকার জন্য ভাল হবেন না।,"ইউগভ ও আরব নিউজের যৌথ জরিপে দেখা গেছে, মধ্যপ্রাচ্যের অধিকাংশ মানুষ ডোনাল্ড ট্রাম্পের চেয়ে জো বাইডেনকে প্রেসিডেন্ট হিসেবে বেশি পছন্দ করছেন। জেরুসালেমে মার্কিন দূতাবাস স্থানান্তরসহ ট্রাম্পের বিভিন্ন বিতর্কিত সিদ্ধান্তের কারণে তার জনপ্রিয়তা কমলেও, ইরানবিরোধী কঠোর অবস্থানের জন্য ইরাক ও ইয়েমেনের কিছু মানুষ তাকে সমর্থন জানিয়েছেন। এছাড়া, জরিপে অঞ্চলটির তরুণ প্রজন্মের মধ্যে দেশ ছাড়ার ক্রমবর্ধমান প্রবণতাও স্পষ্টভাবে ফুটে উঠেছে।",11.90,0.00,9.52
news-49272718,১৯৯৭ সালে ব্রিটিশদের কাছ থেকে চীনাদের শাসনে আসার পর থেকে সবচেয়ে বড় সংকট মোকাবেলা করছে হংকং।,"হংকংয়ে বিতর্কিত প্রত্যর্পণ বিলের বিরুদ্ধে টানা নবম সপ্তাহের বিক্ষোভের ফলে দেশটির পর্যটন ও খুচরা ব্যবসা মারাত্মকভাবে ক্ষতিগ্রস্ত হচ্ছে। এই রাজনৈতিক অস্থিরতা বিনিয়োগকারীদের মধ্যে উদ্বেগ সৃষ্টি করেছে, যা হংকংয়ের দীর্ঘদিনের অর্থনৈতিক স্থিতিশীলতার জন্য বড় ঝুঁকি হয়ে দাঁড়িয়েছে। এছাড়া চলমান সংকট নিরসনে চীনের সরাসরি হস্তক্ষেপের আশঙ্কা হংকংয়ের গুরুত্বপূর্ণ অর্থনৈতিক কেন্দ্র হিসেবে টিকে থাকার ভবিষ্যৎকে অনিশ্চিত করে তুলছে।",2.82,0.00,2.82
news-55889615,"ভেজাল মদ খেয়ে বিষক্রিয়ায় মৃত্যু, অঙ্গহানি বা অসুস্থ হওয়ার খবর বাংলাদেশে মাঝেমধ্যেই শোনা যায়। গত কয়েকদিনে এরকম বেশ ক'টি ঘটনা ঘটে গেছে।",ঢাকায় ও বগুড়ায় ভেজাল মদ পানের ফলে বিষক্রিয়ায় আক্রান্ত হয়ে সম্প্রতি অন্তত আটজনের মৃত্যু হয়েছে এবং অনেকে হাসপাতালে চিকিৎসাধীন রয়েছেন। অসাধু ব্যবসায়ীরা মদের সাথে শিল্পকারখানায় ব্যবহৃত বিষাক্ত মিথানল মিশিয়ে বিক্রির কারণে এই মর্মান্তিক ঘটনাগুলো ঘটছে। আইনের কড়াকড়ি সত্ত্বেও অবৈধ উৎস থেকে মদ কেনার প্রবণতা এবং ভেজাল রোধে কার্যকর পদক্ষেপের অভাবই এমন মৃত্যুর প্রধান কারণ।,10.39,2.67,10.39
news-43113420,"বাংলাদেশে দারিদ্র কিংবা দুর্যোগের কারণে যারা শহরমুখী হয়ে বস্তিতে আশ্রয় নিচ্ছেন, তারা তাদের জীবনমান উন্নয়নের যথেষ্ট সুযোগ পাচ্ছেন না।","১. শিক্ষা ও স্বাস্থ্যসহ সামাজিক সুরক্ষার অভাবে বস্তিবাসীদের জীবনযাত্রার মান দীর্ঘ সময় ধরে অপরিবর্তিত রয়ে গেছে, যা দেশে সামাজিক ন্যায়বিচারের পথে বড় বাধা। ২. বিশেষজ্ঞরা মনে করেন, বিশেষ সরকারি সহায়তা ছাড়া বস্তিবাসীদের পক্ষে দারিদ্র্যের দুষ্টচক্র থেকে বেরিয়ে এসে জীবনযাত্রার উন্নয়ন ঘটানো প্রায় অসম্ভব। ৩. নদীভাঙন ও ভূমিহীনতার কারণে শহরে বস্তিবাসীর সংখ্যা ক্রমাগত বাড়ছে, কিন্তু কর্মসংস্থান ও সুযোগের অভাবে তাদের জীবনমান উন্নয়নের কোনো লক্ষণ দেখা যাচ্ছে না।",9.41,2.41,9.41
news-49298400,বাংলাদেশে ডেঙ্গু পরিস্থিতিতে সরকারের পক্ষ থেকে শুরু থেকেই বলা হচ্ছে নাগরিক সচেতনতার কথা।,"ঢাকার বিভিন্ন নির্মাণাধীন ভবন ও উন্নয়ন প্রকল্প এলাকায় জমে থাকা পানিতে এডিস মশার বংশবিস্তার ঘটছে, যা জনস্বাস্থ্যের জন্য বড় হুমকি হয়ে দাঁড়িয়েছে। ব্যক্তিগত সচেতনতা সত্ত্বেও এসব প্রকল্প এলাকার অব্যবস্থাপনার কারণে সাধারণ মানুষ ডেঙ্গু আতঙ্কে দিন কাটাচ্ছেন। নির্মাণাধীন স্থাপনাগুলোর তদারকির অভাব এবং দায়িত্বশীল কর্তৃপক্ষের উদাসীনতাই এই পরিস্থিতির জন্য দায়ী বলে মনে করছেন ভুক্তভোগীরা।",3.08,0.00,3.08
news-46875147,ভিনদেশে দুর্ধর্ষ মাফিয়াদের দৌরাত্ম্যর বিরুদ্ধে প্রতিরোধ গড়ে তুলে অনন্য দৃষ্টান্ত স্থাপন করেছেন ইতালির সিসিলি দ্বীপের রাজধানী পালেরমোর শতাধিক অভিবাসী। যাদের একটি বড় অংশই বাংলাদেশি।,"ইতালির পালেরমোতে অভিবাসী ব্যবসায়ীরা দীর্ঘ সময় ধরে স্থানীয় মাফিয়া চক্রের চাঁদাবাজি, লুটপাট ও প্রাণনাশের হুমকির শিকার হয়ে আসছিলেন। স্থানীয় ইতালীয়দের ওপর প্রশাসনের কঠোর নজরদারির ফলে মাফিয়ারা অপেক্ষাকৃত দুর্বল অভিবাসীদের লক্ষ্যবস্তুতে পরিণত করে। এই অমানবিক পরিস্থিতির বিরুদ্ধে তোফাজ্জাল তপুসহ স্থানীয় অভিবাসীরা ঐক্যবদ্ধ হয়ে প্রতিরোধ গড়ে তোলার উদ্যোগ গ্রহণ করেন।",11.11,0.00,5.56
news-51941584,"করোনাভাইরাস প্রাদুর্ভাবে বিশ্বের বহু জায়গায় থমকে গেছে প্রাণচাঞ্চল্য। এর মধ্যে কোনো কোনো জায়গায় তা হয়েছে সরকারের সিদ্ধান্ত অনুযায়ী, আবার কোথাও কোথাও সাধারণ মানুষ নিজরাই সচেতন হয়ে নিয়েছেন পদক্ষেপ।","বিশ্বজুড়ে ছড়িয়ে পড়া করোনা মহামারীর কারণে বিভিন্ন দেশের সরকার জনসমাগম এড়াতে কঠোর লকডাউন ও জরুরি বিধিনিষেধ আরোপ করেছে। এর ফলে লন্ডন, ইতালি, ভারত ও ভেনেজুয়েলাসহ বিশ্বের প্রধান শহরগুলোর রাস্তাঘাট ও পর্যটন কেন্দ্রগুলো জনশূন্য হয়ে পড়েছে। নাগরিকদের সুরক্ষায় স্কুল, রেস্টুরেন্ট ও অপ্রয়োজনীয় দোকানপাট বন্ধ রেখে সবাইকে ঘরে থাকার নির্দেশ দেওয়া হয়েছে।",5.13,0.00,2.56
news-47890363,জনসংখ্যার অনুপাতে বিশ্বে সবচেয়ে বেশি শিশু পানিতে ডুবে মারা যায় বাংলাদেশে।,"বাংলাদেশে পানিতে ডুবে প্রতিদিন গড়ে ৪০ জন শিশুর মৃত্যু হচ্ছে, যা অনেক ক্ষেত্রে রোগব্যাধির চেয়েও বেশি প্রাণঘাতী। বিভিন্ন আন্তর্জাতিক ও দেশীয় সংস্থার গবেষণায় উঠে এসেছে যে, জনসংখ্যার অনুপাতে দক্ষিণ এশিয়ায় পানিতে ডুবে শিশু মৃত্যুর হার বাংলাদেশে সবচেয়ে বেশি। তবে এই মৃত্যুর ঘটনাগুলো অধিকাংশ সময় সরকারি নথিতে বা পুলিশের খাতায় লিপিবদ্ধ না হওয়ায় বিষয়টি জনসমক্ষে সেভাবে গুরুত্ব পায় না।",20.29,5.97,14.49
news-55183537,ভাস্কর্য তৈরিকে কেন্দ্র করে শুক্রবার ঢাকার বায়তুল মোকাররম মসজিদ থেকে বের হওয়া একটি মিছিল পুলিশ ছত্রভঙ্গ করে দিয়েছে।,ঢাকার ধোলাইরপাড়ে বঙ্গবন্ধুর ভাস্কর্য নির্মাণের বিরোধিতায় শুক্রবার জুমার নামাজের পর বায়তুল মোকাররম মসজিদ এলাকা থেকে ইসলামপন্থী সংগঠনগুলো বিক্ষোভ মিছিল বের করে। মিছিলটি পল্টন এলাকায় পৌঁছালে পুলিশ বাধা দেয় এবং একপর্যায়ে বিক্ষোভকারীদের ছত্রভঙ্গ করে দেয়। পরিস্থিতি নিয়ন্ত্রণে রাখতে ওই এলাকায় বিপুল সংখ্যক পুলিশ মোতায়েন করা হয়েছিল।,41.27,9.84,31.75
news-57342338,জোয়ারের পানি এলেই ডুবে যায় সাতক্ষীরার বিশাল একটি অংশ।,**সারসংক্ষেপ:** ঘূর্ণিঝড় আম্ফানের পর স্থানীয়দের উদ্যোগে নির্মিত বেড়িবাঁধটি ঘূর্ণিঝড় ইয়াসের প্রভাবে আবারও ভেঙে পড়েছে। সরকারি সহায়তার অপেক্ষা না করে স্থানীয় বাসিন্দারা নিজেরাই বাঁধটি সংস্কারের কাজে নেমে পড়েছেন। তাদের এই স্বতঃস্ফূর্ত উদ্যোগের বিস্তারিত বিবিসি বাংলার প্রতিবেদনে তুলে ধরা হয়েছে।,0.00,0.00,0.00
news-44680581,বাংলাদেশে সরকারি চাকরিতে কোটা ব্যবস্থা সংস্কারের দাবিতে আন্দোলনরত শিক্ষার্থীদের ওপর ঢাকা বিশ্ববিদ্যালয় এলাকায় গত কয়েকদিন ধরেই হামলা চালানো হচ্ছে। আজ সোমবারেও বিশ্ববিদ্যালয় এলাকায় এরকম হামলা হয়েছে দফায় দফায়।,"কোটা সংস্কারের দাবিতে আন্দোলনরত শিক্ষার্থীদের ওপর ঢাকা বিশ্ববিদ্যালয় এলাকায় দফায় দফায় হামলা চালিয়েছে ছাত্রলীগ, যদিও ছাত্রলীগ এই অভিযোগ অস্বীকার করে একে আন্দোলনকারীদের অভ্যন্তরীণ বিরোধ বলে দাবি করেছে। আন্দোলনকারীরা কোটা সংস্কারের প্রজ্ঞাপন জারির সুনির্দিষ্ট সময়সীমা দাবি করলেও সরকার এ বিষয়ে সিদ্ধান্ত নিতে আরও সময় চেয়েছে। হামলার প্রতিবাদে আয়োজিত কর্মসূচি পালন করতে গিয়ে শিক্ষার্থীরা শহীদ মিনারে পুনরায় হামলার শিকার হয়ে ক্যাম্পাস এলাকা থেকে সরে যেতে বাধ্য হন।",17.20,10.99,17.20
news-45903066,সৌদি সাংবাদিক জামাল খাসোগজির রহস্যজনক অন্তর্ধানকে কেন্দ্র করে বিভিন্ন দেশের মন্ত্রীরা এখন রিয়াদে আগামী সপ্তাহে অনুষ্ঠিতব্য একটি বিশাল বিনিয়োগ সম্মেলন বর্জন করতে শুরু করেছেন।,"সৌদি সাংবাদিক জামাল খাসোগজির নিখোঁজ ও সম্ভাব্য হত্যাকাণ্ডের ঘটনায় বিশ্বজুড়ে তীব্র প্রতিক্রিয়ার সৃষ্টি হয়েছে। এই ঘটনার জেরে সৌদি আরবের গুরুত্বপূর্ণ বিনিয়োগ সম্মেলন 'মরুভূমির ডাভোস' থেকে বিশ্বের অনেক প্রভাবশালী ব্যক্তি ও মন্ত্রীরা নিজেদের প্রত্যাহার করে নিয়েছেন। এদিকে, তুরস্কের পক্ষ থেকে খাসোগজিকে হত্যার দাবি করা হলেও মার্কিন প্রেসিডেন্ট ডোনাল্ড ট্রাম্প এ বিষয়ে সুনির্দিষ্ট তথ্য-প্রমাণ চেয়েছেন।",17.95,7.89,12.82
news-40471827,প্রায় ৩০ বছর ধরে পুলিশের চোখে ধুলো দিয়ে পালিয়ে বেড়াতে সক্ষম হয়েছিলো শুধু মাত্র প্লাস্টিক সার্জারির সাহায্য নিয়ে।,দক্ষিণ আমেরিকার কোকেন পাচারকারী চক্রের মূল হোতা লুইজ কার্লোস দা রোচাকে দীর্ঘ অভিযানের পর ব্রাজিলে গ্রেফতার করেছে পুলিশ। প্লাস্টিক সার্জারির মাধ্যমে চেহারা পরিবর্তন করে আত্মগোপনে থাকা এই অপরাধী আন্তর্জাতিকভাবে বিশাল মাদক সাম্রাজ্য নিয়ন্ত্রণ করতেন। তার বিরুদ্ধে মাদক চোরাচালান ও সহিংসতাসহ বিভিন্ন অভিযোগে ৫০ বছরের কারাদণ্ড হতে পারে বলে জানিয়েছে পুলিশ।,5.88,3.03,5.88
news-50931361,"রোহিঙ্গা মুসলমান ও অন্যান্য সংখ্যালঘুদের ওপর যথেচ্ছ গ্রেপ্তার, নির্যাতন, ধর্ষণ, হেফাজতে মৃত্যুসহ মানবাধিকার লঙ্ঘনের অভিযোগে মিয়ানমারের বিরুদ্ধে একটি নিন্দা প্রস্তাব গ্রহণ করেছে জাতিসংঘের সাধারণ পরিষদ।","রোহিঙ্গা ও অন্যান্য সংখ্যালঘুদের ওপর মিয়ানমারের যুদ্ধাপরাধ তদন্তের জন্য প্রথমবারের মতো তহবিল বরাদ্দ করেছে জাতিসংঘের সাধারণ পরিষদ। জাতিসংঘের ১৯৩টি সদস্য দেশের মধ্যে ১৩৪টি দেশের ভোটে এই প্রস্তাব গৃহীত হলেও মিয়ানমার সরকার তাদের বিরুদ্ধে ওঠা অভিযোগ অস্বীকার করেছে। যদিও এই প্রস্তাব মানা বাধ্যতামূলক নয়, তবে আন্তর্জাতিক অঙ্গনে মিয়ানমারের ওপর এটি বড় ধরনের কূটনৈতিক চাপ সৃষ্টি করবে।",30.00,15.38,25.00
news-55216598,"রোববার রাতে যশোর শিশু উন্নয়ন কেন্দ্রের সবগুলো সিসিটিভি ক্যামেরা চালু ছিল, পাহারার দায়িত্বে ছিলেন ১৬ জন আনসার এবং ৮ জন পুলিশ সদস্য।",যশোরের শিশু উন্নয়ন কেন্দ্র থেকে ১২ থেকে ১৭ বছর বয়সী আটজন কিশোর বাথরুমের গ্রিল ভেঙে ও মই ব্যবহার করে মধ্যরাতে পালিয়ে গেছে। সিসিটিভি ফুটেজে তাদের পলায়নের দৃশ্য ধরা পড়লেও দায়িত্বরতদের নজরদারির অভাবে এই ঘটনাটি ঘটে। বর্তমানে পালিয়ে যাওয়া কিশোরদের খুঁজে বের করতে পুলিশি তৎপরতা চলছে।,5.97,0.00,5.97
news-44942962,"বাংলাদেশে আগামী সপ্তাহে রাজশাহী, সিলেট ও বরিশালের নির্বাচন নিয়ে সরগরম হয়ে উঠেছে জাতীয় রাজনীতি। রাজশাহীতে নির্বাচনকে কেন্দ্র করে অভিযোগ পাল্টা অভিযোগে উত্তপ্ত হয়ে উঠছে নির্বাচনী পরিবেশ।","সিলেট সিটি কর্পোরেশন নির্বাচনকে কেন্দ্র করে নৌকা ও ধানের শীষের সমর্থকদের পাল্টাপাল্টি স্লোগানে শহরজুড়ে নির্বাচনী আমেজ ও উত্তেজনা বিরাজ করছে। বিরোধী দলীয় প্রার্থী সরকারি দলের বিরুদ্ধে নেতাকর্মীদের গ্রেফতার ও ভীতিকর পরিবেশ তৈরির অভিযোগ তুললেও, সরকারি দলের তৎপরতা নিয়ে ভিন্নমত পোষণ করছেন স্থানীয়রা। আগামী সোমবার অনুষ্ঠিতব্য এই নির্বাচনে তিন লক্ষাধিক ভোটার তাদের ভোটাধিকার প্রয়োগ করবেন, তবে সুষ্ঠু ভোট নিয়ে জনমনে কিছুটা শঙ্কা রয়ে গেছে।",20.22,4.60,13.48
news-44192360,ব্রাজিলের প্রত্যন্ত অঞ্চলের একটি দ্বীপ ফার্নান্দো দে নরোনহা।,"ব্রাজিলের ফার্নান্দো দে নরোনহা দ্বীপে প্রসবের সুবিধা না থাকায় সেখানে সন্তান জন্ম দেওয়া নিষিদ্ধ, তবে দীর্ঘ ১২ বছর পর এক নারী আকস্মিকভাবে সেখানে এক কন্যাশিশুর জন্ম দিয়েছেন। গর্ভধারণ সম্পর্কে অজ্ঞ ওই নারী আইন অমান্য করলেও দ্বীপবাসী তাকে অপরাধী না ভেবে বরং আনন্দের সাথে সহায়তা করছেন। ইউনেস্কোর বিশ্ব ঐতিহ্যের তালিকাভুক্ত এই সংরক্ষিত দ্বীপে শিশুটির জন্ম স্থানীয়দের মাঝে ব্যাপক উৎসবের আমেজ তৈরি করেছে।",11.59,5.97,11.59
news-48713919,"নিজেদের ওয়ানডে ইতিহাসের সর্বোচ্চ রান তুলেছে বাংলাদেশ, তারপরেও জয়ের দেখা মিলল না। নটিংহ্যামের ট্রেন্ট ব্রিজে অস্ট্রেলিয়ার কাছে ৪৮ রানে হারলো বাংলাদেশ।",বিশ্বকাপের ম্যাচে ডেভিড ওয়ার্নারের দুর্দান্ত ১৬৬ রানের সুবাদে অস্ট্রেলিয়া প্রথমে ব্যাট করে ৩৮১ রানের বিশাল সংগ্রহ দাঁড় করায়। জবাবে মুশফিকুর রহিমের সেঞ্চুরি সত্ত্বেও বাংলাদেশ ৩৩৩ রান পর্যন্ত পৌঁছাতে সক্ষম হয়। শেষ পর্যন্ত ৪৮ রানের ব্যবধানে জয়ী হয়ে অস্ট্রেলিয়া বাংলাদেশের বিপক্ষে জয় তুলে নেয়।,9.37,0.00,6.25
news-49948001,বাংলাদেশের প্রধানমন্ত্রী শেখ হাসিনার চলমান ভারত সফরে তিস্তা নদীর জল ভাগাভাগির ক্ষেত্রে সুনির্দিষ্ট কোনও অগ্রগতি না-হলেও আর একটি অভিন্ন নদী ফেনী থেকে ভারতকে জল দিতে রাজি হয়েছে বাংলাদেশ।,"মানবিক কারণে বাংলাদেশ ফেনী নদী থেকে ত্রিপুরার সাব্রুম শহরে পানি সরবরাহের সিদ্ধান্ত নিয়েছে। তিস্তা চুক্তি না হলেও, দুই দেশ সাতটি অভিন্ন নদীর পানি বণ্টনের জন্য একটি কাঠামো তৈরিতে সম্মত হয়েছে। এছাড়া, যৌথ নদী কমিশনের কার্যক্রমের মাধ্যমে তিস্তাসহ অন্যান্য অভিন্ন নদীর পানি বণ্টনের বিষয়ে বাংলাদেশ আশাবাদী।",27.03,2.78,16.22
news-40734034,"যুক্তরাষ্ট্রের প্রেসিডেন্ট ডোনাল্ড ট্রাম্প বলেছেন, দেশটির সেনাবাহিনীতে তৃতীয় লিঙ্গের মানুষেরা কোনোভাবেই কাজ করতে পারবে না ।",প্রেসিডেন্ট ডোনাল্ড ট্রাম্প এক টুইট বার্তার মাধ্যমে মার্কিন সেনাবাহিনীতে তৃতীয় লিঙ্গের মানুষদের অন্তর্ভুক্তির নীতি বাতিল করে তাদের নিষিদ্ধ ঘোষণা করেছেন। সামরিক বাহিনীর কাজে বিঘ্ন ও অতিরিক্ত ডাক্তারি খরচের কারণ দেখিয়ে তিনি ওবামা প্রশাসনের নেওয়া পূর্ববর্তী সিদ্ধান্তটি উল্টে দিলেন। ট্রাম্পের এই বিতর্কিত সিদ্ধান্তের ফলে নির্বাচনী প্রচারণায় দেওয়া তার প্রতিশ্রুতি ও বর্তমান অবস্থানের মধ্যে বড় ধরনের বৈপরীত্য ফুটে উঠেছে।,16.67,11.43,16.67
news-38840158,যুক্তরাষ্ট্রে ফ্লোরিডার একটি ফেডারেল আদালত প্রেসিডেন্ট ডোনাল্ড ট্রাম্পের মালিকানাধীন একটি গলফ ক্লাবকে প্রায় ৬০ লাখ ডলার জরিমানা করেছে।,ডোনাল্ড ট্রাম্পের মালিকানাধীন জুপিটার গলফ ক্লাব কর্তৃপক্ষ নিয়ম পরিবর্তন করে সদস্যদের জমাকৃত অর্থ ফেরত দিতে অস্বীকার করলে আইনি জটিলতা তৈরি হয়। এই ঘটনায় যুক্তরাষ্ট্রের একটি আদালত ক্লাবটিকে সদস্যদের পাওনা বাবদ প্রায় ৫৭ লাখ ডলার জরিমানা প্রদানের নির্দেশ দিয়েছেন। আদালতের এই রায়ের ফলে ক্লাব ছাড়তে ইচ্ছুক ৬৫ জন সদস্য তাদের অর্থ ফেরত পাওয়ার সুযোগ পাচ্ছেন।,25.00,11.43,19.44
news-49912960,কুমিল্লার ডিমাতলী গ্রামে ভারতীয় সীমান্তের সাথে একদম গা ঘেঁষা বাড়িতে থাকেন পারভীন আক্তার।,"ভারত-বাংলাদেশ সীমান্তে কাঁটাতারের বেড়া নির্মাণের ফলে ডিমাতলীসহ সীমান্তবর্তী গ্রামগুলো দুই ভাগে বিভক্ত হয়ে পড়েছে, যা স্থানীয় বাসিন্দাদের স্বাভাবিক জীবনযাত্রা ও আত্মীয়তার সম্পর্কে বড় ধরনের ছেদ ঘটিয়েছে। বেড়া নির্মাণের কারণে অনেক মানুষ তাদের পৈতৃক ভিটা ও কৃষিজমি হারিয়ে নিঃস্ব হয়ে পড়েছেন। কাঁটাতারের এই বিভাজন দুই পাড়ের মানুষের মধ্যে দীর্ঘদিনের সামাজিক ও অর্থনৈতিক আদান-প্রদানকেও চিরতরে বন্ধ করে দিয়েছে।",0.00,0.00,0.00
news-46782920,ভারতে এক বিজ্ঞান সম্মেলনে বক্তারা উদ্ভট সব দাবি করার পর সে দেশের বৈজ্ঞানিক সমাজ এর প্রবল সমালোচনা করেছে।,"পাঞ্জাবের জলন্ধরে অনুষ্ঠিত ইন্ডিয়ান সায়েন্স কংগ্রেসে কিছু অংশগ্রহণকারী নিউটন ও আইনস্টাইনের বৈজ্ঞানিক তত্ত্বকে ভুল প্রমাণ করে হিন্দু পৌরাণিক কাহিনীকে বিজ্ঞানের সাথে গুলিয়ে ফেলার মতো উদ্ভট দাবি করেছেন। সম্মেলনে রাবণের বিমান ও স্টেম সেল গবেষণার মতো কাল্পনিক বিষয়কে প্রাচীন বিজ্ঞানের নিদর্শন হিসেবে উপস্থাপন করা হয়েছে। বিজ্ঞানীদের মতে, পৌরাণিক গল্পকে বিজ্ঞানের মর্যাদা দেওয়ার এই প্রবণতা অত্যন্ত অযৌক্তিক ও হতাশাজনক।",10.67,0.00,5.33
news-42679825,মার্কিন যুক্তরাষ্ট্রের একটি স্টেট হাওয়াইতে ক্ষেপণাস্ত্র নিক্ষেপ হতে পারে এমন খবরে আতঙ্কে ছড়িয়ে পরে সে এলাকায়। সেখানকার বাসিন্দাদের ফোনে বার্তা পাঠানো হয় এটা ড্রিল নয় অর্থাৎ সত্যিকারের অ্যালার্ট।,হাওয়াই অঙ্গরাজ্যে একজন কর্মকর্তার ভুলে ভুলবশত ক্ষেপণাস্ত্র হামলার সতর্কবার্তা পাঠানো হলে পুরো অঞ্চলে তীব্র আতঙ্ক ছড়িয়ে পড়ে। এই ভুয়া বার্তার কারণে বাসিন্দারা নিরাপদ আশ্রয়ের সন্ধানে ছোটাছুটি শুরু করেন এবং জনজীবনে ব্যাপক বিশৃঙ্খলা সৃষ্টি হয়। ঘটনার জন্য হাওয়াইয়ের গভর্নর ক্ষমা চেয়েছেন এবং মার্কিন কর্তৃপক্ষ পুরো বিষয়টি নিয়ে পূর্ণাঙ্গ তদন্তের আশ্বাস দিয়েছে।,7.69,0.00,5.13
news-40990730,১৭ বছর আগে গোপালগঞ্জের কোটালীপাড়ায় প্রধানমন্ত্রী শেখ হাসিনাকে হত্যাচেষ্টার অভিযোগে দায়ের করা মামলায় ১০ জনকে ফায়ারিং স্কোয়াডে দিয়ে মৃত্যুদণ্ড কার্যকর করার আদেশ দিয়েছে ঢাকার একটি আদালত।,২০০০ সালে গোপালগঞ্জের কোটালীপাড়ায় তৎকালীন প্রধানমন্ত্রী শেখ হাসিনাকে হত্যার উদ্দেশ্যে বোমা পুঁতে রাখার ঘটনায় দায়ের করা বিস্ফোরক দ্রব্য আইনের মামলায় নয়জনকে বিভিন্ন মেয়াদে কারাদণ্ড দিয়েছেন আদালত। ঘটনার মূল পরিকল্পনাকারী মুফতি আবদুল হান্নানের ফাঁসি অন্য মামলায় কার্যকর হওয়ায় তাকে এই মামলা থেকে অব্যাহতি দেওয়া হয়েছে। দীর্ঘ বিচারিক প্রক্রিয়া শেষে ঢাকার ২ নম্বর দ্রুত বিচার ট্রাইব্যুনাল রোববার এই চাঞ্চল্যকর মামলার রায় ঘোষণা করেন।,25.29,9.41,22.99
news-51764235,বাংলাদেশের ব্রাহ্মণবাড়িয়া ও হবিগঞ্জ জেলায় পৃথক দুটি সড়ক দুর্ঘটনায় ১৪জন নিহত হয়েছে বলে পুলিশ জানিয়েছে।,ব্রাহ্মণবাড়িয়ার বিজয়নগরে বাস ও মাইক্রোবাসের মুখোমুখি সংঘর্ষে মাইক্রোবাসে আগুন ধরে ছয়জন যাত্রী নিহত হয়েছেন। একই দিনে হবিগঞ্জের নবীগঞ্জে মাইক্রোবাস গাছের সঙ্গে ধাক্কা লেগে আটজন নিহত হয়েছেন। পৃথক এই দুই সড়ক দুর্ঘটনায় আহতদের স্থানীয় হাসপাতালে চিকিৎসা দেওয়া হচ্ছে।,11.54,0.00,7.69
news-46942362,ইসরায়েলের সেনাবাহিনী জানিয়েছে যে তারা সিরিয়ার ইরানি লক্ষ্যবস্তুতে আঘাত করা শুরু করেছে।,"গোলান হাইটসে রকেট হামলার জবাবে ইসরায়েলি বাহিনী সিরিয়ার অভ্যন্তরে ইরানি কুদস বাহিনীর লক্ষ্যবস্তুতে বিমান হামলা চালিয়েছে। সিরিয়ার প্রতিরক্ষা বাহিনী এই আক্রমণ প্রতিহত করার দাবি করলেও দামেস্কে ব্যাপক বিস্ফোরণের শব্দ শোনা গেছে। ইসরায়েলি প্রধানমন্ত্রী বেনয়ামিন নেতানিয়াহু স্পষ্ট করেছেন যে, সিরিয়ায় থাকা ইরানি স্থাপনাগুলোতে আঘাত হানার নীতি অব্যাহত রাখবে ইসরায়েল।",16.67,0.00,13.33
news-47308375,"স্থানীয়ভাবে উৎপাদিত শাকসব্জি বা ডিম, ফলমূল ইত্যাদি থেকেই যে শরীরের প্রয়োজনীয় পুষ্টি পাওয়া সম্ভব - আর এর জন্য বাইরে থেকে খাবার আমদানির কোনও প্রয়োজন নেই - এই বার্তা দিতে ভারত জুড়ে শুরু হয়েছে এক বিশাল ক্যাম্পেন।","নিচে নিবন্ধটির সারসংক্ষেপ দেওয়া হলো: ইউনিসেফ মনে করে, গর্ভবতী মা ও শিশুদের পুষ্টির চাহিদা মেটাতে প্রক্রিয়াজাত খাবারের পরিবর্তে স্থানীয়ভাবে উৎপাদিত ও সহজলভ্য খাবার গ্রহণ করা অত্যন্ত জরুরি। স্থানীয় খাদ্য ব্যবস্থা বা 'লোকাল ফুড সিস্টেম'-এর ওপর গুরুত্ব দিলে তা পুষ্টির অভাব পূরণে কার্যকর ভূমিকা রাখতে পারে। তবে অঞ্চলভেদে স্থানীয় খাবারের ধরন ভিন্ন হতে পারে বলে সংস্থাটি উল্লেখ করেছে।",10.87,2.22,8.70
news-51280964,"করোনাভাইরাসে আক্রান্ত মানুষের সংখ্যা যখন বাড়ছে, চীনের উহান শহরে তখন লাখ লাখ মানুষ অবরুদ্ধ হয়ে পড়েছে- যার কারণ প্রাদুর্ভাবের কেন্দ্রস্থল থেকে রোগটি ছড়িয়ে পড়া ঠেকানো। কিন্তু এই কঠিন সময়েও অনেক মানুষ একে অন্যের দিকে সাহায্যের হাত বাড়িয়ে দিয়েছেন।",করোনাভাইরাসের প্রাদুর্ভাবের কারণে অবরুদ্ধ উহানের বাসিন্দারা একে অপরের মনোবল বাড়াতে জানালা দিয়ে সম্মিলিতভাবে ‘উহান জিয়ায়ু’ বা ‘শক্ত থাকো উহান’ বলে চিৎকার করছেন। উৎসবের মৌসুমে ঘরবন্দি মানুষের এই একাত্মতার বার্তা সামাজিক যোগাযোগমাধ্যমে ব্যাপক সাড়া ফেলেছে। চীনের অন্যান্য অঞ্চলের বাসিন্দারাও এই স্লোগান ব্যবহারের মাধ্যমে উহানের মানুষের প্রতি সংহতি প্রকাশ করছেন।,16.28,0.00,6.98
news-55135935,বাংলাদেশে মাদক গ্রহণের অভিযোগে সোমবার দক্ষিণ-পশ্চিমাঞ্চলীয় জেলা কুষ্টিয়ায় আটজন পুলিশ সদস্যকে চাকরিচ্যুত করার খবর প্রকাশ করা হয়েছে।,"মাদক গ্রহণের অভিযোগে কুষ্টিয়ায় আটজন পুলিশ সদস্যকে চাকরিচ্যুত করা হয়েছে এবং আরও দুইজনের বিরুদ্ধে তদন্ত চলছে। শুধু কুষ্টিয়া নয়, গত দেড় বছরে ঢাকা ও সিলেটসহ দেশের বিভিন্ন জেলায় মাদকের সঙ্গে সংশ্লিষ্টতার অভিযোগে অনেক পুলিশ সদস্যের বিরুদ্ধে শাস্তিমূলক ব্যবস্থা নেওয়া হয়েছে। ডোপ টেস্টের মাধ্যমে মাদকাসক্ত পুলিশ সদস্যদের শনাক্ত করে তাদের বিরুদ্ধে বিভাগীয় মামলা ও বরখাস্তের মতো কঠোর পদক্ষেপ গ্রহণ করা হচ্ছে।",25.64,18.42,25.64
151117_isis_terror_finance_syria_iraq_oil_kidnappings_gch,ফ্রান্সের রাজধানী প্যারিসে গত শুক্রবারের আক্রমণ আবার জঙ্গি গোষ্ঠী ইসলামিক স্টেট-এর দিকে বিশ্বের নজর ফিরিয়েছে।,"প্যারিস হামলার দায় স্বীকারকারী জঙ্গি গোষ্ঠী ইসলামিক স্টেট (আইএস) ইরাক ও সিরিয়ার বিশাল এলাকা দখল করে নিজেদের একটি ‘খেলাফত’ প্রতিষ্ঠা করেছে। সংগঠনটি মূলত ধনী দাতাদের অনুদান, চোরাচালানের মাধ্যমে তেল বিক্রি এবং অপহরণের বিনিময়ে মুক্তিপণ আদায়ের মাধ্যমে তাদের বিশাল কার্যক্রমের অর্থায়ন করে থাকে। তবে বর্তমানে বিমান হামলার কারণে তাদের তেলের উৎস সংকুচিত হলেও, মুক্তিপণ ও অন্যান্য উপায়ে তারা নিজেদের কার্যক্রম অব্যাহত রেখেছে।",10.39,8.00,10.39
news-52695172,"করোনাভাইরাসে সংক্রমিত কয়েকজন মুসলমান কোয়ারেন্টিনে না যেতে চাওয়াকে কেন্দ্র করে পশ্চিমবঙ্গের হুগলী জেলার তেলেনিপাড়ায় গত সপ্তাহে যে সাম্প্রদায়িক দাঙ্গা হয়েছে, সেই সময়ের একটি ভিডিওতে রক্তাক্ত এক মুসলিম ব্যক্তিকে 'হিন্দুদের রক্তস্নান' বলে ভাইরাল করা হয়েছে।",হুগলীর তেলেনিপাড়ায় সাম্প্রদায়িক দাঙ্গায় উভয় সম্প্রদায়ের মানুষ ক্ষতিগ্রস্ত হয়ে ঘরবাড়ি হারিয়ে আশ্রয়শিবিরে দিন কাটাচ্ছেন। দাঙ্গায় গুরুতর আহত চটকল শ্রমিক মঞ্জুর আলমের রক্তাক্ত অবস্থার একটি ভিডিও সামাজিক যোগাযোগ মাধ্যমে ছড়িয়ে পড়লে তা নিয়ে রাজনৈতিক বিতর্ক শুরু হয়। ভিডিওটিকে কেন্দ্র করে বিভিন্ন রাজনৈতিক দল একে অপরের বিরুদ্ধে অভিযোগ তুলে পরিস্থিতিকে রাজনৈতিক রূপ দেওয়ার চেষ্টা করছে।,13.79,2.35,6.90
news-41068828,শুক্রবার লন্ডনের বাকিংহাম প্রাসাদের সামনে ৪ ফুট লম্বা তরবারি ঘুরিয়ে তিনজন পুলিশ কর্মকর্তাকে জখম করার ঘটনায় দ্বিতীয় একজন ব্যক্তিকে রবিবার গ্রেফতার করা হয়েছে।,ব্রিটেনের বাকিংহাম প্রাসাদের সামনে পুলিশের ওপর গাড়ি চালিয়ে হামলার ঘটনায় জড়িত সন্দেহে ৩০ বছর বয়সী এক ব্যক্তিকে আটক করা হয়েছে। হামলার সময় ওই ব্যক্তি 'আল্লাহু আকবর' বলে চিৎকার করলে পুলিশ তাকে সিএস গ্যাস ব্যবহার করে দ্রুত নিবৃত্ত করে। এ ঘটনায় তিনজন পুলিশ সদস্য সামান্য আহত হলেও রাজপরিবারের কোনো সদস্য প্রাসাদে উপস্থিত ছিলেন না।,18.42,8.11,13.16
news-43708497,বাংলাদেশের রাজধানী ঢাকায় দুই বাসের রেষারেষিতে হাতা হারানো কলেজ ছাত্র রাজীব হোসেনের অবস্থার অবনতি হয়েছে বলে জানিয়েছেন ঢাকা মেডিকেল কলেজ হাসপাতালের চিকিৎসকেরা।,ঢাকার মহাখালীতে দুই বাসের রেষারেষির সময় হাত বিচ্ছিন্ন হয়ে গুরুতর আহত তিতুমীর কলেজের ছাত্র রাজীব হোসেন বর্তমানে লাইফ সাপোর্টে রয়েছেন এবং তার অবস্থা আশঙ্কাজনক। বাসের দরজায় ঝুলে থাকা অবস্থায় দুই বাসের ঘর্ষণে তার হাত বিচ্ছিন্ন হওয়ার মর্মান্তিক ছবিটি সামাজিক যোগাযোগমাধ্যমে ছড়িয়ে পড়লে তা দেশজুড়ে ব্যাপক আলোড়ন সৃষ্টি করে। এই ঘটনাটি বাংলাদেশে গণপরিবহনের চরম অনিরাপত্তা ও সড়ক দুর্ঘটনার ভয়াবহতার এক প্রতীকী উদাহরণ হয়ে দাঁড়িয়েছে।,9.41,4.82,9.41
news-48168176,"সোমবার চাঁদ দেখা গেলে মঙ্গলবার থেকেই বাংলাদেশে রমজান মাস শুরু হতে যাচ্ছে। মুসলমান ধর্মাবলম্বীদের কাছে অবশ্য পালনীয় রোজা যেমন গুরুত্বপূর্ণ, তেমনি ডায়াবেটিসের মতো রোগে আক্রান্ত ব্যক্তিদের স্বাস্থ্য ঠিক রাখাও জরুরি।",বাংলাদেশে রমজান মাসে ডায়াবেটিস রোগীদের দীর্ঘসময় না খেয়ে থাকার ফলে স্বাস্থ্যঝুঁকি এড়াতে রোজা শুরুর আগেই চিকিৎসকের পরামর্শ নিয়ে ওষুধের মাত্রা সমন্বয় করা জরুরি। রক্তে শর্করার মাত্রা কমে গিয়ে হাইপোগ্লাইসেমিয়া দেখা দিলে দ্রুত মিষ্টিজাতীয় খাবার গ্রহণের মাধ্যমে তাৎক্ষণিক ব্যবস্থা নিতে হবে। ডায়াবেটিস নিয়ন্ত্রণে থাকলে চিকিৎসকের নির্দেশনা মেনে সতর্কতার সাথে রোজা পালন করা সম্ভব।,12.20,2.50,9.76
news-49986228,বাংলাদেশ প্রকৌশল বিশ্ববিদ্যালয়ে সোমবার রাতে এক ছাত্রকে পিটিয়ে হত্যার লোমহর্ষক ঘটনার প্রেক্ষাপটে বুয়েট শিক্ষক সমিতির এক সাধারণ সভা থেকে প্রতিষ্ঠানে শিক্ষক রাজনীতি বন্ধের সিদ্ধান্ত নেওয়া হয়েছে।,বুয়েট ছাত্রাবাসে শিক্ষার্থী হত্যার প্রতিবাদে সাধারণ শিক্ষার্থীদের দাবির সাথে একাত্মতা প্রকাশ করে ক্যাম্পাসে সকল ধরনের রাজনৈতিক কর্মকাণ্ড নিষিদ্ধের দাবি জানিয়েছে বুয়েট শিক্ষক সমিতি ও অ্যালামনাই অ্যাসোসিয়েশন। শিক্ষক সমিতির নেতারা ক্যাম্পাসের বিশৃঙ্খল পরিস্থিতির জন্য উপাচার্যের প্রশাসনিক ব্যর্থতা ও ক্ষমতার কেন্দ্রীভূতকরণকে দায়ী করে তাঁর পদত্যাগ দাবি করেছেন। মূলত রাজনৈতিক ছত্রছায়ায় অপরাধমূলক কর্মকাণ্ড রোধ এবং ক্যাম্পাসে সুষ্ঠু পরিবেশ ফিরিয়ে আনতেই শিক্ষক ও প্রাক্তন শিক্ষার্থীরা এই কঠোর অবস্থান গ্রহণ করেছেন।,13.04,4.44,10.87
news-48446654,মিয়ানমারের কট্টর মুসলিম-বিদ্বেষী বৌদ্ধ ধর্মীয় নেতা অশ্বিন উইরাথুর বিরুদ্ধে গ্রেপ্তারি পরোয়ানা জারী করা হয়েছে।,রোহিঙ্গা মুসলিমদের বিরুদ্ধে বিদ্বেষমূলক বক্তব্য ও উস্কানি ছড়ানোর জন্য বিশ্বজুড়ে পরিচিত মিয়ানমারের উগ্রপন্থী বৌদ্ধ ভিক্ষু অশ্বিন উইরাথুর বিরুদ্ধে দেশদ্রোহিতার অভিযোগে গ্রেপ্তারি পরোয়ানা জারি করেছে ইয়াঙ্গনের একটি আদালত। অতীতে মুসলিমবিরোধী ‘৯৬৯ গ্রুপ’ গঠনসহ নানা বিতর্কিত কর্মকাণ্ডে জড়িত এই ভিক্ষু সম্প্রতি অং সান সু চির সরকারের সমালোচনা করেও আলোচনায় এসেছেন। দোষী সাব্যস্ত হলে তাকে তিন বছরের কারাদণ্ড ভোগ করতে হতে পারে।,13.51,5.56,13.51
news-48408034,ইরানের সাথে উত্তেজনার মধ্যেই যুক্তরাষ্ট্রের প্রেসিডেন্ট ডোনাল্ড ট্রাম্প সৌদি আরবের কাছে শত শত ডলারের অস্ত্র বিক্রি অনুমোদন করতে যাচ্ছেন।,ইরানের ক্রমবর্ধমান হুমকি ও জাতীয় নিরাপত্তার অজুহাতে প্রেসিডেন্ট ট্রাম্প কংগ্রেসকে পাশ কাটিয়ে সৌদি আরবসহ কয়েকটি দেশের কাছে আটশো কোটি ডলারের অস্ত্র বিক্রির সিদ্ধান্ত নিয়েছেন। তবে ইয়েমেন যুদ্ধে বেসামরিক প্রাণহানি ও মানবাধিকার লঙ্ঘনের আশঙ্কায় ডেমোক্র্যাটসহ অনেক মার্কিন আইনপ্রণেতা এই সিদ্ধান্তের তীব্র সমালোচনা করেছেন। প্রশাসনের এই বিতর্কিত পদক্ষেপটি মধ্যপ্রাচ্যের অস্থিরতা ও মার্কিন অভ্যন্তরীণ রাজনীতিতে নতুন উত্তেজনার সৃষ্টি করেছে।,21.33,2.74,18.67
160731_indian_elephant_rescue_operation,জামালপুর সদর থেকে ৪০ কিলোমিটার দূরে সরিষাবাড়ি উপজেলার সোনারকান্দা এলাকার বন্যার পানিতে ডুবে থাকা একটি পাটক্ষেতের মধ্যে হাতিটি দাঁড়িয়ে আছে। আর সেখানে ভীড় করেছে কয়েক হাজার লোক ।,"ভারত থেকে ভেসে আসা হাতিটিকে উদ্ধারের জন্য ভারতের তিন সদস্যের একটি প্রতিনিধি দল বর্তমানে বাংলাদেশে অবস্থান করছে। দীর্ঘ সময় পর্যাপ্ত খাবার না পাওয়ায় হাতিটি দুর্বল হয়ে পড়ায়, তাকে অজ্ঞান করে নিরাপদ স্থানে সরিয়ে নেওয়ার পরিকল্পনা করছে বাংলাদেশ ও ভারতের যৌথ দল। উদ্ধার পরবর্তী সময়ে হাতিটিকে ভারতে ফিরিয়ে নেওয়া হবে নাকি বাংলাদেশে রাখা হবে, তা নিয়ে আলোচনার মাধ্যমে চূড়ান্ত সিদ্ধান্ত নেওয়া হবে।",6.82,0.00,6.82
news-51222888,ভারতে নাগরিকত্ব সংশোধন আইনকে ঘিরে দেশজুড়ে তুমুল প্রতিবাদ চলছে। প্রধানমন্ত্রী নরেন্দ্র মোদী ও স্বরাষ্ট্রমন্ত্রী আইনটির পক্ষে ব্যাপক যুক্তি দিয়ে চলেছেন।,"১. ভারতের স্বরাষ্ট্রমন্ত্রী অমিত শাহ অভিযোগ করেছেন যে, পাকিস্তান ও আফগানিস্তানে হিন্দু ও শিখসহ অন্যান্য সংখ্যালঘুরা মৌলিক অধিকার থেকে বঞ্চিত। ২. তিনি এই দেশগুলোতে সংখ্যালঘুদের ভোটাধিকার ও নির্বাচনে অংশগ্রহণের সুযোগ নেই বলে দাবি করেন। ৩. তবে পাকিস্তানের সংবিধান অনুযায়ী দেশটিতে সংখ্যালঘুদের জন্য সংরক্ষিত আসন ও সরাসরি নির্বাচনে অংশগ্রহণের আইনি সুযোগ রয়েছে, যা অমিত শাহের দাবির বিপরীত।",5.26,0.00,2.63
news-46257134,"ইন্টারনেটের এই যুগে যখনি কোন বিষয় নিয়ে জানতে চাই, বেশিরভাগ মানুষ গুগলে সেটি লিখে খোঁজ করে। ব্রেক্সিটও তার ব্যতিক্রম নয়।","ইউরোপীয় ইউনিয়ন থেকে যুক্তরাজ্যের বেরিয়ে যাওয়ার প্রক্রিয়াটিই 'ব্রেক্সিট' নামে পরিচিত, যা ২০১৬ সালের গণভোটের রায় অনুযায়ী ২০১৯ সালের ২৯ মার্চ কার্যকর হওয়ার কথা। এই বিচ্ছেদের শর্তাবলী নির্ধারণের জন্য যুক্তরাজ্য ও ইউরোপীয় ইউনিয়নের মধ্যে একটি সমঝোতা চুক্তি নিয়ে আলোচনা চলছে। ব্রেক্সিট পরবর্তী পরিস্থিতি এবং দুই পক্ষের মধ্যকার চুক্তির শর্তগুলোই বর্তমানে আলোচনার মূল কেন্দ্রবিন্দুতে রয়েছে।",5.48,0.00,5.48
news-51705699,করোনাভাইরাসের বিস্তার ঠেকাতে ঢাকার শাহজালাল আন্তর্জাতিক বিমানবন্দরসহ দেশটির আন্তর্জাতিক প্রবেশপথগুলোতে ব্যবস্থা নেয়ার কথা জানানো হয়েছে শুরু থেকেই।,"হযরত শাহজালাল আন্তর্জাতিক বিমানবন্দরে করোনাভাইরাস পরীক্ষার পর্যাপ্ত ব্যবস্থা নিয়ে যাত্রীদের মধ্যে ব্যাপক অসন্তোষ ও সংশয় রয়েছে। বিবিসি বাংলার দুই সংবাদদাতার অভিজ্ঞতা অনুযায়ী, বিদেশ থেকে আসা যাত্রীদের স্বাস্থ্য পরীক্ষার প্রক্রিয়াটি প্রত্যাশিত মানের নয় এবং এতে নানা অব্যবস্থাপনা পরিলক্ষিত হয়েছে। যদিও কর্তৃপক্ষ স্বাস্থ্য পরীক্ষার দাবি করছে, কিন্তু বাস্তবে বিমানবন্দরে আগত যাত্রীরা যথাযথ নিরাপত্তা ও সতর্কতামূলক ব্যবস্থার অভাব অনুভব করছেন।",8.11,2.78,8.11
news-46980918,"প্রয়োজন হলে হাতের স্মার্টফোনটির ভাঁজ খুলে ট্যাবলেটে রূপান্তরিত করা যায়, আবার ডিসপ্লের দুইপাশের অংশ পেছনে ফোল্ড করে পুনরায় ফোন হিসেবেও ব্যবহার করা যায়।",চীনের প্রযুক্তি প্রতিষ্ঠান শাওমি প্রথমবারের মতো তিন ভাঁজ বিশিষ্ট একটি উদ্ভাবনী স্মার্টফোন বাজারে আনার ঘোষণা দিয়েছে। স্যামসাং বা রয়্যালের সাধারণ ফোল্ডেবল ফোনের তুলনায় এটি প্রযুক্তিগতভাবে ভিন্ন ও আকর্ষণীয় হওয়ায় গ্যাজেট প্রেমীদের মাঝে ব্যাপক আগ্রহ সৃষ্টি করেছে। নতুন এই প্রযুক্তির স্মার্টফোনটি বেশ ব্যয়বহুল হতে পারে বলে ধারণা করা হচ্ছে এবং এটি স্মার্টফোনের পরবর্তী প্রজন্মের নতুন ধারার সূচনা করবে।,5.00,0.00,5.00
news-44916623,"সপ্তাহ তিনেক আগে মিশরের প্রত্নতত্ত্ববিদরা আলেকজান্দ্রিয়া থেকে কালো গ্রানাইটের তৈরি বিশালাকৃতির একটি শবাধার উদ্ধার করেছে। ধারণা করা হচ্ছে, এই শবাধারটি প্রায় দু'হাজার বছরের পুরনো এবং এটি কেউ কখনো খুলেও দেখেনি।","মিশরে নির্মাণ কাজ চলাকালীন পাওয়া একটি রহস্যময় শবাধার ঘিরে আলেকজান্ডার দ্য গ্রেটের দেহাবশেষ থাকার জল্পনা ছড়িয়ে পড়েছিল। প্রত্নতাত্ত্বিক ও সামরিক বাহিনীর সহায়তায় শবাধারটি খোলার পর এর ভেতর থেকে তীব্র দুর্গন্ধযুক্ত নোংরা পানিতে ডুবে থাকা তিনটি কঙ্কাল উদ্ধার করা হয়। বিশেষজ্ঞদের ধারণা, কঙ্কালগুলো প্রাচীন মিশরের কোনো সেনাবাহিনীর সদস্যদের, যাদের মমিগুলো সময়ের বিবর্তনে নষ্ট হয়ে গেছে।",18.82,0.00,9.41
news-42562225,অবৈধ লেনদেন ও মুদ্রা পাচারের মামলায় সাতজন মোবাইল ব্যাংকিং এজেন্টকে গ্রেপ্তার করেছে পুলিশের অপরাধ তদন্ত বিভাগ (সিআইডি)।,অবৈধ হুন্ডি ব্যবসার মাধ্যমে অর্থ পাচারের অভিযোগে সিআইডি বিকাশের আটজন এজেন্টকে গ্রেপ্তার করেছে। বিদেশে অবৈধ মানি এক্সচেঞ্জগুলো বিকাশের নাম ব্যবহার করে প্রবাসীদের কাছ থেকে টাকা সংগ্রহ করে হুন্ডির মাধ্যমে বাংলাদেশে পাঠাত। বাংলাদেশ ব্যাংকের নির্দেশে অস্বাভাবিক লেনদেনের তদন্ত করতে গিয়ে সিআইডি এই চক্রের সন্ধান পায়।,22.95,6.78,22.95
news-53426701,"নিউইয়র্কে নিজের অ্যাপার্টমেন্টে নৃশংসভাবে খুন হওয়া ফাহিম সালেহ নিজের সম্পর্কে ওয়েবসাইটে লিখেছিলেন অন্ট্রেপ্রেনিওর, ইনভেস্টর, ড্রিমার অর্থাৎ উদ্যোক্তা, বিনিয়োগকারী, স্বপ্নবাজ।","১. 'পাঠাও'-এর অন্যতম প্রতিষ্ঠাতা ফাহিম সালেহ ছিলেন একজন অত্যন্ত উদ্যমী, পরিশ্রমী ও স্বপ্নবাজ প্রযুক্তি উদ্যোক্তা। ২. যুক্তরাষ্ট্রে বেড়ে ওঠা ফাহিম খুব অল্প বয়স থেকেই আইটি খাতে নিজের দক্ষতা ও পরিচিতি গড়ে তুলেছিলেন। ৩. বহুমুখী প্রতিভার অধিকারী এই তরুণ উদ্যোক্তা রাইড শেয়ারিং অ্যাপ পাঠাওসহ বিভিন্ন প্রযুক্তিগত উদ্যোগের মাধ্যমে বাংলাদেশে পরিচিতি পেয়েছিলেন।",14.29,2.94,11.43
news-44075756,"ঢাকায় কেনাকাটার জন্য খুবই জনপ্রিয় চাঁদনী চক, গাউসিয়া ও নিউমার্কেট এলাকা।","ঢাকার অধিকাংশ মার্কেট ও শপিং মলে অতিরিক্ত ভিড়, সরু পথ এবং যত্রতত্র কাপড় ও বৈদ্যুতিক তারের স্তূপের কারণে অগ্নি-দুর্ঘটনার চরম ঝুঁকি বিদ্যমান। এসব মার্কেটের ব্যবসায়ীদের অগ্নিনির্বাপক যন্ত্র ব্যবহারের কোনো প্রশিক্ষণ নেই এবং জরুরি অবস্থায় বের হওয়ার পর্যাপ্ত ব্যবস্থাও অনুপস্থিত। ফায়ার সার্ভিসের জরিপ অনুযায়ী, রাজধানীর বেশিরভাগ মার্কেটই অগ্নি নিরাপত্তার দিক থেকে অত্যন্ত ঝুঁকিপূর্ণ অবস্থায় রয়েছে।",3.03,0.00,3.03
news-44271219,যুক্তরাষ্ট্রে হাওয়াই অঙ্গরাজ্যের একটি আগ্নেয়গিরি সকলের দৃষ্টি কেড়েছে। নদীর মতো প্রবাহিত উত্তপ্ত লাল লাভা এবং আকাশে কালো ছাই মেঘ - কিলাওয়ে আগ্নেয়গিরির এই দৃশ্য অনেকেই হয়তো টেলিভিশনের পর্দায় দেখেছেন। কিন্তু এধরনের অগ্নুৎপাত কতোটা বিপদজনক?,"বিশ্বের বিভিন্ন প্রান্তে নিয়মিত আগ্নেয়গিরির অগ্নুৎপাত ঘটলেও কিলাওয়ে আগ্নেয়গিরির সাম্প্রতিক ভয়াবহতা জনমনে নতুন করে উদ্বেগের সৃষ্টি করেছে। যদিও এতে এখন পর্যন্ত কোনো প্রাণহানি ঘটেনি, তবুও ঐতিহাসিক পরিসংখ্যান অনুযায়ী আগ্নেয়গিরির অগ্নুৎপাত অত্যন্ত প্রাণঘাতী হতে পারে। বর্তমানে বিশ্বের প্রায় ৮০ কোটি মানুষ সক্রিয় আগ্নেয়গিরির ১০০ কিলোমিটার ব্যাসার্ধের মধ্যে বসবাস করায় তারা বড় ধরনের ঝুঁকির মুখে রয়েছে।",2.30,0.00,2.30
news-40910397,দাস প্রথার পক্ষে লড়েছিলেন এমন এক কনফেডারেটপন্থী জেনারেলের মূর্তি অপসারণের প্রতিবাদে শত শত শ্বেতাঙ্গ জাতীয়তাবাদী যুক্তরাষ্ট্রের ভার্জিনিয়া বিশ্ববিদ্যালয়ে মিছিল করেছেন।,"ভার্জিনিয়ার শার্লোটসভিল শহরে দাস প্রথার পক্ষের জেনারেল রবার্ট ই লি-র মূর্তি অপসারণের প্রতিবাদে শত শত শ্বেতাঙ্গ জাতীয়তাবাদী মশাল মিছিল বের করে বর্ণবাদী স্লোগান দেয়। এই মিছিলকে কেন্দ্র করে বর্ণবাদ বিরোধী বিক্ষোভকারীদের সাথে তাদের সংঘর্ষের ঘটনা ঘটে, যার তীব্র নিন্দা জানিয়েছেন শহরের মেয়র। মূলত কনফেডারেট মূর্তি অপসারণকে কেন্দ্র করে শ্বেতাঙ্গ জাতীয়তাবাদীদের এই উগ্রবাদী কর্মকাণ্ড দেশজুড়ে ব্যাপক উত্তেজনার সৃষ্টি করেছে।",25.32,18.18,25.32
news-55059868,"''শুধু বিয়ে করার জন্য কেউ ধর্মান্তরিত হলে তা বৈধ বলে গণ্য হবে না'', এই বিতর্কিত রায় ঘোষণার দিনকয়েকের মধ্যেই তা পুরোপুরি উল্টে দিয়ে নতুন রায় দিল ভারতের এলাহাবাদ হাইকোর্ট।","উত্তরপ্রদেশে এক মুসলিম যুবক ও হিন্দু তরুণীর বিয়ের বিরুদ্ধে দায়ের করা মামলা খারিজ করে এলাহাবাদ হাইকোর্ট জানিয়েছে যে, প্রাপ্তবয়স্ক নাগরিক হিসেবে নিজেদের জীবনসঙ্গী বেছে নেওয়ার পূর্ণ অধিকার তাদের রয়েছে। আদালত দম্পতিকে ধর্মীয় পরিচয়ের ঊর্ধ্বে রেখে তাদের ব্যক্তিগত স্বাধীনতায় হস্তক্ষেপ না করার নির্দেশ দিয়েছে। এই রায় ভারতের বিভিন্ন রাজ্যে প্রস্তাবিত 'লাভ জিহাদ' বিরোধী আইনগুলোর কার্যকারিতার ওপর বড় ধরনের প্রভাব ফেলবে বলে মনে করছেন আইন বিশেষজ্ঞরা।",15.05,2.20,6.45
news-56182160,মালয়েশিয়ার সরকার সে দেশের আদালতের আদেশ অমান্য করে ও মানবাধিকার সংস্থাগুলোর আবেদন অগ্রাহ্য করে মিয়ানমারের ১০৮৬ জন নাগরিককে নিজ দেশে ফেরত পাঠিয়েছে।,"মালয়েশিয়া সরকার মিয়ানমারের নাগরিকদের বহনকারী তিনটি নৌযানের মাধ্যমে তাদের নিজ দেশে ফেরত পাঠিয়েছে। কুয়ালালামপুর দাবি করেছে যে, ফেরত পাঠানো ব্যক্তিরা শরণার্থী নন বরং অভিবাসন আইন লঙ্ঘনকারী এবং তারা স্বেচ্ছায় ফিরে যেতে রাজি হয়েছেন। তবে মানবাধিকার সংস্থাগুলো আশঙ্কা প্রকাশ করেছে যে, মিয়ানমারের বর্তমান অস্থিতিশীল পরিস্থিতিতে এই ব্যক্তিদের ফেরত পাঠানো তাদের জীবনের জন্য চরম ঝুঁকির কারণ হতে পারে।",17.95,7.89,15.38
news-49309516,ব্রিটেনে দুটো বিদ্যুৎ কেন্দ্র ন্যাশনাল গ্রিড থেকে ১৫ মিনিটের জন্য বিচ্ছিন্ন হয়ে যাবার পর হাজার-হাজার ট্রেন যাত্রী আটকা পড়ে। কারণ ট্রেনগুলো বিদ্যুৎ চালিত।,বিদ্যুৎ বিভ্রাটের কারণে ব্রিটেনের রেল নেটওয়ার্কের সিগন্যাল ও কম্পিউটার সিস্টেম অচল হয়ে পড়লে ট্রেন চলাচল দীর্ঘসময় বন্ধ থাকে। এতে ট্রেনের ভেতরে দমবন্ধ করা পরিস্থিতিতে যাত্রীরা চরম ভোগান্তির শিকার হন এবং অনেকে বাধ্য হয়ে ট্রেন থেকে নেমে পড়েন। বিদ্যুৎ ফিরে এলেও কারিগরি জটিলতার কারণে ট্রেন পরিষেবা স্বাভাবিক হতে কয়েক ঘণ্টা সময় লেগে যায়।,10.53,0.00,7.89
news-57325950,বাংলাদেশের কোভিড-১৯ প্রতিরোধে সীমান্তবর্তী জেলা ও উচ্চ সংক্রমিত এলাকায় অঞ্চল ভিত্তিক সম্পূর্ণ লকডাউন দেয়ার পরামর্শ দিয়েছে কারিগরি পরামর্শক কমিটি।,"কোভিড-১৯ পরিস্থিতির অবনতি হওয়ায় সীমান্তবর্তী জেলাগুলোতে সংক্রমণের উচ্চহার নিয়ন্ত্রণে কঠোর নজরদারি ও বিধিনিষেধ আরোপের সুপারিশ করেছে জাতীয় কারিগরি পরামর্শক কমিটি। জরুরি সেবার বাইরে সবাইকে বাড়িতে থাকা নিশ্চিত করতে এবং আন্তঃজেলা গণপরিবহন বন্ধসহ স্থানীয় প্রশাসনকে তাৎক্ষণিক ব্যবস্থা গ্রহণের ক্ষমতা দেওয়ার পরামর্শ দেওয়া হয়েছে। ভারতীয় ভ্যারিয়েন্টের বিস্তার রোধে স্বাস্থ্য বিভাগ, জনপ্রশাসন ও পুলিশের মধ্যে সমন্বয় বাড়িয়ে কঠোর মনিটরিং নিশ্চিত করার ওপর গুরুত্বারোপ করা হয়েছে।",19.28,7.41,16.87
news-48918896,মধ্যপ্রদেশের খান্ডোয়া জেলায় ২৫ জন ব্যক্তিকে কোমরে দড়ি বেঁধে 'গো মাতার জয়' বলতে বাধ্য করা হয়েছে বলে অভিযোগ উঠেছে।,মধ্যপ্রদেশের খান্ডোয়া জেলায় নথিপত্র ছাড়া গরু পরিবহনের অভিযোগে ২৫ জন আদিবাসী ও মুসলিম ব্যক্তিকে আটক করে গ্রামবাসীরা তাদের কোমরে দড়ি বেঁধে অমানবিক নির্যাতন চালায়। পুলিশ অভিযুক্তদের গরু চুরির অভিযোগে গ্রেপ্তার করেছে এবং একইসঙ্গে আইন নিজের হাতে তুলে নেওয়ায় ১৫ জন গ্রামবাসীর বিরুদ্ধেও পাল্টা মামলা দায়ের করেছে। ঘটনার পর থেকে এলাকায় উত্তেজনা বিরাজ করছে এবং পুলিশ উভয় পক্ষের বিরুদ্ধেই আইনি ব্যবস্থা গ্রহণ করেছে।,22.22,12.66,22.22
news-42849984,"স্টিভ উইন কেবল ক্যাসিনো জগতের একজন হোমড়া-চোমড়া ব্যক্তিই নন, তিনি রিপাবলিকান ন্যাশনাল কমিটির অর্থনীতি-বিষয়ক চেয়ারম্যান ছিলেন। তবে যৌন হয়রানির অভিযোগের মুখে তিনি সে পদ থেকে এবার সরে দাঁড়িয়েছেন।",ক্যাসিনো জগতের প্রভাবশালী ব্যক্তিত্ব স্টিভ উইনের বিরুদ্ধে একাধিক নারী মেসেজ থেরাপিস্টকে যৌন হয়রানি ও জোরপূর্বক শারীরিক সম্পর্কের অভিযোগ উঠেছে। ওয়াল স্ট্রিট জার্নালের এই প্রতিবেদনের পর স্টিভ উইন সব অভিযোগ অস্বীকার করলেও রিপাবলিকান ন্যাশনাল কমিটির অর্থ সংগ্রাহকের পদ থেকে পদত্যাগ করেছেন। এই ঘটনাকে কেন্দ্র করে রিপাবলিকানদের নীরবতা নিয়ে ডেমোক্রেটিক দল তীব্র সমালোচনা করেছে।,24.39,12.50,17.07
news-43824655,যুক্তরাষ্ট্রের মাঝ-আকাশে একটি বিমানের ইঞ্জিন থেকে ছুটে আসা ধারালো টুকরার আঘাতে জানালা ভেঙে যাওয়ার পর সেটিকে নিরাপদে অবতরণ করাতে সক্ষম হওয়ায় পাইলটের প্রশংসা করা হচ্ছে।,সাউথওয়েস্ট এয়ারলাইন্সের একটি বিমানের ইঞ্জিনে ত্রুটির কারণে মাঝ আকাশে বিস্ফোরণ ঘটলে জানালা ভেঙে এক যাত্রী বাইরে ছিটকে পড়ে মারা যান। চরম প্রতিকূল পরিস্থিতিতেও পাইলট ক্যাপ্টেন টেমি জো শাল্টস অত্যন্ত দক্ষতার সঙ্গে বিমানটিকে নিরাপদে জরুরি অবতরণ করান। ইঞ্জিনের ফ্যানের ব্লেডের ত্রুটিকে এই দুর্ঘটনার প্রাথমিক কারণ হিসেবে চিহ্নিত করে তদন্ত শুরু হয়েছে।,21.05,8.11,15.79
news-51903045,অর্থনৈতিক সহযোগিতা ও উন্নয়ন সংস্থা ওইসিডি হুঁশিয়ার করে দিয়েছে যে বিশ্ব অর্থনীতির ওপর করোনাভাইরাসের প্রভাব কাটিয়ে উঠতে অনেক বছর সময় লেগে যাবে।,"ওইসিডি প্রধান এঞ্জেল গুরিয়া করোনাভাইরাস মহামারির ফলে সৃষ্ট দীর্ঘমেয়াদী ও ভয়াবহ অর্থনৈতিক সংকটের বিষয়ে সতর্ক করেছেন। তিনি জানিয়েছেন, বিশ্বের বড় অর্থনীতির দেশগুলোতে মন্দা দেখা দেওয়ার পাশাপাশি প্রবৃদ্ধির হার তলানিতে নেমে যেতে পারে এবং এই ক্ষতি কাটিয়ে উঠতে কয়েক বছর সময় লাগবে। সংকট মোকাবিলায় সরকারগুলোকে ব্যয় সংকোচনের চিন্তা বাদ দিয়ে দ্রুত ভাইরাস পরীক্ষা ও চিকিৎসার ওপর সর্বোচ্চ গুরুত্ব দেওয়ার আহ্বান জানানো হয়েছে।",16.87,0.00,9.64
43811335,ভিয়েনার এক মসজিদে তুর্কী পতাকা হাতে প্রথম বিশ্বযুদ্ধের এক ঘটনা তুলে ধরেছিল একদল শিশু। বিষয়টি অস্ট্রিয়ার সরকারকে এতটাই ক্ষিপ্ত করেছে যে চ্যান্সেলর সেবাস্টিয়ান কুর্য এর বিরুদ্ধে কঠোর ব্যবস্থা নেয়ার হুমকি দিয়েছেন।,"ভিয়েনার একটি মসজিদে শিশুদের সামরিক পোশাক পরিয়ে তুর্কি যুদ্ধের মহড়া প্রদর্শনের ঘটনায় অস্ট্রিয়ার সরকার তীব্র ক্ষোভ প্রকাশ করেছে। প্রধানমন্ত্রী সেবাস্টিয়ান কুর্য এই ঘটনার বিরুদ্ধে 'জিরো টলারেন্স' নীতি গ্রহণের ঘোষণা দিয়ে প্রয়োজনে মসজিদটি বন্ধের হুঁশিয়ারি দিয়েছেন। সংশ্লিষ্ট সংস্থাটি দুঃখ প্রকাশ করলেও, এই ঘটনা অস্ট্রিয়ায় মুসলিমদের ভাবমূর্তির মারাত্মক ক্ষতি করতে পারে বলে আশঙ্কা করা হচ্ছে।",21.43,2.44,19.05
news-56563249,বাংলাদেশে করোনাভাইরাস সংক্রমণের হার আশঙ্কাজনক হারে বাড়তে থাকায় সরকারের পক্ষ থেকে ১৮ দফা নির্দেশনা দেয়া হয়েছে।,"করোনাভাইরাস সংক্রমণ নিয়ন্ত্রণে স্বাস্থ্যমন্ত্রী জাহিদ মালেক জনসমাগম সীমিত করা এবং মাস্ক পরিধানসহ কঠোর স্বাস্থ্যবিধি মেনে চলার ওপর গুরুত্বারোপ করেছেন। সরকার জনসমাগম নিষিদ্ধ, গণপরিবহনে যাত্রী সংখ্যা সীমিতকরণ এবং বিদেশফেরত যাত্রীদের জন্য ১৪ দিনের প্রাতিষ্ঠানিক কোয়ারেন্টিনসহ মোট ১৮ দফা নির্দেশনা জারি করেছে। শিক্ষা প্রতিষ্ঠান, শপিং মল ও উপাসনালয়সহ সকল ক্ষেত্রে যথাযথ স্বাস্থ্যবিধি নিশ্চিত করতে এই নির্দেশনাগুলো কঠোরভাবে পালনের আহ্বান জানানো হয়েছে।",10.67,5.48,10.67
news-44170862,"সেক্স এন্ড দ্য সিটি - এই টিভি সিরিয়ালের একটি আলোচিত উক্তি- ""এটা ব্যাগ নয়। এটা বিরকিন।""",মালয়েশিয়ার সাবেক প্রধানমন্ত্রী নাজিব রাজাকের বাড়িতে পুলিশের তল্লাশিতে বিপুল পরিমাণ বিলাসবহুল সামগ্রী ও অর্থ উদ্ধার করা হয়েছে। জব্দকৃত সামগ্রীর মধ্যে তাঁর স্ত্রী রোজমাহ মানুসরের মালিকানাধীন অত্যন্ত দামী 'হেরমেস বিরকিন' হ্যান্ডব্যাগসহ স্বর্ণালঙ্কার ও ঘড়ি রয়েছে। এই অভিযান ও উদ্ধারকৃত বিলাসবহুল পণ্যের ছবি সামাজিক যোগাযোগমাধ্যমে ব্যাপক আলোচনার জন্ম দিয়েছে।,6.45,0.00,3.23
news-51750993,"জিম্বাবুয়ের বিপক্ষে তৃতীয় ওয়ানডে ম্যাচের আগে সংবাদ সম্মেলনে মাশরাফী বিন মোর্ত্তজা ঘোষণা দেন, শুক্রবারের ম্যাচটিই অধিনায়ক হিসেবে তাঁর শেষ ম্যাচ।","জিম্বাবুয়ের বিপক্ষে ওয়ানডে সিরিজটিই মাশরাফী বিন মোর্ত্তজার অধিনায়ক হিসেবে শেষ ম্যাচ ছিল, তবে তিনি আন্তর্জাতিক ক্রিকেট থেকে অবসরের ঘোষণা দেননি। সংবাদ সম্মেলনে আবেগাপ্লুত মাশরাফী পরবর্তী অধিনায়ককে ২০২৩ বিশ্বকাপ পর্যন্ত দায়িত্ব পালনের পরামর্শ দিয়েছেন। বিসিবি সভাপতি জানিয়েছেন, মাশরাফী দলে থাকতে চাইলে তাকে অন্য ক্রিকেটারদের মতো ফিটনেস প্রমাণ করে নির্বাচকদের বিবেচনায় আসতে হবে।",33.80,14.49,25.35
news-51930169,একটা ভাইরাস সংক্রমণের কারণে পুরো ফ্রান্সের জীবন ও সমাজ অচল হয়ে পড়েছে - এমনটা আগে কখনো দেখেন নি প্যারিসের বাসিন্দা নিলুফার জাহান।,করোনাভাইরাসের প্রকোপ ভয়াবহ আকার ধারণ করায় ফ্রান্সের প্রেসিডেন্ট ইম্মানুয়েল ম্যাক্রঁ দেশজুড়ে অন্তত ১৫ দিনের জন্য লকডাউন ঘোষণা করেছেন। এই পরিস্থিতিতে নিত্যপ্রয়োজনীয় দোকান ছাড়া সব প্রতিষ্ঠান বন্ধ রাখা হয়েছে এবং জনমনে তীব্র আতঙ্ক বিরাজ করছে। দীর্ঘদিনের প্রবাসী নিলুফার জাহান এই পরিস্থিতিকে বাংলাদেশের ১৯৭১ সালের যুদ্ধকালীন পরিস্থিতির সাথে তুলনা করেছেন।,8.70,2.99,8.70
news-55359196,"বাংলাদেশে বহু মুসলিম পরিবারেই শিশুদের ধর্মীয় শিক্ষা শুরু হয় আরবি বর্ণমালার সঙ্গে পরিচয়ের মাধ্যমে। এর উদ্দেশ্য, তারা যেন কোরআন পড়তে পারে।","বাংলাদেশে মাদ্রাসাসহ বিভিন্ন প্রতিষ্ঠানে আরবি শেখানো হলেও তা ভাষা হিসেবে না পড়িয়ে কেবল ধর্মীয় গ্রন্থ মুখস্থ করানোর ওপর গুরুত্ব দেওয়া হয়। ফলে বিপুল সংখ্যক প্রবাসী শ্রমিক মধ্যপ্রাচ্যে কাজ করলেও ভাষা না জানার কারণে তারা নানামুখী সমস্যায় পড়েন এবং কাঙ্ক্ষিত আয় করতে ব্যর্থ হন। বিশেষজ্ঞদের মতে, আরবিকে শৈশব থেকে একটি ভাষা হিসেবে শেখানো গেলে ধর্মীয় জ্ঞানের পাশাপাশি অর্থনৈতিকভাবেও বাংলাদেশ ব্যাপকভাবে লাভবান হতো।",7.32,0.00,7.32
news-43891294,বিয়ের ছবি তোলেন এরকম একজন ফটোগ্রাফার এক দম্পতির জীবনের বিশেষ দিনের কিছু মুহূর্তের ছবি তুলতে গিয়ে এরকম বেপরোয়া হয়ে উঠতে পারেন সেটা হয়তো অনেকের কল্পনারও বাইরে।,"দক্ষিণ ভারতের এক ওয়েডিং ফটোগ্রাফার নবদম্পতির ছবি তোলার জন্য গাছের ডালে উল্টো হয়ে ঝুলে এক অনন্য অ্যাঙ্গেল তৈরি করেন, যা ইন্টারনেটে ব্যাপক ভাইরাল হয়েছে। তার এই দুঃসাহসী ও ব্যতিক্রমী কাজের ভিডিও দেখে নেটিজেনরা তাকে মজার ছলে 'স্পাইডারম্যান' বলে অভিহিত করছেন। ফটোগ্রাফার ভিষ্ণু হোয়াইটরাম্প জানান, শুরুতে ভয় পেলেও মানুষের এমন ইতিবাচক সাড়া ও প্রশংসায় তিনি অত্যন্ত আনন্দিত।",7.32,0.00,4.88
news-46552066,ভারতের একটি বিশ্ববিদ্যালয়ের আইন পরীক্ষায় প্রকাশ্যে গো-হত্যার ওপর এক প্রশ্ন নিয়ে তীব্র বিতর্ক শুরু হয়েছে।,**সারসংক্ষেপ:** দিল্লির গুরু গোবিন্দ সিং ইন্দ্রপ্রস্থ বিশ্ববিদ্যালয়ের এলএলবি পরীক্ষার প্রশ্নপত্রে একটি নির্দিষ্ট সম্প্রদায়কে লক্ষ্য করে সাম্প্রদায়িক ও অপমানজনক প্রশ্ন করায় তীব্র বিতর্কের সৃষ্টি হয়েছে। এই ঘটনায় ক্ষোভ প্রকাশ করে সুপ্রিম কোর্টের এক আইনজীবী বিশ্ববিদ্যালয় কর্তৃপক্ষের কাছে লিখিত অভিযোগ জানিয়েছেন। বিষয়টি গুরুত্বের সাথে নিয়ে দিল্লি সরকার বিশ্ববিদ্যালয় কর্তৃপক্ষের কাছে এ বিষয়ে একটি আনুষ্ঠানিক তদন্ত রিপোর্ট তলব করেছে।,19.44,0.00,11.11
news-51148940,ইরানের সর্বোচ্চ নেতা আয়াতোল্লাহ খামেনি যুক্তরাষ্ট্র এবং ইউরোপীয় দেশগুলোর তীব্র সমালোচনা করে তার দেশের জনগণকে ঐক্যবদ্ধ থাকার আহ্বান জানিয়েছেন।,"দীর্ঘ আট বছর পর শুক্রবারের জুমার নামাজে ইমামতি করে আয়াতোল্লাহ খামেনি ইউক্রেনের বিমান ভূপাতিত হওয়ার ঘটনাকে একটি ট্র্যাজেডি বলে অভিহিত করেছেন। তিনি অভিযোগ করেন, ইরানের শত্রুরা এই ঘটনাকে পুঁজি করে জেনারেল কাসেম সোলেইমানি হত্যার বিষয়টি আড়াল করতে চাইছে। বিশ্লেষকদের মতে, সাম্প্রতিক সরকারবিরোধী বিক্ষোভের মুখে নিজের কর্তৃত্ব ও বর্তমান শাসনব্যবস্থা টিকিয়ে রাখতেই খামেনি এই কঠোর অবস্থান নিয়েছেন।",10.67,2.74,8.00
news-51847418,করোনাভাইরাস প্রাদুর্ভাব মোকাবেলায় সব দেশের নাগরিকদের ভিসা দেয়া স্থগিত ঘোষণা করেছে ভারত।,করোনাভাইরাস মোকাবিলায় ভারত সরকার ১৫ এপ্রিল পর্যন্ত বিদেশি নাগরিকদের ভিসা স্থগিত করেছে এবং বিদেশফেরত যাত্রীদের ১৪ দিনের কোয়ারেন্টিনে থাকার নির্দেশ দিয়েছে। একই উদ্দেশ্যে মার্কিন প্রেসিডেন্ট ডোনাল্ড ট্রাম্প ইউরোপ থেকে যুক্তরাষ্ট্রে সব ধরনের ভ্রমণ আগামী ৩০ দিনের জন্য নিষিদ্ধ ঘোষণা করেছেন। এই কঠোর পদক্ষেপগুলো ভাইরাসের বিস্তার রোধে জরুরি সতর্কতা হিসেবে গ্রহণ করা হয়েছে।,25.00,3.23,15.62
news-47944264,সিরিয়ায় গিয়ে ব্রিটিশ নাগরিকত্ব হারানো 'আইএস বধূ' শামীমা বেগমের নাগরিকত্ব ফিরে পেতে আইনি লড়াই চালাতে ব্রিটিশ সরকারের কাছ থেকে অর্থ সহায়তা পেতে যাচ্ছেন।,"২০১৫ সালে আইএস-এ যোগ দিতে লন্ডন ত্যাগ করা শামীমা বেগমের ব্রিটিশ নাগরিকত্ব বাতিলের সিদ্ধান্তকে চ্যালেঞ্জ জানাতে তিনি আইনি সহায়তা বা 'লিগাল এইড'-এর আবেদন করেছেন। ব্রিটিশ পররাষ্ট্রমন্ত্রী জেরেমি হান্ট এই সহায়তার বিষয়ে অস্বস্তি প্রকাশ করলেও, তিনি স্বীকার করেছেন যে আইনি লড়াইয়ের জন্য রাষ্ট্রের পক্ষ থেকে এমন সহায়তা পাওয়ার অধিকার যেকোনো নাগরিকেরই রয়েছে। বর্তমানে শামীমার আইনি সহায়তার আবেদন মঞ্জুর হওয়া নিয়ে ব্রিটিশ প্রশাসন ও জনমনে ব্যাপক আলোচনার সৃষ্টি হয়েছে।",17.39,4.44,15.22
news-45822321,পৃথিবীর দুই অংশের মানুষ এখন তিনটি বড় ধরণের ঝড়ের মোকাবেলা করছে।,ভারতের উড়িষ্যা উপকূলে ঘূর্ণিঝড় 'তিতলি' আঘাত হানার পাশাপাশি আরব সাগরে 'লুবান' সক্রিয় হওয়ায় প্রায় ৪০ বছর পর দেশটিতে একই সময়ে দুটি ঘূর্ণিঝড়ের সৃষ্টি হয়েছে। বাংলাদেশে তিতলির সরাসরি আঘাতের সম্ভাবনা কম থাকলেও সমুদ্র ও নদীবন্দরগুলোতে সতর্ক সংকেত জারি করা হয়েছে। বিজ্ঞানীরা বিশ্বজুড়ে ঘনঘন এমন শক্তিশালী ঘূর্ণিঝড় সৃষ্টির পেছনে জলবায়ু পরিবর্তন ও বৈশ্বিক উষ্ণতা বৃদ্ধিকে প্রধান কারণ হিসেবে চিহ্নিত করেছেন।,0.00,0.00,0.00
news-55642677,গুলশানের সংযুক্ত আরব আমিরাতের দূতাবাসের ভিসা প্রসেসিং কার্যালয়ে একটি বিস্ফোরণে অন্ততঃ একজনের মৃত্যু হয়েছে বলে ঢাকায় কর্মকর্তারা জানাচ্ছেন।,"ঢাকার গুলশানের এম্পোরি ফাইনান্সিয়াল সেন্টারে এসি মেরামতের সময় বিস্ফোরণে একজন কর্মী নিহত ও অন্তত ছয়জন আহত হয়েছেন। প্রাথমিকভাবে ধারণা করা হচ্ছে, এসির ত্রুটি থেকেই এই দুর্ঘটনা ঘটেছে এবং আহতদের চিকিৎসার জন্য ইউনাইটেড হাসপাতালে নেওয়া হয়েছে। ঘটনাস্থলে দমকল বাহিনী ও বোমা নিষ্ক্রিয়করণ দল পৌঁছে পরিস্থিতি নিয়ন্ত্রণে কাজ করছে।",6.15,0.00,6.15
news-56931108,"চিকিৎসা বা অন্যান্য প্রয়োজনে ভারতে আসা যে শত শত বাংলাদেশি নাগরিক এখন স্থলপথে দেশে ফিরতে চাইছেন, তাদের অন্তত ঈদের ছুটি শেষ হওয়া পর্যন্ত অপেক্ষা করতে হবে বলে বাংলাদেশ দূতাবাস সূত্রে জানা যাচ্ছে।","ভারতে আটকে পড়া বাংলাদেশি নাগরিকদের জন্য আগামী ১৬ মে থেকে পুনরায় অনাপত্তিপত্র (এনওসি) প্রদান শুরু করবে বাংলাদেশ হাই কমিশন। বেনাপোল ও আগরতলা সীমান্তে অতিরিক্ত চাপ কমাতে গেদে-দর্শনা, হিলি ও সোনামসজিদ—এই তিনটি নতুন স্থলপথ ব্যবহারের পরামর্শ দেওয়া হয়েছে। মূলত কোয়ারেন্টিন সুবিধার সীমাবদ্ধতার কথা বিবেচনা করেই যাত্রীদের এই বিকল্প রুটগুলো ব্যবহারের আহ্বান জানানো হয়েছে।",6.98,0.00,6.98
news-49839382,বাংলাদেশে তৃতীয় মেয়াদে ক্ষমতায় এসে আওয়ামী লীগ নজিরবিহীন এক অভিযান শুরু করেছে দুর্নীতির বিরুদ্ধে।,"ঢাকায় ক্যাসিনো ও বিভিন্ন অপরাধমূলক কর্মকাণ্ডের বিরুদ্ধে র‍্যাবের চলমান অভিযানকে ইতিবাচক হিসেবে দেখা হলেও এর দীর্ঘমেয়াদী সাফল্য নিয়ে প্রশ্ন উঠেছে। মাংস ব্যবসায়ী নেতা রবিউল আলমের মতে, পশুর হাটে ক্ষমতাসীনদের ছত্রছায়ায় চলা চাঁদাবাজি বন্ধ করা গেলে গরুর মাংসের দাম উল্লেখযোগ্য হারে কমানো সম্ভব। তিনি মনে করেন, কেবল ক্যাসিনো নয়, বরং দেশের সামগ্রিক দুর্নীতি ও চাঁদাবাজি নির্মূলে পশুর হাটসহ সব খাতের অনিয়মের বিরুদ্ধে কঠোর নজরদারি প্রয়োজন।",2.53,0.00,2.53
news-50838654,সরকারের রাজনৈতিক সদিচ্ছা থাকলে এবং শিল্প কারখানার মালিকরা শ্রমিকদের কল্যাণকে প্রাধান্য দিলে অটোমেশনের কারণে বাংলাদেশের খুব বেশি কর্মী চাকরি হারাবে না বলে মনে করেন কর্মসংস্থান ও চাকরির ভবিষ্যত বিষয়ে করা এক গবেষণার গবেষকরা।,"আন্তর্জাতিক শ্রম সংস্থা ও ব্র্যাকের গবেষণায় উঠে এসেছে যে, প্রযুক্তির প্রসারের ফলে বাংলাদেশের পোশাক শিল্পে অটোমেশন বা রোবটের ব্যবহার বৃদ্ধি পাওয়ায় অনেক শ্রমিকের চাকরি হারানোর ঝুঁকি তৈরি হয়েছে। তবে দীর্ঘমেয়াদী পরিকল্পনা গ্রহণ এবং কর্মীদের যথাযথ প্রশিক্ষণের ব্যবস্থা করলে এই সংকট কাটিয়ে বিকল্প কর্মসংস্থানের সুযোগ সৃষ্টি করা সম্ভব। মূলত, একঘেয়ে ও ঝুঁকিপূর্ণ কাজগুলো যন্ত্রের মাধ্যমে সম্পন্ন হলেও দক্ষ জনশক্তি তৈরির মাধ্যমে শ্রমবাজারের এই পরিবর্তন মোকাবিলা করা যেতে পারে।",10.00,0.00,8.00
news-48769590,নিষেধাজ্ঞা ভেঙ্গে ফ্রান্সের একটি স্থানীয় সুইমিং পুলে মুসলিম নারীরা বুরকিনি পরে সাঁতার কেটেছেন।,ফ্রান্সের গ্রিনোবেল শহরে বুরকিনি পরার ওপর নিষেধাজ্ঞা অমান্য করে একদল মুসলিম নারী প্রতিবাদস্বরূপ সুইমিং পুলে নেমে সাঁতার কেটেছেন। ‘সিটিজেন অ্যালায়েন্স অব গ্রিনোবেল’-এর এই সদস্যরা এটিকে নিজেদের নাগরিক অধিকার ও বৈষম্যের বিরুদ্ধে লড়াই হিসেবে অভিহিত করেছেন। এই ঘটনার পর পুলিশ নিয়ম ভঙ্গের দায়ে অংশগ্রহণকারী প্রত্যেক নারীকে জরিমানা করেছে।,26.23,6.78,16.39
news-44256370,সাবিনা ইয়াসমিন (ছদ্মনাম) একটি বেসরকারি ব্যাংকে ৫ বছর ধরে কাজ করছিলেন। এ বছরের জানুয়ারি মাসে তাকে ডেকে আকস্মিক ভাবে পদত্যাগ করতে বলা হয়।,"বাংলাদেশে ব্যাংকিং খাতে কোনো কারণ ছাড়াই কর্মকর্তাদের বাধ্যতামূলক পদত্যাগে বাধ্য করার প্রবণতা বাড়ছে, যা অভ্যন্তরীণ রাজনীতির বহিঃপ্রকাশ বলে মনে করছেন ভুক্তভোগীরা। গবেষণায় দেখা গেছে, এমন অন্যায্য পদচ্যুতির ফলে ব্যাংকগুলোতে দক্ষ ও যোগ্য নেতৃত্বের তীব্র সংকট তৈরি হয়েছে। যোগ্য নেতৃত্বের এই অভাব দেশের সামগ্রিক ব্যাংকিং খাতের স্থিতিশীলতার জন্য বড় ধরনের ঝুঁকি হিসেবে দেখা দিচ্ছে।",0.00,0.00,0.00
news-48406083,গত এক সপ্তাহে হিমালয়ের চূড়ায় সাতজন পর্বতারোহী মারা গেছেন। সেখানে গত এক বছরে এর চেয়ে কম মানুষ মারা গেছেন।,হিমালয়ের চূড়ায় পর্বতারোহীদের অত্যধিক ভিড় এবং সাম্প্রতিক মৃত্যুর ঘটনা বিশ্বজুড়ে নতুন করে উদ্বেগের সৃষ্টি করেছে। অ্যাডভেঞ্চার প্রিয় মানুষের সংখ্যা বাড়লেও অনেকেরই প্রয়োজনীয় প্রশিক্ষণ ও শারীরিক সক্ষমতার অভাব থাকায় পর্বতারোহীরা নিজেদের পাশাপাশি শেরপাদের জীবনও ঝুঁকিতে ফেলছেন। মূলত পর্বতারোহণের ক্রমবর্ধমান জনপ্রিয়তা এবং আবহাওয়া অনুকূলে থাকার স্বল্প সময়ের কারণেই হিমালয়ের চূড়ায় এমন বিপজ্জনক ভিড় তৈরি হচ্ছে।,5.56,2.86,5.56
news-45541192,শরীয়তপুরের নড়িয়া উপজেলায় মুলফৎগঞ্জ বাজারটি তিনশো বছরের পুরনো।,"পদ্মার ভয়াবহ ভাঙনে নড়িয়া উপজেলার মুলফৎগঞ্জ বাজার, স্বাস্থ্য কমপ্লেক্স ও ব্রিজসহ বিস্তীর্ণ এলাকা নদীগর্ভে বিলীন হয়ে গেছে। ভিটেমাটি ও সহায়-সম্বল হারিয়ে স্থানীয় বাসিন্দারা এখন খোলা আকাশের নিচে মানবেতর জীবনযাপন করছেন। ভাঙনের কবলে পড়ে সর্বস্বান্ত মানুষগুলো আজ নিঃস্ব অবস্থায় অনিশ্চিত ভবিষ্যতের দিকে তাকিয়ে আছেন।",7.69,0.00,7.69
news-55555497,"বরিশালের বাবুগঞ্জে বৌভাতের অনুষ্ঠানে খাবারে মাংস কম দেয়ার অভিযোগ থেকে বিতর্ক শুরু, বাকবিতণ্ডা থেকে হাতাহাতি ও লাঠালাঠি, শেষ পর্যন্ত পাত্রের একজন অভিভাবকের মৃত্যুতে শেষ হয় বিতণ্ডা।",বরিশালের বাবুগঞ্জে বৌভাতের অনুষ্ঠানে মাংস কম দেওয়াকে কেন্দ্র করে বর ও কনেপক্ষের মধ্যে সংঘর্ষে বরের চাচা আজহার মীর নিহত হয়েছেন। এ ঘটনায় কনে ও তার বাবাসহ ২২ জনকে পুলিশ হেফাজতে নেওয়া হয়েছে এবং এর মধ্যে ৯ জনকে গ্রেপ্তার করা হয়েছে। এখন পর্যন্ত কোনো মামলা দায়ের না হলেও আইনি প্রক্রিয়া চলমান রয়েছে এবং নিহতের ময়নাতদন্তের প্রস্তুতি চলছে।,19.51,10.00,19.51
news-45214104,ভারতের সদ্যপ্রয়াত সাবেক প্রধানমন্ত্রী অটলবিহারী বাজপেয়ী যে সাড়ে ছ'বছর দিল্লির ক্ষমতায় ছিলেন - তার মধ্যে মোটামুটি অর্ধেকটা সময় তিনি ঢাকাতে শেখ হাসিনার নেতৃত্বে আওয়ামী লীগ সরকার ও বাকি অর্ধেকটা খালেদা জিয়ার নেতৃত্বে একটি বিএনপি জোট সরকারকে পেয়েছিলেন।,"অটলবিহারী বাজপেয়ীর শাসনামলে ভারত-বাংলাদেশ সম্পর্কের ক্ষেত্রে ঢাকা-কলকাতা বাস পরিষেবা চালু এবং সীমান্ত সংঘাতের মতো নানা উত্থান-পতন দেখা গিয়েছিল। তবে বাজপেয়ী প্রতিবেশী রাষ্ট্রগুলোর সাথে সুসম্পর্ক বজায় রাখার গুরুত্ব অনুধাবন করে বাংলাদেশের প্রতি সর্বদা নমনীয় ও সংযত আচরণ প্রদর্শন করেছেন। কৃষ্ণা বোসের মতে, ভারতের নিরাপত্তার স্বার্থে তিনি বাংলাদেশের সাথে তিক্ততা এড়িয়ে চলার নীতি গ্রহণ করেছিলেন।",10.75,0.00,6.45
news-50452028,"সৌদি আরবের রাষ্ট্রীয় তেল সংস্থা আরামকো শেয়ার বিক্রির জন্য তাদের যে প্রাথমিক মূল্যায়ন করেছে, তাতে আইপিওর মূল্য দাঁড়িয়েছে ১ লক্ষ ৭০ হাজার কোটি ডলার।","বিশ্বের সবচেয়ে লাভজনক কোম্পানি আরামকো তাদের ১.৫ শতাংশ শেয়ার বিক্রির মাধ্যমে ২,৫০০ কোটি ডলার সংগ্রহের লক্ষ্য নির্ধারণ করেছে। এই আইপিও-র মাধ্যমে সাধারণ সৌদি নাগরিকসহ বিভিন্ন প্রতিষ্ঠান প্রথমবারের মতো কোম্পানিটির অংশীদার হওয়ার সুযোগ পাচ্ছে। আলিবাবার রেকর্ড ভেঙে এটি বিশ্বের বৃহত্তম শেয়ার বিক্রির উদ্যোগ হতে পারে বলে ধারণা করা হচ্ছে, যার মাধ্যমে প্রাপ্ত অর্থ সৌদি আরব তাদের তেল-নির্ভর অর্থনীতির বাইরে অন্যান্য খাতে বিনিয়োগ করবে।",22.22,4.55,11.11
news-44240020,বাংলাদেশে স্থানীয় সরকার নির্বাচনের প্রচারে সংসদ সদস্যদের অংশগ্রহণের পথ খুলে দিয়ে নির্বাচন কমিশন যে নতুন বিধিমালা তৈরি করেছে তা সুষ্ঠু নির্বাচনের পথে প্রতিবন্ধকতা তৈরি করবে বলে মনে করছে নির্বাচন প্রক্রিয়ার পর্যবেক্ষকরা।,নির্বাচন কমিশন সিটি কর্পোরেশন নির্বাচনে মন্ত্রী ও সংসদ সদস্যদের প্রচারণায় অংশ নেওয়ার সুযোগ রেখে আচরণবিধি সংশোধনের খসড়া চূড়ান্ত করেছে। তবে সরকারি সুবিধাভোগী ব্যক্তিদের প্রচারণার সুযোগ দিলে নির্বাচনের নিরপেক্ষতা ও সমতা নষ্ট হবে বলে সুশাসনের জন্য নাগরিক (সুজন) উদ্বেগ প্রকাশ করেছে। কমিশনের এই সিদ্ধান্ত সুষ্ঠু ও গ্রহণযোগ্য নির্বাচনের পথে বড় বাধা সৃষ্টি করবে বলে মনে করছেন সংশ্লিষ্টরা।,27.59,11.76,20.69
news-53512439,লন্ডনের একটি ব্যাঙ্কে বহু বছর ধরে গচ্ছিত হায়দ্রাবাদের নিজামের প্রায় সাড়ে চার কোটি ডলারের সম্পদ নিয়ে আইনি লড়াই আরও জটিল হয়েছে।,"হায়দ্রাবাদের শেষ নিজামের বিপুল ধনসম্পদের মালিকানা নিয়ে ভারত ও পাকিস্তানের দীর্ঘদিনের আইনি লড়াইয়ে লন্ডনের আদালত নিজামের বংশধর ও ভারত সরকারের পক্ষে রায় দিলেও, নতুন করে শতাধিক বংশধর সেই রায়কে চ্যালেঞ্জ করেছেন। নওয়াব নাজাফ আলি খানের নেতৃত্বে ১১৭ জন বংশধর এই সম্পদের ওপর নিজেদের অধিকার দাবি করায় বিষয়টি নতুন আইনি জটিলতার মুখে পড়েছে। আদালত পুরনো মামলাটি পুনরায় খুলতে রাজি না হলেও, নিজামের সম্পদ তদারকিতে দুর্নীতির অভিযোগ নিয়ে শুনানির সিদ্ধান্ত নেওয়ায় এই দীর্ঘস্থায়ী বিরোধ নিষ্পত্তিতে অনিশ্চয়তা তৈরি হয়েছে।",10.31,0.00,6.19
news-37527978,ভারত-পাকিস্তান সীমান্তে উত্তেজনার প্রভাব পড়েছে দুই দেশের বিনোদন জগতেও। কিছুদিন আগে ভারত থেকে পাকিস্তানি তারকাদের ফেরত পাঠানোর কথা বলেছিল ভারত।,"**সারসংক্ষেপ:** ভারত-পাকিস্তান সীমান্তে চলমান উত্তেজনার জেরে পাকিস্তানের সিনেমা হলগুলোতে অনির্দিষ্টকালের জন্য বলিউড চলচ্চিত্র প্রদর্শন বন্ধ ঘোষণা করা হয়েছে। দুই দেশের রাজনৈতিক অস্থিরতার প্রভাব বিনোদন জগতে পড়ায় পাকিস্তানের পরিবেশকরা ব্যবসায়িক ক্ষতি মেনে নিয়েও এই সিদ্ধান্ত নিয়েছেন। এর আগে ভারতীয় নির্মাতাদের সংগঠনও পাকিস্তানি অভিনেতাদের বলিউডে নিষিদ্ধ করার ঘোষণা দিয়েছিল, যা দুই দেশের সাংস্কৃতিক সম্পর্কের অবনতিকে স্পষ্ট করে তুলেছে।",25.64,7.89,23.08
news-41386651,বাংলাদেশ সফরে এসে জাতিসংঘ শরণার্থী সংস্থা ইউএনএইচসিআর প্রধান ফিলিপো গ্র্যান্ডি বলেছেন মিয়ানমারের উচিৎ কোফি আনান কমিশনের সুপারিশ অনুযায়ী রোহিঙ্গাদের নাগরিকত্ব দেওয়া।,"**সারসংক্ষেপ:** কক্সবাজারে রোহিঙ্গা শরণার্থী শিবির পরিদর্শন শেষে ইউএনএইচসিআর প্রধান ফিলিপো গ্র্যান্ডি শরণার্থীদের আশ্রয় দেওয়ার জন্য বাংলাদেশের মানবিক ভূমিকার ভূয়সী প্রশংসা করেছেন। তিনি রাখাইনে সহিংসতা বন্ধের দাবি জানানোর পাশাপাশি ত্রাণ কার্যক্রমে স্থানীয় জনগোষ্ঠীর নিরাপত্তা ও কল্যাণের ওপর বিশেষ গুরুত্বারোপ করেছেন। এছাড়া, বর্তমান পরিস্থিতিতে রোহিঙ্গাদের সহায়তার জন্য প্রাথমিক হিসাবের চেয়ে অনেক বেশি তহবিলের প্রয়োজন বলে তিনি উল্লেখ করেছেন।",15.58,8.00,15.58
news-46237664,দু'হাজার তেরো সালের ডিসেম্বর মাস। ঢাকায় এক সফরে এলেন ভারতের তৎকালীন পররাষ্ট্র সচিব সুজাতা সিং।,"২০১৪ সালের ৫ই জানুয়ারির নির্বাচনে এইচ এম এরশাদকে অংশগ্রহণে বাধ্য করতে ভারতের তৎকালীন কূটনৈতিক তৎপরতা ব্যাপক আলোচনার জন্ম দিয়েছিল। তবে ২০১৮ সালের নির্বাচনে ভারতের এমন কোনো প্রকাশ্য হস্তক্ষেপ বা আগ্রহ লক্ষ্য করা যাচ্ছে না, যা দেশটির কৌশলগত পরিবর্তনের ইঙ্গিত দেয়। রাজনৈতিক পর্যবেক্ষকদের মতে, এবারের নির্বাচনে সব দলের অংশগ্রহণ নিশ্চিত হওয়ায় ভারতের আগের মতো সক্রিয় হওয়ার প্রয়োজনীয়তা কমেছে।",8.22,2.82,8.22
news-37768723,মদ পানের ক্ষেত্রে পুরুষদের প্রায় ধরে ফেলেছে মহিলারা। তাদের মধ্যে মদ পানের অভ্যাস দ্রুত বাড়ছে। বিশ্ব জুড়ে পরিচালিত এক সমীক্ষায় এই দাবি করা হয়েছে।,"বিগত কয়েক দশকে সমাজে নারী-পুরুষের ভূমিকার পরিবর্তন এবং অ্যালকোহলের সহজলভ্যতার কারণে নারীদের মধ্যে মদ পানের প্রবণতা উল্লেখযোগ্য হারে বৃদ্ধি পেয়েছে। গবেষণায় দেখা গেছে, বিংশ শতাব্দীর শুরুতে নারী ও পুরুষের মদ পানের যে বড় ব্যবধান ছিল, তা বর্তমানে প্রায় বিলীন হয়ে এসেছে। এছাড়া, মদ প্রস্তুতকারী প্রতিষ্ঠানগুলো এখন বিপণনের ক্ষেত্রে তরুণীদের বিশেষ লক্ষ্যবস্তু হিসেবে বিবেচনা করছে।",15.19,7.79,10.13
news-53120172,করোনাভাইরাসের বিরুদ্ধে লড়াইয়ে ভিটামিন ডি-র কোন ভূমিকা আছে কিনা তা নিয়ে প্রশ্ন ক্রমেই বাড়ছে।,"লকডাউনের কারণে ঘরের ভেতর দীর্ঘ সময় অবস্থান করায় শরীরে ভিটামিন ডি-র ঘাটতি পূরণে ব্রিটেনের স্বাস্থ্য কর্মকর্তারা প্রতিদিন ১০ মাইক্রোগ্রাম ভিটামিন ডি গ্রহণের পরামর্শ দিয়েছেন। হাড়, দাঁত ও পেশির সুস্থতার পাশাপাশি ভিটামিন ডি শরীরের রোগ প্রতিরোধ ক্ষমতা বাড়াতে এবং সংক্রমণের বিরুদ্ধে লড়াই করতে সহায়তা করে। বিশেষ করে যারা সূর্যের আলোর সংস্পর্শে কম আসেন, তাদের জন্য এই ভিটামিন গ্রহণ করা অত্যন্ত জরুরি।",10.53,5.41,7.89
news-47397239,"যুক্তরাজ্যের দাতব্য প্রতিষ্ঠান অটিস্টিকা জানাচ্ছে, এনারক্সিয়া বা ক্ষুধামন্দা রোগ নিয়ে যারা হাসপাতালে ভর্তি হয় তাদের মধ্যে প্রতি পাঁচজনের একজনের অটিস্টিক সমস্যা রয়েছে।","যুক্তরাজ্যের সাম্প্রতিক গবেষণায় অটিজম এবং ক্ষুধামন্দার মধ্যে গভীর সম্পর্কের ইঙ্গিত পাওয়া গেছে। অনেক ক্ষেত্রে অটিজমে আক্রান্ত ব্যক্তিদের মধ্যে খাবার নিয়ে অতিরিক্ত খুঁতখুঁতে স্বভাব বা ক্যালরি গণনার প্রবণতা দেখা দেয়, যা গুরুতর স্বাস্থ্যঝুঁকির কারণ হতে পারে। তাই এই দুই সমস্যার মধ্যকার যোগসূত্র স্পষ্টভাবে বোঝার জন্য আরও ব্যাপক গবেষণার প্রয়োজন বলে বিশেষজ্ঞরা মনে করছেন।",8.11,0.00,5.41
news-46002944,রাতারাতি ওলট পালট ঘটে গেছে শ্রীলঙ্কার সরকার ও রাজনীতির মানচিত্রে।,শ্রীলঙ্কার প্রেসিডেন্ট মৈথ্রিপালা সিরিসেনা আকস্মিকভাবে প্রধানমন্ত্রী রানিল বিক্রমাসিংহেকে বরখাস্ত করে তাঁর স্থলে সাবেক প্রেসিডেন্ট মাহিন্দা রাজাপাক্সেকে নিয়োগ দিয়েছেন। এই পদক্ষেপকে অসাংবিধানিক ও বেআইনি আখ্যা দিয়ে বিক্রমাসিংহের দল সংসদে সংখ্যাগরিষ্ঠতা প্রমাণের দাবি জানিয়েছে। উদ্ভূত পরিস্থিতিতে প্রেসিডেন্ট ১৬ নভেম্বর পর্যন্ত সংসদ স্থগিত ঘোষণা করায় দেশটিতে গভীর রাজনৈতিক সংকট ও অনিশ্চয়তা তৈরি হয়েছে।,6.67,0.00,6.67
news-48250607,প্রতিদিন সামহি মুস্তাফা কায়রোর কাছে তার বাড়ি থেকে মিশরের দক্ষিণের প্রদেশ বানি সোয়েফ পর্যন্ত ২০০ কিলোমিটার যাত্রা করেন।,"মিশরে কারাবাসের সাজা শেষ হওয়ার পরও রাজনৈতিক কর্মী ও সাংবাদিকদের 'সাপ্লিমেন্টারি পেনাল্টি' হিসেবে প্রতিদিন ১২ ঘণ্টা থানায় হাজিরা দেওয়ার মতো কঠোর ও বাধ্যতামূলক শাস্তির মুখোমুখি হতে হচ্ছে। সাংবাদিক সামহি মুস্তাফা সড়ক দুর্ঘটনায় আহত হয়ে হাজিরা দিতে না পারায় তাকে নতুন করে কারাদণ্ড দেওয়া হয়েছে, যা দেশটিতে ভিন্নমতাবলম্বীদের দমনের একটি কৌশল হিসেবে ব্যবহৃত হচ্ছে। এই নিপীড়নমূলক ব্যবস্থার আওতায় শত শত মানুষকে সামান্য অজুহাতে পুনরায় কারাগারে পাঠানোর ঝুঁকি নিয়ে দিন কাটাতে হচ্ছে।",6.82,2.33,6.82
news-53784357,"বাংলাদেশে পুলিশের কর্মকর্তারা বলেছেন, কক্সবাজারে অবসরপ্রাপ্ত মেজর সিনহা মো: রাশেদের হত্যার ঘটনাকে কেন্দ্র করে পুলিশ বাহিনীর ভাবমূর্তি প্রশ্নের মুখে ফেলা হচ্ছে। সেজন্য পুলিশ কর্মকর্তাদের অ্যাসোসিয়েশন বিবৃতি দিয়ে বাহিনীটির অবস্থান তুলে ধরেছে বলে কর্মকর্তারা উল্লেখ করেছেন।","অবসরপ্রাপ্ত মেজর সিনহা মো: রাশেদ হত্যার ঘটনাকে কেন্দ্র করে পুলিশ ও সেনাবাহিনীকে মুখোমুখি দাঁড় করানোর অপচেষ্টা চলছে বলে পুলিশ সার্ভিস অ্যাসোসিয়েশন অভিযোগ করেছে। পুলিশ স্পষ্ট করেছে যে, এই হত্যাকাণ্ডের দায় কোনো প্রতিষ্ঠানের নয়, বরং এটি ব্যক্তিগত অপরাধ। তবে বিশ্লেষকদের মতে, ক্রসফায়ার ও গুমসহ বিভিন্ন কারণে পুলিশের প্রতি জনগণের দীর্ঘদিনের জমে থাকা ক্ষোভই সামাজিক মাধ্যমে এমন প্রতিক্রিয়ার মূল কারণ।",27.96,15.38,23.66
news-46698395,বাংলাদেশে আসন্ন জাতীয় সংসদ নির্বাচনের সময় অসত্য তথ্য প্রচার ঠেকাতে র‍্যাব ফেসবুকে একটি পেজের মাধ্যমে 'র‍্যাব সাইবার নিউজ ভেরিফিকেশন সেন্টার' নামে একটি কেন্দ্র চালু করার ঘোষণা দিয়েছে।,নির্বাচনের সময় সামাজিক যোগাযোগমাধ্যমে ছড়িয়ে পড়া খবরের সত্যতা যাচাই করতে র‍্যাব ‘সাইবার নিউজ ভেরিফিকেশন সেন্টার’ চালু করেছে। কোনো সংবাদ নিয়ে সন্দেহ থাকলে সাধারণ মানুষ তা যাচাইয়ের জন্য র‍্যাবের কাছে পাঠাতে পারবেন এবং এই সেন্টারটি সার্বক্ষণিক সেবা প্রদান করবে। উদ্দেশ্যপ্রণোদিত মিথ্যা সংবাদের বিস্তার রোধ ও জনসচেতনতা তৈরির লক্ষ্যেই মূলত এই উদ্যোগ নেওয়া হয়েছে।,21.69,12.35,19.28
news-48295298,"""এনিয়ে আমি দ্বিতীয়বার চিন্তা করি না। গর্ভপাতের বিষয়ে আমরা খোলামেলা কথা বলি। আমার মনে আছে, শেষবার যখন গর্ভপাত করি তখন আমি আমার সব বন্ধুসহ পরিবারের সবাইকে জানিয়েছিলাম,"" বলছিলেন গ্রিনল্যান্ডের ১৯ বছর বয়সী পিয়া। পরিচয় গোপন রাখতে তার নামটি বদলে দেওয়া হয়েছে।","গ্রিনল্যান্ডে শিশু জন্মের চেয়ে গর্ভপাতের হার উদ্বেগজনকভাবে বেশি, যেখানে প্রতি বছর গড়ে ৮০০টি গর্ভপাতের ঘটনা ঘটে। অর্থনৈতিক সংকট, আবাসন সমস্যা ও শিক্ষার অভাবের পাশাপাশি সচেতনতার অভাবেই দেশটিতে অনাকাঙ্ক্ষিত গর্ভধারণের হার বাড়ছে। বিনামূল্যে জন্মনিরোধক সুবিধা থাকা সত্ত্বেও সামাজিক জড়তাহীনতা এবং কিশোর-কিশোরীদের অসতর্কতার কারণে দেশটিতে গর্ভপাতের এই উচ্চ হার বজায় রয়েছে।",4.40,0.00,4.40
news-51697033,বাংলাদেশে ১৯৭৩ সালে সাধারণ বীমা ও জীবন বীমা কর্পোরেশন প্রতিষ্ঠার মাধ্যমে বীমা খাতের শুরু হলেও আজই অর্থাৎ পয়লা মার্চ প্রথমবারের মত জাতীয় বীমা দিবস হিসেবে পালন করা হচ্ছে।,ভবিষ্যতের সম্ভাব্য আর্থিক ঝুঁকি ও অনিশ্চয়তা মোকাবেলায় বীমা একটি কার্যকর বিনিয়োগ মাধ্যম হিসেবে কাজ করে। নির্দিষ্ট প্রিমিয়ামের বিনিময়ে বীমা প্রতিষ্ঠান গ্রাহকের জীবন বা সম্পদের ঝুঁকি গ্রহণ করে এবং বিপদের সময় আর্থিক সুরক্ষা প্রদান করে। তবে বীমা করার আগে এর শর্তাবলি ভালোভাবে জেনে ও বুঝে বিনিয়োগ করা জরুরি।,18.67,0.00,13.33
150110_pg_srilanka_after_mahinda,নির্বাচনের দিন কলম্বোয় একটি ভোটগণনা কেন্দ্রে সারাদিন ধরে পুলিশ আর সেনাবাহিনীর কর্মকর্তাদের সাথে কথা বলেছেন একজন কর্মী।,"শ্রীলঙ্কার নির্বাচনে মহিন্দা রাজাপাকশের পরাজয়ের পেছনে সেনাবাহিনীর অসন্তোষ এবং তার পরিবারের একচ্ছত্র ক্ষমতা ও দুর্নীতির বিরুদ্ধে জনরোষ প্রধান ভূমিকা পালন করেছে। রাজাপাকশে সরকার তামিলদের বিরুদ্ধে যুদ্ধের বিজয়কে পুঁজি করে দীর্ঘ সময় ক্ষমতায় থাকলেও মানবাধিকার লঙ্ঘন ও যুদ্ধাপরাধের অভিযোগ নিয়ে দেশটিতে চরম বিতর্ক ছিল। নতুন প্রেসিডেন্ট মৈত্রীপালা সিরিসেনা দেশের বিভাজন দূর করার প্রতিশ্রুতি দিলেও যুদ্ধাপরাধের তদন্তের মতো স্পর্শকাতর বিষয়গুলো কীভাবে মোকাবিলা করবেন, তা নিয়ে সংশয় রয়ে গেছে।",2.41,0.00,2.41
news-53821957,ঢাকার মগবাজার এলাকায় বসবাস করেন আফরোজা আক্তার। নিজের প্রথম সন্তানের জন্মের সময় নরমাল ডেলিভারি বা স্বাভাবিক প্রসবের জন্য নিজেকে প্রস্তুত করেছিলেন তিনি।,"বাংলাদেশে গত এক দশকে অপ্রয়োজনীয় সিজারিয়ান অপারেশনের হার আশঙ্কাজনকভাবে বৃদ্ধি পেয়েছে, যার পেছনে অনেক সময় বেসরকারি হাসপাতালের বাণিজ্যিক উদ্দেশ্য ও গাফিলতিকে দায়ী করা হয়। মা ও শিশুর স্বাস্থ্যঝুঁকি কমাতে এবং অপ্রয়োজনীয় অস্ত্রোপচার রোধে সেভ দ্য চিলড্রেন, ব্র্যাক ও আইসিডিডিআরবি-সহ বিভিন্ন সংস্থা বর্তমানে স্বাভাবিক প্রসবের পক্ষে ব্যাপক প্রচারণা চালাচ্ছে। সরকারি ও বেসরকারি হাসপাতালে সিজারের উচ্চ হারের বিপরীতে সচেতনতা বৃদ্ধির মাধ্যমে স্বাভাবিক প্রসবের হার বাড়ানোর ওপর গুরুত্বারোপ করা হচ্ছে।",4.44,2.27,4.44
news-43006012,"""বিজ্ঞানে এটা প্রমাণ হয়েছে যে সুখী হতে হলে সচেতন প্রচেষ্টার প্রয়োজন,"" বলেছেন যুক্তরাষ্ট্রে ইয়েল বিশ্ববিদ্যালয়ে মনোবিজ্ঞান এবং কগনিটিভ বিজ্ঞান বিভাগের একজন অধ্যাপক লরি স্যান্টোস।","ইয়েল বিশ্ববিদ্যালয়ের অধ্যাপক লরি স্যান্টোস তার 'মনোবিজ্ঞান ও সুন্দর জীবন' কোর্সের মাধ্যমে শিক্ষার্থীদের সুখী হওয়ার বৈজ্ঞানিক কলাকৌশল শেখাচ্ছেন, যা বিশ্ববিদ্যালয়ের ইতিহাসে সবচেয়ে জনপ্রিয় ক্লাসে পরিণত হয়েছে। তিনি মনে করেন, সুখী হওয়া কোনো স্বয়ংক্রিয় প্রক্রিয়া নয়, বরং এটি একজন ক্রীড়াবিদ বা শিল্পীর মতো নিয়মিত চর্চার মাধ্যমে অর্জন করতে হয়। এই কোর্সের মূল লক্ষ্য হলো ইতিবাচক মনোবিজ্ঞানের বিভিন্ন তত্ত্বকে দৈনন্দিন জীবনে প্রয়োগ করে মানুষের আচরণগত পরিবর্তন ও সুখ নিশ্চিত করা।",17.39,4.44,8.70
news-49471833,পার্বত্য চট্টগ্রামের খাগড়াছড়ি জেলায় সেনাবাহিনীর সাথে 'গোলাগুলিতে' তিনজন নিহত হয়েছে।,"খাগড়াছড়ির দীঘিনালায় সেনাবাহিনীর সাথে গোলাগুলিতে ইউপিডিএফের তিন সদস্য নিহত হওয়ার দাবি করেছে আইএসপিআর এবং ঘটনাস্থল থেকে তিনটি আগ্নেয়াস্ত্র উদ্ধার করা হয়েছে। তবে ইউপিডিএফ এই দাবি প্রত্যাখ্যান করে অভিযোগ করেছে যে, নিরাপত্তা বাহিনী তাদের তিন সদস্যকে তুলে নিয়ে পরিকল্পিতভাবে হত্যা করেছে। পার্বত্য অঞ্চলে সাম্প্রতিক এসব ঘটনাকে বিশ্লেষকরা নতুন করে অস্থিরতা তৈরির ইঙ্গিত হিসেবে দেখছেন।",15.87,6.56,12.70
news-46411893,"ভারতের আসামে যে কয়েকলক্ষ মানুষ জাতীয় নাগরিকপঞ্জী বা এনআরসি থেকে বাদ যাওয়ার আশঙ্কায় দিন কাটাচ্ছেন, তারা যদি সত্যি রাষ্ট্রবিহীন হয়ে পড়েন, তাহলে মিয়ানমারের রোহিঙ্গাদের মতোই আরেকটা শরণার্থী সঙ্কট তৈরি হতে পারে - মনে করছেন গবেষকরা।","মিয়ানমারের ১৯৮২ সালের নাগরিকত্ব আইনের ত্রুটি বিশ্লেষণ না করার ফলে সৃষ্ট রোহিঙ্গা সংকটের মতো পরিস্থিতি যাতে আসামে না ঘটে, সে বিষয়ে গবেষকরা সতর্ক করেছেন। আসামের এনআরসি তালিকা থেকে বাদ পড়া ৪০ লক্ষ মানুষের রাষ্ট্রহীন হওয়ার আশঙ্কা পুরো অঞ্চলে নতুন মানবিক সংকটের জন্ম দিতে পারে। তাই এই বিপর্যয় এড়াতে আফ্রিকার মতো দক্ষিণ এশিয়ায় এখনই একটি সুষ্ঠু আঞ্চলিক মানবাধিকার ব্যবস্থাপনা গড়ে তোলা জরুরি।",14.74,2.15,10.53
news-38992990,বাংলাদেশে রাষ্ট্রপতি গঠিত নতুন নির্বাচন কমিশন বুধবার শপথ গ্রহণের মাধ্যমে আনুষ্ঠানিকভাবে কাজ শুরু করেছে।,"বাংলাদেশে নতুন নির্বাচন কমিশন শপথ নিয়ে কার্যক্রম শুরু করলেও প্রধান নির্বাচন কমিশনার কে এম নুরুল হুদাকে ঘিরে শুরু থেকেই বিতর্ক তৈরি হয়েছে। বিএনপি তার নিয়োগ প্রক্রিয়া ও অতীত কর্মজীবন নিয়ে প্রশ্ন তুলে এটিকে বিতর্কিত ও পূর্বনির্ধারিত বলে অভিহিত করেছে। অন্যদিকে, আওয়ামী লীগ ও বিএনপির পাল্টাপাল্টি বক্তব্যের মাধ্যমে নতুন কমিশনকে কেন্দ্র করে রাজনৈতিক অঙ্গনে উত্তাপ ছড়িয়ে পড়েছে।",22.86,5.88,20.00
news-45204536,বাংলাদেশের সুপরিচিত ফটোগ্রাফার এবং অ্যাকটিভিস্ট শহিদুল আলম এখন কারাগারে।,নিরাপদ সড়কের দাবিতে শিক্ষার্থীদের আন্দোলনের ছবি তোলা ও সরকারের সমালোচনা করার অভিযোগে প্রখ্যাত আলোকচিত্রী শহিদুল আলমকে বিতর্কিত ইন্টারনেট আইনে আটক করা হয়েছে। পুলিশের হেফাজতে নির্যাতনের শিকার হওয়ার অভিযোগ তোলা এই আলোকচিত্রীর মুক্তি চেয়ে দেশি-বিদেশি মানবাধিকার সংস্থা ও বিশিষ্ট ব্যক্তিরা জোরালো দাবি জানিয়েছেন। দীর্ঘদিনের কর্মময় জীবনে বাংলাদেশের ঐতিহাসিক ঘটনাবলি ক্যামেরাবন্দি করা শহিদুল আলমের এই আটকাদেশকে সরকারের সমালোচকদের দমনের অংশ হিসেবে দেখছেন পর্যবেক্ষকরা।,5.63,0.00,5.63
news-40475237,বাংলাদেশে জঙ্গি হামলার আশঙ্কায় রাজধানী ঢাকার কাছে সাভারের ধামরাইয়ে বিখ্যাত যশোমাধবের রথযাত্রা উৎসব উপলক্ষে প্রায় চারশ বছরের ঐতিহ্যবাহী একটি মেলা বন্ধ করে দেয়ার অভিযোগ উঠেছে।,জঙ্গি হামলার আশঙ্কার কথা জানিয়ে ঢাকার ধামরাইয়ে ঐতিহ্যবাহী রথযাত্রার মেলা বন্ধ করে দিয়েছে পুলিশ। তবে মন্দির কর্তৃপক্ষ পুলিশের এই যুক্তি মানতে নারাজ এবং তারা একে রথযাত্রা বন্ধের একটি গভীর ষড়যন্ত্র হিসেবে দেখছে। এই সিদ্ধান্তের প্রতিবাদে স্থানীয় হিন্দু সম্প্রদায়ের মানুষ বিক্ষোভ মিছিল ও সমাবেশ করেছেন।,26.09,8.96,20.29
news-40326980,"বিবিসি আরবী বিভাগ এবং ডেনিশ একটি নিউজপেপারের যৌথ এক অনুসন্ধানে জানা গেছে, ব্রিটিশ নিরাপত্তা সামগ্রী প্রস্তুতকারক কোম্পানি বি.এ.ই সিস্টেমের স্পর্শকাতর বিভিন্ন নিরাপত্তা প্রযুক্তি সামগ্রী দেদারসে মধ্যপ্রাচ্যে বিক্রি করা হচ্ছে ।","সংযুক্ত আরব আমিরাত উন্নত প্রযুক্তি ব্যবহার করে তাদের নাগরিকদের ব্যক্তিগত যোগাযোগ ও তথ্য গোপনে নজরদারি করছে, যা মানবাধিকারের চরম লঙ্ঘন। এই নজরদারি প্রক্রিয়ায় আহমেদ মানসুরের মতো মানবাধিকার কর্মীদের টার্গেট করা হয়েছে, যারা সরকারের সমালোচনার কারণে বর্তমানে কারাবন্দী। এছাড়া, ব্রিটেনসহ বিভিন্ন দেশের প্রযুক্তি প্রতিষ্ঠানের সহায়তায় গড়ে তোলা এই নজরদারি ব্যবস্থা ভবিষ্যতে আন্তর্জাতিক নিরাপত্তার জন্যও হুমকি হয়ে দাঁড়াতে পারে।",6.82,0.00,4.55
news-46856270,বাংলাদেশ মজুরি কাঠামো নিয়ে সংকট নিরসনে সরকারের একটি পর্যালোচনা কমিটি সব পক্ষের সাথে জরুরি বৈঠকের পর জানিয়েছেন মজুরি কাঠামো সংশোধন করা হয়েছে ও তাতে একমত হয়েছে সব পক্ষই।,"**সারসংক্ষেপ:** গার্মেন্টস শ্রমিকদের মজুরি কাঠামো নিয়ে সৃষ্ট অসন্তোষ নিরসনে প্রধানমন্ত্রীর হস্তক্ষেপে সরকার, মালিকপক্ষ ও শ্রমিক নেতারা একটি সমঝোতায় পৌঁছেছেন। নতুন নির্ধারিত মজুরি কাঠামোতে শ্রমিকদের আপত্তিগুলো আলোচনার মাধ্যমে সমাধান করা হয়েছে এবং সব পক্ষ এতে স্বাক্ষর করেছে। যদিও শ্রমিক নেতারা এই সিদ্ধান্তে পুরোপুরি সন্তুষ্ট কি না তা নিয়ে স্পষ্ট কিছু বলেননি, তবে তারা প্রধানমন্ত্রীর সম্মতিতে এই সমঝোতা মেনে নিয়েছেন।",18.60,2.38,16.28
news-40916562,বরফে ঢাকা এন্টার্কটিকায় হয়তো বিশ্বের সবচেয়ে বিরূপ প্রাকৃতিক পরিবেশ। কিন্তু ব্রিটিশ এক প্যাকেট ফ্রুটকেক ১০০ বছরেরও বেশি সময় ধরে তা সহজেই সামলেছে।,এন্টার্কটিকার একটি পুরনো কুঁড়েঘর থেকে ব্রিটিশ অভিযাত্রী রবার্ট ফ্যালকন স্কটের ১০৬ বছরের পুরনো একটি ফ্রুটকেক উদ্ধার করেছেন গবেষকরা। টিনের ভেতরে থাকা কেকটি দীর্ঘ সময় পরেও আশ্চর্যজনকভাবে ভালো অবস্থায় রয়েছে এবং এর সুগন্ধও অটুট আছে। ঐতিহাসিক এই নিদর্শনটি বর্তমানে এন্টার্কটিক হেরিটেজ ট্রাস্টের তত্ত্বাবধানে সংরক্ষিত রয়েছে।,6.06,0.00,6.06
news-46874687,পুরান ঢাকার লালবাগ কুঠির দিকে যখন যাচ্ছিলাম তখনই পাওয়া যাচ্ছিল উৎসবের একটা আমেজ।,পুরান ঢাকার ঐতিহ্যবাহী সাকরাইন উৎসব বা পৌষ সংক্রান্তি উপলক্ষে আকাশজুড়ে ঘুড়ি ওড়ানো এবং বর্ণিল আতশবাজির এক আনন্দঘন পরিবেশ তৈরি হয়। ধর্ম-বর্ণ নির্বিশেষে সকল বয়সী মানুষের অংশগ্রহণে উৎসবটি দুই দিনব্যাপী সাড়ম্বরে উদযাপিত হয়। ঘুড়ি ওড়ানোর পাশাপাশি সুতা মাঞ্জা দেওয়া এবং আগুন নিয়ে খেলা এই উৎসবের অন্যতম প্রধান আকর্ষণ।,9.84,3.39,9.84
news-47569153,"ভারতের ক্ষমতাসীন দল বিজেপি, যারা নিজেদের দেশে ডিজিটাল বিপ্লবের পথিকৃৎ বলে দাবি করে থাকে, তাদের ওয়েবসাইট গত দশদিন ধরে স্তব্ধ হয়ে আছে।","গত ৫ মার্চ থেকে বিজেপির অফিসিয়াল ওয়েবসাইটটি রক্ষণাবেক্ষণের কারণ দেখিয়ে বন্ধ রাখা হয়েছে। শুরুতে যান্ত্রিক ত্রুটির কথা বললেও, পরবর্তীতে কেন্দ্রীয় মন্ত্রী রবিশঙ্কর প্রসাদ স্বীকার করেছেন যে সাইটটি হ্যাকিংয়ের শিকার হয়েছিল। হ্যাকারদের কবলে পড়ার বিষয়টি নিয়ে বিজেপি নেতাদের পরস্পরবিরোধী মন্তব্যের কারণে বিষয়টি নিয়ে ধোঁয়াশা তৈরি হয়েছে।",5.97,0.00,2.99
news-44254483,ট্রাম্প-কিম শীর্ষ বৈঠক হবে না - এ কথা ঘোষণার একদিন পরই এখন মার্কিন প্রেসিডেন্টের মুখে উল্টো কথা শোনা যাচ্ছে।,"**সারসংক্ষেপ:** ১২ই জুন সিঙ্গাপুরে কিম জং উনের সাথে নির্ধারিত বৈঠকটি বাতিলের একদিন পরেই ডোনাল্ড ট্রাম্প পুনরায় তা আয়োজনের সম্ভাবনা ব্যক্ত করেছেন। উত্তর কোরিয়ার ইতিবাচক সাড়া এবং আলোচনার আগ্রহের প্রেক্ষিতে ট্রাম্প জানিয়েছেন যে, দুই পক্ষ বর্তমানে বিষয়টি নিয়ে পুনরায় কথা বলছে। মার্কিন প্রতিরক্ষামন্ত্রী জেমস ম্যাটিসও এই কূটনৈতিক প্রচেষ্টার বিষয়ে আশাবাদ ব্যক্ত করেছেন।",14.29,0.00,8.57
news-55619086,ভারতের সীমান্তরক্ষী বাহিনীর গুলিতে বাংলাদেশি নাগরিকদের মৃত্যুর পর সেখানে সীমান্তবর্তী গ্রামগুলোতে নিহতদের পরিবারে শোকের মাতম গত কয়েক বছরে বেশ পরিচিত দৃশ্য হয়ে উঠেছে।,মেঘালয়ের সাউথ গারো হিলস সীমান্তে বিজিবির গুলিতে থেডিয়ান জি মোমিন নামে এক ভারতীয় নাগরিকের মৃত্যুর ঘটনায় স্থানীয় গ্রামবাসীদের মধ্যে তীব্র ক্ষোভের সৃষ্টি হয়েছে। নিহতের কোনো অপরাধমূলক রেকর্ড না থাকা সত্ত্বেও তাকে মাদক চোরাকারবারি হিসেবে চিহ্নিত করার অভিযোগ উঠেছে। বর্তমানে এই হত্যাকাণ্ডের সুরাহা করতে দুই দেশের সীমান্তরক্ষী বাহিনীর মধ্যে আলোচনা চলছে।,13.70,2.82,8.22
news-48981368,বাংলাদেশ থেকে প্রতিবছর সরকারিভাবে কয়েক হাজার কর্মী কাজ করতে দক্ষিণ কোরিয়ায় যান।,দক্ষিণ কোরিয়ায় বিদেশি কর্মী পাঠানোর ক্ষেত্রে বাংলাদেশ একসময় শীর্ষে থাকলেও বর্তমানে নেপাল ও ভিয়েতনাম সেই স্থান দখল করেছে। সরকারি ব্যবস্থাপনায় অত্যন্ত কম খরচে এবং আকর্ষণীয় বেতনে চাকরির সুযোগ থাকায় বাংলাদেশি তরুণদের মধ্যে কোরিয়ায় যাওয়ার ব্যাপক আগ্রহ রয়েছে। দক্ষিণ কোরিয়ার প্রধানমন্ত্রীর বাংলাদেশ সফরের প্রেক্ষাপটে দ্বিপাক্ষিক আলোচনার মাধ্যমে কর্মী নিয়োগের বর্তমান সংকট ও নতুন সম্ভাবনা নিয়ে নতুন করে প্রত্যাশা তৈরি হয়েছে।,11.27,2.90,5.63
news-53220802,সিঙ্গাপুরে করোনাভাইরাসের বিস্তার ঠেকাতে ব্লুটুথ দিয়ে ব্যবহারযোগ্য কন্ট্যাক্ট ট্রেসিং-এর যন্ত্র্র বিতরণ শুরু হয়েছে।,স্মার্টফোন ব্যবহার করেন না বা করতে চান না এমন ব্যক্তিদের জন্য সিঙ্গাপুর সরকার 'ট্রেসটুগেদার' নামক একটি ব্লুটুথ-ভিত্তিক কন্ট্যাক্ট ট্রেসিং টোকেন চালু করেছে। এই যন্ত্রটি ব্যবহারকারীর ব্যক্তিগত তথ্যের গোপনীয়তা বজায় রেখে করোনা আক্রান্ত ব্যক্তির সংস্পর্শে এলে সংশ্লিষ্ট ব্যক্তিকে সতর্ক করতে সাহায্য করবে। দীর্ঘস্থায়ী ব্যাটারিযুক্ত এই টোকেনটি মূলত বয়স্ক ও ঝুঁকিপূর্ণ ব্যক্তিদের সুরক্ষার কথা মাথায় রেখে তৈরি করা হয়েছে।,8.33,2.86,8.33
news-46140466,বাংলাদেশে একাদশ জাতীয় সংসদ নির্বাচন নিয়ে চলা মতপার্থক্য আর বিতর্কের মধ্যে বৃহস্পতিবার নির্বাচনের তফসিল ঘোষণা করেছে নির্বাচন কমিশন।,প্রধান নির্বাচন কমিশনার কে এম নূরুল হুদা আগামী ২৩শে ডিসেম্বর জাতীয় নির্বাচনের ভোট গ্রহণের তারিখ ঘোষণা করেছেন। নির্বাচনে সীমিত পরিসরে ইভিএম ব্যবহারের কথা জানিয়ে তিনি সব রাজনৈতিক দলকে সহনশীলতা বজায় রেখে অংশগ্রহণ করার আহ্বান জানিয়েছেন। বিরোধী জোটের তফসিল পেছানোর দাবি উপেক্ষা করে সাংবিধানিক বাধ্যবাধকতার কারণে কমিশন এই নির্বাচনের সময়সূচি ঘোষণা করেছে।,17.39,2.99,14.49
120724_humayun,বাংলাদেশের জনপ্রিয় কথাসাহিত্যিক হুমায়ূন আহমেদকে ঢাকার অদূরে গাজীপুরে তার নিজের গড়া নুহাশ পল্লী নামের বাগান বাড়ীতে দাফন করা হয়েছে।,জনপ্রিয় কথাসাহিত্যিক হুমায়ূন আহমেদের দাফন নিয়ে পরিবারের সদস্যদের মধ্যে মতভেদ তৈরি হলে সরকারের হস্তক্ষেপে শেষ পর্যন্ত তার প্রিয় নুহাশ পল্লীতেই তাকে সমাহিত করার সিদ্ধান্ত হয়। মঙ্গলবার দুপুরে নুহাশ পল্লীর লিচুবাগানে জোহরের নামাজের পর তাকে রাষ্ট্রীয় মর্যাদায় দাফন করা হয়। বৃষ্টির উপেক্ষা করে হাজারো ভক্ত ও প্রিয়জন তাদের প্রিয় লেখককে শেষ বিদায় জানাতে নুহাশ পল্লীতে সমবেত হন।,13.33,2.74,13.33
news-54832898,"দীর্ঘ ৫০ বছরের সামরিক শাসনের পর মিয়ানমারে কার্যত দ্বিতীয় সাধারণ নির্বাচন হতে যাচ্ছে রবিবার, তবে নির্বাচনটি নিয়ে ইতোমধ্যেই সংশয় প্রকাশ করেছে আন্তর্জাতিক নানা সংস্থা।","২০১০ সালে গণতন্ত্রের পথে যাত্রা শুরু করা মিয়ানমারে অং সান সু চি'র নেতৃত্বে রাজনৈতিক পরিবর্তন এলেও, বর্তমানে দেশটি রোহিঙ্গা গণহত্যার মতো গুরুতর আন্তর্জাতিক অভিযোগের মুখোমুখি। রাখাইন রাজ্যে সেনাবাহিনীর নির্যাতনের ফলে ১১ লক্ষাধিক রোহিঙ্গা বাংলাদেশে আশ্রয় নিলেও, মিয়ানমারের প্রধান রাজনৈতিক দলগুলো এই ইস্যুতে নেতিবাচক বা উদাসীন অবস্থান বজায় রেখেছে। আসন্ন নির্বাচনে সু চি'র দল এগিয়ে থাকলেও, রোহিঙ্গাদের প্রতি দেশটির রাজনৈতিক দলগুলোর কঠোর মনোভাবের কারণে এই মানবিক সংকটটি নির্বাচনী প্রচারণায় খুব একটা গুরুত্ব পাচ্ছে না।",4.04,0.00,4.04
news-54687693,প্রেসিডেন্ট এমানুয়েল ম্যাঁক্রর মন্তব্যের জের ধরে ফরাসি পণ্য বর্জন না করতে মধ্যপ্রাচ্যের দেশগুলোকে আহ্বান জানিয়েছে দেশটি। এর আগে ম্যাঁক্র ইসলামের নবীর কার্টুন দেখানের পক্ষে সাফাই দিয়েছিলেন।,ফ্রান্সে মহানবী (সা.)-এর কার্টুন প্রদর্শন ও এ নিয়ে প্রেসিডেন্ট ইমানুয়েল ম্যাক্রঁর মন্তব্যের জেরে মুসলিম বিশ্বের বিভিন্ন দেশে ফরাসি পণ্য বয়কট ও বিক্ষোভ শুরু হয়েছে। বাক-স্বাধীনতার দোহাই দিয়ে ফ্রান্স সরকার তাদের অবস্থানে অনড় থাকলেও তুরস্ক ও পাকিস্তানসহ বিভিন্ন দেশের নেতারা এর তীব্র নিন্দা জানিয়েছেন। এই ঘটনাকে কেন্দ্র করে ফ্রান্সের ধর্মনিরপেক্ষ মূল্যবোধ এবং ধর্মীয় অনুভূতির মধ্যকার দ্বন্দ্ব আন্তর্জাতিক পর্যায়ে উত্তেজনার সৃষ্টি করেছে।,13.64,2.33,11.36
150920_nepal_new_constitution,নেপালের নতুন সংবিধান আনুষ্ঠানিক ভাবে গৃহীত হতে যাচ্ছে আজ আরো পরের দিকে।,নেপালের নতুন সংবিধান অনুযায়ী দেশটিকে ধর্মনিরপেক্ষ ও সাতটি প্রদেশে বিভক্ত করার সিদ্ধান্তের প্রতিবাদে বিভিন্ন জাতিগোষ্ঠী ও রাজনৈতিক দল ব্যাপক বিক্ষোভ করছে। এই বিক্ষোভ ও সহিংসতায় অন্তত ৪০ জন নিহত হওয়ার পাশাপাশি জনজীবন অচল হয়ে পড়ায় কর্তৃপক্ষ কারফিউ জারি করেছে। ভূমিকম্প-পরবর্তী সংকট কাটিয়ে ওঠার চেষ্টার মধ্যেই সংবিধান নিয়ে এই অস্থিরতা দেশটির জন্য নতুন চ্যালেঞ্জ হয়ে দাঁড়িয়েছে।,8.82,6.06,8.82
news-43820877,বাংলাদেশে চার লাখের বেশি উচ্চশিক্ষিত তরুণ তরুণী এখন বেকার। কাঙ্খিত কর্মসংস্থান হিসেবে এদের প্রায় সবাই চায় সরকারি চাকুরি। কলেজ বিশ্ববিদ্যালয় থেকে ডিগ্রি নিয়ে সবাই চাকরির বাজারে তীব্র প্রতিযোগিতায় লিপ্ত হচ্ছে। যেখানে মোটামুটি সবার প্রথম পছন্দ বিসিএস এবং সরকারি চাকরি।,সরকারি চাকরির নিরাপত্তা ও সুযোগ-সুবিধা বেশি হওয়ায় বর্তমানে শিক্ষার্থীদের প্রধান লক্ষ্য হয়ে দাঁড়িয়েছে বিসিএস পরীক্ষা। তীব্র প্রতিযোগিতামূলক এই পরীক্ষায় অংশ নিতে এখন বিশ্ববিদ্যালয়ের প্রথম বর্ষ থেকেই শিক্ষার্থীরা প্রস্তুতি শুরু করছেন। বিশেষ করে কলা ও সামাজিক বিজ্ঞানের শিক্ষার্থীদের কাছে বিসিএস ক্যারিয়ার গড়ার সবচেয়ে নির্ভরযোগ্য ও আকর্ষণীয় মাধ্যম হিসেবে বিবেচিত হচ্ছে।,20.22,0.00,11.24
news-55155241,বিশ্বের প্রথম দেশ হিসাবে ফাইজার/বায়োএনটেকের করোনাভাইরাস টিকার অনুমোদন দিয়েছে যুক্তরাজ্য।,ব্রিটেনের নিয়ন্ত্রক সংস্থা এমএইচআরএ করোনাভাইরাস প্রতিরোধে ৯৫ শতাংশ কার্যকর ফাইজার ও বায়োএনটেকের টিকা ব্যবহারের অনুমোদন দিয়েছে। মাত্র ১০ মাসে উদ্ভাবিত এই টিকার প্রথম ডোজ আগামী কয়েকদিনের মধ্যেই ঝুঁকিপূর্ণ জনগোষ্ঠীর ওপর প্রয়োগ করা হবে। তবে টিকা কার্যক্রম শুরু হলেও সংক্রমণ রোধে জনসাধারণকে মাস্ক ব্যবহার ও সামাজিক দূরত্বের মতো স্বাস্থ্যবিধি মেনে চলার পরামর্শ দিয়েছেন বিশেষজ্ঞরা।,21.88,3.23,12.50
news-48850196,হিজাব কিংবা শাড়ির পিন শ্বাসনালীতে আটকে গেলে তা বয়ে আনতে পারে জীবনের ঝুঁকিও।,সিলেটের এমএজি ওসমানী মেডিকেল কলেজ হাসপাতালের চিকিৎসক ডা. নুরুল হুদা নাঈম সম্প্রতি অস্ত্রোপচার ছাড়াই এক রোগীর শ্বাসনালী থেকে আটকে থাকা হিজাব পিন সফলভাবে অপসারণ করেছেন। অসাবধানতাবশত মুখে পিন রাখার কারণে এমন দুর্ঘটনা ইদানীং বেড়ে যাওয়ায় চিকিৎসক সবাইকে এ বিষয়ে সতর্ক থাকার পরামর্শ দিয়েছেন। পিন মুখে না রেখে কুশন বা অন্য কোনো নিরাপদ স্থানে রাখার অভ্যাস গড়ে তোলার মাধ্যমে এ ধরনের মারাত্মক ঝুঁকি এড়ানো সম্ভব।,7.79,0.00,5.19
news-45478842,ব্রিটিশ নারী ইন্ডিয়া ফোর্ড স্বামীর সাথে বিচ্ছেদের পর একজন আমেরিকানকে বিয়ে করেন এবং তার সাথে আলাস্কাতে বসবাসের সিদ্ধান্ত নেন।,আদালতের নির্দেশনা অমান্য করে ব্রিটিশ নাগরিক ইন্ডিয়া ফোর্ড তার দুই সন্তানকে প্রাক্তন স্বামীর অনুমতি ছাড়াই অপহরণ করে আলাস্কায় নিয়ে যান। নতুন সঙ্গীর সাথে বসবাসের উদ্দেশ্যে সন্তানদের নিয়ে পালিয়ে যাওয়ার অপরাধে আদালত তাকে তিন বছর ছয় মাসের কারাদণ্ড দিয়েছেন। বর্তমানে শিশু দুটি তাদের সৎ বাবার সাথে আলাস্কায় অবস্থান করছে এবং তাদের ফিরে পাওয়ার আইনি প্রক্রিয়া চলমান রয়েছে।,24.00,2.74,16.00
news-48352940,"মাহমুদুল্লাহ রিয়াদ, বয়স ৩৩, বাংলাদেশের বর্তমান দলের সেরা পাঁচ ক্রিকেটারের একজন বলে বিবেচ্য।",২০০৭ সালে অভিষেকের পর থেকে মাহমুদুল্লাহ রিয়াদ তার অলরাউন্ড পারফরম্যান্স দিয়ে বাংলাদেশ দলের অন্যতম অপরিহার্য সদস্য হয়ে উঠেছেন। ক্যারিয়ারের কঠিন সময়ে বাদ পড়ার পর দুর্দান্তভাবে ফিরে এসে তিনি আইসিসি ইভেন্টগুলোতে একাধিক সেঞ্চুরিসহ গুরুত্বপূর্ণ অনেক ম্যাচ জেতানো ইনিংস উপহার দিয়েছেন। বিশেষ করে ২০১৫ বিশ্বকাপে বাংলাদেশের হয়ে প্রথম সেঞ্চুরিয়ান হিসেবে ইতিহাস গড়া রিয়াদ বড় মঞ্চে দলের বড় অর্জনের সাথে সবসময়ই জড়িয়ে আছেন।,10.96,2.82,10.96
news-50883908,ঢাকার উত্তর ও দক্ষিণ সিটি কর্পোরেশনের ভোট গ্রহণের জন্য ৩০ জানুয়ারি তারিখ নির্ধারণ করেছে নির্বাচন কমিশন। এবার সব কেন্দ্রে ইভিএমে ভোটগ্রহণ করা হবে।,"নির্বাচন কমিশন আগামী ৩০ জানুয়ারি ২০২০ তারিখে ঢাকা উত্তর ও দক্ষিণ সিটি কর্পোরেশন নির্বাচনের তারিখ নির্ধারণ করেছে। এবারের নির্বাচনে সব কেন্দ্রে ইলেকট্রনিক ভোটিং মেশিন (ইভিএম) ব্যবহার করা হবে এবং সকাল ৮টা থেকে বিকাল ৪টা পর্যন্ত ভোটগ্রহণ চলবে। ঘোষিত তফসিল অনুযায়ী, ৩১ ডিসেম্বর পর্যন্ত মনোনয়নপত্র জমা দেওয়া যাবে এবং ২ জানুয়ারি তা যাচাই-বাছাই করা হবে।",41.03,23.68,30.77
news-53816230,বাংলাদেশে পুলিশের গুলিতে নিহত সেনাবাহিনীর অবসরপ্রাপ্ত মেজর সিনহা মোঃ রাশেদ খান হত্যাকাণ্ডের ঘটনায় আর্মড পুলিশ ব্যাটালিয়নের তিনজন সদস্যকে গ্রেপ্তার করেছে র‍্যাব।,মেজর (অব.) সিনহা হত্যাকাণ্ডে সম্পৃক্ততার অভিযোগে এপিবিএন-এর তিন সদস্যকে সাতদিনের রিমান্ডে পাঠিয়েছেন আদালত। ঘটনার সময় চেকপোস্টে দায়িত্বরত এই তিন সদস্য হত্যাকাণ্ডের আগে ও পরে মূল অভিযুক্তদের সহায়তা করেছিলেন বলে তদন্তে উঠে এসেছে। এ নিয়ে চাঞ্চল্যকর এই হত্যা মামলায় মোট দশজন পুলিশ সদস্যকে গ্রেপ্তার করা হলো।,17.65,3.03,17.65
160210_scholarship_for_virgin,আঠারো বছর বয়সী থুবেলিহলে লোডলো এই বৃত্তিটি অর্জন করলেও সে চিন্তিত কারণ কেবলমাত্র কুমারীত্ব রক্ষা করলেই এই অর্থ পাবে সে।,"দক্ষিণ আফ্রিকার জুলু সংস্কৃতিতে শিক্ষার সুযোগ পাওয়ার শর্ত হিসেবে কুমারীত্ব পরীক্ষার প্রথা প্রচলিত রয়েছে, যা অনেক তরুণী গর্বের সাথে মেনে নিলেও মানবাধিকার কর্মীরা একে বৈষম্যমূলক বলে সমালোচনা করছেন। সমালোচকদের মতে, এই প্রথা কেবল মেয়েদের ওপর দায় চাপায় এবং কিশোরী মাতৃত্ব বা এইচআইভি সংক্রমণের মতো প্রকৃত সামাজিক সমস্যা সমাধানে ব্যর্থ হয়। তবে স্থানীয় কর্তৃপক্ষ এই পদ্ধতিকে তরুণীদের জীবন রক্ষার একটি উপায় হিসেবে দাবি করে এর পক্ষেই অবস্থান নিয়েছে।",6.90,0.00,4.60
news-49754170,বিশ্বে প্রতি পাঁচ মিনিটে একজন সাপের কামড়ে মারা যায়। সেই সাথে বাকি চারজন সারা জীবনের জন্য পঙ্গু হয়ে যায়।,"বিশ্বজুড়ে সাপের কামড়ে মৃত্যুর হার কমাতে টিম ফ্রেডি নামের এক ব্যক্তি নিজে বিষধর সাপের কামড় খেয়ে এবং শরীরে বিষ প্রয়োগ করে এক বিশেষ প্রতিষেধক তৈরির গবেষণা করছেন। তিনি কয়েকশ বার সাপের কামড় খাওয়ার অভিজ্ঞতা ও এর ভয়াবহতা ভিডিওর মাধ্যমে তুলে ধরেছেন, যা চিকিৎসা বিজ্ঞানে নতুন তথ্য যোগ করছে। তবে তার এই ঝুঁকিপূর্ণ ও বিতর্কিত পদ্ধতি নিয়ে বিশেষজ্ঞদের মধ্যে মিশ্র প্রতিক্রিয়া রয়েছে।",2.50,0.00,2.50
news-54239548,সৌদি আরবের সাথে বিমান চলাচল পুনরায় চালু করা নিয়ে যে জটিলতা তৈরি হয়েছিল তা সমাধান করা হয়েছে বলে জানিয়েছে বাংলাদেশের বেসামরিক বিমান ও পর্যটন মন্ত্রণালয়।,করোনা মহামারির কারণে ফ্লাইট বন্ধ থাকায় দেশে আটকা পড়া প্রবাসী শ্রমিকরা সৌদি আরব ফেরার জন্য টিকেট পেতে দীর্ঘ দিন ধরে সৌদি এয়ারলাইন্সের কার্যালয়ে ভিড় করছিলেন। উদ্ভূত পরিস্থিতিতে সৌদি কর্তৃপক্ষ বাংলাদেশ বিমানকে সপ্তাহে আটটি বাণিজ্যিক ফ্লাইট পরিচালনার অনুমতি দিয়েছে এবং সৌদি এয়ারলাইন্সকেও ফ্লাইট চালানোর সুযোগ দেওয়া হয়েছে। এই সিদ্ধান্তের ফলে আগামী ২৩ সেপ্টেম্বর থেকে সৌদি এয়ারলাইন্স এবং ১ অক্টোবর থেকে বিমান বাংলাদেশ এয়ারলাইন্স পুনরায় ফ্লাইট পরিচালনা শুরু করবে।,4.35,0.00,4.35
news-47636846,"বাংলাদেশে একটি ব্যাংকের ১৮ কোটি টাকা জালিয়াতির মামলায় অভিযুক্ত ব্যক্তির বদলে তিন বছর জেল খেটে সম্প্রতি মুক্তি পেয়েছিলেন জাহালম। বাংলাদেশের দূর্নীতি দমন কমিশন, দুদকের আবেদনের পর তাকে নিয়েই সিনেমা বানানোর উদ্যোগে নিষেধাজ্ঞা দিয়েছে আদালত।",দুদকের ভুল তদন্তের কারণে তিন বছর কারাভোগ করা পাটকল শ্রমিক জাহালমের জীবনী নিয়ে চলচ্চিত্র নির্মাণের উদ্যোগ নিলে হাইকোর্টে নিষেধাজ্ঞা চেয়ে আবেদন করে দুদক। বিষয়টি বিচারাধীন উল্লেখ করে আদালত জাহালমকে নিয়ে নাটক বা চলচ্চিত্র নির্মাণের ওপর নিষেধাজ্ঞা জারি করেছেন। তবে আদালতের এই আদেশের আগেই সংশ্লিষ্ট নির্মাতা তার চলচ্চিত্র নির্মাণের পরিকল্পনা স্থগিত করেছেন বলে জানা গেছে।,11.36,2.33,9.09
news-46954163,হোয়াটসঅ্যাপ মেসেজিং সার্ভিস ব্যবহার করে ভুয়া খবর ছড়ানো কিছু দেশের জন্য একটা বড় সমস্যা হয়ে দাঁড়িয়েছে।,"বিশ্বব্যাপী গুজব ও ভুয়া খবর ছড়ানো রোধ করতে হোয়াটসঅ্যাপ এখন থেকে যেকোনো বার্তা সর্বোচ্চ পাঁচবার ফরওয়ার্ড করার সীমাবদ্ধতা আরোপ করেছে। ভারতে গুজবকে কেন্দ্র করে সহিংসতা বৃদ্ধির প্রেক্ষিতে এই কঠোর নিয়মটি আগে চালু করা হলেও, এখন তা বিশ্বজুড়ে কার্যকর করা হচ্ছে। এই পদক্ষেপের মাধ্যমে কোম্পানিটি ব্যবহারকারীদের ব্যক্তিগত যোগাযোগের ওপর গুরুত্বারোপ এবং প্ল্যাটফর্মে ভাইরাল বার্তার হার কমানোর লক্ষ্য নির্ধারণ করেছে।",10.81,2.78,5.41
news-50374753,হংকং-এ সোমবার সহিংস বিক্ষোভের সময় একজনের গায়ে আগুন ধরিয়ে দেয়া এবং আরেকজনকে পুলিশের খুব কাছে থেকে গুলি করার ঘটনা ঘটেছে।,"হংকংয়ে চলমান বিক্ষোভে এক ব্যক্তিকে গায়ে দাহ্য পদার্থ ঢেলে আগুন ধরিয়ে দেওয়ার ঘটনা ঘটেছে, যার ফলে তিনি বর্তমানে আশঙ্কাজনক অবস্থায় হাসপাতালে চিকিৎসাধীন আছেন। একই সময়ে সাই ওয়ান হো এলাকায় পুলিশের সাথে ধস্তাধস্তির এক পর্যায়ে এক বিক্ষোভকারীকে খুব কাছ থেকে গুলি করা হয়। এই দুটি সহিংস ঘটনার ভিডিও ফুটেজ অনলাইনে ছড়িয়ে পড়লে হংকংয়ের পরিস্থিতি আরও উত্তপ্ত হয়ে ওঠে।",20.51,5.26,12.82
news-44191482,"ভারতের সরকার দেড় বছর আগে পাঁচশো আর একহাজার রুপির নোট রাতারাতি বাতিল করে দিয়েছিল। দুর্নীতি আর কালোটাকা ঠেকানোর পাশাপাশি তাদের অন্যতম উদ্দেশ্য ছিল, ভারতকে একটি ক্যাশ লেস বা নগদ টাকাহীন সমাজে পরিবর্তিত করা। সেই উদ্দেশ্য কতটা সফল হচ্ছে?",ভারতের প্রধানমন্ত্রী নরেন্দ্র মোদি দুর্নীতি দূরীকরণ ও নগদ টাকা মুক্ত অর্থনীতি গড়ার লক্ষ্যে বড় অঙ্কের নোট বাতিলসহ বিভিন্ন পদক্ষেপ গ্রহণ করেছেন। তবে সাধারণ মানুষ ও ছোট ব্যবসায়ীদের মধ্যে ব্যাংকিং ব্যবস্থার প্রতি অনীহা এবং নগদ লেনদেনের অভ্যাসের কারণে এই লক্ষ্য বাস্তবায়ন চ্যালেঞ্জের মুখে পড়েছে। মূলত ব্যাংকিং সেবার জটিলতা ও সচেতনতার অভাবই ডিজিটাল লেনদেনে সাধারণ মানুষের অনাগ্রহের প্রধান কারণ।,8.42,0.00,6.32
news-50820202,পাকিস্তানের সাবেক সামরিক শাসক জেনারেল পারভেজ মুশাররফের মৃত্যুদণ্ডাদেশ দিয়েছে ইসলামাবাদের একটি বিশেষ আদালত।,"২০০৭ সালে সংবিধান স্থগিত ও জরুরি অবস্থা জারির অভিযোগে পাকিস্তানের সাবেক সামরিক শাসক জেনারেল পারভেজ মুশাররফকে রাষ্ট্রদ্রোহের মামলায় দোষী সাব্যস্ত করেছেন দেশটির একটি আদালত। ১৯৯৯ সালে সামরিক অভ্যুত্থানের মাধ্যমে ক্ষমতা দখলকারী মুশাররফ বর্তমানে চিকিৎসার জন্য দুবাইতে অবস্থান করছেন। পাকিস্তানের ইতিহাসে তিনিই প্রথম সামরিক শাসক, যিনি সংবিধান লঙ্ঘনের দায়ে বিচারের মুখোমুখি হয়ে দণ্ডিত হলেন।",24.24,15.62,24.24
news-57218029,বঙ্গোপসাগরে তৈরি হওয়া লঘুচাপটি আরও ঘনীভূত হয়ে এখন সুস্পষ্ট লঘুচাপে পরিণত হয়েছে বলে বাংলাদেশের আবহাওয়া অধিদপ্তর বলছে। রোববার রাতে সেটি নিম্নচাপে পরিণত হবে বলে তারা ধারণা করছেন।,"বঙ্গোপসাগরে সৃষ্ট লঘুচাপটি ঘনীভূত হয়ে ঘূর্ণিঝড় 'ইয়াস'-এ রূপ নেওয়ার আশঙ্কায় বাংলাদেশের চারটি সমুদ্র বন্দরকে এক নম্বর দূরবর্তী সতর্ক সংকেত দেখাতে বলা হয়েছে। ঘূর্ণিঝড়টি আগামী বুধবার নাগাদ ওড়িশা, পশ্চিমবঙ্গ ও বাংলাদেশের উপকূলীয় অঞ্চলে আঘাত হানতে পারে বলে আবহাওয়াবিদরা পূর্বাভাস দিয়েছেন। সম্ভাব্য এই দুর্যোগ মোকাবিলায় সরকার আগাম প্রস্তুতি গ্রহণসহ উপকূলীয় এলাকায় সতর্কতামূলক ব্যবস্থা জোরদার করেছে।",12.35,0.00,12.35
news-53128363,বিশিষ্ট অর্থনীতিবিদ জেফ্রি স্যাক্স বলেছেন আমেরিকা ও চীনের মধ্যে একটা শীতল যুদ্ধ যেভাবে ঘনিয়ে উঠছে সেটা করোনাভাইরাসের চেয়ে বিশ্বের জন্য বড় উদ্বেগের কারণ।,"অর্থনীতিবিদ জেফ্রি স্যাক্স সতর্ক করে বলেছেন যে, আমেরিকা ও চীনের মধ্যকার ক্রমবর্ধমান বৈরিতা বিশ্বকে এক বিপজ্জনক ও অস্থিতিশীল পরিস্থিতির দিকে ঠেলে দিচ্ছে। তিনি এই উত্তেজনার জন্য আমেরিকান প্রশাসনকে দায়ী করে অভিযোগ করেছেন যে, দেশটি সহযোগিতার পরিবর্তে বিভাজন সৃষ্টি করে নতুন একটি শীতল যুদ্ধের সূচনা করছে। দুই পরাশক্তির এই বিরোধ অব্যাহত থাকলে বিশ্ব অর্থনীতি ও শান্তি দীর্ঘমেয়াদী সংকটের মুখে পড়বে বলে তিনি আশঙ্কা প্রকাশ করেছেন।",20.69,9.41,18.39
news-47382091,ইন্দোনেশিয়ার একটি অবৈধ স্বর্ণখনিতে ভূমিধ্বসে অন্তত ৬০ জনের প্রাণহাণি হয়েছে বলে আশঙ্কা করা হচ্ছে।,"ইন্দোনেশিয়ার সুলাওয়েসি দ্বীপে একটি অবৈধ স্বর্ণের খনি ধসে অন্তত ৬০ জন আটকা পড়েছেন বলে আশঙ্কা করা হচ্ছে, যাদের উদ্ধারে অভিযান চলছে। এখন পর্যন্ত ১৩ জনকে জীবিত এবং একজনের মরদেহ উদ্ধার করা হয়েছে। যথাযথ নজরদারি ও কর্মসংস্থানের অভাবের কারণে ঝুঁকিপূর্ণ এসব অবৈধ খনিতে প্রায়ই এমন প্রাণঘাতী দুর্ঘটনা ঘটে থাকে।",29.03,16.67,29.03
news-52266714,করোনাভাইরাসের কারণে বিশ্ব জুড়ে লকডাউন পরিস্থিতির করণে জ্বালানি তেলের চাহিদা ও দাম কমে যাওয়ায় বিশ্বের তেল রপ্তানিকারক দেশগুলোর সংগঠন ওপেক এবং রাশিয়াসহ এর সহযোগী দেশসমূহ উৎপাদন ১০ শতাংশ কমিয়ে আনতে একমত হয়েছে।,"করোনাভাইরাস পরিস্থিতির কারণে বিশ্ববাজারে তেলের দরপতন ঠেকাতে ওপেক ও সহযোগী দেশগুলো দৈনিক ৯৭ লক্ষ ব্যারেল তেল উৎপাদন কমানোর ঐতিহাসিক চুক্তিতে সম্মত হয়েছে। আগামী ১ মে থেকে কার্যকর হতে যাওয়া এই সিদ্ধান্তের ফলে আন্তর্জাতিক বাজারে তেলের দাম বাড়তে শুরু করেছে। সৌদি আরব, রাশিয়া ও যুক্তরাষ্ট্রের সংশ্লিষ্ট কর্তৃপক্ষের পক্ষ থেকে এই চুক্তির বিষয়টি নিশ্চিত করা হয়েছে।",20.93,0.00,11.63
news-54681947,জাতিসংঘের গুরুত্বপূর্ণ পরমাণু অস্ত্র নিষেধাজ্ঞা চুক্তিতে পঞ্চাশতম দেশ হিসাবে চূড়ান্ত অনুমোদন দিয়েছে হন্ডুরাস। এর ফলে আগামী নব্বই দিন পর এই চুক্তি কার্যকর হবে।,"জাতিসংঘের পারমাণবিক অস্ত্র নিষিদ্ধকরণ চুক্তিটি ৫০টি দেশের অনুমোদনের মাধ্যমে কার্যকর হওয়ার পথে একটি নতুন অধ্যায় হিসেবে বিবেচিত হচ্ছে। এই চুক্তিতে স্বাক্ষরকারী দেশগুলো পারমাণবিক অস্ত্রের উৎপাদন, মজুত ও ব্যবহারের মতো কর্মকাণ্ড থেকে বিরত থাকার অঙ্গীকার করেছে। তবে বিশ্বের প্রধান পারমাণবিক শক্তিধর দেশগুলো এই চুক্তিতে সই না করায় এর বাস্তব কার্যকারিতা নিয়ে সংশয় থাকলেও সমর্থকরা একে একটি গুরুত্বপূর্ণ প্রতিরোধী পদক্ষেপ হিসেবে দেখছেন।",16.87,0.00,9.64
news-42984853,জিয়া অরফানেজ ট্রাস্ট দুর্নীতি মামলায় বিএনপি চেয়ারপার্সন খালেদা জিয়াকে ৫ বছরের কারাদণ্ড দিয়েছে বিশেষ আদালত।,"বিএনপি চেয়ারপার্সন খালেদা জিয়ার কারাদণ্ড দলটির জন্য বড় সংকট হলেও, দীর্ঘ সময় ক্ষমতার বাইরে থাকায় তৃণমূলের সাংগঠনিক ভিত্তি অটুট থাকায় তারা এটি কাটিয়ে উঠতে পারবে বলে বিশ্লেষকরা মনে করছেন। কারাবন্দী থাকা সত্ত্বেও আধুনিক প্রযুক্তির ব্যবহারের মাধ্যমে খালেদা জিয়া দলের নেতৃত্ব দিতে পারবেন এবং আইনি প্রক্রিয়ায় তিনি দ্রুত জামিন পাবেন বলে আশা করা হচ্ছে। তবে বিএনপির আইনজীবীরা এই রায়কে রাজনৈতিক উদ্দেশ্যপ্রণোদিত বলে অভিহিত করেছেন এবং এর বিরুদ্ধে আইনি লড়াই চালিয়ে যাওয়ার ঘোষণা দিয়েছেন।",11.49,4.71,9.20
news-53817468,অনেকটা হঠাৎ করেই বাংলাদেশ সফরে এসেছেন ভারতের পররাষ্ট্রসচিব হর্ষ বর্ধন শ্রিংলা।,"ভারতের পররাষ্ট্রসচিব হর্ষ বর্ধন শ্রিংলা এক আকস্মিক সফরে ঢাকায় এসে প্রধানমন্ত্রী শেখ হাসিনা ও পররাষ্ট্রসচিবের সঙ্গে বৈঠক করছেন। করোনা পরিস্থিতি ও টিকা সহযোগিতার পাশাপাশি দুই দেশের সম্পর্ককে নতুন মাত্রা দেওয়াই এই সফরের মূল উদ্দেশ্য বলে ধারণা করা হচ্ছে। এছাড়া, আঞ্চলিক ভূ-রাজনীতিতে বাংলাদেশের সাথে অন্যান্য দেশের ক্রমবর্ধমান সম্পর্কের প্রেক্ষাপটে ভারতের এই সফরকে অত্যন্ত গুরুত্বের সাথে দেখা হচ্ছে।",17.65,12.12,14.71
55882684,"মিয়ানমারের সামরিক বাহিনী নিশ্চিত করেছে যে, সকালে অং সান সু চি এবং অন্য রাজনৈতিক নেতাদের গ্রেফতার করার পর তারা দেশটির নিয়ন্ত্রণ নিয়েছে।",মিয়ানমারের গত নভেম্বরের নির্বাচনে কারচুপির অভিযোগ তুলে সামরিক বাহিনী অং সান সু চিসহ শীর্ষ নেতাদের গ্রেফতার করেছে এবং দেশটিতে এক বছরের জরুরি অবস্থা জারি করেছে। সেনাবাহিনী ক্ষমতা কমান্ডার-ইন-চিফ মিন অং লাইংয়ের কাছে হস্তান্তর করেছে এবং প্রধান শহরগুলোতে সেনা টহল ও যোগাযোগ ব্যবস্থা বিচ্ছিন্ন করে পরিস্থিতি নিয়ন্ত্রণে নিয়েছে। দীর্ঘ সময় সামরিক শাসনের পর গণতান্ত্রিক ধারায় ফেরা দেশটির এই অভ্যুত্থানকে অত্যন্ত ঝুঁকিপূর্ণ ও উস্কানিমূলক পদক্ষেপ হিসেবে দেখছেন বিশ্লেষকরা।,26.67,9.09,22.22
news-46045694,ইন্দোনেশিয়ার বিধ্বস্ত লায়ন এয়ার বিমান ও তার আরোহীদের খোঁজে জাভা সাগর চষে বেড়াচ্ছেন উদ্ধারকারীরা।,ইন্দোনেশিয়ার জাভা সাগরে লায়ন এয়ারের একটি বিমান বিধ্বস্ত হওয়ার পর উদ্ধারকারীরা বিমানের ধ্বংসাবশেষ ও যাত্রীদের ব্যক্তিগত সামগ্রী খুঁজে পেয়েছেন। উদ্ধারকৃত সামগ্রীর মধ্যে একটি মোবাইল ফোনের কেসে দম্পতির ছবি সম্বলিত একটি ছবি সামাজিক যোগাযোগমাধ্যমে ভাইরাল হলেও তাদের পরিচয় শনাক্ত করা সম্ভব হয়নি। ১৮৯ জন যাত্রী নিয়ে বিধ্বস্ত হওয়া এই বিমানের আরোহীদের সবাই নিহত হয়েছেন বলে ধারণা করা হচ্ছে।,22.54,0.00,14.08
news-56713767,"ইসলামী শিক্ষাবিদ এবং যুক্তরাজ্যের জাতীয় স্বাস্থ্য সেবা বিভাগ বলছে, রমজানের সময়ে রোজা থাকলেও মুসলমানদের টিকা নেয়া থেকে বিরত থাকা উচিত হবে না।","ইসলামিক ফাউন্ডেশন ও বিশিষ্ট আলেমদের মতে, করোনাভাইরাসের টিকা মাংসপেশিতে দেওয়া হয় এবং এটি পুষ্টিকর কোনো উপাদান নয় বলে রোজা রেখে টিকা নিলে রোজা ভঙ্গ হবে না। ইসলামী চিন্তাবিদদের অধিকাংশের অভিমত অনুযায়ী, রমজান মাসে টিকা নেওয়া সম্পূর্ণ নিরাপদ এবং এতে রোজার কোনো ক্ষতি হয় না। তাই টিকা নেওয়ার যোগ্য ব্যক্তিদের কোভিডের ঝুঁকি এড়াতে রমজান মাসেও টিকা গ্রহণের পরামর্শ দেওয়া হয়েছে।",14.81,2.53,12.35
news-50633760,"বাংলাদেশে পার্বত্য চুক্তির ২২ বছর পার হলেও তিন পার্বত্য জেলায় সংঘাত, অস্থিরতা বেড়েই চলেছে বলে সংশ্লিষ্ট সব পক্ষ স্বীকার করেছেন।",১৯৯৭ সালে পার্বত্য শান্তি চুক্তি স্বাক্ষরিত হলেও দীর্ঘ ২২ বছরেও এর পূর্ণ বাস্তবায়ন না হওয়ায় পাহাড়ি অঞ্চলে অস্থিরতা ও সংঘাত অব্যাহত রয়েছে। চুক্তি বাস্তবায়নে ধীরগতি এবং জমির মালিকানা সংক্রান্ত জটিলতার সুযোগ নিয়ে বিভিন্ন স্বার্থান্বেষী গোষ্ঠী ও আঞ্চলিক দলগুলোর আধিপত্য বিস্তারের লড়াই পরিস্থিতিকে আরও ঘোলাটে করে তুলেছে। শান্তি চুক্তির পূর্ণাঙ্গ বাস্তবায়নের অভাব এবং রাজনৈতিক সদিচ্ছার ঘাটতিই বর্তমানে পার্বত্য চট্টগ্রামের এই দীর্ঘস্থায়ী সংকটের মূল কারণ হিসেবে বিবেচিত হচ্ছে।,16.28,0.00,6.98
news-53324321,সম্প্রতি ইরানের বেশ কয়েকটি স্পর্শকাতর ও গুরুত্বপূর্ণ স্থাপনায় বিস্ফোরণ ও অগ্নিকাণ্ডের ঘটনা ঘটেছে। এসব স্থাপনার একটি নাতাঞ্জ পরমাণু কেন্দ্র। এসব ঘটনা কি নিছক দুর্ঘটনা নাকি নাশকতা? এই প্রতিবেদনটি লিখেছেন বিবিসির পার্সিয়ান বিভাগের সাংবাদিক জিয়ার গোল।,"ইরানের নাতাঞ্জ পরমাণু কেন্দ্রে রহস্যময় বিস্ফোরণের দায় স্বীকার করে ‘হোমল্যান্ড চিতাস’ নামক একটি অজ্ঞাত গোষ্ঠী ইমেইল পাঠায়। ইরান সরকার শুরুতে নাশকতার বিষয়টি অস্বীকার করলেও, পরে সেখানে একটি ‘ঘটনা’ ঘটার কথা স্বীকার করে। স্যাটেলাইট চিত্রে অগ্নিকাণ্ডের প্রমাণ মেলায় ধারণা করা হচ্ছে, ওই গোষ্ঠীর দাবি অনুযায়ী স্থাপনাটিতে বড় ধরনের ক্ষয়ক্ষতি হয়েছে।",14.29,2.44,9.52
news-54718038,"ঢাকায় ভারতীয় হাইকমিশনের ভেরিফায়েড ফেসবুক পাতায় ''মা ইলিশ রক্ষায় যৌথ সামুদ্রিক সহযোগিতা'' শিরোনামে একটি পোস্ট দিয়ে জানানো হয়েছে, আন্তর্জাতিক জলসীমার কাছাকাছি অবস্থানরত সমস্ত ভারতীয় মাছধরা নৌকাকে ভারতীয় সীমানার দিকে পাঠানো হচ্ছে।","বাংলাদেশে ইলিশের প্রজনন রক্ষায় ১৪ অক্টোবর থেকে ৪ নভেম্বর পর্যন্ত মাছ ধরায় ২২ দিনের নিষেধাজ্ঞা চলছে। এই সময়ে বাংলাদেশি জেলেরা মাছ ধরা থেকে বিরত থাকলেও প্রতিবেশী দেশের জেলেদের অনুপ্রবেশের অভিযোগ দীর্ঘদিনের। এই প্রেক্ষাপটে, ভারতীয় কোস্ট গার্ড জানিয়েছে যে তারা আন্তর্জাতিক জলসীমার কাছাকাছি থাকা ভারতীয় মাছ ধরার নৌকাগুলোকে নিজ সীমানার দিকে সরিয়ে নিতে নজরদারি বৃদ্ধি করেছে।",13.95,7.14,13.95
news-55821540,বাংলাদেশের সম্প্রতি দুর্নীতি দমন কমিশনের করা এক মামলার তদন্তে মূল আসামীর নাম ও বাবার নামের সাথে মিল থাকায় অভিযুক্ত করা হয় আরেক ব্যক্তিকে।,"বাংলাদেশে দুর্নীতি দমন কমিশনের ভুল তদন্ত ও বিচারিক জটিলতার কারণে অনেক নিরপরাধ ব্যক্তি বছরের পর বছর বিনা দোষে কারাভোগ করছেন। জাহালমের মতো আলোচিত ঘটনায় নির্দোষ প্রমাণিত হওয়ার পর মুক্তি মিললেও, ওবায়দুল রহমানের মতো অনেকের ক্ষেত্রে আইনি প্রক্রিয়ার দীর্ঘসূত্রতায় জীবনের বড় একটি অংশ কারাগারেই কেটে যায়। তদন্তে অবহেলা ও মিথ্যা সাক্ষ্যের কারণে ঘটা এসব অনাকাঙ্ক্ষিত ঘটনা বিচারব্যবস্থার প্রতি সাধারণ মানুষের আস্থাকে প্রশ্নবিদ্ধ করে তুলছে।",11.63,4.76,11.63
news-39629893,বাংলাদেশে ক্ষমতাসীন আওয়ামী লীগের মধ্যে সুবিধাবাদীদের অনুপ্রবেশ নিয়ে বেশ কিছুদিন ধরে বিতর্ক হচ্ছে।,"আওয়ামী লীগে বিভিন্ন দল থেকে আসা নব্য ও সুবিধাবাদী নেতাদের দাপটে দলের ত্যাগী নেতা-কর্মীরা কোণঠাসা হয়ে পড়ছেন বলে অভিযোগ উঠেছে। এই পরিস্থিতি মোকাবিলায় কেন্দ্রীয় নেতৃত্ব নব্যদের ‘কাউয়া’ ও ‘ফার্মের মুরগি’ হিসেবে চিহ্নিত করে দলে নতুন সদস্যপদ প্রদানের ওপর বিধিনিষেধ আরোপ করেছে। তৃণমূলের অনেক নেতা মনে করেন, স্থানীয় সংসদ সদস্যদের প্রশ্রয়ে সুবিধাবাদীরা দলে শক্তিশালী অবস্থান তৈরি করায় সাংগঠনিক শৃঙ্খলা ও ত্যাগী কর্মীদের স্বার্থ ক্ষুণ্ণ হচ্ছে।",5.13,0.00,5.13
news-47050043,"কাগজের ব্যাগের জনপ্রিয়তা ছিল মার্কিন যুক্তরাষ্ট্রে, কিন্তু ১৯৭০ এর পর আরো টেকসই উপাদান হিসেবে প্লাস্টিকের ব্যবহার শুরুর পর থেকে সেগুলো তার জায়গা হারিয়ে ফেলে।","কাগজের ব্যাগ পরিবেশবান্ধব মনে হলেও, এটি উৎপাদনে প্লাস্টিকের তুলনায় চারগুণ বেশি শক্তি ব্যয় হয় এবং প্রচুর পরিমাণে বিষাক্ত রাসায়নিক বর্জ্য তৈরি হয়। এছাড়া কাগজের ব্যাগের অধিক ওজনের কারণে পরিবহনে বেশি জ্বালানি খরচ হয় এবং বনভূমি উজাড়ের ঝুঁকি থাকে। যদিও প্লাস্টিক ব্যাগ পচতে শত শত বছর সময় নেয়, তবুও সামগ্রিক পরিবেশগত প্রভাব বিবেচনায় কাগজের ব্যাগ সবসময় প্লাস্টিকের চেয়ে ভালো বিকল্প নয়।",7.14,2.44,7.14
news-44269598,বাংলাদেশের বিভিন্ন সরকারি ও বেসরকারি হাসপাতালে মানব কঙ্কাল নিয়ে রমরমা বাণিজ্যের অভিযোগ রয়েছে।,মেডিকেল শিক্ষার্থীদের শিক্ষা ও গবেষণার প্রয়োজনে কঙ্কালের চাহিদা থাকায় দেশের বিভিন্ন স্থানে একটি সংঘবদ্ধ চক্র কবর থেকে লাশ চুরি ও বেওয়ারিশ লাশ সংগ্রহের মাধ্যমে অবৈধ কঙ্কাল বাণিজ্যে জড়িয়ে পড়েছে। এই চক্রের সাথে মেডিকেল কলেজের কর্মচারী ও শিক্ষার্থীদের একাংশ জড়িত থাকলেও মূল হোতারা প্রায়ই ধরাছোঁয়ার বাইরে থেকে যাচ্ছে। কঙ্কাল কেনাবেচার বিষয়ে কোনো সুনির্দিষ্ট নীতিমালা না থাকায় শিক্ষার্থীরা বাধ্য হয়ে চড়া দামে অবৈধভাবে সংগৃহীত কঙ্কাল কিনতে বাধ্য হচ্ছেন।,7.59,0.00,7.59
news-52528916,খাগড়াছড়ির সীমান্তবর্তী নো-ম্যানস ল্যান্ডে এক মাসের বেশি সময় ধরে আটকে থাকা একজন মানসিক ভারসাম্যহীন নারীর নাগরিকত্ব নিয়ে বাংলাদেশ এবং ভারতের মধ্যে পাল্টাপাল্টি দায় চাপানোসহ নানা তৎপরতার পর ওই নারীর পরিচয় পাওয়া গেছে।,সাত বছর ধরে নিখোঁজ কুড়িগ্রামের মানসিক ভারসাম্যহীন শাহনাজ পারভিনকে ভারত থেকে পুশ-ব্যাক করার পর বিজিবি তার পরিচয় শনাক্ত করে। তবে পরিবারের পক্ষ থেকে তাকে গ্রহণ করতে অস্বীকৃতি জানানোয় বিজিবি তাকে ইন্টারন্যাশনাল কমিটি অব রেডক্রস (আইসিআরসি)-এর কাছে হস্তান্তরের সিদ্ধান্ত নিয়েছে। দীর্ঘ এক মাস ধরে চলা এই জটিলতা নিরসনে দুই দেশের সীমান্তরক্ষী বাহিনীর মধ্যে একাধিকবার পতাকা বৈঠক অনুষ্ঠিত হয়েছে।,13.04,2.22,8.70
news-44445389,আমরা কি হিসাব করে বলতে পারি সারা বিশ্বে প্রতিদিন কত জীবজন্তুর জন্ম হয়?,"বিভিন্ন প্রজাতির প্রাণীর বংশবৃদ্ধির হার তাদের জীবনধারা ও পরিবেশের ওপর নির্ভর করে ভিন্ন ভিন্ন হয়ে থাকে। খরগোশ বা মুরগির মতো প্রাণীরা প্রচুর পরিমাণে বংশবৃদ্ধি করলেও উচ্চ মৃত্যুহার বা প্রাকৃতিক কারণে সব প্রজাতি টিকে থাকতে পারে না। অন্যদিকে, হামবোল্ট পেঙ্গুইনের মতো ধীরগতির বংশবৃদ্ধির প্রাণীরা সংখ্যায় কম হওয়ায় বর্তমানে বিলুপ্তির হুমকির মুখে রয়েছে।",3.12,0.00,3.12
news-55965015,বাংলাদেশে আজ (রবিবার) থেকে শুরু হতে যাচ্ছে করোনাভাইরাসের গণ-টিকাদান কর্মসূচী। এর অংশ হিসেবে বাংলাদেশের সহস্রাধিক হাসপাতালে টিকা দেয়া হবে ডাক্তার-নার্সসহ সম্মুখসারির কর্মী এবং ৫৫ বছরের বেশি বয়সের নাগরিকদের।,"৭ই ফেব্রুয়ারি থেকে দেশব্যাপী করোনাভাইরাসের টিকাদান কর্মসূচি আনুষ্ঠানিকভাবে শুরু হচ্ছে, যার জন্য প্রয়োজনীয় সব প্রস্তুতি সম্পন্ন করেছে স্বাস্থ্য বিভাগ। জনগণের আস্থা অর্জনে প্রথম দিনই মন্ত্রিসভার সদস্যসহ গুরুত্বপূর্ণ ব্যক্তিরা টিকা গ্রহণ করবেন এবং সারা দেশে ২,৪০০টি দল এই কার্যক্রম পরিচালনা করবে। অক্সফোর্ড-অ্যাস্ট্রেজেনেকার এই টিকা প্রদানের জন্য মাঠপর্যায়ের কর্মীদের প্রশিক্ষণ প্রদানসহ সব ধরনের নিরাপত্তা ব্যবস্থা নিশ্চিত করা হয়েছে।",13.64,0.00,11.36
news-54964908,বাংলাদেশে করোনাভাইরাস সংক্রমণের বিস্তার ঠেকানোর জন্য মাস্ক পরা নিশ্চিত করতে এবার রাজধানী ঢাকায় ভ্রাম্যমাণ আদালত নামানো হচ্ছে।,বাংলাদেশে দীর্ঘ দুই মাস পর করোনা সংক্রমণ পুনরায় বৃদ্ধি পাওয়ায় সরকার কঠোর অবস্থানে যাওয়ার সিদ্ধান্ত নিয়েছে। স্বাস্থ্যবিধি ও মাস্ক পরার বাধ্যবাধকতা উপেক্ষা করার কারণেই মূলত সংক্রমণের হার বাড়ছে বলে বিশেষজ্ঞরা মনে করছেন। পরিস্থিতি নিয়ন্ত্রণে সরকার এখন থেকে ভ্রাম্যমাণ আদালত পরিচালনার মাধ্যমে কঠোর ব্যবস্থা গ্রহণ করবে।,16.13,3.33,12.90
news-46878237,"টেলিভিশন শো-তে মেয়েদের নিয়ে আপত্তিকর মন্তব্য করার জেরে ভারতীয় ক্রিকেটের দুই উদীয়মান তারকা, হার্দিক পান্ডিয়া এবং কে এল রাহুলকে ভারতীয় বোর্ড সাসপেন্ড করেছে তা-ও প্রায় চারদিন হল।","টেলিভিশন শো-তে নারীদের নিয়ে আপত্তিকর মন্তব্য করায় ভারতীয় ক্রিকেটার হার্দিক পান্ডিয়া ও লোকেশ রাহুলকে অস্ট্রেলিয়া সফর থেকে দেশে ফিরিয়ে আনা হয়েছে। এই ঘটনায় দেশজুড়ে তীব্র সমালোচনার পাশাপাশি ভারতীয় ক্রিকেট বোর্ডের কর্মকর্তাদের মধ্যে শাস্তির ধরণ নিয়ে মতবিরোধ তৈরি হয়েছে। আসন্ন বিশ্বকাপকে সামনে রেখে এই দুই ক্রিকেটারের সম্ভাব্য কঠোর শাস্তি দলের ওপর প্রভাব ফেলবে কি না, তা নিয়ে চলছে বিস্তর জল্পনা।",22.47,6.90,17.98
news-51532541,ভারতের খ্যাতিমান সঙ্গীত পরিচালক এ আর রহমানের কন্যা খাতিজা রহমান এবং বাংলাদেশের বিতর্কিত নারীবাদী লেখিকা তসলিমা নাসরিনের মধ্যে গত কদিন ধরে এক উত্তপ্ত বাকযুদ্ধ চলছে সোশ্যাল মিডিয়ায়।,এ আর রহমানের কন্যা খাতিজার বোরকা পরা নিয়ে তসলিমা নাসরিন কুরুচিপূর্ণ মন্তব্য করলে তা নিয়ে নতুন করে বিতর্কের সৃষ্টি হয়। তবে এবার চুপ না থেকে খাতিজা অত্যন্ত দৃঢ়তার সাথে তসলিমার বক্তব্যের কড়া জবাব দিয়েছেন। এর আগেও খাতিজার পোশাক নিয়ে বিতর্ক উঠলে তার বাবা এ আর রহমান ব্যক্তিগত স্বাধীনতার পক্ষে দাঁড়িয়ে মেয়ের পাশে ছিলেন।,17.50,7.69,15.00
150813_sm_india_currency_notes_microbes,"ভারতের কোটি কোটি মানুষ রোজ যে সব টাকার নোটগুলো নিয়ে নাড়াচাড়া করেন, তা থেকে তাদের নানা মারাত্মক সংক্রামক ব্যাধি ছড়িয়ে পড়তে পারে বলে বিজ্ঞানীরা আশঙ্কা ব্যক্ত করেছেন।","**সারসংক্ষেপ:** দিল্লির এক গবেষণায় দেখা গেছে যে, বহুল ব্যবহৃত ছোট অঙ্কের পুরনো নোটগুলোতে ৭৮ ধরনের বিপজ্জনক জীবাণু রয়েছে, যা যক্ষ্মা ও আলসারের মতো রোগ ছড়াতে পারে। ঘনঘন হাতবদল হওয়ার কারণে এই নোটগুলো সংক্রমণের প্রধান বাহক হিসেবে কাজ করে। ভারতে নোট জীবাণুমুক্ত করার কোনো ব্যবস্থা না থাকায় জনস্বাস্থ্য রক্ষায় পুরনো নোট বদলে ফেলার পরামর্শ দিয়েছেন বিজ্ঞানীরা।",9.76,0.00,7.32
news-54019634,মুন্সীগঞ্জ জেলার সিরাজদিখান উপজেলা সদর থেকে অন্তত দশ কিলোমিটার দুরে থাকেন তফুরা বেগম।,"২০১৩ সালে সুবিধাবঞ্চিত ও প্রত্যন্ত অঞ্চলের মানুষের কাছে ব্যাংকিং সেবা পৌঁছে দিতে বাংলাদেশে এজেন্ট ব্যাংকিং কার্যক্রম শুরু হয়। বর্তমানে দেশের ২৩টি ব্যাংকের হাজার হাজার আউটলেটের মাধ্যমে সাধারণ মানুষ সহজে টাকা জমা, উত্তোলন, রেমিট্যান্স গ্রহণ ও ঋণ সুবিধা পাচ্ছেন। মহামারির সময়েও এই সেবার পরিধি ও গ্রাহক সংখ্যা উল্লেখযোগ্য হারে বৃদ্ধি পেয়েছে, যার মধ্যে নারী গ্রাহকদের অংশগ্রহণ অত্যন্ত আশাব্যঞ্জক।",0.00,0.00,0.00
news-45903065,আইয়ুব বাচ্চু নিজেকে পরিচয় দিতে ভালোবাসতেন প্রথমত একজন গিটারিস্ট হিসেবে। তারপর গায়ক।,"বাংলাদেশের ব্যান্ড সঙ্গীতের কিংবদন্তি শিল্পী ও গিটারিস্ট আইয়ুব বাচ্চু দীর্ঘ কয়েক দশক সঙ্গীত জগতকে সমৃদ্ধ করার পর ঢাকায় মৃত্যুবরণ করেছেন। তিনি তাঁর অসাধারণ সুর ও গায়কীর মাধ্যমে দেশে রক ও ব্যান্ড সঙ্গীতের এক নতুন ধারা তৈরি করে গেছেন, যা তরুণ প্রজন্মের কাছে চিরকাল অনুপ্রেরণা হয়ে থাকবে। সঙ্গীতজ্ঞদের মতে, আইয়ুব বাচ্চুর এই অসামান্য অবদান ও সৃষ্ট শূন্যতা বাংলাদেশের সঙ্গীত জগতে অপূরণীয় হয়ে থাকবে।",8.11,2.78,5.41
news-43413472,বাংলাদেশের সীমান্তরক্ষী বাহিনী বিজিবি অভিনব উপায়ে কোরান শরীফের ভেতরে করে পাচারের সময় মাদকের একটি চালান আটক করেছে।,কক্সবাজারের টেকনাফে বিজিবি সদস্যরা মিয়ানমার থেকে আসা একটি নৌকা থেকে তিন চোরাচালানিকে ১৫ হাজার ইয়াবাসহ আটক করেছে। চোরাচালানিরা বিজিবির ধর্মীয় অনুভূতিকে পুঁজি করে পবিত্র কোরানের ভেতর সুকৌশলে এই ইয়াবাগুলো লুকিয়ে রেখেছিল। ধর্মীয় বস্তুকে অপব্যবহার করে মাদক পাচারের ঘটনা কক্সবাজার এলাকায় নতুন নয় বলে বিজিবি কর্মকর্তারা জানিয়েছেন।,19.05,3.28,12.70
news-48752748,"এবারের ক্রিকেট বিশ্বকাপে টুর্নামেন্টের সেরা খেলোয়াড় হওয়ার দৌড়ে অন্য যে কোনো খেলোয়াড়ের চেয়ে বাংলাদেশের সাকিব আল হাসান যে পরিস্কারভাবে এগিয়ে রয়েছেন, তা বোঝার জন্য ক্রিকেট বিশেষজ্ঞ হতে হয় না।",চলমান বিশ্বকাপে ব্যাট ও বল হাতে দুর্দান্ত পারফরম্যান্সের মাধ্যমে সাকিব আল হাসান একের পর এক অনন্য রেকর্ড গড়ে নিজেকে সর্বকালের সেরা অলরাউন্ডার হিসেবে প্রতিষ্ঠিত করেছেন। তিনি দ্রুততম সময়ে ৬ হাজার রান ও ২৫০ উইকেটের মাইলফলক স্পর্শ করার পাশাপাশি বিশ্বকাপে প্রথম বাংলাদেশি হিসেবে ১ হাজার রানের ক্লাবে নাম লিখিয়েছেন। এছাড়া বিশ্বকাপে এক ম্যাচে হাফসেঞ্চুরি ও ৫ উইকেট নেওয়ার বিরল রেকর্ডেও তিনি নিজের নাম যুক্ত করেছেন।,10.75,4.40,8.60
news-45762656,চলতি বছর যারা নোবেল শান্তি পুরষ্কার পেয়েছেন তাদের নির্বাচনের মধ্য দিয়ে ধর্ষণকে যুদ্ধের অস্ত্র হিসেবে ব্যবহারের ইস্যুটি আবার সামনে চলে এসেছে।,সংঘাতের সময় ধর্ষণকে যুদ্ধের অস্ত্র হিসেবে ব্যবহারের বিরুদ্ধে অসামান্য অবদানের স্বীকৃতিস্বরূপ নাদিয়া মুরাদ এবং ডা. ডেনিস মুকওয়েগেকে নোবেল শান্তি পুরস্কারে ভূষিত করা হয়েছে। ইরাকি ইয়াজিদি নারী নাদিয়া মুরাদ নিজে নির্যাতনের শিকার হয়েও নিজ সম্প্রদায়ের মুক্তির প্রতীকে পরিণত হয়েছেন এবং ডা. মুকওয়েগে কঙ্গোতে হাজার হাজার ধর্ষিতা নারীর চিকিৎসায় কাজ করে যাচ্ছেন। নোবেল কমিটির এই সিদ্ধান্ত বিশ্বজুড়ে যুদ্ধের সময় যৌন সহিংসতার ভয়াবহতার দিকে নজর ফেরাতে এবং ভুক্তভোগীদের প্রতি সংহতি প্রকাশে গুরুত্বপূর্ণ ভূমিকা রাখবে।,15.22,11.11,10.87
news-47926155,"স্মার্টফোন, ট্যাব, কম্পিউটার বা অন্য কোন ভিভাইসের স্ক্রীনে আপনি দীর্ঘ সময় কাটালে তা আপনার স্বাস্থ্যের ওপর কী প্রভাব ফেলে?","অক্সফোর্ড ইন্টারনেট ইনস্টিটিউটের এক নতুন গবেষণায় দেখা গেছে যে, কিশোর-কিশোরীদের দীর্ঘসময় ডিজিটাল ডিভাইসের স্ক্রিনে সময় কাটানোর সাথে তাদের মানসিক স্বাস্থ্যের কোনো নেতিবাচক সম্পর্কের সুস্পষ্ট প্রমাণ নেই। ঘুমানোর আগে দীর্ঘক্ষণ স্মার্টফোন বা অন্যান্য ডিভাইস ব্যবহার করলেও তা স্বাস্থ্যের ওপর ক্ষতিকর প্রভাব ফেলে না বলে গবেষকরা জানিয়েছেন। প্রায় ১৭ হাজার কিশোর-কিশোরীর ওপর পরিচালিত এই গবেষণায় অংশগ্রহণকারীদের দেওয়া তথ্যের পাশাপাশি অন্যান্য নির্ভরযোগ্য উপাত্তও বিশ্লেষণ করা হয়েছে।",16.67,4.88,16.67
news-57219019,গণতান্ত্রিক কঙ্গো প্রজাতন্ত্রে বড় আকারের একটি আগ্নেয়গিরিতে অগ্ন্যুৎপাত শুরু হওয়ার পর তার আশেপাশের বাড়িঘর ছেড়ে পালিয়ে গেছে হাজার হাজার মানুষ।,শনিবার রাতে কঙ্গোর মাউন্ট নিরাগঙ্গ আগ্নেয়গিরিতে অগ্ন্যুৎপাত শুরু হলে লাভা গোমা শহরের বিমানবন্দর পর্যন্ত পৌঁছে যায়। প্রাণ বাঁচাতে হাজার হাজার আতঙ্কিত মানুষ ঘরবাড়ি ছেড়ে পার্শ্ববর্তী রোয়ান্ডা সীমান্ত ও শহরের উঁচু এলাকায় আশ্রয় নিয়েছে। বর্তমানে লাভার স্রোত বন্ধ হলেও সরকারি নির্দেশের আগেই বহু মানুষ নিরাপদ আশ্রয়ের সন্ধানে শহর ত্যাগ করেছে।,17.39,8.96,17.39
news-42736049,ভারতে ৭০০ বছর আগেকার চিতোরের রানি পদ্মিনীকে নিয়ে তৈরি বলিউড ছায়াছবি 'পদ্মাবত' সারা দেশেই একসঙ্গে মুক্তি পাবে বলে সুপ্রিম কোর্ট বৃহস্পতিবার নির্দেশ দিয়েছে।,"সঞ্জয় লীলা ভানশালির বিতর্কিত চলচ্চিত্র 'পদ্মাবত' প্রদর্শনে চারটি বিজেপি-শাসিত রাজ্যের নিষেধাজ্ঞা খারিজ করে সুপ্রিম কোর্ট জানিয়েছে যে, রাজ্যগুলোর এমন সিদ্ধান্ত ভারতের যুক্তরাষ্ট্রীয় কাঠামোর পরিপন্থী। সেন্সর বোর্ডের ছাড়পত্র পাওয়ার পর আগামী ২৫শে জানুয়ারি ছবিটি মুক্তির কথা থাকলেও, কার্নি সেনাসহ বিভিন্ন রাজপুত সংগঠন এর বিরুদ্ধে আন্দোলন অব্যাহত রেখেছে। আদালতের এই রায়কে চলচ্চিত্র সংশ্লিষ্টরা স্বাগত জানালেও, হরিয়ানা ও রাজস্থানের মতো রাজ্যগুলো রায়ের বিরুদ্ধে আপিলের কথা ভাবছে।",6.90,2.35,6.90
news-49628043,বাংলাদেশের প্রাথমিক বিদ্যালয়ের শিক্ষার্থীদের সামনের বছর থেকে স্কুল ইউনিফর্ম কেনার জন্য দুই হাজার টাকা করে দেয়া হবে বলে জানিয়েছেন প্রাথমিক ও গণশিক্ষা প্রতিমন্ত্রী মোঃ জাকির হোসেন।,সরকার আগামী শিক্ষাবর্ষ থেকে সরকারি প্রাথমিক বিদ্যালয়ের শিক্ষার্থীদের স্কুল ইউনিফর্ম কেনার জন্য আর্থিক সহায়তা প্রদানের একটি প্রকল্প হাতে নিয়েছে। এই প্রকল্পের আওতায় শিক্ষার্থীদের মায়ের মোবাইল অ্যাকাউন্টে সরাসরি অর্থ পাঠানোর পরিকল্পনা করা হচ্ছে। তবে প্রকল্পটি এখনও খসড়া পর্যায়ে রয়েছে এবং একনেকে অনুমোদনের পর এর চূড়ান্ত রূপরেখা ও বরাদ্দকৃত অর্থের পরিমাণ নির্ধারিত হবে।,23.38,8.00,18.18
news-43611700,পঞ্চাশের দশক থেকে ১৯৮০'র দশকের শেষ দিক পর্যন্ত সাবেক সোভিয়েত ইউনিয়ন এবং পশ্চিমা বিশ্বের শত্রুতাকে বলা হতো 'শীতল যুদ্ধ' বা 'স্নায়ুযুদ্ধ'।,"১. বর্তমান রাশিয়া ও পশ্চিমা বিশ্বের মধ্যকার উত্তেজনাকে অনেকে নতুন শীতল যুদ্ধ হিসেবে অভিহিত করলেও বিশ্লেষকরা একে যথার্থ মনে করছেন না। ২. গবেষকদের মতে, শীতল যুদ্ধের মতো এখন কোনো আদর্শিক লড়াই বা বৈশ্বিক সামরিক ভারসাম্য নেই, বরং বর্তমান বিরোধ মূলত নির্দিষ্ট কিছু কৌশলগত মতপার্থক্যের ফল। ৩. রাশিয়ার বর্তমান সক্ষমতা ও প্রভাব আগের মতো না হওয়ায়, বর্তমান পরিস্থিতি শীতল যুদ্ধের মতো বিশ্বব্যাপী বড় কোনো পরিবর্তনের সম্ভাবনা তৈরি করবে না।",11.11,4.55,11.11
news-46463754,"রুবি মেরির জন্ম হয়েছিল ব্রিটেনের সাউথ ওয়েলসে, যেখানে তার চমৎকার শৈশব কেটেছে। কিন্তু সবকিছুই বদলে গেলো যখন সে সাবালিকা হলো।","১৫ বছর বয়সে ছুটি কাটানোর অজুহাতে বাংলাদেশে এনে রুবি মেরি নামের এক ব্রিটিশ তরুণীকে জোরপূর্বক বিয়ে দেওয়া হয়, যার ফলে তিনি দীর্ঘ সময় নির্যাতনের শিকার হন। ব্রিটেনে জোরপূর্বক বিয়ে আইনত দণ্ডনীয় অপরাধ হলেও, পরিবারের প্রতি ভালোবাসার কারণে অনেক ভুক্তভোগীই আইনি পদক্ষেপ নিতে ভয় পান। সরকারি হিসাবে প্রতি বছর প্রচুর জোরপূর্বক বিয়ের ঘটনা ঘটলেও, ভুক্তভোগীদের নীরবতার কারণে অপরাধীদের শাস্তির আওতায় আনা কঠিন হয়ে পড়ছে।",2.41,0.00,2.41
news-47994270,"''আমাদের মুখ ঢেকে রাখতে হতো....রান্নাবান্না করতে হতো, যেন আমরা দাস। আমরা এটা চাই না, আমরা সত্যিকারের একটা জীবন চাই, আমাদের জীবন,'' বলছেন ২৫ বছরের ওয়াফা, সর্বশেষ যে সৌদি নারী তার বোনের সঙ্গে সৌদি আরব থেকে পালিয়ে এসেছেন।",সৌদি আরবের কঠোর রক্ষণশীল পরিবেশ ও পারিবারিক হুমকির মুখে পালিয়ে আসা দুই বোন ওয়াফা ও মাহা আল-সুবায়ি বর্তমানে জর্জিয়ার একটি আশ্রয়কেন্দ্রে অবস্থান করছেন। জর্জিয়াতেও নিজেদের অনিরাপদ মনে করায় তারা জাতিসংঘের মাধ্যমে তৃতীয় কোনো নিরাপদ দেশে আশ্রয় পাওয়ার জন্য আন্তর্জাতিক সম্প্রদায়ের কাছে সহায়তা চেয়েছেন। সৌদি আরবে নারীদের অধিকারহীনতা ও পারিবারিক নির্যাতনের ভয়ে তারা দেশ ছাড়তে বাধ্য হয়েছেন বলে জানিয়েছেন।,8.25,0.00,4.12
news-45950897,বাংলাদেশে সাম্প্রতিক সময়ে বিরোধী রাজনৈতিক নেতৃবৃন্দের কয়েকজনের টেলিফোন আলাপ ফাঁস হবার ঘটনা ঘটেছে।,"বাংলাদেশে সাম্প্রতিক সময়ে ব্যারিস্টার মইনুল হোসেনসহ বিভিন্ন বিরোধী রাজনৈতিক নেতাদের টেলিফোন আলাপ ফাঁসের ঘটনা নিয়মিত ঘটছে। ফোনে আড়ি পাতা বা ব্যক্তিগত গোপনীয়তা লঙ্ঘনের বিষয়ে বাংলাদেশের আইনে সুস্পষ্ট কোনো বিধান না থাকলেও সংবিধান নাগরিকদের যোগাযোগের গোপনীয়তার অধিকার নিশ্চিত করেছে। আইনজ্ঞদের মতে, তদন্তের প্রয়োজনে নিরাপত্তা সংস্থা তথ্য সংগ্রহের ক্ষমতা রাখলেও, ব্যক্তিগত ফোনালাপ ফাঁস করা বা আড়ি পাতার বিষয়টি আইনি অস্পষ্টতার সুযোগে ঘটছে।",21.92,8.45,19.18
news-44975752,"বাংলাদেশে হেপাটাইটিস সংক্রমণকে এক নীরব ঘাতক হিসেবে দেখা হচ্ছে। বিশ্ব স্বাস্থ্য সংস্থার হিসেবে দেখা যায়, বাংলাদেশে হেপাটাইটিস বি ও সি ভাইরাসে প্রায় এক কোটি মানুষ আক্রান্ত। বেসরকারি হিসেবে হেপাটাইটিসে প্রতি বছর ২০ হাজারের বেশি মানুষের মৃত্যু হয় বাংলাদেশে।","বাংলাদেশে হেপাটাইটিস বি ও সি ভাইরাসের সংক্রমণ জনস্বাস্থ্যের জন্য বড় হুমকি হলেও আক্রান্তদের একটি বড় অংশ সঠিক চিকিৎসার পরিবর্তে ঝাড়ফুঁক বা কবিরাজি পদ্ধতির ওপর নির্ভর করেন। হেপাটাইটিসের পাঁচটি ধরনই বাংলাদেশে বিদ্যমান, যার মধ্যে পানিদূষণজনিত ‘ই’ ভাইরাসের প্রাদুর্ভাব সবচেয়ে বেশি দেখা যায়। অধিকাংশ আক্রান্ত ব্যক্তিই নিজের সংক্রমণের বিষয়ে অবগত নন, যা এই রোগ নিয়ন্ত্রণে বড় বাধা হয়ে দাঁড়িয়েছে।",18.95,8.60,12.63
news-48051927,"ভারতের সাধারণ নির্বাচনে ২৫০০ বছর আগের হিন্দু পৌরাণিক মহাকাব্য আবারো উঠে এসেছে পাদপ্রদীপের আলোয়। বিগত নির্বাচনের মতই, এবারের নির্বাচনেও হিন্দু ধর্মের বহু কট্টরপন্থীদের কথায় ফিরে এসেছে রামায়ণ এবং বিশেষ করে তার নায়ক রাম-এর প্রসঙ্গ।",অযোধ্যায় রাম মন্দির নির্মাণের দীর্ঘদিনের দাবিকে কেন্দ্র করে ভারতের হিন্দু ও মুসলিম সম্প্রদায়ের মধ্যে উত্তেজনা বিরাজ করছে। ক্ষমতাসীন বিজেপি রাজনৈতিক ফায়দা লোটার উদ্দেশ্যে তাদের নির্বাচনী ইশতেহারে এই মন্দির পুনর্নির্মাণের প্রতিশ্রুতি পুনর্ব্যক্ত করেছে। রামায়ণে বর্ণিত রামের আদর্শকে পুঁজি করে উগ্রপন্থী হিন্দু সংগঠনগুলো মন্দির নির্মাণের দাবিতে দেশজুড়ে বিভিন্ন সমাবেশ ও প্রচারণা চালিয়ে যাচ্ছে।,11.63,0.00,6.98
news-52085013,করোনাভাইরাস সংক্রমণ সারা পৃথিবীজুড়ে বেড়েই চলেছে। এর মধ্যে ইতিবাচক বা মন ভালো করার মতো খবর পাওয়া কঠিন। কিন্তু ভালো খবর যে একেবারেই নেই তা নয়। তারই কয়েকটি এখানে।,"করোনাভাইরাসের টিকা তৈরির জন্য বিশ্বজুড়ে বিজ্ঞানীরা নিরলস কাজ করে যাচ্ছেন এবং ভাইরাসের ধীরগতির মিউটেশন টিকা প্রস্তুতকারকদের জন্য আশার আলো দেখাচ্ছে। অন্যদিকে, সংক্রমণ নিয়ন্ত্রণে আসায় চীন তাদের কঠোর বিধিনিষেধ শিথিল করতে শুরু করেছে এবং দীর্ঘ অবরুদ্ধ থাকার পর উহান শহর আংশিকভাবে খুলে দেওয়া হয়েছে। বিশেষজ্ঞরা টিকা তৈরির জন্য ১২ থেকে ১৮ মাস সময় লাগার কথা বললেও, ভাইরাসের নতুন তথ্যগুলো দ্রুত সমাধানের পথ প্রশস্ত করছে।",2.20,0.00,2.20
news-44619936,"""আমরা এসি-তে কতটা ঠাণ্ডা করব, সেটাও না কি সরকার বলে দেবে! তাহলে কি এরপর কতটা ভাত খাব, সেটাও সরকারই ঠিক করবে?""","ভারতের সরকার বিদ্যুৎ সাশ্রয় ও জনস্বাস্থ্যের কথা বিবেচনা করে এয়ার কন্ডিশনারের তাপমাত্রা ডিফল্ট সেটিং হিসেবে ২৪ ডিগ্রি সেলসিয়াসে নির্ধারণের প্রস্তাব দিয়েছে। এ নিয়ে সাধারণ মানুষের মধ্যে ভুল বোঝাবুঝি সৃষ্টি হলে বিদ্যুৎমন্ত্রী আর কে সিং স্পষ্ট করেন যে, ব্যবহারকারীরা চাইলে পরবর্তীতে তাপমাত্রা পরিবর্তন করতে পারবেন। মূলত এসি-র তাপমাত্রা এক ডিগ্রি বাড়ালে প্রায় ছয় শতাংশ বিদ্যুৎ সাশ্রয় সম্ভব—এই লক্ষ্যেই সরকার এই উদ্যোগ গ্রহণ করেছে।",4.65,0.00,4.65
news-44094528,দিন কয়েক আগে আমেরিকা ও ইরানের মধ্যে সম্পর্কে গুরুতর অবনতি ঘটেছে।,"এখানে সংবাদ নিবন্ধটির একটি সংক্ষিপ্ত সারসংক্ষেপ দেওয়া হলো: ইরানের পারমাণবিক চুক্তি থেকে যুক্তরাষ্ট্রের সরে আসা এবং নতুন করে কঠোর নিষেধাজ্ঞা আরোপের ফলে দুই দেশের মধ্যে সম্পর্কের চরম অবনতি ঘটেছে। এই উত্তেজনার মাঝে ইরানের সর্বোচ্চ নেতা আয়াতুল্লাহ আলি খামেনেই ডোনাল্ড ট্রাম্পের সমালোচনা সম্বলিত 'ফায়ার অ্যান্ড ফিউরি' বইটি পড়ার ছবি ইনস্টাগ্রামে পোস্ট করেছেন। পর্যবেক্ষকদের মতে, ট্রাম্পের মানসিক সুস্থতা ও হোয়াইট হাউসের বিশৃঙ্খলা নিয়ে লেখা এই বইটি প্রকাশের মাধ্যমে ইরান পরোক্ষভাবে মার্কিন প্রেসিডেন্টের প্রতি তাদের অসন্তোষ ও বিদ্রূপ প্রকাশ করেছে।",11.36,2.33,9.09
56976377,বিএনপি চেয়ারপার্সন খালেদা জিয়াকে চিকিৎসার জন্য বিদেশে নিতে চাইছে তাঁর পরিবার ও দল। কিন্তু যে আদেশ বলে তিনি জেল থেকে বের হয়েছিলেন সে অনুযায়ী তাঁর বিদেশে যাওয়ার সুযোগই নেই।,"করোনা আক্রান্ত হয়ে হাসপাতালে চিকিৎসাধীন বিএনপি চেয়ারপারসন খালেদা জিয়াকে বিদেশে নেওয়ার জন্য সরকারের নির্বাহী আদেশের শর্ত শিথিল করা প্রয়োজন। আইনমন্ত্রী জানিয়েছেন, সরকার চাইলে শর্ত শিথিল করতে পারে, তবে এ বিষয়ে এখনো কোনো আনুষ্ঠানিক আবেদন পাওয়া যায়নি। খালেদা জিয়ার শারীরিক অবস্থা বিবেচনায় তাঁর পরিবার ও দল দ্রুত তাঁকে বিদেশে উন্নত চিকিৎসার জন্য সরকারের অনুমতি প্রত্যাশা করছে।",23.81,9.76,19.05
news-45859424,"আমল উমর, ১০ বছর বয়সী পাকিস্তানী এই মেয়েটি গত অগাস্টে করাচীর ব্যস্ত রাস্তায় পুলিশের ছোড়া গুলিতে প্রায় হারায়। ওই পুলিশ কর্মকর্তা গুলি ছুড়েছিলেন একজন অপরাধীকে লক্ষ্য করে।","করাচিতে ছিনতাইকারীদের সঙ্গে পুলিশের গোলাগুলির সময় ক্রসফায়ারে পড়ে আমল নামের এক কিশোরী মাথায় গুলিবিদ্ধ হয়ে নিহত হয়। এই মর্মান্তিক ঘটনার পর তার শোকসন্তপ্ত বাবা-মা পাকিস্তানের ত্রুটিপূর্ণ ও জবাবদিহিতাহীন পুলিশি ব্যবস্থার পরিবর্তনের দাবিতে জোরালো প্রচারণা শুরু করেছেন। তাদের এই আন্দোলনের ফলে বিচারিক প্রক্রিয়ায় ইতিবাচক পরিবর্তনের সম্ভাবনা তৈরি হয়েছে, যাতে ভবিষ্যতে অন্য কোনো পরিবারকে এমন পরিস্থিতির শিকার হতে না হয়।",6.98,0.00,4.65
news-44417309,"বাংলাদেশের ২০১৮-১৯ অর্থবছরের বাজেটে অনলাইনে পণ্য কেনা-বেচায় কর আরোপের যে প্রস্তাব করা হয়েছিল, বাজেট পরবর্তী সংবাদ সম্মেলনে সেটিকে নতুন করে সংজ্ঞায়িত করা হয়েছে।","জাতীয় রাজস্ব বোর্ড স্পষ্ট করেছে যে, নিত্যপ্রয়োজনীয় পণ্যের অনলাইন কেনাকাটায় কোনো ভ্যাট আরোপ করা হবে না, তবে টিভি বা ফ্রিজের মতো বিলাসজাত পণ্যের ক্ষেত্রে ভ্যাট প্রযোজ্য হবে। ফেসবুক, ইউটিউব বা গুগলের মতো মাধ্যমে বিজ্ঞাপনের ওপর কর আরোপের সিদ্ধান্ত থাকলেও, সাধারণ অনলাইন কেনাবেচায় ভ্যাট বসানোর প্রস্তাব নিয়ে ব্যাপক সমালোচনার সৃষ্টি হয়। ক্ষুদ্র উদ্যোক্তারা মনে করেন, অনলাইন ব্যবসায় কর আরোপ করা হলে তা উদীয়মান ই-কমার্স খাতের বিকাশে বাধা হয়ে দাঁড়াবে এবং সরকারের উচিত এই খাতকে প্রণোদনা দেওয়া।",11.88,2.02,7.92
news-43949363,"বিয়ে টিকিয়ে রাখার ক্ষেত্রে স্বামী ও স্ত্রীর মধ্যে শারীরিক সম্পর্ক কতটা গুরুত্বপূর্ণ, তা নিয়ে বিতর্ক নতুন করে উস্কে দিয়েছে বোম্বে হাইকোর্টের একটি রায়।","মহারাষ্ট্রের এক দম্পতির দীর্ঘ নয় বছরের বিবাহিত জীবনে কোনো শারীরিক সম্পর্ক না থাকায় মুম্বাই হাইকোর্ট তাদের বিয়েটি বাতিল ঘোষণা করেছে। আদালত জানিয়েছে, দাম্পত্য জীবনে শারীরিক সম্পর্কের অনুপস্থিতি বিয়ের মূল উদ্দেশ্যকে ব্যর্থ করে দেয়, যা বিবাহবিচ্ছেদের একটি বৈধ কারণ। স্বামী শারীরিক সম্পর্কের দাবি করলেও তার সপক্ষে কোনো প্রমাণ দিতে ব্যর্থ হওয়ায় আদালত স্ত্রীর আবেদন মঞ্জুর করে।",15.38,2.63,10.26
news-46554177,"লন্ডনে একটি প্রত্নতাত্ত্বিক খননের সময় খুঁজে পাওয়া মুরগির হাড় নিয়ে গবেষণার পর বলা হচ্ছে, এখনকার মুরগি তাদের আদি প্রজাতির চেয়ে একবারে ভিন্ন।","বর্তমানে পৃথিবীতে মুরগির সংখ্যা প্রায় ২৩০০ কোটি, যা অন্য যেকোনো পাখির তুলনায় অবিশ্বাস্য রকমের বেশি। মানুষের খাদ্যাভ্যাসের কারণে অত্যন্ত দ্রুত বিবর্তিত হয়ে মুরগি এখন বিশ্বের সবচেয়ে প্রভাবশালী প্রাণীতে পরিণত হয়েছে। বিজ্ঞানীরা মনে করেন, ভবিষ্যৎ প্রজন্মের কাছে মুরগির হাড় আধুনিক মানবসভ্যতার এক অন্যতম প্রত্নতাত্ত্বিক নিদর্শন হিসেবে গণ্য হবে।",8.70,0.00,5.80
news-43222719,প্যারিস সেইন্ট জার্মেইয়ের ফরোয়ার্ড নেইমার কমপক্ষে ৬ সপ্তাহ মাঠের বাইরে থাকতে পারেন বলে জানিয়েছেন তাঁর বাবা।,"মার্শেইয়ের বিপক্ষে ম্যাচে গোড়ালিতে গুরুতর চোট পাওয়ায় পিএসজির হয়ে রিয়াল মাদ্রিদের বিপক্ষে চ্যাম্পিয়ন্স লিগের গুরুত্বপূর্ণ ম্যাচে নেইমারের খেলা অনিশ্চিত হয়ে পড়েছে। চিকিৎসকদের মতে নেইমারের সেরে উঠতে ৬ থেকে ৮ সপ্তাহ সময় লাগতে পারে, যার ফলে আসন্ন বিশ্বকাপে তার অংশগ্রহণ নিয়েও শঙ্কা তৈরি হয়েছে। নেইমারের এই দীর্ঘ অনুপস্থিতি পিএসজি এবং ব্রাজিল জাতীয় দলের জন্য বড় ধাক্কা হিসেবে দেখা হচ্ছে।",5.41,0.00,5.41
news-52105607,"দিল্লিতে তাবলীগ জামাতের সদর দফতরে একটি সমাবেশে যোগ দিয়ে ঘরে ফেরা অন্তত সাতজন, কারও কারও মতে দশজন করোনাভাইরাসে আক্রান্ত হয়ে মারা যাওয়ার পর ওই মসজিদটিকে ভারতে মহামারি ছড়ানোর অন্যতম 'হটস্পট' বলে চিহ্নিত করা হচ্ছে।",দিল্লির নিজামুদ্দিনের একটি মসজিদে আয়োজিত ধর্মীয় সমাবেশে অংশ নেওয়া কয়েক হাজার মানুষের মধ্যে করোনাভাইরাসের সংক্রমণ ছড়িয়ে পড়েছে। এই সমাবেশ থেকে ফিরে যাওয়া বেশ কয়েকজন ব্যক্তি ইতিমধ্যে বিভিন্ন রাজ্যে মারা গেছেন এবং অনেকের শরীরে ভাইরাস শনাক্ত হয়েছে। পরিস্থিতি নিয়ন্ত্রণে পুলিশ মসজিদটি সিলগালা করে দিয়েছে এবং সেখানে অবস্থানরত কয়েকশ মানুষকে কোয়ারেন্টিনে পাঠানো হয়েছে।,7.06,0.00,7.06
news-43626873,প্রেসিডেন্ট ট্রাম্প বিশ্বাস করেন - চীনের কাছে বাজার খুলে দিয়ে আমেরিকার মারাত্মক ক্ষতি হয়েছে।,"আমেরিকার বিশাল বাণিজ্য ঘাটতির জন্য চীনকে দায়ী করে প্রেসিডেন্ট ট্রাম্প চীনা পণ্যের ওপর উচ্চ শুল্ক আরোপ করেছেন, যার জবাবে চীনও পাল্টা শুল্ক আরোপ করায় দুই দেশের মধ্যে বাণিজ্য যুদ্ধ শুরু হয়েছে। ট্রাম্প এই পদক্ষেপকে আমেরিকার অর্থনীতির জন্য লাভজনক মনে করলেও, অধিকাংশ বিশ্লেষক এতে জয়ের সম্ভাবনা নিয়ে সংশয় প্রকাশ করেছেন। বিশেষজ্ঞদের মতে, এই শুল্ক আরোপের ফলে আমেরিকার অভ্যন্তরীণ শিল্পে চাকরির সুযোগ বাড়ার সম্ভাবনা খুবই ক্ষীণ এবং এর দীর্ঘমেয়াদী প্রভাব নিয়ে বিশ্বজুড়ে উদ্বেগ বাড়ছে।",7.06,2.41,7.06
news-48047736,শ্রীলংকায় ইস্টার সানডেতে গির্জা ও হোটেলে যেসব তরুণ-যুবক হামলা চালিয়েছে তাদের অধিকাংশই উচ্চ-শিক্ষিত এবং উচ্চ-মধ্যবিত্ত ঘরের সন্তান। তাদের একজন ব্রিটেন এবং অস্ট্রেলিয়ায় পড়াশোনা করেছে।,"শ্রীলঙ্কার ভয়াবহ বোমা হামলায় উচ্চবিত্ত ও শিক্ষিত পরিবারের তরুণদের সম্পৃক্ততা বিশ্বজুড়ে নতুন করে উদ্বেগের জন্ম দিয়েছে। বিশ্লেষকদের মতে, জিহাদি সংগঠনগুলো এখন কেবল কর্মী নয়, বরং বিত্তবান পরিবার থেকে আর্থিক সহায়তা ও উচ্চশিক্ষিত তরুণদেরও দলে ভেড়াচ্ছে। বাংলাদেশের হোলি আর্টিজান হামলার মতো ঘটনাগুলো প্রমাণ করে যে, জঙ্গিবাদ এখন আর কেবল দারিদ্র্য বা অশিক্ষার গণ্ডিতে সীমাবদ্ধ নেই, বরং এটি একটি বৈশ্বিক ও গভীর উদ্বেগজনক প্রবণতায় পরিণত হয়েছে।",4.40,0.00,4.40
news-51260039,ইরাকের রাজধানী বাগদাদের মার্কিন দূতাবাসে অন্তত তিনটি রকেট হামলা হয়েছে। এর মধ্যে একটি রকেট দূতাবাসের ক্যাফেটরিয়াতে এবং বাকি দুইটি একটু দূরে আঘাত করেছে বলে জানিয়েছে এএফপি।,"ইরাকে ইরান ও যুক্তরাষ্ট্রের ক্রমবর্ধমান উত্তেজনার জেরে বাগদাদে মার্কিন দূতাবাসে রকেট হামলায় কয়েকজন আহত হয়েছেন। এই হামলার নিন্দা জানিয়ে ইরাকি প্রধানমন্ত্রী সতর্ক করেছেন যে, এমন ঘটনা দেশটিকে পুনরায় যুদ্ধক্ষেত্রে পরিণত করতে পারে। এদিকে, শিয়া নেতা মোক্তাদা আল-সদরের নেতৃত্বে ইরাক থেকে মার্কিন বাহিনী প্রত্যাহারের দাবিতে দেশটিতে ব্যাপক বিক্ষোভ চলছে।",8.00,2.74,8.00
news-49744505,বাংলাদেশের বাজারে কয়েক মাস আগেও যে পেঁয়াজ ২০-২৪ টাকায় বিক্রি হয়েছে সেটি এখন বিক্রি হচ্ছে ৬০-৭০ টাকা।,বাংলাদেশে রান্নার অপরিহার্য উপাদান পেঁয়াজের দাম গত দুই মাসে দ্বিগুণ বেড়ে যাওয়ায় সাধারণ ক্রেতা ও ক্ষুদ্র ব্যবসায়ীরা চরম উদ্বেগের মধ্যে রয়েছেন। ভারত কর্তৃক পেঁয়াজ রপ্তানির সর্বনিম্ন মূল্য তিনগুণ বৃদ্ধি এবং স্থানীয় বাজারে ব্যবসায়ীদের সরবরাহ কমিয়ে দেওয়ার ফলে এই অস্থিরতা তৈরি হয়েছে। এই মূল্যবৃদ্ধির কারণে সাধারণ মানুষ ও ব্যবসায়ীরা বিকল্প ব্যবস্থা গ্রহণ করতে বাধ্য হচ্ছেন।,8.22,0.00,5.48
news-50449838,আফগানিস্তান এবং ইরাকে ব্রিটিশ বাহিনীর হাতে বেসামরিক নাগরিক নিহত হবার ধামাচাপা দেবার অভিযোগ উঠেছে যুক্তরাজ্যের সরকার এবং দেশটির সেনাবাহিনীর বিরুদ্ধে।,"এখানে সংবাদ নিবন্ধটির একটি সংক্ষিপ্ত সারসংক্ষেপ দেওয়া হলো: বিবিসি প্যানোরমা ও সানডে টাইমসের অনুসন্ধানে ইরাক ও আফগানিস্তানে ব্রিটিশ বাহিনীর বিরুদ্ধে যুদ্ধাপরাধের বিশ্বাসযোগ্য প্রমাণ পাওয়ার দাবি করা হয়েছে। তদন্তকারী গোয়েন্দাদের অভিযোগ, সরকার একটি আইনি বিতর্ককে অজুহাত হিসেবে ব্যবহার করে এসব ঘটনার তদন্ত প্রক্রিয়া বন্ধ করে দিয়েছে। তবে ব্রিটিশ প্রতিরক্ষা মন্ত্রণালয় অপরাধ ধামাচাপা দেওয়ার অভিযোগটি অস্বীকার করেছে এবং এখন পর্যন্ত কোনো ঘটনারই বিচার শুরু হয়নি।",16.87,2.47,12.05
news-55642674,"যুক্তরাষ্ট্রের প্রেসিডেন্ট ডোনাল্ড ট্রাম্প মনে করেন, ক্যাপিটল হিলে দাঙ্গার আগে তিনি যে বক্তব্য দিয়েছিলেন, তারা পুরোপুরি ঠিক আছে।",ক্যাপিটল হিলে দাঙ্গায় উসকানি দেওয়ার অভিযোগে ডেমোক্র্যাটদের আনা অভিশংসন প্রস্তাবকে ডোনাল্ড ট্রাম্প 'হাস্যকর' ও দেশের জন্য বিপজ্জনক বলে অভিহিত করেছেন। নিজের বক্তব্যের সপক্ষে সাফাই গেয়ে ট্রাম্প দাবি করেছেন যে তিনি কোনো সহিংসতা চান না। তবে প্রতিনিধি পরিষদে ডেমোক্র্যাটদের সংখ্যাগরিষ্ঠতা থাকায় বুধবার তার বিরুদ্ধে অভিশংসন প্রস্তাব পাস হওয়ার জোরালো সম্ভাবনা রয়েছে।,17.65,6.06,8.82
news-42133462,আমেরিকার অন্যতম বিখ্যাত সিভিল রাইটস অ্যাক্টিভিস্ট বা নাগরিক অধিকার আন্দোলনের কর্মী জন কনইয়ার্স কংগ্রেসে নিজের পদ থেকে সরে দাঁড়িয়েছেন। তার বিরুদ্ধে যৌন হয়রানির অভিযোগ ওঠার পর তিনি এই সিদ্ধান্ত নিলেন।,"দীর্ঘদিন ধরে কর্মরত মার্কিন কংগ্রেসম্যান জন কনইয়ার্সের বিরুদ্ধে নারী কর্মীদের যৌন হয়রানির গুরুতর অভিযোগ ওঠায় হাউস এথিকস কমিটি তদন্ত শুরু করেছে। অভিযোগগুলো অস্বীকার করলেও, নিজেকে নির্দোষ প্রমাণ করার লক্ষ্যে ৮৮ বছর বয়সী কনইয়ার্স তার পদ থেকে সরে দাঁড়ানোর সিদ্ধান্ত নিয়েছেন। সাম্প্রতিক সময়ে মার্কিন রাজনীতি ও বিনোদন জগতে যৌন হয়রানি বিরোধী আন্দোলনের প্রেক্ষাপটে এই ঘটনাটি বেশ গুরুত্ব পেয়েছে।",29.89,7.06,16.09
news-54948828,টুইটারে ভারতীয় ক্রিকেট দলের অধিনায়ক বিরাট কোহলির শেয়ার করা একটি ভিডিও নিয়ে ভারতের সোশ্যাল মিডিয়ায় বেশ আলোচনা-সমালোচনা তৈরি হয়েছে।,"দিওয়ালিতে আতশবাজি না পুড়িয়ে পরিবেশ রক্ষার আহ্বান জানিয়ে টুইট করে সমালোচনার মুখে পড়েছেন বিরাট কোহলি। নেটিজেনদের একাংশ তার এই বার্তার বিরোধিতা করে প্রশ্ন তুলেছেন যে, নিজের জন্মদিনে আতশবাজি পোড়ানোর সময় তিনি কেন প্রতিবাদ করেননি। এই ঘটনাকে কেন্দ্র করে টুইটারে কোহলির পক্ষে ও বিপক্ষে দুই ধরনের ট্রেন্ড তৈরি হয়েছে।",14.71,3.03,11.76
news-50086291,ভারত-বাংলাদেশ সীমান্তে দুই দেশের সীমান্তরক্ষী বাহিনীর মধ্যে গোলাগুলিতে এক ভারতীয় সীমান্ত রক্ষী নিহত হয়েছেন সে দেশের কর্মকর্তারা জানিয়েছেন।,"মুর্শিদাবাদ সীমান্তে বিএসএফের জেলে আটকের ঘটনাকে কেন্দ্র করে বিজিবি ও বিএসএফের মধ্যে পতাকা বৈঠক চলাকালে গোলাগুলির ঘটনা ঘটে। বিএসএফ দাবি করেছে যে, বিজিবির গুলিতে তাদের একজন সদস্য নিহত ও একজন আহত হয়েছেন। তবে বিজিবি এ ধরনের কোনো তথ্য বা প্রমাণের সত্যতা নিশ্চিত করেনি এবং উভয় পক্ষই বিষয়টি তদন্ত করে দেখার সিদ্ধান্ত নিয়েছে।",8.45,0.00,8.45
news-46454788,সাদা ফিনফিনে এবং ৭৫ ফুট দীর্ঘ একটি পোশাক নিয়ে টুইটার-ইন্সটাগ্রাম-ফেসবুকে এখন তোলপাড় চলছে। বলিউড তারকা প্রিয়াংকা চোপড়ার বিয়ের পোশাক এটি। তিনি নিজেই আজ বুধবার ইনস্টাগ্রামে এটির ছবি এবং ভিডিও পোস্ট করেছেন।,বলিউড তারকা প্রিয়াংকা চোপড়া ও মার্কিন সঙ্গীতশিল্পী নিক জোনাস রাজস্থানের যোধপুরে এক জাঁকজমকপূর্ণ অনুষ্ঠানে হিন্দু ও খ্রিস্টান উভয় রীতি মেনে বিবাহবন্ধনে আবদ্ধ হয়েছেন। বিয়ের অনুষ্ঠানে প্রিয়াংকার র‍্যালফ লরেনের ডিজাইন করা দীর্ঘ অবগুন্ঠনটি সবার নজর কেড়েছে এবং ব্যাপক আলোচনার জন্ম দিয়েছে। দীর্ঘ প্রেমের সম্পর্কের পর দুই সংস্কৃতির সংমিশ্রণে আয়োজিত এই বিয়েটি বর্তমানে বিশ্বজুড়ে বেশ আলোচিত হচ্ছে।,11.24,4.60,8.99
news-52018765,বাংলাদেশে করোনাভাইরাস শনাক্ত হওয়ার পর থেকেই সবার দৃষ্টি পড়েছে এ রকম একটি স্বাস্থ্য জরুরি অবস্থা মোকাবেলায় দেশটির স্বাস্থ্য অবকাঠামো ঠিক কতটা প্রস্তুত সেই দিকে।,"বাংলাদেশে করোনাভাইরাস আক্রান্তের সংখ্যা বাড়লেও হাসপাতালগুলোতে পর্যাপ্ত শয্যা ও আইসিইউ সুবিধার ব্যাপক ঘাটতি রয়েছে। স্বাস্থ্য বিশেষজ্ঞরা আশঙ্কা করছেন, সংক্রমণের হার বাড়লে বিদ্যমান চিকিৎসা ব্যবস্থা বিপুল সংখ্যক রোগীর চাপ সামলাতে ব্যর্থ হবে। এছাড়া বিশ্বজুড়ে ভেন্টিলেটরের তীব্র সংকট থাকায় গুরুতর রোগীদের জীবন রক্ষা করা বড় চ্যালেঞ্জ হয়ে দাঁড়িয়েছে।",8.57,2.94,8.57
news-43362907,"উত্তর কোরিয়ার নেতা কিম জং আনের সাথে বৈঠকে বসতে রাজি হওয়ার একদিন পর প্রেসিডেন্ট ট্রাম্প টুইট করে বলেছেন, সেখানে সমঝোতা হওয়ার ব্যাপারে তিনি আশাবাদী।","যুক্তরাষ্ট্রের কোনো পূর্বশর্ত পূরণ না হওয়া সত্ত্বেও প্রেসিডেন্ট ডোনাল্ড ট্রাম্প উত্তর কোরিয়ার নেতা কিম জং আনের সাথে বৈঠকের আমন্ত্রণ গ্রহণ করে সবাইকে চমকে দিয়েছেন। হোয়াইট হাউজের গুরুত্বপূর্ণ কর্মকর্তাদের সাথে আলোচনা ছাড়াই ট্রাম্প এককভাবে এই সিদ্ধান্ত নিয়েছেন বলে সংবাদমাধ্যমে উঠে এসেছে। এই আকস্মিক সিদ্ধান্তের ফলে মার্কিন প্রশাসনের ভেতরে কিছুটা বিভ্রান্তি তৈরি হলেও, পররাষ্ট্রমন্ত্রী রেক্স টিলারসন জানিয়েছেন যে বিষয়টি নিয়ে প্রেসিডেন্টের সাথে তার কথা হয়েছে।",22.99,14.12,18.39
news-44968011,বাংলাদেশের দিনাজপুরে বড়পুকুরিয়া কয়লা খনি থেকে কয়লা চুরির কেলেঙ্কারি সপ্তাহ-খানেক আগে ফাঁস হয়ে পড়ার পর সরকারের শীর্ষ মহলে তীব্র প্রতিক্রিয়া হয়েছে।,বড়পুকুরিয়া কয়লা খনি থেকে দীর্ঘ ১৩ বছরে প্রায় দেড় লাখ টন কয়লা চুরির ঘটনায় ১৯ জন কর্মকর্তার বিরুদ্ধে মামলা হয়েছে এবং দুর্নীতি দমন কমিশন তদন্ত শুরু করেছে। কয়লার তীব্র সংকটের কারণে তাপ বিদ্যুৎ কেন্দ্রটি বন্ধ হয়ে যাওয়ায় প্রধানমন্ত্রী এ বিষয়ে দ্রুত ব্যবস্থা নেওয়ার নির্দেশ দিয়েছেন। অভিযুক্ত চার শীর্ষ কর্মকর্তার দেশত্যাগে নিষেধাজ্ঞা জারি করা হয়েছে এবং ঘটনার প্রকৃত রহস্য উদঘাটনে কাজ চলছে।,24.10,9.88,21.69
news-43430104,জহিরুল ইসলামের বাড়ি বাংলাদেশের গাজীপুরে। উন্নত জীবনের আশায় ২০১৩ সালে তিনি সমুদ্র পথে পাড়ি জমান মালয়েশিয়ার উদ্দেশ্যে। কিন্তু গন্তব্যে পৌঁছানো হয় নি তার।,"উন্নত জীবনের আশায় দালালের মাধ্যমে বিদেশে পাড়ি জমাতে গিয়ে জহিরুল ইসলাম নামের এক বাংলাদেশি যুবক দীর্ঘ চার বছর পাপুয়া নিউ গিনির অভিবাসী ক্যাম্পে মানবেতর জীবন কাটিয়েছেন। এই দীর্ঘ সময়ে পরিবারের সাথে যোগাযোগ বিচ্ছিন্ন থাকায় তিনি তার বাবার মৃত্যুর খবরও অনেক দেরিতে জানতে পারেন। সর্বস্ব হারিয়ে এবং বিপুল পরিমাণ ঋণগ্রস্ত হয়ে অবশেষে তিনি বুঝতে পারেন যে, দালালের প্রলোভনে পড়ে তিনি এক অনিশ্চিত ও ভয়াবহ পরিস্থিতির শিকার হয়েছেন।",11.24,2.30,8.99
news-38871861,"এক সমীক্ষায় দেখা গেছে , হাসপাতালে চিকিৎসা শেষ হওয়া সত্ত্বেও কিছু রোগীকে প্রায় এক বছর বা তারও বেশি ওই হাসপাতালেই কাটিয়ে দিতে হয়।","স্কটিশ লিবারেল ডেমোক্রেটদের এক গবেষণায় দেখা গেছে, চিকিৎসা শেষ হওয়ার পরও ছাড়পত্র না পাওয়ায় স্কটল্যান্ডের অনেক রোগীকে দীর্ঘ সময় হাসপাতালে আটকে থাকতে হচ্ছে। ডামফ্রাইস এন্ড গ্যালোওয়ের একটি হাসপাতালে এক রোগীকে ছাড়পত্রের অপেক্ষায় ৫০৮ দিন পর্যন্ত অবস্থান করতে হয়েছে। স্কটল্যান্ডের ফার্স্ট মিনিস্টার নিকোলা স্টার্জন এই পরিস্থিতিকে অগ্রহণযোগ্য বলে অভিহিত করেছেন।",22.54,5.80,19.72
news-42408125,"বাংলাদেশের পররাষ্ট্রমন্ত্রী এএইচ মাহমুদ আলী জানিয়েছেন, মিয়ানমার থেকে পালিয়ে বাংলাদেশে আসা রোহিঙ্গাদের পুনর্বাসনের জন্য ঢাকা ও নেপিডোর মধ্যে জয়েন্ট ওয়ার্কিং গ্রুপ গঠন করা হয়েছে।","রোহিঙ্গাদের প্রত্যাবাসন প্রক্রিয়া শুরু করার লক্ষ্যে বাংলাদেশ ও মিয়ানমারের মধ্যে দুই দিনব্যাপী জয়েন্ট ওয়ার্কিং গ্রুপের বৈঠক ঢাকায় শুরু হয়েছে। দুই দেশের পররাষ্ট্র সচিবের নেতৃত্বে ৩০ সদস্যের এই কমিটি রোহিঙ্গাদের মিয়ানমারে ফেরত পাঠানোর সময়সীমা ও পদ্ধতি নির্ধারণ করবে। গত নভেম্বরে স্বাক্ষরিত দ্বিপাক্ষিক চুক্তির ধারাবাহিকতায় এই কমিটি গঠন করা হলেও, প্রত্যাবাসনের অগ্রাধিকার বা বিস্তারিত কর্মপরিকল্পনা সম্পর্কে এখনো কোনো তথ্য জানানো হয়নি।",19.28,4.94,16.87
news-41641674,"সারা দুনিয়ায় যে সব মেগাসিটিতে মেয়েদের সবচেয়ে বেশি যৌন সহিংসতার সম্মুখীন হতে হয়, তার ওপর করা একটি জরিপে দিল্লি ও সাও পাওলো যৌথভাবে শীর্ষস্থানে এসেছে।","নির্ভয়া ধর্ষণকাণ্ডের পাঁচ বছর পেরিয়ে গেলেও দিল্লিতে নারীদের নিরাপত্তা পরিস্থিতির কোনো উন্নতি হয়নি, বরং যৌন সহিংসতার হার আশঙ্কাজনকভাবে বৃদ্ধি পেয়েছে। টমসন রয়টার্স ফাউন্ডেশনের জরিপ অনুযায়ী, ২০১৬ সালে দিল্লিতে ধর্ষণের ঘটনা ২০১২ সালের তুলনায় ৬৭ শতাংশ বেড়েছে। রাস্তাঘাট থেকে শুরু করে গণপরিবহন—কোথাও নারীরা নিরাপদ নন এবং প্রতিনিয়ত তারা নানা ধরনের হয়রানির শিকার হচ্ছেন।",5.13,2.63,5.13
news-49174198,"ঢাকায় এডিস মশা নিয়ন্ত্রণের কোন কার্যক্রমই নেই, ফলে ডেঙ্গু নিয়ে বর্তমান পরিস্থিতির তৈরি হয়েছে বলে মনে করছেন বিশেষজ্ঞরা।","১. কীটতত্ত্ববিদ অধ্যাপক কবিরুল বাশারের মতে, ঢাকা শহরে এডিস মশা নিয়ন্ত্রণে সিটি কর্পোরেশনের কার্যকর কোনো উদ্যোগ বা প্রশিক্ষিত জনবল নেই। ২. তিনি জানান, বর্তমানে ব্যবহৃত কীটনাশক মূলত কিউলেক্স মশা দমনে কার্যকর, যা এডিস মশার আবাসস্থল বা লার্ভা ধ্বংসে কোনো ভূমিকা রাখছে না। ৩. এডিস মশা নিয়ন্ত্রণে সিটি কর্পোরেশনকে বিশেষায়িত দল গঠন এবং মশার প্রজননস্থল শনাক্তের ওপর গুরুত্বারোপ করার পরামর্শ দিয়েছেন এই বিশেষজ্ঞ।",7.50,2.56,7.50
news-50367014,রাশিয়ার একজন সুপরিচিত ঐতিহাসিক তার প্রেমিকাকে হত্যা করার কথা স্বীকার করেছেন। ওই নারী তার সাবেক এক ছাত্রী ছিলেন।,"নেপোলিয়ন বিশেষজ্ঞ রুশ অধ্যাপক ওলেগ সোকোলফ তার প্রেমিকা আনাস্তাসিয়া ইয়েশচেঙ্কোকে হত্যার পর তার দেহ খণ্ডিত করার কথা স্বীকার করেছেন। প্রেমিকার দেহের অংশ নদীতে ফেলার সময় মাতাল অবস্থায় ধরা পড়ার পর পুলিশ অধ্যাপকের বাড়ি থেকে মৃতদেহটি উদ্ধার করে। বর্তমানে হাসপাতালে চিকিৎসাধীন এই অধ্যাপক তর্কের জেরে হত্যার কথা স্বীকার করলেও, তার আইনজীবী একে মানসিক চাপের ফল বলে দাবি করেছেন।",16.00,8.22,16.00
news-50172787,বাংলাদেশে বিপ্লব নামে এক ব্যক্তির ফেসবুক আইডি হ্যাক করে ইসলামের নবীকে নিয়ে অবমাননাসূচক পোস্ট দেয়া হ্যাকার কে ছিল - তা এখনো 'সুনির্দিষ্টভাবে চিহ্নিত করা যায়নি' বলে জানা গেছে।,"ভোলার বোরহানউদ্দিনে ফেসবুক পোস্টকে কেন্দ্র করে সৃষ্ট সহিংসতায় চারজন নিহতের ঘটনায় জড়িতদের শনাক্ত করতে পুলিশ কাজ করছে। স্বরাষ্ট্রমন্ত্রী জানিয়েছেন, ফেসবুক কর্তৃপক্ষ হ্যাকার সম্পর্কে সুনির্দিষ্ট তথ্য না দিলেও কিছু ধারণা দিয়েছে, যা যাচাই-বাছাই করা হচ্ছে। পুলিশের হেফাজতে থাকা দুজনকে জিজ্ঞাসাবাদ করা হলেও ফেসবুকের তথ্যের ভিত্তিতে প্রকৃত হ্যাকারকে চিহ্নিত করার প্রক্রিয়া এখনো চলমান রয়েছে।",15.00,0.00,10.00
news-46092714,ইরানের তেল খাতকে লক্ষ্য করে আমেরিকা আজ থেকে কঠোর অবরোধ আরোপ করতে যাচ্ছে। ইরানের প্রেসিডেন্ট হাসান রুহানি এ নিয়ে তীব্র প্রতিক্রিয়া দেখিয়েছেন।,"২০১৫ সালের পরমাণু চুক্তি থেকে বেরিয়ে গিয়ে যুক্তরাষ্ট্র ইরানের ওপর পুনরায় কঠোর অর্থনৈতিক নিষেধাজ্ঞা আরোপ করেছে, যা দেশটির তেল রপ্তানি ও অর্থনীতিতে বড় ধরনের আঘাত হেনেছে। এই নিষেধাজ্ঞার ফলে ইরানের সাথে বাণিজ্যরত আন্তর্জাতিক কোম্পানিগুলো মার্কিন শাস্তির ঝুঁকিতে পড়ায় তারা বিনিয়োগ গুটিয়ে নিতে বাধ্য হচ্ছে। প্রেসিডেন্ট হাসান রুহানি এই মার্কিন পদক্ষেপকে ব্যর্থ ষড়যন্ত্র হিসেবে আখ্যা দিলেও, ইউরোপীয় ইউনিয়নের সহায়তা সত্ত্বেও ইরানের ওপর এর নেতিবাচক প্রভাব ক্রমশ বাড়ছে।",20.45,4.65,15.91
news-43945802,আগামী চব্বিশ ঘণ্টায় দেশের বিভিন্ন এলাকায় আরও কালবৈশাখী ঝড়ের পূর্বাভাস দিয়েছে বাংলাদেশের আবহাওয়া অধিদপ্তর।,"পূর্বাভাস অনুযায়ী, কালবৈশাখী ঝড় ও ভারী বর্ষণে আজ সকাল থেকেই ঢাকা ও এর আশপাশের এলাকা অন্ধকারাচ্ছন্ন হয়ে পড়েছে এবং দেশের বিভিন্ন অঞ্চলে ৬০ থেকে ৮০ কিলোমিটার বেগে ঝড় ও শিলাবৃষ্টির সম্ভাবনা রয়েছে। গত কয়েক দিনে বজ্রপাতে দেশে বহু মানুষের প্রাণহানি ঘটেছে এবং গত এক মাসে এই সংখ্যা পঞ্চাশ ছাড়িয়েছে। দুর্যোগপূর্ণ এই পরিস্থিতিতে আবহাওয়া অধিদপ্তর সতর্ক থাকার পরামর্শ দিয়েছে এবং বজ্রপাত থেকে বাঁচতে প্রয়োজনীয় সচেতনতা অবলম্বনের আহ্বান জানানো হয়েছে।",12.20,2.50,7.32
news-52336713,করোনাভাইরাস প্রাদুর্ভাব নিয়ন্ত্রণে বাংলাদেশের সব জায়গায় সব ধরনের জনসমাগম - এমনকি ধর্মীয় জমায়েতও- নিষিদ্ধ করা করা হলেও শনিবার সকালে ব্রাহ্মণবাড়িয়ায় এক ধর্মীয় বক্তার শেষকৃত্যে হাজার হাজার মানুষের জমায়েতের ঘটনা ঘটেছে।,"ব্রাহ্মণবাড়িয়ার সরাইলে জনপ্রিয় ইসলামিক বক্তা যোবায়ের আহমেদ আনসারীর জানাজায় হাজার হাজার মানুষের অনাকাঙ্ক্ষিত জনসমাগম ঘটে। মাদ্রাসা কর্তৃপক্ষ জানাজায় লোক সমাগম না করার আশ্বাস দিলেও, সকালে হঠাৎ করেই বিপুল সংখ্যক মানুষ সেখানে উপস্থিত হয়। পুলিশ জানিয়েছে, জনস্রোত এতই বেশি ছিল যে তাৎক্ষণিকভাবে তা নিয়ন্ত্রণ করা তাদের পক্ষে সম্ভব হয়নি।",15.58,5.33,7.79
news-45094051,নিরাপদ সড়কের দাবীতে শিক্ষার্থীদের করা আন্দোলনের ফলেই সরকার দ্রুতগতিতে সড়ক পরিবহন আইন বাস্তবায়ন করতে উদ্যোগী হয়েছে বলে মনে করছেন রাজনৈতিক বিশ্লেষকরা।,"নিরাপদ সড়কের দাবিতে শিক্ষার্থীদের আন্দোলন সড়ক পরিবহন ব্যবস্থাপনার ত্রুটিগুলো সামনে এনেছে, যার ফলে নতুন আইনে লাইসেন্স ও ফিটনেসের মতো বিষয়গুলোতে বিশেষ গুরুত্ব দেওয়া হয়েছে। তবে আইন প্রণয়নের পাশাপাশি এর যথাযথ ও পক্ষপাতহীন প্রয়োগ নিশ্চিত করাই এখন বড় চ্যালেঞ্জ। আইনের সুফল পেতে নাগরিকদের সচেতনতার পাশাপাশি আইন প্রয়োগকারী সংস্থাকে রাজনৈতিক প্রভাবমুক্ত হয়ে কাজ করতে হবে।",16.22,0.00,13.51
news-55130987,বাংলাদেশে কক্সবাজারের শরণার্থী শিবির থেকে পালিয়ে এসে ভারতের একটি ট্রেনে চেপে যাওয়ার সময় চোদ্দজন রোহিঙ্গা শরণার্থীর একটি বড় দল পুলিশের হাতে ধরা পড়েছে।,"**সারসংক্ষেপ:** ত্রিপুরা থেকে রাজধানী এক্সপ্রেসে দিল্লি যাওয়ার পথে ভুয়া পরিচয়পত্র ব্যবহারের অভিযোগে ১৪ জন রোহিঙ্গাকে নিউ জলপাইগুড়ি স্টেশনে আটক করেছে রেল পুলিশ। যাত্রীদের সাথে বচসার জেরে বিষয়টি জানাজানি হলে পুলিশ তাদের আটক করে জিআরপি-র কাছে হস্তান্তর করে। বিশেষজ্ঞরা বলছেন, রোহিঙ্গা শরণার্থীদের ভারত প্রবেশের ক্ষেত্রে ত্রিপুরা সীমান্ত ব্যবহার করার এই প্রবণতা বর্তমানে নতুন উদ্বেগের কারণ হয়ে দাঁড়িয়েছে।",5.00,0.00,5.00
news-53698361,করোনাভাইরাস মহামারির পর দীর্ঘ সময় ধরে স্থবির অবস্থায় ছিল বাংলাদেশের পর্যটন কেন্দ্রগুলো। কিন্তু এই কোরবানির ঈদে টানা কয়েকদিনের ছুটিতে বড় ধরনের জন সমাগম দেখা গেছে বেশ কয়েকটি স্পটে।,"সরকারি নিষেধাজ্ঞা সত্ত্বেও কক্সবাজার সমুদ্র সৈকতে পর্যটকদের উপচে পড়া ভিড় লক্ষ্য করা যাচ্ছে, যেখানে স্বাস্থ্যবিধি মানার কোনো বালাই নেই। পর্যটন এলাকায় নজরদারির অভাব এবং মানুষের অসচেতনতায় কক্সবাজার করোনা সংক্রমণের হটস্পটে পরিণত হওয়ার আশঙ্কা করছেন স্থানীয়রা। অন্যদিকে, পর্যটকরা স্বাস্থ্যঝুঁকি উপেক্ষা করেই বিনোদনের উদ্দেশ্যে এসব জনাকীর্ণ স্থানে ভিড় করছেন।",2.67,0.00,2.67
news-50232261,চার মাসের শিশু সন্তানকে নিয়ে ঝালকাঠীর রাজাপুর থেকে স্বরূপকাঠী যাচ্ছিলেন প্রাথমিক বিদ্যালয়ের শিক্ষক জয়ন্তী বিশ্বাস। পথের মধ্যে বাসে হঠাৎ করে বাচ্চা কান্নাকাটি শুরু।,পাবলিক প্লেস ও কর্মস্থলে শিশুকে বুকের দুধ খাওয়ানোর উপযুক্ত পরিবেশ না থাকায় অনেক মা চরম বিড়ম্বনা ও সামাজিক সংকোচের শিকার হন। এই সমস্যার সমাধানে এবং মায়েদের স্বাচ্ছন্দ্য নিশ্চিত করতে হাইকোর্ট সম্প্রতি দেশের সকল জনসমাগমস্থল ও কর্মক্ষেত্রে 'ব্রেস্ট ফিডিং কর্নার' স্থাপনের নির্দেশ দিয়ে রুল জারি করেছেন। এই উদ্যোগ বাস্তবায়িত হলে কর্মজীবী ও বাইরে বের হওয়া মায়েদের জন্য মাতৃদুগ্ধ পান করানো অনেক সহজ ও নিরাপদ হবে।,0.00,0.00,0.00
news-41751839,বাংলাদেশের পুলিশ দক্ষিণ-পশ্চিমাঞ্চলীয় জেলা মেহেরপুর থেকে ভারত থেকে 'পুশ-ব্যাক' হয়ে আসা একটি রোহিঙ্গা পরিবারকে আটক করেছে।,"ভারতের জম্মু থেকে আসা ছয় সদস্যের একটি রোহিঙ্গা পরিবারকে মেহেরপুরের মুজিবনগর সীমান্ত দিয়ে বাংলাদেশে ঠেলে দেওয়ার অভিযোগ উঠেছে। স্থানীয়দের মাধ্যমে খবর পেয়ে পুলিশ পরিবারটিকে উদ্ধার করে নিরাপত্তা হেফাজতে নিয়েছে। পরিবারটি জানিয়েছে, তারা মিয়ানমার থেকে ভারতে আশ্রয় নিলেও সম্প্রতি ভারতীয় নিরাপত্তা বাহিনী তাদের জোরপূর্বক বাংলাদেশে পাঠিয়ে দিয়েছে।",21.88,6.45,15.62
news-56460379,বাংলাদেশ সিভিল সার্ভিস -বিসিএস পরীক্ষায় যারা ঝরে যান তাদের বেশিরভাগের বিকল্প ক্যারিয়ার পরিকল্পনা না থাকায় এক পর্যায়ে হতাশাগ্রস্ত হয়ে পড়েন।,"বাংলাদেশে উচ্চশিক্ষিত তরুণদের একটি বড় অংশের একমাত্র লক্ষ্য বিসিএস ক্যাডার হওয়া, যার ফলে তীব্র প্রতিযোগিতার মুখে অকৃতকার্যরা চরম হতাশায় ভোগেন। বিসিএস-এর ওপর অতিরিক্ত নির্ভরশীলতা ও দীর্ঘ সময় নষ্ট না করে শিক্ষার্থীদের বিকল্প ক্যারিয়ার গড়ার পরামর্শ দিয়েছেন বিশেষজ্ঞরা। তাই কেবল একটি পরীক্ষার পেছনে সময় ব্যয় না করে নিজেদের অন্যান্য পেশার উপযোগী করে গড়ে তোলার ওপর গুরুত্বারোপ করা হয়েছে।",7.69,0.00,7.69
news-44844781,বাংলাদেশে কোটা সংস্কার আন্দোলনকে কেন্দ্র করে শিক্ষক হেনস্থা ও শিক্ষার্থী লাঞ্ছনা ঘটনার প্রতিবাদে মানববন্ধন ও মিছিলের কর্মসূচি পালিত হয়েছে ঢাকা বিশ্ববিদ্যালয়ে।,"ঢাকা বিশ্ববিদ্যালয়ে কোটা সংস্কার আন্দোলনকারী শিক্ষার্থী ও শিক্ষকদের ওপর ধারাবাহিক হামলার প্রতিবাদে এবং নিরাপত্তার দাবিতে শিক্ষার্থীরা মানববন্ধন ও বিক্ষোভ করেছে। অর্থনীতি বিভাগের শিক্ষার্থীদের হেনস্থার ঘটনায় জড়িতদের বিরুদ্ধে ব্যবস্থা নেওয়ার দাবিতে শিক্ষার্থীরা ৭২ ঘণ্টার ক্লাস বর্জনের ঘোষণা দিয়েছে। বিশ্ববিদ্যালয় প্রশাসন ইতোমধ্যে তদন্ত কমিটি গঠন ও অভিযুক্তদের বিরুদ্ধে ব্যবস্থা নেওয়ার কথা জানালেও, শিক্ষার্থীরা ক্যাম্পাসে তাদের সার্বিক নিরাপত্তা নিশ্চিত করার দাবি জানিয়েছে।",22.50,7.69,15.00
news-51672499,করোনাভাইরাসের উপস্থিতি এখন অ্যান্টার্কটিকা ছাড়া আর সব মহাদেশেই - এবং এই প্রথমবারের মতো চীনের বাইরে এটি দ্রুতগতিতে ছড়াতে শুরু করেছে।,"করোনাভাইরাস সংক্রমণ রোধে থাইল্যান্ডের পার্লামেন্টসহ বিশ্বের বিভিন্ন দেশের গণপরিবহন ও জনসমাগমস্থলগুলোতে ব্যাপক পরিচ্ছন্নতা কার্যক্রম পরিচালনা করা হচ্ছে। ভাইরাসের বিস্তার ঠেকাতে দক্ষিণ কোরিয়া, ইটালি ও ইরানসহ বিভিন্ন দেশ ট্রেন ও বাস স্টেশনগুলোতে বিশেষ সতর্কতা অবলম্বন করছে। এছাড়া, সংক্রমণের ঝুঁকি এড়াতে বিশ্বজুড়ে বড় ধরনের ক্রীড়া ইভেন্ট ও জনসমাগমমূলক অনুষ্ঠানগুলো স্থগিত বা বিলম্বিত করা হচ্ছে।",0.00,0.00,0.00
news-43446969,নিদাহাস ট্রফির ফাইনাল ম্যাচে রোববার সন্ধ্যায় মুখোমুখি হচ্ছে বাংলাদেশ ও ভারত। শ্রীলংকার কলম্বোর প্রেমাদাসা স্টেডিয়ামে অনুষ্ঠিত হবে এই ম্যাচটি।,"বাংলাদেশ এখন পর্যন্ত কোনো ফাইনাল ম্যাচে ভারতের বিপক্ষে জয় পায়নি এবং দীর্ঘ সময় ধরে তাদের বিপক্ষে জয়হীন রয়েছে। ভারতের শক্তিশালী টপ অর্ডারকে দ্রুত ফেরানো এবং নিজেদের ব্যাটিংয়ের ছন্দ ধরে রাখাকে জয়ের মূল চাবিকাঠি হিসেবে দেখছেন ক্রিকেট বিশ্লেষকরা। এছাড়া, টি-টোয়েন্টি ফরম্যাটে ভালো শুরুর ওপর গুরুত্ব দিয়ে দলের ভারসাম্য বজায় রাখাই বাংলাদেশের জন্য এখন বড় চ্যালেঞ্জ।",8.11,2.78,5.41
news-40366438,"মাত্র কয়েকদিন আগেই কলকাতার জনপ্রিয় নায়ক জিৎ তার ফেসবুকে বলেছিলেন, ""আকাশে যতই মেঘ ঘনিয়ে আসুক না কেন সূর্য ওঠা কেউ আটকাতে পারে না।""","যৌথ প্রযোজনার নীতিমালা না মানার অভিযোগে 'নবাব' ও 'বস ২' সিনেমা দুটি বাংলাদেশে মুক্তির বিরোধিতা করেছেন চলচ্চিত্র শিল্পী সমিতির একাংশ। এই বিতর্ক সত্ত্বেও সিনেমা দুটি প্রদর্শনের জন্য সরকারি ছাড়পত্র পেয়েছে। তবে শিল্পী সমিতির দাবি, যৌথ প্রযোজনার শর্তানুযায়ী দুই দেশের শিল্পীদের সমান অংশগ্রহণ ও সমানুপাতিক সুযোগ নিশ্চিত করা হয়নি।",2.82,0.00,2.82
news-51664932,করোনাভাইরাসের কারণে চীনের সাথে পণ্য আনা-নেয়া ব্যহত হওয়ায় দেশটির সঙ্গে বাংলাদেশের বাণিজ্যে ব্যাপক ক্ষতির আশংকা করা হচ্ছে।,করোনাভাইরাসের প্রভাবে চীনের সঙ্গে আমদানি-রপ্তানি ব্যাহত হওয়ায় বাংলাদেশের ১৪টি গুরুত্বপূর্ণ শিল্পখাত বড় ধরনের আর্থিক ক্ষতির ঝুঁকিতে পড়েছে। কাঁচামাল ও যন্ত্রাংশের সরবরাহ কমে যাওয়ায় দেশের উৎপাদন ব্যবস্থা ও পণ্য সরবরাহ চেইন সংকটের মুখে পড়েছে। এই পরিস্থিতি মোকাবিলায় বাংলাদেশ ট্রেড অ্যান্ড ট্যারিফ কমিশন সরকারকে প্রয়োজনীয় পদক্ষেপ নেওয়ার জন্য একটি প্রতিবেদন জমা দিয়েছে।,17.39,0.00,14.49
news-43959920,"চট্টগ্রামে ইয়াবা বিক্রির দায়ে এক যুবকের বিরুদ্ধে মামলার পর, তার মা পাল্টা মামলা করেছেন সাতজন পুলিশের বিরুদ্ধে। তার অভিযোগ, টাকা চেয়ে না পেয়ে ছেলের পকেটে ইয়াবা ঢুকিয়ে ফাঁসানো হয়েছে ।","চট্টগ্রামে ছেলেকে ইয়াবা দিয়ে ফাঁসিয়ে তিন লাখ টাকা দাবির অভিযোগে পাহাড়তলি থানার ওসিসহ সাত পুলিশ সদস্যের বিরুদ্ধে আদালতে মামলা করেছেন এক ভুক্তভোগী মা। পুলিশের দাবি, আটককৃত যুবকের বিরুদ্ধে ইয়াবা ব্যবসার পুরনো মামলা ও ওয়ারেন্ট ছিল, তবে বাদীর অভিযোগ পুলিশ তাকে অন্যায়ভাবে হয়রানি করছে। আদালত বিষয়টি গুরুত্বের সাথে নিয়ে এক মাসের মধ্যে তদন্ত প্রতিবেদন জমা দেওয়ার জন্য সিআইডিকে নির্দেশ দিয়েছেন।",25.00,4.65,15.91
news-49160596,আফ্রিকার দেশ ইথিওপিয়াতে একদিনে রোপণ করা হয়েছে ৩৫০ মিলিয়ন বা ৩৫ কোটি গাছ।,জলবায়ু পরিবর্তন ও বন উজাড়ের ঝুঁকি মোকাবিলায় ইথিওপিয়ার প্রধানমন্ত্রী আবি আহমেদের নেতৃত্বে দেশজুড়ে ব্যাপক বৃক্ষরোপণ কর্মসূচি গ্রহণ করা হয়েছে। এই প্রকল্পের অংশ হিসেবে সরকারি কর্মকর্তাদের অংশগ্রহণের সুবিধার্থে অফিস বন্ধ রেখে মাত্র ১২ ঘণ্টায় ৩৫ কোটি গাছ লাগানোর রেকর্ড গড়েছে দেশটি। ইথিওপিয়া সরকার তাদের ‘গ্রিন লিগেসি ইনিশিয়েটিভ’-এর আওতায় মোট ৪ বিলিয়ন গাছ লাগানোর লক্ষ্যমাত্রা নির্ধারণ করেছে।,14.49,8.96,14.49
news-51928107,"চীনের উহানে করোনাভাইরাসের প্রাদুর্ভাব ব্যাপকভাবে ছড়িয়ে পড়েছিল জানুয়ারি মাসের গোড়াতে, আর তখন থেকেই আশংকা করা হচ্ছিল যে নতুন এই ভাইরাসের সংক্রমণ চীনের বাইরেও ছড়িয়ে পড়তে পারে।","বিশ্বজুড়ে করোনাভাইরাস ছড়িয়ে পড়লেও বাংলাদেশ শুরু থেকেই এই পরিস্থিতি মোকাবিলায় যথাযথ গুরুত্ব ও সমন্বিত পরিকল্পনা গ্রহণ করতে ব্যর্থ হয়েছে বলে বিশেষজ্ঞরা মনে করছেন। চীন থেকে ভাইরাসটি ছড়িয়ে পড়ার পর প্রস্তুতির জন্য পর্যাপ্ত সময় পাওয়া সত্ত্বেও সরকারের গৃহীত পদক্ষেপগুলোতে পরিকল্পনার অভাব স্পষ্ট। বর্তমানে সংক্রমণ রোধে সরকার কিছু কঠোর ব্যবস্থা নিলেও বিশেষজ্ঞরা মনে করছেন, এসব পদক্ষেপ নিতে অনেকটা দেরি হয়ে গেছে।",7.06,0.00,7.06
news-52482424,বলিউড অভিনেতা ঋষি কাপুর ৬৭ বছর বয়সে মারা গেছেন।,**সারসংক্ষেপ:** দীর্ঘদিন ক্যান্সারের সাথে লড়াই করার পর প্রখ্যাত বলিউড অভিনেতা ঋষি কাপুর পরলোকগমন করেছেন। ১৯৭৩ সালে 'ববি' সিনেমার মাধ্যমে রোমান্টিক নায়ক হিসেবে জনপ্রিয়তা পাওয়া এই অভিনেতা পরবর্তীতে চরিত্রাভিনেতা হিসেবেও অসামান্য সাফল্য অর্জন করেন। তার মৃত্যুতে ভারতের চলচ্চিত্র অঙ্গনসহ সর্বস্তরে গভীর শোকের ছায়া নেমে এসেছে।,15.09,11.76,15.09
news-40179451,"একজন বামপন্থি রাজনীতিক হিসাবে যিনি ৩০ বছর সংসদের পেছনের আসনে থেকে গেছেন, বিতর্কিত নানা ইস্যু সমর্থন করেছেন, বিবেকের তাড়নায় হরহামেশা দলের বিরুদ্ধে ভোট দিয়েছেন, সেই জেরেমি করবিন ২০১৫ সালে দলের নেতা নির্বাচনে প্রার্থী হয়ে বিস্ময় তৈরি করেন।",১. লেবার পার্টির প্রথাগত রাজনীতির বাইরে থাকা জেরেমি করবিন তার বামপন্থি আদর্শ ও ব্যক্তিত্বের গুণে বিপুল ভোটে দলের নেতা নির্বাচিত হন। ২. করবিনের এই উত্থান তরুণ প্রজন্মের মধ্যে ব্যাপক সাড়া ফেললেও দলের অধিকাংশ এমপি তার নেতৃত্বের বিরোধিতা করে বিদ্রোহ শুরু করেন। ৩. অভ্যন্তরীণ প্রবল চাপ ও বিরোধিতার মুখেও করবিন পুনরায় বিপুল ভোটে নির্বাচিত হয়ে নিজের অবস্থান সুসংহত করেন এবং সাধারণ নির্বাচনের মুখোমুখি হন।,14.00,4.08,10.00
news-48289766,"মার্কিন প্রেসিডেন্ট ডোনাল্ড ট্রাম্প দেশটির কম্পিউটার নেটওয়ার্ককে ""বিদেশি প্রতিপক্ষ"" থেকে রক্ষা করার জন্য জরুরি অবস্থা ঘোষণা করেছেন।","মার্কিন প্রেসিডেন্ট ডোনাল্ড ট্রাম্প বিদেশি টেলিকম সরঞ্জাম ব্যবহারের ক্ষেত্রে নিরাপত্তা ঝুঁকি মোকাবিলায় একটি নির্বাহী আদেশে স্বাক্ষর করেছেন। যদিও কোনো নির্দিষ্ট কোম্পানির নাম উল্লেখ করা হয়নি, তবে বিশেষজ্ঞরা মনে করছেন এটি মূলত চীনা প্রযুক্তি প্রতিষ্ঠান হুয়াওয়েকে লক্ষ্য করেই করা হয়েছে। হোয়াইট হাউসের মতে, এই আদেশের মূল লক্ষ্য হলো বিদেশি প্রতিপক্ষের নজরদারি থেকে আমেরিকাকে সুরক্ষিত রাখা।",19.72,8.70,16.90
news-57078355,জেরুসালেমে গত কয়েক সপ্তাহ ধরে কট্টর ইহুদি এবং ইসরায়েলি পুলিশের সাথে ফিলিস্তিনিদের যে ছোটখাটো সংঘাত চলছিল সোমবার তা বিপজ্জনক এক লড়াইয়ের রূপ নিয়েছে।,জেরুজালেমের আল-আকসা মসজিদে ইসরায়েলি পুলিশের হামলার প্রতিবাদে গাজা থেকে ইসরায়েল লক্ষ্য করে রকেট নিক্ষেপ করা হলে দুই পক্ষের মধ্যে তীব্র সংঘর্ষ শুরু হয়। এর জবাবে ইসরায়েল গাজায় বিমান হামলা চালালে নয় শিশুসহ অন্তত ২৫ জন ফিলিস্তিনি নিহত হন। ২০১৪ সালের পর প্রথমবারের মতো জেরুজালেমকে লক্ষ্য করে রকেট হামলার ঘটনায় অঞ্চলটিতে চরম উত্তেজনা ও থমথমে পরিস্থিতি বিরাজ করছে।,4.94,2.53,4.94
news-47018347,"অনেক বছর বিদেশে কাটানোর পর স্থায়ী বসবাসের উদ্দেশ্য নিয়ে ২৯ বছর বয়সী বাসমা খালিফা ফিরেছিলেন মাতৃভূমি সৌদি আরবে। বিবিসিকে তিনি বলছিলেন, কিভাবে তাকে ছোট একটি ভুলের মাশুল দিতে হলো, যার কারণে তাকে আবার সৌদি আরব ছাড়তে হয়।","সৌদি আরবে বিবিসির একটি ডকুমেন্টারির শুটিং করার সময় নারী অধিকার কর্মীদের নিয়ে প্রতিবেদন করায় বাসমা খালিফাকে তড়িঘড়ি দেশ ছাড়ার নির্দেশ দেওয়া হয়। নিজের নিরাপত্তা নিয়ে তীব্র আতঙ্ক ও অনিশ্চয়তা থেকে তিনি তাৎক্ষণিকভাবে সৌদি আরব ত্যাগ করে লন্ডনে ফিরে যেতে বাধ্য হন। দীর্ঘ ২৫ বছর পর নিজ দেশে ফিরে নতুন জীবন শুরুর স্বপ্ন দেখলেও, প্রতিকূল পরিস্থিতির কারণে তাকে এক রকম পালিয়েই বাঁচতে হয়।",22.22,6.19,10.10
130801_pg_jamaat_registration_void,বাংলাদেশে ইসলামপন্থী রাজনৈতিক দল হিসেবে জামায়াতে ইসলামীর নিবন্ধন অবৈধ বলে ঘোষণা করেছে হাইকোর্ট।,"হাইকোর্ট বাংলাদেশের সংবিধানের সাথে সাংঘর্ষিক হওয়ায় জামায়াতে ইসলামীর রাজনৈতিক নিবন্ধন অবৈধ ও বাতিল ঘোষণা করেছেন। এই রায়ের ফলে দলটি আগামী জাতীয় নির্বাচনে অংশগ্রহণের অযোগ্য হয়ে পড়লেও, তারা ইতিমধ্যে এর বিরুদ্ধে আপিল করেছে। রায়ের প্রতিবাদে জামায়াত ৪৮ ঘণ্টার হরতাল কর্মসূচি ঘোষণা করেছে এবং আপিলের মাধ্যমে স্থগিতাদেশ পাওয়ার চেষ্টা করছে।",26.23,10.17,19.67
news-55998076,মিয়ানমারের রাজধানী নেপিডোতে নিষেধাজ্ঞা উপেক্ষা করে হাজার হাজার মানুষ বিক্ষোভ করার সময় পুলিশ তাদের ওপর রাবার বুলেট চালিয়েছে।,"মিয়ানমারে সামরিক অভ্যুত্থানের প্রতিবাদে টানা চতুর্থ দিনের মতো বিক্ষোভ অব্যাহত রয়েছে, যা দমনে পুলিশ জলকামান, কাঁদানে গ্যাস ও রাবার বুলেট ব্যবহার করছে। সামরিক জান্তা কারফিউ ও সমাবেশের ওপর নিষেধাজ্ঞা জারি করলেও বিক্ষোভকারীরা অং সান সু চিসহ বন্দী নেতাদের মুক্তির দাবিতে রাজপথে অনড় অবস্থানে রয়েছে। পুলিশের কঠোর পদক্ষেপে অন্তত দুজন বিক্ষোভকারী গুরুতর আহত হয়েছেন বলে বিভিন্ন গণমাধ্যম সূত্রে জানা গেছে।",15.58,2.67,10.39
news-41386652,দক্ষিণ পূর্ব এশিয়ার অর্থনৈতিক জোটের এক যৌথ বিবৃতিতে রোহিঙ্গা সঙ্কট নিয়ে যে বক্তব্য এসেছে তাতে তীব্র আপত্তি তুলেছে মালয়েশিয়া।,"মিয়ানমারের রাখাইন পরিস্থিতি নিয়ে আসিয়ান জোটের যৌথ বিবৃতিতে ‘রোহিঙ্গা’ শব্দটির অনুপস্থিতি এবং নির্যাতনের বিষয়টি এড়িয়ে যাওয়ায় মালয়েশিয়া তীব্র ক্ষোভ প্রকাশ করেছে। এই বিবৃতির সাথে দ্বিমত পোষণ করে মালয়েশিয়া আনুষ্ঠানিকভাবে নিজেদের প্রত্যাহার করে নিয়েছে, যা আসিয়ান জোটের ইতিহাসে একটি বিরল ঘটনা। রোহিঙ্গা ইস্যুতে জোটের সদস্য দেশগুলোর মধ্যে সৃষ্ট এই অসন্তোষ মূলত মিয়ানমারের প্রতি মালয়েশিয়া ও ইন্দোনেশিয়ার ক্রমবর্ধমান ক্ষোভেরই বহিঃপ্রকাশ।",12.99,5.33,12.99
news-48117799,"বাংলাদেশের আবহাওয়া অধিদপ্তর বলছে, 'অতি প্রবল' ঘূর্ণিঝড় ফণী দক্ষিণ-পশ্চিম বঙ্গোপসাগর ও তৎসংলগ্ন এলাকায় অবস্থান করছে।",অতি প্রবল ঘূর্ণিঝড় 'ফণী' ভারতের উড়িষ্যা উপকূলের দিকে অগ্রসর হওয়ায় সেখানে ব্যাপক সতর্কতা ও জরুরি প্রস্তুতি গ্রহণ করা হয়েছে। ঘূর্ণিঝড়টির প্রভাবে বাংলাদেশে ৪ঠা মে বৃষ্টিপাতের সম্ভাবনা রয়েছে এবং দেশের সমুদ্রবন্দরগুলোকে চার নম্বর স্থানীয় হুঁশিয়ারি সংকেত দেখাতে বলা হয়েছে। উড়িষ্যা উপকূলে আঘাত হানার পর ঘূর্ণিঝড়টির প্রকৃত গতিপ্রকৃতি ও প্রভাব সম্পর্কে নিশ্চিত হওয়া যাবে বলে আবহাওয়া অফিস জানিয়েছে।,16.67,8.57,13.89
news-41736132,"বাংলাদেশের স্বরাষ্ট্রমন্ত্রী বলেছেন, গত দু'মাসে বাংলাদেশে পালিয়ে আসা রোহিঙ্গাদের ফিরিয়ে নেওয়ার ব্যাপারে মিয়ানমার রাজি হয়েছে।",রোহিঙ্গা প্রত্যাবাসন প্রক্রিয়া ত্বরান্বিত করতে বাংলাদেশ ও মিয়ানমার খুব শীঘ্রই সমান সংখ্যক প্রতিনিধি নিয়ে একটি যৌথ ওয়ার্কিং কমিটি গঠন করতে সম্মত হয়েছে। বাংলাদেশের স্বরাষ্ট্রমন্ত্রী কফি আনান কমিশনের সুপারিশ অনুযায়ী রোহিঙ্গাদের ফিরিয়ে নেওয়ার ওপর জোর দিলেও মিয়ানমার রাখাইনে কোনো নির্যাতন হচ্ছে না বলে দাবি করেছে। সীমান্তে মাইন অপসারণের প্রতিশ্রুতিসহ মিয়ানমারের নেত্রী অং সান সু চির সাথে বাংলাদেশের স্বরাষ্ট্রমন্ত্রীর বৈঠকের কথা রয়েছে।,18.42,8.11,15.79
news-52076761,"প্যাঙ্গোলিন নামে একটি প্রাণী, যেটিকে বাংলাদেশে অনেকে বনরুই বলে চেনেন, সেটিকেও এখন সন্দেহের চোখে দেখছেন বিজ্ঞানীরা। বলা হচ্ছে চীনের বাজারে চোরাই পথে নিয়ে গিয়ে বিক্রি করা এই প্রানীটির দেহে এমন একটি ভাইরাস পাওয়া গেছে যা কোভিড নাইনটিনের সাথে 'ঘনিষ্ঠভাবে সম্পর্কিত।'","প্যাঙ্গোলিন বিশ্বের সবচেয়ে বেশি পাচার হওয়া স্তন্যপায়ী প্রাণী, যা মূলত খাদ্য ও ঐতিহ্যবাহী ওষুধ তৈরির জন্য শিকার করা হয়। গবেষণায় দেখা গেছে, পাচার হওয়া প্যাঙ্গোলিনের দেহে এমন কিছু করোনাভাইরাস রয়েছে যা মানুষের মধ্যে মহামারি ছড়ানোর ঝুঁকির সাথে সম্পর্কিত। তাই ভবিষ্যতে প্রাণিবাহিত রোগ প্রতিরোধে বুনো প্রাণীর বাজারে প্যাঙ্গোলিনসহ অন্যান্য বন্যপ্রাণী বিক্রি কঠোরভাবে নিষিদ্ধ করা প্রয়োজন।",23.40,2.17,17.02
news-44127020,ফিলিস্তিনিরা ইসরায়েলের সাথে গাজা সীমান্তে বিক্ষোভ করছে গত কয়েক সপ্তাহ ধরে।,ফিলিস্তিনিদের নিজেদের জমি ফিরে পাওয়ার দাবিতে আয়োজিত বিক্ষোভে ইসরায়েলি বাহিনীর গুলিতে ৬০ জন নিহত হওয়ার ঘটনা ফিলিস্তিনের ইতিহাসে এক শোকাবহ অধ্যায় যোগ করেছে। ১৯৪৮ সালের ১৫ মে ইসরায়েল রাষ্ট্র প্রতিষ্ঠার পর থেকে ফিলিস্তিনিরা এই দিনটিকে ‘আল-নাকবা’ বা বিপর্যয় দিবস হিসেবে পালন করে আসছে। আরব-ইসরায়েল যুদ্ধের ফলে বাস্তুচ্যুত হওয়া লাখ লাখ ফিলিস্তিনি আজও শরণার্থী হিসেবে মানবেতর জীবনযাপন করছেন।,2.86,0.00,2.86
news-41008375,বাংলা চলচ্চিত্রের সদ্য প্রয়াত খ্যাতনামা নায়ক আব্দুর রাজ্জাকের প্রতি শ্রদ্ধা জানাচ্ছেন সর্বস্তরের মানুষ। এফডিসিতে শ্রদ্ধা জানানোর পর তাঁর মরদেহ এখন শহীদ মিনারে রাখা হয়েছে সর্বস্তরের জনসাধারণের শ্রদ্ধা জানানোর জন্য।,কিংবদন্তি অভিনেতা 'নায়করাজ' রাজ্জাক সোমবার সন্ধ্যায় ঢাকার ইউনাইটেড হাসপাতালে শেষ নিঃশ্বাস ত্যাগ করেছেন। এফডিসি ও শহীদ মিনারে সর্বস্তরের মানুষের শ্রদ্ধা নিবেদন শেষে বনানী কবরস্থানে তাঁকে সমাহিত করা হবে। তাঁর মৃত্যুতে বাংলাদেশ চলচ্চিত্র শিল্পী সমিতি তিনদিনের শোক ঘোষণা করেছে এবং তাঁর অসামান্য অবদানকে গভীর শ্রদ্ধার সাথে স্মরণ করছে চলচ্চিত্র অঙ্গন।,12.82,2.63,10.26
news-46680518,২০১৮ সালে গুরুত্বের নিরিখে তালিকাভুক্ত সবচেয়ে সাড়া জাগানো পরিসংখ্যান ছিল বিশ্বে প্লাস্টিক বর্জ্যের পরিমাণের হিসাব।,"ব্রিটেনের রয়াল স্ট্যাটিসটিকাল সোসাইটি ২০১৮ সালের সবচেয়ে গুরুত্বপূর্ণ পরিসংখ্যান হিসেবে বিশ্বব্যাপী প্লাস্টিক বর্জ্যের ভয়াবহতাকে চিহ্নিত করেছে, যেখানে দেখা গেছে মোট ব্যবহৃত প্লাস্টিকের ৯০.৫% পুনর্ব্যবহার করা হয় না। একইসঙ্গে যুক্তরাজ্যে বিদ্যুৎ উৎপাদনের প্রধান উৎস হিসেবে সৌর শক্তির ২৭.৮% অবদানকেও বছরের অন্যতম উল্লেখযোগ্য পরিসংখ্যান হিসেবে স্বীকৃতি দেওয়া হয়েছে। পরিবেশ সচেতনতা ও প্লাস্টিক বর্জ্যের প্রভাব নিয়ে বিশ্বজুড়ে আলোচনার প্রেক্ষিতে 'সিঙ্গল ইউস' বা 'একবার ব্যবহৃত' শব্দটিকেও বছরের সর্বাধিক ব্যবহৃত শব্দ হিসেবে নির্বাচন করা হয়েছে।",11.49,2.35,11.49
news-47274855,বাংলাদেশ জামায়াত ইসলামীর সংস্কার এবং ১৯৭১-এ স্বাধীনতার বিরোধিতা জন্যে ক্ষমা না চাওয়ায় গত শুক্রবার পদত্যাগ করেন দলটির অন্যতম নেতা ব্যারিস্টার আব্দুর রাজ্জাক।,"ব্যারিস্টার আব্দুর রাজ্জাকের পদত্যাগ ও জামায়াতে ইসলামীর সংস্কারের দাবি দলটির অভ্যন্তরীণ মতভেদকে আরও প্রকাশ্যে নিয়ে এসেছে। বিশ্লেষকদের মতে, ১৯৭১ সালের ভূমিকার জন্য ক্ষমা চাওয়াসহ বিভিন্ন সংস্কার প্রস্তাব নিয়ে এখন দলের ভেতরে ও বাইরে খোলামেলা আলোচনার সুযোগ তৈরি হয়েছে। তবে দলটির বর্তমান নেতৃত্ব এই সংস্কারের দাবি গ্রহণ করবে কি না, তা নিয়ে এখনো অনিশ্চয়তা রয়ে গেছে।",23.08,2.63,10.26
news-42208251,"বিভিন্ন ধর্মের মানুষের সংখ্যার অনুপাতে ২০৫০ সালে ইউরোপের চেহারাটা কেমন দাঁড়াবে? মার্কিন গবেষণা সংস্থা 'পিউ রিসার্চ সেন্টার' অভিবাসনের হার বিবেচনায় এর যে নানা চিত্র দাঁড় করিয়েছে, তাতে দেখানো হচ্ছে, মুসলিমরা জনসংখ্যার বিরাট বৃদ্ধি ঘটবে বিভিন্ন দেশে।","পিউ রিসার্চ সেন্টারের গবেষণা অনুযায়ী, অভিবাসন বন্ধ হলেও ইউরোপে মুসলিম জনসংখ্যা প্রাকৃতিকভাবে বৃদ্ধি পেয়ে বর্তমানের ৪ দশমিক ৯ শতাংশ থেকে ৭ দশমিক ৪ শতাংশে উন্নীত হবে। অভিবাসনের উচ্চ হার অব্যাহত থাকলে ২০৫০ সাল নাগাদ ইউরোপের মুসলিম জনসংখ্যা ১৪ শতাংশ ছাড়িয়ে যেতে পারে এবং সুইডেনের মতো দেশগুলোতে তা ৩০ শতাংশে পৌঁছাতে পারে। বর্তমানে ইউরোপের ৩০টি দেশে প্রায় ২ কোটি ৫৭ লক্ষ মুসলিম বসবাস করছে, যার মধ্যে ফ্রান্স, জার্মানি ও ব্রিটেনে মুসলিমদের সংখ্যা ও হার তুলনামূলকভাবে বেশি।",16.22,1.83,9.01
news-50060409,"অভিজিৎ বিনায়ক ব্যানার্জি, এসথার ডুফলো এবং মাইকেল ক্রেমারকে নোবেল দেয়ার ক্ষেত্রে যে বিষয়টি গুরুত্ব পেয়েছে সেটি হলো দারিদ্র বিমোচনে তাদের পরীক্ষানির্ভর গবেষণা পদ্ধতি।","নোবেলজয়ী অর্থনীতিবিদ অভিজিৎ ব্যানার্জি ও এসথার ডুফলো দারিদ্র্য বিমোচনে তাত্ত্বিক আলোচনার পরিবর্তে প্রায়োগিক পরীক্ষা-নিরীক্ষা ও সুনির্দিষ্ট পদক্ষেপ গ্রহণের ওপর জোর দিয়েছেন। তারা মনে করেন, চরম দরিদ্রদের দারিদ্র্যের দুষ্টচক্র থেকে বের করে আনতে সরাসরি তাদের হাতে অর্থের জোগান দেওয়া জরুরি। তাদের এই গবেষণাধর্মী কর্মপদ্ধতি দারিদ্র্য নিরসন কর্মসূচির নকশা তৈরিতে নতুন ও কার্যকর দিকনির্দেশনা প্রদান করেছে।",15.38,2.63,15.38
news-51723093,পাকিস্তান সফরে যেতে অস্বীকৃতি জানানো বাংলাদেশ মুশফিকুর রহিমকে জিম্বাবোয়ের বিরুদ্ধে তৃতীয় ওয়ান ডে স্কোয়াড থেকে বাদ দেয়া হয়েছে। তবে বাংলাদেশ ক্রিকেট দলের প্রধান নির্বাচক মিনহাজুল আবেদীন নান্নু বলেছেন মুশফিকুর রহিমের ওপর পাকিস্তান সফরে চাপ সৃষ্টি করার জন্য এটা করা হয়নি।,"পাকিস্তান সফরে না যাওয়ার সিদ্ধান্তে অটল রয়েছেন মুশফিকুর রহিম এবং এ বিষয়ে তাকে কোনো চাপ দেওয়া হয়নি বলে জানিয়েছেন প্রধান নির্বাচক মিনহাজুল আবেদীন। মুশফিকের পাকিস্তান সফর না করার বিষয়টি নিশ্চিত হওয়ার পর, জিম্বাবুয়ের বিপক্ষে তৃতীয় ওয়ানডেতে তাকে দলের বাইরে রাখা হবে। মূলত পাকিস্তান সফরের সম্ভাব্য দল গঠনের অংশ হিসেবেই মুশফিককে এই ম্যাচ থেকে বাদ দেওয়া হচ্ছে।",27.08,10.64,18.75
news-45619359,বাংলাদেশে কল্পিত ঘটনার ওপর ভিত্তি করে বিরোধীদলীয় নেতাকর্মীদের বিরুদ্ধে হাজার হাজার মামলা দায়ের করা হচ্ছে বলে অভিযোগ করা হয়েছে।,"নির্বাচনকে সামনে রেখে বিরোধী দলের নেতাকর্মীদের বিরুদ্ধে সারা দেশে হাজার হাজার 'গায়েবী' বা কাল্পনিক মামলা দায়েরের অভিযোগ উঠেছে। এই ঘটনার নিরপেক্ষ তদন্ত ও জড়িতদের বিরুদ্ধে ব্যবস্থা গ্রহণের দাবিতে সুপ্রিম কোর্টের তিন আইনজীবী হাইকোর্টে একটি রিট দায়ের করেছেন। রিটকারীদের দাবি, বিরোধী দলকে চাপে রাখতে এবং নেতাকর্মীদের মধ্যে ভীতি ছড়াতেই উদ্দেশ্যপ্রণোদিতভাবে এসব ভুয়া মামলা করা হচ্ছে।",27.40,8.45,21.92
news-47879821,"বাংলাদেশের কর্মকর্তারা বলছেন, দেশের গ্রামে-গঞ্জে, এমনকি ইউটিউবসহ সামাজিক নেটওয়র্কের মাধ্যমে কিছু বক্তা ওয়াজ মাহফিলে সাম্প্রদায়িকতা ও জঙ্গিবাদে উৎসাহ দিচ্ছেন।","বাংলাদেশে ওয়াজ মাহফিলে কিছু বক্তার উসকানিমূলক ও বিদ্বেষপূর্ণ বক্তব্যের কারণে আইনশৃঙ্খলা রক্ষাকারী বাহিনী সতর্ক অবস্থানে রয়েছে এবং স্বরাষ্ট্র মন্ত্রণালয় ১৫ জন বক্তাকে চিহ্নিত করে ছয় দফা সুপারিশ করেছে। সরকারের এই পদক্ষেপকে ইসলামপন্থী সংগঠনগুলো ধর্মের প্রচারের পথে বাধা হিসেবে অভিহিত করে এর সমালোচনা করেছে। তবে সংশ্লিষ্ট কর্মকর্তারা জানিয়েছেন, নির্দিষ্ট কিছু বক্তার বিতর্কিত কর্মকাণ্ডের কারণে যেন পুরো ওয়াজ মাহফিল ব্যবস্থা নিয়ে ভুল ধারণা তৈরি না হয়, সেদিকেও নজর রাখা হচ্ছে।",11.36,2.33,6.82
news-55226972,"এখন পর্যন্ত আমি যে প্রশ্নের মুখোমুখি হয়েছি সবচেয়ে বেশি সেটা হলো- ""মেসি নাকি রোনালদো, কে সর্বকালের সেরা?""","ফুটবল বিশ্বের দুই মহাতারকা লিওনেল মেসি ও ক্রিশ্চিয়ানো রোনালদোর মধ্যে কে সেরা, তা নির্ধারণ করা প্রায় অসম্ভব। মাঠের প্রতিদ্বন্দ্বিতার বাইরেও এই দুই কিংবদন্তির জীবনযাত্রায় অনেক মিল রয়েছে, যেখানে দুজনেই অত্যন্ত সাধারণ পরিবার থেকে উঠে এসেছেন। ফুটবলকে ভালোবেসে এবং কঠোর পরিশ্রমের মাধ্যমে তারা নিজেদের জীবনের একমাত্র লক্ষ্য হিসেবে এই খেলাটিকে বেছে নিয়েছিলেন।",8.82,0.00,8.82
news-49990577,শেখ হাসিনার বহুল আলোচিত ভারত সফরের শেষে ভারতের বেশ কয়েকটি প্রথম সারির সংবাদ মাধ্যম বিতর্কিত 'এনআরসি' বা জাতীয় নাগরিকপঞ্জীর প্রশ্নে ভারতকে আরও স্বচ্ছতা দেখানোর আহ্বান জানিয়েছে।,"বাংলাদেশের প্রধানমন্ত্রী শেখ হাসিনার দিল্লি সফর নিয়ে ভারতীয় গণমাধ্যমে ব্যাপক বিশ্লেষণ চলছে, যেখানে দ্বিপাক্ষিক চুক্তির চেয়ে এনআরসি (NRC) ইস্যুটিই বেশি গুরুত্ব পেয়েছে। ভারতের প্রভাবশালী পত্রিকাগুলো এনআরসি নিয়ে বাংলাদেশের উদ্বেগকে গুরুত্ব দিয়ে তা দ্রুত সমাধানের পরামর্শ দিয়েছে। এছাড়া, বাংলাদেশের প্রতিরক্ষা ক্ষেত্রে চীনের উপস্থিতিকে বাস্তবতা হিসেবে মেনে নিয়ে ভারতের পররাষ্ট্রনীতি পরিচালনার ওপরও গুরুত্বারোপ করা হয়েছে।",10.13,2.60,10.13
news-46769134,বাংলাদেশের নতুন সংসদে জেনারেল এরশাদের নেতৃত্বাধীন জাতীয় পার্টির বিরোধীদল হিসেবে দায়িত্ব পালনের এবারের সিদ্ধান্ত পরিবর্তন হবে না বলে দলটির নেতারা দাবি করেছেন।,"জাতীয় পার্টি সরকারের সাথে আলোচনার ভিত্তিতে এবার মন্ত্রিসভায় যোগ না দিয়ে সংসদে নির্ভেজাল বিরোধী দলের ভূমিকা পালনের সিদ্ধান্ত নিয়েছে। দলটির চেয়ারম্যান এইচ এম এরশাদ নিজেকে বিরোধী দলীয় নেতা এবং জি এম কাদেরকে উপনেতা হিসেবে মনোনীত করে স্পিকারের কাছে চিঠি পাঠিয়েছেন। তবে অতীতে একই সাথে সরকার ও বিরোধী দলে থাকার কারণে দলটির বিশ্বাসযোগ্যতা নিয়ে বিশ্লেষকদের মধ্যে সংশয় থাকলেও, এবার সরকারের স্বার্থেই এই সিদ্ধান্ত টেকসই হতে পারে বলে ধারণা করা হচ্ছে।",17.58,0.00,8.79
news-48659263,হংকংয়ে একটি বিতর্কিত প্রত্যর্পণ বা বন্দী ফেরত পাঠানোর বিলের বিরুদ্ধে চলা বিশালাকার বিক্ষোভের প্রতিচ্ছবি হয়ে উঠেছেন তিনি।,"হংকংয়ের বিতর্কিত প্রত্যর্পণ বিল বাতিলের দাবিতে আয়োজিত বিক্ষোভে দাঙ্গা পুলিশের সামনে একা ধ্যানমগ্ন হয়ে বসে ‘শিল্ড গার্ল’ নামে পরিচিতি পেয়েছেন ২৬ বছর বয়সী ল্যাম কা লো। বিলটি কেবল স্থগিত নয়, বরং স্থায়ীভাবে বাতিলের দাবিতে তিনি তার শান্তিপূর্ণ প্রতিবাদ চালিয়ে যাওয়ার ঘোষণা দিয়েছেন। তার এই অটল সাহসিকতা সামাজিক যোগাযোগমাধ্যমে ব্যাপক প্রশংসিত হয়েছে এবং হংকংয়ের গণবিক্ষোভের একটি প্রতীকী প্রতিচ্ছবি হয়ে উঠেছে।",13.16,2.70,7.89
news-54337731,বাংলাদেশে করোনাভাইরাসে আক্রান্ত হয়ে গত ২৪ ঘণ্টায় আরো ২৬ জনের মৃত্যু হয়েছে বলে স্বাস্থ্য অধিদপ্তর জানিয়েছে।,"বাংলাদেশে গত ২৪ ঘণ্টায় ১,৪৮৮ জন নতুন করোনা রোগী শনাক্ত এবং ১,৬২৫ জন সুস্থ হয়েছেন, যার ফলে মোট শনাক্তের সংখ্যা ৩ লাখ ৬২ হাজার ৪৩ জনে দাঁড়িয়েছে। একই সময়ে ভাইরাসটিতে আক্রান্ত হয়ে আরও মৃত্যু হওয়ায় দেশে মোট মৃতের সংখ্যা দাঁড়িয়েছে ৫ হাজার ২১৯ জনে। স্বাস্থ্য অধিদপ্তরের তথ্য অনুযায়ী, এখন পর্যন্ত মোট ১৯ লাখ ৩৪ হাজার ২৫১টি নমুনা পরীক্ষা করা হয়েছে এবং সুস্থতার হার ক্রমান্বয়ে বাড়ছে।",14.46,2.47,12.05
news-42855963,পৃথিবীর সবচেয়ে ধনী টি২০ ক্রিকেট টুর্নামেন্ট ইন্ডিয়ান প্রিমিয়ার লিগ বা আইপিএলের খেলোয়াড় কেনার দু'দিনব্যাপি নিলাম রোববারে শেষ হয়েছে।,"আইপিএল নিলামে নামকরা তারকাদের পাশাপাশি প্রায় অপরিচিত তরুণ ক্রিকেটারদের চড়া মূল্যে দলভুক্ত করা এবারের আসরের অন্যতম বড় চমক। বিশেষ করে নেপালের ১৭ বছর বয়সী লেগ স্পিনার সন্দ্বীপ লামিচানেকে দিল্লি ডেয়ারডেভিলসের দলে নেওয়া ক্রিকেট বিশ্বে ব্যাপক আলোচনার জন্ম দিয়েছে। ক্রিকেট বিশ্লেষকদের মতে, রশিদ খান ও সন্দ্বীপ লামিচানের মতো উদীয়মান খেলোয়াড়দের আইপিএলে সুযোগ পাওয়া এবারের নিলামের সবচেয়ে উল্লেখযোগ্য ঘটনা।",2.63,0.00,2.63
news-54446037,বাংলাদেশে ২০২০ সালের এইচএসসি ও সমমানের পরীক্ষা অনুষ্ঠিত হবে না বলে জানিয়েছেন শিক্ষামন্ত্রী দীপু মনি।,করোনাভাইরাস সংক্রমণের ঝুঁকি এড়াতে এ বছর সরাসরি এইচএসসি পরীক্ষা না নিয়ে ভিন্ন পদ্ধতিতে মূল্যায়নের সিদ্ধান্ত নিয়েছে সরকার। শিক্ষার্থীদের জেএসসি ও এসএসসির ফলাফলের গড় ভিত্তিতে এইচএসসির চূড়ান্ত ফলাফল নির্ধারণ করা হবে। এই মূল্যায়ন প্রক্রিয়া ও ফলাফল সংক্রান্ত যাবতীয় বিষয় নির্ধারণের জন্য একটি বিশেষজ্ঞ কমিটি গঠন করা হয়েছে।,16.39,0.00,9.84
news-43860687,"যুক্তরাজ্যে যে ব্যক্তি সবচেয়ে খারাপ ধরণের 'সুপার গনোরিয়ায়' আক্রান্ত হয়েছিলেন, তিনি অবশেষে সুস্থ হয়েছেন।","**সারসংক্ষেপ:** দক্ষিণ-পূর্ব এশিয়ায় ভ্রমণের সময় এক ব্যক্তি বিশ্বের প্রথম অ্যান্টিবায়োটিক প্রতিরোধী 'সুপার গনোরিয়া'য় আক্রান্ত হন, যা প্রচলিত চিকিৎসায় সারেনি। পরবর্তীতে বিশেষ অ্যান্টিবায়োটিক প্রয়োগে তিনি সুস্থ হলেও, এই ঘটনাটি বিশ্বজুড়ে জনস্বাস্থ্যের জন্য বড় সতর্কবার্তা হিসেবে দেখা হচ্ছে। চিকিৎসকরা আশঙ্কা করছেন, ভবিষ্যতে এই ধরনের ওষুধ প্রতিরোধী ব্যাকটেরিয়ার সংক্রমণ আরও ছড়িয়ে পড়তে পারে।",15.15,0.00,15.15
news-49047324,"বাংলাদেশের বরগুনায় চাঞ্চল্যকর রিফাত শরীফ হত্যা মামলায় গ্রেফতার আয়েশা সিদ্দিকা মিন্নির বাবা বলেছেন, পুলিশের তদন্তে তিনি আস্থা রাখতে পারছেন না।","রিফাত শরীফ হত্যা মামলার প্রধান সাক্ষী ও তার স্ত্রী আয়েশা সিদ্দিকা মিন্নিকে পুলিশ গ্রেফতার করে রিমান্ডে নিলে তার পরিবার একে উদ্দেশ্যমূলক ও রাজনৈতিক প্রভাবান্বিত বলে অভিযোগ তোলে। রিমান্ডের মেয়াদ শেষ হওয়ার আগেই মিন্নি আদালতে স্বীকারোক্তিমূলক জবানবন্দি দিয়েছেন বলে পুলিশ দাবি করেছে। তবে জবানবন্দিতে মিন্নি কী বলেছেন, সে বিষয়ে পুলিশ বিস্তারিত কোনো তথ্য প্রকাশ করেনি।",18.92,8.33,16.22
news-56021000,মিয়ানমারের সেনা অভ্যুত্থানের নেতাদের উপর নিষেধাজ্ঞা আরোপের নির্বাহী আদেশকে অনুমোদন দিয়েছেন মার্কিন প্রেসিডেন্ট জো বাইডেন।,মিয়ানমারে সেনা অভ্যুত্থান ও গণতান্ত্রিক নেতাদের আটকের প্রতিবাদে লাখো মানুষ রাজপথে বিক্ষোভ অব্যাহত রেখেছে। এই পরিস্থিতিতে বিক্ষোভকারীদের ওপর সহিংসতার নিন্দা জানিয়ে মার্কিন প্রেসিডেন্ট জো বাইডেন জান্তা সরকারের ওপর কঠোর নিষেধাজ্ঞা আরোপ করেছেন। নতুন এই নিষেধাজ্ঞার আওতায় সামরিক নেতাদের সম্পদ জব্দসহ যুক্তরাষ্ট্রে গচ্ছিত মিয়ানমার সরকারের এক বিলিয়ন ডলারের তহবিল ব্যবহারের পথ বন্ধ করে দেওয়া হয়েছে।,20.29,8.96,17.39
news-55465016,যারা করোনাভাইরাসের টিকা নিতে অনিচ্ছা প্রকাশ করছে স্পেন তাদের নাম নিবন্ধন করছে।,"স্পেনে করোনা টিকা বাধ্যতামূলক না হলেও যারা টিকা নিতে অস্বীকৃতি জানাবেন, তাদের একটি তালিকা তৈরি করে ইউরোপীয় ইউনিয়নের সদস্য দেশগুলোর সাথে শেয়ার করা হবে। স্বাস্থ্যমন্ত্রী সালভাদর ইলা জানিয়েছেন, এই তালিকা গোপনীয় রাখা হবে এবং এটি জনসম্মুখে প্রকাশ করা হবে না। টিকা নিতে অনাগ্রহী নাগরিকদের বিভ্রান্তি দূর করে তাদের সচেতন করার ওপর সরকার জোর দিচ্ছে।",15.15,3.12,15.15
news-38944781,"বাংলাদেশের পদ্মা সেতু নির্মাণে যে দুর্নীতির অভিযোগ নিয়ে বিগত বছরগুলোতে অনেক বিতর্ক হয়েছে, ক্যানাডার একটি আদালত সেই দুর্নীতির অভিযোগে দায়ের করা এক মামলা খারিজ করে দিয়েছে।","পদ্মা সেতু প্রকল্পে দুর্নীতির অভিযোগে ক্যানাডার এসএনসি-লাভালিন কোম্পানির বিরুদ্ধে দায়ের করা মামলাটি দীর্ঘ বিচারিক প্রক্রিয়া শেষে ভিত্তিহীন প্রমাণিত হওয়ায় আদালত তা খারিজ করে দিয়েছেন। বিশ্বব্যাংকের অভিযোগের ভিত্তিতে শুরু হওয়া এই মামলাকে আদালত অনুমাননির্ভর ও গুজব বলে অভিহিত করে অভিযুক্ত কর্মকর্তাদের অব্যাহতি দিয়েছেন। এই রায়ের মাধ্যমে পদ্মা সেতু নিয়ে দীর্ঘদিনের বিতর্কিত দুর্নীতির অভিযোগ যে একটি ষড়যন্ত্র ছিল, তা প্রমাণিত হলো।",30.23,9.52,16.28
news-45521907,"বিশ্বে প্রতিবছর যত নারী আত্মহত্যা করেন, তার প্রতি দশজনের মধ্যে চারজনই ভারতীয় নারী।","ল্যান্সেটের সাম্প্রতিক সমীক্ষা অনুযায়ী, বিশ্বে আত্মহত্যাকারী নারীদের মধ্যে ভারতীয় নারীদের হার ১৯৯০ সালের ২৫% থেকে বেড়ে ২০১৬ সালে ৩৬.৬%-এ দাঁড়িয়েছে। বিশ্লেষকদের মতে, ভারতের সামাজিক পরিকাঠামোর ধীরগতির উন্নয়ন এবং পুরুষতান্ত্রিক সমাজে নারীদের ওপর ব্যাপক মানসিক চাপই এই উচ্চ আত্মহত্যার হারের প্রধান কারণ। সমীক্ষায় আরও দেখা গেছে, ভারতে আত্মহত্যাকারী নারীদের ৭১ শতাংশেরও বেশির বয়স ১৫ থেকে ৪০ বছরের মধ্যে।",5.56,0.00,5.56
news-39385439,১৯৭১ সালের ২৫শে মার্চ রাতে ঢাকায় পাকিস্তানি সেনাবাহিনীর অপারেশন সার্চ লাইট নামে পরিচালিত অভিযানে প্রায় ৫০ হাজার বাঙালিকে হত্যা করা হয়েছিল বলে দাবি করে বাংলাদেশ।,"বাংলাদেশ সরকার ১৯৭১ সালের ২৫শে মার্চকে রাষ্ট্রীয়ভাবে 'গণহত্যা দিবস' হিসেবে স্বীকৃতি দিয়ে পালন শুরু করেছে। দীর্ঘদিনের দাবির প্রেক্ষিতে গৃহীত এই সিদ্ধান্তের মাধ্যমে বাংলাদেশ এখন দিবসটির আন্তর্জাতিক স্বীকৃতির জন্য কূটনৈতিক প্রচেষ্টা চালাচ্ছে। আন্তর্জাতিকভাবে স্বীকৃতির ক্ষেত্রে সরকারি উদ্যোগের অভাব ছিল প্রধান বাধা, যা কাটিয়ে উঠতে এখন কার্যকর পদক্ষেপ গ্রহণ করা হচ্ছে।",13.51,5.56,10.81
news-50470765,বাংলাদেশে শহর এলাকায় রাস্তাঘাটে নারীদের জন্য টয়লেটের ব্যবস্থা খুবই অপ্রতুল। কোন কোন জায়গায় টয়লেট থাকলেও বেশির ভাগ সময় সেগুলো একেবারেই ব্যবহারের অনুপযোগী।,"গণপরিবহন বা বাইরে পর্যাপ্ত টয়লেট সুবিধা না থাকায় অনেক নারী দীর্ঘক্ষণ প্রস্রাব চেপে রাখেন, যা তাদের স্বাস্থ্যের জন্য মারাত্মক ঝুঁকিপূর্ণ। চিকিৎসকদের মতে, দীর্ঘসময় প্রস্রাব চেপে রাখলে মূত্রনালির সংক্রমণ (ইউটিআই) এবং কিডনিতে পাথরসহ প্রজনন স্বাস্থ্যের ওপর নেতিবাচক প্রভাব পড়তে পারে। তাই সুস্থ থাকতে প্রস্রাব চেপে রাখার অভ্যাস পরিহার করে পর্যাপ্ত পানি পান করা এবং সময়মতো টয়লেট ব্যবহারের পরামর্শ দেওয়া হয়েছে।",7.41,0.00,7.41
news-52901281,ভারতের দক্ষিণাঞ্চলের রাজ্য কেরালাতে একটি অন্তঃসত্ত্বা হাতির মৃত্যুর ঘটনায় তীব্র সমালোচনা তৈরি হয়েছে। ধারণা করা হচ্ছে আনারসের ভেতরে বিস্ফোরক ভরে হাতিটিকে খাইয়ে দেয়া হয়েছিল।,কেরালার সাইলেন্ট ভ্যালি ন্যাশনাল পার্কে বিস্ফোরক ভর্তি আনারস খেয়ে গুরুতর আহত একটি গর্ভবতী হাতি তিনদিন যন্ত্রণায় নদীতে দাঁড়িয়ে থেকে মৃত্যুবরণ করে। হাতিটির চোয়াল ও শুঁড় মারাত্মকভাবে ক্ষতিগ্রস্ত হলেও সে কোনো মানুষকে আক্রমণ না করে শান্তভাবে গ্রাম ত্যাগ করেছিল। এই অমানবিক ঘটনায় দেশজুড়ে তীব্র ক্ষোভ ও প্রতিবাদের সৃষ্টি হয়েছে এবং বন বিভাগ ঘটনার তদন্ত শুরু করেছে।,7.59,0.00,5.06
news-51772994,"বাংলাদেশের কর্মকর্তারা দাবি করেছেন, করোনাভাইরাস নিয়ে বিশ্বব্যাপী আতংকের মুখে বাংলাদেশে সরকারি হাসপাতালগুলোতে ১০ হাজার শয্যার ব্যবস্থা করাসহ প্রতিরোধ এবং চিকিৎসার পর্যাপ্ত ব্যবস্থা নেয়া হচ্ছে।",বাংলাদেশে এখন পর্যন্ত কেউ করোনাভাইরাসে আক্রান্ত না হলেও সরকার দেশজুড়ে যথাযথ প্রতিরোধ ও চিকিৎসার প্রস্তুতি গ্রহণ করেছে। সরকারি হাসপাতালগুলোতে আইসোলেশন ইউনিটসহ প্রায় ১০ হাজার শয্যার ব্যবস্থা করা হচ্ছে এবং আক্রান্তদের জন্য নির্দিষ্ট হাসপাতাল প্রস্তুত রাখা হয়েছে। তবে জেলা ও উপজেলা পর্যায়ে আধুনিক চিকিৎসার সক্ষমতা নিয়ে বিশেষজ্ঞদের মধ্যে কিছুটা সংশয় রয়েছে।,29.73,11.11,24.32
news-44707448,"বিশ্বকাপের শুরু থেকেই আলোচনায় ছিলেন তিন সুপারস্টার- লিওনেল মেসি, ক্রিশ্চিয়ানো রোনাল্ডো আর নেইমার।","মেক্সিকোর বিপক্ষে দুর্দান্ত পারফরম্যান্স করে ব্রাজিলকে কোয়ার্টার ফাইনালে তুললেও নেইমারের মাঠের 'অতি অভিনয়' নিয়ে বিশ্বজুড়ে ব্যাপক সমালোচনা চলছে। মেক্সিকান কোচসহ সমালোচকরা তার আচরণকে ফুটবলের জন্য লজ্জাজনক বলে অভিহিত করেছেন। তবে এসব সমালোচনাকে পাত্তা না দিয়ে নেইমার পাল্টা জবাবে বলেছেন, তিনি ফাউলের শিকার হয়েছিলেন এবং মাঠের পারফরম্যান্স দিয়েই সমালোচকদের মুখ বন্ধ করে দিয়েছেন।",3.08,0.00,3.08
news-43821614,১০ জন ক্রিকেটারকে বাংলাদেশ ক্রিকেট বোর্ডের স্থায়ী চুক্তিতে রাখায় বিস্ময় প্রকাশ করেছেন বাংলাদেশের ক্রিকেট সংশ্লিষ্টরা।,"বাংলাদেশ ক্রিকেট বোর্ড (বিসিবি) নতুন কেন্দ্রীয় চুক্তিতে ১৩ জন ক্রিকেটারকে অন্তর্ভুক্ত করেছে, যেখানে তাসকিন ও সৌম্যসহ ছয়জন বাদ পড়েছেন। বাদ পড়া ক্রিকেটারদের পাশে থাকার আশ্বাস দিয়েছেন ওয়ানডে অধিনায়ক মাশরাফি বিন মর্তুজা। এছাড়া, বিসিবি প্রথম শ্রেণির ক্রিকেটারদের বেতন বাড়ানোর বিষয়েও ইতিবাচক সিদ্ধান্ত নিয়েছে।",17.54,7.27,10.53
news-56911044,"বাংলাদেশে ঢাকায় একটি বেসরকারি হাসপাতালে চিকিৎসাধীন বিএনপি চেয়ারপার্সন খালেদা জিয়া করোনাভাইরাস থেকে ভালভাবেই সেরে উঠছেন বলে তাঁর চিকিৎসকরা জানিয়েছেন। তবে চিকিৎসকরা বলেছেন, আর্থরাইটিস, ডায়াবেটিস সহ পুরনো সব জটিলে রোগের টেস্টের জন্য কয়েকদিন তাকে হাসপাতালে থাকতে হবে।","করোনাভাইরাসে আক্রান্ত বিএনপি চেয়ারপার্সন খালেদা জিয়ার সর্বশেষ সিটি স্ক্যান রিপোর্টে ফুসফুসে কোনো সংক্রমণ পাওয়া যায়নি, যা তাঁর সুস্থতার ইঙ্গিত দিচ্ছে। বর্তমানে তিনি করোনামুক্ত হয়ে হাসপাতালের কেবিনে চিকিৎসাধীন থাকলেও তাঁর পুরনো শারীরিক জটিলতাগুলোর জন্য প্রয়োজনীয় পরীক্ষা-নিরীক্ষা করা হচ্ছে। মেডিকেল টিমের সিদ্ধান্ত অনুযায়ী সব পরীক্ষা শেষে তাঁর বাসায় ফেরার বিষয়ে চূড়ান্ত সিদ্ধান্ত নেওয়া হবে।",20.22,4.60,15.73
news-46890413,ব্রিটেনে পার্লামেন্টে বহুল আলোচিত ব্রেক্সিট ইস্যুতে শোচনীয় পরাজয় বরণ করেছেন প্রধানমন্ত্রী টেরিজা মে। ভোটাভুটিতে অংশ নেয়া নিয়ে আলোচনায় এসেছেন টিউলিপ সিদ্দিক।,ব্রেক্সিট ইস্যুতে গুরুত্বপূর্ণ ভোট দিতে সন্তান প্রসবের অস্ত্রোপচারের তারিখ পিছিয়ে হুইল চেয়ারে করে ব্রিটিশ পার্লামেন্টে উপস্থিত হয়ে আলোচনায় এসেছেন বাংলাদেশী বংশোদ্ভূত এমপি টিউলিপ সিদ্দিক। যুক্তরাজ্যে প্রক্সি ভোটের নিয়ম না থাকায় এবং 'পেয়ারিং' পদ্ধতিতে অনাস্থা প্রকাশ করায় তিনি ব্যক্তিগতভাবে উপস্থিত হয়ে ভোট দেওয়ার সিদ্ধান্ত নেন। তার এই সাহসী ও ব্যতিক্রমী পদক্ষেপটি ব্রিটিশ রাজনীতিতে নতুন বিতর্কের জন্ম দিয়েছে।,15.58,5.33,12.99
news-51648836,বাংলাদেশে সকল পাবলিক বিশ্ববিদ্যালয়গুলোতে কেন্দ্রীয় ভর্তি পরীক্ষার সিদ্ধান্ত শেষ পর্যন্ত বাতিল করেছে বিশ্ববিদ্যালয় মঞ্জুরি কমিশন। তবে এখন এক ধরনের 'গুচ্ছ' পদ্ধতির পরীক্ষার কথা বলছে কমিশন। এক সংবাদ সম্মেলনে আজ এই সিদ্ধান্ত ঘোষণা করা হয়েছে। 'গুচ্ছ' পরীক্ষার পদ্ধতি কেমন হবে?,"দেশের ৪৬টি পাবলিক বিশ্ববিদ্যালয়ে ভর্তি পরীক্ষার ভোগান্তি কমাতে কেন্দ্রীয় পদ্ধতির পরিবর্তে চারটি গুচ্ছে পরীক্ষা নেওয়ার সিদ্ধান্ত নিয়েছে বিশ্ববিদ্যালয় মঞ্জুরি কমিশন (ইউজিসি)। বিজ্ঞান, প্রযুক্তি, কৃষি, প্রকৌশল ও সাধারণ—এই চার গুচ্ছের অধীনে সংশ্লিষ্ট বিশ্ববিদ্যালয়গুলোই প্রশ্নপত্র প্রণয়ন ও পরীক্ষার স্থান নির্ধারণসহ যাবতীয় কার্যক্রম পরিচালনা করবে। ভর্তি পরীক্ষার পূর্ণাঙ্গ রূপরেখা ও বিস্তারিত প্রক্রিয়া মার্চের মাঝামাঝি সময়ের মধ্যে চূড়ান্ত করা হবে।",25.00,4.26,18.75
news-47908412,ইসরায়েলের একটি মহাকাশযান চাঁদে 'অবতরণ' করার আগেই দৃশ্যত: ইঞ্জিনের ত্রুটির জন্য চাঁদের মাটিতে আছড়ে পড়ে বিধ্বস্ত হয়েছে।,ইসরায়েলের বেসরকারি উদ্যোগে পরিচালিত প্রথম চন্দ্রাভিযান 'বেয়ারশিট' চাঁদে সফলভাবে অবতরণ করতে ব্যর্থ হলেও এটি ছিল দেশটির একটি ঐতিহাসিক ও সাহসী প্রচেষ্টা। মাত্র ১০ কোটি ডলার ব্যয়ে নির্মিত এই মহাকাশযানটির মূল লক্ষ্য ছিল চাঁদের ছবি তোলা ও বৈজ্ঞানিক পরীক্ষা-নিরীক্ষা চালানো। মিশনটি সফল না হলেও ইসরায়েল এই অর্জন নিয়ে গর্বিত এবং ভবিষ্যতে পুনরায় চন্দ্রাভিযানের আশাবাদ ব্যক্ত করেছে।,13.70,0.00,10.96
news-56211985,কারাগারে থাকা অবস্থায় লেখক মুশতাক আহমেদের মৃত্যুর ঘটনায় শোক ও গভীর উদ্বেগ প্রকাশ করেছেন ও ই সি ডি ভুক্ত ১৩টি দেশের ঢাকাস্থ রাষ্ট্রদূতরা।,"ডিজিটাল নিরাপত্তা আইনে কারাবন্দী লেখক মুশতাক আহমেদের মৃত্যুতে গভীর উদ্বেগ প্রকাশ করে যুক্তরাষ্ট্রসহ ১৩টি দেশের রাষ্ট্রদূত ও হিউম্যান রাইটস ওয়াচ ঘটনার দ্রুত, স্বচ্ছ ও স্বাধীন তদন্তের দাবি জানিয়েছে। সরকারের বিরুদ্ধে গুজব ছড়ানোর অভিযোগে গত বছরের মে মাসে গ্রেপ্তার হওয়া মুশতাক আহমেদ বৃহস্পতিবার কাশিমপুর কারাগারে অসুস্থ হয়ে মারা যান। এ ঘটনার প্রতিবাদে ঢাকা বিশ্ববিদ্যালয়ে বামপন্থী ছাত্র সংগঠনগুলো বিক্ষোভ করেছে এবং সরকারও বিষয়টি তদন্তের আশ্বাস দিয়েছে।",25.29,11.76,18.39
news-54433318,হেপাটাইটিস সি ভাইরাস শনাক্ত এবং নিরাময় কৌশল আবিষ্কারের জন্য এই বছর চিকিৎসা শাস্ত্রে নোবেল পুরস্কার পেয়েছেন তিন বিজ্ঞানী যুক্তরাষ্ট্রের হার্ভি জে অল্টার ও চার্লস এম রাইস এবং ব্রিটিশ বিজ্ঞানী মাইকেল হগটন।,"বিশ্বজুড়ে সাত কোটিরও বেশি মানুষ হেপাটাইটিস সি ভাইরাসে আক্রান্ত, যার কোনো টিকা না থাকলেও প্রাথমিক পর্যায়ে শনাক্ত হলে ওষুধের মাধ্যমে এটি নিরাময় সম্ভব। বাংলাদেশে প্রায় ১৬ লাখ মানুষ এই রোগে আক্রান্ত হলেও লক্ষণ প্রকাশ না পাওয়ায় সঠিক সময়ে রোগ নির্ণয় করা কঠিন হয়ে পড়ে। সময়মতো চিকিৎসা না নিলে এই ভাইরাস লিভার সিরোসিস ও ক্যান্সারের মতো প্রাণঘাতী রোগের কারণ হয়ে দাঁড়ায়।",15.38,2.25,13.19
news-48581148,ভারতের কাশ্মীরে এক চাঞ্চল্যকর শিশু ধর্ষণ এবং হত্যার মামলায় আদালত ছয়জনকে দোষী সাব্যস্ত করেছে।,২০১৮ সালে ভারতের কাঠুয়ায় আট বছরের এক মুসলিম শিশুকে ধর্ষণ ও হত্যার ঘটনায় দেশজুড়ে ব্যাপক ক্ষোভ ও প্রতিবাদের সৃষ্টি হয়। গুজ্জার উপজাতিকে এলাকাছাড়া করার উদ্দেশ্যে পরিকল্পিত এই নৃশংস ঘটনায় জড়িত আটজন অভিযুক্তের বিরুদ্ধে বিচার প্রক্রিয়া সম্পন্ন হয়। এই মামলার প্রেক্ষিতে ভারতে ১২ বছরের কম বয়সী শিশু ধর্ষণের অপরাধে মৃত্যুদণ্ডের বিধান রেখে নতুন আইন প্রণয়ন করা হয়েছে।,14.29,0.00,11.43
news-43685828,"অস্ট্রেলিয়া থেকে কাতার,কুয়েত ও সংযুক্ত আরব আমিরাতে নেয়া হচ্ছিলো হাজার হাজার ভেড়া।","অস্ট্রেলিয়া থেকে মধ্যপ্রাচ্যে পাঠানোর পথে প্রচণ্ড গরমে ও গাদাগাদি করে রাখার কারণে প্রায় দুই হাজার চারশো ভেড়া মারা গেছে। এই অমানবিক ঘটনায় তীব্র ক্ষোভ প্রকাশ করে অস্ট্রেলিয়া সরকার প্রাণী কল্যাণ নিশ্চিত করতে ব্যর্থ হলে ভবিষ্যতে জাহাজীকরণ বন্ধের হুমকি দিয়েছে। এছাড়া, পরিস্থিতির উন্নতি না হওয়া পর্যন্ত কর্তৃপক্ষ পরবর্তী ৬৫ হাজার ভেড়ার শিপমেন্ট আটকে দেওয়ার সিদ্ধান্ত নিয়েছে।",14.71,3.03,14.71
news-44105301,সম্প্রতি দেশের বিভিন্ন স্থান থেকে সাপ উদ্ধারের ঘটনা সবাইকে নতুন করে ভাবিয়ে তুলেছে।,বর্ষাকালে আবাসস্থল ডুবে যাওয়ায় এবং খাদ্যের সন্ধানে সাপ লোকালয়ে চলে আসায় সম্প্রতি দেশের বিভিন্ন স্থানে বিপুল সংখ্যক সাপের বাচ্চা উদ্ধারের ঘটনা ঘটছে। স্থানীয়রা আতঙ্কিত হয়ে নির্বিচারে সাপগুলো মেরে ফেললেও বিশেষজ্ঞরা একে জীববৈচিত্র্যের জন্য হুমকি হিসেবে দেখছেন। সাপ নিধন বন্ধ না করলে ইঁদুরের উপদ্রব বেড়ে ফসলের ক্ষতি হওয়ার পাশাপাশি চিকিৎসা গবেষণায় সাপের বিষের মতো মূল্যবান উপাদানের উৎসও হারিয়ে যাবে।,16.90,8.70,14.08
news-47118317,"বাংলাদেশ সৌদি আরবের সাথে এমন একটি সামরিক সহযোগিতা চুক্তি করতে চলেছে, যার ফলে প্রায় দু'হাজার বাংলাদেশী সৈন্য ইয়েমেন সীমান্তে মোতায়েন করা হবে।","সৌদি আরবের সাথে বাংলাদেশের একটি প্রতিরক্ষা চুক্তি স্বাক্ষরিত হতে যাচ্ছে, যার আওতায় বাংলাদেশ সেনাবাহিনীর প্রায় ১,৮০০ সৈন্য সেখানে মোতায়েন করা হবে। আগামী ১৪ই ফেব্রুয়ারি রিয়াদে এই চুক্তিটি আনুষ্ঠানিকভাবে স্বাক্ষরিত হবে বলে জানিয়েছেন সেনাপ্রধান জেনারেল আজিজ আহমেদ। এর আগে সৌদি নেতৃত্বাধীন সামরিক জোটে বাংলাদেশের অংশগ্রহণ নিয়ে অস্পষ্টতা থাকলেও, এই চুক্তির মাধ্যমে বিষয়টি এখন আনুষ্ঠানিক রূপ পাচ্ছে।",27.85,7.79,22.78
news-49040555,ইন্টারন্যাশনাল ক্রিকেট কাউন্সিল বা আইসিসিতে জিম্বাবুয়ের সদস্যপদ স্থগিত করা হয়েছে।,ক্রিকেট বোর্ডে সরকারি রাজনৈতিক হস্তক্ষেপের কারণে জিম্বাবুয়ে ক্রিকেটের সদস্যপদ স্থগিত করেছে আইসিসি। এই সিদ্ধান্তের ফলে জিম্বাবুয়ে আপাতত আইসিসির কোনো টুর্নামেন্টে অংশ নিতে পারবে না এবং তাদের আর্থিক সহায়তাও বন্ধ করে দেওয়া হয়েছে। আগামী অক্টোবরে আইসিসি পরিস্থিতি পর্যালোচনা করে পরবর্তী সিদ্ধান্ত গ্রহণ করবে।,15.38,4.00,15.38
news-46186802,মানবাধিকার বিষয়ক আন্তর্জাতিক সংগঠন অ্যামনেস্টি ইন্টারন্যাশনাল মিয়ানমারের নেত্রী অং সান সু চি'কে দেওয়া তাদের সর্বোচ্চ সম্মাননা প্রত্যাহার করে নিয়েছে।,"মিয়ানমারের রাখাইন রাজ্যে রোহিঙ্গা জনগোষ্ঠীর ওপর সেনাবাহিনীর নৃশংসতা ও মানবাধিকার লঙ্ঘনের ঘটনায় নীরবতা পালন করায় অং সান সু চির 'বিবেকের দূত' খেতাব প্রত্যাহার করে নিয়েছে অ্যামনেস্টি ইন্টারন্যাশনাল। এর আগেও কানাডা, ব্রিটেনসহ বিশ্বের বিভিন্ন সংস্থা ও শহর সু চির দেওয়া সম্মাননা ও নাগরিকত্ব বাতিল করেছে। গণতন্ত্র ও মানবাধিকারের পক্ষে লড়াইয়ের জন্য ২০০৯ সালে তাকে এই সম্মাননা দেওয়া হলেও, বর্তমান পরিস্থিতিতে তার নৈতিক অবস্থান থেকে বিচ্যুতিকে সংস্থাটি লজ্জাজনক বলে অভিহিত করেছে।",22.47,9.20,13.48
news-50064441,"মাত্র এক সপ্তাহেই পাল্টে গেছে সিরিয়ার যুদ্ধের চিত্র। এই সাত দিনে প্রেসিডেন্ট ডোনাল্ড ট্রাম্প তার স্বঘোষিত ""মহান এবং অতুলনীয় জ্ঞানের"" মাধ্যমে সিরিয়ার উত্তরাঞ্চল থেকে মার্কিন সেনা প্রত্যাহারের নির্দেশ দিয়েছেন।","সিরিয়া থেকে মার্কিন সেনা প্রত্যাহারের সিদ্ধান্ত তুরস্ককে দেশটিতে সামরিক অভিযানের সুযোগ করে দিয়েছে, যা কুর্দি বাহিনীর সাথে সিরীয় সরকারের নতুন চুক্তির পথ প্রশস্ত করেছে। দীর্ঘস্থায়ী এই যুদ্ধে বিদেশি শক্তির ক্রমাগত হস্তক্ষেপ ও ভূ-রাজনৈতিক প্রতিযোগিতার ফলে সিরিয়ার সাধারণ মানুষ চরম ভোগান্তির শিকার হচ্ছে। মূলত ট্রাম্পের বিতর্কিত এই সিদ্ধান্তের ফলে মধ্যপ্রাচ্যের ক্ষমতার ভারসাম্যে নতুন অস্থিরতা ও অনিশ্চয়তা তৈরি হয়েছে।",13.79,7.06,9.20
news-54637809,সারা বিশ্বের সোশাল মিডিয়া থেকে এক লক্ষেরও বেশি নারীর ছবি সংগ্রহ করে সেগুলো দিয়ে ভুয়া নগ্ন ছবি তৈরি করা হচ্ছে এবং অনলাইনে তা শেয়ার করা হচ্ছে বলে এক রিপোর্টে জানা যাচ্ছে।,আর্টিফিশিয়াল ইন্টেলিজেন্স বা এআই প্রযুক্তি ব্যবহার করে এক লক্ষেরও বেশি নারীর ছবি থেকে পোশাক সরিয়ে সেগুলোকে নগ্ন ছবিতে রূপান্তর করা হচ্ছে। টেলিগ্রাম অ্যাপে থাকা বিশেষ 'ডিপফেক বট' ব্যবহার করে খুব সহজেই সাধারণ নারীদের ছবিকে পর্নোগ্রাফিক কনটেন্টে পরিণত করা হচ্ছে। প্রযুক্তির এই অপব্যবহারের ফলে সাধারণ নারীদের ব্যক্তিগত নিরাপত্তা ও গোপনীয়তা চরম ঝুঁকির মুখে পড়েছে।,28.57,14.63,23.81
news-43720356,"২০১৪ সালে লন্ডনের মাইল এন্ডে নিজের অফিস কক্ষে বসে কাজ করার সময় একটি ইমেইল পান ইতিহাসবিদ কিম ওয়াগনার, যেখানে এক দম্পতি লিখেছেন যে তাদের কাছে কংকালের মাথার খুলি আছে। কিন্তু সেটি তারা বাড়িতে রাখতে চান না আর বুঝতেও পারছেন না তাদের কী করা উচিত।","১৮৫৭ সালের সিপাহী বিদ্রোহের অন্যতম নেতা হাবিলদার আলম বেগের মাথার খুলিটি বর্তমানে সংরক্ষিত রয়েছে, যার সঙ্গে থাকা একটি নোটে তার পরিচয় ও কর্মকাণ্ডের বিবরণ পাওয়া যায়। ব্রিটিশদের বিরুদ্ধে বিদ্রোহের সময় একাধিক ইউরোপীয়কে হত্যার দায়ে ১৮৫৮ সালে পাঞ্জাবে কামানের মুখে বেঁধে তার মৃত্যুদণ্ড কার্যকর করা হয়। ক্যাপ্টেন এআর কোস্টেলো এই খুলিটি সংগ্রহ করে ইংল্যান্ডে নিয়ে যান, তবে আলম বেগের এমন নৃশংস হত্যাকাণ্ডের পেছনের সুনির্দিষ্ট কারণ সম্পর্কে কোনো তথ্য পাওয়া যায়নি।",7.08,0.00,3.54
news-47108359,যুক্তরাষ্ট্রের একটি বিশ্ববিদ্যালয়ে ভর্তির জন্যে বিজ্ঞাপন দেওয়া হলো। অন্যান্য বিশ্ববিদ্যালয়ের মতোই সাধারণ একটি বিজ্ঞাপন। সেসব বিজ্ঞাপনে যা থাকে এই বিজ্ঞাপনেও আছে একই জিনিস।,"যুক্তরাষ্ট্রের হোমল্যান্ড সিকিউরিটি বিভাগ অবৈধ অভিবাসন চক্র ধরতে মিশিগানে 'ইউনিভার্সিটি অফ ফার্মিংটন' নামে একটি নিখুঁত ভুয়া বিশ্ববিদ্যালয় তৈরি করে। এই প্রতারণামূলক ফাঁদে পা দিয়ে ভর্তি হওয়ার অপরাধে ১৩০ জন শিক্ষার্থীকে গ্রেফতার করা হয়েছে, যার মধ্যে ১২৯ জনই ভারতীয়। এই ঘটনায় ভারতীয় শিক্ষার্থীরা প্রতারণার শিকার হয়েছে দাবি করে ভারত সরকার এর তীব্র প্রতিবাদ জানিয়েছে।",7.89,0.00,7.89
news-47169630,গত কয়েকমাস ধরে আফ্রিকার দেশ বুরুন্ডির অনেক লেসবিয়ান বা সমকামী তরুণীর সঙ্গে কথা বলেছে বিবিসি।,"যেসব দেশে সমকামিতা নিষিদ্ধ, সেখানে সমকামী নারীরা নিজেদের পরিচয় গোপন রাখতে বিভিন্ন সাংকেতিক চিহ্ন ব্যবহার করেন। প্রতিবেদনে নীল অপরাজিতা ফুলকে এমন একটি প্রতীক হিসেবে উল্লেখ করা হয়েছে, যা ঐতিহাসিকভাবে সমকামী নারীদের সম্পর্কের পরিচায়ক। নেলা নামক একজন নারী তার ব্যক্তিগত জীবনের অভিজ্ঞতার মাধ্যমে তুলে ধরেছেন কীভাবে তিনি লোকচক্ষুর আড়ালে নিজের সমকামী সম্পর্কের আনন্দ ও স্বাধীনতা উপভোগ করছেন।",2.82,0.00,2.82
news-43608669,সবচেয়ে কম বয়সে নোবেল বিজয়ী মালালা ইউসুফজাই পাকিস্তানের সোয়াতে নিজ বাড়িতে ফেরার পর প্রতিটি মুহুর্তে তাঁকে আবেগ তাড়া করছে।,"২০১২ সালে তালেবানের হামলার শিকার হওয়ার প্রায় সাড়ে পাঁচ বছর পর মালালা ইউসুফজাই কঠোর নিরাপত্তায় সপরিবারে নিজ জন্মভূমি পাকিস্তানে ফিরেছেন। দেশে ফিরে তিনি নারী শিক্ষা ও অধিকার নিয়ে নিজের আবেগঘন স্বপ্নের কথা তুলে ধরেন এবং প্রধানমন্ত্রীর বাসভবনে আয়োজিত অনুষ্ঠানে বক্তব্য রাখেন। মালালার এই প্রত্যাবর্তনকে পাকিস্তানের অধিকাংশ মানুষ স্বাগত জানালেও, কিছু মহলে তার বিরুদ্ধে বিক্ষোভও দেখা গেছে।",13.33,2.74,8.00
news-49932948,ভারতের ত্রিপুরা রাজ্যের ক্ষমতাসীন বিজেপি সরকার আগরতলা এবং ঢাকার মধ্যে সরাসরি ফ্লাইট চেয়েছে যদিও এই দুই শহরের দূরত্ব মাত্র ১৩০ কিলোমিটার।,"ত্রিপুরার মুখ্যমন্ত্রী বিপ্লব দেব দিল্লিতে বাংলাদেশের প্রধানমন্ত্রী শেখ হাসিনার সাথে সাক্ষাৎ করে আগরতলা ও ঢাকার মধ্যে সরাসরি বিমান যোগাযোগ চালুর প্রস্তাব দিয়েছেন। এই প্রস্তাবে প্রধানমন্ত্রী শেখ হাসিনা ইতিবাচক সাড়া দিয়েছেন বলে জানা গেছে। এর আগে আগরতলা বিমানবন্দরের রানওয়ে সম্প্রসারণের জন্য বাংলাদেশের ভূখণ্ড ব্যবহারের গুঞ্জন উঠলেও, বাংলাদেশ সরকার তা নাকচ করে দিয়ে কেবল রানওয়েতে লাইট বসানোর বিষয়টি নিশ্চিত করেছিল।",15.19,5.19,12.66
news-55784492,"নেদারল্যান্ডসের পুলিশ দাবি করছে যে তারা এক ব্যক্তিকে আটক করেছেন, যিনি বিশ্বের সবচেয়ে বড় মাদক পাচারকারী দলগুলোর একটির প্রধান।",এশিয়ার বৃহত্তম মাদক সিন্ডিকেট 'দ্য কোম্পানি'-র প্রধান সে চি লপকে আমস্টারডামের শিপোল বিমানবন্দর থেকে গ্রেফতার করেছে পুলিশ। অস্ট্রেলিয়ার পুলিশের দীর্ঘ ১০ বছরের নজরদারির পর আন্তর্জাতিক প্রচেষ্টায় তাকে আটক করা হয় এবং এখন তাকে প্রত্যর্পণের প্রক্রিয়া চলছে। মেক্সিকান মাদক সম্রাট 'এল চাপো'-র সাথে তুলনীয় এই ব্যক্তি এশিয়ার মাদক ব্যবসার প্রায় ৭০ শতাংশ নিয়ন্ত্রণ করতেন বলে ধারণা করা হয়।,10.26,0.00,7.69
news-47704274,তৎকালীন পূর্ব পাকিস্তানে তখন তুমুল অসহযোগ আন্দোলন চলছিলো ১৯৭০ সালের নির্বাচনে জয়ী আওয়ামী লীগ নেতা শেখ মুজিবুর রহমানের ডাকে।,১৯৭১ সালের মার্চ মাসে উত্তাল রাজনৈতিক পরিস্থিতির মধ্যে ২৫শে মার্চ রাতে পাকিস্তানি বাহিনী ঢাকায় সামরিক অভিযান শুরু করে। ২৬শে মার্চের প্রথম প্রহরে আটকের পূর্বেই বঙ্গবন্ধু শেখ মুজিবুর রহমান বাংলাদেশের স্বাধীনতা ঘোষণা করেন। পরবর্তীতে ১০ই এপ্রিল মুজিবনগর সরকার কর্তৃক আনুষ্ঠানিকভাবে এই স্বাধীনতার ঘোষণাপত্র গৃহীত ও প্রচারিত হয়।,9.23,3.17,9.23
news-50892935,"ইরাকে ইসলামিক স্টেট যে আবার নতুন করে সংগঠিত হচ্ছে, তার জোরালো ইঙ্গিত পাওয়া যাচ্ছে।","ইরাকে পরাজয়ের দুই বছর পর ইসলামিক স্টেট (আইএস) পুনরায় সংগঠিত হয়ে শক্তিশালী বিদ্রোহী গোষ্ঠী হিসেবে আত্মপ্রকাশ করছে। কুর্দি গোয়েন্দা কর্মকর্তাদের মতে, বর্তমানে প্রায় ১০ হাজার সদস্য নিয়ে আইএস আল-কায়েদার চেয়েও বেশি বিপজ্জনক ও সুসংগঠিত হয়ে উঠেছে। তারা এখন কোনো এলাকা দখলের পরিবর্তে আন্ডারগ্রাউন্ডে থেকে চোরাগোপ্তা হামলার কৌশল অবলম্বন করছে, যা ইরাকের নিরাপত্তা পরিস্থিতির জন্য বড় হুমকি হয়ে দাঁড়িয়েছে।",10.96,2.82,10.96
news-47480237,"কিংবদন্তী গায়ক মাইকেল জ্যাকসনের বিরুদ্ধে যৌন হয়রানির যে অভিযোগ তোলা হয়েছে, তাকে 'চূড়ান্ত রকমের বিশ্বাসঘাতকতা' বলে উল্লেখ করেছেন তাঁর ভাইয়ের ছেলে তাজ জ্যাকসন।","'লিভিং নেভারল্যান্ড' নামক তথ্যচিত্রে ওয়েড রবসন ও জেমস সেফচাক মাইকেল জ্যাকসনের বিরুদ্ধে শৈশবে যৌন নিপীড়নের গুরুতর অভিযোগ তুলেছেন। এই অভিযোগগুলোকে ভিত্তিহীন ও বেদনাদায়ক বলে অভিহিত করে জ্যাকসনের ভাতিজা তাজ জ্যাকসন দাবি করেছেন যে, সময়ের সাথে সাথে প্রকৃত সত্য বেরিয়ে আসবে। তাজ আরও বলেন, এই বিতর্কিত অভিযোগগুলো সাময়িক এবং তা কিংবদন্তি এই শিল্পীর দীর্ঘমেয়াদী ভাবমূর্তিতে কোনো প্রভাব ফেলবে না।",24.69,7.59,19.75
news-44672333,"উরুগুয়ে কোচ অস্কার তাবারেজ বলেছেন, পর্তুগালের বিপক্ষে ম্যাচে এডিনসন কাভানির খুঁড়িয়ে মাঠ ছাড়ার দৃশ্য তাঁকে ""দুশ্চিন্তায় ফেলেছে""।","পর্তুগালের বিপক্ষে জোড়া গোল করে উরুগুয়ের কোয়ার্টার ফাইনাল নিশ্চিত করার ম্যাচে উরুর চোটে মাঠ ছাড়েন এডিনসন কাভানি। চোটের তীব্রতা সম্পর্কে এখনো নিশ্চিত হওয়া না গেলেও, দ্রুত সুস্থ হয়ে ফ্রান্সের বিপক্ষে পরবর্তী ম্যাচে খেলার আশা প্রকাশ করেছেন এই তারকা ফরোয়ার্ড। তবে হাতে সময় খুব কম থাকায় কাভানির খেলা নিয়ে দলের কোচ তাবারেজ কিছুটা দুশ্চিন্তায় রয়েছেন।",22.54,2.90,14.08
news-54969744,বাংলাদেশের জাতীয় দলের ক্রিকেটার সাকিব আল হাসানকে হত্যার হুমকি দেয়ার অভিযোগে এক ব্যক্তিকে গ্রেপ্তার করেছে র‍্যাব।,কলকাতায় কালী পূজার অনুষ্ঠানে অংশগ্রহণকে কেন্দ্র করে সামাজিক যোগাযোগ মাধ্যমে সাকিব আল হাসানকে রামদা উঁচিয়ে হত্যার হুমকি দেন মহসিন তালুকদার নামের এক ব্যক্তি। এ ঘটনায় দায়ের করা মামলার প্রেক্ষিতে সোমবার রাতে অভিযান চালিয়েও তাকে পাওয়া যায়নি। অবশেষে মঙ্গলবার বেলা এগারটার দিকে সুনামগঞ্জ থেকে র‍্যাব তাকে আটক করেছে।,27.69,12.70,24.62
news-51976913,"“আপনি ঘর থেকে বেরিয়ে যান, দরোজা বন্ধ রাখুন। এবং কিছুক্ষণের মধ্যে জীবাণুনাশকের কাজ শুরু হবে।“ ইংরেজিতে এই কথাগুলো বলছে একটা রোবট।",করোনাভাইরাস মহামারির প্রেক্ষাপটে হাসপাতাল থেকে ক্ষতিকারক জীবাণু ধ্বংস করতে ইউভি-সি রশ্মিযুক্ত রোবটের চাহিদা বিশ্বজুড়ে বহুগুণ বৃদ্ধি পেয়েছে। এই রোবটগুলো অতিবেগুনি রশ্মি ব্যবহার করে মাত্র ১০ থেকে ২০ মিনিটের মধ্যে কোনো কক্ষের ভাইরাস ও ব্যাকটেরিয়ার ডিএনএ ধ্বংস করতে সক্ষম। মানুষের জন্য ক্ষতিকর হওয়ায় রোবটটি পরিচালনার সময় ঘরে মানুষের উপস্থিতি নিষিদ্ধ রাখা হয় এবং বর্তমানে এর ব্যাপক চাহিদার কারণে উৎপাদন তিনগুণ বাড়ানো হয়েছে।,9.64,0.00,4.82
news-50218667,সব ধরনের ক্রিকেট থেকে বাংলাদেশের অধিনায়ক সাকিব আল হাসানকে দুই বছরের জন্য নিষিদ্ধ করেছে আন্তর্জাতিক ক্রিকেট কাউন্সিল আইসিসি।,আইসিসির দুর্নীতিবিরোধী নিয়ম লঙ্ঘনের তিনটি অভিযোগ স্বীকার করে নেওয়ায় সাকিব আল হাসানকে সব ধরণের ক্রিকেট থেকে দুই বছরের জন্য নিষিদ্ধ করা হয়েছে। এই নিষেধাজ্ঞার মধ্যে এক বছর স্থগিত থাকায় আগামী ২৯ অক্টোবর ২০২০ পর্যন্ত তিনি সব ধরণের ক্রিকেটীয় কার্যক্রম থেকে দূরে থাকবেন। ম্যাচ ফিক্সিংয়ের প্রস্তাব গোপন করার দায়ে আইসিসি এই শাস্তিমূলক ব্যবস্থা গ্রহণ করেছে।,33.33,17.14,22.22
news-50077403,১৯৭৯ সালে পাকিস্তানী বিজ্ঞানী আবদুস সালাম পদার্থবিদ্যায় নোবেল জিতেছিলেন।,"পদার্থবিজ্ঞানে অসামান্য অবদানের স্বীকৃতিস্বরূপ নোবেলজয়ী প্রথম পাকিস্তানি বিজ্ঞানী অধ্যাপক আবদুস সালামের জীবন ও কর্ম নিয়ে নেটফ্লিক্স একটি তথ্যচিত্র নির্মাণ করছে। নোবেল জয়ের ৪০ বছর পেরিয়ে গেলেও নিজ দেশে ধর্মীয় পরিচয়ের কারণে তিনি যথাযথ স্বীকৃতি পাননি, যা এই তথ্যচিত্রে উঠে এসেছে। তথ্যচিত্রটিতে তার বৈজ্ঞানিক মেধা, গভীর ধর্মীয় বিশ্বাস এবং প্রতিকূলতা পেরিয়ে বিশ্বজয়ের সংগ্রামের গল্প তুলে ধরা হয়েছে।",9.23,0.00,9.23
news-45950895,"তুরস্কের প্রেসিডেন্ট রেচেপ তায়েপ এরদোয়ান বলেছেন, তার কাছে জোরালো প্রমাণ রয়েছে যে ইস্তাম্বুলের সৌদি কনস্যুলেটের ভেতর সৌদি সাংবাদিক জামাল খাসোগজির মৃত্যু কোন দুর্ঘটনা নয়, বরং এক পরিকল্পিত অপারেশনের মাধ্যমেই তাকে নৃশংসভাবে হত্যা করা হয়েছে।","তুরস্কের প্রেসিডেন্ট রিসেপ তাইয়্যেপ এরদোয়ান জামাল খাসোগজি হত্যাকাণ্ডকে একটি পূর্বপরিকল্পিত ও নৃশংস ঘটনা হিসেবে অভিহিত করেছেন। তিনি সৌদি আরবের কাছে খাসোগজির মৃতদেহের অবস্থান এবং হত্যাকাণ্ডের নির্দেশদাতাদের নাম প্রকাশের দাবি জানিয়েছেন। সেই সাথে, অভিযুক্ত ১৮ জন সৌদি নাগরিককে ইস্তাম্বুলে এনে বিচারের মুখোমুখি করার জন্য তিনি আহ্বান জানিয়েছেন।",20.00,2.56,12.50
news-50572600,ভারত সফরে এসে ভিসা শেষ হয়ে যাওয়ায় জরিমানা দিতে হয়েছে বাংলাদেশ ক্রিকেট দলের সদস্য সাইফ হাসানকে।,ভিসার মেয়াদ শেষ হয়ে যাওয়ায় বাংলাদেশি ক্রিকেটার সাইফ হাসান ভারতে আটকা পড়েছিলেন। পরবর্তীতে কলকাতার বাংলাদেশ উপদূতাবাসের সহায়তায় প্রয়োজনীয় জরিমানা পরিশোধ ও এক্সিট পার্মিট পাওয়ার পর তিনি আজ বুধবার ঢাকার উদ্দেশ্যে রওনা হচ্ছেন। মূলত আগের করা ভিসার মেয়াদ শেষ হওয়ার বিষয়টি নজর এড়িয়ে যাওয়ায় এই অনাকাঙ্ক্ষিত পরিস্থিতির সৃষ্টি হয়েছিল।,12.50,0.00,6.25
news-48101482,"সোমবার রাতে ঢাকার গুলিস্তানে ককটেল বিস্ফোরণে তিন পুলিশের আহত হওয়ার ঘটনাটি কথিত ইসলামিক স্টেট গ্রুপ ঘটিয়েছে, নাকি এর পেছনে অন্য কেউ জড়িত রয়েছে -তা তদন্ত করে দেখা হচ্ছে বলে জানিয়েছে পুলিশ।","সোমবার রাতে গুলিস্তানে কর্তব্যরত তিন পুলিশ সদস্যের ওপর একটি শক্তিশালী বিস্ফোরক হামলা চালানো হয়। এই হামলার দায় স্বীকার করেছে জঙ্গিগোষ্ঠী ইসলামিক স্টেট (আইএস), যা পুলিশ গুরুত্বের সাথে খতিয়ে দেখছে। পুলিশ কমিশনার জানিয়েছেন, এটি সাধারণ কোনো ককটেল ছিল না এবং জড়িতদের দ্রুত আইনের আওতায় আনা হবে।",21.05,5.41,18.42
news-50194129,"ভারতের উত্তরপূর্বাঞ্চলীয় রাজ্য আসামে আবার এক ব্যক্তি বন্দীশিবিরে মারা গেছেন, যাকে বিদেশী বলে ঘোষণা করা হয়েছিল।","আসামের ডিটেনশন সেন্টারে মারা যাওয়া ফালু দাসকে ট্রাইব্যুনাল 'বাংলাদেশী' ঘোষণা করায় তার পরিবার মরদেহ গ্রহণ করতে অস্বীকার করেছে। পরিবারের দাবি, যতক্ষণ না তাদের ভারতীয় নাগরিক হিসেবে স্বীকৃতি দেওয়া হচ্ছে এবং এনআরসিতে নাম অন্তর্ভুক্ত করা হচ্ছে, ততক্ষণ তারা মরদেহ নেবেন না। তারা প্রশাসনের কাছে মৃতদেহটি বাংলাদেশে পাঠানোর দাবি জানিয়ে নিজেদের ভারতীয় নাগরিকত্বের সপক্ষে প্রয়োজনীয় নথি থাকার কথা পুনর্ব্যক্ত করেছেন।",8.11,0.00,8.11
news-45856488,প্রায় চল্লিশ বছর বন্ধ থাকার পর নতুন করে যাত্রা শুরু করতে যাচ্ছে লেবাননের এককালের বিলাসবহুল গ্র্যান্ড সোফার হোটেল।,লেবাননের একসময়ের বিলাসবহুল ও আভিজাত্যের প্রতীক 'দ্যা গ্র্যান্ড লেবানিজ হোটেল অফ সোফার' গৃহযুদ্ধের কারণে দীর্ঘকাল পরিত্যক্ত অবস্থায় পড়ে আছে। সম্প্রতি একটি প্রদর্শনীর আয়োজনকে কেন্দ্র করে হোটেলটিতে ফিরে আসা প্রবীণ দর্শনার্থীরা তাদের পুরনো স্মৃতি ও আবেগ নিয়ে নতুন করে স্মৃতিচারণ করছেন। ধ্বংসস্তূপে পরিণত হওয়া এই হোটেলটি এখন মানুষের ব্যক্তিগত ও ঐতিহাসিক স্মৃতির এক জীবন্ত সংগ্রহশালায় রূপ নিয়েছে।,18.92,2.78,10.81
news-48759400,"জাতীয় পতাকা, জাতীয় সঙ্গীত, জাতীয় প্রতীক, জাতীয় পোশাক প্রায় সব দেশেরই থাকে। অনেক দেশের জাতীয় ফুল, জাতীয় পশু, জাতীয় ক্রীড়াও থাকে।",কংগ্রেস নেতা অধীর রঞ্জন চৌধুরী লোকসভায় উইং কমান্ডার অভিনন্দন বর্তমানের গোঁফকে 'জাতীয় গোঁফ' হিসেবে স্বীকৃতি দেওয়ার দাবি তুলেছেন। এই অদ্ভুত প্রস্তাবের পর সামাজিক যোগাযোগ মাধ্যমে ব্যাপক হাস্যরস ও সমালোচনার সৃষ্টি হয়েছে। নেটিজেনরা এই দাবির প্রেক্ষিতে কংগ্রেসকে নিয়ে নানা ব্যঙ্গাত্মক পোস্ট ও মিম শেয়ার করছেন।,3.08,0.00,3.08
news-51769925,মধ্যপ্রাচ্যের বিভিন্ন দেশে করোনাভাইরাস বা কোভিড নাইনটিন সংক্রমণ ক্রমশ:ই আরো বেশি করে ছড়িয়ে পড়ছে। ভাইরাসে আক্রান্ত মানুষের সংখ্যা বেড়ে যাওয়ায় মধ্যপ্রাচ্যের কিছু শহরে জুম্মার নামাজ বাতিল করা হয়েছে।,"করোনাভাইরাসের সংক্রমণ রোধে মধ্যপ্রাচ্যের বিভিন্ন দেশে ধর্মীয় জমায়েত বাতিল, ওমরাহ হজ স্থগিত এবং স্কুল-কলেজসহ জনসমাগমস্থল বন্ধের মতো কঠোর সতর্কতামূলক পদক্ষেপ নেওয়া হয়েছে। ইরান থেকে ভাইরাসটি ছড়িয়ে পড়ার আশঙ্কায় সৌদি আরব, ইরাকসহ এই অঞ্চলের দেশগুলোতে স্বাস্থ্যবিধি ও বিধিনিষেধ জোরদার করা হয়েছে। মিশরেও নতুন করে আক্রান্তের খবর পাওয়া গেছে, যার ফলে পুরো মধ্যপ্রাচ্যজুড়ে করোনা পরিস্থিতি মোকাবিলায় ব্যাপক সতর্কতা অবলম্বন করা হচ্ছে।",15.73,4.60,11.24
news-45468700,"ঢাকার কয়েকটি প্রধান সড়কে হিউম্যান হলার বা লেগুনা চলাচল ছিল স্বাভাবিক চিত্র, কারণ বাসের বিকল্প হিসেবে অনেকে এই লেগুনায় চড়েন।","১. ঢাকার রাস্তায় শৃঙ্খলা ফেরানোর লক্ষ্যে ডিএমপি রাজধানীর প্রধান সড়কগুলোতে লেগুনা চলাচল নিষিদ্ধ ঘোষণা করেছে। ২. এই সিদ্ধান্তের ফলে বিকল্প যাতায়াত ব্যবস্থা না থাকায় সাধারণ যাত্রীরা চরম ভোগান্তির শিকার হচ্ছেন বলে অভিযোগ উঠেছে। ৩. লেগুনার রুট পারমিট ও বৈধতা নিয়ে বিতর্ক থাকলেও, বিকল্প ব্যবস্থা ছাড়া এমন সিদ্ধান্তে জনমনে মিশ্র প্রতিক্রিয়ার সৃষ্টি হয়েছে।",16.67,2.86,13.89
160825_bangladesh_fire_accident_why_risky_country,"(এই প্রতিবেদনটি দেখতে পাবেন আজ চ্যানেল আই টেলিভিশনে ‘বিবিসি প্রবাহ’ অনুষ্ঠানে, রাত ৯টা ৩৫ মিনিটে।)",সম্প্রতি বাংলাদেশে শপিং মল ও পোশাক কারখানাসহ বিভিন্ন স্থানে অগ্নিকাণ্ডের ঘটনা উদ্বেগজনক হারে বৃদ্ধি পেয়েছে। অগ্নিনির্বাপণে প্রয়োজনীয় সরঞ্জাম ও প্রশিক্ষিত জনবলের অভাব এবং সচেতনতার ঘাটতিকে এসব দুর্ঘটনার প্রধান কারণ হিসেবে চিহ্নিত করা হয়েছে। প্রাণহানি এড়াতে প্রতিটি প্রতিষ্ঠানে নিজস্ব অগ্নিনির্বাপক দল গঠন এবং নিয়মিত রক্ষণাবেক্ষণ নিশ্চিত করা জরুরি।,0.00,0.00,0.00
news-47169634,বিএনপির চেয়ারপারসন খালেদা জিয়া তার রাজনৈতিক জীবনে কখনো এত দীর্ঘসময় ধরে কারাভোগ করেন নি।,"দুর্নীতির মামলায় সাজাপ্রাপ্ত হয়ে বিএনপি চেয়ারপারসন খালেদা জিয়া এক বছর ধরে কারাগারে বন্দি রয়েছেন। তার মুক্তি দাবিতে দলটি আইনি ও রাজনৈতিক কর্মসূচি পালন করলেও এখন পর্যন্ত কোনো সফলতা পায়নি। শুক্রবার আয়োজিত প্রতিবাদ সভায় বিএনপির নেতারা অভিযোগ করেন যে, দেশে আইনের শাসন না থাকায় রাজনৈতিক প্রতিহিংসার শিকার হয়েই খালেদা জিয়া কারাবন্দি রয়েছেন।",18.46,0.00,12.31
news-50698797,ভারতে গণ-ধর্ষণে অভিযুক্ত চারজন পুরুষ পুলিশের সাথে 'এনকাউন্টারে' নিহত হওয়ার পর সারা দেশে লোকজন উল্লাস প্রকাশ করেছে।,হায়দ্রাবাদে পশু চিকিৎসককে ধর্ষণ ও হত্যার চার অভিযুক্ত পুলিশের এনকাউন্টারে নিহত হওয়ার পর সাধারণ মানুষ আনন্দ মিছিল ও মিষ্টি বিতরণের মাধ্যমে উল্লাস প্রকাশ করেছে। ভারতের বিচার ব্যবস্থার দীর্ঘসূত্রতা ও মামলার জট দেখে হতাশ জনগণ এই 'তাৎক্ষণিক বিচার'কে ন্যায়বিচারের প্রতিফলন হিসেবে দেখছেন। বিচার ব্যবস্থার প্রতি মানুষের ক্রমবর্ধমান আস্থাহীনতাই মূলত এই ধরনের ঘটনার প্রতি জনসমর্থনের প্রধান কারণ।,24.32,13.89,24.32
news-44629049,রাখাইনে রোহিঙ্গা নিধন নিয়ে আন্তর্জাতিক চাপ সামলাতে অং সান সুচি যে ভূমিকা নিচ্ছেন তা যে মিয়ানমারের সেনাবাহিনী পছন্দ করছে না- এটা এখন একরকম ওপেন সিক্রেট।,রাখাইনে রোহিঙ্গা নির্যাতনের তদন্তে বিদেশি বিশেষজ্ঞ অন্তর্ভুক্ত করার সরকারি সিদ্ধান্তের তীব্র বিরোধিতা করছে মিয়ানমার সেনাবাহিনী। এই ইস্যুতে সেনাপ্রধান মিন অং লেইন অং সান সু চির ওপর অত্যন্ত ক্ষুব্ধ এবং তিনি ক্ষমতা দখলের হুমকিও দিয়েছেন। সংবিধান অনুযায়ী নিরাপত্তা হুমকির অজুহাতে সেনাবাহিনী দেশটির প্রশাসন নিয়ন্ত্রণের অধিকার রাখে বলে ব্যাংকক পোস্টের প্রতিবেদনে উল্লেখ করা হয়েছে।,15.58,5.33,12.99
news-48737147,ওমান উপসাগরে বৃহস্পতিবার তাদের একটি অত্যাধুনিক ড্রোন বিধ্বস্ত করার বদলা হিসাবে যুক্তরাষ্ট্র সরাসরি সামরিক পথ না নিলেও ইরানের বিরুদ্ধে বড় ধরনের সাইবার হামলা শুরু করেছে।,"ওমান উপসাগরে তেলের ট্যাংকারে হামলা ও মার্কিন ড্রোন ভূপাতিত করার প্রতিশোধ হিসেবে ইরানের ক্ষেপণাস্ত্র নিয়ন্ত্রণ ব্যবস্থায় সাইবার হামলা চালিয়েছে যুক্তরাষ্ট্র। মার্কিন সংবাদমাধ্যমের দাবি অনুযায়ী, এই হামলায় ইরানের ইসলামিক রেভলিউশনারি গার্ডের (আইআরজিসি) অস্ত্র ব্যবস্থা সাময়িকভাবে অকেজো হয়ে পড়েছে। পাল্টা পদক্ষেপ হিসেবে ইরানও যুক্তরাষ্ট্রের বিভিন্ন সরকারি ও শিল্প প্রতিষ্ঠানের ওপর সাইবার তৎপরতা জোরদার করেছে বলে মার্কিন নিরাপত্তা সংস্থা সতর্ক করেছে।",21.69,4.94,19.28
news-44796339,আমেরিকায় অবৈধ অভিবাসী পরিবারের সন্তানদের বাবা-মার কাছ থেকে বিচ্ছিন্ন করে দেওয়ার জন্য যেখানে ট্রাম্প প্রশাসনের বিরুদ্ধে দুনিয়া জুড়ে শোরগোল হচ্ছে - সেই একই ধরনের রেওয়াজ ভারত-বাংলাদেশ সীমান্তেও বহু বছর ধরে চলছে বলে অভিযোগ উঠেছে।,"ভারত-বাংলাদেশ সীমান্তে অবৈধ অনুপ্রবেশের দায়ে আটক বাবা-মাকে জেলে পাঠানো হলেও ছয় বছরের বেশি বয়সী সন্তানদের সরকারি বা এনজিও পরিচালিত হোমে পাঠিয়ে দেওয়া হচ্ছে। এই প্রক্রিয়ায় দীর্ঘ সময় ধরে বাবা-মা ও সন্তানের মধ্যে যোগাযোগ বিচ্ছিন্ন হয়ে পড়ায় বিষয়টি চরম অমানবিক হয়ে দাঁড়িয়েছে। মানবাধিকার কর্মী ও গবেষকরা এই ব্যবস্থার সমালোচনা করে বলছেন যে, আইনি জটিলতার কারণে বছরের পর বছর ধরে পরিবারগুলো এমন নিষ্ঠুর পরিস্থিতির শিকার হচ্ছে।",19.61,4.00,13.73
news-40841680,বাংলাদেশের ফরিদপুরের বোয়ালমারী উপজেলায় বিএনপির ছাত্র সংগঠন বাংলাদেশ ছাত্রদলের নেতৃত্ব নির্বাচনের জন্য নেতৃত্ব প্রত্যাশী ছাত্রদের মূত্র পরীক্ষা করতে দেয়া হয়েছে।,বোয়ালমারী উপজেলা ছাত্রদলের পদপ্রত্যাশী আটজন নেতার মাদকাসক্তি যাচাইয়ের জন্য তাদের মূত্র পরীক্ষা (ইউরিন টেস্ট) করিয়েছে স্থানীয় বিএনপি। তরুণ প্রজন্মের মধ্যে মাদকের বিস্তার রোধ এবং ভবিষ্যৎ নেতৃত্বে মাদকমুক্ত ব্যক্তি নিশ্চিত করতেই এই উদ্যোগ নেওয়া হয়েছে। পরীক্ষার ফলাফল পাওয়ার পর পরবর্তী সিদ্ধান্ত নেওয়া হবে বলে জানিয়েছেন উপজেলা বিএনপির সাধারণ সম্পাদক।,17.65,3.03,14.71
news-47315211,"""আমাদের মতামতে কি এসে যায়? কি আর হবে? কয়দিন ফেসবুকে লেখালেখি হবে!!!এইতো।""",চকবাজারের ভয়াবহ অগ্নিকাণ্ডে ৭৮ জনের মৃত্যুর ঘটনায় সাধারণ মানুষের মধ্যে তীব্র ক্ষোভ ও হতাশা বিরাজ করছে। ঘটনার পর তদন্ত কমিটি গঠন ও আর্থিক সহায়তার নামে দায়সারা পদক্ষেপের কারণে অনেকেই সরকারি উদ্যোগের কার্যকারিতা নিয়ে প্রশ্ন তুলেছেন। সংশ্লিষ্ট কর্তৃপক্ষের অবহেলা ও অব্যবস্থাপনাকে এই ধরনের বারবার ঘটা দুর্ঘটনার মূল কারণ হিসেবে দায়ী করছেন ভুক্তভোগী ও সচেতন নাগরিকরা।,0.00,0.00,0.00
news-49540671,যুক্তরাষ্ট্রের রাজ্য টেক্সাসে আবার একটি গণ গুলিবর্ষণের ঘটনায় অন্তত পাঁচজন নিহত আর অনেকে আহত হয়েছে বলে পুলিশ জানিয়েছে।,যুক্তরাষ্ট্রের টেক্সাসে ওডেসা ও মিডল্যান্ড শহরের মধ্যবর্তী এলাকায় এক বন্দুকধারীর এলোপাথাড়ি গুলিবর্ষণে অন্তত পাঁচজন নিহত ও ১৬ জন আহত হয়েছেন। পুলিশের সাথে বন্দুকযুদ্ধে সন্দেহভাজন এক হামলাকারী নিহত হলেও অপর একজনকে ধরতে অভিযান চলছে। হামলার সুনির্দিষ্ট কারণ এখনো জানা যায়নি এবং হতাহতদের মধ্যে পুলিশ কর্মকর্তাও রয়েছেন।,22.22,6.56,22.22
news-45667250,ভারতের সুপ্রিম কোর্ট বৃহস্পতিবার ঘোষণা করেছে যে বিবাহিত কোন নারী বা পুরুষ যদি স্বামী বা স্ত্রী-র বাইরে অন্য কারো সাথে যৌন সম্পর্ক করেন - যাকে বলা হয় পরকীয়া - তা আর সেদেশে ফৌজদারি অপরাধ বলে গণ্য হবে না।,"ভারতের সুপ্রিম কোর্ট ১৫৮ বছরের পুরোনো পরকীয়া সংক্রান্ত আইনটিকে অসাংবিধানিক ঘোষণা করে একে ফৌজদারি অপরাধের তালিকা থেকে বাদ দিয়েছে। আদালত জানিয়েছে, এই আইনটি পিতৃতান্ত্রিক এবং নারীর ওপর পুরুষের মালিকানা প্রতিষ্ঠা করে, যা নারী-পুরুষের সমানাধিকারের পরিপন্থী। তবে পরকীয়া অপরাধ না হলেও এটি বিবাহবিচ্ছেদের একটি বৈধ কারণ হিসেবে গণ্য হতে পারে বলে আদালত উল্লেখ করেছে।",26.37,4.49,17.58
news-53659904,"বিশাল এক বিস্ফোরণ ব্যাপক ধ্বংসযজ্ঞ চালিয়েছে লেবাননের রাজধানী বৈরুতে। বহু মানুষ মারা গেছে, আহত হয়েছে কয়েক হাজারের বেশি।","**সারসংক্ষেপ:** বৈরুতের বন্দরে দীর্ঘ ছয় বছর ধরে মজুত রাখা অত্যন্ত বিপজ্জনক বিস্ফোরক থেকে ভয়াবহ এক বিস্ফোরণের ঘটনা ঘটেছে। এই দুর্ঘটনায় হাজার হাজার মানুষ আহত হয়েছেন এবং বন্দরের নিকটবর্তী অঞ্চলসহ পুরো শহর ধ্বংসস্তূপে পরিণত হয়েছে। কর্মকর্তারা এটিকে পরিকল্পিত কোনো হামলা নয় বরং দুর্ঘটনা হিসেবে উল্লেখ করলেও, বিস্ফোরণের প্রকৃত কারণ এখনো স্পষ্ট নয়।",8.70,0.00,8.70
news-48581152,"মাশরাফী বিন মোত্তর্জা বাংলাদেশের অন্যতম সেরা বোলার, এখনো পর্যন্ত ওয়ানডে ফরম্যাটে বাংলাদেশের সর্বোচ্চ উইকেট শিকারী মাশরাফী।","সাম্প্রতিক বিশ্বকাপে মাশরাফী বিন মোর্ত্তজার ফর্ম ও পারফরম্যান্স নিয়ে প্রশ্ন তুলেছেন ভারতের সাবেক পেসার অজিত আগারকার। দীর্ঘ ক্যারিয়ারে ইনজুরির সঙ্গে লড়াই করা মাশরাফীর বোলিং নিয়ে সমালোচনা থাকলেও, তিনি নিজের পারফরম্যান্স ও অধিনায়কত্ব নিয়ে বেশ আত্মবিশ্বাসী। শেষ ম্যাচে কিছুটা ভালো বোলিং করার পর মাশরাফী জানান, খারাপ ও ভালো সময় খেলারই অংশ এবং তিনি নিজের দায়িত্ব পালনে সচেষ্ট।",8.33,2.86,8.33
news-37517257,নিয়ন্ত্রণ রেখা পেরিয়ে পাকিস্তান শাসিত কাশ্মীরে ভারতীয় সেনাবাহিনীর অভিযানের পর দুই দেশেরই সীমান্তের অনেক জায়গায় সম্ভাব্য হামলার আশঙ্কায় সতর্কতামূলক ব্যবস্থা হিসেবে গ্রামবাসীদের সরিয়ে নেয়া হচ্ছে।,ভারতের নিয়ন্ত্রণরেখায় ‘সার্জিক্যাল স্ট্রাইক’ পরিচালনার পর পাকিস্তান থেকে পাল্টা হামলার আশঙ্কায় পাঞ্জাব ও জম্মু সীমান্তের সীমান্তবর্তী গ্রামগুলো থেকে সাধারণ মানুষকে সরিয়ে নেওয়া হচ্ছে। পাকিস্তান নিয়ন্ত্রিত এলাকা থেকেও একই ধরনের খবর পাওয়া গেছে এবং উভয় সীমান্তে উত্তেজনা বিরাজ করছে। তবে এখন পর্যন্ত কোনো হতাহতের খবর পাওয়া না গেলেও সীমান্তে সতর্কতামূলক টহল ও নিরাপত্তা ব্যবস্থা জোরদার করা হয়েছে।,17.28,0.00,9.88
news-50810708,ভারতে নাগরিকত্ব সংশোধনী বিলের প্রতিবাদে দেশের বিভিন্ন শহরে ছড়িয়ে পড়া সহিংস বিক্ষোভের জন্য পরোক্ষভাবে শুধু মুসলমানদের দায়ী করেছেন প্রধানমন্ত্রী নরেন্দ্র মোদী।,"নাগরিকত্ব সংশোধনী বিলের প্রতিবাদে দেশজুড়ে চলা বিক্ষোভের প্রেক্ষাপটে প্রধানমন্ত্রী নরেন্দ্র মোদী মন্তব্য করেন যে, পোশাক দেখেই আন্দোলনকারীদের পরিচয় চেনা যায়। প্রধানমন্ত্রীর এই বক্তব্যকে বিরোধীরা একটি নির্দিষ্ট ধর্মের প্রতি সাম্প্রদায়িক আক্রমণ হিসেবে অভিহিত করে তীব্র নিন্দা জানিয়েছেন। এই মন্তব্য ঘিরে সোশ্যাল মিডিয়ায় ছড়িয়ে পড়া বিভিন্ন ভিডিও ও তার সত্যতা নিয়ে জনমনে ব্যাপক বিতর্ক ও উত্তেজনার সৃষ্টি হয়েছে।",23.38,13.33,20.78
news-47799023,বাংলাদেশের সংবিধানে চতুর্থ সংশোধনীর মাধ্যমে বহুদলীয় সংসদীয় সরকার পদ্ধতি বিলুপ্ত করে রাষ্ট্রপতি শাসিত সরকার ব্যবস্থা প্রবর্তন করা হয়েছিল ১৯৭৫ সালের ২৪শে জানুয়ারি।,"১৯৭২ সালে বঙ্গবন্ধু শেখ মুজিবুর রহমান প্রবর্তিত বাকশাল ব্যবস্থাটি বাংলাদেশের রাজনৈতিক ইতিহাসে অত্যন্ত বিতর্কিত একটি অধ্যায় হিসেবে বিবেচিত। সমালোচকদের মতে, এটি ছিল একদলীয় শাসন ও রাষ্ট্রীয় নিয়ন্ত্রণের একনায়কতান্ত্রিক কাঠামো, যেখানে ভিন্নমতের কোনো সুযোগ ছিল না। অন্যদিকে, আওয়ামী লীগের দাবি অনুযায়ী, জাতীয় ঐক্য ও সুনির্দিষ্ট উন্নয়ন কর্মসূচি বাস্তবায়নের লক্ষ্যেই সকল দলকে নিয়ে এই ঐকমত্যের প্ল্যাটফর্ম তৈরি করা হয়েছিল।",7.59,2.60,7.59
news-55530159,"বিয়ের আগে একাধিক নারীর সঙ্গে সম্পর্ক রাখা, আবার তা লুকিয়ে রেখে নারীদের সঙ্গে প্রতারণা করেছেন কোন পুরুষ -এমন খবর প্রায়ই শোনা যায়।","ভারতের ছত্তিশগড়ের বস্তার অঞ্চলের চন্দু মৌরিয়া নামক এক যুবক তার দুই প্রেমিকাকে একই দিনে সামাজিক রীতি মেনে বিয়ে করেছেন। দীর্ঘদিনের প্রেমের সম্পর্কের পর দুই প্রেমিকার সম্মতিতেই তিনি এই ব্যতিক্রমী পদক্ষেপ গ্রহণ করেন। চন্দুর পরিবারের উপস্থিতিতে বিয়ে সম্পন্ন হলেও, দ্বিতীয় স্ত্রীর পরিবারের পক্ষ থেকে কেউ অনুষ্ঠানে অংশ নেননি।",2.90,0.00,2.90
news-51124170,১৮৫০ সালেও সামাজিক অগ্রগতির বিষয়টি ছিল পরাহত। এর কয়েক বছর আগে আমেরিকান ক্যাম্পেইনার এলিজাবেথ ক্যাডি স্ট্যানটন নারীদের ভোটাধিকার চেয়ে বিতর্ক তৈরি করেছিলেন।,"১৮৯৯ সালে ব্যর্থ অভিনেতা আইজ্যাক মেরিট সিঙ্গার কাঠের যন্ত্র তৈরির চেষ্টা ব্যর্থ হওয়ার পর সেলাই মেশিনের ত্রুটি সংশোধনে মনোনিবেশ করেন। তিনি এমন একটি কার্যকর সেলাই মেশিন উদ্ভাবন করেন, যা শার্ট সেলাইয়ের সময় ১৪ ঘণ্টা থেকে কমিয়ে মাত্র এক ঘণ্টায় নামিয়ে আনে। ব্যক্তিগত জীবনে বিতর্কিত ও কঠোর স্বভাবের হলেও, সিঙ্গারের এই উদ্ভাবন তৎকালীন গৃহস্থালির কাজে বৈপ্লবিক পরিবর্তন নিয়ে আসে।",0.00,0.00,0.00
39654139,বাংলাদেশে প্রচলিত তিন ধরনের মাদ্রাসা শিক্ষার মধ্যে মসজিদ ভিত্তিক মাদ্রাসাগুলোই মূলত কওমী মাদ্রাসা হিসেবে পরিচিত।,"ভারতের দেওবন্দ মাদ্রাসার আদলে পরিচালিত বাংলাদেশের কওমি মাদ্রাসাগুলোতে মূলত ইসলামি ধর্মীয় শিক্ষার ওপর গুরুত্বারোপ করা হয়। ধর্মীয় বিষয়ের পাশাপাশি এখানে ভাষা, গণিত ও বিজ্ঞানের মতো বিভিন্ন বিষয় পড়ানো হলেও এই শিক্ষা ব্যবস্থা সরকারি তদারকির আওতামুক্ত। সংশ্লিষ্টদের দাবি, উচ্চতর স্তরে কওমি শিক্ষার্থীরা ইসলামি শিক্ষা ও আরবি সাহিত্যে সাধারণ বিশ্ববিদ্যালয়ের শিক্ষার্থীদের চেয়েও অধিক জ্ঞান অর্জন করেন।",5.80,0.00,2.90
news-50680291,বাংলাদেশে 'জ্বীনের বাদশাহ্' পরিচয় দিয়ে প্রতারণা করার দায়ে সিআইডি পুলিশ সম্প্রতি সাত ব্যক্তিকে আটক করেছে।,ভোলার একটি প্রতারক চক্র 'জ্বীনের বাদশাহ্‌' সেজে বিজ্ঞাপন ও ধর্মীয় প্রলোভন দেখিয়ে ঢাকার এক অবসরপ্রাপ্ত কর্মকর্তার কাছ থেকে কৌশলে ২৫ লক্ষ টাকা হাতিয়ে নিয়েছে। দীর্ঘ কয়েক মাস ধরে ভুক্তভোগীর বিশ্বাস অর্জনের পর চক্রটি তার সারা জীবনের সঞ্চয় ও সঞ্চয়পত্র ভাঙানো অর্থ বিভিন্ন মোবাইল ব্যাংকিং অ্যাকাউন্টের মাধ্যমে আত্মসাৎ করে। অবশেষে পুলিশি তৎপরতায় এই প্রতারক চক্রটিকে আটক করা হয়েছে।,8.33,2.86,8.33
news-54060487,বাংলাদেশে নারায়ণগঞ্জের মসজিদে বিস্ফোরণে অনেক মানুষের হতাহতের ঘটনার পর মসজিদ নির্মাণের অনুমোদনের ইস্যুসহ নিরাপত্তা নিয়ে নানা প্রশ্ন উঠেছে।,"নারায়ণগঞ্জের মসজিদে বিস্ফোরণের ঘটনার প্রেক্ষাপটে মসজিদ নির্মাণে স্বচ্ছতা ও আইনি বৈধতার বিষয়টি সামনে এসেছে। ইসলামী চিন্তাবিদদের মতে, ইসলামে মসজিদ নির্মাণের জন্য জমির মালিকানা নিষ্কণ্টক হওয়া এবং যথাযথ মূল্য পরিশোধের মাধ্যমে স্বচ্ছতা বজায় রাখা অপরিহার্য। তবে বাংলাদেশে মসজিদ নির্মাণ ও নিরাপত্তার বিষয়টি তদারকির জন্য সরকারের কোনো সুনির্দিষ্ট নীতিমালা বা প্রাতিষ্ঠানিক কাঠামো নেই।",17.39,5.97,14.49
news-44985270,রাজশাহী জেলা মহিলা আওয়ামী লীগের সভাপতি মর্জিনা পারভীন। ৩০ বছর ধরে রাজনীতি করছেন তিনি।,"সিলেট, রাজশাহী ও বরিশাল সিটি কর্পোরেশন নির্বাচনে মেয়র পদে নারীদের অংশগ্রহণ অত্যন্ত নগণ্য এবং প্রধান রাজনৈতিক দলগুলো থেকেও তারা মনোনয়ন বঞ্চিত। পুরুষতান্ত্রিক মানসিকতা ও সুযোগের অভাবকে নারীদের এই রাজনৈতিক অনগ্রসরতার মূল কারণ হিসেবে চিহ্নিত করেছেন ভুক্তভোগী নারী নেত্রীরা। তবে প্রতিকূলতা সত্ত্বেও কিছু নারী স্বতন্ত্র প্রার্থী হিসেবে নির্বাচনে অংশ নিচ্ছেন, যাতে ভবিষ্যতে অন্য নারীরা রাজনীতিতে আসার সাহস পান।",2.82,0.00,2.82
news-43820876,ক্যামব্রিজ অ্যানালিটিকা ও ফেসবুকের সাম্প্রতিক কেলেঙ্কারি প্রকাশিত হওয়ার পর অনলাইনে মানুষের তথ্য নিরাপত্তার ঝুঁকির বিষয়টি উঠে আসায় বিস্মিত হয়েছে পুরো বিশ্ব।,১. ডিজিটাল প্রযুক্তি মানুষের রাজনৈতিক মতাদর্শকে প্রভাবিত করলেও এটি গণতন্ত্র ও আধুনিক প্রযুক্তির মধ্যকার গভীর সংকটের একটি ক্ষুদ্র অংশ মাত্র। ২. প্রযুক্তি গণতন্ত্রকে শক্তিশালী করার সুযোগ দিলেও এর সুদূরপ্রসারী ঝুঁকিগুলো সম্পর্কে আমরা এখনো যথেষ্ট সচেতন নই। ৩. পুরোনো গণতান্ত্রিক কাঠামোর সাথে নতুন ও দ্রুত পরিবর্তনশীল ডিজিটাল প্রযুক্তির সামঞ্জস্যহীনতাই বর্তমান সময়ের প্রধান চ্যালেঞ্জ।,5.48,0.00,2.74
news-43881871,বিশ্ববিদ্যালয় পর্যায়ের অর্থনীতির ছাত্ররা 'বাংলাদেশ প্যারাডক্স' কথাটার সঙ্গে পরিচিত। বিশ্বের অনেক অর্থনীতিবিদ এর আগে এই ধাঁধাঁর উত্তর খোঁজার চেষ্টা করেছেন।,বিশ্বখ্যাত অর্থনীতিবিদ কৌশিক বসু তাঁর সাম্প্রতিক নিবন্ধে বাংলাদেশকে এশিয়ার অন্যতম চমকপ্রদ ও অপ্রত্যাশিত সাফল্যের কাহিনী হিসেবে অভিহিত করেছেন। একসময়ের দারিদ্র্যপীড়িত দেশটি বর্তমানে অর্থনৈতিক প্রবৃদ্ধিতে পাকিস্তান ও ভারতকে ছাড়িয়ে যাওয়ার পথে রয়েছে। নারীর ক্ষমতায়ন এবং গার্মেন্টস শিল্পের প্রসারকে বাংলাদেশের এই অভাবনীয় অগ্রগতির প্রধান চালিকাশক্তি হিসেবে চিহ্নিত করেছেন তিনি।,8.96,0.00,8.96
news-56330015,মিয়ানমারে সোমবার একটি অ্যাপার্টমেন্ট ব্লকে আটকে পড়া বিক্ষোভকারীদের ছেড়ে দেয়ার জন্য সামরিক বাহিনীর প্রতি আহবান জানিয়েছে জাতিসংঘ।,মিয়ানমারের ইয়াঙ্গুনে শান্তিপূর্ণ বিক্ষোভে অংশ নেওয়া প্রায় দুই শতাধিক বিক্ষোভকারীকে নিরাপত্তা বাহিনী চারদিক থেকে ঘিরে ফেললে তারা একটি ভবনে আটকা পড়ে। এই পরিস্থিতিতে জাতিসংঘ মহাসচিব বিক্ষোভকারীদের কোনো প্রকার সহিংসতা বা গ্রেপ্তার ছাড়াই নিরাপদে চলে যাওয়ার সুযোগ দেওয়ার আহ্বান জানিয়েছেন। পহেলা ফেব্রুয়ারিতে সেনা অভ্যুত্থানের পর থেকে দেশটিতে চলমান বিক্ষোভে এ পর্যন্ত অন্তত ৫৪ জন নিহত হয়েছে।,8.33,0.00,5.56
news-45166150,"বিজ্ঞানীদের মতে সমুদ্রে অন্তত ১,০০০ মাইল (১,৬০০ কিলোমিটার) বহন করার পর অবশেষে মৃত নবজাতককে বহন করা বন্ধ করলো তিমি।","কানাডার ভ্যাঙ্কুভার উপকূলে মৃত শাবককে টানা ১৭ দিন বহন করার পর মা তিমি জে৩৫ অবশেষে তার শোকের যাত্রা শেষ করেছে। দীর্ঘ সময় মৃত সন্তান বয়ে বেড়ানোর এই ঘটনাটি বিজ্ঞানীদের দৃষ্টি আকর্ষণ করলেও, শাবকটির মৃত্যুর সঠিক কারণ এখনো অজানা। বিলুপ্তপ্রায় প্রজাতির এই তিমিটির এমন আচরণ মূলত তাদের প্রধান খাদ্য চিনুক স্যামন মাছের সংকট ও পরিবেশগত বিপর্যয়ের প্রতি ইঙ্গিত দেয়।",17.72,5.19,12.66
news-52578683,ব্রিটেনের জাতীয় পরিসংখ্যান দপ্তরের নতুন প্রকাশ করা রিপোর্ট বলছে কৃষ্ণাঙ্গ নারী পুরুষের করোনাভাইরাসে মৃত্যুর ঝুঁকি শ্বেতাঙ্গদের তুলনায় দ্বিগুণ।,"নতুন পরিসংখ্যান অনুযায়ী, শ্বেতাঙ্গদের তুলনায় কৃষ্ণাঙ্গ, বাংলাদেশি ও পাকিস্তানি বংশোদ্ভূতদের মধ্যে করোনাভাইরাসে মৃত্যুর ঝুঁকি উল্লেখযোগ্যভাবে বেশি। সামাজিক বৈষম্য, জনাকীর্ণ আবাসন এবং উচ্চ ঝুঁকিপূর্ণ পেশায় নিয়োজিত থাকাকে এই পরিস্থিতির সম্ভাব্য কারণ হিসেবে চিহ্নিত করা হয়েছে। তবে এই উচ্চ ঝুঁকির প্রকৃত কারণগুলো পুরোপুরি নিশ্চিত হতে আরও গভীর গবেষণার প্রয়োজন বলে বিশেষজ্ঞরা মত দিয়েছেন।",23.19,5.97,14.49
news-43863014,"ব্রিটেনের স্বাস্থ্যমন্ত্রী জেরেমি হান্ট জানিয়েছেন শিশুদের সুরক্ষা নিয়ে ""চোখ বুজে"" থাকলে চলবে না বলে হুঁশিয়ারি জানিয়ে ফেসবুক সহ অন্যান্য কিছু সোশ্যাল মিডিয়া কোম্পানিকে চিঠি লিখেছেন তিনি।","অনলাইনে শিশুদের নিরাপত্তা নিশ্চিত করতে এবং কমবয়সীদের অ্যাকাউন্ট খোলা বন্ধে ফেসবুক, গুগল ও টুইটারসহ বিভিন্ন সোশ্যাল মিডিয়া কোম্পানিকে কঠোর কর্মপরিকল্পনা জমা দেওয়ার নির্দেশ দিয়েছেন ব্রিটিশ মন্ত্রী জেরেমি হান্ট। নির্ধারিত সময়ের মধ্যে এসব কোম্পানি কার্যকর পদক্ষেপ নিতে ব্যর্থ হলে কঠোর আইন প্রণয়নের হুমকি দেওয়া হয়েছে। তবে শিশু অধিকারকর্মীরা মনে করেন, কেবল চিঠির মাধ্যমে নয়, বরং আইন প্রয়োগের মাধ্যমেই এসব কোম্পানিকে বাধ্য করা সম্ভব।",13.64,2.33,9.09
news-48409941,ভারতের নির্বাচনে শোচনীয় পরাজয়ের সব দায় নিজের কাঁধে নিয়ে কংগ্রেস সভাপতি রাহুল গান্ধী পদত্যাগ করতে চেয়েছেন।,"নির্বাচনী পরাজয়ের দায় নিয়ে রাহুল গান্ধী কংগ্রেস সভাপতির পদ থেকে ইস্তফা দিতে চাইলেও দলের ওয়ার্কিং কমিটি সর্বসম্মতিক্রমে তা প্রত্যাখ্যান করেছে। একইসাথে পশ্চিমবঙ্গের মুখ্যমন্ত্রী মমতা ব্যানার্জীও পদত্যাগ করার ইচ্ছা প্রকাশ করেছিলেন, কিন্তু তার দলও সেই প্রস্তাব গ্রহণ করেনি। উভয় নেতার দলই তাদের ওপর আস্থা রেখে দায়িত্ব চালিয়ে যাওয়ার আহ্বান জানিয়েছে।",12.31,3.17,9.23
news-51136439,"প্রেসিডেন্টের একটি ভাষণ। সাংবিধানিক পরিবর্তনের রূপরেখা ঘোষণা। তার কিছু পরই প্রধানমন্ত্রীর পদত্যাগ, পুরো মন্ত্রিসভার পদত্যাগ। নিযুক্ত হলেন নতুন একজন প্রধানমন্ত্রী।","১. রুশ প্রেসিডেন্ট ভ্লাদিমির পুতিন ২০২৪ সালে মেয়াদ শেষ হওয়ার পরও নিজের ক্ষমতা ও প্রভাব বজায় রাখার লক্ষ্যে আকস্মিকভাবে বড় ধরনের সাংবিধানিক পরিবর্তনের ঘোষণা দিয়েছেন। ২. এই পরিবর্তনের অংশ হিসেবে প্রধানমন্ত্রী দিমিত্রি মেদভিয়েদেভসহ পুরো রুশ সরকার পদত্যাগ করেছে এবং মিখাইল মিশুস্তিনকে নতুন প্রধানমন্ত্রী হিসেবে নিয়োগ দেওয়া হয়েছে। ৩. বিশ্লেষকদের মতে, দীর্ঘমেয়াদী পরিকল্পনার মাধ্যমে পুতিন মূলত রাষ্ট্রীয় ক্ষমতার নিয়ন্ত্রণ নিজের হাতে ধরে রাখার কৌশল গ্রহণ করেছেন।",16.47,2.41,16.47
news-41476249,এগার হাজার মিটার বা ৩৫০০ ফুট উচ্চতায় বিশ্বের সবচেয়ে শীতল স্থানে তখন মধ্যরাত। শীতের মাঝামাঝি সময়ে এখানে তাপমাত্রা হিমাঙ্কের প্রায় ৩০ ডিগ্রি নিচে নেমে আসে। পারদের সূচক থাকে -৩০ ডিগ্রি সেলসিয়াস (বা -২২ ডিগ্রি ফারেনহাইট)।,লাদাখের তীব্র জলসঙ্কট মোকাবিলায় প্রকৌশলী সোনাম ওয়াংচুক এবং একদল স্বেচ্ছাসেবী মাধ্যাকর্ষণ পদ্ধতি ব্যবহার করে ৩০ মিটার উঁচু কৃত্রিম 'বরফ-স্তূপ' তৈরির উদ্যোগ নিয়েছেন। বসন্তকালে এই বরফ গলে কৃষিকাজ ও পানীয় জলের চাহিদা মেটাতে সাহায্য করবে। স্থানীয়দের উদ্ভাবনী চিন্তায় গড়ে ওঠা এই অভিনব পদ্ধতিটি মূলত সূর্যের তাপ থেকে বরফকে রক্ষা করে দীর্ঘসময় জমিয়ে রাখার ওপর ভিত্তি করে তৈরি।,4.35,0.00,2.17
news-55890088,"কাতার-ভিত্তিক টেলিভিশন চ্যানেল আল জাজিরা ইংলিশ-এর একটি অনুসন্ধানী প্রতিবেদনে বলা হয়েছে, বাংলাদেশের নিরাপত্তা বাহিনী ইন্টারনেট এবং মোবাইল ফোন নজরদারী করার প্রযুক্তি ইসরায়েল থেকে আমদানি করেছে।","আল-জাজিরার এক অনুসন্ধানী প্রতিবেদনে দাবি করা হয়েছে যে, বাংলাদেশ ইসরায়েলি প্রতিষ্ঠান পিকসিক্স-এর কাছ থেকে নজরদারি প্রযুক্তি ক্রয় করেছে এবং এর ব্যবহারের ওপর প্রশিক্ষণও নিয়েছে। তবে বাংলাদেশের পররাষ্ট্রমন্ত্রী এ. কে. আব্দুল মোমেন ইসরায়েলের সাথে কোনো ধরনের বাণিজ্যিক সম্পর্ক বা সরঞ্জাম ক্রয়ের কথা সরাসরি নাকচ করে দিয়েছেন। প্রতিবেদনে সামরিক বাহিনীর একটি সংস্থার মাধ্যমে এই প্রযুক্তি ক্রয়ের চুক্তির দলিল ও তথ্য তুলে ধরা হলেও সরকার তা অস্বীকার করেছে।",21.28,2.17,12.77
news-47620971,ঢাকায় বসুন্ধরা আবাসিক এলাকায় বাসের চাপায় একজন বিশ্ববিদ্যালয় ছাত্রের মৃত্যুর ঘটনায় সড়ক অবরোধ করে বিক্ষোভ করছে কয়েকটি বিশ্ববিদ্যালয়ের শিক্ষার্থীরা।,"বসুন্ধরা আবাসিক এলাকার সামনে রাস্তা পার হওয়ার সময় দুই বাসের চাপায় বাংলাদেশ ইউনিভার্সিটি অব প্রফেশনালসের ছাত্র আবরার আহমেদ ঘটনাস্থলেই নিহত হন। এই মর্মান্তিক দুর্ঘটনার প্রতিবাদে এবং নিরাপদ সড়কের দাবিতে বিভিন্ন বিশ্ববিদ্যালয়ের শিক্ষার্থীরা সড়ক অবরোধ করে বিক্ষোভ শুরু করেন। ঢাকা উত্তরের মেয়র ঘটনাস্থলে উপস্থিত হয়ে শিক্ষার্থীদের আশ্বস্ত করার চেষ্টা করলেও, দাবি পূরণ না হওয়া পর্যন্ত তারা আন্দোলন চালিয়ে যাওয়ার ঘোষণা দিয়েছেন।",17.72,7.79,15.19
news-41721765,"আন্তর্জাতিক বার্তা সংস্থা রয়টার্স বলছে, মিয়ানমারে সামরিক অভিযানের মুখে দেশত্যাগে বাধ্য হয়েছেন যেসব রোহিঙ্গা মুসলমান তারা দেশে ফিরতে পারলেও তাদের জমিজমা ও ঘরবাড়ি হারাতে হতে পারে।","রয়টার্সের অনুসন্ধানী প্রতিবেদন অনুযায়ী, মিয়ানমার সরকার রোহিঙ্গা শরণার্থীদের নিজ ভিটায় ফেরার সুযোগ না দিয়ে সরকারি ব্যবস্থাপনায় তৈরি নতুন গ্রামে পুনর্বাসনের পরিকল্পনা করছে। মিয়ানমার কর্তৃপক্ষ স্পষ্ট করেছে যে, নাগরিকত্বের প্রমাণ ছাড়া ফিরে আসা রোহিঙ্গাদের জমির মালিকানা পাওয়ার কোনো সুযোগ নেই। সরকারি নথিপত্র ও কর্মকর্তাদের তথ্যে উঠে এসেছে যে, কঠোর পরিচয় যাচাই প্রক্রিয়ার মাধ্যমে উত্তীর্ণদেরই কেবল নির্দিষ্ট অভ্যর্থনা কেন্দ্রের মাধ্যমে ফিরিয়ে নেওয়া হবে।",4.60,0.00,4.60
news-49603678,জিম্বাবুয়ের স্বাধীনতা পরবর্তী প্রথম প্রেসিডেন্ট রবার্ট মুগাবে ৯৫ বছর বয়সে মারা গেছেন।,জিম্বাবুয়ের দীর্ঘকালীন প্রেসিডেন্ট রবার্ট মুগাবে সিঙ্গাপুরের একটি হাসপাতালে চিকিৎসাধীন অবস্থায় ৯৫ বছর বয়সে মৃত্যুবরণ করেছেন। ১৯৮০ সালে দেশটির স্বাধীনতার পর তিনি প্রধানমন্ত্রী এবং পরবর্তীতে প্রেসিডেন্ট হিসেবে তিন দশক ক্ষমতায় ছিলেন। ২০১৭ সালে এক সেনা অভ্যুত্থানের মাধ্যমে ক্ষমতাচ্যুত হওয়ার আগ পর্যন্ত তিনি জিম্বাবুয়ের রাজনীতিতে অত্যন্ত প্রভাবশালী ব্যক্তিত্ব ছিলেন।,23.73,14.04,23.73
news-50625850,জলবায়ু নিয়ে নানা উদ্বেগের মধ্যে আজ মাদ্রিদে শুরু হচ্ছে জাতিসংঘের জলবায়ু পরিবর্তন সম্মেলন 'কপ টুয়েন্টি ফাইভ'।,"স্পেনের মাদ্রিদে ২০০টি দেশের অংশগ্রহণে শুরু হওয়া দুই সপ্তাহব্যাপী কপ-২৫ সম্মেলনে কার্বন নিঃসরণ কমানোর লক্ষ্যমাত্রা বৃদ্ধির বিষয়টি গুরুত্বের সাথে আলোচিত হচ্ছে। জলবায়ু পরিবর্তনকে বর্তমানে একটি জরুরি অবস্থা হিসেবে অভিহিত করে বিশেষজ্ঞরা আগের চেয়ে আরও কঠোর ও কার্যকর পদক্ষেপ গ্রহণের আহ্বান জানিয়েছেন। জাতিসংঘের মহাসচিব আন্তোনিও গুতেরেস সতর্ক করে বলেছেন যে, জলবায়ু সংকট মোকাবিলায় বিশ্ব নেতাদের বর্তমান উদ্যোগগুলো একেবারেই অপর্যাপ্ত।",13.33,0.00,10.67
news-42662545,"ভারতের সুপ্রিম কোর্টের চার জন বিচারক প্রকাশ্যে সংবাদ সম্মেলন করে প্রধান বিচারপতির কর্তৃত্বকে চ্যালেঞ্জ করে বলেছেন, যেভাবে তিনি আদালত চালাচ্ছেন তা ভারতের গণতন্ত্রকেই হুমকির মুখে ফেলে দেবে।",ভারতের সুপ্রিম কোর্টের চারজন জ্যেষ্ঠ বিচারপতি প্রধান বিচারপতির বিরুদ্ধে নিয়ম বহির্ভূতভাবে মামলা বণ্টন ও প্রশাসনিক স্বেচ্ছাচারিতার অভিযোগ তুলে নজিরবিহীনভাবে সংবাদ সম্মেলন করেছেন। বিচার বিভাগের নিরপেক্ষতা ও গণতন্ত্র রক্ষার তাগিদে তারা এই পদক্ষেপ নিতে বাধ্য হয়েছেন বলে জানিয়েছেন। আদালতের অভ্যন্তরীণ সংকট নিরসনে প্রধান বিচারপতির সাথে আলোচনা ব্যর্থ হওয়ায় তারা বিষয়টি জাতির সামনে তুলে ধরেছেন।,17.50,10.26,17.50
news-45648530,বাংলাদেশের নিরাপদ খাদ্য কর্তৃপক্ষ বলছে বাংলাদেশে বাজারে কোন ধরণের এনার্জি ড্রিংক থাকবে না।,"অতিরিক্ত ক্যাফেইন, ভায়াগ্রার উপাদান এবং অ্যালকোহলের উপস্থিতির কারণে বাংলাদেশে সব ধরনের এনার্জি ড্রিংক উৎপাদন, বিপণন ও বিজ্ঞাপন নিষিদ্ধ করার সিদ্ধান্ত নিয়েছে নিরাপদ খাদ্য কর্তৃপক্ষ। এসব পানীয় জনস্বাস্থ্যের জন্য অত্যন্ত ঝুঁকিপূর্ণ হওয়ায় খুব শীঘ্রই এগুলোর বিরুদ্ধে কঠোর আইনি পদক্ষেপ নেওয়া হবে। এ লক্ষ্যে সংশ্লিষ্ট মন্ত্রণালয় ও কাস্টমসকে প্রয়োজনীয় ব্যবস্থা গ্রহণের জন্য চিঠি দেওয়া হচ্ছে।",18.18,9.38,9.09
news-46057267,"বাংলাদেশ জাতীয় ঐক্য ফ্রন্টের সঙ্গে প্রধানমন্ত্রী শেখ হাসিনার নেতৃত্বে সরকারী দলের যে সংলাপ হবে আজ বৃহস্পতিবার সন্ধ্যায়, সেখানে কতটা ছাড় দিতে রাজী আওয়ামী লীগ?","আওয়ামী লীগের প্রেসিডিয়াম সদস্য আবদুর রাজ্জাক জানিয়েছেন, বিরোধীদের ছোটখাটো কিছু দাবি মানা হলেও নিরপেক্ষ সরকার গঠনের দাবি মানার কোনো সুযোগ নেই। খালেদা জিয়ার মুক্তির বিষয়টি আদালতের এখতিয়ারভুক্ত বলে তিনি উল্লেখ করেন। তবে তিনি আশাবাদী যে, অতীতের ভুল থেকে শিক্ষা নিয়ে বিএনপি এবার নির্বাচনে অংশগ্রহণ করবে এবং সংলাপের মাধ্যমে একটি সমঝোতা তৈরি হবে।",5.26,0.00,5.26
news-54354289,করোনাভাইরাসের কারণে দেশের শিক্ষা প্রতিষ্ঠানগুলোয় ছুটি আরেক দফা বাড়ানোর সিদ্ধান্ত নিয়েছে সরকার।,করোনা পরিস্থিতির কারণে দেশের সব শিক্ষাপ্রতিষ্ঠানের চলমান ছুটি আরও বাড়ানো হচ্ছে এবং এ বিষয়ে দ্রুত সিদ্ধান্ত জানানো হবে। এইচএসসি পরীক্ষা গ্রহণের ক্ষেত্রে ন্যূনতম বিষয় ও নম্বরের ভিত্তিতে পরীক্ষা নেওয়া অথবা বিকল্প মূল্যায়নের বিষয়ে আগামী সপ্তাহের শুরুতে সিদ্ধান্ত নেওয়া হবে। এছাড়া মহামারির কারণে এ বছর পঞ্চম ও অষ্টম শ্রেণির সমাপনীসহ বার্ষিক পরীক্ষা না নেওয়ার ইঙ্গিত দিয়েছে সরকার।,14.71,3.03,14.71
news-51527453,"আফ্রিকার কয়েকটি দেশের পর পাকিস্তান এবং সর্বশেষ ভারতে আক্রমণ চালানোর পর বাংলাদেশেও পঙ্গপালের আক্রমণ হতে পারে, এমন আশংকার কথা বলছে কৃষি সম্প্রসারণ অধিদপ্তর। তবে সে ঝুঁকি এ বছরের চেয়ে আগামী বছর বেশি।",আফ্রিকা ও পাকিস্তানের পর ভারত হয়ে পঙ্গপালের আক্রমণ বাংলাদেশে ছড়িয়ে পড়ার আশঙ্কায় কৃষি মন্ত্রণালয় আগাম সতর্কতা ও প্রস্তুতি গ্রহণের নির্দেশ দিয়েছে। পঙ্গপালের গতিবিধি ও বাতাসের উষ্ণতার ওপর ভিত্তি করে আগামী বছরের সম্ভাব্য ঝুঁকি মোকাবিলায় সরকার জাতিসংঘের খাদ্য ও কৃষি সংস্থার (ফাও) সাথে যোগাযোগ রাখছে। তবে গত ৫৫ বছরে এ অঞ্চলে পঙ্গপালের আক্রমণ না হওয়ায় এ বছর বড় কোনো ঝুঁকির সম্ভাবনা কম বলে মনে করছেন সংশ্লিষ্ট কর্মকর্তারা।,22.45,2.08,14.29
news-44996318,ওয়েস্ট ইন্ডিজকে ১৮ রানে হারিয়ে নয় বছর পর বিদেশের মাটিতে আবার কোন সিরিজ জিতল বাংলাদেশের ক্রিকেটাররা।,"সেন্ট কিটসে অনুষ্ঠিত তৃতীয় ওয়ানডে ম্যাচে ওয়েস্ট ইন্ডিজকে ১৮ রানে হারিয়ে ২-১ ব্যবধানে সিরিজ জয় করেছে বাংলাদেশ। তামিম ইকবালের সেঞ্চুরি ও মাহমুদুল্লাহর ঝড়ো ব্যাটিংয়ে ৩০১ রানের বিশাল সংগ্রহ দাঁড় করায় টাইগাররা, যা পরে বোলারদের নিয়ন্ত্রিত বোলিংয়ে সফলভাবে রক্ষা পায়। এই জয়ের মাধ্যমে দীর্ঘ নয় বছর পর বিদেশের মাটিতে কোনো ওয়ানডে সিরিজ জয়ের গৌরব অর্জন করল বাংলাদেশ।",27.40,19.72,27.40
news-43109093,"বাংলাদেশ ও শ্রীলংকার মধ্যকার দ্বিতীয় টি-টোয়েন্টি ম্যাচের পরপরই বাংলাদেশের স্কোয়াডে থাকা বেশ কজন ক্রিকেটার ঢাকা ফিরেছেন। খবর পাওয়া গেছে, তাদের মধ্যে অনেকেই রাতের ট্রেনেই রওনা হন।","শ্রীলঙ্কার বিপক্ষে টি-টোয়েন্টি সিরিজ শেষ করেই বাংলাদেশের বেশ কয়েকজন ক্রিকেটার রাতেই ট্রেনে ঢাকা ফিরে ঢাকা প্রিমিয়ার লিগের ম্যাচে অংশ নিয়েছেন। আন্তর্জাতিক ম্যাচের পরপরই এমন ক্লান্তিহীন ভ্রমণ ও ঘরোয়া ক্রিকেটে অংশগ্রহণ নিয়ে ভক্তদের মধ্যে প্রশ্ন উঠলেও বিসিবি একে পেশাদারিত্বের অংশ হিসেবে দেখছে। বিসিবি ডিসিপ্লিনারি কমিটির মতে, বেতনভুক্ত ক্রিকেটার হিসেবে ক্লাবের হয়ে খেলা কোনো শৃঙ্খলা পরিপন্থী কাজ নয়।",23.81,4.88,16.67
news-48108387,"অবশেষে বিশ্বকাপ ক্রিকেটের জন্য বাংলাদেশ জাতীয় ক্রিকেট দলের জার্সিতে পরিবর্তন আনছে বাংলাদেশ ক্রিকেট বোর্ড, হাতে ও জার্সির মাঝে লাল রঙ যোগ করা হয়েছে।",**সারসংক্ষেপ:** বাংলাদেশ ক্রিকেট দলের বিশ্বকাপ জার্সি নিয়ে সৃষ্ট বিতর্কের প্রেক্ষিতে বিসিবি সভাপতি নাজমুল হাসান পাপন জার্সিতে লাল রঙ যোগ করার বিষয়টি নিশ্চিত করেছেন। এই পরিবর্তনের জন্য আন্তর্জাতিক ক্রিকেট কাউন্সিলের (আইসিসি) আনুষ্ঠানিক অনুমোদনও নেওয়া হয়েছে। বিতর্কিত সবুজ জার্সির পরিবর্তে এখন লাল রঙের ছোঁয়াযুক্ত নতুন ডিজাইনের জার্সি ব্যবহার করবে বাংলাদেশ দল।,33.33,11.43,19.44
news-54810886,(অঙ্গরাজ্যগুলোর নাম সংক্ষেপিত। লাল রাজ্যগুলোতে রিপাবলিকান পার্টি বিজয়ী হয়েছে। নীল রাজ্যগুলো ডেমোক্র্যাটদের দখলে) দুই প্রধান প্রার্থীর সর্বশেষ ইলেকটোরাল ভোট সংখ্যা,"আমেরিকার প্রেসিডেন্ট নির্বাচনে জো বাইডেন জয়ের দ্বারপ্রান্তে থাকলেও চূড়ান্ত ফলাফলের জন্য ব্যাটলগ্রাউন্ড রাজ্যগুলোর দিকে সবার নজর রয়েছে। বাইডেন পেনসিলভানিয়াসহ কয়েকটি গুরুত্বপূর্ণ রাজ্যে এগিয়ে থাকায় জয়ের পথে থাকলেও ডোনাল্ড ট্রাম্পের নির্বাচনী টিম কোনো প্রমাণ ছাড়াই জালিয়াতির অভিযোগ তুলে হার স্বীকার করতে অস্বীকৃতি জানিয়েছে। নির্বাচনে জয়ী হতে হলে প্রার্থীকে অন্তত ২৭০টি ইলেক্টোরাল কলেজ ভোট নিশ্চিত করতে হবে, যেখানে বাইডেন বর্তমানে সুবিধাজনক অবস্থানে রয়েছেন।",2.47,0.00,2.47
news-54040351,বাংলাদেশসহ ১২টি দেশের নাগরিকদের প্রবেশে নিষেধাজ্ঞা দিয়েছে মালয়েশিয়ার সরকার। আপাতত ৩১শে ডিসেম্বর পর্যন্ত এই নিষেধাজ্ঞা বহাল থাকবে।,"করোনাভাইরাস পরিস্থিতির কারণে ৩১শে ডিসেম্বর পর্যন্ত বাংলাদেশসহ ১২টি দেশের নাগরিকদের মালয়েশিয়ায় প্রবেশে নিষেধাজ্ঞা জারি করেছে দেশটির সরকার। পররাষ্ট্র প্রতিমন্ত্রী মোঃ শাহরিয়ার আলম ছুটিতে থাকা বাংলাদেশিদের এই সময়ের মধ্যে মালয়েশিয়ায় যাওয়ার চেষ্টা না করার পরামর্শ দিয়েছেন। নিষেধাজ্ঞা অমান্য করে প্রবেশের চেষ্টা করলে চিরতরে কালো তালিকাভুক্ত হওয়ার ঝুঁকি থাকায়, এ বিষয়ে বাংলাদেশ সরকার মালয়েশিয়ার সাথে আলোচনা চালিয়ে যাচ্ছে।",35.62,16.90,24.66
news-51000240,"২০০৪ সালে আমেরিকা ইরাকে দ্বিতীয় দফায় যুদ্ধ শুরু করলো, বিশ্বের বাজারে অপরিশোধিত তেলের দাম রাতারাতি ১০ শতাংশ বেড়ে গিয়েছিল।","২০০৩ সালের ইরাক যুদ্ধের সময় তেলের বাজারে যে চরম অস্থিরতা ও ধস দেখা গিয়েছিল, বর্তমান বাজারের পরিবর্তিত কাঠামোর কারণে ইরান-যুক্তরাষ্ট্র উত্তেজনায় তেমনটি হওয়ার সম্ভাবনা কম। বর্তমানে তেল উৎপাদন, পরিশোধন ও কেনাবেচার প্রক্রিয়ায় ব্যাপক পরিবর্তন আসায় বাজারের ওপর ট্রেডারদের তাৎক্ষণিক প্রভাব আগের তুলনায় অনেক কমেছে। ফলে বিশ্ববাজারে তেলের দাম এখন আর কেবল দালালদের ধারণার ওপর ভিত্তি করে নির্ধারিত হয় না।",7.59,2.60,7.59
news-43909556,বাংলাদেশের দক্ষিণাঞ্চলীয় জেলা ভোলায় একটি কমিউনিটি স্বাস্থ্য ক্লিনিকের মেঝে থেকে শত শত বিষধর সাপ বের হওয়ার পর কর্তৃপক্ষ ক্লিনিকটি সাময়িক ভাবে বন্ধ করে দিয়েছে।,ভোলার লালমোহন উপজেলার একটি কমিউনিটি ক্লিনিকে শত শত বিষধর সাপের উপদ্রব দেখা দেওয়ায় কর্তৃপক্ষ ভবনটি বন্ধ ঘোষণা করেছে। ক্লিনিকের মেঝের নিচে সাপের বড় বাসা থাকার আশঙ্কায় সেখানে কার্বলিক অ্যাসিড ছিটানো হয়েছে। বেশ কিছু বড় সাপ এখনো ধরা না পড়ায় স্থানীয় বাসিন্দাদের মধ্যে চরম আতঙ্ক বিরাজ করছে।,25.71,8.82,20.00
news-46373177,"ভারতের পশ্চিমবঙ্গ রাজ্যে ট্রান্সজেন্ডার বা রূপান্তরকামী মানুষদের অধিকার রক্ষায় সবথেকে পরিচিত মুখ যিনি, তাঁর বিরুদ্ধেই অভিযোগ উঠেছে যে তিনি এক কিশোরকে তার ইচ্ছার বিরুদ্ধে 'হিজড়া' বানাতে চেষ্টা করেছিলেন।",**সারসংক্ষেপ:** ভারতের প্রথম রূপান্তরী কলেজ প্রিন্সিপাল মানবী বন্দ্যোপাধ্যায়ের বিরুদ্ধে এক কিশোরকে জোরপূর্বক হিজড়া সম্প্রদায়ের সঙ্গে গ্রামে গ্রামে ঘুরতে বাধ্য করার গুরুতর অভিযোগ উঠেছে। ভুক্তভোগী কিশোর কৌশলে পালিয়ে পরিবারের কাছে ফিরে আসার পর তার পরিবার পশ্চিমবঙ্গ শিশু অধিকার সুরক্ষা কমিশনে মানবী বন্দ্যোপাধ্যায়ের বিরুদ্ধে অভিযোগ দায়ের করেছে। কমিশন ঘটনাটির তদন্ত শুরু করলেও অভিযুক্ত মানবী বন্দ্যোপাধ্যায় এ বিষয়ে কোনো মন্তব্য করতে রাজি হননি।,22.73,4.65,11.36
news-49704424,ছয় দিন ধরে সমুদ্রে ভাসমান ৮২জন অভিবাসীকে উদ্ধার করে আনা উদ্ধারকারী জাহাজ ওশান ভাইকিংকে লাম্পেদোসা দ্বীপে ভিড়তে দিল ইটালি এবং অভিবাসীদের বন্দরে নামবার অনুমতি দিল।,"ইউরোপীয় ইউনিয়নের দেশগুলোর সাথে নতুন চুক্তির ভিত্তিতে ৮২ জন অভিবাসী নিয়ে ওশেন ভাইকিং জাহাজটি ইতালির বন্দরে নোঙর করার অনুমতি পেয়েছে। ইতালির নতুন জোট সরকারের এই পদক্ষেপকে অভিবাসীদের প্রতি দেশটির নীতিতে পরিবর্তনের ইঙ্গিত হিসেবে দেখা হচ্ছে। তবে ইতালি স্পষ্ট করেছে যে, এটি কোনো উন্মুক্ত বন্দর নীতি নয়, বরং অভিবাসীদের অন্যান্য ইউরোপীয় দেশে পুনর্বাসনের একটি সাময়িক ব্যবস্থা মাত্র।",7.41,0.00,4.94
news-44919573,"""বিশ্বকাপ থেকে ব্রাজিলের বিদায় আমাকে গভীর শোকের মধ্যে ফেলে দিয়েছিল"" এমনটাই জানিয়েছেন এবারের রাশিয়া বিশ্বকাপের সবচেয়ে আলোচিত খেলোয়াড়দের একজন নেইমার।","২০১৮ বিশ্বকাপে ব্রাজিল কোয়ার্টার ফাইনাল থেকে বিদায় নেওয়ায় নেইমার মানসিকভাবে ভেঙে পড়লেও পরিবারের অনুপ্রেরণায় সেই শোক কাটিয়ে ওঠার চেষ্টা করেন। তিনি রিয়াল মাদ্রিদে যোগ দেওয়ার গুঞ্জন নাকচ করে দিয়ে পিএসজিতে নিজের সন্তুষ্টির কথা জানান। এছাড়া, মাঠে অতিরিক্ত অভিনয়ের অভিযোগের জবাবে নেইমার বলেন, ফাউলের শিকার হওয়ার পরও তার সমালোচনা করাটা অন্যায্য এবং তিনি রেফারিদের কাছ থেকে আরও সুরক্ষা আশা করেন।",5.06,0.00,5.06
news-49080597,"বঙ্গোপসাগরের বাংলাদেশ অংশে মাছধরার ওপর দীর্ঘ ৬৫ দিনের নিষেধাজ্ঞা শেষ হয়েছে মঙ্গলবার, অর্থাৎ আজ বুধবার থেকে জেলেরা সমুদ্রে মাছ ধরতে যেতে পারবেন। কিন্তু এর আগেই জেলেরা এই নিষেধাজ্ঞার কার্যকারিতা নিয়ে প্রশ্ন তুলেছেন।","৬৫ দিনের নিষেধাজ্ঞা চলাকালে বরগুনার জেলেরা কর্মহীন হয়ে মানবেতর জীবনযাপন করেছেন এবং অভিযোগ করেছেন যে, এ সময় ভারতীয় জেলেরা অবৈধভাবে বাংলাদেশের জলসীমায় মাছ শিকার করেছে। সরকারিভাবে নিবন্ধিত জেলেদের খাদ্য সহায়তা দেওয়া হলেও, অনেক জেলে নিবন্ধনের অভাবে সেই সুবিধা থেকে বঞ্চিত হয়েছেন। এছাড়া, সহায়তার পরিমাণ প্রয়োজনের তুলনায় অপ্রতুল হওয়ায় প্রান্তিক জেলেদের জীবনযাত্রায় চরম সংকট দেখা দিয়েছে।",16.09,4.71,11.49
news-48918960,ম্যানচেস্টারের ওল্ড ট্র্যাফোর্ড ক্রিকেট গ্রাউন্ডে ভারতকে ১৮ রানে হারিয়ে টানা দ্বিতীয়বারের মতো বিশ্বকাপের ফাইনালে উঠেছে নিউজিল্যান্ড।,বিশ্বকাপের সেমিফাইনালে নিউজিল্যান্ডের দেওয়া ২৪০ রানের লক্ষ্য তাড়া করতে নেমে ভারতীয় ব্যাটিং লাইনআপ শুরুতেই ধসে পড়ে। রবীন্দ্র জাদেজা ও মহেন্দ্র সিং ধোনি লড়াইয়ের চেষ্টা করলেও শেষ পর্যন্ত ২২১ রানেই অলআউট হয়ে যায় ভারত। ফলে নিউজিল্যান্ডের কাছে ১৮ রানে পরাজিত হয়ে বিশ্বকাপ থেকে বিদায় নেয় শক্তিশালী ভারত।,9.68,3.33,6.45
news-40868657,নকলের বেশ কিছু অভিযোগ পাওয়ার পর শ্রীলঙ্কায় পরীক্ষার হলে মেয়েদের নিকাব পরা নিষিদ্ধ করা হয়েছে।,শ্রীলঙ্কায় চলমান এ-লেভেল পরীক্ষার হলে নকল রোধ করতে মুসলিম নারীদের বোরকা ও হিজাব ব্যবহারের ওপর নিষেধাজ্ঞা আরোপ করেছে দেশটির শিক্ষা মন্ত্রণালয়। পরীক্ষার সময় ব্লু-টুথ ও মাইক্রোফোন ব্যবহার করে প্রতারণার বেশ কিছু ঘটনা ধরা পড়ার পর কর্তৃপক্ষ এই কঠোর সিদ্ধান্ত নিয়েছে। মুসলিম নেতারাও নকল ঠেকাতে সরকারের এই পদক্ষেপের যৌক্তিকতাকে সমর্থন জানিয়েছেন।,17.91,6.15,8.96
news-47142329,"পোপ ফ্রান্সিস স্বীকার করেছেন যে, গির্জার যাজকরা নানদের যৌন নিপীড়ন করেছেন। এমনকি অনেক যাজক নানদের যৌনদাসী করেও রেখেছিলেন।","পোপ ফ্রান্সিস প্রথমবারের মতো স্বীকার করেছেন যে, ক্যাথলিক গির্জায় নানরা যাজকদের দ্বারা যৌন নিপীড়নের শিকার হচ্ছেন। তিনি জানান, গির্জায় নারীদের দ্বিতীয় শ্রেণীর নাগরিক হিসেবে দেখার প্রবণতা এবং 'ভয় ও নীরবতার সংস্কৃতি' এই সমস্যার মূল কারণ। পোপ আরও উল্লেখ করেন যে, গির্জা এই অন্যায় বন্ধে কাজ করছে এবং দোষী যাজকদের বিরুদ্ধে শাস্তিমূলক ব্যবস্থা নেওয়া হচ্ছে।",16.67,8.57,16.67
news-47155147,বাংলাদেশে সরকারি স্কুল-কলেজের শিক্ষকদের কোচিং বাণিজ্য অবৈধ বলে রায় দিয়েছে হাইকোর্ট। সেই সঙ্গে শিক্ষকদের কোচিং বাণিজ্য বন্ধের নীতিমালা-২০১২কে বৈধ বলে রায় এসেছে।,"হাইকোর্ট এক রায়ে সরকারি স্কুল-কলেজের শিক্ষকদের জন্য কোচিং বাণিজ্যকে 'অবৈধ' ঘোষণা করে ২০১২ সালের নীতিমালাকে বৈধতা দিয়েছেন। তবে বেসরকারি শিক্ষা প্রতিষ্ঠানের ক্ষেত্রে এই নীতিমালা প্রযোজ্য নয় বলে আদালত উল্লেখ করেছেন, যেখানে শিক্ষকদের কোচিং করাতে হলে নিজস্ব পরিচালনা পর্ষদের অনুমতি নিতে হবে। ভিকারুননিসা নূন স্কুলের শিক্ষকদের কোচিং নিয়ে দুদকের তদন্তকে আদালত এখতিয়ার বহির্ভূত বলে রায় দিয়েছেন।",30.00,12.82,25.00
news-41591178,সুইডেনের গবেষকেরা ভাইকিংদের একটি কবরস্থান থেকে শেষকৃত্যের এমন কিছু সরঞ্জাম উদ্ধার করেছেন যেগুলোতে আরবী শব্দ লেখা রয়েছে।,"ভাইকিংদের প্রাচীন কবর থেকে উদ্ধার করা পোশাকে আরবী কুফিক লিপিতে 'আল্লাহ' ও 'আলী' শব্দগুলো পাওয়া গেছে, যা তাদের সাথে মুসলিম বিশ্বের যোগাযোগের নতুন প্রমাণ দিচ্ছে। গবেষকদের মতে, ভাইকিংরা ইসলাম ও পরকালের ধারণায় প্রভাবিত হয়েছিলেন এবং কবরে থাকা ব্যক্তিদের অনেকে পারস্য থেকে আসা মুসলিম হতে পারেন। এই আবিষ্কার ভাইকিং ও মুসলিমদের মধ্যে দীর্ঘস্থায়ী ঐতিহাসিক সম্পর্কের বিষয়টি আরও জোরালোভাবে সামনে নিয়ে এসেছে।",10.39,0.00,10.39
news-51073934,"যুক্তরাষ্ট্রের প্রেসিডেন্ট ডোনাল্ড ট্রাম্প বলেছেন, ইরানের শীর্ষ জেনারেলকে যখন হত্যা করা হয় তখন চারটি মার্কিন দূতাবাসে হামলার পরিকল্পনা করছিল তেহরান।","ইরানের জেনারেল কাসেম সোলেইমানিকে হত্যার কারণ হিসেবে মার্কিন প্রেসিডেন্ট ডোনাল্ড ট্রাম্প ও পররাষ্ট্রমন্ত্রী মাইক পম্পেও মার্কিন দূতাবাসগুলোতে আসন্ন হামলার সুনির্দিষ্ট গোয়েন্দা তথ্যের কথা উল্লেখ করেছেন। তবে ডেমোক্রেটরা এই দাবির সপক্ষে কোনো প্রমাণ নেই বলে অভিযোগ তুলেছেন। সোলেইমানিকে মধ্যপ্রাচ্যে ইরানের সব কর্মকাণ্ডের মূল কারিগর হিসেবে বিবেচনা করা হলেও, তার মৃত্যুতে দুই দেশের মধ্যে চরম উত্তেজনা সৃষ্টি হয়েছে।",18.42,5.41,13.16
news-46052915,প্যারালাইজড বা পক্ষাঘাতগ্রস্ত তিনজন মানুষ যাদেরকে বলা হয়েছিল যে তাদের বাকি জীবনটা হুইলচেয়ারেই কাটিয়ে দিতে হবে। কিন্তু সেই মানুষদের পক্ষেই আবারো হাঁটা সম্ভব হয়েছে।,সুইজারল্যান্ডের গবেষকরা মেরুদণ্ডে বিশেষ ইলেকট্রিক্যাল ডিভাইস ইমপ্ল্যান্ট করার মাধ্যমে পক্ষাঘাতগ্রস্ত ব্যক্তিদের পুনরায় হাঁটার সক্ষমতা ফিরিয়ে আনার এক যুগান্তকারী প্রযুক্তি উদ্ভাবন করেছেন। এই প্রযুক্তির সাহায্যে মস্তিষ্ক থেকে পায়ে সংকেত পৌঁছানোর পথ সুগম হওয়ায় দীর্ঘদিনের পক্ষাঘাতগ্রস্ত ব্যক্তিরাও এখন স্বাধীনভাবে চলাফেরা করতে পারছেন। চিকিৎসা বিজ্ঞানের এই অভাবনীয় সাফল্য পক্ষাঘাতগ্রস্ত রোগীদের জীবনে নতুন আশার আলো সঞ্চার করেছে।,2.60,0.00,2.60
news-51401402,ভারতের অযোধ্যায় ভেঙে ফেলা বাবরি মসজিদ থেকে প্রায় ২৫ কিলোমিটার দূরে নতুন মসজিদ তৈরির জন্য সরকার জমি বরাদ্দ করার পর দেশের বেশ কয়েকটি প্রভাবশালী মুসলিম সংগঠন তা গ্রহণ করতে অস্বীকার করেছে।,"এখানে সংবাদ নিবন্ধটির সারসংক্ষেপ দেওয়া হলো: সুপ্রিম কোর্টের নির্দেশ অনুযায়ী, অযোধ্যা মামলার রায়ে মসজিদ নির্মাণের জন্য উত্তরপ্রদেশ সরকার জেলা সদর থেকে ১৮ কিলোমিটার দূরে ধন্নিপুর গ্রামে পাঁচ একর জমি বরাদ্দ করেছে। প্রধানমন্ত্রী রামমন্দির নির্মাণের জন্য ট্রাস্ট গঠনের ঘোষণা দেওয়ার পরপরই রাজ্য সরকার এই জমি চূড়ান্ত করার কথা জানায়। তবে বরাদ্দকৃত জমির অবস্থান নিয়ে অনেক মুসলিম নেতা অসন্তোষ প্রকাশ করলেও সুন্নি ওয়াকফ বোর্ড এ বিষয়ে এখনো তাদের অবস্থান স্পষ্ট করেনি।",22.00,4.08,18.00
news-51956261,বাংলাদেশে আরো ৩ জনের মধ্যে করোনাইরাস শনাক্ত করা হয়েছে। এ নিয়ে মোট আক্রান্তের সংখ্যা দাড়ালো ১৭ জন।,"বাংলাদেশে নতুন করে আরও ৩ জন করোনাভাইরাসে আক্রান্ত হওয়ায় মোট আক্রান্তের সংখ্যা দাঁড়িয়েছে ১৭ জনে, তবে মৃতের সংখ্যা অপরিবর্তিত রয়েছে। নতুন আক্রান্তরা সবাই একই পরিবারের সদস্য এবং তারা আগে থেকেই আক্রান্ত বিদেশফেরত প্রবাসীদের সংস্পর্শে এসেছিলেন। বিদেশফেরত ব্যক্তিদের কোয়ারেন্টিনের নিয়ম না মানার প্রবণতায় স্বাস্থ্য অধিদপ্তর উদ্বেগ প্রকাশ করেছে এবং এ বিষয়ে কঠোর হওয়ার ইঙ্গিত দিয়েছে।",22.54,5.80,16.90
news-40197376,পায়ে একটি নতুন ট্যাটু আঁকার দুই মাস পর এক মাংসখেকো ব্যাকটেরিয়ার সংক্রমণে মারা গেছেন যুক্তরাষ্ট্রের টেক্সাসের এক ব্যক্তি।,**সারসংক্ষেপ:** নতুন ট্যাটু করার মাত্র পাঁচদিন পর মেক্সিকো উপসাগরে সাঁতার কাটায় এক ব্যক্তি 'ভিব্রিও ভালনিফিকাস' নামক মাংসখেকো ব্যাকটেরিয়ার সংক্রমণে গুরুতর অসুস্থ হয়ে পড়েন। লিভারের সমস্যার কারণে তার রোগ প্রতিরোধ ক্ষমতা কম থাকায় তিনি দ্রুত সেপটিক শকে চলে যান এবং তাকে লাইফ সাপোর্টে নিতে হয়। চিকিৎসকরা নতুন ট্যাটু নিয়ে সমুদ্রে বা খোলা পানিতে নামার ক্ষেত্রে সতর্ক থাকার পরামর্শ দিয়েছেন।,21.05,10.81,18.42
news-42483847,ক্রিসমাসের দিন নর্থ সী-তে ব্রিটেনের কাছাকাছি চলে এসেছিল এক রুশ যুদ্ধজাহাজ 'এডমিরাল গোর্শকভ'। দূর থেকে এটিকে চোখে চোখে রেখেছে ব্রিটিশ যুদ্ধজাহাজ।,"ব্রিটেনের জলসীমার কাছে রাশিয়ার অত্যাধুনিক যুদ্ধজাহাজ ‘এডমিরাল গোর্শকভ’-এর উপস্থিতি শনাক্ত হওয়ার পর সেটির গতিবিধির ওপর নজর রাখতে ব্রিটিশ নৌবাহিনী এইচএমএস সেন্ট অলবান্স মোতায়েন করে। সাম্প্রতিক সময়ে রুশ যুদ্ধজাহাজ ও সাবমেরিনের তৎপরতা বৃদ্ধি পাওয়ায় ব্রিটেন তাদের জাতীয় নিরাপত্তা নিয়ে গভীর উদ্বেগ প্রকাশ করেছে। ব্রিটিশ প্রতিরক্ষামন্ত্রী স্পষ্টভাবে জানিয়েছেন যে, দেশের জলসীমা রক্ষায় কোনো ধরনের আগ্রাসন বরদাস্ত করা হবে না।",17.50,7.69,15.00
160619_algeria_exam_cheating_facebook_social_media,আফ্রিকার দেশ আলজেরিয়ায় পরীক্ষায় নকল ও প্রশ্ন ফাঁস করতে নজিরবিহীন এক উদ্যোগ নিয়েছে।,আলজেরিয়ায় স্কুলের পরীক্ষায় প্রশ্ন ফাঁস ও নকল রোধ করতে কর্তৃপক্ষ সাময়িকভাবে দেশটিতে সোশ্যাল মিডিয়া বন্ধ করে দিয়েছে। এর আগে অনলাইনে প্রশ্নপত্র ছড়িয়ে পড়ায় অর্ধেকেরও বেশি শিক্ষার্থীকে পুনরায় পরীক্ষায় বসতে হয়েছিল। শিক্ষার্থীদের স্বচ্ছ পরীক্ষার পরিবেশ নিশ্চিত করতেই সরকার এই কঠোর পদক্ষেপ গ্রহণ করেছে।,18.18,3.77,10.91
news-56939172,কারাগারে থাকা হেফাজতে ইসলামের বিলুপ্ত কমিটির যুগ্ম মহাসচিব মামুনুল হকের বিরুদ্ধে ধর্ষণের মামলা দায়ের করেছেন তার কথিত দ্বিতীয় স্ত্রী।,"গত ১৮ই এপ্রিল সহিংসতার একাধিক মামলায় গ্রেফতার হওয়ার ১২ দিন পর মামুনুল হকের বিরুদ্ধে ধর্ষণের অভিযোগ এনে মামলা দায়ের করেছেন তার কথিত দ্বিতীয় স্ত্রী। বাদীর অভিযোগ, গত ৩রা এপ্রিল নারায়ণগঞ্জের একটি রিসোর্টে মামুনুল হক তাকে জোরপূর্বক আটকে রেখে ধর্ষণ করেছিলেন। উল্লেখ্য, রিসোর্টে অবরুদ্ধ হওয়ার সময় মামুনুল হক ওই নারীকে নিজের স্ত্রী বলে দাবি করলেও, এ বিষয়ে ওই নারীর নিজস্ব কোনো বক্তব্য পাওয়া যায়নি।",21.95,12.50,21.95
news-51691098,"""আমি নিশ্চিত ছিলাম না যে কী হচ্ছিলো। যখন ডাক্তারদের জিজ্ঞেস করলাম তারা বললো সবকিছু ঠিক আছে।""",ভারতের কেরালা রাজ্যের এক মেডিকেল শিক্ষার্থী চীনের উহান থেকে ফেরার পর করোনাভাইরাসে আক্রান্ত হওয়া দেশের প্রথম রোগী হিসেবে শনাক্ত হন। সরকারিভাবে বিষয়টি নিশ্চিত হওয়ার আগেই তিনি সংবাদমাধ্যমের মাধ্যমে নিজের আক্রান্ত হওয়ার খবরটি জানতে পারেন। তবে আতঙ্কিত না হয়ে ধৈর্য ও ইতিবাচক মানসিকতা নিয়ে তিনি চিকিৎসকদের পরামর্শ মেনে সুস্থ হয়ে ওঠেন।,6.06,0.00,6.06
news-40724854,"""পানির নীচে রাস্তা ভালো""। অদ্ভুত এই বক্তব্যটি লেখা রয়েছে ঢাকার ট্রাফিক বিভাগের একটি সাইনবোর্ডে।",এয়ারপোর্ট-বনানী সড়কের জলাবদ্ধ অংশে কোনো লুকানো বিপদ নেই—এমন বার্তা দিয়ে ঢাকা মেট্রোপলিটন পুলিশের ট্রাফিক বিভাগ সেখানে একটি সাইনবোর্ড স্থাপন করেছে। সামান্য বৃষ্টিতেই রাস্তা ডুবে যাওয়ায় যানজট নিরসনে এই অদ্ভুত কৌশল অবলম্বন করা হয়েছে। তবে পুলিশের এমন উদ্যোগকে অনেকে হাস্যকর ও অপরিকল্পিত সমাধান হিসেবে দেখছেন।,16.67,0.00,6.67
news-47401125,ভারতের এয়ারফোর্স পাইলট নাটকীয় ঘটনার মধ্য দিয়ে পাকিস্তানি বাহিনীর হাতে আটক হন বলে প্রত্যক্ষদর্শীদের বর্ণনায় জানা যাচ্ছে।,ভারত-পাকিস্তান আকাশ যুদ্ধের সময় পাকিস্তানের ভূখণ্ডে বিধ্বস্ত হওয়া ভারতীয় পাইলট অভিনন্দন বর্তমানকে স্থানীয় গ্রামবাসীরা আটক করেন। উত্তেজনা প্রশমনের লক্ষ্যে পাকিস্তানের প্রধানমন্ত্রী ইমরান খান আটক পাইলটকে শুক্রবার মুক্তি দেওয়ার ঘোষণা দিয়েছেন। পাইলটকে জীবিত উদ্ধার ও আটক করার পুরো বিষয়টি প্রত্যক্ষদর্শী গ্রামপ্রধান মোহাম্মদ রাজ্জাক চৌধুরী গণমাধ্যমের কাছে বর্ণনা করেছেন।,6.15,0.00,6.15
news-51740696,ভারতের বিতর্কিত নাগরিকত্ব আইনের বৈধতাকে চ্যালেঞ্জ করে সে দেশের সুপ্রিম কোর্টে দায়ের করা একটি মামলায় 'আদালতের বন্ধু' হতে চেয়ে ভারতকে চরম বিব্রতকর অবস্থায় ফেলেছে জাতিসংঘের মানবাধিকার কমিশন।,"ভারতের বিতর্কিত নাগরিকত্ব আইনের বৈধতা নিয়ে সুপ্রিম কোর্টে চলমান মামলায় জাতিসংঘের মানবাধিকার কমিশন ‘অ্যামিকাস কিউরি’ হিসেবে হস্তক্ষেপ করার সিদ্ধান্ত নিয়েছে। ভারত সরকার এটিকে নিজেদের অভ্যন্তরীণ বিষয় বলে দাবি করলেও, আন্তর্জাতিক পর্যায়ে দেশটির ভাবমূর্তি ক্ষুণ্ণ হওয়ার বিষয়টি নিয়ে বিরোধী রাজনীতিবিদ ও বিশেষজ্ঞরা উদ্বেগ প্রকাশ করেছেন। জাতিসংঘের এই পদক্ষেপ ভারতের বর্তমান কূটনৈতিক পরিস্থিতির ওপর নেতিবাচক প্রভাব ফেলছে বলে মনে করছেন সংশ্লিষ্টরা।",20.93,14.29,20.93
news-43068289,১০০ গোলের ক্লাবে একমাত্র সদস্য - ক্রিশ্চিয়ানো রোনালদো।,"পিএসজির বিপক্ষে জোড়া গোল করে ক্রিশ্চিয়ানো রোনালদো চ্যাম্পিয়ন্স লিগের ইতিহাসে প্রথম খেলোয়াড় হিসেবে রিয়াল মাদ্রিদের হয়ে ১০০ গোল করার অনন্য মাইলফলক স্পর্শ করেছেন। ম্যানচেস্টার ইউনাইটেডের ১৫ গোলসহ টুর্নামেন্টে তার মোট গোলসংখ্যা ১১৬টি, যা লিওনেল মেসির চেয়ে ১৯টি বেশি। এমনকি চ্যাম্পিয়ন্স লিগে খেলা অধিকাংশ ক্লাবের মোট গোলসংখ্যার চেয়েও রোনালদোর একার গোলসংখ্যা বেশি।",6.90,0.00,3.45
news-44052002,মিয়ানমারে রোহিঙ্গাদের ওপর মানবতা-বিরোধী অপরাধ সংঘটন হয়েছে কি হয়নি - তার তদন্তের জন্য দি হেগের আন্তর্জাতিক অপরাধ আদালতের বিচারকদের অনুমতি চেয়েছেন আদালতেরই একজন আইনজীবী।,"মিয়ানমার আইসিসির সদস্য না হলেও, রোহিঙ্গা নির্যাতনের ঘটনায় আইসিসির তদন্তের এখতিয়ার আছে কি না, তা নিয়ে বাংলাদেশ সরকারের কাছে মতামত চেয়েছে আন্তর্জাতিক অপরাধ আদালত। এই তদন্তের অনুমতি প্রদানের ক্ষেত্রে বাংলাদেশ নিজেকে অপরাধের শিকার মনে করে কি না, তা অত্যন্ত গুরুত্বপূর্ণ বলে মনে করছেন বিশেষজ্ঞরা। আগামী ১১ জুনের মধ্যে বাংলাদেশ সরকারকে এ বিষয়ে তাদের আনুষ্ঠানিক বক্তব্য আইসিসির কাছে জমা দিতে হবে।",11.90,2.44,9.52
news-46892324,বাংলাদেশে বিএনপিসহ বিরোধীদলগুলোর জোট জাতীয় ঐক্যফ্রন্টের নেয়া নাগরিক সংলাপের উদ্যোগ অনিশ্চয়তায় পড়েছে।,নির্বাচন-পরবর্তী দেশে বিরাজমান ভয়ের সংস্কৃতির কারণে জাতীয় ঐক্যফ্রন্টের পরিকল্পিত 'নাগরিক সংলাপ' আয়োজন অনিশ্চিত হয়ে পড়েছে। নাগরিক সমাজ ও বিভিন্ন পেশাজীবীদের কাছ থেকে আশানুরূপ সাড়া না পাওয়ায় এবং জোটের ভেতরে মতপার্থক্য থাকায় এই উদ্যোগ থমকে গেছে। ৩০শে ডিসেম্বরের নির্বাচনে বিপর্যয়ের পর থেকেই ঐক্যফ্রন্ট অস্তিত্ব ও ভবিষ্যৎ কর্মপন্থা নিয়ে নানা প্রশ্নের মুখে পড়েছে।,9.38,0.00,9.38
48290969,ঢাকার শিশু হাসপাতালের টয়লেট থেকে উদ্ধার হওয়া নবজাতককে হাসপাতাল থেকে স্থানান্তর করা হয়েছে বলে নিশ্চিত করেছে কর্তৃপক্ষ।,ঢাকার শিশু হাসপাতালের টয়লেট থেকে উদ্ধার হওয়া নবজাতকটি বর্তমানে সুস্থ রয়েছে এবং তাকে সমাজসেবা অধিদফতরের আজিমপুরের ছোটমনি নিবাসে হস্তান্তর করা হয়েছে। শিশুটির নিরাপত্তার জন্য হাসপাতালে পুলিশ মোতায়েন করা হয়েছিল এবং তার অভিভাবকত্বের বিষয়ে ব্যাপক আগ্রহ দেখা গেছে। শিশুটিকে দত্তক নেওয়ার জন্য দেশ-বিদেশ থেকে অসংখ্য মানুষ পুলিশের কাছে আবেদন জানিয়েছেন।,23.88,15.38,20.90
news-47292737,"পাকিস্তানের প্রধানমন্ত্রী ইমরান খান বলেছেন, ভারত যদি পাকিস্তানের বিরুদ্ধে সামরিক পদক্ষেপ নেয় - তাহলে পাকিস্তানও পাল্টা ব্যবস্থা নেবে।",পুলওয়ামায় জঙ্গি হামলার জেরে ভারত-পাকিস্তান উত্তেজনার প্রেক্ষাপটে ইমরান খান ভারতকে সামরিক পদক্ষেপ না নেওয়ার হুঁশিয়ারি দিয়েছেন। তিনি এ হামলার সাথে পাকিস্তানের সংশ্লিষ্টতার অভিযোগ অস্বীকার করে ভারতকে এর স্বপক্ষে কার্যকর প্রমাণ উপস্থাপনের আহ্বান জানিয়েছেন। পাকিস্তান এ ধরনের হামলায় জড়িত থাকার কোনো যৌক্তিক কারণ নেই বলেও তিনি দাবি করেন।,18.46,6.35,12.31
news-51030312,"ইরানের সর্বোচ্চ নেতা আয়াতোল্লাহ আলী খামেনি বলেছেন, ইরাকে মার্কিন ঘাঁটিতে হামলার মাধ্যমে তারা আমেরিকার 'মুখে চপেটাঘাত' করেছেন।","ইরাকে অবস্থিত মার্কিন সামরিক ঘাঁটিতে ইরানের ক্ষেপণাস্ত্র হামলাকে সফল উল্লেখ করে একে আমেরিকার গালে চড় হিসেবে অভিহিত করেছেন আয়াতুল্লাহ খামেনি। তিনি কেবল সামরিক হামলা নয়, বরং মধ্যপ্রাচ্য থেকে আমেরিকার উপস্থিতির চূড়ান্ত অবসানের ওপর গুরুত্বারোপ করেছেন। কাসেম সোলেইমানির মৃত্যুকে ইরানের বিপ্লবের প্রাণশক্তির প্রমাণ হিসেবে উল্লেখ করে তিনি যেকোনো আগ্রাসনের বিরুদ্ধে কঠোর জবাব দেওয়ার হুঁশিয়ারি দিয়েছেন।",19.72,0.00,14.08
news-43888424,উত্তর কোরিয়ার নেতা কিম জং আনের সাথে মার্কিন প্রেসিডেন্ট ডোনাল্ড ট্রাম্পের আলোচনা সত্যিই হবে কিনা সে নিয়ে অনেকের মনে সন্দেহ রয়েছে।,উত্তর কোরিয়া বহির্বিশ্বের সম্ভাব্য আক্রমণ প্রতিহত করার একমাত্র উপায় হিসেবে পারমাণবিক শক্তি অর্জনের ওপর জোর দিচ্ছে। দেশটি ইতিমধ্যে বেশ কয়েকবার পরমাণু অস্ত্রের পরীক্ষা চালিয়েছে এবং দূরপাল্লার ক্ষেপণাস্ত্র বহনে সক্ষম ছোট আকারের পারমাণবিক অস্ত্র তৈরির দাবি করেছে। এই উচ্চাভিলাষী কার্যক্রমের ফলে আন্তর্জাতিক মহলে তীব্র উদ্বেগের সৃষ্টি হয়েছে এবং জাতিসংঘসহ বিভিন্ন দেশ উত্তর কোরিয়ার ওপর কঠোর অবরোধ আরোপ করেছে।,5.13,2.63,5.13
news-53388383,ব্যাটেল অফ ব্রিটেন শুরু হওয়ার ৮০ বছর পূর্তি হলো এই বছরের ১০ই জুলাই। দ্বিতীয় বিশ্বযুদ্ধ চলার সময় ব্রিটেনের রয়্যাল এয়ারফোর্স এবং নাৎসি জার্মানির বিমান বাহিনীর মধ্যে আকাশে ওই যুদ্ধ হয়েছিল।,"দ্বিতীয় বিশ্বযুদ্ধে ব্রিটেনের জয়ে গুরুত্বপূর্ণ ভূমিকা রাখা 'স্পিটফায়ার' যুদ্ধবিমানের নকশা তৈরিতে ১৩ বছর বয়সী কিশোরী হ্যাজেল হিল বিশেষ অবদান রেখেছিলেন। তার পিতা ফ্রেড হিল যখন বিমানে আটটি আগ্নেয়াস্ত্র বসানোর গাণিতিক হিসাব নিয়ে সমস্যায় পড়েছিলেন, তখন হ্যাজেল সেই জটিল অংক সমাধানে তাকে সাহায্য করেন। এই কিশোরীর বুদ্ধিমত্তায় তৈরি উন্নত নকশার যুদ্ধবিমানগুলোই পরবর্তীতে নাৎসী বাহিনীর বিরুদ্ধে ব্রিটিশদের বিজয়ে বড় ভূমিকা পালন করে।",11.11,0.00,6.67
news-54467675,"ভারতের চীনা দূতাবাস এক নজিরবিহীন চিঠি পাঠিয়ে সে দেশের সংবাদমাধ্যমকে স্মরণ করিয়ে দিয়েছে, তারা যেন তাদের দেশের সরকারের অনুসৃত 'ওয়ান চায়না' বা 'এক চীন' নীতি থেকে বিচ্যুত না হয়।","তাইওয়ানের জাতীয় দিবসকে সামনে রেখে ভারতীয় সংবাদমাধ্যমকে এক চিঠিতে চীন সতর্ক করেছে যেন তাইওয়ানকে কোনোভাবেই স্বাধীন দেশ বা এর নেতাকে প্রেসিডেন্ট হিসেবে উল্লেখ না করা হয়। লাদাখ সীমান্তে ভারত-চীন উত্তেজনার মধ্যেই বেইজিংয়ের পক্ষ থেকে এমন নির্দেশিকা এল, যেখানে তাইওয়ানকে চীনের অবিচ্ছেদ্য অংশ হিসেবে দাবি করা হয়েছে। এর আগে থেকেই ভারতীয় মিডিয়া চীনকে চাপে ফেলতে তাইওয়ানের সঙ্গে সম্পর্ক উন্নয়নের পক্ষে জোরালো সওয়াল করে আসছিল।",17.20,0.00,10.75
news-46621512,একাদশ জাতীয় সংসদ নির্বাচনের আনুষ্ঠানিক প্রচার শুরুর পর থেকেই আলোচনায় নোয়াখালী। কারণ এই জেলার ৬টি নির্বাচনী আসনের ৫টিতেই বিভিন্ন সময় সংর্ঘষ-সহিংসতার কারণে জাতীয় গণমাধ্যমে খবরের শিরোনাম হয়েছে।,নোয়াখালী-১ আসনের বিভিন্ন এলাকায় নির্বাচনী প্রচারণার চেয়ে ভোটারদের মধ্যে সহিংসতা ও সংঘাতের আতঙ্ক বেশি কাজ করছে। সুষ্ঠু পরিবেশ না থাকলে ভোটকেন্দ্রে না যাওয়ার কথা জানিয়েছেন স্থানীয় অনেক ভোটার। মূলত সাম্প্রতিক রাজনৈতিক সংঘর্ষ ও উত্তপ্ত পরিস্থিতির কারণে সাধারণ মানুষের মধ্যে ভোটের উৎসবের পরিবর্তে ভীতি ও অনিশ্চয়তা তৈরি হয়েছে।,13.16,0.00,10.53
news-53245321,নতুন এক গবেষণায় উঠে এসেছে যে জিনজিয়াংয়ে উইগর মুসলিমদের জনসংখ্যা নিয়ন্ত্রণের লক্ষ্যে মুসলিম নারীদের দেহে জোর করে জন্মনিয়ন্ত্রণকারী যন্ত্র বাসনো বা বন্ধ্যা করানোর কার্যক্রম পরিচালনা করছে চীন।,"চীনের জিনজিয়াং প্রদেশে উইগর মুসলিমদের ডিটেনশন ক্যাম্পে বন্দি রাখা এবং শিশুদের পরিবার থেকে বিচ্ছিন্ন করার মতো গুরুতর মানবাধিকার লঙ্ঘনের অভিযোগ উঠেছে। গবেষক আদ্রিয়ান জেনজের একটি রিপোর্টের ভিত্তিতে আন্তর্জাতিক মহল এই ঘটনার নিরপেক্ষ তদন্তের জন্য জাতিসংঘের প্রতি আহ্বান জানিয়েছে। তবে চীন এসব অভিযোগকে ভিত্তিহীন বলে প্রত্যাখ্যান করে দাবি করেছে যে, সন্ত্রাসবাদ দমনের লক্ষ্যেই তারা এই কার্যক্রম পরিচালনা করছে।",19.05,7.32,14.29
news-55446980,"বিজ্ঞানীরা বলছেন যে কোন ভাইরাস সময়ের সাথে সাথে তাদের ধরন ,গতি, প্রকৃতি পরিবর্তন করে। এটাই স্বাভাবিক।","বাংলাদেশে করোনাভাইরাসের নতুন ধরন শনাক্ত হলেও বিশেষজ্ঞরা একে ভাইরাসের স্বাভাবিক বিবর্তন হিসেবে দেখছেন এবং এ নিয়ে আতঙ্কিত না হওয়ার পরামর্শ দিয়েছেন। তবে নতুন এই ধরনের সংক্রমণ রোধে মাস্ক পরা, হাত ধোয়া ও সামাজিক দূরত্ব বজায় রাখার মতো স্বাস্থ্যবিধি মেনে চলার কোনো বিকল্প নেই। যদিও নতুন এই স্ট্রেইন নিয়ে কিছুটা বিভ্রান্তি রয়েছে, তবুও স্বাস্থ্য কর্তৃপক্ষ ও বিশেষজ্ঞরা সতর্কতামূলক ব্যবস্থা গ্রহণের ওপরই গুরুত্বারোপ করেছেন।",5.13,0.00,5.13
news-51988223,"বাংলাদেশে করোনাভাইরাসে আক্রান্ত রোগীদের চিকিৎসা দেওয়ার জন্য ডাক্তার-নার্সদের প্রয়োজনীয় নিরাপত্তা সরঞ্জামের অভাব নিয়ে বিচ্ছিন্নভাবে যে উদ্বেগ গত কয়েকদিন ধরে শোনা যাচ্ছিল, আজ একটি হাসপাতালের জারি করা নোটিসে তার যথার্থতা অনেকটাই প্রকাশ হয়ে পড়েছে।","ঢাকায় করোনাভাইরাস মোকাবিলায় নিয়োজিত সরকারি হাসপাতালগুলোতে পিপিই ও মাস্কের তীব্র সংকট দেখা দিয়েছে, যার ফলে অনেক হাসপাতাল কর্তৃপক্ষ কর্মীদের নিজ দায়িত্বে সুরক্ষা সরঞ্জাম সংগ্রহের নির্দেশ দিচ্ছে। স্বাস্থ্য অধিদপ্তরের সময়মতো সরঞ্জাম ক্রয়ের প্রস্তাব অনুমোদিত না হওয়ায় চিকিৎসাকর্মীদের নিরাপত্তার ঝুঁকি নিয়ে ব্যাপক উদ্বেগ তৈরি হয়েছে। বিশেষজ্ঞরা সরকারি হাসপাতালের পাশাপাশি বেসরকারি হাসপাতালের কর্মীদের সুরক্ষার বিষয়েও দ্রুত পদক্ষেপ নেওয়ার ওপর গুরুত্বারোপ করেছেন।",6.52,0.00,6.52
news-50228984,যুক্তরাজ্যে আগামী ১২ই ডিসেম্বর সাধারণ নির্বাচন আয়োজনের পক্ষে ভোট দিয়েছে দেশটির পার্লামেন্ট।,"দীর্ঘদিনের ব্রেক্সিট অচলাবস্থা নিরসনে ব্রিটিশ পার্লামেন্টের সদস্যরা আগাম নির্বাচনের পক্ষে বিপুল ভোটে ঐক্যমতে পৌঁছেছেন। ১৯২৩ সালের পর প্রথমবারের মতো দেশটিতে ডিসেম্বরে এই সাধারণ নির্বাচন অনুষ্ঠিত হতে যাচ্ছে, যা এখন লর্ড সভার অনুমোদনের অপেক্ষায় রয়েছে। প্রধানমন্ত্রী বরিস জনসন ও বিরোধী দলীয় নেতা জেরেমি করবিন উভয়ই এই নির্বাচনকে দেশের ভবিষ্যৎ নির্ধারণের একটি গুরুত্বপূর্ণ সুযোগ হিসেবে দেখছেন।",9.09,3.12,6.06
news-45166152,"আপনি যতই চর্বিযুক্ত খাবার খান না কেন, গায়ে মেদ জমার সুযোগ থাকবে না - এও কি সম্ভব?","যুক্তরাষ্ট্রের গবেষকরা এমন এক ধরনের ওষুধ তৈরির সম্ভাবনা দেখছেন, যা মানবদেহে চর্বি শোষণ প্রক্রিয়াকে বাধাগ্রস্ত করে অতিরিক্ত খাদ্য গ্রহণের পরও মেদ জমতে দেবে না। গবেষণায় দেখা গেছে, ল্যাকটিওস নামক নালীর ছিদ্রগুলো বন্ধ করে দিলে উচ্চ চর্বিযুক্ত খাবার খেলেও ওজন বৃদ্ধি পায় না। বর্তমানে গ্লুকোমার চিকিৎসায় ব্যবহৃত ওষুধের কার্যকারিতা কাজে লাগিয়ে ভবিষ্যতে এই মেদবিরোধী ওষুধ তৈরি করা সম্ভব বলে গবেষকরা মনে করছেন।",15.58,2.67,10.39
news-51756073,ভারতের রাজধানী দিল্লিতে যে ভয়াবহ সাম্প্রদায়িক দাঙ্গায় প্রায় পঞ্চাশটির মতো প্রাণহানি ও আড়াইশোরও বেশি মানুষ আহত হয়েছেন - তা নিয়ে দেশের পার্লামেন্টে সরকার কোনও আলোচনাই হতে দিচ্ছে না।,"দিল্লির দাঙ্গা নিয়ে আলোচনার দাবিতে ভারতের পার্লামেন্টের উভয় কক্ষে বিরোধীদের তুমুল হট্টগোলের জেরে টানা তিন দিন অধিবেশন মুলতবি করতে হয়েছে। পরিস্থিতি স্বাভাবিক না হওয়া পর্যন্ত এই বিষয়ে আলোচনার অনুমতি দেবেন না বলে লোকসভার স্পিকার ও রাজ্যসভার চেয়ারম্যান সাফ জানিয়ে দিয়েছেন। এছাড়া, বিশৃঙ্খলা সৃষ্টির দায়ে লোকসভার সাতজন কংগ্রেস সদস্যকে বাজেট অধিবেশন শেষ না হওয়া পর্যন্ত সাসপেন্ড করা হয়েছে।",7.14,0.00,7.14
news-50847683,ভারতের বিতর্কিত নাগরিকত্ব আইনের বিরুদ্ধে বিক্ষোভের উপর নিষেধাজ্ঞা জারি করার পরও যারা অমান্য করে বিক্ষোভ দেখাচ্ছে তাদের গণহারে গ্রেপ্তার করছে দেশটির পুলিশ। এরই মধ্যে গ্রেপ্তার করা মানুষের সংখ্যা হাজার হাজার ছাড়িয়ে গেছে।,"ভারতের নতুন নাগরিকত্ব সংশোধনী আইনের বিরুদ্ধে দেশজুড়ে ব্যাপক বিক্ষোভ ছড়িয়ে পড়েছে, যা নিয়ে সাধারণ মানুষ ও সরকারের মধ্যে তীব্র মতপার্থক্য তৈরি হয়েছে। সরকারি নিষেধাজ্ঞা ও পুলিশি ধরপাকড় উপেক্ষা করে শিক্ষার্থী ও বিভিন্ন শ্রেণি-পেশার মানুষ শান্তিপূর্ণ প্রতিবাদের ডাক দিয়ে রাস্তায় নেমে এসেছেন। সমালোচকদের মতে, এই আইনটি ভারতের মুসলিমদের কোণঠাসা করার একটি সাম্প্রদায়িক এজেন্ডা, যদিও সরকার একে ধর্মীয় নিপীড়নের শিকার অভিবাসীদের সুরক্ষার উপায় হিসেবে দাবি করছে।",20.62,2.11,14.43
news-52240169,সিঙ্গাপুরে করোনাভাইরাসে আক্রান্তদের একটি বড় অংশ সেখানে কর্মরত বাংলাদেশি হওয়ার কারণে এখন এই প্রশ্ন উঠছে যে দক্ষিণ-পূর্ব এশিয়ার ছোট এই দেশটিতে এত বেশী সংখ্যক বাংলাদেশি কোভিড-১৯ রোগে আক্রান্ত হচ্ছেন কেন।,"প্রাথমিকভাবে করোনাভাইরাস নিয়ন্ত্রণে সফল হলেও সিঙ্গাপুরে বর্তমানে অভিবাসী শ্রমিকদের মধ্যে সংক্রমণের হার দ্রুত বৃদ্ধি পাচ্ছে। আক্রান্তদের মধ্যে বাংলাদেশি শ্রমিকের সংখ্যা সবচেয়ে বেশি, যা দেশটির স্বাস্থ্য মন্ত্রণালয়ের তথ্যে উঠে এসেছে। ঘনবসতিপূর্ণ ডরমিটরিতে গাদাগাদি করে বসবাস এবং দলবদ্ধভাবে চলাফেরার কারণেই বাংলাদেশি শ্রমিকদের মধ্যে সংক্রমণের ঝুঁকি বেশি বলে ধারণা করা হচ্ছে।",10.00,0.00,10.00
news-40271292,'সন্ত্রাসবাদী গোষ্ঠীকে সমর্থন দেবার' অভিযোগ এনে সৌদি আরবসহ কয়েকটি আরব দেশ যে কাতারের সঙ্গে কূটনৈতিক-অর্থনৈতিক সম্পর্ক ছ্ন্নি করেছে তাতে মধ্যপ্রাচ্যে এক ধরনের অস্থিতিশীল পরিস্থিতি তৈরি হয়েছে।,মুসলিম ব্রাদারহুড ও ইরানের সঙ্গে ঘনিষ্ঠতা এবং সন্ত্রাসবাদে অর্থায়নের অভিযোগে কাতারকে ঘিরে আরব দেশগুলোর মধ্যে দীর্ঘদিনের কূটনৈতিক উত্তেজনা ও অবরোধ চলছে। সৌদি আরবসহ প্রতিবেশী দেশগুলো কাতারের বিরুদ্ধে ইয়েমেনের হুতি বিদ্রোহীদের সমর্থন ও আল জাজিরার মাধ্যমে উস্কানি দেওয়ার অভিযোগ তুললেও দোহা তা দৃঢ়ভাবে প্রত্যাখ্যান করেছে। রাজপরিবারের সদস্যদের মুক্তির জন্য বিপুল পরিমাণ অর্থ প্রদানের ঘটনায় কাতার নতুন করে আন্তর্জাতিক মহলে সন্ত্রাসবাদে মদদ দেওয়ার সমালোচনার মুখে পড়েছে।,19.78,2.25,8.79
news-48957443,বছর দশের আগে ঢাকার এক কিশোরী ধর্ষণের শিকার হয়।,"বাংলাদেশে ধর্ষণের বিচার প্রক্রিয়ায় দীর্ঘসূত্রতা এবং তথ্য-প্রমাণের অভাবের কারণে অপরাধীদের শাস্তির হার অত্যন্ত নগণ্য। নারীপক্ষের গবেষণা অনুযায়ী, হাজার হাজার মামলার বিপরীতে সাজা পাওয়ার হার হতাশাজনক, যা বিচার ব্যবস্থার দুর্বলতাকে নির্দেশ করে। এছাড়া ভুক্তভোগীদের প্রতি থানা, হাসপাতাল ও আদালতের নেতিবাচক আচরণ এবং পরিবারের অনাগ্রহ ন্যায়বিচার প্রাপ্তির পথে বড় বাধা হয়ে দাঁড়িয়েছে।",3.33,0.00,3.33
news-46251826,"'হাসিনা: এ ডটার্স টেল', চলচ্চিত্রটি এখন প্রকাশ করার মাধ্যমে আওয়ামী লীগ নির্বাচন বিধি লঙ্ঘন করছে বলে অভিযোগ করেছেন বিএনপির সিনিয়র যুগ্ম মহাসচিব রুহুল কবির রিজভী।","নির্বাচনী তফসিল ঘোষণার পর থেকেই আচরণবিধি কার্যকর হয়, তাই প্রচারণার নির্ধারিত সময়ের আগে পোস্টার লাগানো বা মিছিল করা আইনত অবৈধ। পোস্টারের রঙ, আকার, ছবি ব্যবহারের নিয়ম এবং ক্যাম্পেইন অফিস স্থাপনের ক্ষেত্রেও কঠোর বিধিনিষেধ রয়েছে যা অধিকাংশ ক্ষেত্রেই মানা হচ্ছে না। সাবেক নির্বাচন কমিশনার ড. এম সাখাওয়াত হোসেনের মতে, যত্রতত্র পোস্টার লাগানো ও প্রচারণার নিয়ম না মানা নির্বাচনী আচরণবিধির সুস্পষ্ট লঙ্ঘন।",4.71,0.00,4.71
news-52030156,"বান্দরবানের লামা, নাইক্ষ্যংছড়ি ও আলীকদমসহ তিন উপজেলায় লকডাউন ঘোষণা করা হয়েছে।",কক্সবাজারে করোনাভাইরাস শনাক্ত হওয়ার পর সংক্রমণের ঝুঁকি এড়াতে পার্শ্ববর্তী তিন উপজেলায় লকডাউন ঘোষণা করেছে জেলা প্রশাসন। এই সিদ্ধান্তের ফলে উক্ত উপজেলাগুলোর বাসিন্দাদের চলাচল সীমিত করা হয়েছে এবং বাইরের কারো প্রবেশ নিষিদ্ধ করা হয়েছে। পরবর্তী নির্দেশ না দেওয়া পর্যন্ত এই কঠোর সতর্কতা ব্যবস্থা কার্যকর থাকবে।,14.55,3.77,14.55
news-48622117,পশ্চিমবঙ্গের সব সরকারি হাসপাতালের চিকিৎসকরা দুই সহকর্মী জুনিয়ার ডাক্তারদের রোগীর আত্মীয় পরিজনের হাতে মার খাওয়ার প্রতিবাদ জানাতে দুদিন ধরে ধর্মঘট চালাচ্ছেন।,"**সারসংক্ষেপ:** কলকাতার নীলরতন সরকার মেডিক্যাল কলেজে চিকিৎসকদের ওপর হামলার প্রতিবাদে রাজ্যের সরকারি হাসপাতালগুলোতে জুনিয়র ডাক্তার ও ইন্টার্নরা কর্মবিরতি পালন করছেন। নিরাপত্তা নিশ্চিত না হওয়া পর্যন্ত কাজে না ফেরার দাবিতে চিকিৎসকরা অনড় থাকলেও, এর ফলে সাধারণ রোগীরা চরম ভোগান্তির শিকার হচ্ছেন। মুখ্যমন্ত্রী মমতা ব্যানার্জী দ্রুত কাজে যোগ দেওয়ার হুঁশিয়ারি দিলেও, চিকিৎসকরা তাদের আন্দোলন আরও জোরদার করেছেন।",5.26,0.00,5.26
news-42621871,বাংলাদেশে মঙ্গলবার ঢাকা উত্তর সিটি কর্পোরেশনের মেয়র পদে উপ-নির্বাচনের তফসিল ঘোষণা করেছে নির্বাচন কমিশন। আর তার আগের রাতেই জামায়াতে ইসলামী মোহাম্মদ সেলিম-উদ্দিন নামে তাদের মধ্যসারির এক নেতাকে ঐ নির্বাচনে নিজেদের প্রার্থী হিসাবে ঘোষণা করেছে।,নিবন্ধন বাতিল হওয়ায় জামায়াতে ইসলামী রাজনৈতিক দল হিসেবে নির্বাচনে অংশ নিতে না পারলেও তাদের নেতারা স্বতন্ত্র প্রার্থী হওয়ার সুযোগ পাবেন। জামায়াত এককভাবে প্রার্থী ঘোষণার মাধ্যমে সরকারের সাথে সম্পর্ক উন্নয়ন এবং বিএনপিকে নিজেদের গুরুত্ব বোঝানোর কৌশল নিয়েছে। তবে জোটের সাথে আলোচনা ছাড়া এমন সিদ্ধান্তে বিএনপি অসন্তোষ প্রকাশ করেছে এবং আসন্ন নির্বাচনে জোটগতভাবে প্রার্থী দেওয়ার কথা জানিয়েছে।,15.38,2.25,10.99
news-48817879,ঢাকার মোহাম্মদপুরে বাস করেন ঢাকা বিশ্ববিদ্যালয়ের খণ্ড-কালীন শিক্ষক তাহমিনা আক্তার পলি। নিজের কিশোর সন্তান বন্ধুত্ব করতে গিয়ে ভুল করে কি-না কিংবা অপরাধীদের চক্রের সাথে জয়ে পড়ে কি-না এ নিয়ে রীতিমত উৎকণ্ঠায় থাকেন তিনি।,বরগুনায় রিফাত শরীফ হত্যাকাণ্ডের পর 'বন্ড০০৭'সহ বিভিন্ন কিশোর গ্যাংয়ের দৌরাত্ম্য ও তাদের কর্মকাণ্ড জনমনে ব্যাপক উদ্বেগের সৃষ্টি করেছে। সন্তানের ইন্টারনেট ব্যবহার ও তাদের বন্ধু-বান্ধবদের ওপর নিয়ন্ত্রণ রাখা নিয়ে অভিভাবকরা চরম নিরাপত্তাহীনতায় ভুগছেন। কিশোর অপরাধ দমনে সামাজিক সচেতনতার পাশাপাশি সন্তানদের মনোজগৎ ও অনলাইন কার্যক্রমের ওপর নজরদারি বাড়ানো এখন সময়ের দাবি।,2.30,0.00,2.30
news-54679884,তুরস্কের প্রেসিডেন্ট রেচেপ তায়েপ এরদোয়ান ফরাসী প্রেসিডেন্ট এমানুয়েল ম্যাক্রঁকে উদ্দেশ্য করে অপমানসূচক মন্তব্য করায় ফ্রান্সে অবস্থানরত তুরস্কের রাষ্ট্রদূতকে জন্য তলব করেছে ফ্রান্স কর্তৃপক্ষ।,ফ্রান্সে মহানবী (সা.)-এর কার্টুন প্রদর্শনের জেরে এক শিক্ষক হত্যার ঘটনায় প্রেসিডেন্ট ইমানুয়েল ম্যাক্রঁ বাক-স্বাধীনতা ও ধর্মনিরপেক্ষতার পক্ষে কঠোর অবস্থান নিয়েছেন। ম্যাক্রঁর এই অবস্থানের তীব্র সমালোচনা করে তুরস্কের প্রেসিডেন্ট রিসেপ তাইয়েপ এরদোয়ান তার 'মানসিক স্বাস্থ্য পরীক্ষা'র প্রয়োজন বলে কটাক্ষ করেছেন। মূলত ইসলাম ও মুসলিমদের প্রতি ম্যাক্রঁর দৃষ্টিভঙ্গি নিয়ে প্রশ্ন তুলে এরদোয়ান এই বিতর্কিত মন্তব্য করেন।,15.00,2.56,7.50
news-49047322,বিশ্বকাপ ক্রিকেটে নিউজিল্যান্ডের বিজয়ের আশাকে ধূলিসাৎ করার পরও ইংল্যান্ডের ক্রিকেটার বেন স্টোকসকে 'বর্ষ সেরা নিউজিল্যান্ডার' পদকের জন্য মনোনয়ন দেয়া হয়েছে।,বিশ্বকাপ ফাইনালে দুর্দান্ত পারফরম্যান্সের সুবাদে বেন স্টোকসকে নিউজিল্যান্ডের মর্যাদাপূর্ণ 'সেরা নিউজিল্যান্ডার' পুরস্কারের জন্য বিবেচনা করা হচ্ছে। নিউজিল্যান্ডে জন্ম নেওয়া স্টোকসের সাথে দেশটির গভীর সাংস্কৃতিক ও পারিবারিক যোগসূত্র থাকায় তাকে এই পুরস্কারের অন্যতম দাবিদার মনে করা হচ্ছে। তবে এই পুরস্কারের জন্য নিউজিল্যান্ডের অধিনায়ক কেন উইলিয়ামসন তার প্রধান প্রতিদ্বন্দ্বী হিসেবে বিবেচিত হচ্ছেন।,20.00,5.88,17.14
news-43785269,অস্ট্রেলিয়ার ভিক্টোরিয়ায় এক ধরণের 'মাংস-খেকো' ঘা মহামারীর মতো ছড়িয়ে পড়ায় উদ্বিগ্ন হয়ে ডাক্তাররা এ নিয়ে গবেষণার আহ্বান জানিয়েছেন।,"অস্ট্রেলিয়ার ভিক্টোরিয়ায় 'বুরুলি আলসার' নামক এক ভয়ংকর চর্মরোগের প্রাদুর্ভাব আশঙ্কাজনক হারে বৃদ্ধি পাচ্ছে, যা আক্রান্ত ব্যক্তির ত্বক ও মাংসপেশী ধ্বংস করে ফেলে। ব্যাকটেরিয়াঘটিত এই রোগটি কীভাবে ছড়ায় বা কীভাবে এর বিস্তার রোধ করা যায়, তা এখনো চিকিৎসকদের কাছে এক রহস্য। রোগটির সংক্রমণ দ্রুত ছড়িয়ে পড়ায় এবং এর ভয়াবহতা বিবেচনায় বিশেষজ্ঞরা দ্রুত কার্যকর গবেষণার ওপর জোর দিচ্ছেন।",16.00,5.48,16.00
news-53839440,"বাংলাদেশ ভারত সম্পর্কের শীতলতা বা অস্বস্তি নিয়ে নানা জল্পনা কল্পনার মাঝে ঢাকায় দেশ দু'টির পররাষ্ট্র সচিবদের এক বৈঠক থেকে বলা হয়েছে, এ ধরণের আলোচনা ঠিক নয়।","ভারতের পররাষ্ট্র সচিব হর্ষ বর্ধন শ্রিংলার আকস্মিক ঢাকা সফরকালে দুই দেশ পারস্পরিক সম্পর্ককে 'সোনালি অধ্যায়' হিসেবে অভিহিত করে তা আরও জোরদার করার প্রতিশ্রুতি দিয়েছে। তবে তিস্তা চুক্তি ও রোহিঙ্গা ইস্যুসহ বিভিন্ন বিষয়ে ভারতের নীতি নিয়ে বাংলাদেশের জনগণের মধ্যে ক্ষোভ থাকায় এই সফর সম্পর্কের শীতলতা কাটাতে কতটা কার্যকর হবে তা নিয়ে বিশ্লেষকদের সন্দেহ রয়েছে। সবশেষে, বাংলাদেশ ভারতের সাথে সুসম্পর্ক বজায় রাখতে আগ্রহী হলেও জাতীয় স্বার্থের প্রশ্নে কোনো ছাড় দিতে নারাজ।",10.42,2.13,4.17
news-46353846,জিনগত পরিবর্তনের মাধ্যমে পৃথিবী এই প্রথম একটি মানব-সন্তান পেয়েছে বলে দাবি করেছেন এক চীনা বিজ্ঞানী।,"অধ্যাপক হি জনকুই মানব ভ্রূণের জিন পরিবর্তনের মাধ্যমে শিশু জন্মের যে বিতর্কিত দাবি করেছেন, তার সত্যতা নিয়ে বিজ্ঞানীদের মধ্যে গভীর সন্দেহ রয়েছে। অধিকাংশ দেশে এই ধরনের পরীক্ষা নিষিদ্ধ হলেও, তিনি জিন এডিটিং প্রযুক্তি ব্যবহার করে জমজ শিশুর জিন পরিবর্তনের কথা জানিয়েছেন। বিশেষজ্ঞরা সতর্ক করে বলেছেন যে, মানব ভ্রূণের জেনেটিক পরিবর্তন ব্যক্তি ও ভবিষ্যৎ প্রজন্মের জন্য মারাত্মক স্বাস্থ্যঝুঁকি ও নৈতিক সংকটের কারণ হতে পারে।",15.19,5.19,10.13
news-47067207,বাংলাদেশের সকল প্রাথমিক বিদ্যালয়ে আজ বৃহস্পতিবার থেকে চালু করা হয়েছে অভিনব এক কর্মসূচি। প্রতিটি প্রাথমিক বিদ্যালয়ে পালন করা হয়েছে পরিষ্কার পরিচ্ছন্নতা কর্মসূচি।,এসডিজি-৪ অর্জনের লক্ষ্য সামনে রেখে মানসম্মত শিক্ষা পরিবেশ নিশ্চিত করতে দেশের সব প্রাথমিক বিদ্যালয়ে সাপ্তাহিক পরিচ্ছন্নতা কর্মসূচি চালু করা হয়েছে। এখন থেকে প্রতি বৃহস্পতিবার স্কুল ছুটির পর শিক্ষার্থীরা শিক্ষকদের সহায়তায় তাদের শ্রেণিকক্ষ ও বিদ্যালয় আঙিনা পরিষ্কার করবে। এই উদ্যোগের মাধ্যমে শিক্ষার্থীদের মধ্যে পরিচ্ছন্নতা ও সচেতনতাবোধ গড়ে উঠবে বলে আশা করা হচ্ছে।,24.32,5.56,13.51
news-38056657,"বাংলাদেশে এই মুহুর্তে ২৭টি বেসরকারি টেলিভিশন চ্যানেল আছে, যাদের প্রায় সকলেরই সংবাদ এবং সংবাদভিত্তিক নানা অনুষ্ঠানমালা রয়েছে। সেসব অনুষ্ঠান তৈরির সাথে বিভিন্ন পর্যায়ে কাজ করেন নারীকর্মীরাও।","বাংলাদেশে টেলিভিশন সাংবাদিকতায় ক্যামেরাপার্সন বা ভিডিও জার্নালিস্ট হিসেবে নারীদের অংশগ্রহণ এখনো অত্যন্ত নগণ্য। সামাজিক দৃষ্টিভঙ্গি, কর্মক্ষেত্রের চ্যালেঞ্জ এবং পেশাগত প্রশিক্ষণের অভাবকে এই পেশায় নারীদের পিছিয়ে থাকার প্রধান কারণ হিসেবে চিহ্নিত করা হয়েছে। দেশে বেসরকারি চ্যানেলের সংখ্যা বহুগুণ বাড়লেও, সেখানে নারী ক্যামেরাপার্সনের সংখ্যা হাতে গোনা মাত্র কয়েকজনে সীমাবদ্ধ।",13.70,0.00,8.22
news-56116111,বিএনপির প্রতিষ্ঠাতা এবং সাবেক রাষ্ট্রপতি জিয়াউর রহমানের মুক্তিযুদ্ধের খেতাব বাতিলের প্রক্রিয়া রাজনৈতিক বলছেন বিএনপির নেতাকর্মীরা এবং প্রয়োজনে আইনগতভাবে এর মোকাবেলা করতে চায় বিএনপি।,জিয়াউর রহমানের ‘বীর উত্তম’ খেতাব বাতিলের সরকারি উদ্যোগকে রাজনৈতিক উদ্দেশ্যপ্রণোদিত বলে আখ্যায়িত করেছে বিএনপি। দলটির নেতারা এই সিদ্ধান্তের তীব্র বিরোধিতা করে একে সরকারের গণবিরোধী কর্মকাণ্ড থেকে দৃষ্টি সরানোর কৌশল হিসেবে দেখছেন। এই ইস্যুকে সরকার পতনের আন্দোলনের সাথে যুক্ত করে রাজপথে কঠোর কর্মসূচি পালনের ঘোষণা দিয়েছে দলটি।,14.49,2.99,14.49
news-54852351,"যুক্তরাষ্ট্রের নির্বাচন অনুষ্ঠিত হওয়ার পরে চারদিন হতে চললো, বিজয়ী সম্পর্কে এখনো নিশ্চিত হওয়া যায়নি।",যুক্তরাষ্ট্রের প্রেসিডেন্ট নির্বাচনে জয়ী হওয়ার জন্য পপুলার ভোটের চেয়ে ইলেকটোরাল কলেজের ২৭০টি ভোট পাওয়া বাধ্যতামূলক। মহামারির কারণে পোস্টাল ব্যালট বেশি হওয়ায় এবং বিভিন্ন অঙ্গরাজ্যের জটিল গণনা পদ্ধতির কারণে চূড়ান্ত ফলাফল পেতে দেরি হচ্ছে। ডোনাল্ড ট্রাম্প ও জো বাইডেনের মধ্যে তীব্র প্রতিদ্বন্দ্বিতা চলায় এখন সবার নজর ইলেকটোরাল ভোটের চূড়ান্ত হিসাবের দিকে।,3.12,0.00,3.12
news-45838102,দুটি সমলিঙ্গের ইঁদুর মিলে কি একটি বাচ্চা ইঁদুরের জন্ম দিতে পারে? জেনেটিক ইঞ্জিনিয়ারিং এর মাধ্যমে কাজটা করে দেখিয়েছেন চীনের বিজ্ঞানীরা।,"চীনের বিজ্ঞানীরা গবেষণাগারে দুটি স্ত্রী ইঁদুরের জিনগত উপাদানের সমন্বয়ে সফলভাবে সুস্থ ও প্রজননক্ষম বাচ্চা ইঁদুর জন্ম দিতে সক্ষম হয়েছেন। একই লিঙ্গের প্রাণীর মাধ্যমে বংশবৃদ্ধির এই পরীক্ষাটি স্তন্যপায়ী প্রাণীর প্রজননে বিপরীত লিঙ্গের অপরিহার্যতা নিয়ে নতুন প্রশ্নের জন্ম দিয়েছে। তবে পুরুষ ইঁদুরের ক্ষেত্রে একই পরীক্ষা সফল না হওয়ায়, প্রজনন প্রক্রিয়ার মৌলিক নিয়ম ও এর সীমাবদ্ধতা নিয়ে বিজ্ঞানীরা আরও গভীর গবেষণার সুযোগ তৈরি করেছেন।",24.69,5.06,14.81
news-48274760,ঈদে আনন্দ উৎসবের অন্যতম অনুষঙ্গ জুড়ে আছে সালামি বা ঈদি। ঈদকে ঘিরে কয়েক ধরেই চলে এই সালামি দেয়া নেয়ার পালা।,"ঈদের সালামি প্রদানের প্রথাটি সময়ের সাথে সাথে পরিবর্তিত হয়ে এখন কেবল শিশুদের মধ্যে সীমাবদ্ধ না থেকে একটি আনুষ্ঠানিকতায় রূপ নিয়েছে। বর্তমানে সালামি দেওয়া-নেওয়ার বিষয়টি পরিবারের গণ্ডি পেরিয়ে কর্মক্ষেত্রসহ বিভিন্ন ক্ষেত্রে বিস্তৃত হয়েছে এবং এর জন্য আলাদা বাজেট রাখার প্রবণতা তৈরি হয়েছে। আগে সালামি যেখানে ছিল ছোটদের প্রতি বড়দের ভালোবাসা ও আবদারের প্রতীক, এখন তা অনেক ক্ষেত্রে একটি সামাজিক বাধ্যবাধকতা বা আনুষ্ঠানিকতায় পরিণত হয়েছে।",7.14,0.00,4.76
news-45987039,এক সপ্তাহের বেশি সময় ধরে হাজার হাজার অভিবাসী মধ্য আমেরিকান দেশগুলো থেকে যুক্তরাষ্ট্র সীমান্তের দিকে এগিয়ে যাচ্ছে।,"মধ্য আমেরিকার দেশগুলো থেকে দারিদ্র্য, সহিংসতা ও নির্যাতনের হাত থেকে বাঁচতে হাজার হাজার মানুষ দলবদ্ধ হয়ে অভিবাসী কাফেলা নিয়ে আমেরিকার পথে যাত্রা শুরু করেছেন। যাত্রাপথে বিভিন্ন ঝুঁকি থাকলেও, বিপুল সংখ্যক মানুষ একত্রে ভ্রমণ করায় তারা নিজেদের অধিক নিরাপদ মনে করছেন। সামাজিক যোগাযোগমাধ্যমে প্রচারের ফলে এই কাফেলার আকার দ্রুত বৃদ্ধি পেয়ে বর্তমানে বিশাল জনস্রোতে পরিণত হয়েছে।",16.67,5.71,8.33
news-54883415,"নাগোর্নো-কারাবাখের বিরোধপূর্ণ এলাকা নিয়ে সামরিক সংঘাত অবসানে শান্তি চুক্তি করেছে আর্মেনিয়া, আজারবাইজান ও রাশিয়া।","আর্মেনিয়া ও আজারবাইজানের মধ্যে নাগোর্নো-কারাবাখ অঞ্চল নিয়ে ছয় সপ্তাহের রক্তক্ষয়ী লড়াইয়ের পর একটি শান্তি চুক্তি স্বাক্ষরিত হয়েছে। চুক্তির শর্ত অনুযায়ী, বিতর্কিত অঞ্চলটির নিয়ন্ত্রণ আজারবাইজানের হাতে থাকবে এবং আর্মেনিয়া তাদের দখলে থাকা পার্শ্ববর্তী এলাকাগুলো থেকে সেনা প্রত্যাহার করবে। শান্তি বজায় রাখতে ওই অঞ্চলে রাশিয়ার প্রায় দুই হাজার শান্তিরক্ষী মোতায়েন করা হবে এবং বন্দী বিনিময়সহ সব ধরনের যোগাযোগ ব্যবস্থা উন্মুক্ত করা হবে।",13.16,2.70,7.89
news-51130657,ঝিনাইদহের শৈলকূপায় স্কুলের দৌড় প্রতিযোগিতায় অংশ নেয়া এক শিশু দৌড় শেষ হওয়া মাত্র মৃত্যুর কোলে ঢলে পড়ে।,"শৈলকূপার একটি আন্তঃস্কুল ক্রীড়া প্রতিযোগিতায় 'মার্বেল দৌড়' শেষ করে প্রথম স্থান অধিকার করার পরপরই মিরান হোসেন রাফি নামের পঞ্চম শ্রেণির এক ছাত্র অসুস্থ হয়ে মাটিতে লুটিয়ে পড়ে। দ্রুত তাকে উপজেলা স্বাস্থ্য কমপ্লেক্সে নিয়ে যাওয়া হলে কর্তব্যরত চিকিৎসকরা তাকে মৃত ঘোষণা করেন। চিকিৎসকদের মতে, হাসপাতালে পৌঁছানোর আগেই শিশুটির মৃত্যু হয়েছে।",15.15,3.12,12.12
news-56811455,বাংলাদেশে কওমি মাদ্রাসা-ভিত্তিক সংগঠন হেফাজতে ইসলামির একটি প্রতিনিধি দল স্বরাষ্ট্রমন্ত্রী আসাদুজ্জামান খানের সাথে সাক্ষাৎ করে 'ঢালাও গ্রেফতার' বন্ধের দাবি জানিয়েছেন।,"সাম্প্রতিক সহিংসতার ঘটনায় হেফাজতের বেশ কয়েকজন নেতা গ্রেপ্তার হওয়ার পর, সংগঠনটির প্রতিনিধিদল সরকারের সাথে আলোচনার মাধ্যমে সংকট সমাধানের চেষ্টা চালাচ্ছে। হেফাজত আমির জুনায়েদ বাবুনগরী সংগঠনটিকে অরাজনৈতিক দাবি করে নেতাকর্মীদের বিরুদ্ধে দায়ের করা মামলাগুলোকে মিথ্যা ও হয়রানিমূলক বলে অভিহিত করেছেন। গ্রেপ্তারকৃত নেতাদের মুক্তির দাবিতে হেফাজত আইনি লড়াই চালিয়ে যাওয়ার পাশাপাশি সরকারের সাথে সমঝোতার পথও খোলা রেখেছে।",7.89,0.00,5.26
news-56674992,"আন্তর্জাতিক উদরাময় গবেষণা প্রতিষ্ঠান বা আইসিডিডিআর,বি-র এক গবেষণায় দেখা গেছে যে বাংলাদেশে শনাক্ত করোনাভাইরাসের ধরনগুলোর মধ্যে এখন ৮১ শতাংশই দক্ষিণ আফ্রিকান ভ্যারিয়ান্ট এবং এ ধরনটির আবির্ভাবে বাংলাদেশে ভাইরাস বিস্তারের ক্ষেত্রে নাটকীয় পরিবর্তন এসেছে।","বাংলাদেশে করোনাভাইরাসের নতুন ভ্যারিয়েন্টে আক্রান্ত রোগীদের শারীরিক অবস্থার দ্রুত অবনতি লক্ষ্য করছেন চিকিৎসকরা। আক্রান্তদের ফুসফুসে দ্রুত সংক্রমণ ও রক্ত জমাট বাঁধার মতো জটিলতা দেখা দিচ্ছে, যার ফলে রোগীদের দীর্ঘসময় অক্সিজেন সাপোর্ট ও আইসিইউতে থাকতে হচ্ছে। আগের তুলনায় রোগীদের সুস্থ হওয়ার হার কমেছে এবং অনেকের ক্ষেত্রেই পরিস্থিতি দ্রুত নিয়ন্ত্রণের বাইরে চলে যাচ্ছে।",9.30,0.00,6.98
news-55530158,বাংলাদেশে ঢাকায় একজন স্কুল ছাত্রীকে ধর্ষণের পর হত্যার অভিযোগে মামলায় অভিযুক্ত তরুণকে গ্রেফতারের পর তাকে আদালতে হাজির করে কারাগারে পাঠানো হয়েছে।,ঢাকার এক ইংরেজি মাধ্যম স্কুলছাত্রীকে ধর্ষণের পর হত্যার অভিযোগে তার পরিবারের পক্ষ থেকে নারী ও শিশু নির্যাতন দমন আইনে একটি মামলা দায়ের করা হয়েছে। অভিযুক্ত তরুণ আদালতে ঘটনার দায় স্বীকার করে জবানবন্দি দিয়েছে এবং পুলিশ তাকে গ্রেফতার করেছে। নিহতের পরিবার এই নৃশংস ঘটনার সুষ্ঠু তদন্ত ও দ্রুত বিচার দাবি করেছে।,22.54,8.70,19.72
news-45262341,"বাংলাদেশে বহুল আলোচিত ২১ অগাস্টের গ্রেনেড হামলার মামলায় রাষ্ট্রপক্ষের কৌঁসুলিরা বলছেন, আগামী দু'মাসের মধ্যেই বিচারের রায় হতে পারে বলে তারা আশা করছেন।",২০০৪ সালের ২১শে আগস্ট বঙ্গবন্ধু অ্যাভেনিউতে আওয়ামী লীগের সমাবেশে ভয়াবহ গ্রেনেড হামলায় ২৪ জন নিহত এবং শেখ হাসিনাসহ তিন শতাধিক মানুষ আহত হন। দীর্ঘ ১৪ বছরের আইনি প্রক্রিয়ার মধ্য দিয়ে যাওয়া এই মামলায় অনেক ভুক্তভোগী আজও শরীরে স্প্লিন্টার নিয়ে দুঃসহ জীবন অতিবাহিত করছেন। তৎকালীন বিরোধীদলীয় নেত্রী শেখ হাসিনাকে হত্যার উদ্দেশ্যে চালানো এই বর্বরোচিত হামলার বিচারিক প্রক্রিয়া নানা নাটকীয়তার পর দ্রুত বিচার ট্রাইব্যুনালে স্থানান্তরিত হয়।,9.20,0.00,6.90
40626040,এই গ্রহের সম্ভবত সবচেয়ে সাধারণ ও সাদামাটা জুতো - এক টুকরো প্লাস্টিক যা মানুষের পায়ের পাতার সমান এবং তাতে লাগানো দুটো ফিতে যা দিয়ে এটি পায়ের সাথে আটকে থাকে। অর্থাৎ এক জোড়া স্যান্ডেল।,"ব্রাজিলের বিখ্যাত স্যান্ডেল ব্র্যান্ড 'হাভায়ানাস' তার বৈচিত্র্যময় ডিজাইন ও আরামদায়ক রাবারের তৈরির কারণে বিশ্বজুড়ে ব্যাপক জনপ্রিয়তা অর্জন করেছে। ১৯৬০-এর দশকে শ্রমজীবী মানুষের ব্যবহারের জন্য যাত্রা শুরু করলেও, বর্তমানে এটি ধনী-গরিব নির্বিশেষে বিশ্বব্যাপী ফ্যাশন অনুষঙ্গ হিসেবে সমাদৃত। সম্প্রতি কোম্পানিটি একশো কোটি ডলারে বিক্রি হয়েছে, যা বিশ্ববাজারে এর বিশাল বাণিজ্যিক সাফল্যেরই প্রতিফলন।",11.90,0.00,7.14
news-50234771,"যে সন্দেহভাজন ক্রিকেট বুকির সঙ্গে যোগাযোগ রাখার জের ধরে বাংলাদেশের অধিনায়ক সাকিব আল হাসান দু'বছরের জন্য সব ধরনের ক্রিকেটে নিষিদ্ধ হলেন, সেই দীপক আগরওয়াল নামটি ভারতে আগেও আলোচনায় এসেছে।","আইসিসি কর্তৃক সাকিব আল হাসানের নিষেধাজ্ঞার প্রেক্ষাপটে আলোচিত জুয়াড়ি দীপক আগরওয়ালকে ভারতীয় ক্রিকেট বোর্ড (বিসিসিআই) একজন 'পার্সন অব ইন্টারেস্ট' হিসেবে চিহ্নিত করেছে। বিসিসিআই-এর দুর্নীতি দমন বিভাগের প্রধান জানান, তারা এ ধরনের ব্যক্তিদের কর্মকাণ্ডের ওপর নজর রাখেন এবং খেলোয়াড়দের তাদের থেকে দূরে থাকার পরামর্শ দেন। তবে পুলিশি ক্ষমতা না থাকায় তাদের পক্ষে এর চেয়ে বেশি কিছু করা সম্ভব হয় না বলে তিনি উল্লেখ করেন।",10.64,2.17,6.38
news-45455024,"আম: একটি রসালো, অর্ধবৃত্তাকার গ্রীষ্ম মণ্ডলীয় ফল যা হলুদ/ সবুজ/ লাল রঙের হয়ে থাকে এবং যেটির মাঝখানটা শক্ত পাথরের মতো।","আমের শত শত বৈচিত্র্যময় প্রজাতি রয়েছে এবং এটি ভারত, পাকিস্তান ও ফিলিপাইনের জাতীয় ফল ও বাংলাদেশের জাতীয় বৃক্ষ। পর্তুগিজ ও ব্রিটিশদের হাত ধরে তামিল শব্দ থেকে ‘ম্যাঙ্গো’ নামের উৎপত্তি হয়েছে। বর্তমানে বিশ্বজুড়ে প্রতিবছর প্রায় ৪৬ মিলিয়ন টন আম উৎপাদিত হয়, যা পুষ্টিগুণ ও স্বাদের জন্য অত্যন্ত জনপ্রিয়।",11.94,0.00,5.97
news-55211728,বাংলাদেশে হেফাজতে ইসলামীর নেতা জুনায়েদ বাবুনগরী এবং মামুনুল হকসহ তিন জনের বিরুদ্ধে রাষ্ট্রদ্রোহের অভিযোগ তদন্তের জন্য আজ আদালত পুলিশের একটি তদন্ত সংস্থা পিবিআইকে নির্দেশ দিয়েছে।,শেখ মুজিবুর রহমানের ভাস্কর্য নির্মাণের বিরোধিতায় উসকানিমূলক বক্তব্য দেওয়ায় হেফাজতে ইসলামীর আমীর জুনায়েদ বাবুনগরী ও ইসলামী আন্দোলনের নেতা সৈয়দ ফয়জুল করীমসহ কয়েকজনের বিরুদ্ধে রাষ্ট্রদ্রোহের মামলা হয়েছে। আদালত এই অভিযোগ তদন্তের জন্য পিবিআইকে নির্দেশ দিয়েছেন এবং আগামী জানুয়ারির প্রথম সপ্তাহের মধ্যে প্রতিবেদন জমা দিতে বলেছেন। ভাস্কর্যবিরোধী এই অবস্থানের কারণে ইসলামপন্থী দলগুলোর সাথে ক্ষমতাসীন আওয়ামী লীগের রাজনৈতিক টানাপোড়েন সৃষ্টি হয়েছে।,33.73,14.81,26.51
news-49180385,"রাজধানী মধ্য বাড্ডার বাসিন্দা ফারজানা খালিদ। সাড়ে পাঁচ বছর বয়সী এক সন্তানের এই মা জানান, সম্প্রতি বাচ্চাকে পাস্তুরিত তরল দুধ খাওয়ানো বন্ধ করেছেন তিনি।",পাস্তুরিত তরল দুধে ক্ষতিকর উপাদান পাওয়ার ঘটনায় হাইকোর্ট বেশ কয়েকটি ব্র্যান্ডের ওপর নিষেধাজ্ঞা জারি করায় অভিভাবকদের মধ্যে তীব্র আতঙ্ক সৃষ্টি হয়েছে। স্বাস্থ্যঝুঁকির আশঙ্কায় অনেক অভিভাবক তরল দুধ খাওয়ানো বন্ধ করে বিকল্প হিসেবে গুঁড়ো দুধ বেছে নিচ্ছেন। এতে পরিবারের মাসিক খরচ বৃদ্ধির পাশাপাশি বাজারে গুঁড়ো দুধের চাহিদাও বেড়ে গেছে।,11.11,5.71,11.11
news-40174511,সৌদি আরব সহ প্রতিবেশী দেশগুলো এমন সময় কাতারের সঙ্গে সম্পর্ক ছিন্ন করলো যখন ২০২২ সালের বিশ্বকাপ ফুটবলকে সামনে রেখে দেশটিতে ব্যাপক নির্মাণ কাজ চলছে। আর সে নির্মাণকাজে অংশ নিচ্ছে বিপুল সংখ্যক বাংলাদেশী শ্রমিক।,সৌদি আরব ও কাতারের কূটনৈতিক উত্তেজনার ফলে বাংলাদেশের শ্রমবাজারের ওপর তাৎক্ষণিক কোনো নেতিবাচক প্রভাব পড়ার আশঙ্কা নেই বলে বিশেষজ্ঞরা মনে করছেন। তবে মধ্যপ্রাচ্যের সামগ্রিক পরিস্থিতির প্রেক্ষাপটে বাংলাদেশের জনশক্তি রপ্তানি বজায় রাখতে সতর্ক ও সুদূরপ্রসারী কৌশল গ্রহণ করা প্রয়োজন। ভবিষ্যতে কোনো জটিলতা এড়াতে কূটনৈতিক ভারসাম্য বজায় রেখে শ্রমবাজারের নিরাপত্তা নিশ্চিত করার ওপর গুরুত্বারোপ করা হয়েছে।,9.20,2.35,9.20
news-56533637,বাংলাদেশে ভারতীয় প্রধানমন্ত্রী নরেন্দ্র মোদীর আগমনকে কেন্দ্র করে রাজধানী ঢাকার বায়তুল মোকাররম মসজিদ এলাকায় পুলিশের সাথে সংঘর্ষে জড়িয়েছে বিক্ষোভকারীরা।,"**সারসংক্ষেপ:** ভারতের প্রধানমন্ত্রী নরেন্দ্র মোদীর ঢাকা সফরের প্রতিবাদে জুমার নামাজের পর বায়তুল মোকাররম এলাকায় বিক্ষোভকারী ও প্রতিপক্ষের মধ্যে সংঘর্ষের সূত্রপাত হয়। পরিস্থিতি নিয়ন্ত্রণে আনতে পুলিশ কাঁদানে গ্যাস, রাবার বুলেট ও ফাঁকা গুলি বর্ষণ করলে এলাকাটি রণক্ষেত্রে পরিণত হয়। দফায় দফায় চলা এই সংঘর্ষে সাংবাদিকসহ বেশ কয়েকজন আহত হয়েছেন এবং আইনশৃঙ্খলা রক্ষাকারী বাহিনী পুরো এলাকা ঘিরে রেখে পরিস্থিতি নিয়ন্ত্রণে আনে।",12.82,5.26,12.82
news-54141347,বাংলাদেশ-মিয়ানমার আন্তর্জাতিক সীমান্তে মিয়ানমারের সেনাদের গতিবিধি গত কয়েকদিনে বেড়ে যাওয়ার প্রেক্ষাপটে ঢাকায় মিয়ানমারের রাষ্ট্রদূতকে ডেকে উদ্বেগ জানিয়েছে বাংলাদেশ।,বাংলাদেশ-মিয়ানমার সীমান্ত এলাকায় মিয়ানমার সেনাবাহিনীর অস্বাভাবিক টহল ও উপস্থিতি বৃদ্ধি পাওয়ায় বাংলাদেশ সরকার গভীর উদ্বেগ প্রকাশ করেছে। এই পরিস্থিতির প্রেক্ষাপটে পররাষ্ট্র মন্ত্রণালয় মিয়ানমারের রাষ্ট্রদূতকে তলব করে আনুষ্ঠানিকভাবে একটি প্রতিবাদলিপি প্রদান করেছে। তবে সীমান্ত এলাকায় কোনো আন্তর্জাতিক আইন লঙ্ঘনের ঘটনা ঘটেনি বলে মন্ত্রণালয় সূত্রে জানানো হয়েছে।,24.62,6.35,15.38
news-50446359,"একটা স্বতঃসিদ্ধ সত্য হল যা দেখা যায় না, তা গণনা করাও কঠিন। কিন্তু অন্তত অবৈধ অভিবাসনের ক্ষেত্রে পরিসংখ্যানবিদরা অনেক সময়েই এই সত্য মানতে পারেন না।","পিউ রিসার্চ সেন্টারের সাম্প্রতিক এক প্রতিবেদনে দাবি করা হয়েছে যে, বর্তমানে ব্রিটেনে প্রায় আট থেকে ১২ লাখ অবৈধ অভিবাসী বসবাস করছেন। এই সংখ্যা নির্ধারণের জন্য গবেষকরা 'রেসিডিউয়াল মেথড'সহ বিভিন্ন পদ্ধতি ব্যবহার করেছেন, যার মাধ্যমে বৈধ অভিবাসীদের বাদ দিয়ে অবৈধদের হিসাব করা হয়েছে। মূলত কোনো দেশে থাকার বৈধ অধিকার নেই এমন ব্যক্তিদেরই এই প্রতিবেদনে অবৈধ অভিবাসী হিসেবে চিহ্নিত করা হয়েছে।",4.71,0.00,4.71
news-57236939,"বাংলাদেশের আবহাওয়া অধিদপ্তর জানিয়েছে, বঙ্গোপসাগরে অবস্থানরত ঘূর্ণিঝড় 'ইয়াস' প্রবল শক্তিশালী হয়ে সমুদ্রে একই এলাকায় অবস্থান করছে।",ঘূর্ণিঝড় 'ইয়াস'-এর প্রভাবে বাংলাদেশের সমুদ্র বন্দরগুলোতে দুই নম্বর সতর্কতা সংকেত জারি করা হয়েছে। ঘূর্ণিঝড়টি ভারতের ওড়িশা ও পশ্চিমবঙ্গের দিকে অগ্রসর হওয়ার সম্ভাবনা থাকায় বাংলাদেশে সরাসরি আঘাত হানার ঝুঁকি কম। তবে এর প্রভাবে সাগর উত্তাল থাকাসহ উপকূলীয় অঞ্চলে বৃষ্টিপাতের সম্ভাবনা রয়েছে।,10.53,3.64,7.02
news-41969821,"ভারতীয় পররাষ্ট্রমন্ত্রী জানিয়েছেন, বাংলাদেশের রংপুরে সাম্প্রদায়িক হামলায় যেসব হিন্দু ক্ষতিগ্রস্ত হয়েছেন তাদেরকে ক্ষতিপূরণ দেওয়ার ব্যাপারে বাংলাদেশ সরকার ভারতকে আশ্বস্ত করেছে।","রংপুরে ফেসবুক স্ট্যাটাসকে কেন্দ্র করে হিন্দু গ্রামে হামলার ঘটনায় ক্ষতিগ্রস্তদের বাড়িঘর পুনর্নির্মাণে ক্ষতিপূরণ ও নিরাপত্তা দেওয়ার আশ্বাস দিয়েছে বাংলাদেশ সরকার। ভারতীয় পররাষ্ট্রমন্ত্রী সুষমা স্বরাজ জানিয়েছেন, এ বিষয়ে তিনি ঢাকায় নিযুক্ত ভারতীয় হাই কমিশনারের কাছ থেকে বিস্তারিত প্রতিবেদন পেয়েছেন। অতীতেও বাংলাদেশে হিন্দুদের ওপর হামলার ঘটনায় ভারত সরকার উদ্বেগ প্রকাশ করে তাদের নিরাপত্তা নিশ্চিত করার আহ্বান জানিয়েছিল।",16.00,2.74,13.33
150917_cricketer_shahadat_bangladesh,গৃহপরিচারিকাকে নির্যাতনের অভিযোগে মামলা হওয়ার পর থেকে বাংলাদেশ জাতীয় ক্রিকেট দলের পেসার শাহাদত হোসেনকে খুঁজে পাচ্ছেনা পুলিশ।,"গৃহপরিচারিকা নির্যাতনের অভিযোগে মামলা হওয়ার পর থেকে জাতীয় দলের ক্রিকেটার শাহাদাত হোসেন পলাতক রয়েছেন এবং পুলিশ তাকে খুঁজে পেতে ব্যর্থ হয়েছে। শাহাদাতের অবস্থান নিয়ে জনমনে রহস্যের সৃষ্টি হলেও তার পরিবার ও ক্রিকেট বোর্ড এ বিষয়ে কোনো মন্তব্য করতে রাজি হয়নি। এদিকে, নির্যাতিত শিশুটি বর্তমানে চিকিৎসাধীন রয়েছে এবং শাহাদাতের ব্যবহৃত ফ্ল্যাটটি ঘটনার পর থেকেই তালাবদ্ধ অবস্থায় পাওয়া গেছে।",24.32,8.33,18.92
news-55530161,জো বাইডেন পরবর্তী প্রেসিডেন্ট হিসেবে শপথ নেবার আগে ট্রাম্প সমর্থক ও উগ্র-দক্ষিণপন্থী গোষ্ঠীগুলো পুরো যুক্তরাষ্ট্র জুড়ে 'সশস্ত্র বিক্ষোভ' করতে পারে বলে সতর্ক করেছে তদন্ত সংস্থা এফবিআই।,"যুক্তরাষ্ট্রের ক্যাপিটল ভবনে হামলার ঘটনার পর জো বাইডেনের অভিষেককে কেন্দ্র করে ওয়াশিংটন ডিসি ও বিভিন্ন অঙ্গরাজ্যে সশস্ত্র বিক্ষোভের আশঙ্কা দেখা দিয়েছে। সম্ভাব্য সহিংসতা মোকাবিলায় নিরাপত্তা জোরদার করা হয়েছে এবং ওয়াশিংটনে ১০ হাজার ন্যাশনাল গার্ড সেনা মোতায়েন করা হচ্ছে। এফবিআইয়ের সতর্কবার্তা অনুযায়ী, উগ্রপন্থী গোষ্ঠীগুলো সরকারি ভবনগুলোতে হামলার পরিকল্পনা করছে বলে গোয়েন্দা তথ্য পাওয়া গেছে।",12.50,0.00,10.00
news-47810027,আইনি জটিলতায় জমির মালিকানা হারানোর ২৩ বছর পর নিজের ছেলের দক্ষতায় জমির মালিকানা ফিরে পেয়েছেন উগান্ডার এক ব্যক্তি।,উগান্ডার জর্ডান কিনইয়েরা শৈশবে বাবার জমি বেদখল হওয়ার ঘটনা দেখে অনুপ্রাণিত হয়ে আইনজীবী হওয়ার সিদ্ধান্ত নেন। দীর্ঘ দুই দশকের আইনি লড়াই শেষে তিনি অবশেষে তার বাবার হারানো জমি পুনরুদ্ধার করতে সক্ষম হয়েছেন। এই দীর্ঘ বিচারিক প্রক্রিয়ার অভিজ্ঞতা তাকে ন্যায়বিচার নিশ্চিত করার লড়াইয়ে গভীরভাবে উদ্বুদ্ধ করেছে।,6.35,0.00,3.17
news-47312908,"পুরান ঢাকার চকবাজারে শাহী মসজিদের কাছে একটি ভবনে লাগা আগুন প্রায় নিয়ন্ত্রণে এসেছে বলে বলে জানিয়েছে ফায়ার সার্ভিস। সংস্থার একজন পরিচালক বলছেন, এ পর্যন্ত ১২জন মানুষের মৃতদেহ উদ্ধার হয়েছে।","বুধবার রাতে পুরান ঢাকার চকবাজারে একটি পাঁচতলা ভবনে ভয়াবহ অগ্নিকাণ্ডের ঘটনা ঘটে, যা দ্রুত আশেপাশের ভবনে ছড়িয়ে পড়ে। ফায়ার সার্ভিসের ৩৭টি ইউনিট আগুন নিয়ন্ত্রণে কাজ করছে এবং এখন পর্যন্ত ১২ জনের মরদেহ উদ্ধার করা হয়েছে। সংকীর্ণ রাস্তা ও বৈদ্যুতিক সরঞ্জামের আধিক্যের কারণে উদ্ধারকাজ ব্যাহত হচ্ছে এবং ভবনটি ধসে পড়ার আশঙ্কা করা হচ্ছে।",19.75,5.06,19.75
news-49072382,ইসরায়েলের মরুভূমিতে এমন একটি মসজিদের সন্ধান পাওয়া গেছে যা ইসলামের শুরুর দিকে নির্মাণ করা হয়েছিল।,"ইসরায়েলের নেগেভ মরুভূমির রাহাত এলাকায় খননকাজের সময় সপ্তম বা অষ্টম শতাব্দীর একটি প্রাচীন মসজিদের ধ্বংসাবশেষ আবিষ্কৃত হয়েছে। প্রত্নতত্ত্ববিদদের মতে, এটি বিশ্বের অন্যতম প্রাচীন ও বিরল মসজিদ, যা তৎকালীন স্থানীয় কৃষকদের উপাসনার কাজে ব্যবহৃত হতো। মক্কার দিকে মুখ করা মেহরাবসহ আয়তাকার এই স্থাপনাটি ইসলাম ধর্মের শুরুর দিকের ইতিহাসের এক গুরুত্বপূর্ণ নিদর্শন।",21.54,0.00,18.46
news-56631353,বাংলাদেশে রাজধানী ঢাকার নিকটবর্তী নারায়ণগঞ্জে শীতলক্ষ্যা নদীতে একটি লঞ্চ ডুবে গেছে। লঞ্চটিতে অন্তত ৩৫ জন যাত্রী ছিলেন বলে কর্মকর্তারা জানাচ্ছেন।,রবিবার বিকেলে মুন্সিগঞ্জ থেকে নারায়ণগঞ্জের উদ্দেশ্যে ছেড়ে আসা 'সাবিথ আল হাসান' নামের একটি লঞ্চ শীতলক্ষ্যা নদীতে মালবাহী জাহাজের ধাক্কায় ডুবে গেছে। লঞ্চটিতে ৩৫ থেকে ৫০ জনের মতো যাত্রী ছিল বলে ধারণা করা হচ্ছে এবং উদ্ধার কাজে ফায়ার সার্ভিস কাজ শুরু করেছে। কালবৈশাখী ঝড়ের কবলে পড়ে এই দুর্ঘটনাটি ঘটে বলে প্রাথমিকভাবে জানা গেছে।,27.78,11.43,22.22
news-49995694,"পাকিস্তানের একজন ডাক্তার, যিনি আল কায়েদা নেতা ওসামা বিন লাদেনকে খুঁজে বের করতে যুক্তরাষ্ট্রকে সাহায্য করেছিলেন, তার কারাদণ্ডের আদেশের বিরুদ্ধে আপিল করেছেন।",ওসামা বিন লাদেনকে খুঁজে বের করতে সহায়তা করা ডা. শাকিল আফ্রিদির মামলার শুনানি শুরু হলেও তা ২২ অক্টোবর পর্যন্ত মুলতুবি করা হয়েছে। পাকিস্তানে বিশ্বাসঘাতক হিসেবে বিবেচিত এই চিকিৎসককে নিয়ে দেশটির সাথে যুক্তরাষ্ট্রের দীর্ঘদিনের কূটনৈতিক টানাপোড়েন ও অর্থ সহায়তা হ্রাসের ঘটনা ঘটেছে। মার্কিন প্রেসিডেন্ট ট্রাম্প তাকে মুক্ত করার প্রতিশ্রুতি দিলেও বাস্তবে তা এখনো কার্যকর হয়নি।,15.79,13.51,15.79
news-48409940,বাংলাদেশে প্রধানমন্ত্রী শেখ হাসিনা ঢাকা-চট্টগ্রাম মহাসড়কে মেঘনা এবং গোমতী নদীর উপর নতুন তৈরি দুটো সেতুসহ বেশ কয়েকটি অবকাঠামো প্রকল্পের উদ্বোধন করেছেন ।,"ঢাকা-চট্টগ্রাম মহাসড়ক চার লেনে উন্নীত করা হলেও মেঘনা ও গোমতী নদীর পুরনো সরু সেতুগুলোর কারণে সেখানে দীর্ঘ সময় ধরে তীব্র যানজট লেগে থাকছিল। এই ভোগান্তি নিরসনে পুরনো সেতুগুলোর পাশে নির্মিত নতুন দুটি সেতু আজ যান চলাচলের জন্য খুলে দেওয়া হয়েছে। বিশেষজ্ঞরা বলছেন, মহাসড়ক প্রশস্ত করার সময় সেতুর সক্ষমতা বিবেচনায় না নেওয়াটা মূলত দীর্ঘমেয়াদী পরিকল্পনারই ঘাটতি।",15.38,5.26,15.38
news-49481260,বাংলাদেশের পার্বত্য এলাকায় নিরাপত্তা বাহিনীর জন্য যে সংগঠনটি সবচেয়ে বেশি মাথাব্যথার কারণ হয়ে দাঁড়িয়েছে সেটির নাম ইউনাইটেড পিপলস ডেমোক্রেটিক ফ্রন্ট বা ইউপিডিএফ।,পার্বত্য চট্টগ্রামে সাম্প্রতিক সহিংসতা ও গোলাগুলির ঘটনায় নিরাপত্তা বাহিনী এবং ইউপিডিএফ পরস্পরবিরোধী বক্তব্য প্রদান করেছে। ১৯৯৮ সালে পার্বত্য শান্তিচুক্তির বিরোধিতার মাধ্যমে গঠিত ইউপিডিএফ-এর উত্থান এবং নিরাপত্তা বাহিনীর সাথে তাদের সম্পর্কের বিষয়টি দীর্ঘকাল ধরে আলোচনার কেন্দ্রবিন্দুতে রয়েছে। বর্তমানে এই অঞ্চলে নতুন করে অস্থিরতা ও নিরাপত্তা নিয়ে জনমনে গভীর উদ্বেগের সৃষ্টি হয়েছে।,10.96,2.82,8.22
news-45017044,শিক্ষকের নাম উল্লেখ না করলেও সামাজিক যোগাযোগ মাধ্যমে শিক্ষককে নিয়ে করা ব্যঙ্গাত্মক পোস্টের কারণে ঢাকা বিশ্ববিদ্যালয় থেকে বিভিন্ন মেয়াদে বহিষ্কারের ঘটনায় বিস্মিত হয়েছেন শিক্ষার্থীরা।,"পরীক্ষাকেন্দ্রে অসদাচরণের অভিযোগে খাতা কেড়ে নেওয়ায় ক্ষুব্ধ হয়ে প্রশ্নপত্র ছিঁড়ে ফেলা ও ফেসবুকে পোস্ট দেওয়ার দায়ে ঢাকা বিশ্ববিদ্যালয়ের এক শিক্ষার্থীকে এক বছরের জন্য বহিষ্কার করা হয়েছে। ভুক্তভোগী শিক্ষার্থী দাবি করেছেন যে, তিনি ও তার বন্ধুরা কেবল মনের ক্ষোভ প্রকাশ করেছিলেন এবং পরবর্তীতে প্রক্টরের কার্যালয়ে গিয়ে ক্ষমাও চেয়েছেন। তবে ক্ষমা চাওয়ার পরও এমন কঠোর শাস্তির বিষয়টি তাদের কাছে অপ্রত্যাশিত ছিল বলে তিনি জানিয়েছেন।",4.65,0.00,2.33
news-51413691,বাংলাদেশের একজন ধর্মীয় বক্তা মিজানুর রহমান আজহারি মালয়েশিয়া চলে যাওয়ার ঘোষণা দেয়ার পর তাকে নিয়ে সামাজিক মাধ্যমে ব্যাপক আলোচনা শুরু হয়েছে।,গবেষণা ও পারিপার্শ্বিক কারণ দেখিয়ে জনপ্রিয় ইসলামি বক্তা মিজানুর রহমান আজহারি গত ২৯ জানুয়ারি থেকে মার্চ মাস পর্যন্ত তার সব ওয়াজ মাহফিল স্থগিত ঘোষণা করেন। ঘোষণা অনুযায়ী তিনি মালয়েশিয়ায় ফিরে গেছেন বলে তার ঘনিষ্ঠ সূত্র ও বিভিন্ন মহল থেকে জানা গেছে। তবে তার মালয়েশিয়ায় যাওয়ার বিষয়টি আনুষ্ঠানিকভাবে নিশ্চিত হওয়া যায়নি এবং বর্তমানে তার সাথে কারো কোনো যোগাযোগ নেই।,12.66,7.79,12.66
news-47026944,"যোদ্ধা, লড়াকু, হিরো- ক্যান্সার আক্রান্ত ব্যক্তিদের প্রসঙ্গে কথা বলতে গিয়ে আপনি হয়তো কখনো এসব শব্দ ব্যবহার করে থাকতে পারেন।","যুক্তরাজ্যের ম্যাকমিলান ক্যান্সার সাপোর্টের এক জরিপে দেখা গেছে, ক্যান্সার রোগীদের অনেকে 'যোদ্ধা' বা 'লড়াইয়ে হেরে যাওয়া'র মতো প্রচলিত নেতিবাচক শব্দগুলোকে অপমানজনক ও মানসিক চাপের কারণ মনে করেন। রোগীরা এসব রূপক শব্দের পরিবর্তে তাদের শারীরিক অবস্থাকে সহজ ও বাস্তবসম্মত ভাষায় বর্ণনা করার পক্ষে মত দিয়েছেন। তাই ক্যান্সার নিয়ে আলোচনার ক্ষেত্রে সংবেদনশীল ও নিরপেক্ষ শব্দ ব্যবহারের ওপর গুরুত্বারোপ করা হয়েছে।",10.26,0.00,7.69
news-45628735,২০১৬ সালের ভারতের উত্তর পূর্বাঞ্চলীয় রাজ্য সিকিমকে সম্পূর্ণ অর্গানিক স্টেট বা কেমিক্যাল ফ্রি রাজ্য হিসেবে ঘোষণা করা হয়।,"২০১৬ সালে সিকিম ভারতের প্রথম সম্পূর্ণ অর্গানিক বা রাসায়নিকমুক্ত রাজ্য হিসেবে স্বীকৃতি লাভ করে। শুরুতে কৃষকদের মধ্যে অনিশ্চয়তা ও উৎপাদন হ্রাসের আশঙ্কা থাকলেও, সরকারি সহায়তা ও দীর্ঘমেয়াদী প্রচেষ্টার মাধ্যমে তারা এই অর্গানিক মডেলে অভ্যস্ত হয়ে ওঠে। বর্তমানে সিকিমে কীটনাশকের ব্যবহার আইনত দণ্ডনীয় অপরাধ হিসেবে গণ্য করা হয় এবং ভারত সরকার এই মডেলটি সারা দেশে ছড়িয়ে দেওয়ার পরিকল্পনা করছে।",23.68,8.11,23.68
news-44403732,ভারতের হিন্দু পুণরুত্থানবাদী সংগঠন রাষ্ট্রীয় স্বয়ংসেবক সংঘ বা আরএসএস-এর সদর দপ্তর নাগপুরে বৃহস্পতিবার এক অনুষ্ঠানে যোগ দিয়েছিলেন আজীবন কংগ্রেস রাজনীতির মানুষ ও ভারতের প্রাক্তন রাষ্ট্রপতি প্রণব মুখার্জী।,"আরএসএস-এর আমন্ত্রণে সাড়া দিয়ে প্রণব মুখার্জী তাদের সদর দপ্তরে গিয়ে ভারতের বহুত্ববাদ ও সহিষ্ণুতার ঐতিহ্য নিয়ে গুরুত্বপূর্ণ ভাষণ দিয়েছেন। তিনি স্পষ্টভাবে উল্লেখ করেন যে, ঘৃণা ও অসহিষ্ণুতা ভারতের জাতীয় পরিচয়কে বিপন্ন করে তোলে এবং ভারতীয় জাতীয়তাবাদ কোনো নির্দিষ্ট ধর্ম বা জাতির ভিত্তিতে হতে পারে না। কংগ্রেসের দীর্ঘ রাজনৈতিক আদর্শের অনুসারী হয়েও তিনি আরএসএস-এর মঞ্চে দাঁড়িয়ে পরমতসহিষ্ণুতার প্রয়োজনীয়তার ওপর জোর দিয়ে নিজের অবস্থান তুলে ধরেন।",19.15,4.35,10.64
news-53595136,ঢাকার পল্লবী থানার ভেতর বিস্ফোরণের দায় ইসলামিক স্টেট স্বীকার করেছে বলে অনলাইনে জিহাদি তৎপরতা পর্যবেক্ষণকারী সংস্থা সাইট ইন্টেলিজেন্স এক টুইটে বুধবার জানানোর পর বাংলাদেশ পুলিশের পক্ষ থেকে জানানো হয়েছে যে এটি কোন সন্ত্রাসী হামলা নয়।,"পল্লবী থানায় বিস্ফোরণের ঘটনাটি আইএস ঘটিয়েছে বলে দাবি করলেও, এর সপক্ষে কোনো বিশ্বাসযোগ্য প্রমাণ পাওয়া যায়নি। বিশেষজ্ঞ তাসনিম খলিলের মতে, আইএসের সাম্প্রতিক দাবিগুলো যাচাইযোগ্য নয় এবং পুলিশের দেওয়া বিস্ফোরণের কারণটিই অধিকতর গ্রহণযোগ্য। মূলত, উদ্ধার করা একটি বোমা বিস্ফোরিত হওয়ার ফলেই এই অনাকাঙ্ক্ষিত ঘটনাটি ঘটেছে বলে পুলিশ জানিয়েছে।",9.76,0.00,9.76
news-43488797,সারা বিশ্বে বেঁচে থাকা একমাত্র পুরুষ শ্বেত গণ্ডারটির মৃত্যুর পর এই প্রজাতিব প্রাণীটি 'আনুষ্ঠানিকভাবে' বিলুপ্ত হয়ে গেছে।,"বর্তমানে ভাকুইয়তা ডলফিনসহ বিশ্বের ৫,৫৮৩টি প্রাণী প্রজাতি বিলুপ্তির চরম ঝুঁকির মুখে রয়েছে। আইইউসিএন-এর 'রেড লিস্ট' অনুযায়ী এসব প্রাণীর সংখ্যা আশঙ্কাজনকভাবে কমে যাওয়ায় এদের অস্তিত্ব রক্ষায় বিজ্ঞানসম্মত আইভিএফ পদ্ধতির মতো জরুরি পদক্ষেপের কথা ভাবা হচ্ছে। বন্যপ্রাণী সংরক্ষণে কাজ করা সংস্থাগুলো এই পরিস্থিতিকে অত্যন্ত ভয়াবহ বলে সতর্ক করেছে।",3.08,0.00,3.08
news-55968327,বাংলাদেশের সহস্রাধিক হাসপাতালে একযোগে শুরু হয়েছে গণ-টিকাদান কর্মসূচি।,স্বাস্থ্যমন্ত্রী জাহিদ মালেক অক্সফোর্ড-অ্যাস্ট্রাজেনেকার টিকা গ্রহণের মাধ্যমে দেশে করোনাভাইরাসের গণ-টিকাদান কর্মসূচির আনুষ্ঠানিক উদ্বোধন করেছেন। টিকা নিয়ে সব ধরনের গুজব ও সমালোচনা এড়িয়ে তিনি এটিকে সম্পূর্ণ নিরাপদ হিসেবে অভিহিত করে জনগণকে নির্ভয়ে টিকা নেওয়ার আহ্বান জানিয়েছেন। সরকার প্রথম দফায় সম্মুখসারির কর্মী ও ৫৫ বছরের বেশি বয়সীদের বিনামূল্যে টিকা প্রদানের মাধ্যমে সারা বছরব্যাপী এই কার্যক্রম পরিচালনার পরিকল্পনা নিয়েছে।,5.97,3.08,5.97
news-50614559,"ভারতের ব্যাঙ্গালোর থেকে বাংলাদেশী সন্দেহে নারী ও শিশুসহ যে ৫৯ ব্যক্তিকে আটক করে গত সপ্তাহে কলকাতা-সংলগ্ন হাওড়ায় নিয়ে আসা হয়েছিল, তাদের আর কোনও খোঁজ পাওয়া যাচ্ছে না।","ব্যাঙ্গালোর থেকে আটক ৫৯ জন কথিত বাংলাদেশিকে হাওড়ার একটি প্রশিক্ষণ কেন্দ্রে রাখা হলেও, বর্তমানে তাদের গোপনে বাংলাদেশে পুশব্যাক করা হয়েছে বলে মানবাধিকার সংগঠন নিশ্চিত করেছে। এ বিষয়ে সরকারিভাবে কোনো আনুষ্ঠানিক তথ্য না দেওয়া হলেও, সীমান্ত এলাকায় অবৈধ অনুপ্রবেশের দায়ে আটকের সংখ্যা বৃদ্ধি পেয়েছে বলে বিজিবি জানিয়েছে। ভারত থেকে বাংলাদেশে এই ধরনের গোপন পুশব্যাক প্রক্রিয়া নিয়ে সংশ্লিষ্ট মহলে ব্যাপক ধোঁয়াশা তৈরি হয়েছে।",13.48,2.30,11.24
news-48953693,"বাংলাদেশের পরিবার পরিকল্পনা অধিদপ্তরের তথ্য অনুযায়ী, ১৯৭৫ সালে সক্ষম দম্পতি প্রায় ৮ শতাংশ জন্মনিয়ন্ত্রণ পদ্ধতি ব্যবহার করতেন আর এখন এ সংখ্যা ৬৩ দশমিক ১ শতাংশ।","বাংলাদেশে জন্মনিয়ন্ত্রণের ক্ষেত্রে খাবার বড়ি ও কনডম সবচেয়ে জনপ্রিয় পদ্ধতি হিসেবে বিবেচিত হচ্ছে, যা মূলত এগুলোর সহজলভ্যতা ও পার্শ্বপ্রতিক্রিয়াহীন ব্যবহারের কারণে সম্ভব হয়েছে। যদিও শহর ও গ্রাম উভয় অঞ্চলেই নারীরা জন্মনিয়ন্ত্রণ সেবার আওতায় এগিয়ে আছেন, তবুও সামাজিক ও অর্থনৈতিক কারণে স্থায়ী পদ্ধতিগুলো এখনো তেমন জনপ্রিয়তা পায়নি। সরকারি ও বেসরকারি তথ্য অনুযায়ী, গত পাঁচ বছরে জন্মনিয়ন্ত্রণ ব্যবহারের হার খুব একটা না বাড়লেও প্রজনন স্বাস্থ্য সচেতনতা বৃদ্ধিতে পরিবার পরিকল্পনা কার্যক্রম অব্যাহত রয়েছে।",12.63,4.30,6.32
news-55020008,বাংলাদেশে ফরিদপুরের সালথা উপজেলায় আহলে হাদিস অনুসারীদের একটি মসজিদসহ মাদ্রাসা ভেঙে গুড়িয়ে দেয়ার অভিযোগে মামলার তদন্ত শুরু করা হয়েছে বলে স্থানীয় প্রশাসন জানিয়েছে।,ফরিদপুরের সালথায় কওমী মাদ্রাসা ও হেফাজতে ইসলামের সমর্থকদের বিরুদ্ধে আহলে হাদিস পরিচালিত একটি মাদ্রাসা ও মসজিদে হামলা চালিয়ে ভাঙচুরের অভিযোগ উঠেছে। হামলার ঘটনায় মাদ্রাসার শিক্ষক ও শিক্ষার্থীরা প্রাণভয়ে পালিয়ে রক্ষা পেলেও বর্তমানে তারা নিরাপত্তাহীনতায় ভুগছেন এবং মামলা তুলে নেওয়ার হুমকি পাচ্ছেন। স্থানীয়ভাবে দীর্ঘদিনের বিরোধ ও উস্কানিমূলক প্রচারণার জেরে এই হামলার ঘটনা ঘটেছে বলে ভুক্তভোগী মাদ্রাসা কর্তৃপক্ষ দাবি করেছে।,14.81,2.53,14.81
news-44747795,দামেস্কে এলে মনে হয় না সিরিয়ায় যুদ্ধ চলছে। দামেস্কের কেন্দ্রে গত সাতবছরের যুদ্ধের কোন আঁচড়ই যেন লাগেনি। অথচ এই দামেস্করই অনেক উপশহর তীব্র লড়াইয়ে রীতিমত ধ্বংসস্তূপে পরিণত হয়েছে।,"সিরিয়ার দামেস্কে যুদ্ধের আতঙ্ক ও ধ্বংসযজ্ঞের রেশ থাকলেও বর্তমানে শহরটিতে জনজীবন অনেকটা স্বাভাবিক হয়ে এসেছে এবং মানুষ বিশ্বকাপের আমেজে মেতে উঠেছে। বিদ্রোহীদের শক্ত ঘাঁটি পূর্ব ঘুটার পতনের পর দামেস্কের পরিস্থিতি স্থিতিশীল হলেও যুদ্ধ এখনো দেশের সীমান্তবর্তী অঞ্চলগুলোতে অব্যাহত রয়েছে। যুদ্ধের ভয়াবহ ক্ষত ও ধ্বংসলীলা এখনো দৃশ্যমান, যা সাধারণ মানুষের জীবনের ওপর গভীর প্রভাব ফেলে রেখেছে।",9.64,0.00,7.23
news-52102600,বাংলাদেশে আসন্ন বাংলা নববর্ষের অনুষ্ঠান বন্ধ রাখার জন্য আহবান জানিয়েছেন প্রধানমন্ত্রী শেখ হাসিনা।,করোনাভাইরাসের সংক্রমণ রোধে জনসমাগম এড়াতে প্রধানমন্ত্রী শেখ হাসিনা এ বছর বাংলা নববর্ষের সকল অনুষ্ঠান ডিজিটাল পদ্ধতিতে করার আহ্বান জানিয়েছেন। তিনি যেকোনো শারীরিক লক্ষণ দেখা দিলে তা গোপন না করে দ্রুত পরীক্ষার পরামর্শ দিয়েছেন এবং ত্রাণ বিতরণের সময়ও জনসমাগম এড়িয়ে চলার নির্দেশ দিয়েছেন। এছাড়া পরিস্থিতির প্রয়োজনে দেশে চলমান সরকারি ছুটির মেয়াদ আরও বাড়ানো হতে পারে বলেও তিনি ইঙ্গিত দিয়েছেন।,16.90,8.70,8.45
news-50786181,"বাংলাদেশের দু'জন মন্ত্রীর পূর্বনির্ধারিত ভারত সফর বাতিল করার পর তা নিয়ে নানা আলোচনার মুখে ক্ষমতাসীন আওয়ামী লীগের সাধারণ সম্পাদক ওবায়দুল কাদের বলেছেন, এখন বিজয় দিবসের আগে রাষ্ট্রীয় কাজে ব্যস্ততার কারণে মন্ত্রীরা এই সফর বাতিল করেছেন।","ভারতের নাগরিকত্ব সংশোধনী আইন ও এনআরসি ইস্যুতে সৃষ্ট উত্তেজনার প্রেক্ষাপটে বাংলাদেশের পররাষ্ট্রমন্ত্রী ও স্বরাষ্ট্রমন্ত্রী তাদের পূর্বনির্ধারিত ভারত সফর বাতিল করেছেন। কূটনৈতিক সূত্রগুলো একে ভারতের সাম্প্রতিক মন্তব্যের প্রতি বাংলাদেশের অস্বস্তির বহিঃপ্রকাশ হিসেবে দেখলেও, সরকারিভাবে সফর বাতিলের পেছনে অন্য কোনো কারণ নেই বলে জানানো হয়েছে। তবে মন্ত্রীদের এই সফর বাতিলের ঘটনাটি দুই দেশের রাজনৈতিক মহলে ব্যাপক আলোচনার জন্ম দিয়েছে।",19.35,10.99,15.05
news-56762989,"বাংলাদেশে করোনাভাইরাসে আক্রান্ত হয়ে গত নয় দিনেই মারা গেছে ৭১৯ জন, যার মধ্যে ৬৯৩ জনই মারা গেছে হাসপাতালে। চিকিৎসক ও বিশেষজ্ঞরা বলছেন দ্রুত ফুসফুস সংক্রমণ ছাড়াও বছরের শুরুতে রোগটির প্রতি অবহেলার কারণেই অনেকে এখন সংকটাপন্ন অবস্থায় হাসপাতালে যাচ্ছেন।","বাংলাদেশে করোনা সংক্রমণের দ্বিতীয় ঢেউয়ে মৃত্যু ও আইসিইউ সংকটের হার আশঙ্কাজনকভাবে বৃদ্ধি পেয়েছে। আক্রান্তরা দেরিতে হাসপাতালে আসা এবং চিকিৎসায় বিলম্ব করার ফলে ফুসফুসের দ্রুত ক্ষতি হওয়ায় মৃত্যুর সংখ্যা বাড়ছে। বিশেষজ্ঞরা বলছেন, জনগণের অসচেতনতা এবং দ্বিতীয় ঢেউ মোকাবিলায় যথাযথ প্রস্তুতির অভাবই এই পরিস্থিতির জন্য দায়ী।",14.63,2.50,9.76
news-48161906,শক্তিশালী ঘূর্ণিঝড় ফণী দুর্বল হয়ে বাংলাদেশে প্রবেশ করলেও দেশটির বিভিন্ন জায়গায় গাছ বা ঘরের নীচে চাপা পড়ে কমপক্ষে পাঁচজনের নিহত হওয়ার খবর পাওয়া গেছে।,ঘূর্ণিঝড় ফণী দুর্বল হয়ে স্থল নিম্নচাপে পরিণত হওয়ায় বাংলাদেশে এর বিপদ কেটে গেছে এবং উপকূলীয় আশ্রয়কেন্দ্রের মানুষ বাড়ি ফিরতে শুরু করেছেন। ফণীর প্রভাবে দেশের বিভিন্ন স্থানে প্রতিকূল আবহাওয়ায় শিশুসহ বেশ কয়েকজন নিহত হয়েছেন। ভারতের উড়িষ্যা উপকূলে আঘাত হানার পর ঝড়টি বর্তমানে বাংলাদেশের উত্তরাঞ্চল দিয়ে অতিক্রম করছে।,17.14,2.94,14.29
news-49861894,বাংলাদেশের প্রধানমন্ত্রী শেখ হাসিনা জাতিসংঘের ৭৪তম সাধারণ পরিষদের ভাষণে রোহিঙ্গা প্রসঙ্গ উত্থাপন করে বলেন যে মিয়ানমার ও তাদের নাগরিকদের মধ্যকার সমস্যার বোঝা বহন করতে হচ্ছে বাংলাদেশকে। আন্তর্জাতিক সম্প্রদায়ের কাছে তিনি আহ্বান রাখেন যেন তারা এই সংকটের বিষয়টি উপলব্ধি করে।,"জাতিসংঘের সাধারণ পরিষদে প্রধানমন্ত্রী শেখ হাসিনা বলেন, মিয়ানমারের সৃষ্ট রোহিঙ্গা সংকট এখন কেবল বাংলাদেশের সমস্যা নয়, বরং এটি আঞ্চলিক নিরাপত্তার জন্য হুমকি হয়ে দাঁড়িয়েছে। মিয়ানমার প্রত্যাবাসনের প্রতিশ্রুতি দিলেও রাখাইনে অনুকূল পরিবেশ না থাকায় এখন পর্যন্ত একজন রোহিঙ্গাও নিজ দেশে ফিরে যেতে পারেনি। প্রধানমন্ত্রী জোর দিয়ে বলেন, রোহিঙ্গাদের নিরাপদ ও মর্যাদাপূর্ণ প্রত্যাবাসনের মাধ্যমেই কেবল এই সংকটের স্থায়ী সমাধান সম্ভব।",24.74,6.32,16.49
news-54701290,কট্টর ইসলামের বিরুদ্ধে ফ্রান্স সরকারের কঠোর অবস্থান নিয়ে বিতর্কের মধ্যেই তুরস্কের প্রেসিডেন্ট রেচেপ তায়েপ এরদোয়ান ফরাসী পণ্য বর্জনের আহ্বান জানিয়েছেন।,ফ্রান্সে মহানবী (সা.)-এর কার্টুন প্রদর্শন ও এ নিয়ে প্রেসিডেন্ট ম্যাক্রঁর অবস্থানের তীব্র সমালোচনা করে তুরস্কের প্রেসিডেন্ট এরদোয়ান মুসলমানদের ওপর দমন-পীড়নের বিরুদ্ধে বিশ্বনেতাদের সোচ্চার হওয়ার আহ্বান জানিয়েছেন। বাকস্বাধীনতার দোহাই দিয়ে ফ্রান্স সরকার ইসলামবিরোধী কর্মকাণ্ডকে সমর্থন করায় মুসলিম বিশ্বে ক্ষোভের সৃষ্টি হয়েছে এবং অনেক দেশ ফরাসি পণ্য বয়কটের ঘোষণা দিয়েছে। এই ঘটনাকে কেন্দ্র করে ফ্রান্স ও তুরস্কের মধ্যে কূটনৈতিক উত্তেজনা চরম আকার ধারণ করেছে।,14.29,2.44,7.14
news-44888144,বাংলাদেশে এইচএসসি ও সমমানের পরীক্ষায় জিপিএ-৫ পাওয়ার সংখ্যা গত তিন বছরে প্রায় অর্ধেকে নেমে এসেছে। উল্লেখযোগ্যভাবে কমেছে পাশের হারও।,"চলতি বছরের এইচএসসি ও সমমানের পরীক্ষায় গত বছরের তুলনায় পাশের হার প্রায় আড়াই শতাংশ কমেছে এবং জিপিএ-৫ প্রাপ্ত শিক্ষার্থীর সংখ্যাও উল্লেখযোগ্য হারে হ্রাস পেয়েছে। ঘন ঘন পরীক্ষা পদ্ধতি পরিবর্তন, প্রশ্নপত্রের ধরনে ভিন্নতা এবং শিক্ষার্থীদের মধ্যে বিরাজমান ভীতি ও উদ্বেগকে এই ফলাফলের নেতিবাচক প্রভাবের কারণ হিসেবে চিহ্নিত করা হচ্ছে। এছাড়া, বিগত তিন বছর ধরেই পরীক্ষায় পাশের হার ও জিপিএ প্রাপ্তির ক্ষেত্রে এই নিম্নমুখী প্রবণতা লক্ষ্য করা যাচ্ছে।",20.69,7.06,16.09
news-45192357,বাংলাদেশের সরকারি চাকরিতে কোটা সংস্কারের জন্য উদ্দেশ্যে হওয়া আন্দোলনের যুগ্ম-আহবায়ক লুৎফুন্নাহার লুমাকে সিরাজগঞ্জ থেকে আটক করেছে পুলিশ।,"তথ্য-প্রযুক্তি আইনে দায়ের করা মামলায় কোটা সংস্কার আন্দোলনের যুগ্ম আহবায়ক লুৎফুন্নাহার লুমাকে সিরাজগঞ্জ থেকে পুলিশ হেফাজতে নেওয়া হয়েছে। জিজ্ঞাসাবাদের জন্য তাকে পুলিশের একটি বিশেষ দল ঢাকায় নিয়ে গেছে। উল্লেখ্য, সম্প্রতি কোটা সংস্কার আন্দোলনের সাথে জড়িত বেশ কয়েকজন শীর্ষ নেতাকে বিভিন্ন অভিযোগে গ্রেপ্তার করা হয়েছে।",28.57,13.11,25.40
news-43403165,"বাংলাদেশের ট্যুর অপারেটররা বলছেন, নেপালের কাঠমান্ডুতে বেসরকারি বিমান ইউএস বাংলার বিমান দুর্ঘটনার পর থেকে অনেক বাংলাদেশি নেপালে যাওয়ার পরিকল্পনা বাতিল করছেন।","কাঠমান্ডুতে ইউএস-বাংলার বিমান দুর্ঘটনার পর নেপাল ভ্রমণের পরিকল্পনা নিয়ে পর্যটকদের মধ্যে ব্যাপক আতঙ্ক ও ভীতি সৃষ্টি হয়েছে। সাশ্রয়ী খরচ ও সহজ ভিসা প্রক্রিয়ার কারণে নেপাল জনপ্রিয় গন্তব্য হলেও, ত্রিভুবন বিমানবন্দরের ঝুঁকি ও সাম্প্রতিক দুর্ঘটনার কারণে অনেকে ভ্রমণ বাতিল করছেন। এই পরিস্থিতির প্রভাব শুধু আকাশপথের যাত্রায় নয়, বরং পর্যটকদের সামগ্রিক ভ্রমণ সিদ্ধান্তের ওপরও নেতিবাচকভাবে পড়ছে।",23.68,13.51,23.68
news-51321472,করোনাভাইরাসের বিরুদ্ধে চিকিৎসকদের লড়াই করা যেন অনেকটা একটি অজানা বিষয়ের বিরুদ্ধে লড়াই করার মতো হয়ে দাঁড়িয়েছে।,"চীনের উহানের জিনিনটান হাসপাতালে চিকিৎসাধীন প্রথম ৯৯ জন করোনা রোগীর ওপর পরিচালিত এক গবেষণায় দেখা গেছে, আক্রান্ত প্রত্যেকেরই নিউমোনিয়া ছিল এবং তাদের ফুসফুসে পানি জমে অক্সিজেন প্রবাহ বাধাগ্রস্ত হয়েছিল। রোগীদের মধ্যে জ্বর, কাশি ও শ্বাসকষ্টের মতো লক্ষণগুলো সবচেয়ে বেশি পরিলক্ষিত হয়েছে। এছাড়া, দীর্ঘমেয়াদী ধূমপানের ফলে ফুসফুস দুর্বল হয়ে পড়ায় আক্রান্তদের মধ্যে মৃত্যুর ঝুঁকি বেশি ছিল বলে গবেষণায় উঠে এসেছে।",2.67,0.00,2.67
news-43791290,সিরিয়া যুদ্ধ শুরু হওয়ার পর থেকে সাত বছরে ১০ লাখেরও বেশী মানুষ সিরিয়া থেকে পালিয়ে আশ্রয় নিয়েছে পার্শ্ববর্তী দেশ লেবাননে।,"সিরিয়ার গৃহযুদ্ধ ও রাজনৈতিক নিপীড়নের শিকার হয়ে ১০ লাখেরও বেশি মানুষ লেবাননে আশ্রয় নিতে বাধ্য হয়েছে। ভুক্তভোগীদের মতে, আসাদ সরকারের দমন-পীড়ন এবং বিদেশি শক্তিগুলোর হস্তক্ষেপ সিরিয়ার পরিস্থিতিকে আরও জটিল ও ভয়াবহ করে তুলেছে। বিশ্লেষকদের ধারণা, সিরিয়ায় পশ্চিমা দেশগুলোর সাম্প্রতিক সামরিক পদক্ষেপ মূলত মধ্যপ্রাচ্যে নিজেদের ভূ-রাজনৈতিক প্রভাব ও আধিপত্য বজায় রাখার একটি কৌশল।",13.51,2.78,10.81
news-57115011,"ইসরায়েলি এবং ফিলিস্তিনিদের মধ্যে লড়াই এখন যেরকম তীব্র হয়ে উঠেছে তা একটি ""পূর্ণাঙ্গ যুদ্ধে"" রূপ নিতে পারে বলে হুঁশিয়ারি দিয়েছে জাতিসংঘ।",বিংশ শতাব্দীর শুরুতে অটোমান সাম্রাজ্যের পতনের পর ফিলিস্তিনের নিয়ন্ত্রণ ব্রিটেনের হাতে গেলে আরব ও ইহুদি জনগোষ্ঠীর মধ্যে ভূখণ্ডগত বিরোধের সূত্রপাত হয়। ইউরোপে ইহুদি নিপীড়নের ফলে সেখানে ইহুদিদের অভিবাসন বৃদ্ধি পেলে দুই সম্প্রদায়ের মধ্যে সহিংসতা ও উত্তেজনা চরম আকার ধারণ করে। ১৯৪৮ সালে জাতিসংঘ ফিলিস্তিনকে বিভক্ত করে দুটি পৃথক রাষ্ট্র গঠনের প্রস্তাব দিলেও আরব ও ইহুদিদের মধ্যকার এই ঐতিহাসিক সংঘাত আজও অমীমাংসিত রয়ে গেছে।,4.76,0.00,4.76
news-54091852,আবারও ভারতে সংবাদ শিরোনামে বলিউড। কয়েক সপ্তাহ ধরে সুশান্ত সিং রাজপুতের মৃত্যু - তার বান্ধবী রিয়া চক্রবর্তীর বিরুদ্ধে মাদক যোগের সরগরম থাকার পরে বুধবার সকাল থেকে ভারতের টিভি চ্যানেলগুলোতে শুরু হয়েছে আরেক বলিউড অভিনেত্রী কঙ্গনা রানাওয়াতকে নিয়ে মাতামাতি।,মুম্বাইকে পাকিস্তান অধিকৃত কাশ্মীরের সাথে তুলনা করা নিয়ে অভিনেত্রী কঙ্গনা রানাওয়াত ও মহারাষ্ট্র সরকারের মধ্যে তীব্র সংঘাত সৃষ্টি হয়েছে। এই বিতর্কের জেরে বেআইনি নির্মাণের অভিযোগে মুম্বাই মিউনিসিপ্যাল কর্পোরেশন কঙ্গনার অফিস ও বাড়ি ভাঙচুর করলে পরিস্থিতি চরমে পৌঁছায়। পরবর্তীতে কঙ্গনা রানাওয়াত মহারাষ্ট্রের মুখ্যমন্ত্রী উদ্ধব ঠাকরেকে সরাসরি হুঁশিয়ারি দিয়ে তার অহংকার ভাঙার প্রত্যয় ব্যক্ত করেন।,6.67,2.27,4.44
news-44712123,ভারতে হোয়াটসঅ্যাপের মাধ্যমে ছড়ানো গুজবের জেরে একের পর এক গণপিটুনির ঘটনার পর সরকার কার্যত ওই মেসেজিং প্ল্যাটফর্মটির কাছে কৈফিয়ত তলব করেছে।,"এখানে সংবাদ নিবন্ধটির সারসংক্ষেপ দেওয়া হলো: ভারতে হোয়াটসঅ্যাপের মাধ্যমে গুজব ছড়িয়ে গণপিটুনি ও সহিংসতার ঘটনা বৃদ্ধি পাওয়ায় কর্তৃপক্ষ উদ্বেগ প্রকাশ করে সরকারের সাথে কাজ করার প্রতিশ্রুতি দিয়েছে। বিপুল সংখ্যক ব্যবহারকারীর প্ল্যাটফর্মটিতে ভুয়া খবর নিয়ন্ত্রণ করা একটি বড় চ্যালেঞ্জ হয়ে দাঁড়িয়েছে, যার সুনির্দিষ্ট সমাধান এখনো অজানা। বিশেষজ্ঞরা মনে করছেন, এই পরিস্থিতির দায় হোয়াটসঅ্যাপ কোনোভাবেই এড়াতে পারে না।",7.79,5.33,7.79
news-48214793,সন্তানের কী নাম রাখা হবে পিতামাতার কাছে সেটি অনেক কঠিন এক চ্যালেঞ্জ। কিন্তু সঠিক নাম বাছাই করে নেওয়া সত্যিই গুরুত্বপূর্ণ।,"বিশ্বের বিভিন্ন দেশে শিশুর নাম রাখার ক্ষেত্রে নির্দিষ্ট আইন ও সময়সীমা রয়েছে, যা মেনে চলা অভিভাবকদের জন্য বাধ্যতামূলক। যেমন, ইংল্যান্ড ও ওয়েলসে জন্মের ৪২ দিনের মধ্যে নাম নিবন্ধন না করলে জরিমানার বিধান আছে, যার প্রেক্ষিতে প্রিন্স হ্যারি ও মেগান মার্কেল তাদের সন্তানের নাম ‘আর্চি হ্যারিসন’ রেখেছেন। সন্তানের নাম নির্বাচন অনেক সময় অভিভাবকদের জন্য আনন্দদায়ক হলেও, সঠিক নাম বাছাইয়ের ক্ষেত্রে অনেক পরিবারকে মানসিক চাপের মধ্য দিয়ে যেতে হয়।",11.49,2.35,11.49
150222_sak_syria_girls_families,"পূর্ব লন্ডনের তিনজন কিশোরী ইসলামিক স্টেটের সাথে যোগ দিতে সিরিয়া চলে গেছে, এ খবর বেরুনোর পর তাদের পরিবারগুলো ব্যাপকভাবে ভেঙে পড়েছে বলে জানা যাচ্ছে।","লন্ডনের বেথনাল গ্রীন একাডেমীর তিন কিশোরী ইসলামিক স্টেটে যোগ দেওয়ার উদ্দেশ্যে তুরস্ক হয়ে সিরিয়ায় পাড়ি জমিয়েছে বলে আশঙ্কা করা হচ্ছে। নিখোঁজ কিশোরীদের পরিবার তাদের দ্রুত ফিরে আসার জন্য আকুল আবেদন জানিয়েছে এবং এই ঘটনায় স্থানীয় মুসলিম কমিউনিটির মধ্যে গভীর উদ্বেগের সৃষ্টি হয়েছে। এর আগে একই স্কুল থেকে আরেকজন শিক্ষার্থী সিরিয়ায় যাওয়ায় পুলিশ এই তিনজনকে জিজ্ঞাসাবাদ করলেও, তারা এমন কোনো পরিকল্পনা করছে বলে পরিবারের কাছে কোনো ইঙ্গিত দেয়নি।",13.19,2.25,13.19
news-43131130,বাংলাদেশের টি-টোয়েন্টি দলে মাশরাফি বিন মর্তুজা চাইলে খেলতে পারেন - এ কথা জানিয়েছেন বাংলাদেশ ক্রিকেট বোর্ডের সভাপতি নাজমুল হাসান।,"মাশরাফি বিন মর্তুজার অবসরের পর টি-টোয়েন্টিতে বাংলাদেশের ব্যর্থতা ও তার দলে ফেরার সম্ভাবনা নিয়ে বিসিবি সভাপতি নাজমুল হাসান আলোচনা করেছেন। তিনি মাশরাফিকে টি-টোয়েন্টি দলে ফেরার আহ্বান জানালেও বিষয়টি সম্পূর্ণ খেলোয়াড়ের সিদ্ধান্তের ওপর ছেড়ে দিয়েছেন। এছাড়া, দলের বর্তমান কোচিং সংকট ও খেলোয়াড়দের মানসিকতা পরিবর্তনের প্রয়োজনীয়তার ওপরও তিনি গুরুত্বারোপ করেছেন।",26.09,14.93,14.49
news-51895998,কুড়িগ্রামের সাংবাদিক আরিফুল ইসলামকে শুক্রবার মধ্যরাতে বাড়ি থেকে তুলে নিয়ে যাওয়ার পর কারাগারে পাঠানো পর্যন্ত তার সাথে কি ঘটেছিল তা তিনি বর্ণনা করেছেন বিবিসির কাছে।,সাংবাদিক আরিফুল ইসলামকে বাড়ি থেকে জোরপূর্বক তুলে নিয়ে গিয়ে জেলা প্রশাসনের এক কর্মকর্তার নির্দেশে এনকাউন্টারে হত্যার হুমকি দেওয়া হয়। তাকে চোখ বেঁধে নির্জন স্থানে নিয়ে যাওয়ার পর পুনরায় ডিসি অফিসে এনে বিবস্ত্র করে অমানবিক নির্যাতন চালানো হয় এবং ছবি ও ভিডিও ধারণ করা হয়। এই ঘটনায় ভুক্তভোগী সাংবাদিকের ওপর চালানো চরম শারীরিক ও মানসিক নির্যাতনের ভয়াবহ চিত্র ফুটে উঠেছে।,14.29,4.88,14.29
news-41795196,"বিজ্ঞানী স্টিফেন হকিংএর পিএইচডি থিসিস অনলাইনে প্রকাশ করার পর মাত্র কয়েক দিনে তা দেখেছেন ২০ লক্ষেরও বেশি লোক - বলা হচ্ছে, কোন গবেষণাপত্র নিয়ে এত লোকের আগ্রহী হয়ে ওঠা এর আগে আর কখনোই দেখা যায় নি।",স্টিফেন হকিংয়ের ১৯৬৬ সালের পিএইচডি থিসিসটি কেমব্রিজ বিশ্ববিদ্যালয়ের ওয়েবসাইটে উন্মুক্ত করার পরপরই ব্যাপক সাড়া ফেলে এবং অতিরিক্ত ভিড়ের কারণে ওয়েবসাইটটি ক্র্যাশ করে। ‘সম্প্রসারণশীল মহাবিশ্বের বৈশিষ্ট্য’ শীর্ষক ১৩৪ পৃষ্ঠার এই গবেষণাপত্রটি দেখার জন্য বিশ্বের অন্তত ৫ লক্ষ মানুষ আগ্রহ প্রকাশ করেছেন। মোটর নিউরন ডিজিজে আক্রান্ত হয়েও অদম্য মেধায় বিশ্বখ্যাত এই বিজ্ঞানী বিজ্ঞানের জগতে এক অনন্য দৃষ্টান্ত স্থাপন করেছেন।,10.87,0.00,6.52
news-51276037,করোনাভাইরাসে আক্রান্ত হয়ে নিহতের সংখ্যা ১০৬ জন বলে নিশ্চিত করেছে চীনা কর্তৃপক্ষ।,চীনে নতুন করোনাভাইরাসের সংক্রমণ দ্রুত ছড়িয়ে পড়ায় সরকার উহানসহ বিভিন্ন শহরে কঠোর ভ্রমণ নিষেধাজ্ঞা ও গণপরিবহন বন্ধের মতো জরুরি পদক্ষেপ নিয়েছে। চীনা নববর্ষের ছুটি বাড়িয়ে সংক্রমণ নিয়ন্ত্রণের চেষ্টা করা হচ্ছে এবং বিশ্বের বিভিন্ন দেশ তাদের নাগরিকদের চীন ভ্রমণে সতর্কতা জারি করেছে। চীনের বাইরেও ভাইরাসের সংক্রমণ শনাক্ত হলেও এখন পর্যন্ত সেখানে কোনো মৃত্যুর খবর পাওয়া যায়নি।,5.97,0.00,2.99
news-53595135,সামাজিক যোগাযোগের প্ল্যাটফর্মগুলোর ওপর নিয়ন্ত্রণ আরোপ করে তুরস্কের সংসদ একটি আইন পাশ করেছে। মানবাধিকার সংগঠনগুলো বলছে এই আইন বাকস্বাধীনতার প্রতি বড় হুমকি।,"তুরস্ক সরকার সাইবার অপরাধ ও গুজব নিয়ন্ত্রণে সামাজিক যোগাযোগ মাধ্যমগুলোর জন্য কঠোর নতুন আইন প্রবর্তন করেছে। এই আইন অনুযায়ী, ১০ লাখের বেশি ব্যবহারকারী থাকা প্ল্যাটফর্মগুলোকে তুরস্কে স্থানীয় কার্যালয় স্থাপন এবং সরকারের নির্দেশনায় কন্টেন্ট অপসারণ করতে হবে। নির্দেশ অমান্য করলে ব্যান্ডউইথ ৯৫ শতাংশ পর্যন্ত কমিয়ে দেওয়াসহ কঠোর জরিমানার বিধান রাখা হয়েছে।",13.89,2.86,13.89
news-48400401,ভারতের নির্বাচনে প্রধানমন্ত্রী নরেন্দ্র মোদীর হিন্দুত্ববাদী দল বিজেপি বিপুল বিজয় পাবার পর পশ্চিমবঙ্গ রাজ্যেও নাগরিকত্ব যাচাইয়ের উদ্যোগ নেয়া হয় কিনা - তা নিয়ে বাংলাদেশের 'চিন্তার কারণ' আছে বলেই মনে করছেন বিশ্লেষকরা।,"ভারতের বিজেপি সরকার আসামের মতো পশ্চিমবঙ্গেও নাগরিক তালিকা (এনআরসি) প্রণয়নের উদ্যোগ নেওয়ায় বিষয়টি নিয়ে বাংলাদেশে উদ্বেগের সৃষ্টি হয়েছে। বিশ্লেষকরা একে বাংলাদেশের জন্য বিব্রতকর ও উদ্বেগজনক পরিস্থিতি হিসেবে দেখলেও, পররাষ্ট্রমন্ত্রী একে আব্দুল মোমেন আশ্বস্ত করেছেন যে ভারত বাংলাদেশের জন্য ক্ষতিকর কিছু করবে না। দুই দেশের বন্ধুত্বপূর্ণ সম্পর্কের ওপর ভিত্তি করেই বাংলাদেশ সরকার এই পুরো বিষয়টিকে দেখছে বলে তিনি জানিয়েছেন।",11.36,0.00,9.09
news-48796160,বাংলাদেশে বরগুনা সরকারি কলেজের সামনে নেয়াজ রিফাত শরীফ নামে এক যুবককে কুপিয়ে হত্যার জন্য ব্যক্তিগত কারণকেই দায়ী করেছে পুলিশ।,"বরগুনায় রিফাত শরীফকে প্রকাশ্যে কুপিয়ে হত্যার ঘটনায় এ পর্যন্ত তিনজনকে আটক করেছে পুলিশ এবং বাকি আসামিদের ধরতে সীমান্ত ও বন্দরে সতর্কতা জারি করা হয়েছে। পুলিশ সুপার জানিয়েছেন, ব্যক্তিগত শত্রুতার জেরে এই হত্যাকাণ্ড ঘটেছে এবং জড়িতদের সর্বোচ্চ শাস্তির আওতায় আনা হবে। এছাড়া, নিহত রিফাতের স্ত্রী মিন্নির ভূমিকা নিয়ে এই মুহূর্তে কোনো মন্তব্য করা সমীচীন নয় বলে পুলিশ উল্লেখ করেছে।",15.58,5.33,12.99
news-56567798,মিশরের সুয়েজ খালের তীরের বালিতে আটকে পড়া এভার গিভেন নামে বিশালাকৃতির মালবাহী জাহাজটিকে সোমবার মুক্ত করা সম্ভব হয়েছে বলে খালের ব্যবস্থাপনা কর্তৃপক্ষ জানিয়েছে।,"সুয়েজ খালে আড়াআড়ি আটকে পড়া বিশাল পণ্যবাহী জাহাজ 'এভার গিভেন'কে আংশিক ভাসানো সম্ভব হলেও খালটি পুরোপুরি সচল হতে কিছুটা সময় লাগতে পারে। এই দুর্ঘটনার ফলে বিশ্ববাণিজ্যের অন্যতম গুরুত্বপূর্ণ এই পথটিতে কয়েকশ জাহাজ আটকা পড়ে এবং আন্তর্জাতিক বাণিজ্যে বড় ধরনের নেতিবাচক প্রভাব পড়ে। দুর্ঘটনার সঠিক কারণ এখনও নিশ্চিত না হলেও, এর ফলে গত সাত দিনে বিশ্ব অর্থনীতিতে বিশাল আর্থিক ক্ষতির সৃষ্টি হয়েছে।",14.12,4.82,14.12
111021_sm_gaddafi_death,"অগাষ্ট মাসে রাজধানী ত্রিপোলির পতনের পর, সিয়ার্ত-এ গড়ে ওঠে ক্ষমতাচ্যুত নেতা মুয়াম্মার গাদ্দাফির অনুগত বাহিনীর শেষ প্রতিরোধ৻","লিবিয়ার বিদ্রোহী যোদ্ধাদের হাত থেকে বাঁচতে কর্নেল গাদ্দাফি তার সহযোগীদের নিয়ে শহর ছাড়ার চেষ্টা করলে ফরাসি বিমান হামলায় তার গাড়িবহর বিধ্বস্ত হয়। এরপর গুরুতর আহত অবস্থায় গাদ্দাফিকে একটি পাইপের ভেতর থেকে জীবিত আটক করেন বিদ্রোহী যোদ্ধারা। আল-জাজিরায় প্রচারিত ভিডিওতে তাকে বিদ্রোহী যোদ্ধাদের দ্বারা টানা-হেঁচড়া করতে দেখা গেলেও, আটকের পরবর্তী ঘটনাপ্রবাহ অস্পষ্ট রয়ে গেছে।",0.00,0.00,0.00
news-44439646,আমেরিকার কোনো প্রেসিডেন্ট এবং উত্তরে কোরিয়ার কোনো নেতা মুখোমুখি বসে কথা বলবেন কমাস আগেও তা অকল্পনীয় ছিল।,"দীর্ঘ অনিশ্চয়তা কাটিয়ে সিঙ্গাপুরে ডোনাল্ড ট্রাম্প ও কিম জং আনের ঐতিহাসিক বৈঠক অনুষ্ঠিত হতে যাচ্ছে। দুই নেতার ব্যক্তিত্ব ও রাজনৈতিক পটভূমিতে বিস্তর ফারাক থাকলেও, নিজ নিজ প্রশাসনের ওপর তাদের প্রবল কর্তৃত্বের কারণে এই বৈঠক থেকে চমকপ্রদ ফলাফলের আশা করছেন অনেক বিশ্লেষক। উত্তর কোরিয়ার পারমাণবিক নিরস্ত্রীকরণই এই আলোচনার মূল লক্ষ্য হলেও, ট্রাম্পের অনিশ্চিত আচরণের প্রভাব নিয়ে বিশ্বজুড়ে মিশ্র প্রতিক্রিয়া রয়েছে।",2.63,0.00,2.63
news-48488143,ব্রাজিলের ফুটবল তারকা নেইমারের বিরুদ্ধে যৌন হয়রানির অভিযোগ করেছেন প্যারিসের এক নারী।,"প্যারিসের একটি হোটেলে এক নারীকে জোরপূর্বক যৌন নির্যাতনের অভিযোগে ব্রাজিলিয়ান তারকা ফুটবলার নেইমারের বিরুদ্ধে মামলা দায়ের করা হয়েছে। অভিযোগকারী নারীর দাবি, ইনস্টাগ্রামের মাধ্যমে পরিচয়ের পর নেইমার তাকে প্যারিসে ডেকে নিয়ে এই ঘটনা ঘটান। তবে নেইমারের বাবা এই অভিযোগকে একটি 'ফাঁদ' হিসেবে অভিহিত করে ছেলের বিরুদ্ধে আনা সব অভিযোগ অস্বীকার করেছেন।",25.81,3.33,16.13
news-48924515,"ভারতে নাগরিকদের দেহ থেকে সরকারকে ডিএনএ নমুনা সংগ্রহ ও সংরক্ষরণের অনুমতি দেবে, এমন একটি বিল গতকাল সোমবার পার্লামেন্টে পেশ করা হয়েছে।","অপরাধ দমন ও জাতীয় নিরাপত্তা নিশ্চিত করার লক্ষ্যে ভারত সরকার বিতর্কিত 'ডিএনএ টেকনোলজি রেগুলেশন বিল' পাসের উদ্যোগ নিয়েছে। সরকার দাবি করছে যে, এই আইনটি কেবল নির্দিষ্ট অপরাধী ও নিখোঁজ ব্যক্তিদের ক্ষেত্রে প্রযোজ্য হবে এবং এতে ব্যক্তিগত গোপনীয়তা ক্ষুণ্ণ হবে না। তবে বিরোধী দল ও মানবাধিকার কর্মীরা তথ্য সুরক্ষার অভাব নিয়ে উদ্বেগ প্রকাশ করে এই বিলটির তীব্র বিরোধিতা করছেন।",7.59,0.00,5.06
news-47685389,আপনি যে পোকাটিকে দেখছেন তার বয়স ৫১ কোটি ৮০ লাখ বছর।,"চীনের হুবেই প্রদেশের ডানশুয়ে নদীর তীরে বিজ্ঞানীরা 'চিঙজিয়াং বাইওটা' নামক হাজার হাজার বিরল জীবাশ্ম আবিষ্কার করেছেন, যার মধ্যে অনেকগুলোই নতুন প্রজাতি। এই জীবাশ্মগুলোর বিশেষত্ব হলো, কোটি বছর পরেও এদের ত্বক ও চোখের মতো কোমল অঙ্গপ্রত্যঙ্গগুলো সম্পূর্ণ অবিকৃত অবস্থায় রয়েছে। জীবাশ্মবিজ্ঞানীদের মতে, গত ১০০ বছরের মধ্যে এটিই সবচেয়ে বড় আবিষ্কার, যা প্রাণীর বিবর্তনের ইতিহাস বুঝতে গুরুত্বপূর্ণ ভূমিকা রাখবে।",5.88,0.00,5.88
news-46411892,আগামী ৩০শে ডিসেম্বরের নির্বাচনে বিএনপির কারাভোগরত চেয়ারপারসন খালেদা জিয়া 'অংশ নিতে পারবেন' - এমন একটা সম্ভাবনা তৈরি হবার ২৪ ঘন্টা পরই আবারো তা নিয়ে গুরুতর অনিশ্চয়তা তৈরি হয়েছে।,হাইকোর্টের একটি রায়ের প্রেক্ষিতে দণ্ডপ্রাপ্ত ব্যক্তিদের নির্বাচনে অংশগ্রহণের সম্ভাবনা তৈরি হলেও সুপ্রিম কোর্টের চেম্বার আদালত তা স্থগিত করেছেন। আদালত বিষয়টি পূর্ণাঙ্গ বেঞ্চে পাঠিয়ে সংবিধানের ৬৬ অনুচ্ছেদ অনুযায়ী দুই বছরের বেশি সাজাপ্রাপ্তদের নির্বাচনে অযোগ্যতার পূর্ববর্তী আদেশই বহাল রেখেছেন। এই আদেশের ফলে খালেদা জিয়াসহ দণ্ডপ্রাপ্ত কোনো রাজনীতিকের নির্বাচনে অংশগ্রহণের সুযোগ নেই বলে জানিয়েছেন অ্যাটর্নি জেনারেল।,12.50,2.56,10.00
news-44913425,নিকারাগুয়ায় সরকার বিরোধী বিক্ষোভে গত তিন মাসে নিহত হয়েছেন প্রায় সাড়ে তিনশো মানুষ। সাধারণ মানুষের শান্তিপূর্ণ বিক্ষোভে সরকারের সমর্থকরা হামলা চালানোর ফলেই এসব হতাহতের ঘটনা ঘটছে বলে অভিযোগ রয়েছে।,নিকারাগুয়ায় প্রেসিডেন্ট ড্যানিয়েল ওর্তেগার পদত্যাগের দাবিতে চলমান সরকারবিরোধী আন্দোলনে গত তিন মাসে প্রায় সাড়ে তিনশো মানুষ নিহত হয়েছেন। একসময়ের বিপ্লবী নেতা ওর্তেগা এখন নিজেই স্বৈরাচারী আচরণের মাধ্যমে জনগণের ওপর দমন-পীড়ন চালাচ্ছেন বলে অভিযোগ উঠেছে। সান্দিনিস্তা বিদ্রোহের বার্ষিকী উদযাপনের আবহে দেশটিতে সরকারি বাহিনী ও সাধারণ মানুষের মধ্যে রক্তক্ষয়ী সংঘর্ষের ঘটনা চরম আকার ধারণ করেছে।,36.14,19.75,26.51
news-50228982,"বর্তমানে পৃথিবীতে যত মানুষ বেঁচে আছে, তাদের আদি বাসস্থান চিহ্নিত করেছেন বিজ্ঞানীরা। তারা বলছেন, বর্তমান পৃথিবীর সব মানুষের এক সময়ের বাসস্থান ছিল জাম্বেজি নদীর দক্ষিণের একটি এলাকায়।","গবেষকদের মতে, আধুনিক মানুষের পূর্বপুরুষরা প্রায় দুই লাখ বছর আগে বতসোয়ানার জাম্বেজি অববাহিকার একটি বিশাল হ্রদ অঞ্চলে বসবাস করতেন। জলবায়ু পরিবর্তনের ফলে সৃষ্ট উর্বর করিডোর ধরে প্রায় ৭০ হাজার বছর পর তারা আফ্রিকা থেকে বিশ্বের অন্যান্য প্রান্তে ছড়িয়ে পড়তে শুরু করেন। তবে গবেষকদের এই দাবি নিয়ে বৈজ্ঞানিক মহলে ভিন্নমত ও সংশয় রয়েছে।",10.13,0.00,7.59
news-52338728,জনসেবায় দানের সংস্কৃতি ব্রিটেনে বহুদিনের। অনেক স্বল্প আয়ের মানুষও নিয়মিত জনসেবার জন্য পকেট থেকে পয়সা বের করে দেন।,ব্রিটিশ সেনাবাহিনীর শতবর্ষী সাবেক অফিসার ক্যাপ্টেন টম মূর নিজের জন্মদিনের আগে এনএইচএস-এর জন্য অর্থ সংগ্রহের লক্ষ্যে বাগানে ১০০ ল্যাপ হাঁটার উদ্যোগ নেন। তার এই মহৎ প্রচেষ্টায় সারা বিশ্বের মানুষের অভূতপূর্ব সাড়ায় ২ কোটি ১০ লাখ পাউন্ডের বেশি অনুদান জমা পড়েছে। সাধারণ মানুষের এই অকল্পনীয় বদান্যতায় অভিভূত ক্যাপ্টেন মূর এখন বিশ্বজুড়ে এক অনুপ্রেরণাদায়ী ব্যক্তিত্বে পরিণত হয়েছেন।,2.70,0.00,2.70
news-39614805,"বাংলাদেশের ঢাকায় বাস, মিনিবাসে নানা ধরনের অনিয়ম ঠেকাতে বাস মালিকদের পক্ষ থেকে অভিযান শুরু করা হয়েছে । আর এতে সহায়তা দিচ্ছে সরকার।",ঢাকার রাস্তায় সিটিং সার্ভিস ও অনিয়ম বন্ধে বিআরটিএ ও পুলিশের সহায়তায় ঢাকা সড়ক পরিবহন সমিতি বিশেষ অভিযান পরিচালনা করছে। তবে পরিবহন মালিকদের একাংশ এই অভিযানের স্বচ্ছতা নিয়ে প্রশ্ন তুলেছেন এবং একে চাঁদাবাজির কৌশল হিসেবে অভিহিত করেছেন। অভিযানের ফলে যাত্রীদের ভোগান্তি বাড়লেও ভ্রাম্যমাণ আদালত বিভিন্ন বাসের বিরুদ্ধে তাৎক্ষণিক আইনি ব্যবস্থা গ্রহণ করছে।,8.33,0.00,5.56
news-49663506,সৌদি ভিন্নমতাবলম্বী সাংবাদিক জামাল খাসোগজিকে হত্যার আগে এক সৌদি ফরেনসিক বিশেষ তাকে 'কোরবানির পশু' বলে বর্ণনা করেছিল।,"তুরস্কের পত্রিকা 'সাবাহ্‌' ইস্তাম্বুলের সৌদি কনস্যুলেটে সাংবাদিক জামাল খাসোগজির জীবনের শেষ মুহূর্তের একটি অডিও রেকর্ডিংয়ের বিষয়বস্তু প্রকাশ করেছে। এতে দেখা যায়, খাসোগজিকে হত্যার জন্য সৌদি আরব থেকে আসা ঘাতক দল তাকে মুখ না বাঁধার অনুরোধ করেছিলেন। যদিও সৌদি আরব বরাবরই এই হত্যাকাণ্ডে জড়িত থাকার কথা অস্বীকার করে আসছে, তবে জাতিসংঘসহ আন্তর্জাতিক সংস্থাগুলো এই ঘটনার সুষ্ঠু বিচার দাবি করেছে।",18.67,5.48,18.67
news-49086556,ভারতের প্রধানমন্ত্রী নরেন্দ্র মোদী তাকে বিতর্কিত কাশ্মীর ইস্যুতে মধ্যস্থতা করার অনুরোধ জানিয়েছেন - মার্কিন প্রেসিডেন্ট ডোনাল্ড ট্রাম্পের এই ঘোষণা ভারতকে চরম বিব্রতকর অবস্থায় ফেলে দিয়েছে।,**সারসংক্ষেপ:** কাশ্মীর ইস্যুতে মধ্যস্থতার জন্য প্রধানমন্ত্রী মোদী কোনো অনুরোধ করেননি বলে ভারত সরকার স্পষ্টভাবে জানিয়ে দিয়েছে এবং দ্বিপাক্ষিক আলোচনার মাধ্যমে সমাধানের পুরনো অবস্থানেই অটল রয়েছে। মার্কিন প্রেসিডেন্ট ডোনাল্ড ট্রাম্পের করা মন্তব্যের প্রেক্ষিতে ভারতের পররাষ্ট্রমন্ত্রী এস জয়শঙ্কর সংসদে এই দাবি নাকচ করে দিয়েছেন। তবে এই ইস্যুতে বিভ্রান্তি দূর করতে বিরোধী দলগুলো প্রধানমন্ত্রী নরেন্দ্র মোদীর কাছে সরাসরি ব্যাখ্যা দাবি করেছে।,29.27,12.50,19.51
news-44667674,"যুক্তরাষ্ট্রে এক নতুন গবেষণায় বলা হচ্ছে, বায়ু দূষণের সঙ্গে ডায়াবেটিসের ঝুঁকি বাড়ার বেশ গুরুত্বপূর্ণ সম্পর্ক আছে।","বিশ্বজুড়ে দ্রুত বাড়তে থাকা ডায়াবেটিস রোগের অন্যতম প্রধান কারণ হিসেবে বায়ু দূষণকে চিহ্নিত করেছেন ওয়াশিংটন ইউনিভার্সিটির বিজ্ঞানীরা। গবেষণায় দেখা গেছে, বায়ু দূষণের ফলে শরীরে ইনসুলিনের কার্যকারিতা কমে যায়, যা রক্তে গ্লুকোজের মাত্রা বাড়িয়ে ডায়াবেটিসের ঝুঁকি তৈরি করে। এতদিন স্থূলতা ও অস্বাস্থ্যকর জীবনযাপনকে ডায়াবেটিসের মূল কারণ মনে করা হলেও, এখন নিরাপদ মাত্রার বায়ু দূষণও এই রোগের জন্য দায়ী বলে প্রমাণিত হয়েছে।",13.16,5.41,13.16
news-56676991,লন্ডনে মিয়ানমারের রাষ্ট্রদূতকে দূতাবাস থেকে বের করে দেওয়ার পর বুধবার তিনি ভবনের বাইরে রাস্তায় তার গাড়িতে রাত কাটিয়েছেন।,মিয়ানমারের সামরিক জান্তা লন্ডনে নিযুক্ত রাষ্ট্রদূত জ জোয়া মিনকে বরখাস্ত করে দূতাবাস ভবনটি দখল করে নিয়েছে। এই ঘটনার নিন্দা জানালেও ব্রিটেন মিয়ানমারের নতুন রাষ্ট্রদূতকে স্বীকৃতি দেওয়ার সিদ্ধান্ত নিয়েছে। জ জোয়া মিন একে লন্ডনের বুকে আরেকটি অভ্যুত্থান হিসেবে অভিহিত করে ব্রিটিশ সরকারের প্রতি জান্তা সরকারের প্রতিনিধিদের স্বীকৃতি না দেওয়ার আহ্বান জানিয়েছেন।,14.71,0.00,11.76
news-53980934,করোনাভাইরাস মহামারি মোকাবেলায় তাইওয়ানের কাছ থেকে উপহার গ্রহণ করার প্রেক্ষাপটে বাংলাদেশের পররাষ্ট্র মন্ত্রণালয়ে টেলিফোন করে নিজেদের দুঃখ পাওয়ার কথা জানিয়েছে চীন।,"ঢাকায় তাইওয়ানের একটি অনুষ্ঠানে বাংলাদেশের তিন মন্ত্রীর অংশগ্রহণ নিয়ে চীন অসন্তোষ প্রকাশ করলে পররাষ্ট্র মন্ত্রণালয় তাদের আশ্বস্ত করেছে। বাংলাদেশ সরকার চীনকে জানিয়েছে যে, তারা ‘এক চীন নীতি’তে অবিচল এবং তাইওয়ানের সঙ্গে কোনো আনুষ্ঠানিক সম্পর্ক নেই। সংশ্লিষ্ট মন্ত্রীরা জানিয়েছেন, তারা একটি বেসরকারি প্রতিষ্ঠানের আমন্ত্রণে ব্যক্তিগতভাবে ওই অনুষ্ঠানে অংশ নিয়েছিলেন।",11.43,0.00,11.43
news-44094530,বাংলাদেশে সরকারি চাকরিতে কোটা বাতিল নিয়ে আন্দোলনরত শিক্ষার্থীরা বলছে সিদ্ধান্ত ঘোষণার একমাস পরেও প্রধানমন্ত্রীর ঘোষণা প্রজ্ঞাপন আকারে জারি না হওয়ার বিষয়টি হতাশাজনক।,"কোটা বাতিলের সরকারি ঘোষণা দীর্ঘ সময় পার হলেও বাস্তবায়িত না হওয়ায় শিক্ষার্থীদের মধ্যে ক্ষোভ ও সন্দেহের সৃষ্টি হয়েছে। আসন্ন নির্বাচনকে সামনে রেখে সরকার কৌশলগত কারণে বিষয়টি ঝুলিয়ে রেখেছে বলে বিশ্লেষকরা মনে করছেন। তবে শিক্ষার্থীরা দ্রুত প্রজ্ঞাপন জারির দাবিতে আন্দোলন চালিয়ে যাচ্ছেন, যদিও সরকারের পক্ষ থেকে নির্দিষ্ট কোনো সময়সীমা দেওয়ার কথা অস্বীকার করা হয়েছে।",16.00,0.00,8.00
news-57294473,"স্বাধীনতার পর থেকেই আফ্রিকার দেশগুলোতে নিয়মিতভাবে ক্যু বা সামরিক অভ্যুত্থান ঘটে আসছে। পরিস্থিতি নিয়ন্ত্রণে সেনাবাহিনী তার ক্ষমতা ব্যবহার করছে, মালির সাম্প্রতিক অভ্যুত্থান তারই সর্ব-সম্প্রতি উদাহরণ। সে দেশে এক বছরের মধ্যে দু'বার সেনা অভ্যুত্থান ঘটেছে।","আফ্রিকায় ১৯৫০ সাল থেকে এ পর্যন্ত ২০০ বারেরও বেশি সামরিক অভ্যুত্থানের ঘটনা ঘটেছে, যার মধ্যে প্রায় অর্ধেকই সফল হয়েছে। অভ্যুত্থানকারীরা প্রায়ই আন্তর্জাতিক বৈধতা পেতে নিজেদের কর্মকাণ্ডকে সরাসরি সামরিক অভ্যুত্থান হিসেবে স্বীকার করতে চায় না। বিশ্লেষকদের মতে, পশ্চিম আফ্রিকাসহ মহাদেশটির বিভিন্ন দেশে ক্ষমতার পালাবদলে সামরিক বাহিনীর হস্তক্ষেপের প্রবণতা এখনো উদ্বেগজনকভাবে বিদ্যমান।",11.63,2.38,6.98
news-45256616,"সানি লিওনের জীবনীর ওপরে নির্ভর করে তৈরী ওয়েব-সিরিজ 'করণজিৎ কৌর'-এর ট্রেলারে একটা দৃশ্য আছে, যেখানে এক সাংবাদিক তাঁকে প্রশ্ন করছেন, ""একজন যৌনকর্মী এবং একজন পর্ণস্টারের মধ্যে ফারাকটা ঠিক কী?""","১. সানি লিওন বিবিসিকে দেওয়া এক সাক্ষাৎকারে জানান যে, সময়ের সাথে সাথে তিনি অনেক বদলে গেছেন এবং মানুষ যেন তার অতীতের পেশার বাইরে বর্তমান সত্তাকে মূল্যায়ন করে। ২. তিনি স্বীকার করেন যে, তার সম্পর্কে মানুষের নেতিবাচক ধারণাগুলোর দায়ভার কিছুটা তার নিজেরই, তবে তিনি এখন বলিউডে আইটেম গানের পাশাপাশি চরিত্রাভিনেতা হিসেবে নিজেকে প্রতিষ্ঠিত করছেন। ৩. সাক্ষাৎকারে তিনি তার জীবনের কঠিন অভিজ্ঞতার মুখোমুখি হওয়ার সাহসিকতার কথা তুলে ধরেন এবং তার সম্পর্কে প্রচলিত ভুল ধারণাগুলো ভাঙার আকাঙ্ক্ষা প্রকাশ করেন।",9.35,0.00,7.48
news-48088815,"বাংলাদেশের চট্টগ্রামে এক ছাত্রীকে হাত-পা বেঁধে ধর্ষণের অভিযোগ ওঠা কোচিং সেন্টার মালিক র‍্যাবের সঙ্গে গুলি বিনিময়ে নিহত হয়েছেন, বলছে আইন-শৃঙ্খলা রক্ষাকারী বাহিনী।",চট্টগ্রামের লোহাগাড়ায় এক ছাত্রীকে হাত-পা বেঁধে ধর্ষণের অভিযোগে অভিযুক্ত কোচিং সেন্টারের মালিক র‍্যাবের সঙ্গে কথিত বন্দুকযুদ্ধে নিহত হয়েছেন। ঘটনার পর থেকে অভিযুক্ত শিক্ষক পলাতক ছিলেন এবং ঘটনাস্থল থেকে র‍্যাব অস্ত্র ও গুলি উদ্ধার করেছে। বাংলাদেশে সাম্প্রতিক সময়ে ধর্ষণ মামলার বেশ কয়েকজন অভিযুক্তের বিচারবহির্ভূত হত্যাকাণ্ডের শিকার হওয়ার ঘটনা বেশ আলোচিত হয়েছে।,33.33,21.05,30.77
news-48475560,"বাংলাদেশের পুলিশ বলছে, সে দেশে মাদক ইয়াবা সাম্রাজ্যের অন্যতম গডফাদার সাইফুল করিম কথিত বন্দুকযুদ্ধে নিহত হয়েছেন।",মাদক সাম্রাজ্যের অন্যতম গডফাদার সাইফুল করিম দীর্ঘ সময় বিদেশে পলাতক থাকার পর দেশে ফিরে পুলিশের হাতে গ্রেফতার হন। পরবর্তীতে বৃহস্পতিবার গভীর রাতে টেকনাফের নাফ নদীর তীরে পুলিশের সাথে কথিত বন্দুকযুদ্ধে তিনি নিহত হন। ১৯৯৫ সালে ব্যবসায়িক সাফল্যের আড়ালে ইয়াবা ব্যবসা শুরু করা সাইফুল করিম দীর্ঘ সময় ধরে এই অবৈধ নেটওয়ার্ক নিয়ন্ত্রণ করে আসছিলেন।,28.99,14.93,26.09
news-49440609,ডেঙ্গু নিয়ে সতর্ক করতে ও মানুষের মধ্যে আতঙ্ক কাটাতে গণমাধ্যম ও সামাজিক যোগাযোগ মাধ্যমে ঈদ উল আযহার আগে থেকেই বিজ্ঞাপন প্রচার শুরু করেছিলো ঢাকা উত্তর সিটি কর্পোরেশন।,"জুলাই মাস থেকে ডেঙ্গুর প্রকোপ ভয়াবহ আকার ধারণ করলে রাজধানীসহ সারা দেশে সাধারণ মানুষের মধ্যে তীব্র আতঙ্ক ছড়িয়ে পড়ে। সরকারি হিসেবে আক্রান্তের সংখ্যা ৬০ হাজার ছাড়িয়ে যাওয়ায় হাসপাতালগুলোতে রোগীর প্রচণ্ড ভিড় ও মশা নিধন সামগ্রীর সংকট দেখা দেয়। ডেঙ্গু নিয়ে এই উদ্বেগ ও ভীতি জনমনে বড় ধরনের মানসিক চাপের সৃষ্টি করে, যা সাধারণ মানুষের দৈনন্দিন জীবনযাত্রাকে বিপর্যস্ত করে তোলে।",13.95,2.38,9.30
news-50717116,প্রতিবেশী বাংলাদেশে সংখ্যালঘুদের ওপর নির্যাতন না-থামাটাই নাগরিকত্ব সংশোধনী বিল আনার অন্যতম প্রধান কারণ বলে ভারতের সরকার আজ পার্লামেন্টে দাবি করেছে।,"নাগরিকত্ব সংশোধনী বিলের মাধ্যমে বাংলাদেশ, পাকিস্তান ও আফগানিস্তান থেকে আসা অমুসলিম শরণার্থীদের নাগরিকত্ব দেওয়ার উদ্যোগ নিয়েছে ভারত সরকার। স্বরাষ্ট্রমন্ত্রী অমিত শাহ এই দেশগুলোতে ধর্মীয় সংখ্যালঘুদের নির্যাতনের কথা উল্লেখ করে বিলটির পক্ষে যুক্তি দিলেও, বিরোধী দলগুলো এর তীব্র বিরোধিতা করছে। বিরোধীদের মতে, এই বিলটি বৈষম্যমূলক এবং এটি শ্রীলঙ্কার তামিল বা মিয়ানমারের রোহিঙ্গা শরণার্থীদের প্রতি অবিচার করবে।",10.53,2.70,7.89
news-51308049,বাংলাদেশে ঢাকার দু'টি সিটি করপোরেশন নির্বাচনের আগ মুহুর্তে বহিরাগতদের বিরুদ্ধে পুলিশ র‍্যাবের বিশেষ অভিযান নিয়ে ক্ষোভ প্রকাশ করেছে বিরোধীদল বিএনপি।,"সিটি কর্পোরেশন নির্বাচনকে কেন্দ্র করে বিরোধী দলের নেতাকর্মীদের টার্গেট করে পুলিশ ও র‍্যাবের বিশেষ অভিযান চালানো হচ্ছে বলে বিএনপি নির্বাচন কমিশনের কাছে অভিযোগ করেছে। ক্ষমতাসীন আওয়ামী লীগ এই অভিযোগ অস্বীকার করে উল্টো বিএনপির বিরুদ্ধে বহিরাগত সন্ত্রাসী জড়ো করার পাল্টা অভিযোগ তুলেছে। নির্বাচনকে সামনে রেখে আইন-শৃঙ্খলা রক্ষাকারী বাহিনী ঢাকায় অবস্থানরত বহিরাগতদের বিরুদ্ধে অভিযান অব্যাহত রেখেছে, যা নিয়ে রাজনৈতিক অঙ্গনে তীব্র উত্তাপ সৃষ্টি হয়েছে।",23.26,9.52,16.28
news-44466636,মার্কিন প্রেসিডেন্ট ডোনাল্ড ট্রাম্পের সাথে উত্তর কোরিয়ার নেতা কিম জং-আনের বৈঠককে বলা হচ্ছে ঐতিহাসিক ঘটনা। সিঙ্গাপুরে এই প্রথম দুটো দেশের নেতারা বৈঠক করলেন।,"উত্তর কোরিয়ার সাথে ঐতিহাসিক বৈঠকের সময় ডোনাল্ড ট্রাম্পের কিছু মন্তব্য ও আচরণ নিয়ে বিশ্বজুড়ে ব্যাপক আলোচনা-সমালোচনার সৃষ্টি হয়েছে। ট্রাম্প উত্তর কোরিয়ার সমুদ্র সৈকতের পর্যটন সম্ভাবনা নিয়ে ইতিবাচক মন্তব্য করলেও, দেশটির বর্তমান নিরাপত্তা পরিস্থিতির কারণে তা নিয়ে সংশয় রয়ে গেছে। এছাড়া, ফটোসাংবাদিকদের সামনে ট্রাম্পের শারীরিক গঠন নিয়ে করা কৌতুকপূর্ণ মন্তব্য কিম জং উনের কাছে অস্পষ্ট থেকে যাওয়ায় তা নিয়ে বেশ কৌতূহল তৈরি হয়েছে।",16.09,4.71,11.49
news-49387185,"প্যারিসের পূর্বাঞ্চলে এক রেস্তোঁরায় একজন খদ্দেরের গুলিতে নিহত হয়েছেন এক ওয়েটার। খবরে বলা হচ্ছে, ওই খদ্দেরের অর্ডার করা স্যান্ডউইচ ওয়েটার যথেষ্ট দ্রুত তৈরি করতে না পারায় খদ্দের কার্যত রেগে গিয়ে তাকে গুলি করেছেন।",প্যারিসের একটি রেস্তোরাঁয় খাবার পরিবেশনে দেরি হওয়ায় ক্ষিপ্ত হয়ে এক খদ্দের ২৮ বছর বয়সী এক ওয়েটারকে গুলি করে হত্যা করেছে। ঘটনার পর অভিযুক্ত ব্যক্তি পালিয়ে গেছে এবং পুলিশ এ বিষয়ে একটি খুনের তদন্ত শুরু করেছে। স্থানীয়রা এই ঘটনায় স্তম্ভিত হলেও এলাকায় মাদক ও অপরাধ প্রবণতা বৃদ্ধি পাওয়ায় উদ্বেগ প্রকাশ করেছেন।,14.46,0.00,12.05
news-49474607,প্রতিবেশির হাতে ধর্ষণের শিকার হয়েছিলো নয় বছর বয়সী রাকিব (ছদ্মনাম)। এরপর থেকেই তার আচরণ অস্বাভাবিক হয়ে যায়। সারাদিন চুপচাপ থাকে। অপরিচিত কাউকে দেখলেই ভয় পায়।,"শিশুরা যে নিকটস্থ পরিচিত ব্যক্তিদের দ্বারা যৌন নির্যাতনের শিকার হতে পারে, তা অনেক অভিভাবকের ধারণার বাইরে থাকে। ভুক্তভোগী শিশুরা ভয় ও হুমকির কারণে দীর্ঘ সময় বিষয়টি গোপন রাখলেও, শারীরিক ও মানসিক পরিবর্তনের মাধ্যমে অনেক ক্ষেত্রে তা প্রকাশ পায়। এ ধরনের অপরাধের বিচার নিশ্চিত করতে পরিবারের সচেতনতা এবং নির্যাতনের ঘটনাগুলো প্রকাশ্যে এনে আইনি ব্যবস্থা নেওয়া অত্যন্ত জরুরি।",4.94,0.00,4.94
news-43193746,শনিবার জাতিসংঘ নিরাপত্তা পরিষদে যুদ্ধবিরতির সিদ্ধান্ত হওয়ার কয়েক ঘন্টা পরেও বিদ্রোহী অধ্যূষিত অঞ্চলে সেনা আক্রমণ চালিয়েছে সিরিয়া।,"সিরিয়ার পূর্ব ঘুটায় সরকারি বাহিনীর ভয়াবহ হামলায় পাঁচ শতাধিক মানুষের মৃত্যু এবং মানবিক বিপর্যয়ের প্রেক্ষাপটে জাতিসংঘ সেখানে ৩০ দিনের যুদ্ধবিরতি ঘোষণা করেছে। এই সিদ্ধান্ত বাস্তবায়নে রাশিয়াকে কার্যকর ভূমিকা রাখার আহ্বান জানিয়েছেন ফ্রান্স ও জার্মানির শীর্ষ নেতারা। তবে যুদ্ধবিরতির শর্ত অনুযায়ী, জঙ্গিগোষ্ঠীগুলোর বিরুদ্ধে সিরীয় ও রুশ বাহিনীর সামরিক অভিযান অব্যাহত থাকবে বলে জানানো হয়েছে।",8.57,0.00,5.71
news-42339323,"ইউটিউবে খেলনা দেখিয়ে রায়ান যতটা মজা করতে পারে, তা দেখে হিংসা হবে যে কোন ছেলের। আর তার ব্যাংক ব্যালান্স দেখে ঈর্ষান্বিত হবে যে কোন প্রাপ্তবয়স্ক মানুষ।",মাত্র ছয় বছর বয়সী ইউটিউব স্টার রায়ান তার খেলনার রিভিউ ভিডিওর মাধ্যমে গত বছর প্রায় এক কোটি দশ লাখ ডলার আয় করেছে। 'রায়ান টয়’স রিভিউ' নামের জনপ্রিয় এই চ্যানেলের ভিডিওগুলো ইউটিউবে ১৭০০ কোটি বারেরও বেশি দেখা হয়েছে। নিজের পরিচয় গোপন রেখেও রায়ান তার স্বতঃস্ফূর্ত উপস্থাপনার মাধ্যমে বিশ্বজুড়ে কোটি কোটি দর্শকের কাছে অত্যন্ত জনপ্রিয় হয়ে উঠেছে।,4.88,0.00,4.88
news-46354210,বাংলাদেশে সংসদ নির্বাচনকে সামনে রেখে সরকারী বিরোধী দলের মনোনয়ন তালিকায় এবার বেশ কিছু তরুণ প্রার্থী রয়েছেন।,"বাগেরহাট থেকে আওয়ামী লীগের মনোনয়ন পাওয়া তরুণ রাজনীতিবিদ শেখ সারহান নাসের তন্ময় তার সুদর্শন চেহারার কারণে সামাজিক যোগাযোগ মাধ্যমে ব্যাপক জনপ্রিয়তা ও আলোচনায় রয়েছেন। নেটিজেনদের, বিশেষ করে তরুণীদের মধ্যে তাকে নিয়ে ব্যাপক আগ্রহ থাকলেও তিনি বিষয়টিকে ইতিবাচকভাবে গ্রহণ করেছেন। তিনি নিজেকে কেবল বাগেরহাটের নয়, বরং সারা বাংলাদেশের তরুণ প্রজন্মের প্রতিনিধি হিসেবে তুলে ধরে সুন্দর বাংলাদেশ গড়ার স্বপ্ন দেখছেন।",8.11,0.00,8.11
news-40843272,বাংলাদেশের হাইকোর্ট পুরনো ঢাকায় আততায়ীদের হাতে নিহত দর্জি দোকানের কর্মী বিশ্বজিৎ দাস হত্যা মামলায় ছাত্রলীগের ছয় জন নেতাকর্মীকে মৃত্যুদণ্ড থেকে রেহাই দিয়েছে।,২০১২ সালে বিশ্বজিৎ দাস হত্যাকাণ্ডের ঘটনায় নিম্ন আদালতের দেওয়া আটজনের মৃত্যুদণ্ডের রায় পরিবর্তন করে হাইকোর্ট মাত্র দুইজনের মৃত্যুদণ্ড বহাল রেখেছেন এবং বাকিদের খালাস বা সাজা মওকুফ করেছেন। রায়ের পর নিহতের পরিবার চরম হতাশা প্রকাশ করে একে ন্যায়বিচারের পরিপন্থী বলে মন্তব্য করেছে। আদালত এই মামলার তদন্তে গাফিলতি ও ময়নাতদন্তের তথ্যে অস্পষ্টতার বিষয়টিও রায়ে উল্লেখ করেছেন।,10.53,2.70,7.89
news-49007806,শিশু ফারজানা ফাইজার বয়স ১৪ মাস হয়েছে মাত্র। ডেঙ্গু রোগে আক্রান্ত হয়ে গত পাঁচ দিন ধরে ঢাকার একটি হাসপাতালে ভর্তি আছে এই শিশুটি।,"চলতি বছর বাংলাদেশে ডেঙ্গু আক্রান্তের সংখ্যা অতীতের সব রেকর্ড ছাড়িয়ে গেছে, যার ফলে হাসপাতালগুলোতে রোগীর প্রচণ্ড চাপ সৃষ্টি হয়েছে। মশা নিয়ন্ত্রণে সিটি কর্পোরেশনের গাফিলতির অভিযোগ তুলে ভুক্তভোগী পরিবারগুলো চরম অসহায়ত্বের মধ্যে দিন কাটাচ্ছে। বিশেষজ্ঞরা পরিস্থিতি মোকাবিলায় দিনের বেলাতেও মশারি ব্যবহারের পরামর্শ দিয়েছেন এবং ডেঙ্গুর প্রকোপ নিয়ন্ত্রণে সচেতনতা বৃদ্ধির ওপর জোর দিয়েছেন।",5.41,0.00,5.41
news-47765086,বনানীর এফ আর টাওয়ারে আগুন লাগার পর প্রায় চার ঘণ্টা চেষ্টার পরে আগুন আয়ত্তে আনে দমকল বিভাগ। পুরোপুরি আগুন নেভাতে সময় লাগে আরো কয়েক ঘণ্টা।,"বনানীর এফ আর টাওয়ারে অগ্নিকাণ্ডে ২৬ জনের প্রাণহানির ঘটনায় উদ্ধার তৎপরতায় বিলম্ব ও অব্যবস্থাপনা নিয়ে ব্যাপক সমালোচনা তৈরি হয়েছে। অগ্নিনির্বাপণ কর্মকর্তাদের মতে, ভবনটিতে নিজস্ব পানি সরবরাহের ব্যবস্থা না থাকা এবং প্রচুর পরিমাণে দাহ্য সিনথেটিক ফাইবারের ব্যবহারের কারণে আগুন নিয়ন্ত্রণে আনতে দীর্ঘ চার ঘণ্টা সময় লেগেছে। দীর্ঘ প্রচেষ্টার পর ফায়ার সার্ভিস, সেনাবাহিনী ও স্থানীয়দের সম্মিলিত উদ্যোগে আগুন নিয়ন্ত্রণে আনা সম্ভব হয়।",21.18,9.64,18.82
news-43940544,জাপানে সুমো কুস্তির কর্তৃপক্ষ 'শুধুমাত্র পুরুষদের' এই খেলা সম্পর্কে গুরুত্বপূর্ণ একটি সিদ্ধান্ত স্থগিত করেছে।,"জাপানের ঐতিহ্যবাহী সুমো কুস্তিতে নারীদের প্রবেশাধিকার নিষিদ্ধ থাকায় এবং রিং-এ সাহায্য করতে আসা নারীদের বের করে দেওয়ার ঘটনায় ব্যাপক সমালোচনার সৃষ্টি হয়েছে। সুমো এসোসিয়েশন এই প্রথাগত নিয়ম পরিবর্তনের বিষয়ে কোনো চূড়ান্ত সিদ্ধান্ত নিতে ব্যর্থ হওয়ায় বিষয়টি নিয়ে বিতর্ক আরও ঘনীভূত হয়েছে। ঘটনার প্রেক্ষিতে এসোসিয়েশন ক্ষমা চাইলেও, লিঙ্গ বৈষম্যের এই পুরনো রীতি নিয়ে দেশজুড়ে তীব্র অসন্তোষ বিরাজ করছে।",8.33,0.00,8.33
news-46328855,"১৯৯২ সালের ৬ডিসেম্বর যা ঘটেছিল, তারই পুনরাবৃত্তি হবে না তো রবিবার? - এই আশঙ্কাতেই ভুগছেন উত্তরপ্রদেশের অযোধ্যার মানুষ।",**সারসংক্ষেপ:** অযোধ্যায় রামমন্দির নির্মাণের দাবিতে শিবসেনা ও বিশ্ব হিন্দু পরিষদের ডাকা বিশাল সমাবেশকে কেন্দ্র করে শহরটিতে ব্যাপক জনসমাগম শুরু হয়েছে। এই পরিস্থিতিকে ঘিরে ১৯৯২ সালের মতো দাঙ্গা বা অপ্রীতিকর ঘটনার আশঙ্কায় স্থানীয় বাসিন্দাদের মধ্যে চরম আতঙ্ক বিরাজ করছে। সম্ভাব্য যেকোনো সহিংসতা এড়াতে প্রশাসন অযোধ্যাজুড়ে প্রায় এক লক্ষ নিরাপত্তা কর্মী মোতায়েন করেছে।,8.82,3.03,5.88
news-52197219,২০ বছরেরও বেশি সময় ধরে ভারতে আত্মগোপনে ছিলেন বাংলাদেশের প্রতিষ্ঠাতা রাষ্ট্রপতি শেখ মুজিবুর রহমানের হত্যাকাণ্ডের ঘটনায় মৃত্যুদণ্ডপ্রাপ্ত আব্দুল মাজেদ।,বঙ্গবন্ধু শেখ মুজিবুর রহমান হত্যা মামলার মৃত্যুদণ্ডপ্রাপ্ত পলাতক আসামি আব্দুল মাজেদকে দীর্ঘ ২২ বছর পর মঙ্গলবার ভোরে ঢাকার গাবতলী থেকে গ্রেপ্তার করেছে পুলিশের কাউন্টার টেররিজম ইউনিট। গ্রেপ্তারের পর প্রাথমিক জিজ্ঞাসাবাদে তিনি ভারতে আত্মগোপনে থাকার কথা স্বীকার করেছেন এবং গত মার্চ মাসে বাংলাদেশে প্রবেশের বিষয়টি নিশ্চিত করেছেন। মঙ্গলবার দুপুরে তাকে ঢাকার সিএমএম আদালতে হাজির করা হলে আদালত তাকে কারাগারে পাঠানোর নির্দেশ দেন।,15.00,5.13,10.00
news-54933566,যুক্তরাষ্ট্রের প্রেসিডেন্ট নির্বাচনে জো বাইডেনের বিজয়ের পর কিছুদিন নীরব থাকলেও অবশেষে সম্ভাব্য ভবিষ্যৎ মার্কিন প্রেসিডেন্টকে অভিনন্দন জানিয়েছে চীন।,"মার্কিন নির্বাচনে জো বাইডেনের জয়ের পূর্বাভাস পাওয়ার পর বিশ্বের বিভিন্ন দেশের নেতারা তাকে অভিনন্দন জানালেও, চীন ও রাশিয়া এ বিষয়ে সতর্ক অবস্থান বজায় রেখেছে। চীন বাইডেনকে অভিনন্দন জানালেও রাশিয়া আনুষ্ঠানিক ফলাফলের জন্য অপেক্ষা করার কথা জানিয়েছে। অন্যদিকে, ডোনাল্ড ট্রাম্প নির্বাচনে কারচুপির ভিত্তিহীন অভিযোগ তুললেও মার্কিন নির্বাচন কর্মকর্তারা ভোটগ্রহণকে ইতিহাসের সবচেয়ে নিরাপদ বলে নিশ্চিত করেছেন।",19.44,5.71,16.67
news-46541363,"""দ্যা গার্ডিয়ান্স এন্ড দ্য ওয়ার অন ট্রুথ।"" যুক্তরাষ্ট্রের বিখ্যাত টাইম সাময়িকী ২০১৮ সালে যাদের বছরের আলোচিত চরিত্র বলে বাছাই করেছে তাদের এভাবেই বর্ণনা করেছে। এরা সবাই বিশ্বের বিভিন্ন দেশে নিপীড়ন-নির্যাতনের শিকার হওয়া সাংবাদিক।","টাইম ম্যাগাজিন নিপীড়নের শিকার বিশ্বের সাহসী সাংবাদিকদের তালিকায় বাংলাদেশের আলোকচিত্রী শহিদুল আলমকে অন্তর্ভুক্ত করেছে। শহিদুল আলম মনে করেন, ভিন্নমতের কণ্ঠরোধ করতেই তাকে গ্রেফতার করা হয়েছিল এবং সাধারণ মানুষ চুপ থাকায় তার কণ্ঠস্বর বেশি গুরুত্ব পেয়েছে। তিনি আরও বলেন, যদি আরও অনেকে সাহসের সাথে কথা বলতেন, তবে তাকে এমন পরিস্থিতির শিকার হতে হতো না।",9.20,0.00,6.90
news-48230828,যুক্তরাষ্ট্র আর ইরানের মধ্যে উত্তেজনা বাড়তে থাকার মধ্যেই খবর পাওয়া যাচ্ছে যে চারটি আমেরিকান বি-৫২ বোমারু বিমান কাতারে অবস্থিত মার্কিন সামরিক ঘাঁটিতে এসে নেমেছে।,"মধ্যপ্রাচ্যে মার্কিন সেনাদের ওপর ইরানের সম্ভাব্য হামলার আশঙ্কায় যুক্তরাষ্ট্র পারস্য উপসাগরে বি-৫২ বোমারু বিমান ও রণতরী পাঠিয়েছে। ইরান এসব অভিযোগকে ভিত্তিহীন বলে প্রত্যাখ্যান করে একে মার্কিন অপপ্রচার হিসেবে অভিহিত করেছে। ট্রাম্প প্রশাসন যুদ্ধ না চাওয়ার কথা বললেও, ইরানের ওপর কঠোর নিষেধাজ্ঞা ও রাজনৈতিক চাপের মাধ্যমে দেশটিতে অস্থিরতা তৈরির চেষ্টা করছে বলে বিশ্লেষকরা মনে করছেন।",17.50,7.69,15.00
news-46969032,গত সপ্তাহেই এক তরুণীর হত্যাকাণ্ডের খবরে দারুণ ধাক্কা খেয়েছিলো অস্ট্রেলিয়ার মানুষ।,মেলবোর্নে অধ্যয়নরত ইসরায়েলি তরুণী আয়া মাসারভির নৃশংস হত্যাকাণ্ড অস্ট্রেলিয়ায় নারী নিরাপত্তার বিষয়টি নিয়ে তীব্র ক্ষোভ ও বিতর্কের জন্ম দিয়েছে। দেশটিতে প্রতি তিনজন নারীর একজন শারীরিক নির্যাতনের শিকার হন এবং পারিবারিক সহিংসতার কারণে প্রতি সপ্তাহে গড়ে একজন নারী খুন হন। এই ভয়াবহ পরিসংখ্যান ও সাম্প্রতিক হত্যাকাণ্ডগুলো অস্ট্রেলিয়ায় নারীর বিরুদ্ধে ক্রমবর্ধমান সহিংসতার বিরুদ্ধে জাতীয় পর্যায়ে কঠোর পদক্ষেপ নেওয়ার দাবি জোরালো করেছে।,0.00,0.00,0.00
news-43641725,"রুশ সেনাবাহিনীর সাবেক একজন শীর্ষ জেনারেল বিবিসিকে বলেছেন, ব্রিটেনে একজন সাবেক রুশ গুপ্তচরের ওপর নার্ভ এজেন্ট প্রয়োগের ঘটনা নিয়ে রাশিয়ার সাথে পশ্চিমের যুদ্ধ লেগে যেতে পারে এবং তা হবে 'সর্বশেষ যুদ্ধ'।","১. রাশিয়ার সাথে পশ্চিমা দেশগুলোর বর্তমান উত্তেজনাকর সম্পর্ককে জেনারেল ইয়েভগেনি বুজনিস্কি মানব ইতিহাসের সর্বশেষ যুদ্ধের পূর্বাভাস হিসেবে অভিহিত করেছেন। ২. সলসবেরিতে রুশ গুপ্তচরকে বিষপ্রয়োগের ঘটনাকে কেন্দ্র করে রাশিয়া ও পশ্চিমা দেশগুলোর মধ্যে পাল্টাপাল্টি কূটনীতিক বহিষ্কারের ঘটনায় বিশ্বজুড়ে চরম অস্থিরতা তৈরি হয়েছে। ৩. তবে ব্রিটিশ গবেষণাগার পোর্টন ডাউন ল্যাব জানিয়েছে যে, সলসবেরিতে ব্যবহৃত বিষাক্ত গ্যাসটি রাশিয়া থেকে এসেছে এমন কোনো অকাট্য প্রমাণ এখনো পাওয়া যায়নি।",10.53,2.15,6.32
news-51260361,"আগামী মাস থেকে ব্রিটেন বিজ্ঞানী, গণিতবিদ আর গবেষকদের দ্রুততম সময়ে ভিসা দেয়ার নতুন এক ব্যবস্থা চালু করতে যাচ্ছে।","যুক্তরাজ্যের প্রধানমন্ত্রী বরিস জনসন বিজ্ঞান ও গবেষণায় মেধাবীদের আকৃষ্ট করতে আগামী ২০শে ফেব্রুয়ারি থেকে ‘গ্লোবাল ট্যালেন্ট ভিসা’ নামক নতুন ভিসা ব্যবস্থা চালুর ঘোষণা দিয়েছেন। স্বীকৃত প্রতিষ্ঠানের গবেষকরা এই ভিসার জন্য আবেদন করতে পারবেন, যার মূল লক্ষ্য হলো বিশ্বের সেরা মেধাবীদের যুক্তরাজ্যের গবেষণায় যুক্ত করা। তবে এই পরিকল্পনার বাস্তবায়ন নিয়ে বিরোধী রাজনৈতিক দলগুলো সংশয় প্রকাশ করেছে।",16.44,0.00,16.44
news-47349064,"চট্টগ্রাম শাহ আমানত বিমানবন্দরে সেনা অভিযানের পরপরই ঢাকায় একটি সংবাদ সম্মেলনে বেসামরিক বিমান চলাচল কর্তৃপক্ষের চেয়ারম্যান এয়ার ভাইস মার্শাল নাইম হাসান বলেন, ''কথিত ছিনতাইকারী ব্যক্তিকে আহত অবস্থায় আটক করা হয়েছে।''",ঢাকা থেকে দুবাইগামী বাংলাদেশ বিমানের 'ময়ূরপঙ্খী' ফ্লাইটটি একজন অস্ত্রধারী যাত্রী ছিনতাইয়ের চেষ্টা করলে চট্টগ্রামে জরুরি অবতরণ করানো হয়। কমান্ডো অভিযানের মাধ্যমে পরিস্থিতি নিয়ন্ত্রণে আনা হয় এবং অস্ত্রধারী ব্যক্তি এনকাউন্টারে নিহত হন। তবে বিমানটিতে থাকা ১৪৮ জন যাত্রী ও ক্রু সবাই অক্ষত অবস্থায় নিরাপদে বেরিয়ে আসতে সক্ষম হয়েছেন।,2.60,0.00,2.60
news-50171978,ধরুন আপনি বাংলাদেশের যেকোনো মহাসড়ক ধরে দেশের কোন জেলায় যাচ্ছেন। হঠাৎ লম্বা যানজটে পড়লেন যার কারণ আপনি জানেন না।,"সড়ক দুর্ঘটনা ও যানজট নিরসনে উন্নত বিশ্বের আদলে বাংলাদেশে 'ইন্টেলিজেন্ট ট্রান্সপোর্ট সিস্টেম' নামক একটি প্রযুক্তিভিত্তিক পর্যবেক্ষণ ব্যবস্থা চালুর উদ্যোগ নিয়েছে সরকার। এই প্রকল্পের মাধ্যমে দেশের সকল সড়ক ও মহাসড়ক সার্বক্ষণিক নজরদারিতে রাখা হবে, যাতে কোনো দুর্ঘটনা ঘটলে দ্রুততম সময়ে পুলিশ, উদ্ধারকর্মী ও হাসপাতাল কর্তৃপক্ষকে অবহিত করা সম্ভব হয়। এর ফলে দুর্ঘটনার শিকার ব্যক্তিদের দ্রুত চিকিৎসা নিশ্চিত করার পাশাপাশি মহাসড়কের বিশৃঙ্খলা ও দীর্ঘ যানজট কমিয়ে আনা সম্ভব হবে।",2.33,0.00,2.33
news-46919162,ভারতের জম্মু থেকে বহু পথ পাড়ি দিয়ে বাংলাদেশের কুতুপালং রোহিঙ্গা ক্যাম্পে এসেছিল একটি পরিবার। কক্সবাজারের ট্রানজিট ক্যাম্পে নিয়ে যাওয়ার আগে ওই পরিবারটির সঙ্গে কথা হয়েছিল টেকনাফের রোহিঙ্গা নেতা মোহাম্মদ নূরের।,"ভারত সরকার রোহিঙ্গাদের মিয়ানমারে ফেরত পাঠানোর প্রক্রিয়া শুরু করায় প্রাণভয়ে আতঙ্কিত হয়ে অনেক রোহিঙ্গা সীমান্ত পাড়ি দিয়ে বাংলাদেশে আশ্রয় নিচ্ছে। সরকারি তথ্যমতে, এখন পর্যন্ত ভারত থেকে প্রায় তেরোশোর বেশি রোহিঙ্গা বাংলাদেশে প্রবেশ করেছে, যা স্থানীয় প্রশাসনের জন্য উদ্বেগের কারণ হয়ে দাঁড়িয়েছে। বর্তমানে এই শরণার্থীদের বিষয়ে সরকারের পরবর্তী নির্দেশনার অপেক্ষায় তাদের ট্রানজিট ক্যাম্পে রাখা হয়েছে।",16.67,4.88,11.90
news-48108300,ভেনেজুয়েলার বিরোধী নেতা হুয়ান গুয়াইদো প্রেসিডেন্ট নিকোলাস মাদুরোকে ক্ষমতাচ্যুত করার জন্য সেনাবাহিনীর প্রতি ডাক দিয়েছেন।,ভেনেজুয়েলার বিরোধী নেতা হুয়ান গুয়াইদো সেনাবাহিনীর একটি অংশের সমর্থন নিয়ে প্রেসিডেন্ট নিকোলাস মাদুরোর সরকারকে উৎখাতের চূড়ান্ত পর্যায়ের ঘোষণা দিয়েছেন। তবে মাদুরো সরকার এই অভ্যুত্থানের চেষ্টা নস্যাৎ করার দাবি করে সেনাবাহিনীর পূর্ণ আনুগত্যের কথা জানিয়েছে। এই রাজনৈতিক অস্থিরতার জেরে কারাকাসের রাস্তায় বিরোধী সমর্থক ও নিরাপত্তা বাহিনীর মধ্যে ব্যাপক সংঘর্ষের ঘটনা ঘটেছে।,27.69,15.87,27.69
news-52777254,হত্যাকাণ্ডের শিকার সৌদি সাংবাদিক জামাল খাসোগজির সন্তানরা তার বাবার হত্যাকারীদের ক্ষমা করে দেয়ার ঘোষণা দেওয়ার পরপরই নিহতের তুর্কি বাগদত্তা ক্ষিপ্ত হয়ে বলেছেন এমন ক্ষমা প্রদর্শনের অধিকার কারো নেই।,২০১৮ সালে ইস্তাম্বুলের সৌদি কনসুলেটে সাংবাদিক জামাল খাসোগজিকে নৃশংসভাবে হত্যার ঘটনায় সৌদি সরকারের সংশ্লিষ্টতার অভিযোগ থাকলেও তারা তা অস্বীকার করে আসছে। জাতিসংঘসহ আন্তর্জাতিক বিভিন্ন সংস্থা এই হত্যাকাণ্ডের পেছনে সৌদি যুবরাজ মোহাম্মদ বিন সালমানের নির্দেশ থাকার সন্দেহ প্রকাশ করেছে। খাসোগজির বাগদত্তা হাতিস চেংগিস এই জঘন্য হত্যাকাণ্ডের জন্য কাউকে ক্ষমা করা সম্ভব নয় বলে মন্তব্য করেছেন।,19.51,2.50,14.63
news-56668724,ধর্ম নিয়ে বিশেষ করে ইসলাম নিয়ে তার কটাক্ষমুলক লেখালেখি নিয়ে বিতর্ক ভারতে আশ্রয় নেওয়া বাংলাদেশি লেখক তসলিমা নাসরিনের জন্য নতুন কিছু নয়।,ইংলিশ ক্রিকেটার মইন আলীকে নিয়ে তসলিমা নাসরিনের একটি বিতর্কিত টুইট ঘিরে সোশ্যাল মিডিয়ায় তীব্র সমালোচনার ঝড় উঠেছে। তসলিমা দাবি করেছেন যে তিনি মইনকে নয় বরং কট্টর ইসলামকে কটাক্ষ করেছেন এবং এ নিয়ে তার কোনো অনুশোচনা নেই। তবে সতীর্থ ক্রিকেটাররা তসলিমার এমন মন্তব্যের তীব্র প্রতিবাদ জানিয়ে তার মানসিক সুস্থতা নিয়ে প্রশ্ন তুলেছেন।,8.22,2.82,5.48
news-48249669,"ইন্দোনেশিয়ার পূর্বাঞ্চলে একটি গ্রাম রয়েছে, যে গ্রামকে 'মা ছাড়া গ্রাম' বলে ডাকে দেশটির মানুষ। কারণ সেই গ্রামে মা ছাড়াই বড় হচ্ছে প্রায় সব শিশু।","ইন্দোনেশিয়ার ওয়ানাসাবা গ্রামের অনেক মা পরিবারের স্বচ্ছলতার জন্য সন্তানদের রেখে বিদেশে পাড়ি জমান, যার ফলে শিশুরা দীর্ঘ সময় মাতৃহীন কষ্টে বেড়ে ওঠে। মায়ের অনুপস্থিতিতে এই শিশুদের দেখাশোনার দায়িত্ব পড়ে পরিবারের পুরুষ বা বয়স্ক সদস্যদের ওপর, যা তাদের মানসিক বিকাশে গভীর প্রভাব ফেলে। এলি সুশিয়াতির মতো অনেক সন্তানই এখন আর অর্থবিত্তের চেয়ে মায়ের সান্নিধ্য ও পারিবারিক সাহচর্যকে বেশি গুরুত্ব দিচ্ছে।",4.82,0.00,4.82
news-55771427,"বাংলাদেশে কার্টুনিস্ট, বাউল শিল্পী, নাট্যকারসহ সাংস্কৃতিক কর্মী বা শিল্পীদের মত প্রকাশের স্বাধীনতা ব্যহত হওয়ার মতো ঘটনা বেড়ে যাওয়ার অভিযোগ উঠেছে।",ডিজিটাল নিরাপত্তা আইনের অপব্যবহারের ফলে বাংলাদেশের সাংস্কৃতিক অঙ্গনে ভয়ের সংস্কৃতি তৈরি হয়েছে বলে উদ্বেগ প্রকাশ করেছেন শিল্পী ও মানবাধিকার কর্মীরা। কার্টুনিস্ট ও লেখকদের কারাবন্দি এবং হয়রানির ঘটনায় রাজনৈতিক কার্টুন প্রকাশের পরিসর সংকুচিত হয়ে পড়েছে। তবে সরকার এসব অভিযোগ অস্বীকার করে আসছে এবং অভিযুক্তদের বিরুদ্ধে গুজব ছড়ানো ও রাষ্ট্রীয় অবমাননার অভিযোগ বজায় রেখেছে।,13.89,0.00,8.33
news-40772598,"সারাবিশ্বে পুরুষদের শরীরে যে হারে শুক্রাণুর সংখ্যা বা স্পার্ম রেট কমে যাচ্ছে, শুক্রাণু কমে যাবার সেই হার বজায় থাকলে মানুষ বিলুপ্ত হয়ে যেতে পারে বলে হুঁশিয়ার করে দিয়েছেন এক চিকিৎসক।","১৯৭৩ থেকে ২০১১ সাল পর্যন্ত পরিচালিত ১৮৫টি গবেষণার তথ্যানুযায়ী, পশ্চিমা বিশ্বের পুরুষদের শুক্রাণুর ঘনত্ব ও সংখ্যা আশঙ্কাজনকভাবে অর্ধেকেরও বেশি কমে গেছে। গবেষক ড. হ্যাগাই লেভিনের মতে, জীবনযাত্রা ও পরিবেশের পরিবর্তন না আনলে এই ধারা মানব প্রজাতির অস্তিত্বের জন্য হুমকি হয়ে দাঁড়াতে পারে। যদিও অন্যান্য বিজ্ঞানীরা এই গবেষণার মান নিয়ে সন্তোষ প্রকাশ করেছেন, তবে মানব বিলুপ্তির আশঙ্কার বিষয়ে তারা এখনই নিশ্চিত কোনো সিদ্ধান্তে পৌঁছাতে রাজি নন।",10.53,0.00,10.53
news-45165586,ব্রিটেনে সবচেয়ে বড় অনলাইন ভিডিও ফেস্টিভ্যালে অংশ নিতে ইউটিউব তারকা এবং তাদের ভক্তরা জড়ো হচ্ছেন লন্ডনে।,"১৯ বছর বয়সী ইউটিউবার লুইস বল গত পাঁচ বছরেরও বেশি সময় ধরে তার দৈনন্দিন জীবনের বিভিন্ন মুহূর্ত ভিডিও ব্লগের মাধ্যমে অনলাইনে তুলে ধরছেন। শৈশব থেকেই সামাজিক মাধ্যমের প্রতি আগ্রহী এই তরুণ তার মেকআপ টিউটোরিয়াল ও ব্যক্তিগত অভিজ্ঞতার ভিডিওর মাধ্যমে তিন লাখেরও বেশি অনুসারী অর্জন করেছেন। লুইসের মতে, অনলাইনে নিজের বেড়ে ওঠার এই যাত্রা তাকে নিজের ব্যক্তিত্ব খুঁজে পেতে এবং আত্মবিশ্বাসী হয়ে উঠতে ইতিবাচকভাবে সাহায্য করেছে।",4.94,0.00,4.94
news-54770021,"ফরাসী প্রেসিডেন্ট এমানুয়েল ম্যাক্রঁ বলেছেন, ইসলামের নবীকে নিয়ে আঁকা বিতর্কিত ব্যঙ্গচিত্রের কারণে মুসলিমরা কেন এতটা ক্ষুব্ধ হয়েছিল সেটা তিনি বুঝতে পারেন। তবে এর কারণে সহিংসতার যুক্তি তিনি কোনদিনই মানতে পারবেন না।","ফ্রান্সে মহানবী (সা.)-এর ব্যঙ্গচিত্র প্রদর্শনকে কেন্দ্র করে সৃষ্ট বিতর্কের জেরে মুসলিম বিশ্বে প্রেসিডেন্ট ইমানুয়েল ম্যাক্রঁর বিরুদ্ধে তীব্র ক্ষোভের সৃষ্টি হয়েছে। নিস শহরে সাম্প্রতিক সন্ত্রাসী হামলার প্রেক্ষাপটে ম্যাক্রঁ মত প্রকাশের স্বাধীনতার পক্ষে অবস্থান নিলে মুসলিম দেশগুলো ফরাসি পণ্য বর্জনের ডাক দেয়। আল জাজিরাকে দেওয়া সাক্ষাৎকারে ম্যাক্রঁ দাবি করেন যে, তার বক্তব্যকে ভুলভাবে ব্যাখ্যা করা হয়েছে এবং তিনি ব্যক্তিগতভাবে ব্যঙ্গচিত্রকে সমর্থন করেন না।",10.75,0.00,8.60
news-49919369,"গর্ভের শিশুদের হাতে টিকটিকি জাতীয় অতিরিক্ত কিছু পেশী থাকে এবং তাদের জন্মের আগেই এসব ঝরে যায়, এক গবেষণায় এই তথ্য পাওয়া গেছে।","গবেষণায় দেখা গেছে, মানুষের ভ্রূণের বিকাশের প্রাথমিক পর্যায়ে কিছু পেশী তৈরি হয় যা বিবর্তনের ধারায় বিলুপ্ত হয়ে গেলেও ভ্রূণাবস্থায় অস্থায়ীভাবে উপস্থিত থাকে। বিজ্ঞানীরা ভ্রূণের থ্রিডি স্ক্যান করে দেখেছেন যে, এসব পেশী সাধারণত জন্মের আগেই অদৃশ্য হয়ে যায়, তবে কখনো কখনো এগুলো জন্মগত ত্রুটির কারণ হতে পারে। বিবর্তনের এই প্রাচীন অবশেষগুলো মানুষের বৃদ্ধাঙ্গুলির বিশেষ কার্যক্ষমতা ও শারীরিক বিবর্তনের রহস্য উন্মোচনে নতুন আলোকপাত করছে।",23.81,4.88,16.67
news-45821961,বাংলাদেশে ২১শে অগাস্ট গ্রেনেড হামলার মামলার রায়ে বিএনপির ভারপ্রাপ্ত চেয়ারম্যান তারেক রহমানের যাবজ্জীবন সাজা তাকে দেশে ফিরিয়ে আনতে সরকারের জন্য বিশেষ কোন সুযোগ তৈরি করছে না বলে আইন বিশেষজ্ঞরা মনে করছেন।,"২১শে আগস্ট গ্রেনেড হামলা মামলায় সাজাপ্রাপ্ত তারেক রহমানকে দেশে ফিরিয়ে আনার জন্য সরকার আইনি ও কূটনৈতিক উদ্যোগ গ্রহণের প্রক্রিয়া শুরু করেছে। বাংলাদেশ ও ব্রিটেনের মধ্যে সরাসরি বন্দী বিনিময় চুক্তি না থাকলেও, জাতিসংঘের সনদের আওতায় তাকে হস্তান্তরের সুযোগ রয়েছে বলে সরকার মনে করছে। এছাড়া, রায়ের বিরুদ্ধে আপিল করতে হলে তারেক রহমানকে ৬০ দিনের মধ্যে সশরীরে আদালতে হাজির হতে হবে বলে জানিয়েছেন আইনমন্ত্রী।",23.91,0.00,17.39
news-54537872,আজ বুধবার থেকে বাংলাদেশে ২২ দিনের জন্য ইলিশ মাছ ধরা নিষিদ্ধ করা হয়েছে।,"ইলিশের প্রজনন নির্বিঘ্ন করতে সরকার প্রতি বছর নির্দিষ্ট সময়ে মাছ ধরা ও বিপণনের ওপর নিষেধাজ্ঞা আরোপ করে, যা মা ইলিশকে নিরাপদে ডিম ছাড়তে সহায়তা করে। গবেষকদের মতে, এই নিষেধাজ্ঞার ফলে জাটকা উৎপাদন বহুগুণ বৃদ্ধি পাওয়ায় বর্তমানে বাজারে প্রচুর পরিমাণে বড় আকারের ইলিশ পাওয়া যাচ্ছে। মূলত মা ইলিশ ও জাটকা রক্ষার এই কার্যকর পদক্ষেপের কারণেই গত এক দশকে দেশে ইলিশের উৎপাদন প্রায় দ্বিগুণ হয়েছে।",7.89,2.70,5.26
news-57021250,"বিএনপি চেয়ারপারসন খালেদা জিয়ার ব্যক্তিগত চিকিৎসক দলের সদস্য ও বিএনপি নেতা এ জেড এম জাহিদ হোসেন জানিয়েছেন, হাসপাতালে চিকিৎসাধীন মিসেস জিয়ার অবস্থা অপরিবর্তিত আছে।",করোনাভাইরাস পরবর্তী জটিলতায় আক্রান্ত হয়ে এভারকেয়ার হাসপাতালে চিকিৎসাধীন বিএনপি চেয়ারপারসন খালেদা জিয়ার শারীরিক অবস্থা বর্তমানে স্থিতিশীল রয়েছে। তিনি এখনো হাসপাতালের সিসিইউতে মেডিকেল বোর্ডের নিবিড় পর্যবেক্ষণে রয়েছেন এবং চিকিৎসকরা তার আগের চিকিৎসা পদ্ধতিই অব্যাহত রেখেছেন। উন্নত চিকিৎসার জন্য তাকে বিদেশে নেওয়ার বিষয়ে এখন পর্যন্ত সরকারের কাছে কোনো আবেদন করা হয়নি বলে জানিয়েছেন তার ব্যক্তিগত চিকিৎসক।,17.95,5.26,10.26
news-47265295,"ভারত শাসিত কাশ্মীরের পুলওয়ামায় জঙ্গী হামলায় ৪০ জনেরও বেশী কেন্দ্রীয় নিরাপত্তা রক্ষী নিহত হওয়ার পরে ভারতের প্রধানমন্ত্রী হুঁশিয়ার করেছেন, হামলার জন্য দায়ীদের চড়া মাসুল দিতে হবে।","ভারতের ওপর সন্ত্রাসী হামলার প্রেক্ষিতে পাকিস্তানকে জবাব দেওয়ার জন্য কূটনৈতিক, অর্থনৈতিক ও সামরিক বিকল্প নিয়ে দেশটিতে জোরালো আলোচনা চলছে। তবে দুই দেশই পারমাণবিক শক্তিধর হওয়ায় সরাসরি সামরিক সংঘাতের ঝুঁকি ও জটিলতা নিয়ে বিশ্লেষকদের মধ্যে উদ্বেগ রয়েছে। এমতাবস্থায়, সরকারি বাহিনীর সরাসরি সম্পৃক্ততা এড়িয়ে বিকল্প উপায়ে বা 'নন-স্টেট অ্যাক্টর' ব্যবহারের মাধ্যমে পাল্টা জবাব দেওয়ার পরামর্শ দিচ্ছেন অনেকে।",7.32,0.00,7.32
news-51062430,কাসেম সোলেইমানি হত্যা এবং তার বদলায় ইরাকে মার্কিন দুটো ঘাঁটিতে ইরানের ক্ষেপণাস্ত্র হামলা দীর্ঘস্থায়ী এবং বিপজ্জনক এক সংঘাতের ঝুঁকি তৈরি করেছে।,"জেনারেল কাসেম সোলেইমানির মৃত্যুকে কেন্দ্র করে ইরানে নজিরবিহীন জনসমাগম দেশটির অভ্যন্তরীণ রাজনৈতিক বিভেদ দূর করে জাতীয় ঐক্যের বহিঃপ্রকাশ ঘটিয়েছে। দীর্ঘস্থায়ী মার্কিন নিষেধাজ্ঞার চাপে থাকা ইরান সামরিক সংঘাত এড়িয়ে সংযত থাকলে এই সংকট থেকে রাজনৈতিকভাবে লাভবান হতে পারে। তবে পাল্টা সামরিক পদক্ষেপ নিলে দেশটি দীর্ঘমেয়াদী যুদ্ধের ঝুঁকিতে পড়তে পারে, যা তাদের জন্য বিপর্যয়কর হবে।",8.11,0.00,5.41
news-48829410,"ঢাকার মিরপুরের বাসিন্দা শাহিদা পারভিন স্বামীর পেনশন হিসেবে পাওয়া পুরো টাকা দিয়ে সঞ্চয়পত্র কিনে রেখেছেন, যা দিয়ে তাদের সংসারের খরচ চলে।","সরকার ২০১৯-২০ অর্থবছরের বাজেটে সঞ্চয়পত্রের মুনাফার ওপর উৎস কর ৫ শতাংশ থেকে বাড়িয়ে ১০ শতাংশ নির্ধারণ করেছে। দ্রব্যমূল্যের ঊর্ধ্বগতির মধ্যে এই সিদ্ধান্তে অবসরপ্রাপ্ত চাকরিজীবী ও নিম্ন আয়ের মানুষসহ সঞ্চয়পত্রের ওপর নির্ভরশীল বিনিয়োগকারীরা চরম আর্থিক সংকটে পড়েছেন। তবে জাতীয় রাজস্ব বোর্ড মনে করছে, সঞ্চয়পত্রের ওপর চাপ কমাতে এবং অন্যান্য খাতে বিনিয়োগ উৎসাহিত করতেই এই কর বৃদ্ধির সিদ্ধান্ত নেওয়া হয়েছে।",0.00,0.00,0.00
news-41024577,"কাগজে কলমে এখনো পাকিস্তান আমেরিকার ঘনিষ্ঠ মিত্র, কিন্তু আফগান সঙ্কট নিয়ে প্রেসিডেন্ট ডোনাল্ড ট্রাম্প মঙ্গলবার যে ভাষায় পাকিস্তানের প্রতি হুঁশিয়ারি উচ্চারণ করেছেন, তার নজির খুব একটা চোখে পড়েনা।",আফগানিস্তানে তালেবানদের নিরাপদ আশ্রয়স্থল ধ্বংস করতে পাকিস্তানকে কঠোর হুঁশিয়ারি দিয়েছেন মার্কিন প্রেসিডেন্ট ডোনাল্ড ট্রাম্প ও পররাষ্ট্রমন্ত্রী রেক্স টিলারসন। পাকিস্তান এই নির্দেশ না মানলে তাদের বিশেষ মর্যাদা বাতিলসহ প্রয়োজনে মার্কিন বাহিনী পাকিস্তানের অভ্যন্তরে সামরিক অভিযান চালাতে পারে বলে ইঙ্গিত পাওয়া গেছে। আফগানিস্তানে ভারতের ভূমিকা বাড়ানোর মাধ্যমে পাকিস্তান ও তালেবানদের ওপর চাপ সৃষ্টির কৌশল নিয়েছে যুক্তরাষ্ট্র।,12.20,5.00,9.76
news-50576228,রাজধানী ঢাকার গুলশানে হোলি আর্টিজান হামলাকে বলা হয় বাংলাদেশের ইতিহাসে সবচেয়ে নজিরবিহীন জঙ্গি হামলা।,"গুলশানে হোলি আর্টিজান হামলার পর জঙ্গিবাদ দমনে বাংলাদেশ সরকার জিরো টলারেন্স নীতি গ্রহণসহ আইন-শৃঙ্খলা বাহিনীর সক্ষমতা বহুগুণ বৃদ্ধি করেছে। বিশেষায়িত অ্যান্টি টেরোরিজম ইউনিট গঠন, সাইবার নজরদারি এবং গোয়েন্দা তৎপরতা জোরদারের মাধ্যমে জঙ্গিবাদ নিয়ন্ত্রণে পুলিশ এখন অনেক বেশি দক্ষ। পাশাপাশি, উগ্রবাদ মোকাবিলায় আন্তর্জাতিক সহযোগিতা বৃদ্ধির পাশাপাশি শিক্ষাপ্রতিষ্ঠান ও মসজিদভিত্তিক সচেতনতামূলক কার্যক্রম পরিচালনা করা হচ্ছে।",8.82,6.06,8.82
160605_chittagong_sp_wife_killing_reax,বাংলাদেশের চট্টগ্রামে পুলিশ সুপার বাবুল আক্তারের স্ত্রী দুর্বৃত্তদের গুলিতে নিহত হবার পর স্বরাষ্ট্রমন্ত্রী আসাদুজ্জামান খান কামাল বলেছেন “এ ঘটনায় জঙ্গি সংশ্লিষ্টতা থাকতে পারে”।,রোববার সকালে চট্টগ্রামে পুলিশ সুপার বাবুল আক্তারের স্ত্রী মাহমুদা আক্তারকে দুর্বৃত্তরা প্রকাশ্যে গুলি ও ছুরিকাঘাতে হত্যা করেছে। বাবুল আক্তারের সাহসী জঙ্গি দমন ও অপরাধবিরোধী অভিযানের কারণেই তার স্ত্রীকে পরিকল্পিতভাবে টার্গেট করা হয়েছে বলে ধারণা করছেন ঊর্ধ্বতন পুলিশ কর্মকর্তারা। পুলিশ এ হত্যাকাণ্ডের পেছনে জঙ্গি সংশ্লিষ্টতার বিষয়টি গুরুত্বের সাথে খতিয়ে দেখছে এবং অপরাধীদের খুঁজে বের করতে তদন্ত চালিয়ে যাচ্ছে।,20.00,12.82,20.00
news-47733454,"ঢাকার বনানীর যে ভবনটিতে আগুন লেগে ১৯ জনের মৃত্যু ঘটেছে, সেটি রাজউকের অনুমোদিত নকশা লঙ্ঘন করে তৈরি করা। একথা জানিয়েছেন রাজউকের চেয়ারম্যান আবদুর রহমান।","বনানীর এফআর টাওয়ারে অগ্নিকাণ্ডের পর রাজউক কর্তৃপক্ষ তদন্ত করে দেখেছে যে, ভবনটি অনুমোদিত ১৮ তলার পরিবর্তে ২৩ তলা পর্যন্ত নির্মাণ করা হয়েছে। রাজউকের নকশা অমান্য করে এবং নানা বিচ্যুতি ঘটিয়ে ভবনটি নির্মাণ করায় এটি অত্যন্ত অনিরাপদ হয়ে পড়েছিল। এই অনিয়মের সঙ্গে জড়িতদের বিরুদ্ধে কঠোর শাস্তিমূলক ব্যবস্থা নেওয়ার দাবি জানিয়েছেন রাজউক চেয়ারম্যান।",24.00,0.00,18.67
news-56871135,বাংলাদেশে গত কয়েকদিনের তুলনায় করোনাভাইরাসে আক্রান্ত হয়ে মৃত্যুর সংখ্যা শনিবার আরও কমেছে। সেই সঙ্গে কমেছে নমুনা পরীক্ষা তুলনায় শনাক্তের হারও।,"বাংলাদেশে গত ২৪ ঘণ্টায় করোনায় ৮৩ জনের মৃত্যু হয়েছে এবং নতুন করে ২,৬৯৭ জন শনাক্ত হয়েছেন। বর্তমানে শনাক্তের হার ১৩.১১ শতাংশে নেমে এলেও মৃত্যুর হার আগের সপ্তাহের তুলনায় ৭.৫৬ শতাংশ বৃদ্ধি পেয়েছে। এ পর্যন্ত দেশে মোট মৃত্যুর সংখ্যা ১০,৯৫২ জন এবং মোট শনাক্তের সংখ্যা ৭ লাখ ৪২ হাজার ৪০০ জনে দাঁড়িয়েছে।",16.00,5.48,16.00
news-53088162,"যুক্তরাষ্ট্রের সাবেক জাতীয় নিরাপত্তা উপদেষ্টা জন বোল্টন নিজের নতুন বইতে দাবি করেছেন, দ্বিতীয় দফায় দেশটির প্রেসিডেন্ট নির্বাচিত হবার জন্য ডোনাল্ড ট্রাম্প চীনের প্রেসিডেন্ট শি জিনপিংয়ের সাহায্য পেতে চেষ্টা করেছিলেন।","যুক্তরাষ্ট্রের সাবেক জাতীয় নিরাপত্তা উপদেষ্টা জন বোল্টনের আসন্ন বইয়ে দাবি করা হয়েছে যে, ডোনাল্ড ট্রাম্প ২০২০ সালের নির্বাচনে জেতার জন্য চীনের প্রেসিডেন্ট শি জিনপিংয়ের কাছে সহায়তা চেয়েছিলেন। বইটিতে উল্লেখ করা হয়েছে, ট্রাম্প চীনের কাছে মার্কিন কৃষিপণ্য, বিশেষ করে সয়াবিন ও গম বেশি করে কেনার জন্য বারবার অনুরোধ করেছিলেন। হোয়াইট হাউজ বইটির তথ্য নিয়ে আপত্তি জানালেও, এই নতুন প্রকাশনা ট্রাম্পের অভিশংসন সংক্রান্ত বিতর্ককে পুনরায় উসকে দিয়েছে।",31.91,19.57,27.66
news-44901503,"হোয়াটসঅ্যাপ বলছে, শুক্রবার থেকে তারা ভারতে তাদের মেসেজিং সার্ভিস ব্যবহারকারীদের জন্য এমন দুটি নতুন ফিচার যোগ করেছে - যার মাধ্যমে মেসেজ বা ছবি অথবা ভিডিও শেয়ার করা সীমিত করা যাবে।","ভারতে হোয়াটসঅ্যাপের মাধ্যমে ছেলেধরার গুজব ছড়িয়ে গণপিটুনিতে বহু মানুষের মৃত্যুর ঘটনার প্রেক্ষিতে ভারত সরকার কঠোর ব্যবস্থা নেওয়ার নির্দেশ দেয়। এর ফলে হোয়াটসঅ্যাপ কর্তৃপক্ষ মেসেজ ফরোয়ার্ড করার সংখ্যা সর্বোচ্চ পাঁচটি চ্যাটে সীমাবদ্ধ করেছে এবং কুইক ফরোয়ার্ড বাটন সরিয়ে ফেলার মতো পদক্ষেপ নিয়েছে। গুজব ও ভুয়া খবর ছড়ানো রোধে এই নতুন নিয়ন্ত্রণ ব্যবস্থাগুলো কতটা কার্যকর হবে, তা নিয়ে এখন নানা মহলে পর্যালোচনা চলছে।",13.33,0.00,6.67
news-45964178,চীনের শিনজিয়াং প্রদেশে উইগুর মুসলিমদের 'সংশোধনের' জন্য পৃথিবীর অন্যতম বৃহৎ বন্দীশিবির গড়ে তুলেছে কর্তৃপক্ষ ।,"উপগ্রহ চিত্র বিশ্লেষণ করে দেখা গেছে, চীনের শিনজিয়াং প্রদেশের দাবাংচেং-এ বিশাল আয়তনের একটি বন্দীশিবির ব্যাপকভাবে সম্প্রসারণ করা হয়েছে, যেখানে হাজার হাজার মানুষকে আটকে রাখার সক্ষমতা রয়েছে। মানবাধিকার সংস্থাগুলোর অভিযোগ, চীন সেখানে লক্ষ লক্ষ উইগুর মুসলিমকে বিনাবিচারে বন্দি করে রেখেছে, যদিও বেইজিং একে বৃত্তিমূলক প্রশিক্ষণ কেন্দ্র হিসেবে দাবি করে আসছে। কঠোর নিরাপত্তা বেষ্টিত এই স্থাপনাগুলো নিয়ে আন্তর্জাতিক মহলে গভীর উদ্বেগ থাকলেও সেখানে সাংবাদিকদের প্রবেশাধিকার অত্যন্ত সীমিত।",10.00,2.56,7.50
news-51306016,করোনাভাইরাসে আক্রান্ত হয়ে মৃত্যুর সংখ্যা ১৭০ জনে পৌঁছেছে এবং চীনের প্রতিটি অঞ্চলে এখন ছড়িয়ে পড়েছে এই ভাইরাস।,"চীনে করোনাভাইরাসের ব্যাপক বিস্তারের পাশাপাশি এটি বিশ্বের অন্তত ১৬টি দেশে ছড়িয়ে পড়ায় বিশ্বজুড়ে উদ্বেগ তৈরি হয়েছে। মানুষে-মানুষে সংক্রমণের মাধ্যমে ভাইরাসটি মহামারি আকার ধারণ করতে পারে বলে আশঙ্কা প্রকাশ করেছে বিশ্ব স্বাস্থ্য সংস্থা। এই পরিস্থিতিতে ভাইরাসটির বিস্তার রোধে বৈশ্বিক জরুরি অবস্থা জারি করা হবে কি না, তা নিয়ে সংস্থাটি জরুরি বৈঠকে বসছে।",2.90,0.00,2.90
160804_bangladesh_india_wild_elephant_rescue,বাংলাদেশের জামালপুরের একটি চরে আটকে থাকা ভারতীয় একটি বুনো হাতি উদ্ধারে চেষ্টা করছে বাংলাদেশ ও ভারতের বন কর্মীরা।,জামালপুরের বন্যাকবলিত এলাকায় আটকে পড়া ভারতীয় বুনো হাতিটিকে উদ্ধারের জন্য বাংলাদেশ ও ভারতের বন কর্মকর্তারা যৌথভাবে কাজ শুরু করেছেন। হাতিটির বর্তমান শারীরিক অবস্থা পর্যবেক্ষণ করে সেটিকে নিরাপদ স্থানে সরিয়ে নেওয়ার পরিকল্পনা করছেন বিশেষজ্ঞরা। উদ্ধার প্রক্রিয়া শেষে হাতিটিকে ভারতে ফিরিয়ে নেওয়ার কথা রয়েছে।,23.33,10.34,23.33
news-49201712,এখন থেকে সৌদি আরবের নারীরা কোনো পুরুষ অভিভাবকের অনুমতি ছাড়াই দেশের বাইরে ভ্রমণ করতে পারবেন বলে এক রাজকীয় ফরমানে বলা হয়েছে।,"সৌদি আরবের নতুন আইনে ২১ বছরের বেশি বয়সী নারীদের পুরুষ অভিভাবকের অনুমতি ছাড়াই পাসপোর্ট পাওয়া ও বিদেশ ভ্রমণের অধিকার দেওয়া হয়েছে। এছাড়া কর্মক্ষেত্রে লিঙ্গবৈষম্য দূর করা এবং বিয়ে, বিচ্ছেদ ও জন্ম নিবন্ধনের ক্ষেত্রে নারীদের আইনি স্বাধীনতা নিশ্চিত করা হয়েছে। যুবরাজ মোহাম্মদ বিন সালমানের ভিশন ২০৩০-এর অংশ হিসেবে শ্রমবাজারে নারীদের অংশগ্রহণ বাড়ানোর লক্ষ্যে এই যুগান্তকারী সংস্কার আনা হয়েছে।",12.66,7.79,12.66
news-52554853,ইনস্টাগ্রাম গ্রুপ চ্যাটে অপ্রাপ্তবয়স্ক মেয়েদের ছবি শেয়ার করা ও অশালীন মন্তব্য করায় ১৫ বছর বয়সী এক কিশোরকে গ্রেফতার করেছে ভারতের পুলিশ।,দিল্লির স্কুলপড়ুয়া কিশোরদের তৈরি ‘বইস লকার রুম’ নামক একটি ইনস্টাগ্রাম গ্রুপে সহপাঠীদের ছবি ব্যবহার করে কুরুচিপূর্ণ মন্তব্য ও ধর্ষণের হুমকি দেওয়ার অভিযোগে ১৫ বছর বয়সী এক কিশোরকে গ্রেফতার করা হয়েছে। গ্রুপটির আপত্তিকর চ্যাটের স্ক্রিনশট সামাজিক যোগাযোগমাধ্যমে ছড়িয়ে পড়লে তা নিয়ে ব্যাপক জনরোষ ও উদ্বেগের সৃষ্টি হয়। ভারতে নারীদের নিরাপত্তা ও যৌন হয়রানির মতো গুরুতর অপরাধের বিরুদ্ধে কঠোর ব্যবস্থা গ্রহণের দাবি আবারও জোরালো হয়ে উঠেছে।,23.53,7.23,18.82
news-48135516,চীনে শিনজিয়াং প্রদেশের উইগর মুসলিম জনগোষ্ঠীর লক্ষ লক্ষ লোকের উপাত্ত সংগ্রহ করার জন্য একটি মোবাইল অ্যাপ ব্যবহার করছে চীনা পুলিশ।,"হিউম্যান রাইটস ওয়াচের প্রতিবেদন অনুযায়ী, চীন একটি বিশেষ মোবাইল অ্যাপ ব্যবহার করে উইগর মুসলিমসহ ৩৬ ধরনের মানুষের ওপর কঠোর নজরদারি চালাচ্ছে। এই অ্যাপের মাধ্যমে বিদ্যুৎ ব্যবহার, বিদেশিদের সাথে যোগাযোগ এবং ধর্মীয় আচার-আচরণের মতো ব্যক্তিগত তথ্যাদি সংগ্রহ করে তা সরকারি নজরদারি ব্যবস্থায় পাঠানো হচ্ছে। জাতিসংঘসহ বিভিন্ন মানবাধিকার সংগঠনের মতে, শিনজিয়াংয়ে উইগরদের ওপর এই নজরদারি এবং বন্দিশিবিরে আটকের ঘটনা চরম নিপীড়নের শামিল।",14.81,5.06,9.88
