id,reference,generated,rouge1,rouge2,rougeL
news-45155508,"জাতিসংঘের মানবাধিকার বিষয়ক কমিটি জেনেভাতে চীনের ওপর দুদিনের যে বিশেষ সভা করছে, সেখানে অভিযোগ করা হয়, কট্টরপন্থী সন্দেহে ১০ লাখ চীনা উইগুর মুসলিমকে বিভিন্ন রাজনৈতিক শিবিরে আটকে রাখা হয়েছে।","জাতিসংঘের জাতিগত বৈষম্য বিষয়ক কমিটির সদস্য গে ম্যাকডুগাল অভিযোগ করেছেন যে চীন স্বায়ত্তশাসিত উইগুর প্রদেশকে কার্যত ""বিশাল একটি বন্দীশিবিরে"" পরিণত করেছে। বিভিন্ন আন্তর্জাতিক মানবাধিকার সংস্থা ও সূত্র থেকে প্রাপ্ত খবর অনুযায়ী, জিনজিয়াং-এ উইগুর ও অন্যান্য মুসলিমদের গণহারে আটক করে এসব শিবিরে জোরপূর্বক চীনা প্রেসিডেন্ট শি জিনপিংয়ের প্রতি আনুগত্য প্রকাশে বাধ্য করা হচ্ছে। যদিও চীন বরাবরই এমন বন্দীশিবিরের অস্তিত্ব অস্বীকার করে আসছে, তবে জিনজিয়াং প্রদেশের ৪৫% জনসংখ্যা উইগুর মুসলিম এবং সেখানে বিদেশী মিডিয়ার প্রবেশে কঠোর বিধিনিষেধ রয়েছে।",20.75,0.0,11.32
news-39127107,ভারতের দক্ষিণাঞ্চলীয় রাজ্য তামিলনাডুর ব্যবসায়ীরা সেখানে কোকা-কোলা ও পেপসি বিক্রি নিষিদ্ধ ঘোষণা করেছে।,আজ বুধবার থেকে তামিলনাডু রাজ্যে কোকা-কোলা ও পেপসি নিষিদ্ধ করা হয়েছে। রাজ্যের শীর্ষ দুটি ব্যবসায়ী সংগঠন স্থানীয় পণ্যের ব্যবহার নিশ্চিত করতে এবং কোমল পানীয় সংস্থাগুলির দ্বারা নদীর অত্যধিক জল ব্যবহারের কারণে কৃষকদের ভোগান্তি কমাতে এই নিষেধাজ্ঞা প্রস্তাব করেছিল। জাল্লিকাটু বিক্ষোভের প্রেক্ষাপটে এই প্রচারণা জোরদার হয় এবং স্বাস্থ্যগত কারণও এর পেছনে কাজ করেছে; দশ লাখেরও বেশি দোকানদার এই নিষেধাজ্ঞা মেনে চলবে বলে আশা করা হচ্ছে।,15.19,7.79,15.19
news-49141918,"স্বাস্থ্য অধিদপ্তরের হিসাব মতে, গত ২৪ ঘণ্টায় দেশের বিভিন্ন হাসপাতালে ডেঙ্গুজ্বরে আক্রান্ত হয়ে প্রায় ৭০০ রোগী ভর্তি হয়েছেন।","ডেঙ্গুর প্রকোপে রাজধানী ঢাকার সরকারি-বেসরকারি হাসপাতালগুলো রোগী সামলাতে হিমশিম খাচ্ছে এবং অনেক হাসপাতালে ধারণক্ষমতা পূর্ণ হওয়ায় রোগীদের ফিরিয়ে দেওয়া হচ্ছে। স্বাস্থ্য অধিদপ্তরের মহাপরিচালক আবুল কালাম আজাদ জানান, পরিস্থিতি খুব বেসামাল না হলেও ডেঙ্গু নিয়ে আতঙ্কের কারণে অনেকে অপ্রয়োজনে হাসপাতালে ভর্তি হতে চাচ্ছেন, যা ডাক্তারদের উপর চাপ সৃষ্টি করছে। এমন পরিস্থিতিতে স্বাস্থ্য অধিদপ্তর আজ বেসরকারি হাসপাতাল ও ক্লিনিক প্রতিনিধিদের সাথে বৈঠকে বিভিন্ন পরীক্ষা-নিরীক্ষার মূল্য তালিকা পর্যালোচনা করে দাম নির্ধারণ করবে।",13.48,2.3,8.99
news-52808250,এই প্রথম সামাজিক মাধ্যমের বিশাল প্রতিষ্ঠান টুইটার আমেরিকান প্রেসিডেন্ট ডোনাল্ড ট্রাম্পের কোন পোস্টের সত্যতা নিয়ে প্রশ্ন তুলে তা নিয়ে সতর্কবার্তা দিল।,"ডোনাল্ড ট্রাম্প অভিযোগ করেছেন যে টুইটার আমেরিকার ২০২০ সালের নির্বাচনে হস্তক্ষেপ করছে, কারণ টুইটার ডাকযোগে ব্যালট কারচুপির বিষয়ে তার একটি টুইটকে সতর্কবার্তা দিয়ে চিহ্নিত করেছে। এর প্রতিক্রিয়ায় ট্রাম্প টুইটারকে বাক স্বাধীনতা খর্ব করার অভিযোগ করেছেন, যা তার বিতর্কিত পোস্ট এবং ষড়যন্ত্র তত্ত্ব নিয়ে তাদের দীর্ঘদিনের দ্বন্দ্বকে তুলে ধরে। যদিও টুইটার সম্প্রতি বিভ্রান্তিমূলক তথ্য বিষয়ে নতুন নীতিমালা চালু করেছে, তবে ট্রাম্পের লোরি ক্লাউসুটিসের মৃত্যু নিয়ে একটি ষড়যন্ত্র তত্ত্বের টুইটে তারা কোনো সতর্কবার্তা দেয়নি।",15.05,0.0,10.75
news-49047323,"বাংলাদেশের বন্যা পূর্বাভাস এবং সতর্কীকরণ কেন্দ্র বলছে, আগামী ২৪ ঘণ্টায় দেশের মধ্যাঞ্চলের আরো চারটি জেলা প্লাবিত হতে পারে। এ নিয়ে মোট ২২টি জেলা বন্যায় আক্রান্ত হবে।","সারা দেশে বন্যার প্রকোপ ছড়িয়ে পড়ছে, যার মধ্যে কুড়িগ্রামের চিলমারী উপজেলা শতভাগ প্লাবিত হয়েছে এবং সেখানকার বাসিন্দারা আশ্রয়কেন্দ্রে যেতে বাধ্য হচ্ছেন। বন্যা পূর্বাভাস ও সতর্কীকরণ কেন্দ্র জানিয়েছে, উজান থেকে নেমে আসা পানির কারণে আগামী ২৪ ঘণ্টার মধ্যে মধ্যাঞ্চলের ফরিদপুর, মানিকগঞ্জ, মুন্সিগঞ্জ ও রাজবাড়ী জেলা প্লাবিত হবে। এসব জেলার মধ্যে ফরিদপুরে সবচেয়ে বেশি ক্ষতির আশঙ্কা করা হচ্ছে এবং জেলা প্রশাসন দুর্যোগ মোকাবেলায় আশ্রয়কেন্দ্রসহ প্রয়োজনীয় প্রস্তুতি নিয়েছে।",26.37,8.99,21.98
news-39844487,"ভারতে মাওবাদী বিদ্রোহীদের মোকাবিলার পথ খুঁজতে সরকারের এক উচ্চ পর্যায়ের বৈঠকের পর স্বরাষ্ট্রমন্ত্রী রাজনাথ সিং জানিয়েছেন, এই সঙ্কটের কোনও চটজলদি সমাধান সম্ভব নয়, সর্বাত্মক উন্নয়ন আর আগ্রাসী নীতি বজায় রেখেই মাওবাদীদের কাবু করা সম্ভব।","সুকমায় মাওবাদী হামলার পর কেন্দ্রীয় সরকার মাওবাদী প্রভাবিত রাজ্যগুলির মুখ্যমন্ত্রী ও পুলিশ-প্রধানদের সঙ্গে বৈঠকে মাওবাদীদের সঙ্গে শান্তি আলোচনার সম্ভাবনা নাকচ করে দিয়েছে। স্বরাষ্ট্রমন্ত্রী রাজনাথ সিং স্পষ্ট করেন যে মাওবাদী দমনে সরকারি কৌশলে বড় কোনো পরিবর্তন হচ্ছে না এবং এর কোনো ঝটিতি সমাধান নেই, বরং স্বল্প, মাঝারি ও দীর্ঘমেয়াদী কৌশল প্রয়োজন। তবে, অধ্যাপক সমীর কুমার দাস মনে করেন যে মাওবাদী সমস্যা কেবল সামরিক নয়, অনুন্নয়ন ও অপশাসনের ফল।",15.69,4.0,13.73
news-45408278,বাংলাদেশে বিরোধী দল- বিএনপি'র কেন্দ্রীয় নেতারা দুই সপ্তাহের ব্যবধানে আজ (মঙ্গলবার) আবারও বিদেশি কূটনীতিকদের সাথে বৈঠক করে দেশের রাজনৈতিক পরিস্থিতি নিয়ে কথা বলেছেন।,"বিএনপি নেতারা খালেদা জিয়ার মুক্তির দাবিতে এবং দেশের রাজনৈতিক পরিস্থিতি জানাতে যুক্তরাষ্ট্র ও ভারতসহ ১৯টি দেশের কূটনীতিকদের সাথে নিয়মিত বৈঠক করছেন। দলের মহাসচিব মির্জা ফখরুল ইসলাম আলমগীরের মতে, এর লক্ষ্য হলো আন্তর্জাতিক সম্প্রদায়কে দেশের গণতন্ত্রের অবস্থা ও সরকারের রাষ্ট্রযন্ত্রের অপব্যবহার সম্পর্কে অবহিত করা। বিশ্লেষকরা মনে করেন, এর মাধ্যমে বিএনপি আগামী নির্বাচনের আগে প্রভাবশালী দেশগুলোর মাধ্যমে সরকারের উপর চাপ সৃষ্টি করে একটি অংশগ্রহণমূলক ও স্বচ্ছ নির্বাচন নিশ্চিত করতে চায়।",19.57,6.67,13.04
news-54230851,"বাংলাদেশে জনসাধারণের মধ্যে 'শৈথিল্য' আসার কারণে করোনাভাইরাস সংক্রমণের দ্বিতীয় সংক্রমণ বা সেকেন্ড ওয়েভ আসতে পারে উল্লেখ করে কোভিড-১৯ সংক্রান্ত জাতীয় কারিগরি পরামর্শক কমিটি বলছে, এটা মোকাবেলার জন্য রোডম্যাপ তৈরি ও পূর্ণ প্রস্তুতি নিতে।","বাংলাদেশে গত তিন সপ্তাহ ধরে করোনাভাইরাস শনাক্ত ও মৃত্যুর সংখ্যা কমলেও শীতকালে সংক্রমণের দ্বিতীয় ঢেউ আসার আশঙ্কা করা হচ্ছে। প্রধানমন্ত্রী শেখ হাসিনা শীতকালে সংক্রমণ বাড়ার আশঙ্কা প্রকাশ করেছেন এবং জাতীয় কারিগরি পরামর্শক কমিটি শীতকালীন পরিস্থিতি মোকাবিলায় একটি রোডম্যাপ তৈরির প্রয়োজনীয়তার কথা জানিয়েছে। এসব সুপারিশ নিয়ে স্বাস্থ্য মন্ত্রণালয় একটি জরুরি বৈঠক করবে, তবে কমিটি মনে করে, সংক্রমণের হার নিম্নমুখী হলেও এখনো তা স্বস্তিকর পর্যায়ে যায়নি।",26.53,8.33,20.41
news-46205974,রাজধানী ঢাকার নয়া পল্টন এলাকায় বিএনপি কার্যালয়ের কাছে দলটির নেতাকর্মীদের সাথে পুলিশের ধাওয়া-পাল্টা ধাওয়ার ঘটনা ঘটেছে।,"পল্টনে বিএনপি কার্যালয়ের সামনে মনোনয়নপত্র সংগ্রহকে কেন্দ্র করে পুলিশ ও বিএনপি কর্মীদের মধ্যে ধাওয়া-পাল্টা ধাওয়ার পর একটি পুলিশ ভ্যানে আগুন দেওয়া হয় এবং কয়েকটি গাড়ি ভাঙচুর করা হয়। পুলিশের অভিযোগ, বিএনপি সমর্থকরা বিনা উস্কানিতে এই হামলা চালিয়েছে, যার পর পুলিশ জলকামান ও সাঁজোয়া যান নিয়ে এলাকা ঘিরে ফেলে। অন্যদিকে, বিএনপি এই ঘটনাকে পরিকল্পিত আখ্যা দিয়ে জড়িত থাকার অভিযোগ অস্বীকার করেছে এবং বলেছে পুলিশের 'এজেন্টরা' এই সহিংসতা ঘটিয়েছে।",14.12,7.23,11.76
news-53549847,বাংলাদেশে জুলাই মাসে কথিত 'বন্দুকযুদ্ধের' ঘটনা অনেক বেড়ে গেছে বলে মানবাধিকার সংস্থাগুলো বলছে। গত মার্চ মাস থেকে দেশটিতে করোনাভাইরাসের কারণে অনেক কিছু সীমিতভাবে চললেও কমেনি 'বন্দুকযুদ্ধের' ঘটনা।,"এখানে বাংলা সংবাদ নিবন্ধটির একটি নির্ভুল ও সংক্ষিপ্ত সারসংক্ষেপ ৩ বাক্যে দেওয়া হলো:

মানবাধিকার সংস্থাগুলোর তথ্য অনুযায়ী, বাংলাদেশে আইনশৃঙ্খলা বাহিনীর সঙ্গে কথিত বন্দুকযুদ্ধে মৃত্যুর ঘটনা নিয়মিত হয়ে দাঁড়িয়েছে। আইন ও সালিশ কেন্দ্রের তথ্যমতে, চলতি বছরের জানুয়ারি থেকে জুলাই মাস পর্যন্ত পুলিশ, র‍্যাব ও বিজিবিসহ আইনশৃঙ্খলা বাহিনীর সঙ্গে বন্দুকযুদ্ধে মোট ১৭৯ জনের মৃত্যু হয়েছে। মানবাধিকার কর্মীরা কোভিড-১৯ পরিস্থিতিতে বিচারবঞ্চিত হওয়ার সুযোগ নিয়ে উদ্বেগ প্রকাশ করেছেন, যেখানে নিহতদের বিরুদ্ধে সাধারণত ডাকাতি, ধর্ষণ বা মাদক ব্যবসার অভিযোগ থাকে এবং কক্সবাজারে এমন ঘটনা সবচেয়ে বেশি ঘটেছে।",14.41,0.0,9.01
140427_pg_bd_heat_dhaka_ac,গত বেশ কিছুদিন বাংলাদেশের রাজধানী ঢাকায় বাসিন্দাদের আলোচনার প্রধান বিষয় দু:সহ গরম।,"এবছর ঢাকায় গত ৫০ বছরের মধ্যে সর্বোচ্চ তাপমাত্রা রেকর্ড করা হয়েছে, যার ফলে শীতাতপ নিয়ন্ত্রক যন্ত্র বা এসির চাহিদা ব্যাপক হারে বৃদ্ধি পেয়েছে। বিক্রেতারা চাহিদা অনুযায়ী এসি সরবরাহ করতে পারছেন না, বিশেষ করে ছোট আকারের এসি প্রায় দুষ্প্রাপ্য এবং দামও বেড়েছে। এসির চাহিদা বৃদ্ধির কারণে বিদ্যুৎ ব্যবহার বেড়েছে, যা লোডশেডিংয়ের সমস্যা আরও বাড়িয়ে তুলছে।",5.97,0.0,2.99
news-56880849,"বাংলাদেশে স্বাস্থ্য অধিদপ্তরের তথ্যে দেখা গেছে, গত সপ্তাহে যেখানে নমুনা পরীক্ষার বিচারে কোভিড-১৯ রোগী শনাক্তের হার ছিল ২৩ শতাংশ, কয়েকদিনের ব্যবধানে সেটি এখন ১৩ শতাংশে নেমে এসেছে।","করোনাভাইরাস আক্রান্ত হয়ে মৃত্যুর সংখ্যা কিছুটা কমলেও গত ২৪ ঘণ্টায় ১০১ জন মারা গেছেন, যা লকডাউনের সুফল বলে মনে করছেন বিশেষজ্ঞরা। তবে, ১৪ এপ্রিল থেকে শুরু হওয়া লকডাউনের পর রোববার থেকে দোকানপাট ও শপিংমল খুলে দেওয়ায় সংক্রমণের ঝুঁকি বাড়তে পারে বলে আশঙ্কা করা হচ্ছে। সরকার জীবন-জীবিকার কথা বিবেচনা করে এই সিদ্ধান্ত নিলেও বিশেষজ্ঞরা মনে করেন, এতে সংক্রমণ নতুন করে বাড়তে পারে।",2.22,0.0,2.22
news-42949518,ভারতে মুঘল আমলে নির্মিত আইকনিক স্থাপত্য তাজমহলের প্রাঙ্গণে সে রাজ্যের সরকার 'রামলীলা' অনুষ্ঠান আয়োজনের সিদ্ধান্ত নেওয়ার পর তা নিয়ে বিতর্ক চরমে উঠেছে।,"উত্তরপ্রদেশ সরকার তাজমহলকে ঘিরে আয়োজিত 'তাজ মহোৎসব'-এর উদ্বোধন হিন্দুদের ভগবান রামের জীবনগাথা-নির্ভর নৃত্যগীতের মাধ্যমে করার সিদ্ধান্ত নিয়েছে। ক্ষমতাসীন বিজেপি এই সিদ্ধান্তকে স্বাগত জানালেও বিরোধী দল ও অনেক ঐতিহাসিক এর সমালোচনা করে বলছেন যে এটি তাজমহলের ঐতিহ্যকে জোর করে অস্বীকার করার চেষ্টা। প্রতি বছর এই উৎসব মুঘল সংস্কৃতির উদযাপন হলেও, এবার রামলীলা ও রাম-বন্দনাকেই মূল থিম হিসেবে বেছে নেওয়া হয়েছে, যা মেরুকরণের অভিযোগ তুলেছে।",11.36,0.0,4.55
news-56080104,বাংলাদেশের সেনাপ্রধান ও তার ভাইদের নানা কর্মকাণ্ড ও দুর্নীতির অভিযোগ নিয়ে কাতার-ভিত্তিক টেলিভিশন চ্যানেল আল জাজিরার করা একটি অনুসন্ধানী প্রতিবেদন 'অসৎ উদ্দেশ্য' নিয়ে করা হয়েছে বলে দাবি করছেন জেনারেল আজিজ আহমেদ।,"আল জাজিরার প্রতিবেদন নিয়ে প্রথমবারের মতো প্রকাশ্যে কথা বলেছেন বাংলাদেশের সেনাপ্রধান জেনারেল আজিজ আহমেদ। তিনি দাবি করেন, প্রতিবেদনটি তাকে হেয় করার মাধ্যমে প্রধানমন্ত্রীকে হেয় করার চেষ্টা করেছে। বিদেশে তার পলাতক ভাইদের সাথে দেখা করা প্রসঙ্গে তিনি বলেন, সেই সময় তার ভাইদের বিরুদ্ধে কোনো মামলা বা সাজা ছিল না এবং ব্যক্তিগত সফরে প্রোটোকল ব্যবহার করা তিনি সমীচীন মনে করেন না।",30.77,11.24,15.38
news-54239981,বাংলাদেশে শীতের সময় করোনাভাইরাস সংক্রমণের প্রকোপ আরও বাড়তে পারে বা দ্বিতীয় ঢেউ আসতে পারে- এমন আশংকা থেকে সরকার ভাইরাসটি প্রতিরোধ এবং চিকিৎসার ব্যাপারে একটি রোডম্যাপ তৈরি করেছে।,"শীতকালে কোভিড-১৯ সংক্রমণ বৃদ্ধির আশঙ্কায় সরকার নতুন পরিকল্পনা গ্রহণ করেছে। এই পরিকল্পনার আওতায় ঠাণ্ডাজনিত ফ্লু ও কোভিড-১৯ এর চিকিৎসার জন্য আলাদা ব্যবস্থা করা হয়েছে, যেখানে ঠাণ্ডাজনিত রোগের ঔষধ ও ভ্যাকসিনের পর্যাপ্ত সরবরাহ নিশ্চিত করা হবে। এছাড়াও, কোভিড-১৯ এর জন্য নির্ধারিত হাসপাতালগুলো প্রয়োজনে পুনরায় ব্যবহার করা হবে এবং মাস্ক পরিধানে কঠোরতা আনা হবে।",9.76,0.0,4.88
news-49144997,টেলিভিশনে পাকিস্তানের শীর্ষস্থানীয় বিরোধী রাজনীতিবিদ আসিফ আলী জারদারির সাক্ষাৎকার নিচ্ছিলেন সুপরিচিত একজন সাংবাদিক হামিদ মীর। সাক্ষাৎকারটির সম্প্রচার শুরু হওয়ার কয়েক মিনিটের মধ্যেই এর সম্প্রচার বন্ধ হয়ে যায়।,পাকিস্তানে বিরোধী নেতাদের সাক্ষাৎকার মাঝপথে বন্ধ করে দেওয়ার ঘটনা দেশটির সংবাদমাধ্যমের স্বাধীনতার ওপর হস্তক্ষেপের স্পষ্ট ইঙ্গিত দেয়। সাংবাদিকরা এর প্রতিবাদ জানালেও সরকার ও সেনাবাহিনী সেন্সরশিপের অভিযোগ অস্বীকার করে এটিকে 'কৌতুক' বলে অভিহিত করেছে। রিপোর্টার্স উইদাউট বর্ডার্স-এর সূচকে পাকিস্তানের নিম্ন অবস্থান এবং পশ্চিমা দেশগুলোর সাথে সম্পর্ক ক্ষতিগ্রস্ত হওয়ার বিষয়টি এই সেন্সরশিপের গুরুতর প্রভাব তুলে ধরে।,12.2,0.0,7.32
news-56878093,বাংলাদেশে আগামীকাল সোমবার থেকে করোনাভাইরাসের টিকার প্রথম ডোজ দেয়া বন্ধ করে দিচ্ছে কর্তৃপক্ষ।,"স্বাস্থ্য অধিদপ্তর জানিয়েছে যে, ২৬শে এপ্রিল থেকে কোভিড-১৯ টিকাদান কার্যক্রমের প্রথম ডোজ সাময়িকভাবে বন্ধ থাকবে। ভারত টিকা রপ্তানির উপর নিষেধাজ্ঞা আরোপ করায় বাংলাদেশ টিকা সংকটে পড়েছে, কারণ সিরাম ইনস্টিটিউট থেকে প্রতি মাসে ৫০ লাখ ডোজ টিকা আসার কথা থাকলেও এখন পর্যন্ত মাত্র ৭০ লাখ ডোজ পাওয়া গেছে। এই পরিস্থিতিতে, সরকারের হাতে থাকা টিকা দিয়ে প্রথম ডোজ নেওয়া সবাইকে দ্বিতীয় ডোজ দেওয়া সম্ভব হবে না।",10.26,2.63,10.26
news-51083336,গত ১৫ বছর ধরে কেটি মেইসনরুজ অপেক্ষা করছেন এমন এক সফরের জন্য যেটি তাকে পৃথিবী থেকে নিয়ে যাবে ভিন্ন এক জগতে।,"একষট্টি বছর বয়সী বিজনেস স্কুলের প্রফেসর কেটি মেইসনরুজ ২০০৫ সালে আড়াই লাখ ডলার দিয়ে ভার্জিন গ্যালাকটিকের মহাকাশ ভ্রমণের টিকেট কিনেছিলেন। ভার্জিন গ্যালাকটিক এবছরই তাদের প্রথম মহাকাশ ফ্লাইট শুরু করার কথা জানিয়েছে, যেখানে কেটি মেইসনরুজ সহ আরও ৬০০ জন টিকেটধারী যাত্রী থাকবেন। এই মহাকাশ পর্যটন শিল্প আগামী দশ বছরে ৩০০ কোটি ডলারের ব্যবসায় পরিণত হবে বলে ধারণা করা হচ্ছে, যেখানে ব্লু অরিজিন এবং স্পেস এক্স-এর মতো প্রতিদ্বন্দ্বী কোম্পানিগুলোও সক্রিয়।",6.67,2.27,6.67
news-46679946,ইতালিতে অভিবাসীদের এক কেন্দ্রে একটি দু'বছরের শিশুর খৎনা করানোর সময় অতিরিক্ত রক্তক্ষরণ শুরু হবার ফলে ছেলেটি মারা গেছে।,ইতালির রোমে অবৈধভাবে খৎনা করানোর ফলে এক শিশুর মৃত্যু হয়েছে এবং তার ভাই হাসপাতালে চিকিৎসাধীন। নাইজেরিয়ান বংশোদ্ভূত ওই শিশুদের মা ক্যাথলিক হলেও নাইজেরিয়ার ইসলামী রীতি অনুযায়ী সন্তানদের খৎনা করানোর উদ্যোগ নিয়েছিলেন। এই ঘটনায় লিবিয়ান বংশোদ্ভূত আমেরিকান এক ডাক্তারকে গ্রেপ্তার করা হয়েছে এবং ইতালিতে প্রতি বছর প্রায় পাঁচ হাজার খৎনার এক তৃতীয়াংশেরও বেশি অবৈধভাবে করানো হয়।,16.22,2.78,10.81
news-47301727,পনের বছর বয়সে তথাকথিত ইসলামিক স্টেট বা আইএসে যোগ দেয়া শামীমা বেগম ব্রিটিশ নাগরিকত্ব হারাতে যাচ্ছেন।,"শামীমা বেগম, যিনি ২০১৫ সালে আইএস-এ যোগ দিতে সিরিয়ায় গিয়েছিলেন, তার ব্রিটিশ নাগরিকত্ব বাতিল হতে পারে কারণ ১৯ বছর বয়সে তিনি অন্য দেশের নাগরিকত্ব পাওয়ার যোগ্য। তার আইনজীবী এই সিদ্ধান্তের বিরুদ্ধে আইনি পদক্ষেপের কথা ভাবছেন। শামীমা এখন যুক্তরাজ্যে ফিরে এসে তার সদ্যোজাত সন্তানকে সেখানেই বড় করতে চান, যদিও তিনি কখনো বাংলাদেশী পাসপোর্ট ব্যবহার করেননি এবং তার নাগরিকত্ব বাতিলের চিঠি তার মায়ের কাছে পাঠানো হয়েছে।",17.28,7.59,9.88
news-49709690,প্রিয়াঙ্কা তরফদার বৃষ্টি বছর তিনেক আগে শ্রীমঙ্গলে তার গ্রামের বাড়ি থেকে ছুটি কাটিয়ে ঢাকায় ফিরছিলেন।,"গত পাঁচ বছরে ট্রেনে পাথর নিক্ষেপের ফলে ২,০০০ এর বেশি জানালা-দরজা ভেঙেছে, যা রেলওয়ে কর্তৃপক্ষের তথ্যে উঠে এসেছে। প্রিয়াঙ্কা তরফদার ও শরীফ মোস্তফা কামাল নামের দুই যাত্রী পাথর নিক্ষেপের শিকার হয়েছেন, যেখানে একজন অল্পের জন্য রক্ষা পেলেও অন্যজন গুরুতর আহত হন। বাংলাদেশের প্রায় তিন হাজার কিলোমিটার রেলপথে প্রায়শই এমন ঘটনা ঘটে, যা যাত্রীদের জন্য বিপজ্জনক পরিস্থিতি তৈরি করে।",5.33,2.74,5.33
news-56546869,গত দু বছরের মধ্যে চতুর্থবারের মতো একই সমস্যা হচ্ছে ইসরায়েলে- নির্বাচনের পর সংখ্যাগরিষ্ঠতা পেয়েও ক্ষমতায় থাকার জন্য প্রয়োজনীয় আসনের জন্য হাহাকার করতে হচ্ছে প্রধানমন্ত্রী বেনিয়ামিন নেতানিয়াহুকে।,"ইসরায়েলের সাম্প্রতিক নির্বাচনে কোনো দলই নিরঙ্কুশ সংখ্যাগরিষ্ঠতা না পাওয়ায়, ইসলামপন্থী আরব দল রাম (ইউনাইটেড আরব লিস্ট) কিংমেকার হিসেবে আবির্ভূত হয়েছে। মানসুর আব্বাসের নেতৃত্বে রাম পাঁচটি আসনে জয়ী হয়েছে, যা প্রধানমন্ত্রী নেতানিয়াহুর ক্ষমতায় থাকা বা না থাকার ক্ষেত্রে গুরুত্বপূর্ণ ভূমিকা পালন করবে। হামাসের ধর্মীয় ভাবধারায় গঠিত এই দলটি ১৯৯৬ সাল থেকে ইসরায়েলের পার্লামেন্টে প্রতিনিধিত্ব করে আসছে এবং এবার জোট থেকে বেরিয়ে এসে এককভাবে নির্বাচন করে এই গুরুত্বপূর্ণ অবস্থান তৈরি করেছে।",8.42,0.0,6.32
news-56728594,বাংলাদেশের মন্ত্রিপরিষদ বিভাগ সাত দিনের লকডাউনের যে বিধি-নিষেধ দিয়েছে বুধবার থেকে তার মধ্যে সব ধরণের আর্থিক প্রতিষ্ঠান বন্ধ রাখার নির্দেশ দেয়া হয়েছে।,"বাংলাদেশ ব্যাংক জানিয়েছে, সরকার ঘোষিত বিধিনিষেধ চলাকালীন সময়ে কিছু বিশেষ শাখা ছাড়া সব তফসিলি ব্যাংক বন্ধ থাকবে। তবে জরুরি প্রয়োজনে এটিএম বুথ থেকে টাকা তোলা যাবে এবং অনলাইন ব্যাংকিংও চালু থাকবে। এটিএম বুথগুলোতে পর্যাপ্ত নগদ অর্থ সরবরাহ নিশ্চিত করতে এবং ইন্টারনেট ব্যাংকিং সুবিধা সার্বক্ষণিক চালু রাখতে ব্যাংকগুলোকে নির্দেশ দেওয়া হয়েছে।",13.7,0.0,10.96
news-52668365,বাংলাদেশে করোনাভাইরাস মহামারির মধ্যে লকডাউনের কারণে ক্ষতিগ্রস্ত ৫০ লাখ দরিদ্র পরিবারকে ঈদ উপলক্ষে আড়াই হাজার টাকা করে নগদ সহায়তা দেয়া শুরু করা হয়েছে।,"বিশেষজ্ঞদের মতে, দেশে পাঁচ কোটির বেশি মানুষের খাদ্য সহায়তা প্রয়োজন, যার জন্য প্রধানমন্ত্রী মোবাইল ব্যাংকিংয়ের মাধ্যমে নগদ টাকা বিতরণের উদ্বোধন করেছেন। যদিও সরকার প্রায় সাত কোটি মানুষকে খাদ্য সহায়তা দেওয়ার কথা বলছে, তবে লকডাউনের দুই মাস পরেও অনেক মানুষ সহায়তা না পাওয়ার অভিযোগ করছেন। ত্রাণ কার্যক্রমে অনিয়ম, দুর্নীতি এবং সমন্বয়হীনতার অভিযোগের কারণে একজন করে সচিবকে একটি করে জেলার দায়িত্ব দেওয়া হলেও, পর্যবেক্ষকরা এখনও সমন্বয়ের অভাবের কথা বলছেন।",13.33,0.0,6.67
news-45932627,জামাল খাসোগজির হত্যকাণ্ড সম্পর্কে আরেকটি নতুন ভাষ্য হাজির করেছে সৌদি আরব।,"জামাল খাসোগজি হত্যা নিয়ে সৌদি আরবের ভাষ্য বারবার পরিবর্তিত হচ্ছে। প্রথমে তারা খাসোগজির নিখোঁজ হওয়ার খবর অস্বীকার করলেও, পরে স্বীকার করে যে তিনি কনস্যুলেটের ভেতরেই মারা গেছেন। সর্বশেষ ভাষ্য অনুযায়ী, ১৫ সদস্যের একটি দল খাসোগজিকে অপহরণের চেষ্টা করলে তিনি বাধা দেন এবং শ্বাসরুদ্ধ হয়ে মারা যান।",14.04,0.0,10.53
news-46002945,ভারতের দিল্লি বিশ্ববিদ্যালয় তাদের পাঠ্যক্রম থেকে কয়েকটি বই বাদ দিতে চলেছে।,"দিল্লি বিশ্ববিদ্যালয় তাদের রাষ্ট্রবিজ্ঞানের এম এ পাঠ্যক্রম থেকে চারটি বই বাদ দেওয়ার প্রক্রিয়া শুরু করেছে, যার মধ্যে দলিত লেখক কাঞ্ছা ইলাইয়ার তিনটি বই এবং ক্রিস্টোফার জেফারলেটের একটি বই রয়েছে। বিশ্ববিদ্যালয় কর্তৃপক্ষের মতে, এই বইগুলি ""হিন্দুত্ব-বিরোধী"" এবং এগুলিতে গবেষণালব্ধ উপাদান ও তথ্যের অভাব রয়েছে, যা শিক্ষার্থীদের মধ্যে বিভেদ তৈরি করতে পারে। বিশেষ করে কাঞ্ছা ইলাইয়ার ""হোয়াই আই অ্যাম নট আ হিন্দু"" বইটিতে হিন্দুত্ববাদী প্রতীক ও মুসলিম-খ্রিস্টানদের প্রতি ঘৃণা নিয়ে আপত্তিকর মন্তব্য থাকায় এটি বাদ দেওয়ার সিদ্ধান্ত নেওয়া হয়েছে।",15.56,9.09,15.56
news-42139703,"ভারতে বহুল আলোচিত আখিলা হাদিয়া-র তথাকথিত 'লাভ জিহাদ' মামলায় দেশের সুপ্রিম কোর্ট সোমবার তার বাবা-মা বা স্বামী, কারও কাছেই তাকে থাকার অনুমতি না-দিয়ে আপাতত তার মেডিক্যাল কলেজের হাতেই তার অভিভাবকত্ব তুলে দিয়েছে।","আখিলা হাদিয়া, যিনি তথাকথিত 'লাভ জিহাদ' বিতর্কের কেন্দ্রবিন্দুতে রয়েছেন, সুপ্রিম কোর্টে জানিয়েছেন যে তিনি স্বেচ্ছায় ইসলাম ধর্ম গ্রহণ করেছেন এবং তার মুসলিম স্বামী শাফিন জাহানের সাথে থাকতে চান। আদালত তাকে তার মেডিক্যাল ইন্টার্নশিপ শেষ করার অনুমতি দিয়েছে, যেখানে কলেজের ডিন তার অভিভাবক হিসেবে কাজ করবেন। তবে, আদালত তাকে তাৎক্ষণিকভাবে তার স্বামীর সাথে থাকার অনুমতি দেয়নি এবং এই মামলার পরবর্তী শুনানি আগামী জানুয়ারিতে অনুষ্ঠিত হবে।",32.32,10.31,26.26
news-48499557,উত্তর কোরিয়ান একজন কর্মকর্তা - যাকে শ্রম শিবিরে পাঠিয়ে দেয়া হয়েছে বলে খবর বেরিয়েছিল - তিনি সেদেশের নেতা কিম জং আনের সাথে একটি অনুষ্ঠানে যোগ দিয়েছেন বলে রাষ্ট্রীয় সংবাদ মাধ্যমে বলা হয়েছে।,"কিম ইয়ং-চোলের শ্রম শিবিরে পাঠানোর খবর মিথ্যা প্রমাণিত হয়েছে, কারণ তাকে উত্তর কোরিয়ার একটি সঙ্গীতানুষ্ঠানে কিম জং আনের সাথে দেখা গেছে। সাবেক এই গুপ্তচর প্রধানকে কিম জং আনের ডান হাত হিসেবে গণ্য করা হতো এবং তিনি মার্কিন প্রেসিডেন্ট ডোনাল্ড ট্রাম্পের সাথে ভিয়েতনাম সম্মেলনের প্রস্তুতিতে যুক্ত ছিলেন। অতীতেও উত্তর কোরিয়ার পদচ্যুত কর্মকর্তাদের শাস্তি বা নিখোঁজ হওয়ার খবর প্রায়শই ভুল প্রমাণিত হয়েছে।",26.37,8.99,17.58
news-48081272,"আপনার বয়স যদি ২০ বছর বা তার আশেপাশে হয়, তাহলে ধরে নিন যে আপনার মগজ এখন নতুন সব ধারণার হটস্পটে পরিণত হয়েছে। যারা ওই বয়স ফেলে এসেছেন, তারাও যদি পেছনে ফিরে তাকান তাহলে পার্থক্য ধরতে পারবেন।","মানুষের জীবনে দুটি পর্যায়ে মস্তিষ্ক উদ্ভাবনী চিন্তার জন্য উর্বর হয়। প্রথমটি ২০-২৬ বছর বয়সে, যখন অনেক নোবেল বিজয়ী তাদের সেরা কাজগুলো করেন এবং নতুন ধারণার জন্ম দেন। তবে, এই বয়সে সৃজনশীলতার শিখরে না পৌঁছালেও হতাশ হওয়ার কিছু নেই, কারণ দ্বিতীয় পর্যায়টি আসে ৫০-এর কোঠায়।",12.2,0.0,9.76
news-40377323,"ব্রিটেনের প্রধানমন্ত্রী বলেছেন ব্রেক্সিটের পরও একজন বৈধ অভিবাসী,যিনি ইইউ নাগরিক তিনি একজন ব্রিটিশ নাগরিকের সমান সব ধরনের অধিকার পাবেন।","ব্রেক্সিট পরবর্তী সময়ে যুক্তরাজ্যে বসবাসকারী ইউরোপীয় ইউনিয়নের নাগরিকদের অধিকার নিশ্চিত করতে প্রধানমন্ত্রী থেরেসা মে ইউরোপীয় কাউন্সিলের প্রেসিডেন্ট ডোনাল্ড টাস্কের সাথে আলোচনা করেছেন। তিনি আশ্বাস দিয়েছেন যে, যুক্তরাজ্য চায় না কোনো ইইউ নাগরিক দেশ ত্যাগ করুক বা তাদের পরিবার বিভক্ত হোক এবং তারা শিক্ষা, চিকিৎসা ও অন্যান্য সুবিধা পাবে। যদিও জার্মান চ্যান্সেলর অ্যাঙ্গেলা মেরকেল এই প্রস্তাবকে 'ভালো শুরু' বলেছেন, তবে ইইউ এর পক্ষ থেকে সতর্ক প্রতিক্রিয়া এসেছে এবং তারা পুরো প্রস্তাবটি পর্যালোচনা করবে বলে জানিয়েছে।",12.77,2.17,6.38
news-48151325,"বাংলাদেশে আবহাওয়া বিভাগের সিনিয়র আবহাওয়াবিদ বজলুর রশীদ বিবিসিকে বলেন, ভারতের পশ্চিমবঙ্গ হয়ে ঘূর্ণিঝড় ফণী যখন বাংলাদেশের দক্ষিণ- পশ্চিমাঞ্চলে ঢুকবে, তখন এর গতি হবে ঘণ্টায় ৯০ থেকে ১১০ কিলোমিটার।","ঘূর্ণিঝড় ফণী উড়িষ্যা থেকে পশ্চিমবঙ্গের দিকে অগ্রসর হচ্ছে এবং মধ্যরাতের পর খুলনা-সাতক্ষীরায় প্রবেশ করবে, তবে এটি ধীরে ধীরে শক্তি হারাচ্ছে। যদিও এটি সাধারণ মাত্রার ঘূর্ণিঝড়, তবুও এর প্রভাবে বাংলাদেশের দক্ষিণ-পশ্চিমাঞ্চলের নিচু এলাকা প্লাবিত হতে পারে এবং কাঁচা ঘরবাড়ি ও ফসলের ক্ষতি হতে পারে। আবহাওয়া বিভাগ ৭ নম্বর সতর্ক সংকেত জারি রেখেছে এবং উপকূলীয় এলাকা থেকে বহু মানুষকে নিরাপদে সরিয়ে নেওয়া হয়েছে; মধ্যরাত থেকে পরদিন দুপুর পর্যন্ত সাবধানে থাকার পরামর্শ দেওয়া হয়েছে।",11.88,2.02,7.92
news-55754177,বাংলাদেশে সম্প্রতি এক বৃদ্ধা নারীকে তার গৃহপরিচারিকার বেধড়ক পেটানো এবং এরপর লুটপাটের ঘটনা গভীর উদ্বেগের জন্ম দিয়েছে।,"বাংলাদেশে প্রবীণ জনগোষ্ঠীর সংখ্যা বাড়লেও তাদের দেখভালের জন্য পর্যাপ্ত সরকারি-বেসরকারি সেবা ও প্রশিক্ষিত জনবলের অভাব রয়েছে। পরিবারের সদস্যরা প্রবীণদের দেখভালের জন্য গৃহপরিচারিকাদের ওপর নির্ভরশীল হতে বাধ্য হচ্ছেন, যা তাদের নিরাপত্তাকে ঝুঁকিতে ফেলছে। এই পরিস্থিতিতে, প্রবীণদের নিরাপত্তা নিশ্চিত করতে এবং তাদের শেষ বয়সে পরিবারের সাথে থাকার আকাঙ্ক্ষা পূরণ করতে প্রয়োজনীয় অবকাঠামো ও জনবল গড়ে তোলা জরুরি।",5.48,0.0,5.48
news-48742054,"বাংলাদেশ ক্রিকেটের সেরা ক্রিকেটার সাকিব আল হাসান, অন্তত পরিসংখ্যান তাই বলে।","অস্ট্রেলিয়ার সাবেক ক্রিকেটার মাইক হাসি এবং ভারতের সাবেক ক্রিকেটার মুরলি কার্তিক সাকিব আল হাসানকে বিশ্বসেরা অলরাউন্ডার হিসেবে স্বীকৃতি দিয়েছেন। এই বিশ্বকাপে সাকিব ৪০০ রান ও ১০ উইকেট নিয়েছেন, যা তাকে বিশ্বকাপের সেরা ক্রিকেটার হিসেবে প্রতিষ্ঠিত করেছে। কার্তিক মনে করেন, সাকিব শুধু এই বিশ্বকাপেই নয়, বরং ক্যারিয়ার জুড়েই সেরা অলরাউন্ডারদের তালিকায় এক বা দুই নম্বরে ছিলেন।",12.12,6.25,9.09
news-52220120,"করোনাভাইরাস দুর্যোগে বাংলাদেশে লকডাউনের মধ্যে কর্মহীন মানুষ এবং দরিদ্র জনগোষ্ঠীকে খাদ্য সহায়তা দেয়ার ক্ষেত্রে দুনীতি, অনিয়ম বা বিশৃঙ্খলা এখনও থামানো যায়নি।","করোনাভাইরাস মহামারির কারণে অনেক উপার্জনক্ষম মানুষও দরিদ্র হয়ে পড়েছেন, যাদের জন্য ১০ টাকা কেজি দরে চাল বিতরণে ক্ষমতাসীন দলের নেতাদের বিরুদ্ধে দুর্নীতির অভিযোগ উঠেছে। বেশ কয়েকটি এলাকায় চাল আত্মসাৎ ও অনিয়মের দায়ে আওয়ামী লীগের ইউনিয়ন পর্যায়ের নেতাদের জেল-জরিমানা হয়েছে। লকডাউনের দ্বিতীয় সপ্তাহ শেষেও দরিদ্রদের জন্য ত্রাণ সহায়তার তালিকা প্রস্তুত না হওয়ায় এবং ত্রাণ বিতরণে দুর্নীতি ও সমন্বয়হীনতার কারণে কর্মকর্তারা কঠোর ব্যবস্থা নেওয়ার চেষ্টা করছেন।",9.3,0.0,6.98
news-48290970,"গত মাসে ইন্দোনেশিয়ায় রাষ্ট্রপতি, জাতীয় ও আঞ্চলিক নির্বাচন অনুষ্ঠিত হয়। একদিনে এত বড় ভোট প্রক্রিয়া পৃথিবীতে খুব একটা দেখা যায় না।","ইন্দোনেশিয়ায় গত ১৭ই এপ্রিলের নির্বাচনের পর ৫০০ জনেরও বেশি নির্বাচনী কর্মকর্তার মৃত্যু হয়েছে, যা তাদের অতিরিক্ত কাজের চাপ ও ক্লান্তির ফল। ১৯ কোটিরও বেশি ভোটার এবং ১৮ হাজার দ্বীপ নিয়ে গঠিত এই বিশাল দেশে প্রায় ৭৪ লাখ কর্মকর্তা ভোট প্রক্রিয়ায় অংশ নিয়েছিলেন। হাতে হাতে ভোট গণনা এবং দীর্ঘ সময় ধরে কাজ করার কারণে এই অস্বাভাবিক সংখ্যক মৃত্যুর ঘটনা ঘটেছে, যা নির্বাচন কমিশনের জন্য একটি বড় প্রশ্ন তৈরি করেছে।",13.48,0.0,8.99
news-52345995,করোনাভাইরাস সংক্রমিতদের মধ্যে গুরুতর উপসর্গ দেখা দেয়া ঠেকাতে পারবে এমন কিছু ওষুধের পরীক্ষা শুরু করেছেন গবেষকরা।,"অক্সফোর্ড বিশ্ববিদ্যালয়ের বিজ্ঞানীরা প্রচলিত ওষুধ ব্যবহার করে করোনাভাইরাসের চিকিৎসা পদ্ধতি নিয়ে গবেষণা করছেন, যার উদ্দেশ্য হলো হাসপাতালে ভর্তির প্রয়োজনীয়তা কমানো এবং দ্রুত আরোগ্য লাভ করা। এই গবেষণার প্রথম ধাপে ম্যালেরিয়ার ওষুধ হাইড্রোক্সিক্লোরোকুইন এবং অ্যান্টিবায়োটিক অ্যাজিথ্রোমাইসিন পরীক্ষা করা হবে। অন্যদিকে, আমেরিকায় রেমডেসিভির নামক একটি ওষুধ করোনাভাইরাস রোগীদের দ্রুত সুস্থ করে তোলার ক্ষেত্রে আশাব্যঞ্জক ফলাফল দেখিয়েছে, যেখানে ১১৩ জন রোগী এক সপ্তাহের মধ্যে হাসপাতাল থেকে ছাড়া পেয়েছেন।",7.41,0.0,4.94
news-49173643,"""তারা রাতে যেকোনো সময় ১০ থেকে ৪০ বারের মত জেগে উঠতো এবং আমি একেবারেই বাড়িয়ে বলছি না"" বলছিলেন জ্যাকি উলস্টেনহোম। তিনি তার যমজ বাচ্চাদের নিয়ে যখন নির্ঘুম রাত কাটাতেন তখনকার কথা মনে করে বলছিলেন।","জ্যাকি তার দুই সন্তানের ঘুমের সমস্যার কারণে ১২ মাস ধরে কাজে যেতে পারেননি, যা তাদের পারিবারিক জীবনকে বিপর্যস্ত করে তুলেছিল। অধ্যাপক হিদার এলপিক এই সমস্যাকে যুক্তরাজ্যের একটি গোপন জনস্বাস্থ্য সংকট হিসেবে উল্লেখ করেছেন, যেখানে বাবা-মায়েরা সামাজিক লাজুকতার কারণে সাহায্য চাইতে দ্বিধা করেন। এই সমস্যা সমাধানের জন্য শেফিল্ডে একটি পাইলট প্রকল্প চালু করা হয়েছে।",6.82,0.0,6.82
news-48488145,বাংলাদেশে একাদশ জাতীয় সংসদে সংরক্ষিত আসনে প্রধান বিরোধী দল জাতীয় পার্টির সংসদ সদস্য আছেন চারজন।,"জাতীয় পার্টির সংরক্ষিত নারী আসনের সংসদ সদস্য মাসুদা এম রশীদ চৌধুরীকে কারণ দর্শানোর নোটিশ দিয়েছেন দলের মহাসচিব মসিউর রহমান রাঙ্গা। মনোনয়ন পাওয়ার সময় করা অঙ্গীকার ভঙ্গ এবং দলের চাঁদা পরিশোধ না করার অভিযোগ আনা হয়েছে তার বিরুদ্ধে। তবে মাসুদা এম রশীদ চৌধুরীর পরিবার মনে করছে, জিএম কাদেরের পক্ষে অবস্থান নেওয়ার কারণেই তাকে হেনস্থা করার চেষ্টা চলছে।",14.08,5.8,11.27
news-46175088,"গুরুতর অসুস্থ একজন নারী, যিনি নিজের শেষকৃত্য অনুষ্ঠানের জন্য প্রায় সাত হাজার পাউন্ড তহবিল সংগ্রহ করেছিলেন, তিনি মারা গেছেন।","অভিনেত্রী শার্লি হেলার ২০১৭ সালে ফুসফুসের টিউমারে আক্রান্ত হন এবং চিকিৎসকরা তাকে মাত্র কয়েক মাসের আয়ু দেন। এরপর তিনি নিজের অন্ত্যেষ্টিক্রিয়ার জন্য তহবিল সংগ্রহ শুরু করেন, কারণ তিনি চাননি তার বাবা-মাকে সব সন্তানের শেষকৃত্যের ভার নিতে হোক। নেটফ্লিক্সের 'আউট'ল কিং' চলচ্চিত্রে অভিনয় করা শার্লি চলচ্চিত্রটি মুক্তির দুই দিন আগে মারা যান, যদিও তিনি আশা করেছিলেন সেটি দেখে যেতে পারবেন। তার তহবিল সংগ্রহের পাতায় জানানো হয়, চিকিৎসাধীন অবস্থায় ঘুমের মধ্যেই তার মৃত্যু হয়েছে এবং তিনি সবার সহায়তা ও অনুদানের জন্য কৃতজ্ঞ ছিলেন।",13.73,2.0,11.76
news-56602385,"ভারতের বারাণসীতে জ্ঞানবাপী মসজিদ কমপ্লেক্সের ভেতর কোনও মন্দিরের অস্তিত্ব ছিল কি না, শহরের একটি দেওয়ানি আদালত তা খতিয়ে দেখার নির্দেশ দেওয়ার পর সেই রায় নিয়ে তীব্র বিতর্ক শুরু হয়েছে।","বারাণসীর কাশী বিশ্বনাথ মন্দির-জ্ঞানবাপী মসজিদ বিতর্কে আদালত ভারতের প্রত্নতত্ত্ব বিভাগকে মসজিদটি মন্দির ভেঙে নির্মিত হয়েছিল কিনা তা সমীক্ষা করার নির্দেশ দিয়েছে। এই রায়কে অনেক মুসলিম নেতা অসাংবিধানিক বলে মনে করছেন এবং আশঙ্কা করছেন এটি অযোধ্যার মতো আরেকটি মন্দির-মসজিদ বিবাদ উসকে দেবে। হিন্দুরা বিশ্বাস করেন যে মুঘল সম্রাট আওরঙ্গজেব ১৬৬৯ সালে কাশী বিশ্বনাথ মন্দিরের একটি অংশ ভেঙে মসজিদটি নির্মাণ করেছিলেন, যার ভিত্তিতে একজন আইনজীবী জমিটি হিন্দুদের ফিরিয়ে দেওয়ার দাবিতে মামলা করেছেন।",17.82,2.02,11.88
news-55427149,"বাংলাদেশে করোনাভাইরাসের কারণে নয় মাসেরও বেশি সময় ধরে বন্ধ রয়েছে সব ধরণের শিক্ষা প্রতিষ্ঠান। মনোবিজ্ঞানীরা বলছেন, দীর্ঘ সময় স্কুলের বাইরে থাকার কারণে অনেক শিশুর মধ্যেই আচরণগত পরিবর্তন আসতে পারে।","করোনাভাইরাস মহামারীর কারণে ১৭ই মার্চ থেকে স্কুল বন্ধ থাকায় শিশুদের মানসিক বিকাশ ব্যাহত হচ্ছে এবং তারা নিয়মতান্ত্রিক জীবন থেকে দূরে সরে যাচ্ছে। অনলাইন ক্লাস ও বাড়িতে থাকার কারণে শিশুদের মোবাইল ও ইন্টারনেটের প্রতি আসক্তি বাড়ছে, যা তাদের পড়াশোনায় মনোযোগ নষ্ট করছে। চিকিৎসা মনোবিজ্ঞানী ও অভিভাবকরা এই পরিস্থিতি নিয়ে উদ্বেগ প্রকাশ করেছেন, কারণ শিশুরা আচরণগত পরিবর্তন এবং প্রযুক্তি আসক্তির শিকার হচ্ছে।",13.48,4.6,13.48
news-50441857,ক্যান্সারের রোগীরা ভেষজ পিল গ্রহণ করেন তাহলে বিষয়টি তাদের চিকিৎসককে জানানো প্রয়োজন।,"ক্যান্সার চিকিৎসায় রসুন, আদা ও জিনসেংয়ের মতো ভেষজ উপাদান চামড়ার ক্ষত শুকাতে বিলম্ব ঘটায় এবং ক্যান্সারের চিকিৎসাকে বাধাগ্রস্ত করতে পারে। স্তন ক্যান্সার বিশেষজ্ঞ অধ্যাপক মারিয়া জোয়াও কার্দোসো জানিয়েছেন, এই ভেষজ পিলগুলো ক্যান্সার চিকিৎসায় কার্যকরী হওয়ার কোনো প্রমাণ নেই। তাই চিকিৎসকদের উচিত রোগীদের বিকল্প চিকিৎসার বিষয়ে জিজ্ঞাসা করা এবং রোগীরাও যেন তাদের চিকিৎসকদের এ বিষয়ে অবহিত করেন। কিছু ভেষজ উপাদান রক্ত জমাট বাঁধতে দেরি করে এবং হরমোন ও কেমোথেরাপির কার্যকারিতা কমিয়ে দেয়।",9.64,0.0,7.23
news-55075456,পেঁয়াজের বীজ চাষ করে আত্মনির্ভরশীল তো বটেই বরং অনন্য উদাহরণ স্থাপন করেছেন বাংলাদেশের ফরিদপুর জেলার সাহিদা বেগম।,"সাহিদা বেগম গত ১৮ বছর ধরে পেঁয়াজের বীজ চাষ করে আসছেন এবং চলতি বছর প্রায় ২০০ মণ বীজ ২ লাখ টাকা মণ দরে বিক্রি করেছেন। বর্তমানে তিনি নভেম্বর-ডিসেম্বর মাসে পেঁয়াজের বাল্ব লাগানোর কাজে ব্যস্ত, যা থেকে আগামী এপ্রিল-মে মাসে বীজ উৎপাদন হবে। শখের বশে শুরু করা এই চাষে এখন তিনি সফল একজন কৃষক, যিনি তার শ্বশুরবাড়ির ঐতিহ্যকে এগিয়ে নিয়ে যাচ্ছেন।",17.72,10.39,12.66
news-55806686,"যুক্তরাজ্য থেকে আসা যে যাত্রীদের শরীরে করোনাভাইরাসের নতুন ধরন রয়েছেন কিনা, সেটি পরীক্ষা করে দেখবেন বিশেষজ্ঞরা।","যুক্তরাজ্য থেকে সিলেটে আসা ১৫৭ জন যাত্রীর মধ্যে ২৮ জনের কোভিড-১৯ পজিটিভ শনাক্ত হওয়ার পর রোগতত্ত্ব, রোগ নিয়ন্ত্রণ ও গবেষণা ইন্সটিটিউটের (IEDCR) একটি দল সিলেটে পৌঁছেছে। এই দল যাত্রীদের মধ্যে যুক্তরাজ্যে শনাক্ত হওয়া করোনাভাইরাসের নতুন ধরনটি আছে কিনা, তা পরীক্ষা করে দেখবে। বর্তমানে আক্রান্ত যাত্রীদের খাদিমপাড়ার হাসপাতালে কোয়ারেন্টিনে রেখে চিকিৎসা দেওয়া হচ্ছে এবং তাদের রোগের ধরন নিয়ে আরও পরীক্ষা-নিরীক্ষা করা হবে।",25.32,7.79,22.78
news-56766795,করোনাভাইরাস মহামারির ২য় ঢেউয়ে বাংলাদেশে অনেকের জন্যই হাসপাতালে ভর্তি এবং সুচিকিৎসা পেতে এক প্রকার হাহাকার পরিস্থিতি সৃষ্টি হয়েছে বলে জানাচ্ছেন রোগীর স্বজনরা।,"বাংলাদেশে করোনার দ্বিতীয় ঢেউয়ে সংক্রমণ ও মৃত্যু বৃদ্ধি পাওয়ায় স্বাস্থ্যসেবা, বিশেষত আইসিইউ বেডের ওপর মারাত্মক চাপ সৃষ্টি হয়েছে। স্বাস্থ্য অধিদপ্তর আইসিইউ বেড খালি থাকার কথা বললেও, আক্রান্তদের স্বজনরা বলছেন যে আইসিইউ পাওয়া অত্যন্ত কঠিন, বিশেষ করে সাধারণ ও মধ্যবিত্তদের জন্য। রোগীর চাপ বাড়ায় স্বাস্থ্যকর্মীরাও সেবা দিতে হিমশিম খাচ্ছেন এবং আইসিইউ পেতে দীর্ঘ সময় ধরে অনেক হাসপাতালে যোগাযোগ করতে হচ্ছে।",22.22,2.53,9.88
news-50280907,উনিশশো একাশি সালে সিঙ্গাপুরের একজন ক্যাথলিক সন্ন্যাসিনী মৃত্যুদণ্ড পাওয়া এক নারী কয়েদির সাথে চিঠি বিনিময় শুরু করেন। এই পত্রালাপ চলতে থাকে পরবর্তী সাত বছর ধরে।,"সিস্টার জেরার্ড ফার্নান্দেজ, একজন নান, তার প্রাক্তন ছাত্রী টান মুই চু-এর মৃত্যুদণ্ড কার্যকর হওয়ার আগে তার সাথে দেখা করতে কারাগারে যেতেন। টান মুই চু সিঙ্গাপুরে দুটি শিশুকে হত্যার দায়ে মৃত্যুদণ্ডপ্রাপ্ত হয়েছিলেন। সিস্টার জেরার্ড বিশ্বাস করতেন যে, টান ভুল করলেও তার জীবনের মূল্য অনেক বেশি এবং তার সাথে দেখা করে তিনি টানকে মানসিক মুক্তি দিতে পেরেছিলেন। এই ঘটনাটি সিঙ্গাপুরের মৃত্যুদণ্ড কার্যকরের কঠোর আইনের প্রেক্ষাপটে মানবিক সম্পর্কের গুরুত্ব তুলে ধরে।",12.77,0.0,10.64
news-54898675,"বাংলাদেশের মানসিক চিকিৎসকরা বলছেন, যদিও আগের তুলনায় অনেক পরিবর্তন হয়েছে, কিন্তু এখনো দেশের মানুষজনের মানসিক স্বাস্থ্য বিশেষজ্ঞদের কাছে যাওয়ার ক্ষেত্রে অনীহা রয়েছে।","শারীরিক সমস্যার মতো মানসিক সমস্যাও সঠিক কাউন্সেলিং ও চিকিৎসায় পুরোপুরি আরোগ্য লাভ করতে পারে, কিন্তু শারীরিক বেদনার মতো জটিলতা না থাকায় অনেকেই কখন চিকিৎসকের শরণাপন্ন হবেন তা বুঝতে পারেন না। মানসিক রোগ বিশেষজ্ঞ ডা. মেখলা সরকার জানান, যখন কোনো ব্যক্তির আচরণ, ব্যবহারে বড় ধরনের পরিবর্তন আসে এবং তা দৈনন্দিন কর্মকাণ্ডে প্রভাব ফেলে, তখনই চিকিৎসকের পরামর্শ নেওয়া উচিত। সামাজিক কুসংস্কার ও ট্যাবু মানসিক স্বাস্থ্য সমস্যাকে চেপে রাখতে বাধ্য করে, তাই লক্ষণ দেখা দিলে দ্রুত বিশেষজ্ঞের সঙ্গে যোগাযোগ করা জরুরি।",10.0,2.04,8.0
news-41902828,"বাংলাদেশে পুলিশের অপরাধ তদন্ত বিভাগ বা সিআইডি বলছে, তারা এমন একটি জালিয়াত চক্রের সন্ধান পেয়েছে যারা নাগরিকদের জাতীয় পরিচয়পত্রের তথ্য চুরি করে সেগুলোর মাধ্যমে মোবাইল ফোন সিম বিক্রি করছে।","সিআইডি ঢাকা ও রংপুরে অভিযান চালিয়ে রাষ্ট্রায়ত্ত টেলিটকের ১২০০ অবৈধ সিম জব্দ করেছে, যা বিভিন্ন ব্যক্তির জাতীয় পরিচয়পত্র ব্যবহার করে কেনা হয়েছিল। এসব সিম চাঁদাবাজি, ভয়ভীতি প্রদর্শন ও অবৈধ অর্থ লেনদেনের মতো অপরাধে ব্যবহৃত হচ্ছিল। সিআইডি মনে করছে, কোম্পানির ভেতরের কর্মীরাই এই তথ্য চুরির সাথে জড়িত এবং মোবাইল ফোন গ্রাহকদের তথ্য সংরক্ষণ ব্যবস্থা অত্যন্ত দুর্বল।",16.67,2.44,9.52
news-51629780,"আদ্দিস আবাবার উঁচু অফিস ভবনে যে ডেস্কে বসে মারকোস লেমা কাজ করেন, সেখান থেকে পুরো নগরীর একটা চমৎকার দৃশ্য দেখা যায়।","ইন্টারনেট ব্ল্যাকআউট বা ইন্টারনেট বন্ধ করে দেওয়া বিশ্বের বিভিন্ন দেশে একটি সাধারণ ঘটনা, যা সরকার বিভিন্ন অজুহাতে করে থাকে। এর ফলে ব্যবসা-বাণিজ্য, প্রযুক্তি উদ্ভাবন এবং দৈনন্দিন জীবন মারাত্মকভাবে ক্ষতিগ্রস্ত হয়, যেমনটা ইথিওপিয়ার প্রযুক্তি উদ্ভাবক মারকোস লেমার অভিজ্ঞতায় দেখা যায়। ডিজিটাল অধিকার গোষ্ঠী 'একসেস নাউ' এর তথ্য অনুযায়ী, গত বছর ৩৩টি দেশে অন্তত ২০০ বার ইচ্ছাকৃতভাবে ইন্টারনেট বন্ধ করা হয়েছিল, যার ফলে বিশ্বজুড়ে লাখ লাখ মানুষ ক্ষতিগ্রস্ত হয়েছে।",6.74,2.3,6.74
news-51381825,"হাজার হাজার মানুষকে আক্রান্ত করেছে এটি, বন্ধ হয়েছে সীমান্ত আর এর কারণেই চীনের একাংশ হয়ে পড়েছে অচল। কিন্তু যে ভাইরাসটির কারণে এ ধরণের মহামারির মতো পরিস্থিতি তৈরি হয়েছে সেটির এখনো কোন যথাযথ নাম নেই।","করোনাভাইরাস আসলে ভাইরাসের একটি গ্রুপ বা দলের নাম, নির্দিষ্ট কোনো ভাইরাসের নাম নয়, এবং এর সাময়িক নাম ছিল ২০১৯-এনকভ। বিজ্ঞানীরা এই ভাইরাসের একটি উপযুক্ত নাম ঠিক করার চেষ্টা করছেন এবং খুব শীঘ্রই তা ঘোষণা করবেন। বিশ্ব স্বাস্থ্য সংস্থা প্রাথমিকভাবে ২০১৯-এনকভ নামে ডাকার সুপারিশ করলেও, এটি চূড়ান্ত নয় এবং আনুষ্ঠানিক নাম না থাকায় মানুষ এটিকে 'চায়না ভাইরাস' সহ বিভিন্ন নামে ডাকছে।",6.25,0.0,4.17
news-49362977,১৯৭৫ সালের ১৫ই আগস্ট বাংলাদেশের প্রতিষ্ঠাতা-রাষ্ট্রপতি শেখ মুজিবুর রহমানকে সপরিবারে হত্যার পর দেশের কোন প্রচার মাধ্যম এমনকি চলচ্চিত্রেও তাঁর নাম বা ছবি প্রকাশ হতে দেখা যায়নি।,"শেখ মুজিবুর রহমানকে হত্যার পর থেকে ১৯৯৬ সাল পর্যন্ত তৎকালীন সরকারগুলো ইতিহাস থেকে তাঁর নাম মুছে ফেলার চেষ্টা করে। ১৫ই আগস্ট, ১৯৭৫ সালে শেখ মুজিবকে হত্যার পর বাংলাদেশ বেতারে শেষবারের মতো তাঁর নাম উচ্চারিত হয়, যেখানে সেনাবাহিনীর নির্দেশে মেজর ডালিম বন্দুক ঠেকিয়ে শেখ মুজিব ও তাঁর সঙ্গীদের হত্যার ঘোষণা প্রচার করান। এরপর দীর্ঘ সময় ধরে বেতারে শেখ মুজিবের নাম আর শোনা যায়নি।",26.97,11.49,17.98
news-48872060,বাংলাদেশে বাজেট প্রস্তাবের পরদিন থেকে দুই দফায় স্বর্ণের দাম বাড়ানো হয়েছে। আজ বৃহস্পতিবার থেকে প্রতি ভরি স্বর্ণের দাম ২ হাজার ৪১ টাকা করে বেড়েছে। ফলে বর্তমানে এক ভরি স্বর্ণের দাম ৫২ হাজার ১৯৬ টাকা।,"তাসমিনা আহমেদ তার ছেলের বিয়েতে ছয় ভরি স্বর্ণের গয়না দিতে চেয়েছিলেন, কিন্তু স্বর্ণের দাম বৃদ্ধির কারণে তিনি উদ্বিগ্ন। বাংলাদেশে স্বর্ণের গয়না সামাজিক মর্যাদার প্রতীক, তাই এর দাম বাড়লে মধ্যবিত্ত পরিবারগুলো সমস্যায় পড়ে। এ বছর জানুয়ারি থেকে স্বর্ণের দাম চারবার বেড়েছে, যা প্রতি ভরি ৪৮,৯৮৮ টাকা থেকে ৫২,১৯৬ টাকায় পৌঁছেছে।",37.65,9.64,23.53
news-44246998,"নাজিয়া পারভীন, মধ্য তিরিশের একজন গৃহিণী এবং শখের মডেল। জন্ম ও বেড়ে ওঠা ঢাকার মোহাম্মদপুরে।","নারীর ঋতুকালীন পরিচ্ছন্নতা বা নিরাপদ ব্যবস্থাপনার অভাবের প্রধান কারণ সমাজের রক্ষণশীলতা ও লোকলজ্জা, যার ফলে অনেক নারী স্যানিটারি ন্যাপকিন ব্যবহারে দ্বিধা করেন এবং গ্রামে এখনো কাপড়ের ব্যবহার প্রচলিত। ২০১৪ সালের ন্যাশনাল হাইজিন সার্ভে অনুযায়ী, বেশিরভাগ নারীর পিরিয়ডকালীন পরিচ্ছন্নতা ও স্বাস্থ্যঝুঁকি সম্পর্কে ধারণা নেই, যা বিভিন্ন রোগের কারণ হতে পারে। এই সমস্যা সমাধানে সচেতনতা বৃদ্ধি এবং নিরাপদ ব্যবস্থাপনার প্রয়োজনীয়তা অপরিহার্য।",5.41,0.0,5.41
news-45332030,"জাফরানের নাম যদি শুনে থাকেন, এটাও নিশ্চয়ই জানেন যে এটি বিশ্বের সবচেয়ে দামী মশলার একটি। প্রতি আউন্স জাফরানের দাম স্বর্ণের দামের চেয়েও বেশি। এজন্যে জাফরানের আরেক নাম ""লাল স্বর্ণ।""","পৃথিবীর কিছু অত্যন্ত দামি খাবারের মধ্যে জাফরান ও ক্যাভিয়ার অন্যতম, যা সাধারণ মানুষের নাগালের বাইরে। জাফরান ফুলের গর্ভমুণ্ড থেকে হাতে সংগ্রহ করা হয় এবং এর উৎপাদন প্রক্রিয়া অত্যন্ত শ্রমসাধ্য ও সময়সাপেক্ষ, যে কারণে এর দাম সোনার চেয়েও বেশি। অন্যদিকে, ক্যাভিয়ার হলো বিরল সামুদ্রিক মাছের ডিম, বিশেষত বেলুজা স্টার্জেন মাছের ডিম, যা কাস্পিয়ান ও কৃষ্ণ সাগরে পাওয়া যায়; এই মাছের সংখ্যা কমে যাওয়ায় এবং ডিম পাড়তে দীর্ঘ সময় লাগায় এর দাম আকাশছোঁয়া।",8.0,2.04,8.0
news-51217515,ঢাকা বিশ্ববিদ্যালয়ে সার্জেন্ট জহুরুল হক হলে 'শিবির সন্দেহে' নির্যাতনের শিকার চারজন শিক্ষার্থীর একজন মুকিম চৌধুরী বিচারের দাবিতে টিএসসির রাজু ভাস্কর্যের পাদদেশে অবস্থান নিয়েছেন।,"মুকিম চৌধুরীকে মারধর ও বিনা কারণে পুলিশে দেওয়ার প্রতিবাদে তিনি বুধবার সন্ধ্যা থেকে অবস্থান নিয়েছেন। মঙ্গলবার রাতে তাকেসহ আরও তিন ছাত্রকে শিবির সন্দেহে ছাত্রলীগের কয়েকজন নেতা মারধর করে পুলিশের হাতে তুলে দেয়। এই ঘটনার সুষ্ঠু তদন্ত ও জড়িতদের বিচার না হওয়া পর্যন্ত মুকিম তার অবস্থান চালিয়ে যাওয়ার ঘোষণা দিয়েছেন, এবং জহুরুল হক হল কর্তৃপক্ষ তিন সদস্যের তদন্ত কমিটি গঠন করেছে।",14.46,4.94,9.64
news-46972950,গ্রাহকের অর্থ আত্মসাতের দায়ে মাল্টি লেভেল মার্কেটিং কোম্পানি ইউনিপেটুইউ-এর চেয়ারম্যান এবং ব্যবস্থাপনা পরিচালকসহ মোট ছয়জন কর্মকর্তাকে ১২ বছরের কারাদণ্ড দিয়েছে ঢাকার একটি আদালত।,"মাল্টি লেভেল মার্কেটিং কোম্পানি ইউনিপেটুইউ-এর বিরুদ্ধে আর্থিক অনিয়মের অভিযোগে কারাদণ্ড ও ২৭০২ কোটি ৪১ লক্ষ টাকা অর্থদণ্ড দেওয়া হয়েছে, এবং ৪২০ কোটি টাকা বাজেয়াপ্ত করা হয়েছে। এই প্রথম বাংলাদেশে কোনো মাল্টি লেভেল মার্কেটিং কোম্পানির কর্মকর্তাদের সাজা হলো, যেখানে প্রতিষ্ঠানটির ব্যবস্থাপনা পরিচালকসহ ছয়জন কর্মকর্তাকে মানি লন্ডারিং আইনে ১৩৫১ কোটি টাকা দুর্নীতির দায়ে দণ্ডিত করা হয়েছে। এই কোম্পানিগুলো সমবায়ের লাইসেন্স ব্যবহার করে ব্যাংকিং কার্যক্রম পরিচালনা করে আসছিল, যা তাদের অনুমতির বাইরে ছিল।",23.16,12.9,21.05
news-42326655,ভারতের তথ্য ও সম্প্রচার মন্ত্রণালয় বলেছে ভোর ছটা থেকে রাত দশটা পর্যন্ত কোন টিভি চ্যানেলে কন্ডোমের বিজ্ঞাপন দেখানো যাবে না।,"ভারতে দিনের বেলায় কন্ডোমের বিজ্ঞাপন দেখানো নিষিদ্ধ করা হয়েছে, কারণ মন্ত্রণালয় মনে করে এই সময়ে বাচ্চারা টিভি দেখে এবং কন্ডোমের বিজ্ঞাপন তাদের উপর খারাপ প্রভাব ফেলতে পারে। রাত দশটা থেকে ভোর ছ'টা পর্যন্ত এই বিজ্ঞাপন প্রদর্শনে কোনো বাধা নেই। এই নির্দেশ তথ্য ও সম্প্রচার মন্ত্রণালয় দেশের সব টিভি চ্যানেলে পাঠিয়েছে, যা কেবল টেলিভিশন নেটওয়ার্ক রুলস-এর অধীনে শিশুদের সুরক্ষা বিঘ্নিত করতে পারে এমন বিজ্ঞাপন প্রদর্শনে নিষেধাজ্ঞা জারি করে।",29.21,13.79,13.48
news-48835708,ইরান আন্তর্জাতিক চুক্তি লঙ্ঘন করে সমৃদ্ধ ইউরেনিয়ামের মজুদ বাড়িয়েছে।,ইরানের প্রেসিডেন্ট হাসান রৌহানি মার্কিন অবরোধ থেকে বাঁচতে পারমাণবিক কর্মসূচী সীমিত করার উদ্যোগ নিয়েছেন। এই চুক্তি অনুযায়ী ইরানকে ২০৩১ সাল পর্যন্ত কেবল কম সমৃদ্ধ ইউরেনিয়াম উৎপাদনের অনুমতি দেওয়া হয়েছে এবং ৩০০ কেজির বেশি কম সমৃদ্ধ ইউরেনিয়াম বা ১৩০ টনের বেশি ভারী পানি সংরক্ষণ করতে পারবে না। ২০১৮ সালে যুক্তরাষ্ট্র চুক্তি থেকে সরে গিয়ে ইরানের ওপর নতুন নিষেধাজ্ঞা আরোপ করায় ইরানও চুক্তি ভঙ্গ করেছে।,5.56,0.0,5.56
news-48303883,আন্তর্জাতিক এক অপরাধী চক্র ম্যালওয়্যার ব্যবহার করে ৪০ হাজার মানুষের কাছ থেকে অনলাইনে ১০০ মিলিয়ন ডলার চুরি করেছে।,"ছয়টি দেশের সমন্বিত পুলিশি অভিযানে 'গজনাইম' নামক একটি ম্যালওয়্যার ব্যবহার করে অর্থ চুরি করা একটি আন্তর্জাতিক সাইবার অপরাধী চক্রকে ভেঙে দেওয়া হয়েছে। এই ম্যালওয়্যারটি অনলাইন ব্যাংকিং তথ্য চুরি করে ক্ষুদ্র ব্যবসায়ী, আইনজীবী সংস্থা, আন্তর্জাতিক কোম্পানি এবং অলাভজনক প্রতিষ্ঠানগুলোকে লক্ষ্যবস্তু করত। যুক্তরাষ্ট্র, জার্মানি, বুলগেরিয়া, জর্জিয়া, ইউক্রেন ও মলদোভার পুলিশ এই অভিযানে অংশ নেয় এবং পিটসবার্গে দশজন অভিযুক্তকে অর্থ চুরি, কালো টাকা সাদা করা ও অর্থ পাচারের অভিযোগে অভিযুক্ত করা হয়েছে।",13.79,4.71,9.2
news-46578414,"রুশ, আরবী কিংবা ম্যান্ডারিন ভাষা জানতে চান? বেহালা কিংবা বাঁশি বাজানো শিখতে চান? নাকি কোয়ান্টাম পদার্থবিদ্যা বুঝতে চান?","নতুন কিছু শেখার প্রথম ২০ ঘণ্টাই সবচেয়ে কার্যকর, কারণ এই সময়ে মস্তিষ্ক দ্রুত তথ্য গ্রহণ করে এবং উদ্দীপনায় বেশি সাড়া দেয়। জার্মান মনোবিজ্ঞানী হেরম্যান এবিংহউস 'লার্নিং কার্ভ' ধারণার মাধ্যমে দেখিয়েছেন যে, শেখার শুরুতে জ্ঞান দ্রুত বৃদ্ধি পেলেও, পরবর্তীতে তা ধীর হয়ে আসে। তাই, কোনো নতুন দক্ষতা অর্জনের জন্য প্রথম দিকের সময়কে সর্বোচ্চ গুরুত্ব দেওয়া উচিত।",0.0,0.0,0.0
news-50798626,বাংলাদেশে ১৯৭১ সালের মুক্তিযুদ্ধের সময় পাকিস্তানি সেনাদের সহায়তার জন্য গঠিত রাজাকার বাহিনীর সদস্যদের একটি তালিকা প্রকাশ করেছে সরকার।,"মুক্তিযুদ্ধ বিষয়ক মন্ত্রণালয় ১৯৭১ সালের ১০,৭৮৯ জন রাজাকারের প্রথম তালিকা প্রকাশ করেছে, যা স্বরাষ্ট্র মন্ত্রণালয় থেকে প্রাপ্ত তথ্যের ভিত্তিতে তৈরি। মন্ত্রী আ ক ম মোজাম্মেল হক জানান, এটি কোনো নতুন তালিকা নয় বরং সরকারের কাছে থাকা দলিলপত্র প্রকাশ করা হচ্ছে এবং পর্যায়ক্রমে আরও তালিকা প্রকাশ করা হবে। তিনি অভিযোগ করেন যে বিএনপি-জামায়াত জোট সরকারের সময় অনেক রেকর্ড সরিয়ে ফেলা হয়েছে এবং তালিকা তৈরিতে জেলা পর্যায় থেকে প্রয়োজনীয় সহযোগিতা পাওয়া যায়নি।",11.11,6.82,11.11
news-46874688,মৌলভীবাজারের শেরপুরে ঐতিহ্যবাহী মাছের মেলায় ৬০ কেজি ওজনের একটি কাতলা মাছের দাম ১ লাখ ২০ হাজার টাকা হাঁকছেন মাছ ব্যবসায়ী আব্দুর রহমান।,"মৌলভীবাজারের হাকালুকি হাওর থেকে আনা একটি কাতল মাছের দাম ১ লাখ ২০ হাজার টাকা হাঁকা হয়েছে, যার আনুমানিক বয়স ১০-১২ বছর। সিলেটের শেরপুরে পৌষসংক্রান্তি উপলক্ষে প্রায় ২০০ বছর ধরে চলা ঐতিহ্যবাহী মাছের মেলায় দেশের বিভিন্ন প্রান্ত থেকে কোটি কোটি টাকার মাছ আনা হয়েছে। শ্রীমঙ্গলের মাছ বাজারে ৬০ কেজি ওজনের একটি বাঘা আইড় মাছের দাম দেড় লাখ টাকা চাওয়া হলেও, ৭২ হাজার টাকা পর্যন্ত দাম উঠেছে।",38.64,25.58,31.82
news-55242258,"সংযুক্ত আরব আমিরাতের এক শেখ এমন এক ইসরায়েলি ফুটবল ক্লাবের অর্ধেকটা মালিকানা কিনে নিয়েছেন, যে ক্লাবটির দীর্ঘ আরব-বিদ্বেষের ইতিহাস রয়েছে।","শেখ হামাদ বিন খলিফা আল নাহিয়ান ইসরায়েলের ফুটবল ক্লাব বেইতার জেরুজালেমে ৯২ মিলিয়ন ডলার বিনিয়োগ করবেন, যা ইসরায়েল ও আরব আমিরাতের মধ্যে কূটনৈতিক সম্পর্ক স্বাভাবিকীকরণের তিন মাস পর ঘটছে। এই ক্লাবটি বর্ণবাদী সমর্থকগোষ্ঠী 'লা ফ্যামিলিয়া'র জন্য পরিচিত, যারা আরব ও মুসলিম ফুটবলারদের প্রতি বিদ্বেষ পোষণ করে এবং অতীতে মুসলিম খেলোয়াড় কেনার পর ক্লাবের অফিসে আগুন ধরিয়ে দিয়েছিল। তবে ক্লাবের বর্তমান মালিক মোশে হোগেগ বর্ণবাদ বিরোধী প্রচারণা শুরু করেছেন।",13.33,2.27,6.67
news-54159266,"""তরুণদের অনেকেই আজকাল তাদের প্রিয়জন, মানে গার্লফ্রেন্ড বা বয়ফ্রেন্ডকে 'বাবু' বলে সম্বোধন করে। এর উৎপত্তি কোথা থেকে, সে সম্পর্কে জানা নেই। আমার তো মনে হয়, ইংরেজিতে রোমান্টিক পার্টনারকে বেবি বলে ডাকার প্রচলন থেকে এটা বাংলায় বাবু হয়েছে।""","""বাবু খাইছো"" শিরোনামের একটি গান সম্প্রতি সামাজিক যোগাযোগমাধ্যমে ভাইরাল হয়েছে, যা অল্প সময়েই ২০ লাখের বেশি ভিউ পেয়েছে। এই গানটি তরুণ প্রজন্মের মধ্যে ব্যাপক জনপ্রিয়তা লাভ করেছে, কারণ এটি প্রেমিক-প্রেমিকার মধ্যে নৈমিত্তিক কথোপকথনের একটি অংশকে তুলে ধরেছে। যদিও গানটি নিয়ে ট্রল হয়েছে, তবে এর রোমান্টিক সম্বোধন, বাংলা-ইংরেজি মিশ্রিত লিরিকস এবং ভিডিও-কোরিওগ্রাফি তরুণদের আকৃষ্ট করতে সক্ষম হয়েছে।",12.5,0.0,8.33
news-40652345,ফেসবুক-টুইটারের মতো সোশ্যাল মিডিয়া বা সামাজিক যোগাযোগের মাধ্যম তরুণ তুর্কীদেরকে আরো উদ্বিগ্ন করে তুলছে বলে এক গবেষণায় বেরিয়ে এসেছে।,"ডিচ দ্য লেবেল-এর একটি গবেষণা অনুসারে, অনলাইন জীবন তরুণ-তরুণীদের মধ্যে উদ্বেগ, অসম্পূর্ণতা এবং ভয়ের জন্ম দিচ্ছে। জরিপে অংশগ্রহণকারীদের মধ্যে ৪০% সেলফিতে লাইক না পেলে খারাপ অনুভব করে এবং ৩৫% এর আত্মবিশ্বাস ফলোয়ারের সংখ্যার উপর নির্ভরশীল। এছাড়া, ৭০% অনলাইনে অন্যদের পীড়ন করে এবং ১৭% সাইবার-বুলিংয়ের শিকার হয়, যার ফলে শিশুরা 'বৈরিতার সংস্কৃতির' মধ্যে বেড়ে উঠছে।",5.19,0.0,5.19
news-45011087,বাংলাদেশের রাস্তায় বাসের প্রতিযোগিতায় রোববার দুই শিক্ষার্থীর প্রাণহানির পর গণপরিবহনের অরাজক অবস্থা নিয়ে আবারো বিক্ষুব্ধ হয়ে উঠেছে ঢাকা।,"ঢাকার গণপরিবহন ব্যবস্থার সংস্কারের দাবিতে শিক্ষার্থীরা প্রতিবাদ জানাচ্ছে এবং নৌ পরিবহন মন্ত্রীর মন্তব্যে সমালোচনা চলছে। গত জানুয়ারি থেকে জুন মাস পর্যন্ত সড়ক দুর্ঘটনায় তিন হাজার ২৬ জন নিহত হলেও, ২০০৫ সালের একটি পরিকল্পনা থাকা সত্ত্বেও গণপরিবহন ব্যবস্থাকে একটি কাঠামোর মধ্যে আনা সম্ভব হয়নি। সংশ্লিষ্ট প্রতিষ্ঠানের মনোযোগের অভাব এবং মেগা প্রজেক্টের দিকে দাতাগোষ্ঠীর ঝোঁক এর প্রধান কারণ।",0.0,0.0,0.0
news-47885378,ভারতের নির্বাচন কমিশন একটি স্বাধীন ও সাংবিধানিক প্রতিষ্ঠান হলেও তারা এখন শাসক দলের অনুগত প্রতিষ্ঠানের মতোই আচরণ করছে বলে অভিযোগ করেছেন সে দেশের একদল সাবেক শীর্ষস্থানীয় আমলা।,"ভারতের প্রাক্তন আমলারা রাষ্ট্রপতির কাছে একটি চিঠি পাঠিয়েছেন, যেখানে তারা দাবি করেছেন যে বর্তমান নির্বাচন কমিশন স্বাধীনভাবে কাজ করতে পারছে না এবং তাদের ""হাঁটু দুর্বল"" হয়ে পড়েছে। এই চিঠিতে ৬৬ জন প্রাক্তন সচিব, রাষ্ট্রদূত, পুলিশ প্রধান এবং জাতীয় নিরাপত্তা উপদেষ্টারা স্বাক্ষর করেছেন। তারা অভিযোগ করেছেন যে নির্বাচন কমিশনের ""নির্লজ্জ পক্ষপাতিত্ব"" এবং ""মেরুদণ্ডহীনতা"" তাদের এই চিঠি লিখতে বাধ্য করেছে, যা ভারতের গণতন্ত্রের জন্য একটি উদ্বেগের বিষয়।",15.22,4.44,13.04
news-53929704,চীনা কোম্পানিকে বাংলাদেশে করোনাভাইরাসের প্রতিষেধক ভ্যাকসিনের ট্রায়াল চালাতে সম্মত হয়েছে বাংলাদেশ।,"বাংলাদেশ চীনা ভ্যাকসিনের ট্রায়ালের অনুমতি দিয়েছে, যেখানে স্বেচ্ছাসেবী ডাক্তার ও নার্সরা অগ্রাধিকার পাবে। স্বাস্থ্যমন্ত্রী জাহিদ মালেক জানিয়েছেন যে ট্রায়ালের খরচ চীন বহন করবে এবং ভ্যাকসিন প্রাপ্তির ক্ষেত্রে বাংলাদেশকে অগ্রাধিকার দিতে হবে। এই সিদ্ধান্তটি কোভিড-১৯ বিষয়ক জাতীয় কারিগরি পরামর্শক কমিটির সুপারিশের পর নেওয়া হয়েছে, যারা বাংলাদেশের মানুষের রোগ প্রতিরোধ ক্ষমতা বাড়ানোর জন্য ট্রায়ালকে গুরুত্বপূর্ণ মনে করেছিল।",11.94,0.0,8.96
news-38298663,"বাংলাদেশে পর্ণ সাইটে প্রবেশকারী ব্যক্তিদের পরিচয় প্রকাশ করার কথা ভাবছে সরকার, সোমবার ডাক ও টেলিযোগাযোগ প্রতিমন্ত্রী তারানা হালিমকে উদ্ধৃত করে এমন একটি সংবাদ প্রকাশিত হয় বিভিন্ন দৈনিক ও অনলাইন নিউজ পোর্টালগুলোতে।","তথ্য প্রতিমন্ত্রী তারানা হালিম পর্ন সাইটে প্রবেশকারীদের নামের তালিকা তৈরির কথা অস্বীকার করেছেন, যদিও পূর্বে তিনি এমন একটি কৌশল গ্রহণের কথা বলেছিলেন যেখানে আন্তর্জাতিক পর্ন সাইটে প্রবেশকারীদের পরিচয় সরকারের কাছে প্রকাশ পাবে। তার এই বক্তব্য নিয়ে সামাজিক যোগাযোগ মাধ্যমে পক্ষে-বিপক্ষে ব্যাপক আলোচনা শুরু হয়। কেউ তার উদ্যোগকে সমর্থন করেছেন, আবার কেউ ব্যক্তিগত তথ্যের সুরক্ষা এবং নাগরিকের যৌনজীবন নিয়ন্ত্রণের বিষয়ে প্রশ্ন তুলেছেন।",19.35,4.4,10.75
news-45083152,সোমবার দুপুরের দিকে ঢাকার বসুন্ধরা এলাকায় নিরাপদ সড়ক ইস্যুতে বিক্ষোভ মিছিল বের করা নিয়ে নর্থ-সাউথ বিশ্ববিদ্যালয়ের ছাত্রদের সাথে পুলিশের সংঘর্ষ হয়। ছাত্রদের ছত্রভঙ্গ করতে পুলিশ সেসময় কাঁদানে গ্যাস ব্যবহার করে।,"ইস্ট ওয়েস্ট বিশ্ববিদ্যালয় চত্বরে পুলিশ ও ছাত্রলীগের সাথে শিক্ষার্থীদের সংঘর্ষের পর বিশ্ববিদ্যালয় কর্তৃপক্ষ অনির্দিষ্টকালের জন্য ক্যাম্পাস বন্ধ ঘোষণা করেছে। বাড্ডার ইস্ট ওয়েস্ট বিশ্ববিদ্যালয়ও ৭ ও ৮ আগস্টের জন্য বন্ধ ঘোষণা করা হয়েছে। নিরাপদ সড়কের দাবিতে শিক্ষার্থীদের চলমান আন্দোলনের অংশ হিসেবে এই সংঘর্ষ হয়, যেখানে ছাত্রলীগ শিক্ষার্থীদের ক্যাম্পাসে প্রবেশে বাধা দিলে উত্তেজনা ছড়ায়।",14.46,2.47,7.23
news-44220246,"রাজশাহী মহানগরীর বোয়ালিয়া মডেল থানায় গেলে চোখে পড়বে থানার আঙিনায় একটি গাভী, একটি ষাড় ও একটি বাছুরকে বেঁধে রাখা হয়েছে।","বোয়ালিয়া থানার পুলিশ তিনটি চোরাই গরু নিয়ে বিপাকে পড়েছে, যা প্রায় চার সপ্তাহ ধরে থানার বাইরে বাঁধা আছে। গরু চুরির অভিযোগে দুই আসামিকে কারাগারে পাঠানো হলেও, গরুর পরিচর্যার দায়িত্ব এখন পুলিশের উপর। মামলার তদন্তকারী কর্মকর্তা নিজের পকেট থেকে টাকা খরচ করে গরুগুলোকে খাবার দিচ্ছেন, কারণ গরু পাচারকারীরা এখনও সক্রিয়।",5.8,0.0,5.8
140925_mk_islamic_scholar_is_isis_isil_open_letter,"ইসলামিক স্টেট কেন ইসলামের প্রকৃত পথ অনুসরণ করছে না, বিশ্বের ১২০জন খ্যাতনামা মুসলিম মনীষী তা ব্যাখ্যা করেছেন।","ইসলামিক স্টেটের মতবাদ ইসলাম সমর্থন করে না, এই মর্মে মুসলিম পণ্ডিতরা আবু বাকার আল-বাগদাদি ও তার অনুসারীদের প্রতি একটি খোলা চিঠি লিখেছেন। এই চিঠিতে ২৪টি যুক্তি দিয়ে ইসলামিক স্টেটের কার্যকলাপের নিন্দা জানানো হয়েছে, যার মধ্যে নিরপরাধ হত্যা, দূত ও সাংবাদিকদের হত্যা এবং মুসলিমদের সমর্থন ছাড়া খিলাফত ঘোষণা নিষিদ্ধ হওয়ার মতো বিষয়গুলি উল্লেখ করা হয়েছে। ওয়াশিংটন ডিসিতে এই চিঠির সূচনা হয় এবং উদ্যোক্তারা আশা করছেন এর মাধ্যমে আদর্শগতভাবে ইসলামিক স্টেটকে মোকাবেলা করা সম্ভব হবে।",6.59,0.0,6.59
news-49956427,সোমবার রাতে বাংলাদেশ প্রকৌশল বিশ্ববিদ্যালয়ের শেরেবাংলা হলে এক ছাত্রকে পিটিয়ে হত্যার ঘটনায় এখনো পর্যন্ত ১০ জনকে গ্রেফতার করেছে পুলিশ। এর মধ্যে বেশিরভাগই বুয়েটে ছাত্রলীগের নেতা।,"বুয়েট শিক্ষার্থী আবরার ফাহাদকে পিটিয়ে হত্যার ঘটনায় ১৯ জনকে আসামি করে মামলা দায়ের করা হয়েছে, যাদের সবাই শেরেবাংলা হলের ছাত্র। পুলিশ এ ঘটনায় বুয়েট ছাত্রলীগের কয়েকজন নেতাকে আটক করেছে এবং তাদের আদালতে প্রেরণের প্রস্তুতি চলছে। আবরারের মরদেহ দাফনের জন্য কুষ্টিয়ায় তার বাড়িতে পৌঁছেছে এবং বুয়েট ছাত্রলীগ অভিযুক্ত কয়েকজনকে বহিষ্কার করেছে।",21.33,5.48,16.0
news-44672332,১৯৭০'এর পর বিশ্বকাপের নকআউট রাউন্ডের সবচেয়ে বেশি গোল হওয়ার দিনে সর্বকালের সেরা দু'জন খেলোয়াড়ের একজনও গোল করতে পারেননি।,"রাশিয়া বিশ্বকাপের শেষ ষোলোতে আর্জেন্টিনা ও পর্তুগালের হারে টুর্নামেন্ট থেকে বিদায় নিয়েছেন লিওনেল মেসি ও ক্রিশ্চিয়ানো রোনালদো। এই হারে বিশ্বসেরা ফুটবলার হিসেবে তাঁদের বিশ্বকাপ জয়ের স্বপ্ন হয়তো শেষ হয়ে গেল, কারণ ২০২২ সালের কাতার বিশ্বকাপে তাঁদের বয়স হবে যথাক্রমে ৩৫ ও ৩৭ বছর, যা তাঁদের বিশ্বকাপ খেলার সম্ভাবনাকে ক্ষীণ করে তোলে। মেসি এই বিশ্বকাপে দলের হয়ে নিজের সেরাটা দিলেও, সতীর্থদের কাছ থেকে পর্যাপ্ত সহায়তা না পাওয়ায় দলকে জেতাতে পারেননি, যা তাঁর বিদায়কে আরও দুঃখজনক করে তুলেছে।",4.17,0.0,4.17
news-48904836,বাংলাদেশে ধর্ষণের হাত থেকে শিশুদের রক্ষার জন্যে প্রাতিষ্ঠানিক তেমন কোন ব্যবস্থা নেই বলে মনে করছেন ঢাকায় জাতিসংঘের শিশু বিষয়ক সংস্থা ইউনিসেফের শিশু সুরক্ষা বিশেষজ্ঞ শাবনাজ জাহিরিন।,"বাংলাদেশে শিশুদের ধর্ষণ ও হত্যার ঘটনা উদ্বেগজনকভাবে বাড়ছে, যা শিশুদের সুরক্ষায় বিদ্যমান অবকাঠামো ও লোকবলের অপ্রতুলতা তুলে ধরে। সমাজের বিভিন্ন স্তরে, বিশেষ করে কমিউনিটি পর্যায়ে, কার্যকর সুরক্ষা ব্যবস্থার অভাব এবং আইন-শৃঙ্খলা রক্ষাকারী বাহিনী ও সমাজকর্মীদের প্রশিক্ষণের ঘাটতি এই সমস্যাকে আরও জটিল করে তুলেছে। উন্নত বিশ্বের মতো শিশুদের সুরক্ষায় সুসংগঠিত ব্যবস্থা, যেমন স্কুলে কঠোর প্রবেশাধিকার নিয়ন্ত্রণ, বাংলাদেশে এখনো গড়ে ওঠেনি, যা শিশুদের নিরাপত্তা নিশ্চিত করতে জরুরি পদক্ষেপের প্রয়োজনীয়তা নির্দেশ করে।",8.33,0.0,6.25
160530_indian_visa_new_system,ঢাকায় ভারতীয় দূতাবাস তাদের ভিসা প্রক্রিয়ায় পরিবর্তন এনেছে। নতুন নিয়মে আজ থেকে টুরিস্ট ভিসার আবেদনকারীদের সাক্ষাতের তারিখ একবার ব্যবহার যোগ্য একটি পাসওয়ার্ড মোবাইল ফোনে এসএমএস করবে ভারতীয় দূতাবাস।,"ভারতীয় ভিসা আবেদন কেন্দ্রে প্রবেশ ও আবেদনপত্র জমা দেওয়ার জন্য আবেদনকারীদের এসএমএস দেখাতে হবে এবং অনলাইন সাক্ষাতের জন্য আবেদন করতে হবে। তবে, ৫ই জুন পর্যন্ত যারা বর্তমান ব্যবস্থায় সাক্ষাতের তারিখ পেয়েছেন, তাদের জন্য নতুন নিয়ম প্রযোজ্য হবে না। ই-টোকেন নিয়ে বিতর্ক এবং ভিসা পেতে জটিলতার বিরুদ্ধে আন্দোলনের পরিপ্রেক্ষিতে এই নতুন ব্যবস্থা আনা হয়েছে, যা ভিসা প্রক্রিয়াকে সহজ করবে বলে আশা করা হচ্ছে।",19.78,2.25,13.19
news-52621715,"ভারতে কোভিড-১৯র বিরুদ্ধে লড়ার জন্য যখন গোটা দেশ জুড়ে লকডাউন চলছে, তারই মধ্যে দেশে একের পর এক রাজ্য শিল্প মালিকদের স্বার্থে শ্রম আইনে ব্যাপক পরিবর্তন নিয়ে এসেছে।","২০২০ সালের মে মাসে উত্তরপ্রদেশ সরকার তিন বছরের জন্য প্রায় সমস্ত শ্রম আইন স্থগিত করে দিয়েছে, যার ফলে শ্রমিক ছাঁটাই এবং ন্যূনতম মজুরি প্রদানের ক্ষেত্রে মালিকদের কোনো বাধ্যবাধকতা থাকবে না। রাজ্য সরকারগুলি অর্থনীতির চাকা সচল করতে এবং নতুন বিনিয়োগ আকর্ষণ করতে এই পদক্ষেপের পক্ষে যুক্তি দিলেও, বিরোধী দল ও শ্রমিক সংগঠনগুলি এর তীব্র সমালোচনা করছে। উত্তরপ্রদেশের এই পদক্ষেপের ফলে শ্রমিকদের অধিকার মারাত্মকভাবে খর্ব হয়েছে, যা অন্যান্য রাজ্যেও শ্রম আইন পরিবর্তনের প্রবণতা তৈরি করেছে।",7.92,0.0,5.94
news-55467465,"ভারতে একজন যৌন বিশেষজ্ঞ, যিনি পত্রিকায় যৌন সম্পর্কের ওপর কলাম লিখে ও পাঠকের এ সংক্রান্ত প্রশ্নের জবাব দিয়ে ব্যাপক জনপ্রিয়তা অর্জন করেছেন, ৯৬ বছর বয়সে তিনি মারা গেছেন।","ড. মাহিন্দার ওয়াতসা, একজন ধাত্রীবিদ্যা বিশারদ ও স্ত্রীরোগ বিশেষজ্ঞ, ""আস্ক দ্যা সেক্সপার্ট"" কলামের মাধ্যমে ১০ বছরেরও বেশি সময় ধরে যৌন সংক্রান্ত বিভিন্ন প্রশ্নের সহজ, পরিষ্কার ও কৌতুকপূর্ণ উত্তর দিয়ে জনপ্রিয়তা অর্জন করেন। ৮০ বছর বয়সে শুরু করা এই কলামটি মুম্বাই মিরর পত্রিকায় প্রকাশিত হতো এবং ভারতের মতো রক্ষণশীল সমাজে যৌনতার মতো স্পর্শকাতর বিষয়ে খোলামেলা আলোচনার পথ খুলে দেয়। তার কলামের কারণে সমালোচনা ও মামলার শিকার হলেও, তিনি ২০ হাজারের বেশি পাঠকের প্রশ্নের জবাব দিয়েছিলেন এবং তার কাজ যৌন শিক্ষা ও সচেতনতা বৃদ্ধিতে গুরুত্বপূর্ণ ভূমিকা রাখে।",28.32,5.41,19.47
160605_chittaggong_sp_wife_killed,চট্টগ্রামে পুলিশ সুপার বাবুল আক্তারের স্ত্রী দুর্বৃত্তদের গুলিতে নিহত হয়েছেন।,"চট্টগ্রামে জিইসি মোড়ে সকালে ছেলেকে স্কুলবাসে তুলে দিতে গিয়ে দুর্বৃত্তদের হাতে নিহত হন পুলিশ সুপার বাবুল আক্তারের স্ত্রী মাহমুদা আক্তার। মোটরসাইকেলে আসা তিন হামলাকারী প্রথমে তাকে ছুরিকাঘাত করে এবং পরে গুলি করে পালিয়ে যায়। স্বরাষ্ট্রমন্ত্রী আসাদুজ্জামান খান কামাল এই হত্যাকাণ্ডে জঙ্গি সংশ্লিষ্টতার ইঙ্গিত দিয়েছেন, কারণ বাবুল আক্তার জঙ্গি দমনে গুরুত্বপূর্ণ ভূমিকা পালন করছিলেন।",25.4,13.11,19.05
news-40867894,বেশ কয়েক বছর আগে একটি সংবাদ মাধ্যমের একজন নারী সাংবাদিক এবং তার নিউজ এডিটরের মধ্যকার একটি বাদানুবাদের ঘটনা আমার কানে এসেছিল।,"একজন নারী সাংবাদিক পিরিয়ডের কারণে অ্যাসাইনমেন্টে যেতে না চাইলে তার নিউজ এডিটর তা মানতে রাজি হননি, ফলে তাদের মধ্যে বাদানুবাদ হয়। কর্মক্ষেত্রে পিরিয়ড নিয়ে অজ্ঞতার কারণে নারী সাংবাদিকদের প্রায়শই নানা সমস্যার সম্মুখীন হতে হয়, এমনকি পুরুষ সহকর্মীরা এ বিষয়ে সংবেদনশীলতার অভাব দেখান। এই ঘটনাটি কর্মস্থলে ঋতুকালীন সমস্যা নিয়ে নারীদের প্রতি বিদ্যমান ভুল ধারণা এবং অসহযোগিতার একটি উদাহরণ।",17.95,7.89,15.38
news-45387880,যুক্তরাষ্ট্রের সামরিক বাহিনী বলছে যে তারা পাকিস্তানকে ৩০ কোটি ডলার অর্থ সাহায্য দেওয়ার পরিকল্পনা বাতিল করে দেওয়ার সিদ্ধান্ত নিয়েছে।,"মার্কিন প্রতিরক্ষা দপ্তর পেন্টাগন জঙ্গি দমনে পাকিস্তানের ব্যর্থতার অভিযোগ তুলে তাদের সামরিক সাহায্য বাতিল করেছে। এর আগে, পাকিস্তান থেকে ৫০ কোটি ডলারের একটি সাহায্য প্রত্যাহার করা হয়েছিল এবং প্রেসিডেন্ট ট্রাম্প অভিযোগ করেছিলেন যে পাকিস্তান যুক্তরাষ্ট্রের সাথে প্রতারণা করছে। পেন্টাগন জানিয়েছে, এই অর্থ এখন অন্যান্য জরুরি খাতে ব্যয় করা হবে, তবে এই সিদ্ধান্ত কার্যকর হতে মার্কিন কংগ্রেসের অনুমোদন প্রয়োজন।",20.78,0.0,10.39
news-48795028,১৯৬৯ সালে এল সালভেডর এবং হন্ডুরাস চারদিনের একটি যুদ্ধে লিপ্ত হয়েছিল যেখানে হাজার-হাজার মানুষ নিহত এবং বাস্তু-চ্যুত হয়।,"১৯৬৯ সালে এল সালভেডর ও হন্ডুরাসের মধ্যে বিশ্বকাপ বাছাইপর্বের একটি ফুটবল ম্যাচকে কেন্দ্র করে ""ফুটবল যুদ্ধ"" নামে পরিচিত এক সংঘাত শুরু হয়। এই ম্যাচের পর এল সালভেডর ৩-২ গোলে জয়লাভ করে, যা উভয় দেশের মধ্যে উত্তেজনা আরও বাড়িয়ে তোলে। মূলত, এল সালভেডরের অতিরিক্ত জনসংখ্যা এবং কৃষিজমির অভাবের কারণে বহু সালভেডরীয় হন্ডুরাসে অভিবাসন করায় দুই দেশের মধ্যে দীর্ঘদিনের সামাজিক ও অর্থনৈতিক অসন্তোষ ছিল, যা এই ফুটবল ম্যাচকে কেন্দ্র করে যুদ্ধে রূপ নেয়।",17.39,6.67,13.04
news-45007894,"বাংলাদেশে অনিয়মের নানা অভিযোগ, ভোট বর্জন এবং বিক্ষিপ্ত গোলযোগের মধ্য দিয়ে বরিশাল, রাজশাহী এবং সিলেট এই তিনটি সিটি কর্পোরেশনে ভোট গ্রহণ শেষ হয়েছে।","সিলেট ও বরিশালে সিটি কর্পোরেশন নির্বাচনে অনিয়মের অভিযোগ উঠেছে। বরিশালে বিএনপির মেয়র প্রার্থী মজিবুর রহমান সরোয়ারসহ মোট চারজন প্রার্থী ভোট বর্জন করেন, যেখানে ভোট দিতে না দেওয়া এবং এজেন্টদের বের করে দেওয়ার অভিযোগ ওঠে। অন্যদিকে, রাজশাহী ও সিলেটের বিরোধী দলীয় প্রার্থীরা অনিয়মের অভিযোগ তুললেও শেষ পর্যন্ত ভোটের মাঠে ছিলেন।",27.78,2.86,19.44
news-44118154,তিন হাজারের বেশি নাইজেরিয়ান অবৈধভাবে ইউরোপ যেতে ব্যর্থ হয়ে শেষপর্যন্ত নিঃস্ব হয়ে বাড়ি ফিরেছে।,নাইজেরিয়ার ইভান্স উইলিয়াম অবৈধভাবে ইউরোপে যাওয়ার জন্য নিজের সবকিছু বিক্রি করে দালালের হাতে তুলে দেন। কিন্তু লিবিয়ার কোস্টগার্ডের হাতে ধরা পড়ে তার ইউরোপ যাত্রার স্বপ্ন ভঙ্গ হয়। আন্তর্জাতিক অভিবাসন সংস্থা তাকে উদ্ধার করে দেশে ফিরিয়ে আনলে এখন তিনি নিঃস্ব ও অনিশ্চিত ভবিষ্যতের মুখোমুখি।,10.53,0.0,10.53
news-44842983,রাশিয়া বিশ্বকাপ শেষে পরের আসর জয়ের স্বপ্ন নিয়ে আর্জেন্টিনা আর ব্রাজিলের ফ্যানরা আশায় বুক বাঁধতেই পারেন।,"২০০২ সালে ব্রাজিল ইউরোপের বাইরের শেষ দল হিসেবে বিশ্বকাপ জেতার পর, ২০১৮ সালের বিশ্বকাপ জিতে ফ্রান্স টানা চতুর্থবারের মতো ইউরোপীয় দলের বিশ্বকাপ জয়ের ধারা বজায় রাখে। পরিকল্পিত অর্থায়ন ও অবকাঠামো উন্নয়নের কারণে ইউরোপীয় ফুটবলের আধিপত্য দিন দিন বাড়ছে, যা লাতিন আমেরিকা বা অন্যান্য অঞ্চলের জন্য বিশ্বকাপ জেতা কঠিন করে তুলছে। অর্থনৈতিক সচ্ছলতার কারণে ইউরোপীয় দেশগুলো ফুটবলে বেশি বিনিয়োগ করতে সক্ষম, যা তাদের খেলোয়াড় তৈরি ও উন্নয়নে সহায়তা করে।",4.76,0.0,4.76
news-48808226,"বিশ্বব্যাপী বিভিন্ন দেশে তীব্র দাবদাহ চলছে। বাংলাদেশে যেমন আমরা তা টের পাচ্ছি, তেমনি ইউরোপের দেশগুলোও ভুগছে।","বিশ্বজুড়ে তাপমাত্রা বৃদ্ধির কারণে জার্মানি, পোল্যান্ড, চেক রিপাবলিক এবং ভারতের মতো দেশগুলোতে রেকর্ড গরম পড়েছে, যার ফলে শতাধিক মানুষের মৃত্যু হয়েছে। তীব্র গরমে বয়োবৃদ্ধ, শিশু, গর্ভবতী নারী, খেলোয়াড় এবং কায়িক পরিশ্রমকারীরা সবচেয়ে বেশি ঝুঁকিতে থাকেন, কারণ তাদের শরীর দ্রুত তাপ নিয়ন্ত্রণ করতে পারে না বা তারা দীর্ঘক্ষণ সূর্যের সংস্পর্শে থাকেন। শরীরকে ৩৭ ডিগ্রি সেলসিয়াসে রাখতে এবং অতিরিক্ত তাপ থেকে বাঁচতে বারবার পানি পান ও ঠান্ডা পরিবেশে থাকার পরামর্শ দেওয়া হয়।",2.33,0.0,2.33
news-52829564,যে কোন ব্যক্তির ভেতর যখন করোনাভাইরাস সংক্রমণের প্রাথমিক কিছু লক্ষণ দেখা দেয় তখন তিনি আতঙ্কিত হয়ে উঠেন।,"করোনাভাইরাসে আক্রান্তদের ৮০ শতাংশের বেশি মানুষ বাড়িতে থেকেই উপশমের চেষ্টা করছেন। এই পরিস্থিতিতে, কোভিড-১৯ এর লক্ষণ দেখা দিলে নিজেকে বিচ্ছিন্ন করা, জ্বর হলে প্যারাসিটামল ও পর্যাপ্ত পানি পান করা এবং কফ হলে মেরুদণ্ড সোজা করে বসা বা মধু খাওয়ার পরামর্শ দেওয়া হয়েছে। চিকিৎসকরা বলছেন, যেহেতু করোনাভাইরাসের নির্দিষ্ট কোনো চিকিৎসা নেই, তাই সাধারণ সর্দি-কাশির মতো উপসর্গভিত্তিক যত্ন নেওয়া উচিত এবং আতঙ্কিত না হয়ে চিকিৎসকের পরামর্শ মেনে চলা জরুরি।",9.3,2.38,9.3
news-45744692,ক্রিস্টিয়ানো রোনালদোর বিরুদ্ধে আনা ধর্ষণের অভিযোগ পুরোপুরি অস্বীকার করেছেন তিনি।,ক্রিস্টিয়ানো রোনালদোর বিরুদ্ধে ক্যাথরিন মায়োরগা নামক এক শিক্ষিকা লাস ভেগাসের একটি হোটেলে ধর্ষণের অভিযোগ এনেছেন। রোনালদো এই অভিযোগ সম্পূর্ণ অস্বীকার করে এটিকে তার মানসিকতা ও বিশ্বাসের পরিপন্থী বলে উল্লেখ করেছেন। ২০০৯ সালে এই অভিযোগ উঠলেও তখন কোনো প্রমাণ পাওয়া যায়নি এবং রোনালদো আদালতের বাইরে মায়োরগাকে অর্থ দিয়েছিলেন বলে জানা যায়।,23.33,10.34,23.33
news-57063900,চীন তাদের রাজনৈতিকভাবে স্পর্শকাতর আদমশুমারির যে ফলাফল প্রকাশ করেছে - তাতে দেখা যাচ্ছে সেদেশের জনসংখ্যা এখন ১৪১ কোটির সামান্য কিছু বেশি।,"চীনের সর্বশেষ আদমশুমারির ফল অনুযায়ী, গত দশকে দেশটির জনসংখ্যা বৃদ্ধির হার কমেছে এবং বর্তমানে মোট জনসংখ্যা ১৪১ কোটি। এই ফলাফল ইঙ্গিত দিচ্ছে যে চীনে বয়স্ক মানুষের সংখ্যা দ্রুত বাড়ছে, যা অর্থনীতির জন্য উদ্বেগজনক। জনসংখ্যা হ্রাস রোধ করতে এবং কর্মক্ষম শ্রমশক্তির জোগান নিশ্চিত করতে ভবিষ্যতে দম্পতিদের ওপর আরও বেশি সন্তান নেওয়ার চাপ আসতে পারে।",16.44,0.0,10.96
news-55761742,এক বছর আগে ২৩শে জানুয়ারি ২০২০ সালে চীনের হুবেই প্রদেশের উহান শহর প্রথম লকডাউন করা হয়।,"করোনাভাইরাস মহামারির উৎসস্থল উহান এখন স্বাভাবিক জীবনে ফিরেছে, যা চীনের কঠোর লকডাউন এবং দ্রুত পদক্ষেপের ফল। যদিও শুরুতে বিশ্ব স্বাস্থ্য সংস্থা চীনের ধীর গতিসম্পন্ন পদক্ষেপের সমালোচনা করেছিল, তবে উহানকে বিচ্ছিন্ন করে কঠোর কোয়ারেন্টিন আরোপের মাধ্যমে চীন সফলভাবে ভাইরাস সংক্রমণ নিয়ন্ত্রণ করতে সক্ষম হয়। এই পদক্ষেপের উচ্চ মূল্য দিতে হলেও, এটি ভাইরাস মোকাবেলায় একটি সফল কৌশল হিসেবে প্রমাণিত হয়েছে, যার ফলে চীন আজ ভাইরাস নিয়ন্ত্রণে সফল দেশ হিসেবে পরিচিত।",9.52,0.0,7.14
news-46797204,নারীদের গাড়ি চালানোর ওপর থেকে নিষেধাজ্ঞা তুলে নেয়ার পর গত বছর বিশ্বজুড়ে সৌদি আরবের প্রশংসা করা হয়।,"সৌদি আরবে নারীদের ওপর 'পুরুষ অভিভাবকতন্ত্র' নামক কঠোর বিধিনিষেধ চালু আছে, যেখানে একজন নারীর গুরুত্বপূর্ণ সিদ্ধান্ত তার বাবা, ভাই, স্বামী বা ছেলে নিয়ে থাকেন। এই প্রথার কারণে নারীরা পাসপোর্ট, বিদেশ ভ্রমণ, পড়াশোনা, বিয়ে এমনকি কারাগার থেকে মুক্তি পেতেও পুরুষ অভিভাবকের অনুমতির ওপর নির্ভরশীল। যদিও সৌদি আরব নারীর প্রতি বৈষম্য দূরীকরণে জাতিসংঘের সনদে স্বাক্ষর করেছে এবং কিছু ক্ষেত্রে নিষেধাজ্ঞা তুলে নিয়েছে, তবে বৈষম্য রোধে কোনো আইন না থাকায় এবং এর কোনো আইনি সংজ্ঞা না থাকায় নারীরা জন্ম থেকে মৃত্যু পর্যন্ত এই প্রথার শিকার হচ্ছেন।",12.0,2.04,10.0
news-47648503,এক সপ্তাহ আগে নিউজিল্যান্ডের ক্রাইস্টচার্চে মসজিদে হামলায় ব্যবহার করা সব ধরনের সেমি-অটোমেটিক অস্ত্র নিষিদ্ধ করতে যাচ্ছে নিউজিল্যান্ডে সরকার। এমনটাই জানিয়েছেন দেশটির প্রধানমন্ত্রী জাসিন্ডা আরডের্ন।,"নিউজিল্যান্ডের প্রধানমন্ত্রী জাসিন্ডা আরডার্ন ঘোষণা করেছেন যে, ক্রাইস্টচার্চের মসজিদে হামলার প্রেক্ষিতে আগামী ১১ই এপ্রিল থেকে দেশে সামরিক কায়দার সেমি-অটোমেটিক এবং অ্যাসল্ট রাইফেলসহ উচ্চ ক্ষমতাসম্পন্ন অস্ত্রের উপর নিষেধাজ্ঞা কার্যকর হবে। এই নতুন আইন কার্যকর হওয়ার আগে অস্ত্র কেনার হিড়িক ঠেকাতে নিষিদ্ধ অস্ত্রের জন্য একটি বাই-ব্যাক স্কিম চালু করা হবে, যার সম্ভাব্য ব্যয় ১০০ থেকে ২০০ মিলিয়ন ডলার। প্রধানমন্ত্রী জোর দিয়ে বলেছেন যে, সমাজের নিরাপত্তার জন্য এই মূল্য পরিশোধ করতে তারা প্রস্তুত, এবং পুলিশ বিষয়ক মন্ত্রী স্মরণ করিয়ে দিয়েছেন যে নিউজিল্যান্ডে আগ্নেয়াস্ত্রের মালিকানা একটি সুবিধা, কোনো অধিকার নয়।",21.24,3.6,14.16
news-39614808,ঢাকা মেডিকেল কলেজ হাসাপাতালের বার্ন ইউনিটে চিকিৎসাধীন অবস্থায় মারা গেছেন প্রেস-সচিব মারুফ কামাল খানের স্ত্রী তানিয়া খান।,"তানিয়া খান নামের এক নারী অগ্নিদগ্ধ হয়ে ঢাকা মেডিকেলে মারা গেছেন, যিনি বিএনপির চেয়ারপার্সন বেগম খালেদা জিয়ার প্রেস-সচিব মারুফ কামাল খানের স্ত্রী। পুলিশ প্রাথমিকভাবে এটিকে আত্মহত্যা বলে সন্দেহ করছে এবং এ ঘটনায় একটি অপমৃত্যুর মামলা হয়েছে। উল্লেখ্য, ২০১৬ সালে তানিয়া খান তার স্বামীর বিরুদ্ধে নির্যাতনের অভিযোগ এনে মামলা করেছিলেন।",32.35,21.21,32.35
news-48324350,টার্মিনেটর তারকা হিসেবে সমধিক খ্যাতি পাওয়া মি. শোয়ার্জনেগার একসময় বডিবিল্ডার হিসেবে বিশ্বখ্যাত ছিলেন।,"দক্ষিণ আফ্রিকার একটি অনুষ্ঠানে হলিউড তারকা আর্নল্ড শোয়ার্জনেগারকে এক ব্যক্তি ফ্লাইং কিক মেরে আক্রমণ করে। এই হামলার ভিডিও সামাজিক যোগাযোগ মাধ্যমে ছড়িয়ে পড়লেও, শোয়ার্জনেগার জানান যে তিনি অক্ষত আছেন এবং উদ্বিগ্ন হওয়ার কিছু নেই। পরে তিনি টুইটারে জানান যে প্রথমে তিনি ভিড়ের ধাক্কা ভেবেছিলেন, কিন্তু ভিডিও দেখে বুঝতে পারেন যে তাকে লাথি মারা হয়েছে।",5.97,0.0,5.97
news-51264653,"আফগানিস্তানে একটি যাত্রীবাহী বিমান বিধ্বস্ত হয়েছে বলে কর্মকর্তারা জানিয়েছেন। তবে আফগান এয়ারলাইন্স আরিয়ানা জানিয়েছে, তাদের কোন বিমান বিধ্বস্ত হয়নি। ফলে বিধ্বস্ত বিমানের ব্যাপারে প্রশ্ন তৈরি হয়েছে।","আফগানিস্তানের গজনি প্রদেশের দেহ ইয়াক জেলায় একটি বিমান বিধ্বস্ত হয়েছে, যা তালেবান অধ্যুষিত এলাকা। প্রাথমিকভাবে আরিয়ানা এয়ারলাইন্সের বিমান বলে ধারণা করা হলেও, সংস্থাটি তা অস্বীকার করেছে এবং বেসামরিক বিমান চলাচল কর্তৃপক্ষও কোনো বেসামরিক বিমান বিধ্বস্তের খবর জানায়নি। বিমানটি বিধ্বস্ত হওয়ার কারণ বা এতে হতাহতের সংখ্যা সম্পর্কে এখনো কোনো সুনির্দিষ্ট তথ্য পাওয়া যায়নি, তবে ইরানের গণমাধ্যম এটিকে মার্কিন সামরিক বিমান বলে দাবি করেছে।",20.45,4.65,15.91
160418_traficked_bangladeshi_women_unlawfully_kept_in_indian_jails,ভারতের পশ্চিমবঙ্গে মানবাধিকার সংগঠনগুলো অভিযোগ করেছে বাংলাদেশ থেকে পাচার হয়ে আসা বহু মহিলাকে আটক করার পর বেআইনিভাবে জেলে রাখা হচ্ছে – যদিও স্বরাষ্ট্র মন্ত্রণালয়ের স্পষ্ট নির্দেশ আছে তাদের সরকারি হোমে রাখতে হবে।,"ভারতে পাচার হওয়া বাংলাদেশী নারী-শিশুদের নিয়ে এই সংবাদ নিবন্ধে বলা হয়েছে যে, কাজের সন্ধানে ভারতে আসা তিন বাংলাদেশী মহিলাকে বিএসএফ আটক করে বসিরহাট জেলে পাঠিয়েছে। মানবাধিকার কর্মীরা মনে করেন, এদের বিরুদ্ধে ফরেনার্স অ্যাক্টে মামলা করা অন্যায়, কারণ দুর্নীতিগ্রস্ত বিএসএফ ও বিজিবি নিজেদের পোষা লাইনম্যানদের সাহায্যে পয়সা নিয়ে নিয়মিতই লোকজনকে সীমান্ত পারাপার করিয়ে থাকে। পশ্চিমবঙ্গ পুলিশের অ্যান্টি-ট্র্যাফিকিং ইউনিটের প্রধানের মতে, বিএসএফ-ই এর জন্য প্রধানত দায়ী, কারণ তারা টাকা না পেলে গরিব মানুষদের ধরে থানায় সোপর্দ করে।",11.01,0.0,9.17
news-40319155,"""দুধের জন্য ধন্যবাদ তুরস্ক!"" কয়দিন আগে টুইটারে এমন একটি মন্তব্য করেন কাতারের এক নাগরিক।","কাতার ও তুরস্কের মধ্যে সম্পর্ক জোরদার হয়েছে, যা কাতারের সুপারমার্কেটগুলোতে তুর্কি পণ্যের সহজলভ্যতা এবং উভয় দেশের নেতাদের ছবি সম্বলিত স্টিকারে প্রতিফলিত। উপসাগরীয় দেশগুলোর অবরোধের মুখে তুরস্ক কাতারকে খাদ্য, সামরিক ও কূটনৈতিক সহায়তা দিচ্ছে। তুরস্কের প্রেসিডেন্ট এরদোয়ান এই অবরোধকে অমানবিক ও অনৈসলামিক বলে নিন্দা করেছেন এবং কাতারকে রক্ষায় দৃঢ় অবস্থান নিয়েছেন।",6.25,0.0,3.12
news-56931107,বিশ্বের অন্যতম বৃহৎ টিকা উৎপাদনকারী দেশ ভারতেই কোভিড ভ্যাক্সিনের জন্য সঙ্কট চরমে পৌঁছেছে।,"দিল্লিতে কোভিশিল্ডের পর কোভ্যাক্সিনের সরবরাহও বন্ধ হয়ে যাওয়ায় শতাধিক টিকাকরণ কেন্দ্র বন্ধ করে দিতে হয়েছে। ভারত বায়োটেক দিল্লিকে টিকা দিতে অস্বীকার করেছে বলে অভিযোগ করেছে দিল্লি সরকার, যা কেন্দ্রের নির্দেশেই হয়েছে বলে তাদের দাবি। এর ফলে দেশজুড়ে টিকাকরণ কর্মসূচি ব্যাহত হচ্ছে এবং বিভিন্ন রাজ্যে টিকার জন্য প্রতিযোগিতা শুরু হয়েছে।",6.45,0.0,6.45
news-52518908,প্রথমবারের মতো একদল রোহিঙ্গাকে সাগর থেকে উদ্ধারের পর নোয়াখালীর ভাসানচরে পাঠানো হয়েছে।,"হাতিয়া থানার ভারপ্রাপ্ত কর্মকর্তা মো. আবুল খায়েরের তথ্য অনুযায়ী, শনিবার রাতে ২৮ জন রোহিঙ্গা ভাসানচরে পৌঁছায়। কক্সবাজার উপকূল থেকে কোস্টগার্ড তাদের উদ্ধার করে ভাসানচরে নিয়ে আসে। করোনাভাইরাসের কারণে তাদের ভাসানচরে কোয়ারেন্টিনে রাখা হয়েছে এবং কোয়ারেন্টিন শেষে সরকারি সিদ্ধান্ত অনুযায়ী তাদের স্থানান্তর করা হবে।",10.91,0.0,10.91
news-47766524,ঢাকার বনানীতে ২০ তলা একটি বহুতল ভবন। ভবনটিতে ঢুকতে গিয়ে নিচ তলায় কোন অগ্নি নির্বাপন যন্ত্র চোখে পড়লো না।,"এফআর টাওয়ারে অগ্নিকাণ্ডের ঘটনায় ভবনের অগ্নি-নিরাপত্তা ব্যবস্থার চরম অভাব প্রকাশ পেয়েছে, যেখানে জরুরি নির্গমনের সিঁড়ি, ফায়ার অ্যালার্ম বা অগ্নি নির্বাপক যন্ত্রের কোনো অস্তিত্ব ছিল না। ভবন ব্যবহারকারীরাও অগ্নি-নিরাপত্তা সম্পর্কে উদাসীন, যা তাদের ""নাথিং"" প্রস্তুতির মাধ্যমে স্পষ্ট হয়েছে। ফায়ার সার্ভিসের ২০১৭ সালের জরিপ অনুযায়ী, ঢাকা ও চট্টগ্রামের প্রায় ৯৬% বহুতল ভবনই অগ্নি-ঝুঁকিতে রয়েছে, যা বাংলাদেশে বহুতল ভবনের অগ্নি-নিরাপত্তা পরিস্থিতির ভয়াবহ চিত্র তুলে ধরে।",9.41,0.0,4.71
news-46066573,ভেগান বা নিরামিষাশীদের খাদ্য তালিকায় কোনো প্রকার প্রাণীর কোনো মাংস থাকে না।,"ভেগানরা শুধু মাংসই নয়, পোল্ট্রি, মাছ, দুগ্ধজাত পণ্য, ডিম ও মধুও বর্জন করেন এবং পশুর চামড়া বা পশমজাতীয় দ্রব্যের ব্যবহারও সমর্থন করেন না। ১লা নভেম্বর বিশ্ব ভেগান দিবস পালিত হয়, যা ভেগানিজমের ইতিহাস ও প্রসারে পিথাগোরাসের মতো প্রাচীন দার্শনিকদের অবদান স্মরণ করিয়ে দেয়। ১৯৪৪ সালে ডাল্টন ওয়াটসন 'ভেগান' শব্দটি প্রচলন করেন এবং ভেগান সোসাইটি প্রতিষ্ঠা করেন, যা এই জীবনধারার আধুনিক রূপকে সংজ্ঞায়িত করে।",8.0,0.0,5.33
news-55308586,বাংলাদেশে বিরোধীদল বিএনপি রোহিঙ্গা সংকট সমাধানে আওয়ামী লীগ সরকারের বিরুদ্ধে কূটনৈতিক এবং রাজনৈতিক ব্যর্থতার অভিযোগ এনেছে।,"ডিসেম্বরের প্রথম সপ্তাহে আন্তর্জাতিক সংস্থাগুলোর আপত্তি সত্ত্বেও ১৬৪২ জন রোহিঙ্গাকে ভাসানচরে স্থানান্তরের সরকারি পদক্ষেপের কড়া সমালোচনা করেছে বিএনপি। দলটির মহাসচিব মির্জা ফখরুল ইসলাম আলমগীর বলেছেন, এই পদক্ষেপ রোহিঙ্গাদের মিয়ানমারে প্রত্যাবাসনে নতুন প্রতিবন্ধকতা সৃষ্টি করবে এবং সরকার কূটনৈতিকভাবে ব্যর্থ হয়েছে। তবে পররাষ্ট্রমন্ত্রী এ কে আব্দুল মোমেন বিএনপির এই অভিযোগকে কল্পনাপ্রসূত বলে মন্তব্য করেছেন।",5.88,0.0,5.88
news-54108787,ঢাকার বঙ্গবন্ধু শেখ মুজিব মেডিকেল বিশ্ববিদ্যালয়ের হৃদরোগ বিভাগের সহযোগী অধ্যাপক হিমেল সাহা বলছেন বাংলাদেশে যত মানুষ হৃদরোগে আক্রান্ত হন তার বেশিরভাগের জন্যই দায়ী এই ট্রান্সফ্যাট।,"বিশ্বে ট্রান্সফ্যাট গ্রহণের কারণে হৃদরোগে আক্রান্ত হয়ে মৃত্যুর প্রায় দুই-তৃতীয়াংশই ঘটে বাংলাদেশসহ পনেরোটি দেশে, যেখানে বাংলাদেশে হৃদরোগে বছরে প্রায় তিন লাখ মানুষ মারা যায়। গবেষকরা বলছেন, ভাজা-পোড়া, বিস্কুট, চানাচুর, চিপস ইত্যাদি অস্বাস্থ্যকর খাবারে থাকা ট্রান্সফ্যাটই এর প্রধান কারণ। সাধারণ মানুষ, যেমন গৃহিণী মারিয়া সুলতানা এবং শিক্ষার্থী নাজনীন সাফিয়া, এই ট্রান্সফ্যাটের ঝুঁকি সম্পর্কে সচেতন নন এবং কোন খাবারে এটি বেশি থাকে তা জানেন না, ফলে তারা অজান্তেই বিপজ্জনক খাবার গ্রহণ করছেন।",14.43,2.11,6.19
news-47078843,রক্ষণশীল দেশ সৌদি আরবে নিজের বাড়িতে নির্যাতন এবং দমন পীড়নের অভিযোগ তুলে প্রতিবছর শত শত নারী পশ্চিমা দেশগুলোয় পালিয়ে যাচ্ছে। তাদের অনেকের পছন্দের জায়গাগুলোর একটি যুক্তরাজ্য।,"রাহাফ মোহাম্মদ আল-কুনানের মতো অনেক সৌদি নারী পরিবার ও দেশের কঠোর নিয়মকানুন থেকে মুক্তি পেতে পালিয়ে যাচ্ছেন। এই নারীরা উন্নত জীবন ও স্বাধীনতার আশায় অস্ট্রেলিয়া, কানাডা বা ইউরোপের মতো দেশগুলোতে আশ্রয় নিচ্ছেন। পুরুষ অভিভাবকত্ব আইন এবং ধর্মীয় বাধ্যবাধকতা থেকে মুক্তি পেতেই তারা এই কঠিন পথ বেছে নিচ্ছেন।",10.81,0.0,8.11
news-50209401,"তেসরা নভেম্বর, অর্থাৎ আসছে সপ্তাহের রোববার থেকেই শুরু হচ্ছে প্রতিক্ষিত ও আলোচিত বাংলাদেশ বনাম ভারত সিরিজ।","বাংলাদেশ ক্রিকেট দল ভারত সফরে যাওয়ার আগে নানা অভ্যন্তরীণ সমস্যায় জর্জরিত। ক্রিকেটারদের ধর্মঘট, সাকিব আল হাসানের চুক্তিভঙ্গের অভিযোগ এবং মুশফিকুর রহিমের দর্শককে জবাব দিতে যাওয়ার ঘটনা দলের মানসিক অবস্থাকে নেতিবাচক দিকে ঠেলে দিয়েছে। সাবেক কোচ নাজমুল আবেদীন ফাহিম মনে করেন, এই অস্বস্তিকর পরিস্থিতি দ্রুত সমাধান না হলে ভারতের বিপক্ষে সিরিজে দলের পারফরম্যান্সে খারাপ প্রভাব পড়তে পারে।",5.56,0.0,5.56
news-48263085,মুসলিম বিরোধী সহিংসতা বৃদ্ধি পাওয়ায় শ্রীলংকায় দেশব্যাপী রাত্রিকালীন কারফিউ জারি করা হয়েছে।,"শ্রীলঙ্কায় ইস্টার সানডে হামলার পর মুসলিমদের ব্যবসা প্রতিষ্ঠান ও মসজিদ লক্ষ্য করে সহিংসতা ছড়িয়ে পড়েছে, যেখানে কিনিয়ামার একটি মসজিদ আক্রান্ত হয়েছে এবং একজন নিহত হওয়ার খবর পাওয়া গেছে। দাঙ্গাকারীদের ছত্রভঙ্গ করতে পুলিশ কাঁদানে গ্যাস ও ফাঁকা গুলি ব্যবহার করেছে। প্রধানমন্ত্রী রানিল বিক্রমাসিংহ সকলকে শান্ত থাকার আহ্বান জানিয়েছেন, কারণ এই উত্তেজনা তদন্ত কাজে বাধা সৃষ্টি করছে।",2.99,0.0,2.99
151109_pg_global_temperature_new_record,"ব্রিটিশ বিজ্ঞানীরা বলছেন, এ বছরই বিশ্বের তাপমাত্রা বৃদ্ধির হার একটি উদ্বেগজনক মাত্রায় পৌঁছাবে।","এখানে প্রদত্ত বাংলা সংবাদ নিবন্ধটির একটি নির্ভুল ও সংক্ষিপ্ত সারসংক্ষেপ ৩ বাক্যে দেওয়া হলো:

এ বছর পৃথিবীর তাপমাত্রা শিল্পবিপ্লব-পূর্ববর্তী সময়ের তুলনায় ১ ডিগ্রি সেলসিয়াস ছাড়িয়ে যাবে, যা জলবায়ু পরিবর্তনের এক বিপজ্জনক ইঙ্গিত। বিজ্ঞানীরা বলছেন, গত আট লক্ষ বছরের মধ্যে বায়ুমণ্ডলে গ্রিনহাউস গ্যাসের পরিমাণ এখন সর্বোচ্চ এবং এটি চরম আবহাওয়া ও সমুদ্রপৃষ্ঠের উচ্চতা বৃদ্ধির মতো ভয়াবহ পরিণতি ডেকে আনতে পারে। প্যারিসে আসন্ন জলবায়ু সম্মেলনকে সামনে রেখে এই তথ্যগুলো জাতিসংঘের নতুন চুক্তির গুরুত্বকে আরও বাড়িয়ে দিয়েছে।",13.64,2.33,6.82
news-48079702,বাংলাদেশে জামায়াতে ইসলামীর সংস্কারপন্থী একটি অংশের নেতারা আগামী কয়েক মাসের মধ্যে একটি নতুন রাজনৈতিক দল গঠনের কথা ঘোষণা করেছেন।,"জামায়াত থেকে বহিষ্কৃত নেতা মজিবুর রহমান মঞ্জু ঢাকায় এক সংবাদ সম্মেলনে নতুন দল গঠনের প্রক্রিয়া শুরুর কথা জানিয়েছেন। তিনি বলেছেন, জামায়াতের মুক্তিযুদ্ধের বিরোধিতার বোঝা '৭১ পরবর্তী প্রজন্মের' বহন করা উচিত নয়। যদিও জামায়াতের সেক্রেটারি জেনারেল ডা: শফিকুর রহমান মনে করেন এই নতুন দল জামায়াতের উপর কোনো প্রভাব ফেলবে না, তবে মাঠ পর্যায়ের অনেক নেতা মনে করছেন তরুণ প্রজন্মের উপর এর প্রভাব পড়তে পারে।",9.76,2.5,9.76
news-53373932,"বাংলাদেশে করোনাভাইরাসে আক্রান্ত হয়ে শনিবার পর্যন্ত ২,৩০৫ জনের মৃত্যু হয়েছে। আক্রান্ত হয়েছে এক লাখ ৮১ হাজারের বেশি মানুষ।","বাংলাদেশে করোনাভাইরাসে আক্রান্ত হয়ে মৃতের সংখ্যা ২৩০০ ছাড়িয়েছে, এবং এই রোগে আক্রান্ত ব্যক্তি ও তাদের পরিবারকে সামাজিক ভীতি ও বিরূপ আচরণের শিকার হতে হচ্ছে। ফরিদপুরের কুশল চক্রবর্তী তার বাবা ও কাকার করোনায় আক্রান্ত হয়ে মৃত্যুর অভিজ্ঞতা বর্ণনা করেছেন, যেখানে তাদের পরিবারকে সামাজিক বিচ্ছিন্নতা ও প্রতিবেশীদের পরিবর্তিত আচরণের মুখোমুখি হতে হয়েছে। এই ঘটনাগুলো সমাজে কোভিড আক্রান্তদের প্রতি নেতিবাচক দৃষ্টিভঙ্গি এবং মানসিক ট্রমার চিত্র তুলে ধরে।",9.64,4.94,9.64
news-55002738,যুক্তরাষ্ট্রের প্রেসিডেন্ট নির্বাচনে বিজয়ী জো বাইডেন তার প্রশাসনে গুরুত্বপূর্ণ পদগুলোতে কারা থাকবেন তা ঠিক করছেন এখন।,"জো বাইডেন তার পররাষ্ট্রনীতি বিষয়ক দলের জন্য অ্যান্টনি ব্লিংকেনকে পররাষ্ট্রমন্ত্রী, লিন্ডা টমাস-গ্রিনফিল্ডকে জাতিসংঘে মার্কিন দূত এবং জেইক সুলিভ্যানকে পররাষ্ট্র দফতরের কর্মকর্তা হিসেবে বেছে নিয়েছেন। এই তিনজনের কয়েক দশকের কূটনৈতিক অভিজ্ঞতা থাকলেও, সমালোচকরা মনে করছেন তাদের পুরোনো ধ্যানধারণা ফিরে আসবে। তবে তারা সবাই বারাক ওবামার সময়ে একসঙ্গে কাজ করেছেন এবং জো বাইডেনের প্রতি অনুগত ও মধ্যপন্থী হিসেবে পরিচিত।",10.81,5.56,10.81
news-48366795,এই প্রথম ব্রিটেনের সবচেয়ে মর্যাদাপূর্ণ সাহিত্য পুরস্কার জিতেছেন একজন আরব লেখিকা। এ বছরের ম্যানবুকার পুরস্কার জয়ী এই ওমানি লেখিকার নাম জোখা আলহারথি।,"জোখা আলহারথি তার 'সেলেস্টিয়াল বডিস' উপন্যাসের জন্য ম্যানবুকার পুরস্কার পেয়েছেন, যা ওমানের সামাজিক পরিবর্তনের সাথে খাপ খাইয়ে নিতে চেষ্টা করা তিন বোন এবং তাদের পরিবারকে নিয়ে লেখা। বিচারকরা লেখিকার কল্পনাশক্তি, চিত্তাকর্ষক শৈলী এবং কাব্যিক অন্তর্দৃষ্টির প্রশংসা করেছেন। এই পুরস্কার আরব সংস্কৃতির জন্য একটি নতুন দিগন্ত উন্মোচন করেছে এবং আন্তর্জাতিক পাঠকদের কাছে স্বাধীনতা ও ভালোবাসার মতো সর্বজনীন মূল্যবোধ তুলে ধরেছে।",19.75,5.06,7.41
news-51961180,ভারতের সব নাগরিককে আগামী রবিবার ১৪ ঘণ্টার জন্য গৃহবন্দী থাকার পরামর্শ দিয়েছেন ভারতের প্রধানমন্ত্রী নরেন্দ্র মোদী।,"করোনাভাইরাস মোকাবিলায় ভারতের প্রধানমন্ত্রী নরেন্দ্র মোদী ২২শে মার্চ দেশজুড়ে 'জনতা কারফিউ' পালনের ঘোষণা করেছেন, যেখানে সকাল ৭টা থেকে মানুষ স্বেচ্ছায় ঘরে থাকবেন। এই কারফিউর মাধ্যমে ভারত বৈশ্বিক মহামারির জন্য কতটা প্রস্তুত, তা বোঝা যাবে। জরুরি পরিষেবার সঙ্গে যুক্ত ব্যক্তিরা কাজে যাবেন এবং বিকেল ৫টায় তাদের ধন্যবাদ জানাতে হাততালি বা ঘণ্টা বাজানোর আহ্বান জানানো হয়েছে।",14.29,8.82,11.43
news-51697733,"''শিশুদের পরিত্যাগ করা নিষিদ্ধ'', ভেনেজুয়েলার সড়কের পাশের দেয়াল জুড়ে এই বার্তা লিখে রেখেছেন শিল্পী এরিক মেহিকানো। রাজধানী কারাকাসে তার অ্যাপার্টমেন্ট ভবনের কাছাকাছি একটি ময়লার স্তূপে সদ্যজাত একটি শিশু পাওয়ার পর তিনি এই উদ্যোগ নেন।","ভেনেজুয়েলায় অর্থনৈতিক সংকটের কারণে শিশুদের পরিত্যাগ করার ঘটনা আশঙ্কাজনকভাবে বাড়ছে, যা শিল্পী এরিক মেহিকানো তার দেয়াল চিত্রে তুলে ধরেছেন। জাতিসংঘের তথ্য অনুযায়ী, দেশটির এক-তৃতীয়াংশ মানুষ পর্যাপ্ত খাবার পাচ্ছে না এবং জন্মনিয়ন্ত্রণ সামগ্রীর অভাবে অনাকাঙ্ক্ষিত গর্ভধারণ বাড়ছে। সরকার এ বিষয়ে নীরব থাকলেও, সমাজকর্মী ও স্বাস্থ্যকর্মীরা শিশুদের পরিত্যাগ এবং অনানুষ্ঠানিক দত্তক নেওয়ার সংখ্যা বৃদ্ধির বিষয়টি নিশ্চিত করেছেন।",15.56,6.82,13.33
news-43779660,"লন্ডনে কমনওয়েলথ নেতারা একটি সম্মেলনে মিলিত হতে যাচ্ছেন। এখানে কমনওয়েলথ সম্পর্কে সাতটি তথ্য তুলে ধরা হল, যা হয়তো আপনি জানেন না। ১. বিশ্বের এক তৃতীয়াংশ মানুষের সংগঠন","কমনওয়েলথের অধীনে বিশ্বের প্রায় এক-তৃতীয়াংশ মানুষ বাস করে, যাদের বেশিরভাগই তরুণ এবং ভারত এর জনসংখ্যার অর্ধেকেরও বেশি ধারণ করে। যদিও এটি মূলত প্রাক্তন ব্রিটিশ উপনিবেশগুলির একটি সংগঠন, মোজাম্বিক এবং রুয়ান্ডার মতো কিছু দেশ ব্রিটিশ সাম্রাজ্যের অংশ না হয়েও এর সদস্য হয়েছে। কমনওয়েলথ তার ইতিহাসে সদস্যপদ স্থগিত বা হারানোর ঘটনাও দেখেছে, যেমন জিম্বাবুয়ে, পাকিস্তান এবং দক্ষিণ আফ্রিকার ক্ষেত্রে ঘটেছে, তবে কিছু দেশ পরে আবার ফিরে এসেছে।",15.05,2.2,8.6
news-40996003,ব্রিটেনের হাউজ অব পার্লামেন্টের অন্যতম একটি অংশ 'বিগ বেন' এবং এর ঘন্টাধ্বনি। কিন্তু আজ সোমবার থেকে এই ঘন্টাধ্বনি বন্ধ হয়ে যাচ্ছে।,"বিগ বেন টাওয়ারের সংস্কার কাজের জন্য আগামী ২০২১ সাল পর্যন্ত ঘড়িটি বন্ধ থাকবে, তবে গুরুত্বপূর্ণ দিনে এর ঘন্টাধ্বনি শোনা যাবে। আজ সোমবার দুপুরে শেষবারের মতো এর ঘন্টাধ্বনি শোনা যাবে, যা শুনতে একদল এমপি পার্লামেন্টের সামনে জড়ো হবেন। হাউজ অব কমন্স এবং প্রধানমন্ত্রী টেরেজা মে ঘড়িটি এত লম্বা সময় ধরে বন্ধ রাখার বিষয়টি পুনর্বিবেচনার অনুরোধ করেছেন।",31.58,10.81,21.05
news-44063966,মালয়েশিয়ার সাধারণ নির্বাচনে বিশাল জয় পেয়েছেন দীর্ঘদিন পর রাজনীতিতে ফিরে আসা ৯২ বছর বয়সী সাবেক প্রধানমন্ত্রী মাহাথির মোহাম্মদ।,"মালয়েশিয়ার সাধারণ নির্বাচনে মাহাথির মোহাম্মদের নেতৃত্বাধীন বিরোধী জোট পাকাতান হারাপান অ্যালায়েন্স সংখ্যাগরিষ্ঠতা অর্জন করেছে, যা স্বাধীনতার পর প্রথমবারের মতো ক্ষমতাসীন বারিসান ন্যাশনাল কোয়ালিশনের পরাজয়। মাহাথির মোহাম্মদ, যিনি একসময় নাজিব রাজাককে ক্ষমতা হস্তান্তর করেছিলেন, তার দুর্নীতি ও স্বজনপ্রীতির বিরুদ্ধে প্রতিবাদ জানাতে অবসর ভেঙে রাজনীতিতে ফিরে আসেন। বৃহস্পতিবার শপথ গ্রহণ করলে তিনি বিশ্বের সবচেয়ে বেশি বয়সী প্রধানমন্ত্রী হবেন এবং তার লক্ষ্য আইনের শাসন পুনর্বহাল করা।",24.69,10.13,19.75
news-54140628,মোয়াসেস ক্যাম্পির পরিষ্কার মনে আছে ৯ই সেপ্টেম্বরের ওই ঘটনা। বিশেষ করে তার কানে এখনো বাজছে সেই শব্দটা।,"ব্রাজিলের আদিবাসী বিশেষজ্ঞ রাইলি ফ্রান্সিসকাটোকে আমাজন অঞ্চলের সেরিংগুয়েইরাস শহরের কাছে একটি বিচ্ছিন্ন আদিবাসী গোষ্ঠী তীরবিদ্ধ করে হত্যা করেছে। ফ্রান্সিসকাটো ব্রাজিলের সরকারি সংস্থা ফুনাই-এর হয়ে বিচ্ছিন্ন আদিবাসী গোষ্ঠীগুলোর সুরক্ষা ও পর্যবেক্ষণের দায়িত্বে ছিলেন। এই ঘটনাটি ব্রাজিলের রন্ডনিয়া প্রদেশের উরু-ইউ-ওয়াও-ওয়াও সংরক্ষিত অঞ্চলের ""বহির্বিশ্বের সাথে যোগাযোগবিহীন"" আদিবাসী গোষ্ঠীগুলির অস্তিত্ব এবং তাদের সাথে বাইরের বিশ্বের সংঘাতের বিষয়টি তুলে ধরে।",2.63,0.0,2.63
news-50207082,"বিদেশে কাজ করতে যান, বিশেষ করে ইউরোপ বা আমেরিকায়, এমন কারো কাছে 'বডি কন্ট্রাক্ট' শব্দটি খুব পরিচিত একটি শব্দ। এটি একটি চুক্তির নাম।","অনেক বাংলাদেশি শ্রমিক অবৈধভাবে এবং জীবনের ঝুঁকি নিয়ে সাগরপথে বিদেশে পাড়ি জমান, যা 'বডি কন্ট্রাক্ট' নামে পরিচিত। এই চুক্তিতে এজেন্ট তখনই টাকা পান যখন শ্রমিক নিরাপদে গন্তব্যে পৌঁছান, অন্যথায় কোনো অর্থ পরিশোধ করতে হয় না। যদিও এই প্রক্রিয়ায় অনেকে প্রাণ হারান বা নির্যাতনের শিকার হন, তবুও কিছু মানুষ ভাগ্যক্রমে তাদের কাঙ্ক্ষিত গন্তব্যে পৌঁছাতে সক্ষম হন।",15.38,2.63,10.26
news-52717893,"আবহাওয়া অধিদপ্তরের বিশেষ বিজ্ঞপ্তিতে জানানো হয়েছে যে সুপার সাইক্লোন আম্পান আজ (মঙ্গলবার) বেলা বারটায় চট্টগ্রাম সমুদ্রবন্দর থেকে ৮১০ কিলোমিটার, মংলা থেকে ৬৯৫ ও পায়রা সমুদ্র বন্দর থেকে ৬৯০ কিলোমিটার দক্ষিণ-দক্ষিণ পশ্চিমে অবস্থান করছিলো।","ঘূর্ণিঝড় আম্পান উত্তর উত্তরপূর্ব দিকে অগ্রসর হয়ে কাল ভোররাত থেকে বিকেল বা সন্ধ্যার মধ্যে খুলনা ও চট্টগ্রামের মধ্যবর্তী অঞ্চল দিয়ে বাংলাদেশ উপকূল অতিক্রম করতে পারে। আবহাওয়াবিদদের মতে, ঝড়টির মূল অংশ ভারত-বাংলাদেশ সীমান্তের সুন্দরবন অংশে আঘাত হানবে, তবে এর প্রভাব পড়বে চারদিকেই। ঘূর্ণিঝড় ও অমাবস্যার প্রভাবে উপকূলীয় অঞ্চলে ৫-১০ ফুট উচ্চতার জলোচ্ছ্বাস হতে পারে, তাই বিভিন্ন উপকূলীয় জেলায় ৭ নম্বর বিপদসংকেত জারি করা হয়েছে।",8.08,0.0,6.06
151030_bd_paira_port,"বাংলাদেশের দক্ষিণাঞ্চলে নতুন যে সমুদ্রবন্দরটি গড়ে তোলা হচ্ছে, সেটি আগামী দুই মাসের মধ্যেই আংশিকভাবে আমদানি-রপ্তানি কার্যক্রম শুরু করতে পারবে বলে কর্মকর্তারা বলছেন।","বাংলাদেশে আমদানি-রপ্তানি বৃদ্ধির কারণে চট্টগ্রাম ও মংলার বাইরে পটুয়াখালীর পায়রায় তৃতীয় সমুদ্রবন্দর নির্মাণ জরুরি হয়ে পড়েছে। এই বন্দরটি দেশের পোশাক শিল্পের জন্য অত্যন্ত গুরুত্বপূর্ণ, যা বর্তমানে ৮০% আমদানি-রপ্তানি কার্যক্রম পরিচালনা করে। তবে, পদ্মা সেতু নির্মাণ এবং সড়ক ও রেল অবকাঠামো তৈরি না হলে ব্যবসায়ীরা পায়রা বন্দর ব্যবহার করতে পারবেন না এবং এর পূর্ণ সক্ষমতা কাজে লাগানো যাবে না।",9.64,4.94,9.64
news-37304627,বাংলাদেশের রাজধানী ঢাকার কয়েকটি এলাকায় অভিযান চালিয়ে এক কোটি টাকার বেশি জাল নোট উদ্ধারের কথা জানিয়েছে র‍্যাব।,"র‍্যাব ঢাকার জুরাইন ও বনশ্রী থেকে জাল নোটের সাথে জড়িত পাঁচজনকে আটক করেছে, যার মধ্যে একজন সাবেক ব্যাংক কর্মী। ঈদকে সামনে রেখে জাল টাকা বাজারে ছড়ানোর চেষ্টা হচ্ছে বলে পুলিশ ধারণা করছে, যদিও বাংলাদেশ ব্যাংক জাল নোট বন্ধে বিভিন্ন ব্যবস্থা নিয়েছে। প্রতি বছর কোরবানির ঈদের আগে এমন জাল নোট উদ্ধারের ঘটনা ঘটে, তাই ঢাকা মেট্রোপলিটন পুলিশ পশুর হাটে জাল টাকা সনাক্তকরণ মেশিন ও মানি স্কট সুবিধা দেওয়ার ঘোষণা দিয়েছে।",13.64,6.98,9.09
news-41897316,মার্কিন প্রেসিডেন্ট নির্বাচনের প্রচারণার সময় থেকেই ডোনাল্ড ট্রাম্পের কন্যা রয়েছেন আলোচনায়।,"ডোনাল্ড ট্রাম্পের কন্যা ইভাঙ্কা ট্রাম্প বর্তমানে তার পিতার উপদেষ্টা হিসেবে কাজ করছেন। সম্প্রতি তিনি পিতার এশিয়া সফরের আগে জাপান সফর করেন এবং সেখানে ফ্যাশন, নারীর নিরাপত্তা ইত্যাদি বিষয়ে গুরুত্বপূর্ণ অনুষ্ঠানে অংশ নেন। জাপানের নারীরা ইভাঙ্কার ফ্যাশন ও রাজনীতির মধ্যে ভারসাম্য বজায় রাখার ক্ষমতাকে ইতিবাচকভাবে দেখেছেন।",10.71,7.41,10.71
news-41759180,ব্রিটিশ নারী রেবেকা ব্রাউনের পালক অভিভাবকেরা পাকিস্তানি মুসলিম।,"রেবেকা ব্রাউন, একজন নাস্তিক, ১২ বছর বয়স থেকে মুসলিম পালক বাবা-মা শাহনাজ ও মুহাম্মদ আরশাদের সঙ্গে বসবাস করছেন। তার বন্ধুরা ধর্মীয় কারণে তার পালক বাবা-মাকে সন্ত্রাসী বলে অভিহিত করায় রেবেকাকে নানা প্রশ্নের সম্মুখীন হতে হচ্ছে। রেবেকা চান সবাই জানুক যে তার পালক বাবা-মা অন্য সাধারণ পরিবারের মতোই এবং তিনি এই পরিবারেরই অংশ। সম্প্রতি যুক্তরাজ্যের সংবাদমাধ্যমে একটি খ্রিস্টান শিশুকে মুসলিম পরিবারের হেফাজতে রাখার বিতর্কিত খবর প্রকাশের পর রেবেকা তার নিজের অভিজ্ঞতা তুলে ধরার সিদ্ধান্ত নেন।",7.06,0.0,7.06
news-51233805,সমুদ্র থেকে লাফিয়ে উঠে একটি মাছ তার ঘাড় ছিদ্র করে ফেলে এবং সেই অবস্থাতেই তিনি সাঁতরে তীরে পৌঁছে হাসপাতালের দিকে ছোটেন - এভাবেই নিজের সাথে ঘটে যাওয়া অদ্ভূত ঘটনার বর্ণনা দিচ্ছিলেন ইন্দোনেশিয়ার এক কিশোর।,"১৬ বছর বয়সী মুহম্মদ ইদুল বন্ধুর সাথে মাছ ধরতে গিয়ে একটি নীডলফিশের আক্রমণে গুরুতর আহত হন। মাছটি তার ঘাড় এফোঁড়-ওফোঁড় করে দেয়, কিন্তু তিনি সেই অবস্থাতেই সাঁতরে তীরে পৌঁছান এবং হাসপাতালে চিকিৎসা নেন। ইদুলের উপস্থিত বুদ্ধি এবং চিকিৎসকদের প্রচেষ্টায় তিনি প্রাণে বেঁচে যান এবং এই বিরল ঘটনা তাকে সামাজিক মাধ্যমে তারকাখ্যাতি এনে দিয়েছে।",27.59,7.06,18.39
news-46354209,আন্তর্জাতিক জলসীমা লঙ্ঘনের অভিযোগে রাশিয়া ইউক্রেনের নৌবাহিনীর তিনটি জাহাজ আটকের পর দু'দেশের মধ্যে এখন তীব্র উত্তেজনা বিরাজ করছে।,"রাশিয়া ইউক্রেনের তিনটি নৌবাহিনীর জাহাজ আটক করার পর দু'দেশের মধ্যে তীব্র উত্তেজনা বিরাজ করছে। ক্রাইমিয়া ও রাশিয়ার মধ্যবর্তী কের্চ স্ট্রেইটে এই ঘটনা ঘটে, যেখানে রাশিয়ানদের গুলিতে ছয়জন ইউক্রেনীয় নাবিক আহত হন। এই ঘটনা সাম্প্রতিক বছরগুলোতে রাশিয়া ও ইউক্রেনের সশস্ত্র বাহিনীর মধ্যে প্রথম সরাসরি সংঘাত, যা দু'দেশের মধ্যে চলমান সংঘাতকে আরও বাড়িয়ে দিয়েছে।",35.62,19.72,32.88
151209_anti_corruption_day,"বাংলাদেশে যে প্রত্যাশা নিয়ে দুর্নীতি দমন কমিশন গঠিত হয়েছিল, সেটা খুব একটা পূরণ করতে পারেনি প্রতিষ্ঠানটি।","আন্তর্জাতিক দুর্নীতি প্রতিরোধ দিবস উপলক্ষে টিআইবির নির্বাহী পরিচালক ড. ইফতেখারুজ্জামান বিবিসিকে জানান যে, বাংলাদেশে দুর্নীতি প্রতিরোধে গঠিত দুর্নীতি দমন কমিশন জনমনে প্রত্যাশা পূরণ করতে পারেনি। তিনি উল্লেখ করেন যে, কমিশন সরকারি উচ্চপদস্থ কর্মকর্তাদের জিজ্ঞাসাবাদের আওতায় আনলেও, তাদের বিচারের সম্মুখীন করার ক্ষেত্রে খুব একটা সক্রিয় ভূমিকা দেখাতে পারেনি এবং অনেক সময় তাদের 'দায়মুক্তি' দেওয়া হয়েছে। এর মূল কারণ হিসেবে তিনি প্রতিষ্ঠানের ওপর প্রত্যক্ষ ও পরোক্ষভাবে রাজনৈতিক ও প্রশাসনিক প্রভাবকে দায়ী করেন।",27.91,11.9,16.28
news-40769203,ভারতে বসবাসকারী বাংলাদেশী লেখিকা তসলিমা নাসরিনকে স্থানীয় জনতার বিক্ষোভের মুখে মহারাষ্ট্রের আওরঙ্গাবাদ বিমানবন্দর থেকে শনিবার রাতে ফিরে যেতে হয়েছে।,"লেখিকা তসলিমা নাসরিন আওরঙ্গাবাদ বিমানবন্দরে পৌঁছালে অল ইন্ডিয়া মজলিস-ই-ইত্তেহাদুল মুসলিমিন (এআইএমআইএম) এর শত শত কর্মী ""তসলিমা গো ব্যাক"" স্লোগান দিয়ে তার বিরুদ্ধে বিক্ষোভ করে। বিক্ষোভের মুখে পুলিশ তাকে বিমানবন্দর থেকে বের হতে দেয়নি এবং তিনি ফিরতি বিমানে মুম্বাই ফিরে যেতে বাধ্য হন। এর আগেও ভারতের বিভিন্ন শহরে তসলিমা নাসরিনকে মুসলিম সংগঠনের বিক্ষোভের মুখে পড়তে হয়েছে এবং বর্তমানে তিনি ভারতের ভিসা নিয়ে দিল্লিতে বসবাস করছেন।",25.88,12.05,21.18
news-54494037,"মার্কিন প্রেসিডেন্ট নির্বাচনের প্রচারাভিযানে বড় ইস্যুগুলো অবশ্যই করোনাভাইরাস মহামারি, সুপ্রিম কোর্ট এবং পুলিশ ব্যবস্থার সংস্কার। কিন্তু এর বাইরে লক্ষ লক্ষ আমেরিকান কথা বলছেন আরো বিচিত্র এবং উদ্ভট এক বিষয় নিয়ে।","কিউঅ্যানন হলো একটি ষড়যন্ত্র তত্ত্ব যা সামাজিক মাধ্যমে, বিশেষ করে ইনস্টাগ্রামে, দ্রুত ছড়িয়ে পড়ছে। এর মূল দাবি হলো, ডোনাল্ড ট্রাম্প মার্কিন সরকার, ব্যবসা ও সংবাদ মাধ্যমের মধ্যে থাকা শয়তানের উপাসক ও শিশুকামী এলিটদের বিরুদ্ধে এক গোপন যুদ্ধ চালাচ্ছেন। এই তত্ত্বের অনুসারীরা বিশ্বাস করে যে একদিন হিলারি ক্লিনটনের মতো বিখ্যাত ব্যক্তিদের গ্রেপ্তার করে মৃত্যুদণ্ড দেওয়া হবে এবং ডোনাল্ড ট্রাম্পই আমেরিকাকে এই দুষ্ট চক্রের হাত থেকে রক্ষা করতে পারেন।",8.25,0.0,4.12
news-57127385,বাংলাদেশে করোনাভাইরাসে আক্রান্ত হয়ে গত ২৪ ঘণ্টায় ২২ জনের মৃত্যু হয়েছে বলে স্বাস্থ্য অধিদপ্তর জানিয়েছে।,"করোনাভাইরাসের সংক্রমণ ঠেকাতে মাস্কের ব্যবহার বাড়ানোর ওপর জোর দেওয়া হচ্ছে। গত ৫৫ দিনের তুলনায় মৃতের সংখ্যা সর্বনিম্ন এবং নতুন করে ২৬১ জন কোভিড-১৯ রোগী শনাক্ত হয়েছেন, যা গত এক বছরের মধ্যে সর্বনিম্ন। বর্তমানে শনাক্তের হার ৬.৯৫% এবং মোট শনাক্ত রোগীর সংখ্যা সাত লাখ ৭৯ হাজার ৭৯৬ জন, যেখানে মোট মৃতের সংখ্যা ১২ হাজার ১২৪ জন।",2.78,0.0,2.78
news-55728745,যুক্তরাষ্ট্রে চার বছরের মেয়াদ শেষে বিদায় নিচ্ছেন প্রেসিডেন্ট ডোনাল্ড ট্রাম্প। একইসঙ্গে নতুন প্রেসিডেন্ট হিসাবে অভিষেক হতে যাচ্ছে জো বাইডেনের। তার সঙ্গে শপথ নেবেন ভাইস প্রেসিডেন্ট কমালা হ্যারিস।,"যুক্তরাষ্ট্রে চার বছরের মেয়াদ শেষে বিদায় নিচ্ছেন প্রেসিডেন্ট ডোনাল্ড ট্রাম্প এবং নতুন প্রেসিডেন্ট হিসেবে অভিষেক হতে যাচ্ছে জো বাইডেনের। বিদায়ী ভাষণে ট্রাম্প তার অর্জন তুলে ধরেছেন, যদিও তিনি নভেম্বরের নির্বাচনের ফলাফল পুরোপুরি মেনে নেননি এবং তার উত্তরসূরির নামও উল্লেখ করেননি। অন্যদিকে, জো বাইডেন ডেলাওয়্যার থেকে ওয়াশিংটনের উদ্দেশ্যে রওনা হয়েছেন এবং বুধবার ক্যাপিটল ভবনের সামনে তার অভিষেক অনুষ্ঠান হবে।",42.35,33.73,42.35
news-43170672,"তাদের লক্ষ্য করে থুথু ছোঁড়া হতো, ঢিল মারা হতো, পথের পাশে বোমা পুঁতে রাখা হতো।","আফগানিস্তানের নারী ফুটবল দল, যার কোচ ২০১৬ সাল থেকে যুক্তরাষ্ট্রের কেলি লিন্ডসে, নানা প্রতিকূলতা সত্ত্বেও ফিফা র‍্যাংকিং-এ উন্নতি করেছে। এই দলের খেলোয়াড়দের নিরাপত্তা ঝুঁকির কারণে ট্রেনিং ও ম্যাচগুলো বিদেশের মাটিতে আয়োজন করতে হয়, কারণ আফগান সমাজে নারী ফুটবলারদের প্রতি সহিংসতা ও হুমকির ঘটনা ঘটে। তালেবানের তৎপরতা এবং সামাজিক রক্ষণশীলতা সত্ত্বেও এই নারীরা ফুটবল খেলার স্বপ্ন নিয়ে মাঠে নামছেন, যা তাদের জন্য এক বিরাট চ্যালেঞ্জ।",2.47,0.0,2.47
news-44588536,সিন্ডিকেটের মাধ্যমে অভিবাসন ব্যয় বাড়ানোর অভিযোগে বাংলাদেশ থেকে মালয়েশিয়ায় কর্মী পাঠানোর চলতি পদ্ধতি বাতিল করে দিয়েছে মালয়েশিয়া সরকার।,"মালয়েশিয়ায় বাংলাদেশি কর্মী পাঠানো সাময়িকভাবে স্থগিত করা হয়েছে। দেশটির মানবসম্পদমন্ত্রী এম কুলাসেগারান জানিয়েছেন, রিক্রুটিং এজেন্সিগুলোর বিরুদ্ধে মানব পাচার ও অভিবাসন ব্যয় বাড়ানোর অভিযোগ ওঠায় এই সিদ্ধান্ত নেওয়া হয়েছে। তদন্ত শেষ না হওয়া পর্যন্ত এই স্থগিতাদেশ বহাল থাকবে এবং বায়রা সহ-সভাপতি ফারুক বলেছেন, দুই দেশের সরকারের উদ্যোগেই অভিবাসন ব্যয় কমানো সম্ভব।",14.49,5.97,8.7
news-41079116,দুজন নারী শিষ্যকে ধর্ষণের দায়ে ভারতের বিতর্কিত ধর্মীয় গুরু গুরমিত রাম রহিম সিং-কে ২০ বছরের কারাদণ্ড দিয়েছে দেশটির আদালত।,"ধর্মীয় গুরু গুরমিত রাম রহিম সিং-এর ধর্ষণের দায়ে সাজা ঘোষণার পর তার অনুসারীদের বিক্ষোভে অন্তত ৩৮ জন নিহত হয়। হরিয়ানার সিরসায় রাম রহিম সিং-এর ১০০০ একর জুড়ে বিস্তৃত 'ডেরা সাচ্চা সওদা' আশ্রমে হাসপাতাল, রিসোর্ট, হোটেল, অডিটোরিয়াম, স্কুল, সিনেমা হল ও খেলার মাঠসহ সবরকম সুবিধা রয়েছে, যা একটি শহরের মতোই। বর্তমানে ৪০ হাজার অনুসারী ও নিরাপত্তা বাহিনীর সদস্যরা আশ্রমটি ঘিরে রেখেছে।",19.51,15.0,14.63
news-45298569,আমেরিকার অ্যারিজোনায় এক পুরনো কেএফসি দোকান থেকে মেক্সিকো পর্যন্ত মাদক পাচারের একটা গোপন সুড়ঙ্গ খুঁজে পেয়েছে আমেরিকান কর্তৃপক্ষ।,"মেক্সিকো থেকে আমেরিকায় মাদক পাচারের জন্য অ্যারিজোনার সান লুই এলাকার একটি পরিত্যক্ত কেএফসি রেস্তোরাঁর নিচ থেকে ৬০০ ফুট দীর্ঘ একটি সুড়ঙ্গ আবিষ্কৃত হয়েছে। এই সুড়ঙ্গটি সীমান্তের তলদেশ দিয়ে মেক্সিকোর একটি বাড়ির খাটের নিচে গিয়ে শেষ হয়েছে। পুলিশ সন্দেহভাজন আইভান লোপেজকে গ্রেপ্তার করেছে, যার গাড়ি থেকে প্রায় ১০ লাখ ডলার মূল্যের বিভিন্ন প্রকার মাদকদ্রব্য উদ্ধার করা হয়েছে এবং তার রেস্তোরাঁ থেকে এই সুড়ঙ্গের প্রবেশপথ খুঁজে পাওয়া গেছে।",16.67,2.44,11.9
news-56660057,"র‍্যাব বলছে, তারা রফিকুল ইসলাম নামে এক ব্যক্তিকে আটক করেছে, যিনি 'শিশু বক্তা' হিসেবে বাংলাদেশে বেশ পরিচিতি লাভ করেছেন।","র‍্যাব নেত্রকোনা থেকে ""রাষ্ট্রবিরোধী ও উস্কানিমূলক"" বক্তব্য দেওয়ার অভিযোগে রফিকুল ইসলাম মাদানীকে আটক করেছে। তিনি ওয়াজের মাধ্যমে পরিচিতি লাভ করেন এবং সম্প্রতি নরেন্দ্র মোদীর বাংলাদেশ সফরের বিরুদ্ধে বিক্ষোভে কড়া ভাষায় বক্তব্য দেন। তার বয়স কুড়ি থেকে ত্রিশের মধ্যে বলে ধারণা করা হলেও, র‍্যাব নিশ্চিত করেছে যে তিনি শিশু নন এবং তিনি নিজেও নিজেকে প্রাপ্তবয়স্ক দাবি করেন।",23.08,10.53,20.51
news-40846970,ভারতের লাখ লাখ বিবাহিত নারী কখনোই তাদের স্বামীর নাম মুখে উচ্চারণ করেননি-স্বামীর প্রতি শ্রদ্ধা দেখানোর উদ্দেশ্যেই এমনটি করেন তারা।,"ভারতের নারী অধিকারকর্মীরা গ্রামের মহিলাদের স্বামীর নাম ধরে ডাকার জন্য উৎসাহিত করছেন, কারণ ঐতিহ্যগতভাবে স্বামীর নাম উচ্চারণ করাকে অসম্মানজনক মনে করা হয় এবং এটি বহু যুগ ধরে চলে আসা একটি প্রথা। বিবিসির গীতা পান্ডের প্রতিবেদন অনুযায়ী, ভারতের লক্ষ লক্ষ বিবাহিত নারী ধর্মীয় বা সামাজিক কারণে স্বামীর নাম উচ্চারণ করেন না, যা তাদের কাছে ছোটবেলা থেকে শেখা একটি অভ্যাস। এই প্রথা ভাঙার চেষ্টা করা হচ্ছে, কারণ অধিকারকর্মীরা মনে করেন এটি নারীর ক্ষমতায়নের একটি অংশ।",19.35,4.4,15.05
news-55201330,বাংলাদেশের দক্ষিণাঞ্চলে দুই দশক আগে জেগে ওঠা দ্বীপ ভাসানচরে একটি দিন পার করেছে সেখানে স্থানান্তরিত রোহিঙ্গা শরণার্থীরা। সেখানকার পরিবেশ দেখে বেশিরভাগ রোহিঙ্গা তাদের সন্তুষ্টির কথা জানিয়েছেন।,"বাংলাদেশ সরকার কক্সবাজারের রোহিঙ্গা শিবিরের চাপ কমাতে ১৬৪২ জন রোহিঙ্গাকে ভাসানচরে স্থানান্তর করেছে, যেখানে তাদের জন্য নতুন পাকা ঘর, স্বাস্থ্যসম্মত পরিবেশ এবং মানবিক সহায়তা নিশ্চিত করা হয়েছে। যদিও মানবাধিকার সংস্থা হিউম্যান রাইটস ওয়াচ এবং অন্যান্য আন্তর্জাতিক সংস্থা এই স্থানান্তরের বিরোধিতা করেছে, রোহিঙ্গারা নতুন আবাসন ও সুযোগ-সুবিধা পেয়ে উচ্ছ্বাস প্রকাশ করেছে। নৌবাহিনীর তত্ত্বাবধানে এই স্থানান্তর প্রক্রিয়া সম্পন্ন হয়েছে এবং ভাসানচরে ২২টি আন্তর্জাতিক সংস্থা রোহিঙ্গাদের মানবিক সহায়তা দিতে প্রস্তুত রয়েছে।",10.53,0.0,6.32
news-53707384,গাছ কেটে ফসলের ক্ষেত তৈরি এবং বাসাবাড়ি গড়ে তোলার কারণে প্রাণী থেকে মানুষের শরীরে সংক্রমিত হয় এমন রোগের জীবাণু ছড়িয়ে পড়ার সম্ভাবনা বাড়ছে বলে বিজ্ঞানীরা বলছেন।,"প্রাকৃতিক বনভূমি উজাড় করার ফলে বন্য প্রাণীরা বাসস্থান হারিয়েছে, যার সুযোগ নিয়েছে ইঁদুরের মতো রোগবাহী প্রাণীরা। মানুষের দ্বারা পরিবর্তিত পরিবেশে বসবাসকারী এই প্রাণীগুলো থেকে মানুষের মধ্যে রোগ সংক্রমণের ঝুঁকি অনেক বেশি। গবেষণায় দেখা গেছে, নতুন আবিষ্কৃত সংক্রামক ব্যাধিগুলির তিন-চতুর্থাংশই এ ধরনের প্রাণী থেকে উৎপন্ন।",8.45,5.8,5.63
news-48917846,কৃত্রিম বুদ্ধিমত্তার সাহায্যে রানওয়ে চিহ্নিত করে অটোপাইলটের মাধ্যমে অবতরণ করেছে একটি বিমান।,"বিমান অবতরণের জন্য অটোপাইলট এখন কৃত্রিম বুদ্ধিমত্তা ব্যবহার করে রানওয়ে চিহ্নিত করতে সক্ষম। এই নতুন পদ্ধতিটি দৃশ্যমান আলো এবং ইনফ্রারেড রশ্মি উভয়ই শনাক্ত করতে পারে, যা কুয়াশাচ্ছন্ন আবহাওয়াতেও রানওয়ে চিহ্নিত করতে সাহায্য করে এবং প্রচলিত রেডিও সংকেত নির্ভর ব্যবস্থার উপর নির্ভরশীলতা কমায়। ব্রাউনশভাইক ও মিউনিখ প্রযুক্তি বিশ্ববিদ্যালয়ের গবেষকদের উদ্ভাবিত এই প্রযুক্তি ফ্লাইটের নিরাপত্তা বাড়াবে, তবে এর ভুল প্রোগ্রামিংয়ের ঝুঁকিও রয়েছে।",13.89,2.86,11.11
news-41662162,"ভারতের উত্তরপূর্বাঞ্চলীয় ত্রিপুরার রাজ্যপাল তথাগত রায় মন্তব্য করেছেন যে দীপাবলির সময়ে ভারতে যে বাজি ফাটানো হয়, তা থেকে যেমন কয়েকদিন শব্দ দূষণ হয়, তেমনই সারা বছর মসজিদ থেকে আজান দেওয়ার ফলেও শব্দ দূষণ ঘটে।","ত্রিপুরার রাজ্যপাল তথাগত রায় তাঁর ব্যক্তিগত টুইটার অ্যাকাউন্ট থেকে আজান ও বাজি ফাটানো নিয়ে বিতর্কিত মন্তব্য করেছেন। তিনি প্রশ্ন তুলেছেন যে কোরান বা হাদিসে মাইকে আজান দেওয়ার বিধান না থাকা সত্ত্বেও কেন লাউডস্পিকারে আজান দেওয়া হয়, যেখানে বাজি ফাটানো নিয়ে শব্দ দূষণের অভিযোগ ওঠে। এই মন্তব্যের মাধ্যমে তিনি বাজি ও আজান উভয়কেই শব্দ দূষণের উৎস হিসেবে একই মাপকাঠিতে বিচার করার কথা বলেছেন, যদিও আদালত বায়ু দূষণ রোধে বাজি বিক্রির ওপর নিষেধাজ্ঞা জারি করেছে।",26.17,11.43,24.3
news-49843290,"বাংলাদেশে অবৈধ ক্যাসিনো বাণিজ্য, টেন্ডার এবং চাঁদাবাজিসহ দুর্নীতির বিরুদ্ধে চলমান অভিযানে গ্রেফতাকৃতদের পাহাড় সমান সম্পদ বা অর্থের নানান গল্প এখন প্রকাশিত হচ্ছে।","আওয়ামী লীগ সরকার দলীয় নেতাদের বিরুদ্ধে দুর্নীতি বিরোধী অভিযান শুরু করেছে, যেখানে যুবলীগ ও ক্ষমতাসীন দলের সাথে জড়িতদের বাড়ি থেকে বিপুল পরিমাণ অর্থ উদ্ধার করা হয়েছে। এই অভিযানের ফলে রাজনৈতিক প্রভাব খাটিয়ে ব্যবসা পরিচালনার বিষয়টি সামনে এসেছে, যেখানে একজন নারী উদ্যোক্তা জানান যে তাকে প্রায় দুই যুগ ধরে ক্ষমতাসীন দলের স্থানীয় নেতাদের চাঁদা দিতে হচ্ছে। তিনি আরও উল্লেখ করেন যে, মেলার আয়োজন বা মাঠ পাওয়ার মতো সাধারণ কাজগুলোর জন্যও তাকে রাজনৈতিক হয়রানির শিকার হতে হয় এবং সমঝোতার মাধ্যমে ব্যবসা চালিয়ে যেতে হয়।",7.69,0.0,3.85
news-44952782,এই 'হ্রদ'টি পাওয়া গেছে মঙ্গলগ্রহের দক্ষিণ মেরুতে। বরফে আচ্ছাদিত এই হ্রদের আয়তন হবে ২০ কিলোমিটারের মত।,"মঙ্গলগ্রহে প্রথমবারের মতো স্থায়ী জলাধারের সন্ধান পাওয়া গেছে, যা মার্শ এক্সপ্রেস নভোযানের মারসিস রেডার দ্বারা দক্ষিণ মেরুর বরফের নিচে আবিষ্কৃত হয়েছে। এই জলাধারটি কমপক্ষে এক মিটার গভীর এবং এটি প্রাণের অস্তিত্বের সম্ভাবনা নিয়ে নতুন করে আলোচনা শুরু করেছে। যদিও শুধু পানি থাকলেই প্রাণের অস্তিত্ব নিশ্চিত নয়, তবে এই আবিষ্কার মঙ্গলে প্রাণের সন্ধানের জন্য একটি গুরুত্বপূর্ণ দিকনির্দেশনা দিচ্ছে।",10.81,0.0,8.11
news-44640577,"এবার বিশ্বকাপে মেক্সিকো সমর্থকরা আরেকটি দেশকে প্রাণখুলে অভিনন্দিত করেছে, সেটি হলো দক্ষিণ কোরিয়া।",দক্ষিণ কোরিয়ার কাছে জার্মানির হারের ফলে মেক্সিকো বিশ্বকাপের পরের পর্বে উত্তীর্ণ হওয়ায় মেক্সিকানরা দক্ষিণ কোরিয়াকে ধন্যবাদ জানিয়ে উল্লাস করে। মেক্সিকো সিটিতে দক্ষিণ কোরিয়ার দূতাবাসে মেক্সিকানরা কোরিয়ানদের 'ভাই' বলে স্লোগান দেয় এবং অনলাইনে মিশ্র পতাকা ও কৃতজ্ঞতা প্রকাশ করে। এই অপ্রত্যাশিত জয়ে মেক্সিকো ও দক্ষিণ কোরিয়ার মধ্যে এক নতুন বন্ধুত্বের সম্পর্ক তৈরি হয়েছে।,6.15,0.0,6.15
news-44948841,ঢাকায় হঠাৎ করেই মঙ্গলবার দুপুরে কমিউনিস্ট পার্টি (সিপিবি)কার্যালয়ে গিয়ে উপস্থিত হয়েছিলেন ক্ষমতাসীন আওয়ামী লীগের সাধারণ সম্পাদক ওবায়দুল কাদের।,"সিপিবিসহ আটটি বাম দল সম্প্রতি একটি নতুন জোট গঠন করেছে, যার পর আওয়ামী লীগের সাধারণ সম্পাদক ওবায়দুল কাদের সিপিবি কার্যালয়ে যান। যদিও উভয়পক্ষই এটিকে 'রাজনৈতিক সৌজন্যতা' বলে অভিহিত করেছে, তবুও বাংলাদেশের রাজনৈতিক মহলে এটি নিয়ে কৌতূহল সৃষ্টি হয়েছে। এই ঘটনাটি আসন্ন নির্বাচনে অংশগ্রহণমূলক পরিবেশ তৈরির লক্ষ্যে ১৪-দলীয় জোটের বাইরে থাকা দলগুলোকে আওয়ামী লীগ নেতৃত্বাধীন জোটে অন্তর্ভুক্ত করার একটি সম্ভাব্য উদ্যোগ হিসেবে দেখা হচ্ছে।",19.28,14.81,14.46
news-46614409,পাকিস্তানে অবৈধভাবে অনুপ্রবেশ করে ছয় বছর আটকে থাকার পর এক ভারতীয় এক ব্যক্তি তাঁর নিজের দেশে ফেরত এসেছেন।,"হামিদ আনসারি নামের এক ভারতীয় যুবক অনলাইনে প্রেমের টানে পাকিস্তানে গিয়ে ভুয়া পরিচয়পত্রসহ আটক হন এবং দীর্ঘ ছয় বছর কারাভোগের পর সম্প্রতি দেশে ফিরেছেন। ২০১২ সালে আফগানিস্তানে যাওয়ার কথা বলে তিনি পাকিস্তানে প্রবেশ করেন, যেখানে তাকে ২০১৫ সালে কারাদণ্ড দেওয়া হয়, যদিও তিনি ২০১২ সাল থেকেই আটক ছিলেন। তার পরিবার দীর্ঘ প্রচেষ্টার পর তাকে দেশে ফিরিয়ে আনতে সক্ষম হয় এবং ওয়াগা সীমান্তে সরকারি কর্মকর্তা ও সাংবাদিকদের উপস্থিতিতে তার পরিবার তাকে গ্রহণ করে।",17.78,4.55,11.11
news-47207508,ভারতের রাজধানী দিল্লির একটি জনবহুল এলাকায় হোটেলে আগুন লেগে অন্তত ১৭ জনের মৃত্যু হয়েছে। মৃতদের মধ্যে এক নারী ও একটি শিশুও রয়েছে।,"ভারতের দিল্লির কারোল বাগের 'হোটেল অর্পিত প্যালেস'-এ ভোররাতে আগুন লেগে অন্তত ১৭ জনের মৃত্যু হয়েছে। দমবন্ধ হয়ে বেশিরভাগ মৃত্যু হয়েছে বলে জানা গেছে, তবে অনেকে আগুন থেকে বাঁচতে জানালা ও ছাদ থেকে ঝাঁপ দিয়েছিলেন। হোটেলের কাঠের প্যানেলিংয়ের কারণে আগুন দ্রুত ছড়িয়ে পড়েছিল এবং দমকল কর্মীরা ৩৫ জনকে উদ্ধার করতে সক্ষম হন।",27.03,16.67,27.03
news-48436492,"ভারতে সদ্যনির্বাচিত নতুন লোকসভায় বিজেপির একজনও মুসলিম এমপি না-থাকায় প্রশ্ন উঠছে, প্রধানমন্ত্রী নরেন্দ্র মোদী যে দেশের সবাইকে নিয়ে চলার কথা বলছেন তা শাসক দল আদৌ কতটা রক্ষা করতে পারবে।","ভারতে মুসলিম জনসংখ্যা প্রায় ১৫% হলেও পার্লামেন্টে তাদের প্রতিনিধিত্ব দীর্ঘকাল ধরে ৪%-এর কম। পরপর দুটি লোকসভা নির্বাচনে বিজেপি একক সংখ্যাগরিষ্ঠতা পেলেও তাদের একজনও মুসলিম এমপি নেই, কারণ তারা মাত্র ছয়জন মুসলিম প্রার্থীকে টিকিট দিয়েছিল এবং তাদের কেউই জয়লাভ করতে পারেননি। এই পরিস্থিতিতে, প্রধানমন্ত্রী মোদীর 'সবকা সাথ, সব কা বিকাশ, সব কা বিশ্বাস' স্লোগান সত্ত্বেও, রাজনৈতিক বিশ্লেষকরা মনে করছেন যে মুসলিমদের পক্ষে বিজেপির উপর ভরসা রাখা কঠিন, বিশেষত যখন দলটি মুসলিমদের টিকিট দেওয়ার যোগ্য মনে করেনি এবং হিন্দুত্ববাদী প্রচার চালিয়েছে।",14.55,3.7,10.91
news-49888740,"বাংলাদেশের দক্ষিণাঞ্চলীয় শহর খুলনায় সোমবার সন্ধ্যায় একটি ছোটখাটো বোমা বিষ্ফোরণের দায় স্বীকার করেছে তথাকথিত ইসলামিক স্টেট জঙ্গি গোষ্ঠি, যেটি আইএস নামে সমধিক পরিচিত।",খুলনার ফুলতলায় আওয়ামী লীগ কার্যালয়ে বোমা বিস্ফোরণে আসবাবপত্র লণ্ডভণ্ড হলেও কোনো হতাহতের ঘটনা ঘটেনি। সাইট ইন্টেলিজেন্স আইএস-এর দায় স্বীকারের খবর দিলেও পুলিশ এখনো কাউকে চিহ্নিত করতে পারেনি এবং তদন্ত চলছে। স্থানীয় আওয়ামী লীগ নেতাকর্মীরা এ ঘটনার তীব্র নিন্দা জানিয়ে দ্রুত তদন্তের দাবি করেছেন।,8.96,0.0,5.97
news-48881058,"মনে করুন আপনি আপনার বন্ধুর সঙ্গে চা পান করছেন। আপনার বন্ধু আপনাকে বললো, সৌরজগতে পৃথিবী আর মঙ্গলগ্রহের মাঝখানে কোন এক জায়গায় একটি চায়ের কেটলি আছে যেটি সূর্যকে প্রদক্ষিণ করছে।","বার্ট্রান্ড রাসেল ""রাসেলের টিপট"" উপমাটি ব্যবহার করে বোঝাতে চেয়েছিলেন যে, মহাশূন্যে একটি চায়ের কেটলির অস্তিত্বের মতো অযৌক্তিক ধারণার প্রমাণ না থাকলে তা বিশ্বাস করার কোনো কারণ নেই। তিনি এই উপমাটি ঈশ্বর বা সৃষ্টিকর্তার অস্তিত্বের ধারণাকে প্রশ্নবিদ্ধ করতে ব্যবহার করেছিলেন, যা আস্তিক ও নাস্তিকদের মধ্যে দীর্ঘ বিতর্কের জন্ম দিয়েছে। এই উদাহরণটি মূলত প্রমাণ করার দায়িত্ব কার, তা নিয়ে প্রশ্ন তোলে: যিনি দাবি করেন তার, নাকি যিনি অস্বীকার করেন তার।",4.12,2.11,4.12
news-48671908,গতকাল ইংল্যান্ডের টনটনে ওয়েস্ট ইন্ডিজের বিপক্ষে বাংলাদেশের জয়ের পর সামাজিক মাধ্যমে বিশেষ করে টুইটারে বিশ্বের সাবেক বর্তমান ক্রিকেটার এবং ধারাভাষ্যকাররা নানা রকম মন্তব্য করেছেন।,"ওয়েস্ট ইন্ডিজের বিপক্ষে বাংলাদেশের জয়ে সাকিব আল হাসানের অসাধারণ পারফরম্যান্সের ভূয়সী প্রশংসা করেছেন ক্রিকেট বিশ্বের সাবেক তারকারা। পাকিস্তানের শহীদ আফ্রিদি ও শোয়েব আখতার, ভারতের ইরফান পাঠান এবং শ্রীলঙ্কার রাসেল আর্নল্ড সাকিবকে বিশ্বমানের অলরাউন্ডার ও ব্যাটসম্যান হিসেবে উল্লেখ করেছেন। এই জয়ের পর সাকিব আল হাসান ভারতের সৌরভ গাঙ্গুলীর শুভেচ্ছা বার্তার প্রত্যুত্তরে ধন্যবাদ জানিয়েছেন।",26.32,13.51,21.05
news-48556580,বিশ্বকাপ ক্রিকেটে আগামীকাল শনিবার বাংলাদেশ দল মুখোমুখি হবে ইংল্যান্ডের। কার্ডিফে অনুষ্ঠিত হবে এই ম্যাচ। এই মাঠে কখনো হারেনি বাংলাদেশ। এর আগে দুটো ম্যাচ খেলে তারা দুটোতেই জয়লাভ করেছে। ২০০৫ সালে হারিয়েছে অস্ট্রেলিয়াকে এবং ২০১৭ সালে তারা হারিয়েছে নিউজিল্যান্ডকে।,"কোচ স্টিভ রোডস, যিনি ২০১৯ ক্রিকেট বিশ্বকাপে বাংলাদেশের একমাত্র ইংলিশ কোচ, ইংল্যান্ডের বিপক্ষে খেলার অনুভূতি নিয়ে অনিশ্চিত হলেও বাংলাদেশকে জেতানোর ব্যাপারে দৃঢ়প্রতিজ্ঞ। তিনি নিজেকে আন্ডারডগ হিসেবে দেখতে পছন্দ করেন এবং মনে করেন যে জেতাটা বড় দলের কাছ থেকে কিছু ছিনিয়ে নেওয়ার মতো হবে। রোডস তার সরলতা, আন্তরিকতা এবং খেলোয়াড়দের সাথে বন্ধুত্বপূর্ণ সম্পর্কের জন্য পরিচিত, যা তাকে বাংলাদেশ ক্রিকেটের এক গুরুত্বপূর্ণ চরিত্র হিসেবে প্রতিষ্ঠিত করেছে।",9.8,0.0,7.84
news-48941481,"''মানুষ বড়ো কাঁদছে, তুমি মানুষ হয়ে পাশে দাঁড়াও/ মানুষই ফাঁদ পাতছে, তুমি পাখির মতো পাশে দাঁড়াও।''","কবি শক্তি চট্টোপাধ্যায়ের নির্দেশ মেনে ক্রন্দনরত মানুষের পাশে দাঁড়ানোর কথা বলা হলেও, যুদ্ধ, দাঙ্গা, দারিদ্র্য বা প্রাকৃতিক দুর্যোগে ভিটেমাটি হারানো মানুষের পাশে দাঁড়াতে না পারার বিষাদই এই লেখার মূল সুর। সংবাদমাধ্যমে উঠে আসা আতঙ্কিত মুখগুলো, বিশেষ করে তুরস্কের উপকূলে মৃত সিরীয় শিশু আলান কুর্দির ছবি, এই অসহায়ত্বের প্রতীক। প্রতিদিন অসংখ্য অভিবাসী ও শরণার্থী ইউরোপে আশ্রয়ের খোঁজে ভূমধ্যসাগর পাড়ি দিতে গিয়ে প্রাণ হারাচ্ছে, যা এক ভয়াবহ মানবিক সংকটকে তুলে ধরে।",4.71,0.0,4.71
news-40898587,"চীন বলছে সেদেশের সবচেয়ে বড় ও জনপ্রিয় তিনটি সামাজিক যোগাযোগ প্ল্যাটফর্ম - ওয়েবো, উইচ্যাট এবং বাইদু তিয়েবার বিরুদ্ধে তারা তদন্ত করছে। তাদের বিরুদ্ধে সাইবার নিরাপত্তা আইন লংঘনের অভিযোগ উঠেছে।","চীনের সাইবারস্পেস প্রশাসন উইচ্যাট, ওয়েবো এবং বাইদু তিয়েবা - এই তিনটি জনপ্রিয় প্ল্যাটফর্মে সন্ত্রাস-সম্পর্কিত বিষয়, গুজব ও অশ্লীলতা ছড়ানোর অভিযোগ এনেছে, যা জাতীয় নিরাপত্তা লঙ্ঘন করছে বলে দাবি করা হয়েছে। চীনা কর্তৃপক্ষের কঠোর ইন্টারনেট সেন্সরশিপের মধ্যে এই প্ল্যাটফর্মগুলি কোটি কোটি ব্যবহারকারী দ্বারা ব্যবহৃত হয় এবং তাদের বিরুদ্ধে সহিংসতা, পর্নোগ্রাফি ও সমাজবিরোধী কার্যকলাপ ছড়ানোর অভিযোগ আনা হয়েছে। বাইদু এই অভিযোগের জন্য দুঃখপ্রকাশ করে সরকারের সাথে সহযোগিতার কথা বললেও, উইচ্যাট ও ওয়েবোর মালিক টেনসেট এখনও কোনো প্রতিক্রিয়া জানায়নি, তবে এই তদন্তের ফলে সাইটগুলির উপর আরও কঠোর নিয়ন্ত্রণ আরোপের সম্ভাবনা রয়েছে।",20.69,3.51,12.07
news-54308790,ইসলাম ধর্মের অবমাননার দায়ে নাইজেরিয়ার আদালত ১৩বছর বয়সী এক কিশোরকে দশ বছরের কারাদণ্ড দেয়ার পর পোল্যান্ডের একজন ঐতিহাসিক প্রস্তাব দিয়েছেন তিনি এবং আরও কয়েকজন স্বেচ্ছাসেবী পালা করে তার সাজার মেয়াদ খাটতে রাজি আছেন।,"নাইজেরিয়ার কানোতে ইসলামিক শরিয়া আদালত এক কিশোরকে ধর্ম অবমাননার অভিযোগে ১০ বছরের কারাদণ্ড দিয়েছে। পোল্যান্ডের আউশভিৎস স্মৃতি জাদুঘরের পরিচালক ড. পিওতর সিউইনস্কি এবং বিশ্বের ১১৯ জন স্বেচ্ছাসেবী ওই কিশোরের হয়ে এক মাস করে কারাদণ্ড ভোগ করতে রাজি হয়েছেন এবং নাইজেরিয়ার প্রেসিডেন্টকে ক্ষমা করার অনুরোধ করেছেন। কিশোরের আইনজীবী এই রায়ের বিরুদ্ধে আপিল করেছেন, কারণ এটি শিশু অধিকার ও নাইজেরিয়ার সংবিধান লঙ্ঘন করে, এবং ইউনিসেফও রায় পুনর্বিবেচনার আবেদন জানিয়েছে।",24.0,4.08,22.0
news-55064450,সিঙ্গাপুরের স্বরাষ্ট্র মন্ত্রণালয়ের বিবৃতিকে উদ্ধৃত করে দেশটির দ্য স্ট্রেইটস টাইমস পত্রিকা খবর দিয়েছে যে দেশটিতে কর্মরত ১৫ জন বাংলাদেশি নির্মাণ শ্রমিককে সিঙ্গাপুর থেকে ঢাকায় ফেরত পাঠানো হয়েছে। একই খবর দিয়েছে বার্তা সংস্থা এএফপি এবং মালয়েশিয়া নাউ নামে একটি পত্রিকা।,"সিঙ্গাপুরের দ্য স্ট্রেইটস টাইমস পত্রিকা জানিয়েছে যে, সন্ত্রাসী কর্মকাণ্ডে জড়িত থাকার সন্দেহে বাংলাদেশি নির্মাণ শ্রমিক আহমেদ ফয়সালকে ২রা নভেম্বর আটক করা হয়েছে। সিঙ্গাপুরের স্বরাষ্ট্র মন্ত্রণালয় জানিয়েছে, ফ্রান্সে সন্ত্রাসী হামলার পর ফয়সাল সামাজিক মাধ্যমে সহিংসতায় ইন্ধন ও সাম্প্রদায়িক সম্প্রীতি নষ্টকারী পোস্ট দিয়েছিলেন। এদিকে, সিঙ্গাপুর থেকে ১২ জন বাংলাদেশিকে বহিষ্কার করা হয়েছে বলে ঢাকার হযরত শাহজালাল আন্তর্জাতিক বিমানবন্দরের ইমিগ্রেশন বিভাগ জানিয়েছে, তবে তারা আনুষ্ঠানিকভাবে কিছু জানেন না।",25.0,11.76,21.15
news-46938476,"ঢাকায় শনিবার তার দলের নির্বাচনী বিজয় উদযাপনের সময়, বহু মানুষের চোখ ছিল নির্বাচনী কারচুপির বিস্তর অভিযোগ নিয়ে কী বলেন প্রধানমন্ত্রী। কিন্তু তা নিয়ে একটি শব্দও উচ্চারণ করেনি তিনি।","প্রধানমন্ত্রী শেখ হাসিনা তার চতুর্থ দফার শাসনে মানুষের আর্থ-সামাজিক উন্নয়নকে প্রধান লক্ষ্য হিসেবে ঘোষণা করেছেন এবং দুর্নীতি ও মাদক সমস্যাকে বিশেষভাবে টার্গেট করার ইঙ্গিত দিয়েছেন। তিনি সচিবালয়ে স্বরাষ্ট্র মন্ত্রণালয়ের কর্মকর্তাদের কাছেও এই বিষয়ে তার মনোভাব স্পষ্ট করেছেন। রাজনৈতিক বিশ্লেষকরা মনে করছেন, প্রধানমন্ত্রী নির্বাচন নিয়ে বিরোধীদের আলোচনাকে ঘুরিয়ে দুর্নীতি ও মাদকের মতো জনপ্রিয় ইস্যুর দিকে নিয়ে যেতে চাইছেন এবং সুশাসন প্রতিষ্ঠায় জোর দিচ্ছেন।",13.19,0.0,8.79
news-41451031,চলমান রোহিঙ্গা সংকটের প্রেক্ষিতে সমালোচনার মুখে থাকা মিয়ানমারের নেত্রী অং সান সু চির একটি প্রতিকৃতি সরিয়ে নিয়েছে অক্সফোর্ডের একটি কলেজ।,"অং সান সু চি ১৯৬৭ সালে সেন্ট হিউ কলেজ থেকে স্নাতক হন এবং ১৯৯৩ সালে অক্সফোর্ড থেকে সম্মানসূচক ডক্টরেট পান। রাখাইনে রোহিঙ্গাদের ওপর সেনাবাহিনীর নির্যাতনের বিরুদ্ধে কার্যকর পদক্ষেপ না নেওয়ায় বিশ্বজুড়ে তার সমালোচনা হচ্ছে। এর ফলে অক্সফোর্ডের সেন্ট হিউ কলেজ তার প্রতিকৃতি সরিয়ে একটি জাপানি চিত্রকর্ম স্থাপন করেছে, যদিও প্রতিকৃতি সরানোর কারণ স্পষ্ট নয়।",18.92,5.56,13.51
news-47693685,কিছুদিন আগেও চীনের অর্থনৈতিক উত্থানকে কোন উদ্বেগের বিষয় হিসেবে দেখা হতো না। মনে করা হতো যে তাদের বিকাশমান অর্থনীতি ক্রমশ:ই উদার-হতে-থাকা রাজনৈতিক ব্যবস্থার সাথে তাল মিলিয়ে চলবে।,"একসময় চীনকে 'দায়িত্বশীল বৈশ্বিক অংশীদার' হিসেবে দেখা হলেও বর্তমানে তাকে হুমকি হিসেবে গণ্য করা হচ্ছে, এবং যুক্তরাষ্ট্র ও চীনের মধ্যে ক্রমবর্ধমান প্রতিদ্বন্দ্বিতা যুদ্ধের কারণ হতে পারে বলে আশঙ্কা করা হচ্ছে। হার্ভার্ড বিশ্ববিদ্যালয়ের অধ্যাপক গ্রাহাম অ্যালিসন তার 'ডেস্টিনড ফর ওয়ার' বইয়ে 'থুসিডিডেসের ফাঁদ' তত্ত্বের মাধ্যমে ব্যাখ্যা করেছেন যে কীভাবে একটি উদীয়মান শক্তি প্রতিষ্ঠিত শক্তির জন্য হুমকি হয়ে ওঠে, যার ফলে ইতিহাসে ১৬টির মধ্যে ১২টি ক্ষেত্রেই যুদ্ধ হয়েছে। যদিও এই তত্ত্বের সঙ্গে সবাই একমত নন, তবে ওয়াশিংটন ও বেইজিংয়ের এই দ্বন্দ্বকে বর্তমান আন্তর্জাতিক সম্পর্কের একটি নির্ণায়ক ঘটনা হিসেবে দেখা হচ্ছে।",10.17,1.72,6.78
news-50114789,ফেসবুক পোস্ট নিয়ে পুলিশ ও বিক্ষোভকারীদের মধ্যে সংঘর্ষে ৪ জন নিহত হওয়ার পর ভোলার বোরহানউদ্দিনে বিজিবি ও কোস্টগার্ড মোতায়েন করা হয়েছে।,"ভোলায় ফেসবুকে ধর্ম অবমাননার অভিযোগকে কেন্দ্র করে সংঘর্ষের ঘটনা ঘটেছে, যেখানে পুলিশ ও গ্রামবাসীর মধ্যে সংঘর্ষে চারজন নিহত ও দশজন পুলিশ সদস্য আহত হয়েছেন। পরিস্থিতি নিয়ন্ত্রণে আনতে বিজিবি ও অন্যান্য আইনশৃঙ্খলা রক্ষাকারী বাহিনী মোতায়েন করা হয়েছে। বিক্ষোভকারীরা অভিযুক্তের ফাঁসি, এসপি ও ওসির অপসারণসহ ছয় দফা দাবি জানিয়েছে এবং ২৪ ঘণ্টার মধ্যে দাবি পূরণ না হলে বৃহত্তর আন্দোলনের হুমকি দিয়েছে।",25.0,12.82,25.0
news-53330837,বিশ্ব স্বাস্থ্য স্বীকার করেছে যে বাতাসে ভেসে থাকা ক্ষুদ্র কণার মাধ্যমে করোনাভাইরাস ছড়ানোর প্রমাণ পাওয়া যাচ্ছে।,"বিশ্ব স্বাস্থ্য সংস্থার এক কর্মকর্তা জানিয়েছেন, ভিড়যুক্ত বা আবদ্ধ স্থানে বাতাসের মাধ্যমে করোনাভাইরাস সংক্রমণের সম্ভাবনা উড়িয়ে দেওয়া যায় না। এর আগে ২০০'র বেশি বিজ্ঞানী খোলা চিঠিতে অভিযোগ করেছিলেন যে সংস্থাটি বাতাসের মাধ্যমে সংক্রমণকে খাটো করে দেখছে। ৩২টি দেশের ২৩৯ জন বিজ্ঞানী দাবি করছেন যে হাঁচি-কাশি ছাড়াও কথা বলা বা শ্বাসপ্রশ্বাসের মাধ্যমে নির্গত ক্ষুদ্র কণা বাতাসে ভেসে থেকে সংক্রমণ ঘটাতে পারে।",20.51,7.89,12.82
news-50051616,বিবিসির সাপ্তাহিক সিরিজ 'দি বস'-এ পৃথিবীর নানা দেশের শীর্ষ ব্যবসায়ীদের কর্মজীবন নিয়ে প্রতিবেদন তুলে ধরা হয়। এই সপ্তাহে তুলে ধরা হলো খাবার সরবরাহকারী প্রতিষ্ঠান গৌস্ত'র প্রতিষ্ঠাতা ও প্রধান নির্বাহী টিমো বোলড্ট-এর কাহিনী।,"টিমো বোলড্ট ২০১২ সালে নিজের রান্নার সমস্যা সমাধানের জন্য একটি নতুন ধারণা নিয়ে কাজ শুরু করেন। তিনি এমন একটি ব্যবসা শুরু করেন যেখানে রান্নার সমস্ত উপকরণ পরিমাপ করে, কেটে-কুটে বাক্সে ভরে সহজ রেসিপিসহ গ্রাহকদের বাড়িতে পৌঁছে দেওয়া হয়। তার এই উদ্যোগ, 'গৌস্তো', বর্তমানে ১০০ মিলিয়ন পাউন্ডের বেশি বার্ষিক বিক্রি সহ একটি সফল প্রতিষ্ঠানে পরিণত হয়েছে এবং এই ব্যবসায় আরও অনেক নতুন উদ্যোগ এসেছে।",10.1,2.06,6.06
news-46688013,বহু স্মার্টফোন ব্যবহারকারীর মধ্যে ক্রমশ একটা উদ্বেগ তৈরি হচ্ছে তারা কতক্ষণ সময় ফোনে কাটাচ্ছেন বা ফোনের দিকে তাকিয়ে থাকছেন সেটা নিয়ে।,"গুগল ব্যবহারকারীদের প্রযুক্তি ব্যবহারের ক্ষেত্রে ভারসাম্য চাইলেও প্রযুক্তি সংস্থাগুলো তাদের গ্রাহকদের বেশি ফোন ব্যবহারে উৎসাহিত করে। অ্যাপল ও গুগল স্ক্রিন টাইম ও ডিজিটাল ওয়েলবিয়িং-এর মতো নতুন টুল চালু করেছে, যা ব্যবহারকারীদের ফোন ব্যবহারের সময় ও প্রবণতা সম্পর্কে তথ্য দেয়। এই টুলগুলো ব্যবহারকারীদের মধ্যে ফোন আসক্তি নিয়ে উদ্বেগ তৈরি করছে, কারণ অনেকেই তাদের ফোন ব্যবহারের পরিমাণ দেখে চমকে যাচ্ছেন।",12.5,2.56,7.5
news-50304898,"কেউ বলছেন ""এক ভরি গরুর গয়না বানাব"", কেউ একজন দুধ বিক্রেতার ছবি দিয়ে মশকরা করে লিখেছেন 'এটি আসলে এক স্বর্ণকারের ছবি - দুধের ড্রাম নিয়ে তিনি সোনার দোকানে চলেছেন।'","বিজেপি নেতা দিলীপ ঘোষের গরুর দুধে সোনা থাকার মন্তব্যকে কেন্দ্র করে সামাজিক মাধ্যমে ব্যাপক হাস্যরস সৃষ্টি হয়েছে। তিনি দাবি করেন যে দেশি গরুর কুঁজে স্বর্ণনাড়ি থাকে, যা সূর্যের আলোতে সোনা তৈরি করে এবং দুধকে হলুদ করে। এই মন্তব্যের পর থেকে ফেসবুকে নানা মিম ও কৌতুক পোস্ট করা হচ্ছে, যেখানে অনেকে গরুর দুধ থেকে সোনা পাওয়ার আশায় মজার মন্তব্য করছেন।",9.2,0.0,6.9
news-54961935,"আফগানিস্তানের ভূখন্ডকে ব্যবহার করে ভারত তাদের দেশের ভেতর সন্ত্রাসবাদী কার্যকলাপে মদত দিচ্ছে, পাকিস্তান অনুষ্ঠানিকভাবে এই অভিযোগ তোলার পর ভারত তা সরাসরি ভিত্তিহীন বলে দাবি করেছে।","পাকিস্তান ভারতের বিরুদ্ধে সন্ত্রাসবাদে মদদ দেওয়ার অভিযোগ এনেছে এবং এর সপক্ষে নথিপত্র পেশ করেছে। ভারত এই অভিযোগ অস্বীকার করে পাল্টা পাকিস্তানকে আন্তঃসীমান্ত সন্ত্রাসবাদের জন্য দায়ী করেছে। আফগান সরকারও পাকিস্তানের অভিযোগ প্রত্যাখ্যান করেছে, যা অতীতে ভারত পাকিস্তানের বিরুদ্ধে একই ধরনের অভিযোগ করে আসছিল।",20.9,3.08,11.94
news-45246886,বাংলাদেশে নিরাপদ সড়কের দাবিতে আন্দোলন চলাকালে গ্রেফতার বেসরকারি বিশ্ববিদ্যালয়ের ১৪ জন শিক্ষার্থী আজ জামিন পেয়ে কারাগার থেকে বেরিয়ে এসেছেন।,"নিরাপদ সড়কের দাবিতে শিক্ষার্থীদের আন্দোলনের সময় গ্রেপ্তার হওয়া ৫৬ জন শিক্ষার্থী গত দুই দিনে জামিন পেয়েছেন। তবে, আন্দোলন চলাকালীন গুজব ছড়ানোর অভিযোগে আটক কোটা সংস্কার আন্দোলনের নেতা লুৎফুন্নাহার লুমার জামিনের আবেদন আদালত নাকচ করে দিয়েছেন। পুলিশ জানিয়েছে, অনলাইনে উস্কানি ও সহিংসতায় জড়িত থাকার সুনির্দিষ্ট অভিযোগে শিক্ষার্থীদের গ্রেপ্তার করা হয়েছিল।",17.65,3.03,14.71
news-50895306,সারা ভারত জুড়ে জাতীয় নাগরিকপঞ্জী বা এনআরসি তৈরি করার প্রশ্নে প্রধানমন্ত্রী নরেন্দ্র মোদী আবার দেশকে বিভ্রান্ত করতে চাইছেন বলে বিরোধীরা অভিযোগ তুলছেন।,"প্রধানমন্ত্রী মোদী সম্প্রতি রামলীলা ময়দানে দাবি করেছেন যে তাঁর সরকার ক্ষমতায় আসার পর এনআরসি নিয়ে কোনো আলোচনা হয়নি এবং সুপ্রিম কোর্টের নির্দেশে কেবল আসামেই এটি সম্পন্ন হয়েছে। তবে, এর আগে স্বরাষ্ট্রমন্ত্রী অমিত শাহ পার্লামেন্টে বলেছিলেন যে দেশজুড়ে এনআরসি হবে, এমনকি আসামেও নতুন করে করা হবে। সরকারের এই পরস্পরবিরোধী বক্তব্যে দেশজুড়ে এনআরসি প্রক্রিয়া নিয়ে চরম বিভ্রান্তি ও অনিশ্চয়তা তৈরি হয়েছে, এবং পর্যবেক্ষকদের ধারণা যে দেশব্যাপী বিক্ষোভ ও ঝাড়খণ্ডে বিজেপির পরাজয় এই সিদ্ধান্তকে প্রভাবিত করেছে।",8.42,0.0,4.21
news-45159995,বাংলাদেশে গত সাতদিন ধরে ট্রাফিক সপ্তাহ পালনের পর আজ থেকে আরও তিনদিনের জন্য সেটি বাড়ানো হয়েছে।,"বাংলাদেশে নিরাপদ সড়কের দাবিতে শিক্ষার্থীদের বিক্ষোভের পর শুরু হওয়া ট্রাফিক সপ্তাহের মেয়াদ তিন দিন বাড়ানো হয়েছে, যেখানে লাইসেন্স ও ফিটনেসবিহীন যানবাহনের বিরুদ্ধে হাজার হাজার মামলা হয়েছে। ট্রাফিক আইন না মানা এবং ট্রাফিক ব্যবস্থাপনার সঙ্গে জড়িত বিভিন্ন সংস্থার মধ্যে সমন্বয়ের অভাবকে পুলিশ কর্মকর্তারা প্রধান চ্যালেঞ্জ হিসেবে দেখছেন। ঢাকা মহানগরীর ট্রাফিক বিভাগের প্রধান অতিরিক্ত পুলিশ কমিশনার মীর রেজাউল আলম জানান, ট্রাফিক এনফোর্সমেন্ট ট্রাফিক বিভাগের দায়িত্ব হলেও ট্রাফিক পরিবেশ, শিক্ষা ও ইঞ্জিনিয়ারিংয়ের কাজ অন্যান্য সংস্থার ওপর নির্ভরশীল, যা তাদের সফলতাকে প্রভাবিত করে।",6.32,0.0,4.21
news-47201436,সোশ্যাল মিডিয়া জায়ান্ট টুইটারের শীর্ষ কর্মকর্তারা ভারতে একটি পার্লামেন্টারি প্যানেলের সমনকে অস্বীকার করার পর তাদের বিরুদ্ধে কড়া ব্যবস্থা নেওয়ার ইঙ্গিত দিয়েছে ওই প্যানেল।,"ভারতে বিজেপি-সমর্থক কিছু অ্যাকাউন্ট ব্লক করার পর সংসদীয় কমিটির প্রধান ও বিজেপি নেতা অনুরাগ ঠাকুর টুইটারকে তলব করেন। কিন্তু টুইটার এত অল্প সময়ের নোটিশে শুনানিতে হাজির হতে অপারগতা প্রকাশ করে। এর ফলে বিজেপি ও টুইটারের মধ্যে সংঘাত আরও তীব্র আকার ধারণ করছে, এবং অনুরাগ ঠাকুর টুইটারের বিরুদ্ধে ব্যবস্থা নেওয়ার ইঙ্গিত দিয়েছেন।",21.33,8.22,18.67
140905_sm_nato_russia_coldwave_background,"ইউক্রেনের সংঘাত পশ্চিমা সামরিক জোট নেটোর সাথে রাশিয়ার সম্পর্কে অবনতি ঘটিয়েছে, এবং পুনরায় ঠাণ্ডা লড়াই ফিরে আসার আশংকা তৈরি করেছে।","রাশিয়া ইউক্রেনে বিচ্ছিন্নতাবাদীদের সহযোগিতা করার জন্য সেনাবাহিনী পাঠিয়েছে বলে নেটো অভিযোগ করেছে, যা রাশিয়া অস্বীকার করেছে। নব্বইয়ের দশকে কম্যুনিজমের পতনের পর পূর্ব ও মধ্য ইউরোপের দেশগুলো নেটোর সদস্যপদ গ্রহণ করে, যা রাশিয়ার সাথে নেটোর সম্পর্কে শীতলতা এনেছে। বিশেষ করে বাল্টিক প্রজাতন্ত্রগুলোকে নেটোর সদস্যপদ দেওয়াটা রাশিয়াকে সবচেয়ে বেশি ক্ষুব্ধ করেছে।",14.49,0.0,11.59
news-51817628,জেল থেকে বন্দীদের পলায়ন। জেলখানায় আগুন। রাস্তায় পুলিশ-জনতা সংঘর্ষ। সরকারি নিষেধাজ্ঞার এড়িয়ে পালানোর জন্য রেলস্টেশন-বাস টার্মিনালে শত শত মানুষের ভিড়। জনশূন্য শপিং মল। বন্ধ দোকানপাট। অর্থনীতিতে বিরাট মন্দার আশংকা।,"ইতালিতে করোনাভাইরাসের প্রকোপ এতটাই বেড়েছে যে, মাত্র দুই সপ্তাহের মধ্যে দেশটি এক ভয়াবহ পরিস্থিতির সম্মুখীন হয়েছে। পরিস্থিতি নিয়ন্ত্রণে আনতে প্রধানমন্ত্রী জুসেপে কন্টি সারা দেশে কঠোর বিধিনিষেধ জারি করেছেন, যা অমান্য করলে জেল-জরিমানার বিধান রাখা হয়েছে। দ্বিতীয় বিশ্বযুদ্ধের পর এমন ব্যাপক ব্যাঘাত ইতালির দৈনন্দিন জীবনে আর দেখা যায়নি, এবং সরকার এই সংকটকে ""অন্ধকারতম সময়"" হিসেবে আখ্যায়িত করেছে।",2.27,0.0,2.27
news-50038358,১১ই অক্টোবর 'ব্যক্তিগত বাংলা লাইব্রেরি বিক্রি হবে' শিরোনামে একটি বিজ্ঞাপন প্রকাশিত হয় একটি দৈনিক পত্রিকায়। এক ব্যক্তি প্রায় ৫০ বছর ধরে গড়ে তোলা ব্যক্তিগত লাইব্রেরির বই এবং পত্রিকার সংগ্রহ বিক্রি করার ঘোষণা দেন সেখানে।,"অবসরপ্রাপ্ত স্কুল শিক্ষক গোকুল চন্দ্র দাস ১৯৭০ সাল থেকে বাংলা বই সংগ্রহ করে একটি বিশাল ব্যক্তিগত লাইব্রেরি গড়ে তুলেছেন। ২০১৪ সালে অবসরের পর লাইব্রেরি রক্ষণাবেক্ষণে সমস্যা হওয়ায় তিনি তার সারাজীবনের এই সংগ্রহ বিক্রি করে দিতে চাইছেন। ১৫ লাখ টাকায় বই এবং ১০ লাখ টাকায় পত্রিকার বিশেষ সংখ্যা বিক্রির প্রস্তাব দিয়েছেন তিনি, যেখানে কবিতা, আত্মজীবনী, গবেষণাধর্মী বই এবং দেড় শতাধিক অভিধানসহ বিভিন্ন ধরনের বই ও পত্রিকার বিশেষ সংখ্যা রয়েছে।",19.61,4.0,11.76
news-45889940,ভারতের পররাষ্ট্র দফতরের জুনিয়র মন্ত্রী এম জে আকবর তার বিরুদ্ধে বেশ কিছু যৌন হয়রানির অভিযোগের মুখে পদত্যাগ করেছেন।,"ভারতে 'মি-টু' আন্দোলনের জেরে যৌন হয়রানির অভিযোগের মুখে পদত্যাগ করেছেন এক সময়ের নামকরা সংবাদপত্র সম্পাদক ও কেন্দ্রীয় মন্ত্রী এম জে আকবর। বেশ কয়েকজন নারী সাংবাদিক তার বিরুদ্ধে আগ্রাসী আচরণ ও যৌন হামলার অভিযোগ আনেন, যদিও তিনি তা অস্বীকার করে মানহানির মামলাও করেছিলেন। শাসক দলের চাপ এবং ব্যক্তিগতভাবে অভিযোগ মোকাবিলা করার কারণ দেখিয়ে তিনি পদত্যাগ করেন, যা ভারতে 'মি-টু' আন্দোলনের প্রথম বড় সাফল্য হিসেবে দেখা হচ্ছে।",30.59,21.69,18.82
news-54784098,"বাংলাদেশে একাধিক মন্ত্রী বলেছেন, ধর্ম অবমাননার গুজব ছড়িয়ে কোন কোন গোষ্ঠী পর পর কয়েকটি সহিংস ঘটনা ঘটিয়ে অস্থিরতা সৃষ্টির চেষ্টা করেছে বলে সরকার মনে করছে।","ধর্ম অবমাননার গুজব ছড়িয়ে লালমনিরহাটে এক ব্যক্তিকে পিটিয়ে ও পুড়িয়ে হত্যার পর কুমিল্লায় হিন্দুদের বাড়িতে অগ্নিসংযোগের ঘটনা ঘটেছে। সরকার এসব ঘটনার বিরুদ্ধে কঠোর ব্যবস্থা নেওয়ার কথা বললেও, মানবাধিকার কর্মীরা পূর্ববর্তী সহিংসতার বিচার না হওয়ায় সরকারের কার্যকারিতা নিয়ে সন্দেহ প্রকাশ করেছেন। পুলিশ ধারণা করছে, এসব ঘটনার পেছনে সংঘবদ্ধ গোষ্ঠী জড়িত এবং তারা গুজব ছড়িয়ে সহিংসতা উসকে দিচ্ছে।",19.75,5.06,17.28
news-41745155,"মঙ্গলবার নেপিডোতে মিয়ানমারের স্বরাষ্ট্রমন্ত্রী লে. কর্নেল চ সুয়ি এবং পুলিশ প্রধানের সাথে বৈঠকের পর আসাদুজ্জামান খান টেলিফোনে বিবিসি বাংলাকে জানিয়েছেন, রোহিঙ্গা প্রত্যাবসনের লক্ষ্যে দুই দেশের সমান সংখ্যক প্রতিনিধি নিয়ে খুব শীঘ্রই একটি যৌথ ওয়ার্কিং কমিটি গঠন করা হবে।","মিয়ানমার থেকে রোহিঙ্গাদের ফিরিয়ে নেওয়ার বিষয়ে একটি যৌথ কমিটি গঠনের প্রস্তাব এলেও এর কার্যকারিতা নিয়ে সংশয় প্রকাশ করেছেন বিশেষজ্ঞরা। তাদের মতে, মিয়ানমারের অতীত আচরণ এবং কমিটির গঠন প্রক্রিয়া নিয়ে প্রশ্ন থাকায় এই উদ্যোগ কতটা ফলপ্রসূ হবে তা নিয়ে যথেষ্ট সন্দেহ রয়েছে। মিয়ানমারের নমনীয় সুরকে অনেকে সাজানো নাটক হিসেবেও দেখছেন, কারণ রাখাইনে এখনও রোহিঙ্গাদের বাড়িঘর পোড়ানো হচ্ছে।",17.02,2.17,10.64
news-55291601,"বাংলাপিডিয়ার হিসাব বলছে, মুক্তিযুদ্ধের সময় ১ হাজার ১১১ জন বুদ্ধিজীবীকে হত্যা করেছিল পাকিস্তানি বাহিনী। যার মধ্যে সবচেয়ে বেশি ছিল ঢাকায়। ১৪৯ জন।","১৯৭১ সালের মুক্তিযুদ্ধে নিহত বুদ্ধিজীবীদের স্মরণ মূলত ঢাকা-কেন্দ্রিক, কিন্তু ইতিহাসবিদ ও গবেষকরা বলছেন যে ঢাকার বাইরেও অনেক জেলায় বিপুল সংখ্যক বুদ্ধিজীবী নিহত হয়েছিলেন, যাদেরকে সেভাবে স্মরণ করা হয় না। বাংলাপিডিয়া অনুসারে, কুমিল্লা, যশোর, রংপুরসহ বিভিন্ন জেলায় মোট ১,১১১ জন বুদ্ধিজীবী শহীদ হয়েছিলেন, যা ঢাকা-কেন্দ্রিক স্মরণের বাইরেও তাদের অবদানকে তুলে ধরে। গবেষক আফসান চৌধুরী মনে করেন, মুক্তিযুদ্ধে সবার অবদানকে স্মরণ করা উচিত, কারণ বৈষম্যমূলক স্মরণ সমাজে বিভেদ তৈরি করে এবং প্রকৃত ইতিহাসকে অসম্পূর্ণ রাখে।",6.12,2.08,6.12
news-53121882,"ব্রিটেনে চালানো এক জরিপে দেখা গেছে যে, করোনাভাইরাস আক্রান্ত হলে দক্ষিণ এশীয় বংশোদ্ভূতদেরই মারা যাবার সম্ভাবনা সবচেয়ে বেশি, এবং তার একটি কারণ ডায়াবেটিস।","কোভিড-১৯ নিয়ে পরিচালিত বিশ্বের বৃহত্তম এক জরিপে দেখা গেছে, শ্বেতাঙ্গদের তুলনায় দক্ষিণ এশীয়দের করোনাভাইরাসে আক্রান্ত হয়ে মারা যাওয়ার সম্ভাবনা ২০ শতাংশ বেশি। এর প্রধান কারণ হিসেবে ডায়াবেটিসকে চিহ্নিত করা হয়েছে, যা দক্ষিণ এশীয় রোগীদের মধ্যে তুলনামূলকভাবে বেশি দেখা যায়। যদিও দক্ষিণ এশীয় রোগীদের গড় বয়স কম এবং তাদের মধ্যে ডেমেনশিয়া, স্থূলতা বা ফুসফুসের রোগের প্রবণতা কম, তবুও ডায়াবেটিসের উচ্চ হার তাদের মৃত্যুর ঝুঁকি বাড়িয়ে দিচ্ছে।",26.97,9.2,20.22
news-53324713,লাদাখের গালওয়ান উপত্যকা ও সংলগ্ন এলাকায় চীনা বাহিনী 'ডিসএনগেজমেন্ট' বা সৈন্য প্রত্যাহারের প্রক্রিয়া শুরু করলেও ভারত এখনও তাতে পুরোপুরি আশ্বস্ত হতে পারছে না এবং পরিস্থিতির ওপর সতর্ক নজর রাখছে।,"১৯৬২ সালের গালওয়ান উপত্যকার অভিজ্ঞতা ভারতকে চীনের প্রতি সতর্ক করে তুলেছে, যখন চীন প্রথমে সেনা প্রত্যাহার করে পরে পূর্ণাঙ্গ যুদ্ধ শুরু করেছিল। সেবারের মতো এবারও গালওয়ান থেকে চীনের সেনা প্রত্যাহার হলেও, ভারত নিশ্চিন্ত হতে পারছে না কারণ চীন বারবার সমঝোতা ভঙ্গ করে সামরিক স্থাপনা তৈরি করছে এবং সেনা মোতায়েন করছে। ভারতের সাবেক সেনা কর্মকর্তারাও চীনের বিশ্বাসযোগ্যতা নিয়ে প্রশ্ন তুলেছেন, যা বর্তমান পরিস্থিতিতে ভারতের জন্য একটি সতর্কবার্তা।",16.84,4.3,14.74
news-50794469,"বাংলাদেশের পুলিশ বলছে, জামায়াতে ইসলামীর মুখপত্র দৈনিক সংগ্রামের সম্পাদক আবুল আসাদকে রাষ্ট্রদ্রোহ ও ডিজিটাল নিরাপত্তা আইনে দায়ের করা মামলায় গ্রেপ্তার করা হয়েছে।","দৈনিক সংগ্রাম পত্রিকা যুদ্ধাপরাধী কাদের মোল্লাকে 'শহীদ' উল্লেখ করে সংবাদ প্রকাশ করায় মুক্তিযুদ্ধ মঞ্চের কর্মীরা পত্রিকাটির কার্যালয়ে হামলা চালায়। তারা আসবাবপত্র ও যন্ত্রপাতি ভাঙচুর করে এবং সম্পাদক আবুল আসাদকে টেনেহিঁচড়ে বাইরে এনে শারীরিক হেনস্তা করে পুলিশের হাতে তুলে দেয়। এসময় তাকে দিয়ে জোর করে ক্ষমা চাওয়ানোর একটি ভিডিও সামাজিক যোগাযোগ মাধ্যমে ছড়িয়ে পড়ে, যা নিয়ে ব্যাপক আলোচনা চলছে।",12.5,5.13,10.0
news-37771601,বাংলাদেশে সম্প্রতি র‍্যাবের অভিযানে নিহত সারোয়ার জাহানকে কথিত জঙ্গি সংগঠন 'নব্য জেএমবি'র প্রধান বলে পুলিশের এই বিশেষ বাহিনী দাবি করলেও আজ তা নাকচ করে দিয়েছে ঢাকা মহানগর পুলিশের কাউন্টার টেরোরিজম ইউনিট।,"পুলিশের কাউন্টার টেররিজম ইউনিটের প্রধান মনিরুল ইসলাম র‍্যাবের দাবি নাকচ করে বলেছেন যে নিহত সারোয়ার জাহান 'নব্য জেএমবি'র তৃতীয় সারির নেতা ছিলেন, প্রধান নন। র‍্যাব সারোয়ার জাহানকে 'নব্য জেএমবি'র প্রধান এবং ইতালীয় নাগরিক চেজারে তাবেলা হত্যাকাণ্ডের মূল পরিকল্পনাকারী হিসেবে দাবি করেছিল। মনিরুল ইসলাম র‍্যাবের মহাপরিচালকের তাবেলা হত্যাকাণ্ড নিয়ে দেওয়া বক্তব্য সম্পর্কে বলেছেন যে তিনি এমন মন্তব্য করেননি এবং বিচারাধীন বিষয়ে কোনো দায়িত্বশীল কর্মকর্তা এমন কথা বলতে পারেন না।",26.42,15.38,18.87
news-51262179,মু্স্তাফিজুর রহমান শেষ পাঁচটি টি টোয়েন্টি ম্যাচে উইকেট নিয়েছেন মাত্র একটি।,"মুস্তাফিজুর রহমান সাম্প্রতিক সময়ে তার সেরা ফর্মে নেই, বিশেষ করে শেষ পাঁচ ম্যাচে তিনি মাত্র একটি উইকেট পেয়েছেন এবং তার ইকোনমি রেটও বেড়েছে। ২০১৬ সালে ইনজুরি ও সার্জারির পর তার কাটার আগের মতো ধারালো নেই, যা তার পারফরম্যান্সে বড় প্রভাব ফেলেছে। সাবেক ফাস্ট বোলার তালহা জুবায়েরের মতে, মুস্তাফিজের একটি নির্দিষ্ট দক্ষতার উপর নির্ভরতা এবং উইকেট থেকে সাহায্য না পেলে তার বোলিংয়ে সমস্যা হয়।",16.22,2.78,13.51
news-46941357,বিশ্বের বহু দেশের মানুষজন আজ আকাশে 'সুপার ব্লাড উল্ফ মুন' দেখার অপেক্ষায় রয়েছেন।,"আজ বছরের প্রথম পূর্ণিমা ও চন্দ্রগ্রহণ, যা উত্তর ও দক্ষিণ আমেরিকা, পশ্চিম ইউরোপ ও উত্তর আফ্রিকার দেশগুলোতে ""সুপার ব্লাড উল্ফ মুন"" নামে পরিচিত। এই চন্দ্রগ্রহণে চাঁদ পৃথিবীর ছায়ায় পুরোপুরি চলে যাওয়ায় এবং পৃথিবীর বায়ুমণ্ডলের সাথে সূর্যের আলোর ধাক্কায় এটি গাঢ় লাল দেখাবে। এটি সাধারণ চাঁদের চেয়ে ৭% বড় ও ১৫% উজ্জ্বল হবে এবং ২০২৯ সাল পর্যন্ত আর দেখা যাবে না।",13.7,8.45,13.7
news-52402983,"এমন একটি দেশের কথা ভাবুন, যার জনসংখ্যা সাড়ে নয় কোটির বেশি এবং চীনের সঙ্গে রয়েছে দীর্ঘ স্থল সীমান্ত। দুই দেশের মধ্যে রয়েছে বিরাট ব্যবসা-বাণিজ্য, অনেক ধরণের যোগাযোগ।","করোনাভাইরাস মহামারীর সময়ে ভিয়েতনাম প্রতিবেশী দেশ চীন থেকে উদ্ভূত এই ভাইরাসের বিরুদ্ধে অসাধারণ সাফল্য দেখিয়েছে, যেখানে ২৩শে এপ্রিল পর্যন্ত কোনো মৃত্যুর ঘটনা ঘটেনি এবং আক্রান্তের সংখ্যা মাত্র ২৬৮ জন। লন্ডনের কিংস কলেজের রবিন ক্লিংগার-ভিড্রা এবং ইউনিভার্সিটি অব বাথের বা-লিন ট্রান তাদের গবেষণায় এই সাফল্যের কারণ হিসেবে সরকারের দ্রুত সতর্কতা, কঠোর স্ক্রিনিং ব্যবস্থা এবং ডিজাইনার মাস্কের ব্যবহারকে চিহ্নিত করেছেন। ভিয়েতনাম শুরু থেকেই বিমানবন্দরগুলোতে যাত্রীদের কঠোর স্বাস্থ্য পরীক্ষা এবং তথ্য সংগ্রহের মাধ্যমে সংক্রমণ প্রতিরোধে কার্যকর পদক্ষেপ গ্রহণ করেছে।",1.89,0.0,1.89
news-47415351,রোহিঙ্গা প্রত্যাবাসন নিয়ে বাংলাদেশ তাদের ক্ষোভ হতাশা খোলাখুলি প্রকাশ করেছে জাতিসংঘ নিরাপত্তা পরিষদের অধিবেশনে।,"রোহিঙ্গা প্রত্যাবাসন নিয়ে মিয়ানমারের 'ফাঁকা প্রতিশ্রুতি' এবং 'নানা বাধা' সৃষ্টির কারণে বাংলাদেশ নিরাপত্তা পরিষদে ক্ষোভ প্রকাশ করেছে। পররাষ্ট্র সচিব শহিদুল হক জানিয়েছেন, উপযুক্ত পরিবেশের অভাবে একজন রোহিঙ্গাও স্বেচ্ছায় ফিরতে চায়নি এবং বাংলাদেশ আর কোনো শরণার্থী নিতে রাজি নয়। পররাষ্ট্র প্রতিমন্ত্রী শাহরিয়ার আলম মিয়ানমারের ভূমিকায় হতাশা প্রকাশ করে বলেছেন, রোহিঙ্গা প্রত্যাবাসন নিশ্চিত করতে নিরাপত্তা পরিষদের পক্ষ থেকে মিয়ানমারের ওপর চাপ সৃষ্টি করা জরুরি, কারণ দ্বিপাক্ষিক প্রচেষ্টা ফলপ্রসূ হচ্ছে না।",24.39,10.0,21.95
news-44276395,শিশুর ন্যাপি পরিবর্তন করা নিয়ে নেই কোনো বিতর্ক। হতে পারে এটি শিশুর বাবা-মা'এর জন্যে একটি ঝুঁকিপূর্ণ কাজ ।,"একজন যৌন বিষয়ক প্রশিক্ষক শিশুদের ন্যাপি পরিবর্তনের আগে তাদের অনুমতি নেওয়ার কথা বলেছেন, যা সাধারণত বাবা-মায়েরা আলোচনা ছাড়াই করে থাকেন। তিনি বাবা-মায়েদের শেখাচ্ছেন যে নবজাতকদেরও ""আমি এখন তোমার ন্যাপি পরিবর্তন করব, ঠিক আছে?"" বলে জিজ্ঞাসা করা উচিত। এই মন্তব্যের পর সামাজিক যোগাযোগ মাধ্যমে মিশ্র প্রতিক্রিয়া দেখা গেছে, যেখানে কেউ কেউ শিশুদের চেহারা চিনতে না পারা বা তাদের শারীরিক ভাষা বোঝার ক্ষমতা নিয়ে প্রশ্ন তুলেছেন।",9.41,2.41,7.06
news-50204325,২০১৬ সালে ঢাকার গুলশানে হোলি আর্টিজান রেস্তোরাঁয় জঙ্গি হামলায় ২২জন নিহত হয়েছিলেন এবং এ ঘটনার পর জঙ্গিরাই নিজেদের ইসলামিক স্টেট বা আইএস পরিচয় বিশ্বজুড়ে ছড়িয়ে দিয়েছিলো।,"২০১৬ সালের হোলি আর্টিজান বেকারীতে হামলার দায় স্বীকার করেছিল আইএস, যা বাংলাদেশ কর্তৃপক্ষ বরাবরই অস্বীকার করে আসছে। যদিও বিভিন্ন সময়ে আইএস বাংলাদেশে হামলার দায় স্বীকার করেছে এবং আইনশৃঙ্খলা বাহিনী জঙ্গি তৎপরতার বিরুদ্ধে অভিযান চালিয়ে যাচ্ছে, সম্প্রতি সিরিয়া ফেরত আইএস সন্দেহভাজন জঙ্গিদের গ্রেপ্তারের ঘটনা ঘটেছে। হোলি আর্টিজান হামলার মূল পরিকল্পনাকারী তামিম চৌধুরীসহ ৫০ জন বাংলাদেশি বংশোদ্ভূত ব্যক্তি সিরিয়া ও ইরাকে আইএসের সঙ্গে জড়িত ছিল বলে জানা গেছে।",13.04,2.22,10.87
news-44403726,"বাংলাদেশের নতুন বাজেটে ফেসবুক, ইউটিউব ও গুগলের সেবাকে করের আওতায় আনার প্রস্তাব করা হয়েছে।","অর্থমন্ত্রী আবুল মাল আবদুল মুহিত ২০১৮-১৯ অর্থবছরের বাজেটে ভার্চুয়াল ও ডিজিটাল লেনদেনের মাধ্যমে বিদেশি প্রতিষ্ঠানগুলোর বাংলাদেশে অর্জিত আয়কে করের আওতায় আনার প্রস্তাব করেছেন। এর মধ্যে ফেসবুক, গুগল, ইউটিউব-এর মতো প্ল্যাটফর্ম এবং ইন্টারনেট-ভিত্তিক ব্যবসা প্রতিষ্ঠানগুলোর ওপর ৫% হারে মূল্য সংযোজন কর আরোপের কথা বলা হয়েছে। এছাড়া, উবার, পাঠাও-এর মতো অ্যাপ-ভিত্তিক রাইড শেয়ারিং পরিষেবার ভাড়ার ওপর ৫% ভ্যাট আরোপের প্রস্তাব করা হয়েছে, যা যাত্রীদের দিতে হবে।",24.1,12.35,19.28
news-43864215,অস্ট্রেলিয়ার এক জঙ্গলে হারিয়ে যাওয়া তিন বছর বয়সী এক মেয়ে শিশুর সাথে সারারাত ছিল ম্যাক্স নামের এক কুকুর।,"কুইন্সল্যান্ডে নিখোঁজ তিন বছর বয়সী শিশু অরোরাকে ১৬ ঘণ্টা পর তার পোষা কুকুর ম্যাক্সের সাহায্যে খুঁজে পাওয়া গেছে। ১৭ বছর বয়সী, বধির ও প্রায় অন্ধ ম্যাক্স শিশুটিকে জঙ্গল থেকে উদ্ধারকারীদের কাছে নিয়ে আসে এবং সারারাত তাকে উষ্ণতা দিয়ে আগলে রাখে। এই অসাধারণ কাজের জন্য কুইন্সল্যান্ড পুলিশ ম্যাক্সকে বিশেষ সম্মান জানিয়েছে।",17.65,6.06,11.76
news-57203955,"বাংলাদেশের পররাষ্ট্র মন্ত্রী এ কে আবদুল মোমেন বলেছেন, আমেরিকা বাংলাদেশকে অ্যাস্ট্রাজেনেকা ভ্যাকসিন দিতে সম্মত হয়েছে।","বাংলাদেশের পররাষ্ট্র মন্ত্রী এ কে আবদুল মোমেন জানিয়েছেন যে আমেরিকা বাংলাদেশকে অ্যাস্ট্রাজেনেকার টিকা দিতে রাজি হয়েছে। ভারতের সিরাম ইনস্টিটিউট থেকে চুক্তি অনুযায়ী টিকা না পাওয়ায় বাংলাদেশে প্রথম ডোজ গ্রহণকারীদের দ্বিতীয় ডোজ নিয়ে অনিশ্চয়তা দেখা দিয়েছে, যা একটি বড় সমস্যা। যদিও আমেরিকার খাদ্য ও ওষুধ প্রশাসন (FDA) অ্যাস্ট্রাজেনেকা টিকার রপ্তানি অনুমোদনে সময় নিচ্ছে, বিশ্ব স্বাস্থ্য সংস্থা এর অনুমোদন দিয়েছে।",32.88,19.72,30.14
news-47637011,বাংলাদেশের ঢাকায় পুলিশের ট্রাফিক সপ্তাহ চলার মধ্যেই বাস চাপায় সেনাবাহিনী পরিচালিত একটি বিশ্ববিদ্যালয়ের একজন শিক্ষার্থী নিহত হওয়ার পর সড়ক ব্যবস্থাপনা আবারও প্রশ্নের মুখে পড়েছে।,"সাড়ে ছয় মাস আগে বাসের চাপায় স্কুল শিক্ষার্থী নিহত হওয়ার পর নিরাপদ সড়কের দাবিতে শিক্ষার্থীরা আন্দোলন শুরু করেছিল, কিন্তু সরকারের প্রতিশ্রুতি সত্ত্বেও সড়কে বিশৃঙ্খলা ও অরাজকতা থামেনি। সম্প্রতি আবরার আহম্মেদ চৌধুরীর মৃত্যুর পর তার সহপাঠীরা আবারও বিক্ষোভ করেছেন, প্রশ্ন তুলেছেন কেন আগের আশ্বাসগুলো বাস্তবায়িত হচ্ছে না। বুয়েটের অ্যাক্সিডেন্ট রিসার্চ ইনস্টিটিউটের তথ্য অনুযায়ী, গত বছর পাঁচ হাজারেরও বেশি সড়ক দুর্ঘটনা ঘটেছে, যার বেশিরভাগই বাসের কারণে, এবং পরিবহন খাতে শৃঙ্খলা ফেরাতে কার্যকর পদক্ষেপ নেওয়া হচ্ছে না বলে অভিযোগ উঠেছে।",13.86,6.06,11.88
news-50127963,"বাংলাদেশের দক্ষিণাঞ্চলীয় ভোলার বোরহানউদ্দিন থানা পুলিশ বলছে, ইসলামের নবীকে কটাক্ষ করে দেয়া কিছু মেসেঞ্জার পোস্টকে কেন্দ্র করে রোববার এক সংঘর্ষে পুলিশের গুলিতে চার ব্যক্তি নিহত হবার ঘটনা ঘটে।","বিপ্লব চন্দ্র বৈদ্যের ফেসবুক আইডি হ্যাক করে নবী মোহাম্মদকে নিয়ে আপত্তিকর পোস্ট দেওয়ায় পুলিশ দুজনকে আটক করেছে। এই ঘটনার পর সামাজিক যোগাযোগ মাধ্যম অ্যাকাউন্ট নিরাপদ রাখার গুরুত্ব নিয়ে প্রশ্ন উঠেছে। তথ্যপ্রযুক্তি বিশেষজ্ঞরা বলছেন, ফেসবুকসহ অন্যান্য সোশ্যাল মিডিয়া অ্যাকাউন্ট হ্যাক হওয়া থেকে বাঁচতে সতর্ক থাকা এবং হ্যাক হলে দ্রুত পুলিশকে জানানো উচিত।",5.06,0.0,2.53
news-43699928,কোটা সংস্কারের দাবিতে আন্দোলনকারী ছাত্রনেতাদের সাথে সরকারের সমঝোতার পর ছাত্রদের একাংশ তা প্রত্যাখ্যান করার পটভূমিতে ঢাকা বিশ্ববিদ্যালয় এলাকায় উত্তেজনা বিরাজ করছে বলে জানা যাচ্ছে।,"কোটা সংস্কারের দাবিতে আন্দোলনরত শিক্ষার্থীদের একাংশ মন্ত্রীর সঙ্গে সমঝোতা মানতে অস্বীকৃতি জানালে তাদের মধ্যে বিভেদ দেখা দেয়। মাঝরাতে টিএসসির মোড় প্রায় ফাঁকা হয়ে যায়, তবে বিশ্ববিদ্যালয়ের বিভিন্ন এলাকায় রড-হকিস্টিক হাতে কিছু যুবককে অবস্থান নিতে দেখা যায়। এই পরিস্থিতিতে আন্দোলনকারী নেতারা শিক্ষার্থীদের নিরাপত্তার স্বার্থে বাড়ি বা হলে ফিরে যাওয়ার আহ্বান জানান।",16.0,5.48,13.33
news-50503931,যুক্তরাষ্ট্রে যেভাবে মৃত্যুদণ্ড কার্যকর করা হচ্ছে সেটি বেআইনি হতে পারে এই আশঙ্কায় কেন্দ্রীয় বা ফেডারেল সরকার এর বাস্তবায়ন স্থগিত করেছে।,"যুক্তরাষ্ট্রে মৃত্যুদণ্ড কার্যকর করার পদ্ধতি নিয়ে আইনি চ্যালেঞ্জের মুখে পড়েছে। চারজন বন্দী ইনজেকশনের মাধ্যমে মৃত্যুদণ্ড কার্যকরের পদ্ধতির বিরুদ্ধে মামলা করেছেন, এবং একজন বিচারক তাদের পক্ষে রায় দিয়েছেন, যা তাদের 'অপূরণীয় ক্ষতি' থেকে রক্ষা করবে। এর ফলে ডিসেম্বরে নির্ধারিত পাঁচটি মৃত্যুদণ্ডের মধ্যে চারটি স্থগিত হয়েছে এবং একটি ইতোমধ্যেই স্থগিত করা হয়েছে, যা দীর্ঘদিনের মুলতবি থাকা মৃত্যুদণ্ড কার্যকরের প্রক্রিয়াকে আবারও অনিশ্চয়তার মুখে ফেলেছে।",14.81,2.53,12.35
news-41070666,রাখাইন প্রদেশে নতুন করে সেনা অভিযান শুরুর পর মিয়ানমারের গণমাধ্যমে রোহিঙ্গাদের 'বাঙালি সন্ত্রাসী' হিসেবে চিহ্নিত করে বিভিন্ন নিবন্ধ প্রকাশিত হচ্ছে।,"মিয়ানমার সরকার রাখাইন রাজ্যে হামলার ঘটনায় মংদু থেকে পালিয়ে আসা রোহিঙ্গাদের একাংশকে 'বাঙালি সন্ত্রাসী' আখ্যা দিয়ে মিয়ানমারের জনগণ ও বিদেশিদের সতর্ক করেছে। একইসাথে, আরাকান রোহিঙ্গা স্যালভেশন আর্মি (আরসা) এবং তাদের বিদেশী সমর্থকদের বিরুদ্ধে ইন্টারপোলের সাহায্য চেয়েছে সরকার। সর্বশেষ সহিংসতার পর হাজার হাজার রোহিঙ্গা বাংলাদেশে প্রবেশের চেষ্টা করছে এবং মিয়ানমারের রাষ্ট্রীয় গণমাধ্যম আন্তর্জাতিক সংস্থাগুলোর কর্মীদের আরসাকে সহায়তার অভিযোগ এনেছে।",15.38,2.63,10.26
news-46418362,বাংলাদেশে আসন্ন সংসদ নির্বাচনে বিএনপির কারাভোগরত চেয়ারপারসন খালেদা জিয়ার পক্ষ থেকে দেয়া তিনটি মনোনয়নপত্রই বাতিল হয়ে গেছে।,"খালেদা জিয়া দুর্নীতির মামলায় সাজাপ্রাপ্ত হওয়ায় তার তিনটি আসনের মনোনয়নপত্র বাতিল হয়েছে, যা সর্বোচ্চ আদালতের রায়ের ভিত্তিতেই নিশ্চিত ছিল। এই পরিস্থিতিতে বিএনপির স্থানীয় নেতা-কর্মীরা হতাশ হলেও, তারা নির্বাচনকে একটি আন্দোলন হিসেবে দেখছেন এবং খালেদা জিয়ার অনুপস্থিতিকে ইতিবাচকভাবে কাজে লাগিয়ে ভোটের মাঠে থাকতে চাইছেন। তারা মনে করছেন, কারাবন্দী খালেদা জিয়া বাইরের খালেদা জিয়ার চেয়েও বেশি শক্তিশালী এবং তার মুক্তির বিষয়টিই তাদের প্রধান নির্বাচনী এজেন্ডা।",12.35,2.53,7.41
news-41064935,"গত ১৩বছরের মধ্যে সবচেয়ে বড় ঘূর্ণিঝড় ক্যাটেগরি ফোর হারিকেন 'হার্ভে' যতটা না ক্ষতি করেছে, তারচেয়ে বড় হয়ে দেখা দিয়েছে এখন হঠাৎ বন্যার ভয়।","ঘূর্ণিঝড় 'হার্ভে' টেক্সাসে মৌসুমি ঝড়ে পরিণত হলেও এর প্রভাবে প্রবল বৃষ্টিপাত ভয়াবহ বন্যা পরিস্থিতি সৃষ্টি করেছে, যেখানে হুস্টন ও কর্পাস ক্রিস্টিতে ৫০ সেন্টিমিটারের বেশি বৃষ্টিপাত হয়েছে। গভর্নর গ্রেগ অ্যাবট বন্যার আশঙ্কাকে প্রধান উদ্বেগ হিসেবে উল্লেখ করেছেন এবং রকপট শহরে একজন নিহত হওয়ার খবর পাওয়া গেছে। ঝড়ে ঘরবাড়ি, যোগাযোগ ব্যবস্থা এবং বিদ্যুৎ সরবরাহ ব্যাপকভাবে ক্ষতিগ্রস্ত হয়েছে, ফলে প্রায় তিন লাখ মানুষ বিদ্যুৎ বিচ্ছিন্ন এবং উদ্ধারকাজ ব্যাহত হচ্ছে।",8.99,0.0,8.99
news-51494022,উহান- চীনের এই শহরটিই করোনাভাইরাসের প্রাণকেন্দ্র।,"উহান শহরে লকডাউনের কারণে জনজীবন অচল হয়ে পড়লে, স্বেচ্ছাসেবীরা স্বাস্থ্যকর্মী ও আক্রান্তদের সাহায্য করার জন্য এগিয়ে আসেন। জো নামের একজন স্বেচ্ছাসেবক বিবিসিকে জানান, কীভাবে তাঁরা উইচ্যাটের মাধ্যমে একটি নেটওয়ার্ক তৈরি করে স্বাস্থ্যকর্মীদের যাতায়াত এবং হাসপাতালে চিকিৎসা সামগ্রী ও খাবার পৌঁছে দেওয়ার কাজ করেন। এই কঠিন পরিস্থিতিতে, স্বেচ্ছাসেবীরা নিজেদের জীবনের ঝুঁকি নিয়ে মানুষের পাশে দাঁড়িয়েছেন।",6.67,0.0,6.67
news-46358471,লন্ডনে রাজনৈতিক আশ্রয়ে থাকা বিএনপির ভারপ্রাপ্ত চেয়ারপার্সন তারেক রহমান ভোটের দিন জনগণের ইচ্ছার বিরুদ্ধে না দাঁড়ানোর জন্যে বাংলাদেশের সরকারি কর্মকর্তা ও কর্মচারীদের প্রতি আহবান জানিয়েছেন।,"তারেক রহমান ফেসবুক ভিডিও বার্তায় জনগণকে গণতন্ত্র ও প্রজাতন্ত্রের আইন মেনে চলার আহ্বান জানিয়েছেন এবং সরকারি কর্মকর্তাদের আশ্বস্ত করেছেন যে তার দল ক্ষমতায় এলে রাজনৈতিক কারণে কারো চাকরি যাবে না। বাংলাদেশের সংবাদ মাধ্যমে তার বক্তব্য প্রচারের ওপর নিষেধাজ্ঞা থাকায় বিএনপি প্রায়শই সামাজিক যোগাযোগ মাধ্যমে তার বার্তা প্রকাশ করে থাকে। আওয়ামী লীগ তারেক রহমানের পলাতক আসামী হিসেবে মনোনয়নপ্রত্যাশীদের সাক্ষাৎকার নেওয়ার বিষয়ে আপত্তি জানালেও নির্বাচন কমিশন জানিয়েছে, এ বিষয়ে আইনে কিছু উল্লেখ না থাকায় তাদের করণীয় নেই।",16.0,2.04,8.0
news-50804643,"যুক্তরাজ্যের প্রতিটি নির্বাচনী এলাকার প্রকাশিত ফলের উপর ভিত্তি করে, প্রথমবারের মত বিবিসি নিউজ এমন একটি প্রতিবেদন প্রকাশ করেছে যেটি পুরোটাই লিখেছে কম্পিউটার।","বিবিসি টেলিভিশন নির্বাচনে ফলাফল বিশ্লেষণে মেশিন-জেনারেটেড জার্নালিজম ব্যবহার করে প্রায় ৭০০ প্রতিবেদন প্রকাশ করেছে, যার মধ্যে বেশিরভাগই ইংরেজিতে এবং ৪০টি ওয়েলসের ভাষায় লেখা হয়েছে। এই প্রযুক্তির মূল উদ্দেশ্য মানুষকে প্রতিস্থাপন করা নয়, বরং কাজের পরিধি বাড়ানো এবং মানুষের পক্ষে সম্ভব নয় এমন তথ্য-উপাত্ত নির্ভর প্রতিবেদন দ্রুত তৈরি করা। বিবিসি নিউজ ল্যাবের সম্পাদক রবার্ট ম্যাকেঞ্জি বলেছেন, এটি সাংবাদিকতার এমন একটি দিক যা মানুষের দ্বারা সম্ভব নয়, এবং এর মাধ্যমে প্রতিটি নির্বাচনী এলাকার ফল নিয়ে প্রতিবেদন প্রকাশ করা সম্ভব হয়েছে।",21.57,12.0,13.73
news-47116189,বিশ্বকাপের আগে নিউজিল্যান্ড সফরই শেষ প্রস্তুতি। বিশ্বকাপের চিন্তা বাদ দিয়েও কেবল নিউজিল্যান্ড সফরে ভালো করার জায়গা আছে বলে মনে করেন বাংলাদেশের একজন ক্রিকেট বিশ্লেষক ও ক্রিকেট মেন্টর নাজমুল আবেদীন ফাহিম।,"২০১৯ সালের শুরুতে বাংলাদেশ ক্রিকেট দল নিউজিল্যান্ড সফরে যাচ্ছে, যেখানে তারা তিনটি ওয়ানডে ও তিনটি টেস্ট ম্যাচ খেলবে। প্রায় সাড়ে ১১ বছর পর বিদেশের মাটিতে তিন ম্যাচের টেস্ট সিরিজ খেলবে বাংলাদেশ, যা তাদের জন্য একটি বড় চ্যালেঞ্জ। বিপিএল খেলার পর ক্রিকেটারদের শারীরিক ধকল থাকলেও, নাজমুল আবেদীন ফাহিম মনে করেন এই সিরিজটি কন্ডিশন ও উইকেট বুঝে নিয়ে নিজেদের ব্যাটিং-বোলিং দক্ষতা বাড়ানোর সুযোগ দেবে।",19.35,8.79,12.9
news-48989199,কুমিল্লায় আদালত কক্ষের মধ্যে বিচারকের উপস্থিতিতে শুনানি চলাকালে এক আসামির ছুরিকাঘাতে নিহত হয়েছেন আরেক আসামি।,কুমিল্লা আদালতে একটি হত্যা মামলার শুনানিতে হাজিরা দিতে এসে মোহাম্মদ হাসান তার ফুফাতো ভাই ও একই মামলার আসামি ফারুক হোসেনকে ছুরিকাঘাত করে হত্যা করেছে। ২০১৫ সালের হাজী আব্দুল করিম হত্যা মামলায় জামিনে থাকা এই দুই আসামির মধ্যে জমিজমা সংক্রান্ত পূর্ব বিরোধ ছিল বলে পুলিশ ধারণা করছে। বিচারকের সামনেই এই ঘটনা ঘটে এবং পুলিশ ঘাতক মোহাম্মদ হাসানকে গ্রেপ্তার করেছে।,10.96,0.0,5.48
news-52347445,"বাংলাদেশে করোনাভাইরাস সংক্রমণ বেড়ে যাবার পটভূমিতে সরকার বলছে, চিকিৎসক ও সেবাকর্মীদের সুরক্ষার জন্য গত মাস থেকে যথেষ্ট পরিমাণে পার্সোনাল প্রটেক্টিভ ইকুয়িপমেন্ট - পিপিই বা ব্যক্তিগত সুরক্ষা সরঞ্জাম দেয়া হয়েছে এবং সরকারের কাছে পর্যাপ্ত পরিমাণে পিপিই মজুদ আছে।","চিকিৎসক ও সেবাকর্মীরা পিপিই-এর অভাবের কথা জানালেও সরকার পর্যাপ্ত পিপিই সরবরাহের দাবি করছে। স্বাস্থ্য অধিদপ্তর বিশ্ব স্বাস্থ্য সংস্থার নির্দেশনা মেনে কোভিড-১৯ রোগীদের চিকিৎসায় নিযুক্ত স্বাস্থ্যকর্মীদের অগ্রাধিকার ভিত্তিতে পিপিই দিচ্ছে। তবে, সামাজিক মাধ্যমে স্বাস্থ্য কর্তৃপক্ষের সমালোচনা করায় একজন চিকিৎসককে কারণ দর্শানোর নোটিশ দেওয়ায় বিতর্কের সৃষ্টি হয়েছে।",16.87,2.47,12.05
news-40519876,যুক্তরাষ্ট্রের প্রেসিডেন্ট ডোনাল্ড ট্রাম্প পোল্যান্ডের রাজধানী ওয়ারসতে এক ভাষণ দেবার প্রস্তুতি নিচ্ছেন যেখানে তিনি পশ্চিমা সভ্যতার ভবিষ্যত নিয়ে বক্তব্য দেবেন।,মার্কিন প্রেসিডেন্ট ডোনাল্ড ট্রাম্প পোল্যান্ড সফরে গিয়ে পশ্চিমা সভ্যতার ভবিষ্যৎ ঝুঁকির মুখে বলে মন্তব্য করেছেন এবং পোল্যান্ডকে নিজ সভ্যতা ও সংস্কৃতি রক্ষায় প্রস্তুত একটি দেশ হিসেবে উল্লেখ করেছেন। তিনি ওয়ারস বিদ্রোহের স্মৃতিসৌধে বক্তব্য রাখবেন এবং ইউরোপ-আমেরিকা সম্পর্ক নিয়ে কথা বলবেন। জি-২০ সম্মেলনে যোগ দিতে জার্মানি যাওয়ার আগে ট্রাম্পের এই পোল্যান্ড সফর এবং সেখানে রুশ প্রেসিডেন্ট পুতিনের সঙ্গে তার প্রথম সাক্ষাত নিয়ে আলোচনা চলছে।,16.47,7.23,14.12
news-55673251,"আফগানিস্তানের শীর্ষ তালেবান নেতা একটা ডিক্রি জারি করে বিভিন্ন গ্রুপের নেতা এবং কমান্ডারদের বহুবিবাহ না করার জন্য আহ্বান জানিয়েছেন। তিনি বলেছেন, ""এটা করে আমাদের শত্রুদেরকে আমরাই সুযোগ করে দিচ্ছি সমালোচনা করার।"" বিবিসির সংবাদদাতা খুদাই নুর নাসার এইসব খবর দিচ্ছেন।","তালেবান নেতারা বহুবিবাহের কারণে আর্থিক সংকটে পড়ছেন এবং দুর্নীতির অভিযোগের সম্মুখীন হচ্ছেন। এই পরিস্থিতিতে, তালেবান প্রধান মোল্লা হাইবাতুল্লাহ একটি ডিক্রি জারি করেছেন যেখানে দ্বিতীয়, তৃতীয় বা চতুর্থ বিবাহ নিষিদ্ধ করা হয়নি, তবে এর খরচ কমানোর উপর জোর দেওয়া হয়েছে। এই ডিক্রি অনুযায়ী, শুধুমাত্র নির্দিষ্ট কিছু শর্ত পূরণকারী পুরুষরাই বহুবিবাহ করতে পারবেন, যেমন যাদের সন্তান নেই, বা বিধবাকে বিয়ে করছেন, অথবা যারা একাধিক স্ত্রীর ভরণপোষণ করতে সক্ষম।",9.52,1.94,7.62
news-55457331,"যুক্তরাজ্যে করোনাভাইরাসের যে নতুন ধরনটি পাওয়া গেছে, সেটি বিশ্বের আরও কয়েকটি দেশেও সনাক্ত হয়েছে। ইউরোপীয় দেশগুলোর বাইরে এই ভাইরাসটি পাওয়া গেছে কানাডা ও জাপানেও।","যুক্তরাজ্যে শনাক্ত হওয়া নতুন দ্রুত সংক্রামক করোনাভাইরাসটি স্পেন, সুইজারল্যান্ড, সুইডেন ও ফ্রান্সে ছড়িয়ে পড়েছে, তবে কানাডায় এর উৎস অজানা। এই নতুন স্ট্রেনটি বেশি সংক্রামক হলেও বিজ্ঞানীরা বলছেন এটি অধিক বিপজ্জনক নয় এবং বর্তমান টিকা এর বিরুদ্ধে কার্যকর। এদিকে, জাপান অনাবাসী নাগরিকদের প্রবেশে নিষেধাজ্ঞা জারি করেছে এবং ইউরোপের দেশগুলো ফাইজারের কোভিড-১৯ টিকা দেওয়া শুরু করেছে।",10.13,0.0,7.59
news-47271017,জামায়াতে ইসলামী বাংলাদেশের একাধিক নির্ভরযোগ্য সূত্র বিবিসিকে বলেছেন ব্যারিস্টার আব্দুর রাজ্জাকের পদত্যাগ এবং সংস্কারের পক্ষে তার খোলামেলা বিবৃতিতে দলের বিভিন্ন স্তরে বেশ নাড়া দিয়েছে ।,"জামায়াতের কেন্দ্রীয় নেতৃত্ব সংস্কারের দাবি দমন করতে চাইছে, যার ফলস্বরূপ ব্যারিস্টার রাজ্জাকের পদত্যাগের পর মজিবুর রহমান মঞ্জুকে দল থেকে বহিষ্কার করা হয়েছে। দিনাজপুর জেলার একজন জামায়াত নেতাও দলের 'স্বাধীনতা বিরোধী' ভূমিকার কারণে পদত্যাগ করেছেন। মজিবুর রহমান মঞ্জু জানিয়েছেন, দলের তরুণ প্রজন্ম ৭১-এর বিতর্কিত ভূমিকা স্বীকার করে সংস্কারের পক্ষে, এবং তিনি আশাবাদী যে দল এই দাবি অনুধাবন করবে।",17.07,2.5,12.2
news-44786426,"যুক্তরাষ্ট্র আর চীনের মধ্যে বাণিজ্য যুদ্ধ শুরু হওয়ার পর, চীন থেকে আমদানি করা শত শত বিলিয়ন ডলার পণ্যের ওপর শুল্ক বসানোর হুমকি দিয়েছেন মার্কিন প্রেসিডেন্ট ডোনাল্ড ট্রাম্প। চীনও যুক্তরাষ্ট্র থেকে আমদানি করা বেশকিছু পণ্যের ওপর পাল্টা শুল্ক বসিয়েছে।","চীন ও যুক্তরাষ্ট্রের মধ্যে বাণিজ্য যুদ্ধ শুরু হয়েছে, যেখানে যুক্তরাষ্ট্র চীনা পণ্যে শুল্ক আরোপের পর চীনও পাল্টা শুল্ক বসিয়েছে। এর ফলে চীনা কোম্পানি সিএফ মোটোর মতো রপ্তানিকারকরা ব্যাপক ক্ষতির সম্মুখীন হচ্ছেন, কারণ অতিরিক্ত শুল্ক তাদের মুনাফা কমিয়ে দিচ্ছে। ডোনাল্ড ট্রাম্পের অভিযোগ, চীন আন্তর্জাতিক নিয়ম ভঙ্গ করছে এবং 'মেড ইন চায়না ২০২৫' নীতির মাধ্যমে বিশ্ব অর্থনীতিতে আধিপত্য বিস্তারের চেষ্টা করছে, যা এই বাণিজ্য যুদ্ধের মূল কারণ।",23.3,7.92,15.53
news-50738828,গত দশ বছরে বাংলাদেশের বিরোধী দল বিএনপি'র অন্তত ৩৫ লাখ নেতাকর্মীর বিরুদ্ধে মামলা দেয়া হয়েছে এবং এই সময়ে দলটির ৩০০'র বেশি নেতাকর্মী গুম হয়েছে বলে দাবি করেছে বিএনপি।,"বিএনপি গত দশ বছরে ৩০০'র বেশি নেতাকর্মী গুম হওয়ার অভিযোগ এনেছে এবং একটি প্রতিবেদন প্রকাশ করেছে যেখানে মানবাধিকার লঙ্ঘনের চিত্র তুলে ধরা হয়েছে। দলটি অভিযোগ করেছে যে সরকার রাষ্ট্রযন্ত্র ব্যবহার করে মানবাধিকার লঙ্ঘন করছে, যা বিএনপি নেতাকর্মী, নারী, শিশু ও গণমাধ্যমের অধিকার খর্ব করেছে। এই অনুষ্ঠানে বিদেশী কূটনীতিকরাও উপস্থিত ছিলেন এবং প্রতিবেদনটি বিভিন্ন মানবাধিকার সংস্থা ও গণমাধ্যমের তথ্যের ভিত্তিতে তৈরি করা হয়েছে।",27.96,13.19,21.51
news-41920589,এক গবেষণায় দেখা যাচ্ছে ভেড়া মানুষের মত পরিচিত মুখ দেখলে তা চিনতে পারার ক্ষমতা রাখে।,"কেম্ব্রিজ বিশ্ববিদ্যালয়ের গবেষকরা প্রমাণ করেছেন যে ভেড়ারা মানুষের মুখের ছবি চিনতে পারে। প্রশিক্ষণের মাধ্যমে ভেড়াদের বারাক ওবামাসহ কিছু বিখ্যাত মানুষের মুখ চেনানো হয় এবং তারা সফলভাবে পরিচিত মুখগুলো চিহ্নিত করতে সক্ষম হয়। এই গবেষণা থেকে বিজ্ঞানীরা নিশ্চিত হয়েছেন যে ভেড়াদের মানুষের মতো মুখ চেনার ক্ষমতা রয়েছে, যা ভবিষ্যতে স্নায়ুর ক্ষয়জনিত রোগ গবেষণায় সহায়ক হতে পারে।",14.29,0.0,11.43
news-38824092,"দুই সারিতে স্কুল শিক্ষার্থীরা দাঁড়িয়ে মেলে দেয়া হাতের ওপর একজন শিক্ষার্থী শুয়ে আছে। আর তার পিঠের ওপর দিয়ে জুতো পায়ে হেটে যাচ্ছেন অনুষ্ঠানের প্রধান অতিথি। অন্যপাশে একজন শিক্ষার্থী হাত আর হাঁটুর উপর ভর দিয়ে উবু হয়ে রয়েছে, যাতে তিনি তার পিঠের ওপর পা দিয়ে নামতে পারেন।","চাঁদপুরের হাইমচর উপজেলার নীলকমল উছমানিয়া উচ্চ বিদ্যালয়ের বার্ষিক ক্রীড়া প্রতিযোগিতায় শিক্ষার্থীদের মানবদেহের ""পদ্মা সেতু"" তৈরি করে তার উপর দিয়ে উপজেলা চেয়ারম্যান নূর হোসেন পাটোয়ারীর হেঁটে যাওয়ার একটি ছবি সামাজিক যোগাযোগ মাধ্যমে সমালোচনার ঝড় তুলেছে। যদিও স্কুল কর্তৃপক্ষ এটিকে তাদের ঐতিহ্য বলে দাবি করেছে এবং অতীতেও এমন ঘটনা ঘটেছে বলে জানিয়েছে, তবে এই ঘটনায় ফেসবুকে অনেকেই ক্ষুব্ধ প্রতিক্রিয়া ব্যক্ত করেছেন। চেয়ারম্যান নিজেও প্রথমে রাজি না হলেও পরে শিক্ষার্থীদের অনুরোধে হেঁটেছেন বলে জানিয়েছেন।",6.84,0.0,5.13
news-44917493,বাংলাদেশে কক্সবাজারের মহেশখালী উপজেলার দুর্গম পাহাড়ি এলাকায় দুটি অস্ত্র তৈরির 'কারখানার' খোঁজ পেয়েছে র‌্যাব।,"র‍্যাব মহেশখালীর কালারমারছড়া ইউনিয়নে অভিযান চালিয়ে ২০টি বন্দুক, গুলি ও অস্ত্র তৈরির সরঞ্জামসহ দুইজনকে গ্রেপ্তার করেছে। এই অবৈধ কারখানায় লম্বা বন্দুক, কাটা বন্দুক এবং শুটারগান তৈরি হতো। মূলত রাজনৈতিক নেতা, জলদস্যু এবং কিছু রোহিঙ্গা এই দেশীয় অস্ত্রের ক্রেতা, এবং নির্বাচনকে সামনে রেখে তাদের চাহিদা বাড়ছে।",13.11,6.78,6.56
news-47790208,ক্লিন ক্লোদস সহ আন্তর্জাতিক কয়েকটি শ্রমিক অধিকার সংগঠনের এক গবেষণা রিপোর্টে বলা হচ্ছে বাংলাদেশের গার্মেন্ট কারখানায় নিরাপত্তা নিশ্চিত করার কাজে সেদেশের সরকার এখনো একেবারই প্রস্তুত নয়।,"পোশাক কারখানার নিরাপত্তা পরিদর্শনে সরকারের সক্ষমতা নিয়ে প্রশ্ন তুলে চারটি শ্রম অধিকার সংগঠন একটি গবেষণা প্রকাশ করেছে। তাদের মতে, অ্যাকর্ড চলে গেলে শ্রমিকদের নিরাপত্তা ঝুঁকিতে পড়বে, কারণ সরকারি পরিদর্শনে এখনো অনেক দুর্বলতা ও অস্বচ্ছতা রয়েছে। রানা প্লাজা দুর্ঘটনার পর অ্যাকর্ড ও অ্যালায়েন্সের কাজ শুরু হলেও, পোশাক মালিক ও সরকারের একাংশ মনে করে বিদেশীদের আর প্রয়োজন নেই।",9.76,0.0,9.76
news-39566688,বাংলাদেশের সর্বোচ্চ আদালত সুপ্রিম কোর্ট অঙ্গণে ন্যয়বিচারের প্রতীক গ্রিক দেবী থেমিসের আদলে গড়া একটি ভাস্কর্য সরিয়ে নিতে প্রধান বিচারপতির সাথে কথা বলবেন প্রধানমন্ত্রী শেখ হাসিনা।,"সুপ্রিম কোর্ট প্রাঙ্গণে স্থাপিত গ্রিক দেবীর ভাস্কর্য অপসারণের দাবিতে ইসলামপন্থী সংগঠনগুলো আন্দোলন করছে। প্রধানমন্ত্রী শেখ হাসিনা নিজেও এই ভাস্কর্য পছন্দ করেননি এবং এটি সরানোর জন্য প্রধান বিচারপতির সঙ্গে কথা বলবেন বলে জানিয়েছেন। তবে, চারুকলা বিশেষজ্ঞরা মনে করেন, ভাস্কর্য ও ধর্মীয় প্রতিমাকে গুলিয়ে ফেলার প্রবণতা থেকেই এই বিতর্ক তৈরি হচ্ছে।",29.73,13.89,21.62
news-47088215,সকালের নাস্তা বা ব্রেকফাস্ট নিঃসন্দেহে দিনের সবচেয়ে গুরুত্বপূর্ণ খাবার। তবে প্রাতঃরাশ করলে সেটি শরীরের ওজন কমাতে খুব সহায়ক হবে না। গবেষণায় তাই বলা হচ্ছে।,"সকালের নাস্তা আঁশ ও ক্যালসিয়ামের ভালো উৎস এবং এটি শিশুদের মনোযোগ ও একাগ্রতা বাড়াতে সাহায্য করে। যদিও আগে মনে করা হতো সকালের নাস্তা ওজন নিয়ন্ত্রণে সহায়ক, তবে নতুন অস্ট্রেলিয়ান গবেষণা বলছে এর কোনো প্রমাণ নেই। বরং, সকালে নাস্তা না করলে দৈনিক ক্যালোরি গ্রহণ কমে এবং ওজন বাড়ার সম্ভাবনাও হ্রাস পায়।",18.92,2.78,13.51
news-49431897,বাংলাদেশে হাইকোর্টের তিনজন বিচারপতির বিরুদ্ধে অসদাচরণের অভিযোগ ওঠায় তাদেরকে বিচার কার্যক্রম থেকে সাময়িকভাবে অব্যাহতি দেয়া হয়েছে।,"সুপ্রিম কোর্টের তিন বিচারপতি - কাজী রেজাউল হক, এ কে এম জহুরুল হক এবং সালমা মাসুদ চৌধুরী - এর বিরুদ্ধে অসদাচরণের অভিযোগের তদন্ত শুরু হয়েছে। এই কারণে তাদেরকে বিচার কাজ থেকে সাময়িকভাবে বিরত রাখা হয়েছে। অ্যাটর্নি জেনারেল মাহবুবে আলম এই বিষয়ে কোনো মন্তব্য করতে রাজি হননি, কারণ এটি রাষ্ট্রপতি ও প্রধান বিচারপতির এখতিয়ারভুক্ত বিষয়।",23.53,9.09,20.59
news-38663386,বাইরে দেখে আঁচ করার উপায় নেই ভেতরে ২৭১ বছরের পুরনো মসজিদ আছে। পুরনো ঢাকার আজিমপুরের নিউ পল্টন এলাকায় সরু এক রাস্তার ধারে জনবহুল এলাকায় এ মসজিদটির অবস্থান।,"আজিমপুর শাহী মসজিদ, যা ১৭৪৬ সালে নির্মিত এবং নবাব আলীবর্দি খাঁর শাসনামলের স্থাপত্যশৈলী বহন করে, নতুন ছয়তলা মসজিদ নির্মাণের জন্য ভেঙে ফেলা হচ্ছে। প্রত্নতাত্ত্বিক গুরুত্ব থাকা সত্ত্বেও, এটি প্রত্নতত্ত্ব অধিদপ্তরের তালিকাভুক্ত না হওয়ায় মসজিদ কমিটি ভাঙার সিদ্ধান্ত নিয়েছে। জনসংখ্যা বৃদ্ধির কারণে জায়গার সংকুলান না হওয়াকে ভাঙার কারণ হিসেবে উল্লেখ করা হয়েছে, যদিও এর অর্ধেক অংশ ইতিমধ্যেই ভেঙে ফেলা হয়েছে।",2.33,0.0,2.33
news-45334100,বাংলাদেশে সাম্প্রতিক সময়ে কোটা সংস্কার আন্দোলন ও নিরাপদ সড়কের দাবীতে গড়ে উঠা আন্দোলনের জের ধরে যাদের আটক করা হয়েছিলো তাদের প্রায় সবাই জামিনে মুক্তি পেয়েছেন।,"কোটা আন্দোলনের শীর্ষ নেতাদের আটকের পর আইনমন্ত্রী আনিসুল হক জানান, মানবিক কারণে আটককৃতদের জামিনের বিরোধিতা করেনি সরকার, যাতে তারা পরিবারের সাথে ঈদ করতে পারে। তিনি আরও বলেন, প্রধানমন্ত্রী এই নির্দেশনা দিয়েছিলেন এবং এটি কোনো রাজনৈতিক চাপ নয়। তবে, একজন শিক্ষার্থী মনে করেন, সরকার আন্দোলনকে রাজনৈতিক রূপ দিতে ব্যর্থ হওয়ায় জনমতের চাপে আটককৃতদের মুক্তি দিতে বাধ্য হয়েছে।",7.41,0.0,7.41
news-47926957,"বাংলাদেশে আইন মন্ত্রী আনিসুল হক বলেছেন, মাদ্রাসা ছাত্রী নুসরাত জাহানকে হত্যার বিচার দ্রুত বিচার ট্রাইব্যুনালে করার সিদ্ধান্ত সরকার নিয়েছে।",নুসরাত জাহানকে হত্যার প্রতিবাদে সোনাগাজী ও ঢাকাসহ বিভিন্ন স্থানে বিক্ষোভ অব্যাহত রয়েছে এবং তার পরিবার দ্রুত বিচার ট্রাইব্যুনালে মামলার বিচার দাবি করেছে। পুলিশ এ পর্যন্ত ১২ জন অভিযুক্তের মধ্যে আটজনকে গ্রেপ্তার করেছে এবং তাদের জিজ্ঞাসাবাদে গুরুত্বপূর্ণ তথ্য পেয়েছে। আইনমন্ত্রী আনিসুল হক দ্রুত অভিযোগপত্র দাখিল করে দ্রুত বিচার নিশ্চিত করার আশ্বাস দিয়েছেন।,28.57,14.71,20.0
news-45239309,পাকিস্তানের নতুন প্রধানমন্ত্রী ইমরান খানের শপথ গ্রহণ অনুষ্ঠানে গিয়ে সে দেশের সেনাপ্রধানের সঙ্গে সহাস্য কোলাকুলি করে বিতর্কে জড়িয়েছেন ভারতের সাবেক ক্রিকেটার ও অধুনা রাজনীতিবিদ নভজোত সিং সিধু।,"ইমরান খানের শপথ গ্রহণ অনুষ্ঠানে নভজোত সিধু ও পাকিস্তানি সেনাপ্রধান জেনারেল বাজওয়ার গলাগলিকে কেন্দ্র করে ভারতে তীব্র বিতর্ক সৃষ্টি হয়েছে। বিজেপি নেতা অনিল ভিজ সিধুর বিরুদ্ধে ""দেশের সঙ্গে বেইমানি"" করার অভিযোগ এনেছেন এবং অনেকেই তার পাকিস্তান সফর নিয়ে প্রশ্ন তুলেছেন। তবে সিধু দাবি করেছেন যে বাজওয়ার সাথে তার কেবল শান্তি নিয়েই কথা হয়েছে এবং বাজওয়া নিজেই তাকে জড়িয়ে ধরেছিলেন।",25.58,9.52,18.6
news-48853751,"যুক্তরাষ্ট্রের এক সরকারি তদন্তের রিপোর্ট বলছে, সে দেশের দক্ষিণাঞ্চলের অঙ্গরাজ্যগুলির অভিবাসী বন্দিশালাগুলো বিপদজনকভাবে ভরপুর।","টেক্সাসের রিও গ্রান্ডে এলাকার অভিবাসী বন্দিশালাগুলোতে ধারণক্ষমতার অতিরিক্ত বন্দি রাখা হয়েছে, যেখানে পুরুষ ও নারী উভয়ের ক্ষেত্রেই অতিরিক্ত ভিড় দেখা গেছে। বন্দিদের অস্বাস্থ্যকর পরিবেশে রাখা হচ্ছে, শিশুদের দীর্ঘক্ষণ আটকে রাখা হচ্ছে এবং তাদের মৌলিক চাহিদা যেমন গরম খাবার, গোসল ও পরিষ্কার পোশাকের ব্যবস্থা নেই। এই পরিস্থিতিকে একজন ম্যানেজার 'টাইম বোমা'র সাথে তুলনা করেছেন, যা সরকারি কর্মকর্তা ও বন্দি উভয়ের স্বাস্থ্য ও নিরাপত্তার জন্য উদ্বেগজনক।",5.06,0.0,2.53
news-46494391,সামাজিক মাধ্যমে ভাইরাল ছবি। এক হ্রদে এক জোড়া জাগুয়ারের সঙ্গে ১২ বছরের ব্রাজিলীয় কিশোর টিয়াগো। এদের একজন রীতিমত টিয়াগোর গলা জড়িয়ে ধরে আছে।,"টিয়াগো সিলভিয়েরা নামের এক ব্রাজিলিয়ান কিশোরের জাগুয়ারের সাথে তোলা ছবি সামাজিক মাধ্যমে ভাইরাল হয়েছে, যা অনেকেই ভুয়া বলে সন্দেহ করলেও পরে প্রমাণিত হয়েছে যে ছবিটি আসল। টিয়াগো ছোটবেলা থেকেই জাগুয়ারদের সাথে বড় হয়েছে, কারণ তার বাবা-মা ব্রাজিলের জাগুয়ার ইনস্টিটিউটে কাজ করেন এবং জাগুয়ার সংরক্ষণ নিয়ে গবেষণা করেন। টিয়াগোর বাবা-মা জানান, জাগুয়ারদের সাথে বেড়ে ওঠা তার দৈনন্দিন জীবনের অংশ এবং সে জানে কীভাবে তাদের সাথে মানিয়ে চলতে হয়।",17.39,4.44,10.87
news-56469235,বাংলাদেশের সুনামগঞ্জ জেলার শাল্লা উপজেলায় হিন্দু বাড়িঘরে হামলার জের ধরে উত্তেজনার মধ্যেই জেলার জামালগঞ্জ উপজেলায় হেফাজত নেতা মামুনুল হকের একটি ওয়াজ মাহফিল আটকে দিয়েছে প্রশাসন।,"জামালগঞ্জ উপজেলায় মামুনুল হককে অতিথি করে আয়োজিত একটি ওয়াজ মাহফিল স্থানীয় প্রশাসনের হস্তক্ষেপে স্থগিত করা হয়েছে। শাল্লা উপজেলায় হিন্দু বাড়িতে হামলার জেরে সৃষ্ট উত্তেজনাকর পরিস্থিতিতে আওয়ামী লীগ ও সমমনা সংগঠনের প্রতিবাদের মুখে প্রশাসন এই সিদ্ধান্ত নেয়। যদিও আয়োজকরা ২৬শে মার্চের পর মামুনুল হককে নিয়ে পুনরায় মাহফিল আয়োজনের কথা জানিয়েছেন, ওয়াজ মাহফিলে রাজনৈতিক ও বিতর্কিত বক্তব্য নিয়ে বাংলাদেশে চলমান বিতর্কের মধ্যেই এই ঘটনা ঘটলো।",27.27,11.63,15.91
news-45502414,"যদি আমিও কবি নবারুণ ভট্টাচার্য 'র মতো বলতে পারতাম যে, 'এই মৃত্যু উপত্যকা আমার দেশ না'। কিন্তু পারছি কই?","ভারতবর্ষে হত্যা, বিশেষত গণপিটুনি, সাম্প্রদায়িক দাঙ্গা, জাতিগত নির্মূলকরণ, রাজনৈতিক সহিংসতা এবং ভুয়া সংঘর্ষের মাধ্যমে ক্রমাগত বৃদ্ধি পাচ্ছে, যা দেশের ব্যক্তি, সমাজ ও রাষ্ট্রীয় জীবনকে প্রভাবিত করছে। কাশ্মীর থেকে কন্যাকুমারী পর্যন্ত এই হত্যার মিছিল চলছে, যেখানে হিন্দু, মুসলিম, শিখ, দলিত এবং বিভিন্ন জনজাতি যেমন ক্ষতিগ্রস্ত হচ্ছে, তেমনি রাষ্ট্রযন্ত্র ""জঙ্গি"", ""বিচ্ছিন্নতাবাদী"" ইত্যাদি তকমা দিয়ে মানুষ নিধনের সুযোগ পাচ্ছে। এই পরিস্থিতি ভারতের স্বাধীনতার সময়কার অবিশ্বাস, বিদ্বেষ এবং দাঙ্গার ফলস্বরূপ সৃষ্ট বিভেদের দীর্ঘশ্বাসকেই যেন প্রতিফলিত করছে।",2.2,0.0,2.2
news-47787821,যুক্তরাষ্ট্রের ম্যাগাজিন ফোর্বস এ বছরের অনূর্ধ্ব-৩০ ক্যাটাগরিতে এশিয়া অঞ্চলের তরুণ উদ্যোক্তাদের যে তালিকা করেছে তাতে স্থান পেয়েছেন দু জন বাংলাদেশী।,"পাঠাওয়ের সহ-প্রতিষ্ঠাতা ইলিয়াস হুসেইন এবং কার্টুনিস্ট আব্দুল্লাহ আল মোরশেদ, এই দুই তরুণ ফোর্বসের তালিকায় স্থান পেয়েছেন। ইলিয়াস হুসেইন মাত্র ২৯ বছর বয়সে পাঠাওকে বাংলাদেশের অন্যতম প্রধান রাইড শেয়ারিং ও ফুড ডেলিভারি প্রতিষ্ঠানে পরিণত করেছেন, যার আর্থিক মূল্য এখন ১০০ মিলিয়ন ডলারের বেশি। অন্যদিকে, কার্টুনিস্ট আব্দুল্লাহ আল মোরশেদ যুদ্ধের ভয়াবহতা তুলে ধরে বিশ্বকে সহিংসতামুক্ত করার বার্তা দিয়ে গ্লোবাল হ্যাপিনেস অ্যাওয়ার্ড পেয়েছেন এবং তার কাজ বাংলাদেশের গণমাধ্যমেও প্রকাশিত হয়েছে।",4.49,0.0,4.49
news-54452799,"কাতারের রাজধানী দোহাতে চলমান আফগান শান্তি আলোচনায় ভারতের ভূমিকা ঠিক কী হতে পারে, তা নিয়ে আলোচনা করতে দিল্লি এসেছেন আফগান নেতা ও সে দেশের পিস কাউন্সিলের প্রধান ড: আবদুল্লাহ্ আবদুল্লাহ্।","আফগানিস্তানের শান্তি প্রক্রিয়াকে এগিয়ে নিতে ড. আবদুল্লাহ আবদুল্লাহ ভারত সফরে এসেছেন। তিনি ভারতের প্রধানমন্ত্রী, পররাষ্ট্রমন্ত্রী ও জাতীয় নিরাপত্তা উপদেষ্টার সঙ্গে বৈঠক করবেন। এই সফরের মূল উদ্দেশ্য হলো দোহায় থমকে যাওয়া শান্তি আলোচনায় গতি আনা এবং আফগানিস্তানে ভারতের গুরুত্বপূর্ণ ভূমিকা নিয়ে আলোচনা করা, যদিও পাকিস্তান ভারতের সক্রিয় ভূমিকা নিয়ে আপত্তি জানাচ্ছে।",22.5,5.13,15.0
40197379,কাতারের আল জাজিরা টিভি নেটওয়ার্ক নি:সন্দেহে মধ্যপ্রাচ্যের ক্ষুদ্র এই দেশটিকে আন্তর্জাতিক মানচিত্রে জায়গা করে দিয়েছে।,"১৯৯৬ সালে আরব বিশ্বের প্রথম ২৪ ঘণ্টার সংবাদ চ্যানেল হিসেবে আল জাজিরার আত্মপ্রকাশ ঘটে, যা কাতারের অর্থনৈতিক শক্তিকে বৈশ্বিক প্রভাবে রূপান্তরের একটি বড় নিদর্শন। সাম্প্রতিক কূটনৈতিক সংকটের ফলে আল জাজিরার ভবিষ্যৎ নিয়ে শঙ্কা তৈরি হয়েছে, কারণ সৌদি আরব, মিশরসহ কয়েকটি দেশ জঙ্গিবাদে মদদ দেওয়ার অভিযোগে কাতারের সঙ্গে সম্পর্ক ছিন্ন করে আল জাজিরার কার্যালয় বন্ধ করে দিয়েছে। কাতার নিজেদের স্বাধীন ও বস্তুনিষ্ঠ সংবাদমাধ্যম দাবি করলেও, এই সংকটের ফলে তাদের ওপর ছাড় দেওয়ার চাপ বাড়ছে এবং দেশটি বিচ্ছিন্ন ও অরক্ষিত অবস্থায় পড়েছে।",10.42,2.13,8.33
news-44803369,রসগোল্লার আবিষ্কার কোথায়- তা নিয়ে এর আগে তুমুল হৈচৈ আর আইনি লড়াই হয়েছে পশ্চিমবঙ্গ আর ওড়িশার মধ্যে।,"রসগোল্লার পর এবার বিরিয়ানি নিয়ে দক্ষিণ ভারতের দুই রাজ্য অন্ধ্রপ্রদেশ ও তেলেঙ্গানার মধ্যে লড়াই শুরু হয়েছে। হায়দ্রাবাদী বিরিয়ানির ব্র্যান্ড ভ্যালু হারানোর পর অন্ধ্রপ্রদেশ সরকার ""বঙ্গু বিরিয়ানি"" নামে নিজস্ব একটি বিরিয়ানি ব্র্যান্ড তৈরি করার চেষ্টা করছে। এই বঙ্গু বিরিয়ানি বিশাখাপত্তনমের কাছে আরাকু উপত্যকার আদিবাসীদের রন্ধনপ্রণালী থেকে এসেছে এবং বাঁশের খোলে দমে রান্না করা হয়।",14.29,0.0,11.43
news-42690561,"সিরিয়ার পূর্ব উপকূলে মার্কিন-সমর্থিত মিলিশিয়াদের নিয়ে একটি নতুন বাহিনী গঠনের জন্য যুক্তরাষ্ট্র যে পরিকল্পনা করছে, তার প্রবল সমালোচনা করেছে সিরিয়ার সরকার, তার মিত্র রাশিয়া, এবং তুরস্ক।","আমেরিকার নেতৃত্বে কোয়ালিশন সিরিয়ার তুরস্ক ও ইরাক সীমান্তে ৩০,০০০ সদস্যের একটি সীমান্ত রক্ষী বাহিনী (বিএসএফ) তৈরির প্রক্রিয়া শুরু করেছে, যার অধিকাংশ সদস্য হবে কুর্দি মিলিশিয়া ওয়াইপিজি থেকে এবং নেতৃত্ব দেবে প্রেসিডেন্ট আসাদ বিরোধী এসডিএফ। সিরিয়া এই পদক্ষেপকে তাদের সার্বভৌমত্বের লঙ্ঘন বলে অভিহিত করেছে, অন্যদিকে রাশিয়া এটিকে সিরিয়ার বিভক্তির কারণ হতে পারে বলে সতর্ক করেছে। তুরস্কের প্রেসিডেন্ট এরদোয়ান এই 'সন্ত্রাসী' বাহিনীকে অঙ্কুরেই বিনাশ করার হুমকি দিয়েছেন।",17.2,0.0,10.75
news-47397246,"ভারতীয় বিমান বাহিনীর যে পাইলট আকাশে এক লড়াইয়ের পর পাকিস্তানের হাতে আটক হয়েছেন, সেই আভিনন্দন ভার্থামানকে ফেরত দেয়ার দাবি জানিয়েছে ভারতীয় কর্তৃপক্ষ।",ভারতীয় পাইলট আভিনন্দন বর্তমান ভারত-পাকিস্তান উত্তেজনার কেন্দ্রে রয়েছেন। পাকিস্তানের বিমান ধাওয়া করতে গিয়ে তার বিমান ভূপাতিত হলে তিনি আটক হন। ভারত তাকে দ্রুত ফিরিয়ে দেওয়ার অনুরোধ জানিয়েছে এবং তার আটকের ঘটনাকে ভারতের জন্য একটি বড় বিপত্তি হিসেবে দেখা হচ্ছে।,22.58,0.0,16.13
news-50525454,দেশজুড়ে মানুষ রাস্তায় নেমে আসছে এবং দেশটির শীর্ষ নেতাদের স্বৈরশাসক আখ্যায়িত করে তাদের ছবিতে আগুন দিচ্ছে।,ইরানে জ্বালানি তেলের মূল্যবৃদ্ধির প্রতিবাদে ছয় দিন ধরে চলা সহিংস বিক্ষোভে জাতিসংঘ ও অ্যামনেস্টি ইন্টারন্যাশনালের তথ্যমতে অন্তত ১০৬ জন নিহত হয়েছেন। যদিও ইরান হতাহতের সংখ্যা নিশ্চিত করেনি এবং বিক্ষোভের জন্য বিদেশী শত্রুদের দায়ী করেছে। এবারের বিক্ষোভে দেশজুড়ে হাজার হাজার মানুষ আটক হয়েছে এবং বিশ্লেষকরা বলছেন এটি ছিল নেতৃত্বহীন এবং মধ্যবিত্ত শ্রেণীর অংশগ্রহণ ছিল চোখে পড়ার মতো।,8.33,0.0,8.33
news-46938215,"ভারত ও বাংলাদেশের মধ্যেকার কূটনৈতিক সম্পর্কে এই মুহুর্তে অস্বস্তির কেন্দ্রে আছে যে তিস্তা নদী, সেটি ক্রমশ শুকিয়ে যাওয়ার পেছনে তাদের কোনও ভূমিকা নেই বলে বিবিসির কাছে দাবি করেছেন সিকিমের মুখ্যমন্ত্রী পবন কুমার চামলিং।","সিকিমের মুখ্যমন্ত্রী পবন কুমার চামলিং বিবিসি বাংলাকে দেওয়া এক সাক্ষাৎকারে দাবি করেছেন যে তিস্তার ওপর তাদের জলবিদ্যুৎ প্রকল্পগুলো নদীর পরিবেশ বা বাস্তুতন্ত্রের কোনো ক্ষতি করেনি এবং মাত্র সাতটি পরিবারকে আশ্রয়চ্যুত হতে হয়েছে। তিনি আরও বলেছেন যে সিকিম তিস্তার ভাটিতে থাকা অঞ্চলগুলোর উদ্বেগের প্রতি সবসময় খেয়াল রাখছে। তবে, বিশেষজ্ঞরা মনে করেন যে সিকিমের অসংখ্য জলবিদ্যুৎ প্রকল্পের কারণে তিস্তার অপূরণীয় ক্ষতি হয়েছে এবং পশ্চিমবঙ্গের মুখ্যমন্ত্রী মমতা ব্যানার্জি তিস্তার জল শুকিয়ে যাওয়ার যুক্তি দেখিয়ে তিস্তা চুক্তির বিরোধিতা করছেন।",18.52,9.43,9.26
news-47227787,"কুকুর হয়তো মানুষের সবচেয়ে বিশ্বস্ত বন্ধু, কিন্তু এই জন্তুটি এখন বন্যপ্রাণীর জন্য বিরাট হুমকি হয়ে দাঁড়িয়েছে।","গৃহপালিত ও বেওয়ারিশ কুকুরের আক্রমণে বিশ্বে প্রায় ১০০ প্রজাতির পাখি ও প্রাণী হুমকির মুখে পড়েছে, যার মধ্যে বিরল ব্ল্যাকবাক হরিণও রয়েছে। বিজ্ঞানীরা বলছেন, কুকুরের কারণে প্রায় এক ডজন প্রজাতি ইতিমধ্যেই বিলীন হয়ে গেছে এবং এই সমস্যা আরও বাড়ছে। বন্যপ্রাণী রক্ষায় বেওয়ারিশ কুকুর নিয়ন্ত্রণ জরুরি, কারণ অনেক কুকুর মালিক তাদের পোষা কুকুরকে ছেড়ে রাখেন এবং তারা বন্যপ্রাণীদের শিকার করে।",8.11,0.0,2.7
news-51298505,"ভারতের বিতর্কিত নতুন নাগরিকত্ব আইন প্রত্যাহার করার দাবি জানিয়ে একটি প্রস্তাবের ওপর ইউরোপীয় পার্লামেন্টে আলোচনা শুরু হয়েছে, পরে তা ভোটাভুটির জন্য পেশ করা হবে।","ইউরোপীয় পার্লামেন্টের অধিকাংশ সদস্য ভারতের নতুন নাগরিকত্ব আইনকে 'বৈষম্যমূলক' ও 'বিভাজন সৃষ্টিকারী' আখ্যা দিয়ে এর বিরুদ্ধে প্রস্তাব এনেছেন, যা ভারতের জন্য কূটনৈতিকভাবে অস্বস্তিকর। যদিও ভারত সরকার এটিকে অভ্যন্তরীণ বিষয় বলে দাবি করছে এবং অন্যান্য দেশেও অনুরূপ অভিবাসন আইন থাকার কথা উল্লেখ করছে, এই আইনটি শুধু দেশের ভেতরেই নয়, আন্তর্জাতিক পর্যায়েও তীব্র সমালোচনার মুখে পড়েছে। ইউরোপীয় পার্লামেন্টের সদস্যরা মানবাধিকার ও নাগরিক স্বাধীনতার সার্বজনীন লঙ্ঘনের প্রেক্ষাপটে ভারতের এই পদক্ষেপকে উদ্বেগজনক বলে মনে করছেন।",14.74,2.15,10.53
news-56601546,বাংলাদেশে করোনাভাইরাসের 'সংক্রমণ ঠেকানোর' জন্য সরকার যে বিধি-নিষেধ দিয়েছে সেটির বিরুদ্ধে প্রতিবাদে নেমেছে রাইড শেয়ারিং মোটরসাইকেল চালকরা।,"ঢাকায় অ্যাপ-ভিত্তিক মোটরসাইকেল চালকেরা আজ (বৃহস্পতিবার) সরকারের নতুন বিধিনিষেধের প্রতিবাদে সড়ক অবরোধ করে বিক্ষোভ করেছে, যার ফলে শহরজুড়ে তীব্র যানজট সৃষ্টি হয়। চালকদের দাবি, যাত্রী পরিবহন বন্ধ হলে তারা আর্থিক সংকটে পড়বেন এবং অন্যান্য যানবাহন চলতে পারলে মোটরসাইকেলে কেন সমস্যা হবে। এই পরিস্থিতিতে, গণপরিবহনে ধারণক্ষমতার অর্ধেক যাত্রী বহনের নিয়মের কারণে হাজার হাজার অফিসগামী মানুষ যানবাহন সংকটে পড়ে দুর্ভোগ পোহাচ্ছে।",5.13,0.0,2.56
news-56602384,"ভারতের ছত্তিশগড়ে গত শনিবার যে গেরিলা হামলায় নিরাপত্তা বাহিনীর অন্তত ২২জন সদস্য নিহত হয়েছেন, তার মূল পরিকল্পনাকারী হিসেবে চিহ্নিত করা হচ্ছে মাদভি হিডমা নামে একজন মাওবাদী কমান্ডারকে।","মাওবাদী নেতা মাদভি হিডমাকে ধরতে ছত্তিশগড়ের বস্তার জঙ্গলে নিরাপত্তা বাহিনীর প্রায় দু'হাজার সদস্যের অভিযান ব্যর্থ হয়েছে। এই অভিযানে নিরাপত্তা বাহিনীর ২২ জন সদস্য নিহত ও ৩০ জন আহত হয়েছেন। হিডমা, যিনি ২৭টি বড় হামলায় জড়িত এবং যার মাথার ওপর ৪০ লক্ষ টাকার ইনাম রয়েছে, তিনি ভুল গোয়েন্দা তথ্যের সুযোগ নিয়ে নিরাপত্তা বাহিনীকে ফাঁকি দিয়েছেন। নব্বইয়ের দশক থেকে নকশাল বিদ্রোহে যুক্ত এই নেতা তার নিষ্ঠুরতার জন্য পরিচিত।",17.02,4.35,10.64
news-43945074,"সদ্য মা হওয়া একজন তরুণী দাবি করেছেন, ইউটিউব দেখে দেখে তিনি নিজের সন্তান প্রসব করেছেন, কারণ সে সময়ে হোটেল কক্ষে তার সঙ্গে আর কেউ ছিল না।","যুক্তরাষ্ট্রের টিয়া ফ্রিম্যান ১৪ ঘণ্টার বিমানযাত্রার সময় আকস্মিকভাবে সন্তান প্রসব করেন। প্রথমে তিনি ভেবেছিলেন তার ফুড পয়জনিং হয়েছে, কিন্তু পরে বুঝতে পারেন যে তার প্রসব বেদনা উঠেছে। তুরস্কের একটি হোটেলে তিনি একাই সন্তান প্রসব করেন, যেখানে তিনি ভাষা সমস্যার কারণে কারো সাহায্য নিতে পারেননি। বর্তমানে মা ও শিশু দুজনেই সুস্থ আছেন।",12.99,2.67,7.79
news-40920719,পাকিস্তানের ৭০ তম স্বাধীনতা দিবস আজ। আগামীকাল তার ঐতিহাসিক প্রতিপক্ষ ভারত পালন করবে নিজের ৭০ তম স্বাধীনতা দিবস।,"ভারত ও পাকিস্তানের মধ্যে চলমান উত্তেজনার প্রেক্ষাপটে, দুই দেশের একদল তরুণ শিল্পী 'পিস অ্যানথেম' বা শান্তির জাতীয় সঙ্গীত শিরোনামে একটি গান গেয়েছেন। 'ভয়েস অব রাম' নামের একটি ফেসবুক গ্রুপ দ্বারা প্রকাশিত এই গানটি সামাজিক যোগাযোগ মাধ্যমে ব্যাপক সাড়া ফেলেছে, যেখানে শিল্পীরা উভয় দেশের জাতীয় সঙ্গীত গেয়ে শান্তির বার্তা দিয়েছেন। এই উদ্যোগটি দুই দেশের মধ্যে শান্তি ও সম্প্রীতি স্থাপনের একটি প্রচেষ্টা হিসেবে দেখা হচ্ছে, যা নিয়ে সামাজিক যোগাযোগ মাধ্যমে আলোচনা ও সমালোচনা চলছে।",4.44,0.0,2.22
news-51694545,সর্বোচ্চ শাস্তি বা মৃত্যুদণ্ড নিয়ে সিনেমা বানিয়ে বার্লিন আন্তর্জাতিক চলচ্চিত্র উৎসবে পুরষ্কার জিতেছেন একজন নিষিদ্ধ ইরানি পরিচালক পরিচালক মোহাম্মাদ রাসুলফ।,"ইরানি পরিচালক মোহাম্মদ রাসুলফ তার চলচ্চিত্র 'দেয়ার ইজ নো ইভল'-এর জন্য বার্লিন চলচ্চিত্র উৎসবে গোল্ডেন বিয়ার পুরস্কার জিতেছেন, যা তিনি গোপনে নির্মাণ করেছেন কারণ তার ওপর চলচ্চিত্র নির্মাণের নিষেধাজ্ঞা ছিল। তার মেয়ে বারান তার পক্ষে পুরস্কার গ্রহণ করেন, যেহেতু রাসুলফকে দেশত্যাগের অনুমতি দেওয়া হয়নি। এই চলচ্চিত্রটি চারটি মৃত্যুদণ্ড নিয়ে চারটি গল্প বলে, যেখানে দেখানো হয়েছে কীভাবে কর্তৃত্ববাদী সরকারের জালে সাধারণ মানুষ আটকা পড়ে এবং তাদের মানবিকতা হারিয়ে যায়।",20.22,6.9,8.99
news-50043459,"চলতি বছর অর্থনীতিতে নোবেল পেয়েছেন কলকাতার সন্তান অভিজিৎ বিনায়ক ব্যানার্জি, তাঁর স্ত্রী এসথার ডুফলো এবং মাইকেল ক্রেমার।","দারিদ্র্য বিমোচনে পরীক্ষামূলক পদ্ধতির জন্য অভিজিৎ বিনায়ক ব্যানার্জি, এস্থার ডুফলো এবং মাইকেল ক্রেমার অর্থনীতিতে নোবেল পুরস্কার পেয়েছেন। তাদের গবেষণা বৈশ্বিক দারিদ্র্যের বিরুদ্ধে লড়াইকে শক্তিশালী করেছে এবং ডেভেলপমেন্ট ইকোনমিক্সে নতুন দিগন্ত উন্মোচন করেছে। অভিজিৎ ব্যানার্জি কলকাতা বিশ্ববিদ্যালয়, জওহরলাল নেহরু বিশ্ববিদ্যালয় এবং হার্ভার্ড বিশ্ববিদ্যালয়ে পড়াশোনা করেছেন এবং বর্তমানে এমআইটি-তে অর্থনীতি পড়াচ্ছেন।",29.85,18.46,20.9
news-52039380,ব্রিটিশ রাজসিংহাসনের উত্তরাধিকারী প্রিন্স চার্লস করোনাভাইরাস-এ আক্রান্ত হয়েছেন।,"প্রিন্স চার্লস ও তার স্ত্রী কামিলা বর্তমানে বালমোরাল প্রাসাদে স্বেচ্ছায় আইসোলেশনে আছেন। ৭১ বছর বয়সী যুবরাজ চার্লসের শরীরে করোনাভাইরাস ধরা পড়লেও তার স্ত্রী কামিলার দেহে এই ভাইরাসের সংক্রমণ হয়নি। রাজপরিবারের পক্ষ থেকে জানানো হয়েছে, চার্লসের শরীরে সামান্য উপসর্গ দেখা গেছে এবং তার স্বাস্থ্যের অন্য কোনো সমস্যা নেই।",10.71,3.7,10.71
news-47189627,বাংলাদেশে গত ৩০শে ডিসেম্বর অনুষ্ঠিত সংসদ নির্বাচনে অনিয়ম ও কারচুপির অভিযোগের সাক্ষ্য প্রমাণের অভাবে বিরোধীদল বিএনপি তাদের অভিযোগ নিয়ে মামলা করার না করার প্রশ্নে সিদ্ধান্তহীনতায় পড়েছে।,"বিএনপি ২০১৮ সালের নির্বাচন প্রত্যাখ্যান করেছে, তবে নির্বাচনে অনিয়ম বা কারচুপির বিষয়ে পর্যাপ্ত সাক্ষ্যপ্রমাণ সংগ্রহ করতে পারেনি। নির্বাচনের বিপর্যয়ের পর দলের কার্যক্রমে স্থবিরতা দেখা দিয়েছে এবং নীতিনির্ধারকরা সিদ্ধান্তহীনতায় ভুগছেন। যদিও মামলা করার বিষয়ে আলোচনা চলছে এবং ভারপ্রাপ্ত চেয়ারম্যান তারেক রহমান এ বিষয়ে নেতাদের সাথে কথা বলেছেন, তবে এখনো কোনো চূড়ান্ত সিদ্ধান্ত নেওয়া হয়নি।",17.72,5.19,12.66
news-56631355,পৃথিবী জুড়ে করোনাভাইরাস ছড়িয়ে পড়ার পর সাথে সাথেই পাল্লা দিয়ে ছড়িয়েছে এ নিয়ে নানা রকম ভুয়া তথ্য।,"ভিটামিন ডি নিয়ে কিছু ভুল তথ্য প্রচলিত আছে, যা আংশিক সত্যের উপর ভিত্তি করে তৈরি হওয়ায় মোকাবিলা করা কঠিন। কোভিড-১৯ চিকিৎসায় ভিটামিন ডি-এর কার্যকারিতা নিয়ে গবেষণা চলছে, কিন্তু প্রাথমিক বা নিম্নমানের গবেষণার ফল ইন্টারনেটে ভুলভাবে প্রচার হওয়ায় বিভ্রান্তি ছড়াচ্ছে। যদিও ভিটামিন ডি রোগ প্রতিরোধ ক্ষমতায় ভূমিকা রাখে এবং যুক্তরাজ্যে শীতকালে এর সাপ্লিমেন্ট ব্যবহারের সুপারিশ করা হয়, উচ্চ মাত্রায় ভিটামিন ডি কোনো রোগ প্রতিরোধ বা চিকিৎসায় কার্যকর—এমন কোনো বিশ্বাসযোগ্য প্রমাণ এখনো পর্যন্ত নেই।",4.35,0.0,4.35
news-46950222,"১৯৬২ সালে এমন একটি জিনিস আবিষ্কার হয় যা বর্তমান পৃথিবীর সবচেয়ে প্রয়োজনীয় জিনিসগুলোর একটি এবং অনেকেই হয়তো বলবেন, এটি আধুনিক জীবনের সবচেয়ে বিরক্তিকর একটি জিনিসও বটে।","কম্পিউটারের নিরাপত্তার জন্য ম্যাসাচুসেটস ইন্সটিটিউট অফ টেকনোলজি (এমআইটি) 'পাসওয়ার্ড' ব্যবস্থার উদ্ভাবন করে। এই ব্যবস্থাটি 'টাইম শেয়ারিং সিস্টেম' নামে পরিচিত ছিল, যার মাধ্যমে ব্যবহারকারীরা যেকোনো স্থান থেকে টেলিফোনের মাধ্যমে কম্পিউটারে প্রবেশ করতে পারতেন। কম্পিউটার অ্যানালিস্ট অ্যালান শেয়ারের মতে, ফার্নান্দো কোরবাতোর নেতৃত্বে এমআইটির একদল গবেষক এই পাসওয়ার্ড সিস্টেম তৈরি করেন, যা বর্তমানে আমাদের দৈনন্দিন জীবনের এক অপরিহার্য অংশ।",4.88,0.0,4.88
news-48446744,বাংলাদেশের জেলাগুলোয় বার্ষিক উন্নয়ন কর্মসূচির বা এডিপি'র অর্থ বরাদ্দের ক্ষেত্রে অতি উচ্চমাত্রায় বৈষম্য করা হচ্ছে বলে একটি গবেষণা প্রতিষ্ঠান বলছে।,"বাংলাদেশ ইন্সটিটিউট অব প্ল্যানার্স-এর গবেষণা অনুযায়ী, উন্নয়ন কর্মসূচির অর্থ বরাদ্দ দারিদ্র্য ও প্রয়োজনের ভিত্তিতে হওয়ার কথা থাকলেও, ঢাকা, চট্টগ্রাম ও গোপালগঞ্জেই সবচেয়ে বেশি বরাদ্দ দেওয়া হচ্ছে। হাওর, উত্তরের দারিদ্র্যপীড়িত অঞ্চল এবং উপকূলীয় অঞ্চলগুলো তুলনামূলকভাবে অনেক কম বরাদ্দ পাচ্ছে, যা অর্থ বরাদ্দের ক্ষেত্রে বৈষম্য নির্দেশ করে। গবেষকরা মনে করেন, এই বৈষম্যের কারণ হলো পরিকল্পনা ও সমন্বয়ের অভাব।",17.95,5.26,12.82
news-39614807,"বাংলাদেশের ময়মনসিংহ জেলার ফুলবাড়িয়া উপজেলার হাতিলেট নামে ওই গ্রামের আদিবাসী কোচ সম্প্রদায়ের সমাজপতিরা তাদের বিচারে ঐ দম্পতিকে জুতোর মালা পরানো, মাথা ন্যাড়া করা ছাড়াও ৪০,০০০ টাকা জরিমানাও করেছে।","ময়মনসিংহে এক আদিবাসী নারী ও তার স্বামীকে মুসলিম অটোচালকের সাথে 'অবৈধ প্রেম'-এর মিথ্যা অভিযোগে ন্যাড়া করে, জুতোর মালা পরিয়ে গ্রামে ঘোরানো হয়। নির্যাতিতা নারী ও তার স্বামী জানান, অটোচালক তাদের পারিবারিক বন্ধু এবং তাদের মধ্যে কোনো অবৈধ সম্পর্ক ছিল না, কিন্তু সমাজপতিরা তাদের কথা না শুনে এই অমানবিক বিচার চালায়। এই ঘটনার পর দম্পতিটি থানায় মামলা করতে গেলেও সমাজে একঘরে হয়ে পড়ার আশঙ্কায় রয়েছেন।",12.77,4.35,6.38
news-52513769,করোনাভাইরাসে বিশ্বব্যাপী যে পদ্ধতিতে নমুনা পরীক্ষা করা হচ্ছে সেটায় শতভাগ নিশ্চিত ফলাফল পাওয়া যায় না। এ কারণেই বিশ্বব্যাপী বার বার টেস্ট করার ওপর জোর দেয়া হচ্ছে।,"বাংলাদেশে করোনাভাইরাস পরীক্ষার ফলাফল ভুল হওয়ার আশঙ্কা রয়েছে, কারণ আরটি-পিসিআর পদ্ধতিতে ৩০% ভুল হওয়ার সম্ভাবনা থাকে। একজন ব্যাংক কর্মকর্তার পরপর দুইবার নেগেটিভ আসার পর তৃতীয়বারে পজিটিভ হওয়া এর একটি উদাহরণ। নমুনা সংগ্রহ, পরিবহন ও সংরক্ষণের ত্রুটি এবং সীমিত পরীক্ষার সুযোগ এই ভুল ফলাফলের প্রধান কারণ।",8.33,0.0,5.56
news-52648186,পশ্চিমবঙ্গ সরকারের আপত্তিতে আন্তর্জাতিক স্থল-বন্দর খুলতে না পেরে ভারতের কেন্দ্রীয় সরকার বাংলাদেশে পণ্য পরিবহনের জন্যে এখন রেলপথকেই বেছে নিয়েছে।,"নাসিক থেকে ২০০০ টন পেঁয়াজ নিয়ে একটি মালগাড়ি বাংলাদেশের উদ্দেশ্যে রওনা দিয়েছে, যা রোজার মাসে বাংলাদেশে পেঁয়াজের দাম কমাতে সাহায্য করবে বলে ভারত আশা করছে। করোনাভাইরাস সংক্রমণের ঝুঁকির কারণে পশ্চিমবঙ্গ সরকার পেট্রাপোল বা হিলির মতো স্থলবন্দরগুলো চালু করতে রাজি না হওয়ায়, ভারত সরকার বাধ্য হয়ে রেলপথে পণ্য পরিবহনের ওপর নির্ভর করছে। পশ্চিমবঙ্গ সরকার ও স্থানীয়দের আপত্তিতে পেট্রাপোল-বেনাপোল স্থলবন্দরে পণ্য ওঠানামা বন্ধ হয়ে যাওয়ায়, ভারত-বাংলাদেশ সীমান্ত বাণিজ্যে জটিলতা সৃষ্টি হয়েছে।",15.38,2.25,10.99
news-41052875,"ভারতের যে বিতর্কিত ধর্মগুরু গুরমিত রাম রহিমকে শুক্রবার হরিয়ানার একটি আদালত ধর্ষণের মামলায় দোষী সাব্যস্ত করেছে, যা নিয়ে হরিয়ানা আর পাঞ্জাবে রীতিমতো যুদ্ধকালীন পরিস্থিতি তৈরি হয়েছে, তিনি সত্যিই একটি বর্ণময় চরিত্র।","গুরু রাম রহিম সিং, যিনি 'রকস্টার বাবা' নামে পরিচিত, ডেরা সাচ্চা সৌদা নামক একটি ধর্মীয় সম্প্রদায়ের প্রধান। হরিয়ানা ও পাঞ্জাবে তার লক্ষাধিক ভক্ত রয়েছে এবং তিনি একাধারে ধর্মপ্রচারক, সমাজ সংস্কারক, গায়ক, অভিনেতা ও পরিচালক। বিতর্কিত এই ধর্মগুরু সিনেমা ও পপ কনসার্টের মাধ্যমে যুব সমাজের কাছে পৌঁছানোর চেষ্টা করেন।",17.72,0.0,12.66
news-51493152,"বাংলাদেশে নিরাপদ সড়কে দাবিতে আন্দোলনকারী ইলিয়াস কাঞ্চন একশ' কোটি টাকা ক্ষতিপূরণ চেয়ে সাবেক মন্ত্রী শাজাহান খানের বিরুদ্ধে যে মানহানির মামলা করেছেন, আদালত তা গ্রহণ করেছে।",ইলিয়াস কাঞ্চন তার প্রয়াত স্ত্রী সড়ক দুর্ঘটনায় মারা যাওয়ার পর পরিবহন শ্রমিক নেতা শাজাহান খানের বিরুদ্ধে ১০০ কোটি টাকার মানহানির মামলা করেছেন। শাজাহান খান ইলিয়াস কাঞ্চনের আয়ের উৎস নিয়ে প্রশ্ন তোলায় এই মামলা করা হয়েছে। আদালত শাজাহান খানের কাছে লিখিত ব্যাখ্যা চেয়েছেন এবং তিনি যথাসময়ে জবাব দেবেন বলে জানিয়েছেন।,27.03,13.89,24.32
news-38727531,দিনটিকে মার্কিন যুক্তরাষ্ট্রের নতুন প্রেসিডেন্ট ডোনাল্ড ট্রাম্প নিজেই বলেছেন এটি তার প্রথম সত্যিকার কাজের দিন।,"ডোনাল্ড ট্রাম্প প্রেসিডেন্ট হিসেবে তাঁর প্রথম কার্যদিবসে ট্রান্স-প্যাসিফিক পার্টনারশিপ (টিপিপি) বাণিজ্য চুক্তি বাতিল করে তাঁর নির্বাচনী প্রতিশ্রুতি পূরণ করেন। এই চুক্তিটি বারাক ওবামার এশিয়া নীতির অংশ ছিল এবং এর লক্ষ্য ছিল সদস্য দেশগুলোর মধ্যে শুল্কমুক্ত বাণিজ্য ও অর্থনৈতিক সম্পর্ক জোরদার করা। ট্রাম্প এই পদক্ষেপকে আমেরিকান শ্রমিকদের জন্য ""বিরাট ব্যাপার"" বলে অভিহিত করেছেন এবং ""মুক্ত বাণিজ্য""-এর পরিবর্তে ""ন্যায্য বাণিজ্য""-এর উপর জোর দিয়েছেন, যেখানে যুক্তরাষ্ট্রের বাইরে পণ্য উৎপাদনকারী কোম্পানিগুলোর উপর সীমান্ত কর আরোপের হুঁশিয়ারিও দিয়েছেন।",10.99,2.25,6.59
news-50091830,কারো সম্মানহানি করার লক্ষ্যে একান্ত ব্যক্তিগত যৌনসম্পর্কের ভিডিও ইন্টারনেটে ছেড়ে দেয়াটা বেশ কিছুকাল থেকেই পৃথিবীতে এক গুরুতর সমস্যায় পরিণত হয়েছে - যাকে বলে 'রিভেঞ্জ' বা প্রতিশোধমূলক পর্ন ।,"বেলা থর্ন, একজন প্রাক্তন ডিজনি তারকা এবং বর্তমান পর্ন পরিচালক, পর্নহাবের সাথে যুক্ত হয়েছেন রিভেঞ্জ পর্ন-এর বিরুদ্ধে লড়াই করার জন্য। নিজের নগ্ন ছবি অনলাইনে ছড়িয়ে পড়ার পর তিনি এই উদ্যোগ নিয়েছেন, যেখানে তার মুখ অন্য নারীর দেহে জুড়ে দিয়ে হাজার হাজার পর্ন ছবি তৈরি করা হয়েছিল। এই ঘটনার পর তিনি তার ব্যক্তিগত অভিজ্ঞতা এবং রিভেঞ্জ পর্ন-এর শিকার হওয়ার বিষয়টি নিয়ে কথা বলেছেন, যা তাকে এই আন্দোলনে নামতে অনুপ্রাণিত করেছে।",8.25,0.0,8.25
news-46009277,আজ অনুষ্ঠিত হয়েছে বাংলাদেশ প্রিমিয়ার লিগের ২০১৯ মৌসুমের নিলাম।,"বিপিএল ২০১৯-এর দল চূড়ান্ত হয়েছে, যেখানে ডেভিড ওয়ার্নার সিলেট সিক্সার্সে এবং এবি ডি ভিলিয়ার্স রংপুর রাইডার্সে যোগ দিয়েছেন। বিদেশি তারকাদের মধ্যে শহীদ আফ্রিদি কুমিল্লা ভিক্টোরিয়ান্সে খেলবেন এবং হজরতুল্লাহ যাযাই ঢাকা ডায়নামাইটসে যোগ দেবেন। নিলামে মূলত বাংলাদেশের ক্রিকেটারদের নিয়ে কাড়াকাড়ি হয়েছে, যেখানে মুশফিকুর রহিমকে চিটাগং ভাইকিংস, আফিফ হোসেনকে সিলেট সিক্সার্স এবং সৌম্য সরকারকে রাজশাহী কিংস দলে নিয়েছে।",6.06,0.0,3.03
news-54743751,লালমনিরহাট জেলার পাটগ্রামে এক ব্যক্তির বিরুদ্ধে ধর্ম অবমাননার অভিযোগ তুলে তাকে পিটিয়ে হত্যা এবং পরে তার লাশ আগুনে পুড়িয়ে ফেলার ঘটনা হতবাক করেছে সাধারণ মানুষকে।,লালমনিরহাটে নৃশংস গণপিটুনিতে নিহত শহীদুন নবী জুয়েলের মৃত্যুতে সামাজিক যোগাযোগ মাধ্যমে ব্যাপক হতাশা প্রকাশ করা হয়েছে। নিহত ব্যক্তির ভাই তৌহিদুন্নবী গণপিটুনির ভিডিও দেখে তার ভাইকে শনাক্ত করেন। জুয়েলের জন্ম ও বেড়ে ওঠা রংপুরে এবং তিনি ঢাকা বিশ্ববিদ্যালয়ের প্রাক্তন ছাত্র ছিলেন।,9.23,0.0,6.15
news-44064408,৯২ বছর বয়সী মাহাথির মোহাম্মদ আবার মালয়েশিয়ার প্রধানমন্ত্রী হতে যাচ্ছেন।,"৯২ বছর বয়সী মাহাথির মোহাম্মদ ২২ বছর পর অবসর ভেঙে মালয়েশিয়ার প্রধানমন্ত্রী হিসেবে ফিরে এসেছেন, যেখানে তিনি তার প্রাক্তন শিষ্য নাজিব রাজাককে পরাজিত করে পাকাতান হারাপান জোটের নেতৃত্ব দিচ্ছেন। তিনি দুই বছর প্রধানমন্ত্রী থাকার পর কারাবন্দী নেতা আনোয়ার ইব্রাহিমের কাছে ক্ষমতা হস্তান্তরের পরিকল্পনা করেছেন। মাহাথির তার রাজনৈতিক জীবন শুরু করেন ২১ বছর বয়সে এবং ১৯৬৯ সালে দল থেকে বহিষ্কৃত হওয়ার পর 'মালয় ডিলেমা' বইটি লিখে মালয় জনগোষ্ঠীর বঞ্চনার কথা তুলে ধরেন, যা তাকে পুনরায় রাজনীতিতে ফিরিয়ে আনে।",16.09,11.76,16.09
news-39019033,বিশ্বে এখন আলোচিত ব্যক্তি যুক্তরাষ্ট্রের প্রেসিডেন্ট ডোনাল্ড ট্রাম্প। নিজের কাজ এবং কথার জন্য তিনি গণমাধ্যমের আলোচনার কেন্দ্রবিন্দুতেও পরিণত হয়েছেন।,"ডোনাল্ড ট্রাম্পের বিরোধীরা তার হাতের আকার নিয়ে মন্তব্য করার পর, ইন্টারনেট ব্যবহারকারীরা ট্রাম্পের ছবি ফটোশপ করে তাকে ক্ষুদ্রাকৃতির ব্যক্তি হিসেবে উপস্থাপন করেছে। এই ছবিগুলোতে ট্রাম্পকে বিভিন্ন বিশ্বনেতাদের সাথে ক্ষুদ্র আকারে দেখা যাচ্ছে, যা সোশ্যাল মিডিয়ায় ছড়িয়ে পড়েছে। যদিও ট্রাম্পের উচ্চতা ৬ ফুট ২ ইঞ্চি, এই ফটোশপ করা ছবিগুলো তার প্রতিক্রিয়া জানার উদ্দেশ্যে প্রকাশ করা হয়েছে, তবে তিনি এখনো কোনো মন্তব্য করেননি।",7.5,0.0,5.0
news-44764197,"থাইল্যান্ড থেকে বিবিসির জোনাথন হেড বলছেন, এটা বিস্ময়কর যে রোববার উদ্ধার হওয়া চারজন কিশোরের বাবা-মাকেও হাসপাতালে নেওয়া হয়নি।","থাইল্যান্ডের গুহায় আটকে পড়া চার কিশোরকে উদ্ধারের পর তাদের পরিচয় গোপন রাখা হয়েছে এবং বাবা-মায়েদেরও তাদের সাথে দেখা করতে দেওয়া হচ্ছে না। কর্তৃপক্ষ জানিয়েছে, সংক্রমণের ঝুঁকি এড়াতে এই সিদ্ধান্ত নেওয়া হয়েছে এবং উদ্ধারকৃতরা হাসপাতালে সুস্থ আছে। উদ্ধারকাজে নেতৃত্বদানকারী গভর্নর নারংসাক অসোতানাকর্ন জানিয়েছেন, কিশোররা উৎফুল্ল আছে এবং তাদের পছন্দের খাবার ""প্যাড ক্রাপাও"" খেতে চেয়েছে।",5.48,0.0,5.48
news-41416022,শেষ পর্যন্ত দেশের অত্যন্ত প্রভাবশালী ধর্মীয় নেতাদের অগ্রাহ্য করে সৌদি বাদশাহ সালমান তার দেশের নারীদের গাড়ী চালানোর ওপর বিতর্কিত নিষেধাজ্ঞা তোলার সিদ্ধান্ত নিয়েছেন। সামনের বছর থেকে সৌদি নারীরা চালকের আসনে বসতে যাচ্ছেন।,"সৌদি আরবে নারীদের পরাধীনতার পশ্চিমা ধারণাটি পুরোপুরি বাস্তব নয়, কারণ অনেক সৌদি নারী মনে করেন এটি পশ্চিমা গণমাধ্যমের গৎবাঁধা চিত্র। সৌদি নারীরা এখন ভোট দিতে ও ভোটে দাঁড়াতে পারেন, উচ্চশিক্ষা গ্রহণ করছেন এবং বিভিন্ন পেশায় সফলভাবে কাজ করছেন। এমনকি, তারা সামাজিক যোগাযোগ মাধ্যমেও বেশ সক্রিয় এবং নিজেদের অধিকার আদায়ে সোচ্চার।",9.76,2.5,9.76
news-45100591,"ইরানকে পারমাণবিক অস্ত্র তৈরি থেকে বিরত রাখতে বারাক ওবামার শাসনামলে যুক্তরাষ্ট্র সহ ছয়টি শক্তিধর দেশের সাথে তেহরানের যে চুক্তি হয়েছিল, তা থেকে মে মাসে বেরিয়ে আসার ঘোষণা দেন ডোনাল্ড ট্রাম্প।","মার্কিন যুক্তরাষ্ট্র ইরানের ওপর নতুন করে কঠোর নিষেধাজ্ঞা আরোপ করেছে, যা চীন, রাশিয়া এবং ইউরোপীয় মিত্রদের আপত্তি সত্ত্বেও কার্যকর হয়েছে। এই নিষেধাজ্ঞার ফলে ইরানের সাথে ব্যবসা করা দেশগুলো যুক্তরাষ্ট্রের সাথে ব্যবসা করতে পারবে না বলে ট্রাম্প প্রশাসন জানিয়েছে। যদিও ইউরোপীয় ইউনিয়ন ইরানের সাথে চুক্তি বজায় রাখতে এবং তাদের কোম্পানিগুলোকে আইনি সুরক্ষা দিতে প্রতিশ্রুতিবদ্ধ, তবুও অনেক ইউরোপীয় কোম্পানি, বিশেষ করে যারা আমেরিকায় ব্যবসা করে, তারা এই নিষেধাজ্ঞার কারণে ইরানের সাথে ব্যবসা চালিয়ে যেতে দ্বিধাগ্রস্ত।",9.71,0.0,5.83
news-55891964,মিয়ানমারের সবচেয়ে ক্ষমতাধর ব্যক্তি জেনারেল মিন অং লাইং-এর সাক্ষাৎকার পাওয়া খুব কঠিন।,"২০১৫ সালে বিবিসির জোনাহ ফিশার মিয়ানমারের সামরিক বাহিনী প্রধান জেনারেল মিন অং লাইং-এর একটি বিরল সাক্ষাৎকার নিয়েছিলেন, যা পেতে তাকে এক মাস অপেক্ষা করতে হয়েছিল এবং নানা রহস্যময় প্রক্রিয়ার মধ্য দিয়ে যেতে হয়েছিল। সাক্ষাৎকারে জেনারেল লাইং স্পষ্ট করে জানিয়েছিলেন যে মিয়ানমারের রাজনীতিতে সামরিক বাহিনীর নিয়ন্ত্রণ কমানোর কোনো ইচ্ছা তার নেই এবং জাতিগত বিদ্রোহী গোষ্ঠীগুলোর সাথে শান্তি চুক্তি না হওয়া পর্যন্ত জনগণকে অপেক্ষা করতে হবে, যা পাঁচ থেকে দশ বছরও লাগতে পারে। যদিও ফিশার তাকে একজন আকর্ষণীয় ব্যক্তিত্বের লোক মনে করেছিলেন, জেনারেল লাইং তার কঠোর বার্তা দিয়েছিলেন যে তিনি মিয়ানমারের প্রেসিডেন্ট হতে চান কিনা, সেই প্রশ্নের উত্তর এড়িয়ে যান।",12.5,7.27,12.5
news-44104107,দক্ষিণ পূর্ব এশিয়ার অনেক দেশের মত বিশ্বের বৃহত্তম মুসলিম প্রধান দেশ ইন্দোনেশিয়ায় সাম্প্রতিক সময়ে বেশ কয়েকটি হামলা হয়েছে। প্রায় প্রতিটি ক্ষেত্রেই হামলাকারীরা তথাকথিত ইসলামিক স্টেটের সাথে সম্পৃক্ত বলে জানা গেছে।,"ইন্দোনেশিয়ার সুরাবায়া প্রদেশে তিনটি গির্জায় হামলায় অন্তত ১৩ জন নিহত হয়েছেন। ২০১৬ সালে জাকার্তায় আইএস-এর প্রথম হামলার পর থেকে দক্ষিণ-পূর্ব এশিয়ায় জঙ্গি তৎপরতা বৃদ্ধি পেয়েছে, যেখানে আইএস ইন্দোনেশিয়ার নাগরিকদের ব্যবহার করে প্রচারণা চালাচ্ছে। বর্তমানে, আইএস-এর সঙ্গে সম্পর্ক দাবি করা প্রায় ৩০টি ইন্দোনেশিয়ান দল সক্রিয় রয়েছে, যাদের মধ্যে কিছু দল দক্ষিণ-পূর্ব এশিয়ায় আইএস-এর আনুষ্ঠানিক প্রদেশ তৈরির পক্ষে সোচ্চার।",6.52,2.22,6.52
news-49027287,বাংলাদেশের ক্রিকেট দলের কোচ নিয়োগের জন্য আবেদনের সময় বেঁধে দেয়া হয়েছিল ১৮ই জুলাই পর্যন্ত।,"বাংলাদেশের কোচ নিয়োগ, সম্পর্ক এবং বিদায় নিয়ে দীর্ঘকাল ধরে বিতর্ক চলে আসছে। ২০১৮-১৯ সালে সফল কোচ স্টিভ রোডসকেও বিশ্বকাপের পর সরে যেতে হয়েছিল। শাহরিয়ার নাফিস ও নাজমুল আবেদীন ফাহিমের মতে, বাংলাদেশের জন্য এমন কোচ প্রয়োজন যিনি তরুণ ও অনভিজ্ঞ ক্রিকেটারদের শেখাতে এবং তাদের পূর্ণ সম্ভাবনায় পৌঁছাতে সাহায্য করতে পারবেন, কারণ বাংলাদেশের অনেক ক্রিকেটার ঘরোয়া ক্রিকেটে পুরোপুরি তৈরি না হয়েই জাতীয় দলে আসে।",10.39,0.0,7.79
news-55157270,বাংলাদেশে ধর্মীয় অনুভূতিতে আঘাত দেয়ার অভিযোগে টাঙ্গাইলের বাউল রিতা দেওয়ানসহ তিনজনের বিরুদ্ধে গ্রেপ্তারি পরোয়ানা জারি করেছে বাংলাদেশ সাইবার ক্রাইম ট্রাইব্যুনাল।,"বাউল শিল্পী রিতা দেওয়ানের বিরুদ্ধে আল্লাহকে নিয়ে 'অশালীন উক্তি' করে 'ধর্মীয় অনুভূতিতে আঘাত' দেওয়ার অভিযোগে ডিজিটাল নিরাপত্তা আইনে দায়ের করা মামলায় গ্রেপ্তারি পরোয়ানা জারি হয়েছে। রিতা দেওয়ান নিজেকে নির্দোষ দাবি করে আইনের প্রতি সম্মান জানিয়ে আদালতে আত্মসমর্পণের কথা বলেছেন এবং ঘটনার জন্য ইউটিউবে ক্ষমা চেয়েছেন। তিনি জানান, এই বিতর্কের পর থেকে তাকে ও তার পরিবারকে নানাভাবে হুমকি ও হেনস্থার শিকার হতে হয়েছে।",24.39,10.0,17.07
160721_camera_germany_trip_official,প্রধানমন্ত্রীর কার্যক্রম কাভারেজের জন্য এক সেট (একটি ডিজিটাল ক্যামেরা আর সেই ক্যামেরার কিছু যন্ত্রপাতি) ক্যামেরা আনতে জার্মানি যাচ্ছেন তথ্য মন্ত্রণালয় ও চলচ্চিত্র ও প্রকাশনা অধিদপ্তরের পদস্থ তিন কর্মকর্তা।,"চলচ্চিত্র ও প্রকাশনা অধিদপ্তরের মহাপরিচালকসহ তিন কর্মকর্তা আন্তর্জাতিক দরপত্রের মাধ্যমে আমদানিকৃত ডিজিটাল ক্যামেরা ও সরঞ্জামাদির প্রি-শিপমেন্ট ইন্সপেকশনের জন্য জার্মানিতে যাচ্ছেন। এই সফরের সম্পূর্ণ ব্যয়ভার আয়োজক সংস্থা বহন করবে, ফলে বাংলাদেশ সরকারের কোনো আর্থিক সংশ্লেষ নেই। কর্মকর্তারা নিশ্চিত করবেন যে, ৩৫ লাখ টাকা মূল্যের এই উচ্চ ক্ষমতাসম্পন্ন ক্যামেরা ও আধুনিক উপকরণগুলি সঠিকভাবে সরবরাহ করা হচ্ছে কিনা, যা ডিএফপিকে অ্যানালগ থেকে ডিজিটাল যুগে প্রবেশে সহায়তা করবে।",25.81,10.99,12.9
news-46887973,প্রায় পাঁচ দশক ধরে সংবাদমাধ্যমে গুরুত্বপূর্ণ ভূমিকা পালন করা জ্যেষ্ঠ সাংবাদিক আমানুল্লাহ কবীর বুধবার ভোররাতে মারা গিয়েছেন।,"প্রখ্যাত সাংবাদিক আমানুল্লাহ কবীর ৭২ বছর বয়সে ঢাকার একটি হাসপাতালে লিভার, হার্ট, কিডনি ও ডায়াবেটিস জনিত জটিলতায় কোমায় চলে গিয়ে মারা গেছেন। পাকিস্তান আমলে 'পিপল' পত্রিকার মাধ্যমে সাংবাদিকতা শুরু করা এই বরেণ্য ব্যক্তি প্রায় পাঁচ দশক ধরে বাংলাদেশের গুরুত্বপূর্ণ সব দৈনিক পত্রিকায় নেতৃত্ব দিয়েছেন এবং মুক্তিযুদ্ধের সময় সক্রিয় ভূমিকা পালন করেছেন। তিনি একজন ""অনন্য, অমায়িক এবং আপোষহীন"" সাংবাদিক নেতা হিসেবে পরিচিত ছিলেন, যিনি এরশাদ শাসনামলে অনেক চাপ ও হুমকির মুখেও সাংবাদিকতার নীতিতে অটল ছিলেন।",26.37,13.48,17.58
news-37900520,ভারতের রাজধানী দিল্লি এবং তার আশেপাশে বায়ু দূষণ এবং ঘন ধোঁয়াশা গত এক সপ্তাহ ধরে এক চরম বিপজ্জনক মাত্রায় পৌঁছেছে। সারা শহর জুড়ে বাতাসে দেখা যাচ্ছে ধোঁয়াশার আস্তরণ।,"দীপাবলির পর থেকে দিল্লিতে ভয়াবহ ধোঁয়াশা ও বায়ু দূষণ বিরাজ করছে, যার ফলে স্কুল-কলেজ বন্ধ এবং ক্রিকেট ম্যাচ বাতিল করা হয়েছে। পরিস্থিতি এতটাই খারাপ যে সুপ্রিম কোর্টেও মামলা হয়েছে এবং মানুষ শ্বাসকষ্ট ও চোখের জ্বালাপোড়ার শিকার হচ্ছেন। দিল্লিবাসীরা মনে করছেন, পাঞ্জাব-হরিয়ানায় ফসলের গোড়া পোড়ানোই এই দূষণের প্রধান কারণ, কিন্তু রাজনৈতিক কারণে কোনো ব্যবস্থা নেওয়া হচ্ছে না।",11.63,2.38,6.98
news-51431991,চীনফেরত এক শিক্ষার্থীকে রংপুর মেডিকেল কলেজ হাসপাতালে ভর্তির পর সেখানে তোলপাড় চলছে।,"রংপুর মেডিকেল কলেজে শ্বাসকষ্ট ও বুকব্যথা নিয়ে ভর্তি হওয়া এক শিক্ষার্থীকে নবগঠিত করোনা ইউনিটের আইসোলেশন ওয়ার্ডে রাখা হয়েছে। যদিও তার জ্বর, সর্দি, কাশির মতো সাধারণ উপসর্গ নেই, তবুও করোনাভাইরাস সন্দেহে আইইডিসিআর তার নমুনা সংগ্রহ করেছে এবং পরীক্ষার ফলাফল এখনো আসেনি। এই ঘটনায় রংপুরে উদ্বেগ তৈরি হয়েছে এবং হাসপাতাল কর্তৃপক্ষ সর্বোচ্চ সতর্কতা অবলম্বন করে ১২ সদস্যের একটি বোর্ড গঠন করেছে।",11.27,5.8,5.63
news-55975996,যুক্তরাষ্ট্রের প্রেসিডেন্ট জো বাইডেন বলেছেন যে ২০১৫ সালের পরমাণু চুক্তির শর্তগুলো না মানা পর্যন্ত তিনি ইরানের বিরুদ্ধে অর্থনৈতিক নিষেধাজ্ঞা তুলবেন না।,"যুক্তরাষ্ট্রের প্রেসিডেন্ট জো বাইডেন ইরানের সাথে পরমাণু চুক্তিতে ফিরতে আগ্রহী হলেও, ইরান বলছে নিষেধাজ্ঞা প্রত্যাহার না হলে তারা চুক্তিতে ফিরবে না। সাবেক প্রেসিডেন্ট ট্রাম্প ২০১৮ সালে চুক্তি থেকে যুক্তরাষ্ট্রকে সরিয়ে নিয়ে নিষেধাজ্ঞা আরোপ করায় ইরান তাদের প্রতিশ্রুতি থেকে সরে আসে এবং ইউরেনিয়াম সমৃদ্ধকরণ বাড়াতে থাকে। ২০১৫ সালের এই চুক্তিতে ইরান ইউরেনিয়াম সমৃদ্ধকরণ কমানো এবং পরিদর্শকদের প্রবেশাধিকারের বিনিময়ে নিষেধাজ্ঞা প্রত্যাহারের বিষয়ে সম্মত হয়েছিল।",26.51,9.88,16.87
160301_india_army_copying_exam,"ভারতের সেনাবাহিনীতে চাকরি পাওয়ার জন্য অর্ধনগ্ন হয়ে, শুধুমাত্র অন্তর্বাস পড়ে পরীক্ষায় বসতে বাধ্য হয়েছেন এক হাজারেরও বেশী চাকরি প্রার্থী।","মুজাফফরপুরে সেনা ভর্তি পরীক্ষায় পরীক্ষার্থীদের শুধু অন্তর্বাস পরে পরীক্ষা দিতে বাধ্য করা হয়, যা নিয়ে বিতর্ক সৃষ্টি হয়েছে। এই ঘটনায় পাটনা হাইকোর্ট সেনা কর্তৃপক্ষের কাছে বিস্তারিত জানতে চেয়েছে। যদিও সেনাবাহিনী নকল রোধের জন্য এই পদক্ষেপের কথা বলছে, তবে পরীক্ষার্থীরা এটিকে অত্যন্ত লজ্জাজনক এবং অস্বস্তিকর বলে অভিহিত করেছেন।",12.12,0.0,6.06
news-55635705,"""ইরান এখন আল-কায়েদার নতুন ঘাঁটিতে পরিণত হয়েছে"" - মার্কিন পররাষ্ট্রমন্ত্রী মাইক পম্পেওর এমন এক উক্তির পর ইরানের পররাষ্ট্রমন্ত্রীর তীব্র সমালোচনা - ঘটনাটি সংবাদ মাধ্যমে বড় খবর হয়ে উঠেছে।","মার্কিন পররাষ্ট্রমন্ত্রী মাইক পম্পেও দাবি করেছেন যে আল-কায়েদা এখন ইরানের সুরক্ষায় কাজ করছে, যদিও তিনি এর স্বপক্ষে কোনো সুনির্দিষ্ট প্রমাণ দেননি। তিনি আল-কায়েদার দ্বিতীয় শীর্ষ নেতা আল-মাসরির ইরানে নিহত হওয়ার খবর নিশ্চিত করেছেন, যা তার দাবিকে আরও জোরালো করে। তবে ইরানের পররাষ্ট্রমন্ত্রী জাভাদ জারিফ এই অভিযোগকে 'যুদ্ধোন্মাদসুলভ মিথ্যা' বলে অভিহিত করে তীব্র নিন্দা জানিয়েছেন।",21.43,7.32,11.9
news-50997027,"যুক্তরাষ্ট্রের প্রেসিডেন্ট ডোনাল্ড ট্রাম্প হুঁশিয়ার করে বলেছেন, তেহরান যদি আমেরিকার নাগরিক কিংবা মার্কিন সম্পদের উপর হামলা চালায় তাহলে তার জবাবে ইরানের ৫২টি লক্ষ্যবস্তুতে পাল্টা হামলা চালানো হবে।","ইরানের শীর্ষ জেনারেল কাসেম সোলেইমানি নিহত হওয়ার পর ইরান প্রতিশোধের হুমকি দিলে মার্কিন প্রেসিডেন্ট ডোনাল্ড ট্রাম্প ইরানকে পাল্টা হুঁশিয়ারি দিয়েছেন। ট্রাম্প বলেছেন, যুক্তরাষ্ট্র ইরানের ৫২টি স্থানকে টার্গেট করেছে এবং আমেরিকানদের ওপর হামলা হলে দ্রুত ও কঠোরভাবে হামলা চালানো হবে। এর প্রতিক্রিয়ায় একটি মার্কিন সরকারি ওয়েবসাইট হ্যাক করা হয়েছে, যেখানে দাবি করা হয়েছে যে এটি ইরান সাইবার নিরাপত্তা গ্রুপের কাজ।",27.91,11.9,20.93
news-40872238,"হিন্দু ধর্মে গরুকে দেবতা হিসাবে দেখা হয়, তাই ভারতের অনেক রাজ্যে গরু জবাই নিষিদ্ধ করা হয়েছে।",ভারতে গরু ও গরুর মাংস বহনের অভিযোগে গো-রক্ষকদের হামলার কারণে চামড়া শিল্প সংকটে পড়েছে। পরিবহন কোম্পানিগুলো চামড়া বহন করতে চাইছে না এবং চামড়া ব্যবসায়ীরা ব্যবসা বন্ধের উপক্রম হয়েছে। এর ফলে লাখ লাখ মানুষ চাকরি হারানোর ঝুঁকিতে রয়েছে এবং অনেক ব্যবসায়ী অন্য দেশে ব্যবসা সরিয়ে নেওয়ার কথা ভাবছেন।,9.38,0.0,6.25
news-52603696,"চীনের গণমাধ্যমগুলোকে দেশটির একজন জ্যেষ্ঠ কর্মকর্তা বলেছেন, করোনাভাইরাস মহামারি একটি বড় পরীক্ষা যা চীনের জনস্বাস্থ্য ব্যবস্থার দুর্বলতাকে প্রকাশ করেছে।","চীনে করোনাভাইরাসের প্রাদুর্ভাবে প্রাণ হারানোদের স্মরণ করে দেশটির জাতীয় স্বাস্থ্য কমিশনের পরিচালক লি বিন স্বীকার করেছেন যে এই মহামারি চীনের জনস্বাস্থ্য ব্যবস্থার দুর্বলতাকে সামনে এনেছে। ভাইরাস মোকাবিলায় চীনের প্রাথমিক পদক্ষেপ নিয়ে সমালোচনার মুখে তিনি জানান, চীন এখন রোগ প্রতিরোধ, জনস্বাস্থ্য ও তথ্য সংগ্রহ ব্যবস্থার উন্নয়ন ঘটাবে। উল্লেখ্য, উহানে ভাইরাসটির প্রাদুর্ভাব মোকাবিলায় দেরির অভিযোগ এবং আন্তর্জাতিক তদন্তের আহ্বান নাকচ করে দেওয়ার পাশাপাশি একজন চিকিৎসককে সতর্ক করার জন্য ""মিথ্যা তথ্য বানাতে"" নিষেধ করা হয়েছিল, যিনি পরে কোভিড-১৯ এ আক্রান্ত হয়ে মারা যান।",16.0,6.12,12.0
news-52076760,চীনের যে উহান শহর থেকে করোনাভাইরাস মহামারির সূচনা হয়েছিল - সেই শহরটি দুই মাসেরও বেশি সময় অবরুদ্ধ রাখার পর আজ আংশিকভাবে খুলে দেওয়া হয়েছে।,"করোনাভাইরাসের প্রকোপ কমে যাওয়ায় দু'মাস পর চীনের উহান শহর ধীরে ধীরে খুলতে শুরু করেছে। যদিও শহরে প্রবেশাধিকার দেওয়া হয়েছে, তবে বাইরে যাওয়ার অনুমতি এখনো মেলেনি, যা আরও দুই সপ্তাহ পর কার্যকর হবে। এই দীর্ঘ বিচ্ছিন্নতার পর আত্মীয়-স্বজনের সাথে দেখা করতে পেরে যাত্রীরা আনন্দিত, কারণ উহান থেকেই বিশ্বব্যাপী করোনাভাইরাসের সংক্রমণ শুরু হয়েছিল এবং শহরটিতে ৫০,০০০ এরও বেশি মানুষ আক্রান্ত হয়েছিলেন।",21.18,4.82,11.76
news-43689479,বাংলাদেশে চাকরির ক্ষেত্রে কোটা সংস্কারের দাবিতে ঢাকার শাহবাগে বেশ বড় ধরনের বিক্ষোভ হয়েছে। সিভিল সার্ভিস বিসিএস সহ সকল সরকারি চাকরিতে কোটা ব্যবস্থায় নিয়োগের প্রচলিত ব্যবস্থার সংস্কার দাবি করে রোববার শাহবাগে অবস্থান নেয় বিভিন্ন প্রতিষ্ঠানের শত শত শিক্ষার্থী।,"শাহবাগে কোটা সংস্কারের দাবিতে আন্দোলনরত শিক্ষার্থীরা সরকারি চাকরিতে বিদ্যমান কোটা ব্যবস্থার যৌক্তিক সংস্কারের দাবি জানিয়েছেন। তাদের মূল দাবি কোটা বাতিল নয়, বরং এর সংস্কার, কারণ প্রচলিত কোটার কারণে মেধাবীরা বঞ্চিত হচ্ছেন। আন্দোলনকারীরা ঘোষণা দিয়েছেন যে দাবি পূরণ না হওয়া পর্যন্ত তারা আন্দোলন চালিয়ে যাবেন এবং নতুন কর্মসূচি ঘোষণা করবেন, যদিও পুলিশ তাদের ছত্রভঙ্গ করে দিয়েছে।",26.09,6.67,21.74
news-54731674,সম্প্রতি বাংলাদেশে একজন বেসামরিক নাগরিকের কাছ থেকে ইসরায়েলের সামরিক বাহিনীর ব্যবহৃত উজি পয়েন্ট টু-টু বোর পিস্তল উদ্ধারের পর থেকে নড়েচড়ে বসেছে প্রশাসন।,"সম্প্রতি এক বেসামরিক নাগরিকের কাছ থেকে উজি পিস্তল উদ্ধারের ঘটনায় পুলিশ ও আইনশৃঙ্খলা রক্ষাকারী বাহিনী উদ্বেগ প্রকাশ করেছে। পুলিশ জানিয়েছে, এটি একটি মিলিটারি গ্রেডের অস্ত্র এবং বেসামরিক নাগরিকদের এটি ব্যবহারের অনুমতি নেই, যা আইনের ফাঁক গলে কিছু ব্যবসায়ী আমদানি করে বিক্রি করছে। স্বরাষ্ট্র মন্ত্রণালয় এই অস্ত্র উদ্ধারের ঘটনায় আইনগত ত্রুটি খতিয়ে দেখার কথা জানিয়েছে এবং পুলিশ এ বিষয়ে মন্ত্রণালয়কে চিঠি দেবে।",19.05,9.76,19.05
news-43901842,যুক্তরাজ্যের বিশ্ববিদ্যালয়গুলোর মধ্যে একটি র‍্যাংকিংয়ে বিশ্বখ্যাত অক্সফোর্ড হেরে গেলো আরেক বিশ্বখ্যাত প্রতিষ্ঠান ক্যামব্রিজের কাছে।,"ক্যামব্রিজ বিশ্ববিদ্যালয় টানা অষ্টম বারের মতো অক্সফোর্ডকে হারিয়ে দি কমপ্লিট ইউনিভার্সিটি গাইড ২০১৯ র‍্যাংকিংয়ে শীর্ষস্থান দখল করেছে। এই র‍্যাংকিংয়ে গবেষণা, শিক্ষার্থীদের সন্তুষ্টি এবং স্নাতকদের ভবিষ্যৎ কর্মসংস্থান সহ দশটি বিষয় বিবেচনা করা হয়েছে। লন্ডন স্কুল অফ ইকোনমিকস তৃতীয় এবং ইম্পেরিয়াল কলেজ চতুর্থ স্থান অধিকার করেছে, যেখানে স্ট্যাফোর্ডশায়ার বিশ্ববিদ্যালয় ৭৩ থেকে ৩২ নম্বরে উঠে এসে উল্লেখযোগ্য অগ্রগতি দেখিয়েছে।",5.48,2.82,5.48
news-48131563,ব্যাপক শক্তি নিয়ে উড়িষ্যা উপকূলের দিকে ধেয়ে যাচ্ছে অতিপ্রবল ঘূর্ণিঝড় ফণী।,"অতিপ্রবল ঘূর্ণিঝড় ফণী শুক্রবার দুপুর নাগাদ উড়িষ্যা উপকূলে এবং সন্ধ্যায় বাংলাদেশের উপকূলে আঘাত হানতে পারে। এর প্রভাবে মংলা ও পায়রা সমুদ্রবন্দরে ৭ নম্বর বিপদ সংকেত, চট্টগ্রাম বন্দরে ৬ নম্বর বিপদ সংকেত এবং কক্সবাজারে ৪ নম্বর হুঁশিয়ারি সংকেত জারি করা হয়েছে। আবহাওয়া অধিদপ্তর ঘূর্ণিঝড়ের সময় জারি করা বিভিন্ন সংকেতের অর্থ ব্যাখ্যা করেছে, যা ১ থেকে ১১ পর্যন্ত বিস্তৃত এবং বাতাসের গতিবেগ ও ঝুঁকির মাত্রা অনুযায়ী পরিবর্তিত হয়।",10.39,5.33,7.79
news-40795840,বাংলাদেশে দু'হাজার সাল থেকে সাতটি নতুন রোগ শনাক্ত হয়েছে। যার সবগুলি পশু-পাখি ও কীট-পতঙ্গের মাধ্যমে ছড়ায়।,"সাম্প্রতিককালে পশু-পাখি ও কীট-পতঙ্গ বাহিত রোগ, বিশেষ করে জুনোটিক ডিজিজ, বৃদ্ধি পাচ্ছে এবং পুরনো রোগেরও নতুন করে প্রাদুর্ভাব দেখা দিচ্ছে। যেমন, ২০০৩ সালে ফরিদপুরের খোকন ভাণ্ডারীর পরিবার নিপা ভাইরাসে আক্রান্ত হয়ে নয়জন মারা যান, যা বাদুড়ের মাধ্যমে খেজুরের রস থেকে ছড়িয়েছিল। বর্তমানে বাংলাদেশে এডিস মশা বাহিত চিকুনগুনিয়া এবং সোয়াইন ফ্লু-এর মতো জুনোটিক রোগগুলো জনস্বাস্থ্যের জন্য নতুন আতঙ্ক সৃষ্টি করেছে।",22.22,7.59,12.35
39620775,একটি বাছুরের প্রাণ সংহার করার দায়ে ভারতের এক গ্রাম-পঞ্চায়েত এক লোককে আদেশ দিয়েছে নিজের মেয়েকে গরুর মালিকের ছেলের সাথে বিয়ে দিতে।,"ভারতের মধ্যপ্রদেশের গুনা জেলায় তিন বছরের পুরনো একটি বিবাদের মীমাংসা করতে গ্রাম পঞ্চায়েত পাঁচ বছরের এক শিশুর সঙ্গে আট বছরের এক শিশুর বিয়ের নির্দেশ দিয়েছে। একটি বাছুরকে ঢিল মেরে হত্যা করার ঘটনাকে কেন্দ্র করে এই বিবাদ শুরু হয়েছিল, যার ফলে জগদীশ বানজারা নামের এক ব্যক্তিকে সামাজিকভাবে একঘরে করা হয়। পঞ্চায়েত সিদ্ধান্ত নেয় যে জগদীশের মেয়েকে বাছুরের মালিকের ছেলের সাথে বিয়ে দিতে হবে, এবং এই বাল্যবিবাহের প্রস্তুতি চলছে বলে জানা গেছে। এই ঘটনায় মেয়েটির মা পুলিশের কাছে অভিযোগ দায়ের করেছেন এবং প্রশাসন বিষয়টি তদন্ত করছে।",28.3,9.62,20.75
news-42223538,বাংলাদেশে শিক্ষার মান নিয়ে সরকারের পরিচালিত এক গবেষণা বলছে প্রাথমিক বিদ্যালয়ের শিক্ষার্থীরা তাদের প্রয়োজনীয় শিক্ষার মাত্র ৪০ শতাংশ স্কুল থেকে পাচ্ছে।,"ঢাকার একটি গবেষণায় দেখা গেছে যে সরকারি প্রাথমিক বিদ্যালয়গুলোতে শিক্ষার মান উদ্বেগজনকভাবে নিম্ন, বিশেষ করে পঞ্চম শ্রেণীর ৯০% শিক্ষার্থীর গণিত এবং তৃতীয় শ্রেণীর ৩৫% শিক্ষার্থীর বাংলা শিক্ষার মান খারাপ। এই পরিস্থিতি দেশের সামগ্রিক শিক্ষাব্যবস্থার ওপর নেতিবাচক প্রভাব ফেলছে, যার প্রধান কারণ শিক্ষক স্বল্পতা এবং অতিরিক্ত শিক্ষার্থীর চাপ। সরকার এই সমস্যা সমাধানে উদ্যোগী হয়েছে এবং গণিত শিক্ষার মান উন্নয়নে বিভিন্ন প্রতিযোগিতার আয়োজন করার কথা ভাবছে।",9.41,2.41,7.06
news-43763267,যুক্তরাজ্যের শিক্ষার্থীদের মধ্যে আত্মহত্যার হার সাধারণ জনসংখ্যার তুলনায় বেশি বলে দাবি করেছেন গবেষকরা।,"শিক্ষার্থীদের মধ্যে মানসিক অবসাদ ও আত্মহত্যার প্রবণতা আশঙ্কাজনকভাবে বৃদ্ধি পাচ্ছে, বিশেষত ২০০৭ থেকে ২০১৬ সালের মধ্যে আত্মহত্যার হার ৫৬ শতাংশ বেড়েছে। যদিও পুরুষ শিক্ষার্থীদের মধ্যে আত্মহত্যার হার বেশি, তবে সাম্প্রতিককালে নারী শিক্ষার্থীদের মধ্যেও এই প্রবণতা বাড়ছে। জাতীয় পরিসংখ্যান দফতর এবং গবেষকরা মনে করেন, এই পরিসংখ্যানগুলো শিক্ষার্থীদের আত্মহত্যার ঝুঁকির বিষয়টি নিশ্চিত করতে পুরোপুরি সক্ষম নয়, কারণ এতে শিক্ষার্থীদের ধরণ বা পড়াশোনার বিষয়বস্তু বিবেচনা করা হয়নি, এবং বিশ্ববিদ্যালয়গুলোর ভিন্ন পদক্ষেপ গ্রহণ করলে এই হার কমানো সম্ভব হতো।",13.64,6.98,13.64
news-44451269,বাংলাদেশে পার্বত্য জেলা রাঙামাটির নানিয়ারচর উপজেলায় পাহাড়ে ভূমিধসে ১০ জন নিহত হয়েছে।,"গত বছর ১৩ জুন রাঙামাটিতে ভয়াবহ পাহাড় ধসের এক বছর পূর্তিতে আবারও জেলাটিতে ভূমিধসের ঘটনা ঘটেছে। টানা বৃষ্টির কারণে নানিয়ারচর ও রাঙামাটি সদরসহ মোট বিশটির মতো ভূমিধস হয়েছে, যার ফলে যান চলাচল বন্ধ হয়ে গেছে। জেলা প্রশাসক একেএম মামুনুর রশিদ আরও ভূমিধসের আশঙ্কা করছেন এবং ২১টি আশ্রয়কেন্দ্র খুলে মানুষকে নিরাপদ স্থানে সরিয়ে নেওয়া হচ্ছে।",9.09,0.0,6.06
news-56483534,বাংলাদেশের প্রতিষ্ঠা এবং ১৯৭১ সালের যুদ্ধের ৫০তম বার্ষিকী উপলক্ষে পাকিস্তানের একটি বেসরকারি বিশ্ববিদ্যালয়ের আয়োজিত এক অনলাইন সম্মেলন কিছু মহলের আপত্তির কারণে বাতিল করে দেয়া হয়েছে।,"লাহোর ইউনিভার্সিটি অব ম্যানেজমেন্ট সায়েন্সেস (LUMS) কর্তৃক আয়োজিত 'যুদ্ধ, সহিংসতা এবং স্মৃতি' শীর্ষক একটি সম্মেলন ""অনিবার্য কারণে"" বাতিল করা হয়েছে, যা ২৩ থেকে ২৭ মার্চ অনুষ্ঠিত হওয়ার কথা ছিল। এই সম্মেলনটি ১৯৭১ সালের যুদ্ধ এবং বাংলাদেশের প্রতিষ্ঠা নিয়ে আলোচনার উদ্দেশ্যে আয়োজিত হয়েছিল। সম্মেলন বাতিলের পর সামাজিক মাধ্যমে মতপ্রকাশের স্বাধীনতার লঙ্ঘন নিয়ে ব্যাপক আলোচনা শুরু হয়, কারণ পাকিস্তানে ১৯৭১ সালের বিষয়টি এখনও অত্যন্ত স্পর্শকাতর।",25.0,6.98,13.64
news-37897017,আর একদিন পরেই অনুষ্ঠিত হতে যাচ্ছে মার্কিন যুক্তরাষ্ট্রের প্রেসিডেন্ট নির্বাচন। হোয়াইট হাউজে কে আসবেন - হিলারী ক্লিনটন নাকি ডোনাল্ড ট্রাম্প ? পুরো বিশ্বের মতো বাংলাদেশও এ নিয়ে চলছে নানা জল্পনা।,"বাংলাদেশে আমেরিকার নির্বাচন নিয়ে ব্যাপক আগ্রহ দেখা যাচ্ছে, যেখানে চায়ের দোকান থেকে শুরু করে গণপরিবহন পর্যন্ত সর্বত্রই এই বিষয়ে আলোচনা চলছে। হিলারি ক্লিনটন ও ডোনাল্ড ট্রাম্প উভয় প্রার্থীর প্রতিই সমর্থন থাকলেও, ট্রাম্পের মুসলিম বিদ্বেষী মন্তব্যের কারণে অনেকে তার জয়লাভকে বাংলাদেশের জন্য নেতিবাচক মনে করছেন। সাধারণ মানুষ ও গণমাধ্যম উভয়ই মনে করে যে আমেরিকার প্রেসিডেন্টের সিদ্ধান্ত বিশ্বজুড়ে প্রভাব ফেলে, তাই বাংলাদেশের ভালো-মন্দও এর উপর নির্ভরশীল।",15.05,2.2,8.6
46701606,"বাংলাদেশের ফুলবাড়ী কয়লা খনি প্রকল্পের পেছনে রয়েছে যে ব্রিটিশ মাইনিং কোম্পানি, লন্ডনে তাদের বার্ষিক সাধারণ সভার বাইরে পরিবেশবাদীদের বিক্ষোভের সময় তিনজনকে আটক করেছে পুলিশ।","জিসিএম রিসোর্সের শেয়ারহোল্ডারদের সভার বাইরে পরিবেশবাদী গোষ্ঠীগুলো বিক্ষোভ করে, যেখানে 'একস্টিংশন রেবেলিয়ন' এর তিন সদস্যকে পুলিশ আটক করে। বিক্ষোভকারীরা ভবনের নিরাপত্তা গেটে নিজেদের আঠা দিয়ে আটকে শেয়ারহোল্ডারদের প্রবেশে বাধা দেওয়ার চেষ্টা করে। লন্ডন মাইনিং নেটওয়ার্কের রিচার্ড সলি ফুলবাড়ী প্রকল্পের পরিবেশগত ও স্থানীয় জনগোষ্ঠীর উপর বিরূপ প্রভাব নিয়ে উদ্বেগ প্রকাশ করেন এবং জিসিএম-এর চীনা কোম্পানির সাথে যুক্ত হয়ে প্রকল্পটি এগিয়ে নেওয়ার প্রচেষ্টার সমালোচনা করেন।",15.91,2.33,6.82
news-45246389,বাংলাদেশে পশুর চামড়ার সরকার নির্ধারিত মূল্য কমানোর সিদ্ধান্তের ফলে কওমি মাদ্রাসাগুলোর শিক্ষা কার্যক্রম ক্ষতিগ্রস্ত হবে বলে অভিযোগ করেছে কওমি মাদ্রাসাগুলোর সংগঠন কওমী ফোরাম।,"কোরবানির চামড়া বিক্রির অর্থ দেশের অনেক মাদ্রাসার আয়ের প্রধান উৎস। চামড়ার দাম ক্রমাগত কমতে থাকায় কওমি মাদ্রাসার আয় কমে যাচ্ছে, যা শিক্ষার্থীদের ভবিষ্যৎ নিয়ে অনিশ্চয়তা তৈরি করছে। কওমি ফোরামের সমন্বয়ক মুফতি সাখাওয়াত হুসাইন আশঙ্কা করছেন যে চামড়ার দাম কমার কারণে অনেক মাদ্রাসার পরিচালনা ব্যয় মেটানো কঠিন হবে এবং কিছু মাদ্রাসা সবচেয়ে বেশি ক্ষতিগ্রস্ত হবে।",12.99,2.67,10.39
news-47862421,সাবেক স্বামী আবার বিয়ে করার সময় ফেসবুকে সেই স্ত্রীকে 'ঘোড়া' বলে গালি দেওয়ায় এক ব্রিটিশ নারীকে দুবাইয়ে কারাদণ্ড দেওয়া হয়েছে বলে জানা গেছে।,"লালেহ শাহরাভেশ নামের এক নারী তার সাবেক স্বামীর শেষকৃত্যে অংশ নিতে দুবাই গেলে তাকে গ্রেপ্তার করা হয়। ২০১৬ সালে সাবেক স্বামী দ্বিতীয় বিয়ে করার সময় ফেসবুকে দুটি ছবিতে আপত্তিকর মন্তব্য করার জন্য তার বিরুদ্ধে আইনি পদক্ষেপ নেওয়া হয়। সংযুক্ত আরব আমিরাতের সাইবার অপরাধ আইন অনুযায়ী, সামাজিক মাধ্যমে অসম্মানজনক মন্তব্য করার জন্য তার দুই বছর পর্যন্ত কারাদণ্ড অথবা ৫৫ হাজার পাউন্ড জরিমানা হতে পারে।",13.95,2.38,11.63
news-47591664,নিউজিল্যান্ডের ক্রাইস্টচার্চে দু'টি মসজিদে হামলায় অন্তত ৪৯ জনকে হত্যার ঘটনায় জড়িত থাকার অভিযোগে প্রধান সন্দেহভাজন হিসেবে ব্রেন্টন টারান্টকে শনিবার আদালতে হাজির করা হয়েছে । তার বিরুদ্ধে একটি হত্যাকান্ডের অভিযোগ আনা হয়েছে।,"ক্রাইস্টচার্চ মসজিদে হামলার প্রধান সন্দেহভাজন ব্রেন্টন টারান্টকে আদালতে হাজির করা হয়েছে, যেখানে তার বিরুদ্ধে আরও অভিযোগ আনা হবে বলে ধারণা করা হচ্ছে। নিউজিল্যান্ডের প্রধানমন্ত্রী জাসিন্ডা আর্ডেন এই হামলাকে উগ্র-সন্ত্রাসবাদী হামলা হিসেবে আখ্যায়িত করেছেন এবং জানিয়েছেন যে হামলাকারীর আগ্নেয়াস্ত্রের লাইসেন্স ছিল, যদিও আটক অন্য দুজনের কোনো অপরাধের রেকর্ড নেই। এই হামলায় ৪৮ জন আহত হয়েছেন, যার মধ্যে দুই বছর বয়সী ও ১৩ বছর বয়সী শিশুও রয়েছে এবং বাংলাদেশ, ভারত ও ইন্দোনেশিয়ার নাগরিকরাও হতাহতদের মধ্যে রয়েছেন।",30.19,13.46,24.53
news-46500148,বাংলাদেশে ৩০শে ডিসেম্বরের নির্বাচনকে সামনে রেখে প্রধান দুটো দল তাদের নিজ নিজ জোটের শরিকদের সাথে আসন ভাগাভাগি চুড়ান্ত করেছে।,"৩০শে ডিসেম্বর অনুষ্ঠিতব্য একাদশ জাতীয় সংসদ নির্বাচনের প্রার্থিতা প্রত্যাহারের সময়সীমা শেষ হয়েছে এবং নির্বাচনী প্রচারণা শুরু হয়েছে। এই নির্বাচনটি বাংলাদেশের ইতিহাসে ব্যতিক্রমী, কারণ প্রায় ১০ বছর পর সব প্রধান রাজনৈতিক দল এতে অংশ নিচ্ছে। ক্ষমতাসীন আওয়ামী লীগ তার মহাজোট শরিকদের ৪৫টি আসন দিয়েছে, যেখানে বিএনপি তার দুই জোটকে মোট ৫৮টি আসন দিয়েছে, যার মধ্যে ২২টি আসনে জামায়াতের নেতারা ধানের শীষ প্রতীকে নির্বাচন করবেন।",12.2,0.0,12.2
news-49081638,বাংলাদেশে বিভিন্ন স্থানে গত কয়েকসপ্তাহে বেশ কয়েকটি গণপিটুনির ঘটনায় অন্তত সাত জন নিহত এবং আরো অনেকে আহত হয়েছেন।,"বাংলাদেশে সম্প্রতি পদ্মা সেতুতে মাথা লাগার গুজবকে কেন্দ্র করে ছেলেধরা সন্দেহে গণপিটুনিতে অন্তত সাতজনের মৃত্যু হয়েছে। যদিও আইন প্রয়োগকারী সংস্থা ও সেতু কর্তৃপক্ষের বিজ্ঞপ্তি সত্ত্বেও গুজব থামানো যায়নি, গণপিটুনিতে হত্যার ঘটনা বাংলাদেশে নতুন নয়। ২০১১ থেকে ২০১৮ সাল পর্যন্ত প্রায় ৮০০ মানুষ গণপিটুনিতে মারা গেছেন, যা সামাজিক ক্ষোভ ও নির্মমতার এক ভয়াবহ চিত্র তুলে ধরে।",5.48,0.0,5.48
news-46203196,কয়েক মাসের আলাপ-আলোচনার পর ব্রেক্সিট চুক্তির একটি খসড়ায় সম্মত হয়েছে যুক্তরাজ্য এবং ইউরোপীয় ইউনিয়ন।,"টেরিজা মে ব্রেক্সিট চুক্তির খসড়া নিয়ে মন্ত্রীসভার সদস্যদের সঙ্গে আলাদাভাবে বৈঠক করেছেন এবং বুধবার দুপুরে বিশেষ বৈঠক ডেকেছেন। এই খসড়া নিয়ে দুই পক্ষের কারিগরি পর্যায়ের কর্মকর্তারা একমত হয়েছেন এবং এর ফলে পাউন্ডের মূল্য বৃদ্ধি পেয়েছে। তবে, পার্লামেন্ট ও মন্ত্রীসভার অনুমোদন না পাওয়ায় এবং বিরোধী দল ও পদত্যাগকারী মন্ত্রীদের সমালোচনার কারণে এই চুক্তির ভবিষ্যৎ এখনো অনিশ্চিত।",8.57,2.94,8.57
news-42382964,বৈজ্ঞানিক কল্পকাহিনীতে ফ্লাইং সসার বা এ ধরনের অদ্ভুত উড়ন্ত বস্তুর কথা বলা হয় যাতে করে অন্য গ্রহের প্রাণীরা চলাচল করে। কিন্তু বাস্তবে তার অস্তিত্ব আছে কি-না তা নিয়ে সন্দিহান বিজ্ঞানীরা।,"পেন্টাগন ২০০৭ থেকে ২০১২ সাল পর্যন্ত ইউএফও (UFO) বা আনআইডেন্টিফাইড ফ্লাইং অবজেক্ট নিয়ে একটি গোপন তদন্ত প্রকল্প পরিচালনা করেছে, যেখানে ২০ মিলিয়ন ডলারের বেশি খরচ হয়েছে। এই প্রকল্পটি সাবেক ডেমোক্রেট সিনেটর হ্যারি রেইড-এর উদ্যোগে শুরু হয়েছিল এবং এর উদ্দেশ্য ছিল বিদেশী শত্রুদের প্রযুক্তিগত অগ্রগতি পর্যবেক্ষণ করা। যদিও প্রকল্পটি ব্যয় কমানোর জন্য বন্ধ করে দেওয়া হয়, সিআইএ-র প্রকাশিত নথিতেও ইউএফও সংক্রান্ত তথ্য পাওয়া গেছে।",10.42,0.0,4.17
news-46877838,বাংলাদেশে ৩০ ডিসেম্বরের নির্বাচনের ৫০টি আসনের নির্বাচনী প্রক্রিয়ার ওপর এক পরিবীক্ষণের ফলাফলে ৪৭টিতেই অনিয়মের প্রমাণ পেয়েছে দুর্নীতিবিরোধী সংস্থা ট্রান্সপারেন্সি ইন্টারন্যাশনাল।,"টিআইবি তাদের পর্যবেক্ষণে নির্বাচন আচরণবিধির ব্যাপক লঙ্ঘন এবং অভূতপূর্ব অনিয়ম দেখতে পেয়েছে, যার মধ্যে নির্বাচনের আগের রাতে ব্যালটে সিল মারা, প্রতিপক্ষের এজেন্টদের কেন্দ্রে প্রবেশে বাধা এবং প্রকাশ্যে সিল মারার মতো ঘটনা উল্লেখযোগ্য। টিআইবি এই নির্বাচনকে প্রশ্নবিদ্ধ উল্লেখ করে বিচার-বিভাগীয় তদন্তের দাবি করেছে। তবে নির্বাচন কমিশন এই অভিযোগ অস্বীকার করে বলেছে যে নির্বাচন সুনির্দিষ্ট আইনের অধীনেই হয়েছে এবং অভিযোগের প্রতিকারের আইনি কাঠামো বিদ্যমান।",2.41,0.0,2.41
news-43610420,"বেশিরভাগ মানুষের জন্যে তো বটেই, পর্বতারোহীদের জন্যেও, বিশ্বের সর্বোচ্চ পর্বতে আরোহণ করা এক রোমহর্ষক অভিজ্ঞতা। কারণ এসময় বহু অজানা চ্যালেঞ্জের মুখে পড়তে হয়।","নেপালি পর্বতারোহী কামি রিতা শেরপা, যিনি ২১ বার এভারেস্টের চূড়ায় উঠেছেন, তিনি এবার সর্বোচ্চ সংখ্যকবার এভারেস্ট আরোহণের রেকর্ড ভাঙতে যাত্রা শুরু করেছেন। বর্তমানে ২১ বার এভারেস্ট আরোহণের রেকর্ডটি যৌথভাবে তিনজন নেপালি পর্বতারোহীর দখলে, যার মধ্যে কামি রিতাও একজন। তিনি যদি আরেকবার সফলভাবে এভারেস্ট আরোহণ করতে পারেন, তবে এই রেকর্ডটি তার একার দখলে আসবে এবং তিনি বিশ্বের সবচেয়ে অভিজ্ঞ এভারেস্ট আরোহী হিসেবে পরিচিতি লাভ করবেন। কামি রিতা ১৯৯৪ সালে প্রথম এভারেস্ট আরোহণ করেন এবং বর্তমানে তিনি একটি মার্কিন পর্বতারোহণ প্রতিষ্ঠানে গাইড হিসেবে কাজ করছেন।",5.66,0.0,3.77
43207435,"বাংলাদেশে যারা 'গুরুত্বপূর্ণ ব্যক্তি' হিসেবে পরিচিত, তাদের অনেকেরই চিকিৎসা নেবার জন্য থাইল্যান্ড, সিঙ্গাপুর, ইউরোপ কিংবা আমেরিকায় ছুটে যাওয়ার বিষয়টি নতুন কোন বিষয় নয়।","নাগরিক পরিষদ নামের একটি সংগঠন ঢাকায় মানববন্ধন করে প্রশ্ন তুলেছে যে, রাষ্ট্রের গুরুত্বপূর্ণ ব্যক্তিরা কেন দেশের বাইরে চিকিৎসা নেন। সংগঠনটির মতে, রাষ্ট্রপতি, প্রধানমন্ত্রী ও মন্ত্রীরা বিদেশে চিকিৎসা নিলে দেশের স্বাস্থ্য ব্যবস্থার দুর্বলতা প্রমাণিত হয়। তারা দাবি করেন, এই ব্যক্তিরা দেশের হাসপাতালে চিকিৎসা নিলে এখানকার চিকিৎসা ব্যবস্থার মান উন্নত হতো।",5.56,0.0,5.56
news-54315492,আর্মেনিয়া এবং আজারবাইজানের সশস্ত্র বাহিনীর মধ্যে লড়াই শুরু হয়ে গেছে বিতর্কিত নাগোর্নো-কারাবাখ অঞ্চল নিয়ে। আজারবাইজানের অন্তত একটি হেলিকপ্টার গুলি করে ফেলে দিয়েছে আর্মেনিয়ার বাহিনী।,"আর্মেনিয়া ও আজারবাইজানের মধ্যে নাগোর্নো-কারাবাখ অঞ্চল নিয়ে চার দশক ধরে চলা দ্বন্দ্ব সম্প্রতি আবার মাথাচাড়া দিয়েছে, যেখানে উভয় পক্ষই একে অপরের বিরুদ্ধে হামলা চালানোর অভিযোগ করছে। আর্মেনিয়ার প্রধানমন্ত্রী নিকোল পাশিনিয়ান আজারবাইজানকে প্রথম হামলাকারী হিসেবে দাবি করলেও, আজারবাইজান এটিকে আর্মেনিয়ার হামলার পাল্টা জবাব বলছে। এই সংঘাতে উভয় পক্ষেই বেসামরিক মানুষের মৃত্যুর খবর পাওয়া গেছে এবং আন্তর্জাতিকভাবে আজারবাইজানের অংশ হিসেবে স্বীকৃত হলেও অঞ্চলটি জাতিগত আর্মেনিয়ানদের দ্বারা নিয়ন্ত্রিত।",26.37,6.74,19.78
news-52171715,যুক্তরাজ্যের হাসপাতালগুলোতে স্বাস্থ্যকর্মীদের কাজের পরিবেশ ও সরঞ্জামের শোচনীয় অবস্থা উঠে এসেছে নিবিড় পরিচর্যা বিভাগের একজন চিকিৎসকের বক্তব্যে।,"করোনাভাইরাসের প্রকোপে যুক্তরাজ্যের হাসপাতালগুলো সংকটাপন্ন রোগীদের চিকিৎসায় হিমশিম খাচ্ছে, বিশেষ করে আইসিইউতে শয্যা ও সরঞ্জামের তীব্র অভাব দেখা দিয়েছে। চিকিৎসকরা ব্যক্তিগত সুরক্ষা সরঞ্জাম (পিপিই) না পেয়ে ময়লা ফেলার ব্যাগ ও প্লাস্টিকের অ্যাপ্রোন ব্যবহার করতে বাধ্য হচ্ছেন, যা তাদের জীবনকে ঝুঁকির মুখে ফেলছে। এই পরিস্থিতিতে কর্মীরা প্রতিদিন ১৩ ঘণ্টা কাজ করছেন এবং ১৪-১৫ এপ্রিলের মধ্যে সম্ভাব্য সর্বোচ্চ সংক্রমণের জন্য প্রস্তুত হচ্ছেন, যেখানে সরঞ্জামের অভাব প্রকট আকার ধারণ করেছে।",7.06,2.41,7.06
news-47227788,বুধবার রাতে জেলা প্রশাসকের পক্ষ থেকে আহমদীয়া সম্প্রদায়ের কাছে লেখা এক চিঠিতে ফেব্রুয়ারির তৃতীয় সপ্তাহে তাদের ধর্মীয় জলসার সরকারি অনুমতি স্থগিত করার সিদ্ধান্ত জানানো হয়েছে।,"আহমদনগর গ্রামে হামলার পর পঞ্চগড় জেলা প্রশাসন আহমদিয়া মুসলিম জামাতের ২২-২৪ ফেব্রুয়ারির 'জলসা ও মহা-সমাবেশ' স্থগিত করার সিদ্ধান্ত জানিয়েছে, যদিও কোনো কারণ উল্লেখ করা হয়নি। ৬০ বছর ধরে এই জলসা অনুষ্ঠিত হলেও, সম্প্রতি খতমে নবুয়ত নামে একটি কট্টর ধর্মীয় সংগঠনের পাল্টা সমাবেশের ডাক এবং আহমদিয়াদের বাড়িতে হামলার পর এই স্থগিতাদেশ আসে। আহমদিয়া নেতারা সরকারের সিদ্ধান্ত মেনে নিলেও, এতে তাদের আর্থিক ক্ষতির পাশাপাশি তারা ""ক্ষুব্ধ এবং ব্যথিত"" বলে জানিয়েছেন।",14.74,4.3,10.53
news-50717866,"বাংলাদেশের পররাষ্ট্রমন্ত্রী একে আব্দুল মোমেন বলেছেন, রোহিঙ্গা গণহত্যার মামলার শুনানিতে মিয়ানমার যাতে মিথ্যা তথ্য দিতে না পারে, সেটা নিশ্চিত করার জন্য আন্তর্জাতিক আদালতে মামলার বাদী গাম্বিয়াকে সহযোগিতা করার সিদ্ধান্ত নিয়েছে বাংলাদেশ।",রোহিঙ্গা গণহত্যার অভিযোগে আন্তর্জাতিক বিচার আদালতে (আইসিজে) মিয়ানমারের বিরুদ্ধে গাম্বিয়ার করা মামলার শুনানি শুরু হচ্ছে। এই শুনানিতে গাম্বিয়াকে তথ্য-উপাত্ত দিয়ে সহযোগিতা করতে বাংলাদেশের পররাষ্ট্র সচিবের নেতৃত্বে একটি প্রতিনিধি দল দ্য হেগে পৌঁছেছে। মিয়ানমারের পক্ষে আত্মপক্ষ সমর্থন করতে অং সান সু চি নিজেও সেখানে উপস্থিত হয়েছেন।,25.97,2.67,18.18
news-47685392,বাংলাদেশে স্বর্ণ আমদানির জন্য লাইসেন্স পাওয়ার আবেদনপত্র বিতরণ শুরু করেছে বাংলাদেশ ব্যাংক।,"বাংলাদেশে স্বর্ণের চোরাচালান বন্ধ করে বৈধ পথে আমদানি উৎসাহিত করতে সরকার ২০১৮ সালে স্বর্ণ নীতিমালা প্রণয়ন করে। এই নীতিমালার অধীনে স্বর্ণ আমদানির লাইসেন্স দেওয়ার প্রক্রিয়া শুরু হলেও, এখন পর্যন্ত কেউ আবেদনপত্র সংগ্রহ করেননি। স্বর্ণ ব্যবসায়ীরা সরকারের এই উদ্যোগকে স্বাগত জানালেও, শুল্কের মাত্রা সহনশীল রাখার দাবি জানিয়েছেন, অন্যথায় চোরাচালান বন্ধ হবে না বলে আশঙ্কা প্রকাশ করেছেন।",17.91,3.08,14.93
news-45853084,মায়ের প্রথম মাসিক যে বয়সে হয়েছে তার সাথে ছেলের বয়ঃসন্ধিকাল কবে শুরু হবে তার একটি সম্পর্ক রয়েছে বলে মনে করছেন বিজ্ঞানীরা।,"বিশ্বব্যাপী বয়ঃসন্ধি শুরুর সময়কাল এগিয়ে আসছে বলে একটি গবেষণা থেকে জানা গেছে। ডেনমার্কের ১৬ হাজার মা ও শিশুর উপাত্ত বিশ্লেষণ করে দেখা গেছে, যেসব মায়ের মাসিক আগে শুরু হয়েছে, তাদের ছেলেদের বয়ঃসন্ধির লক্ষণগুলোও আড়াই মাস আগে দেখা দিয়েছে। বিশেষজ্ঞরা উন্নত স্বাস্থ্য ও পুষ্টিকর খাবারকে এর কারণ হিসেবে দেখলেও, শরীরের অতিরিক্ত ওজন বা স্থূলতার সাথেও এর সম্পর্ক থাকতে পারে বলে মনে করা হচ্ছে।",19.28,2.47,14.46
news-53335755,ভারতে গত বিশ বছরে ১২ লাখ মানুষ সাপের কামড়ে মারা গেছে বলে নতুন এক গবেষণার ফলাফলে জানা গেছে।,"ভারতে প্রতি বছর সাপের কামড়ে বহু মানুষের মৃত্যু হয়, যার প্রায় অর্ধেক ৩০ থেকে ৬৯ বছর বয়সী এবং এক-চতুর্থাংশ শিশু। মূলত কোবরা, রাসেলস ভাইপার ও ক্রেইটসের মতো বিষধর সাপের কামড়েই এই মৃত্যুগুলি ঘটে, বিশেষত বর্ষাকালে এবং যেখানে দ্রুত চিকিৎসা পরিষেবা অপ্রাপ্য। এই গবেষণাটি ই-লাইফ জার্নালে প্রকাশিত হয়েছে এবং এতে মিলিয়ন ডেথ স্টাডির তথ্যও ব্যবহার করা হয়েছে।",10.53,2.7,10.53
news-50178109,আওয়ামী লীগের একটি সহযোগী সংগঠন কৃষক লীগের জাতীয় সম্মেলন হবে ঢাকায়। সেই সম্মেলনে যোগ দিতে আসবেন চট্টগ্রাম থেকে প্রায় ১৯০ জন নেতা-কর্মী। সেজন্যে তারা বাংলাদেশ রেলওয়েকে অনুরোধ করেছেন তাদের যেন বিনামূল্যে ৩৮০টি টিকেট দেয়া হয়।,কৃষক লীগের চট্টগ্রাম উত্তর জেলা কমিটি তাদের জাতীয় সম্মেলনে যোগদানের জন্য ১৯০ জন প্রতিনিধি ও পর্যবেক্ষকের জন্য বাংলাদেশ রেলওয়ের কাছে বিনামূল্যে প্রথম শ্রেণীর টিকিট চেয়েছিল। তবে রেলওয়ে কর্তৃপক্ষ বিনামূল্যে টিকিট সরবরাহের কোনো বিধান না থাকায় তাদের আবেদন প্রত্যাখ্যান করেছে। এই ঘটনাটি ব্যাপক সমালোচনার জন্ম দিয়েছে।,24.69,5.06,19.75
news-43441508,কাঠমান্ডুতে ইউএস বাংলা ফ্লাইট বিধ্বস্ত হয়ে নিহত ২৬ জন বাংলাদেশির মধ্যে ১৪ জনের পরিচয় সনাক্ত করা হয়েছে।,"নেপাল ও বাংলাদেশের চিকিৎসকদের যৌথ দল দুর্ঘটনার পাঁচদিন পর ১৪ জন বাংলাদেশি, ৯ জন নেপালি এবং একজন চীনা নাগরিকের নাম ঘোষণা করেছে। নিহত ১৭ জন বাংলাদেশির নাম প্রকাশ করা হয়েছে, যাদের মধ্যে ১০-১২টি মরদেহ এতটাই পুড়ে গেছে যে ডিএনএ পরীক্ষার মাধ্যমে শনাক্ত করতে হবে। এদিকে, আহত আরও একজন বাংলাদেশিকে কাঠমান্ডু থেকে ঢাকায় আনা হয়েছে এবং গুরুতরভাবে পোড়া দুজনকে দিল্লি ও সিঙ্গাপুরে পাঠানোর ব্যবস্থা করা হচ্ছে।",16.87,4.94,12.05
news-46339895,ব্রাজিলের আমাজন নদী অববাহিকার রেইনফরেস্ট গত এক দশকে সবচেয়ে বেশি হারে উজাড় হয়েছে বলে সাম্প্রতিক এক তথ্যে জানা গেছে।,"আমাজন রেইনফরেস্টের প্রায় ৭,৯০০ বর্গ মাইল এলাকা, যা লন্ডন শহরের পাঁচ গুণেরও বেশি, ২০১৭ সালের আগস্ট থেকে ২০১৮ সালের জুলাই পর্যন্ত সবচেয়ে বেশি ক্ষতিগ্রস্ত হয়েছে। ব্রাজিলের পরিবেশ মন্ত্রী এডসন ডুয়ার্ট অবৈধ গাছ কাটাকে এর প্রধান কারণ হিসেবে উল্লেখ করেছেন এবং নবনির্বাচিত প্রেসিডেন্ট জায়ের বোলসোনারোর নীতিগুলি এই বনাঞ্চল হ্রাসের হারকে উদ্বেগজনক পর্যায়ে নিয়ে গেছে। বিশেষ করে মাতো গ্রসো এবং পারা রাজ্যে বনভূমি ধ্বংসের হার গত বছরের তুলনায় ১৩.৭ শতাংশ বৃদ্ধি পেয়েছে, যার পেছনে অবৈধ গাছ কাটার সংঘবদ্ধ চক্র এবং কৃষি সম্প্রসারণকে দায়ী করা হচ্ছে।",13.46,1.96,9.62
news-56467992,একজন যুবলীগ নেতার ওপর হামলার পরে কয়েকজনের সঙ্গে ধারালো অস্ত্র নিয়ে কুমিল্লা সিটি কর্পোরেশনের একজন কাউন্সিলরের নাচানাচি করার একটি ভিডিও ভাইরাল হয়েছে। হামলার ঘটনায় ওই কাউন্সিলরকে গ্রেপ্তার করেছে পুলিশ।,"কুমিল্লায় যুবলীগ নেতার ওপর হামলার ঘটনায় কাউন্সিলর সাইফুল বিন জলিলসহ আটজনের বিরুদ্ধে মামলা হয়েছে এবং পুলিশ সাইফুলকে গ্রেপ্তার করেছে। সুনামগঞ্জে সংখ্যালঘুদের ওপর হামলার প্রতিবাদ মিছিলে কাউন্সিলর সাইফুল গাড়ি তুলে দিলে যুবলীগ নেতা রোকনউদ্দিনসহ ৫-৬ জন আহত হন। হামলার পর একটি ভিডিও সামাজিক মাধ্যমে ছড়িয়ে পড়ে যেখানে সাইফুলকে দেশীয় ধারালো অস্ত্র হাতে নাচতে দেখা যায়, এবং পুলিশ জানিয়েছে এই ভিডিওটিও তদন্ত করা হবে।",30.43,15.56,17.39
news-40975877,পাকিস্তান রাষ্ট্রের জনক মুহাম্মদ আলী জিন্নাহ ১৯৪০ সালে লাহোরে এক বক্তৃতায় ভারতীয় উপমহাদেশে মুসলমানদের জন্য পৃথক রাষ্ট্রের প্রয়োজনীয়তার কথা বলেছিলেন।,"জিন্নাহর ""দ্বি-জাতি তত্ত্ব"" পাকিস্তানের আত্মপরিচয়ের মূল ভিত্তি, যেখানে তিনি হিন্দু ও মুসলমানকে ভিন্ন জাতিসত্তা হিসেবে বর্ণনা করেছেন। ১৯৪৭ সালে ধর্মীয় পরিচয়ের ভিত্তিতে পাকিস্তান গঠিত হলেও এটি ধর্মতান্ত্রিক রাষ্ট্র নয়। ব্রিটিশ ভারতে মুসলমানরা হিন্দু সংখ্যাগরিষ্ঠ রাষ্ট্রে সংখ্যালঘু হওয়ার আশঙ্কা করেছিল, যা জিন্নাহকে হিন্দু-মুসলিম ঐক্য থেকে সরে এসে পৃথক রাষ্ট্রের ধারণায় নিয়ে যায়।",10.96,2.82,8.22
news-44833348,ভারতের রাজধানী দিল্লিতে বায়ুদূষণের মাত্রা অসহনীয় পর্যায় অতিক্রম করায় এবিষয়ে কর্তৃপক্ষের দৃষ্টি আকর্ষণ করতে সেখনকার বাসিন্দারা দূষণ বিরোধী নানা ধরণের কার্যক্রম পরিচালনা করছেন।,"দিল্লিতে বায়ুদূষণের মাত্রা বিশ্ব স্বাস্থ্য সংস্থার নিরাপদ সীমার চেয়ে ৩০ গুণ বেশি হওয়ায় পরিস্থিতি ভয়াবহ আকার ধারণ করেছে। এই দূষণ মোকাবিলায় দিল্লির বাসিন্দারা প্রতিবাদ, র‍্যালি ও বিভিন্ন কর্মসূচির মাধ্যমে সোচ্চার ভূমিকা পালন করছেন। 'দিল্লি ট্রি'জ এসওএস' এর মতো সংস্থাগুলো দূষণ রোধে নতুন নগর পরিকল্পনা এবং সরকারি-বেসরকারি উদ্যোগের প্রয়োজনীয়তার উপর জোর দিচ্ছে, কারণ দূষণ ও গাছ কাটা উভয়ই শহরের জন্য মারাত্মক হুমকি।",13.79,4.71,11.49
news-44542582,রাশিয়ার জনসংখ্যা বিশেষজ্ঞরা ১৫ই জুলাই বিশ্বকাপ শেষ হওয়ার পরও আসর সম্পর্কে আগ্রহী থাকবেন।,"বিশ্বকাপ ফুটবল আয়োজক দেশগুলোর জন্মহার বৃদ্ধির প্রবণতা দেখা যায়, যা রাশিয়ার মতো জন্মহার কমে যাওয়া দেশের জন্য সুখবর হতে পারে। ১৯৯২ সাল থেকে রাশিয়ার জনসংখ্যা কমছে এবং ২০৫০ সাল নাগাদ তা আরও কমে যাওয়ার আশঙ্কা রয়েছে। এই সমস্যা মোকাবিলায় প্রেসিডেন্ট পুতিন বিভিন্ন সংস্কার প্রকল্প চালু করেছেন, যার মধ্যে নবজাতকের প্রথম ১৮ মাসের ভরণপোষণ খরচ রাষ্ট্র বহন করার প্রস্তাব অন্যতম।",8.33,2.86,5.56
news-51102067,বাংলাদেশে সরস্বতী পূজার কারণে ঢাকা সিটি নির্বাচন পেছানোর জন্য আদালতের দাখিল করা রিট খারিজ করে দিয়েছে আদালত।,"হিন্দু-বৌদ্ধ-খ্রিস্টান ঐক্য পরিষদ সরস্বতী পূজার কারণে ৩০শে জানুয়ারির নির্বাচন পেছানোর দাবি জানিয়েছে এবং এ বিষয়ে নির্বাচন কমিশনকে চিঠিও দিয়েছে। নির্বাচন কমিশন অবশ্য সরকারি ক্যালেন্ডার ও অন্যান্য দিক বিবেচনা করে ৩০শে জানুয়ারি ভোটের তারিখ নির্ধারণের কথা জানিয়েছে। এই পরিস্থিতিতে, নির্বাচন পেছানোর দাবিতে আদালতে রিট দাখিল করা হয়েছে এবং আদালত মঙ্গলবার এ বিষয়ে রায় দেবে।",30.56,11.43,22.22
news-48991739,উজানের পানির কারণে বাংলাদেশের উত্তরে ১৫ টি জেলার বিস্তীর্ণ এলাকা ইতিমধ্যেই পানির নিচে তলিয়ে গেছে। নতুন করে আরো কয়েকটি জেলায় তা ছড়িয়ে পড়তে পারে বলে আশংকা করা হচ্ছে।,বন্যা পূর্বাভাস ও সতর্কীকরণ কেন্দ্র জানিয়েছে যে আগামী কয়েকদিনে বাংলাদেশের উত্তরাঞ্চলের অন্তত পাঁচটি জেলায় বন্যা পরিস্থিতির আরও অবনতি হবে। উজানে ভারত ও নেপালে বন্যা পরিস্থিতি খারাপ আকার ধারণ করায় এবং বাংলাদেশ ভাটি অঞ্চলে অবস্থিত হওয়ায় এই পানি বাংলাদেশের ভেতর দিয়ে সাগরে নামবে। বর্তমানে বাংলাদেশের ১৫টি জেলা বন্যায় আক্রান্ত এবং গত ২৪ ঘণ্টায় সার্বিক বন্যা পরিস্থিতির কিছুটা অবনতি হয়েছে।,4.65,0.0,4.65
news-44291198,"ভারতের উত্তর-পূর্বাঞ্চলীয় রাজ্য আসামে জাতীয় নাগরিক পঞ্জী হালনাগাদ করা নিয়ে অনেক মানুষের মধ্যে আশঙ্কা চলছিল। তার মধ্যেই সেদেশে নাগরিকত্ব আইন সংশোধন করার জন্য যে বিল আনা হয়েছে, তাতে আশঙ্কা, সংশয় আরো বেড়েছে।","সংশোধিত নাগরিকত্ব বিলের প্রতিবাদে আসামে ব্যাপক বিক্ষোভ চলছে, কারণ এই বিল পাশ হলে বাংলাদেশ, পাকিস্তান ও আফগানিস্তান থেকে আসা হিন্দুরা ভারতের নাগরিকত্ব পাবেন। আসামের জাতীয়তাবাদী সংগঠনগুলো, যেমন অল আসাম স্টুডেন্টস ইউনিয়ন (আসু) এবং কৃষক মুক্তি সংগ্রাম সমিতি, এর বিরোধিতা করছে। তাদের মতে, এই বিল রাজ্যের জনবিন্যাস পরিবর্তন করে অসমীয়াদের সংখ্যালঘু করে দেবে এবং এটি সংবিধানের পরিপন্থী।",8.99,0.0,6.74
news-48932695,"পদ্মা সেতুর নির্মাণ কাজের জন্য মানুষের মাথা লাগবে বলে যে গুজব ছড়িয়ে পড়েছে, তার বিরুদ্ধে সতর্ক করে দিয়েছে সেতু কর্তৃপক্ষ।","পদ্মা সেতু নির্মাণে নরবলির গুজব ছড়িয়ে পড়লে প্রকল্প পরিচালকের কার্যালয় থেকে বিজ্ঞপ্তি প্রকাশ করে এটিকে ভিত্তিহীন বলে উড়িয়ে দেওয়া হয়। এই গুজবের কারণে কিছু এলাকায় অপহরণের আতঙ্ক ছড়ালেও আইনশৃঙ্খলা রক্ষাকারী বাহিনী কোনো অপহরণের খবর নিশ্চিত করেনি। রাজশাহী বিশ্ববিদ্যালয়ের অধ্যাপক সুস্মিতা চক্রবর্তী মনে করেন, বাংলাদেশের ঐতিহাসিক প্রেক্ষাপট এবং গ্রামীণ মানুষের চিন্তাধারা এই ধরনের গুজবের কারণ হতে পারে।",18.42,2.7,10.53
news-47174239,বাংলাদেশ থেকে প্রায় হাজার দুয়েক সিভিল সার্ভেন্ট বা আমলা তাদের কেরিয়ারের মাঝপথে প্রশিক্ষণ নিতে ভারতে আসবেন বলে দুই দেশ আজ এক যৌথ বিবৃতিতে ঘোষণা করেছে।,"ভারত ও বাংলাদেশের মধ্যে পঞ্চম যৌথ কনসাল্টেটিভ কমিশনের (জেসিসি) বৈঠকে দুই দেশের পররাষ্ট্রমন্ত্রীর উপস্থিতিতে একটি সমঝোতা স্মারক (এমওইউ) স্বাক্ষরিত হয়েছে। এই সমঝোতার অধীনে বাংলাদেশ সিভিল সার্ভিসের ১৮০০ কর্মকর্তাকে ভারতে প্রশিক্ষণ দেওয়া হবে, যা তাদের দক্ষতা বৃদ্ধিতে সহায়ক হবে। এই প্রশিক্ষণ কর্মসূচিটি বাংলাদেশ সিভিল সার্ভেন্টদের জন্য 'ট্রেনিং ও ক্যাপাসিটি বিল্ডিং' প্রোগ্রাম নামে পরিচিত।",18.18,0.0,10.39
news-49663510,"আসামের জাতীয় নাগরিক পঞ্জীতে ১৯ লক্ষ মানুষের নাম বাদ যাওয়ার ফলে তাদের নাগরিকত্ব প্রশ্নের মুখে পড়েছে। তাদের এবার কী হবে - আটক করে ডিটেনশন ক্যাম্পে রাখা হবে, না কি বাংলাদেশে পাঠিয়ে দেয়া হবে, তা নিয়ে সংবাদপত্রে, সামাজিক মাধ্যমে নিয়মিত আলোচনা চলছে ।","আসামের এনআরসি-তে নাম না ওঠায় বহু মানুষ পশ্চিমবঙ্গের স্টেট আর্কাইভসে ভিড় করছেন, কারণ সেখানে পশ্চিমবঙ্গের পুরোনো ভোটার তালিকা সংরক্ষিত আছে। আসামের কোকরাঝাড় থেকে আসা শাহিদ আলি ও সেকেন্দর আলি এবং কোচবিহার থেকে আসা মনোরঞ্জন মজুমদার তাদের পূর্বপুরুষদের ভোটার তালিকা খুঁজে নিজেদের ভারতীয় নাগরিকত্ব প্রমাণের চেষ্টা করছেন। পশ্চিমবঙ্গে এনআরসি চালু হওয়ার আশঙ্কায় কলকাতার বাসিন্দারাও চিন্তিত।",10.53,0.0,8.42
news-44206618,"বাংলাদেশের গবেষকরা বলছেন, দেশে এখন প্রায় ৭০ লাখ মাদকসেবী রয়েছে, যাদের বেশিরভাগ তরুণ। এদের মধ্যে ১০ বছর থেকে ৭০ বছরের বৃদ্ধও রয়েছেন।","বাংলাদেশে প্রায় ৭০ লাখ মাদকাসক্তের প্রেক্ষাপটে দেশজুড়ে মাদকবিরোধী অভিযান শুরু হয়েছে, যেখানে ইতোমধ্যে ৩০ জন নিহত এবং শত শত ব্যক্তি আটক হয়েছে। মাদকাসক্তির প্রাথমিক লক্ষণগুলো হলো আচরণগত পরিবর্তন, যেমন ঘুমের ধরনে পরিবর্তন, স্কুলে যেতে অনীহা, এবং বিভিন্ন অজুহাতে টাকা চাওয়া। এছাড়া, মেজাজের হঠাৎ পরিবর্তন, খাওয়া-দাওয়ায় অনিয়ম, অতিরিক্ত ঘুমানো বা রাতে জেগে থাকা, এবং ঘন ঘন অতিরিক্ত টাকা চাওয়াও মাদকাসক্তির ইঙ্গিত দিতে পারে। এসব লক্ষণ দেখা গেলে অভিভাবকদের সতর্ক হতে এবং সন্তানের গতিবিধি ও সঙ্গীদের বিষয়ে খোঁজখবর নিতে পরামর্শ দেওয়া হয়েছে।",5.83,3.96,5.83
news-49134755,ভারতে অভিবাসন বিষয়ে সর্বশেষ যে শুমারি হয়েছে তাতে দেখা যাচ্ছে উগান্ডা থেকে আসা মানুষের সংখ্যা খুব দ্রুত গতিতে বাড়ছে। এর কারণ কি?,"উগান্ডা থেকে আসা মানুষের সংখ্যা লাখ ছাড়িয়ে গেছে বলে ২০১১ সালের আদমশুমারিতে দেখা যায়, তবে অভিবাসন বিশেষজ্ঞ চিনমে থামবে এটিকে কর্মকর্তাদের ভুল হিসেবে আখ্যায়িত করেছেন। ১৮৯০ সালে প্রায় চল্লিশ হাজার ভারতীয়কে উগান্ডায় অভিবাসী শ্রমিক হিসেবে নেওয়া হয়েছিল, যাদের ১৯৭২ সালে ইদি আমিন দেশত্যাগে বাধ্য করেন। পরবর্তীতে অনেকে ফিরে গেলেও, বর্তমানে উগান্ডায় বসবাসকারী ভারতীয়দের সংখ্যা নিয়ে নতুন করে বিতর্ক সৃষ্টি হয়েছে।",19.51,10.0,12.2
news-50994048,বাংলাদেশে ২০১৯ সালে সড়ক দুর্ঘটনার সংখ্যা ও দুর্ঘটনায় নিহতের সংখ্যা আগের বছরের চেয়ে বেড়েছে বলে উঠে এসেছে সড়ক নিরাপত্তা পরিস্থিতি নিয়ে করা নিরাপদ সড়ক চাইয়ের বার্ষিক প্রতিবেদনে।,"২০১৯ সালে বাংলাদেশে সড়ক দুর্ঘটনা ও নিহতের সংখ্যা ২০১৮ সালের তুলনায় উল্লেখযোগ্যভাবে বৃদ্ধি পেয়েছে, যেখানে ৭৮৮ জন বেশি মানুষ নিহত হয়েছেন। ""নিরাপদ সড়ক চাই"" এর চেয়ারম্যান ইলিয়াস কাঞ্চন এই দুর্ঘটনার প্রধান কারণ হিসেবে কর্তৃপক্ষের নজরদারির অভাব এবং মহাসড়কে কম গতির যানবাহনের অনিয়ন্ত্রিত চলাচলকে দায়ী করেছেন। তিনি ঢাকা-ময়মনসিংহ মহাসড়কের উদাহরণ দিয়ে দেখিয়েছেন যে, চার লেন হওয়া সত্ত্বেও কম গতির যানবাহন ও চালকদের প্রশিক্ষণের অভাবে দুর্ঘটনা বেড়েছে।",23.66,6.59,17.2
news-52497711,"বাংলাদেশের কক্সবাজার জেলার টেকনাফে নুতন ধরণের যে ছোট পোকাগুলো দেখা গেছে, সেগুলো পঙ্গপাল কি-না তা খতিয়ে দেখবে কৃষি মন্ত্রণালয়।","টেকনাফে পঙ্গপাল সদৃশ পোকার আক্রমণে ফসলের ব্যাপক ক্ষতির আশঙ্কা করা হচ্ছে, যদিও বিশেষজ্ঞরা এখনো পোকাটির প্রজাতি সম্পর্কে নিশ্চিত নন। বঙ্গবন্ধু শেখ মুজিবুর রহমান কৃষি বিশ্ববিদ্যালয়ের অধ্যাপক মোহাম্মদ রুহুল আমিন গবেষণাগারে পরীক্ষা ছাড়া এটিকে পঙ্গপাল বলতে রাজি নন। তবে স্থানীয় কৃষি কর্মকর্তারা ক্ষতিকর বিবেচনা করে কীটনাশক ব্যবহারের পরামর্শ দিচ্ছেন, কারণ পঙ্গপাল ফসল ধ্বংস করে দেশের জন্য মারাত্মক বিপদ ডেকে আনতে পারে।",7.5,0.0,7.5
news-50038357,সিরিয়ার কুর্দিরা বলছে যে সিরিয় সরকার দেশের উত্তরাঞ্চলের সীমান্তে সেনাবাহিনী পাঠিয়ে তাদের কুর্দিদের বিরুদ্ধে তুরস্কের চালানো আগ্রাসন প্রতিহত করার চেষ্টা করবে।,"সিরিয়ায় কুর্দি বাহিনীর বিরুদ্ধে তুরস্কের অভিযানের ফলে বহু বেসামরিক মানুষ মারা গেছে এবং কুর্দি নেতৃত্বাধীন এসডিএফ নিয়ন্ত্রিত এলাকায় তীব্র বোমা হামলা হয়েছে। এই অভিযানের মূল উদ্দেশ্য কুর্দি বাহিনীকে সীমান্ত থেকে উৎখাত করা এবং তুরস্ক সিরিয়ার ভেতরে ৩০ কিলোমিটার পর্যন্ত 'নিরাপদ অঞ্চল' তৈরি করতে চায়। তুরস্কের এই আগ্রাসন এবং যুক্তরাষ্ট্র সেনা প্রত্যাহার করায় আন্তর্জাতিক সম্প্রদায় উদ্বেগ প্রকাশ করেছে, কারণ এসডিএফ ইসলামিক স্টেটের বিরুদ্ধে যুদ্ধে পশ্চিমা জোটের প্রধান সহযোগী ছিল।",8.99,2.3,6.74
news-44055048,এ বছর আগস্ট-সেপ্টেম্বর মাসে বাংলাদেশ ক্রিকেট দলের অস্ট্রেলিয়া সফরটি হচ্ছে না।,"অস্ট্রেলিয়ান টিভি চ্যানেলগুলো ফুটবল মৌসুমের কারণে বাংলাদেশ-অস্ট্রেলিয়া সিরিজ সম্প্রচারে অনাগ্রহী হওয়ায় অস্ট্রেলিয়া ক্রিকেট বোর্ড এই সফরকে 'বাণিজ্যিকভাবে লাভজনক নয়' বলে বাতিল করেছে। বাংলাদেশ ক্রিকেট বোর্ড বিকল্প সময়ের প্রস্তাব দিলেও অস্ট্রেলিয়া এখনো কোনো জবাব দেয়নি। ক্রিকইনফোর রিপোর্ট অনুযায়ী, বিকল্প প্রস্তাবগুলোর মধ্যে ২০১৯ বিশ্বকাপের পর অস্ট্রেলিয়া দলের বাংলাদেশ সফরের কথা বলা হয়েছিল।",12.7,3.28,9.52
news-40077411,বাংলাদেশের কারাগারগুলোতে মোট বন্দীর সংখ্যা প্রায় আটাত্তর হাজার। যদিও ধারণ সংখ্যা মাত্র সাড়ে ছত্রিশ হাজার।,"কারাগারে বন্দী মায়েদের সাথে তাদের শিশু সন্তানরাও বন্দী জীবন কাটাচ্ছে, যা তাদের মানসিক বিকাশ ও বিনোদন নিয়ে প্রশ্ন তোলে। কাশিমপুর নারী কারাগারে ৪৭১ জন নারী কয়েদীর সাথে ৩১টি শিশু রয়েছে, যাদের বয়স ছয় বছরের কম এবং তারা ডে কেয়ার সেন্টারে লেখাপড়া ও খেলাধুলা করে। যদিও কাশিমপুর কারাগারে শিশুদের জন্য পড়াশোনা ও চিকিৎসার ব্যবস্থা আছে, সব কারাগারে এমন সুবিধা নেই।",2.7,0.0,2.7
news-44624330,বিশ্বের পাঁচটি মুসলিম সংখ্যাগরিষ্ঠ দেশের জনগণের আমেরিকা ভ্রমণের নিষেধাজ্ঞার ব্যাপারে সমর্থন দিয়ে মার্কিন সুপ্রিম কোর্টের সিদ্ধান্তকে স্বাগত জানিয়েছেন মার্কিন প্রেসিডেন্ট ডোনাল্ড ট্রাম্প।,"মার্কিন সুপ্রিম কোর্ট ট্রাম্প প্রশাসনের বিতর্কিত ভ্রমণ নিষেধাজ্ঞাকে সমর্থন জানিয়েছে, যা ইরান, লিবিয়া, সোমালিয়া, সিরিয়া এবং ইয়েমেন থেকে অধিকাংশ মানুষের যুক্তরাষ্ট্রে প্রবেশে বাধা দেবে। ট্রাম্প এই সিদ্ধান্তকে 'অসাধারণ সাফল্য' এবং 'জাতি ও সংবিধানের জন্য মহান বিজয়' হিসেবে উল্লেখ করেছেন, দাবি করেছেন যে এটি সন্ত্রাসবাদের বিরুদ্ধে সুরক্ষার জন্য প্রয়োজনীয়। তবে, মানবাধিকার গোষ্ঠীগুলো এর তীব্র সমালোচনা করেছে এবং এটিকে মুসলমানদের বিরুদ্ধে বৈষম্যমূলক বলে অভিহিত করেছে, যদিও প্রধান বিচারপতি এই অভিযোগ অস্বীকার করেছেন।",10.87,2.22,6.52
news-42714183,হোয়াইট হাউজের চিকিৎসক বলেছেন প্রেসিডেন্ট ডোনাল্ড ট্রাম্পের বোধশক্তি পরীক্ষা করে তাতে তারা কোন অস্বাভাবিকতা খুঁজে পাননি।,"ডোনাল্ড ট্রাম্পের প্রথম শারীরিক পরীক্ষার পর চিকিৎসকরা তার স্বাস্থ্যকে 'চমৎকার' বলে ঘোষণা করেছেন। বিতর্কিত একটি বইয়ে তার মানসিক স্বাস্থ্য নিয়ে প্রশ্ন তোলার পর এই পরীক্ষাটি করা হয়। চিকিৎসক রনি জ্যাকসন জানান, ট্রাম্পের জিনগত কারণে তার স্বাস্থ্য ভালো, তবে তিনি কম চর্বিযুক্ত খাবার ও ব্যায়ামের মাধ্যমে আরও উপকৃত হতে পারেন।",9.23,3.17,6.15
news-49658208,ব্রিটিশ হোম অফিসের ঘোষণা করা নতুন প্রস্তাবনা অনুযায়ী স্নাতক ডিগ্রি অর্জনের পর কর্মসংস্থানের জন্য দুই বছর যুক্তরাজ্যে থাকতে পারবেন বিদেশি শিক্ষার্থীরা।,"যুক্তরাজ্য সরকার বিদেশি শিক্ষার্থীদের জন্য স্নাতক ডিগ্রী অর্জনের পর ব্রিটেনে থাকার সময়সীমা চার মাস থেকে বাড়িয়ে দুই বছর করার সিদ্ধান্ত নিয়েছে, যা ২০১২ সালের টেরিজা মে-এর নীতিকে বাতিল করে। এই নতুন নিয়মটি শুধুমাত্র সেইসব শিক্ষার্থীদের জন্য প্রযোজ্য হবে যারা সরকার-অনুমোদিত শিক্ষা প্রতিষ্ঠানে ভর্তি হবেন। একই দিনে, যুক্তরাজ্য সরকার ২০০ মিলিয়ন পাউন্ডের একটি জেনেটিক প্রকল্প চালু করেছে, যা ইউকে বায়োব্যাংকের অধীনে ৫ লাখ মানুষের জেনেটিক তথ্য ব্যবহার করে রোগ নিয়ন্ত্রণে নতুন ওষুধ আবিষ্কারে সহায়তা করবে।",16.49,4.21,10.31
140813_sr_broken_family,বাংলাদেশে একটি বড় অংশের মধ্যে বিবাহ বিচ্ছেদের ঘটনার কোন তথ্য প্রাতিষ্ঠানিকভাবে সংরক্ষণের উদ্যোগ দেখা যায় না।,"স্বামী-স্ত্রীর বিচ্ছেদের ফলে সন্তানদের জীবনে যে গভীর প্রভাব পড়ে, তা নিয়ে এই নিবন্ধে আলোচনা করা হয়েছে। অপরাজিতা ও নুহা নামের দুই তরুণীর ব্যক্তিগত অভিজ্ঞতার মাধ্যমে দেখানো হয়েছে কিভাবে বিচ্ছেদ তাদের মানসিক, শিক্ষাগত এবং অর্থনৈতিক জীবনে সংকট তৈরি করেছে। মা-বাবার বিচ্ছেদের পর সন্তানদের একা বেড়ে ওঠা এবং বিভিন্ন প্রতিকূলতার সম্মুখীন হওয়ার চিত্র এখানে তুলে ধরা হয়েছে।",2.74,0.0,2.74
news-52873060,অন্তত চল্লিশটি শহরে কারফিউ জারি করা হয়েছে কিন্তু বেশিরভাগ ক্ষেত্রেই কারফিউ ভঙ্গ করা হয়েছে যা ব্যাপক উত্তেজনার জন্ম দিয়েছে।,"যুক্তরাষ্ট্রের বিভিন্ন শহরে পুলিশের হাতে কৃষ্ণাঙ্গ হত্যার প্রতিবাদে বিক্ষোভ সহিংস রূপ নিয়েছে। ওয়াশিংটন, নিউইয়র্ক, ফিলাডেলফিয়া ও লস এঞ্জেলসের মতো শহরগুলোতে দাঙ্গা পুলিশ ও বিক্ষোভকারীদের মধ্যে সংঘর্ষ হয়েছে, যেখানে পুলিশ টিয়ার শেল ও মরিচের গুঁড়ো ব্যবহার করেছে। প্রেসিডেন্ট ট্রাম্প ফিলাডেলফিয়ায় লুটপাটের ঘটনায় ন্যাশনাল গার্ড ডাকার আহ্বান জানিয়েছেন, তবে ডেনভারের মতো কিছু শহরে শান্তিপূর্ণ প্রতিবাদও দেখা গেছে।",5.41,0.0,5.41
news-49696031,সেইন্ট পিটার্সবার্গ বিমানবন্দরে বিমান থেকে নেমে প্রেমিকের জন্য অপেক্ষা করছিলেন আনাস্তাসিয়া।,"আনাস্তাসিয়াকে তার প্রেমিক সের্গেইয়ের বন্ধু গাড়ি করে বাড়ি পৌঁছে দিচ্ছিলেন, কিন্তু পথে কালো কাঁচ লাগানো একটি গাড়ি তাদের পথ আটকায়। মুখোশ পরা অস্ত্রধারীরা আনাস্তাসিয়ার সুটকেস তল্লাশি করে সাদা গুঁড়ো পায় এবং তাকে নিষিদ্ধ দ্রব্য বহনের অভিযোগে অভিযুক্ত করে। এই নাটকীয় পরিস্থিতির মাঝেই সের্গেই মুখোশ খুলে আনাস্তাসিয়াকে বিয়ের প্রস্তাব দেন, যা আসলে ""এক্সট্রিম প্রপোজাল"" নামক একটি বিশেষ সেবা-দানকারী প্রতিষ্ঠানের আয়োজন ছিল।",0.0,0.0,0.0
news-54863197,"গত চার বছর প্রেসিডেন্ট ট্রাম্পকে আমি দেখেছি তার ভাল এবং খারাপ দিনগুলোতে। কিন্তু ৭ই নভেম্বর, যেদিন তিনি নির্বাচনে হারলেন, সেই দিনটির সাথে গত চার বছরের অন্য কোন দিনের তুলনা হয় না।","ডোনাল্ড ট্রাম্প গল্ফ খেলার জন্য হোয়াইট হাউস থেকে বের হন, যেখানে তিনি ভোট জালিয়াতি নিয়ে টুইট করার পর তার গল্ফ ক্লাবের দিকে রওনা হন। গল্ফ ক্লাবে থাকাকালীন, বিবিসি এবং আমেরিকান সংবাদমাধ্যমগুলো নির্বাচনের ফলাফল পূর্বাভাস দিতে শুরু করে, যা হোয়াইট হাউসে এক বিপর্যয়ের আবহ তৈরি করে। এই সময়ে হোয়াইট হাউসের কর্মীরা অস্বস্তিতে ছিলেন এবং ওয়েস্ট উইং-এর বেশিরভাগ ডেস্ক খালি ছিল, কারণ অনেকে করোনাভাইরাসে আক্রান্ত বা কোয়ারেন্টিনে ছিলেন।",6.12,0.0,4.08
news-53757405,"বাংলাদেশে অনিয়ম, হেফাজতে নিয়ে নির্যাতনসহ নানা অভিযোগে গত ২৪ ঘণ্টায় পুলিশের তিনজন ওসি বা ভারপ্রাপ্ত কর্মকর্তাকে প্রত্যাহার করা হয়েছে।","সিনহা রাশেদ নিহতের ঘটনায় পুলিশ ও ডিজিএফআই পরস্পরবিরোধী বক্তব্য দিয়েছে, যার জেরে নেত্রকোনা, কক্সবাজার এবং বরগুনার তিন ওসিকে প্রত্যাহার করা হয়েছে। বরগুনার বামনা থানার ওসি ইলিয়াস আলী তালুকদার তার সহকর্মীকে চড় মারার অভিযোগে প্রত্যাহার হন, যা সামাজিক যোগাযোগ মাধ্যমে ভাইরাল হয়েছিল। এই ঘটনায় একটি তদন্ত কমিটি গঠিত হয় এবং তাদের সুপারিশের ভিত্তিতে ওসি ইলিয়াসকে প্রত্যাহার করা হয়, যা সিনহা রাশেদ নিহতের ঘটনার কয়েকদিন পরেই ঘটল।",11.9,4.88,9.52
news-48151326,"বাংলাদেশের পররাষ্ট্রমন্ত্রী এ কে আব্দুল মোমেন বলছেন, তথাকথিত ইসলামিক স্টেটের জিহাদি বধূ শামীমা বেগম যদি বাংলাদেশে গিয়ে হাজির হয়, তাহলে তার মৃত্যুদণ্ড হবে।","পররাষ্ট্রমন্ত্রী এ কে আব্দুল মোমেন বিবিসি বাংলাকে দেওয়া এক সাক্ষাৎকারে বলেছেন, আইএস বধূ শামীমা বেগমকে বাংলাদেশ চেনে না এবং তাকে বাংলাদেশের নাগরিকত্ব দেওয়ার প্রশ্নই ওঠে না। তিনি জানান, সন্ত্রাসের প্রশ্নে বাংলাদেশ 'জিরো টলারেন্স' নীতি অনুসরণ করে এবং এ ধরনের অপরাধীর শাস্তি মৃত্যু। শামীমা বেগম ব্রিটিশ নাগরিক এবং তার দায়িত্ব ব্রিটিশ সরকারের, তাই তাকে নিয়ে বাংলাদেশের জড়ানো দুঃখজনক।",25.0,15.38,22.5
news-44847084,ইন্দোনেশিয়ার ওয়েস্ট পাপুয়া প্রদেশের একটি গ্রামের ক্ষুব্ধ অধিবাসীরা তিনশোটির মতো কুমিরকে মেরে ফেলেছে। এসব কুমির ছিলো সেখানকার একটি অভয়ারণ্যে।,"ইন্দোনেশিয়ার ওয়েস্ট পাপুয়া প্রদেশে এক গ্রামবাসী কুমিরের আক্রমণে নিহত হওয়ার পর, ক্ষুব্ধ গ্রামবাসীরা একটি কুমিরের খামারে হামলা চালিয়ে ২৯২টি কুমিরকে নির্মমভাবে হত্যা করেছে। গ্রামবাসীরা ছুরি, শাবল, হাতুড়ি ও মুগুর নিয়ে এই হামলা চালায়, যার ফলে খামারের কর্মীরা এবং পুলিশ পরিস্থিতি নিয়ন্ত্রণে আনতে ব্যর্থ হয়। ইন্দোনেশিয়ার আইন অনুযায়ী সংরক্ষিত প্রাণী হত্যা করা অপরাধ, তাই জড়িতদের বিরুদ্ধে মামলা দায়ের করা হতে পারে এবং তাদের জরিমানা বা কারাদণ্ড হতে পারে।",13.95,4.76,11.63
news-44437068,"বাংলাদেশে রোহিঙ্গা শিবিরগুলিতে ভূমিধসের যে আশংকা ত্রাণকর্মীরা আগে থেকে করছিলেন, সে আশংকাই সত্যি হয়েছে। গত তিন দিনের টানা বৃষ্টিতে টেকনাফের শরণার্থী শিবিরে ভূমিধসে অন্তত পাঁচশো লোক আহত হয়েছে।","কক্সবাজারে নিম্নচাপ ও একটানা বৃষ্টির কারণে রোহিঙ্গা শিবিরগুলোতে ভূমিধস ও বন্যার সৃষ্টি হয়েছে, যেখানে অন্তত ৬০০ ঘর বিধ্বস্ত হয়েছে। অনিয়ন্ত্রিত পাহাড় কাটা এবং পাহাড়ের উপরে ও নিচে ঝুঁকিপূর্ণভাবে ঘর নির্মাণের ফলে এই পরিস্থিতি তৈরি হয়েছে, যার ফলে লক্ষাধিক রোহিঙ্গা শরণার্থী ভূমিধস ও বন্যার দ্বিমুখী ঝুঁকিতে রয়েছেন। রেড ক্রিসেন্টের মতে, প্রায় দুই লক্ষ মানুষ ভূমিধসের ঝুঁকিতে আছেন এবং স্থানীয় সাংবাদিকরা বলছেন, পর্যাপ্ত নিরাপদ স্থানের অভাবে এই দুর্ঘটনা ঘটছে।",8.42,0.0,4.21
news-44918893,পাকিস্তানে আগামী বুধবার সাধারণ নির্বাচন অনুষ্ঠিত হতে যাচ্ছে। আর এই নির্বাচনে প্রার্থীদের প্রচারণায় গুরুত্বপূর্ণ হয়ে উঠেছেন দেশটির অসংখ্য সুফি নেতা বা পীররা। তারা বিভিন্ন প্রার্থীর পক্ষে তাদের সমর্থন ঘোষণা করে তাদের পক্ষে ভক্ত অনুসারীদের ভোট দেয়ার আদেশ দিচ্ছেন।,"পাকিস্তানে পীর বা সুফিসাধকরা রাজনীতিতে ব্যাপক প্রভাব বিস্তার করে আছেন, যেখানে অনেক পীর সরাসরি নির্বাচনে অংশ নেন অথবা তাদের অনুসারীদের মাধ্যমে রাজনৈতিক দলগুলোকে সমর্থন দেন। ইসলামাবাদের উপকণ্ঠে অনুষ্ঠিত এক সম্মেলনে শত শত পীর ও তাদের ভক্তরা একত্রিত হন, যেখানে প্রভাবশালী গোরা শরীফ দরবারের পীর ইমরান খানের দলকে সমর্থন করার ঘোষণা দেন। পীরদের এই প্রভাবের পেছনে তাদের অনুসারীদের অন্ধ আনুগত্য এবং আর্থিক লেনদেনের বিষয়টিও জড়িত, যা প্রায়শই নির্বাচনের ফলাফল নির্ধারণে গুরুত্বপূর্ণ ভূমিকা পালন করে।",21.62,0.0,12.61
news-46047804,"রোহিঙ্গা প্রত্যাবাসনের উদ্দেশ্যে তৈরি জয়েন্ট ওয়ার্কিং গ্রুপের বৈঠকের পর মঙ্গলবার মিয়ানমারের পররাষ্ট্র সচিব জানান, রোহিঙ্গাদের নিরাপদ ও সম্মানজনক প্রত্যাবাসন নিশ্চিত করতে রাখাইনে মিয়ানমার কর্তৃপক্ষ বিভিন্ন ধরণের কার্যক্রম পরিচালনা করছে।","মিয়ানমার কর্তৃপক্ষ জানিয়েছে যে নভেম্বরের মাঝামাঝি সময়ে প্রায় দুই হাজার রোহিঙ্গা বাংলাদেশ থেকে মিয়ানমারে ফেরত যাবে। জয়েন্ট ওয়ার্কিং গ্রুপের সদস্যরা রোহিঙ্গাদের আস্থা অর্জনের জন্য কক্সবাজারের ক্যাম্পগুলোতে নেতাদের সাথে কথা বলেছেন। তবে রোহিঙ্গারা প্রত্যাবাসনের আগে নাগরিকত্ব এবং জাতিসংঘের নিরাপত্তা রক্ষীদের উপস্থিতি দাবি করছে, কারণ মিয়ানমারে পরিস্থিতির কতটা উন্নতি হয়েছে তা নিয়ে প্রশ্ন রয়েছে।",22.22,7.59,14.81
news-47384798,ভারত পাকিস্তানের অব্যাহত উত্তেজনার মধ্যে এক বক্তৃতায় ভারতের শুভবুদ্ধির আহবান জানিয়েছেন পাকিস্তানের প্রধানমন্ত্রী ইমরান খান।,"পাকিস্তানের প্রধানমন্ত্রী ইমরান খান পারমাণবিক শক্তিধর দুই দেশকে দায়িত্বশীল আচরণ করার আহ্বান জানিয়েছেন। তিনি সতর্ক করেছেন যে, ভুল হিসাবের কারণে বড় যুদ্ধ শুরু হতে পারে এবং পারমাণবিক অস্ত্রের ব্যবহার নিয়ন্ত্রণহীন পরিস্থিতি তৈরি করবে। ইমরান খান ১৪ই ফেব্রুয়ারির হামলার তদন্তে সহায়তার প্রস্তাব দিয়েছিলেন, কিন্তু ভারত একতরফা ব্যবস্থা নেওয়ায় পাকিস্তান পাল্টা জবাব দিতে বাধ্য হয়েছে এবং দুটি ভারতীয় মিগ বিমান ভূপাতিত করেছে।",16.0,8.22,10.67
news-46947552,জাতীয় পার্টির চেয়ারম্যান এবং সাবেক রাষ্ট্রপতি জেনারেল হুসেইন মুহাম্মদ এরশাদ চিকিৎসার জন্য আবারো সিঙ্গাপুরে গেছেন।,"জাতীয় পার্টির চেয়ারম্যান হুসেইন মুহম্মদ এরশাদ বার্ধক্যজনিত নানা জটিলতায় ভুগছেন এবং চিকিৎসার জন্য দ্বিতীয়বারের মতো সিঙ্গাপুরে গেছেন। তার ভাই জিএম কাদের জানিয়েছেন, এরশাদ দুর্বলতা, লিভার ও রক্তে হিমোগ্লোবিন উৎপাদনে সমস্যায় ভুগছেন এবং তার হার্টের ভালভে অপারেশন হয়েছিল। বর্তমানে তার অবস্থা আগের চেয়ে ভালো বলে জানানো হয়েছে।",32.79,13.56,29.51
news-43819221,"যুক্তরাজ্যের সুপারমার্কেট আসডা থেকে অনলাইনে মেয়ের জন্য একটি কলা কিনেছিলেন ববি গর্ডন। এরপর তিনি জানতে পারলেন, সেই কলার বিল হয়েছে ৯৩০ পাউন্ড বা বাংলাদেশি টাকায় এক লাখ ১০ হাজার টাকা।","যুক্তরাজ্যে একটি কলার দাম ১১ পেন্স বা ১৩ টাকা হলেও, নটিংহ্যামের ববি গর্ডন সুপারমার্কেট আসডা থেকে একটি কলার জন্য ৯৩০ পাউন্ডের বিল পান। ক্রেডিট কার্ড কোম্পানি প্রতারণা ঠেকানোর জন্য বিলটি আটকে দিলেও, পরে আবারও একই পরিমাণ অর্থ চার্জ করা হয়। আসডা কর্তৃপক্ষ এটিকে কম্পিউটারের ভুল বলে ক্ষমা চেয়েছে এবং ভবিষ্যতে এমন ভুল যাতে না হয় তার ব্যবস্থা নিচ্ছে।",27.27,6.98,13.64
news-54693314,"ভারত ও আমেরিকার পররাষ্ট্র ও প্রতিরক্ষামন্ত্রীদের যে 'টু প্লাস টু' ডায়ালগ চলছে, তার তৃতীয় রাউন্ডের বৈঠকে অংশ নিতে মার্কিন পররাষ্ট্রমন্ত্রী মাইক পম্পেও এবং প্রতিরক্ষামন্ত্রী মার্ক এসপার সোমবার দিল্লিতে এসে পৌঁছেছেন।","ভারত ও আমেরিকার মধ্যে 'টু প্লাস টু' সংলাপের দ্বিতীয় পর্বে সামরিকভাবে গুরুত্বপূর্ণ 'বেকো' চুক্তি স্বাক্ষরিত হতে চলেছে, যার মূল লক্ষ্য চীনের মোকাবিলা করা। এই চুক্তিটি গোপনীয় স্যাটেলাইট ও সেন্সর ডেটা রিয়েল টাইমে আদানপ্রদানের জন্য চারটি মৌলিক চুক্তির অন্যতম। যদিও মার্কিন নির্বাচনের মাত্র সপ্তাহখানেক আগে এই চুক্তির ভবিষ্যৎ নিয়ে প্রশ্ন উঠছে, তবে এর মাধ্যমে একটি 'মুক্ত ও অবাধ ইন্দো-প্যাসিফিক' অঞ্চল নিশ্চিত করার চেষ্টা করা হচ্ছে।",16.84,8.6,14.74
news-51478617,বাংলাদেশের সেন্টমার্টিনে রোহিঙ্গা বোঝাই ট্রলার ডুবে যাওয়ার ঘটনায় নৌবাহিনীর উদ্ধারকারীরা এখন জীবিত কাউকে পাওয়ার আশা ছেড়ে দিয়েছেন।,"সেন্টমার্টিনে ট্রলারডুবির ঘটনায় এখনও ৫০ জনের মতো নিখোঁজ রয়েছেন, যাদের জীবিত উদ্ধারের আশা ক্ষীণ। উদ্ধারকারীরা এখন মৃতদেহ উদ্ধারের চেষ্টা করছেন। এ ঘটনায় ১৯ জনকে অভিযুক্ত করে মানব পাচার মামলা দায়ের করা হয়েছে এবং পুলিশ ৮ জন সন্দেহভাজন পাচারকারীকে আটক করেছে। ডুবে যাওয়া ট্রলারের ১৫ জন মৃতদেহের মধ্যে ১১ জন রোহিঙ্গা নারী এবং বাকিরা শিশু, এবং নিখোঁজদের মধ্যেও বেশিরভাগই রোহিঙ্গা নারী বলে ধারণা করা হচ্ছে।",19.75,2.53,9.88
news-48189060,আল-কায়েদার প্রতিষ্ঠাতা ওসামা বিন লাদেন আট বছর আগে পাকিস্তানের অ্যাবোটাবাদ শহরে মার্কিন বাহিনীর হাতে প্রাণ হারান।,"ওসামা বিন লাদেনের মৃত্যুর পর আল-কায়েদার ক্ষমতা ও প্রভাব কমলেও, সাম্প্রতিক বছরগুলোতে এটি গোপনে পুনর্গঠিত হচ্ছে এবং সমমনা আঞ্চলিক গোষ্ঠীগুলির সাথে জোটবদ্ধ হচ্ছে। ইউএস ন্যাশনাল ইন্টেলিজেন্স ও জাতিসংঘের রিপোর্ট অনুযায়ী, আল-কায়েদা বিশ্বব্যাপী তার কাঠামো জোরদার করছে এবং পশ্চিমা দেশগুলির বিরুদ্ধে হামলার জন্য মানুষকে উস্কে দিচ্ছে। সহযোগী দলগুলোর নেটওয়ার্কের মাধ্যমে আল-কায়েদা নতুন কৌশল অবলম্বন করে বিশ্ব নিরাপত্তার জন্য আবারও হুমকি হয়ে উঠছে।",9.88,5.06,4.94
news-56763449,"বাংলাদেশে বিরোধীদল বিএনপি অভিযোগ করেছে, হেফাজতের কর্মসূচিতে সহিংসতার ইস্যুকে কেন্দ্র করে সরকার এখন বিএনপিসহ বিরোধী রাজনৈতিক দলগুলোকে দমনে ক্র্যাকডাউনে নেমেছে।","২৬শে মার্চ হেফাজতে ইসলামের বিক্ষোভকে কেন্দ্র করে ব্রাহ্মণবাড়িয়া ও হাটহাজারীসহ বিভিন্ন স্থানে ব্যাপক সহিংসতা হয়। এই সহিংসতার ঘটনায় পুলিশ ধরপাকড় চালাচ্ছে, যেখানে বিএনপি অভিযোগ করছে যে লকডাউনের নামে তাদের ১৭৯ জন নেতাকর্মীকে গ্রেপ্তার করা হয়েছে। তবে সরকার বলছে, নাশকতার সাথে জড়িতদের চিহ্নিত করে গ্রেপ্তার করা হচ্ছে এবং বিএনপি এই ঘটনার সাথে তাদের কোনো সংশ্লিষ্টতা অস্বীকার করেছে।",18.42,5.41,7.89
news-47626529,ভারতের নির্বাচন ঘোষণা হওয়ার বেশ কয়েক মাস আগে থেকেই বিজেপি বিরোধী দলগুলি ঐক্যবদ্ধ হয়ে ভোটে লড়ার প্রচেষ্টা শুরু করেছিল।,"কংগ্রেস নেত্রী প্রিয়াঙ্কা গান্ধী উত্তরপ্রদেশের পূর্বাঞ্চলে দলের ভোট পরিচালনার দায়িত্বে আছেন। বিজেপি-র বিরুদ্ধে বিরোধী দলগুলো একজোট হওয়ার চেষ্টা করলেও, রাজ্যগুলিতে আসন সমঝোতা নিয়ে আঞ্চলিক দলগুলির সঙ্গে কংগ্রেসের মতবিরোধ দেখা যাচ্ছে। বিশেষ করে, উত্তরপ্রদেশে সমাজবাদী পার্টি ও বহুজন সমাজ পার্টি কংগ্রেসকে বাদ দিয়ে জোট করেছে, বিহারে আরজেডি কংগ্রেসকে কম আসন দিতে চাইছে এবং পশ্চিমবঙ্গে বামফ্রন্টের সঙ্গে আসন সমঝোতা ভেস্তে গেছে।",5.06,0.0,5.06
news-47760846,তিন সপ্তাহ আগে ইথিওপিয়ান এয়ারলাইন্সের যে বিমানটি বিধ্বস্ত হয়ে দেড়শোজনেরও বেশি মানুষ মারা গেছে তার শেষ মুহূর্তের বিস্তারিত তথ্য ধীরে ধীরে বেরিয়ে আসতে শুরু করেছে।,"ইথিওপিয়ান এয়ারলাইন্সের একটি বোয়িং ৭৩৭ ম্যাক্স বিমান উড্ডয়নের ছয় মিনিটের মধ্যে বিধ্বস্ত হয়ে ১৫৭ জন আরোহীর সবাই নিহত হয়। তদন্তে জানা গেছে, বিমানটি মাটি থেকে মাত্র ৪৫০ ফুট উপরে ওঠার পরেই এর নাক নিচের দিকে নামতে শুরু করে এবং স্বয়ংক্রিয় এন্টি-স্টলিং সিস্টেম চালু হয়ে যায়। এই একই মডেলের বিমান এর আগেও ইন্দোনেশিয়ায় বিধ্বস্ত হয়েছিল, যেখানে একই ধরনের যান্ত্রিক ত্রুটি দেখা গিয়েছিল।",16.09,4.71,13.79
news-44598319,মঙ্গলবার নাইজেরিয়ার বিপক্ষে ম্যাচের আগে ডিয়েগো ম্যারাডোনা আর্জেন্টিনার খেলোয়াড়দের সাথে দেখা করার জন্য অনুরোধ জানিয়েছেন।,ক্রোয়েশিয়ার কাছে ৩-০ গোলে পরাজিত হওয়ার পর আর্জেন্টিনার দ্বিতীয় রাউন্ডে খেলার সম্ভাবনা নিয়ে ডিয়েগো ম্যারাডোনা ক্ষুব্ধ ও হতাশ। তিনি আর্জেন্টিনা ফুটবল অ্যাসোসিয়েশনের প্রেসিডেন্ট ক্লদিও তাপিয়ার সমালোচনা করেছেন এবং কোচ ইয়র্গে সাম্পাওলিকে নিয়োগের বিষয়ে ক্ষোভ প্রকাশ করেছেন। ম্যারাডোনা খেলোয়াড়দের সাথে দেখা করে তাদের সম্মান রক্ষার জন্য অনুপ্রাণিত করতে চান।,21.87,9.68,18.75
news-51733912,করোনাভাইরাসের কারণে ভারত নির্দিষ্ট কিছু ঔষধ রপ্তানি বন্ধ করে দেয়ার ঘোষণা দেয়ায় বিশ্বে জরুরি ঔষধের সঙ্কট হওয়ার আশঙ্কা তৈরি হয়েছে।,"ভারত ২৬ ধরণের ঔষধ ও ঔষধের উপাদান রপ্তানি বন্ধ করেছে, যার মধ্যে প্যারাসিটামলও রয়েছে। চীনের উৎপাদন হ্রাস পাওয়ায় এবং ভারত ঔষধ উপাদানের জন্য চীনের ওপর ৭০% নির্ভরশীল হওয়ায় এই সিদ্ধান্ত নেওয়া হয়েছে। এর ফলে বিশ্বজুড়ে ঔষধের ঘাটতি দেখা দিতে পারে এবং দাম বাড়তে পারে বলে আশঙ্কা করা হচ্ছে।",20.59,3.03,17.65
news-55664946,ঢাকাসহ বাংলাদেশের বিভিন্ন স্থান থেকে গত ৬ বছরে ২১০ জন নবজাতককে পরিত্যক্ত ও মৃত অবস্থায় উদ্ধার করা হয়েছে বলে এক হিসাব দিয়েছে বাংলাদেশ শিশু অধিকার ফোরাম।,"বাংলাদেশে পরিত্যক্ত ও মৃত অবস্থায় নবজাতক উদ্ধারের ঘটনা আশঙ্কাজনক হারে বাড়ছে, যেখানে গত ডিসেম্বরের প্রথম ১০ দিনেই ২০টি নবজাতকের মরদেহ উদ্ধার করা হয়েছে। এসব ঘটনায় পুলিশ মামলা দায়ের করলেও অধিকাংশেরই সুরাহা হয় না এবং উদ্ধার হওয়া শিশুদের বেশিরভাগই গুরুতর আহত বা মৃত থাকে। তবে কিছু ভাগ্যবান শিশু নিঃসন্তান দম্পতি বা সরকারি আশ্রয়কেন্দ্রে ঠাঁই পায়, যেমনটি শিক্ষিকা নাফিসা ইসলাম অনন্যা এক মৃতপ্রায় শিশুকে উদ্ধার করে সুস্থ করে একটি নিঃসন্তান দম্পতির কাছে দিয়েছিলেন।",20.62,10.53,16.49
news-39398222,"বাংলাদেশের উত্তর-পূর্বাঞ্চলীয় জেলা সিলেটে যে বোমা বিস্ফোরণে পুলিশের দুজন কর্মকর্তাসহ ছয়জন নিহত হয়েছেন, সেটি আগে থেকে পেতে রাখা ছিল বলে বিবিসিকে জানিয়েছেন স্বরাষ্ট্রমন্ত্রী আসাদুজ্জামান খান।","সিলেটে জঙ্গি আস্তানা ঘেরাওয়ের পর হওয়া বিস্ফোরণকে স্বরাষ্ট্রমন্ত্রী আসাদুজ্জামান খান ""লক্ষ্য করে কোনো হামলা"" বলতে নারাজ। তার মতে, বোমাটি আগে থেকেই সেখানে রাখা ছিল এবং পুলিশ তা দেখতে গেলে বিস্ফোরিত হয়। এই বিস্ফোরণে দুজন পুলিশ কর্মকর্তা ও চারজন উৎসুক জনতাসহ মোট ছয়জন নিহত হন, এবং র‍্যাবের গোয়েন্দা প্রধান গুরুতর আহত হন, যদিও আইএস এই হামলার দায় স্বীকার করেছে।",23.53,7.23,9.41
news-38036814,"মিয়ানমারের রোহিঙ্গা মুসলমান সমর্থিত রোহিঙ্গা ভিশন নামে একটি ওয়েবসাইটে পোস্ট করা একটি ভিডিওচিত্রে, কিছু আগুনে পোড়া মৃতদেহ এবং এগুলোকে ঘিরে তাদের স্বজনদের আর্তনাদ করতে দেখা গেছে।","গত অক্টোবর মাসে মংডুর একটি মুসলিম অধ্যুষিত গ্রামে অগ্নিসংযোগের পর, ১৩ই নভেম্বর মিয়ানমার সেনাবাহিনী অন্তত ৯ জনকে জীবন্ত পুড়িয়ে মারে এবং ৯০ জনেরও বেশি মানুষ নিখোঁজ হয়। এই ঘটনার একটি ভিডিও ইউটিউবে প্রকাশিত হয়েছে, যেখানে আগুনে পোড়া ধ্বংসস্তূপের মধ্যে মৃতদেহ এবং বিলাপরত মহিলাদের দেখা যাচ্ছে। ভিডিওটির সত্যতা নিরপেক্ষভাবে যাচাই করা সম্ভব না হলেও, এতে দেখানো মানুষের ভাষা বাংলাদেশের চট্টগ্রাম অঞ্চলের ভাষার মতো, যা রোহিঙ্গা সম্প্রদায়ের ভাষার সাথে সাদৃশ্যপূর্ণ।",19.15,4.35,14.89
news-48419118,মূলত সরকারি চাকরিতে কোটা সংস্কার আন্দোলনের জের ধরেই আলোচনায় এসেছিল সাধারণ ছাত্র অধিকার সংরক্ষণ পরিষদ ও এর নেতারা।,"নুরুল হক নূর, যিনি কোটা সংস্কার আন্দোলনের মাধ্যমে পরিচিতি লাভ করেন, ঢাকা বিশ্ববিদ্যালয় কেন্দ্রীয় ছাত্র সংসদ (ডাকসু)-এর ভিপি নির্বাচিত হওয়ার পরও ছাত্রলীগের রোষানলে পড়েন। বিভিন্ন সময়ে হামলার শিকার হয়ে তিনি এর জন্য ছাত্রলীগকেই দায়ী করেছেন। সম্প্রতি ব্রাহ্মণবাড়িয়া ও বগুড়ায় ইফতার কর্মসূচিতে যোগ দিতে গিয়েও তিনি হামলার শিকার হন, যা সামাজিক যোগাযোগ মাধ্যমে ব্যাপক আলোচনা সৃষ্টি করেছে।",16.0,5.48,13.33
news-48419117,ঢাকার মালিবাগে পুলিশের একটি গাড়ির কাছে বিস্ফোরণের ঘটনার দায় স্বীকার করেছে কথিত ইসলামিক স্টেট বা আইএস।,"সম্প্রতি মালিবাগে পুলিশের গাড়ির কাছে বিস্ফোরণে একজন নারী পুলিশ কর্মকর্তা ও একজন রিকশাচালক আহত হয়েছেন, যার দায় স্বীকার করেছে ইসলামিক স্টেট (আইএস)। এর আগে ২৯শে এপ্রিল গুলিস্তানে ককটেল বিস্ফোরণে তিন পুলিশ আহত হওয়ার ঘটনার দায়ও আইএস স্বীকার করেছিল। এই দুটি ঘটনাতেই পুলিশের ওপর হামলা হয়েছে এবং আইএসের দায় স্বীকারের বিষয়টি তদন্তাধীন।",26.87,9.23,23.88
news-51858495,"করোনাভাইরাসে আক্রান্ত দেশগুলো থেকে বাংলাদেশি যারা এপর্যন্ত দেশটিতে এসেছেন, তাদের বিশাল অংশই পর্যবেক্ষণের বাইরে রয়ে গেছে।","হযরত শাহজালাল বিমানবন্দরে করোনাভাইরাস সংক্রান্ত স্বাস্থ্য পরীক্ষার ডেস্ক কর্মকর্তারা জানিয়েছেন যে, গত কয়েক সপ্তাহে বিদেশ থেকে আসা প্রায় ২০০ জন বাংলাদেশিকে হোম কোয়ারেন্টিনে রাখা হয়েছে। তবে সরকারি হিসাব অনুযায়ী, গত দুই মাসে চীন, ইতালি, ইউরোপ এবং মধ্যপ্রাচ্যের দেশগুলো থেকে প্রায় সাড়ে পাঁচ লাখ বাংলাদেশি দেশে এসেছেন, যাদের অধিকাংশই কোনো পরীক্ষা ছাড়াই বিমানবন্দর পার হয়ে গেছেন। এর ফলে, করোনা আক্রান্ত দেশগুলো থেকে আসা অনেক প্রবাসী নিজেদের মধ্যে উদ্বেগ প্রকাশ করছেন, কারণ তারা কোনো পর্যবেক্ষণ ছাড়াই আত্মীয়স্বজনের সাথে উন্মুক্ত পরিবেশে মিশেছেন।",10.53,4.3,8.42
news-46606685,"হাকিমপুর, ঘোড়াঘাট, নবাবগঞ্জ , বিরামপুর-ছোট ছোট এই চারটি উপজেলা নিয়ে দিনাজপুর-৬ আসন।","হিলি স্থলবন্দরের মানুষের প্রধান পেশা কৃষি হলেও তাদের মূল আগ্রহ বন্দরকে ঘিরে, যা থেকে সরকার শত শত কোটি টাকা রাজস্ব পেলেও এলাকার তেমন কোনো উন্নয়ন হয়নি। স্থানীয়দের অভিযোগ, এখানে কল-কারখানা নেই, স্বাস্থ্যসেবার মান খারাপ এবং রাস্তাঘাটের অবস্থাও নাজুক, যা তাদের কাছে অবহেলিত মনে হয়। এই পরিস্থিতিতে আসন্ন নির্বাচনে প্রার্থীরা এলাকার উন্নয়নে নজর দিলে তবেই তারা ভোট দেবেন বলে জানিয়েছেন।",2.74,0.0,2.74
news-48848572,হংকং এ জুন মাস থেকেই শান্তিপূর্ণ বিক্ষোভ চলছে। এই বিক্ষোভের কারণে বিতর্কিত এক প্রত্যর্পণ বিল অনির্দিষ্টকালের জন্য স্থগিত করেছে সরকার। দেশটির সরকারের এই উদ্যোগ চীনের কাছে হংকং এর ভিন্নমতাবলম্বীদের সম্পর্কে ভিন্ন বার্তা পাঠাতে পারে।,"হংকং-এ জুন মাস থেকে চলা শান্তিপূর্ণ বিক্ষোভের মধ্যেই সোমবার কয়েকশ' তরুণ পার্লামেন্ট ভবনে ঢুকে ভাঙচুর চালায় এবং দেয়ালে বিভিন্ন বার্তা লিখে দেয়। যদিও এই ঘটনা বিক্ষোভের শান্তিপূর্ণ চরিত্র নিয়ে প্রশ্ন তুলেছে, তবুও নিবন্ধে ফিলিপাইন, জর্জিয়া, সুদান ও আলজেরিয়ার মতো দেশগুলোর শান্তিপূর্ণ আন্দোলনের সফলতার উদাহরণ তুলে ধরা হয়েছে। তবে, হংকং-এর বিক্ষোভকারীদের দাবি আদায়ের সম্ভাবনা এবং তাদের প্রতি জনসমর্থন কতটা, তা নিয়ে প্রশ্ন রয়ে গেছে।",20.2,8.25,18.18
news-43054225,"১৪ই ফেব্রুয়ারি ভ্যালেন্টাইন'স ডে হিসাবে সারা বিশ্বে পরিচিত হলেও, বাংলাদেশের ইতিহাসে বিশেষভাবে গুরুত্বপূর্ণ ১৯৮৩ সালের ১৪ই ফেব্রুয়ারি। অনেকে এই দিনটিকে পালন করেন 'স্বৈরাচার প্রতিরোধ দিবস' হিসাবে।","১৯৮২ সালে জেনারেল এরশাদের সামরিক সরকার বিতর্কিত শিক্ষানীতি প্রস্তাব করলে শিক্ষার্থীরা এর বিরুদ্ধে আন্দোলন শুরু করে। এই শিক্ষানীতিতে প্রথম শ্রেণি থেকে আরবি ও দ্বিতীয় শ্রেণি থেকে ইংরেজি বাধ্যতামূলক করা হয় এবং উচ্চশিক্ষার জন্য মেধা বা ৫০% ব্যয়ভার বহনের শর্ত ছিল। ১৯৮৩ সালের ১৪ই ফেব্রুয়ারি সচিবালয় অভিমুখে শিক্ষার্থীদের মিছিলে পুলিশ গুলি চালালে জয়নাল ও দীপালি সাহা সহ অন্তত ১০ জন নিহত হন, যা এরশাদ বিরোধী আন্দোলনের এক চরম মুহূর্ত ছিল।",10.42,6.38,8.33
news-42887190,ফ্যাশন নাকি চক্রাকারে ঘুরে ফিরে আসে। লুঙ্গির ভাগ্যে কি সেটাই ঘটতে যাচ্ছে?,"স্প্যানিশ ফ্যাশন ব্র্যান্ড 'জারা' তাদের ক্যাটালগে লুঙ্গির মতো দেখতে একটি পোশাককে 'চেক মিনি স্কার্ট' নামে ৬৯ পাউন্ডে বিক্রি করছে, যা নিয়ে টুইটারে বিতর্কের ঝড় উঠেছে। দক্ষিণ ও দক্ষিণ-পূর্ব এশিয়ায় পুরুষদের নিত্যদিনের আরামদায়ক পোশাক লুঙ্গি, যা সাধারণত সস্তা হয়। জারা'র এই পোশাকটি লুঙ্গির মতো হলেও, এটিকে স্কার্ট নামে চড়া দামে বিক্রি করায় অনেকেই বিস্ময় ও বিদ্রুপ প্রকাশ করছেন।",5.63,0.0,5.63
news-55960613,ফেসবুকের পর টুইটার এবং ইনস্টাগ্রামকে ব্লক করার নির্দেশ দিয়েছে মিয়ানমারের কর্তৃপক্ষ।,"মিয়ানমারে সেনা অভ্যুত্থানের পর থেকে সাধারণ মানুষের মধ্যে বিক্ষোভ দানা বাঁধছে, যেখানে বিশ্ববিদ্যালয়ের শিক্ষক-শিক্ষার্থীরা অং সান সু চির সমর্থনে ইয়াঙ্গনে বিক্ষোভ প্রদর্শন করেছে। অভ্যুত্থানের নেতারা 'স্থিতিশীলতা' বজায় রাখার অজুহাতে ফেসবুক ব্লক করার নির্দেশ দিয়েছে এবং ইন্টারনেট সেবাদাতাদেরকে নির্দিষ্ট কিছু সাইটে প্রবেশাধিকার বন্ধ রাখতে বলা হয়েছে। বিক্ষোভকারীরা লাল রিবন ও পতাকা ব্যবহার করে এবং স্বৈরতন্ত্রের বিরুদ্ধে তিন আঙুলের স্যালুট প্রদর্শন করে সু চি ও অন্যান্য আটককৃত নেতাদের মুক্তির দাবি জানাচ্ছে।",14.81,7.59,12.35
news-49833444,যুক্তরাষ্ট্র ডেমোক্র্যাট পার্টির সদস্যরা প্রেসিডেন্ট ডোনাল্ড ট্রাম্পকে অভিশংসনের জন্য আনুষ্ঠানিকভাবে তদন্ত শুরু করেছে।,"প্রেসিডেন্ট ট্রাম্পের বিরুদ্ধে আনুষ্ঠানিকভাবে অভিশংসন তদন্ত শুরু হয়েছে, কারণ ডেমোক্র্যাটরা অভিযোগ করেছেন যে তিনি রাজনৈতিক প্রতিপক্ষকে ঘায়েল করতে বিদেশি শক্তির সাহায্য চেয়েছেন। অভিযোগ উঠেছে যে ট্রাম্প ইউক্রেনের প্রেসিডেন্টকে জো বাইডেনের বিরুদ্ধে দুর্নীতির তদন্ত করতে চাপ দিয়েছিলেন, অন্যথায় সামরিক সহায়তা বন্ধ করার হুমকি দিয়েছিলেন। ট্রাম্প অবশ্য পাল্টা অভিযোগ করেছেন যে জো বাইডেন ভাইস প্রেসিডেন্ট থাকাকালীন তার ছেলের জড়িত একটি অপরাধ তদন্ত বন্ধ করতে ইউক্রেনকে চাপ দিয়েছিলেন।",10.26,2.63,10.26
news-44639030,পোলিশ রেফারি স্জিমন মারচিনিয়াক শনিবারের জার্মানি ও সুইডেনের উত্তেজনাকর ম্যাচের শেষ বাঁশি বাজানোর পর সামাজিক মাধ্যমে মানুষের আনাগোনা দারুণভাবে বেড়ে যায়।,"নেইমারকে নিয়ে সামাজিক মাধ্যমে ব্যাপক সমালোচনা চলছে, বিশেষ করে তার অতি অল্পতেই পড়ে যাওয়া এবং আহত হওয়ার ভান করার প্রবণতা নিয়ে। টনি ক্রুসের সাথে তুলনা করে অনেকেই নেইমারের কান্নার সমালোচনা করছেন, এমনকি ব্রাজিলিয়ান সমর্থকরাও তার প্রতি সহানুভূতি দেখাচ্ছেন না। বিশ্বের সবচেয়ে দামি খেলোয়াড় হওয়া সত্ত্বেও, নেইমারের বিলাসবহুল জীবনযাপন এবং মাঠে তার আচরণ এবারের বিশ্বকাপে তাকে সমালোচনার কেন্দ্রবিন্দুতে পরিণত করেছে।",5.0,2.56,5.0
news-45859948,বিশ্ব মৃত্যুদণ্ড বিরোধী দিবসে মৃত্যুদণ্ডের চর্চা বন্ধ করার চেষ্টা করায় অনেক দেশের প্রশংসা করেছেন জাতিসংঘ মহাসচিব অ্যান্টনিও গুতেরেস।,"২০১৭ সালে বিশ্বের ৫৩টি দেশে ২,৫৯১টি মৃত্যুদণ্ড কার্যকর করা হয়েছে বলে মানবাধিকার সংস্থাগুলো জানিয়েছে। জাতিসংঘ মহাসচিবের তথ্য অনুযায়ী, ১৭০টি দেশ মৃত্যুদণ্ড বাতিল করেছে অথবা এর প্রয়োগ স্থগিত রেখেছে, যেখানে অ্যামনেস্টি ইন্টারন্যাশনাল বলছে ১৪২টি দেশ এটি আর চর্চা করে না। যদিও জাতিসংঘের ১৯৩টি সদস্য দেশের মধ্যে অন্তত ২৩টি দেশ গত এক দশকে মৃত্যুদণ্ড কার্যকর করেছে, তবে ১০৬টি দেশে আইনগতভাবে মৃত্যুদণ্ড কার্যকর করা হয় না।",9.76,0.0,7.32
news-52080725,"করোনাভাইরাস প্রতিরোধে বিশ্ব গত বছরের ডিসেম্বর থেকে সচেতন হতে শুরু করলেও মনে হয় যেন অনন্তকাল পেরিয়ে গেছে। বিশ্বজুড়ে বিজ্ঞানীরা প্রচেষ্টা চালিয়ে যাওয়া সত্ত্বেও, আমরা এখনও অনেক কিছুই বুঝে উঠতে পারি না।","করোনাভাইরাস নিয়ে এখনো অনেক প্রশ্ন রয়েছে, যার মধ্যে প্রধান হলো মোট আক্রান্তের সংখ্যা এবং এর প্রকৃত ভয়াবহতা। অ্যাসিম্পটোমেটিক কেসগুলো মোট আক্রান্তের সংখ্যা নির্ণয়কে জটিল করে তুলেছে, যা মৃত্যুর হার সম্পর্কে নিশ্চিত ধারণা পেতে বাধা দিচ্ছে। জ্বর, শুকনো কাশি, গলা ব্যথা, মাথা ব্যথা এবং ডায়রিয়া এর প্রধান উপসর্গ হলেও, গন্ধের অনুভূতি হ্রাস এবং সাধারণ ঠাণ্ডার মতো লক্ষণগুলোও এই ভাইরাসের সঙ্গে যুক্ত হতে পারে।",6.45,0.0,4.3
160111_bd_sanitation_open_defecation,বাংলাদেশের সরকার বলছে খোলা জায়গায় মলত্যাগ মুক্ত দেশ হিসেবে লক্ষ্য অর্জনে বাংলাদেশ প্রায় দ্বারপ্রান্তে পৌঁছে গেছে।,"বাংলাদেশে গত এক দশকে শৌচাগার নির্মাণে অভূতপূর্ব উন্নতি হয়েছে, যেখানে ৯৯% মানুষ এখন টয়লেটের সুবিধার আওতায় এসেছে, যা আন্তর্জাতিক মহলে প্রশংসিত। তবে, আধুনিক স্যানিটেশন ব্যবস্থার ক্ষেত্রে বর্জ্য নিষ্কাশন একটি বড় চ্যালেঞ্জ, কারণ এখনো অস্বাস্থ্যকরভাবে মলমূত্র প্রকৃতিতে মিশে যাচ্ছে। শহরাঞ্চলে খোলা ড্রেন ও ম্যানহোলের দুর্গন্ধ এই সমস্যার প্রকৃষ্ট উদাহরণ।",3.12,0.0,3.12
160130_bangladesh_tree_man_desease,বাংলাদেশে এই প্রথম ‘বৃক্ষ মানব’ নামে পরিচিত বিরল এক রোগে আক্রান্ত একজন রোগীর সন্ধান পাওয়া গেছে।,"খুলনার ২৫ বছর বয়সী আবুল বাজানদার গত ১০ বছর ধরে বিরল ""বৃক্ষ মানব"" রোগে ভুগছেন, যার ফলে তার হাত ও পায়ের কিছু অংশ গাছের শেকড়ের মতো বিকৃত হয়ে গেছে। এই রোগের কারণে তিনি গত ৬ বছর ধরে কোনো কাজ করতে পারছেন না এবং অর্থের অভাবে ভারতে অস্ত্রোপচার করাতে পারেননি। বর্তমানে তিনি ঢাকা মেডিকেল কলেজের বার্ন এন্ড প্লাস্টিক সার্জারি ইউনিটে ভর্তি আছেন, যেখানে একটি মেডিকেল বোর্ড তার চিকিৎসার জন্য গঠিত হবে।",13.95,2.38,9.3
150608_pg_bangladesh_india_transport,"বাংলাদেশ, ভারত, নেপাল ও ভূটানের মধ্যে সড়কপথে পণ্য ও যাত্রীবাহী যান চলাচল উন্মুক্ত করে দেবার লক্ষ্যে এক চুক্তির খসড়া আজ বাংলাদেশের মন্ত্রীসভায় অনুমোদিত হয়েছে।","১৫ই জুন ভুটানের থিম্পুতে বাংলাদেশ, ভারত, নেপাল ও ভুটানের যোগাযোগমন্ত্রীদের বৈঠকে একটি চুক্তি স্বাক্ষরিত হবে, যার মাধ্যমে এই চারটি দেশের মধ্যে যাত্রী ও পণ্যবাহী যান চলাচল করতে পারবে। এই চুক্তির ফলে বাংলাদেশের মানুষ নিজস্ব গাড়ি নিয়ে ভারত, নেপাল বা ভুটানে যেতে পারবে এবং অন্য দেশের পর্যটকরাও বাংলাদেশে আসতে পারবে। আশা করা হচ্ছে, ২০১৬ সালের শুরুর দিকে এই চুক্তি সম্পূর্ণরূপে কার্যকর হবে এবং এর জন্য সহজ রুট পারমিট ব্যবস্থা থাকবে।",21.51,8.79,21.51
news-41386650,মাত্র চার বছর আগে জন্ম নিলেও জার্মান সংসদের ৯০টিরও বেশি আসন জেতা কট্টর ডানপন্থী দল এএফডি (অলটারনেটিভ ফর জার্মানি) বিশ্বাস করে জার্মান সমাজে ইসলামের কোনো জায়গা নেই।,"জার্মানিতে এএফডি (অল্টারনেটিভ ফর জার্মানি) দলটি তাদের নির্বাচনী ইশতেহারে জার্মানির মসজিদগুলোতে বিদেশ থেকে অর্থ আসা নিষিদ্ধ করা, বোরকা ও আজান নিষিদ্ধ করার প্রতিশ্রুতি দিয়েছিল। এই বিতর্কিত প্রতিশ্রুতি সত্ত্বেও দলটি প্রায় ১৩% ভোট পেয়ে জার্মান সংসদে ৯৪টি আসন লাভ করে তৃতীয় বৃহত্তম দল হিসেবে আত্মপ্রকাশ করেছে। দ্বিতীয় বিশ্বযুদ্ধের পর জার্মানিতে কোনো নতুন দল এত জনপ্রিয়তা পায়নি, যা মূলত অভিবাসন ও ইসলাম-বিরোধী অবস্থানের কারণে সম্ভব হয়েছে।",17.39,2.22,10.87
news-42215067,সৌদি আরবে গত কয়েক দশকে ধীর গতিতে সামান্য কিছু পরিবর্তন ঘটলেও দেশটি এখন নাটকীয় কিছু ঘটনা প্রবাহের ভেতর দিয়ে যাচ্ছে।,"সৌদি আরবের নতুন যুবরাজ মোহাম্মদ বিন সালমান আধুনিকীকরণ, নারীর অধিকার এবং ইরান-বিরোধী জোট গঠনের মতো বিভিন্ন পদক্ষেপ নিচ্ছেন, যার কেন্দ্রে রয়েছে দুর্নীতিবিরোধী অভিযান। সমালোচকদের মতে, এই অভিযান ক্ষমতা সুসংহত করার একটি কৌশল। তার নেতৃত্বে সৌদি আরবে নাটকীয় পরিবর্তন আসছে, যা দেশের অভ্যন্তরে এবং আন্তর্জাতিক মহলে গভীর আগ্রহ সৃষ্টি করেছে।",11.43,2.94,8.57
news-43735107,বাংলাদেশের প্রধানমন্ত্রী শেখ হাসিনা সরকারি চাকুরীতে সব ধরনের কোটা বাতিলের ঘোষণা দেয়ার পর আজ আন্দোলনকারীদের তরফ থেকে কোটা সংস্কার আন্দোলন সরকার গেজেট প্রকাশ না হওয়া পর্যন্ত স্থগিত ঘোষণা করা হয়েছে।,"ঢাকা বিশ্ববিদ্যালয়ের আন্দোলনকারীরা কোটা বাতিলের ঘোষণায় প্রধানমন্ত্রীকে ধন্যবাদ জানিয়েছেন এবং দ্রুত গেজেট প্রকাশের দাবি তুলেছেন। তারা প্রধানমন্ত্রীকে 'মাদার অফ এডুকেশন' আখ্যা দিয়ে শিক্ষার্থীদের বিরুদ্ধে দায়ের করা মামলা প্রত্যাহার, উপাচার্য ভবনে হামলাকারীদের শাস্তি, আটক আন্দোলনকারীদের মুক্তি এবং আহতদের চিকিৎসার ব্যয়ভার বহনের আহ্বান জানিয়েছেন। প্রধানমন্ত্রীর এই আকস্মিক ঘোষণা সমাজে বিস্ময় ও আন্দোলনকারীদের মধ্যে কিছুটা বিভ্রান্তি সৃষ্টি করেছে।",14.12,2.41,9.41
news-46576924,"বিজ্ঞানীরা বলছেন, চারটি উপায় মেনে চললে আপনার মন স্বয়ংক্রিয়ভাবেই স্বাস্থ্যকর খাবার গ্রহণে উৎসাহী হবে।","ইয়েল ইউনিভার্সিটির গবেষকরা দেখিয়েছেন যে কিছু সহজ কৌশল অবলম্বন করে অস্বাস্থ্যকর খাবার গ্রহণের প্রবণতা কমানো সম্ভব। তাদের মতে, খাবারের প্রতি আমাদের চিন্তাভাবনা খাদ্যাভ্যাসে ইতিবাচক পরিবর্তন আনতে পারে এবং ওজন কমাতে সাহায্য করতে পারে। অস্বাস্থ্যকর খাবার সম্পর্কে নেতিবাচক ভাবনা এবং স্বাস্থ্যকর খাবার সম্পর্কে ইতিবাচক ভাবনা মাত্র কয়েক সেকেন্ডের জন্য ভাবলে খাদ্যের প্রতি আগ্রহ নিয়ন্ত্রণ করা যায়।",5.8,2.99,5.8
news-46782925,বাংলাদেশে আওয়ামী লীগের নেতৃত্বে নতুন মন্ত্রিসভা শপথ নিয়েছে কিন্তু এই মন্ত্রিসভায় স্থান পায় নি মহাজোটের শরিক দলের কোনো নেতা।,"রাষ্ট্রপতি আব্দুল হামিদ নতুন মন্ত্রিসভার সদস্যদের শপথ গ্রহণ করিয়েছেন, যেখানে ২৫টি মন্ত্রণালয়ের মধ্যে ১৮টিতে পরিবর্তন এসেছে। এবারই প্রথম কোনো শরিক দলের নেতাকে মন্ত্রী করা হয়নি, যা নিয়ে শরিক দলগুলোর মধ্যে অসন্তোষ দেখা দিয়েছে। বিশেষ করে ওয়ার্কার্স পার্টির রাশেদ খান মেনন এবং জাসদের হাসানুল হক ইনু মন্ত্রিত্ব হারিয়েছেন এবং তাদের সাথে এ বিষয়ে কোনো আলোচনা করা হয়নি বলে অভিযোগ করেছেন।",12.82,2.63,12.82
news-51087026,"বাংলাদেশে এ বছর হাড় কাঁপানো শীতের পাশাপাশি ঘন কুয়াশাও বেশ দাপট দেখিয়েছে। আবহাওয়া অধিদপ্তর বলছে, এ বছর কুয়াশার কারণে দৃষ্টিসীমা ১০০ মিটারেও নেমে এসেছে।","ঘন কুয়াশার কারণে ঢাকার দৃষ্টিসীমা ১০০ মিটারে নেমে আসায় বিমান চলাচল ব্যাহত হচ্ছে, যা ""পুওর ভিজিবিলিটি"" হিসেবে চিহ্নিত। আবহাওয়াবিদ মনোয়ার হোসেন জানান, তিন হাজার মিটারের নিচে দৃষ্টিসীমা নামলে এভিয়েশন ওয়ার্নিং জারি করা হয় এবং দুই হাজার মিটারের নিচে নামলে বিমান অবতরণ করতে পারে না। শীতকালে কম তাপমাত্রা ও মাটির আর্দ্রতা থেকে কুয়াশা তৈরি হয়, এছাড়া ভারত থেকে উষ্ণ ও আর্দ্র বাতাস বয়ে এসেও কুয়াশা সৃষ্টি করে।",13.33,4.55,13.33
news-53134120,করোনাভাইরাস মহামারির কারণে এখন কারো জ্বর এবং সাথে শুকনো কাশি অথবা শরীর ব্যথার মত দুয়েকটি উপসর্গ ও লক্ষণ দেখা দিলেই স্বাভাবিকভাবেই মানুষ আতঙ্কিত হয়ে পড়ছেন।,"করোনাভাইরাস সংক্রমণের লক্ষণ দেখা দিলে সরকারি-বেসরকারি হাসপাতালে রোগীর ভিড় এবং সেবার অভাবের কারণে অনেকেই চিকিৎসকের কাছে যেতে দ্বিধা করছেন। এমন পরিস্থিতিতে, যদি আপনার মধ্যে জ্বর, শুকনো কাশি, পেশী ব্যথা, গলা ব্যথা, স্বাদ ও গন্ধের অনুভূতি না থাকা, শ্বাসকষ্ট ইত্যাদি একাধিক লক্ষণ দেখা যায়, তাহলে দ্রুত নিজেকে পরিবারের বাকি সদস্যদের থেকে আলাদা করে 'সেলফ-আইসোলেশনে' চলে যান। এতে পরিবার ও সমাজের অন্যদের মধ্যে ভাইরাসের সংক্রমণ ছড়ানো ঠেকানো সম্ভব হবে।",19.15,4.35,17.02
news-55991270,"অভ্যুত্থানের মাধ্যমে ক্ষমতা দখলের পর টেলিভিশনের দেয়া প্রথম ভাষণে মিয়ানমারের সেনাপ্রধান সিনিয়র জেনারেল মিন অং লাইং বলেছেন, তার সরকার মিয়ানমারের চলমান বিদেশনীতিতে কোন পরিবর্তন আনবে না।","মিয়ানমারের সামরিক জান্তা প্রধান মিন অং লাইং বলেছেন, বাংলাদেশের সাথে চুক্তি আলোচনার মাধ্যমে বাস্তবায়ন করা হবে এবং রোহিঙ্গাদের ফেরত নেওয়ার চুক্তিও অব্যাহত থাকবে, যদিও তিনি 'রোহিঙ্গা' শব্দটি ব্যবহার করেননি। তিনি উল্লেখ করেন যে, ১৯৮২ সালের নাগরিকত্ব আইন অনুযায়ী গ্রহণযোগ্য বাস্তুচ্যুত ব্যক্তিদের ফিরিয়ে নেওয়া হবে, তবে তা দেশের স্বার্থের ক্ষতি না করলে। এই ভাষণে তিনি সেনা অভ্যুত্থানের পক্ষে সাফাই গেয়েছেন, নভেম্বরের নির্বাচনকে অনিয়মপূর্ণ আখ্যা দিয়ে নির্বাচন কমিশনের ব্যর্থতার কথা বলেছেন, এমন সময় যখন দেশজুড়ে অভ্যুত্থানবিরোধী বিক্ষোভ চলছে।",17.65,6.0,11.76
news-44720145,বিমানে ডালাস যাওয়ার পথে রোজে ব্লেয়ার এবং তার বয়ফ্রেন্ড আসন রদবদল করার জন্য এক তরুণীকে অনুরোধ করেছিলেন।,"রোজে ব্লেয়ারের একটি প্রেমের গল্প সামাজিক যোগাযোগ মাধ্যমে হাজার হাজার মানুষের মন জয় করেছে। তিনি একটি বিমানে আসন বদলের মাধ্যমে দুটি হৃদয়কে এক করার একটি গল্প শেয়ার করেন, যা ২ লাখ ৩৮ হাজার বার রিটুইট এবং ৬ লাখ লাইক পায়। এই গল্পটি মানুষের মনে কৌতূহল সৃষ্টি করে এবং অনেকে তাদের নিজেদের জীবনের প্রেমের গল্প শেয়ার করতে উৎসাহিত হন।",16.0,0.0,8.0
news-53316580,বান্দরবানের বাঘমারায় দুই গ্রুপের গোলাগুলিতে ছয়জন নিহত হয়েছেন।,"বান্দরবানের বাঘমারায় দুইটি স্থানীয় দলের মধ্যে সংঘর্ষে তিনজন আহত হয়েছেন, যাদের মধ্যে দুইজনকে চট্টগ্রাম মেডিকেল কলেজ হাসপাতালে এবং একজনকে চকরিয়া সদর হাসপাতালে ভর্তি করা হয়েছে। পুলিশ সুপার জেরিন আখতার জানিয়েছেন, সকাল সাতটার আগে এই ঘটনা ঘটে এবং জড়িত দলগুলো চিহ্নিত করতে তদন্ত চলছে। তবে পুলিশের একটি সূত্র পার্বত্য চট্টগ্রাম জনসংহতি সমিতির (জেএসএস) দুটি পক্ষের মধ্যে গোলাগুলির ইঙ্গিত দিয়েছে।",9.09,3.12,9.09
news-46819571,যুক্তরাজ্য-ভিত্তিক গবেষণা প্রতিষ্ঠান ইকোনমিস্ট ইন্টেলিজেন্স ইউনিট (ইআইইউ) এ বছরের ৯ই জানুয়ারি যে প্রতিবেদন প্রকাশ করেছে সেখানে 'গণতান্ত্রিক' কিংবা 'ত্রুটিপূর্ণ গণতান্ত্রিক' দেশের তালিকায় বাংলাদেশের নাম নেই।,"ইকোনমিস্ট ইন্টেলিজেন্স ইউনিট পাঁচটি মানদণ্ডের ভিত্তিতে দেশগুলোর গণতান্ত্রিক অবস্থা পরিমাপ করে, যেখানে বাংলাদেশ গত এক দশক ধরে 'হাইব্রিড রেজিম' তালিকায় রয়েছে। ২০১৮ সালে বাংলাদেশের বৈশ্বিক গণতন্ত্র সূচকে ০.১৪ স্কোর বৃদ্ধি পাওয়ায় দেশটি ৯২তম থেকে ৮৮তম স্থানে উন্নীত হয়েছে। এই সূচকে দেশগুলোকে পূর্ণ গণতন্ত্র, ত্রুটিপূর্ণ গণতন্ত্র, হাইব্রিড রেজিম এবং স্বৈরতন্ত্র - এই চারটি শ্রেণীতে ভাগ করা হয়, যেখানে বাংলাদেশের অবস্থান হাইব্রিড রেজিম ক্যাটাগরিতে।",15.91,4.65,13.64
news-51930935,করোনাভাইরাস মহামারি ঠেকানোর চেষ্টায় ভারত কার্যত গোটা দেশকে অবরুদ্ধ করে ফেলার চেষ্টা চালাচ্ছে।,"ভারতে করোনাভাইরাস সংক্রমণ রোধে কঠোর পদক্ষেপ নেওয়া হয়েছে। ইউরোপ ও যুক্তরাজ্য থেকে ভারতীয় নাগরিকদের দেশে ফেরা বন্ধ করা হয়েছে এবং দেশের অভ্যন্তরেও বিভিন্ন রাজ্য পর্যটকদের প্রবেশে নিষেধাজ্ঞা জারি করেছে। সংক্রমণ বেড়ে যাওয়ায় তাজমহলসহ বিভিন্ন পর্যটন কেন্দ্র ও জনসমাগমের স্থান বন্ধ করে দেওয়া হয়েছে, এবং মহারাষ্ট্রে সন্দেহভাজনদের হোম কোয়ারেন্টিনে চিহ্নিত করার জন্য স্ট্যাম্প ব্যবহারের সিদ্ধান্ত নেওয়া হয়েছে।",5.8,0.0,5.8
news-54246395,"ব্রাজিলে করোনাভাইরাস মহামারি নিয়ে পরিচালিত এক গবেষণায় বলা হয়েছে যে, এই ভাইরাসের সংক্রমণ এবং ডেঙ্গু জ্বরে আক্রান্ত হওয়ার মধ্যে সম্পর্ক রয়েছে। আর তা হলো ডেঙ্গুতে আক্রান্ত হলে তা কোভিড-১৯ রোগ থেকে কিছুটা ইমিউনিটি বা সুরক্ষা দিতে পারে।","যুক্তরাষ্ট্রের ডিউক ইউনিভার্সিটির অধ্যাপক মিগুয়েল নিকোলেলিসের নেতৃত্বে পরিচালিত এক গবেষণায় দাবি করা হয়েছে যে, ডেঙ্গুর জীবাণু বহন করে এডিস মশা এবং ডেঙ্গু ও করোনাভাইরাসের সংক্রমণের মধ্যে একটি সম্পর্ক থাকতে পারে। গবেষণা অনুযায়ী, যেসব এলাকায় ডেঙ্গুর প্রাদুর্ভাব বেশি ছিল, সেখানে করোনাভাইরাসের সংক্রমণ কম দেখা গেছে, যা ডেঙ্গু ভাইরাসের অ্যান্টিবডি এবং নভেল করোনাভাইরাসের মধ্যে ইমিউনোলজিক্যাল ক্রস-রিঅ্যাকটিভিটির সম্ভাবনা নির্দেশ করে। তবে এই গবেষণাটি এখনো আনুষ্ঠানিকভাবে প্রকাশিত হয়নি এবং বাংলাদেশের আইইডিসিআর-এর প্রধান বৈজ্ঞানিক কর্মকর্তা এ. এস. এম. আলমগীর এর নির্ভরযোগ্যতা নিয়ে সন্দেহ প্রকাশ করেছেন।",23.33,6.78,16.67
news-50211501,ভারতের প্রধানমন্ত্রী নরেন্দ্র মোদী দুদিনের এক রাষ্ট্রীয় সফরে সোমবার বেশি রাতে সৌদি আরবে গিয়ে পৌঁছচ্ছেন।,"ফেব্রুয়ারি ২০১৯-এ সৌদি যুবরাজ এমবিএস-এর ভারত সফরে দুই দেশের মধ্যে অন্তত বারোটি চুক্তি স্বাক্ষরিত হবে, যার মধ্যে প্রধান হলো একটি ভারত-সৌদি স্ট্র্যাটেজিক পার্টনারশিপ কাউন্সিল গঠন। সৌদি আরব তাদের ভিশন-২০৩০ কর্মসূচিতে ভারতের সঙ্গে কৌশলগত সম্পর্ক গড়ে তোলার উদ্যোগ নিয়েছে, যা তেল, নিরাপত্তা, প্রতিরক্ষা, বিনিয়োগ ও কৃষিখাতে সহযোগিতা বৃদ্ধি করবে। এই সফর দুই দেশের ক্রেতা-বিক্রেতার সম্পর্ককে ছাড়িয়ে একটি কৌশলগত অংশীদারিত্বে উন্নীত করবে, যা ফেব্রুয়ারিতে সৌদি যুবরাজ মোহাম্মদ বিন সালমানের ভারত সফরের সময় তৈরি হয়েছিল।",6.52,0.0,4.35
news-55793703,বাংলাদেশে রবিবার ৭ই ফেব্রুয়ারি থেকে আনুষ্ঠানিকভাবে সারা দেশে করোনা ভাইরাসের টিকাদান কর্মসূচি শুরু হয়েছে। শুরুতেই সম্মুখ সারির কর্মী এবং ৪০ বছরের বেশি নাগরিকদের টিকা দেয়া হবে।,"করোনাভাইরাসের টিকা গ্রহণের বয়সসীমা ৫৫ থেকে কমিয়ে ৪০ বছর করা হয়েছে, এবং ৪০ বছরের বেশি বয়সী যে কেউ সরকারি হাসপাতালে টিকা নিতে পারবেন। তবে টিকা নিতে হলে সরকারি ওয়েবসাইটে (সুরক্ষা.গভ.বিডি) জাতীয় পরিচয়পত্র ও অন্যান্য তথ্য দিয়ে নিবন্ধন করতে হবে। পূর্বে স্পট রেজিস্ট্রেশনের ব্যবস্থা থাকলেও, এখন থেকে শুধুমাত্র অ্যাপে নিবন্ধিত ব্যক্তিরাই টিকা নিতে পারবেন।",19.75,7.59,19.75
news-54778535,"বাংলাদেশ সরকার করোনাভাইরাসের বিস্তার প্রতিরোধে 'নো মাস্ক নো সার্ভিস', অর্থাৎ মাস্ক না পরলে কাউকে কোন সেবা দেয়া হবে না বলে যে নির্দেশনা জারি করেছিল সেটা ব্যাপকভাবে বাস্তবায়নের নির্দেশ দিয়েছেন প্রধানমন্ত্রী শেখ হাসিনা।","প্রধানমন্ত্রী শেখ হাসিনা করোনাভাইরাসের সম্ভাব্য দ্বিতীয় ঢেউ মোকাবিলায় মাস্ক ব্যবহার বাধ্যতামূলক করে ""নো মাস্ক, নো সার্ভিস"" নীতি কঠোরভাবে বাস্তবায়নের নির্দেশ দিয়েছেন। সরকারি-বেসরকারি অফিস, হাট-বাজার, শপিংমল, শিক্ষাপ্রতিষ্ঠানসহ সকল জনসমাগমস্থলে মাস্ক পরা বাধ্যতামূলক করা হয়েছে এবং মাস্ক ছাড়া কাউকে প্রবেশ করতে দেওয়া হবে না। এই নির্দেশনা ব্যাপক প্রচারণার মাধ্যমে সামাজিক আন্দোলন গড়ে তোলার পাশাপাশি ইসলামিক ফাউন্ডেশন ও গণপরিবহনেও কার্যকরভাবে তদারকি করা হবে।",34.04,17.39,21.28
news-53556863,আফগানিস্তান থেকে সে দেশের শিখ ও হিন্দু সম্প্রদায়ের মোট ১১ জন সদস্যকে ভারতে উড়িয়ে নিয়ে এসে আশ্রয় দিয়েছে দিল্লি।,"আফগানিস্তানে ধর্মীয় নির্যাতন ও সন্ত্রাসবাদী হামলার শিকার শিখ ও হিন্দু পরিবারগুলোকে ভারত সরকার দীর্ঘমেয়াদি ভিসা দিয়ে ভারতে এনেছে। বিতর্কিত নাগরিকত্ব আইনের ধারাবাহিকতায় এই পদক্ষেপ নেওয়া হয়েছে, যেখানে প্রতিবেশী দেশগুলোর নির্যাতিত অমুসলিমদের নাগরিকত্ব দেওয়ার সিদ্ধান্ত নেওয়া হয়েছিল। আফগান এয়ারলাইন ক্যাম এয়ারের একটি বিশেষ বিমানে করে এই পরিবারগুলো কাবুল থেকে দিল্লিতে এসে পৌঁছেছে এবং ভারত সরকার তাদের যাতায়াতের খরচও বহন করেছে।",15.38,5.26,12.82
news-55645320,গত প্রায় ১৯ বছর ধরে দিনাজপুরে ফুলবাড়ী উপজেলার পূর্ব কাটাবাড়ীতে হোমিও চিকিৎসক হিসেবে কাজ করছেন আয়েশা সিদ্দিকা।,"হোমিও চিকিৎসক আয়েশা সিদ্দিকা ২০১২ সালে ফুলবাড়ী পৌরসভায় নিকাহ রেজিস্টার পদের জন্য আবেদন করেন এবং ২০১৪ সালে নিয়োগ পরীক্ষায় প্রথম স্থান অধিকার করেন। নিয়োগ কমিটি তাকে সুপারিশ করলেও, আইন মন্ত্রণালয় ""বাংলাদেশের বাস্তব অবস্থার পরিপ্রেক্ষিতে নারীদের দ্বারা নিকাহ্ রেজিস্টারের দায়িত্ব পালন করা সম্ভব নয়"" এই যুক্তিতে তার নিয়োগ বাতিল করে। এই ঘটনায় আয়েশা সিদ্দিকা মনঃক্ষুণ্ণ হলেও প্রথমে বিষয়টি মেনে নিয়েছিলেন।",13.16,5.41,10.53
news-45741190,বাংলাদেশে এক আন্দোলনের মুখে সরকারি চাকরিতে কোটা বাতিলের পর এখন এই সিদ্ধান্ত প্রত্যাখান করে রাতে রাজধানীর শাহবাগ মোড় অবস্থান নিয়েছে মুক্তিযোদ্ধার সন্তানদের সংগঠন মুক্তিযোদ্ধা সংসদ সন্তান কমান্ড ও মুক্তিযোদ্ধার পরিবার নামের দুইটি সংগঠন।,"মুক্তিযোদ্ধা সংসদ সন্তান কমান্ড ৩০ শতাংশ মুক্তিযোদ্ধা কোটা পুনর্বহালের দাবিতে ঢাকার শাহবাগ মোড়ে বিক্ষোভ করছে। বুধবার রাত থেকে শুরু হওয়া এই অবরোধ বৃহস্পতিবারও অব্যাহত রয়েছে, যার ফলে যান চলাচল ব্যাহত হচ্ছে। সংগঠনটি জানিয়েছে, কোটা পুনর্বহাল না হওয়া পর্যন্ত তাদের আন্দোলন চলবে এবং শনিবার তারা ঢাকায় মহাসমাবেশ করবে।",17.5,7.69,10.0
news-39499694,হাতির দাঁতের উপর নকশা করে নানারকম শৌখিন জিনিসপত্র তৈরি করা চীনে শত শত বছরের পুরনো ব্যবসা। তবে এই হস্তশিল্পীদের যুগ এখন শেষ হতে চলেছে।,"হাতির দাঁতের অবৈধ ব্যবসার কারণে আফ্রিকান হাতি বিলুপ্তির ঝুঁকিতে রয়েছে, যার প্রধান বাজার চীন। যদিও চীন সরকার হাতির দাঁতের ব্যবসা বন্ধে পদক্ষেপ নিয়েছে, তবে এই সিদ্ধান্ত দেরিতে আসায় অনেক হাতি ইতিমধ্যেই বিলুপ্তির পথে। এই পদক্ষেপের ফলে অবৈধ ব্যবসা আরও বাড়তে পারে বলে আশঙ্কা করা হচ্ছে, বিশেষ করে ইন্টারনেটে হাতির দাঁতের কেনাবেচা এখনও অবাধে চলছে।",17.95,5.26,12.82
news-54982872,"বাংলাদেশের তারকা ক্রিকেটার সাকিব আল হাসানের কলকাতায় একটি কালীপূজার উদ্বোধনে থাকা নিয়ে যে সমালোচনা হচ্ছে, তাকে উগ্র মৌলবাদীদের কাজ বলে মনে করেন ওই পূজা কমিটির প্রধান উদ্যোক্তা ও তৃণমূল কংগ্রেস নেতা পরেশ পাল।","কলকাতার একটি কালীপূজা অনুষ্ঠানে যোগ দেওয়ায় বাংলাদেশের ক্রিকেটার সাকিব আল হাসানকে নিয়ে সমালোচনা শুরু হয়। পূজার প্রধান উদ্যোক্তা ও তৃণমূল কংগ্রেস নেতা পরেশ পাল জানান, সাকিব পূজা উদ্বোধন করেননি এবং মুসলমান হয়েও হিন্দুদের অনুষ্ঠানে যোগ দেওয়ায় তার সমালোচনা করা অন্যায্য। তিনি আরও বলেন, সাকিবের বিরুদ্ধে মৌলবাদী শক্তি এসব বলছে এবং বাংলাদেশের সাধারণ মানুষ এমনটা বলতে পারে না।",35.56,20.45,31.11
news-43942387,তিন দিনের সফরে শনিবার বাংলাদেশে আসা জাতিসংঘ নিরাপত্তা পরিষদের প্রতিনিধি দলটি রোববার প্রথমে বান্দরবানের নাইক্ষংছড়ি সীমান্তের জিরো লাইনে গিয়ে আটকে থাকা রোহিঙ্গাদের সাথে কথা বলেন।,"নিরাপত্তা পরিষদের ১৫ সদস্যের একটি দল বান্দরবানের তমব্রু ও উখিয়ার কুতুপালং শিবির পরিদর্শন করে মিয়ানমারে সেনাবাহিনীর নির্যাতনে ক্ষতিগ্রস্ত শতাধিক রোহিঙ্গার সাথে কথা বলেছেন। রুশ প্রতিনিধি দিমিত্রি পোলানস্কি জানান, এই সংকটের রাতারাতি সমাধান সম্ভব নয় এবং দ্বিপাক্ষিক আলোচনাকেই তারা সবচেয়ে কার্যকর মনে করেন। তবে, মিয়ানমারের বিরুদ্ধে কঠোর পদক্ষেপ নেওয়ার বিষয়ে নিরাপত্তা পরিষদের সদস্যদের মধ্যে এখনো মতবিরোধ রয়েছে বলে বাংলাদেশের পররাষ্ট্র প্রতিমন্ত্রী শাহরিয়ার আলম স্বীকার করেছেন।",13.48,4.6,11.24
news-47382088,উত্তর কোরিয়ার নেতা কিম জং-আন এর সাথে দ্বিতীয়বারের মতো মার্কিন প্রেসিডেন্ট ডোনাল্ড ট্রাস্পের সাক্ষাৎ হতে যাচ্ছে ভিয়েতনামে।,"ট্রাম্প ও কিমের সিঙ্গাপুরে অনুষ্ঠিত বৈঠকটি উত্তর কোরিয়ার পারমাণবিক অস্ত্র নিরস্ত্রীকরণ নিয়ে আলোচনা করার জন্য অত্যন্ত গুরুত্বপূর্ণ ছিল। উত্তর কোরিয়া পারমাণবিক অস্ত্র ত্যাগ করতে রাজি হলেও, তারা চায় যুক্তরাষ্ট্র ও অন্যান্য দেশ থেকে কোনো হুমকি না আসুক এবং তাদের উপর আরোপিত নিষেধাজ্ঞা প্রত্যাহার করা হোক। গত বছরের 'সিঙ্গাপুর ডিক্লারেশন'-এ শান্তি ও পারমাণবিক নিরস্ত্রীকরণের প্রতিশ্রুতি থাকলেও, এর বিস্তারিত বিবরণ এখনও অস্পষ্ট।",7.59,2.6,7.59
news-47170671,"বৃহস্পতিবার বিকেলে দিল্লিতে এক প্রচণ্ড শিলাবৃষ্টি হয়েছে। এ সময় এত শিলা পড়েছে যে শহরের রাস্তাঘাটে বরফের স্তর জমে সাদা হয়ে যায়, যেমনটা অনেক দেশে তুষারপাত হলে হয়।","দিল্লিতে সম্প্রতি তীব্র শিলাবৃষ্টি হয়েছে, যা শহরের অনেক বাসিন্দার কাছেই ছিল এক নতুন অভিজ্ঞতা। এই শিলাবৃষ্টির ফলে রাস্তাঘাট বরফে ঢেকে গিয়েছিল, যা সামাজিক মাধ্যমে ব্যাপক সাড়া ফেলে। যদিও শিলাবৃষ্টির কারণে ৩০টি ফ্লাইট স্থগিত হয়েছিল, তবে এর ইতিবাচক দিক ছিল দিল্লির কুখ্যাত ধোঁয়াশা কেটে গিয়ে বাতাস পরিষ্কার হয়ে যাওয়া।",18.67,2.74,13.33
news-48115358,বাসচালক থেকে ভেনেজুয়েলার প্রেসিডেন্ট হন নিকোলাস মাদুরো।,"নিকোলাস মাদুরো, যিনি একসময় বাসচালক হিসেবে শ্রমিক রাজনীতিতে জড়িয়েছিলেন, ২০১৩ সালে অল্প ভোটের ব্যবধানে ভেনেজুয়েলার প্রেসিডেন্ট নির্বাচিত হন এবং ২০১৮ সালে বিতর্কিত নির্বাচনের মাধ্যমে দ্বিতীয় মেয়াদে ক্ষমতায় আসেন। তার শাসনামলে গণতন্ত্র নস্যাৎ, মানবাধিকার লঙ্ঘন এবং বিরোধী মত দমনের অভিযোগ ওঠে, যা সমাজে বিভেদ সৃষ্টি করে। ২০১৪ সাল থেকে তার নেতৃত্বে ভেনেজুয়েলার অর্থনীতি চরম মন্দার শিকার হয়, যার ফলে মুদ্রাস্ফীতি, খাদ্যসংকট এবং হাজার হাজার মানুষের দেশত্যাগ ঘটে।",19.18,5.63,10.96
160311_amar_nodi_turag_pollution,"দেখে বিশ্বাস করতে কষ্ট হয় এটি একটি নদ। কোন স্রোত নেই, প্রাণ নেই। এই তুরাগ নদ এখন বিভিন্ন জায়গায় নর্দমার আকার ধারণ করেছে।","তুরাগ নদের পানি দূষণে কালো বর্ণ ধারণ করেছে এবং এতে বর্জ্য ফেলা হচ্ছে। ৬৫ বছর বয়সী জালালউদ্দিনের শৈশবের স্মৃতিচারণ করে বলেন, একসময় এই নদীতে স্রোত ছিল এবং এটি সুন্দর ছিল, কিন্তু এখন এটি ড্রেনের মতো হয়ে গেছে। বর্তমানে এই নদীতে মাছের দেখা পাওয়া কঠিন, শুধু শিং মাছ পাওয়া গেলেও দূষণের কারণে সেগুলোতে এত দুর্গন্ধ থাকে যে রান্না করার আগে চার-পাঁচ দিন কলসিতে রেখে গন্ধ দূর করতে হয়।",19.78,2.25,6.59
news-44494448,"""আমি যখন কেনসিংটন হাই স্ট্রীট দিয়ে গাড়ি চালিয়ে যাচ্ছি, তখন লাল ট্রাফিক লাইট জ্বলে উঠলো। তখন আমি ভাবলাম, হলুদ মানে হচ্ছে, 'সাবধান'। আর লাল মানে, 'থামো', তোমাকে মাঠ ছাড়তে হবে।""","রেফারি কেনেথ অ্যাস্টন ১৯৬০-এর দশকে ফুটবল মাঠে ক্রমবর্ধমান সহিংসতা ও খেলোয়াড়দের মারামারি দেখে উদ্বিগ্ন হন। বিশেষত, ১৯৬২ সালের চিলি বিশ্বকাপে ""দ্য ব্যাটল অব সান্টিয়াগো"" ম্যাচে চরম বিশৃঙ্খলা তাকে গভীরভাবে প্রভাবিত করে। এই অভিজ্ঞতা থেকেই তিনি ট্রাফিক লাইটের লাল-হলুদ বাতির ধারণা থেকে অনুপ্রাণিত হয়ে ফুটবল খেলায় লাল ও হলুদ কার্ড চালুর ধারণা পান, যা খেলোয়াড়দের আচরণ নিয়ন্ত্রণে সহায়ক হয়।",8.89,0.0,6.67
news-54860653,যে ধরনের প্রচারণা ও নির্বাচন এবার যুক্তরাষ্ট্রে হয়ে গেল সেটি ছিল নজিরবিহীন। কয়েক শতাব্দীর মধ্যে সবচেয়ে ভয়াবহ বৈশ্বিক মহামারি আর দেশজুড়ে দীর্ঘ সামাজিক সহিংসতার মতো অভূতপূর্ব পরিস্থিতিতে অনুষ্ঠিত হয়েছে এই নির্বাচন।,"জো বাইডেন তৃতীয়বারের চেষ্টায় মার্কিন যুক্তরাষ্ট্রের প্রেসিডেন্ট নির্বাচিত হয়েছেন, যেখানে তার প্রতিপক্ষ ছিলেন ডোনাল্ড ট্রাম্প। তার জয়ের পেছনে সবচেয়ে বড় কারণ ছিল কোভিড-১৯ মহামারী, যা ট্রাম্পের ভুল ব্যবস্থাপনার কারণে তার বিপক্ষে চলে যায়। কোভিড-১৯ এর কারণে সৃষ্ট অর্থনৈতিক সংকটও ট্রাম্পের নির্বাচনী প্রচারণাকে বাধাগ্রস্ত করে, যা বাইডেনকে এগিয়ে নিয়ে যায়।",4.88,0.0,2.44
news-50005850,বাংলাদেশ প্রকৌশল বিশ্ববিদ্যালয় বা বুয়েটে বিক্ষোভরত শিক্ষার্থীদের ১০ দফা দাবি মেনে নেয়ার জন্য সময়সীমা ছিল বৃহস্পতিবার বিকেল পাঁচটা পর্যন্ত।,"বুয়েটে শিক্ষার্থীরা চারদিন ধরে র‍্যাগিং ও নির্যাতনের প্রতিবাদে বিক্ষোভ করছেন, কারণ প্রশাসন তাদের দাবির বিষয়ে কোনো জবাব দেয়নি। প্রথম বর্ষের শিক্ষার্থীদের নিয়মিত র‍্যাগিংয়ের শিকার হতে হয়, যেখানে মৌখিক হেনস্থা থেকে শুরু করে মারধর পর্যন্ত ঘটে। ভিন্নমত প্রকাশের জন্য ছাত্রলীগের নেতাকর্মীদের হাতে মারধরের ঘটনাও নিয়মিত ছিল, যা একজন শিক্ষার্থীর ব্যক্তিগত অভিজ্ঞতার মাধ্যমে উঠে এসেছে।",13.51,0.0,10.81
news-56141563,আন্তর্জাতিক সংবাদমাধ্যম আল জাজিরায় প্রচারিত 'অল দ্য প্রাইম মিনিস্টারস মেন' নামের অনুসন্ধানী প্রতিবেদনটি ফেসবুক সরিয়ে নেবে কি না সেটি নিয়ে পরস্পরবিরোধী বক্তব্য পাওয়া যাচ্ছে।,"ডাক ও টেলিযোগাযোগ মন্ত্রী মোস্তফা জব্বার দাবি করেছেন যে ফেসবুক আল জাজিরার প্রতিবেদনটি সরাতে রাজি হয়েছে এবং দ্রুত ব্যবস্থা নেবে, কারণ আদালতের নির্দেশনার কপি তাদের কাছে পাঠানো হয়েছে। তবে ফেসবুক এই দাবি অস্বীকার করে বলেছে যে তারা হাইকোর্টের লিখিত নির্দেশনা পায়নি এবং এ বিষয়ে কোনো বিবৃতিও দেয়নি। মন্ত্রী পরে স্পষ্ট করেছেন যে ফেসবুককে আদালতের পূর্ণাঙ্গ রায়ের সার্টিফায়েড কপির পরিবর্তে ল'ইয়ার্স কপি পাঠানো হয়েছে এবং ফেসবুক জানিয়েছে যে আদালতের রায় থাকলে তারা বিষয়টি বিবেচনা করবে।",8.08,0.0,6.06
news-40916559,ক্ষেপণাস্ত্র কর্মসূচি সম্প্রসারণ এবং দেশের বাইরে বিদেশে সামরিক তৎপরতা বাড়াতে ৫০ কোটি ডলারের একটি বিলে একচেটিয়া সমর্থন দিয়েছেন ইরানের এমপিরা।,"ইরান তার ক্ষেপণাস্ত্র কর্মসূচির জন্য অতিরিক্ত অর্থ বরাদ্দ করেছে, যা আমেরিকার মধ্যপ্রাচ্যের ""সন্ত্রাসী তৎপরতা""র জবাব বলে দেশটির স্পিকার জানিয়েছেন। জানুয়ারিতে ক্ষেপণাস্ত্র পরীক্ষার পর আমেরিকার নিষেধাজ্ঞার পাল্টা পদক্ষেপ হিসেবে ইরান এই সিদ্ধান্ত নিয়েছে। তবে, ইরানের পারমাণবিক কর্মসূচির প্রধান মীমাংসাকারী আব্বাস আরাকচি জানিয়েছেন, এই বিলের অর্থ পারমাণবিক চুক্তি থেকে বেরিয়ে আসা নয়, যদিও প্রেসিডেন্ট ট্রাম্প এই চুক্তির ঘোর বিরোধী।",7.69,0.0,7.69
news-55287117,ইরানে এক সাংবাদিকের মৃত্যুদণ্ড কার্যকর করা হয়েছে যার বিরুদ্ধে মেসেজিং অ্যাপ ব্যবহার করে অসন্তোষ সৃষ্টির উস্কানি দেয়ার অভিযোগ আনা হয়েছিল।,"ইরানের রাষ্ট্রীয় টেলিভিশন শনিবার রুহুল্লাহ জামের মৃত্যুদণ্ড কার্যকরের খবর নিশ্চিত করেছে। তিনি আমাদনিউজ নামে একটি ওয়েবসাইট চালাতেন, যা ২০১৭-১৮ সালের সরকারবিরোধী বিক্ষোভে উস্কানি দেয়ার অভিযোগে অভিযুক্ত ছিল। মানবাধিকার সংস্থা অ্যামনেস্টি ইন্টারন্যাশনাল এই বিচারকে 'অন্যায্য' বলে অভিহিত করেছে, কারণ এটি জোরপূর্বক স্বীকারোক্তির ভিত্তিতে পরিচালিত হয়েছিল।",12.31,3.17,12.31
news-49543853,"বিশ্বের গেমিং ইন্ডাস্ট্রি এখন এত বড় যে এটি চলচ্চিত্র এবং সঙ্গীত এই দুই ব্যবসাকে যদি এক করা হয়, তাকেও ছাড়িয়ে যাবে।","ভিডিও গেম খেলার মাধ্যমে অর্জিত দক্ষতা কর্মক্ষেত্রেও গুরুত্বপূর্ণ হতে পারে, যা অনেক প্রতিষ্ঠান এখন উপলব্ধি করছে। গেম একাডেমীর মতো সংস্থাগুলো গেমারদের অনলাইন প্রোফাইল বিশ্লেষণ করে তাদের সুপ্ত দক্ষতা চিহ্নিত করে এবং সেগুলোকে কর্মক্ষেত্রে ব্যবহারের জন্য প্রশিক্ষণ দেয়। সামরিক বাহিনীসহ বিভিন্ন ক্ষেত্রে গেমারদের দ্রুত সিদ্ধান্ত গ্রহণ, কৌশলগত চিন্তাভাবনা এবং সমন্বিতভাবে কাজ করার মতো দক্ষতাগুলোকে কাজে লাগানো হচ্ছে।",5.19,0.0,5.19
news-53868004,ঢাকায় ভারতের পররাষ্ট্র সচিব হর্ষ বর্ধন শ্রিংলার সফরের সময় বাংলাদেশের প্রধানমন্ত্রী শেখ হাসিনার সাথে তার বৈঠকের ব্যাপারে বাংলাদেশ সরকারের পক্ষ থেকে কিছু বলা হচ্ছে না।,"ভারতের পররাষ্ট্র সচিব হর্ষ বর্ধন শ্রিংলার আকস্মিক ঢাকা সফর এবং প্রধানমন্ত্রী শেখ হাসিনার সাথে তার কথিত বৈঠক নিয়ে বিভ্রান্তি সৃষ্টি হয়েছে। ভারতীয় পক্ষ বৈঠকের কথা জানালেও বাংলাদেশ সরকার তা অস্বীকার করেছে, যা নানা জল্পনা-কল্পনার জন্ম দিয়েছে। এই অস্পষ্টতা নিয়ে বিশ্লেষকরা প্রশ্ন তুলেছেন এবং তথ্যের অভাবে বিভিন্ন অনুমানের সুযোগ তৈরি হয়েছে বলে মন্তব্য করেছেন।",35.44,23.38,32.91
news-57303389,বাংলাদেশে করোনাভাইরাসে গত ২৪ ঘণ্টায় নতুন করে আরো ১৭শ ১০ জন আক্রান্ত হয়েছে। এনিয়ে ভাইরাসটিতে মোট আক্রান্তের সংখ্যা আট লাখ ছাড়ালো।,"করোনাভাইরাস সংক্রমণ কমাতে মাস্ক পরা জরুরি বলে বিজ্ঞানীরা জানিয়েছেন। বাংলাদেশে গত ২৪ ঘণ্টায় ৩৬ জনের মৃত্যু হয়েছে এবং শনাক্তের হার ৯.৪১ শতাংশে নেমে এসেছে, যা এপ্রিলের ২৪ শতাংশের তুলনায় উল্লেখযোগ্য উন্নতি। বর্তমানে সুস্থতার হার ৯২.৪৮ শতাংশ এবং মোট মৃতের সংখ্যা ১২ হাজার ৬১৯ জন।",17.91,3.08,14.93
news-45179033,বাংলাদেশসহ দক্ষিণ এশিয়ার দেশগুলোর মানুষ এখন থেকে ফেসবুকের মাধ্যমে স্প্যানিশ ফুটবল লা লিগার খেলা দেখতে পারবেন।,"ফেসবুক লা লিগার পরবর্তী তিন মৌসুমের প্রতিটি খেলা ভারত, বাংলাদেশসহ দক্ষিণ এশিয়ার আটটি দেশে সরাসরি সম্প্রচার করবে। এই চুক্তির মাধ্যমে ফেসবুক লাইভ স্ট্রিমিংয়ের বাজারে নিজেদের অবস্থান আরও শক্তিশালী করছে। প্রাথমিকভাবে বিজ্ঞাপনমুক্ত সম্প্রচার হলেও ভবিষ্যতে বিজ্ঞাপন যোগ করার বিষয়টি বিবেচনা করা হচ্ছে।",21.05,7.27,10.53
news-54735304,"বাংলাদেশে লালমনিরহাট জেলার পুলিশ জানিয়েছে, পাটগ্রাম এলাকায় শত শত মানুষ একজন ব্যক্তিকে পিটিয়ে হত্যার পর তার মৃতদেহ আগুন দিয়ে পুড়িয়ে দিয়েছে।","লালমনিরহাটের পাটগ্রামে এক মসজিদে ধর্ম অবমাননার গুজব ছড়িয়ে পড়লে শত শত মানুষ এক ব্যক্তিকে পিটিয়ে হত্যা করে এবং তার মৃতদেহে আগুন ধরিয়ে দেয়। পুলিশ সুপার আবিদা সুলতানা জানান, আসরের নামাজের পর শেলফে পা দেওয়া নিয়ে কথা কাটাকাটি থেকে কোরআন শরীফের ওপর পা পড়ার গুজব ছড়ায়। পুলিশ আসার আগেই উত্তেজিত জনতা ইউনিয়ন পরিষদের গ্রিল ভেঙে ওই ব্যক্তিকে পিটিয়ে হত্যা করে এবং পরে পরিস্থিতি নিয়ন্ত্রণে অতিরিক্ত পুলিশ মোতায়েন করা হয়।",17.98,4.6,13.48
news-47265293,কক্সবাজার জেলার মিয়ানমার সীমান্তবর্তী টেকনাফের একটি স্কুলের মাঠে শনিবার কয়েক হাজার মানুষের সামনে পুলিশের তালিকাভুক্ত ১০২ জন ইয়াবা ব্যবসায়ী আত্মসমর্পণ করেছেন।,"কক্সবাজারে স্বরাষ্ট্রমন্ত্রী ও পুলিশের আইজি-র উপস্থিতিতে ১০২ জন ইয়াবা ব্যবসায়ী আত্মসমর্পণ করেছেন, যার মধ্যে আওয়ামী লীগের সাবেক এমপি আব্দুল রহমান বদির তিন ভাই ও আটজন আত্মীয় রয়েছেন। তবে বদির আরেক ভাই, যিনি শীর্ষ ইয়াবা ব্যবসায়ী হিসেবে পরিচিত, তিনি আত্মসমর্পণ করেননি। পুলিশের তালিকাভুক্ত ১,১৫১ জন মাদক ব্যবসায়ীর মধ্যে মাত্র ১০২ জন আত্মসমর্পণ করায় এবং ""ইয়াবা গডফাদারদের"" ৭৩ জনের মধ্যে মাত্র ৩০ জন আত্মসমর্পণ করায় এই ঘটনা নিয়ে জনমনে মিশ্র প্রতিক্রিয়া ও সন্দেহ তৈরি হয়েছে।",16.67,12.77,14.58
news-47526456,"ভারতে আসন্ন সাধারণ নির্বাচনে কয়েকটি রাজ্যে মুসলিমরা যাতে ভোট না-দিতে পারেন, সে কারণেই রোজার মাসে ভোট ফেলা হয়েছে বলে অভিযোগ করেছে পশ্চিমবঙ্গে ক্ষমতাসীন তৃণমূল কংগ্রেস।","তৃণমূল কংগ্রেসের মুখপাত্র ফিরহাদ হাকিম অভিযোগ করেছেন যে, মুসলিম-অধ্যুষিত রাজ্যগুলিতে ইচ্ছাকৃতভাবে নির্বাচনী প্রক্রিয়া দীর্ঘায়িত করা হয়েছে, বিশেষ করে রমজান মাসে ভোট রেখে মুসলিম ভোটারদের ভোটদান থেকে বিরত রাখার চেষ্টা করা হচ্ছে। তিনি পশ্চিমবঙ্গের সাত দফার ভোটগ্রহণের মধ্যে শেষ তিন দফার ভোট রমজান মাসে পড়াকে এর উদাহরণ হিসেবে তুলে ধরেছেন। তবে বিজেপি এই অভিযোগকে ভিত্তিহীন ও সাম্প্রদায়িক উদ্দেশ্যপ্রণোদিত বলে উড়িয়ে দিয়েছে, এবং দেশের অনেক মুসলিম নেতাও তৃণমূলের এই অভিযোগকে সমর্থন করছেন না।",16.33,2.08,6.12
news-55722951,''আপনার নিরাপত্তার জন্যে এখন সবচেয়ে বড় হুমকি কী? - শত্রু কোনো রাষ্ট্র? প্রাকৃতিক দুর্যোগ? মহামারি? পারমাণবিক হামলা?'',"ওয়াশিংটনে জো বাইডেনের শপথ গ্রহণকে কেন্দ্র করে অভূতপূর্ব নিরাপত্তা ব্যবস্থা নেওয়া হয়েছে, যেখানে হাজার হাজার সেনা মোতায়েন করা হয়েছে এবং শহরকে দুর্গের মতো সুরক্ষিত করা হয়েছে। এটি আমেরিকান গৃহযুদ্ধের পর ওয়াশিংটনে সেনাবাহিনীর সবচেয়ে বড় উপস্থিতি। এই কঠোর নিরাপত্তার কারণ হলো, সাম্প্রতিক এক জরিপে ৫৫% আমেরিকান তাদের সহ-নাগরিকদেরই দেশের সবচেয়ে বড় অভ্যন্তরীণ হুমকি হিসেবে দেখছেন। এমনকি, মোতায়েনকৃত ন্যাশনাল গার্ড সদস্যদের মধ্য থেকেও কোনো হুমকি আসতে পারে কিনা, তা নিয়েও উদ্বেগ প্রকাশ করা হয়েছে।",11.24,2.3,11.24
news-46014484,লায়ন এয়ার বোয়িং ৭৩৭ বিমানটি ১৮৯ জন যাত্রী নিয়ে ইন্দোনেশিয়ার রাজধানী জার্কাতা থেকে উড্ডয়নের কিছুক্ষণের মধ্যে সমুদ্রে বিধ্বস্ত হয়েছে।,"ইন্দোনেশিয়ার পালু বিমানবন্দর থেকে উড্ডয়নের কিছুক্ষণ পরেই ফ্লাইট জেটি ৬১০-এর সাথে কন্ট্রোল রুমের যোগাযোগ বিচ্ছিন্ন হয়ে যায় এবং বিমানটি সমুদ্রে পতিত হয়। এই নিয়মিত ফ্লাইটে ১৮৯ জন যাত্রী ও ক্রু ছিলেন, যাদের মধ্যে কেউ বেঁচে আছেন কিনা তা এখনো জানা যায়নি। কর্তৃপক্ষ জানিয়েছে যে সাগরে বিমানটির ব্যক্তিগত জিনিসপত্র ভাসতে দেখা গেছে, যা দুর্ঘটনার ভয়াবহতা নির্দেশ করে।",23.68,8.11,13.16
news-50060359,বাংলাদেশে সুন্দরবনের কয়রা এলাকায় র‌্যাবের সাথে বন্দুকযুদ্ধে চারজন বনদস্যু নিহত হয়েছে।,"গত এক বছরে বেশ কয়েকটি বন্দুকযুদ্ধের খবর এসেছে, যার মধ্যে খুলনার কয়রা খালে বনদস্যুদের সাথে র‌্যাবের বন্দুকযুদ্ধে আমিনুর বাহিনীর প্রধানসহ চারজন নিহত হন। ২০১৬ সাল থেকে শুরু হওয়া আত্মসমর্পণ প্রক্রিয়ার মাধ্যমে সুন্দরবনকে বনদস্যুমুক্ত ঘোষণা করা হলেও, যারা আত্মসমর্পণ করেনি তারা ছোট ছোট দল গঠন করে জেলেদের ওপর হামলা চালাচ্ছে। কর্মহীনতার কারণে অনেক সময় আত্মসমর্পণকারীদের আত্মীয়রাও এই পথে আসছে বলে জানা গেছে।",18.92,2.78,16.22
news-50466918,লিবিয়ার রাজধানী ত্রিপোলিতে একটি বিস্কুট কারখানার ওপর এক বিমান হামলায় কমপক্ষে সাত জন বেসামরিক লোক নিহত হয়েছে - যার মধ্যে একজন বাংলাদেশি।,"লিবিয়ার ত্রিপোলিতে একটি বিস্কুট কারখানায় বিমান হামলায় একজন বাংলাদেশি নিহত এবং ১৫ জন আহত হয়েছেন, যাদের মধ্যে দু'জনের অবস্থা আশঙ্কাজনক। আহতরা সবাই ওই কারখানায় কাজ করতেন এবং তাদের দেখতে দূতাবাসের কর্মকর্তারা হাসপাতালে গিয়েছিলেন। ২০১১ সালে গাদ্দাফির পতনের পর থেকেই লিবিয়ায় সংঘাত চলছে এবং সম্প্রতি বিদ্রোহী জেনারেল খলিফা হাফতারের বাহিনী ত্রিপোলি দখলের চেষ্টা করায় পরিস্থিতি আরও খারাপ হয়েছে।",30.38,10.39,20.25
news-53915441,বিদেশে উচ্চতর ডিগ্রি নেয়া কিংবা চাকরির ক্ষেত্রে নিজের দক্ষতা বাড়ানোর জন্য নতুন ভাষা শেখাটাকে গুরুত্ব দিয়ে থাকেন অনেকেই।,"তরুণ প্রজন্ম, বিশেষত মারফিয়া হায়দারের মতো যারা বিদেশে উচ্চশিক্ষা বা পেশাগত সুযোগ খুঁজছেন, তারা স্প্যানিশ ভাষার মতো বিদেশি ভাষা শিখতে আগ্রহী হচ্ছেন। কাই চ্যানের গবেষণা অনুযায়ী, ভ্রমণের ক্ষমতা, অর্থনৈতিক গুরুত্ব, সংলাপ, জ্ঞান ও প্রচার মাধ্যমে ব্যবহার এবং আন্তর্জাতিক সম্পর্কে জড়িত থাকার ক্ষমতার মতো পাঁচটি সূচকের ভিত্তিতে ইংরেজিই বিশ্বের সবচেয়ে শক্তিশালী ভাষা। যদিও ম্যান্ডারিন, ফরাসি, স্প্যানিশ ও আরবিও গুরুত্বপূর্ণ, ২০৫০ সালেও ইংরেজি তার শীর্ষস্থান ধরে রাখবে বলে গবেষণায় উঠে এসেছে।",6.9,0.0,6.9
news-48182337,সিঙ্গাপুরে চিকিৎসাধীন অবস্থায় মারা গেছেন একুশে পদকপ্রাপ্ত জনপ্রিয় সংগীতশিল্পী সুবীর নন্দী।,খ্যাতিমান সঙ্গীতশিল্পী সুবীর নন্দী সিঙ্গাপুরে চিকিৎসাধীন অবস্থায় আজ ভোর সাড়ে চারটায় শেষ নিঃশ্বাস ত্যাগ করেছেন। বারবার হৃদরোগ ও মাল্টিপল অরগ্যান ফেইলিউরের কারণে তার মৃত্যু হয়েছে বলে জানা গেছে। ৪০ বছরের দীর্ঘ সঙ্গীত জীবনে আড়াই হাজারেরও বেশি গান গেয়েছেন এবং সঙ্গীতে অবদানের জন্য এ বছরই একুশে পদক লাভ করেছেন।,20.34,10.53,13.56
news-47863942,বাংলাদেশে দুর্নীতির দায়ে সাজাপ্রাপ্ত হয়ে কারাগারে আটক থাকা বিএনপি চেয়ারপার্সন খালেদা জিয়ার মুক্তির বিষয়ে রাজনৈতিক অঙ্গনে নানা ধরণের আলোচনা হচ্ছে।,"দুর্নীতির দায়ে কারাবন্দী বিএনপি চেয়ারপার্সন খালেদা জিয়ার প্যারোলে মুক্তি নিয়ে রাজনৈতিক অঙ্গনে আলোচনা চলছে। বিএনপি চিকিৎসার জন্য তার মুক্তি দাবি করছে এবং মনে করে এটি সরকারের ইচ্ছার ওপর নির্ভরশীল, যদিও সরকার প্যারোলের আবেদন করলে তা বিবেচনা করার কথা জানিয়েছে। প্যারোল ও জামিনের মধ্যে পার্থক্য হলো, জামিন আদালতের নির্দেশে হয় এবং আবেদনকারী স্বাধীন থাকেন, অন্যদিকে প্যারোল প্রশাসনিক আদেশে হয় এবং নির্দিষ্ট শর্তে কারাবন্দী ব্যক্তি বাইরে আসার সুযোগ পান।",20.69,11.76,20.69
news-44973154,মার্কিন প্রেসিডেন্ট ট্রাম্পকে বেয়াড়া প্রশ্ন করার জন্য টিভি নেটওয়ার্ক সিএনএন-এর একজন সাংবাদিককে হোয়াইট হাউজের এক অনুষ্ঠানে ঢুকতে দেয়া হয়নি।,"হোয়াইট হাউসে সিএনএন সাংবাদিক কেইটলান কলিন্সকে প্রেসিডেন্ট ট্রাম্পের সাবেক আইনজীবী ও পুতিন সংক্রান্ত প্রশ্ন করার জন্য একটি অনুষ্ঠানে প্রবেশ করতে দেওয়া হয়নি। হোয়াইট হাউস দাবি করেছে যে তার প্রশ্নগুলি ""যথোপযুক্ত"" ছিল না এবং তিনি চিৎকার করছিলেন, যদিও কলিন্স এই অভিযোগ অস্বীকার করেছেন। এই ঘটনাটি ট্রাম্প ও সিএনএন-এর মধ্যে দীর্ঘদিনের তিক্ত সম্পর্কেরই প্রতিফলন, যেখানে ট্রাম্প প্রায়শই সিএনএনকে ""ফেক নিউজ"" বলে আক্রমণ করেন।",21.95,7.5,14.63
160215_shah_abdul_karim_birth_centenary,প্রায় দেড় হাজার গানের স্রষ্টা আবদুল করিম ১৯১৬ সালে সিলেটে সুনামগঞ্জের দিরাই উপজেলার জন্মগ্রহণ করেন।,"শাহ আব্দুল করিম, যিনি একুশে পদকপ্রাপ্ত একজন বাউল শিল্পী, তার গান বাংলাদেশের লোকসঙ্গীতের সীমানা ছাড়িয়ে আন্তর্জাতিক অঙ্গনেও পরিচিতি লাভ করেছে। কিশোর বয়স থেকে গানের চর্চা শুরু করলেও, গত শতকের শেষদিকে তার গান ব্যাপক জনপ্রিয়তা পায় এবং নাটক, চলচ্চিত্র ও জনপ্রিয় ব্যান্ড শিল্পীদের কণ্ঠে নতুন মাত্রা লাভ করে। সেলিম চৌধুরী, কায়া, হাবিব ওয়াহিদ, মমতাজ ও শাহনাজ বেলীর মতো শিল্পীরা তার গান নতুন করে গেয়ে দেশব্যাপী তার পরিচিতি ছড়িয়ে দিতে গুরুত্বপূর্ণ ভূমিকা পালন করেছেন।",4.6,0.0,2.3
news-45745812,বাংলাদেশের সরকারি চাকরিতে নবম থেকে ১৩তম গ্রেডে নিয়োগের ক্ষেত্রে (যেসব পদ আগে প্রথম এবং দ্বিতীয় শ্রেণীর চাকরি বলে পরিচিত ছিল) কোটা ব্যবস্থা বাতিল করেছে দেশটির সরকার।,"শিক্ষার্থীরা ফেব্রুয়ারি মাস থেকে কোটা সংস্কারের দাবিতে আন্দোলন করে আসছিলেন, যার ফলস্বরূপ মন্ত্রিসভা নবম থেকে ১৩তম গ্রেডের সরকারি চাকরিতে কোটা বাতিলের সুপারিশ অনুমোদন করেছে। এর অর্থ হলো, এখন থেকে প্রথম ও দ্বিতীয় শ্রেণির চাকরিতে মেধার ভিত্তিতে নিয়োগ হবে। তবে তৃতীয় ও চতুর্থ শ্রেণির চাকরিতে কোটা ব্যবস্থা আগের মতোই বহাল থাকছে এবং মুক্তিযোদ্ধা ও তাদের স্বজনদের কয়েকটি সংগঠন কোটা পুনর্বহালের দাবিতে বিক্ষোভ করছে।",25.0,9.3,15.91
news-48897701,ইরানের সাথে পারমাণবিক চুক্তি রক্ষায় কি ধরনের শর্ত নিয়ে আবার আলাপ শুরু করা যায় সেনিয়ে ফ্রান্স ও ইরান একমত হয়েছে বলে জানিয়েছেন ফ্রান্সের প্রেসিডেন্টের ইম্যানুয়েল ম্যাক্রো।,"২০১৮ সালে জাতিসংঘের সাধারণ পরিষদের বৈঠকের সময় ইরানের প্রেসিডেন্ট হাসান রুহানি এবং ফ্রান্সের প্রেসিডেন্ট ইম্যানুয়েল ম্যাক্রোঁ-এর মধ্যে আধা ঘণ্টার বেশি সময় ধরে টেলিফোনে আলাপ হয়, যা তেহরান পারমাণবিক চুক্তি রক্ষায় নতুন আলোচনার সম্ভাবনা তৈরি করে। ম্যাক্রোঁ এই চুক্তি পরিত্যক্ত হলে গুরুতর পরিণতির বিষয়ে উদ্বেগ প্রকাশ করেন, কারণ যুক্তরাষ্ট্র চুক্তি থেকে সরে আসার পর ইরানের উপর কঠোর নিষেধাজ্ঞা আরোপ করেছে। এর প্রতিক্রিয়ায় ইরান ইউরেনিয়াম মজুদ বাড়িয়েছে, যা পারমাণবিক বোমা তৈরির সন্দেহের জন্ম দিয়েছে।",16.16,4.12,10.1
news-45162273,ঢাকা শহরের বিভিন্ন জায়গায় ফুটওভারব্রীজ আছে। কোথাও আছে আন্ডারপাস। কিন্তু এগুলো খুব একটা ব্যবহার হতে দেখা যায় না। এগুলো ব্যবহারের আগ্রহ কম কেন ?,"ফুট ওভারব্রিজ ও আন্ডারপাস থাকা সত্ত্বেও পথচারীরা সেগুলো ব্যবহার না করে রাস্তা পার হচ্ছেন, যার প্রধান কারণ হলো নিরাপত্তা ও দূরত্বের সমস্যা। মাদকসেবী, হকার ও বখাটেদের উপদ্রব এবং আলোর অভাবে অনেক ফুট ওভারব্রিজ অনিরাপদ হয়ে উঠেছে, বিশেষ করে নারী ও শিশুদের জন্য। ফলে দুর্ঘটনা বাড়লেও, কর্তৃপক্ষ এই সমস্যা সমাধানে কার্যকর পদক্ষেপ নিতে ব্যর্থ হচ্ছে।",7.79,0.0,7.79
news-50711508,সান্না ম্যারিনের বয়স মাত্র ৩৪ এবং তিনিই হতে যাচ্ছেন বিশ্বের সবচেয়ে কমবয়সী প্রধানমন্ত্রী।,"সান্না ম্যারিন ফিনল্যান্ডের প্রধানমন্ত্রী হিসেবে শপথ নিতে যাচ্ছেন, যা তাকে বিশ্বের সর্বকনিষ্ঠ প্রধানমন্ত্রী বানাবে। তিনি নারীদের নেতৃত্বে থাকা পাঁচটি দলের সমন্বয়ে গঠিত একটি মধ্য-বাম কোয়ালিশন সরকারের প্রধান হিসেবে দায়িত্ব গ্রহণ করবেন। ম্যারিন তার বয়স বা লিঙ্গ নিয়ে প্রশ্ন উড়িয়ে দিয়ে বলেছেন যে তিনি রাজনীতিতে এসেছেন তার উদ্দেশ্য নিয়েই এবং মানুষ তাকে সে কারণেই ভোট দিয়েছে।",17.39,0.0,11.59
news-55976708,"বাংলাদেশে করোনাভাইরাসের টিকা নেয়ার জন্য রেজিস্ট্রেশন করা দেয়া হবে, টেলিফোনে এমন প্রস্তাব রেখে অভিনব প্রতারণার ফাঁদ পেতেছে একটি চক্র।","করোনাভাইরাসের টিকা নিবন্ধনের নাম করে প্রতারণা চক্র সক্রিয় হয়েছে, যারা সহায়তার ছলে মানুষের ব্যক্তিগত তথ্য ও মোবাইল ওয়ালেটের টাকা হাতিয়ে নিচ্ছে। সাইবার ক্রাইম অ্যাওয়ারনেস ফাউন্ডেশন ও পুলিশ এ বিষয়ে সতর্ক থাকার পরামর্শ দিয়েছে। সার্ভারের সমস্যা এবং প্রযুক্তিগত জ্ঞানের অভাবে অনেকেই নিবন্ধন করতে না পারায় এই প্রতারণা বাড়ছে, তাই ফোন বা ওটিপি-তে ব্যক্তিগত তথ্য শেয়ার না করার জন্য বিশেষজ্ঞদের পক্ষ থেকে পরামর্শ দেওয়া হয়েছে।",9.64,2.47,7.23
news-40690462,"বাংলাদেশে পাহাড় ধসে প্রাণহানিকে আর্থ-সামাজিক, পরিবেশগত এবং রাজনৈতিক সমস্যা হিসেবে চিহ্নিত করছেন একজন বিশেষজ্ঞ।","গত জুনে পাহাড় ধসে দেড় শতাধিক মানুষের মৃত্যুর পর ঢাকা বিশ্ববিদ্যালয়ের অধ্যাপক ড. শহীদুল ইসলাম পাহাড় ধসের কারণ হিসেবে তিনটি বিষয় উল্লেখ করেছেন। তিনি বলেন, বালুময় পাহাড়ে ফাটল থাকায় অতিবৃষ্টিতে প্রাকৃতিক ধস হয়, তবে অবৈধভাবে পাহাড় কাটা এবং বন উজাড় ও জুম চাষের পরিবর্তে লাঙ্গল-কোদালের চাষ মানবসৃষ্ট ধসের প্রধান কারণ। এসব সমস্যা সমাধানে রাজনৈতিক সদিচ্ছা জরুরি বলে তিনি মনে করেন, যা ২০০৭ সালের বিশেষজ্ঞ প্রতিবেদনেও উঠে এসেছিল।",16.87,2.47,12.05
news-46773097,বাংলাদেশে নির্বাচনী সহিংসতার জের ধরে রাজশাহীতে কলমা নামের একটি গ্রাম অনেকটা 'একঘরে' হয়ে পড়েছে বলে স্থানীয়রা জানিয়েছেন।,"রাজশাহীর তানোরের কলমা গ্রামে নির্বাচনের পর থেকে আওয়ামী লীগ ও বিএনপি সমর্থকদের মধ্যে উত্তেজনা বিরাজ করছে, যার ফলে গ্রামটি কার্যত অবরুদ্ধ। স্থানীয়দের অভিযোগ, বিএনপি সমর্থক হওয়ায় গ্রামের বাসিন্দাদের আশেপাশের গ্রামে প্রবেশ করতে দেওয়া হচ্ছে না এবং বাইরের কেউ গ্রামে ঢুকতে পারছে না। এই পরিস্থিতিতে গ্রামের মানুষ ভীতসন্ত্রস্ত এবং প্রশাসন পরিস্থিতি শান্ত করার চেষ্টা করছে।",2.82,0.0,2.82
news-44692993,শিরোনামটি আগেই পড়েছেন: 'নেইমার ব্রাজিলকে তৃপ্তি দিয়েছেন কিন্তু বিশ্বকে বিরক্ত করেছেন'।,"ব্রাজিলের পত্রিকা গ্লোবো নেইমারকে বিশ্বের সবচেয়ে দামি খেলোয়াড় হিসেবে আখ্যায়িত করেছে, যদিও তার মাঠে অতিরিক্ত নাটকীয়তা ও গড়াগড়ি নিয়ে সমালোচনা রয়েছে। সোমবারের খেলায় তার অসাধারণ পারফরম্যান্স দলের ২-০ গোলের জয়ে গুরুত্বপূর্ণ ভূমিকা রাখে, যেখানে তিনি প্রথম গোলের ক্ষেত্র তৈরি করেন। তবে মেক্সিকোর খেলোয়াড় মিগুয়েল লায়ুনের সাথে একটি ঘটনায় নেইমারের গড়াগড়ি নিরপেক্ষ বিশ্লেষকদের মধ্যে বিরক্তি সৃষ্টি করেছে এবং ফুটবল মূল্যবোধের সঙ্গে অসঙ্গতিপূর্ণ বলে বিবেচিত হয়েছে।",0.0,0.0,0.0
news-56797313,"ইংল্যান্ডের 'বিগ সিক্স' বলে পরিচিত আর্সেনাল, চেলসি, লিভারপুল, ম্যানচেস্টার সিটি, ম্যানচেস্টার ইউনাইটেড ও টটেনহ্যাম হটস্পার-সহ ইউরোপের ১২টি বিখ্যাত ক্লাব একজোট হয়ে একটি নতুন প্রতিযোগিতায় যোগ দিতে একমত হয়েছে, যার নাম ইউরোপিয়ান সুপার লিগ বা ইএসএল।","ইউরোপিয়ান সুপার লিগ (ইএসএল) নামে একটি নতুন ফুটবল টুর্নামেন্ট চালু হতে যাচ্ছে, যেখানে ১২টি প্রতিষ্ঠাতা ক্লাব এবং আরও ৩টি ক্লাব যোগ দেবে বলে ধারণা করা হচ্ছে। এই লিগ সপ্তাহের মাঝামাঝি সময়ে অনুষ্ঠিত হবে এবং পুরুষ ও নারী উভয় বিভাগেই খেলা হবে। তবে, ফিফা, উয়েফা এবং বিভিন্ন রাষ্ট্রপ্রধানরা, যেমন যুক্তরাজ্যের প্রধানমন্ত্রী বরিস জনসন, এই নতুন লিগের তীব্র নিন্দা জানিয়েছেন, কারণ এটি ঘরোয়া লিগ এবং ফুটবল ভক্তদের জন্য ক্ষতিকর হতে পারে বলে মনে করা হচ্ছে।",20.18,5.61,7.34
160829_nasa_mars_simulation_hawaii,মঙ্গল গ্রহে বসবাসের অনুশীলনে একদল অভিযাত্রী জনমানবশূন্য পরিবেশে এক বছর কাটিয়ে ফিরে এসেছেন।,"নাসার অর্থায়নে হাওয়াই বিশ্ববিদ্যালয়ের তত্ত্বাবধানে ছয় সদস্যের একটি দল ২০১৫ সালের ২৯শে আগস্ট থেকে এক বছর ধরে হাওয়াই দ্বীপের একটি গবেষণাগারে মঙ্গলে মানুষের জীবনযাত্রার পরীক্ষা চালান। এই পরীক্ষায় সীমিত সম্পদ, ব্যক্তিগত গোপনীয়তার অভাব এবং বাইরের পৃথিবীর সাথে যোগাযোগ বিচ্ছিন্ন অবস্থায় জীবনযাপন করতে হয়। এই গবেষণার মাধ্যমে মঙ্গলে মানুষের অভিযানের সম্ভাবনা উজ্জ্বল হয়েছে এবং কারিগরি ও মনস্তাত্ত্বিক সমস্যাগুলো দূর করা সম্ভব বলে বিজ্ঞানীরা মনে করছেন।",5.19,2.67,5.19
news-56510049,"ভারতে নতুন ধরনের 'ডাবল মিউট্যান্ট' করোনাভাইরাস শনাক্ত হয়েছে। এ ধরনের ভাইরাসে দুইটি মিউটেশন বা ডিএনএ পরিবর্তনের দুই ধরনের ক্ষমতা থাকে, যা শরীরের সাধারণ প্রতিরোধ ক্ষমতাকে পাশ কাটিয়ে আক্রমণ করে বা রোগে আক্রান্ত হওয়ার ঝুঁকি অনেক বাড়িয়ে দেয়।","ভারতে সম্প্রতি করোনাভাইরাসের নতুন ৭৭১টি ধরন শনাক্ত হয়েছে, যার মধ্যে যুক্তরাজ্য ও দক্ষিণ আফ্রিকার সংক্রামক ধরনগুলোও রয়েছে। যদিও সরকার বলছে, নতুন রোগী বৃদ্ধির সঙ্গে এসব ধরনের কোনো সম্পর্ক নেই, তবে বুধবার ৪৭,২৬২ জন নতুন রোগী শনাক্ত এবং ২৭৫ জনের মৃত্যু হয়েছে, যা এই বছরের সর্বোচ্চ। ভাইরোলজিস্টরা সতর্ক করেছেন যে, কিছু মিউটেশন, বিশেষ করে ডাবল মিউটেশন, ভাইরাসের সংক্রমণ ক্ষমতা এবং রোগের তীব্রতা বাড়িয়ে দিতে পারে।",21.57,2.0,15.69
news-46057266,"বিশ্বজুড়ে গুগলের অফিসগুলোতে শত শত কর্মী আজ এক অভূতপূর্ব কর্মবিরতিতে যোগ দিয়েছেন। তারা গুগলে নারী কর্মীদের যৌন হয়রানির অভিযোগ এখন যে পদ্ধতিতে মিটমাট করা হয়, তার প্রতিবাদ জানাচ্ছেন।","গুগল কর্মীরা যৌন অসদাচরণের অভিযোগ আদালতে নিয়ে যাওয়ার অধিকার চেয়ে কর্মবিরতি পালন করছেন, কারণ বর্তমানে এই ধরনের অভিযোগ বাধ্যতামূলকভাবে সালিশের মাধ্যমে নিষ্পত্তি করা হয়। এই প্রতিবাদের সূত্রপাত হয়েছে অ্যান্ডি রুবিনের বিরুদ্ধে যৌন হয়রানির অভিযোগ এবং তাকে চাকরি ছাড়ার সময় মোটা অঙ্কের ক্ষতিপূরণ দেওয়ার ঘটনা ফাঁস হওয়ার পর। গুগল সিইও সুন্দর পিচাই কর্মীদের ক্ষোভকে সমর্থন জানিয়েছেন এবং সমাজে বিদ্যমান এই সমস্যার বিরুদ্ধে অগ্রগতির অঙ্গীকার করেছেন, যদিও তিনি জানিয়েছেন যে যৌন হয়রানির অভিযোগে ৪৮ জন কর্মীকে কোনো ক্ষতিপূরণ ছাড়াই ছাঁটাই করা হয়েছে।",12.96,5.66,9.26
news-49176425,বাংলাদেশে সরকারি হিসাবে এ বছর ১৭ হাজারের বেশি মানুষ ডেঙ্গু জ্বরে আক্রান্ত হয়েছে। এই হিসাবের নব্বই শতাংশ মানুষ আক্রান্ত হয়েছে জুলাই মাসে।,"ডেঙ্গু একটি প্রাচীন রোগ, যার প্রথম উল্লেখ পাওয়া যায় চীনের চিকিৎসা সংক্রান্ত নথিপত্রে ৯৯২ খ্রিস্টাব্দে। 'ডেঙ্গু' নামটি কোথা থেকে এসেছে তা পরিষ্কার না হলেও, ধারণা করা হয় আফ্রিকার সোয়াহিলি ভাষার প্রবাদ 'কা-ডিঙ্গা পেপো' থেকে এটি এসেছে, যার অর্থ 'শয়তানের শক্তির কাছে আটকে যাওয়ার মতো ব্যথা'। এ বছর বাংলাদেশে ডেঙ্গুর প্রকোপ আগেভাগে দেখা দিয়েছে, যেখানে সরকারি হিসাবে ১৪ জন মারা গেলেও গণমাধ্যমে এই সংখ্যা কয়েকগুণ বেশি বলে উল্লেখ করা হচ্ছে, যা মানুষের মধ্যে ব্যাপক আতঙ্ক সৃষ্টি করেছে।",16.16,4.12,8.08
news-53538087,করোনাভাইরাস মহামারির মধ্যে ভারত-বাংলাদেশ সীমান্ত এলাকাগুলিতে কয়েক হাজার ভারতীয় নাগরিক আটকা পড়ে আছেন।,"বাংলাদেশ-ভারত সীমান্তে প্রায় আড়াই হাজার ভারতীয় নাগরিক আটকা পড়েছেন, যাদের অধিকাংশই পশ্চিমবঙ্গের বাসিন্দা এবং বাংলাদেশে কাজ করতেন। বিশেষ পারিবারিক প্রয়োজন বা অসুস্থতা ছাড়া স্থলপথে ভারতে প্রবেশে নিষেধাজ্ঞা থাকায় এবং অর্থনৈতিক কারণে বিমানযাত্রার সুযোগ না পাওয়ায় তারা আটকা পড়েছেন। ভারতীয় ইমিগ্রেশন বিভাগ তাদের গ্রহণ না করায় এবং কোনো সরকারের পক্ষ থেকে স্পষ্ট ব্যাখ্যা না পাওয়ায় এই আটকা পড়া মানুষেরা চরম অনিশ্চয়তার মধ্যে দিন কাটাচ্ছেন।",17.95,7.89,12.82
news-51702229,কক্সবাজারের টেকনাফে র‍্যাবের সাথে কথিত বন্দুকযুদ্ধে ৭ জন রোহিঙ্গা শরণার্থী নিহত হয়েছে।,"সোমবার মধ্যরাতে কক্সবাজারের টেকনাফের জাদিমোড়া মোছনির ২৭ নম্বর রোহিঙ্গা শিবিরের কাছে র‍্যাবের সাথে কথিত বন্দুকযুদ্ধে বেশ কয়েকজন রোহিঙ্গা নিহত হয়েছে। র‍্যাব জানিয়েছে, দুর্গম পাহাড়ে অভিযান চালানোর সময় তাদের লক্ষ্য করে গুলি ছোড়া হলে র‍্যাবও পাল্টা গুলি চালায়, এতে সাতজন রোহিঙ্গা নিহত হয়। র‍্যাবের ধারণা, নিহতরা রোহিঙ্গা ক্যাম্পের একটি অপরাধী গোষ্ঠীর সাথে জড়িত ছিল এবং ঘটনাস্থল থেকে কিছু গোলাবারুদ উদ্ধার করা হয়েছে।",23.08,13.16,23.08
news-44751233,"স্মার্টফোন থেকে আপনার তথ্য নিয়ে বড় প্রযুক্তি কোম্পানিগুলো কী করছে, তা কি আপনি জানেন?","ফেসবুকসহ বিভিন্ন টেক কোম্পানি স্মার্টফোনের জিপিএস ছাড়াও জাইরোস্কোপ, মেসেজ স্ক্যানিং এবং আইপি অ্যাড্রেসের মাধ্যমে ব্যবহারকারীদের তথ্য সংগ্রহ করছে। এসব কোম্পানি ব্যবহারকারীদের অজান্তেই তাদের ব্যক্তিগত তথ্য তৃতীয় পক্ষের কাছে হস্তান্তর করে, যা অ্যাপ ডাউনলোডের সময় বা ওয়েবসাইটে সাইন ইন করার সময় ব্যবহারকারীরা সম্মতি দিয়ে থাকেন। বিবিসির গবেষণা অনুযায়ী, এসব কোম্পানির প্রাইভেসি পলিসি ও শর্তাবলী এতটাই জটিল যে তা বুঝতে উচ্চশিক্ষার প্রয়োজন, তাই ব্যবহারকারীদের নিজেদের তথ্য সুরক্ষায় আরও সচেতন হওয়া উচিত।",7.23,0.0,7.23
news-45304291,সৌদি আরবের মক্কায় প্রতিবছরই হজ পালন করেন মুসলিমরা আর সব প্রাপ্তবয়স্ক মুসলিমই আশা করেন যে তিনি জীবনে অন্তত একবার হজ্ব পালন করবেন।,"আহমদিয়া মুসলিমদের সৌদি আরবে প্রবেশ নিষিদ্ধ, কারণ মুসলিমদের অনেক দল তাদের মুসলিম হিসেবে স্বীকৃতি দেয় না এবং তাদের বিশ্বাস যে মির্জা গুলাম আহমদ নবীর শিক্ষা পুনর্জাগরণের জন্য এসেছিলেন। পাকিস্তানে আহমদিয়াদের ধর্মীয় পরিচয় পাসপোর্টে উল্লেখ থাকে, যা সৌদি আরবে তাদের প্রবেশে বাধা দেয়। তবে দ্বৈত নাগরিকত্বধারীরা বা অন্য দেশের নাগরিকরা ধর্মীয় পরিচয় গোপন করে হজ পালন করতে পারেন, যেমনটি একজন আহমদিয়া ব্যক্তি ঝুঁকি নিয়ে আল্লাহর সন্তুষ্টির জন্য হজ করেছেন।",8.89,2.27,6.67
news-53409449,"বৈশ্বিক মহামারি শুরুর পর থেকে বহু মানুষ কাজ হারিয়েছেন, গুটিয়ে গেছে বহু ব্যবসা। এর মধ্যেও কোন পেশায় টিকে আছেন এমন সৌভাগ্যবান ব্যক্তিদেরও কাজের ধরন পুরোপুরি বদলে গেছে।","বিশেষজ্ঞরা তরুণদের নতুন দক্ষতা অর্জনের উপর জোর দিচ্ছেন, কারণ করোনা মহামারীর কারণে চাকরির বাজারে বড় ধরনের পরিবর্তন এসেছে। বিডিজবস-এর প্রধান নির্বাহী ফাহিম মাশরুর জানান, নিয়োগ বিজ্ঞপ্তি ৮০% কমে গিয়েছিল এবং পরিস্থিতি এখনও স্বাভাবিক হয়নি। তবে, ই-কমার্স খাতে ব্যাপক সম্ভাবনা তৈরি হয়েছে, যেখানে অনলাইন বিপণন ও সংশ্লিষ্ট কাজে নিয়োগ বাড়ছে এবং খন্ডকালীন কাজের সুযোগও সৃষ্টি হচ্ছে।",4.76,0.0,4.76
news-49188235,"মার্কিন গোয়েন্দা সংস্থা জানিয়েছে, আল কায়েদার প্রতিষ্ঠাতা ওসামা বিন লাদেনের ছেলে হামজা মারা গেছেন।","মার্কিন সরকার হামজা বিন লাদেনের খবর দেওয়ার জন্য ১০ লাখ ডলার পুরস্কার ঘোষণা করেছিল, কিন্তু তার মৃত্যুর স্থান বা তারিখ সম্পর্কে কোনো বিস্তারিত তথ্য জানানো হয়নি। হামজা বিন লাদেন, যিনি আনুমানিক ৩০ বছর বয়সী ছিলেন, যুক্তরাষ্ট্র ও অন্যান্য দেশের উপর হামলার আহ্বান জানিয়ে অডিও-ভিডিও বার্তা প্রকাশ করেছিলেন এবং ২০১১ সালে তার বাবার মৃত্যুর প্রতিশোধ নিতে জিহাদিদের আহ্বান জানিয়েছিলেন। যদিও তার মৃত্যুর খবর প্রথমে এনবিসি ও নিউ ইয়র্ক টাইমসে আসে, মার্কিন প্রেসিডেন্ট ডোনাল্ড ট্রাম্প এবং জাতীয় নিরাপত্তা উপদেষ্টা জন বল্টন এ বিষয়ে মন্তব্য করতে রাজি হননি।",8.0,2.04,8.0
news-46936286,সম্প্রতি রাইড শেয়ারিং অ্যাপের একজন বাইক চালক শাহানাজ আক্তারের স্কুটি চুরির পর সেটা ফেরত পাওয়া নিয়ে পুলিশের তৎপর ভূমিকার প্রশংসায় ভাসছে সামাজিক যোগাযোগ মাধ্যম।,"সাংবাদিক তারেক হাসান শিমুলের বাইক চুরির ঘটনাকে কেন্দ্র করে সামাজিক মাধ্যমে আলোচনা চলছে, যেখানে তিনি প্রশ্ন তুলেছেন যে শাহনাজের বাইক দ্রুত উদ্ধার হলেও তার বাইক কেন দুই মাস ধরে উদ্ধার হচ্ছে না। তিনি অভিযোগ করেছেন যে পুলিশ এই বিষয়ে গাফিলতি করছে এবং তাদের তৎপরতা যথেষ্ট নয়। শিমুল মনে করেন, পুলিশ চাইলে তার বাইকও উদ্ধার করতে পারে, কিন্তু সংশ্লিষ্ট বিভাগে ধরনা দিয়েও কোনো লাভ হয়নি।",6.82,0.0,6.82
news-46354206,আগামী ৩০শে ডিসেম্বরের সংসদ নির্বাচনে এখনো মনোনয়ন ঘোষণা করেনি জাতীয় পার্টি - যারা ক্ষমতাসীন আওয়ামী লীগ নেতৃত্বাধীন মহাজোটের অংশ।,"জাতীয় পার্টি ২,৮০০টির বেশি মনোনয়নপত্র বিক্রি করে ৩০০ প্রার্থীকে চূড়ান্ত করেছে, যদিও মহাজোটের প্রার্থী হিসেবে ৪৭টি আসনে প্রতিদ্বন্দ্বিতা করার কথা থাকলেও জোটের আনুষ্ঠানিক ঘোষণা না আসায় আসন বণ্টন নিয়ে অনিশ্চয়তা রয়েছে। এর মধ্যেই বিভিন্ন আসনে জাতীয় পার্টির সম্ভাব্য প্রার্থীদের নাম গণমাধ্যমে আসায় দলের অভ্যন্তরে কোন্দল দেখা দিয়েছে। বিশেষ করে, ঢাকা-১ আসনের মতো কিছু আসনে মহাজোটের অংশ হিসেবে জাতীয় পার্টির সংসদ সদস্য থাকা সত্ত্বেও আওয়ামী লীগের প্রার্থী ঘোষণাকে কেন্দ্র করে জাতীয় পার্টিতে তীব্র ক্ষোভ ও অসন্তোষ সৃষ্টি হয়েছে।",10.31,2.11,6.19
news-50242731,"স্টিফেন হকিং থেকে শুরু করে ইলন মাস্ক- বিশ্বের শীর্ষ কয়েকজন বিজ্ঞানী কৃত্রিম বুদ্ধিমত্তা নিয়ে উদ্বেগ প্রকাশ করেছেন যে, এটি একসময় হয়তো মানব প্রজাতির জন্য একটি হুমকি হয়ে উঠতে পারে।","বিশ্বের শীর্ষ বিজ্ঞানীরা কৃত্রিম বুদ্ধিমত্তা (AI) নিয়ে উদ্বেগ প্রকাশ করেছেন, কারণ এটি মানবজাতির জন্য হুমকি হতে পারে। তবে, নতুন একটি বই অনুসারে, রোবট সচেতন হচ্ছে না বা মানুষের বিরুদ্ধে মনোভাব তৈরি করছে না। বরং, AI যন্ত্রগুলো তাদের নির্ধারিত কাজ সম্পন্ন করার ক্ষেত্রে এতটাই দক্ষ হয়ে উঠছে যে, অনিচ্ছাকৃত ভুল ব্যবহারের মাধ্যমে মানব অস্তিত্ব বিলীন হতে পারে। ক্যালিফোর্নিয়া বিশ্ববিদ্যালয়ের অধ্যাপক স্টুয়ার্ট রাসেল তার 'হিউম্যান কম্প্যাটিবল: এআই এন্ড দি প্রবলেম অব কন্ট্রোল' বইয়ে এই বিষয়টি তুলে ধরেছেন এবং বলেছেন যে, রোবটের মানবিক অনুভূতি না থাকায় তাদের খারাপ মনোভাব নিয়ে উদ্বিগ্ন হওয়ার দরকার নেই, বরং তাদের দক্ষতার ক্ষমতা নিয়েই আমাদের সতর্ক থাকা উচিত।",24.81,7.87,20.16
news-51034723,"প্রেসিডেন্ট ডোনাল্ড ট্রাম্প বলেছেন, ইরাকে মার্কিন ঘাঁটিতে মিসাইল হামলা চালানোর পর ইরান 'মনে হচ্ছে ক্ষান্ত দিয়েছে'।","ইরানের ক্ষেপণাস্ত্র হামলার পর ডোনাল্ড ট্রাম্প হোয়াইট হাউস থেকে জানান যে এতে কোনো আমেরিকান বা ইরাকির প্রাণহানি হয়নি এবং ক্ষয়ক্ষতিও সামান্য। তিনি হামলার বদলা নেওয়ার হুমকি না দিয়ে বরং শান্তি স্থাপনের প্রস্তাব দেন, যদি ইরান পারমাণবিক অস্ত্র অর্জনের চেষ্টা ও সন্ত্রাস ত্যাগ করে। ট্রাম্প ইরানের ওপর নতুন নিষেধাজ্ঞা আরোপের নির্দেশ দেন এবং বলেন যে ইরান একটি মহান দেশ হতে পারে, তবে তাদের আচরণ পরিবর্তন না করা পর্যন্ত এই নিষেধাজ্ঞা কার্যকর থাকবে।",9.2,2.35,6.9
news-47889112,বৃহস্পতিবার (আজ) শুরু হয়েছে ভারতের জাতীয় নির্বাচনের প্রথম ধাপ। এবারের নির্বাচনকে দেখা হচ্ছে ভারতের বর্তমান প্রধানমন্ত্রী নরেন্দ্র মোদি'র গ্রহণযোগ্যতা যাচাইয়ের নির্বাচন হিসেবে।,"লোকসভা নির্বাচনের প্রথম ধাপের ভোটগ্রহণ শুরু হয়েছে, যেখানে ২০টি রাজ্য ও কেন্দ্রশাসিত অঞ্চলের ৯১টি আসনে কোটি কোটি ভোটার তাদের ভোটাধিকার প্রয়োগ করছেন। বিশ্বের সর্ববৃহৎ এই নির্বাচন সাত ধাপে ১৯শে মে পর্যন্ত চলবে এবং ২৩শে মে ভোট গণনা করা হবে। এই নির্বাচনে নরেন্দ্র মোদির বিজেপি দ্বিতীয়বারের মতো ক্ষমতায় আসার চেষ্টা করছে, তবে আঞ্চলিক দল ও পুনরুজ্জীবিত কংগ্রেসের কাছ থেকে তারা তীব্র প্রতিদ্বন্দ্বিতার মুখে পড়েছে।",13.95,4.76,6.98
news-48658994,ইংল্যান্ডের ছোট শহর টনটনে মুখোমুখি হচ্ছে বাংলাদেশ ও ওয়েস্ট ইন্ডিজ।,"২০১৯ ক্রিকেট বিশ্বকাপে বাংলাদেশ ও ওয়েস্ট ইন্ডিজ উভয় দলই এখন পর্যন্ত সমান ৩ পয়েন্ট নিয়ে একই অবস্থানে আছে। উভয় দলই একটি করে ম্যাচ জিতেছে, দুটি করে হেরেছে এবং একটি করে ম্যাচ বৃষ্টির কারণে পরিত্যক্ত হয়েছে। এই গুরুত্বপূর্ণ ম্যাচে জয় পেলে বাংলাদেশ ৫ পয়েন্ট নিয়ে পয়েন্ট তালিকার পঞ্চম স্থানে উঠে আসবে। বাংলাদেশের অধিনায়ক মাশরাফী বিন মোর্ত্তজা ওয়েস্ট ইন্ডিজের বিপক্ষে জয়ের জন্য অফ-স্পিনারদের উপর নির্ভর করার কথা জানিয়েছেন।",10.39,8.0,10.39
news-45386636,সম্প্রতি চীনের অল্প বয়েসী ছেলেমেয়েদের মধ্যে চোখের সমস্যা একটি সাধারণ সমস্যা। এর মধ্যে কাছের দৃশ্য দেখতে সমস্যা হওয়া থেকে শুরু করে রয়েছে মাইওপিয়া পর্যন্ত।,"চীনে ভিডিও গেমসের কারণে শিশুদের মধ্যে মায়োপিয়া বা ক্ষীণ দৃষ্টির সমস্যা প্রকট আকার ধারণ করেছে, যা সরকার ও অভিভাবকদের চিন্তার কারণ হয়ে দাঁড়িয়েছে। এই সমস্যা মোকাবিলায় চীনা কর্তৃপক্ষ অভিনব এক সমাধান খুঁজছে, যেখানে শিশুদের ভিডিও গেম খেলার সময় ও ডাউনলোড করার সংখ্যা নিয়ন্ত্রণ করা হবে। প্রেসিডেন্ট শি জিন পিং-এর নির্দেশে শিক্ষা মন্ত্রণালয় একটি নতুন নীতি ঘোষণা করেছে, যা অতিরিক্ত পড়াশোনার চাপ, মোবাইল ফোনের ব্যবহার এবং খেলাধুলার অভাবকে চোখের সমস্যার মূল কারণ হিসেবে চিহ্নিত করেছে।",12.12,0.0,8.08
news-52829563,বাংলাদেশে চব্বিশ ঘণ্টায় শনাক্ত হওয়া রোগীর সংখ্যা ২ হাজারের মাইলফলক অতিক্রম করেছে।,"বাংলাদেশে গত ২৪ ঘণ্টায় ২০২৯ জন নতুন করে করোনাভাইরাসে আক্রান্ত হয়েছেন এবং ১৫ জনের মৃত্যু হয়েছে, যা মোট আক্রান্তের সংখ্যা ৪০,৩২১ এবং মোট মৃত্যুর সংখ্যা ৫৫৯-এ পৌঁছেছে। এই সময়ে ৯৩১০টি নমুনা পরীক্ষা করা হয়েছে, যার মধ্যে ২১.৭৯% পজিটিভ এসেছে। গত ২৪ ঘণ্টায় ৫০০ জন সুস্থ হয়েছেন, ফলে মোট সুস্থতার হার ২০.৮৯%।",8.96,0.0,8.96
news-46210996,বিশ্বের বিভিন্ন দেশে বেশ জোরালোভাবে চলছে 'মি-টু' আন্দোলন। বিশেষ করে যুক্তরাষ্ট্র ও ভারতে বিভিন্ন অঙ্গনের ক্ষমতাশালী ব্যক্তিদের বিরুদ্ধে ওঠা অভিযোগ রীতিমতো ঝড় তুলেছে ।,"'মি টু' হ্যাশট্যাগ ব্যবহার করে বিশ্বজুড়ে যৌন হয়রানির বিরুদ্ধে নারীরা প্রতিবাদ জানালেও বাংলাদেশে এই আন্দোলন তেমন গতি পায়নি। দেশের নারীবাদী ও নারী অধিকার কর্মীরাও বিষয়টি এড়িয়ে যাচ্ছেন বলে অভিযোগ উঠেছে, যা তরুণ নারীবাদী লেখক শারমিন সামসের মতে ক্ষতিকর। তিনি মনে করেন, ক্ষমতাশালী ব্যক্তিদের সুনাম ক্ষুণ্ণ হওয়ার ভয়ে নীরবতা পালন না করে, যৌন নিপীড়নের শিকার নারীদের পাশে দাঁড়ানো উচিত। সম্প্রতি বাংলাদেশে শুচিস্মিতা সীমন্তি নামে এক প্রবাসী বাংলাদেশি নারী সাংবাদিক প্রণব সাহার বিরুদ্ধে যৌন হয়রানির অভিযোগ তুলেছেন, যা এই আন্দোলনের প্রথম দিকের ঘটনা।",17.14,3.88,15.24
news-56230347,জাতিসংঘের মানবাধিকার বিষয়ক সংস্থার পক্ষ থেকে বলা হয়েছে মিয়ানমারে সামরিক অভ্যুত্থানের বিরুদ্ধে চলমান বিক্ষোভের সময় আজ রবিবার কমপক্ষে ১৮ জন নিহত হয়েছে।,"মিয়ানমারে সামরিক অভ্যুত্থানের পর থেকে বিক্ষোভ দমনে নিরাপত্তা বাহিনীর সহিংসতা ক্রমশ বাড়ছে, যা শনিবার সবচেয়ে রক্তাক্ত রূপ ধারণ করেছে। পুলিশ বিক্ষোভকারীদের ওপর গুলি, রাবার বুলেট, স্টানগান ও জলকামান ব্যবহার করে, যার ফলে বহু হতাহতের ঘটনা ঘটে এবং ৩০ জনেরও বেশি আহত হয়। এই পরিস্থিতিতে জাতিসংঘে মিয়ানমারের রাষ্ট্রদূত ক্ষমতাচ্যুত সরকারের প্রতি আন্তর্জাতিক সমর্থনের আহ্বান জানালে তাকে বরখাস্ত করা হয়, এবং সামরিক জান্তা বিক্ষোভ দমনে ব্যাপক ধরপাকড় চালাচ্ছে।",9.09,4.65,6.82
news-44425844,"বাংলাদেশে কারাবন্দী বিএনপি নেত্রী খালেদা জিয়ার স্বাস্থ্য পরিস্থিতি নিয়ে উদ্বেগ জানিয়ে তার ব্যক্তিগত চিকিৎসকরা জানিয়েছেন, আজ (শনিবার) কারাগারে তার সঙ্গে কথা বলে তাদের মনে হয়েছে কয়েকদিন আগে তিনি হয়তো মাইল্ড স্ট্রোকের শিকার হয়েছিলেন।","বিএনপি নেত্রী খালেদা জিয়া গত ৫ই জুন মাথা ঘুরে পড়ে গিয়েছিলেন এবং তিন সপ্তাহ ধরে জ্বরে ভুগছেন বলে তার ব্যক্তিগত চিকিৎসকরা জানিয়েছেন। চিকিৎসকদের মতে, এটি একটি মাইল্ড স্ট্রোক বা ট্রানজিয়েন্ট স্কিমিক অ্যাটাক (টিআইএ) হতে পারে। তারা খালেদা জিয়াকে জরুরি ভিত্তিতে একটি বেসরকারি হাসপাতালে নিয়ে উন্নত চিকিৎসার সুপারিশ করেছেন এবং এ বিষয়ে কারা কর্তৃপক্ষকে একটি বিস্তারিত রিপোর্ট জমা দিয়েছেন।",21.98,11.24,17.58
news-44386417,"বাংলাদেশের বিশ্বকাপের সিংহভাগ জুড়ে থাকে ব্রাজিল ও আর্জেন্টিনা নিয়ে উন্মাদনা। বিশ্বকাপ শুরুর অনেক আগে থেকেই রাস্তাঘাট পতাকায় ছেয়ে যায়। জার্মানি, ফ্রান্স বা স্পেনের মতো দলের সমর্থক থাকলেও মূলত ব্রাজিল ও আর্জেন্টিনা নিয়েই আলোচনা বেশি হয় বাংলাদেশে।","বাংলাদেশে বিশ্বকাপ ফুটবল নিয়ে উন্মাদনা দীর্ঘদিনের, বিশেষ করে ব্রাজিল ও আর্জেন্টিনার প্রতি সমর্থন চোখে পড়ার মতো। ১৯৮২ সালে টেলিভিশনে বিশ্বকাপ দেখানো শুরু হওয়ার পর থেকেই এই উন্মাদনা বাড়তে থাকে, যেখানে পেলে ও ম্যারাডোনার মতো কিংবদন্তি খেলোয়াড়রা এই দুই দলের জনপ্রিয়তা বাড়াতে বড় ভূমিকা রাখেন। ঢাকা বিশ্ববিদ্যালয়ের মতো শিক্ষাপ্রতিষ্ঠানেও এই দুই দলের প্রতি শিক্ষার্থীদের তীব্র সমর্থন দেখা যায়, যা দেশের ফুটবলপ্রেমী মানুষের মধ্যে এক ধরনের বিভাজন তৈরি করে।",23.3,3.96,11.65
news-49514242,বাংলাদেশের সবচেয়ে বড় দু'টি মোবাইল ফোন কোম্পানি গ্রামীণ এবং রবি'র বিরুদ্ধে সাড়ে ১৩ হাজার কোটি টাকা বকেয়া না দেয়ার অভিযোগ তুলে সরকার তাদের শাস্তি দেয়ার প্রশ্নে নোটিশ পাঠাচ্ছে।,"টেলিযোগাযোগ নিয়ন্ত্রক সংস্থা বিটিআরসি গ্রামীণফোন ও রবির কাছে প্রায় সাড়ে ১৩ হাজার কোটি টাকা বকেয়া দাবি করছে, যা অডিটের মাধ্যমে জানা গেছে। এই বকেয়া আদায়ে ব্যর্থ হওয়ায় বিটিআরসি কোম্পানি দুটির লাইসেন্স বাতিলসহ কঠোর শাস্তিমূলক ব্যবস্থা নেওয়ার জন্য সরকারের অনুমোদন পেয়েছে এবং নোটিশ পাঠানোর প্রক্রিয়া শুরু করেছে। গ্রামীণফোন সালিশের মাধ্যমে সমাধান চাইলেও, রবি চূড়ান্ত পদক্ষেপের বিরুদ্ধে আদালতে যাওয়ার কথা জানিয়েছে।",24.72,11.49,15.73
47879823,ফেনীর সোনাগাজীতে একটি মাদ্রাসার যে ছাত্রীকে শরীরে কেরোসিন ঢেলে আগুন ধরিয়ে দেয়া হয়েছিল তিনি বুধবার রাতে মারা গেছেন।,"ফেনীর সোনাগাজীতে মাদ্রাসার অধ্যক্ষের বিরুদ্ধে শ্লীলতাহানির মামলা করার জেরে আলিম পরীক্ষার্থী নুসরাত জাহান রাফিকে পুড়িয়ে হত্যা করা হয়েছে। গুরুতর দগ্ধ অবস্থায় তাকে ঢাকা মেডিকেল কলেজ হাসপাতালের বার্ন ইউনিটে ভর্তি করা হয়েছিল, যেখানে বুধবার রাতে তিনি মারা যান। এই ঘটনায় অধ্যক্ষসহ বেশ কয়েকজনকে রিমান্ডে নেওয়া হয়েছে এবং সোনাগাজী থানার ওসিকে প্রত্যাহার করা হয়েছে।",20.0,5.88,17.14
news-55037149,বাংলাদেশে যে কোন ব্যাংক সাইবার হামলার শিকার হতে পারে বলে সতর্ক করে দিয়েছে সরকারের অর্থ মন্ত্রণালয়। সতর্কতা হিসেবে ইতিমধ্যেই নিরাপত্তা বাড়ানোর কথা জানিয়েছে ব্যাংকগুলো।,"২০১৬ সালে বাংলাদেশের কেন্দ্রীয় ব্যাংকের রিজার্ভ চুরির ঘটনার পর থেকেই দেশের ব্যাংকিং খাতে সাইবার হামলা একটি বড় উদ্বেগের বিষয়। সম্প্রতি, অর্থ মন্ত্রণালয় উত্তর কোরিয়া-ভিত্তিক হ্যাকার গ্রুপের সম্ভাব্য সাইবার হামলার বিষয়ে সরকারি ও বেসরকারি ব্যাংকগুলোকে সতর্ক করেছে। এই সতর্কতার পরিপ্রেক্ষিতে ব্যাংকগুলো এটিএম বুথ থেকে টাকা উত্তোলন ও সুইফট নেটওয়ার্কে হামলার আশঙ্কায় প্রয়োজনীয় সতর্কতামূলক ব্যবস্থা নিচ্ছে।",15.19,5.19,10.13
news-44196016,"বাংলাদেশের কেন্দ্রীয় ব্যাংকের পক্ষ থেকে সমস্ত ব্যাংকগুলোর ওপর জারী করা কেন্দ্র এক নির্দেশনায় বলা হয়েছে, ঈদের আগে নোট জালকারী চক্রের 'অপতৎপরতা' বাড়ে এবং তার জন্য কিছু ব্যবস্থা নিতে হবে।","জাল নোট শনাক্তকরণের জন্য বাংলাদেশ ব্যাংক নতুন নির্দেশনা জারি করেছে, যেখানে সাধারণ মানুষকে সহজে জাল নোট চেনার পদ্ধতি সম্পর্কে জানানো হচ্ছে। আসল নোটের অমসৃণতা, নিরাপত্তা সুতা, জলছাপ এবং রং পরিবর্তনশীল কালির ব্যবহার জাল নোট থেকে এটিকে আলাদা করে। ব্যাংকগুলোকেও গ্রাহকদের কাছ থেকে টাকা গ্রহণ ও প্রদানের আগে নোট পরীক্ষা করার এবং এটিএম মেশিনে টাকা ঢোকানোর আগে জাল নোট শনাক্তকারী মেশিন ব্যবহারের নির্দেশ দেওয়া হয়েছে।",12.9,2.2,8.6
news-56483627,বাংলাদেশের কক্সবাজারের উখিয়ার কুতুপালং রোহিঙ্গা ক্যাম্পে অগ্নিকাণ্ডের ঘটনা ঘটেছে।,"কুতুপালং রোহিঙ্গা ক্যাম্পে ভয়াবহ অগ্নিকাণ্ডের ঘটনা ঘটেছে, যেখানে উখিয়া ফায়ার সার্ভিসের চারটি ইউনিট, সেনাবাহিনী ও পুলিশ সদস্যরা আগুন নিয়ন্ত্রণে কাজ করছে। স্থানীয়দের মতে, বালুখালীর ৮, ৯ ও ১০ নম্বর ক্যাম্পের প্রায় ২০০টি ঘরে আগুন লেগেছে এবং তা দ্রুত আশেপাশের এলাকায় ছড়িয়ে পড়ছে। এই অগ্নিকাণ্ডের ফলে কক্সবাজারের ১১ লাখেরও বেশি রোহিঙ্গা শরণার্থীর জীবন আরও দুর্বিষহ হয়ে উঠেছে।",21.54,12.7,18.46
news-50563543,সম্প্রতি সুমি আক্তার নামে পঞ্চগড়ের একজন নারী সৌদি আরব থেকে লুকিয়ে ভিডিও কল করে তাকে উদ্ধারের করার জন্য আকুল আবেদন জানান।,"সৌদি আরবে নারী শ্রমিকদের উপর নির্যাতনের ঘটনা বৃদ্ধি পাওয়ায় বাংলাদেশে তোলপাড় সৃষ্টি হয়েছে, বিশেষ করে হবিগঞ্জের এক নারীর সাহায্য চাওয়ার ভিডিও প্রকাশের পর। যদিও নারী শ্রমিক পাঠানো বন্ধ করার পক্ষে সরকার নয়, বরং তাদের সুরক্ষায় আইনি বাধ্যবাধকতা ও নির্যাতনকারীদের শাস্তির ব্যবস্থা করার কথা ভাবছে। এ বিষয়ে আলোচনার জন্য বাংলাদেশ সরকারের একটি উচ্চ পর্যায়ের দল বর্তমানে সৌদি আরবে অবস্থান করছে।",15.0,0.0,10.0
news-44843943,আপনি জানেন কি - বাংলাদেশে একজন শ্রমিক মাসে সর্বোচ্চ কত টাকা মজুরী পান?,"বাংলাদেশে বিভিন্ন শ্রমশিল্পে শ্রমিকদের মজুরি নির্ধারণে ব্যাপক বৈষম্য বিদ্যমান, যেখানে জাহাজ ভাঙা শিল্পের শ্রমিকরা ১৬,০০০ টাকা ন্যূনতম মজুরি পেলেও টাইপ ফাউন্ড্রি ও পেট্রোল পাম্পের শ্রমিকরা যথাক্রমে ৫২১ ও ৭৯২ টাকা পান। পোশাক শিল্পের মজুরি পুনর্নির্ধারণের জন্য আলোচনা চলছে, যা অন্যান্য পেশার শ্রমিকদের তুলনায় বেশি মনোযোগ পাচ্ছে। ট্যানারি, নির্মাণ ও কাঠ, ফার্মাসিউটিক্যালস, ওয়েল মিলস এবং স মিলস তুলনামূলকভাবে ভালো মজুরি পেলেও অটোমোবাইল ওয়ার্কশপ, টি গার্ডেন, বেকারি, বিস্কুট ও কনফেকশনারি, সিনেমা হল এবং ব্যক্তিমালিকানাধীন শিল্পকারখানার শ্রমিকরা অনেক কম মজুরি পান।",6.59,0.0,6.59
news-44940331,বাংলাদেশের সাবেক রাষ্ট্রপতি ও জাতীয় পার্টির চেয়ারম্যান এইচ এম এরশাদ ভারত সরকারের আমন্ত্রণে দিল্লি সফরে এসে গুরুত্বপূর্ণ নেতা-মন্ত্রীদের সঙ্গে দেখা করছেন।,"জাতীয় পার্টির প্রধান এইচ এম এরশাদের নেতৃত্বে একটি প্রতিনিধি দল ভারত সরকারের আমন্ত্রণে দিল্লি সফর করছেন। এই সফরে তারা ভারতের স্বরাষ্ট্রমন্ত্রী রাজনাথ সিং, পররাষ্ট্রমন্ত্রী সুষমা স্বরাজ এবং জাতীয় নিরাপত্তা উপদেষ্টা অজিত ডোভালের সঙ্গে বৈঠক করেছেন। পর্যবেক্ষকদের মতে, বাংলাদেশে সাংবিধানিক ধারাবাহিকতা ও গণতন্ত্র বজায় রাখার ক্ষেত্রে জাতীয় পার্টির ভূমিকা এবং দেশটির রাজনীতিতে একটি তৃতীয় শক্তি হিসেবে তাদের অবস্থানকে ভারত স্বীকৃতি দিচ্ছে।",29.27,12.5,24.39
news-47520818,দীর্ঘ ২৮ বছর পর ঢাকা বিশ্ববিদ্যালয়ের কেন্দ্রীয় ছাত্র সংসদের নির্বাচনের ভোট গ্রহণ অনুষ্ঠিত হয়েছে। ভোটে কারচুপি ও অনিয়মের অভিযোগ তুলে ভোট বর্জন করে পুনঃতফসিলের দাবি জানিয়েছে ছাত্রলীগ ছাড়া বাকি সব প্যানেল।,"ঢাকা বিশ্ববিদ্যালয়ের বাংলাদেশ-কুয়েত মৈত্রী আবাসিক হলে উপ-উপাচার্যের গাড়ি ঘিরে শিক্ষার্থীদের বিক্ষোভ হয়। ভোট বর্জনকারী প্রার্থী ও তাদের সমর্থকরা নির্বাচনকে ""প্রহসন"" আখ্যা দিয়ে ক্যাম্পাসজুড়ে মিছিল ও সমাবেশ করেন এবং মঙ্গলবার ক্লাস-পরীক্ষা বর্জনের ঘোষণা দেন। ছাত্রদল, প্রগতিশীল ছাত্রজোটসহ বিভিন্ন সংগঠন ভোট বর্জন করে এবং ছাত্রলীগ কর্তৃক হামলা ও অনিয়মের অভিযোগ আনে।",24.1,12.35,19.28
news-46935801,যুক্তরাষ্ট্রের সাবেক প্রেসিডেন্ট জর্জ ডব্লিউ বুশ তার নিরাপত্তা কর্মীদের পিৎজা খাইয়েছেন।,"যুক্তরাষ্ট্রের সাবেক প্রেসিডেন্ট জর্জ ডব্লিউ বুশ ও তাঁর স্ত্রী লরা বুশ, সরকারের শাটডাউনের কারণে বেতন না পাওয়া সিক্রেট সার্ভিস সদস্যদের জন্য পিৎজা নিয়ে গেছেন। চার সপ্তাহের বেশি সময় ধরে বেতন না পাওয়া সত্ত্বেও সিক্রেট সার্ভিসের ছয় হাজার সদস্যসহ প্রায় আট লাখ ফেডারেল কর্মী কাজ করে যাচ্ছেন। ডেমোক্র্যাটদের দেয়াল নির্মাণে বরাদ্দ দিতে অস্বীকৃতি এবং ট্রাম্পের বাজেট স্বাক্ষর না করার কারণে এই অচলাবস্থার সৃষ্টি হয়েছে।",18.92,13.89,18.92
news-54767253,ফ্রান্সের লিঁওতে একজন গ্রিক অর্থোডক্স পাদ্রীর গায়ে গুলি করা হলে তিনি গুরুতর জখম হন।,"ফ্রান্সের লিঁও শহরে এক গির্জায় বন্দুকধারীর গুলিতে একজন পাদ্রী গুরুতর আহত হয়েছেন। পুলিশ সন্দেহভাজন একজনকে আটক করলেও হামলাকারীর উদ্দেশ্য এখনো অজানা। এই হামলার ঘটনাটি সম্প্রতি ফ্রান্সে ঘটে যাওয়া একাধিক সন্ত্রাসী হামলার পর ঘটেছে, যার ফলে দেশজুড়ে নিরাপত্তা জোরদার করা হয়েছে।",14.81,0.0,11.11
news-46305011,বাংলাদেশে নির্বাচনের সময় জনগণ যাতে কেন্দ্রে গিয়ে তাদের ভোট দিতে পারেন তা নিশ্চিত করার জন্য প্রধান নির্বাচন কমিশনার কে. এম. নূরুল হুদা পুলিশ প্রশাসনের প্রতি নির্দেশ দিয়েছেন।,"৩০শে ডিসেম্বরের সংসদ নির্বাচনের আগে পুলিশের ভূমিকা নিয়ে বিরোধীদলের সমালোচনার মুখে প্রধান নির্বাচন কমিশনার কে. এম. নূরুল হুদা পুলিশ বিভাগের শীর্ষ কর্মকর্তাদের সাথে বৈঠক করেন। এই বৈঠকে নির্বাচন কমিশন পুলিশকে নির্বাচনী কর্মকর্তাদের হয়রানি বন্ধ করতে এবং অবৈধ অস্ত্র উদ্ধার ও সন্ত্রাসীদের বিরুদ্ধে কঠোর ব্যবস্থা নিতে নির্দেশ দিয়েছে। সন্ত্রাসীরা যে দলেরই হোক না কেন, তাদের বিরুদ্ধে ব্যবস্থা নেওয়ার উপর জোর দেওয়া হয়েছে।",25.0,16.28,22.73
news-46856269,বাংলাদেশ বিমানের বিজি ২০২ ফ্লাইটি গত ৪ঠা জানুয়ারি লন্ডন থেকে যাত্রী বোঝাই হয়ে রওনা দিয়েছিলো সিলেটের উদ্দেশ্যে।,সিলেটগামী একটি ফ্লাইটে এক যাত্রী মদ্যপ অবস্থায় সহিংস আচরণ করায় তাকে পুলিশের হাতে তুলে দেওয়া হয়েছে। লন্ডন থেকে বিমানে ওঠার আগে তিনি প্রচুর মদ পান করেছিলেন এবং বিমানেও মদের বোতল নিয়ে উঠেছিলেন। তার এই কাণ্ড সামাজিক যোগাযোগ মাধ্যমে ভাইরাল হয়েছে এবং বিমান কর্তৃপক্ষ তার আচরণকে নিরাপদ উড্ডয়নের জন্য হুমকি হিসেবে উল্লেখ করেছে।,8.7,2.99,5.8
news-50713007,গণ-পরিবহনে একাকী ভ্রমণের ক্ষেত্রে কিছু সতর্কতা পরামর্শ দিয়ে সম্প্রতি ফেসবুকে পুলিশ বাহিনীর একটি পোস্ট নিয়ে আলোচনা চলছে সামাজিক যোগাযোগ মাধ্যমে।,"রাজধানীর কর্মজীবী নারীদের গণপরিবহনে হয়রানি থেকে রক্ষা করতে পুলিশ সদর দপ্তর কিছু সতর্কতামূলক পরামর্শ দিয়েছে, যার মধ্যে কম যাত্রীযুক্ত গাড়িতে ভ্রমণ এড়ানো, একা ভ্রমণের সময় না ঘুমানো এবং প্রয়োজনে ৯৯৯ নম্বরে ফোন করার কথা বলা হয়েছে। তবে, এই পরামর্শগুলো ভুক্তভোগী ও নারী অধিকার কর্মীদের মধ্যে ক্ষোভের সৃষ্টি করেছে। তারা মনে করেন, এই পদক্ষেপগুলো সমস্যার মূলে না গিয়ে নারীদের উপরই অতিরিক্ত দায়িত্ব চাপিয়ে দিচ্ছে।",9.52,0.0,4.76
news-47260852,অনেকেই আছেন যারা মস্তিষ্কের গঠনের জন্য রাতে লম্বা সময় জেগে থাকেন। আর সকালে দেরি করে ওঠেন।,"বিজ্ঞানীরা দেরিতে ও ভোরে ওঠা ব্যক্তিদের মস্তিষ্কে এমআরআই স্ক্যান করে তাদের অভ্যাসের প্রভাব বোঝার চেষ্টা করেছেন। গবেষণায় দেখা গেছে, যারা রাত জাগেন তাদের মস্তিষ্কের চেতনা সৃষ্টিকারী অংশের সংযোগ কম থাকে, ফলে তাদের মনোযোগ ও প্রতিক্রিয়া ধীর হয় এবং দিনে ঘুম ঘুম ভাব বেশি থাকে। তবে রাত আটটার পর তাদের কর্মক্ষমতা বৃদ্ধি পায়। অন্যদিকে, সকালে ওঠা ব্যক্তিরা দিনে কম ঘুম অনুভব করেন এবং দ্রুত কাজ করেন। এই গবেষণাটি দেরিতে ওঠা ব্যক্তিদের স্বাস্থ্য ও দৈনন্দিন কার্যক্রমে এর প্রভাব নিয়ে আরও গবেষণার প্রয়োজনীয়তা তুলে ধরেছে।",8.16,0.0,6.12
news-53524316,চীনের দক্ষিণ-পশ্চিমাঞ্চলের শহর চেংডুর মার্কিন দূতাবাস বন্ধ করে দেয়ার আদেশ দিয়েছে চীনের কর্তৃপক্ষ। চীন-মার্কিন সাম্প্রতিক দ্বন্দ্বের প্রেক্ষিতে প্রতিশোধমূলক পদক্ষেপ হিসেবে এই সিদ্ধান্ত নিয়েছে চীন।,"যুক্তরাষ্ট্রের হিউস্টনে চীনা দূতাবাস বন্ধ করার সিদ্ধান্তের প্রতিক্রিয়ায় চীন চেংডুতে যুক্তরাষ্ট্রের কনস্যুলেট-জেনারেল বন্ধ করে দিয়েছে। মার্কিন পররাষ্ট্রমন্ত্রী মাইক পম্পেওর মতে, চীন বুদ্ধিবৃত্তিক সম্পদ চুরি করায় যুক্তরাষ্ট্র এই পদক্ষেপ নিয়েছে। বাণিজ্য, করোনাভাইরাস এবং হংকংয়ের নিরাপত্তা আইন নিয়ে দুই দেশের মধ্যে চলমান উত্তেজনার মধ্যেই এই ঘটনা ঘটল।",27.78,5.71,19.44
news-46969932,নিউজিল্যান্ডের বিপক্ষে তিন ম্যাচের ওয়ানডে সিরিজের দলে ফিরেছেন সাব্বির রহমান ও তাসকিন আহমেদ।,"সাব্বির রহমান পুরোপুরি ফর্মে না থাকলেও, আচরণবিধি ভঙ্গের শাস্তি শিথিল করে তাকে জাতীয় দলে ফিরিয়েছে বিসিবি। প্রধান নির্বাচক মিনহাজুল আবেদীন নান্নু জানান, অধিনায়ক মাশরাফির পছন্দের কারণেই সাব্বিরের অভিজ্ঞতাকে গুরুত্ব দিয়ে এই সিদ্ধান্ত নেওয়া হয়েছে। বাংলাদেশ দল নিউজিল্যান্ড সফরে তিনটি ওয়ানডে ও তিনটি টেস্ট ম্যাচ খেলবে, যা ১১ বছর পর বিদেশের মাটিতে বাংলাদেশের তিন ম্যাচের টেস্ট সিরিজ।",20.29,5.97,8.7
news-48423352,মিয়ানমারে দশ জন রোহিঙ্গা পুরুষ এবং বালককে হত্যার অভিযোগে যে সাত সেনা সদস্যকে কারাদণ্ড দেয়া হয়েছিল তাদের দণ্ডভোগ শেষ হওয়ার অনেক আগেই জেল থেকে ছেড়ে দেয়া হয়েছে।,"রোহিঙ্গাদের উপর দমন অভিযানের সময় রাখাইনের ইন দিন গ্রামে দশজন রোহিঙ্গাকে হত্যার ঘটনায় সাজাপ্রাপ্ত সাতজন সেনা সদস্যকে গত নভেম্বরেই মুক্তি দেওয়া হয়েছে, যদিও তাদের দশ বছরের কারাদণ্ড হয়েছিল। এই হত্যাকাণ্ডের খবর প্রকাশের জন্য রয়টার্সের দুই সাংবাদিক ওয়া লোন এবং কিয়া সো ও-কে সাত বছরের কারাদণ্ড দেওয়া হয়েছিল, যারা ১৬ মাস কারাভোগের পর সম্প্রতি মুক্তি পেয়েছেন। পর্যবেক্ষকরা মনে করছেন, এই ঘটনায় সাংবাদিকদের কারাদণ্ড এবং সেনা সদস্যদের দ্রুত মুক্তি মিয়ানমারের সামরিক বাহিনীর ভূমিকা স্পষ্ট করে তোলে।",19.61,2.0,9.8
news-48522952,বাংলাদেশে শাওয়াল মাসের চাঁদ দেখা নিয়ে জাতীয় চাঁদ দেখা কমিটির দুই দফা ঘোষণায় নানারকম মন্তব্য বা স্ট্যাটাসে সরগরম হয়ে উঠেছে ফেসবুক।,"মঙ্গলবার সন্ধ্যায় বাংলাদেশের ধর্ম বিষয়ক প্রতিমন্ত্রী শেখ মোঃ আব্দুল্লাহ প্রথমে ঘোষণা করেন যে শাওয়াল মাসের চাঁদ দেখা যায়নি এবং ঈদ বৃহস্পতিবার হবে। কিন্তু এর প্রায় দুই ঘণ্টা পরেই তিনি আরেকটি সংবাদ সম্মেলনে জানান যে দেশের কিছু এলাকায় চাঁদ দেখা গেছে, ফলে ঈদ বুধবার উদযাপিত হবে। এই বিভ্রান্তির কারণ ছিল, প্রথম বৈঠকে চাঁদ দেখার কোনো খবর না পাওয়া গেলেও পরে কুড়িগ্রাম ও লালমনিরহাটের স্থানীয়রা চাঁদ দেখার খবর জানালে কমিটি পুনরায় বৈঠকে বসে এবং বুধবার ঈদ উদযাপনের সিদ্ধান্ত নেয়।",14.29,8.33,12.24
news-47352616,বাংলাদেশে বিমান ছিনতাই চেষ্টার ঘটনায় ঢাকার হযরত শাহজালাল আন্তর্জাতিক বিমানবন্দরের নিরাপত্তা নিয়ে নতুন করে প্রশ্ন উঠেছে।,"বিমানবন্দরের নিরাপত্তা ভেদ করে একজন ব্যক্তি অস্ত্র নিয়ে আন্তর্জাতিক ফ্লাইটে ওঠার ঘটনায় দেশজুড়ে আলোচনা ও সমালোচনার ঝড় উঠেছে। বিমান মন্ত্রণালয় একটি তদন্ত কমিটি গঠন করেছে, তবে বিশ্লেষকরা বিমানবন্দরের নিরাপত্তা দুর্বলতাকেই এর কারণ হিসেবে দেখছেন। বেসামরিক বিমান চলাচল কর্তৃপক্ষের চেয়ারম্যান তদন্তের আশ্বাস দিলেও, এই ঘটনা শাহজালাল বিমানবন্দরের নিরাপত্তা ব্যবস্থা নিয়ে নতুন করে প্রশ্ন তুলেছে।",31.88,11.94,23.19
news-46007837,বাংলাদেশে সড়ক পরিবহন শ্রমিক ফেডারেশন রবিবার ভোর থেকে সারা দেশে শ্রমিকদের ৪৮ ঘণ্টার কর্মবিরতির কর্মসূচি নিয়েছে।,"সড়ক পরিবহন আইন-২০১৮ এর কিছু ধারা সংশোধনের দাবিতে গত ২৭ অক্টোবর ঢাকায় পরিবহন শ্রমিকরা সমাবেশ করে। শ্রমিক ফেডারেশনের মতে, এই আইনের কিছু ধারা শ্রমিকদের জন্য সমস্যাজনক, বিশেষ করে সড়ক দুর্ঘটনাকে জামিন অযোগ্য করার বিষয়টি। তারা মনে করেন, শুধুমাত্র চালকই দুর্ঘটনার জন্য দায়ী নন এবং এই আইন বাতিল না করে সংশোধনের দাবি জানান।",11.59,2.99,11.59
150809_aho_bd_blogger_killing_cases_follow,বাংলাদেশে ২০১৩ সাল থেকে এখন পর্যন্ত মোট ৫ জন ব্লগারকে তাদের লেখালেখির কারণে হত্যা করা হলেও একটি বাদে কোনও মামলারই চোখে পড়ার মতো অগ্রগতি নেই।,"বাংলাদেশে পাঁচজন ব্লগার হত্যাকাণ্ডের ঘটনা ঘটেছে, যার মধ্যে কেবল একটি মামলার বিচার কার্যক্রম আদালতে চলমান। ২০১৩ সালে শাহবাগ আন্দোলনের কর্মী আহমেদ রাজিব হায়দারকে হত্যার মাধ্যমে ব্লগার হত্যার সূচনা হয়, যার বিচার প্রক্রিয়া শেষের পথে বলে পুলিশ জানিয়েছে। সর্বশেষ, চলতি বছর ফেব্রুয়ারিতে মুক্তমনা ব্লগের প্রতিষ্ঠাতা অভিজিৎ রায়কে হত্যা করা হয়।",13.51,2.78,10.81
news-41543348,"মুম্বাই চলচ্চিত্রের সুপারস্টার আমির খান মিয়ানমারের সামরিক অভিযানের মুখে পালিয়ে আসা রোহিঙ্গাদের দুর্দশা প্রসঙ্গে বলেছেন, মিয়ানমারে যা ঘটছে তাতে তার বুক ভেঙে গিয়েছে।",অভিনেতা আমির খান তুর্কি প্রেসিডেন্ট এরদোয়ানের আমন্ত্রণে তুরস্ক সফরে গিয়েছেন। সেখানে তিনি মানুষের উপর হওয়া নির্যাতন দেখে দুঃখ প্রকাশ করেন এবং এর অবসান কামনা করেন। এই সফরে তিনি তার নতুন ছবি 'সিক্রেট সুপারস্টার'-এর প্রচারও করছেন।,13.56,3.51,10.17
news-38298662,যুক্তরাজ্যের বিশ্ববিদ্যালয়গুলোতে পড়তে যাওয়া বিদেশী শিক্ষার্থীদের সংখ্যা অর্ধেকে নামিয়ে আনার ভাবছে দেশটির স্বরাষ্ট্র মন্ত্রণালয়।,"যুক্তরাজ্য সরকার প্রতি বছর তিন লক্ষ বিদেশী শিক্ষার্থীর সংখ্যা এক লক্ষ সত্তর হাজারে নামিয়ে আনার পরিকল্পনা করছে, যা দেশটির বিশ্ববিদ্যালয়গুলোর জন্য আর্থিক ক্ষতির কারণ হতে পারে। স্বরাষ্ট্রমন্ত্রী অ্যাম্বার রুড নিম্নমানের বিশ্ববিদ্যালয়গুলোর জন্য ভিসা পদ্ধতি কঠোর করার মাধ্যমে এই সংখ্যা কমানোর কথা বলেছেন। তবে বিশ্ববিদ্যালয়গুলো এই সিদ্ধান্তের বিরোধিতা করছে, কারণ তারা মনে করে বিদেশী শিক্ষার্থীরা অভিবাসন সমস্যার জন্য দায়ী নয় এবং এই পদক্ষেপের ফলে ব্রিটেন বিশ্ব বাণিজ্যে পিছিয়ে পড়বে।",12.2,2.5,12.2
news-55292761,ফুসফুসের জটিলতায় আক্রান্ত হয়ে মারা গেছেন হেফাজতে ইসলামের মহাসচিব নূর হোসাইন কাসেমী।,"হেফাজতে ইসলামের মহাসচিব নূর হোসাইন কাসেমী শ্বাসকষ্টজনিত কারণে ৭৬ বছর বয়সে ঢাকার একটি বেসরকারি হাসপাতালে মারা গেছেন। গত ১৫ই নভেম্বর তিনি হেফাজতে ইসলামের মহাসচিব নির্বাচিত হন, যদিও প্রতিষ্ঠার পর থেকেই তিনি সংগঠনটির নায়েবে আমীর ও ঢাকা মহানগর আমীর ছিলেন। সম্প্রতি ভাস্কর্যবিরোধী কর্মসূচির কারণে তিনি আলোচনায় এসেছিলেন এবং তার মৃত্যু হেফাজতের আমির আহমদ শফীর মৃত্যুর পর দলের বিভেদের মধ্যেই ঘটল।",22.54,17.39,16.9
news-45089885,কয়েকবছর আগে সনটাল ইয়ানের মেয়ে মেলানি তার মুসলিম স্বামী আর দুই সন্তানকে নিয়ে সিরিয়ায় চলে যান।,"সিরিয়ায় ইসলামিক স্টেট কোণঠাসা হওয়ার পর, অনেক ফরাসি নাগরিক যারা তাদের সন্তানদের নিয়ে আইএস-এ যোগ দিয়েছিল, তারা এখন সন্তানদের ভবিষ্যৎ নিয়ে চিন্তিত। ফ্রান্স সরকার প্রাপ্তবয়স্ক আইএস সদস্যদের বিচার তাদের আটক স্থানেই হোক বলে চাইলেও, শিশুদের ফ্রান্সে ফিরিয়ে আনার কথা বলেছে। ইতোমধ্যে ৭৭ জন শিশুকে ফিরিয়ে আনা হয়েছে, তবে ফ্রান্সে থাকা দাদা-দাদীরা তাদের নাতি-নাতনিদের দ্রুত ফিরিয়ে আনার জন্য সরকারের কাছে আবেদন করছেন।",5.0,0.0,2.5
news-46089195,একুশ বছর বয়েসে তরুণী লিয়ান (আসল নাম নয়) তার প্রথম ভাইব্রেটরটি কিনেছিলেন বার্মিংহ্যাম থেকে। শহরটির কাছেই এক ছোট্ট গ্রামের মেয়ে তিনি।,"লিয়ান নামের এক তরুণী, যিনি ১৭ বছর বয়সে কুমারীত্ব হারানোর পর একাধিক পুরুষের সাথে যৌন সম্পর্ক স্থাপন করলেও কখনো চরম যৌনতৃপ্তি পাননি। বন্ধুদের কাছ থেকে স্বমেহনের ধারণা পেয়ে তিনি একটি ভাইব্রেটর কেনেন এবং তা ব্যবহার করে প্রথমবারের মতো অরগাজমের অভিজ্ঞতা লাভ করেন। এই ঘটনাটি যৌন খেলনার ক্রমবর্ধমান জনপ্রিয়তা এবং এর ব্যবহার নিয়ে সমাজে বিদ্যমান বিভিন্ন ধারণার প্রতি ইঙ্গিত করে, যদিও অনেকে মনে করেন এর অতিরিক্ত ব্যবহার যৌনাঙ্গের অনুভূতি হ্রাস করতে পারে।",13.04,0.0,6.52
150402_fp_bd_police_drama,"নাটক, সিনেমায় যেমন থাকে নায়ক, নায়িকা, খলচরিত্র তেমনি দেখা যায় পুলিশের চরিত্র।","নাটক ও সিনেমায় পুলিশের চরিত্র এবং পোশাক ব্যবহারের ক্ষেত্রে বাংলাদেশ পুলিশ কর্তৃপক্ষ নতুন বিধিনিষেধ আরোপ করেছে। এখন থেকে পুলিশের চরিত্র চিত্রায়ণের জন্য নির্মাতাদের পুলিশ কর্তৃপক্ষের পূর্বানুমতি নিতে হবে। এর কারণ হলো, প্রায়শই নাটক ও সিনেমায় পুলিশের পোশাক ও পদবির ভুল ব্যবহার এবং নেতিবাচক উপস্থাপন জনমনে পুলিশের ভাবমূর্তি ক্ষুণ্ন করে।",9.84,3.39,9.84
news-44533032,"সন্তানের নাম কী রাখবেন, তা নিয়ে অনেক বাবা মা-ই আজকাল বেশ চিন্তিত হয়ে পড়েন। কেউ শরণাপন্ন হন কবি-সাহিত্যিকদের, কেউ খোঁজেন অভিধান, কেউ আবার চিরাচরিতভাবে পরিবারের বড়দের দেওয়া নামটাই রেখে দেন।","মহারাষ্ট্রের গোন্ডিয়া জেলার মিঠুন ও মানসী বাং দম্পতি তাদের নবজাতক পুত্রের নাম নির্বাচনের জন্য এক অভিনব ভোটাভুটির আয়োজন করেছেন। তাদের ছেলের ঠিকুজিতে নেতা হওয়ার কথা থাকায়, তারা তিনটি প্রস্তাবিত নামের (ইয়ক্শ, ইয়ুভান, ইয়োভিক) মধ্যে কোনটি রাখা হবে তা নিয়ে সিদ্ধান্ত নিতে পারছিলেন না। অবশেষে, নির্বাচন কমিশনের আদলে 'শিশুর নাম নির্বাচন কমিশন' গঠন করে ব্যালট পেপারের মাধ্যমে এই নাম নির্বাচনের ব্যবস্থা করা হয়েছে।",6.38,2.17,6.38
news-44720477,গ্রুপ-জি তে থেকে বিশ্বকাপ শুরু করা বেলজিয়াম এই পর্যায়ে খুব কঠিন সমীকরণের মুখোমুখি হয়েছে।,"বেলজিয়াম তাদের ""সোনালী প্রজন্ম"" নিয়ে নকআউট পর্বে জাপানের বিরুদ্ধে ২-০ গোলে পিছিয়ে থেকেও শেষ মুহূর্তে জয়লাভ করে ১৯৭০ সালের পর প্রথমবারের মতো কোয়ার্টার ফাইনালে পৌঁছায়। এই জয়ের ফলস্বরূপ, তাদের এখন বিশ্বকাপের অন্যতম ফেভারিট এবং পাঁচবারের বিশ্ব চ্যাম্পিয়ন ব্রাজিলের মুখোমুখি হতে হবে। বেলজিয়াম ২৩টি ম্যাচে অপরাজিত থাকলেও, তাদের ম্যানেজার রবার্টো মার্টিনেজ মনে করেন ব্রাজিলের বিরুদ্ধেও জাপানের ম্যাচের মতো ""হারানোর কিছু নেই"" এই মানসিকতা নিয়েই খেলতে হবে।",7.41,0.0,7.41
news-41545429,"বাংলাদেশে মাত্র কিছুদিন আগে বাসে গণ ধর্ষণের পর এক তরুণীকে হত্যা করে রাস্তায় ফেলে যাবার ঘটনা ঘটার পর রাজধানী ঢাকাসহ সবখানে রাস্তায় পথেঘাটে, বিশেষ করে সন্ধ্যার পর নারীর নিরাপত্তা নিয়ে নতুন করে প্রশ্ন উঠেছে।","ঢাকায় কর্মজীবী নারীরা প্রায়শই কর্মক্ষেত্রে বা যাতায়াতের সময় হয়রানির শিকার হন, যা তাদের নিরাপত্তাহীনতার কারণ। চিকিৎসক নার্গিস বেগম এবং ছাত্রী কাশফি তানজিমা তাদের ব্যক্তিগত অভিজ্ঞতা থেকে জানান, রিকশাচালক থেকে শুরু করে পথচারী পর্যন্ত বিভিন্নভাবে তাদের বিব্রতকর পরিস্থিতিতে পড়তে হয়। এই নিরাপত্তাহীনতার কারণে অনেক সময় নারীদের অভিভাবকরা তাদের সন্ধ্যার পর বাইরে যেতে দিতে চান না, যা তাদের স্বাভাবিক জীবনযাত্রাকে ব্যাহত করে।",8.51,2.17,8.51
news-46194842,ভারতে 'ফেক নিউজ' বা ভুয়ো খবর নিয়ে বিবিসির গবেষণায় ইতিমধ্যেই উঠে এসেছে জাতীয়তাবাদী চেতনা ছড়ানোর উদ্দেশ্যে কীভাবে সে দেশের সোশ্যাল মিডিয়াতে ফেক নিউজের বাড়বাড়ন্ত লক্ষ্য করা যাচ্ছে।,"ভারতে মোবাইল ফোনের মাধ্যমে ইন্টারনেটের ব্যবহার বাড়ার সাথে সাথে ফেক নিউজের প্রভাবও বৃদ্ধি পাচ্ছে। বিরোধী দলগুলো অভিযোগ করছে যে বিজেপি সুপরিকল্পিতভাবে ফেক নিউজকে রাজনৈতিক স্বার্থে ব্যবহার করছে, যা তাদের শীর্ষ নেতৃত্বের মদতেই ঘটছে। যদিও বিজেপির ডিজিটাল বিপ্লবে অংশগ্রহণের দাবি এবং ২০১৪ সালের নির্বাচনে তাদের সোশ্যাল মিডিয়ার ভূমিকার কথা বলা হয়, বিরোধীরা এখন বিজেপির এই ডিজিটাল কার্যকলাপকে ""মগজ-ধোলাই"" এবং ""ফেক নিউজ ছড়ানোর"" মাধ্যম হিসেবে দেখছে।",13.04,4.44,8.7
news-45239288,আপনি হয়তো কখনও ধূমপান করেন নি কিন্তু তাই বলে ধূমপানের কারণে যেসব অসুখ হতে পারে আপনি কি তার ঝুঁকি থেকে মুক্ত?,"ধূমপায়ী পিতামাতার সাথে বেড়ে ওঠা শিশুদের ফুসফুসের গুরুতর অসুখ এবং অন্যান্য স্বাস্থ্য সমস্যার ঝুঁকি থাকে, এমনকি তারা নিজেরা ধূমপান না করলেও। আমেরিকান ক্যান্সার সোসাইটির এক গবেষণায় দেখা গেছে, শৈশবে প্যাসিভ স্মোকিং-এর কারণে প্রতি বছর এক লাখ প্রাপ্তবয়স্ক মৃত্যুর মধ্যে সাতজন মারা যায়। ধূমপায়ীদের সাথে বসবাস করলে ইস্কিমিক হার্ট ডিজিজ, স্ট্রোক এবং ফুসফুসের বড়ো রকমের সমস্যার ঝুঁকি উল্লেখযোগ্যভাবে বৃদ্ধি পায়।",9.88,0.0,7.41
news-45420806,ভারতের আমন্ত্রণে বাংলাদেশের অন্যতম ইসলামী দল জাকের পার্টির শীর্ষ নেতৃত্ব এখন দিল্লি সফর করছেন - তারা দেখা করছেন ক্ষমতাসীন বিজেপির নেতা-মন্ত্রীদের সঙ্গেও।,"গত দু'মাসে ভারত সরকার বাংলাদেশের জাতীয় পার্টি, আওয়ামী লীগ, তরিকত ফেডারেশন এবং জাকের পার্টির মতো ছোট-বড় দলগুলোর শীর্ষ নেতাদের দিল্লি সফরের আমন্ত্রণ জানিয়েছে। এই সফরে তারা ভারতের স্বরাষ্ট্র বা পররাষ্ট্রমন্ত্রী এবং বিজেপির শীর্ষ নেতৃত্বের সঙ্গে বৈঠক করছেন। জাকের পার্টির চেয়ারম্যান মোস্তাফা আমির ফয়সল মুজাদ্দেদি জানান, ভারত বাংলাদেশের স্থিতিশীলতা ও উন্নয়নে আগ্রহী এবং উভয় দেশের জন্যই এই উদ্যোগ ইতিবাচক।",21.95,2.5,17.07
news-54322221,"নিউ ইয়র্ক টাইমসের এক রিপোর্ট বলছে, মার্কিন প্রেসিডেন্ট ডোনাল্ড ট্রাম্প ২০১৬ এর ২০১৭ সালে পরপর দুই বছর ৭৫০ ডলার করে আয়কর দিয়েছেন।","নিউ ইয়র্ক টাইমস ডোনাল্ড ট্রাম্প ও তার কোম্পানির কয়েক দশকের আয়কর নথিপত্র প্রকাশ করেছে, যেখানে দেখা যাচ্ছে যে তিনি ১৫ বছরের মধ্যে ১০ বছরই কোনো আয়কর দেননি এবং ২০১৬ সালে প্রেসিডেন্ট নির্বাচিত হওয়ার পরের বছর মাত্র ৭৫০ ডলার কর দিয়েছেন। নথিপত্রে 'ধারাবাহিক লোকসান' দেখানো হয়েছে, যা ট্রাম্প 'ভুয়া খবর' বলে উড়িয়ে দিয়েছেন এবং দাবি করেছেন যে তিনি কর দিয়েছেন। এই তথ্য এমন সময়ে প্রকাশিত হলো যখন ট্রাম্প নভেম্বরের নির্বাচনের আগে তার প্রতিপক্ষ জো বাইডেনের সাথে বিতর্কে অংশ নিতে চলেছেন।",23.76,6.06,19.8
news-41512170,বিশ্বখ্যাত অনলাইন শপিং প্রতিষ্ঠান অ্যামাজন থেকে ১২ লাখ ডলারের বেশি মূল্যের পণ্য চুরি করেছে বলে স্বীকার করেছে আমেরিকার এক দম্পতি ।,"ইন্ডিয়ানার এক দম্পতি অ্যামাজন থেকে পণ্য অর্ডার করে সেগুলোকে নষ্ট বা ভাঙা বলে দাবি করে বারবার বিনামূল্যে নতুন পণ্য হাতিয়ে নিয়েছে। তারা এই পণ্যগুলো বিক্রি করে প্রায় ৫ লক্ষ মার্কিন ডলারের প্রতারণা করেছে। এই দম্পতি প্রতারণা ও অর্থ পাচারের অপরাধ স্বীকার করেছে এবং তাদের সর্বোচ্চ ২০ বছরের কারাদণ্ড হতে পারে, যার রায় আগামী ৯ নভেম্বর ঘোষণা করা হবে।",25.64,7.89,15.38
news-56146635,"করোনাভাইরাসের টিকা যে সত্যিই সংক্রমিতদের ""হাসপাতালে ভর্তি হবার মত গুরুতর অসুস্থ হওয়া"" বিপুলভাবে কমিয়ে দিতে পারে - তার প্রমাণ পাওয়া যাচ্ছে যুক্তরাজ্যের স্কটল্যান্ডে চালানো এক জরিপে।","স্কটল্যান্ডের জনস্বাস্থ্য বিভাগের এক জরিপে দেখা গেছে, করোনাভাইরাসের টিকার প্রথম ডোজ নেওয়ার চার সপ্তাহ পর হাসপাতালে ভর্তির হার উল্লেখযোগ্যভাবে কমেছে। ফাইজার-বায়োএনটেকের টিকা গুরুতর অসুস্থতা ৮৫% এবং অক্সফোর্ড-অ্যাস্ট্রাজেনেকার টিকা ৯৪% কমিয়েছে। এই গবেষণার প্রধান অধ্যাপক আজিজ শেখের মতে, উভয় টিকাই দারুণভাবে কাজ করছে এবং এটি ভবিষ্যতের জন্য আশাব্যঞ্জক।",16.22,2.78,8.11
news-45476990,দিনের বেলায় শত-শত মানুষের সামনে কেনিয়ার এ পুলিশ কর্মকর্তা দুজন সন্দেহভাজন অপরাধীকে গুলি করে হত্যা করছে।,"কেনিয়ার পুলিশ কর্মকর্তা আহমাদ রশিদ সাদা পোশাকে দুই সন্দেহভাজন অপরাধীকে গুলি করে হত্যা করার একটি ভিডিও ভাইরাল হয়েছে। নাইরোবির অপরাধপ্রবণ এলাকায় অপরাধ দমনের দায়িত্বে থাকা রশিদ দাবি করেন, অপরাধীদের জীবিত বা মৃত ধরে তাদের লক্ষ্য অর্জন করতে হবে। যদিও স্থানীয় বাসিন্দারা রশিদের এই কাজকে সমর্থন করে এবং তাকে শান্তি প্রতিষ্ঠাকারী হিসেবে দেখে, হিউম্যান রাইটস কমিশন এর নিন্দা জানিয়ে বলেছে যে বুলেট ও বন্দুক দিয়ে বিচার করা যায় না।",18.82,12.05,18.82
news-52347238,সারা বিশ্বে করোনাভাইরাসে আক্রান্ত হয়ে মৃত্যুর সংখ্যা রোববার পর্যন্ত দাঁড়িয়েছে প্রায় দেড় লাখ।,"করোনাভাইরাসে আক্রান্ত হয়ে নারীর তুলনায় পুরুষের মৃত্যুর হার অনেক বেশি, যা বিশেষজ্ঞদের ভাবিয়ে তুলেছে। বিশ্বের বিভিন্ন দেশের পরিসংখ্যানে দেখা যাচ্ছে, আক্রান্ত নারীদের তুলনায় পুরুষের মৃত্যু বেশি হচ্ছে, এমনকি যেসব পুরুষের হাইপারটেনশন, ডায়াবেটিস বা হৃদরোগের মতো কোনো পূর্বরোগ ছিল না, তাদের ক্ষেত্রেও এই প্রবণতা দেখা গেছে। বিশেষজ্ঞরা এখনো এর সঠিক কারণ নির্ণয় করতে পারেননি, তবে সাবরা ক্লেইন মনে করেন যে বেশি বয়স্ক হওয়ার পাশাপাশি পুরুষ হওয়ার কারণেও ঝুঁকির মাত্রা বাড়ে।",7.32,2.5,7.32
news-54719752,আরব দেশগুলোতে চালানো সাম্প্রতিক জরিপের ফলাফলে বেরিয়ে এসেছে যে আমেরিকার প্রেসিডেন্ট হিসাবে ডোনাল্ড ট্রাম্প বা জো বাইডেন - কেউই মধ্যপ্রাচ্য এবং উত্তর আফ্রিকার জন্য ভাল হবেন না।,"মধ্যপ্রাচ্যে আঞ্চলিক চুক্তি সম্পাদনে ট্রাম্পের সাফল্য সত্ত্বেও, ইউগভ এবং আরব নিউজের এক জরিপে অংশগ্রহণকারীদের প্রায় অর্ধেক মনে করেন বাইডেন ট্রাম্পের চেয়ে ভালো প্রেসিডেন্ট হবেন। জরিপে দেখা গেছে, ট্রাম্পের জেরুসালেমে মার্কিন দূতাবাস সরানোর সিদ্ধান্ত বেশিরভাগই অপছন্দ করেছেন, তবে ইরাক ও ইয়েমেনের মানুষ ইরানের বিরুদ্ধে ট্রাম্পের কঠোর পদক্ষেপ সমর্থন করেছেন। এছাড়া, মধ্যপ্রাচ্যের অনেক তরুণ, বিশেষ করে লেবাননের, দেশ ছেড়ে চলে যেতে আগ্রহী বলে জরিপে উঠে এসেছে।",13.33,0.0,6.67
news-49272718,১৯৯৭ সালে ব্রিটিশদের কাছ থেকে চীনাদের শাসনে আসার পর থেকে সবচেয়ে বড় সংকট মোকাবেলা করছে হংকং।,"হংকংয়ে বিতর্কিত প্রত্যর্পণ বিলের বিরুদ্ধে নবম সপ্তাহের মতো চলা বিক্ষোভে দেশটির অর্থনীতিতে নেতিবাচক প্রভাব পড়ছে, বিশেষ করে পর্যটন ও খুচরা বিক্রিতে। অর্থনীতিবিদরা আশঙ্কা করছেন যে, এই সংকট মোকাবেলায় চীনা হস্তক্ষেপ হংকংয়ের জন্য বড় ঝুঁকির কারণ হতে পারে। যদিও হংকং চীনের অর্থনীতির জন্য একটি গুরুত্বপূর্ণ কেন্দ্র, বিশেষ করে বৈদেশিক বিনিয়োগ এবং শেয়ারবাজারের ক্ষেত্রে, চলমান অস্থিরতা বিনিয়োগকারীদের মধ্যে উদ্বেগ সৃষ্টি করেছে।",5.33,0.0,5.33
news-55889615,"ভেজাল মদ খেয়ে বিষক্রিয়ায় মৃত্যু, অঙ্গহানি বা অসুস্থ হওয়ার খবর বাংলাদেশে মাঝেমধ্যেই শোনা যায়। গত কয়েকদিনে এরকম বেশ ক'টি ঘটনা ঘটে গেছে।","ঢাকায় সম্প্রতি ভেজাল মদ পানে অন্তত ৫ জনের মৃত্যু হয়েছে এবং বগুড়াতেও ৩ জনের মৃত্যুর খবর পাওয়া গেছে, যেখানে অধিকাংশ ক্ষেত্রেই মিথানল বিষক্রিয়াকে মৃত্যুর কারণ হিসেবে চিহ্নিত করা হয়েছে। মিথানল, যা শিল্পক্ষেত্রে ব্যবহৃত হয়, অসাধু ব্যবসায়ীরা মদের সাথে মিশিয়ে দেয়, যার ফলে এমন মর্মান্তিক ঘটনা ঘটছে। বাংলাদেশে মদ সেবন ও বিক্রিতে কঠোর বিধিনিষেধ থাকলেও, অবৈধ বিক্রেতাদের কাছ থেকে মদ কেনার প্রবণতা এই ধরনের বিষক্রিয়ার ঘটনা বাড়িয়ে তুলছে।",15.56,2.27,13.33
news-43113420,"বাংলাদেশে দারিদ্র কিংবা দুর্যোগের কারণে যারা শহরমুখী হয়ে বস্তিতে আশ্রয় নিচ্ছেন, তারা তাদের জীবনমান উন্নয়নের যথেষ্ট সুযোগ পাচ্ছেন না।","বস্তিবাসীরা শিক্ষা ও স্বাস্থ্যের মতো মৌলিক সামাজিক সুরক্ষার অভাবে দারিদ্র্যপূর্ণ জীবন যাপন করছে, যা সামাজিক ন্যায়বিচারের ক্ষেত্রে ঘাটতি তৈরি করছে। নদীভাঙন বা ভূমিহীনতার কারণে শহরে আসা এই মানুষগুলো, যেমন মর্জিয়া বেগম ও হোসেন আলী, দীর্ঘকাল ধরে বস্তিতে বসবাস করেও নিজেদের জীবনযাত্রার মান উন্নত করতে পারছেন না। বাংলাদেশ পরিসংখ্যান ব্যুরোর জরিপ অনুযায়ী, ১৯৯৭ থেকে ২০১৪ সালের মধ্যে বস্তিবাসীর সংখ্যা ১৩.৯১ লাখ থেকে প্রায় ৮ লাখ বেড়ে ২১.৯১ লাখে দাঁড়িয়েছে, যা বস্তি এলাকায় বসবাসকারী মানুষের সংখ্যা বৃদ্ধির ইঙ্গিত দেয়।",6.12,0.0,6.12
news-49298400,বাংলাদেশে ডেঙ্গু পরিস্থিতিতে সরকারের পক্ষ থেকে শুরু থেকেই বলা হচ্ছে নাগরিক সচেতনতার কথা।,"ঢাকার নির্মাণাধীন ভবন ও উন্নয়ন প্রকল্প এলাকাগুলোতে এডিস মশার বংশবৃদ্ধির অনুকূল পরিবেশ তৈরি হয়েছে, যা ডেঙ্গু রোগের প্রকোপ বাড়াচ্ছে। স্থানীয় বাসিন্দারা মশার উপদ্রবে অতিষ্ঠ হলেও ব্যক্তিগত উদ্যোগে এর সমাধান করতে পারছেন না, কারণ নির্মাণাধীন প্রকল্পগুলোর জমে থাকা পানি পরিষ্কারের দায়িত্ব কার, তা নিয়ে প্রশ্ন উঠছে। এই পরিস্থিতিতে সরকার ও সংশ্লিষ্ট কর্তৃপক্ষের তদারকির অভাব এবং দায়িত্বহীনতা প্রকটভাবে ফুটে উঠেছে, যা জনস্বাস্থ্যের জন্য বড় হুমকি।",5.26,0.0,5.26
news-46875147,ভিনদেশে দুর্ধর্ষ মাফিয়াদের দৌরাত্ম্যর বিরুদ্ধে প্রতিরোধ গড়ে তুলে অনন্য দৃষ্টান্ত স্থাপন করেছেন ইতালির সিসিলি দ্বীপের রাজধানী পালেরমোর শতাধিক অভিবাসী। যাদের একটি বড় অংশই বাংলাদেশি।,"পালেরমোর অভিবাসী বাজারে মাফিয়াদের দৌরাত্ম্য আশির দশক থেকে শুরু হয়, যখন ইতালীয়দের প্রতিবাদের মুখে মাফিয়ারা দুর্বল অভিবাসীদের লক্ষ্য করে চাঁদাবাজি ও লুটপাট শুরু করে। শুরুতে গির্জার করের নামে চাঁদা আদায় করা হলেও, পরবর্তীতে তা ডাকাতি, প্রাণনাশের হুমকি এবং খুনাখুনির পর্যায়ে পৌঁছে যায়। স্থানীয় সাংবাদিক তোফাজ্জাল তপু বিবিসি বাংলাকে জানান যে, এই পরিস্থিতি থেকে মুক্তি পেতে অভিবাসীরা ঐক্যবদ্ধভাবে প্রতিরোধ গড়ে তোলে।",11.9,2.44,7.14
news-51941584,"করোনাভাইরাস প্রাদুর্ভাবে বিশ্বের বহু জায়গায় থমকে গেছে প্রাণচাঞ্চল্য। এর মধ্যে কোনো কোনো জায়গায় তা হয়েছে সরকারের সিদ্ধান্ত অনুযায়ী, আবার কোথাও কোথাও সাধারণ মানুষ নিজরাই সচেতন হয়ে নিয়েছেন পদক্ষেপ।","করোনাভাইরাসের বিস্তার ঠেকাতে বিশ্বজুড়ে বিভিন্ন দেশ কঠোর পদক্ষেপ নিয়েছে, যার ফলে জনজীবন স্থবির হয়ে পড়েছে। লন্ডন, নিস, দুবাই, মিলান, দিল্লি, কারাকাস, নিউ ইয়র্ক, মাদ্রিদ ও ভিয়েনার মতো ব্যস্ত শহরগুলোতেও রাস্তাঘাট, পর্যটন কেন্দ্র ও জনসমাগমের স্থানগুলো জনশূন্য। সরকারগুলো নাগরিকদের অপ্রয়োজনীয় ভ্রমণ থেকে বিরত থাকতে, ঘরে থাকতে এবং সামাজিক দূরত্ব বজায় রাখতে উৎসাহিত করছে, যা বিশ্বব্যাপী এক অভূতপূর্ব পরিস্থিতি তৈরি করেছে।",4.6,0.0,2.3
news-47890363,জনসংখ্যার অনুপাতে বিশ্বে সবচেয়ে বেশি শিশু পানিতে ডুবে মারা যায় বাংলাদেশে।,"বাংলাদেশে প্রতিদিন গড়ে ৪০টি শিশু পানিতে ডুবে মারা যায়, যা রোগজনিত মৃত্যুর চেয়েও বেশি। বিশ্ব স্বাস্থ্য সংস্থার তথ্য অনুযায়ী, দক্ষিণ এশিয়ায় পানিতে ডুবে শিশু মৃত্যুর হার সবচেয়ে বেশি, এবং জনসংখ্যার অনুপাতে বাংলাদেশে এই হার প্রতিবেশী ভারতের চেয়েও বেশি। ২০১৬ সালে ১৬টি জেলায় পরিচালিত এক জরিপে এই ভয়াবহ চিত্র উঠে এসেছে, যা স্বাস্থ্য মন্ত্রণালয় ও আইডিআরসি দ্বারা প্রকাশিত হয়েছে।",23.19,11.94,14.49
news-55183537,ভাস্কর্য তৈরিকে কেন্দ্র করে শুক্রবার ঢাকার বায়তুল মোকাররম মসজিদ থেকে বের হওয়া একটি মিছিল পুলিশ ছত্রভঙ্গ করে দিয়েছে।,শুক্রবার জুমার নামাজের পর বায়তুল মোকাররম মসজিদ চত্বর থেকে ভাস্কর্য বিরোধী বিক্ষোভকারীরা মিছিল বের করার চেষ্টা করলে পুলিশ প্রথমে বাধা দেয়। পরে তাদের বের হতে দিলেও পল্টন এলাকায় মিছিলটি পৌঁছালে পুলিশ ছত্রভঙ্গ করে দেয়। শেখ মুজিবুর রহমানের ভাস্কর্য তৈরির পরিকল্পনার বিরোধিতা করে ইসলামপন্থী কয়েকটি সংগঠন এই বিক্ষোভের ডাক দিয়েছিল।,35.82,12.31,26.87
news-57342338,জোয়ারের পানি এলেই ডুবে যায় সাতক্ষীরার বিশাল একটি অংশ।,ঘূর্ণিঝড় আম্ফানের পর স্থানীয়দের তৈরি করা বেড়িবাঁধটি ঘূর্ণিঝড় ইয়াসের প্রভাবে ভেঙে যায়। সরকারি সাহায্যের অপেক্ষা না করে স্থানীয়রা নিজেরাই বাঁধটি সংস্কারের কাজ শুরু করেছেন। এই সংক্রান্ত একটি ভিডিও বিবিসি বাংলার ইউটিউব চ্যানেলে দেখা যাবে।,9.3,0.0,9.3
news-44680581,বাংলাদেশে সরকারি চাকরিতে কোটা ব্যবস্থা সংস্কারের দাবিতে আন্দোলনরত শিক্ষার্থীদের ওপর ঢাকা বিশ্ববিদ্যালয় এলাকায় গত কয়েকদিন ধরেই হামলা চালানো হচ্ছে। আজ সোমবারেও বিশ্ববিদ্যালয় এলাকায় এরকম হামলা হয়েছে দফায় দফায়।,"কোটা সংস্কার আন্দোলনকারীরা হামলার জন্য সরকারি দলের ছাত্র সংগঠন ছাত্রলীগকে দায়ী করেছে, তবে ছাত্রলীগ নিজেদের মধ্যে বিরোধকে হামলার কারণ বলছে। আন্দোলনকারীরা কোটা সংস্কারের প্রজ্ঞাপন জারির সুনির্দিষ্ট সময়সীমা চাইলেও সরকার জানিয়েছে, এ বিষয়ে সিদ্ধান্ত নিতে আরও সময় লাগবে। শহীদ মিনারে পতাকা মিছিলের সময় আন্দোলনকারীদের ওপর দফায় দফায় হামলা চালানো হয়, যেখানে মেয়েদেরও লাথি মারা হয় বলে অভিযোগ করা হয়েছে।",20.93,4.76,16.28
news-45903066,সৌদি সাংবাদিক জামাল খাসোগজির রহস্যজনক অন্তর্ধানকে কেন্দ্র করে বিভিন্ন দেশের মন্ত্রীরা এখন রিয়াদে আগামী সপ্তাহে অনুষ্ঠিতব্য একটি বিশাল বিনিয়োগ সম্মেলন বর্জন করতে শুরু করেছেন।,"সৌদি সাংবাদিক জামাল খাসোগজির নিখোঁজ হওয়ার ঘটনায় তুরস্কের দাবি, তাকে ইস্তাম্বুলে সৌদি কনস্যুলেটের ভেতরে হত্যা করা হয়েছে। এই পরিস্থিতিতে ব্রিটেনের বাণিজ্যমন্ত্রীসহ ফরাসি ও ডাচ অর্থমন্ত্রীরা সৌদি আরবের আসন্ন বিনিয়োগ সম্মেলন বর্জন করার ঘোষণা দিয়েছেন। অন্যদিকে, মার্কিন প্রেসিডেন্ট ট্রাম্প তুরস্কের কাছে খাসোগজির সম্ভাব্য হত্যাকাণ্ড সংক্রান্ত তথ্যপ্রমাণ চেয়েছেন, যদিও তিনি অডিও রেকর্ডিংয়ের অস্তিত্ব সম্পর্কে অবগত নন বলে জানিয়েছেন।",17.5,12.82,17.5
news-40471827,প্রায় ৩০ বছর ধরে পুলিশের চোখে ধুলো দিয়ে পালিয়ে বেড়াতে সক্ষম হয়েছিলো শুধু মাত্র প্লাস্টিক সার্জারির সাহায্য নিয়ে।,"লুইজ কার্লোস দা রোচা, যিনি 'হোয়াইট হেড' নামে পরিচিত এবং প্লাস্টিক সার্জারির মাধ্যমে চেহারা বদল করে ভিটর লুইজ নামেও পরিচিত ছিলেন, তাকে ব্রাজিল পুলিশ গ্রেফতার করেছে। তিনি দক্ষিণ আমেরিকার কোকেন সাম্রাজ্যের প্রধান ছিলেন এবং বলিভিয়া, পেরু, কলম্বিয়াতে কোকেন উৎপাদন করে ইউরোপ ও আমেরিকায় পাঠাতেন। তার সংস্থা প্রতি মাসে প্রায় ৫ টন কোকেন উৎপাদন করতো এবং তার বিরুদ্ধে ভারী অস্ত্র তৈরি ও সহিংসতার অভিযোগ রয়েছে, যার ফলে তাকে ৫০ বছর জেল খাটতে হতে পারে।",8.79,2.25,4.4
news-50931361,"রোহিঙ্গা মুসলমান ও অন্যান্য সংখ্যালঘুদের ওপর যথেচ্ছ গ্রেপ্তার, নির্যাতন, ধর্ষণ, হেফাজতে মৃত্যুসহ মানবাধিকার লঙ্ঘনের অভিযোগে মিয়ানমারের বিরুদ্ধে একটি নিন্দা প্রস্তাব গ্রহণ করেছে জাতিসংঘের সাধারণ পরিষদ।","জাতিসংঘের সাধারণ পরিষদ প্রথমবারের মতো রোহিঙ্গা সংখ্যালঘুদের বিরুদ্ধে মিয়ানমারের যুদ্ধাপরাধ তদন্তের জন্য তহবিল বরাদ্দ করেছে। এই প্রস্তাবে মিয়ানমার সরকারকে রোহিঙ্গা ও অন্যান্য সংখ্যালঘুদের বিরুদ্ধে উত্তেজনা প্রশমনে ব্যবস্থা নিতে বলা হয়েছে। যদিও জাতিসংঘের সাধারণ পরিষদে পাশ হওয়া প্রস্তাব মিয়ানমার মানতে বাধ্য নয়, তবুও এটি বিশ্ব জনমতের ওপর প্রভাব ফেলবে।",32.88,11.27,19.18
news-55216598,"রোববার রাতে যশোর শিশু উন্নয়ন কেন্দ্রের সবগুলো সিসিটিভি ক্যামেরা চালু ছিল, পাহারার দায়িত্বে ছিলেন ১৬ জন আনসার এবং ৮ জন পুলিশ সদস্য।","যশোরের শিশু উন্নয়ন কেন্দ্র থেকে মধ্যরাতে আটজন কিশোর দেয়াল টপকে পালিয়ে গেছে, যাদের বয়স ১২ থেকে ১৭ বছরের মধ্যে। ডিসেম্বরের শুরুতে 'বেপরোয়া' আচরণের জন্য তাদের একটি পুরনো কক্ষে আলাদা করে রাখা হয়েছিল, যে কক্ষের বাথরুমের জানালার গ্রিল ভেঙে তারা পালিয়ে যায়। সিসিটিভি ফুটেজে দেখা গেছে, তারা একটি মই ব্যবহার করে কেন্দ্রের দেয়াল টপকেছে, তবে ঘটনার সময় কেউ সিসিটিভি ক্যামেরায় নজর রাখছিলেন না।",9.52,2.44,9.52
news-44942962,"বাংলাদেশে আগামী সপ্তাহে রাজশাহী, সিলেট ও বরিশালের নির্বাচন নিয়ে সরগরম হয়ে উঠেছে জাতীয় রাজনীতি। রাজশাহীতে নির্বাচনকে কেন্দ্র করে অভিযোগ পাল্টা অভিযোগে উত্তপ্ত হয়ে উঠছে নির্বাচনী পরিবেশ।",সিলেট সিটি কর্পোরেশন নির্বাচনকে ঘিরে নৌকা ও ধানের শীষের পক্ষে স্লোগানে শহর মুখরিত হলেও সংস্কৃতি কর্মী মনিরা রহমান ও সাংবাদিক আনোয়ার আলীর মতে নির্বাচনের উৎসবমুখর পরিবেশ উত্তেজনায় রূপ নিচ্ছে। সরকারি দলের অতি উৎসাহ এবং অন্য প্রার্থীদের প্রচারণায় ঘাটতি দেখা যাচ্ছে। বিএনপি মনোনীত প্রার্থী মোসাদ্দেক হোসেন বুলবুল অভিযোগ করেছেন যে তার দলের অন্তত একশ নেতাকর্মীকে গ্রেফতার করা হয়েছে এবং সরকারি দল একতরফা নির্বাচন করতে চাইছে।,13.33,0.0,6.67
news-44192360,ব্রাজিলের প্রত্যন্ত অঞ্চলের একটি দ্বীপ ফার্নান্দো দে নরোনহা।,"ফার্নান্দো দে নরোনহা দ্বীপে বারো বছর পর প্রথম একটি শিশুর জন্ম হয়েছে, যা সেখানকার তিন হাজার বাসিন্দার মধ্যে ব্যাপক উৎসবের কারণ হয়েছে। এই দ্বীপটি ২০০১ সাল থেকে ইউনেস্কোর বিশ্ব ঐতিহ্যের তালিকায় অন্তর্ভুক্ত এবং প্রাকৃতিক জীব-বৈচিত্র্যের জন্য পরিচিত। দ্বীপে সন্তান প্রসব নিষিদ্ধ হলেও, ২২ বছর বয়সী এক নারী অপ্রত্যাশিতভাবে একটি কন্যা সন্তানের জন্ম দিয়েছেন, যা নিয়ে কর্তৃপক্ষ বা বাসিন্দাদের মধ্যে কোনো বিরূপ প্রতিক্রিয়া নেই, বরং সবাই তাকে সহায়তা করছেন।",10.39,5.33,7.79
news-48713919,"নিজেদের ওয়ানডে ইতিহাসের সর্বোচ্চ রান তুলেছে বাংলাদেশ, তারপরেও জয়ের দেখা মিলল না। নটিংহ্যামের ট্রেন্ট ব্রিজে অস্ট্রেলিয়ার কাছে ৪৮ রানে হারলো বাংলাদেশ।","অস্ট্রেলিয়া ডেভিড ওয়ার্নারের ১৬৬ রানের সুবাদে ৩৮১ রান সংগ্রহ করে বাংলাদেশকে ৪৮ রানে পরাজিত করেছে। ওয়ার্নার ১০ রানে থাকাকালীন সাব্বির রহমান তার একটি ক্যাচ ফেলে দেন, যা ম্যাচের মোড় ঘুরিয়ে দেয়। জবাবে বাংলাদেশ মুশফিকুর রহিমের ১০২ রানের সেঞ্চুরি সত্ত্বেও ৩৩৩ রানে অলআউট হয়।",12.5,3.23,12.5
news-49948001,বাংলাদেশের প্রধানমন্ত্রী শেখ হাসিনার চলমান ভারত সফরে তিস্তা নদীর জল ভাগাভাগির ক্ষেত্রে সুনির্দিষ্ট কোনও অগ্রগতি না-হলেও আর একটি অভিন্ন নদী ফেনী থেকে ভারতকে জল দিতে রাজি হয়েছে বাংলাদেশ।,"ফেনী নদী থেকে ত্রিপুরার সাব্রুম শহরে ১.৮২ কিউসেক পানি সরবরাহের সিদ্ধান্তটি সম্পূর্ণ মানবিক কারণে নেওয়া হয়েছে। তিস্তার জলবন্টন চুক্তি না হলেও, দুই দেশ সাতটি অভিন্ন নদীর পানিবন্টনের জন্য একটি কাঠামো প্রস্তুত করতে সম্মত হয়েছে, যা ইতিবাচক লক্ষণ। যৌথ নদী কমিশন (JRC) প্রায় ছয় বছর পর বৈঠকে বসেছে এবং আগামী বছর আবার বসবে, যা তিস্তা সহ অন্যান্য অভিন্ন নদীর জলবন্টন ও উন্নয়ন নিয়ে আশাবাদী হওয়ার কারণ যোগাচ্ছে।",20.83,2.13,8.33
news-40734034,"যুক্তরাষ্ট্রের প্রেসিডেন্ট ডোনাল্ড ট্রাম্প বলেছেন, দেশটির সেনাবাহিনীতে তৃতীয় লিঙ্গের মানুষেরা কোনোভাবেই কাজ করতে পারবে না ।","প্রেসিডেন্ট ট্রাম্প সম্প্রতি এক টুইট বার্তায় তৃতীয় লিঙ্গের মানুষদের সেনাবাহিনীতে অন্তর্ভুক্ত না করার কথা জানিয়েছেন, যা ওবামা প্রশাসনের পূর্বের নীতির সম্পূর্ণ বিপরীত। ট্রাম্পের মতে, তৃতীয় লিঙ্গের মানুষদের অন্তর্ভুক্তিতে অতিরিক্ত চিকিৎসা খরচ এবং কাজে বিঘ্ন সৃষ্টি হয়, যা সামরিক বাহিনীর যুদ্ধ জয়ের লক্ষ্যকে ব্যাহত করে। এই সিদ্ধান্তের ফলে নির্বাচনী প্রচারণায় সমলিঙ্গের অধিকারের প্রতি ট্রাম্পের সমর্থনের প্রতিশ্রুতি নিয়ে প্রশ্ন উঠেছে।",16.44,2.82,13.7
news-38840158,যুক্তরাষ্ট্রে ফ্লোরিডার একটি ফেডারেল আদালত প্রেসিডেন্ট ডোনাল্ড ট্রাম্পের মালিকানাধীন একটি গলফ ক্লাবকে প্রায় ৬০ লাখ ডলার জরিমানা করেছে।,ডোনাল্ড ট্রাম্পের মালিকানাধীন ট্রাম্প ন্যাশনাল জুপিটার গলফ ক্লাবকে তার সাবেক সদস্যদের পাওনা পরিশোধ না করায় প্রায় ৫৭ লাখ ডলার জরিমানা করা হয়েছে। ২০১২ সালে ট্রাম্প ক্লাবটি কেনার পর নতুন ব্যবস্থাপনা পরিষদ সদস্যদের জমাকৃত অর্থ ফেরত দিতে অস্বীকার করে এবং তাদের ক্লাব থেকে বাদ দেয়। এর ফলে ৬৫ জন সাবেক সদস্য মামলা করলে আদালত এই জরিমানা ধার্য করেন।,26.67,13.7,24.0
news-49912960,কুমিল্লার ডিমাতলী গ্রামে ভারতীয় সীমান্তের সাথে একদম গা ঘেঁষা বাড়িতে থাকেন পারভীন আক্তার।,"কাঁটাতারের বেড়া একটি গ্রামকে দুই ভাগে বিভক্ত করে দিয়েছে, যার ফলে পারভীন আক্তারের মতো অনেক পরিবার বিচ্ছিন্ন হয়ে পড়েছে। বেড়া তৈরির আগে দুই অংশের মধ্যে স্বাভাবিক যাতায়াত ও আদান-প্রদান থাকলেও, এখন তা বন্ধ হয়ে গেছে। এই বেড়ার কারণে অনেকে তাদের পৈতৃক জমিও হারিয়েছেন, যা তাদের জীবনে ব্যাপক প্রভাব ফেলেছে।",3.17,0.0,3.17
news-46782920,ভারতে এক বিজ্ঞান সম্মেলনে বক্তারা উদ্ভট সব দাবি করার পর সে দেশের বৈজ্ঞানিক সমাজ এর প্রবল সমালোচনা করেছে।,"পাঞ্জাবের জলন্ধরে অনুষ্ঠিত ইন্ডিয়ান সায়েন্স কংগ্রেসে কিছু বিজ্ঞানী আইজ্যাক নিউটন ও আলবার্ট আইনস্টাইনের আবিষ্কারকে ভুল দাবি করে বিতর্কিত মন্তব্য করেছেন। একজন বিজ্ঞানী মাধ্যাকর্ষণ শক্তির নাম 'নরেন্দ্র মোদি তরঙ্গ' করার প্রস্তাব দেন এবং অন্য একজন দাবি করেন যে হাজার হাজার বছর আগেই ভারতে স্টেম সেল নিয়ে গবেষণা হয়েছিল। এই ধরনের উদ্ভট দাবি ভারতীয় বিজ্ঞানী ও সমালোচকদের মধ্যে তীব্র প্রতিক্রিয়ার সৃষ্টি করেছে, যারা পৌরাণিক কাহিনীকে বিজ্ঞান হিসেবে উপস্থাপনের বিরোধিতা করেছেন।",13.95,0.0,9.3
news-42679825,মার্কিন যুক্তরাষ্ট্রের একটি স্টেট হাওয়াইতে ক্ষেপণাস্ত্র নিক্ষেপ হতে পারে এমন খবরে আতঙ্কে ছড়িয়ে পরে সে এলাকায়। সেখানকার বাসিন্দাদের ফোনে বার্তা পাঠানো হয় এটা ড্রিল নয় অর্থাৎ সত্যিকারের অ্যালার্ট।,"হাওয়াইয়ের কর্তৃপক্ষ ভুল করে পারমাণবিক ক্ষেপণাস্ত্র হামলার একটি মিথ্যা সতর্কবার্তা পাঠিয়ে দেয়, যা কম্পিউটার অপারেটরের বোতাম চাপার ভুলের কারণে ঘটেছিল। এই ভুয়া অ্যালার্টের ফলে সেখানকার বাসিন্দাদের মধ্যে ব্যাপক আতঙ্ক ছড়িয়ে পড়ে এবং তারা নিরাপদ আশ্রয়ের খোঁজে ছোটাছুটি শুরু করে। গভর্নর ডেভিড আইজি এই ঘটনার জন্য ক্ষমা চেয়েছেন এবং মার্কিন যুক্তরাষ্ট্র এর পূর্ণাঙ্গ তদন্তের নির্দেশ দিয়েছে।",12.05,2.47,7.23
news-40990730,১৭ বছর আগে গোপালগঞ্জের কোটালীপাড়ায় প্রধানমন্ত্রী শেখ হাসিনাকে হত্যাচেষ্টার অভিযোগে দায়ের করা মামলায় ১০ জনকে ফায়ারিং স্কোয়াডে দিয়ে মৃত্যুদণ্ড কার্যকর করার আদেশ দিয়েছে ঢাকার একটি আদালত।,"২০০০ সালে কোটালীপাড়ায় তৎকালীন প্রধানমন্ত্রী শেখ হাসিনাকে হত্যার উদ্দেশ্যে পুঁতে রাখা বোমা উদ্ধারের ঘটনায় বিস্ফোরক দ্রব্য আইনে ৯ জনকে বিভিন্ন মেয়াদে কারাদণ্ড দেওয়া হয়েছে। ঢাকার দ্রুত বিচার ট্রাইব্যুনালের বিচারক মমতাজ বেগম এই রায় ঘোষণা করেন। এই ঘটনায় হরকাতুল জিহাদ নেতা মুফতি আবদুল হান্নানের নাম বাদ দেওয়া হয়েছে, কারণ অন্য একটি মামলায় তার ফাঁসি কার্যকর হয়েছে।",22.22,5.06,17.28
news-51764235,বাংলাদেশের ব্রাহ্মণবাড়িয়া ও হবিগঞ্জ জেলায় পৃথক দুটি সড়ক দুর্ঘটনায় ১৪জন নিহত হয়েছে বলে পুলিশ জানিয়েছে।,ব্রাহ্মণবাড়িয়ার বিজয়নগরে ঢাকা-সিলেট মহাসড়কে মাইক্রোবাস ও বাসের মুখোমুখি সংঘর্ষে ছয়জন নিহত হয়েছেন। একই দিনে হবিগঞ্জের নবীগঞ্জে আরেকটি মাইক্রোবাস গাছের সঙ্গে ধাক্কা খেয়ে আটজনের প্রাণহানি ঘটে। এই দুটি পৃথক সড়ক দুর্ঘটনায় মোট ১৪ জন নিহত এবং বেশ কয়েকজন আহত হয়েছেন।,21.82,3.77,18.18
news-46942362,ইসরায়েলের সেনাবাহিনী জানিয়েছে যে তারা সিরিয়ার ইরানি লক্ষ্যবস্তুতে আঘাত করা শুরু করেছে।,"ইসরায়েল ডিফেন্স ফোর্সেস (আইডিএফ) সিরিয়ার অভ্যন্তরে ইরানের কুদস বাহিনীর লক্ষ্যবস্তুতে হামলা চালিয়েছে। এই হামলা গোলান হাইটসে রকেট হামলার প্রতিক্রিয়ায় করা হয়েছে, যা ইসরায়েলি প্রধানমন্ত্রী বেনয়ামিন নেতানিয়াহুর সিরিয়ায় ইরানি স্থাপনায় আঘাত করার নীতির অংশ। দামেস্কে ব্যাপক বিস্ফোরণের খবর পাওয়া গেলেও ক্ষয়ক্ষতির পরিমাণ এখনো জানা যায়নি।",17.86,0.0,10.71
news-47308375,"স্থানীয়ভাবে উৎপাদিত শাকসব্জি বা ডিম, ফলমূল ইত্যাদি থেকেই যে শরীরের প্রয়োজনীয় পুষ্টি পাওয়া সম্ভব - আর এর জন্য বাইরে থেকে খাবার আমদানির কোনও প্রয়োজন নেই - এই বার্তা দিতে ভারত জুড়ে শুরু হয়েছে এক বিশাল ক্যাম্পেন।","জাতিসংঘের সংস্থা ইউনিসেফ স্থানীয় খাবার বা 'লোকাল ফুড সিস্টেম'-এর গুরুত্ব তুলে ধরেছে, যা আমাদের দৈনন্দিন পুষ্টির চাহিদা পূরণে যথেষ্ট। ইউনিসেফের ভারতীয় প্রধান ইয়াসমিন আলি হক বলেছেন যে, গর্ভবতী মা ও শিশুদের জন্য স্থানীয়ভাবে উৎপাদিত পুষ্টিকর খাবার যেমন গাজর, কমলালেবু বা পেয়ারা বাণিজ্যিক বিস্কুটের চেয়ে অনেক বেশি উপকারী। তিনি আরও উল্লেখ করেছেন যে, ভারতের মতো বিশাল দেশে স্থানীয় খাবারের ধরন বিভিন্ন অঞ্চলে ভিন্ন হতে পারে, তবে পুষ্টিকর স্থানীয় খাবারের ওপরই সবচেয়ে বেশি জোর দেওয়া উচিত।",14.68,1.87,9.17
news-51280964,"করোনাভাইরাসে আক্রান্ত মানুষের সংখ্যা যখন বাড়ছে, চীনের উহান শহরে তখন লাখ লাখ মানুষ অবরুদ্ধ হয়ে পড়েছে- যার কারণ প্রাদুর্ভাবের কেন্দ্রস্থল থেকে রোগটি ছড়িয়ে পড়া ঠেকানো। কিন্তু এই কঠিন সময়েও অনেক মানুষ একে অন্যের দিকে সাহায্যের হাত বাড়িয়ে দিয়েছেন।","চন্দ্র নববর্ষ উদযাপনের সময় করোনাভাইরাসের প্রাদুর্ভাবের কারণে উহানের বাসিন্দাদের ঘরে থাকতে বলা হয়েছে। এমন পরিস্থিতিতে, শহরের ফ্ল্যাটের বাসিন্দারা তাদের জানালা থেকে ""উহান জিয়ায়ু"" (শক্ত থাকো উহান) বলে চিৎকার করে একে অপরের প্রতি সংহতি প্রকাশ করছেন। এই স্লোগানটি সামাজিক মাধ্যমেও ছড়িয়ে পড়েছে এবং চীনের অন্যান্য এলাকার বাসিন্দারাও উহানের প্রতি একাত্মতা প্রকাশ করছেন।",17.98,0.0,6.74
news-55135935,বাংলাদেশে মাদক গ্রহণের অভিযোগে সোমবার দক্ষিণ-পশ্চিমাঞ্চলীয় জেলা কুষ্টিয়ায় আটজন পুলিশ সদস্যকে চাকরিচ্যুত করার খবর প্রকাশ করা হয়েছে।,"কুষ্টিয়ার পুলিশ সুপার এসএম তানভীর আরাফাত জানান, দেড় বছর আগে ১২ জন পুলিশ সদস্যের বিরুদ্ধে মাদক গ্রহণের অভিযোগ উঠলে ডোপ টেস্টের পর আটজনকে চাকরিচ্যুত করা হয়েছে। বাংলাদেশে মাদক গ্রহণ, কেনাবেচা ও বিক্রিতে সহযোগিতার অভিযোগে বিভিন্ন জেলার পুলিশ সদস্যদের বিরুদ্ধে ব্যবস্থা নেওয়া হয়েছে, যার মধ্যে ঢাকা মহানগর পুলিশের ৭৩ জন মাদকাসক্ত সদস্য শনাক্ত হয়েছেন। তবে, সারাদেশে কতজন পুলিশ সদস্যের বিরুদ্ধে ব্যবস্থা নেওয়া হয়েছে তার নির্দিষ্ট তথ্য এখনো জানা যায়নি।",18.6,7.14,11.63
151117_isis_terror_finance_syria_iraq_oil_kidnappings_gch,ফ্রান্সের রাজধানী প্যারিসে গত শুক্রবারের আক্রমণ আবার জঙ্গি গোষ্ঠী ইসলামিক স্টেট-এর দিকে বিশ্বের নজর ফিরিয়েছে।,"ইসলামিক স্টেট (আইএস) প্যারিস হামলার দায় স্বীকার করেছে এবং এটি বিশ্বের সবচেয়ে ধনী জঙ্গিগোষ্ঠী হিসেবে পরিচিত। প্রাথমিকভাবে মধ্যপ্রাচ্যের দাতব্য সংস্থা ও ধনী সুন্নিদের অনুদান পেলেও, বর্তমানে আইএস তেল বিক্রি ও অপহরণের মাধ্যমে অর্থ সংগ্রহ করে। ২০১৪ সালে তারা তেল বিক্রি করে ১০ কোটি ডলার এবং মুক্তিপণ আদায় করে ২ কোটি ডলার আয় করে, যদিও সাম্প্রতিক বিমান হামলায় তেলের উৎস ক্ষতিগ্রস্ত হয়েছে।",7.79,2.67,7.79
news-52695172,"করোনাভাইরাসে সংক্রমিত কয়েকজন মুসলমান কোয়ারেন্টিনে না যেতে চাওয়াকে কেন্দ্র করে পশ্চিমবঙ্গের হুগলী জেলার তেলেনিপাড়ায় গত সপ্তাহে যে সাম্প্রদায়িক দাঙ্গা হয়েছে, সেই সময়ের একটি ভিডিওতে রক্তাক্ত এক মুসলিম ব্যক্তিকে 'হিন্দুদের রক্তস্নান' বলে ভাইরাল করা হয়েছে।","চটকল শ্রমিক মঞ্জুর আলমের রক্তাক্ত অবস্থার ছবি ফেসবুকে ভাইরাল হওয়ার পর জানা যায়, হুগলী জেলার তেলেনিপাড়ায় হিন্দু ও মুসলিম উভয় সম্প্রদায়ের ঘরবাড়ি ও দোকান জ্বালিয়ে দেওয়া হয়েছে এবং বহু মানুষ আহত হয়ে আশ্রয় শিবিরে রয়েছেন। হাসপাতাল থেকে ছাড়া পেয়ে মঞ্জুর আলম বিবিসি বাংলাকে জানান, রোজা ভাঙার পর তিনি ও তার এক সঙ্গী আক্রমণের শিকার হন এবং সেই সময় কেউ তার একটি ভিডিও তুলেছিল। এই ভিডিওটি অনেক বিজেপি নেতাও শেয়ার করে পশ্চিমবঙ্গের মুখ্যমন্ত্রী মমতা ব্যানার্জীকে উদ্দেশ্য করে প্রশ্ন তোলেন যে আর কতদিন হিন্দুদের রক্ত ঝরবে।",20.34,3.45,8.47
news-41068828,শুক্রবার লন্ডনের বাকিংহাম প্রাসাদের সামনে ৪ ফুট লম্বা তরবারি ঘুরিয়ে তিনজন পুলিশ কর্মকর্তাকে জখম করার ঘটনায় দ্বিতীয় একজন ব্যক্তিকে রবিবার গ্রেফতার করা হয়েছে।,"লন্ডনে বাকিংহাম প্রাসাদের সামনে পুলিশকে লক্ষ্য করে গাড়ি চালিয়ে দেওয়ার অভিযোগে ৩০ বছর বয়সী এক ব্যক্তিকে জঙ্গি সন্দেহে আটক করা হয়েছে। এই ঘটনার পর পশ্চিম লন্ডনের একটি বাড়িতে তল্লাশি চালানো হয়। শুক্রবার সন্ধ্যায় ২৬ বছর বয়সী এক ব্যক্তিকে ঘটনাস্থল থেকে গ্রেফতার করা হয়েছিল, যে পুলিশকে লক্ষ্য করে গাড়ি চালানোর সময় 'আল্লাহু আকবর' বলে চিৎকার করছিল এবং তাকে সিএস গ্যাস ব্যবহার করে নিবৃত্ত করা হয়। এই ঘটনায় তিন জন পুলিশ কর্মকর্তা সামান্য আহত হয়েছেন, তবে রাজপরিবারের কোনো সদস্য প্রাসাদে ছিলেন না।",17.48,5.94,11.65
news-43708497,বাংলাদেশের রাজধানী ঢাকায় দুই বাসের রেষারেষিতে হাতা হারানো কলেজ ছাত্র রাজীব হোসেনের অবস্থার অবনতি হয়েছে বলে জানিয়েছেন ঢাকা মেডিকেল কলেজ হাসপাতালের চিকিৎসকেরা।,"রাজীব হোসেন নামের এক কলেজছাত্র বাস দুর্ঘটনায় গুরুতর আহত হয়ে লাইফ সাপোর্টে আছেন। তার মস্তিষ্কে রক্তক্ষরণ হয়েছে এবং শ্বাসকষ্ট বেড়েছে, যার ফলে তার অবস্থা আশঙ্কাজনক। দুটি বাসের রেষারেষির সময় রাজীবের হাত বিচ্ছিন্ন হয়ে যায় এবং মাথায় গুরুতর আঘাত লাগে, যা বাংলাদেশের সড়ক নিরাপত্তার প্রতীক হয়ে উঠেছে।",11.76,0.0,5.88
news-48168176,"সোমবার চাঁদ দেখা গেলে মঙ্গলবার থেকেই বাংলাদেশে রমজান মাস শুরু হতে যাচ্ছে। মুসলমান ধর্মাবলম্বীদের কাছে অবশ্য পালনীয় রোজা যেমন গুরুত্বপূর্ণ, তেমনি ডায়াবেটিসের মতো রোগে আক্রান্ত ব্যক্তিদের স্বাস্থ্য ঠিক রাখাও জরুরি।","বাংলাদেশে প্রায় ৭০ লক্ষ ডায়াবেটিস রোগী রয়েছেন, যাদের জন্য রমজানে রোজা রাখা একটি বিশেষ চ্যালেঞ্জ। দীর্ঘ সময় না খেয়ে থাকার কারণে তাদের শরীরে বিভিন্ন জটিলতা দেখা দিতে পারে, যেমন রক্তে শর্করার মাত্রা কমে যাওয়া (হাইপোগ্লাইসেমিয়া)। তাই, রোজা শুরুর আগে চিকিৎসকের পরামর্শ নেওয়া এবং ডায়াবেটিস পরীক্ষা করে নেওয়া অত্যন্ত জরুরি। চিকিৎসকের নির্দেশনা অনুযায়ী ওষুধের ডোজ পরিবর্তন বা সমন্বয় করে সুস্থভাবে রোজা রাখা সম্ভব।",10.87,0.0,8.7
news-49986228,বাংলাদেশ প্রকৌশল বিশ্ববিদ্যালয়ে সোমবার রাতে এক ছাত্রকে পিটিয়ে হত্যার লোমহর্ষক ঘটনার প্রেক্ষাপটে বুয়েট শিক্ষক সমিতির এক সাধারণ সভা থেকে প্রতিষ্ঠানে শিক্ষক রাজনীতি বন্ধের সিদ্ধান্ত নেওয়া হয়েছে।,"বুয়েট ছাত্রাবাসে ছাত্র হত্যার প্রতিবাদে শিক্ষক সমিতি উপাচার্যের পদত্যাগ দাবি করেছে এবং ক্যাম্পাসে রাজনীতি নিষিদ্ধ করার পক্ষে মত দিয়েছে। শিক্ষক সমিতির প্রেসিডেন্ট ড. একেএম মাসুদ জানান, ৩০০ জন শিক্ষকের সর্বসম্মত সিদ্ধান্তে এই দাবি জানানো হয়েছে, কারণ তারা শিক্ষার্থীদের দাবির সাথে একমত। বুয়েট অ্যালামনাই সমিতি ক্যাম্পাসে রাজনৈতিক দলগুলোর অঙ্গ সংগঠনভিত্তিক সকল রাজনৈতিক কর্মকাণ্ড নিষিদ্ধ করার দাবি জানিয়েছে, কারণ রাজনৈতিক ছত্রছায়ায় প্রশাসন অপরাধ দমনে ব্যর্থ হচ্ছে এবং উপাচার্যের ক্ষমতা কেন্দ্রীভূত হওয়ায় পরিস্থিতি নিয়ন্ত্রণের বাইরে চলে গেছে।",14.0,2.04,8.0
news-48446654,মিয়ানমারের কট্টর মুসলিম-বিদ্বেষী বৌদ্ধ ধর্মীয় নেতা অশ্বিন উইরাথুর বিরুদ্ধে গ্রেপ্তারি পরোয়ানা জারী করা হয়েছে।,"মিয়ানমারের বৌদ্ধ ভিক্ষু অশ্বিন উইরাথুর বিরুদ্ধে দেশদ্রোহিতার মামলায় ইয়াঙ্গনের একটি আদালত গ্রেপ্তারি পরোয়ানা জারি করেছে, যেখানে দোষী সাব্যস্ত হলে তার তিন বছরের কারাদণ্ড হতে পারে। তিনি রোহিঙ্গা মুসলিমদের বিরুদ্ধে বিদ্বেষপূর্ণ বক্তব্য ও উস্কানিমূলক কার্যকলাপের জন্য বিশ্বজুড়ে পরিচিত এবং ফেসবুক তাকে নিষিদ্ধ করেছে। উইরাথু মুসলিমদের পাশাপাশি সম্প্রতি অং সান সু চির সরকারেরও সমালোচনা করেছেন এবং তার উগ্রপন্থী সংগঠন '৯৬৯ গ্রুপ' এর মাধ্যমে মুসলিম-বিরোধী প্রচারণা চালান।",20.0,7.69,17.5
news-48408034,ইরানের সাথে উত্তেজনার মধ্যেই যুক্তরাষ্ট্রের প্রেসিডেন্ট ডোনাল্ড ট্রাম্প সৌদি আরবের কাছে শত শত ডলারের অস্ত্র বিক্রি অনুমোদন করতে যাচ্ছেন।,"প্রেসিডেন্ট ট্রাম্প ইরানের ক্রমবর্ধমান হুমকির কারণ দেখিয়ে কংগ্রেসকে পাশ কাটিয়ে সৌদি আরব, সংযুক্ত আরব আমিরাত ও জর্ডানের কাছে ৮০০ কোটি ডলারের অস্ত্র বিক্রির সিদ্ধান্ত নিয়েছেন। এই সিদ্ধান্তের ফলে অনেকেই ক্ষোভ প্রকাশ করেছেন, কারণ তাদের আশঙ্কা সৌদি সামরিক বাহিনী ইয়েমেনের বেসামরিক নাগরিকদের বিরুদ্ধে এই অস্ত্র ব্যবহার করতে পারে। ডেমোক্র্যাট দলের নেতারা মানবাধিকার পরিস্থিতি এবং জামাল খাসোগজি হত্যাকাণ্ডের ঘটনা উল্লেখ করে এই পদক্ষেপের তীব্র সমালোচনা করেছেন।",19.28,2.47,16.87
160731_indian_elephant_rescue_operation,জামালপুর সদর থেকে ৪০ কিলোমিটার দূরে সরিষাবাড়ি উপজেলার সোনারকান্দা এলাকার বন্যার পানিতে ডুবে থাকা একটি পাটক্ষেতের মধ্যে হাতিটি দাঁড়িয়ে আছে। আর সেখানে ভীড় করেছে কয়েক হাজার লোক ।,"ভারত থেকে ভেসে আসা একটি হাতি এক মাসের বেশি সময় ধরে বাংলাদেশে অবস্থান করছে। হাতিটিকে উদ্ধার করতে ভারত থেকে তিন সদস্যের একটি প্রতিনিধি দল বাংলাদেশে এসেছে এবং তারা বাংলাদেশের বন্যপ্রাণী ও অপরাধ দমন ইউনিটের সাথে কাজ করছে। হাতিটি দুর্বল হয়ে পড়ায়, এটিকে অজ্ঞান করে ট্রাক বা ক্রেন দিয়ে সরিয়ে নেওয়ার পরিকল্পনা করা হচ্ছে এবং এরপর হাতিটিকে ভারত বা বাংলাদেশে রাখার বিষয়ে সিদ্ধান্ত নেওয়া হবে।",6.59,0.0,6.59
news-51222888,ভারতে নাগরিকত্ব সংশোধন আইনকে ঘিরে দেশজুড়ে তুমুল প্রতিবাদ চলছে। প্রধানমন্ত্রী নরেন্দ্র মোদী ও স্বরাষ্ট্রমন্ত্রী আইনটির পক্ষে ব্যাপক যুক্তি দিয়ে চলেছেন।,"ভারত সরকার প্রতিবেশী দেশগুলোতে সংখ্যালঘুদের অধিকার বঞ্চিত হওয়ার অভিযোগ করেছে, বিশেষ করে আফগানিস্তান, পাকিস্তান ও বাংলাদেশে হিন্দু ও শিখদের মৌলিক অধিকার থেকে বঞ্চিত হওয়ার কথা তুলে ধরেছে। তবে, পাকিস্তানের সংবিধান অনুযায়ী সংখ্যালঘুদের জন্য জাতীয় পরিষদে আসন সংরক্ষিত আছে এবং তারা নির্বাচনে অংশ নিতে পারেন। এই বিষয়টি ভারতের নাগরিকত্ব আইনের পক্ষে যুক্তি দিতে গিয়ে অমিত শাহের দাবির সত্যতা নিয়ে প্রশ্ন তুলেছে।",10.0,0.0,7.5
news-46257134,"ইন্টারনেটের এই যুগে যখনি কোন বিষয় নিয়ে জানতে চাই, বেশিরভাগ মানুষ গুগলে সেটি লিখে খোঁজ করে। ব্রেক্সিটও তার ব্যতিক্রম নয়।","২০১৯ সালের ২৯ মার্চ ইউরোপীয় ইউনিয়ন থেকে যুক্তরাজ্যের বেরিয়ে যাওয়ার প্রক্রিয়াকে সংক্ষেপে ব্রেক্সিট বলা হয়। ২০১৬ সালের গণভোটে ইউরোপীয় ইউনিয়ন ছাড়ার পক্ষে রায় আসার পর, যুক্তরাজ্য ও ইইউ-এর মধ্যে বিচ্ছেদের শর্তাবলী নিয়ে আলোচনা শুরু হয়। এই আলোচনায় উত্তর আয়ারল্যান্ড ও রিপাবলিক অফ আয়ারল্যান্ডের মধ্যে সীমান্ত ব্যবস্থা একটি গুরুত্বপূর্ণ বিষয়।",8.57,0.0,5.71
news-51705699,করোনাভাইরাসের বিস্তার ঠেকাতে ঢাকার শাহজালাল আন্তর্জাতিক বিমানবন্দরসহ দেশটির আন্তর্জাতিক প্রবেশপথগুলোতে ব্যবস্থা নেয়ার কথা জানানো হয়েছে শুরু থেকেই।,"শাহজালাল বিমানবন্দরে করোনাভাইরাস পরীক্ষার ব্যবস্থা থাকলেও যাত্রীরা তা নিয়ে অসন্তোষ প্রকাশ করেছেন। বিবিসি বাংলার দুই সাংবাদিকের অভিজ্ঞতা থেকে জানা যায়, সিঙ্গাপুর থেকে আসা বিমানগুলোকে মূল টার্মিনাল থেকে দূরে রাখা হচ্ছে এবং যাত্রীদের বাসে করে আনা হচ্ছে। বিমানেই যাত্রীদের একটি হেলথ ডিক্লারেশন ফরম পূরণ করতে হচ্ছে, যেখানে তাদের ভ্রমণ ইতিহাস সম্পর্কে তথ্য দিতে হয়।",5.71,0.0,5.71
news-46980918,"প্রয়োজন হলে হাতের স্মার্টফোনটির ভাঁজ খুলে ট্যাবলেটে রূপান্তরিত করা যায়, আবার ডিসপ্লের দুইপাশের অংশ পেছনে ফোল্ড করে পুনরায় ফোন হিসেবেও ব্যবহার করা যায়।","শাওমি তাদের ডবল ফোল্ডিং স্মার্টফোন বাজারে আনার ঘোষণা দিয়েছে, যা স্যামসাং বা রয়্যালের এক ভাঁজের ফোনের চেয়ে ভিন্ন। এই নতুন প্রযুক্তিতে ফোনটি তিনবার ভাঁজ করা যাবে, যা স্মার্টফোন জগতে একটি নতুন দিগন্ত উন্মোচন করবে। যদিও এটি ব্যয়বহুল হবে এবং ভাঁজের স্থানে সমস্যা হওয়ার সম্ভাবনা থাকলেও, ফোল্ডেবল স্ক্রিনের এই ধারণা গ্যাজেট প্রেমীদের আকৃষ্ট করবে বলে আশা করা হচ্ছে।",7.5,0.0,7.5
news-44916623,"সপ্তাহ তিনেক আগে মিশরের প্রত্নতত্ত্ববিদরা আলেকজান্দ্রিয়া থেকে কালো গ্রানাইটের তৈরি বিশালাকৃতির একটি শবাধার উদ্ধার করেছে। ধারণা করা হচ্ছে, এই শবাধারটি প্রায় দু'হাজার বছরের পুরনো এবং এটি কেউ কখনো খুলেও দেখেনি।","একটি নির্মাণ কাজের সময় প্রাপ্ত রহস্যময় শবাধারটি তীব্র দুর্গন্ধ এবং আলেকজান্ডার দ্য গ্রেটের দেহাবশেষ থাকার জল্পনা-কল্পনার মধ্যে প্রত্নতাত্ত্বিকরা উন্মোচন করেন। শবাধারটির ভেতরে লাল-বাদামী নোংরা পানিতে ডুবে থাকা তিনটি মানুষের কঙ্কাল পাওয়া যায়, যা সম্ভবত প্রাচীন মিশরীয় সেনাবাহিনীর সদস্য ছিল। তীব্র দুর্গন্ধের কারণে প্রত্নতাত্ত্বিকদের পক্ষে সেখানে থাকা কঠিন হয়ে পড়েছিল, পরে সামরিক বাহিনীর সহায়তায় এটি খোলা হয়।",8.99,0.0,8.99
news-42562225,অবৈধ লেনদেন ও মুদ্রা পাচারের মামলায় সাতজন মোবাইল ব্যাংকিং এজেন্টকে গ্রেপ্তার করেছে পুলিশের অপরাধ তদন্ত বিভাগ (সিআইডি)।,"বাংলাদেশে বিকাশের মাধ্যমে অবৈধ হুন্ডি ও অর্থ পাচারের অভিযোগে সিআইডি আটজন বিকাশ এজেন্টকে গ্রেপ্তার করেছে, যাদের বিরুদ্ধে মানি লন্ডারিং আইনে আটটি মামলা রয়েছে এবং তারা কোটি টাকার উপরে লেনদেন করেছে। বাংলাদেশ ব্যাংক ২৮৮৬ জন এজেন্টের অস্বাভাবিক লেনদেন তদন্তের অনুরোধ করার পর এই গ্রেপ্তারগুলো করা হয়। যদিও বিকাশের বিদেশে কোনো শাখা নেই, তবে বিদেশে কিছু মানি এক্সচেঞ্জ প্রতিষ্ঠান বিকাশের নাম ব্যবহার করে প্রবাসীদের কাছ থেকে অর্থ সংগ্রহ করে এবং দেশে থাকা স্বজনদের কাছে অবৈধভাবে পাঠায়, যা হুন্ডি হিসেবে বিবেচিত।",16.84,4.3,12.63
news-53426701,"নিউইয়র্কে নিজের অ্যাপার্টমেন্টে নৃশংসভাবে খুন হওয়া ফাহিম সালেহ নিজের সম্পর্কে ওয়েবসাইটে লিখেছিলেন অন্ট্রেপ্রেনিওর, ইনভেস্টর, ড্রিমার অর্থাৎ উদ্যোক্তা, বিনিয়োগকারী, স্বপ্নবাজ।","ফাহিম সালেহ ছিলেন একজন স্বপ্নবাজ ও উদ্যমী টেক মিলিওনিয়ার, যিনি মাত্র ৩৩ বছর বয়সে খুন হন। তিনি ""পাঠাও"" রাইড শেয়ারিং অ্যাপের অন্যতম প্রতিষ্ঠাতা ছিলেন এবং অল্প বয়সেই প্রযুক্তির জগতে নিজের কাজের মাধ্যমে পরিচিতি লাভ করেন। নিউইয়র্কে বেড়ে ওঠা ফাহিম বাংলাদেশেও একাধিক উদ্যোগ নিয়েছিলেন, যার মধ্যে হ্যাকহাউজ অন্যতম।",18.18,3.12,9.09
news-44075756,"ঢাকায় কেনাকাটার জন্য খুবই জনপ্রিয় চাঁদনী চক, গাউসিয়া ও নিউমার্কেট এলাকা।","ঢাকার অভিজাত ও পুরনো মার্কেটগুলোতে প্রবেশপথ থেকে শুরু করে ভেতরের সরু গলি পর্যন্ত হকার ও ক্রেতাদের ভিড়ে ঠাসা থাকে, যা অগ্নিকাণ্ডের মতো জরুরি পরিস্থিতিতে পালানোর পথকে অবরুদ্ধ করে তোলে। মার্কেটগুলোতে অগ্নিনির্বাপক যন্ত্রের অপ্রতুলতা এবং বিক্রেতাদের অগ্নিনির্বাপণ প্রশিক্ষণের অভাব দুর্ঘটনার ঝুঁকি আরও বাড়িয়ে তোলে। গত বছর গুলশানের সিটি কর্পোরেশন মার্কেটে অগ্নিকাণ্ডের পর ফায়ার সার্ভিস ও সিভিল ডিফেন্সের জরিপে রাজধানীর তেরশো পাঁচটি শপিং মল ও মার্কেটের অগ্নি-নিরাপত্তা পরিস্থিতি নিয়ে উদ্বেগ প্রকাশ করা হয়েছে।",2.41,0.0,2.41
news-44271219,যুক্তরাষ্ট্রে হাওয়াই অঙ্গরাজ্যের একটি আগ্নেয়গিরি সকলের দৃষ্টি কেড়েছে। নদীর মতো প্রবাহিত উত্তপ্ত লাল লাভা এবং আকাশে কালো ছাই মেঘ - কিলাওয়ে আগ্নেয়গিরির এই দৃশ্য অনেকেই হয়তো টেলিভিশনের পর্দায় দেখেছেন। কিন্তু এধরনের অগ্নুৎপাত কতোটা বিপদজনক?,"প্রতি বছর প্রায় ৬০টি আগ্নেয়গিরিতে অগ্ন্যুৎপাত হয়, যার মধ্যে কিলাওয়ে অন্যতম এবং এটি গত ৩৫ বছর ধরে সক্রিয়। যদিও কিলাওয়ের সাম্প্রতিক অগ্ন্যুৎপাতে কোনো প্রাণহানি ঘটেনি, আগ্নেয়গিরি আসলে অত্যন্ত বিপজ্জনক। ১৫০০ সাল থেকে আগ্নেয়গিরির অগ্ন্যুৎপাতে প্রায় ২ লাখ ৮০ হাজার মানুষের মৃত্যু হয়েছে, যার বেশিরভাগই ঘটেছে ফিলিপাইন, ইন্দোনেশিয়া, জাপান এবং কঙ্গোতে। বর্তমানে, বিশ্বের ৮০ কোটি মানুষ সক্রিয় আগ্নেয়গিরির ১০০ কিলোমিটারের মধ্যে বসবাস করে, যা তাদের ঝুঁকির মধ্যে ফেলে।",8.0,0.0,6.0
news-40910397,দাস প্রথার পক্ষে লড়েছিলেন এমন এক কনফেডারেটপন্থী জেনারেলের মূর্তি অপসারণের প্রতিবাদে শত শত শ্বেতাঙ্গ জাতীয়তাবাদী যুক্তরাষ্ট্রের ভার্জিনিয়া বিশ্ববিদ্যালয়ে মিছিল করেছেন।,"ভার্জিনিয়ার শার্লোটসভিল শহরে শ্বেতাঙ্গ জাতীয়তাবাদীরা ""ইহুদীরা আমাদের জায়গা নিতে পারবে না"" এবং ""শ্বেতাঙ্গদের জীবনের মূল্য আছে"" স্লোগান দিয়ে মশাল মিছিল করে, যা বর্ণবাদ বিরোধী বিক্ষোভকারীদের সঙ্গে সংঘর্ষে রূপ নেয়। শার্লোটসভিলের মেয়র এই মিছিলকে 'বর্ণবাদী' আখ্যা দিয়ে নিন্দা করেছেন এবং বর্ণবাদ বিরোধীরা এর বিরুদ্ধে বড় বিক্ষোভের পরিকল্পনা করছে। এই ঘটনার সূত্রপাত হয়েছে জেনারেল রবার্ট ই লি-এর মূর্তি অপসারণের পরিকল্পনা থেকে, যিনি আমেরিকার গৃহযুদ্ধে দাসপ্রথা টিকিয়ে রাখার পক্ষে ছিলেন, যা শ্বেতাঙ্গ জাতীয়তাবাদীদের ক্ষুব্ধ করেছে।",12.9,2.2,6.45
news-55059868,"''শুধু বিয়ে করার জন্য কেউ ধর্মান্তরিত হলে তা বৈধ বলে গণ্য হবে না'', এই বিতর্কিত রায় ঘোষণার দিনকয়েকের মধ্যেই তা পুরোপুরি উল্টে দিয়ে নতুন রায় দিল ভারতের এলাহাবাদ হাইকোর্ট।","এলাহাবাদ হাইকোর্ট সম্প্রতি এক মুসলিম যুবক ও হিন্দু যুবতীর বিয়েকে বৈধতা দিয়েছে, যেখানে মেয়েটির বাবা 'লাভ জিহাদ'-এর অভিযোগ এনেছিলেন। আদালত স্পষ্ট জানিয়েছে যে তারা দম্পতিকে হিন্দু বা মুসলিম হিসেবে নয়, বরং প্রাপ্তবয়স্ক নাগরিক হিসেবে দেখছেন যাদের স্বাধীন জীবনযাপনের অধিকার আছে। এই রায় ভারতের বিভিন্ন রাজ্যে তথাকথিত 'লাভ জিহাদ' আইনের বিরুদ্ধে একটি গুরুত্বপূর্ণ পদক্ষেপ হিসেবে বিবেচিত হচ্ছে।",11.63,2.38,6.98
news-56182160,মালয়েশিয়ার সরকার সে দেশের আদালতের আদেশ অমান্য করে ও মানবাধিকার সংস্থাগুলোর আবেদন অগ্রাহ্য করে মিয়ানমারের ১০৮৬ জন নাগরিককে নিজ দেশে ফেরত পাঠিয়েছে।,"মালয়েশিয়া মিয়ানমারের নাগরিকদের তাদের দেশে ফেরত পাঠিয়েছে, যদিও মানবাধিকার সংস্থাগুলো বলছে এর মধ্যে কিছু সংখ্যালঘু নৃগোষ্ঠীর মানুষও আছেন যারা মিয়ানমারে নিপীড়নের শিকার হতে পারেন। মালয়েশিয়া সরকার অবশ্য দাবি করেছে যে ফেরত পাঠানো ব্যক্তিরা শরণার্থী নন এবং তারা স্বেচ্ছায় ফিরে যেতে রাজি হয়েছেন। এই ঘটনাটি কুয়ালালামপুর হাইকোর্টের সাময়িক স্থগিতাদেশের পর ঘটেছে, যা মিয়ানমারের সামরিক শাসনের অধীনে তাদের ঝুঁকির মুখে ফেলতে পারে বলে উদ্বেগ তৈরি করেছে।",13.95,4.76,9.3
news-49309516,ব্রিটেনে দুটো বিদ্যুৎ কেন্দ্র ন্যাশনাল গ্রিড থেকে ১৫ মিনিটের জন্য বিচ্ছিন্ন হয়ে যাবার পর হাজার-হাজার ট্রেন যাত্রী আটকা পড়ে। কারণ ট্রেনগুলো বিদ্যুৎ চালিত।,"বিদ্যুৎ বিভ্রাটের কারণে ট্রেন চলাচল ব্যাহত হয়, যার ফলে যাত্রীরা ট্রেন থেকে নেমে হেঁটে যেতে বাধ্য হন এবং ট্রেনের কম্পিউটার সিস্টেম ক্ষতিগ্রস্ত হওয়ায় পুনরায় চালু করতে টেকনিশিয়ানদের প্রয়োজন হয়। কিংস ক্রস স্টেশনে এর সবচেয়ে বেশি প্রভাব পড়ে, যেখানে ট্রেন ১৩ ঘণ্টা দেরিতে চলে এবং যাত্রীরা গরমে ও খাবারের অভাবে চরম দুর্ভোগ পোহান। এই ঘটনাটি জার্মানির তৈরি ট্রেনগুলিতেও প্রভাব ফেলে, যা ২০১৪ সালে ব্রিটেনের রেল নেটওয়ার্কে যুক্ত হয়েছিল।",8.79,0.0,6.59
news-57325950,বাংলাদেশের কোভিড-১৯ প্রতিরোধে সীমান্তবর্তী জেলা ও উচ্চ সংক্রমিত এলাকায় অঞ্চল ভিত্তিক সম্পূর্ণ লকডাউন দেয়ার পরামর্শ দিয়েছে কারিগরি পরামর্শক কমিটি।,"কোভিড-১৯ সংক্রান্ত জাতীয় কারিগরি পরামর্শক কমিটি সীমান্তবর্তী জেলাগুলিতে সংক্রমণের উচ্চহারের পরিপ্রেক্ষিতে জরুরি পদক্ষেপের সুপারিশ করেছে। এর মধ্যে রয়েছে আন্তঃজেলা গণপরিবহন বন্ধ করা, কঠোর নজরদারি ও টহল বাড়ানো, এবং জরুরি সেবায় নিয়োজিত ব্যক্তি ছাড়া সবাইকে বাড়িতে থাকার আদেশ দেওয়া। কমিটি সতর্ক করেছে যে, ভারতীয় ভ্যারিয়েন্টের কারণে বড় আকারের সংক্রমণ হলে চিকিৎসা ব্যবস্থার ওপর ব্যাপক চাপ সৃষ্টি হতে পারে, যা উন্নত দেশগুলোতেও দেখা গেছে।",16.87,7.41,12.05
news-48918896,মধ্যপ্রদেশের খান্ডোয়া জেলায় ২৫ জন ব্যক্তিকে কোমরে দড়ি বেঁধে 'গো মাতার জয়' বলতে বাধ্য করা হয়েছে বলে অভিযোগ উঠেছে।,"মধ্যপ্রদেশের খান্ডোয়া জেলায় গরু পাচারের অভিযোগে ২৫ জন আদিবাসী ও মুসলমানকে আটক করা হয়েছে। গ্রামবাসীরা তাদের কোমরে দড়ি বেঁধে ওঠবোস করিয়ে এবং ""গোমাতার জয়"" বলিয়ে থানায় নিয়ে যায়। পুলিশ গরু পাচারের অভিযোগে মামলা দায়ের করেছে এবং গ্রামবাসীদের বিরুদ্ধেও দুর্ব্যবহারের অভিযোগ এনেছে।",40.0,20.69,33.33
news-42849984,"স্টিভ উইন কেবল ক্যাসিনো জগতের একজন হোমড়া-চোমড়া ব্যক্তিই নন, তিনি রিপাবলিকান ন্যাশনাল কমিটির অর্থনীতি-বিষয়ক চেয়ারম্যান ছিলেন। তবে যৌন হয়রানির অভিযোগের মুখে তিনি সে পদ থেকে এবার সরে দাঁড়িয়েছেন।","ক্যাসিনো জগতের প্রভাবশালী ব্যক্তি স্টিভ উইনের বিরুদ্ধে ওয়াল স্ট্রিট জার্নালের এক প্রতিবেদনে যৌন হয়রানি ও জোরপূর্বক যৌন সম্পর্ক স্থাপনের অভিযোগ উঠেছে। প্রতিবেদনে বলা হয়েছে, উইন মেসেজ থেরাপিস্টদের হয়রানি করতেন এবং একজন নারীকে যৌন সম্পর্ক স্থাপনে বাধ্য করার জন্য তাকে সাড়ে সাত মিলিয়ন ডলার প্রদান করেন। উইন অবশ্য সকল অভিযোগ অস্বীকার করেছেন এবং এর জন্য তার প্রাক্তন স্ত্রীকে দায়ী করেছেন, তবে রিপাবলিকান দলের একজন অর্থ-দাতা হওয়ায় এই ঘটনায় রিপাবলিকানরা সমালোচিত হয়েছে।",15.84,2.02,7.92
news-43824655,যুক্তরাষ্ট্রের মাঝ-আকাশে একটি বিমানের ইঞ্জিন থেকে ছুটে আসা ধারালো টুকরার আঘাতে জানালা ভেঙে যাওয়ার পর সেটিকে নিরাপদে অবতরণ করাতে সক্ষম হওয়ায় পাইলটের প্রশংসা করা হচ্ছে।,"সাউথওয়েস্ট এয়ারলাইন্সের একটি বিমান নিউ ইয়র্ক থেকে ডালাসে যাওয়ার পথে ইঞ্জিনে বিস্ফোরণ ঘটে, যার ফলে একজন যাত্রী মারা যান এবং সাতজন আহত হন। পাইলট ক্যাপ্টেন টেমি জো শাল্টস দক্ষতার সাথে বিমানটিকে জরুরি অবতরণ করান, যার জন্য যাত্রীরা তাকে 'হিরো' বলছেন। প্রাথমিকভাবে ধারণা করা হচ্ছে, ইঞ্জিনের ফ্যানের ব্লেডের ত্রুটির কারণে এই দুর্ঘটনা ঘটেছে এবং এর তদন্ত শুরু হয়েছে।",14.46,2.47,14.46
news-51903045,অর্থনৈতিক সহযোগিতা ও উন্নয়ন সংস্থা ওইসিডি হুঁশিয়ার করে দিয়েছে যে বিশ্ব অর্থনীতির ওপর করোনাভাইরাসের প্রভাব কাটিয়ে উঠতে অনেক বছর সময় লেগে যাবে।,"ওইসিডি প্রধান এঞ্জেল গুরিয়া বিশ্বব্যাপী এক দীর্ঘমেয়াদী অর্থনৈতিক সংকটের হুঁশিয়ারি দিয়েছেন, যেখানে দেশগুলো দ্রুত অর্থনৈতিক ক্ষতি সামলে উঠতে পারবে না। তিনি বলেছেন, করোনাভাইরাসের কারণে সৃষ্ট অর্থনৈতিক সংকট আকস্মিক এবং এর প্রভাব দীর্ঘস্থায়ী হবে, যা কাটিয়ে উঠতে অনেক বছর লেগে যাবে। ওইসিডি সরকারগুলোকে ব্যয় নীতি ভুলে দ্রুত ভাইরাস পরীক্ষা ও চিকিৎসায় মনোযোগ দিতে আহ্বান জানিয়েছে, কারণ বিশ্ব অর্থনীতিতে মন্দা আসন্ন এবং প্রবৃদ্ধি নিম্নমুখী হবে।",28.24,9.64,21.18
43811335,ভিয়েনার এক মসজিদে তুর্কী পতাকা হাতে প্রথম বিশ্বযুদ্ধের এক ঘটনা তুলে ধরেছিল একদল শিশু। বিষয়টি অস্ট্রিয়ার সরকারকে এতটাই ক্ষিপ্ত করেছে যে চ্যান্সেলর সেবাস্টিয়ান কুর্য এর বিরুদ্ধে কঠোর ব্যবস্থা নেয়ার হুমকি দিয়েছেন।,"ভিয়েনার একটি মসজিদে শিশুদের সামরিক পোশাকে তুর্কি পতাকা হাতে মিছিল করে যুদ্ধের দৃশ্য প্রদর্শনের ঘটনায় অস্ট্রিয়ার সরকার ক্ষুব্ধ হয়েছে। প্রধানমন্ত্রী সেবাস্টিয়ান কুর্য এই ঘটনাকে 'জিরো টলারেন্স' নীতিতে মোকাবেলা করার ঘোষণা দিয়েছেন এবং প্রয়োজনে মসজিদটি বন্ধ করার ইঙ্গিত দিয়েছেন। এই ঘটনা মুসলিমদের ভাবমূর্তির ক্ষতি করতে পারে বলে আশঙ্কা করা হচ্ছে, এবং সংশ্লিষ্ট তুর্কি ইসলামিক কালচারাল অ্যাসোসিয়েশন দুঃখ প্রকাশ করে তদন্তের কথা জানিয়েছে।",19.57,4.44,17.39
news-56563249,বাংলাদেশে করোনাভাইরাস সংক্রমণের হার আশঙ্কাজনক হারে বাড়তে থাকায় সরকারের পক্ষ থেকে ১৮ দফা নির্দেশনা দেয়া হয়েছে।,"স্বাস্থ্যমন্ত্রী জাহিদ মালেক করোনাভাইরাস প্রতিরোধে সরকারের ১৮ দফা নির্দেশনার কথা ঘোষণা করেছেন। এই নির্দেশনার মধ্যে জনসমাগম সীমিত করা, গণপরিবহনে ৫০% যাত্রী বহন করা, এবং মাস্ক পরিধানসহ সকল স্বাস্থ্যবিধি মেনে চলার উপর জোর দেওয়া হয়েছে। এছাড়া, উচ্চ সংক্রমণযুক্ত এলাকায় আন্তঃজেলা যান চলাচল সীমিত করা এবং বিদেশ থেকে আগত যাত্রীদের ১৪ দিনের প্রাতিষ্ঠানিক কোয়ারেন্টিন নিশ্চিত করার কথাও বলা হয়েছে।",16.44,2.82,13.7
news-44170862,"সেক্স এন্ড দ্য সিটি - এই টিভি সিরিয়ালের একটি আলোচিত উক্তি- ""এটা ব্যাগ নয়। এটা বিরকিন।""","মালয়েশিয়ার সাবেক প্রধানমন্ত্রী নাজিব রাজাকের বাড়িতে পুলিশি তল্লাশিতে বিপুল পরিমাণ বিলাসবহুল সামগ্রী, যার মধ্যে হেরমেস বিরকিন ব্র্যান্ডের বহু দামি ব্যাগও রয়েছে, উদ্ধার করা হয়েছে। এই ব্যাগগুলো নাজিবের স্ত্রী রোজমাহ মানুসরের বলে ধারণা করা হচ্ছে, এবং এগুলোর মূল্য আট হাজার ডলার থেকে কয়েক লাখ ডলার পর্যন্ত হতে পারে। পুলিশি অভিযান অনলাইনে সরাসরি সম্প্রচার হওয়ায় মালয়েশিয়ার সাধারণ মানুষ প্রথমবারের মতো এই মূল্যবান ব্যাগগুলো দেখতে পেয়েছে।",5.13,0.0,2.56
news-51750993,"জিম্বাবুয়ের বিপক্ষে তৃতীয় ওয়ানডে ম্যাচের আগে সংবাদ সম্মেলনে মাশরাফী বিন মোর্ত্তজা ঘোষণা দেন, শুক্রবারের ম্যাচটিই অধিনায়ক হিসেবে তাঁর শেষ ম্যাচ।","মাশরাফী বিন মোর্ত্তজা জিম্বাবুয়ের বিপক্ষে ওয়ানডে ম্যাচটির মাধ্যমে অধিনায়কত্ব থেকে সরে দাঁড়ান, যদিও তিনি অবসরের ঘোষণা দেননি। বোর্ড সভাপতি নাজমুল হাসান পাপন আগেই জানিয়েছিলেন যে মাশরাফী আর অধিনায়ক থাকছেন না এবং দলে থাকতে হলে তাকে ফিটনেস প্রমাণ করতে হবে। মাশরাফী ২০২৩ বিশ্বকাপ পর্যন্ত একজন স্থায়ী অধিনায়ক রাখার পরামর্শ দিয়েছেন, সাকিব আল হাসানকে প্রথম পছন্দ হিসেবে রাখা হলেও নিষেধাজ্ঞার কারণে তা সম্ভব হচ্ছে না।",21.69,7.41,14.46
news-51930169,একটা ভাইরাস সংক্রমণের কারণে পুরো ফ্রান্সের জীবন ও সমাজ অচল হয়ে পড়েছে - এমনটা আগে কখনো দেখেন নি প্যারিসের বাসিন্দা নিলুফার জাহান।,"প্যারিসে করোনাভাইরাসের প্রাদুর্ভাবের কারণে জনজীবন স্তব্ধ হয়ে পড়েছে, যেখানে মানুষজন আতঙ্কিত এবং প্রেসিডেন্ট ম্যাক্রোঁ ১৫ দিনের জন্য সবাইকে ঘরে থাকার নির্দেশ দিয়েছেন। শিল্পী নিলুফার জাহান, যিনি ৩২ বছর ধরে প্যারিসে বসবাস করছেন, এই পরিস্থিতিকে ১৯৭১ সালের বাংলাদেশের বন্দী অবস্থার সাথে তুলনা করেছেন। বর্তমানে ফ্রান্সে ৬,০০০ এর বেশি মানুষ সংক্রমিত এবং প্রায় ১৫০ জন মারা গেছেন, যার বেশিরভাগই বয়স্ক।",12.5,5.13,12.5
news-55359196,"বাংলাদেশে বহু মুসলিম পরিবারেই শিশুদের ধর্মীয় শিক্ষা শুরু হয় আরবি বর্ণমালার সঙ্গে পরিচয়ের মাধ্যমে। এর উদ্দেশ্য, তারা যেন কোরআন পড়তে পারে।","বাংলাদেশে মাদ্রাসায় আরবি শেখানো হলেও, ভাষা হিসেবে এর দুর্বল শিক্ষাব্যবস্থার কারণে আরবি জানা মানুষের সংখ্যা কম। শোলাকিয়ার ইমাম ফরিদ উদ্দিন মাসউদ মনে করেন, মুখস্থ না শিখিয়ে শৈশব থেকে ভাষা হিসেবে আরবি শেখালে ধর্মীয় জ্ঞান বৃদ্ধি পেত এবং মধ্যপ্রাচ্যে কর্মরত বাংলাদেশিদের আয় দ্বিগুণ হতে পারতো। বর্তমানে ভাষা জ্ঞানের অভাবে বিদেশে বাংলাদেশি শ্রমিকরা হয়রানির শিকার হচ্ছেন এবং আধুনিক আরবি ভাষা ও সাহিত্যের সাথে দেশের মানুষের পরিচয় নেই।",9.3,0.0,6.98
news-43891294,বিয়ের ছবি তোলেন এরকম একজন ফটোগ্রাফার এক দম্পতির জীবনের বিশেষ দিনের কিছু মুহূর্তের ছবি তুলতে গিয়ে এরকম বেপরোয়া হয়ে উঠতে পারেন সেটা হয়তো অনেকের কল্পনারও বাইরে।,"একজন ওয়েডিং ফটোগ্রাফার নবদম্পতির ছবি তোলার জন্য গাছে উঠে বানরের মতো ঝুলে ব্যতিক্রমী অ্যাঙ্গেলে ছবি তুলেছেন। এই ঘটনার ভিডিও টুইটারে ভাইরাল হলে মানুষজন তাকে 'স্পাইডারম্যান' বলে মন্তব্য করেন। ফটোগ্রাফার ভিষ্ণু হোয়াইটরাম্প জানান, ছবিটি ভাইরাল হওয়ার পর তিনি প্রথমে ভয় পেলেও, মানুষের প্রশংসা দেখে তিনি খুশি।",11.27,0.0,8.45
news-46552066,ভারতের একটি বিশ্ববিদ্যালয়ের আইন পরীক্ষায় প্রকাশ্যে গো-হত্যার ওপর এক প্রশ্ন নিয়ে তীব্র বিতর্ক শুরু হয়েছে।,"দিল্লির গুরু গোবিন্দ সিং ইন্দ্রপ্রস্থ বিশ্ববিদ্যালয়ের এলএলবি পরীক্ষায় একটি বিতর্কিত প্রশ্ন নিয়ে শোরগোল শুরু হয়েছে, যেখানে একজন মুসলিম ব্যক্তি কর্তৃক গরু হত্যার ঘটনাকে কেন্দ্র করে আইনি ব্যাখ্যা চাওয়া হয়েছে। সুপ্রিম কোর্টের আইনজীবী বিলাল আনোয়ার এই প্রশ্নটিকে একটি নির্দিষ্ট সম্প্রদায়কে অমানবিক দেখানোর প্রয়াস হিসেবে উল্লেখ করে বিশ্ববিদ্যালয় কর্তৃপক্ষের কাছে অভিযোগ জানিয়েছেন। এই ঘটনার পরিপ্রেক্ষিতে দিল্লি সরকার বিশ্ববিদ্যালয় কর্তৃপক্ষের কাছে একটি তদন্ত রিপোর্ট চেয়ে পাঠিয়েছে, যা উপ-মুখ্যমন্ত্রী মণীশ সিসোদিয়া নির্দেশ দিয়েছেন।",18.6,4.76,13.95
news-51148940,ইরানের সর্বোচ্চ নেতা আয়াতোল্লাহ খামেনি যুক্তরাষ্ট্র এবং ইউরোপীয় দেশগুলোর তীব্র সমালোচনা করে তার দেশের জনগণকে ঐক্যবদ্ধ থাকার আহ্বান জানিয়েছেন।,"আয়াতোল্লাহ খামেনি আট বছর পর তেহরানে শুক্রবারের নামাজে নেতৃত্ব দিয়ে বলেন, ইউক্রেনীয় বিমান ভূপাতিত হওয়ার ঘটনাকে শত্রুরা জেনারেল কাসেম সোলেইমানি হত্যাকে ধামাচাপা দিতে ব্যবহার করছে। তিনি বিমান ভূপাতিত হওয়াকে একটি ট্র্যাজেডি বললেও, এর মাধ্যমে বিপ্লবী গার্ড ও সশস্ত্রবাহিনীকে প্রশ্নবিদ্ধ করার সুযোগ তৈরি হয়েছে বলে মন্তব্য করেন। বিশ্লেষকরা মনে করছেন, এই অস্থিরতার মাঝে খামেনি তার কর্তৃত্ব জোরদার করতে এবং বর্তমান শাসনব্যবস্থা বজায় রাখতে চাইছেন।",9.76,2.5,7.32
news-51847418,করোনাভাইরাস প্রাদুর্ভাব মোকাবেলায় সব দেশের নাগরিকদের ভিসা দেয়া স্থগিত ঘোষণা করেছে ভারত।,"করোনাভাইরাস মোকাবিলায় ভারত ও যুক্তরাষ্ট্র ভ্রমণ নিষেধাজ্ঞা জারি করেছে। ভারত ১৩ মার্চ থেকে ১৫ এপ্রিল পর্যন্ত বিদেশি নাগরিকদের প্রবেশে নিষেধাজ্ঞা দিয়েছে এবং নির্দিষ্ট কিছু দেশ থেকে আসা ভারতীয়দের ১৪ দিনের কোয়ারেন্টিনে থাকার নির্দেশ দিয়েছে। অন্যদিকে, মার্কিন প্রেসিডেন্ট ডোনাল্ড ট্রাম্প ইউরোপ থেকে ৩০ দিনের জন্য যুক্তরাষ্ট্রে ভ্রমণ স্থগিতের ঘোষণা দিয়েছেন, যা শুক্রবার মধ্যরাত থেকে কার্যকর হবে।",14.93,3.08,8.96
news-47944264,সিরিয়ায় গিয়ে ব্রিটিশ নাগরিকত্ব হারানো 'আইএস বধূ' শামীমা বেগমের নাগরিকত্ব ফিরে পেতে আইনি লড়াই চালাতে ব্রিটিশ সরকারের কাছ থেকে অর্থ সহায়তা পেতে যাচ্ছেন।,"২০১৫ সালে ১৫ বছর বয়সে দুই কিশোরীর সাথে লন্ডন ছেড়ে সিরিয়ায় পাড়ি জমানো শামীমা বেগমের ব্রিটিশ নাগরিকত্ব বাতিল করা হয়েছে। শামীমার পরিবার সরকারের এই সিদ্ধান্তের বিরুদ্ধে আইনি লড়াই করার কথা জানালে, ব্রিটিশ পররাষ্ট্রমন্ত্রী জেরেমি হান্ট শামীমাকে আইনি সহায়তা (লিগাল এইড) দেওয়ার বিষয়ে অস্বস্তি প্রকাশ করেন। তবে, তিনি এও উল্লেখ করেন যে, ব্রিটেনে আর্থিক সঙ্গতিহীন নাগরিকেরা রাষ্ট্রের সিদ্ধান্তের বিরুদ্ধে আইনি লড়াইয়ের জন্য রাষ্ট্রীয় সহায়তা পাওয়ার অধিকার রাখে।",22.47,6.9,17.98
news-45822321,পৃথিবীর দুই অংশের মানুষ এখন তিনটি বড় ধরণের ঝড়ের মোকাবেলা করছে।,"ঘূর্ণিঝড় তিতলি ভারতের উড়িষ্যা উপকূলে আঘাত হেনেছে, একই সময়ে আরব সাগরে লুবান নামে আরেকটি ঘূর্ণিঝড় ভারতের দিকে ধেয়ে আসছে। প্রায় ৪০ বছর পর ভারতের একই অংশে একই সাথে দুটি ঘূর্ণিঝড় আঘাত হানতে চলেছে, যা বৈশ্বিক উষ্ণতা বৃদ্ধি ও জলবায়ু পরিবর্তনের ফল বলে বিজ্ঞানীরা মনে করছেন। তবে বাংলাদেশে তিতলির সরাসরি আঘাত হানার সম্ভাবনা কম থাকলেও সমুদ্র ও নদীবন্দরগুলোতে সতর্কতা সংকেত জারি করা হয়েছে।",0.0,0.0,0.0
news-55642677,গুলশানের সংযুক্ত আরব আমিরাতের দূতাবাসের ভিসা প্রসেসিং কার্যালয়ে একটি বিস্ফোরণে অন্ততঃ একজনের মৃত্যু হয়েছে বলে ঢাকায় কর্মকর্তারা জানাচ্ছেন।,"গুলশানের এম্পোরি ফাইনান্সিয়াল সেন্টারে সংযুক্ত আরব আমিরাতের ভিসা প্রসেসিং সেন্টারে এসি বিস্ফোরণে একজন মেরামত কর্মী নিহত এবং অন্তত ছয়জন আহত হয়েছেন। প্রাথমিকভাবে ধারণা করা হচ্ছে, কেন্দ্রীয় এসি মেরামতের সময় এই দুর্ঘটনা ঘটে। ঘটনাস্থলে দমকল ও বোমা নিষ্ক্রিয়করণ দল পৌঁছেছে এবং আহতদের ইউনাইটেড হাসপাতালে ভর্তি করা হয়েছে।",25.0,9.68,25.0
news-56931108,"চিকিৎসা বা অন্যান্য প্রয়োজনে ভারতে আসা যে শত শত বাংলাদেশি নাগরিক এখন স্থলপথে দেশে ফিরতে চাইছেন, তাদের অন্তত ঈদের ছুটি শেষ হওয়া পর্যন্ত অপেক্ষা করতে হবে বলে বাংলাদেশ দূতাবাস সূত্রে জানা যাচ্ছে।","১৬ই মে থেকে ভারতে নিযুক্ত বাংলাদেশের মিশনগুলো নাগরিকদের 'নো অবজেকশন সার্টিফিকেট' (এনওসি) দেওয়া শুরু করবে। বেনাপোল ও আগরতলা সীমান্তে চাপ কমাতে গেদে-দর্শনা, হিলি ও সোনামসজিদ - এই তিনটি নতুন স্থলপথ খোলা হয়েছে। হাই কমিশনার মোহাম্মদ ইমরান দেশে ফিরতে ইচ্ছুক নাগরিকদের এই নতুন রুটগুলো ব্যবহারের পরামর্শ দিয়েছেন, কারণ বেনাপোলের কোয়ারেন্টিন সুবিধাগুলো বর্তমানে পূর্ণ।",7.14,2.44,7.14
news-49839382,বাংলাদেশে তৃতীয় মেয়াদে ক্ষমতায় এসে আওয়ামী লীগ নজিরবিহীন এক অভিযান শুরু করেছে দুর্নীতির বিরুদ্ধে।,"ঢাকায় ক্যাসিনোবিরোধী অভিযান চলছে, যেখানে চাঁদাবাজি ও টেন্ডারবাজির অভিযোগে দলীয় নেতাদের বিরুদ্ধে ব্যবস্থা নেওয়া হচ্ছে। এই অভিযানকে ইতিবাচক মনে করা হলেও এর চূড়ান্ত সফলতা নিয়ে প্রশ্ন উঠেছে। মাংস ব্যবসায়ী সমিতির নেতা রবিউল আলম পশুর হাটে চাঁদাবাজি বন্ধের দাবি জানিয়েছেন, যা গরুর মাংসের দাম বৃদ্ধির অন্যতম কারণ বলে মনে করা হয়। তিনি মনে করেন, চাঁদাবাজি বন্ধ হলে মাংসের দাম উল্লেখযোগ্যভাবে কমবে এবং দেশের ভাবমূর্তি রক্ষায় পশুর হাটকে চাঁদাবাজিমুক্ত করা জরুরি।",4.82,0.0,4.82
news-50838654,সরকারের রাজনৈতিক সদিচ্ছা থাকলে এবং শিল্প কারখানার মালিকরা শ্রমিকদের কল্যাণকে প্রাধান্য দিলে অটোমেশনের কারণে বাংলাদেশের খুব বেশি কর্মী চাকরি হারাবে না বলে মনে করেন কর্মসংস্থান ও চাকরির ভবিষ্যত বিষয়ে করা এক গবেষণার গবেষকরা।,"আন্তর্জাতিক শ্রম সংস্থা ও ব্র্যাকের একটি গবেষণা অনুযায়ী, প্রযুক্তির প্রসারের ফলে বাংলাদেশে, বিশেষ করে পোশাক শিল্পে, বহু মানুষ কাজ হারাতে শুরু করেছে। গাড়ি নির্মাণ শিল্পের মতো পোশাক শিল্পেও অটোমেশনের কারণে কর্মীদের চাকরি হারানোর সম্ভাবনা সবচেয়ে বেশি। তবে, সঠিক নীতিমালা প্রণয়ন, দীর্ঘমেয়াদী পরিকল্পনা এবং কর্মীদের উপযুক্ত প্রশিক্ষণের মাধ্যমে এই চ্যালেঞ্জ মোকাবিলা করে নতুন কর্মসংস্থানের সুযোগ তৈরি করা সম্ভব।",15.56,2.27,8.89
news-48769590,নিষেধাজ্ঞা ভেঙ্গে ফ্রান্সের একটি স্থানীয় সুইমিং পুলে মুসলিম নারীরা বুরকিনি পরে সাঁতার কেটেছেন।,"ফ্রান্সে বুরকিনি নিষিদ্ধ থাকা সত্ত্বেও গ্রিনোবেল শহরের একটি সুইমিং পুলে মুসলিম নারীরা বুরকিনি পরে সাঁতার কেটেছেন, যা মার্কিন যুক্তরাষ্ট্রে রোজা পার্কসের নাগরিক অধিকার আন্দোলনের অনুকরণে করা হয়েছে। এই নারীরা নিষেধাজ্ঞা উপেক্ষা করে এক ঘণ্টা সাঁতার কাটার পর পুলিশ তাদের জিজ্ঞাসাবাদ করে এবং প্রত্যেককে ৪০ ডলার জরিমানা করে। বিক্ষোভকারীরা দাবি করেছেন যে, অন্যান্য নাগরিকদের মতো তাদেরও পাবলিক সুইমিং পুলে বুরকিনি পরে সাঁতার কাটার অধিকার থাকা উচিত এবং তারা ফ্রান্সের বৈষম্যমূলক নীতির বিরুদ্ধে প্রতিবাদ করছেন।",25.58,16.67,20.93
news-44256370,সাবিনা ইয়াসমিন (ছদ্মনাম) একটি বেসরকারি ব্যাংকে ৫ বছর ধরে কাজ করছিলেন। এ বছরের জানুয়ারি মাসে তাকে ডেকে আকস্মিক ভাবে পদত্যাগ করতে বলা হয়।,"সাবিনা ইয়াসমিনকে বাংলাদেশ ব্যাংকের প্রধান কার্যালয় থেকে পদত্যাগ করতে বলা হয়েছে, যা তিনি অভ্যন্তরীণ রাজনীতির ফল বলে মনে করেন। ২০১৭ সালে বাংলাদেশে বিভিন্ন ব্যাংকে ৫,৭০০ জনকে বাধ্যতামূলকভাবে চাকরি ছাড়তে বলা হয়েছিল এবং ৯,০২০ জন চাকরি হারিয়েছেন। বাংলাদেশ ইনস্টিটিউট অব ব্যাংক ম্যানেজমেন্টের গবেষণা অনুযায়ী, কারণ ছাড়া বাধ্যতামূলক চাকরিচ্যুতির কারণে ব্যাংকিং খাতে যোগ্য নেতৃত্বের অভাব দেখা দিয়েছে।",15.0,7.69,10.0
news-48406083,গত এক সপ্তাহে হিমালয়ের চূড়ায় সাতজন পর্বতারোহী মারা গেছেন। সেখানে গত এক বছরে এর চেয়ে কম মানুষ মারা গেছেন।,"নির্মল পুরজা মাত্র দুই সপ্তাহে বিশ্বের ছয়টি শীর্ষ পর্বতে আরোহণ করলেও, সাম্প্রতিক সময়ে হিমালয়ের চূড়ায় পর্বতারোহীদের ভিড় বাড়ায় বেশ কয়েকজন মারা গেছেন। পর্বতারোহণের প্রতি মানুষের আগ্রহ বাড়লেও, প্রয়োজনীয় প্রশিক্ষণ ও শারীরিক সক্ষমতা না থাকায় এই ভিড় প্রাণঘাতী হয়ে উঠছে। পরিবেশবাদীরা অনুমতি কমানোর দাবি জানালেও, পর্বতারোহণের মৌসুমে ভিড় স্বাভাবিক বলে গাইডরা মনে করেন।",8.45,2.9,8.45
news-45541192,শরীয়তপুরের নড়িয়া উপজেলায় মুলফৎগঞ্জ বাজারটি তিনশো বছরের পুরনো।,"পদ্মার ভয়াবহ ভাঙনে নড়িয়া উপজেলার মুলফৎগঞ্জ বাজারের দু'পাশের দোকান, রাস্তা, এমনকি উপজেলা স্বাস্থ্য কমপ্লেক্সের একটি অংশও নদীগর্ভে বিলীন হয়ে গেছে। ভাঙনের শিকার হয়ে বানি শীল-এর মতো অসংখ্য মানুষ তাদের ঘরবাড়ি হারিয়ে এখন আশ্রয়হীন এবং খোলা আকাশের নিচে দিন কাটাচ্ছেন। এই প্রাকৃতিক দুর্যোগে ক্ষতিগ্রস্তরা তাদের শেষ সম্বলটুকু বাঁচানোর চেষ্টা করছেন, যেখানে একসময় ধনী-গরীবের ভেদাভেদ ছিল, আজ সবাই এক কাতারে এসে দাঁড়িয়েছেন।",5.63,0.0,5.63
news-55555497,"বরিশালের বাবুগঞ্জে বৌভাতের অনুষ্ঠানে খাবারে মাংস কম দেয়ার অভিযোগ থেকে বিতর্ক শুরু, বাকবিতণ্ডা থেকে হাতাহাতি ও লাঠালাঠি, শেষ পর্যন্ত পাত্রের একজন অভিভাবকের মৃত্যুতে শেষ হয় বিতণ্ডা।","বরিশালের বাবুগঞ্জে বৌভাতের অনুষ্ঠানে মাংস কম দেওয়াকে কেন্দ্র করে মারামারিতে বরের চাচার মৃত্যু হয়েছে। এ ঘটনায় কনে ও তার বাবাসহ ২২ জনকে পুলিশ আটক করে, যার মধ্যে ৯ জনকে গ্রেপ্তার করা হয়েছে। পুলিশ জানিয়েছে, এখনো মামলা দায়ের হয়নি, তবে প্রক্রিয়া চলছে এবং মৃতদেহের ময়নাতদন্ত করা হবে।",19.44,11.43,19.44
news-45214104,ভারতের সদ্যপ্রয়াত সাবেক প্রধানমন্ত্রী অটলবিহারী বাজপেয়ী যে সাড়ে ছ'বছর দিল্লির ক্ষমতায় ছিলেন - তার মধ্যে মোটামুটি অর্ধেকটা সময় তিনি ঢাকাতে শেখ হাসিনার নেতৃত্বে আওয়ামী লীগ সরকার ও বাকি অর্ধেকটা খালেদা জিয়ার নেতৃত্বে একটি বিএনপি জোট সরকারকে পেয়েছিলেন।,"অটলবিহারী বাজপেয়ীর প্রধানমন্ত্রিত্বকালে ভারত-বাংলাদেশ সম্পর্কের মধ্যে অনেক উত্থান-পতন দেখা গেছে, যার মধ্যে ঢাকা-কলকাতা বাস পরিষেবা চালু এবং রৌমারী-পদুয়া সীমান্তে বিএসএফ জওয়ান নিহত হওয়ার মতো ঘটনা উল্লেখযোগ্য। ২০০১ সালে বিএনপি ক্ষমতায় আসার পর দুই দেশের সম্পর্কে অবনতি হলেও, কৃষ্ণা বোসের মতে, বাজপেয়ী কখনো তিক্ততা আসতে দেননি। তিনি বিশ্বাস করতেন যে ভারতের পক্ষে দুই শত্রু রাষ্ট্র নিয়ে শান্তিতে থাকা সম্ভব নয়, তাই বাংলাদেশের প্রতি তিনি বিশেষ নরম মনোভাব পোষণ করতেন, এমনকি বিএসএফ জওয়ান নিহত হওয়ার পরেও কোনো পাল্টা পদক্ষেপ নেননি।",13.45,0.0,6.72
news-50452028,"সৌদি আরবের রাষ্ট্রীয় তেল সংস্থা আরামকো শেয়ার বিক্রির জন্য তাদের যে প্রাথমিক মূল্যায়ন করেছে, তাতে আইপিওর মূল্য দাঁড়িয়েছে ১ লক্ষ ৭০ হাজার কোটি ডলার।","আরামকো বিশ্বের সবচেয়ে লাভজনক কোম্পানি এবং সৌদি যুবরাজ মোহাম্মদ বিন সালমান এর মূল্য ২ লক্ষ কোটি ডলারে উন্নীত করতে চেয়েছিলেন, যদিও বর্তমানে এর মূল্য ১.৬ থেকে ১.৭ লক্ষ কোটি ডলার। আরামকো তাদের ১.৫% শেয়ার বিক্রি করে ২৫০০ কোটি ডলার আয় করতে চাইছে, যা পৃথিবীর সবচেয়ে বড় শেয়ার বিক্রির উদ্যোগ হতে পারে এবং এর মাধ্যমে স্থানীয় সৌদি নাগরিকরাও প্রথমবারের মতো এই কোম্পানির অংশীদার হতে পারবে। এই শেয়ার বিক্রির মাধ্যমে অর্জিত অর্থ সৌদি অর্থনীতিকে জ্বালানি নির্ভরতা থেকে মুক্ত করে অন্যান্য খাতে বিনিয়োগ করার পরিকল্পনা রয়েছে।",18.18,3.7,10.91
news-44240020,বাংলাদেশে স্থানীয় সরকার নির্বাচনের প্রচারে সংসদ সদস্যদের অংশগ্রহণের পথ খুলে দিয়ে নির্বাচন কমিশন যে নতুন বিধিমালা তৈরি করেছে তা সুষ্ঠু নির্বাচনের পথে প্রতিবন্ধকতা তৈরি করবে বলে মনে করছে নির্বাচন প্রক্রিয়ার পর্যবেক্ষকরা।,"নির্বাচন কমিশন সিটি কর্পোরেশন নির্বাচনে প্রার্থীদের আচরণ বিধিমালা সংশোধন করে সংসদ সদস্যদের প্রচারে অংশগ্রহণের অনুমতি দিয়েছে, তবে তারা সরকারি সুযোগ-সুবিধা ব্যবহার করতে পারবেন না। সুশাসনের জন্য নাগরিক (সুজন) এর সম্পাদক বদিউল আলম মজুমদার এই সিদ্ধান্তের সমালোচনা করে বলেছেন যে এটি সুষ্ঠু নির্বাচনের পথে বাধা সৃষ্টি করবে এবং ক্ষমতাধর ব্যক্তিদের প্রভাবে সব প্রার্থীর জন্য সমান সুযোগ থাকবে না। তিনি মনে করেন, নির্বাচন কমিশনের এই পদক্ষেপ সুষ্ঠু নির্বাচন প্রক্রিয়াকে প্রশ্নবিদ্ধ করছে।",29.7,8.08,19.8
news-53512439,লন্ডনের একটি ব্যাঙ্কে বহু বছর ধরে গচ্ছিত হায়দ্রাবাদের নিজামের প্রায় সাড়ে চার কোটি ডলারের সম্পদ নিয়ে আইনি লড়াই আরও জটিল হয়েছে।,"হায়দ্রাবাদের নিজামদের বিপুল অঙ্কের অর্থের মালিকানা নিয়ে ভারত, পাকিস্তান এবং নিজামের বংশধরদের মধ্যে দীর্ঘদিনের আইনি লড়াই চলছে। সম্প্রতি লন্ডনের একটি আদালত ভারত সরকার ও নিজামের দুই নাতির পক্ষে রায় দিলেও, নিজামের আরও শতাধিক বংশধর সেই রায়কে চ্যালেঞ্জ করে নিজেদের মালিকানা দাবি করেছেন। এর ফলে নিজামের ধনসম্পদ নিয়ে সত্তর বছরেরও বেশি পুরনো এই বিরোধ নিষ্পত্তির ক্ষেত্রে নতুন করে আইনি জটিলতা তৈরি হয়েছে।",21.95,5.0,14.63
news-37527978,ভারত-পাকিস্তান সীমান্তে উত্তেজনার প্রভাব পড়েছে দুই দেশের বিনোদন জগতেও। কিছুদিন আগে ভারত থেকে পাকিস্তানি তারকাদের ফেরত পাঠানোর কথা বলেছিল ভারত।,"ভারত-পাকিস্তান সীমান্তে উত্তেজনার জেরে পাকিস্তানের হল মালিকরা ভারতীয় চলচ্চিত্র প্রদর্শন বন্ধের ঘোষণা দিয়েছে। পাকিস্তানের সামরিক বাহিনীর প্রতি সংহতি জানিয়ে এই সিদ্ধান্ত নেওয়া হয়েছে, যা লাহোর, করাচি ও ইসলামাবাদের সিনেমা হলগুলোতে কার্যকর হয়েছে। এই পদক্ষেপ দুই দেশের সম্পর্কের টানাপোড়েনকে বিনোদন জগতেও ছড়িয়ে দিয়েছে, যদিও অতীতেও এমন ঘটনা ঘটেছে।",23.19,14.93,23.19
news-41386651,বাংলাদেশ সফরে এসে জাতিসংঘ শরণার্থী সংস্থা ইউএনএইচসিআর প্রধান ফিলিপো গ্র্যান্ডি বলেছেন মিয়ানমারের উচিৎ কোফি আনান কমিশনের সুপারিশ অনুযায়ী রোহিঙ্গাদের নাগরিকত্ব দেওয়া।,"জাতিসংঘ শরণার্থী সংস্থার প্রধান ফিলিপো গ্র্যান্ডি কক্সবাজারে রোহিঙ্গা শরণার্থী শিবির পরিদর্শন করে বাংলাদেশের প্রশংসা করেছেন। তিনি বলেন, বাংলাদেশ রোহিঙ্গাদের জন্য সীমান্ত খুলে দিয়েছে, যা প্রশংসার যোগ্য। গ্র্যান্ডি রাখাইনে সহিংসতা বন্ধের দাবি জানান এবং স্থানীয় জনগোষ্ঠীর কল্যাণের উপর গুরুত্বারোপ করেন।",23.33,10.34,20.0
news-46237664,দু'হাজার তেরো সালের ডিসেম্বর মাস। ঢাকায় এক সফরে এলেন ভারতের তৎকালীন পররাষ্ট্র সচিব সুজাতা সিং।,"ভারতের প্রধানমন্ত্রী নরেন্দ্র মোদীর সাথে বাংলাদেশের প্রধানমন্ত্রী শেখ হাসিনার সাক্ষাতের সময়, ভারতের পররাষ্ট্র সচিব সুজাতা সিং জাতীয় পার্টির নেতা এইচ এম এরশাদকে ২০১৪ সালের ৫ জানুয়ারির নির্বাচনে অংশ নেওয়ার অনুরোধ করেছিলেন, যা তখন ব্যাপক আলোচনার জন্ম দিয়েছিল। সেই নির্বাচনে ভারতের প্রকাশ্য হস্তক্ষেপের অভিযোগ উঠলেও, ২০১৮ সালের নির্বাচন নিয়ে ভারত এবার তেমন আগ্রহ দেখাচ্ছে না। বাংলাদেশের রাজনৈতিক পর্যবেক্ষকরা মনে করছেন, ভারতের এই নিস্পৃহতা তাদের কৌশলে পরিবর্তনের ইঙ্গিত হতে পারে।",14.29,7.32,11.9
news-37768723,মদ পানের ক্ষেত্রে পুরুষদের প্রায় ধরে ফেলেছে মহিলারা। তাদের মধ্যে মদ পানের অভ্যাস দ্রুত বাড়ছে। বিশ্ব জুড়ে পরিচালিত এক সমীক্ষায় এই দাবি করা হয়েছে।,"নারীদের মধ্যে মদ পানের অভ্যাস ক্রমশ বাড়ছে, যা পূর্বে পুরুষদের তুলনায় অনেক কম ছিল। গবেষকরা বলছেন, সমাজে নারী-পুরুষের ভূমিকার পরিবর্তনের সাথে সাথে মদ পানের ক্ষেত্রে লিঙ্গ ব্যবধান দ্রুত কমে আসছে। বর্তমানে মদ প্রস্তুতকারকরা নারী, বিশেষ করে তরুণীদের ভোক্তা হিসেবে লক্ষ্য করছে, যা এই প্রবণতার একটি কারণ হতে পারে।",30.14,14.08,19.18
news-53120172,করোনাভাইরাসের বিরুদ্ধে লড়াইয়ে ভিটামিন ডি-র কোন ভূমিকা আছে কিনা তা নিয়ে প্রশ্ন ক্রমেই বাড়ছে।,"লকডাউনে সূর্যের আলোর অভাবে ভিটামিন ডি-এর ঘাটতি পূরণের জন্য ব্রিটেনের জনস্বাস্থ্য কর্মকর্তারা প্রতিদিন ১০ মাইক্রোগ্রাম ভিটামিন ডি গ্রহণের পরামর্শ দিয়েছেন। ভিটামিন ডি সুস্থ হাড়, দাঁত ও পেশীর জন্য অপরিহার্য এবং এটি রোগ প্রতিরোধ ক্ষমতা বাড়াতে ও সংক্রমণের বিরুদ্ধে লড়াইয়ে সাহায্য করে। বিশেষ করে যারা ঘরে বেশি সময় কাটান, যাদের ত্বক সূর্যের আলো থেকে কম ভিটামিন ডি শোষণ করে (যেমন বাদামী বা কালো চামড়ার মানুষ), তাদের জন্য এই পরামর্শ বিশেষভাবে প্রযোজ্য।",9.3,4.76,9.3
news-47397239,"যুক্তরাজ্যের দাতব্য প্রতিষ্ঠান অটিস্টিকা জানাচ্ছে, এনারক্সিয়া বা ক্ষুধামন্দা রোগ নিয়ে যারা হাসপাতালে ভর্তি হয় তাদের মধ্যে প্রতি পাঁচজনের একজনের অটিস্টিক সমস্যা রয়েছে।","যুক্তরাজ্যের একটি গবেষণা অনুসারে, অটিজমের কারণে খাবার গ্রহণে অনীহা বা ক্ষুধামন্দা দেখা দিতে পারে। অটিজমে আক্রান্ত সোফী ম্যাকক্লেন্সের ১৯ বছর বয়স থেকে ক্ষুধামন্দা শুরু হয়, যেখানে তিনি ক্যালোরি হিসেব করে খেতেন, যদিও ওজন কমানোর আগ্রহ তার ছিল না। বিশেষজ্ঞরা মনে করেন, ক্ষুধামন্দা ও অটিজমের গভীর সম্পর্ক জানতে আরও ব্যাপক গবেষণা প্রয়োজন।",10.96,2.82,10.96
news-46002944,রাতারাতি ওলট পালট ঘটে গেছে শ্রীলঙ্কার সরকার ও রাজনীতির মানচিত্রে।,"শ্রীলঙ্কার প্রেসিডেন্ট মৈথ্রিপালা সিরিসেনা আকস্মিকভাবে প্রধানমন্ত্রী রানিল বিক্রমাসিংহেকে বরখাস্ত করে তার রাজনৈতিক প্রতিপক্ষ মাহিন্দা রাজাপাক্সেকে নতুন প্রধানমন্ত্রী হিসেবে নিয়োগ দিয়েছেন। এই পদক্ষেপের পর সিরিসেনা ১৬ই নভেম্বর পর্যন্ত সংসদ স্থগিত করেছেন, যা বিক্রমাসিংহের সংখ্যাগরিষ্ঠতা প্রমাণের সুযোগকে অনিশ্চিত করে তুলেছে। বিক্রমাসিংহের দল ইউএনপি এই বরখাস্তকে অসাংবিধানিক বলে আখ্যায়িত করেছে এবং গণতন্ত্র পুনরুদ্ধারের জন্য সংসদে যাওয়ার আহ্বান জানিয়েছে, যদিও সংসদ স্থগিত থাকায় তা কঠিন হয়ে পড়েছে।",2.74,0.0,2.74
news-48250607,প্রতিদিন সামহি মুস্তাফা কায়রোর কাছে তার বাড়ি থেকে মিশরের দক্ষিণের প্রদেশ বানি সোয়েফ পর্যন্ত ২০০ কিলোমিটার যাত্রা করেন।,"মিশরে সামহি মুস্তাফা নামের এক সাংবাদিককে পাঁচ বছর কারাদণ্ড ভোগের পর 'সাপ্লিমেন্টারি পেনাল্টি' হিসেবে প্রতিদিন ১২ ঘণ্টা পুলিশ স্টেশনে কাটাতে হচ্ছে। ২০১৩ সালে 'মিথ্যা সংবাদ' প্রচার এবং মুসলিম ব্রাদারহুডকে সাহায্য করার অভিযোগে তার কারাদণ্ড হয়েছিল। সম্প্রতি একটি দুর্ঘটনার কারণে পুলিশ স্টেশনে অনুপস্থিত থাকায় তাকে এক মাসের জেল দেওয়া হয়েছে, যা মিশরে শত শত বিরোধী মতাবলম্বী রাজনৈতিক কর্মীর ক্ষেত্রেও ঘটছে।",10.39,2.67,7.79
news-53784357,"বাংলাদেশে পুলিশের কর্মকর্তারা বলেছেন, কক্সবাজারে অবসরপ্রাপ্ত মেজর সিনহা মো: রাশেদের হত্যার ঘটনাকে কেন্দ্র করে পুলিশ বাহিনীর ভাবমূর্তি প্রশ্নের মুখে ফেলা হচ্ছে। সেজন্য পুলিশ কর্মকর্তাদের অ্যাসোসিয়েশন বিবৃতি দিয়ে বাহিনীটির অবস্থান তুলে ধরেছে বলে কর্মকর্তারা উল্লেখ করেছেন।","পুলিশ সার্ভিস অ্যাসোসিয়েশন সিনহা মো: রাশেদ হত্যাকে ব্যক্তিগত ঘটনা হিসেবে উল্লেখ করে বলেছে, একটি স্বার্থান্বেষী মহল সামাজিক যোগাযোগ মাধ্যম ব্যবহার করে পুলিশ ও সেনাবাহিনীকে মুখোমুখি দাঁড় করানোর চেষ্টা করছে। তবে বিশ্লেষকরা মনে করেন, এই ঘটনার পরিপ্রেক্ষিতে মানুষ ক্রসফায়ার ও গুমসহ পুলিশের বিরুদ্ধে তাদের দীর্ঘদিনের ক্ষোভ প্রকাশ করছে। এই ক্ষোভ কোনো সংগঠিত বিষয় নয়, বরং পুলিশের বিরুদ্ধে জমে থাকা অসন্তোষের বহিঃপ্রকাশ।",16.84,4.3,8.42
news-46698395,বাংলাদেশে আসন্ন জাতীয় সংসদ নির্বাচনের সময় অসত্য তথ্য প্রচার ঠেকাতে র‍্যাব ফেসবুকে একটি পেজের মাধ্যমে 'র‍্যাব সাইবার নিউজ ভেরিফিকেশন সেন্টার' নামে একটি কেন্দ্র চালু করার ঘোষণা দিয়েছে।,"র‍্যাব 'সাইবার নিউজ ভেরিফিকেশন সেন্টার' চালু করেছে, যা সামাজিক যোগাযোগ মাধ্যমে প্রচারিত খবরের সত্যতা যাচাই করবে। নির্বাচনের সময় ভুয়া খবরের বিস্তার রোধে এই সেন্টার ২৪ ঘণ্টা কাজ করবে। র‍্যাবের মিডিয়া উইংয়ের পরিচালক মুফতি মাহমুদ খান জানান, মিথ্যা সংবাদ পরিবেশন করে মানুষের মধ্যে বিভ্রান্তি ছড়ানোর প্রবণতা বাড়ায় এই উদ্যোগ নেওয়া হয়েছে, যাতে সাধারণ মানুষ যেকোনো খবরের সত্যতা যাচাই করতে পারে।",24.44,13.64,15.56
news-48295298,"""এনিয়ে আমি দ্বিতীয়বার চিন্তা করি না। গর্ভপাতের বিষয়ে আমরা খোলামেলা কথা বলি। আমার মনে আছে, শেষবার যখন গর্ভপাত করি তখন আমি আমার সব বন্ধুসহ পরিবারের সবাইকে জানিয়েছিলাম,"" বলছিলেন গ্রিনল্যান্ডের ১৯ বছর বয়সী পিয়া। পরিচয় গোপন রাখতে তার নামটি বদলে দেওয়া হয়েছে।","গ্রিনল্যান্ডে অনাকাঙ্ক্ষিত গর্ভধারণ রোধে বিভিন্ন উদ্যোগ নেওয়া সত্ত্বেও গর্ভপাতের হার উদ্বেগজনকভাবে বেশি, যেখানে প্রতি বছর জন্ম নেওয়া শিশুর সংখ্যার চেয়ে গর্ভপাতের সংখ্যা বেশি। অর্থনৈতিক সমস্যা, আবাসনের সংকট এবং শিক্ষার অভাবকে এর কারণ হিসেবে উল্লেখ করা হলেও, বিনামূল্যে জন্মনিরোধক সহজলভ্য হওয়ায় এই ব্যাখ্যা পুরোপুরি সঙ্গত নয়। গ্রিনল্যান্ডের নারীদের মধ্যে গর্ভপাত নিয়ে কোনো সামাজিক লজ্জা বা দ্বিধা নেই, যা এই উচ্চ হারের একটি অন্যতম কারণ।",7.69,0.0,3.85
news-51697033,বাংলাদেশে ১৯৭৩ সালে সাধারণ বীমা ও জীবন বীমা কর্পোরেশন প্রতিষ্ঠার মাধ্যমে বীমা খাতের শুরু হলেও আজই অর্থাৎ পয়লা মার্চ প্রথমবারের মত জাতীয় বীমা দিবস হিসেবে পালন করা হচ্ছে।,"বীমা হলো ভবিষ্যতের অনিশ্চয়তা মোকাবেলায় জীবন, সম্পদ বা মালামালের সম্ভাব্য ক্ষতির ঝুঁকি একটি প্রতিষ্ঠানের কাছে নির্দিষ্ট অর্থের বিনিময়ে স্থানান্তর করা। এটি এক ধরনের বিনিয়োগ, যেখানে গ্রাহক নির্দিষ্ট মেয়াদের জন্য অর্থ জমা রাখেন এবং মেয়াদ শেষে বা কোনো দুর্ঘটনা ঘটলে বীমা প্রতিষ্ঠান ঝুঁকি ভাগ করে নেয়। বাংলাদেশে প্রায় পৌনে দুই কোটি মানুষ বীমার আওতায় থাকলেও, বীমা করার আগে এর শর্তাবলী ভালোভাবে জেনে নেওয়া উচিত।",13.19,0.0,8.79
150110_pg_srilanka_after_mahinda,নির্বাচনের দিন কলম্বোয় একটি ভোটগণনা কেন্দ্রে সারাদিন ধরে পুলিশ আর সেনাবাহিনীর কর্মকর্তাদের সাথে কথা বলেছেন একজন কর্মী।,"নির্বাচনে হেরে যাওয়া মহিন্দা রাজাপাকশে মনে করেন সেনাবাহিনী তার বিদায় চায়, যদিও তিনি প্রতিরক্ষা খাতে প্রচুর অর্থ ব্যয় করেছিলেন এবং তামিল টাইগারদের বিরুদ্ধে বিজয়ের জন্য জনপ্রিয় ছিলেন। তার পরিবার শ্রীলঙ্কার অর্থনীতির ৭০% নিয়ন্ত্রণ করত এবং সরকারের উচ্চপদে ছিল, যার ফলে দেশে এক অদ্ভুত পরিস্থিতি তৈরি হয়েছিল যেখানে রাজনৈতিক সমালোচনা প্রায় অসম্ভব ছিল। নতুন প্রেসিডেন্ট মৈত্রীপালা সিরিসেনা দেশের বিচ্ছিন্নতা দূর করতে চাইলেও, যুদ্ধাপরাধের বিষয়ে জাতিসংঘের তদন্ত নিয়ে তার অবস্থান এখনো স্পষ্ট নয়।",0.0,0.0,0.0
news-53821957,ঢাকার মগবাজার এলাকায় বসবাস করেন আফরোজা আক্তার। নিজের প্রথম সন্তানের জন্মের সময় নরমাল ডেলিভারি বা স্বাভাবিক প্রসবের জন্য নিজেকে প্রস্তুত করেছিলেন তিনি।,"বাংলাদেশে অপ্রয়োজনীয় সিজারিয়ান ডেলিভারি উদ্বেগজনক হারে বাড়ছে, যা অনেক সময় অর্থের লোভ বা ঝামেলা এড়ানোর জন্য বেসরকারি হাসপাতালগুলো উৎসাহিত করে। এই প্রবণতার বিরুদ্ধে ""স্টপ আননেসেসারি সি-সেকশন"" নামে একটি প্রচারণা শুরু হয়েছে, যেখানে সেভ দ্য চিলড্রেন, ব্র্যাক ও আইসিডিডিআরবি-এর মতো সংস্থাগুলো জড়িত। ২০১৯ সালের তথ্য অনুযায়ী, বেসরকারি হাসপাতালগুলোতে সিজারের হার ৮৩%, সরকারি হাসপাতালে ৩৫% এবং এনজিও হাসপাতালে ৩৯%, যা মা ও শিশুর জন্য অস্ত্রোপচারের ঝুঁকি বাড়ায়।",8.99,0.0,6.74
news-43006012,"""বিজ্ঞানে এটা প্রমাণ হয়েছে যে সুখী হতে হলে সচেতন প্রচেষ্টার প্রয়োজন,"" বলেছেন যুক্তরাষ্ট্রে ইয়েল বিশ্ববিদ্যালয়ে মনোবিজ্ঞান এবং কগনিটিভ বিজ্ঞান বিভাগের একজন অধ্যাপক লরি স্যান্টোস।","ইয়েল বিশ্ববিদ্যালয়ের অধ্যাপক লরি স্যান্টোস-এর ""মনোবিজ্ঞান ও সুন্দর জীবন"" কোর্সটি শিক্ষার্থীদের মধ্যে অত্যন্ত জনপ্রিয়, যেখানে তিনি ইতিবাচক মনোবিজ্ঞানের মাধ্যমে সুখ অর্জনের কৌশল শেখান। তার মতে, সুখী হওয়াটা স্বতঃস্ফূর্ত নয়, বরং এটি একটি চর্চার বিষয়, ঠিক যেমন একজন সঙ্গীতশিল্পী বা ক্রীড়াবিদকে সফল হতে অনুশীলন করতে হয়। তিনি শিক্ষার্থীদের কৃতজ্ঞতার তালিকা তৈরি করা সহ বিভিন্ন ব্যবহারিক টিপস দেন, যা দৈনন্দিন জীবনে সুখ অর্জনে সহায়ক।",18.39,4.71,9.2
news-49471833,পার্বত্য চট্টগ্রামের খাগড়াছড়ি জেলায় সেনাবাহিনীর সাথে 'গোলাগুলিতে' তিনজন নিহত হয়েছে।,"খাগড়াছড়ির দীঘিনালায় সেনা টহলের সাথে ইউপিডিএফ প্রসীতপন্থী সন্ত্রাসীদের কথিত গুলিবিনিময়ে তিনজন নিহত হয়েছে এবং ঘটনাস্থল থেকে তিনটি আগ্নেয়াস্ত্র উদ্ধার করা হয়েছে বলে আইএসপিআর জানিয়েছে। তবে ইউপিডিএফ এই দাবি অস্বীকার করে বলেছে, নিরাপত্তা বাহিনী তাদের তিন সদস্যকে গ্রেফতারের পর ঠাণ্ডা মাথায় গুলি করে হত্যা করেছে। ইউপিডিএফের মতে, এটি একটি পরিকল্পিত হত্যাকাণ্ড এবং সেখানে কোনো গোলাগুলির ঘটনা ঘটেনি।",12.12,6.25,12.12
news-46411893,"ভারতের আসামে যে কয়েকলক্ষ মানুষ জাতীয় নাগরিকপঞ্জী বা এনআরসি থেকে বাদ যাওয়ার আশঙ্কায় দিন কাটাচ্ছেন, তারা যদি সত্যি রাষ্ট্রবিহীন হয়ে পড়েন, তাহলে মিয়ানমারের রোহিঙ্গাদের মতোই আরেকটা শরণার্থী সঙ্কট তৈরি হতে পারে - মনে করছেন গবেষকরা।","রোহিঙ্গা সংকট থেকে শিক্ষা নিয়ে গবেষকরা আসামের এনআরসি পরিস্থিতি নিয়ে উদ্বেগ প্রকাশ করেছেন। ১৯৮২ সালের মিয়ানমারের নাগরিকত্ব আইন সময়মতো বিশ্লেষণ না করায় রোহিঙ্গা সংকট তৈরি হয়েছিল, যা এখন আসামের ৪০ লক্ষ মানুষের রাষ্ট্রবিহীন হওয়ার আশঙ্কায় নতুন করে দেখা দিতে পারে। তাই এই অঞ্চলে একটি সুষ্ঠু মানবাধিকার ব্যবস্থাপনার প্রয়োজনীয়তা তুলে ধরেছেন গবেষকরা, যাতে ভবিষ্যতে এমন সংকট এড়ানো যায়।",17.58,0.0,10.99
news-38992990,বাংলাদেশে রাষ্ট্রপতি গঠিত নতুন নির্বাচন কমিশন বুধবার শপথ গ্রহণের মাধ্যমে আনুষ্ঠানিকভাবে কাজ শুরু করেছে।,বাংলাদেশে নবগঠিত নির্বাচন কমিশন বুধবার শপথ গ্রহণের মাধ্যমে কাজ শুরু করলেও শুরুতেই বিতর্কের মুখে পড়েছে। প্রধান নির্বাচন কমিশনার কে এম নুরুল হুদার অতীত কর্মজীবন এবং তার নিয়োগ প্রক্রিয়া নিয়ে বিএনপি ও আওয়ামী লীগ নেতারা গণমাধ্যমে পাল্টাপাল্টি বক্তব্য দিচ্ছেন। বিএনপি অভিযোগ করছে যে তার নিয়োগ ঐক্যমতের ভিত্তিতে হয়নি এবং তার দলীয় সংশ্লিষ্টতা প্রশ্নবিদ্ধ।,27.27,18.75,27.27
news-45204536,বাংলাদেশের সুপরিচিত ফটোগ্রাফার এবং অ্যাকটিভিস্ট শহিদুল আলম এখন কারাগারে।,"নিরাপদ সড়কের দাবিতে শিক্ষার্থীদের আন্দোলনের সময় সরকারের সমালোচনা করে মিথ্যা তথ্য ছড়ানোর অভিযোগে আলোকচিত্রী শহিদুল আলমকে আটক করা হয়। বিতর্কিত ইন্টারনেট আইনের অধীনে তার বিরুদ্ধে তদন্ত চলছে এবং তিনি পুলিশি হেফাজতে নির্যাতনের শিকার হয়েছেন বলে অভিযোগ করেছেন। আন্তর্জাতিক মানবাধিকার সংগঠন, লেখক এবং আলোকচিত্রীরা তার মুক্তির দাবি জানিয়েছেন।",7.14,0.0,3.57
news-40475237,বাংলাদেশে জঙ্গি হামলার আশঙ্কায় রাজধানী ঢাকার কাছে সাভারের ধামরাইয়ে বিখ্যাত যশোমাধবের রথযাত্রা উৎসব উপলক্ষে প্রায় চারশ বছরের ঐতিহ্যবাহী একটি মেলা বন্ধ করে দেয়ার অভিযোগ উঠেছে।,"ঢাকার ধামরাইয়ে ঐতিহ্যবাহী যশোমাধবের রথযাত্রা উপলক্ষে মেলা পুলিশ জঙ্গি হামলার আশঙ্কায় বন্ধ করে দিয়েছে, যদিও হামলার সুনির্দিষ্ট তথ্য নেই। স্থানীয় হিন্দু সম্প্রদায়ের নেতৃবৃন্দ এটিকে রথযাত্রা বন্ধ করার ষড়যন্ত্র বলে অভিযোগ করেছেন এবং এর প্রতিবাদে মিছিল-সমাবেশ করেছেন। তাদের মতে, নিরাপত্তা অজুহাতে আতঙ্ক তৈরি করা হচ্ছে এবং ঐতিহাসিক রথযাত্রাকে শেষ করে দেওয়ার চেষ্টা চলছে।",33.33,10.53,23.08
news-40326980,"বিবিসি আরবী বিভাগ এবং ডেনিশ একটি নিউজপেপারের যৌথ এক অনুসন্ধানে জানা গেছে, ব্রিটিশ নিরাপত্তা সামগ্রী প্রস্তুতকারক কোম্পানি বি.এ.ই সিস্টেমের স্পর্শকাতর বিভিন্ন নিরাপত্তা প্রযুক্তি সামগ্রী দেদারসে মধ্যপ্রাচ্যে বিক্রি করা হচ্ছে ।","দুবাই প্রযুক্তিগত অগ্রগতির জন্য পরিচিত হলেও মানবাধিকার সংগঠনগুলো এর অন্ধকার দিক তুলে ধরেছে। আহমেদ মানসুর, একজন মানবাধিকার কর্মী, সরকারের নজরদারির শিকার হন এবং পরবর্তীতে নিখোঁজ হন, যা ব্যক্তিগত গোপনীয়তার গুরুতর লঙ্ঘনের ইঙ্গিত দেয়। আরব আমিরাত উন্নত প্রযুক্তির মাধ্যমে নাগরিকদের যোগাযোগ পর্যবেক্ষণ করে, যা ভবিষ্যতে ব্রিটেন বা তার মিত্রদের বিরুদ্ধেও ব্যবহৃত হতে পারে বলে আশঙ্কা করা হচ্ছে।",6.9,2.35,6.9
news-46856270,বাংলাদেশ মজুরি কাঠামো নিয়ে সংকট নিরসনে সরকারের একটি পর্যালোচনা কমিটি সব পক্ষের সাথে জরুরি বৈঠকের পর জানিয়েছেন মজুরি কাঠামো সংশোধন করা হয়েছে ও তাতে একমত হয়েছে সব পক্ষই।,"পোশাক শ্রমিকদের মজুরি নিয়ে চলমান অসন্তোষের পর সরকার, মালিক ও শ্রমিক প্রতিনিধিদের মধ্যে একটি সমঝোতা হয়েছে। যদিও শ্রমিক নেতারা এই সিদ্ধান্তে পুরোপুরি সন্তুষ্ট নন, তবুও প্রধানমন্ত্রীর সম্মতিতে মজুরি গ্রেড পুনর্নির্ধারণ হওয়ায় তারা তা মেনে নিয়েছেন। এই সমঝোতার ফলে শ্রমিকদের কয়েকটি গ্রেডে কমে যাওয়া মূল বেতন বৃদ্ধি পেয়েছে এবং শ্রমিকরা আগামীকাল থেকে কাজে ফিরতে সম্মত হয়েছেন।",12.05,0.0,7.23
news-40916562,বরফে ঢাকা এন্টার্কটিকায় হয়তো বিশ্বের সবচেয়ে বিরূপ প্রাকৃতিক পরিবেশ। কিন্তু ব্রিটিশ এক প্যাকেট ফ্রুটকেক ১০০ বছরেরও বেশি সময় ধরে তা সহজেই সামলেছে।,"এন্টার্কটিক হেরিটেজ ট্রাস্টের গবেষকরা কেপ এডেয়ারে ১০৬ বছরের পুরনো একটি ফ্রুটকেক খুঁজে পেয়েছেন, যা সম্ভবত ব্রিটিশ অভিযাত্রী রবার্ট ফ্যালকন স্কট ব্যবহার করেছিলেন। কেকটি আশ্চর্যজনকভাবে ভালো অবস্থায় আছে এবং এর সুগন্ধও অবশিষ্ট রয়েছে, যা গবেষকদের চমৎকৃত করেছে। এটি এন্টার্কটিকার সবচেয়ে পুরনো স্থাপনা, ১৮৯৯ সালে নরওয়েজিয়ানদের তৈরি একটি কুঁড়েঘরের ভেতর পাওয়া গেছে, যেখানে ক্যাপ্টেন স্কট ১৯১১ সালের টেরা নোভা অভিযানের সময় ছিলেন।",9.76,0.0,4.88
news-46874687,পুরান ঢাকার লালবাগ কুঠির দিকে যখন যাচ্ছিলাম তখনই পাওয়া যাচ্ছিল উৎসবের একটা আমেজ।,"সাকরাইন উৎসব পুরান ঢাকার একটি ঐতিহ্যবাহী উৎসব, যা পৌষ সংক্রান্তি বা ঘুড়ি উৎসব নামেও পরিচিত। এই উৎসবে ঘুড়ি ওড়ানো, আতশবাজি, গানবাজনা এবং আগুন খেলা হয়, যেখানে সব ধর্মের ও বয়সের মানুষ অংশগ্রহণ করে। উৎসবের কয়েক দিন আগে থেকেই সুতা মাঞ্জা দেওয়ার ধুম পড়ে, যা এই উৎসবের একটি বিশেষ আকর্ষণ।",9.68,3.33,9.68
news-47569153,"ভারতের ক্ষমতাসীন দল বিজেপি, যারা নিজেদের দেশে ডিজিটাল বিপ্লবের পথিকৃৎ বলে দাবি করে থাকে, তাদের ওয়েবসাইট গত দশদিন ধরে স্তব্ধ হয়ে আছে।","বিজেপির ওয়েবসাইট গত ৫ মার্চ থেকে বন্ধ রয়েছে এবং সেখানে রক্ষণাবেক্ষণের বার্তা দেখা যাচ্ছে। প্রথমে হ্যাকিংয়ের কথা অস্বীকার করলেও, কেন্দ্রীয় মন্ত্রী রবিশঙ্কর প্রসাদ পরে স্বীকার করেন যে সাইটটি অল্প সময়ের জন্য হ্যাক হয়েছিল। যদিও তিনি দাবি করেন যে দ্রুতই নিয়ন্ত্রণ ফিরে পাওয়া গেছে, তবে সাইটটি এখনও স্বাভাবিক হয়নি।",8.57,2.94,5.71
news-44254483,ট্রাম্প-কিম শীর্ষ বৈঠক হবে না - এ কথা ঘোষণার একদিন পরই এখন মার্কিন প্রেসিডেন্টের মুখে উল্টো কথা শোনা যাচ্ছে।,"ডোনাল্ড ট্রাম্প জানিয়েছেন যে কিম জং উনের সাথে তার ১২ই জুনের শীর্ষ বৈঠকটি এখনো হতে পারে, যদিও তিনি এর আগে উত্তর কোরিয়ার ""নগ্ন বৈরিতা""-র কারণে বৈঠকটি বাতিল করেছিলেন। উত্তর কোরিয়া বৈঠকের জন্য আগ্রহ প্রকাশ করার পর ট্রাম্প তাদের সাথে আলোচনা করছেন এবং একটি ""খুব সুন্দর বিবৃতি"" পাওয়ার কথা উল্লেখ করেছেন। মার্কিন প্রতিরক্ষামন্ত্রী জেমস ম্যাটিসও বৈঠকের সম্ভাবনা নিয়ে ইতিবাচক ইঙ্গিত দিয়েছেন, যা কূটনীতিকদের প্রচেষ্টার উপর নির্ভরশীল।",11.76,0.0,11.76
news-55619086,ভারতের সীমান্তরক্ষী বাহিনীর গুলিতে বাংলাদেশি নাগরিকদের মৃত্যুর পর সেখানে সীমান্তবর্তী গ্রামগুলোতে নিহতদের পরিবারে শোকের মাতম গত কয়েক বছরে বেশ পরিচিত দৃশ্য হয়ে উঠেছে।,মেঘালয় সীমান্তে বিজিবির গুলিতে একজন ভারতীয় নাগরিকের মৃত্যুর ঘটনায় স্থানীয় গ্রামবাসীরা ক্ষোভে ফেটে পড়েছেন। নিহত ব্যক্তিকে মাদক চোরাকারবারি হিসেবে চিহ্নিত করার চেষ্টা হলেও তার কোনো অপরাধের রেকর্ড ছিল না বলে মেঘালয়ের পুলিশ ও প্রশাসন জানিয়েছে। বর্তমানে দুই দেশের সীমান্তরক্ষীদের মধ্যে আলোচনার মাধ্যমে এই হত্যাকাণ্ডের প্রতিকারের চেষ্টা চলছে।,5.71,0.0,5.71
news-48981368,বাংলাদেশ থেকে প্রতিবছর সরকারিভাবে কয়েক হাজার কর্মী কাজ করতে দক্ষিণ কোরিয়ায় যান।,"দক্ষিণ কোরিয়ায় বিদেশি কর্মীদের মধ্যে একসময় বাংলাদেশের কর্মীরা শীর্ষে থাকলেও বর্তমানে নেপাল ও ভিয়েতনামের কর্মীরা সেই স্থান দখল করেছে। বাংলাদেশ ও দক্ষিণ কোরিয়ার সরকারি প্রতিষ্ঠানের মাধ্যমে অত্যন্ত কম খরচে (এক লাখ টাকার মধ্যে) এই নিয়োগ প্রক্রিয়া সম্পন্ন হয়, যেখানে মাসিক বেতন আশি হাজার থেকে দুই লাখ টাকা পর্যন্ত হয়ে থাকে। বর্তমানে দক্ষিণ কোরিয়ার প্রধানমন্ত্রীর বাংলাদেশ সফরে নিরাপত্তা, বাণিজ্য, বিনিয়োগ ও সংস্কৃতি নিয়ে চুক্তি হওয়ার কথা থাকলেও অভিবাসন নিয়ে আলোচনা হবে কিনা তা নিশ্চিত নয়।",11.63,2.38,6.98
news-53220802,সিঙ্গাপুরে করোনাভাইরাসের বিস্তার ঠেকাতে ব্লুটুথ দিয়ে ব্যবহারযোগ্য কন্ট্যাক্ট ট্রেসিং-এর যন্ত্র্র বিতরণ শুরু হয়েছে।,"সিঙ্গাপুর সরকার স্মার্টফোনবিহীন বা মোবাইল ফোন ব্যবহার করতে অনিচ্ছুক ব্যক্তিদের জন্য 'ট্রেসটুগেদার' নামে একটি ব্লুটুথ টোকেন চালু করেছে। এই টোকেনটি স্মার্টফোন অ্যাপের বিকল্প হিসেবে কাজ করবে এবং এর মাধ্যমে কোভিড-১৯ আক্রান্ত ব্যক্তির সংস্পর্শে আসা ব্যক্তিদের শনাক্ত করা যাবে। ব্যক্তিগত তথ্যের গোপনীয়তা নিয়ে উদ্বেগ থাকলেও, সরকার জানিয়েছে যে এই যন্ত্র মানুষের গতিবিধির ওপর নজরদারি করার জন্য তৈরি করা হয়নি এবং এটি নয় মাস পর্যন্ত চার্জ ছাড়াই কাজ করবে।",4.88,0.0,4.88
news-46140466,বাংলাদেশে একাদশ জাতীয় সংসদ নির্বাচন নিয়ে চলা মতপার্থক্য আর বিতর্কের মধ্যে বৃহস্পতিবার নির্বাচনের তফসিল ঘোষণা করেছে নির্বাচন কমিশন।,প্রধান নির্বাচন কমিশনার কে এম নূরুল হুদা ঘোষণা করেছেন যে আগামী ২৩শে ডিসেম্বর নির্বাচন অনুষ্ঠিত হবে এবং এতে সীমিত আকারে ইভিএম ব্যবহার করা হবে। তিনি সকল রাজনৈতিক দলকে নির্বাচনে অংশগ্রহণের আহ্বান জানিয়েছেন এবং মতানৈক্য রাজনৈতিকভাবে মীমাংসার অনুরোধ করেছেন। বিরোধী জোটের তফসিল পিছানোর দাবি সত্ত্বেও নির্বাচন কমিশন সংবিধান অনুযায়ী ২৮ জানুয়ারি ২০১৯ সালের মধ্যে নির্বাচন সম্পন্ন করার বাধ্যবাধকতার কারণে তফসিল ঘোষণা করেছে।,17.72,7.79,12.66
120724_humayun,বাংলাদেশের জনপ্রিয় কথাসাহিত্যিক হুমায়ূন আহমেদকে ঢাকার অদূরে গাজীপুরে তার নিজের গড়া নুহাশ পল্লী নামের বাগান বাড়ীতে দাফন করা হয়েছে।,"জনপ্রিয় লেখক হুমায়ুন আহমেদকে নুহাশপল্লীর লিচুবাগানে দাফন করা হয়, যেখানে হাজার হাজার মানুষ বৃষ্টি উপেক্ষা করে তাকে শেষ বিদায় জানাতে সমবেত হন। দাফনের স্থান নিয়ে পরিবারের সদস্যদের মধ্যে তীব্র মতভেদ দেখা দেয়, যা নিরসনে সরকারের একজন প্রতিমন্ত্রীর মধ্যস্থতায় গভীর রাত পর্যন্ত আলোচনা চলে। অবশেষে প্রধানমন্ত্রী শেখ হাসিনার হস্তক্ষেপে নুহাশপল্লীতেই তাকে দাফনের সিদ্ধান্ত হয়।",11.11,2.86,11.11
news-54832898,"দীর্ঘ ৫০ বছরের সামরিক শাসনের পর মিয়ানমারে কার্যত দ্বিতীয় সাধারণ নির্বাচন হতে যাচ্ছে রবিবার, তবে নির্বাচনটি নিয়ে ইতোমধ্যেই সংশয় প্রকাশ করেছে আন্তর্জাতিক নানা সংস্থা।","২০১০ সালে সু চি'র মুক্তির পর মিয়ানমারে গণতন্ত্রের যাত্রা শুরু হলেও, ২০১৫ সালের নির্বাচনে তার দল এনএলডি জয়লাভের পর রোহিঙ্গা গণহত্যার অভিযোগ নিয়ে আন্তর্জাতিক আদালতে সু চি'র ভূমিকা সমালোচিত হচ্ছে। ১১ লক্ষ রোহিঙ্গা বাংলাদেশে আশ্রয় নিলেও, আসন্ন নির্বাচনে রোহিঙ্গা ইস্যুটি কতটা গুরুত্ব পাবে তা নিয়ে সংশয় রয়েছে, কারণ প্রধান বিরোধী দল ইউএসডিপি সেনাবাহিনীর ঘনিষ্ঠ এবং রোহিঙ্গাদের বিষয়ে তাদের দৃষ্টিভঙ্গি প্রশ্নাতীত। ধারণা করা হচ্ছে, এবারের নির্বাচনেও সু চি'র দলই জিতবে।",10.42,2.13,8.33
news-54687693,প্রেসিডেন্ট এমানুয়েল ম্যাঁক্রর মন্তব্যের জের ধরে ফরাসি পণ্য বর্জন না করতে মধ্যপ্রাচ্যের দেশগুলোকে আহ্বান জানিয়েছে দেশটি। এর আগে ম্যাঁক্র ইসলামের নবীর কার্টুন দেখানের পক্ষে সাফাই দিয়েছিলেন।,"ফ্রান্সে মহানবী (সা.)-এর ব্যঙ্গচিত্র প্রদর্শনের পর ফরাসি পণ্য বয়কটের ডাক দেওয়া হয়েছে, যার ফলে কুয়েত, জর্ডান এবং কাতারের কিছু দোকান থেকে ফরাসি পণ্য সরিয়ে নেওয়া হয়েছে। ফরাসি প্রেসিডেন্ট ইমানুয়েল ম্যাক্রোঁ বাক-স্বাধীনতার পক্ষে অবস্থান নিয়ে বলেছেন যে ফ্রান্স কার্টুন ছাড়বে না, যা মুসলিম বিশ্বে তীব্র প্রতিক্রিয়ার সৃষ্টি করেছে। তুরস্ক ও পাকিস্তানের রাজনৈতিক নেতারা ম্যাক্রোঁর মন্তব্যের সমালোচনা করে বলেছেন যে তিনি ""বিশ্বাসের স্বাধীনতা""কে অবজ্ঞা করছেন এবং ফ্রান্সের মুসলিমদের কোণঠাসা করছেন।",16.49,2.11,6.19
150920_nepal_new_constitution,নেপালের নতুন সংবিধান আনুষ্ঠানিক ভাবে গৃহীত হতে যাচ্ছে আজ আরো পরের দিকে।,"নেপালের নতুন সংবিধানকে কেন্দ্র করে দেশজুড়ে তীব্র বিক্ষোভ চলছে, যার প্রধান কারণ হলো রাষ্ট্রকে ধর্মনিরপেক্ষ ঘোষণা করা এবং সাতটি প্রদেশে বিভক্ত করার সিদ্ধান্ত। এই বিক্ষোভে অন্তত ৪০ জন নিহত হয়েছেন এবং থারু ও মাধেসি জাতিগোষ্ঠীর মানুষ বৈষম্যের আশঙ্কায় দক্ষিণাঞ্চলে অচলাবস্থা তৈরি করেছে। যদিও প্রধানমন্ত্রী সুশীল কৈরালার উপদেষ্টা এটিকে দীর্ঘদিনের সংগ্রামের ফল বলেছেন, ভূমিকম্প বিধ্বস্ত নেপালকে এই রাজনৈতিক অস্থিরতা আরও কঠিন পরিস্থিতির মুখে ফেলেছে।",5.33,2.74,5.33
news-43820877,বাংলাদেশে চার লাখের বেশি উচ্চশিক্ষিত তরুণ তরুণী এখন বেকার। কাঙ্খিত কর্মসংস্থান হিসেবে এদের প্রায় সবাই চায় সরকারি চাকুরি। কলেজ বিশ্ববিদ্যালয় থেকে ডিগ্রি নিয়ে সবাই চাকরির বাজারে তীব্র প্রতিযোগিতায় লিপ্ত হচ্ছে। যেখানে মোটামুটি সবার প্রথম পছন্দ বিসিএস এবং সরকারি চাকরি।,"৩৮তম বিসিএস পরীক্ষায় ২ লাখ ৪৩ হাজার চাকরিপ্রার্থী মাত্র ২ হাজার ২৪টি পদের জন্য প্রতিদ্বন্দ্বিতা করছে, যা সরকারি চাকরির প্রতি ক্রমবর্ধমান আগ্রহের ইঙ্গিত দেয়। বিবিএ, আইবিএ, বুয়েট থেকে পাশ করা শিক্ষার্থীরাও এখন বিসিএস পরীক্ষায় অংশ নিচ্ছে, কারণ তারা সরকারি চাকরির নিরাপত্তা ও সুযোগ-সুবিধা বেসরকারি খাতের চেয়ে বেশি বলে মনে করে। এই কারণে, অনেক শিক্ষার্থী বিশ্ববিদ্যালয় জীবনের শুরু থেকেই বিসিএস পরীক্ষার জন্য প্রস্তুতি নিচ্ছে, বিশেষ করে সামাজিক বিজ্ঞান ও কলা অনুষদের শিক্ষার্থীরা, যাদের জন্য বেসরকারি খাতে চাকরির সুযোগ তুলনামূলকভাবে কম।",13.45,0.0,6.72
news-55155241,বিশ্বের প্রথম দেশ হিসাবে ফাইজার/বায়োএনটেকের করোনাভাইরাস টিকার অনুমোদন দিয়েছে যুক্তরাজ্য।,ফাইজার-বায়োএনটেকের করোনাভাইরাস টিকা ৯৫% কার্যকর এবং ব্রিটেনের নিয়ন্ত্রক সংস্থা এটিকে ব্যবহারের জন্য নিরাপদ ঘোষণা করেছে। যুক্তরাজ্য ৪ কোটি টিকার অর্ডার দিয়েছে এবং আগামী কয়েকদিনের মধ্যেই ঝুঁকিপূর্ণ ব্যক্তিদের ওপর এর প্রয়োগ শুরু হবে। তবে টিকা প্রয়োগ শুরু হলেও সামাজিক দূরত্ব ও মাস্ক ব্যবহারের মতো স্বাস্থ্যবিধি মেনে চলার ওপর বিশেষজ্ঞরা জোর দিয়েছেন।,19.35,6.67,16.13
news-48850196,হিজাব কিংবা শাড়ির পিন শ্বাসনালীতে আটকে গেলে তা বয়ে আনতে পারে জীবনের ঝুঁকিও।,"সিলেট এমএজি ওসমানী মেডিকেল কলেজ হাসপাতালের চিকিৎসক ডা. নুরুল হুদা নাঈম সম্প্রতি জকিগঞ্জের সুমনা বেগমের গলা থেকে অস্ত্রোপচার ছাড়াই একটি হিজাব পিন বের করেছেন। তিনি জানান, মুখে পিন নিয়ে কাজ করার সময় শ্বাসনালীতে পিন আটকে যাওয়ার ঘটনা ইদানীং বাড়ছে। এই বিপদ সম্পর্কে সচেতনতা বাড়াতে তিনি পিন মুখে না রাখার এবং পিন রাখার জন্য ছোট বালিশ বা তুলার বল ব্যবহারের পরামর্শ দিয়েছেন।",10.81,0.0,10.81
news-45478842,ব্রিটিশ নারী ইন্ডিয়া ফোর্ড স্বামীর সাথে বিচ্ছেদের পর একজন আমেরিকানকে বিয়ে করেন এবং তার সাথে আলাস্কাতে বসবাসের সিদ্ধান্ত নেন।,"ব্রিটিশ পাসপোর্টধারী ইন্ডিয়া ফোর্ড তার প্রাক্তন স্বামীর অনুমতি ছাড়াই দুই সন্তানকে অপহরণ করে আলাস্কায় নিয়ে যান নতুন সঙ্গীর সাথে বসবাসের জন্য। পারিবারিক আদালতের নির্দেশ অমান্য করে এবং দ্বিতীয় সন্তানের পাসপোর্ট হারিয়ে যাওয়ার মিথ্যা অজুহাত দিয়ে তিনি এই কাজ করেন। এই অপরাধের জন্য তাকে সাড়ে তিন বছরের কারাদণ্ড দেওয়া হয়েছে, যদিও তার সন্তানরা এখনো আলাস্কায় সৎ বাবার কাছেই রয়েছে।",23.38,2.67,18.18
news-48352940,"মাহমুদুল্লাহ রিয়াদ, বয়স ৩৩, বাংলাদেশের বর্তমান দলের সেরা পাঁচ ক্রিকেটারের একজন বলে বিবেচ্য।","মাহমুদুল্লাহ রিয়াদ তার ১৭৫ ম্যাচের ওয়ানডে ক্যারিয়ারে তিনটি সেঞ্চুরি করেছেন, যার সবগুলোই আইসিসি ইভেন্টে। যদিও তার নামের পাশে অন্যান্য ক্রিকেটারদের মতো অনেক অর্জন নেই, তবুও তিনি বাংলাদেশের সব বড় অর্জনের সাথে ওতপ্রোতভাবে জড়িত। বিশেষ করে ২০১৫ বিশ্বকাপে দুটি সেঞ্চুরি এবং চ্যাম্পিয়ন্স ট্রফি ও নিদাহাস ট্রফিতে ম্যাচ জেতানো ইনিংস খেলে তিনি দলের অবিচ্ছেদ্য অংশ হয়ে উঠেছেন।",11.76,3.03,11.76
news-50883908,ঢাকার উত্তর ও দক্ষিণ সিটি কর্পোরেশনের ভোট গ্রহণের জন্য ৩০ জানুয়ারি তারিখ নির্ধারণ করেছে নির্বাচন কমিশন। এবার সব কেন্দ্রে ইভিএমে ভোটগ্রহণ করা হবে।,"নির্বাচন কমিশন আগামী ৩০শে জানুয়ারি ঢাকার উত্তর ও দক্ষিণ সিটি কর্পোরেশনের নির্বাচনের তারিখ ঘোষণা করেছে। এবার সব কেন্দ্রে ইলেকট্রনিক ভোটিং মেশিনে (ইভিএম) ভোট গ্রহণ করা হবে, যা সকাল ৮টা থেকে বিকাল ৪টা পর্যন্ত চলবে। মনোনয়নপত্র জমা দেওয়ার শেষ তারিখ ৩১শে ডিসেম্বর এবং প্রার্থিতা প্রত্যাহারের শেষ তারিখ ৯ই জানুয়ারি নির্ধারণ করা হয়েছে।",48.65,25.0,35.14
news-53816230,বাংলাদেশে পুলিশের গুলিতে নিহত সেনাবাহিনীর অবসরপ্রাপ্ত মেজর সিনহা মোঃ রাশেদ খান হত্যাকাণ্ডের ঘটনায় আর্মড পুলিশ ব্যাটালিয়নের তিনজন সদস্যকে গ্রেপ্তার করেছে র‍্যাব।,মেজর (অব) সিনহা হত্যাকাণ্ডে জড়িত থাকার অভিযোগে তিন এপিবিএন সদস্যকে গ্রেপ্তার করে সাতদিনের রিমান্ডে নিয়েছে র‍্যাব। এই তিন সদস্য ঘটনার দিন চেকপোস্টে দায়িত্ব পালন করছিলেন এবং সিনহার গাড়ি থামিয়েছিলেন। মামলার তদন্তে তাদের সম্পৃক্ততা এবং লিয়াকতসহ অন্যান্য অভিযুক্তদের সহায়তার প্রমাণ পাওয়া গেছে। এই নিয়ে সিনহা হত্যা মামলায় মোট দশজন পুলিশ সদস্যকে গ্রেপ্তার করা হলো।,18.42,5.41,15.79
160210_scholarship_for_virgin,আঠারো বছর বয়সী থুবেলিহলে লোডলো এই বৃত্তিটি অর্জন করলেও সে চিন্তিত কারণ কেবলমাত্র কুমারীত্ব রক্ষা করলেই এই অর্থ পাবে সে।,"থুবেলিহলে নামের এক তরুণী তার কুমারীত্ব ধরে রাখার শর্তে উচ্চশিক্ষার সুযোগ পেয়েছে, যা তার সংস্কৃতি ও ব্যক্তিগত গর্বের অংশ। যদিও দক্ষিণ আফ্রিকায় যৌন মিলনের বয়স ১৬ বছর, সে বিশ্ববিদ্যালয়ের পড়াশোনা শেষ করার জন্য এখনো কুমারীত্ব বজায় রেখেছে এবং নিয়মিত পরীক্ষা দেয়। মানবাধিকার সংগঠনগুলো এই প্রথার বিরোধিতা করে এটিকে বৈষম্যমূলক এবং শিক্ষার সাথে যৌনতাকে মেলানো অনুচিত বলে মনে করে, তবে স্থানীয় মেয়র এই বৃত্তি ব্যবস্থাকে সমর্থন করেন।",13.95,0.0,9.3
news-49754170,বিশ্বে প্রতি পাঁচ মিনিটে একজন সাপের কামড়ে মারা যায়। সেই সাথে বাকি চারজন সারা জীবনের জন্য পঙ্গু হয়ে যায়।,"সাপের বিষের প্রতিষেধক আবিষ্কারের জন্য যুক্তরাষ্ট্রের সাবেক ট্রাক-চালক টিম ফ্রেডি নিজের জীবন উৎসর্গ করেছেন। তিনি স্বেচ্ছায় ২০০ বারের বেশি বিষাক্ত সাপের কামড় খেয়েছেন এবং ৭০০ বারের বেশি সাপের বিষ ইনজেকশনের মাধ্যমে শরীরে প্রবেশ করিয়েছেন। তার এই বিপজ্জনক গবেষণার ভিডিও তিনি ইউটিউবে প্রকাশ করেছেন, যেখানে ব্ল্যাক মাম্বার কামড়ের তাৎক্ষণিক প্রভাব ও তীব্র যন্ত্রণার বর্ণনা দিয়েছেন।",5.41,0.0,5.41
news-54239548,সৌদি আরবের সাথে বিমান চলাচল পুনরায় চালু করা নিয়ে যে জটিলতা তৈরি হয়েছিল তা সমাধান করা হয়েছে বলে জানিয়েছে বাংলাদেশের বেসামরিক বিমান ও পর্যটন মন্ত্রণালয়।,"মহামারীর কারণে আন্তর্জাতিক ফ্লাইট বন্ধ থাকায় বহু বাংলাদেশি শ্রমিক দেশে আটকা পড়েছেন। সৌদি কর্তৃপক্ষ বাংলাদেশ বিমানকে ১লা অক্টোবর থেকে সপ্তাহে আটটি বাণিজ্যিক ফ্লাইট পরিচালনার অনুমতি দিয়েছে, যা রিয়াদ, জেদ্দা এবং দাম্মাম গন্তব্যে যাবে। অন্যদিকে, সৌদি এয়ারলাইন্সও ২৩শে সেপ্টেম্বর থেকে ফ্লাইট পরিচালনা করবে এবং তারা যতগুলো ফ্লাইট পরিচালনা করতে চাইবে, বাংলাদেশ সরকার তার অনুমতি দেবে।",2.53,0.0,2.53
news-47636846,"বাংলাদেশে একটি ব্যাংকের ১৮ কোটি টাকা জালিয়াতির মামলায় অভিযুক্ত ব্যক্তির বদলে তিন বছর জেল খেটে সম্প্রতি মুক্তি পেয়েছিলেন জাহালম। বাংলাদেশের দূর্নীতি দমন কমিশন, দুদকের আবেদনের পর তাকে নিয়েই সিনেমা বানানোর উদ্যোগে নিষেধাজ্ঞা দিয়েছে আদালত।","পাটকল শ্রমিক জাহালমকে ভুল করে প্রায় তিন বছর কারাগারে আটক রাখার পর মুক্তি দেওয়া হয়। তার এই ঘটনা নিয়ে চলচ্চিত্র নির্মাণের উদ্যোগ নিলে দুর্নীতি দমন কমিশন (দুদক) হাইকোর্টে আবেদন করে। হাইকোর্ট জাহালমের ঘটনা নিয়ে নাটক, চলচ্চিত্র বা স্বল্পদৈর্ঘ্য ছবি নির্মাণে নিষেধাজ্ঞা জারি করেছে, কারণ বিষয়টি এখনো বিচারাধীন।",17.28,5.06,14.81
news-46954163,হোয়াটসঅ্যাপ মেসেজিং সার্ভিস ব্যবহার করে ভুয়া খবর ছড়ানো কিছু দেশের জন্য একটা বড় সমস্যা হয়ে দাঁড়িয়েছে।,"হোয়াটসঅ্যাপ বিশ্বব্যাপী ভুয়া খবর প্রচার ঠেকাতে একটি নতুন নিয়ম চালু করেছে। এখন থেকে একজন ব্যবহারকারী কোনো বার্তা পাঁচবারের বেশি ফরোয়ার্ড করতে পারবেন না, যা ভারতে ছয় মাস আগে চালু হয়েছিল। এই পদক্ষেপটি ভারতে হোয়াটসঅ্যাপে ছড়ানো গুজবকে কেন্দ্র করে গণপিটুনি ও দাঙ্গার মতো ঘটনার পরিপ্রেক্ষিতে নেওয়া হয়েছে। হোয়াটসঅ্যাপ কর্তৃপক্ষ আশা করছে যে এর মাধ্যমে ফরওয়ার্ড করা বার্তার হার কমবে এবং ব্যবহারকারীরা ব্যক্তিগত যোগাযোগের দিকে বেশি মনোযোগ দেবেন।",12.2,2.5,9.76
news-50374753,হংকং-এ সোমবার সহিংস বিক্ষোভের সময় একজনের গায়ে আগুন ধরিয়ে দেয়া এবং আরেকজনকে পুলিশের খুব কাছে থেকে গুলি করার ঘটনা ঘটেছে।,"হংকংয়ে চলমান বিক্ষোভে সহিংসতা চরমে পৌঁছেছে, যেখানে দুটি পৃথক ঘটনায় একজন ব্যক্তিকে গুলি করা হয়েছে এবং আরেকজনকে পুড়িয়ে দেওয়া হয়েছে। একটি ঘটনায়, এক পুলিশ কর্মকর্তা খুব কাছ থেকে একজন বিক্ষোভকারীকে গুলি করেন, যার ভিডিও ফেসবুকে লাইভ স্ট্রিম করা হয়; গুলিবিদ্ধ ব্যক্তির অস্ত্রোপচার সফল হয়েছে এবং তার জীবন শঙ্কামুক্ত। অন্য ঘটনায়, একদল বিক্ষোভকারীর মধ্যে ঝগড়ার এক পর্যায়ে একজন অজ্ঞাতনামা ব্যক্তির গায়ে দাহ্য তরল ঢেলে আগুন ধরিয়ে দেওয়া হয়, যিনি বর্তমানে সংকটজনক অবস্থায় হাসপাতালে চিকিৎসাধীন।",17.02,4.35,10.64
news-44191482,"ভারতের সরকার দেড় বছর আগে পাঁচশো আর একহাজার রুপির নোট রাতারাতি বাতিল করে দিয়েছিল। দুর্নীতি আর কালোটাকা ঠেকানোর পাশাপাশি তাদের অন্যতম উদ্দেশ্য ছিল, ভারতকে একটি ক্যাশ লেস বা নগদ টাকাহীন সমাজে পরিবর্তিত করা। সেই উদ্দেশ্য কতটা সফল হচ্ছে?","ভারতের সরকার দেশকে নগদ টাকা মুক্ত করতে চাইলেও সাধারণ মানুষ, বিশেষত পিন্টুর মতো দরিদ্র মানুষ এবং ছোট ব্যবসায়ীরা নগদ লেনদেনের উপর নির্ভরশীল। তারা ব্যাংকিং ব্যবস্থা সম্পর্কে অবগত নন এবং এটি তাদের কাছে জটিল মনে হয়। যদিও প্রধানমন্ত্রী মোদি দুর্নীতি ও কালো টাকা দূর করতে নোট বাতিল করেছিলেন, তবুও নগদবিহীন লেনদেন ব্যবস্থা গড়ে তোলার উদ্দেশ্য এখনও পুরোপুরি সফল হয়নি।",18.75,2.13,12.5
news-50820202,পাকিস্তানের সাবেক সামরিক শাসক জেনারেল পারভেজ মুশাররফের মৃত্যুদণ্ডাদেশ দিয়েছে ইসলামাবাদের একটি বিশেষ আদালত।,"পারভেজ মোশাররফ, যিনি ১৯৯৯ সালে সামরিক অভ্যুত্থানের মাধ্যমে ক্ষমতা দখল করে ২০০১ থেকে ২০০৮ সাল পর্যন্ত পাকিস্তানের প্রেসিডেন্ট ছিলেন, তার বিরুদ্ধে রাষ্ট্রদ্রোহিতার মামলায় মৃত্যুদণ্ডের রায় দিয়েছে একটি বিশেষ আদালত। ২০০৭ সালে সংবিধান স্থগিত করে জরুরি অবস্থা জারির অভিযোগে তার বিরুদ্ধে ২০১৩ সাল থেকে এই মামলা চলছিল। বর্তমানে দুবাইয়ে চিকিৎসাধীন মোশাররফ এই অভিযোগকে 'ভিত্তিহীন' বলে দাবি করেছেন।",20.29,5.97,14.49
news-57218029,বঙ্গোপসাগরে তৈরি হওয়া লঘুচাপটি আরও ঘনীভূত হয়ে এখন সুস্পষ্ট লঘুচাপে পরিণত হয়েছে বলে বাংলাদেশের আবহাওয়া অধিদপ্তর বলছে। রোববার রাতে সেটি নিম্নচাপে পরিণত হবে বলে তারা ধারণা করছেন।,"বঙ্গোপসাগরে সৃষ্ট লঘুচাপটি সুস্পষ্ট লঘুচাপে পরিণত হয়েছে এবং এটি ঘূর্ণিঝড়ে রূপান্তরিত হয়ে আগামী বুধবার নাগাদ উড়িষ্যা-পশ্চিমবঙ্গ ও বাংলাদেশের খুলনা উপকূলের দিকে অগ্রসর হতে পারে। সম্ভাব্য ঘূর্ণিঝড় 'ইয়াস'-এর ক্ষয়ক্ষতি এড়াতে বাংলাদেশ সরকার আগাম প্রস্তুতি নিচ্ছে এবং প্রধানমন্ত্রী শেখ হাসিনা ১০০টি ঘূর্ণিঝড় আশ্রয়কেন্দ্র উদ্বোধন করেছেন। চট্টগ্রাম, কক্সবাজার, মোংলা ও পায়রা সমুদ্র বন্দরকে এক নম্বর দূরবর্তী সতর্ক সংকেত দেখাতে বলা হয়েছে।",18.39,7.06,16.09
news-53128363,বিশিষ্ট অর্থনীতিবিদ জেফ্রি স্যাক্স বলেছেন আমেরিকা ও চীনের মধ্যে একটা শীতল যুদ্ধ যেভাবে ঘনিয়ে উঠছে সেটা করোনাভাইরাসের চেয়ে বিশ্বের জন্য বড় উদ্বেগের কারণ।,"অর্থনীতিবিদ জেফ্রি স্যাক্স সতর্ক করেছেন যে মহামারী-পরবর্তী বিশ্ব ""নেতৃত্ববিহীন এক বিশাল টালমাটাল পরিস্থিতির"" দিকে এগোচ্ছে, যেখানে দুই পরাশক্তির মতভেদ পরিস্থিতিকে আরও খারাপ করবে। তিনি আমেরিকা ও চীনের মধ্যে ক্রমবর্ধমান বৈরিতার জন্য আমেরিকান প্রশাসনকে দায়ী করেছেন, কারণ আমেরিকা চীনের সাথে নতুন করে একটি শীতল যুদ্ধ শুরু করার চেষ্টা করছে। স্যাক্স মনে করেন, আমেরিকার এই বিভাজন সৃষ্টিকারী নীতি বিশ্বকে আরও গভীর মতবিরোধ ও বিপজ্জনক অবস্থার দিকে ঠেলে দেবে, বিশেষত যখন বাণিজ্য, মানবাধিকার এবং করোনাভাইরাস নিয়ে দুই দেশের মধ্যে উত্তেজনা বাড়ছে।",21.57,12.0,17.65
news-47382091,ইন্দোনেশিয়ার একটি অবৈধ স্বর্ণখনিতে ভূমিধ্বসে অন্তত ৬০ জনের প্রাণহাণি হয়েছে বলে আশঙ্কা করা হচ্ছে।,"ইন্দোনেশিয়ার সুলাওয়েসি দ্বীপে একটি অবৈধ স্বর্ণ খনিতে ভূমিধসের ঘটনায় অন্তত ১৩ জনকে জীবিত উদ্ধার করা হয়েছে এবং একজনের মৃতদেহ পাওয়া গেছে। ধারণা করা হচ্ছে, ৬০ জনের মতো মানুষ এখনো মাটির নিচে চাপা পড়ে আছেন। অস্থিতিশীল ভূমি ও খনির দুর্বল কাঠামোর কারণে এই দুর্ঘটনা ঘটেছে, যা ইন্দোনেশিয়ায় অবৈধ খনিগুলোর অব্যবস্থাপনা ও নজরদারির অভাবের ফল।",26.87,9.23,20.9
news-52266714,করোনাভাইরাসের কারণে বিশ্ব জুড়ে লকডাউন পরিস্থিতির করণে জ্বালানি তেলের চাহিদা ও দাম কমে যাওয়ায় বিশ্বের তেল রপ্তানিকারক দেশগুলোর সংগঠন ওপেক এবং রাশিয়াসহ এর সহযোগী দেশসমূহ উৎপাদন ১০ শতাংশ কমিয়ে আনতে একমত হয়েছে।,"ওপেক প্লাস দেশগুলো তেলের উৎপাদন এ যাবৎকালের মধ্যে সর্বোচ্চ ৯৭ লক্ষ ব্যারেল কমানোর সিদ্ধান্ত নিয়েছে, যা পয়লা মে থেকে কার্যকর হবে। এই চুক্তিটি রবিবার এক ভিডিও কনফারেন্সে চূড়ান্ত হয়, যেখানে মেক্সিকোর ভেটোর পর নতুন করে আলোচনা করা হয়। এই ঘোষণার পর সোমবার এশিয়ার বাজারে তেলের দাম ব্যারেল প্রতি এক ডলার বৃদ্ধি পেয়েছে, যা যুক্তরাষ্ট্রের প্রেসিডেন্ট ডোনাল্ড ট্রাম্পসহ বিভিন্ন দেশের জ্বালানি মন্ত্রীরা নিশ্চিত করেছেন।",10.53,0.0,4.21
news-54681947,জাতিসংঘের গুরুত্বপূর্ণ পরমাণু অস্ত্র নিষেধাজ্ঞা চুক্তিতে পঞ্চাশতম দেশ হিসাবে চূড়ান্ত অনুমোদন দিয়েছে হন্ডুরাস। এর ফলে আগামী নব্বই দিন পর এই চুক্তি কার্যকর হবে।,"১৯৪৫ সালের নাগাসাকির ঘটনার পর পারমাণবিক অস্ত্র নিষিদ্ধকরণ চুক্তিকে আন্দোলনকারীরা ""নতুন অধ্যায়"" হিসেবে স্বাগত জানালেও, বিশ্বের পাঁচটি পারমাণবিক শক্তিধর দেশ এতে স্বাক্ষর না করায় এর কার্যকারিতা নিয়ে সংশয় রয়েছে। ২০১৭ সালে জাতিসংঘের সাধারণ পরিষদে ১২২টি দেশ কর্তৃক অনুমোদিত এই চুক্তিটি ৫০টি দেশের চূড়ান্ত অনুমোদনের পর আইনত কার্যকর হয়েছে। এই চুক্তি পারমাণবিক অস্ত্রের উৎপাদন, পরীক্ষা, মজুত, ব্যবহার এবং ব্যবহারের হুমকি সম্পূর্ণ নিষিদ্ধ করে, যা পারমাণবিক নিরস্ত্রীকরণের দিকে একটি গুরুত্বপূর্ণ পদক্ষেপ।",21.74,2.22,13.04
news-42984853,জিয়া অরফানেজ ট্রাস্ট দুর্নীতি মামলায় বিএনপি চেয়ারপার্সন খালেদা জিয়াকে ৫ বছরের কারাদণ্ড দিয়েছে বিশেষ আদালত।,"বিএনপি চেয়ারপার্সন খালেদা জিয়াকে পাঁচ বছরের কারাদণ্ড দেওয়া হয়েছে, যা আসন্ন জাতীয় নির্বাচনের আগে দলের নির্বাচনী কৌশলে প্রভাব ফেলবে। রাজনৈতিক বিশ্লেষক রিয়াজউদ্দিন আহমেদ মনে করেন, বিএনপি এই রায়ে খুব বেশি অপ্রস্তুত হবে না, কারণ তারা আগে থেকেই প্রস্তুতি নেওয়ার সময় পেয়েছে এবং খালেদা জিয়ার অনুপস্থিতিতেও দল পরিচালিত হতে পারে। তিনি আরও মনে করেন যে, খালেদা জিয়া আপিলের মাধ্যমে জামিন পেতে পারেন এবং উচ্চ আদালত তার নির্বাচনে অংশগ্রহণের পক্ষেই সিদ্ধান্ত নেবে, কারণ তাকে নির্বাচন থেকে দূরে রাখা সরকারের জন্য লাভজনক হবে না।",16.67,8.51,14.58
news-53817468,অনেকটা হঠাৎ করেই বাংলাদেশ সফরে এসেছেন ভারতের পররাষ্ট্রসচিব হর্ষ বর্ধন শ্রিংলা।,"ভারতের পররাষ্ট্রসচিব হর্ষ বর্ধন শ্রিংলার আকস্মিক বাংলাদেশ সফর নিয়ে দুই দেশই নীরব থাকলেও, এটি ভারতের আগ্রহেই হচ্ছে বলে জানা গেছে। এই সফরে তিনি বাংলাদেশের প্রধানমন্ত্রী শেখ হাসিনা ও পররাষ্ট্রসচিবের সঙ্গে বৈঠক করবেন, যেখানে করোনাভাইরাস পরিস্থিতি ও টিকা সহযোগিতা নিয়ে আলোচনা হতে পারে। বিশ্লেষকরা মনে করছেন, সাম্প্রতিক সময়ে চীনের সঙ্গে বাংলাদেশের ঘনিষ্ঠতা এবং পাকিস্তানের সঙ্গে বাংলাদেশের প্রধানমন্ত্রীর আলাপ ভারতের অস্বস্তি বাড়িয়েছে, যার পরিপ্রেক্ষিতে এই সফর দুই দেশের সম্পর্ককে নতুন মাত্রা দিতে পারে।",14.63,7.5,9.76
55882684,"মিয়ানমারের সামরিক বাহিনী নিশ্চিত করেছে যে, সকালে অং সান সু চি এবং অন্য রাজনৈতিক নেতাদের গ্রেফতার করার পর তারা দেশটির নিয়ন্ত্রণ নিয়েছে।",মিয়ানমারে গত নভেম্বরের নির্বাচনে অং সান সু চির দল এনএলডি সংখ্যাগরিষ্ঠতা লাভ করলেও সেনাবাহিনী নির্বাচনে জালিয়াতির অভিযোগ তোলে। এই পরিস্থিতিতে বেসামরিক সরকার ও সামরিক বাহিনীর মধ্যে উত্তেজনা বাড়লে সামরিক বাহিনী ক্ষমতা দখল করে এক বছরের জন্য জরুরি অবস্থা জারি করে। বর্তমানে অং সান সু চি সহ অন্যান্য রাজনৈতিক নেতাদের আটক করা হয়েছে এবং দেশের প্রধান শহরগুলোতে সেনা টহল ও ইন্টারনেট সংযোগ বিচ্ছিন্ন রয়েছে।,21.18,12.05,18.82
news-46045694,ইন্দোনেশিয়ার বিধ্বস্ত লায়ন এয়ার বিমান ও তার আরোহীদের খোঁজে জাভা সাগর চষে বেড়াচ্ছেন উদ্ধারকারীরা।,"ইন্দোনেশিয়ার জাভা সাগরে বিধ্বস্ত লায়ন এয়ারের বিমানের ধ্বংসাবশেষ এবং আরোহীদের ব্যক্তিগত জিনিসপত্র উদ্ধার করা হয়েছে। উদ্ধার হওয়া একটি মোবাইল ফোনের কেসের ছবি সোশ্যাল মিডিয়ায় ভাইরাল হয়েছে, যেখানে এক দম্পতিকে সেতুর উপর দিয়ে হেঁটে যেতে দেখা যাচ্ছে। এই দুর্ঘটনার পর থেকে বিমানটির কোনো খোঁজ মেলেনি এবং ধারণা করা হচ্ছে যে বিমানের ১৮৯ জন আরোহীর সবাই মারা গেছেন।",14.29,2.94,11.43
news-56713767,"ইসলামী শিক্ষাবিদ এবং যুক্তরাজ্যের জাতীয় স্বাস্থ্য সেবা বিভাগ বলছে, রমজানের সময়ে রোজা থাকলেও মুসলমানদের টিকা নেয়া থেকে বিরত থাকা উচিত হবে না।","বাংলাদেশের ইসলামিক ফাউন্ডেশন ও জ্যেষ্ঠ আলেমগণ একমত হয়েছেন যে, রোজা রেখে করোনাভাইরাসের টিকা নিলে রোজা ভঙ্গ হবে না, কারণ টিকা মাংসপেশিতে দেওয়া হয় এবং তা খাদ্যনালী বা পাকস্থলীতে প্রবেশ করে না। যুক্তরাজ্যের একজন ইমাম, কারী আসিমও একই মত পোষণ করেছেন এবং মুসলিম সম্প্রদায়কে টিকা নেওয়ার আহ্বান জানিয়েছেন। তিনি বলেছেন, টিকা পুষ্টিকর কিছু নয় এবং এটি নিলে রোজা ভঙ্গ হয় না, বরং এটি কোভিড-১৯ থেকে রক্ষা করে।",15.73,2.3,8.99
news-50633760,"বাংলাদেশে পার্বত্য চুক্তির ২২ বছর পার হলেও তিন পার্বত্য জেলায় সংঘাত, অস্থিরতা বেড়েই চলেছে বলে সংশ্লিষ্ট সব পক্ষ স্বীকার করেছেন।","পার্বত্য চট্টগ্রামে ১৯৯৭ সালের শান্তি চুক্তি বাস্তবায়ন নিয়ে বিতর্ক ও অস্থিরতা বাড়ছে, যেখানে জনসংহতি সমিতি চুক্তি বাস্তবায়ন না হওয়ায় বিভিন্ন গোষ্ঠীর সক্রিয়তা এবং অস্থিরতার জন্য দায়ী করছে। চাঁদাবাজি ও আধিপত্য বিস্তারকে কেন্দ্র করে আঞ্চলিক দল ও গোষ্ঠীগুলোর মধ্যে সংঘাত বাড়ছে, এবং জমির মালিকানা সমস্যাকে পাহাড়িরা সবচেয়ে বড় সমস্যা হিসেবে দেখছে। মানবাধিকার কর্মীরা বলছেন, চুক্তির বাস্তবায়ন প্রক্রিয়া থমকে যাওয়ায় বিভিন্ন স্বার্থান্বেষী গোষ্ঠী পরিস্থিতিকে আরও জটিল করে তুলছে।",9.3,0.0,4.65
news-53324321,সম্প্রতি ইরানের বেশ কয়েকটি স্পর্শকাতর ও গুরুত্বপূর্ণ স্থাপনায় বিস্ফোরণ ও অগ্নিকাণ্ডের ঘটনা ঘটেছে। এসব স্থাপনার একটি নাতাঞ্জ পরমাণু কেন্দ্র। এসব ঘটনা কি নিছক দুর্ঘটনা নাকি নাশকতা? এই প্রতিবেদনটি লিখেছেন বিবিসির পার্সিয়ান বিভাগের সাংবাদিক জিয়ার গোল।,"৩০শে জুন মধ্যরাতে ""হোমল্যান্ড চিতাস"" নামক একটি গ্রুপ নাতাঞ্জ পরমাণু কেন্দ্রে হামলার দাবি করে একটি ইমেইল পাঠায়, যেখানে একটি স্থাপনা উড়িয়ে দেওয়ার কথা বলা হয়। যদিও প্রাথমিকভাবে ইরান সরকার হামলার বিষয়টি অস্বীকার করে, পরবর্তীতে তারা নাতাঞ্জে একটি ""ঘটনা"" ঘটার কথা স্বীকার করে। নাসার স্যাটেলাইট ছবিতে অগ্নিকাণ্ডের প্রমাণ এবং ক্ষয়ক্ষতির বিবরণ ইমেইলের দাবির সাথে মিলে যায়, যা একটি নাশকতার ইঙ্গিত দেয়।",10.53,2.15,8.42
news-54718038,"ঢাকায় ভারতীয় হাইকমিশনের ভেরিফায়েড ফেসবুক পাতায় ''মা ইলিশ রক্ষায় যৌথ সামুদ্রিক সহযোগিতা'' শিরোনামে একটি পোস্ট দিয়ে জানানো হয়েছে, আন্তর্জাতিক জলসীমার কাছাকাছি অবস্থানরত সমস্ত ভারতীয় মাছধরা নৌকাকে ভারতীয় সীমানার দিকে পাঠানো হচ্ছে।","মা ইলিশ রক্ষায় বাংলাদেশ কোস্ট গার্ডের প্রচেষ্টায় সহায়তা করতে ভারতীয় কোস্ট গার্ড আন্তর্জাতিক জলসীমার কাছাকাছি ভারতীয় মাছধরা নৌকা সরাতে নজরদারি বাড়িয়েছে। বাংলাদেশে ইলিশের প্রজনন নির্বিঘ্ন করতে গত ১৪ই অক্টোবর থেকে ৪ঠা নভেম্বর পর্যন্ত ২২ দিনের জন্য ইলিশ ধরা, বিক্রি ও পরিবহন নিষিদ্ধ করা হয়েছে। এই নিষেধাজ্ঞার সময় ভারতীয় ও মিয়ানমারের জেলেরা বাংলাদেশের জলসীমায় প্রবেশ করে মাছ ধরে বলে অভিযোগ উঠলেও, ভারতীয় হাই কমিশন জানিয়েছে তারা তাদের টহল ইউনিট দিয়ে ভারতীয় নৌকাগুলোকে নিজেদের সীমানায় ফিরিয়ে নিচ্ছে।",11.32,5.77,11.32
news-55821540,বাংলাদেশের সম্প্রতি দুর্নীতি দমন কমিশনের করা এক মামলার তদন্তে মূল আসামীর নাম ও বাবার নামের সাথে মিল থাকায় অভিযুক্ত করা হয় আরেক ব্যক্তিকে।,"বাংলাদেশে দুর্নীতি দমন কমিশনের ভুল তদন্ত, মিথ্যা সাক্ষ্যদান বা বিচারিক প্রক্রিয়ায় বিলম্বের কারণে নিরপরাধ ব্যক্তিরা প্রায়শই দীর্ঘকাল কারাভোগ করেন। জাহালমের ঘটনা এর একটি উল্লেখযোগ্য উদাহরণ, যিনি ভুল তদন্তের শিকার হয়ে তিন বছর কারাভোগের পর মুক্তি পান। এমন ঘটনা সমাজে বিচার ব্যবস্থার ত্রুটি এবং নিরপরাধ মানুষের ভোগান্তি তুলে ধরে।",8.45,5.8,8.45
news-39629893,বাংলাদেশে ক্ষমতাসীন আওয়ামী লীগের মধ্যে সুবিধাবাদীদের অনুপ্রবেশ নিয়ে বেশ কিছুদিন ধরে বিতর্ক হচ্ছে।,"আওয়ামী লীগের মাঠ পর্যায়ের নেতারা অভিযোগ করছেন যে, বিভিন্ন দল থেকে আসা সুবিধাবাদী গোষ্ঠী ত্যাগী কর্মীদের কোণঠাসা করছে, যা কেন্দ্রীয় নেতৃত্বকেও উদ্বিগ্ন করেছে। দলের সাধারণ সম্পাদক ওবায়দুল কাদের এই 'নব্য সুবিধাবাদী'দের 'কাউয়া' ও 'ফার্মের মুরগি'র সাথে তুলনা করেছেন এবং নতুন সদস্যপদ গ্রহণে বিধিনিষেধ আরোপ করা হয়েছে। রংপুর ও যশোরের মতো বিভিন্ন অঞ্চলে এই সুবিধাবাদীদের দাপটে ত্যাগী কর্মীরা ক্ষুব্ধ, যেখানে এমনকি সংসদ সদস্যরাও প্রতিপক্ষ হয়ে দাঁড়িয়েছেন বলে অভিযোগ উঠেছে।",7.23,2.47,7.23
news-47050043,"কাগজের ব্যাগের জনপ্রিয়তা ছিল মার্কিন যুক্তরাষ্ট্রে, কিন্তু ১৯৭০ এর পর আরো টেকসই উপাদান হিসেবে প্লাস্টিকের ব্যবহার শুরুর পর থেকে সেগুলো তার জায়গা হারিয়ে ফেলে।","কাগজের ব্যাগ প্লাস্টিকের ব্যাগের চেয়ে বেশি পরিবেশবান্ধব কিনা, তা নিয়ে বিতর্ক রয়েছে। একটি গবেষণায় দেখা গেছে, কাগজের ব্যাগ তৈরিতে প্লাস্টিকের ব্যাগের চেয়ে চারগুণ বেশি শক্তি লাগে এবং বনভূমি উজাড় হয়। এছাড়াও, কাগজের ব্যাগ উৎপাদনে বিষাক্ত রাসায়নিক বর্জ্য তৈরি হয় এবং এর ওজন বেশি হওয়ায় পরিবহনেও বেশি শক্তি ও কার্বন নির্গমন হয়। তবে, প্লাস্টিকের ব্যাগ প্রকৃতিতে মিশে যেতে ৪০০ থেকে ১০০০ বছর সময় নেয়, যেখানে কাগজের ব্যাগ দ্রুত পচে যায়।",10.75,0.0,10.75
news-44269598,বাংলাদেশের বিভিন্ন সরকারি ও বেসরকারি হাসপাতালে মানব কঙ্কাল নিয়ে রমরমা বাণিজ্যের অভিযোগ রয়েছে।,"মেডিকেল শিক্ষার্থীদের শিক্ষা ও গবেষণার জন্য কঙ্কালের প্রয়োজন হয়, আর এই সুযোগে রাজধানী ঢাকাসহ দেশের বিভিন্ন স্থানে কবরস্থান ও মেডিকেল কলেজ কেন্দ্রিক একটি চক্র কঙ্কাল পাচারের সঙ্গে জড়িত। পুলিশ জানিয়েছে, এই লাভজনক ব্যবসায় মেডিকেল কলেজের চতুর্থ শ্রেণীর কর্মচারী এমনকি শিক্ষার্থীরাও জড়িত, যারা কবর থেকে লাশ উত্তোলন করে বা হাসপাতালের বেওয়ারিশ লাশ সংগ্রহ করে রাসায়নিক প্রক্রিয়ায় কঙ্কাল তৈরি করে মোটা অঙ্কে বিক্রি করে। কঙ্কাল বেচাকেনার সুনির্দিষ্ট নীতিমালা না থাকায় শিক্ষার্থীরা উচ্চমূল্যে কঙ্কাল কিনতে বাধ্য হচ্ছে, যদিও আইনশৃঙ্খলা বাহিনী মাঝে মাঝে জড়িতদের ধরলেও মূল হোতারা ধরাছোঁয়ার বাইরে থেকে যায়।",6.0,0.0,6.0
news-52528916,খাগড়াছড়ির সীমান্তবর্তী নো-ম্যানস ল্যান্ডে এক মাসের বেশি সময় ধরে আটকে থাকা একজন মানসিক ভারসাম্যহীন নারীর নাগরিকত্ব নিয়ে বাংলাদেশ এবং ভারতের মধ্যে পাল্টাপাল্টি দায় চাপানোসহ নানা তৎপরতার পর ওই নারীর পরিচয় পাওয়া গেছে।,"বিজিবি নিশ্চিত করেছে যে, সাত বছর ধরে নিখোঁজ মানসিক ভারসাম্যহীন শাহনাজ পারভিন নামের এক বাংলাদেশি নারীকে ভারতীয় সীমান্তরক্ষী বাহিনী বিএসএফ 'পুশ-ব্যাক' করেছে। তার পরিবার তাকে ফিরিয়ে নিতে অস্বীকৃতি জানানোয় বিজিবি তাকে আইসিআরসির কাছে হস্তান্তরের সিদ্ধান্ত নিয়েছে। এই নারীকে নিয়ে গত এক মাস ধরে দুই দেশের সীমান্তরক্ষী বাহিনীর মধ্যে নাটকীয়তা ও একাধিক পতাকা বৈঠক অনুষ্ঠিত হয়েছে।",13.48,2.3,11.24
news-44445389,আমরা কি হিসাব করে বলতে পারি সারা বিশ্বে প্রতিদিন কত জীবজন্তুর জন্ম হয়?,"বিবিসির 'মোর অর লেস' অনুষ্ঠানে প্রাণীদের বংশবিস্তার নিয়ে আলোচনা করা হয়, যেখানে খরগোশের দ্রুত বংশবৃদ্ধি এবং হামবোল্ট পেঙ্গুইনের ধীর বংশবৃদ্ধি তুলে ধরা হয়। খরগোশ বছরে একাধিকবার ৩-৭টি করে বাচ্চা জন্ম দিতে পারলেও, তাদের মৃত্যুহার অনেক বেশি। অন্যদিকে, হামবোল্ট পেঙ্গুইন বছরে সর্বোচ্চ দুবার দুটি করে ডিম পাড়ে এবং তাদের জন্মহার কম হওয়ায় প্রজাতিটি হুমকির মুখে। তবে, মুরগির জন্মহার অনেক বেশি, প্রতিদিন বিশ্বে প্রায় ৬ কোটি ২০ লাখ মুরগির জন্ম হয়।",12.05,2.47,9.64
news-55965015,বাংলাদেশে আজ (রবিবার) থেকে শুরু হতে যাচ্ছে করোনাভাইরাসের গণ-টিকাদান কর্মসূচী। এর অংশ হিসেবে বাংলাদেশের সহস্রাধিক হাসপাতালে টিকা দেয়া হবে ডাক্তার-নার্সসহ সম্মুখসারির কর্মী এবং ৫৫ বছরের বেশি বয়সের নাগরিকদের।,৭ই ফেব্রুয়ারি থেকে বাংলাদেশের সব জেলা-উপজেলায় করোনাভাইরাসের টিকাদান কর্মসূচি শুরু হচ্ছে। জনগণের আস্থা অর্জনের জন্য প্রথম দিন মন্ত্রী ও গুরুত্বপূর্ণ ব্যক্তিরা টিকা গ্রহণ করবেন এবং এই কর্মসূচিতে মোট ২৪০০টি দল কাজ করবে। ইতোমধ্যে টিকা সংরক্ষণ ও বিতরণের সকল প্রস্তুতি সম্পন্ন হয়েছে এবং স্বাস্থ্যকর্মী ও স্বেচ্ছাসেবকদের প্রশিক্ষণও দেওয়া হয়েছে।,17.72,0.0,12.66
news-54964908,বাংলাদেশে করোনাভাইরাস সংক্রমণের বিস্তার ঠেকানোর জন্য মাস্ক পরা নিশ্চিত করতে এবার রাজধানী ঢাকায় ভ্রাম্যমাণ আদালত নামানো হচ্ছে।,"সরকার কোভিড-১৯ সংক্রমণ বৃদ্ধির আশঙ্কায় মাস্ক পরা বাধ্যতামূলক করলেও তা কার্যকর না হওয়ায় ভ্রাম্যমাণ আদালত পরিচালনার নির্দেশ দিয়েছে। গত ২৪ ঘণ্টায় ৭০ দিনের মধ্যে সর্বোচ্চ সংখ্যক রোগী শনাক্ত হয়েছে, যা দুই মাস ধরে দুই হাজারের নিচে থাকার পর আবারও বাড়তে শুরু করেছে। বিশেষজ্ঞরা স্বাস্থ্যবিধি মানার ক্ষেত্রে সরকারি ব্যবস্থাপনার ঘাটতিকে দায়ী করছেন, এবং মাঠ পর্যায়ের কর্মকর্তারাও মাস্ক ও সামাজিক দূরত্ব না মানাকে সংক্রমণ বৃদ্ধির প্রধান কারণ হিসেবে দেখছেন।",9.41,4.82,9.41
news-46878237,"টেলিভিশন শো-তে মেয়েদের নিয়ে আপত্তিকর মন্তব্য করার জেরে ভারতীয় ক্রিকেটের দুই উদীয়মান তারকা, হার্দিক পান্ডিয়া এবং কে এল রাহুলকে ভারতীয় বোর্ড সাসপেন্ড করেছে তা-ও প্রায় চারদিন হল।",ক্রিকেটার হার্দিক পান্ডিয়া ও লোকেশ রাহুল একটি টেলিভিশন অনুষ্ঠানে নারীবিদ্বেষী মন্তব্য করে বিতর্কের মুখে পড়েছেন। এর জেরে তাদের অস্ট্রেলিয়া সফর থেকে দেশে ফিরিয়ে আনা হয়েছে এবং ভারতীয় ক্রিকেট বোর্ড তাদের বিরুদ্ধে কঠোর শাস্তির কথা ভাবছে। এই ঘটনা আসন্ন বিশ্বকাপকে সামনে রেখে ভারতীয় দলের জন্য সমস্যা তৈরি করতে পারে এবং বোর্ড সদস্যদের মধ্যেও শাস্তির মাত্রা নিয়ে মতবিরোধ দেখা দিয়েছে।,16.09,0.0,11.49
news-51532541,ভারতের খ্যাতিমান সঙ্গীত পরিচালক এ আর রহমানের কন্যা খাতিজা রহমান এবং বাংলাদেশের বিতর্কিত নারীবাদী লেখিকা তসলিমা নাসরিনের মধ্যে গত কদিন ধরে এক উত্তপ্ত বাকযুদ্ধ চলছে সোশ্যাল মিডিয়ায়।,"এ আর রহমানের কন্যা খাতিজা রহমানের বোরকা পরা নিয়ে তসলিমা নাসরিন সম্প্রতি বিতর্ক সৃষ্টি করেছেন, যেখানে তসলিমা খাতিজার বোরকা পরাকে 'মগজ ধোলাই' বলে মন্তব্য করেছেন। তবে এবার খাতিজা চুপ না থেকে তসলিমা নাসরিনের মন্তব্যের কড়া জবাব দিয়েছেন, যা গত বছরের বিতর্কের পুনরাবৃত্তি। গত বছর এ আর রহমান তার কন্যার পোশাক পছন্দের স্বাধীনতাকে সমর্থন করেছিলেন, কিন্তু এবার খাতিজা নিজেই তসলিমার আক্রমণের বিরুদ্ধে সরব হয়েছেন।",20.0,11.36,17.78
150813_sm_india_currency_notes_microbes,"ভারতের কোটি কোটি মানুষ রোজ যে সব টাকার নোটগুলো নিয়ে নাড়াচাড়া করেন, তা থেকে তাদের নানা মারাত্মক সংক্রামক ব্যাধি ছড়িয়ে পড়তে পারে বলে বিজ্ঞানীরা আশঙ্কা ব্যক্ত করেছেন।","দিল্লির ইন্সটিটিউট অব জিনোমিকস অ্যান্ড ইন্টিগ্রেটিভ বায়োলজি-র বিজ্ঞানীরা গবেষণা করে দেখেছেন যে ছোট অঙ্কের ও পুরনো নোটগুলিতে ৭৮ প্রকার বিপজ্জনক জীবাণু থাকে, যা যক্ষ্মা, ডিসেন্ট্রি ও আলসারের মতো মারাত্মক রোগ ছড়াতে পারে। এই নোটগুলি বেশি হাতে হাতে ঘোরার কারণে সংক্রমণের ঝুঁকি বেশি। যদিও জাপানসহ কিছু দেশে নোট জীবাণুমুক্ত করার ব্যবস্থা আছে, ভারতে এমন কোনো ব্যবস্থা নেই।",9.52,0.0,7.14
news-54019634,মুন্সীগঞ্জ জেলার সিরাজদিখান উপজেলা সদর থেকে অন্তত দশ কিলোমিটার দুরে থাকেন তফুরা বেগম।,"এজেন্ট ব্যাংকিং প্রত্যন্ত অঞ্চলের মানুষের কাছে ব্যাংকিং সেবা পৌঁছে দিচ্ছে, যার ফলে বিদেশ থেকে টাকা তোলা বা স্কুলের বেতন জমার মতো কাজগুলো সহজ হয়েছে। ২০১৩ সালে শুরু হওয়া এই সেবা বর্তমানে ৭৩ লাখেরও বেশি অ্যাকাউন্টে পৌঁছেছে, যার ৪৬% নারী গ্রাহকদের। দেশের ২৩টি ব্যাংক ৮৭৬৪ জন এজেন্টের মাধ্যমে ১২,৪৪৯টি আউটলেটে এই সেবা প্রদান করছে, যেখানে ১০ হাজার কোটির বেশি টাকা জমা পড়েছে এবং ২৫ হাজার কোটির বেশি রেমিটেন্স বিতরণ হয়েছে।",2.41,0.0,2.41
news-45903065,আইয়ুব বাচ্চু নিজেকে পরিচয় দিতে ভালোবাসতেন প্রথমত একজন গিটারিস্ট হিসেবে। তারপর গায়ক।,"আইয়ুব বাচ্চু, একজন কিংবদন্তী গিটারিস্ট, গায়ক এবং সুরকার, যিনি দীর্ঘ কয়েক দশক ধরে বাংলাদেশের ব্যান্ড সঙ্গীতকে সমৃদ্ধ করেছেন। তিনি তাঁর কাজ এবং কঠোর সাধনার মাধ্যমে দেশের সঙ্গীত জগতে এক অসাধারণ প্রভাব ফেলেছিলেন, বিশেষ করে তরুণ প্রজন্মের কাছে তিনি ছিলেন এক অনুপ্রেরণা। আইয়ুব বাচ্চু তাঁর গানের মাধ্যমে সত্তরের দশক থেকে বাংলাদেশের শ্রোতাদের কাছে ইংরেজি গান, হার্ড-রক, ব্লুজ এবং ব্যান্ড মিউজিকের পরিচয় করিয়ে দিয়েছিলেন, যার ফলে তিনি বাংলাদেশের ব্যান্ড মিউজিকের পথিকৃৎ হিসেবে চিরস্মরণীয় হয়ে থাকবেন।",16.28,2.38,11.63
news-43413472,বাংলাদেশের সীমান্তরক্ষী বাহিনী বিজিবি অভিনব উপায়ে কোরান শরীফের ভেতরে করে পাচারের সময় মাদকের একটি চালান আটক করেছে।,"টেকনাফে মিয়ানমার থেকে আসা একটি নৌকা থেকে বিজিবি তিন ব্যক্তিকে আটক করে এবং তাদের কাছ থেকে কোরআনের ভেতরে লুকানো ১৫ হাজার ইয়াবা বড়ি উদ্ধার করে। এই ইয়াবার আনুমানিক মূল্য ৫০ লক্ষ টাকা। বিজিবি কর্মকর্তা জানান, চোরাচালানিরা ধর্মীয় অনুভূতিকে কাজে লাগিয়ে কোরআনকে ইয়াবা পাচারের মাধ্যম হিসেবে ব্যবহার করার চেষ্টা করেছিল, যা কক্সবাজার অঞ্চলে নতুন নয়।",16.9,0.0,11.27
news-48752748,"এবারের ক্রিকেট বিশ্বকাপে টুর্নামেন্টের সেরা খেলোয়াড় হওয়ার দৌড়ে অন্য যে কোনো খেলোয়াড়ের চেয়ে বাংলাদেশের সাকিব আল হাসান যে পরিস্কারভাবে এগিয়ে রয়েছেন, তা বোঝার জন্য ক্রিকেট বিশেষজ্ঞ হতে হয় না।","সাকিব আল হাসান এবারের বিশ্বকাপে ব্যাট হাতে ৬ ইনিংসে ২টি সেঞ্চুরি ও ৩টি হাফসেঞ্চুরিসহ সর্বোচ্চ রান সংগ্রাহক এবং বল হাতে ১০ উইকেট নিয়েছেন। ওয়েস্ট ইন্ডিজের বিপক্ষে সেঞ্চুরি করে তিনি ওয়ানডেতে দ্রুততম ৬ হাজার রান ও ২৫০ উইকেট নেওয়ার রেকর্ড গড়েন, যা শহীদ আফ্রিদির চেয়ে ৯২ ম্যাচ কম। এছাড়া, বিশ্বকাপে ১০০০ রান করা প্রথম বাংলাদেশি এবং এক ম্যাচে হাফসেঞ্চুরি ও ৫ উইকেট নেওয়া দ্বিতীয় ক্রিকেটার হিসেবে তিনি রেকর্ডবুকে নাম লিখিয়েছেন।",12.24,4.17,6.12
news-45762656,চলতি বছর যারা নোবেল শান্তি পুরষ্কার পেয়েছেন তাদের নির্বাচনের মধ্য দিয়ে ধর্ষণকে যুদ্ধের অস্ত্র হিসেবে ব্যবহারের ইস্যুটি আবার সামনে চলে এসেছে।,"নোবেল কমিটি শান্তি পুরস্কার বিজয়ী নাদিয়া মুরাদ ও ডেনিস মুকওয়েগেকে সংঘাতের সময় ধর্ষণকে অস্ত্র হিসেবে ব্যবহারের বিরুদ্ধে গুরুত্বপূর্ণ অবদানের জন্য সম্মানিত করেছে। নাদিয়া মুরাদ ইসলামিক স্টেট জঙ্গিদের হাতে নির্যাতিত ইরাকি ইয়াজিদি নারী, যিনি ইয়াজিদিদের মুক্তির প্রতীকে পরিণত হয়েছেন। অন্যদিকে, ডেনিস মুকওয়েগে গণতান্ত্রিক কঙ্গো প্রজাতন্ত্রের একজন স্ত্রীরোগ বিশেষজ্ঞ, যিনি হাজার হাজার ধর্ষিতা নারীর চিকিৎসা করেছেন। এই পুরস্কার ধর্ষণের শিকার নারীদের প্রতি বিশ্বব্যাপী মনোযোগ আকর্ষণ করবে এবং তাদের বেদনা উপলব্ধি করতে সাহায্য করবে বলে আশা করা হচ্ছে।",14.58,4.26,12.5
news-47926155,"স্মার্টফোন, ট্যাব, কম্পিউটার বা অন্য কোন ভিভাইসের স্ক্রীনে আপনি দীর্ঘ সময় কাটালে তা আপনার স্বাস্থ্যের ওপর কী প্রভাব ফেলে?","সন্তানদের গেমে আসক্তি নিয়ে বাবা-মায়ের উদ্বেগ থাকলেও, নতুন এক গবেষণা অনুযায়ী স্ক্রিনে বেশি সময় কাটানো মানসিক স্বাস্থ্যের জন্য ক্ষতিকর, এমন কোনো সুস্পষ্ট প্রমাণ পাওয়া যায়নি। অক্সফোর্ড ইন্টারনেট ইনস্টিটিউট যুক্তরাজ্য, আয়ারল্যান্ড ও যুক্তরাষ্ট্রের প্রায় ১৭ হাজার কিশোর-কিশোরীর ওপর গবেষণা চালিয়ে দেখেছে যে, ঘুমানোর আগে দীর্ঘক্ষণ স্ক্রিন ব্যবহারের সাথে মানসিক স্বাস্থ্যের কোনো নেতিবাচক প্রভাবের যোগসূত্র নেই। গবেষকরা জরিপের তথ্যের পাশাপাশি অন্যান্য নির্ভরযোগ্য উৎস থেকেও তথ্য সংগ্রহ করেছেন, কারণ মানুষ স্ক্রিনে কাটানো সময় সম্পর্কে সঠিক অনুমান করতে পারে না।",4.12,0.0,4.12
news-57219019,গণতান্ত্রিক কঙ্গো প্রজাতন্ত্রে বড় আকারের একটি আগ্নেয়গিরিতে অগ্ন্যুৎপাত শুরু হওয়ার পর তার আশেপাশের বাড়িঘর ছেড়ে পালিয়ে গেছে হাজার হাজার মানুষ।,শনিবার রাতে কঙ্গোর গোমা শহরের কাছে মাউন্ট নিরাগঙ্গ আগ্নেয়গিরি থেকে লাভা নির্গত হতে শুরু করলে শহরের আকাশ লাল হয়ে যায় এবং বহু মানুষ পার্শ্ববর্তী রোয়ান্ডা সীমান্তে আশ্রয় নেয়। লাভার স্রোত শহরের বিমানবন্দর পর্যন্ত পৌঁছালেও বর্তমানে তা বন্ধ আছে। এর আগে ২০০২ সালের অগ্ন্যুৎপাতে ২৫০ জন নিহত এবং ১.২ লক্ষ মানুষ গৃহহীন হয়েছিল।,5.48,0.0,5.48
news-42736049,ভারতে ৭০০ বছর আগেকার চিতোরের রানি পদ্মিনীকে নিয়ে তৈরি বলিউড ছায়াছবি 'পদ্মাবত' সারা দেশেই একসঙ্গে মুক্তি পাবে বলে সুপ্রিম কোর্ট বৃহস্পতিবার নির্দেশ দিয়েছে।,"বিতর্কিত চলচ্চিত্র 'পদ্মাবত' নিয়ে ভারতের সুপ্রিম কোর্ট রায় দিয়েছে যে, রাজ্যগুলো কোনো চলচ্চিত্র নিষিদ্ধ করতে চাইলে তা ভারতের যুক্তরাষ্ট্রীয় কাঠামোর পরিপন্থী হবে। এই রায়ের ফলে ছবিটি মুক্তির পথ প্রশস্ত হলেও, রাজপুত সংগঠন কার্নি সেনা এবং হরিয়ানা ও রাজস্থানের মতো কিছু রাজ্য এখনও এর বিরোধিতা করছে এবং আপিলের কথা ভাবছে। ছবিটি রাজপুতদের ভাবাবেগে আঘাত হানার অভিযোগে ব্যাপক প্রতিবাদ ও ভাঙচুরের শিকার হয়েছিল, যার ফলে এর নাম পরিবর্তন ও কিছু পরিমার্জন করে সেন্সর বোর্ডের ছাড়পত্র পেতে হয়।",10.2,2.08,8.16
news-49628043,বাংলাদেশের প্রাথমিক বিদ্যালয়ের শিক্ষার্থীদের সামনের বছর থেকে স্কুল ইউনিফর্ম কেনার জন্য দুই হাজার টাকা করে দেয়া হবে বলে জানিয়েছেন প্রাথমিক ও গণশিক্ষা প্রতিমন্ত্রী মোঃ জাকির হোসেন।,"সরকার প্রাথমিক বিদ্যালয়ের শিক্ষার্থীদের জন্য স্কুল ইউনিফর্ম কেনার টাকা দেওয়ার একটি প্রকল্প হাতে নিয়েছে, যেখানে প্রথম থেকে পঞ্চম শ্রেণির প্রত্যেক শিক্ষার্থীকে ২ হাজার টাকা করে দেওয়া হবে। এই অর্থ সরাসরি শিক্ষার্থীর মায়ের মোবাইল অ্যাকাউন্টে পাঠানো হবে। প্রকল্পটি এখনও খসড়া পর্যায়ে থাকলেও, আগামী বছর থেকে এটি বাস্তবায়নের জন্য কাজ চলছে এবং চূড়ান্ত অনুমোদনের জন্য একনেকে পাঠানো হবে।",31.71,17.5,24.39
news-43611700,পঞ্চাশের দশক থেকে ১৯৮০'র দশকের শেষ দিক পর্যন্ত সাবেক সোভিয়েত ইউনিয়ন এবং পশ্চিমা বিশ্বের শত্রুতাকে বলা হতো 'শীতল যুদ্ধ' বা 'স্নায়ুযুদ্ধ'।,"প্রেসিডেন্ট পুতিনের রাশিয়াকে ঘিরে নতুন এক শীতল যুদ্ধের সম্ভাবনার কথা উঠলেও, উইলসন সেন্টারের গবেষক মাইকেল কফম্যান মনে করেন এই তুলনা যথার্থ নয়। তার মতে, বর্তমান বিরোধের পেছনে আদর্শিক বা সামরিক ভারসাম্যের লড়াই নেই, বরং কিছু নেতার সিদ্ধান্ত ও কৌশলগত মতবিরোধই এর মূল কারণ। কফম্যানের বিশ্লেষণ অনুযায়ী, রাশিয়ার বর্তমান ক্ষমতা নেই যে তারা আন্তর্জাতিক ব্যবস্থায় মৌলিক পরিবর্তন আনবে, এবং এই সংঘাতের মাত্রা শীতল যুদ্ধের মতো হবে না।",6.82,0.0,4.55
news-46463754,"রুবি মেরির জন্ম হয়েছিল ব্রিটেনের সাউথ ওয়েলসে, যেখানে তার চমৎকার শৈশব কেটেছে। কিন্তু সবকিছুই বদলে গেলো যখন সে সাবালিকা হলো।","রুবি মেরিকে ১৫ বছর বয়সে তার বাবা-মা ছুটি কাটানোর কথা বলে বাংলাদেশ নিয়ে আসেন এবং সেখানে তার অমতে বিয়ে দেন। জোরপূর্বক বিয়ের শিকার হয়ে রুবি মেরি প্রায় প্রতিদিনই ধর্ষণের শিকার হতেন। যদিও যুক্তরাজ্যে জোরপূর্বক বিয়ে একটি অপরাধ, তবে বাবা-মায়ের শাস্তির ভয়ে অনেক ভুক্তভোগী অভিযোগ করতে চান না, যেমনটি রুবি মেরির ক্ষেত্রেও দেখা যায়।",8.0,2.74,5.33
news-47994270,"''আমাদের মুখ ঢেকে রাখতে হতো....রান্নাবান্না করতে হতো, যেন আমরা দাস। আমরা এটা চাই না, আমরা সত্যিকারের একটা জীবন চাই, আমাদের জীবন,'' বলছেন ২৫ বছরের ওয়াফা, সর্বশেষ যে সৌদি নারী তার বোনের সঙ্গে সৌদি আরব থেকে পালিয়ে এসেছেন।","সৌদি আরবের দুই বোন ওয়াফা ও মাহা আল-সুবায়ি জর্জিয়ার একটি আশ্রয়কেন্দ্রে অবস্থান করছেন এবং আন্তর্জাতিক সম্প্রদায়ের কাছে সাহায্য চেয়েছেন। তারা জাতিসংঘের কাছে তৃতীয় কোনো নিরাপদ দেশে আশ্রয় পাওয়ার আবেদন জানিয়েছেন, কারণ জর্জিয়াতে তারা নিজেদের নিরাপদ মনে করছেন না এবং তাদের পুরুষ আত্মীয়দের দ্বারা ধরা পড়ার আশঙ্কা করছেন। সৌদি আরবে নারীদের প্রতি পারিবারিক হুমকির কারণে তারা দেশ ছেড়ে পালিয়ে এসেছেন।",12.24,2.08,8.16
news-45950897,বাংলাদেশে সাম্প্রতিক সময়ে বিরোধী রাজনৈতিক নেতৃবৃন্দের কয়েকজনের টেলিফোন আলাপ ফাঁস হবার ঘটনা ঘটেছে।,"বাংলাদেশে সম্প্রতি বিরোধী রাজনৈতিক নেতাদের টেলিফোন আলাপ ফাঁস হওয়ার ঘটনা বেড়েছে, যার সর্বশেষ উদাহরণ ব্যারিস্টার মইনুল হোসেন ও সাংবাদিক আব্দুর রব মজুমদারের কথোপকথন। এসব ফোনালাপ ফাঁসের উৎস অজানা এবং এ বিষয়ে আইনে সুস্পষ্ট বিধান নেই, যদিও নিরাপত্তা সংস্থা তদন্তের স্বার্থে তথ্য চাইতে পারে। তবে, সংবিধান নাগরিকের ব্যক্তিগত যোগাযোগের গোপনীয়তার নিশ্চয়তা দেয় এবং ফোনে আড়ি পাতাকে শাস্তিযোগ্য অপরাধ হিসেবে গণ্য করা হয়েছে।",18.92,8.33,18.92
news-44975752,"বাংলাদেশে হেপাটাইটিস সংক্রমণকে এক নীরব ঘাতক হিসেবে দেখা হচ্ছে। বিশ্ব স্বাস্থ্য সংস্থার হিসেবে দেখা যায়, বাংলাদেশে হেপাটাইটিস বি ও সি ভাইরাসে প্রায় এক কোটি মানুষ আক্রান্ত। বেসরকারি হিসেবে হেপাটাইটিসে প্রতি বছর ২০ হাজারের বেশি মানুষের মৃত্যু হয় বাংলাদেশে।","বাংলাদেশে হেপাটাইটিস একটি গুরুতর জনস্বাস্থ্য সমস্যা, যেখানে আক্রান্তদের একটি বড় অংশ কবিরাজি চিকিৎসার উপর নির্ভরশীল এবং অনেকেই নিজেদের অসুস্থতা সম্পর্কে অবগত নন। হেপাটাইটিস বি ও সি প্রাণঘাতী হলেও, হেপাটাইটিস এ ও ই স্বল্পমেয়াদী। বাংলাদেশে হেপাটাইটিসের পাঁচটি ধরনই বিদ্যমান, যার মধ্যে হেপাটাইটিস ই-এর প্রাদুর্ভাব বেশি দেখা যায় এবং এটি মূলত দূষিত পানির মাধ্যমে ছড়ায়।",19.57,8.89,15.22
news-48051927,"ভারতের সাধারণ নির্বাচনে ২৫০০ বছর আগের হিন্দু পৌরাণিক মহাকাব্য আবারো উঠে এসেছে পাদপ্রদীপের আলোয়। বিগত নির্বাচনের মতই, এবারের নির্বাচনেও হিন্দু ধর্মের বহু কট্টরপন্থীদের কথায় ফিরে এসেছে রামায়ণ এবং বিশেষ করে তার নায়ক রাম-এর প্রসঙ্গ।","সাম্প্রতিক মাসগুলিতে অযোধ্যায় রাম মন্দির নির্মাণের দাবি জোরালো হয়েছে, যা হিন্দু ও মুসলমানদের মধ্যে দীর্ঘদিনের উত্তেজনা সৃষ্টি করেছে। ১৯৯২ সালে উগ্র হিন্দুত্ববাদীরা বাবরি মসজিদ ভেঙে ফেলেছিল, তাদের বিশ্বাস ছিল সেখানেই রাম মন্দির ছিল। ক্ষমতাসীন বিজেপি তাদের নির্বাচনী ইশতেহারে রাম মন্দির পুনর্নির্মাণের প্রতিশ্রুতি দিয়েছে, যা তাদের ভোট বাড়াতে সাহায্য করবে বলে মনে করা হচ্ছে।",4.55,0.0,4.55
news-52085013,করোনাভাইরাস সংক্রমণ সারা পৃথিবীজুড়ে বেড়েই চলেছে। এর মধ্যে ইতিবাচক বা মন ভালো করার মতো খবর পাওয়া কঠিন। কিন্তু ভালো খবর যে একেবারেই নেই তা নয়। তারই কয়েকটি এখানে।,"করোনাভাইরাসের টিকা তৈরির জন্য বিশ্বজুড়ে বিজ্ঞানীরা কাজ করছেন এবং বিশেষজ্ঞরা বলছেন এটি তৈরি হতে এক থেকে দেড় বছর সময় লাগতে পারে। সম্প্রতি একটি গবেষণায় জানা গেছে যে ভাইরাসের মিউটেশন কম হয়, যা টিকা তৈরির জন্য ইতিবাচক খবর। এদিকে, চীন করোনাভাইরাস সংক্রমণ নিয়ন্ত্রণে এনেছে বলে দাবি করছে এবং উহান শহরসহ বিভিন্ন স্থানে আরোপিত বিধিনিষেধ শিথিল করা হচ্ছে।",11.9,2.44,4.76
news-44619936,"""আমরা এসি-তে কতটা ঠাণ্ডা করব, সেটাও না কি সরকার বলে দেবে! তাহলে কি এরপর কতটা ভাত খাব, সেটাও সরকারই ঠিক করবে?""","প্রচণ্ড গরমের মধ্যে এয়ার কন্ডিশনারের তাপমাত্রা ২৪ ডিগ্রি সেলসিয়াসে ডিফল্ট সেটিং বাধ্যতামূলক করার সরকারি প্রস্তাব নিয়ে ভারতে সোশ্যাল মিডিয়ায় নানা বিদ্রূপ ও ভুল ধারণা ছড়িয়েছে। বিদ্যুৎমন্ত্রী আর কে সিং স্পষ্ট করেছেন যে, এটি কেবল এসি চালু করার সময়কার প্রাথমিক সেটিং, যা পরে ব্যবহারকারী নিজের ইচ্ছামতো পরিবর্তন করতে পারবেন। এই পদক্ষেপের মূল উদ্দেশ্য হলো বিদ্যুৎ সাশ্রয় করা এবং স্বাস্থ্যের উন্নতি ঘটানো, কারণ এক ডিগ্রি তাপমাত্রা বাড়ালেও শতকরা ছয় ভাগ বিদ্যুৎ বাঁচানো সম্ভব।",2.15,0.0,2.15
news-44094528,দিন কয়েক আগে আমেরিকা ও ইরানের মধ্যে সম্পর্কে গুরুতর অবনতি ঘটেছে।,"ডোনাল্ড ট্রাম্প ইরানের পারমাণবিক চুক্তি থেকে সরে আসার পর দুই দেশের সম্পর্কে অবনতি ঘটে। এর প্রতিক্রিয়ায়, ইরানের সর্বোচ্চ নেতা আয়াতুল্লাহ আলি খামেনেই তার ইনস্টাগ্রামে মাইকেল উলফের ""ফায়ার অ্যান্ড ফিউরি"" বইটির ফার্সি অনুবাদের একটি ছবি পোস্ট করেন। এই বইটি ডোনাল্ড ট্রাম্পের মানসিক সুস্থতা এবং হোয়াইট হাউসের ভেতরের বিশৃঙ্খল অবস্থা নিয়ে প্রশ্ন তুলেছিল, যা ট্রাম্প ""মনগড়া গল্প"" বলে অভিহিত করেছিলেন। খামেনেইয়ের এই পোস্টকে ট্রাম্পের প্রতি ইরানের পরোক্ষ অসন্তোষ প্রকাশের একটি কৌশল হিসেবে দেখা হচ্ছে।",7.23,0.0,7.23
56976377,বিএনপি চেয়ারপার্সন খালেদা জিয়াকে চিকিৎসার জন্য বিদেশে নিতে চাইছে তাঁর পরিবার ও দল। কিন্তু যে আদেশ বলে তিনি জেল থেকে বের হয়েছিলেন সে অনুযায়ী তাঁর বিদেশে যাওয়ার সুযোগই নেই।,"খালেদা জিয়াকে বিদেশে চিকিৎসার জন্য নিতে হলে সরকারের নির্বাহী আদেশ সংশোধন করে বিদেশযাত্রার ওপর আরোপিত শর্ত শিথিল করতে হবে। আইনমন্ত্রী আনিসুল হক জানিয়েছেন, সরকার চাইলে এই শর্ত শিথিল করতে পারে, তবে এখনো বিএনপি বা খালেদা জিয়ার পরিবারের পক্ষ থেকে এ বিষয়ে কোনো আবেদন পাননি। বর্তমানে খালেদা জিয়া শ্বাসকষ্ট নিয়ে সিসিইউতে চিকিৎসাধীন আছেন এবং তার অবস্থা স্থিতিশীল বলে জানা গেছে।",22.73,4.65,15.91
news-45859424,"আমল উমর, ১০ বছর বয়সী পাকিস্তানী এই মেয়েটি গত অগাস্টে করাচীর ব্যস্ত রাস্তায় পুলিশের ছোড়া গুলিতে প্রায় হারায়। ওই পুলিশ কর্মকর্তা গুলি ছুড়েছিলেন একজন অপরাধীকে লক্ষ্য করে।","১৩ই আগস্ট রাতে পাকিস্তানের করাচিতে পুলিশ ও ছিনতাইকারীদের ক্রসফায়ারের মধ্যে পড়ে একটি পরিবারের গাড়ি। এতে গাড়ির পেছনের সিটে বসা আমল নামের এক শিশুর মাথায় গুলি লাগে। এই ঘটনার পর আমলের বাবা-মা পুলিশের এই প্রক্রিয়াকে ত্রুটিপূর্ণ ও জবাবদিহিতাহীন উল্লেখ করে পরিবর্তনের দাবি জানিয়ে একটি প্রচারাভিযান শুরু করেছেন। তারা চান, অন্য কোনো শিশুর ভাগ্যে যেন এমন মর্মান্তিক ঘটনা না ঘটে।",13.95,0.0,9.3
news-44417309,"বাংলাদেশের ২০১৮-১৯ অর্থবছরের বাজেটে অনলাইনে পণ্য কেনা-বেচায় কর আরোপের যে প্রস্তাব করা হয়েছিল, বাজেট পরবর্তী সংবাদ সম্মেলনে সেটিকে নতুন করে সংজ্ঞায়িত করা হয়েছে।","জাতীয় রাজস্ব বোর্ডের চেয়ারম্যান মোশাররফ হোসেন ভুঁইয়া জানিয়েছেন যে, অনলাইনে নিত্যপ্রয়োজনীয় পণ্য কেনাবেচায় এখনই ভ্যাট আরোপ করা হবে না, তবে টিভি বা ফ্রিজের মতো অন্যান্য পণ্যের ক্ষেত্রে ভ্যাট প্রযোজ্য হবে। তিনি আরও জানান, ফেসবুক, ইউটিউব বা গুগলের মতো প্ল্যাটফর্মে প্রচারিত বিজ্ঞাপনের ওপর কর আরোপ করা হবে। এই সিদ্ধান্তের ফলে অনলাইন ক্ষুদ্র উদ্যোক্তাদের মধ্যে মিশ্র প্রতিক্রিয়া দেখা দিয়েছে, যেখানে অনেকে মনে করছেন যে এটি তাদের ব্যবসার প্রসারে বাধা সৃষ্টি করবে।",12.77,0.0,8.51
news-43949363,"বিয়ে টিকিয়ে রাখার ক্ষেত্রে স্বামী ও স্ত্রীর মধ্যে শারীরিক সম্পর্ক কতটা গুরুত্বপূর্ণ, তা নিয়ে বিতর্ক নতুন করে উস্কে দিয়েছে বোম্বে হাইকোর্টের একটি রায়।","মহারাষ্ট্রের কোলাপুরের এক দম্পতির দীর্ঘ ৯ বছর আগে বিয়ে হলেও তাদের মধ্যে শারীরিক সম্পর্কের কোনো প্রমাণ না পাওয়ায় আদালত তাদের বিয়ে বাতিল করে দিয়েছে। স্ত্রী অভিযোগ করেছিলেন যে তাকে প্রতারণা করে বিয়েতে রাজি করানো হয়েছিল, যদিও আদালত প্রতারণার কোনো প্রমাণ পায়নি। মুম্বাই হাইকোর্ট রায় দিয়েছে যে, যেহেতু বিবাহিত জীবনে শারীরিক সম্পর্ক একটি অপরিহার্য উপাদান এবং এই দম্পতির ক্ষেত্রে তা অনুপস্থিত, তাই তাদের বিয়ে অর্থহীন।",22.99,4.71,13.79
news-46554177,"লন্ডনে একটি প্রত্নতাত্ত্বিক খননের সময় খুঁজে পাওয়া মুরগির হাড় নিয়ে গবেষণার পর বলা হচ্ছে, এখনকার মুরগি তাদের আদি প্রজাতির চেয়ে একবারে ভিন্ন।","পৃথিবীতে বর্তমানে প্রায় ২৩০০ কোটি জীবন্ত মুরগি রয়েছে, যা অন্য যেকোনো পাখির প্রজাতির তুলনায় অনেক বেশি এবং এটি পরিবেশ পরিবর্তনের একটি প্রতীক। মাংসের চাহিদা মেটাতে প্রতি বছর ৬,৬০০ কোটি মুরগি জবাই করা হয়, যেখানে শুকর ও গরু-মহিষ-ভেড়ার সংখ্যা অনেক কম। বিজ্ঞানীরা মনে করেন, ভবিষ্যতে প্রত্নতাত্ত্বিক খননে প্লাস্টিকের টুকরোর পাশাপাশি মুরগির হাড়ও পাওয়া যাবে, যা মানুষের খাদ্যাভ্যাস ও পরিবেশের উপর এর প্রভাবের প্রমাণ দেবে।",13.64,0.0,6.82
news-43222719,প্যারিস সেইন্ট জার্মেইয়ের ফরোয়ার্ড নেইমার কমপক্ষে ৬ সপ্তাহ মাঠের বাইরে থাকতে পারেন বলে জানিয়েছেন তাঁর বাবা।,"নেইমার লিগ ওয়ানে মার্শেইয়ের বিপক্ষে ম্যাচে গোড়ালিতে চোট পেয়েছেন, যার ফলে তাঁর পায়ের মেটাটারসালে চিড় ধরা পড়েছে। এই চোটের কারণে তিনি চ্যাম্পিয়ন্স লিগে রিয়াল মাদ্রিদের বিপক্ষে খেলতে পারবেন না এবং সেরে উঠতে ৬ থেকে ৮ সপ্তাহ সময় লাগবে। এর ফলে বিশ্বকাপে তাঁর অংশগ্রহণ নিয়ে অনিশ্চয়তা দেখা দিয়েছে, যা ব্রাজিল দলের জন্য উদ্বেগের কারণ হতে পারে।",11.27,0.0,11.27
news-52105607,"দিল্লিতে তাবলীগ জামাতের সদর দফতরে একটি সমাবেশে যোগ দিয়ে ঘরে ফেরা অন্তত সাতজন, কারও কারও মতে দশজন করোনাভাইরাসে আক্রান্ত হয়ে মারা যাওয়ার পর ওই মসজিদটিকে ভারতে মহামারি ছড়ানোর অন্যতম 'হটস্পট' বলে চিহ্নিত করা হচ্ছে।","দিল্লির নিজামুদ্দিন মারকাজ মসজিদে একটি ধর্মীয় সমাবেশ থেকে করোনাভাইরাস সংক্রমণের ঘটনা ঘটেছে। এই সমাবেশ থেকে ফিরে যাওয়া তেলেঙ্গানার ৬ জন ও কাশ্মীরের ১ জন মারা গেছেন এবং তামিলনাড়ু ও দিল্লিতে আরও কয়েকটি মৃত্যুর সাথে এই সমাবেশের যোগসূত্র পাওয়া গেছে। মারকাজ থেকে প্রায় ৩০০ জনকে হাসপাতালে ভর্তি করা হয়েছে, যার মধ্যে ২৪ জনের করোনা পজিটিভ এসেছে এবং বাকি ৭০০ জনকে কোয়ারেন্টিনে পাঠানো হয়েছে।",8.33,0.0,6.25
news-43626873,প্রেসিডেন্ট ট্রাম্প বিশ্বাস করেন - চীনের কাছে বাজার খুলে দিয়ে আমেরিকার মারাত্মক ক্ষতি হয়েছে।,"প্রেসিডেন্ট ট্রাম্পের মতে, ২০১৭ সালে আমেরিকার বাণিজ্য ঘাটতি ৮০০ বিলিয়ন ডলারে পৌঁছেছে, যার প্রধান কারণ চীনের সাথে বাণিজ্য ভারসাম্যহীনতা। এই ঘাটতি কমাতে তিনি চীনা পণ্যের ওপর শুল্ক আরোপ করেছেন, যার পাল্টা ব্যবস্থা হিসেবে চীনও মার্কিন পণ্যের ওপর শুল্ক বসিয়েছে। এই বাণিজ্য যুদ্ধ নিয়ে বিশ্বজুড়ে উদ্বেগ বাড়লেও, ট্রাম্প মনে করেন এতে আমেরিকার লাভ হবে, যদিও বিশ্লেষকরা মনে করেন বাণিজ্য যুদ্ধে জেতা কঠিন।",13.51,0.0,10.81
news-48047736,শ্রীলংকায় ইস্টার সানডেতে গির্জা ও হোটেলে যেসব তরুণ-যুবক হামলা চালিয়েছে তাদের অধিকাংশই উচ্চ-শিক্ষিত এবং উচ্চ-মধ্যবিত্ত ঘরের সন্তান। তাদের একজন ব্রিটেন এবং অস্ট্রেলিয়ায় পড়াশোনা করেছে।,"শ্রীলঙ্কার গির্জায় বোমা হামলায় জড়িতদের মধ্যে ধনী পরিবারের সন্তান ও শিক্ষিত তরুণদের উপস্থিতি উদ্বেগজনক। আন্তর্জাতিক জঙ্গি সহিংসতা গবেষক তাসনিম খলিল বিবিসি বাংলাকে জানান, আইএস বা আল-কায়েদার মতো জিহাদি সংগঠনে উচ্চবিত্ত ও উচ্চ শিক্ষিতদের জড়িয়ে পড়া একটি বৈশ্বিক প্রবণতা। তিনি আরও উল্লেখ করেন যে, এই ধরনের ব্যক্তিরা শুধু হামলায় অংশই নেয় না, বরং অর্থায়নেও গুরুত্বপূর্ণ ভূমিকা রাখে, যা এই প্রবণতাকে আরও গভীর উদ্বেগের কারণ করে তোলে।",8.6,0.0,6.45
news-51260039,ইরাকের রাজধানী বাগদাদের মার্কিন দূতাবাসে অন্তত তিনটি রকেট হামলা হয়েছে। এর মধ্যে একটি রকেট দূতাবাসের ক্যাফেটরিয়াতে এবং বাকি দুইটি একটু দূরে আঘাত করেছে বলে জানিয়েছে এএফপি।,"ইরাকে মোক্তাদা আল-সদরের সমর্থকদের যুক্তরাষ্ট্র বিরোধী বিক্ষোভে অন্তত তিনজন আহত হয়েছেন এবং বাগদাদে মার্কিন দূতাবাসে রকেট হামলায় একজন মার্কিন কর্মী আহত হয়েছেন। এই হামলার দায়ভার এখনো কোনো গোষ্ঠী স্বীকার করেনি, তবে যুক্তরাষ্ট্র ইরাকের ইরান-সমর্থিত সামরিক অংশের বিরুদ্ধে অভিযোগ করে আসছে। ইরাকের প্রধানমন্ত্রী আদেল আব্দুল মাহদি এই হামলার নিন্দা জানিয়ে বলেছেন, এর ফলে ইরাক আবার যুদ্ধক্ষেত্রে পরিণত হতে পারে এবং যুক্তরাষ্ট্র ইরাকি কর্তৃপক্ষকে তাদের কূটনৈতিক সুযোগ-সুবিধা ও নিরাপত্তা নিশ্চিত করার আহ্বান জানিয়েছে।",14.0,2.04,10.0
news-49744505,বাংলাদেশের বাজারে কয়েক মাস আগেও যে পেঁয়াজ ২০-২৪ টাকায় বিক্রি হয়েছে সেটি এখন বিক্রি হচ্ছে ৬০-৭০ টাকা।,"বাংলাদেশে পেঁয়াজের দাম অস্বাভাবিকভাবে বেড়ে যাওয়ায় সাধারণ মানুষ ও ব্যবসায়ীরা উদ্বিগ্ন। দুই মাসের মধ্যে পেঁয়াজের দাম দ্বিগুণ হয়েছে, যা ২৪ টাকা থেকে ৭০ টাকায় পৌঁছেছে। ভারতের রপ্তানি মূল্য বৃদ্ধি এবং কিছু ব্যবসায়ীর সরবরাহ কমানোর কারণে এই সংকট তৈরি হয়েছে।",17.24,0.0,10.34
news-50449838,আফগানিস্তান এবং ইরাকে ব্রিটিশ বাহিনীর হাতে বেসামরিক নাগরিক নিহত হবার ধামাচাপা দেবার অভিযোগ উঠেছে যুক্তরাজ্যের সরকার এবং দেশটির সেনাবাহিনীর বিরুদ্ধে।,"বিবিসি প্যানোরমা ও সানডে টাইমসের অনুসন্ধানে ১১ জন ব্রিটিশ গোয়েন্দা ইরাক ও আফগানিস্তানে ব্রিটিশ বাহিনীর যুদ্ধাপরাধের বিশ্বাসযোগ্য প্রমাণ পাওয়ার কথা জানিয়েছেন। যদিও ব্রিটিশ প্রতিরক্ষা মন্ত্রণালয় এই অভিযোগ অস্বীকার করেছে, গোয়েন্দারা বলছেন, সরকার ফিল শাইনারের ঘটনাকে অজুহাত হিসেবে ব্যবহার করে যুদ্ধাপরাধের তদন্ত বন্ধ করে দিয়েছে। ফলে, এই গুরুতর অভিযোগগুলোর কোনো বিচার প্রক্রিয়া শুরু হয়নি।",10.96,2.82,10.96
news-55642674,"যুক্তরাষ্ট্রের প্রেসিডেন্ট ডোনাল্ড ট্রাম্প মনে করেন, ক্যাপিটল হিলে দাঙ্গার আগে তিনি যে বক্তব্য দিয়েছিলেন, তারা পুরোপুরি ঠিক আছে।","সহিংসতা উস্কে দেওয়ার অভিযোগে ডেমোক্র্যাটরা ডোনাল্ড ট্রাম্পের বিরুদ্ধে কংগ্রেসে অভিশংসনের প্রস্তাব আনতে চলেছে, যা তিনি 'হাস্যকর' বলে উড়িয়ে দিয়েছেন। আগামী ২০শে জানুয়ারি জো বাইডেনের শপথ গ্রহণের মাধ্যমে ট্রাম্প ক্ষমতা থেকে সরে যাবেন, তবে তার আগেই প্রতিনিধি পরিষদে অভিশংসনের একটি প্রস্তাবের ওপর ভোটাভুটি হবে বলে ধারণা করা হচ্ছে। ট্রাম্প এই প্রস্তাবকে দেশের জন্য 'ভয়াবহ বিপদ' এবং 'ব্যাপক ক্ষোভের' কারণ বলে অভিহিত করেছেন, যদিও তিনি কোনো সহিংসতা চান না।",7.06,0.0,7.06
news-42133462,আমেরিকার অন্যতম বিখ্যাত সিভিল রাইটস অ্যাক্টিভিস্ট বা নাগরিক অধিকার আন্দোলনের কর্মী জন কনইয়ার্স কংগ্রেসে নিজের পদ থেকে সরে দাঁড়িয়েছেন। তার বিরুদ্ধে যৌন হয়রানির অভিযোগ ওঠার পর তিনি এই সিদ্ধান্ত নিলেন।,"মার্কিন কংগ্রেসে দীর্ঘদিনের সদস্য জন কনইয়ার্স তার বিরুদ্ধে ওঠা যৌন হয়রানির অভিযোগের জেরে পদত্যাগ করেছেন। ২০১৫ সালে একজন কর্মীকে যৌন ইঙ্গিতপূর্ণ আচরণ প্রত্যাখ্যান করায় চাকরিচ্যুত করা এবং সেই খবর গোপন রাখতে ২৭ হাজার ডলার দেওয়ার অভিযোগ রয়েছে তার বিরুদ্ধে। যদিও কনইয়ার্স সকল অভিযোগ অস্বীকার করে বলেছেন, তিনি নির্দোষ প্রমাণিত হবেন এবং এই অভিযোগ থেকে মুক্তি পেতেই পদত্যাগ করেছেন।",25.0,6.98,20.45
news-54948828,টুইটারে ভারতীয় ক্রিকেট দলের অধিনায়ক বিরাট কোহলির শেয়ার করা একটি ভিডিও নিয়ে ভারতের সোশ্যাল মিডিয়ায় বেশ আলোচনা-সমালোচনা তৈরি হয়েছে।,"বিরাট কোহলি দিওয়ালি উপলক্ষে আতশবাজি না পোড়ানোর আহ্বান জানিয়ে একটি ভিডিও পোস্ট করে সমালোচনার মুখে পড়েছেন। অনেকেই তার এই বার্তা সমর্থন করলেও, কিছু ব্যবহারকারী প্রশ্ন তুলেছেন যে নিজের জন্মদিনে আতশবাজি পোড়ানোর সময় তিনি কেন প্রতিবাদ করেননি। এই ঘটনার পর থেকে টুইটারে ""#স্ট্যান্ডউইথভিরাট"" এবং কোহলি ও আনুশকা শর্মার বিরুদ্ধে ক্ষোভ প্রকাশ করা অন্যান্য হ্যাশট্যাগ ট্রেন্ড করছে।",13.33,2.74,8.0
news-50086291,ভারত-বাংলাদেশ সীমান্তে দুই দেশের সীমান্তরক্ষী বাহিনীর মধ্যে গোলাগুলিতে এক ভারতীয় সীমান্ত রক্ষী নিহত হয়েছেন সে দেশের কর্মকর্তারা জানিয়েছেন।,"ভারত-বাংলাদেশ সীমান্তে পদ্মায় মাছ ধরা নিয়ে বিজিবি ও বিএসএফের মধ্যে সংঘর্ষে একজন বিএসএফ সদস্য নিহত হয়েছেন বলে অভিযোগ উঠেছে। বিএসএফের দাবি, পতাকা বৈঠকের পর বিজিবি সদস্যরা তাদের ওপর গুলি চালায়, যার ফলে একজন বিএসএফ সদস্যের মৃত্যু হয়। তবে বিজিবি এই অভিযোগ অস্বীকার করে জানিয়েছে, তারা বিএসএফ সদস্য নিহত হওয়ার কোনো প্রমাণ পায়নি এবং উভয় পক্ষই বিষয়টি তদন্ত করছে।",12.82,5.26,12.82
news-46454788,সাদা ফিনফিনে এবং ৭৫ ফুট দীর্ঘ একটি পোশাক নিয়ে টুইটার-ইন্সটাগ্রাম-ফেসবুকে এখন তোলপাড় চলছে। বলিউড তারকা প্রিয়াংকা চোপড়ার বিয়ের পোশাক এটি। তিনি নিজেই আজ বুধবার ইনস্টাগ্রামে এটির ছবি এবং ভিডিও পোস্ট করেছেন।,"প্রিয়াঙ্কা চোপড়া এবং নিক জোনাস সম্প্রতি রাজস্থানে এক জাঁকজমকপূর্ণ অনুষ্ঠানে বিবাহ বন্ধনে আবদ্ধ হয়েছেন, যেখানে প্রিয়াঙ্কা র‍্যালফ লরেনের ডিজাইন করা বিশ লাখ মুক্তার চুমকি খচিত পোশাক পরেছিলেন। তাদের বিয়ের অনুষ্ঠানে খ্রীস্টান ও হিন্দু উভয় রীতি অনুসরণ করা হয়, যা প্রিয়াঙ্কা ""দুই ধর্মের মিশেল"" হিসেবে বর্ণনা করেছেন। এই বিয়েতে প্রিয়াঙ্কার দীর্ঘ অবগুণ্ঠন বিশেষ নজর কেড়েছে, যা মেগান মার্কেলের বিয়ের পোশাকের সঙ্গেও তুলনা করা হয়েছে।",10.31,0.0,8.25
news-52018765,বাংলাদেশে করোনাভাইরাস শনাক্ত হওয়ার পর থেকেই সবার দৃষ্টি পড়েছে এ রকম একটি স্বাস্থ্য জরুরি অবস্থা মোকাবেলায় দেশটির স্বাস্থ্য অবকাঠামো ঠিক কতটা প্রস্তুত সেই দিকে।,"বাংলাদেশে করোনাভাইরাসে আক্রান্তের সংখ্যা ৩৯ জন হলেও, হাসপাতালগুলোতে পর্যাপ্ত শয্যা, আইসিইউ এবং ভেন্টিলেটরের তীব্র অভাব রয়েছে। ঢাকার আটটি হাসপাতাল এখনো পুরোপুরি প্রস্তুত নয় এবং জেলা পর্যায়ের হাসপাতালগুলোতে প্রয়োজনীয় সরঞ্জাম ও প্রস্তুতির ঘাটতি দেখা যাচ্ছে। স্বাস্থ্য বিশেষজ্ঞদের মতে, যদি বিপুল সংখ্যক মানুষ আক্রান্ত হয়, তবে সীমিত চিকিৎসা ব্যবস্থার কারণে পরিস্থিতি সামাল দেওয়া কঠিন হবে, যা বিশ্বজুড়ে ভেন্টিলেটরের অভাবের সাথে মিলে যায়।",7.14,0.0,4.76
news-43362907,"উত্তর কোরিয়ার নেতা কিম জং আনের সাথে বৈঠকে বসতে রাজি হওয়ার একদিন পর প্রেসিডেন্ট ট্রাম্প টুইট করে বলেছেন, সেখানে সমঝোতা হওয়ার ব্যাপারে তিনি আশাবাদী।","উত্তর কোরিয়ার নেতা কিম জং আন ও মার্কিন প্রেসিডেন্ট ডোনাল্ড ট্রাম্পের মধ্যে একটি ঐতিহাসিক বৈঠক অনুষ্ঠিত হতে যাচ্ছে, যা যুক্তরাষ্ট্রের কোনো প্রেসিডেন্টের জন্য প্রথম। এই বৈঠকের আমন্ত্রণ দক্ষিণ কোরিয়ার প্রতিনিধি দলের মাধ্যমে এসেছিল এবং ট্রাম্প তা গ্রহণ করে সবাইকে চমকে দিয়েছেন। যদিও হোয়াইট হাউস প্রথমে পরমাণু কর্মসূচি বন্ধের সুনির্দিষ্ট পদক্ষেপের শর্ত দিয়েছিল, ট্রাম্প প্রশাসনের গুরুত্বপূর্ণ ব্যক্তিদের সঙ্গে আলোচনা ছাড়াই বৈঠকের সিদ্ধান্ত নিয়েছেন বলে জানা গেছে।",17.98,9.2,17.98
news-44968011,বাংলাদেশের দিনাজপুরে বড়পুকুরিয়া কয়লা খনি থেকে কয়লা চুরির কেলেঙ্কারি সপ্তাহ-খানেক আগে ফাঁস হয়ে পড়ার পর সরকারের শীর্ষ মহলে তীব্র প্রতিক্রিয়া হয়েছে।,"বড়পুকুরিয়া কয়লা খনি থেকে কয়লা চুরির ঘটনায় প্রধানমন্ত্রী শেখ হাসিনা ক্ষোভ প্রকাশ করে দ্রুত দোষীদের চিহ্নিত করার নির্দেশ দিয়েছেন। এই ঘটনায় ১৯ জন কর্মকর্তার বিরুদ্ধে মামলা হয়েছে এবং দুর্নীতি দমন কমিশন (দুদক) তদন্ত শুরু করেছে, যেখানে খনির চারজন শীর্ষ কর্মকর্তার দেশত্যাগে নিষেধাজ্ঞা জারি করা হয়েছে। ২০০৫ সাল থেকে খনি থেকে প্রায় ১.৪৪ লাখ টন কয়লা চুরির ফলে বড়পুকুরিয়া তাপ বিদ্যুৎ কেন্দ্রটি বন্ধ হয়ে গেছে, যা জ্বালানি মন্ত্রণালয়ের তদন্তে উঠে এসেছে।",19.35,10.99,17.2
news-43430104,জহিরুল ইসলামের বাড়ি বাংলাদেশের গাজীপুরে। উন্নত জীবনের আশায় ২০১৩ সালে তিনি সমুদ্র পথে পাড়ি জমান মালয়েশিয়ার উদ্দেশ্যে। কিন্তু গন্তব্যে পৌঁছানো হয় নি তার।,"জহিরুল ইসলাম নামে এক বাংলাদেশি যুবক বিদেশে কাজের সন্ধানে গিয়ে দালালের খপ্পরে পড়ে পাপুয়া নিউ গিনির একটি অভিবাসী শিবিরে চার বছর আটকে পড়েন। এই সময়ে তিনি পরিবারের সঙ্গে যোগাযোগ করতে পারেননি এবং তার বাবা মারা গেলেও তিনি অনেক পরে খবর পান। অস্ট্রেলিয়া পৌঁছানোর পর তিনি জানতে পারেন যে তার মতো আরও অনেক বাংলাদেশি সেখানে আটকা পড়েছেন, যাদের অস্ট্রেলিয়া কর্তৃপক্ষ পাপুয়া নিউ গিনির একটি অভিবাসী ক্যাম্পে পাঠিয়ে দেয়।",6.67,0.0,6.67
news-38871861,"এক সমীক্ষায় দেখা গেছে , হাসপাতালে চিকিৎসা শেষ হওয়া সত্ত্বেও কিছু রোগীকে প্রায় এক বছর বা তারও বেশি ওই হাসপাতালেই কাটিয়ে দিতে হয়।","স্কটিশ লিবারেল ডেমোক্রেটদের একটি গবেষণা অনুযায়ী, স্কটল্যান্ডের হাসপাতালগুলোতে রোগীরা চিকিৎসা শেষেও ছাড়পত্র না পেয়ে দীর্ঘ সময় ধরে আটকে থাকেন। ২০১৩ থেকে ২০১৬ সাল পর্যন্ত পরিচালিত এই গবেষণায় দেখা গেছে, ডামফ্রাইস এন্ড গ্যালোওয়ের একটি হাসপাতালে একজন রোগী ৫০৮ দিন ধরে আটকে ছিলেন এবং ফাইফ ও হাইল্যান্ড রেকর্ড বোর্ডে এক বছরের বেশি সময় ধরে আটকে থাকা রোগীদের রেকর্ডও পাওয়া গেছে। স্কটল্যান্ডের ফার্স্ট মিনিস্টার নিকোলা স্টার্জন এই পরিস্থিতিকে ""কোনভাবেই গ্রহণযোগ্য নয়"" বলে মন্তব্য করেছেন।",12.9,2.2,10.75
news-42408125,"বাংলাদেশের পররাষ্ট্রমন্ত্রী এএইচ মাহমুদ আলী জানিয়েছেন, মিয়ানমার থেকে পালিয়ে বাংলাদেশে আসা রোহিঙ্গাদের পুনর্বাসনের জন্য ঢাকা ও নেপিডোর মধ্যে জয়েন্ট ওয়ার্কিং গ্রুপ গঠন করা হয়েছে।","রাষ্ট্রীয় অতিথি ভবন মেঘনায় বাংলাদেশ ও মিয়ানমারের মধ্যে রোহিঙ্গা প্রত্যাবাসন সংক্রান্ত একটি যৌথ ওয়ার্কিং গ্রুপ গঠিত হয়েছে। এই গ্রুপে দুই দেশের পররাষ্ট্র সচিবের নেতৃত্বে মোট ৩০ জন সদস্য থাকবেন, যারা রোহিঙ্গাদের মিয়ানমারে ফেরত পাঠানোর পদ্ধতি নির্ধারণ করবেন। যদিও তিন সপ্তাহের মধ্যে কমিটি গঠনের কথা ছিল, তবে দেরিতে হলেও এই কমিটি গঠিত হলো এবং এর কাজের অগ্রাধিকার সম্পর্কে বিস্তারিত জানানো হয়নি।",14.29,2.44,11.9
news-41641674,"সারা দুনিয়ায় যে সব মেগাসিটিতে মেয়েদের সবচেয়ে বেশি যৌন সহিংসতার সম্মুখীন হতে হয়, তার ওপর করা একটি জরিপে দিল্লি ও সাও পাওলো যৌথভাবে শীর্ষস্থানে এসেছে।","নির্ভয়া ধর্ষণ ঘটনার পাঁচ বছর পরেও দিল্লিতে মেয়েদের ওপর যৌন সহিংসতা উদ্বেগজনকভাবে বেড়েছে, যা টমসন রয়টার্স ফাউন্ডেশনের এক সমীক্ষায় উঠে এসেছে। এই সমীক্ষা অনুযায়ী, ২০১৬ সালে দিল্লিতে ২,১৫৫টি ধর্ষণের ঘটনা রেকর্ড করা হয়েছে, যা ২০১২ সালের তুলনায় ৬৭% বেশি এবং বিশ্বের অন্যান্য মেগাসিটির তুলনায় অনেক বেশি। শহরের তরুণীরা রাস্তাঘাট ও গণপরিবহনে নিয়মিত হয়রানির শিকার হন এবং প্রতিবাদ করলে উল্টো হুমকির মুখে পড়েন, যা দিল্লির নারীদের নিরাপত্তাহীনতার চিত্র তুলে ধরে।",12.63,0.0,6.32
news-49174198,"ঢাকায় এডিস মশা নিয়ন্ত্রণের কোন কার্যক্রমই নেই, ফলে ডেঙ্গু নিয়ে বর্তমান পরিস্থিতির তৈরি হয়েছে বলে মনে করছেন বিশেষজ্ঞরা।","জাহাঙ্গীরনগর বিশ্ববিদ্যালয়ের কীটতত্ত্বের অধ্যাপক কবিরুল বাশার বলেছেন যে, ঢাকায় এডিস মশা নিয়ন্ত্রণের জন্য কোনো কার্যকর ব্যবস্থা নেই, যার ফলে এই পরিস্থিতির সৃষ্টি হয়েছে। তিনি জানান, সিটি কর্পোরেশনগুলো মূলত কিউলেক্স মশা দমনের জন্য কীটনাশক ব্যবহার করে, যা এডিস মশার আবাসস্থল (মানুষের বাড়ি ও আশেপাশে জমে থাকা পানি) থেকে ভিন্ন। অধ্যাপক বাশার আরও উল্লেখ করেন যে, এডিস মশা নিয়ন্ত্রণের জন্য বিশেষভাবে প্রশিক্ষিত কর্মী এবং সুনির্দিষ্ট কার্যক্রমের অভাব রয়েছে, যা সিটি কর্পোরেশনগুলো পূরণ করতে পারেনি।",17.78,6.82,17.78
news-50367014,রাশিয়ার একজন সুপরিচিত ঐতিহাসিক তার প্রেমিকাকে হত্যা করার কথা স্বীকার করেছেন। ওই নারী তার সাবেক এক ছাত্রী ছিলেন।,"অধ্যাপক ওলেগ সোকোলফ, যিনি নেপোলিয়ন বিশেষজ্ঞ, মাতাল অবস্থায় একটি নদীতে পড়ে যান এবং তার ব্যাগে এক নারীর কাটা হাত পাওয়া যায়। পরে পুলিশ তার বাড়ি থেকে ২৪ বছর বয়সী ছাত্রী আনাস্তাসিয়া ইয়েশচেঙ্কোর বিকৃত দেহ উদ্ধার করে। অধ্যাপক সোকোলফ তার প্রেমিকাকে খুন করে দেহ টুকরো টুকরো করার কথা স্বীকার করেছেন এবং জানিয়েছেন যে তিনি মানসিক চাপে ভুগছিলেন।",24.32,11.11,16.22
news-50172787,বাংলাদেশে বিপ্লব নামে এক ব্যক্তির ফেসবুক আইডি হ্যাক করে ইসলামের নবীকে নিয়ে অবমাননাসূচক পোস্ট দেয়া হ্যাকার কে ছিল - তা এখনো 'সুনির্দিষ্টভাবে চিহ্নিত করা যায়নি' বলে জানা গেছে।,"ভোলায় সহিংস বিক্ষোভে পুলিশের গুলিতে চারজন নিহত হওয়ার পর পুলিশ ইন্টারনেট ভিডিও দেখে জড়িতদের চিহ্নিত করার চেষ্টা করছে। স্বরাষ্ট্রমন্ত্রী আসাদুজ্জামান খান জানিয়েছেন, ফেসবুক হ্যাকারের সুনির্দিষ্ট তথ্য না দিলেও কিছু ধারণা দিয়েছে, যার ভিত্তিতে হ্যাকারকে শনাক্ত করার প্রক্রিয়া চলছে। যদিও পুলিশ দু'জনকে আটক করেছে, তারা নিজেদের নির্দোষ দাবি করায় ফেসবুকের তথ্যের ওপর নির্ভর করে প্রকৃত হ্যাকারকে চিহ্নিত করার চেষ্টা চলছে।",6.9,0.0,6.9
news-46092714,ইরানের তেল খাতকে লক্ষ্য করে আমেরিকা আজ থেকে কঠোর অবরোধ আরোপ করতে যাচ্ছে। ইরানের প্রেসিডেন্ট হাসান রুহানি এ নিয়ে তীব্র প্রতিক্রিয়া দেখিয়েছেন।,"ইরানের প্রেসিডেন্ট হাসান রুহানি যুক্তরাষ্ট্রের নতুন নিষেধাজ্ঞার তীব্র নিন্দা জানিয়েছেন এবং বলেছেন যে এটি সফল হবে না। এই নিষেধাজ্ঞা ইরানের তেল রপ্তানি ও অর্থনীতিতে মারাত্মক প্রভাব ফেলবে, যদিও ইউরোপীয় ইউনিয়ন ইরানের সাথে বাণিজ্যরত কোম্পানিগুলোকে সহায়তার প্রস্তাব দিয়েছে। মার্কিন প্রেসিডেন্ট ডোনাল্ড ট্রাম্প ২০১৫ সালের পরমাণু চুক্তি থেকে বেরিয়ে আসার পর এই নিষেধাজ্ঞা আরোপ করা হয়েছে, যার ফলে আন্তর্জাতিক কোম্পানিগুলো ইরান থেকে বিনিয়োগ তুলে নিচ্ছে এবং দেশটির অপরিশোধিত তেল রপ্তানি কমে গেছে।",19.57,8.89,10.87
news-43945802,আগামী চব্বিশ ঘণ্টায় দেশের বিভিন্ন এলাকায় আরও কালবৈশাখী ঝড়ের পূর্বাভাস দিয়েছে বাংলাদেশের আবহাওয়া অধিদপ্তর।,"আজ সকাল থেকে ঢাকা ও এর আশেপাশের এলাকায় গভীর অন্ধকার নেমে এসেছে এবং বজ্রসহ বৃষ্টি শুরু হয়েছে। আবহাওয়া অধিদপ্তর জানিয়েছে, আগামী ২৪ ঘণ্টায় দেশের প্রায় সর্বত্রই কালবৈশাখী ঝড়ো হাওয়া, ভারী বর্ষণ এবং শিলাবৃষ্টি হতে পারে। গত এক মাসে বজ্রপাতে ৫০ জনের বেশি মানুষের মৃত্যু হয়েছে, যার মধ্যে রবিবারেই ১৬ জন মারা গেছেন।",18.18,6.25,12.12
news-52336713,করোনাভাইরাস প্রাদুর্ভাব নিয়ন্ত্রণে বাংলাদেশের সব জায়গায় সব ধরনের জনসমাগম - এমনকি ধর্মীয় জমায়েতও- নিষিদ্ধ করা করা হলেও শনিবার সকালে ব্রাহ্মণবাড়িয়ায় এক ধর্মীয় বক্তার শেষকৃত্যে হাজার হাজার মানুষের জমায়েতের ঘটনা ঘটেছে।,"ব্রাহ্মণবাড়িয়ার সরাইল উপজেলায় এক জনপ্রিয় ইসলামিক বক্তা যোবায়ের আহমেদ আনসারীর জানাজায় হাজার হাজার মানুষের জমায়েত হয়। পুলিশ জানায়, মাদ্রাসা কর্তৃপক্ষ সামাজিক দূরত্ব বজায় রাখার আশ্বাস দিলেও, হঠাৎ করে এত মানুষের আগমন নিয়ন্ত্রণ করা তাদের পক্ষে সম্ভব ছিল না। এই ঘটনাটি করোনাভাইরাস সংক্রমণের ঝুঁকির মধ্যে জনসমাগম এড়ানোর সরকারি নির্দেশনার পরিপন্থী।",17.95,5.26,10.26
news-45094051,নিরাপদ সড়কের দাবীতে শিক্ষার্থীদের করা আন্দোলনের ফলেই সরকার দ্রুতগতিতে সড়ক পরিবহন আইন বাস্তবায়ন করতে উদ্যোগী হয়েছে বলে মনে করছেন রাজনৈতিক বিশ্লেষকরা।,"শিক্ষার্থীদের নিরাপদ সড়ক আন্দোলনের ফলে নতুন সড়ক পরিবহন আইনে ড্রাইভিং লাইসেন্স, ট্যাক্স টোকেন, রোড পারমিট ও ফিটনেসসহ গাড়ির বিভিন্ন বিষয়কে গুরুত্ব দেওয়া হয়েছে। জাহাঙ্গীরনগর বিশ্ববিদ্যালয়ের অধ্যাপক নাসরীন সুলতানা মনে করেন, এই আন্দোলন না হলে সরকারের বিভিন্ন পর্যায়ে এ বিষয়ে এত আলোচনা হতো না। তবে আইন প্রণয়ন হলেও এর কার্যকর বাস্তবায়নের জন্য নাগরিক ও আইন প্রয়োগকারী সংস্থা উভয়েরই দায়িত্বশীল ভূমিকা পালন করা জরুরি।",16.87,0.0,9.64
news-55130987,বাংলাদেশে কক্সবাজারের শরণার্থী শিবির থেকে পালিয়ে এসে ভারতের একটি ট্রেনে চেপে যাওয়ার সময় চোদ্দজন রোহিঙ্গা শরণার্থীর একটি বড় দল পুলিশের হাতে ধরা পড়েছে।,ত্রিপুরার আগরতলা থেকে দিল্লিগামী রাজধানী এক্সপ্রেসে ভুয়া পরিচয়পত্র ব্যবহার করে ভ্রমণ করার সময় ১৪ জন রোহিঙ্গাকে শিলিগুড়ির নিউ জলপাইগুড়ি স্টেশন থেকে আটক করা হয়েছে। তারা অন্য যাত্রীদের সঙ্গে বচসায় জড়িয়ে পড়লে রেল পুলিশ তাদের আটক করে। এই ঘটনাটি বাংলাদেশে বসবাসকারী রোহিঙ্গাদের ত্রিপুরা সীমান্ত ব্যবহার করে ভারতে প্রবেশের সাম্প্রতিক প্রবণতাকে তুলে ধরে।,8.11,0.0,5.41
news-53698361,করোনাভাইরাস মহামারির পর দীর্ঘ সময় ধরে স্থবির অবস্থায় ছিল বাংলাদেশের পর্যটন কেন্দ্রগুলো। কিন্তু এই কোরবানির ঈদে টানা কয়েকদিনের ছুটিতে বড় ধরনের জন সমাগম দেখা গেছে বেশ কয়েকটি স্পটে।,"কক্সবাজার সমুদ্র সৈকতে স্বাস্থ্যবিধি না মেনে পর্যটকদের উপচে পড়া ভিড় দেখা যাচ্ছে, যা স্থানীয়দের মধ্যে করোনা ভাইরাস সংক্রমণের আতঙ্ক সৃষ্টি করেছে। সরকারিভাবে হোটেল-মোটেল বন্ধ থাকা সত্ত্বেও এই ভিড় লক্ষ্য করা যাচ্ছে এবং স্বাস্থ্যবিধি নজরদারির কোনো ব্যবস্থা নেই। পর্যটকদের এই অসচেতনতা এবং কর্তৃপক্ষের উদাসীনতা স্থানীয়দের জীবন ও জীবিকাকে ঝুঁকির মুখে ফেলছে।",5.06,0.0,2.53
news-50232261,চার মাসের শিশু সন্তানকে নিয়ে ঝালকাঠীর রাজাপুর থেকে স্বরূপকাঠী যাচ্ছিলেন প্রাথমিক বিদ্যালয়ের শিক্ষক জয়ন্তী বিশ্বাস। পথের মধ্যে বাসে হঠাৎ করে বাচ্চা কান্নাকাটি শুরু।,"ঢাকার একটি বাস স্টপে প্রকাশ্যে শিশুকে বুকের দুধ খাওয়ানোর সময় এক মা দ্বিধায় পড়েন, কারণ বাংলাদেশের সমাজে এটি ভালো চোখে দেখা হয় না। এই সমস্যা সমাধানের জন্য সম্প্রতি হাইকোর্ট পাবলিক প্লেস ও কর্মস্থলে ব্রেস্ট ফিডিং কর্নার স্থাপনের নির্দেশ দিয়েছে। এর ফলে জনসমাগমস্থলে মায়েদের শিশুকে বুকের দুধ খাওয়ানোর ঝক্কি কমবে এবং তারা স্বাচ্ছন্দ্যে তা করতে পারবেন।",0.0,0.0,0.0
news-41751839,বাংলাদেশের পুলিশ দক্ষিণ-পশ্চিমাঞ্চলীয় জেলা মেহেরপুর থেকে ভারত থেকে 'পুশ-ব্যাক' হয়ে আসা একটি রোহিঙ্গা পরিবারকে আটক করেছে।,"জম্মু শহরের বাইরে বসবাসকারী একটি রোহিঙ্গা পরিবারকে ভারতীয় নিরাপত্তা বাহিনী গভীর রাতে বাংলাদেশের মেহেরপুর জেলার কেদারগঞ্জ বাজারে ঠেলে দিয়েছে। স্থানীয়দের মাধ্যমে খবর পেয়ে পুলিশ তাদের নিরাপত্তা হেফাজতে নেয় এবং জিজ্ঞাসাবাদে তারা জানায় যে তারা ভারত থেকে এসেছে। পরিবারটি প্রায় সাত মাস আগে মিয়ানমার থেকে ভারতে প্রবেশ করেছিল এবং পাঞ্জাবে অবস্থান করছিল, তবে কীভাবে তারা মেহেরপুরের কাছে নদীয়ায় পৌঁছাল তা স্পষ্ট নয়।",22.78,7.79,10.13
news-56460379,বাংলাদেশ সিভিল সার্ভিস -বিসিএস পরীক্ষায় যারা ঝরে যান তাদের বেশিরভাগের বিকল্প ক্যারিয়ার পরিকল্পনা না থাকায় এক পর্যায়ে হতাশাগ্রস্ত হয়ে পড়েন।,"বিসিএস পরীক্ষা বাংলাদেশের তরুণদের কাছে অত্যন্ত আকাঙ্ক্ষিত, যেখানে বিপুল সংখ্যক পরীক্ষার্থী সীমিত সংখ্যক পদের জন্য প্রতিযোগিতা করে। বিসিএস-কেন্দ্রিক প্রস্তুতির কারণে অনেকে অন্য পেশার সুযোগ থেকে বঞ্চিত হন এবং ব্যর্থ হলে হতাশ হয়ে পড়েন। বিশেষজ্ঞরা পরামর্শ দিয়েছেন যে, শুধুমাত্র বিসিএস-এর উপর নির্ভর না করে অন্যান্য ক্ষেত্রেও নিজেদের প্রস্তুত রাখা উচিত।",5.63,0.0,5.63
news-44844781,বাংলাদেশে কোটা সংস্কার আন্দোলনকে কেন্দ্র করে শিক্ষক হেনস্থা ও শিক্ষার্থী লাঞ্ছনা ঘটনার প্রতিবাদে মানববন্ধন ও মিছিলের কর্মসূচি পালিত হয়েছে ঢাকা বিশ্ববিদ্যালয়ে।,"ঢাকা বিশ্ববিদ্যালয়ে কোটা সংস্কার আন্দোলনকে কেন্দ্র করে শিক্ষার্থী ও শিক্ষকদের ওপর হামলার প্রতিবাদে মানববন্ধন ও বিক্ষোভ হয়েছে। আন্দোলনকারীরা জড়িতদের বিরুদ্ধে ব্যবস্থা এবং শিক্ষক-শিক্ষার্থীদের নিরাপত্তা নিশ্চিত করার দাবি জানিয়েছে। যদিও বিশ্ববিদ্যালয় কর্তৃপক্ষ তদন্ত কমিটি গঠন করে তিনজনের বিরুদ্ধে ব্যবস্থা নিয়েছে, তবুও শিক্ষার্থীরা ৭২ ঘণ্টার ক্লাস বর্জনের ডাক দিয়েছে এবং আরও কঠোর পদক্ষেপের দাবি জানিয়েছে।",37.33,19.18,26.67
news-51672499,করোনাভাইরাসের উপস্থিতি এখন অ্যান্টার্কটিকা ছাড়া আর সব মহাদেশেই - এবং এই প্রথমবারের মতো চীনের বাইরে এটি দ্রুতগতিতে ছড়াতে শুরু করেছে।,"করোনাভাইরাস মোকাবিলায় বিভিন্ন শহরে গণপরিবহন ও জনসমাগমস্থল জীবাণুমুক্তকরণ এবং বড় জমায়েত বাতিল করা হচ্ছে। থাইল্যান্ডে একজন এমপির জাপান থেকে ফেরার পর পুরো পার্লামেন্ট জীবাণুমুক্ত করা হয়েছে। গণপরিবহন ভাইরাসের অন্যতম প্রধান বাহক হওয়ায় দক্ষিণ কোরিয়া থেকে ইতালি পর্যন্ত সব দেশেই ট্রেন ও বাস স্টেশনগুলোতে ব্যাপক পরিচ্ছন্নতা কার্যক্রম চালানো হচ্ছে। এছাড়া, সাংহাইতে চাইনিজ ফর্মুলা ওয়ান গ্রাঁ প্রি, ষষ্ঠ এশিয়ান চ্যাম্পিয়নস লীগ এবং ইতালির অংশগ্রহণে ইউরোপের রাগবি ও ফুটবল প্রতিযোগিতা স্থগিত করা হয়েছে, যা অলিম্পিকের মতো বড় ইভেন্টেও প্রভাব ফেলছে।",6.25,0.0,6.25
news-43446969,নিদাহাস ট্রফির ফাইনাল ম্যাচে রোববার সন্ধ্যায় মুখোমুখি হচ্ছে বাংলাদেশ ও ভারত। শ্রীলংকার কলম্বোর প্রেমাদাসা স্টেডিয়ামে অনুষ্ঠিত হবে এই ম্যাচটি।,"বাংলাদেশ এখন পর্যন্ত কোনো ফাইনাল ম্যাচে জয় পায়নি এবং ভারতের বিপক্ষে তাদের সাম্প্রতিক পারফরম্যান্স ভালো নয়। ক্রিকেট বিশ্লেষক নাজমুল আবেদীন ফাহিমের মতে, ভারতের টপ অর্ডারকে দ্রুত আউট করা এবং বাংলাদেশের টপ অর্ডার ব্যাটসম্যানদের ভালো খেলা জরুরি। টি-টোয়েন্টি ক্রিকেটে ছন্দ ধরে রাখা অত্যন্ত গুরুত্বপূর্ণ, যা বাংলাদেশের জয়ের জন্য সহায়ক হতে পারে।",8.57,2.94,5.71
news-40366438,"মাত্র কয়েকদিন আগেই কলকাতার জনপ্রিয় নায়ক জিৎ তার ফেসবুকে বলেছিলেন, ""আকাশে যতই মেঘ ঘনিয়ে আসুক না কেন সূর্য ওঠা কেউ আটকাতে পারে না।""","যৌথ প্রযোজনার চলচ্চিত্র 'বস টু' এবং 'নবাব' বাংলাদেশে মুক্তির অনুমতি পাওয়ায় বিতর্ক সৃষ্টি হয়েছে। বাংলাদেশের শিল্পীদের একাংশ অভিযোগ করেছেন যে, যৌথ প্রযোজনার নামে কলকাতার চলচ্চিত্র বাংলাদেশে প্রদর্শিত হচ্ছে এবং যৌথ প্রযোজনার নীতিমালা মানা হয়নি। 'বস টু' এর নায়ক জিৎ এবং 'নবাব' এর নায়ক শাকিব খান হলেও, শাকিব খানসহ অনেক শিল্পী এই চলচ্চিত্রগুলোর প্রদর্শনের বিরুদ্ধে অবস্থান নিয়েছেন।",5.06,0.0,5.06
news-51664932,করোনাভাইরাসের কারণে চীনের সাথে পণ্য আনা-নেয়া ব্যহত হওয়ায় দেশটির সঙ্গে বাংলাদেশের বাণিজ্যে ব্যাপক ক্ষতির আশংকা করা হচ্ছে।,"করোনাভাইরাসের কারণে চীনের সাথে বাংলাদেশের বাণিজ্যিক কার্যক্রমে বড় ধরনের প্রভাব পড়েছে, কারণ বাংলাদেশের মোট আমদানির ২৫% চীন থেকে আসে এবং অনেক খাতের কাঁচামাল ও যন্ত্রাংশও সেখান থেকে আমদানি হয়। বাংলাদেশ ট্রেড অ্যান্ড ট্যারিফ কমিশন ১৪টি খাত চিহ্নিত করে সরকারকে একটি রিপোর্ট পাঠিয়েছে, যেখানে তৈরি পোশাক, চামড়া, ওষুধ এবং ইলেক্ট্রনিক্স শিল্পসহ আমদানি ও রপ্তানি উভয় ক্ষেত্রেই আর্থিক ক্ষতির আশঙ্কা প্রকাশ করা হয়েছে। ব্যবসায়ীরা বলছেন, আমদানি করা পণ্য ও কাঁচামালের মজুদ প্রায় শেষ হওয়ায় উৎপাদন ও সরবরাহ উভয় ক্ষেত্রেই তারা ঝুঁকির মধ্যে রয়েছেন।",18.18,6.19,14.14
news-43959920,"চট্টগ্রামে ইয়াবা বিক্রির দায়ে এক যুবকের বিরুদ্ধে মামলার পর, তার মা পাল্টা মামলা করেছেন সাতজন পুলিশের বিরুদ্ধে। তার অভিযোগ, টাকা চেয়ে না পেয়ে ছেলের পকেটে ইয়াবা ঢুকিয়ে ফাঁসানো হয়েছে ।","বাংলাদেশে ইয়াবা সংক্রান্ত হয়রানি ও চাঁদাবাজির অভিযোগ বাড়ছে, যেখানে পুলিশ সদস্যদের বিরুদ্ধে ইয়াবা দিয়ে ফাঁসিয়ে টাকা আদায়ের অভিযোগ উঠেছে। সম্প্রতি চট্টগ্রামের এক নারী তার ছেলেকে ইয়াবা দিয়ে ফাঁসানোর অভিযোগে পাহাড়তলী থানার ওসি সহ সাত পুলিশ সদস্যের বিরুদ্ধে মামলা করেছেন। আদালত এই অভিযোগের তদন্ত করে এক মাসের মধ্যে রিপোর্ট জমা দিতে সিআইডিকে নির্দেশ দিয়েছে, যা পুলিশের বিরুদ্ধে এমন অভিযোগের বিরল দৃষ্টান্ত।",24.72,4.6,15.73
news-49160596,আফ্রিকার দেশ ইথিওপিয়াতে একদিনে রোপণ করা হয়েছে ৩৫০ মিলিয়ন বা ৩৫ কোটি গাছ।,"ইথিওপিয়া জলবায়ু পরিবর্তন মোকাবিলা এবং বন উজাড় রোধে ""গ্রিন লিগেসি ইনিশিয়েটিভ"" প্রকল্পের অধীনে একদিনে ৩৫ কোটি গাছ লাগিয়ে বিশ্ব রেকর্ড সৃষ্টি করেছে। এই কর্মসূচিতে সরকারি কর্মকর্তাদের অংশগ্রহণের সুযোগ দিতে কিছু সরকারি অফিস বন্ধ রাখা হয়েছিল। প্রধানমন্ত্রী আবি আহমেদ স্বয়ং এই প্রকল্পের নেতৃত্ব দিচ্ছেন, যার লক্ষ্য স্থানীয় জাতের মোট ৪ বিলিয়ন গাছ লাগানো।",12.31,6.35,12.31
news-51928107,"চীনের উহানে করোনাভাইরাসের প্রাদুর্ভাব ব্যাপকভাবে ছড়িয়ে পড়েছিল জানুয়ারি মাসের গোড়াতে, আর তখন থেকেই আশংকা করা হচ্ছিল যে নতুন এই ভাইরাসের সংক্রমণ চীনের বাইরেও ছড়িয়ে পড়তে পারে।","করোনাভাইরাস আক্রান্ত দেশগুলো থেকে আসা মানুষ এবং তাদের সংস্পর্শে আসা ব্যক্তিদের মধ্যেই বাংলাদেশে নমুনা পরীক্ষা সীমাবদ্ধ রাখা হয়েছে। চীন ও ইরানের পর ইতালিতে ব্যাপক সংক্রমণ দেখা গেলেও, বিশ্বের ১১৭টি দেশের মধ্যে বাংলাদেশও এই ভাইরাসে আক্রান্ত হয়েছে এবং এ পর্যন্ত ১০ জন শনাক্ত হয়েছেন। বিশেষজ্ঞরা মনে করছেন, চীনের প্রাদুর্ভাবের পর প্রায় দুই মাস সময় পেলেও বাংলাদেশ শুরু থেকে প্রস্তুতিতে গুরুত্ব দেয়নি এবং বর্তমান পদক্ষেপগুলোতেও সমন্বিত পরিকল্পনার অভাব রয়েছে।",6.45,0.0,4.3
news-52482424,বলিউড অভিনেতা ঋষি কাপুর ৬৭ বছর বয়সে মারা গেছেন।,বলিউড অভিনেতা ঋষি কাপুর দীর্ঘ অসুস্থতার পর মারা গেছেন। ১৯৭৩ সালে 'ববি' সিনেমার মাধ্যমে তার বলিউডে অভিষেক হয় এবং তিনি দুই দশকের বেশি সময় ধরে রোমান্টিক নায়ক হিসেবে কাজ করেছেন। পরবর্তীতে তিনি সফলভাবে চরিত্রাভিনেতা হিসেবেও পরিচিতি লাভ করেন। তার মৃত্যুতে ভারতের রাজনৈতিক ও চলচ্চিত্র অঙ্গনে শোকের ছায়া নেমে এসেছে।,20.69,14.29,20.69
news-40179451,"একজন বামপন্থি রাজনীতিক হিসাবে যিনি ৩০ বছর সংসদের পেছনের আসনে থেকে গেছেন, বিতর্কিত নানা ইস্যু সমর্থন করেছেন, বিবেকের তাড়নায় হরহামেশা দলের বিরুদ্ধে ভোট দিয়েছেন, সেই জেরেমি করবিন ২০১৫ সালে দলের নেতা নির্বাচনে প্রার্থী হয়ে বিস্ময় তৈরি করেন।","লেবার পার্টির বামপন্থীরা জেরেমি করবিনকে নেতৃত্ব নির্বাচনে অংশ নিতে রাজি করালেও তার জয়ের সম্ভাবনা কেউ ভাবেননি। কিন্তু স্বল্পভাষী এই ৬৬ বছর বয়সী এমপির ব্যক্তিত্ব লেবার পার্টির সদস্যদের আকৃষ্ট করে এবং তিনি বিপুল ভোটে নির্বাচিত হন, যা টনি ব্লেয়ার ও গর্ডন ব্রাউনের সময়ে নিরাসক্ত হওয়া সদস্যদের মধ্যে নতুন উদ্দীপনা সৃষ্টি করে। করবিনের বামপন্থী রাজনীতির পুনরুত্থান লেবার পার্টির এমপিদের মধ্যে উদ্বেগ সৃষ্টি করে এবং তাদের বিদ্রোহ সত্ত্বেও করবিন পুনরায় বিপুল ভোটে নির্বাচিত হন, যার পর তাকে সাধারণ নির্বাচনের মুখোমুখি হতে হয়।",6.9,0.0,3.45
news-48289766,"মার্কিন প্রেসিডেন্ট ডোনাল্ড ট্রাম্প দেশটির কম্পিউটার নেটওয়ার্ককে ""বিদেশি প্রতিপক্ষ"" থেকে রক্ষা করার জন্য জরুরি অবস্থা ঘোষণা করেছেন।","মার্কিন প্রেসিডেন্ট ডোনাল্ড ট্রাম্প একটি নির্বাহী আদেশে স্বাক্ষর করেছেন, যা বিদেশী টেলিকম ব্যবহারকারী মার্কিন কোম্পানিগুলোর নিরাপত্তা ঝুঁকি মোকাবেলায় আনা হয়েছে। যদিও কোনো নির্দিষ্ট কোম্পানির নাম উল্লেখ করা হয়নি, তবে বিশেষজ্ঞরা মনে করছেন এটি মূলত চীনা টেলিকম জায়ান্ট হুয়াওয়েকে লক্ষ্য করে করা হয়েছে। বিশ্বের বৃহত্তম টেলিকম সরঞ্জাম নির্মাতা হুয়াওয়ে অবশ্য তাদের পণ্য থেকে কোনো নিরাপত্তা ঝুঁকির অভিযোগ অস্বীকার করেছে।",16.0,8.22,13.33
news-57078355,জেরুসালেমে গত কয়েক সপ্তাহ ধরে কট্টর ইহুদি এবং ইসরায়েলি পুলিশের সাথে ফিলিস্তিনিদের যে ছোটখাটো সংঘাত চলছিল সোমবার তা বিপজ্জনক এক লড়াইয়ের রূপ নিয়েছে।,"জেরুসালেমের আল-আকসা মসজিদ চত্বরে ইসরায়েলি পুলিশের হামলায় তিন শতাধিক ফিলিস্তিনি আহত হওয়ার পর গাজা থেকে ইসরায়েলে রকেট হামলা শুরু হয়। এর প্রতিক্রিয়ায় ইসরায়েল গাজায় বিমান হামলা চালায়, যাতে অন্তত ২৫ ফিলিস্তিনি নিহত হয়, যার মধ্যে নয়টি শিশুও রয়েছে। এই ঘটনা ২০১৪ সালের পর জেরুসালেমে প্রথম রকেট হামলা এবং ইসরায়েলি প্রধানমন্ত্রী নেতানিয়াহু হামাসকে এর জন্য কঠোর শাস্তির হুঁশিয়ারি দিয়েছেন, যা জেরুসালেমে চরম উত্তেজনা সৃষ্টি করেছে।",9.09,4.65,6.82
news-47018347,"অনেক বছর বিদেশে কাটানোর পর স্থায়ী বসবাসের উদ্দেশ্য নিয়ে ২৯ বছর বয়সী বাসমা খালিফা ফিরেছিলেন মাতৃভূমি সৌদি আরবে। বিবিসিকে তিনি বলছিলেন, কিভাবে তাকে ছোট একটি ভুলের মাশুল দিতে হলো, যার কারণে তাকে আবার সৌদি আরব ছাড়তে হয়।","২০১৮ সালে সৌদি আরবে নারী অধিকার কর্মীদের আটকের খবর প্রকাশের পর বাসমা খালিফাকে ""দেশের সমালোচনা"" করার অভিযোগে দ্রুত দেশ ছাড়তে বলা হয়। তিনি বিবিসি-র জন্য একটি তথ্যচিত্রের শুটিং করছিলেন এবং নারী অধিকার নিয়ে প্রতিবেদন পড়ার কারণে তাকে তাৎক্ষণিকভাবে সৌদি আরব ত্যাগ করতে হয়। এই আকস্মিক ঘটনার পর তিনি লন্ডন ফিরে যান, যেখানে তিনি ২৫ বছর আগে শেষবার ছিলেন।",22.92,6.38,16.67
130801_pg_jamaat_registration_void,বাংলাদেশে ইসলামপন্থী রাজনৈতিক দল হিসেবে জামায়াতে ইসলামীর নিবন্ধন অবৈধ বলে ঘোষণা করেছে হাইকোর্ট।,"উচ্চ আদালত জামায়াতে ইসলামীর নিবন্ধন অবৈধ ঘোষণা করেছে, যার ফলে দলটি আগামী জাতীয় সংসদ নির্বাচনে অংশ নিতে পারবে না। জামায়াত এই রায়ের বিরুদ্ধে আপিল করেছে এবং স্থগিতাদেশ পেলে নির্বাচনে অংশ নিতে পারবে বলে জানিয়েছে। এই রায়ের প্রতিবাদে জামায়াত ৪৮ ঘণ্টার হরতাল ডেকেছে।",25.45,15.09,21.82
news-55998076,মিয়ানমারের রাজধানী নেপিডোতে নিষেধাজ্ঞা উপেক্ষা করে হাজার হাজার মানুষ বিক্ষোভ করার সময় পুলিশ তাদের ওপর রাবার বুলেট চালিয়েছে।,"মিয়ানমারে সামরিক অভ্যুত্থানের প্রতিবাদে চতুর্থ দিনের মতো বিক্ষোভ চলছে, যেখানে পুলিশ জলকামান, কাঁদানে গ্যাস এবং রাবার বুলেট ব্যবহার করে বিক্ষোভকারীদের ছত্রভঙ্গ করার চেষ্টা করছে। সামরিক সরকার নতুন বিধিনিষেধ জারি করলেও বিক্ষোভকারীরা পিছু হটছে না এবং নির্বাচিত নেত্রী অং সান সু চি ও তার দলের নেতাদের মুক্তির দাবি জানাচ্ছে। এই সংঘাতে অন্তত দুজন বিক্ষোভকারী গুরুতর আহত হয়েছেন বলে জানা গেছে।",15.58,2.67,10.39
news-41386652,দক্ষিণ পূর্ব এশিয়ার অর্থনৈতিক জোটের এক যৌথ বিবৃতিতে রোহিঙ্গা সঙ্কট নিয়ে যে বক্তব্য এসেছে তাতে তীব্র আপত্তি তুলেছে মালয়েশিয়া।,রোহিঙ্গা সঙ্কট নিয়ে আসিয়ান জোটের বিবৃতিতে 'রোহিঙ্গা মুসলিম' শব্দটি ব্যবহার না করায় মালয়েশিয়া তীব্র ক্ষোভ প্রকাশ করেছে এবং বিবৃতি থেকে নিজেদের প্রত্যাহার করে নিয়েছে। মালয়েশিয়ার প্রধানমন্ত্রী নাজিব রাজাক ও পররাষ্ট্রমন্ত্রী আনিফা আমান এই বিবৃতিকে বাস্তবতা বিবর্জিত ও রোহিঙ্গা মুসলিমদের নিগ্রহের কথা উল্লেখ না করার জন্য সমালোচনা করেছেন। এই ঘটনা আসিয়ান জোটে মালয়েশিয়ার অসন্তোষের বহিঃপ্রকাশ এবং জোটের ইতিহাসে এমন বিদ্রোহমূলক আচরণ বিরল।,15.0,5.13,10.0
news-48117799,"বাংলাদেশের আবহাওয়া অধিদপ্তর বলছে, 'অতি প্রবল' ঘূর্ণিঝড় ফণী দক্ষিণ-পশ্চিম বঙ্গোপসাগর ও তৎসংলগ্ন এলাকায় অবস্থান করছে।","ঘূর্ণিঝড় 'ফণী' বর্তমানে চট্টগ্রাম সমুদ্রবন্দর থেকে ১২৩৫ কিমি দূরে অবস্থান করছে এবং সমুদ্রবন্দরগুলোকে ৪ নম্বর স্থানীয় হুশিয়ারি সংকেত দেখাতে বলা হয়েছে। ভারতের উড়িষ্যায় শুক্রবার মধ্যরাতে ঘূর্ণিঝড়টি আঘাত হানার আশঙ্কায় ব্যাপক সতর্কতা জারি করা হয়েছে এবং লাখ লাখ মানুষকে নিরাপদ স্থানে সরিয়ে নেওয়া হচ্ছে। এর প্রভাবে বাংলাদেশে ৪ঠা মে বৃষ্টিপাত হতে পারে, তবে ঘূর্ণিঝড়টি উড়িষ্যা উপকূল অতিক্রম করার পরই বাংলাদেশে এর প্রভাব সম্পর্কে নিশ্চিতভাবে বলা যাবে।",7.41,2.53,7.41
news-41736132,"বাংলাদেশের স্বরাষ্ট্রমন্ত্রী বলেছেন, গত দু'মাসে বাংলাদেশে পালিয়ে আসা রোহিঙ্গাদের ফিরিয়ে নেওয়ার ব্যাপারে মিয়ানমার রাজি হয়েছে।","মিয়ানমারের স্বরাষ্ট্রমন্ত্রী ও পুলিশ প্রধানের সাথে বৈঠকের পর বাংলাদেশের স্বরাষ্ট্রমন্ত্রী আসাদুজ্জামান খান জানিয়েছেন যে রোহিঙ্গা প্রত্যাবাসনের লক্ষ্যে খুব শীঘ্রই দুই দেশের সমান সংখ্যক প্রতিনিধি নিয়ে একটি যৌথ ওয়ার্কিং কমিটি গঠন করা হবে। এই কমিটি কফি আনান কমিশনের সুপারিশের ভিত্তিতে রোহিঙ্গাদের ফেরত নেওয়ার পদ্ধতি নির্ধারণ করবে। যদিও মিয়ানমার রাখাইনে নির্যাতন অস্বীকার করেছে, বাংলাদেশ মাইন অপসারণ এবং রোহিঙ্গাদের অনুপ্রবেশ বন্ধের দাবি জানিয়েছে।",13.16,2.7,13.16
news-52076761,"প্যাঙ্গোলিন নামে একটি প্রাণী, যেটিকে বাংলাদেশে অনেকে বনরুই বলে চেনেন, সেটিকেও এখন সন্দেহের চোখে দেখছেন বিজ্ঞানীরা। বলা হচ্ছে চীনের বাজারে চোরাই পথে নিয়ে গিয়ে বিক্রি করা এই প্রানীটির দেহে এমন একটি ভাইরাস পাওয়া গেছে যা কোভিড নাইনটিনের সাথে 'ঘনিষ্ঠভাবে সম্পর্কিত।'","প্যাঙ্গোলিন পৃথিবীর সবচেয়ে বেশি চোরাই পথে পাচার হওয়া স্তন্যপায়ী প্রাণী, যা খাদ্য ও ঐতিহ্যবাহী ওষুধ তৈরিতে ব্যবহৃত হয়। হংকং বিশ্ববিদ্যালয়ের গবেষকরা চীনে পাচার হওয়া মালয়ান প্যাঙ্গোলিনে মানুষের মহামারির সাথে সম্পর্কিত দুই ধরনের করোনাভাইরাস পেয়েছেন। ভবিষ্যতে করোনাভাইরাসের মতো মারাত্মক রোগের বিস্তার ঠেকাতে বুনো প্রাণীর বাজারে প্যাঙ্গোলিনের মতো জন্তু বিক্রি কঠোরভাবে নিষিদ্ধ করার আহ্বান জানিয়েছেন বিজ্ঞানীরা।",21.28,2.17,12.77
news-44127020,ফিলিস্তিনিরা ইসরায়েলের সাথে গাজা সীমান্তে বিক্ষোভ করছে গত কয়েক সপ্তাহ ধরে।,"ফিলিস্তিনিরা তাদের জমি ফেরত চেয়ে বিক্ষোভ করলে ইসরায়েলি নিরাপত্তা বাহিনীর গুলিতে সোমবার প্রায় ৬০ জন বিক্ষোভকারী নিহত হয়, যা ফিলিস্তিনের ইতিহাসে একটি শোকাবহ দিন। ১৫ই মে ফিলিস্তিনিরা ""আল-নাকবা দিবস"" বা ""বিপর্যয়ের দিবস"" পালন করে, যা ১৯৪৮ সালের ১৫ই মে আরব-ইসরায়েল যুদ্ধের সূচনা এবং ইসরায়েল রাষ্ট্র প্রতিষ্ঠার পর থেকে ফিলিস্তিনিদের বাড়িঘর হারানোর প্রতীক। এই যুদ্ধের ফলে প্রায় সাড়ে সাত লাখ ফিলিস্তিনি উদ্বাস্তু হয় এবং পরবর্তীতে ১৯৬৭ সালের যুদ্ধে আরও হাজার হাজার ফিলিস্তিনি বাস্তুচ্যুত হয়ে বর্তমানে প্রায় ৫০ লাখ ফিলিস্তিনি শরণার্থী হিসেবে নিবন্ধিত।",4.26,0.0,4.26
news-41008375,বাংলা চলচ্চিত্রের সদ্য প্রয়াত খ্যাতনামা নায়ক আব্দুর রাজ্জাকের প্রতি শ্রদ্ধা জানাচ্ছেন সর্বস্তরের মানুষ। এফডিসিতে শ্রদ্ধা জানানোর পর তাঁর মরদেহ এখন শহীদ মিনারে রাখা হয়েছে সর্বস্তরের জনসাধারণের শ্রদ্ধা জানানোর জন্য।,"নায়করাজ রাজ্জাক সোমবার সন্ধ্যায় মৃত্যুবরণ করেন। তার মরদেহ এফডিসিতে নিয়ে যাওয়া হয়, যেখানে চলচ্চিত্র অঙ্গনের শিল্পী ও কলাকুশলীরা তাকে শেষ শ্রদ্ধা জানান। এরপর গুলশানের আজাদ মসজিদে দ্বিতীয় জানাজা শেষে বনানী কবরস্থানে তাকে দাফন করা হবে।",9.38,0.0,6.25
news-46680518,২০১৮ সালে গুরুত্বের নিরিখে তালিকাভুক্ত সবচেয়ে সাড়া জাগানো পরিসংখ্যান ছিল বিশ্বে প্লাস্টিক বর্জ্যের পরিমাণের হিসাব।,"২০১৮ সালে প্লাস্টিক বর্জ্যের পরিবেশগত প্রভাব বিশ্বজুড়ে বারবার সংবাদ শিরোনাম হয়েছে, যেখানে ব্যবহৃত প্লাস্টিকের ৯০.৫% পুনর্ব্যবহারের জন্য প্রক্রিয়াজাত করা হয়নি। রয়্যাল স্ট্যাটিস্টিক্যাল সোসাইটি কর্তৃক প্রকাশিত এই পরিসংখ্যানের তালিকায় যুক্তরাজ্যে সৌরশক্তিকে বিদ্যুৎ উৎপাদনের প্রধান উৎস হিসেবে চিহ্নিত করা হয়েছে, যা মোট উৎপাদনের ২৭.৮%। এছাড়াও, ""সিঙ্গল ইউজ"" শব্দটি ২০১৮ সালের সর্বাধিক ব্যবহৃত শব্দ হিসেবে নির্বাচিত হয়েছে, যা প্লাস্টিক ব্যবহারের সঙ্গে সম্পর্কিত।",10.53,5.41,10.53
news-47274855,বাংলাদেশ জামায়াত ইসলামীর সংস্কার এবং ১৯৭১-এ স্বাধীনতার বিরোধিতা জন্যে ক্ষমা না চাওয়ায় গত শুক্রবার পদত্যাগ করেন দলটির অন্যতম নেতা ব্যারিস্টার আব্দুর রাজ্জাক।,"ব্যারিস্টার আব্দুর রাজ্জাকের পদত্যাগের পর জামায়াতে ইসলামীর ভেতরে সংস্কারের প্রস্তাব এবং ১৯৭১ সালের ভূমিকার জন্য ক্ষমা চাওয়ার বিষয়টি নতুন করে আলোচনায় এসেছে। রাজনৈতিক বিশ্লেষক প্রফেসর আলী রিয়াজ মনে করেন, রাজ্জাকের পদত্যাগ দলের ভেতরের দীর্ঘদিনের ভিন্নমতগুলোকে প্রকাশ্যে এনেছে এবং কর্মী-সমর্থকদের কাছে সংস্কারের বিষয়ে একটি ব্যাখ্যা পাওয়ার সুযোগ তৈরি হয়েছে। তবে, দলের বর্তমান নেতৃত্ব এই সংস্কার প্রস্তাব গ্রহণ করবে কিনা, তা নিয়ে অনিশ্চয়তা রয়েছে।",20.93,4.76,11.63
news-42208251,"বিভিন্ন ধর্মের মানুষের সংখ্যার অনুপাতে ২০৫০ সালে ইউরোপের চেহারাটা কেমন দাঁড়াবে? মার্কিন গবেষণা সংস্থা 'পিউ রিসার্চ সেন্টার' অভিবাসনের হার বিবেচনায় এর যে নানা চিত্র দাঁড় করিয়েছে, তাতে দেখানো হচ্ছে, মুসলিমরা জনসংখ্যার বিরাট বৃদ্ধি ঘটবে বিভিন্ন দেশে।","পিউ রিসার্চ সেন্টারের গবেষণা অনুযায়ী, ইউরোপে মুসলিম জনসংখ্যা ক্রমশ বাড়ছে এবং অভিবাসনের উচ্চ হার বজায় থাকলে ২০৫০ সাল নাগাদ সুইডেনের মোট জনসংখ্যার প্রায় এক-তৃতীয়াংশ মুসলিম হবে। অভিবাসন বন্ধ হলেও ইউরোপের মুসলিম জনসংখ্যা বর্তমানের ৪.৯% থেকে বেড়ে ৭.৪% হবে, আর উচ্চ অভিবাসন হার বজায় থাকলে তা ১৪%-এর বেশি হবে। বর্তমানে, ইউরোপের ৩০টি দেশে প্রায় ২ কোটি ৫৭ লক্ষ মুসলিম বাস করে, যার মধ্যে ফ্রান্সে সর্বোচ্চ সংখ্যক (৪৯ লক্ষ ৫০ হাজার) এবং জার্মানিতে দ্বিতীয় সর্বোচ্চ (৫৭ লক্ষ ২০ হাজার) মুসলিম রয়েছে।",16.81,1.71,10.08
news-50060409,"অভিজিৎ বিনায়ক ব্যানার্জি, এসথার ডুফলো এবং মাইকেল ক্রেমারকে নোবেল দেয়ার ক্ষেত্রে যে বিষয়টি গুরুত্ব পেয়েছে সেটি হলো দারিদ্র বিমোচনে তাদের পরীক্ষানির্ভর গবেষণা পদ্ধতি।","নোবেলজয়ী অর্থনীতিবিদ অভিজিৎ ব্যানার্জি ও এসথার ডুফলো দারিদ্র্য বিমোচনে তাত্ত্বিক পদ্ধতির পরিবর্তে প্রায়োগিক পরীক্ষা-নিরীক্ষার ওপর জোর দিয়েছেন। তাঁরা মনে করেন, দরিদ্রদের হাতে সরাসরি অর্থ পৌঁছে দেওয়া এবং তাদের দারিদ্র্যের দুষ্টচক্র থেকে বের করে আনা জরুরি। তাঁদের গবেষণা ব্র্যাকের মতো প্রতিষ্ঠানের মডেলকে অনুসরণ করে বিভিন্ন দেশে পরীক্ষামূলকভাবে প্রয়োগ করা হয়েছে, যা দারিদ্র্য নিরসনে নতুন দিক উন্মোচন করেছে।",20.0,2.56,17.5
news-51723093,পাকিস্তান সফরে যেতে অস্বীকৃতি জানানো বাংলাদেশ মুশফিকুর রহিমকে জিম্বাবোয়ের বিরুদ্ধে তৃতীয় ওয়ান ডে স্কোয়াড থেকে বাদ দেয়া হয়েছে। তবে বাংলাদেশ ক্রিকেট দলের প্রধান নির্বাচক মিনহাজুল আবেদীন নান্নু বলেছেন মুশফিকুর রহিমের ওপর পাকিস্তান সফরে চাপ সৃষ্টি করার জন্য এটা করা হয়নি।,"মুশফিকুর রহিমকে পাকিস্তান সফরে যেতে চাপ দেওয়া বা হুমকি দেওয়ার অভিযোগ অস্বীকার করেছেন প্রধান নির্বাচক মিনহাজুল আবেদীন। তিনি জানান, মুশফিকের সাথে বৈঠকে তারা কেবল জানতে চেয়েছিলেন তিনি পাকিস্তান যাবেন কিনা, এবং মুশফিক বোর্ডকে জানিয়েছেন তিনি পাকিস্তান সফরে যাচ্ছেন না। তবে, জিম্বাবুয়ের বিপক্ষে তৃতীয় ওয়ানডেতে মুশফিককে বাদ দেওয়া হবে, কারণ ওই ম্যাচে পাকিস্তান সফরের সম্ভাব্য দলকে খেলানো হবে।",28.87,14.74,18.56
news-45619359,বাংলাদেশে কল্পিত ঘটনার ওপর ভিত্তি করে বিরোধীদলীয় নেতাকর্মীদের বিরুদ্ধে হাজার হাজার মামলা দায়ের করা হচ্ছে বলে অভিযোগ করা হয়েছে।,"বিএনপির ঘনিষ্ঠ তিন আইনজীবী, যার মধ্যে সুপ্রিম কোর্ট আইনজীবী সমিতির সাবেক সভাপতি অ্যাডভোকেট খন্দকার মাহবুব হোসেনও রয়েছেন, হাইকোর্টে একটি রিট আবেদন করেছেন। এই রিটে গত ১লা সেপ্টেম্বর থেকে ১৬ই সেপ্টেম্বর পর্যন্ত সারাদেশে প্রায় ৪,০০০ ""গায়েবী"" মামলার তদন্তের জন্য একটি নিরপেক্ষ বিচারবিভাগীয় কমিশন গঠনের দাবি জানানো হয়েছে। আইনজীবীদের অভিযোগ, নির্বাচনকে সামনে রেখে বিরোধী দলকে চাপে রাখতে এবং নেতাকর্মীদের মধ্যে ভীতি সঞ্চার করতে এই কাল্পনিক মামলাগুলো দায়ের করা হয়েছে।",6.9,0.0,4.6
news-47879821,"বাংলাদেশের কর্মকর্তারা বলছেন, দেশের গ্রামে-গঞ্জে, এমনকি ইউটিউবসহ সামাজিক নেটওয়র্কের মাধ্যমে কিছু বক্তা ওয়াজ মাহফিলে সাম্প্রদায়িকতা ও জঙ্গিবাদে উৎসাহ দিচ্ছেন।","বাংলাদেশের ধর্মীয় সমাবেশগুলোতে কিছু বক্তা নারী অধিকার, বাংলা নববর্ষ ও শহীদ মিনারে পুষ্পস্তবক অর্পণসহ বিভিন্ন বিষয়ে বিদ্বেষ ছড়াচ্ছেন বলে স্বরাষ্ট্র মন্ত্রণালয় ১৫ জন বক্তাকে চিহ্নিত করেছে এবং ওয়াজ মাহফিল নিয়ন্ত্রণে ছয় দফা সুপারিশ করেছে। এই বক্তারা সামাজিক যোগাযোগ মাধ্যমেও বিদ্বেষমূলক বক্তব্য প্রচার করছেন। তবে ইসলামপন্থী সংগঠনগুলো এই পদক্ষেপকে ইসলাম প্রচারে বাধা হিসেবে দেখছে এবং চিহ্নিত বক্তাদের একজন মুফতি সাখাওয়াত হোসাইন অভিযোগ করেছেন যে প্রতিবেদনটি ঢালাওভাবে তৈরি করা হয়েছে।",13.64,2.33,9.09
news-55226972,"এখন পর্যন্ত আমি যে প্রশ্নের মুখোমুখি হয়েছি সবচেয়ে বেশি সেটা হলো- ""মেসি নাকি রোনালদো, কে সর্বকালের সেরা?""","ফুটবল বিশ্বের দুই মহাতারকা মেসি ও রোনালদো এক দশকের বেশি সময় ধরে ফিফার বিভিন্ন পুরস্কার ভাগ করে নিয়েছেন এবং প্রায় আড়াই বছর পর তারা আবার মুখোমুখি হচ্ছেন। যদিও তাদের মধ্যে পার্থক্য নিয়ে বেশি আলোচনা হয়, কিন্তু তাদের সাদামাটা পারিবারিক পটভূমি এবং ফুটবলার হওয়ার অদম্য ইচ্ছার মতো অনেক বিষয়েই তাদের মিল রয়েছে। তাদের দু'জনেরই ফুটবল ছাড়া অন্য কোনো বিকল্প ছিল না, যা তাদের সাফল্যের মূল কারণ।",9.64,0.0,4.82
news-49990577,শেখ হাসিনার বহুল আলোচিত ভারত সফরের শেষে ভারতের বেশ কয়েকটি প্রথম সারির সংবাদ মাধ্যম বিতর্কিত 'এনআরসি' বা জাতীয় নাগরিকপঞ্জীর প্রশ্নে ভারতকে আরও স্বচ্ছতা দেখানোর আহ্বান জানিয়েছে।,"ভারতের গণমাধ্যমগুলোতে বাংলাদেশের প্রধানমন্ত্রী শেখ হাসিনার সাম্প্রতিক দিল্লি সফর নিয়ে ব্যাপক আলোচনা চলছে, যেখানে এনআরসি (জাতীয় নাগরিক পঞ্জি) ইস্যুটি সবচেয়ে বেশি গুরুত্ব পাচ্ছে। ভারতীয় সংবাদপত্রগুলো এনআরসি নিয়ে সরকারের দ্বৈত অবস্থান এবং বাংলাদেশের সঙ্গে সুসম্পর্ক বজায় রাখার ক্ষেত্রে এর সম্ভাব্য নেতিবাচক প্রভাব সম্পর্কে সতর্ক করেছে। তারা পরামর্শ দিয়েছে যে, এনআরসি নিয়ে বাংলাদেশের উদ্বেগ দূর করা এবং চীনের প্রভাব মেনে নিয়েই ভারতের এগিয়ে যাওয়া উচিত।",11.24,2.3,8.99
news-46769134,বাংলাদেশের নতুন সংসদে জেনারেল এরশাদের নেতৃত্বাধীন জাতীয় পার্টির বিরোধীদল হিসেবে দায়িত্ব পালনের এবারের সিদ্ধান্ত পরিবর্তন হবে না বলে দলটির নেতারা দাবি করেছেন।,"জাতীয় পার্টি এবার সরকারের নীতিনির্ধারকদের সঙ্গে আলোচনা করে সংসদে বিরোধী দলের ভূমিকা পালন করবে। দলটি জানিয়েছে যে, তারা সরকারের স্বার্থেই এই সিদ্ধান্ত নিয়েছে এবং এবার কোনো মন্ত্রী পদে থাকবে না। জাতীয় পার্টির চেয়ারম্যান এরশাদ নিজে বিরোধী দলীয় নেতা এবং মসিউর রহমান রাঙ্গাকে বিরোধী দলের চিফ হুইপ হিসেবে মনোনীত করেছেন।",19.72,2.9,14.08
news-48659263,হংকংয়ে একটি বিতর্কিত প্রত্যর্পণ বা বন্দী ফেরত পাঠানোর বিলের বিরুদ্ধে চলা বিশালাকার বিক্ষোভের প্রতিচ্ছবি হয়ে উঠেছেন তিনি।,"হংকংয়ের ২৬ বছর বয়সী তরুণী ল্যাম কা লো, যিনি ""শিল্ড গার্ল"" নামে পরিচিত, প্রত্যর্পণ বিলের বিরুদ্ধে চলমান আন্দোলনে এক গুরুত্বপূর্ণ প্রতীক হয়ে উঠেছেন। বিলটি স্থগিত হলেও, তিনি এর স্থায়ী বাতিল চেয়ে দাঙ্গা পুলিশের সামনে অটলভাবে বসে প্রতিবাদ চালিয়ে যাচ্ছেন। তার এই সাহসী অবস্থান সামাজিক যোগাযোগমাধ্যমে ব্যাপক প্রশংসা কুড়িয়েছে এবং চীনের ভিন্নমতাবলম্বী শিল্পী বুদিউকাওকেও অনুপ্রাণিত করেছে।",13.89,2.86,13.89
news-54337731,বাংলাদেশে করোনাভাইরাসে আক্রান্ত হয়ে গত ২৪ ঘণ্টায় আরো ২৬ জনের মৃত্যু হয়েছে বলে স্বাস্থ্য অধিদপ্তর জানিয়েছে।,"বাংলাদেশে গত ২৪ ঘণ্টায় ১,৪৮৮ জন নতুন কোভিড-১৯ রোগী শনাক্ত হয়েছেন, ফলে মোট আক্রান্তের সংখ্যা দাঁড়িয়েছে ৩ লাখ ৬২ হাজার ৪৩ জনে। এই সময়ে ১,৬২৫ জন সুস্থ হয়েছেন এবং মোট সুস্থ রোগীর সংখ্যা ২ লাখ ৭৩ হাজার ৬৯৮ জন। গত ২৪ ঘণ্টায় ১২ হাজার ৮৬৯টি নমুনা পরীক্ষা করা হয়েছে, যার মধ্যে ১১.৫৬% পজিটিভ এসেছে এবং মোট মৃতের সংখ্যা ৫,২১৯ জনে পৌঁছেছে।",12.2,5.0,12.2
news-42855963,পৃথিবীর সবচেয়ে ধনী টি২০ ক্রিকেট টুর্নামেন্ট ইন্ডিয়ান প্রিমিয়ার লিগ বা আইপিএলের খেলোয়াড় কেনার দু'দিনব্যাপি নিলাম রোববারে শেষ হয়েছে।,"দিল্লি ডেয়ারডেভিলস নেপালের ১৭ বছর বয়সী ক্রিকেটার সন্দ্বীপ লামিচানকে দলে নিয়ে আইপিএলে নতুন আলোচনার জন্ম দিয়েছে। যেখানে বেন স্টোকস, ক্রিস গেইল, সাকিব আল হাসান ও মুস্তাফিজুর রহমানের মতো তারকারা বিভিন্ন দলে যোগ দিয়েছেন, সেখানে লামিচানকে দলে নেওয়াটা এবারের নিলামের সবচেয়ে বড় চমক। ক্রিকেট বিশ্লেষক বোরিয়া মজুমদারের মতে, আফগানিস্তানের রশিদ খান এবং নেপালের সন্দ্বীপ লামিচান এবারের আইপিএলের প্রকৃত গল্প, যা নতুন প্রজন্মের ক্রিকেটারদের জন্য অনুপ্রেরণা।",7.23,0.0,7.23
news-54446037,বাংলাদেশে ২০২০ সালের এইচএসসি ও সমমানের পরীক্ষা অনুষ্ঠিত হবে না বলে জানিয়েছেন শিক্ষামন্ত্রী দীপু মনি।,"করোনাভাইরাস পরিস্থিতির কারণে এবার এইচএসসি পরীক্ষা অনুষ্ঠিত হবে না, এর পরিবর্তে জেএসসি ও এসএসসি পরীক্ষার ফলাফলের ভিত্তিতে শিক্ষার্থীদের মূল্যায়ন করা হবে। শিক্ষামন্ত্রী দীপু মনি জানান, পরীক্ষা আয়োজন করলে শিক্ষার্থী ও সংশ্লিষ্টদের মধ্যে সংক্রমণ ছড়ানোর ঝুঁকি থাকায় এই সিদ্ধান্ত নেওয়া হয়েছে। জেএসসি ও এসএসসির ফলাফলের গড়ের মাধ্যমে এইচএসসির ফলাফল নির্ধারিত হবে এবং ডিসেম্বরের মধ্যে চূড়ান্ত ফলাফল জানানো হবে।",25.0,14.29,22.22
news-43860687,"যুক্তরাজ্যে যে ব্যক্তি সবচেয়ে খারাপ ধরণের 'সুপার গনোরিয়ায়' আক্রান্ত হয়েছিলেন, তিনি অবশেষে সুস্থ হয়েছেন।","যুক্তরাজ্যে একজন ব্যক্তি দক্ষিণ পূর্ব এশিয়ায় অনিরাপদ যৌন সম্পর্কের মাধ্যমে অ্যান্টিবায়োটিক-প্রতিরোধী গনোরিয়ায় আক্রান্ত হন, যা বিশ্বের প্রথম ঘটনা। দুটি অ্যান্টিবায়োটিক কোর্স ব্যর্থ হওয়ার পর, চিকিৎসকরা এরটাপেনেম নামক একটি অ্যান্টিবায়োটিক দিয়ে তাকে সফলভাবে সুস্থ করেন। এই ঘটনাটি একটি সতর্কবার্তা এবং চিকিৎসকরা ভবিষ্যতে আরও এমন রোগী পাওয়ার আশঙ্কা করছেন, বিশেষ করে অস্ট্রেলিয়ায় একই ধরনের দুটি ঘটনা জানার পর।",14.08,2.9,14.08
news-49047324,"বাংলাদেশের বরগুনায় চাঞ্চল্যকর রিফাত শরীফ হত্যা মামলায় গ্রেফতার আয়েশা সিদ্দিকা মিন্নির বাবা বলেছেন, পুলিশের তদন্তে তিনি আস্থা রাখতে পারছেন না।","রিফাত শরীফ হত্যা মামলার প্রধান সাক্ষী আয়েশা সিদ্দিকা মিন্নিকে তার বাবা মোজাম্মেল হোসেনের অভিযোগ সত্ত্বেও গ্রেপ্তার করা হয়েছে। মিন্নির বাবা দাবি করেন, স্থানীয় ক্ষমতাসীন দলের নেতারা মামলার তদন্তকে প্রভাবিত করার চেষ্টা করছেন এবং তার মেয়েকে উদ্দেশ্যমূলকভাবে টার্গেট করা হচ্ছে। পুলিশ জানিয়েছে, মিন্নি রিমান্ডে স্বীকারোক্তিমূলক জবানবন্দি দিয়েছেন এবং তদন্তে তার জড়িত থাকার প্রমাণ পাওয়া গেছে।",21.62,11.11,21.62
news-56021000,মিয়ানমারের সেনা অভ্যুত্থানের নেতাদের উপর নিষেধাজ্ঞা আরোপের নির্বাহী আদেশকে অনুমোদন দিয়েছেন মার্কিন প্রেসিডেন্ট জো বাইডেন।,"মিয়ানমারে সামরিক অভ্যুত্থানের বিরুদ্ধে জনগণ রাস্তায় নেমে বিক্ষোভ করছে, যেখানে একজন নারী গুলিবিদ্ধ হয়ে গুরুতর আহত হয়েছেন। এর প্রতিক্রিয়ায় যুক্তরাষ্ট্র সামরিক নেতাদের, তাদের পরিবার এবং সংশ্লিষ্ট ব্যবসার উপর নিষেধাজ্ঞা আরোপ করেছে এবং যুক্তরাষ্ট্রে থাকা মিয়ানমার সরকারের এক বিলিয়ন ডলারের তহবিলে সামরিক বাহিনীর প্রবেশাধিকার বন্ধ করে দিয়েছে। মার্কিন প্রেসিডেন্ট জো বাইডেন সেনা অভ্যুত্থান বাতিল করে অং সান সু চিসহ বেসামরিক নেতাদের মুক্তির আহ্বান জানিয়েছেন এবং প্রয়োজনে আরও পদক্ষেপ নেওয়ার অঙ্গীকার করেছেন।",21.18,9.64,18.82
news-55465016,যারা করোনাভাইরাসের টিকা নিতে অনিচ্ছা প্রকাশ করছে স্পেন তাদের নাম নিবন্ধন করছে।,"স্পেন সরকার করোনা টিকা না নেওয়া ব্যক্তিদের একটি তালিকা তৈরি করছে, যা ইউরোপীয় ইউনিয়নের অন্যান্য দেশের সাথে শেয়ার করা হবে। স্বাস্থ্যমন্ত্রী সালভাদর ইলা জানিয়েছেন, এই তালিকা জনসম্মুখে প্রকাশ করা হবে না এবং এটি বাধ্যতামূলকও নয়, তবে টিকা না নেওয়াকে তিনি ভুল সিদ্ধান্ত বলে মনে করেন। বর্তমানে স্পেনের ২৮% নাগরিক টিকা নিতে অনিচ্ছুক, যা নভেম্বরের ৪৭% থেকে কমেছে।",14.49,2.99,5.8
news-38944781,"বাংলাদেশের পদ্মা সেতু নির্মাণে যে দুর্নীতির অভিযোগ নিয়ে বিগত বছরগুলোতে অনেক বিতর্ক হয়েছে, ক্যানাডার একটি আদালত সেই দুর্নীতির অভিযোগে দায়ের করা এক মামলা খারিজ করে দিয়েছে।","কানাডার কোম্পানি এসএনসি লাভালিনের বিরুদ্ধে পদ্মা সেতু প্রকল্পে দুর্নীতির অভিযোগ তুলে বিশ্বব্যাংক ঋণ বাতিল করেছিল, যা বাংলাদেশের কর্মকর্তাদের মতে একটি ষড়যন্ত্র ছিল। দীর্ঘ পাঁচ বছরের বিচারিক প্রক্রিয়া শেষে কানাডার আদালত এই অভিযোগকে অনুমানভিত্তিক, গালগল্প ও গুজব আখ্যা দিয়ে এসএনসি লাভালিনের তিন কর্মকর্তাকে অব্যাহতি দেন এবং মামলাটি খারিজ করে দেন। এই রায়ের মাধ্যমে পদ্মা সেতু নির্মাণে দুর্নীতির অভিযোগ ভিত্তিহীন প্রমাণিত হলো, যা পূর্বে তৎকালীন মন্ত্রী ও সচিবের পদত্যাগ ও গ্রেফতারের কারণ হয়েছিল।",22.68,8.42,16.49
news-45521907,"বিশ্বে প্রতিবছর যত নারী আত্মহত্যা করেন, তার প্রতি দশজনের মধ্যে চারজনই ভারতীয় নারী।","ল্যান্সেটের এক সমীক্ষা অনুযায়ী, ১৯৯০ সালে ভারতের নারীরা বিশ্বের মোট আত্মহত্যার ২৫% করতেন, যা ২০১৬ সালে বেড়ে ৩৬.৬% হয়েছে। বিশ্লেষকরা বলছেন, পুরুষতান্ত্রিক সমাজে নারীদের ওপর ব্যাপক চাপ এবং সামাজিক পরিকাঠামোর ধীর উন্নতির কারণে ভারতে নারীদের আত্মহত্যার হার বেশি। ১৫ থেকে ৪০ বছর বয়সী নারীদের মধ্যেই আত্মহত্যার প্রবণতা বেশি দেখা যায়, যা ভারতের নারী-পুরুষের বৈষম্য হ্রাসের ধীর গতিকে নির্দেশ করে।",2.7,0.0,2.7
news-39385439,১৯৭১ সালের ২৫শে মার্চ রাতে ঢাকায় পাকিস্তানি সেনাবাহিনীর অপারেশন সার্চ লাইট নামে পরিচালিত অভিযানে প্রায় ৫০ হাজার বাঙালিকে হত্যা করা হয়েছিল বলে দাবি করে বাংলাদেশ।,"বাংলাদেশ সরকার এ বছর থেকে ২৫শে মার্চকে গণহত্যা দিবস হিসেবে পালন করছে, যা ১৯৭১ সালের স্বাধীনতা যুদ্ধে পাকিস্তানি সেনা ও তাদের সহযোগীদের দ্বারা ৩০ লাখ বাঙালির হত্যা ও নির্যাতনের স্মরণে। এই দিবসটির আন্তর্জাতিক স্বীকৃতির জন্য বাংলাদেশ চেষ্টা করছে, তবে পূর্বে সরকারি উদ্যোগের অভাবে তা সম্ভব হয়নি। ঘাতক দালাল নির্মূল কমিটির প্রধান শাহরিয়ার কবির জানান, তাদের বহুদিনের দাবি সত্ত্বেও কোনো সরকারই এ বিষয়ে কর্ণপাত করেনি, এবং সরকারি উদ্যোগ না থাকায় জাতিসংঘের কাছে ২৫শে মার্চকে গণহত্যা দিবস হিসেবে স্বীকৃতি আদায় করা যায়নি।",15.24,1.94,9.52
news-50470765,বাংলাদেশে শহর এলাকায় রাস্তাঘাটে নারীদের জন্য টয়লেটের ব্যবস্থা খুবই অপ্রতুল। কোন কোন জায়গায় টয়লেট থাকলেও বেশির ভাগ সময় সেগুলো একেবারেই ব্যবহারের অনুপযোগী।,"পথেঘাটে পর্যাপ্ত শৌচাগারের অভাবে নারীরা দীর্ঘক্ষণ প্রস্রাব চেপে রাখতে বাধ্য হন, যা তাদের স্বাস্থ্যের জন্য অত্যন্ত ক্ষতিকর। এর ফলে মূত্রনালীর সংক্রমণ (UTI) সহ বিভিন্ন শারীরিক জটিলতা দেখা দিতে পারে, যা নারীর প্রজনন ক্ষমতার ওপরও নেতিবাচক প্রভাব ফেলে। চিকিৎসকদের মতে, প্রস্রাব চেপে রাখলে ইউরিয়া ও অ্যামিনো অ্যাসিডের মতো বিষাক্ত পদার্থ কিডনিতে পাথর সৃষ্টি করতে পারে এবং এই সমস্যা নারী-পুরুষ উভয়ের মধ্যেই বাড়ছে।",2.38,0.0,2.38
news-52901281,ভারতের দক্ষিণাঞ্চলের রাজ্য কেরালাতে একটি অন্তঃসত্ত্বা হাতির মৃত্যুর ঘটনায় তীব্র সমালোচনা তৈরি হয়েছে। ধারণা করা হচ্ছে আনারসের ভেতরে বিস্ফোরক ভরে হাতিটিকে খাইয়ে দেয়া হয়েছিল।,"কেরালার পাল্লাকাড়ে একটি অন্তঃসত্ত্বা হাতিকে বিস্ফোরক ভর্তি আনারস খাইয়ে হত্যা করা হয়েছে, যা স্থানীয়দের স্তম্ভিত করেছে। হাতিটি তিনদিন ধরে যন্ত্রণায় নদীতে দাঁড়িয়ে ছিল এবং বন বিভাগের চেষ্টা সত্ত্বেও তাকে বাঁচানো যায়নি। এই ঘটনা পশুদের প্রতি সহিংসতার এক মর্মান্তিক উদাহরণ।",19.05,3.28,12.7
news-51772994,"বাংলাদেশের কর্মকর্তারা দাবি করেছেন, করোনাভাইরাস নিয়ে বিশ্বব্যাপী আতংকের মুখে বাংলাদেশে সরকারি হাসপাতালগুলোতে ১০ হাজার শয্যার ব্যবস্থা করাসহ প্রতিরোধ এবং চিকিৎসার পর্যাপ্ত ব্যবস্থা নেয়া হচ্ছে।","করোনাভাইরাস প্রতিরোধ ও চিকিৎসার জন্য বিশ্ব স্বাস্থ্য সংস্থা এবং চীনের পদ্ধতি অনুসরণ করে বাংলাদেশ একটি নীতিমালা তৈরি করেছে। যদিও সরকার সারাদেশে ১০ হাজার শয্যার ব্যবস্থা করছে এবং উপজেলা পর্যায় পর্যন্ত আইসোলেশন ইউনিট তৈরি করছে, বিশেষজ্ঞরা জেলা ও উপজেলা পর্যায়ে আধুনিক চিকিৎসার সক্ষমতা নিয়ে সন্দেহ প্রকাশ করেছেন। সরকার দাবি করছে যে বাংলাদেশে এখনও কোনো করোনাভাইরাস আক্রান্ত রোগী নেই, তবে তারা প্রতিরোধ ও চিকিৎসার জন্য প্রস্তুতি নিচ্ছে।",26.97,6.9,15.73
news-44707448,"বিশ্বকাপের শুরু থেকেই আলোচনায় ছিলেন তিন সুপারস্টার- লিওনেল মেসি, ক্রিশ্চিয়ানো রোনাল্ডো আর নেইমার।","নেইমারের বিরুদ্ধে মাঠে বারবার আহত হওয়ার 'অভিনয়' করার অভিযোগ উঠেছে, বিশেষ করে মেক্সিকোর বিপক্ষে ম্যাচে তার অতি-অভিনয় নিয়ে সমালোচনা হয়েছে। যদিও সমালোচকরা তার এই আচরণকে ফুটবলের জন্য খারাপ উদাহরণ বলছেন, নেইমার তা কানে তুলতে রাজি নন এবং তার মতে প্রতিপক্ষ তাকে বাজেভাবে আঘাত করেছিল। মেক্সিকোর বিরুদ্ধে গোল করা ও করানো সত্ত্বেও, নেইমারের এই 'নাটুকে' আচরণ বিশ্বকাপ জুড়েই আলোচনার জন্ম দিয়েছে।",2.7,0.0,2.7
news-43821614,১০ জন ক্রিকেটারকে বাংলাদেশ ক্রিকেট বোর্ডের স্থায়ী চুক্তিতে রাখায় বিস্ময় প্রকাশ করেছেন বাংলাদেশের ক্রিকেট সংশ্লিষ্টরা।,"বাংলাদেশ ক্রিকেট বোর্ডের কেন্দ্রীয় চুক্তি থেকে তাসকিন আহমেদ, সৌম্য সরকারসহ ৬ জন ক্রিকেটার বাদ পড়েছেন, তবে ওয়ানডে অধিনায়ক মাশরাফি বিন মর্তুজা বাদ পড়া ক্রিকেটারদের পাশে থাকার কথা বলেছেন। নতুন চুক্তিতে ১৩ জন ক্রিকেটার থাকছেন, যার মধ্যে ১০ জন স্থায়ী ও ৩ জন অস্থায়ী ভিত্তিতে। বিসিবি প্রথম শ্রেণীর ক্রিকেটারদের বেতন বাড়ানোর সিদ্ধান্ত নিয়েছে এবং এ বিষয়ে ফিন্যান্স কমিটির সাথে আলোচনা চলছে।",18.67,8.22,10.67
news-56911044,"বাংলাদেশে ঢাকায় একটি বেসরকারি হাসপাতালে চিকিৎসাধীন বিএনপি চেয়ারপার্সন খালেদা জিয়া করোনাভাইরাস থেকে ভালভাবেই সেরে উঠছেন বলে তাঁর চিকিৎসকরা জানিয়েছেন। তবে চিকিৎসকরা বলেছেন, আর্থরাইটিস, ডায়াবেটিস সহ পুরনো সব জটিলে রোগের টেস্টের জন্য কয়েকদিন তাকে হাসপাতালে থাকতে হবে।","গত বছরের ২৫শে মার্চ কারাগার থেকে মুক্তি পাওয়া খালেদা জিয়ার ১১ই এপ্রিল করোনা শনাক্ত হয়। বর্তমানে তার ফুসফুসে কোনো সংক্রমণ নেই এবং তিনি করোনা থেকে সেরে উঠছেন, তবে তার পুরনো রোগগুলোর জন্য কিছু পরীক্ষা করা হচ্ছে। একটি ১০ সদস্যের মেডিকেল টিম তার চিকিৎসা তত্ত্বাবধান করছে এবং সব পরীক্ষার ফলাফল পর্যালোচনা করে তার হাসপাতাল থেকে বাড়ি ফেরার বিষয়ে সিদ্ধান্ত নেওয়া হবে।",20.83,2.13,16.67
news-46890413,ব্রিটেনে পার্লামেন্টে বহুল আলোচিত ব্রেক্সিট ইস্যুতে শোচনীয় পরাজয় বরণ করেছেন প্রধানমন্ত্রী টেরিজা মে। ভোটাভুটিতে অংশ নেয়া নিয়ে আলোচনায় এসেছেন টিউলিপ সিদ্দিক।,"টিউলিপ সিদ্দিক, ব্রিটিশ পার্লামেন্টের একজন বাংলাদেশী বংশোদ্ভূত এমপি এবং বাংলাদেশের প্রধানমন্ত্রী শেখ হাসিনার ভাগনী, ব্রেক্সিট ইস্যুতে ভোট দিতে এসে আলোচনায় এসেছেন। দ্বিতীয়বারের মতো মা হওয়ার চূড়ান্ত পর্যায়ে থাকা সত্ত্বেও, তিনি সিজারিয়ান অপারেশনের তারিখ পিছিয়ে পার্লামেন্টে ভোট দিতে এসেছিলেন। যুক্তরাজ্যে প্রক্সি ভোটের নিয়ম না থাকায় এবং 'পেয়ারিং' পদ্ধতিতেও বিশ্বাসী না হওয়ায়, তার এই পদক্ষেপ নতুন বিতর্কের জন্ম দিয়েছে।",20.51,7.89,10.26
news-51648836,বাংলাদেশে সকল পাবলিক বিশ্ববিদ্যালয়গুলোতে কেন্দ্রীয় ভর্তি পরীক্ষার সিদ্ধান্ত শেষ পর্যন্ত বাতিল করেছে বিশ্ববিদ্যালয় মঞ্জুরি কমিশন। তবে এখন এক ধরনের 'গুচ্ছ' পদ্ধতির পরীক্ষার কথা বলছে কমিশন। এক সংবাদ সম্মেলনে আজ এই সিদ্ধান্ত ঘোষণা করা হয়েছে। 'গুচ্ছ' পরীক্ষার পদ্ধতি কেমন হবে?,"দেশের ৪৬টি পাবলিক বিশ্ববিদ্যালয়ে ভর্তির জন্য কেন্দ্রীয় পরীক্ষা পদ্ধতি বাতিল করে চারটি 'গুচ্ছ' পরীক্ষা নেওয়ার সিদ্ধান্ত হয়েছে। বিশ্ববিদ্যালয় মঞ্জুরি কমিশন (ইউজিসি) উপাচার্যদের সাথে বৈঠকে এই সিদ্ধান্ত নিয়েছে। এই চারটি গুচ্ছ হলো বিজ্ঞান ও প্রযুক্তি, কৃষি, প্রকৌশল এবং সাধারণ বিশ্ববিদ্যালয়, যেখানে সাধারণ বিশ্ববিদ্যালয়ের জন্য বিজ্ঞান, বাণিজ্য ও সামাজিক বিজ্ঞানের জন্য তিনটি আলাদা পরীক্ষা হবে। মার্চের মাঝামাঝি সময়ে এই গুচ্ছ পদ্ধতির পরীক্ষা সম্পর্কে বিস্তারিত তথ্য পাওয়া যাবে, যেখানে অনলাইনে আবেদন এবং পরীক্ষার স্থান নির্ধারণের মতো বিষয়গুলো নির্দিষ্ট গ্রুপই ঠিক করবে।",27.35,6.96,17.09
news-47908412,ইসরায়েলের একটি মহাকাশযান চাঁদে 'অবতরণ' করার আগেই দৃশ্যত: ইঞ্জিনের ত্রুটির জন্য চাঁদের মাটিতে আছড়ে পড়ে বিধ্বস্ত হয়েছে।,"ইসরায়েলের প্রথম চন্দ্রাভিযান 'বেয়ারশিট' ছিল একটি ব্যক্তিগত উদ্যোগে পরিচালিত মিশন, যার মূল লক্ষ্য ছিল চাঁদের ছবি তোলা ও কিছু পরীক্ষা চালানো। ১০০ মিলিয়ন ডলার ব্যয়ে নির্মিত এই মহাকাশযানটি ২২শে ফেব্রুয়ারি ফ্লোরিডা থেকে যাত্রা শুরু করে এবং কয়েক সপ্তাহ পর চাঁদে পৌঁছায়। যদিও এটি সফলভাবে অবতরণ করতে পারেনি, ইসরায়েল এই প্রচেষ্টার জন্য গর্বিত এবং ভবিষ্যতে আবারও চেষ্টা করার অঙ্গীকার করেছে।",18.42,0.0,13.16
news-56211985,কারাগারে থাকা অবস্থায় লেখক মুশতাক আহমেদের মৃত্যুর ঘটনায় শোক ও গভীর উদ্বেগ প্রকাশ করেছেন ও ই সি ডি ভুক্ত ১৩টি দেশের ঢাকাস্থ রাষ্ট্রদূতরা।,"ডিজিটাল নিরাপত্তা আইনে আটক লেখক মুশতাক আহমেদ কাশিমপুর কারাগারে অসুস্থ হয়ে মারা গেছেন। তার মৃত্যুর দ্রুত, স্বচ্ছ ও স্বাধীন তদন্তের আহ্বান জানিয়েছে যুক্তরাষ্ট্রসহ ১৩টি দেশের রাষ্ট্রদূত এবং আন্তর্জাতিক মানবাধিকার সংস্থা হিউম্যান রাইটস ওয়াচ। সরকার জানিয়েছে, মুশতাক আহমেদের মৃত্যুর কারণ তদন্ত করে দেখা হবে এবং ডিজিটাল নিরাপত্তা আইন নিয়ে রাষ্ট্রদূতদের উদ্বেগের বিষয়ে তারা কাজ করবে।",20.78,10.67,15.58
news-54433318,হেপাটাইটিস সি ভাইরাস শনাক্ত এবং নিরাময় কৌশল আবিষ্কারের জন্য এই বছর চিকিৎসা শাস্ত্রে নোবেল পুরস্কার পেয়েছেন তিন বিজ্ঞানী যুক্তরাষ্ট্রের হার্ভি জে অল্টার ও চার্লস এম রাইস এবং ব্রিটিশ বিজ্ঞানী মাইকেল হগটন।,"হেপাটাইটিস সি একটি নীরব ঘাতক রোগ, যা সময় মতো শনাক্ত ও চিকিৎসা না হলে লিভার সিরোসিস বা ক্যান্সারের কারণ হতে পারে। বিশ্ব স্বাস্থ্য সংস্থার মতে, বিশ্বে প্রায় ৭ কোটি ১০ লাখ মানুষ এই রোগে আক্রান্ত এবং বাংলাদেশে অন্তত ১৬ লাখ মানুষ হেপাটাইটিস সি-তে ভুগছে। এই রোগের কোনো টিকা না থাকলেও, প্রাথমিক পর্যায়ে মুখে খাওয়ার ওষুধে এটি নিরাময়যোগ্য।",15.73,2.3,11.24
news-48581148,ভারতের কাশ্মীরে এক চাঞ্চল্যকর শিশু ধর্ষণ এবং হত্যার মামলায় আদালত ছয়জনকে দোষী সাব্যস্ত করেছে।,"২০১৮ সালে কাঠুয়ায় আট বছরের এক মুসলিম শিশুকে ধর্ষণ ও হত্যার ঘটনা ভারতজুড়ে ব্যাপক ক্ষোভের সৃষ্টি করে। এই ঘটনায় আটজন হিন্দু পুরুষকে অভিযুক্ত করা হয়, যাদের মধ্যে একজন অবসরপ্রাপ্ত সরকারি কর্মকর্তা ও চারজন পুলিশ কর্মকর্তা ছিলেন। শিশুটির মা অভিযুক্তদের সর্বোচ্চ শাস্তি দাবি করেন এবং অভিযোগ করেন যে গুজ্জার মুসলিম উপজাতিকে ভয় দেখিয়ে তাড়ানোর জন্য এই ঘটনা ঘটানো হয়েছিল। এই আলোচিত মামলার রায়ে বাদী পক্ষের আইনজীবী এটিকে দেশের সাংবিধানিক মর্মের বিজয় বলে উল্লেখ করেন।",9.2,0.0,6.9
news-43685828,"অস্ট্রেলিয়া থেকে কাতার,কুয়েত ও সংযুক্ত আরব আমিরাতে নেয়া হচ্ছিলো হাজার হাজার ভেড়া।","অস্ট্রেলিয়া সরকার জানিয়েছে যে গত আগস্টে পার্থ থেকে যাত্রা করা একটি জাহাজে প্রচণ্ড গরমে প্রায় ২,৪০০ ভেড়ার মৃত্যু হয়েছে। ভেড়াগুলোকে মাইক্রোওভেনের মতো অবস্থায় গাদাগাদি করে রাখা হয়েছিল, যা নিয়ে সরকার তীব্র ক্ষোভ প্রকাশ করেছে এবং কৃষিমন্ত্রী ডেভিড লিটলপ্রাউড এই শিল্পকে যথাযথ প্রক্রিয়া মেনে চলার নির্দেশ দিয়েছেন। পরিস্থিতি উন্নত না হলে ক্যানবেরা জাহাজীকরণ বন্ধ করে দেওয়ার হুমকি দিয়েছে এবং রপ্তানিকারকরা প্রাণী কল্যাণ নিশ্চিত করতে না পারলে ৬৫ হাজার ভেড়ার শিপমেন্ট আটকে দেওয়ার কথা জানিয়েছে।",6.9,0.0,6.9
news-44105301,সম্প্রতি দেশের বিভিন্ন স্থান থেকে সাপ উদ্ধারের ঘটনা সবাইকে নতুন করে ভাবিয়ে তুলেছে।,"সাপ প্রকৃতি ও পরিবেশের অবিচ্ছেদ্য অংশ হলেও সম্প্রতি বগুড়া, ভোলা, নওগাঁ ও কুমিল্লার মতো বিভিন্ন স্থানে শত শত সাপের বাচ্চা উদ্ধারের পর সেগুলোকে নির্বিচারে হত্যা করা হচ্ছে। জাহাঙ্গীরনগর বিশ্ববিদ্যালয়ের অধ্যাপক মোহাম্মদ মনিরুল হাসান খান এই নির্বিচার হত্যায় উদ্বেগ প্রকাশ করে জানান, বৃষ্টির মৌসুমে সাপের আবাসস্থল ডুবে যাওয়ায় এবং ইঁদুরের খোঁজে তারা লোকালয়ে আসে। তিনি আরও সতর্ক করেন যে, সাপ মেরে ফেললে ইঁদুরের উপদ্রব বেড়ে ফসলের ক্ষতি হবে এবং জীববৈচিত্র্য হুমকির মুখে পড়বে, কারণ সাপের বিষ চিকিৎসা গবেষণায় অত্যন্ত মূল্যবান।",10.87,0.0,8.7
news-47118317,"বাংলাদেশ সৌদি আরবের সাথে এমন একটি সামরিক সহযোগিতা চুক্তি করতে চলেছে, যার ফলে প্রায় দু'হাজার বাংলাদেশী সৈন্য ইয়েমেন সীমান্তে মোতায়েন করা হবে।","বাংলাদেশের সেনাপ্রধানের ঘোষণা অনুযায়ী, আগামী ১৪ই ফেব্রুয়ারি সৌদি আরবের সাথে একটি প্রতিরক্ষা চুক্তি স্বাক্ষরিত হবে, যার অধীনে বাংলাদেশের প্রায় ১,৮০০ সৈন্য সৌদি আরবে মোতায়েন করা হবে। এই চুক্তিটি সৌদি আরবের 'সন্ত্রাসবিরোধী সামরিক কোয়ালিশন'-এ বাংলাদেশের সম্ভাব্য অংশগ্রহণের প্রেক্ষাপটে এসেছে, যদিও পূর্বে এ বিষয়ে স্পষ্ট তথ্য ছিল না। নিরাপত্তা বিশেষজ্ঞরা বলছেন, এটি একটি আনুষ্ঠানিক চুক্তি হলেও, এর আগেও বাংলাদেশের সেনারা সৌদি আরবে কাজ করেছে, যা এই চুক্তির গুরুত্ব ও প্রেক্ষাপটকে আরও স্পষ্ট করে তোলে।",24.74,8.42,22.68
news-49040555,ইন্টারন্যাশনাল ক্রিকেট কাউন্সিল বা আইসিসিতে জিম্বাবুয়ের সদস্যপদ স্থগিত করা হয়েছে।,"রাজনৈতিক হস্তক্ষেপের কারণে জিম্বাবুয়ে ক্রিকেট বোর্ডের সদস্যপদ স্থগিত করেছে আইসিসি। এর ফলে জিম্বাবুয়ে আইসিসির কোনো টুর্নামেন্টে অংশ নিতে পারবে না এবং তাদের আর্থিক সহায়তাও বন্ধ করে দেওয়া হবে। অক্টোবরে আইসিসি এই সিদ্ধান্ত পুনর্বিবেচনা করবে, অন্যথায় টি-টোয়েন্টি বিশ্বকাপের বাছাইপর্বে জিম্বাবুয়ের অংশগ্রহণ অনিশ্চিত হয়ে পড়বে।",14.81,3.85,11.11
news-46186802,মানবাধিকার বিষয়ক আন্তর্জাতিক সংগঠন অ্যামনেস্টি ইন্টারন্যাশনাল মিয়ানমারের নেত্রী অং সান সু চি'কে দেওয়া তাদের সর্বোচ্চ সম্মাননা প্রত্যাহার করে নিয়েছে।,"অং সান সু চি'র এক সময়ের নৈতিক অবস্থান থেকে সরে আসার কারণে অ্যামনেস্টি ইন্টারন্যাশনাল তাকে দেওয়া 'অ্যাম্বাসাডর অফ কনশেন্স' খেতাব প্রত্যাহার করে নিয়েছে। মিয়ানমারের রাখাইন রাজ্যে সেনাবাহিনীর অভিযানের পর সাত লাখের বেশি রোহিঙ্গা মুসলিম বাংলাদেশে পালিয়ে আসার ঘটনায় সারা বিশ্বে সু চি'র বিরুদ্ধে নিন্দার ঝড় উঠেছে। এর আগেও কানাডার পার্লামেন্ট, অক্সফোর্ড শহর ও গ্লাসগো নগর কাউন্সিলসহ বেশ কিছু প্রতিষ্ঠান সু চি'কে দেওয়া তাদের সম্মাননা প্রত্যাহার করে নিয়েছে।",31.11,22.73,26.67
news-50064441,"মাত্র এক সপ্তাহেই পাল্টে গেছে সিরিয়ার যুদ্ধের চিত্র। এই সাত দিনে প্রেসিডেন্ট ডোনাল্ড ট্রাম্প তার স্বঘোষিত ""মহান এবং অতুলনীয় জ্ঞানের"" মাধ্যমে সিরিয়ার উত্তরাঞ্চল থেকে মার্কিন সেনা প্রত্যাহারের নির্দেশ দিয়েছেন।","সিরিয়ার কুর্দি বাহিনীর সাথে দামেস্কের চুক্তির পর সিরিয়ার সরকারি বাহিনী তুর্কি সীমান্তের দিকে অগ্রসর হচ্ছে, যা আমেরিকার মিত্রশক্তি ও সিরিয়ার কুর্দিদের সাথে বিশ্বাসঘাতকতা হিসেবে দেখা হচ্ছে। এই ঘটনা তুরস্ক, সিরিয়ার বাশার আল আসাদের শাসন ব্যবস্থা, রাশিয়া, ইরান এবং জিহাদি গোষ্ঠী ইসলামিক স্টেটের জন্য নতুন সম্ভাবনার দ্বার খুলে দিয়েছে। সিরিয়ার আট বছরের যুদ্ধ মধ্যপ্রাচ্যের চিত্র পরিবর্তন করেছে এবং ট্রাম্পের সেনা প্রত্যাহারের সিদ্ধান্ত তুরস্ককে সিরিয়ায় সামরিক অভিযানের সবুজ সংকেত দিয়েছে, যার ফলে বেসামরিক নাগরিকদের ভোগান্তি আরও বাড়ছে।",13.46,1.96,11.54
news-54637809,সারা বিশ্বের সোশাল মিডিয়া থেকে এক লক্ষেরও বেশি নারীর ছবি সংগ্রহ করে সেগুলো দিয়ে ভুয়া নগ্ন ছবি তৈরি করা হচ্ছে এবং অনলাইনে তা শেয়ার করা হচ্ছে বলে এক রিপোর্টে জানা যাচ্ছে।,"এক লক্ষেরও বেশি নারীর ছবি আর্টিফিশিয়াল ইন্টেলিজেন্স (এআই) ব্যবহার করে বিবস্ত্র করা হয়েছে এবং টেলিগ্রামের মাধ্যমে এসব নগ্ন ছবি ছড়িয়ে দেওয়া হচ্ছে। ইন্টেলিজেন্স কোম্পানি সেনসিটির রিপোর্ট অনুযায়ী, 'ডিপফেক বট' নামক প্রযুক্তি ব্যবহার করে এই কাজ করা হচ্ছে, যেখানে অল্পবয়সী নারীরাও এর শিকার হচ্ছেন। এই প্রযুক্তি সাধারণ মানুষের ছবি ব্যবহার করে ভুয়া পর্নোগ্রাফিক ছবি তৈরি করছে, যা সামাজিক যোগাযোগ মাধ্যমে থাকা যেকোনো ছবি থেকে সম্ভব।",33.68,15.05,23.16
news-43720356,"২০১৪ সালে লন্ডনের মাইল এন্ডে নিজের অফিস কক্ষে বসে কাজ করার সময় একটি ইমেইল পান ইতিহাসবিদ কিম ওয়াগনার, যেখানে এক দম্পতি লিখেছেন যে তাদের কাছে কংকালের মাথার খুলি আছে। কিন্তু সেটি তারা বাড়িতে রাখতে চান না আর বুঝতেও পারছেন না তাদের কী করা উচিত।","এটি ১৮৫৭ সালের সিপাহী বিদ্রোহের নেতা হাবিলদার আলম বেগের মাথার খুলি, যিনি ব্রিটিশদের বিরুদ্ধে বিদ্রোহ করেছিলেন। আলম বেগ ড. গ্রাহাম এবং রেভারেন্ড মি. হান্টার ও তার পরিবারকে নৃশংসভাবে হত্যা করেন। ক্যাপ্টেন কোস্টেলো, যিনি আলম বেগের মৃত্যুদণ্ড কার্যকর করার সময় উপস্থিত ছিলেন, এই খুলিটি ইংল্যান্ডে নিয়ে আসেন এবং এর সাথে থাকা নোটে আলম বেগের পরিচয় ও ১৮৫৮ সালে কামানের মুখে বেঁধে তার মৃত্যুদণ্ড কার্যকরের কথা উল্লেখ আছে।",9.09,1.85,5.45
news-47108359,যুক্তরাষ্ট্রের একটি বিশ্ববিদ্যালয়ে ভর্তির জন্যে বিজ্ঞাপন দেওয়া হলো। অন্যান্য বিশ্ববিদ্যালয়ের মতোই সাধারণ একটি বিজ্ঞাপন। সেসব বিজ্ঞাপনে যা থাকে এই বিজ্ঞাপনেও আছে একই জিনিস।,"মিশিগানে 'ইউনিভার্সিটি অফ ফার্মিংটন' নামে একটি ভুয়া বিশ্ববিদ্যালয় তৈরি করেছে যুক্তরাষ্ট্রের আভ্যন্তরীণ নিরাপত্তা দপ্তর। এই কাল্পনিক বিশ্ববিদ্যালয়টি ওয়েবসাইট, ফেসবুক পেজ এবং বিভিন্ন ছবি দিয়ে সাজানো হয়েছিল, যা দেখে মনে হবে এটি একটি আসল বিশ্ববিদ্যালয়। এর উদ্দেশ্য ছিল অবৈধ অভিবাসীদের আকৃষ্ট করে তাদের আটক করা, এবং এই ফাঁদে পা দিয়ে ১৩০ জন গ্রেফতার হয়েছেন, যাদের মধ্যে ১২৯ জনই ভারতীয়। ভারত সরকার এই ঘটনার তীব্র প্রতিবাদ জানিয়েছে এবং শিক্ষার্থীদের প্রতারণার শিকার বলে অভিহিত করেছে।",10.53,0.0,6.32
news-47169630,গত কয়েকমাস ধরে আফ্রিকার দেশ বুরুন্ডির অনেক লেসবিয়ান বা সমকামী তরুণীর সঙ্গে কথা বলেছে বিবিসি।,"যে দেশে সমকামিতা নিষিদ্ধ, সেখানে সমকামীরা নিজেদের মধ্যে যোগাযোগের জন্য সাংকেতিক চিহ্ন ব্যবহার করেন, যেমন নীল অপরাজিতা ফুল। নেলা নামের একজন নারী বিবিসিকে তার দুই ধরনের ছবি পাঠিয়েছেন: একটিতে তিনি হিজাব পরে সন্তানদের সাথে আছেন, অন্যটিতে ঢিলেঢালা পোশাকে তার সমকামী বান্ধবীর সাথে রেস্তোরাঁয় বসে আছেন। তিনি প্রথমবারের মতো তার বান্ধবীকে এভাবে পরিচয় করিয়ে দিতে পেরে আনন্দিত, যদিও তার পরিবার এই সম্পর্ক সম্পর্কে অবগত নয়।",2.53,0.0,2.53
news-43608669,সবচেয়ে কম বয়সে নোবেল বিজয়ী মালালা ইউসুফজাই পাকিস্তানের সোয়াতে নিজ বাড়িতে ফেরার পর প্রতিটি মুহুর্তে তাঁকে আবেগ তাড়া করছে।,"মালালা ইউসুফজাই প্রায় সাড়ে পাঁচ বছর পর সামরিক হেলিকপ্টারে করে তাঁর জন্মভূমি পাকিস্তানে ফিরেছেন, যেখানে তাঁকে কঠোর নিরাপত্তার মধ্যে নিজ বাড়িতে নিয়ে যাওয়া হয়। নারী শিক্ষার পক্ষে তাঁর কাজের জন্য ২০১২ সালে তালেবান জঙ্গিদের গুলিতে আহত হওয়ার পর তিনি দেশ ছেড়েছিলেন। পাকিস্তানে তাঁর এই প্রত্যাবর্তনকে জনগণের একটি বড় অংশ সমর্থন করলেও, লাহোরে তাঁর বিরুদ্ধে মিছিলও হয়েছে।",16.0,5.48,13.33
news-49932948,ভারতের ত্রিপুরা রাজ্যের ক্ষমতাসীন বিজেপি সরকার আগরতলা এবং ঢাকার মধ্যে সরাসরি ফ্লাইট চেয়েছে যদিও এই দুই শহরের দূরত্ব মাত্র ১৩০ কিলোমিটার।,"ত্রিপুরার মুখ্যমন্ত্রী বিপ্লব দেব দিল্লিতে বাংলাদেশের প্রধানমন্ত্রী শেখ হাসিনার কাছে আগরতলা-ঢাকা সরাসরি বিমান যোগাযোগ চালুর প্রস্তাব দিয়েছেন। শেখ হাসিনা এই প্রস্তাবে উৎসাহ দেখিয়েছেন বলে বিপ্লব দেব টুইট করেছেন। যদিও আগরতলা বিমানবন্দরের রানওয়ে সম্প্রসারণের জন্য বাংলাদেশের কাছে ভারতের জমি চাওয়ার খবর বাংলাদেশ সরকার অস্বীকার করেছে, তবে ত্রিপুরা সরকার এখন সরাসরি ফ্লাইট চালুর বিষয়ে আগ্রহী।",21.33,2.74,13.33
news-55784492,"নেদারল্যান্ডসের পুলিশ দাবি করছে যে তারা এক ব্যক্তিকে আটক করেছেন, যিনি বিশ্বের সবচেয়ে বড় মাদক পাচারকারী দলগুলোর একটির প্রধান।","এশিয়ার কুখ্যাত মাদক দলের প্রধান, চীনা বংশোদ্ভূত কানাডিয়ান নাগরিক সে চি লপকে আমস্টারডামের শিপোল বিমানবন্দর থেকে গ্রেফতার করা হয়েছে। 'দ্য কোম্পানি' বা 'স্যাম গোর সিন্ডিকেট' নামে পরিচিত তার এই দলটি এশিয়ার প্রায় ৭০% মাদক ব্যবসা নিয়ন্ত্রণ করে, যার বাজার মূল্য প্রায় ৭ হাজার কোটি ডলার। অস্ট্রেলিয়া এখন এই শীর্ষ মাদক ব্যবসায়ীকে প্রত্যর্পণের আবেদন করবে, যার গতিবিধির ওপর গত ১০ বছর ধরে নজর রাখা হচ্ছিল।",4.82,0.0,4.82
news-47704274,তৎকালীন পূর্ব পাকিস্তানে তখন তুমুল অসহযোগ আন্দোলন চলছিলো ১৯৭০ সালের নির্বাচনে জয়ী আওয়ামী লীগ নেতা শেখ মুজিবুর রহমানের ডাকে।,"১৯৭১ সালের মার্চে উত্তাল পরিস্থিতিতে শেখ মুজিবুর রহমান ৭ই মার্চের ভাষণের পর ইয়াহিয়া খানের সাথে বৈঠকে বসেন, যা ২৫শে মার্চ সামরিক অভিযানের মাধ্যমে শেষ হয়। ২৫শে মার্চ রাতে শেখ মুজিবুর রহমান বাংলাদেশের স্বাধীনতা ঘোষণা করেন এবং ২৬শে মার্চের প্রথম প্রহরে তাকে আটক করা হয়। এই ঘোষণা পরবর্তীতে ১০ই এপ্রিল মুজিবনগর সরকার কর্তৃক আনুষ্ঠানিকভাবে গৃহীত হয় এবং ইপিআর ট্রান্সমিটারের মাধ্যমে সারাদেশে ছড়িয়ে পড়ে।",7.41,2.53,7.41
news-50892935,"ইরাকে ইসলামিক স্টেট যে আবার নতুন করে সংগঠিত হচ্ছে, তার জোরালো ইঙ্গিত পাওয়া যাচ্ছে।","ইরাকে ইসলামিক স্টেটের পরাজয়ের দুই বছর পর, কুর্দি ও পশ্চিমা গোয়েন্দা কর্মকর্তারা তাদের পুনরুত্থান নিয়ে উদ্বেগ প্রকাশ করেছেন। কুর্দি সন্ত্রাসদমন কর্মকর্তা লাহুর তালাবানির মতে, ইরাকে আইএসের সদস্য সংখ্যা প্রায় ১০ হাজার এবং তারা দেশের বর্তমান অস্থিরতার সুযোগ নিয়ে বিভিন্ন এলাকায় অবাধে চলাচল করছে। তিনি ইসলামিক স্টেটকে আল-কায়েদার চেয়েও বেশি সংগঠিত ও বিপজ্জনক বলে বর্ণনা করেছেন, যারা এখন হারমিন পার্বত্য অঞ্চলের মতো দুর্গম এলাকায় ঘাঁটি গেড়ে আন্ডারগ্রাউন্ডে কাজ করছে।",7.23,2.47,7.23
news-47480237,"কিংবদন্তী গায়ক মাইকেল জ্যাকসনের বিরুদ্ধে যৌন হয়রানির যে অভিযোগ তোলা হয়েছে, তাকে 'চূড়ান্ত রকমের বিশ্বাসঘাতকতা' বলে উল্লেখ করেছেন তাঁর ভাইয়ের ছেলে তাজ জ্যাকসন।","মাইকেল জ্যাকসনের বিরুদ্ধে 'লিভিং নেভারল্যান্ড' তথ্যচিত্রে ওয়েড রবসন ও জেমস সেফচাক শৈশবে যৌন নিপীড়নের অভিযোগ তুলেছেন। জ্যাকসনের ভাইপো তাজ জ্যাকসন এই অভিযোগগুলোকে 'বেদনাদায়ক' বললেও, তিনি মনে করেন যে এই কলঙ্ক সাময়িক এবং সত্য একদিন প্রকাশ পাবে। তাজ আরও বলেছেন যে মাইকেল জ্যাকসন এই অভিযোগগুলো শুনলে কান্নায় ভেঙে পড়তেন, কারণ তিনি ওয়েড এবং তার পরিবারকে খুব ভালোভাবে চিনতেন।",20.0,7.69,17.5
news-44672333,"উরুগুয়ে কোচ অস্কার তাবারেজ বলেছেন, পর্তুগালের বিপক্ষে ম্যাচে এডিনসন কাভানির খুঁড়িয়ে মাঠ ছাড়ার দৃশ্য তাঁকে ""দুশ্চিন্তায় ফেলেছে""।","উরুগুয়ের তারকা ফুটবলার কাভানি পর্তুগালের বিপক্ষে দুটি গোল করে দলকে কোয়ার্টার ফাইনালে তুললেও উরুর মাংসপেশীতে চোট পেয়েছেন। চোটের কারণে তিনি মাঠ ছাড়তে বাধ্য হন এবং রোনাল্ডোর কাঁধে ভর করে প্যাভিলিয়নে ফেরেন। কাভানি ও দলের কোচ তাবারেজ দুজনেই চোটের মাত্রা নিয়ে চিন্তিত, কারণ শুক্রবার ফ্রান্সের বিপক্ষে তাদের কোয়ার্টার ফাইনাল ম্যাচ রয়েছে।",14.93,3.08,8.96
news-54969744,বাংলাদেশের জাতীয় দলের ক্রিকেটার সাকিব আল হাসানকে হত্যার হুমকি দেয়ার অভিযোগে এক ব্যক্তিকে গ্রেপ্তার করেছে র‍্যাব।,সাকিব আল হাসানকে রামদা উঁচিয়ে হত্যার হুমকি ও গালিগালাজ করার অভিযোগে মহসিন তালুকদার নামের এক ব্যক্তিকে সুনামগঞ্জ থেকে গ্রেপ্তার করেছে র‍্যাব। সাকিব আল হাসানের ভারত সফরে কালীপূজা উদ্বোধনের ঘটনাকে কেন্দ্র করে এই হুমকি দেওয়া হয়েছিল। এ ঘটনায় জালালাবাদ থানায় একটি মামলাও দায়ের করা হয়েছিল।,38.71,23.33,38.71
news-51976913,"“আপনি ঘর থেকে বেরিয়ে যান, দরোজা বন্ধ রাখুন। এবং কিছুক্ষণের মধ্যে জীবাণুনাশকের কাজ শুরু হবে।“ ইংরেজিতে এই কথাগুলো বলছে একটা রোবট।","ইউভিডি রোবটস কোম্পানি এমন একটি রোবট তৈরি করেছে যা অতিবেগুনি রশ্মি ব্যবহার করে হাসপাতাল ওয়ার্ডের ব্যাকটেরিয়া ও ভাইরাস ধ্বংস করে। করোনাভাইরাস মহামারীর কারণে এই রোবটের চাহিদা ব্যাপক বৃদ্ধি পেয়েছে, বিশেষ করে চীন, ইতালি এবং অন্যান্য এশীয় ও ইউরোপীয় দেশগুলিতে। এই রোবট মানবদেহের জন্য ক্ষতিকারক অতিবেগুনি রশ্মি ব্যবহার করে জীবাণুর ডিএনএ ধ্বংস করে, তাই এটি মানুষের অনুপস্থিতিতে কাজ করে এবং একটি ঘর জীবাণুমুক্ত করতে ১০-২০ মিনিট সময় নেয়।",11.24,0.0,6.74
news-50218667,সব ধরনের ক্রিকেট থেকে বাংলাদেশের অধিনায়ক সাকিব আল হাসানকে দুই বছরের জন্য নিষিদ্ধ করেছে আন্তর্জাতিক ক্রিকেট কাউন্সিল আইসিসি।,"আইসিসির দুর্নীতি-বিরোধী নিয়ম লঙ্ঘনের দায়ে সাকিব আল হাসানকে সব ধরনের ক্রিকেট থেকে দুই বছরের জন্য নিষিদ্ধ করা হয়েছে। ম্যাচ ফিক্সিংয়ের প্রস্তাব গোপন করার অভিযোগ স্বীকার করায় এই সিদ্ধান্ত নেওয়া হয়েছে, যার মধ্যে এক বছর স্থগিত নিষেধাজ্ঞা। সাকিব এই রায়ের বিরুদ্ধে আপিল করতে পারবেন না এবং ২০২০ সালের ২৯শে অক্টোবর থেকে মাঠে ফিরতে পারবেন, যদি তিনি সাজার সব শর্ত মেনে চলেন।",27.85,20.78,20.25
news-50077403,১৯৭৯ সালে পাকিস্তানী বিজ্ঞানী আবদুস সালাম পদার্থবিদ্যায় নোবেল জিতেছিলেন।,"অধ্যাপক আবদুস সালামের জীবন ও কর্ম নিয়ে একটি ডকুমেন্টারি নির্মিত হয়েছে, যা তার পদার্থবিজ্ঞানের গুরুত্বপূর্ণ তত্ত্ব এবং ২০১২ সালের হিগস বোসন কণার আবিষ্কারের ভিত্তি তুলে ধরে। প্রথম পাকিস্তানি নোবেল বিজয়ী হওয়া সত্ত্বেও, তার ধর্মবিশ্বাসের কারণে পাকিস্তানে তার অবদান প্রায় বিস্মৃত। নেটফ্লিক্স নির্মিত এই ডকুমেন্টারিতে তার পদার্থবিদ্যা, বিশ্বাস এবং জাতীয়তার দিকগুলি তুলে ধরা হয়েছে, যেখানে তার শৈশব ও শিক্ষাজীবনের সংগ্রামও প্রতিফলিত হয়েছে।",5.71,0.0,5.71
news-45950895,"তুরস্কের প্রেসিডেন্ট রেচেপ তায়েপ এরদোয়ান বলেছেন, তার কাছে জোরালো প্রমাণ রয়েছে যে ইস্তাম্বুলের সৌদি কনস্যুলেটের ভেতর সৌদি সাংবাদিক জামাল খাসোগজির মৃত্যু কোন দুর্ঘটনা নয়, বরং এক পরিকল্পিত অপারেশনের মাধ্যমেই তাকে নৃশংসভাবে হত্যা করা হয়েছে।","তুর্কি প্রেসিডেন্ট এরদোয়ান দাবি করেছেন যে সাংবাদিক জামাল খাসোগজিকে পূর্বপরিকল্পিতভাবে হত্যা করা হয়েছে এবং এই হত্যাকাণ্ডের সাথে জড়িত ১৮ জন সৌদি নাগরিককে ইস্তাম্বুলে এনে বিচার করতে হবে। তিনি সৌদি আরবের কাছে খাসোগজির মৃতদেহ এবং হত্যাকারীর পরিচয় জানতে চেয়েছেন। যদিও এরদোয়ান এই হত্যাকাণ্ডের ""নগ্ন সত্য"" প্রকাশের প্রতিশ্রুতি দিয়েছিলেন, তার ভাষণে নতুন কোনো তথ্যপ্রমাণ বা অডিও-ভিডিও রেকর্ডিং প্রকাশ করা হয়নি, যা নিয়ে ব্যাপক কৌতূহল ছিল।",26.53,6.25,16.33
news-50572600,ভারত সফরে এসে ভিসা শেষ হয়ে যাওয়ায় জরিমানা দিতে হয়েছে বাংলাদেশ ক্রিকেট দলের সদস্য সাইফ হাসানকে।,"ক্রিকেটার সাইফ হাসান ভিসা ফুরিয়ে যাওয়ায় কলকাতায় আটকা পড়েছিলেন। দলের বাকিরা ফিরে গেলেও তাকে কলকাতায় থেকে যেতে হয়। অবশেষে, কলকাতার বাংলাদেশ উপদূতাবাসের মাধ্যমে জরিমানার টাকা জমা দেওয়ার পর তিনি ভারত ছাড়ার ছাড়পত্র পান এবং আজ বুধবার ঢাকার উদ্দেশ্যে রওনা হচ্ছেন।",21.43,0.0,10.71
news-48101482,"সোমবার রাতে ঢাকার গুলিস্তানে ককটেল বিস্ফোরণে তিন পুলিশের আহত হওয়ার ঘটনাটি কথিত ইসলামিক স্টেট গ্রুপ ঘটিয়েছে, নাকি এর পেছনে অন্য কেউ জড়িত রয়েছে -তা তদন্ত করে দেখা হচ্ছে বলে জানিয়েছে পুলিশ।","সোমবার রাতে গুলিস্তানে পুলিশের ওপর শক্তিশালী ককটেল হামলায় তিন পুলিশ সদস্য আহত হয়েছেন। আইএস এই হামলার দায় স্বীকার করেছে, যা পুলিশ খতিয়ে দেখছে। জঙ্গিবাদ বিশ্লেষক তাসনিম খলিলের মতে, এটি সাধারণ ককটেল নয়, বরং একটি শক্তিশালী আইইডি ছিল।",23.53,3.03,20.59
news-50194129,"ভারতের উত্তরপূর্বাঞ্চলীয় রাজ্য আসামে আবার এক ব্যক্তি বন্দীশিবিরে মারা গেছেন, যাকে বিদেশী বলে ঘোষণা করা হয়েছিল।","ফালু দাস নামের ৭২ বছর বয়সী এক ব্যক্তিকে ২০১৭ সালে বাংলাদেশী হিসেবে চিহ্নিত করে গোয়ালপাড়ার বন্দীশিবিরে পাঠানো হয়, যেখানে তিনি সম্প্রতি মারা যান। তার পরিবার, যারা নিজেদের ভারতীয় বলে দাবি করে, মৃতদেহ নিতে অস্বীকার করেছে এবং বলেছে যে যেহেতু তাকে বাংলাদেশী ঘোষণা করা হয়েছে, তাই তার দেহ বাংলাদেশে পাঠানো হোক। পরিবারটি আরও দাবি করেছে যে যতক্ষণ না তাদের ভারতীয় হিসেবে স্বীকৃতি দেওয়া হচ্ছে এবং নাগরিকপঞ্জীতে তাদের নাম অন্তর্ভুক্ত করা হচ্ছে, ততক্ষণ তারা মৃতদেহ গ্রহণ করবে না।",13.04,2.22,13.04
news-45856488,প্রায় চল্লিশ বছর বন্ধ থাকার পর নতুন করে যাত্রা শুরু করতে যাচ্ছে লেবাননের এককালের বিলাসবহুল গ্র্যান্ড সোফার হোটেল।,"লেবাননের গৃহযুদ্ধের সময় বন্ধ হয়ে যাওয়া 'দ্য গ্র্যান্ড লেবানিজ হোটেল অফ সোফার' একসময় বিশ্বখ্যাত সেলেব্রিটি ও রাজনীতিকদের পদচারণায় মুখরিত ছিল। বর্তমানে এটি একটি পরিত্যক্ত ভবন হলেও, সম্প্রতি একটি প্রদর্শনীর কারণে অনেকেই তাদের পুরোনো স্মৃতি নিয়ে হোটেলটি দেখতে আসছেন। এই হোটেলটি সত্তর ও আশির দশকে আভিজাত্যের প্রতীক ছিল এবং বহু মানুষের জীবনের গুরুত্বপূর্ণ ঘটনার সাক্ষী ছিল, যেমন সামিরা সায়েগের বিয়ের ঘটনা।",12.82,0.0,7.69
news-48759400,"জাতীয় পতাকা, জাতীয় সঙ্গীত, জাতীয় প্রতীক, জাতীয় পোশাক প্রায় সব দেশেরই থাকে। অনেক দেশের জাতীয় ফুল, জাতীয় পশু, জাতীয় ক্রীড়াও থাকে।","ভারতীয় বিমানবাহিনীর উইং কমান্ডার অভিনন্দন বর্তমানের গোঁফকে 'জাতীয় গোঁফ' ঘোষণার দাবি তুলেছেন কংগ্রেস নেতা অধীর রঞ্জন চৌধুরী, যা নিয়ে সামাজিক মাধ্যমে ব্যাপক হাস্যরস ও আলোচনা চলছে। ফেব্রুয়ারিতে পাকিস্তানের হাতে আটক হওয়ার পর থেকেই অভিনন্দনের এই বিশেষ গোঁফটি ভারতে জনপ্রিয়তা লাভ করে। এই দাবিকে কেন্দ্র করে অনেকেই কংগ্রেসকে উপহাস করছেন এবং রাহুল গান্ধীকেও একই ধরনের গোঁফ রাখার পরামর্শ দিয়ে মিম তৈরি হচ্ছে।",2.44,0.0,2.44
news-51769925,মধ্যপ্রাচ্যের বিভিন্ন দেশে করোনাভাইরাস বা কোভিড নাইনটিন সংক্রমণ ক্রমশ:ই আরো বেশি করে ছড়িয়ে পড়ছে। ভাইরাসে আক্রান্ত মানুষের সংখ্যা বেড়ে যাওয়ায় মধ্যপ্রাচ্যের কিছু শহরে জুম্মার নামাজ বাতিল করা হয়েছে।,"মধ্যপ্রাচ্যে করোনাভাইরাসের প্রকোপ বাড়ছে, বিশেষ করে ইরান থেকে এটি বিভিন্ন দেশে ছড়িয়ে পড়ছে। সৌদি আরবে ওমরাহ হজ স্থগিত করা হয়েছে এবং মক্কা-মদিনার পবিত্র মসজিদগুলোতে প্রবেশে কড়াকড়ি আরোপ করা হয়েছে। ইরাক ও ইরানের বিভিন্ন শহরে নামাজ বাতিল, স্কুল-কলেজ বন্ধ এবং অফিসের সময় কমানোর মতো পদক্ষেপ নেওয়া হয়েছে।",25.97,10.67,20.78
news-45468700,"ঢাকার কয়েকটি প্রধান সড়কে হিউম্যান হলার বা লেগুনা চলাচল ছিল স্বাভাবিক চিত্র, কারণ বাসের বিকল্প হিসেবে অনেকে এই লেগুনায় চড়েন।","ঢাকা মেট্রোপলিটন পুলিশ প্রধান সড়কে লেগুনা চলাচল বন্ধের ঘোষণা দিয়েছে, যা ঢাকার যানজট নিরসনে মাসব্যাপী কার্যক্রমের অংশ। এই সিদ্ধান্তের ফলে সাধারণ যাত্রীরা বিপাকে পড়েছেন, কারণ লেগুনা তাদের যাতায়াতের একটি গুরুত্বপূর্ণ মাধ্যম ছিল। যদিও ডিএমপি শহরের উপকণ্ঠে লেগুনা চলাচলের অনুমতি দিয়েছে, তবে অনেক যাত্রী ও সামাজিক মাধ্যমে এই সিদ্ধান্তের সমালোচনা হচ্ছে, কারণ বিকল্প ব্যবস্থা না করেই লেগুনা বন্ধ করা হয়েছে।",22.78,5.19,17.72
160825_bangladesh_fire_accident_why_risky_country,"(এই প্রতিবেদনটি দেখতে পাবেন আজ চ্যানেল আই টেলিভিশনে ‘বিবিসি প্রবাহ’ অনুষ্ঠানে, রাত ৯টা ৩৫ মিনিটে।)","এ সপ্তাহে বাংলাদেশে বসুন্ধরা শপিং মল ও গাজীপুরের একটি পোশাক কারখানায় দুটি বড় অগ্নিকাণ্ড ঘটেছে। ফায়ার সার্ভিসের মতে, বাংলাদেশে বহুতল ভবন ও কারখানায় আগুন মোকাবেলায় পূর্বপ্রস্তুতি ও দ্রুত পদক্ষেপের অভাব রয়েছে। আগুন নিয়ন্ত্রণে ব্যক্তিগত সচেতনতা, প্রশিক্ষণ এবং প্রতিটি সংস্থার নিজস্ব অগ্নিনির্বাপক দল থাকা জরুরি, যা বর্তমানে অনুপস্থিত।",0.0,0.0,0.0
news-47169634,বিএনপির চেয়ারপারসন খালেদা জিয়া তার রাজনৈতিক জীবনে কখনো এত দীর্ঘসময় ধরে কারাভোগ করেন নি।,"বিএনপির চেয়ারপারসন খালেদা জিয়া জিয়া অরফানেজ ট্রাস্ট দুর্নীতির মামলায় এক বছর ধরে কারাগারে রয়েছেন। তার মুক্তির দাবিতে বিএনপি আইনি ও রাজনৈতিক কর্মসূচি পালন করলেও কোনো ফল পায়নি। দলের নেতারা অভিযোগ করছেন, রাজনৈতিক উদ্দেশ্যপ্রণোদিতভাবে তাকে কারাবন্দী করে রাখা হয়েছে এবং দেশে আইনের শাসনের অভাব রয়েছে।",24.14,10.71,20.69
news-50698797,ভারতে গণ-ধর্ষণে অভিযুক্ত চারজন পুরুষ পুলিশের সাথে 'এনকাউন্টারে' নিহত হওয়ার পর সারা দেশে লোকজন উল্লাস প্রকাশ করেছে।,"হায়দ্রাবাদে পশু চিকিৎসক ধর্ষণ ও হত্যা মামলার অভিযুক্তরা পুলিশের এনকাউন্টারে নিহত হওয়ার পর সাধারণ মানুষ আনন্দ উল্লাস করছে, মিষ্টি বিতরণ করছে এবং পুলিশকে অভিনন্দন জানাচ্ছে। এই ঘটনার পেছনে মূল কারণ হলো ভারতীয় বিচার ব্যবস্থার দীর্ঘসূত্রিতা এবং বিচার প্রক্রিয়ার প্রতি মানুষের আস্থাহীনতা। মানুষ দ্রুত বিচার না পেয়ে ""তাৎক্ষণিক বিচার""কে স্বাগত জানাচ্ছে, কারণ ভারতে লাখ লাখ মামলা বছরের পর বছর ধরে আদালতে ঝুলে থাকে, যার মধ্যে দেড় লাখেরও বেশি ধর্ষণ সংক্রান্ত মামলা।",13.48,2.3,11.24
news-44629049,রাখাইনে রোহিঙ্গা নিধন নিয়ে আন্তর্জাতিক চাপ সামলাতে অং সান সুচি যে ভূমিকা নিচ্ছেন তা যে মিয়ানমারের সেনাবাহিনী পছন্দ করছে না- এটা এখন একরকম ওপেন সিক্রেট।,"মিয়ানমারের রাখাইন রাজ্যে রোহিঙ্গা নির্যাতন ও হত্যার তদন্ত এবং তাদের প্রত্যাবাসন ইস্যুতে অং সান সু চি ও সেনাবাহিনীর মধ্যে সম্পর্কের অবনতি হয়েছে। বিশেষ করে তদন্ত কমিটিতে একজন বিদেশি বিশেষজ্ঞের অন্তর্ভুক্তি নিয়ে সেনাবাহিনী তীব্র আপত্তি জানিয়েছে, যা তাদের 'রেডলাইন' হিসেবে বিবেচিত। এই বিষয়ে এক বৈঠকে সেনাপ্রধান মিন অং লেইন সু চিকে ক্ষমতা দখলের হুমকিও দিয়েছেন, যদিও তা পুরো দেশের জন্য নাকি শুধু রাখাইনের জন্য, তা স্পষ্ট নয়।",15.38,2.25,8.79
news-48737147,ওমান উপসাগরে বৃহস্পতিবার তাদের একটি অত্যাধুনিক ড্রোন বিধ্বস্ত করার বদলা হিসাবে যুক্তরাষ্ট্র সরাসরি সামরিক পথ না নিলেও ইরানের বিরুদ্ধে বড় ধরনের সাইবার হামলা শুরু করেছে।,"যুক্তরাষ্ট্র ওমান উপসাগরে তেলের ট্যাংকারে মাইন হামলার প্রতিশোধ হিসেবে ইরানের ইসলামিক রেভল্যুশনারি গার্ডের (আইআরজিসি) রকেট ও ক্ষেপণাস্ত্র ব্যবস্থায় সাইবার হামলা চালিয়েছে। মার্কিন মিডিয়া রিপোর্ট অনুযায়ী, এই হামলায় ইরানের ক্ষেপণাস্ত্র প্রক্ষেপণ ব্যবস্থা অকেজো হয়ে পড়েছে, যদিও ক্ষতির পরিমাণ নিরপেক্ষ সূত্র থেকে নিশ্চিত নয়। এই সাইবার হামলার পর যুক্তরাষ্ট্র ইরানের পাল্টা সাইবার হামলার আশঙ্কায় সতর্কতা জারি করেছে।",17.5,5.13,15.0
news-44796339,আমেরিকায় অবৈধ অভিবাসী পরিবারের সন্তানদের বাবা-মার কাছ থেকে বিচ্ছিন্ন করে দেওয়ার জন্য যেখানে ট্রাম্প প্রশাসনের বিরুদ্ধে দুনিয়া জুড়ে শোরগোল হচ্ছে - সেই একই ধরনের রেওয়াজ ভারত-বাংলাদেশ সীমান্তেও বহু বছর ধরে চলছে বলে অভিযোগ উঠেছে।,"ভারত-বাংলাদেশ সীমান্তে অবৈধ অনুপ্রবেশের দায়ে আটক বাংলাদেশি বাবা-মায়েদের কাছ থেকে তাদের সন্তানদের বিচ্ছিন্ন করে ফেলা হচ্ছে। ক্যালকাটা রিসার্চ গ্রুপের প্রতিবেদন অনুযায়ী, ছয় বছরের বেশি বয়সী শিশুদের হোমে পাঠানো হয়, যেখানে তাদের বাবা-মায়ের সঙ্গে আর দেখা হয় না। মানবাধিকার কর্মীরা এই পদ্ধতিকে অমানবিক বললেও, ফরেনার্স অ্যাক্টের নিয়মের কারণে এটি বছরের পর বছর ধরে চলে আসছে।",28.26,8.89,19.57
news-40841680,বাংলাদেশের ফরিদপুরের বোয়ালমারী উপজেলায় বিএনপির ছাত্র সংগঠন বাংলাদেশ ছাত্রদলের নেতৃত্ব নির্বাচনের জন্য নেতৃত্ব প্রত্যাশী ছাত্রদের মূত্র পরীক্ষা করতে দেয়া হয়েছে।,"বোয়ালমারী উপজেলা বিএনপি ছাত্র সংগঠনের ভবিষ্যৎ নেতৃত্বকে মাদকমুক্ত রাখতে এক অভিনব উদ্যোগ নিয়েছে। উপজেলা ছাত্রদলের পদপ্রত্যাশী আটজন নেতার মূত্র পরীক্ষা করানো হয়েছে, যাতে তাদের শরীরে মাদকের উপস্থিতি আছে কিনা তা নিশ্চিত করা যায়। এই পদক্ষেপের উদ্দেশ্য হলো তরুণদের মধ্যে মাদকের ব্যাপক ব্যবহার বৃদ্ধি পাওয়ায় দলের ছাত্র সংগঠনকে মাদকমুক্ত নেতৃত্ব উপহার দেওয়া।",19.72,2.9,16.9
news-47315211,"""আমাদের মতামতে কি এসে যায়? কি আর হবে? কয়দিন ফেসবুকে লেখালেখি হবে!!!এইতো।""","চকবাজার অগ্নিকাণ্ডে হতাহতদের স্বজনরা কর্তৃপক্ষের উদাসীনতা ও অব্যবস্থাপনার কারণে ক্ষোভ ও হতাশা প্রকাশ করেছেন। তাদের মতে, এমন দুর্ঘটনা প্রতিরোধের সুযোগ থাকলেও সাময়িক তোড়জোড়ের পর কার্যকর পদক্ষেপ নেওয়া হয় না এবং তদন্তের ফলাফলও প্রকাশ পায় না। ফেসবুক ব্যবহারকারীরা সংশ্লিষ্ট কর্তৃপক্ষ, ফায়ার সার্ভিস এবং পুরনো ঢাকার বাসিন্দাদের প্রতি ক্ষোভ প্রকাশ করে বলেছেন, যারা দেখভালের দায়িত্বে আছেন তারাই এসব অভিশাপের মূল হোতা।",0.0,0.0,0.0
news-49540671,যুক্তরাষ্ট্রের রাজ্য টেক্সাসে আবার একটি গণ গুলিবর্ষণের ঘটনায় অন্তত পাঁচজন নিহত আর অনেকে আহত হয়েছে বলে পুলিশ জানিয়েছে।,"টেক্সাসের ওডেসা ও মিডল্যান্ড শহরের মধ্যে এক বন্দুকধারীর এলোপাথাড়ি গুলিতে অন্তত পাঁচজন নিহত এবং ১৬ জন আহত হয়েছেন, যাদের মধ্যে পুলিশ কর্মকর্তাও রয়েছেন। পুলিশ জানিয়েছে, সন্দেহভাজন শ্বেতাঙ্গ বন্দুকধারী পুলিশের গুলিতে নিহত হলেও, আরও একজন পলাতক সন্দেহভাজনের খোঁজে তদন্ত চলছে। এই হামলার কারণ এখনও অজানা, তবে এটি টেক্সাসে চার সপ্তাহের মধ্যে দ্বিতীয় বড় বন্দুক হামলার ঘটনা।",16.44,5.63,13.7
news-45667250,ভারতের সুপ্রিম কোর্ট বৃহস্পতিবার ঘোষণা করেছে যে বিবাহিত কোন নারী বা পুরুষ যদি স্বামী বা স্ত্রী-র বাইরে অন্য কারো সাথে যৌন সম্পর্ক করেন - যাকে বলা হয় পরকীয়া - তা আর সেদেশে ফৌজদারি অপরাধ বলে গণ্য হবে না।,"ভারতের সুপ্রিম কোর্ট ১৫৮ বছরের পুরোনো পরকীয়া সংক্রান্ত আইনকে অসাংবিধানিক ঘোষণা করেছে, যা পরকীয়ায় জড়িত পুরুষের কারাদণ্ডের বিধান দিত। আদালত রায় দিয়েছে যে পরকীয়া বিবাহবিচ্ছেদের কারণ হতে পারে, কিন্তু এটি ফৌজদারি অপরাধ নয়, কারণ এটি নারীর অধিকার এবং নারী-পুরুষের সমতার পরিপন্থী। এই রায়ের মাধ্যমে আদালত নারীর শরীর ও অধিকারের উপর তার সম্পূর্ণ নিয়ন্ত্রণকে স্বীকৃতি দিয়েছে এবং স্বামীকে স্ত্রীর মালিক হিসেবে দেখার পিতৃতান্ত্রিক ধারণাকে বাতিল করেছে।",19.42,7.92,17.48
news-53659904,"বিশাল এক বিস্ফোরণ ব্যাপক ধ্বংসযজ্ঞ চালিয়েছে লেবাননের রাজধানী বৈরুতে। বহু মানুষ মারা গেছে, আহত হয়েছে কয়েক হাজারের বেশি।","বৈরুতের বন্দরে ভয়াবহ বিস্ফোরণে শত শত কিলোমিটার দূরের সাইপ্রাসও কেঁপে ওঠে, যেখানে কর্মকর্তারা এটিকে গুদামে মজুত বিপজ্জনক বিস্ফোরকের দুর্ঘটনা বলে উল্লেখ করেছেন। এই বিস্ফোরণে হাজার হাজার মানুষ আহত হয়েছেন, বহু ঘরবাড়ি ধ্বংস হয়েছে এবং রাস্তাঘাট ধ্বংসস্তূপে পরিণত হয়েছে। যদিও বিস্ফোরণের কারণ এখনো স্পষ্ট নয়, তবে ধ্বংসস্তূপের নিচে আটকা পড়া মানুষদের উদ্ধারের চেষ্টা চলছে।",11.27,0.0,8.45
news-48581152,"মাশরাফী বিন মোত্তর্জা বাংলাদেশের অন্যতম সেরা বোলার, এখনো পর্যন্ত ওয়ানডে ফরম্যাটে বাংলাদেশের সর্বোচ্চ উইকেট শিকারী মাশরাফী।","মাশরাফী বিন মোর্ত্তজা বাংলাদেশের অধিনায়ক হিসেবে নিয়মিত খেললেও তার পারফরম্যান্স নিয়ে প্রশ্ন উঠেছে, বিশেষ করে বিশ্বকাপে তার উইকেট না পাওয়া নিয়ে। ভারতের সাবেক ক্রিকেটার অজিত আগারকারও তার একাদশে সুযোগ পাওয়া নিয়ে সন্দেহ প্রকাশ করেছেন। যদিও মাশরাফী নিজের খেলা নিয়ে সন্তুষ্টি প্রকাশ করেছেন, তবে তার অধিনায়কত্ব নিয়ে প্রশ্ন না থাকলেও, ক্রিকেটার হিসেবে তার ফর্ম নিয়ে বিতর্ক চলছে।",13.89,2.86,13.89
news-37517257,নিয়ন্ত্রণ রেখা পেরিয়ে পাকিস্তান শাসিত কাশ্মীরে ভারতীয় সেনাবাহিনীর অভিযানের পর দুই দেশেরই সীমান্তের অনেক জায়গায় সম্ভাব্য হামলার আশঙ্কায় সতর্কতামূলক ব্যবস্থা হিসেবে গ্রামবাসীদের সরিয়ে নেয়া হচ্ছে।,"ভারতীয় সেনাবাহিনী পাঞ্জাবের আন্তর্জাতিক সীমান্ত সংলগ্ন দশ কিলোমিটার এলাকার গ্রামগুলো থেকে সাধারণ মানুষকে সরিয়ে নেওয়া শুরু করেছে, কারণ পাকিস্তান শাসিত কাশ্মীরে ভারতীয় হামলার পর পাকিস্তানের পাল্টা হামলার আশঙ্কা করা হচ্ছে। জম্মু এলাকার সীমান্তবর্তী গ্রামগুলো থেকেও অনেকে নিজ উদ্যোগে সরে যাচ্ছেন, যদিও সেখানে কোনো সরকারি নির্দেশ নেই। এদিকে, পাকিস্তান থেকেও সীমান্তের কিছু এলাকা থেকে মানুষ সরে যাওয়ার খবর পাওয়া গেছে এবং ভারতীয় সামরিক বাহিনী নিয়ন্ত্রণ রেখা পেরিয়ে 'সার্জিকাল স্ট্রাইক' চালানোর পর বৃহস্পতিবার রাতে পাকিস্তানের পক্ষ থেকে গুলি বর্ষণ হয়েছে।",23.3,9.9,13.59
news-50810708,ভারতে নাগরিকত্ব সংশোধনী বিলের প্রতিবাদে দেশের বিভিন্ন শহরে ছড়িয়ে পড়া সহিংস বিক্ষোভের জন্য পরোক্ষভাবে শুধু মুসলমানদের দায়ী করেছেন প্রধানমন্ত্রী নরেন্দ্র মোদী।,"নাগরিকত্ব সংশোধনী বিলের প্রতিবাদে চলমান বিক্ষোভের মধ্যে প্রধানমন্ত্রী নরেন্দ্র মোদী ঝাড়খন্ডের এক নির্বাচনী সভায় মন্তব্য করেন যে, ""এই সব আগুন কারা লাগাচ্ছে, সেটা তাদের পোশাক দেখলেই চেনা যায়।"" বিরোধীরা এই মন্তব্যকে একটি বিশেষ ধর্মের মানুষের প্রতি সাম্প্রদায়িক আক্রমণ হিসেবে দেখছেন। প্রধানমন্ত্রী সম্ভবত লুঙ্গি ও টুপি পরিহিত কিছু লোকের ভাঙচুরের ভিডিওর কথা উল্লেখ করেছেন, যা সোশ্যাল মিডিয়ায় ছড়িয়ে পড়েছে এবং মূলধারার গণমাধ্যমেও প্রচারিত হয়েছে, যদিও বিবিসি এই ভিডিওগুলির সত্যতা যাচাই করতে পারেনি।",21.74,11.11,17.39
news-47799023,বাংলাদেশের সংবিধানে চতুর্থ সংশোধনীর মাধ্যমে বহুদলীয় সংসদীয় সরকার পদ্ধতি বিলুপ্ত করে রাষ্ট্রপতি শাসিত সরকার ব্যবস্থা প্রবর্তন করা হয়েছিল ১৯৭৫ সালের ২৪শে জানুয়ারি।,"১৯৭২ সালের ৮ই জানুয়ারি লন্ডনের ক্ল্যারিজে'স হোটেলে এক সংবাদ সম্মেলনে বাংলাদেশের প্রতিষ্ঠাতা রাষ্ট্রপতি শেখ মুজিবুর রহমান বাকশালকে ""দ্বিতীয় বিপ্লব"" হিসেবে ঘোষণা করেন। সমালোচকদের মতে, বাকশাল একদলীয় শাসন, গণমাধ্যমের ওপর রাষ্ট্রের নিয়ন্ত্রণ এবং রাষ্ট্র, সরকার ও দলের একীভূতকরণের কারণে বিতর্কিত ছিল। আওয়ামী লীগ বাকশালকে জাতীয় ঐক্যের প্ল্যাটফর্ম হিসেবে দাবি করলেও, সমালোচকরা এটিকে একনায়কতন্ত্রের প্রকৃষ্ট উদাহরণ হিসেবে আখ্যায়িত করেন।",12.5,0.0,7.5
news-55530159,"বিয়ের আগে একাধিক নারীর সঙ্গে সম্পর্ক রাখা, আবার তা লুকিয়ে রেখে নারীদের সঙ্গে প্রতারণা করেছেন কোন পুরুষ -এমন খবর প্রায়ই শোনা যায়।","ছত্তিশগড়ের বস্তারে চন্দু মৌরিয়া নামের এক যুবক তার দুই প্রেমিকা সুন্দরী কাশ্যপ ও হাসিনা বাঘেলকে একই দিনে, একই মণ্ডপে সামাজিক রীতি মেনে বিয়ে করেছেন। চন্দু মৌরিয়া প্রথমে সুন্দরীর সাথে সম্পর্কে জড়ান এবং পরে হাসিনার সাথেও তার প্রেম হয়। এই ঘটনায় চন্দু ও হাসিনার পরিবার উপস্থিত থাকলেও সুন্দরীর পরিবার থেকে কেউ আসেননি।",2.74,0.0,2.74
news-51124170,১৮৫০ সালেও সামাজিক অগ্রগতির বিষয়টি ছিল পরাহত। এর কয়েক বছর আগে আমেরিকান ক্যাম্পেইনার এলিজাবেথ ক্যাডি স্ট্যানটন নারীদের ভোটাধিকার চেয়ে বিতর্ক তৈরি করেছিলেন।,"১৮৯৯ সালে আইজ্যাক মেরিট সিঙ্গার নামে এক ব্যর্থ অভিনেতা সেলাই মেশিনের ত্রুটি দূর করে এক নতুন মডেল তৈরি করেন, যা সেলাইয়ের সময় ১৪ ঘণ্টা থেকে কমিয়ে এক ঘণ্টায় নিয়ে আসে। তার তৈরি সিঙ্গার সেলাই মেশিন দ্রুত জনপ্রিয় হয়ে ওঠে এবং এটিই ছিল প্রথম কার্যকরী সেলাই মেশিন। যদিও সিঙ্গার ব্যক্তিগত জীবনে নারী অধিকারের সমর্থক ছিলেন না, তার এই আবিষ্কার নারী সমাজে সেলাইয়ের কাজকে অনেক সহজ করে দেয়।",4.55,0.0,2.27
39654139,বাংলাদেশে প্রচলিত তিন ধরনের মাদ্রাসা শিক্ষার মধ্যে মসজিদ ভিত্তিক মাদ্রাসাগুলোই মূলত কওমী মাদ্রাসা হিসেবে পরিচিত।,"২০১৫ সালের তথ্য অনুযায়ী, বাংলাদেশে ১৩,৮২৬টি কওমি মাদ্রাসায় প্রায় ১৪ লক্ষ শিক্ষার্থী অধ্যয়ন করছে, যাদের শিক্ষাব্যবস্থার ওপর সরকারের কোনো নিয়ন্ত্রণ নেই। দারুল উলুম দেওবন্দের অনুকরণে প্রতিষ্ঠিত এই মাদ্রাসাগুলোতে মূলত ইসলামি শিক্ষা দেওয়া হয়, তবে তাদের পাঠ্যক্রমে কোরআন-হাদিসের পাশাপাশি বাংলা, ইংরেজি, আরবি, উর্দু, ফারসি, গণিত, বিজ্ঞান, অর্থনীতি, রাষ্ট্রবিজ্ঞান এবং তর্কশাস্ত্রের মতো বিষয়ও অন্তর্ভুক্ত। কওমি শিক্ষাবিদরা দাবি করেন যে দাওরায়ে হাদিস স্তরের শিক্ষার্থীরা ধর্মীয় বিষয়ে কলেজ বা বিশ্ববিদ্যালয়ের শিক্ষার্থীদের চেয়েও বেশি জ্ঞান অর্জন করে।",4.49,0.0,4.49
news-50680291,বাংলাদেশে 'জ্বীনের বাদশাহ্' পরিচয় দিয়ে প্রতারণা করার দায়ে সিআইডি পুলিশ সম্প্রতি সাত ব্যক্তিকে আটক করেছে।,"ভোলায় একটি প্রতারক চক্র 'জ্বীনের বাদশাহ্' সেজে সরলমনা মানুষের কাছ থেকে লক্ষ লক্ষ টাকা হাতিয়ে নিচ্ছে। অবসরপ্রাপ্ত কর্মকর্তা জাহানারা বেগম বিজ্ঞাপনের মাধ্যমে এই চক্রের ফাঁদে পড়েন এবং ২০০১ টাকা রেজিস্ট্রেশন ফি দিয়ে তাদের সাথে যোগাযোগ করেন। এরপর 'জ্বীনের বাদশাহ্' তার সঞ্চয়ের ২৫ লক্ষ টাকা হাতিয়ে নেয়, যা তিনি মোবাইল ব্যাংকিংয়ের মাধ্যমে পরিশোধ করেন।",5.88,3.03,5.88
news-54060487,বাংলাদেশে নারায়ণগঞ্জের মসজিদে বিস্ফোরণে অনেক মানুষের হতাহতের ঘটনার পর মসজিদ নির্মাণের অনুমোদনের ইস্যুসহ নিরাপত্তা নিয়ে নানা প্রশ্ন উঠেছে।,"নারায়ণগঞ্জের বায়তুস সালাত মসজিদে বিস্ফোরণের পর মসজিদ নির্মাণে স্বচ্ছতা ও নিয়মনীতির অভাব নিয়ে প্রশ্ন উঠেছে। ইসলামী চিন্তাবিদরা বলছেন, ইসলামে মসজিদ নির্মাণে জমির বৈধতা ও আর্থিক স্বচ্ছতা অপরিহার্য, এমনকি নবীজির মসজিদ নির্মাণের উদাহরণেও এর প্রমাণ মেলে। বাংলাদেশের আইনে অন্যান্য স্থাপনার মতো মসজিদের ক্ষেত্রেও নকশা ও অনুমোদনের প্রয়োজন হলেও, নির্মাণ থেকে নিরাপত্তা পর্যন্ত তদারকির কোনো সুনির্দিষ্ট নীতিমালা বা প্রাতিষ্ঠানিক ব্যবস্থা নেই।",25.97,8.0,18.18
news-44985270,রাজশাহী জেলা মহিলা আওয়ামী লীগের সভাপতি মর্জিনা পারভীন। ৩০ বছর ধরে রাজনীতি করছেন তিনি।,"সিলেট সিটি কর্পোরেশন নির্বাচনে নারীদের মেয়র পদে মনোনয়ন না পাওয়ার কারণ নিয়ে প্রশ্ন উঠেছে। মর্জিনা পারভীন মনে করেন, পুরুষতান্ত্রিক মানসিকতা এবং সুযোগের অভাবই এর মূল কারণ, যেখানে নারীদের যোগ্য মনে করা হয় না। যদিও সংরক্ষিত নারী আসন রয়েছে, তবুও মেয়র পদে নারীদের অংশগ্রহণ অত্যন্ত সীমিত, যা নারীদের রাজনৈতিক ক্ষমতায়নের পথে একটি বড় বাধা।",5.97,3.08,5.97
news-43820876,ক্যামব্রিজ অ্যানালিটিকা ও ফেসবুকের সাম্প্রতিক কেলেঙ্কারি প্রকাশিত হওয়ার পর অনলাইনে মানুষের তথ্য নিরাপত্তার ঝুঁকির বিষয়টি উঠে আসায় বিস্মিত হয়েছে পুরো বিশ্ব।,"ডিজিটাল প্রযুক্তি মানুষের রাজনৈতিক মতাদর্শকে প্রভাবিত করছে, যা গণতন্ত্র ও আধুনিক প্রযুক্তির মধ্যকার গভীর সংকটের একটি অংশ। প্রযুক্তি গণতন্ত্রকে তথ্য সরবরাহ, মানুষকে একত্রিত করা এবং রাজনৈতিক মতপ্রকাশে সহায়তা করলেও, এর সুদূরপ্রসারী ক্ষতিগুলো সম্পর্কে আমরা যথেষ্ট সচেতন নই। এই সমস্যার কারণ হলো গণতন্ত্রের চিরাচরিত উপাদানগুলোর সাথে আধুনিক প্রযুক্তির সামঞ্জস্যের অভাব, কারণ ডিজিটাল প্রযুক্তি সম্পূর্ণ ভিন্ন নিয়মে পরিচালিত হয়।",7.69,0.0,5.13
news-43881871,বিশ্ববিদ্যালয় পর্যায়ের অর্থনীতির ছাত্ররা 'বাংলাদেশ প্যারাডক্স' কথাটার সঙ্গে পরিচিত। বিশ্বের অনেক অর্থনীতিবিদ এর আগে এই ধাঁধাঁর উত্তর খোঁজার চেষ্টা করেছেন।,"অর্থনীতিবিদ কৌশিক বসু তাঁর ""হোয়াই ইজ বাংলাদেশ বুমিং"" শীর্ষক প্রবন্ধে বাংলাদেশকে এশিয়ার এক চমকপ্রদ সাফল্যের গল্প হিসেবে তুলে ধরেছেন। একসময়ের 'তলাবিহীন ঝুড়ি' হিসেবে পরিচিত দেশটি সামাজিক ও অর্থনৈতিক ক্ষেত্রে অভাবনীয় অগ্রগতি অর্জন করেছে, যা পাকিস্তান ও ভারতের অর্থনৈতিক প্রবৃদ্ধিকে ছাড়িয়ে যাওয়ার পথে। কৌশিক বসু নারীর ক্ষমতায়ন এবং গার্মেন্টস শিল্পকে এই সাফল্যের প্রধান কারণ হিসেবে উল্লেখ করেছেন, যা ২০০৬ সাল থেকে দেশটির অর্থনৈতিক অগ্রগতির টার্নিং পয়েন্ট হিসেবে কাজ করেছে।",11.36,0.0,9.09
news-56330015,মিয়ানমারে সোমবার একটি অ্যাপার্টমেন্ট ব্লকে আটকে পড়া বিক্ষোভকারীদের ছেড়ে দেয়ার জন্য সামরিক বাহিনীর প্রতি আহবান জানিয়েছে জাতিসংঘ।,"মিয়ানমারে সেনা অভ্যুত্থানের প্রতিবাদে চলমান বিক্ষোভে ইয়াঙ্গনে প্রায় ২০০ বিক্ষোভকারীকে নিরাপত্তা বাহিনী ঘিরে ফেলে আটকে রেখেছে, যাদের মধ্যে আন্তর্জাতিক নারী দিবসের র‍্যালিতে অংশ নেওয়া নারীরাও রয়েছেন। জাতিসংঘ এই শান্তিপূর্ণ বিক্ষোভকারীদের নিরাপদে চলে যাওয়ার অনুমতি দেওয়ার আহ্বান জানিয়েছে, কারণ দেশটিতে এ পর্যন্ত অন্তত ৫৪ জন বিক্ষোভকারী নিহত হয়েছেন। জাতিসংঘ মহাসচিব আন্তোনিও গুতেরেস সর্বোচ্চ ধৈর্য ধারণ এবং সহিংসতা ও গ্রেফতার ছাড়াই বিক্ষোভকারীদের নিরাপদ প্রস্থানের সুযোগ দেওয়ার আহ্বান জানিয়েছেন।",11.9,0.0,11.9
news-45166150,"বিজ্ঞানীদের মতে সমুদ্রে অন্তত ১,০০০ মাইল (১,৬০০ কিলোমিটার) বহন করার পর অবশেষে মৃত নবজাতককে বহন করা বন্ধ করলো তিমি।","জে৩৫ নামের একটি মা তিমি তার মৃত শাবককে ১৭ দিন ধরে বহন করার পর অবশেষে তাকে ছেড়ে দিয়েছে, যা এই ধরণের তিমির জন্য একটি রেকর্ড। গবেষকরা জানিয়েছেন যে মা তিমিটি শারীরিকভাবে সুস্থ আছে, তবে মৃত শাবকের দেহ স্যালিশ সাগরে ডুবে যাওয়ায় তার মৃত্যুর কারণ নির্ণয় করা কঠিন হবে। এই বিলুপ্তপ্রায় তিমি প্রজাতির প্রধান খাদ্য চিনুক স্যামন মাছের সংখ্যা কমে যাওয়ায় তাদের অস্তিত্ব হুমকির মুখে।",16.47,7.23,16.47
news-52578683,ব্রিটেনের জাতীয় পরিসংখ্যান দপ্তরের নতুন প্রকাশ করা রিপোর্ট বলছে কৃষ্ণাঙ্গ নারী পুরুষের করোনাভাইরাসে মৃত্যুর ঝুঁকি শ্বেতাঙ্গদের তুলনায় দ্বিগুণ।,"নতুন পরিসংখ্যান অনুযায়ী, কৃষ্ণাঙ্গদের মধ্যে করোনাভাইরাসে মৃত্যুর ঝুঁকি শ্বেতাঙ্গদের তুলনায় দ্বিগুণ, এবং বাংলাদেশি ও পাকিস্তানি সম্প্রদায়ের মানুষেরও মৃত্যুর ঝুঁকি উল্লেখযোগ্যভাবে বেশি। সামাজিক বৈষম্য, যেমন বয়স, বাসস্থান, সুযোগের অভাব এবং পূর্ব-বিদ্যমান স্বাস্থ্যগত সমস্যা এই ঝুঁকির কারণ হতে পারে। তবে, বিশেষজ্ঞরা মনে করছেন যে পেশাগত কারণ, যেমন মানুষের সংস্পর্শে বেশি আসতে হয় এমন কাজ, এবং ঘনবসতিপূর্ণ জীবনযাপনও এই উচ্চ ঝুঁকির পেছনে দায়ী হতে পারে, যা নিয়ে আরও গবেষণার প্রয়োজন।",16.28,7.14,13.95
news-43863014,"ব্রিটেনের স্বাস্থ্যমন্ত্রী জেরেমি হান্ট জানিয়েছেন শিশুদের সুরক্ষা নিয়ে ""চোখ বুজে"" থাকলে চলবে না বলে হুঁশিয়ারি জানিয়ে ফেসবুক সহ অন্যান্য কিছু সোশ্যাল মিডিয়া কোম্পানিকে চিঠি লিখেছেন তিনি।","ব্রিটিশ মন্ত্রী জেরেমি হান্ট ফেসবুক, গুগলসহ অন্যান্য ইন্টারনেট কোম্পানিগুলোকে শিশুদের অনলাইন হয়রানি বন্ধ এবং কম বয়সী শিশুদের অ্যাকাউন্ট খোলা বন্ধ করার জন্য সুনির্দিষ্ট কর্মপরিকল্পনা জমা দিতে বলেছেন। তিনি সতর্ক করেছেন যে, কোম্পানিগুলো ব্যর্থ হলে কঠোর আইন প্রণয়ন করা হবে। তবে শিশু অধিকার প্রতিষ্ঠানগুলো মনে করে, কেবল চিঠি দিয়ে কাজ হবে না, বরং কঠোর আইন প্রয়োগ করে কোম্পানিগুলোকে বাধ্য করতে হবে।",18.6,2.38,11.63
news-48409941,ভারতের নির্বাচনে শোচনীয় পরাজয়ের সব দায় নিজের কাঁধে নিয়ে কংগ্রেস সভাপতি রাহুল গান্ধী পদত্যাগ করতে চেয়েছেন।,"সম্প্রতি রাহুল গান্ধী লোকসভা নির্বাচনে দলের পরাজয়ের দায়ভার নিয়ে কংগ্রেস সভাপতির পদ থেকে ইস্তফা দিতে চেয়েছিলেন, কিন্তু দলের ওয়ার্কিং কমিটি তা খারিজ করে দেয় এবং তাকেই দল পুনর্গঠনের দায়িত্ব দেয়। একই সময়ে, পশ্চিমবঙ্গের মুখ্যমন্ত্রী মমতা বন্দ্যোপাধ্যায়ও তার পদ ছাড়ার ইচ্ছা প্রকাশ করেছিলেন, যা তার দল প্রত্যাখ্যান করেছে। উভয় নেতাই তাদের পদত্যাগের সিদ্ধান্তে অনড় থাকলেও, তাদের দলীয় সদস্যরা বিকল্প নেতৃত্বের অভাবের কথা উল্লেখ করে তাদের প্রস্তাব গ্রহণ করতে রাজি নন।",16.47,4.82,11.76
news-51136439,"প্রেসিডেন্টের একটি ভাষণ। সাংবিধানিক পরিবর্তনের রূপরেখা ঘোষণা। তার কিছু পরই প্রধানমন্ত্রীর পদত্যাগ, পুরো মন্ত্রিসভার পদত্যাগ। নিযুক্ত হলেন নতুন একজন প্রধানমন্ত্রী।","ভ্লাদিমির পুতিন রাশিয়ায় আকস্মিকভাবে সাংবিধানিক পরিবর্তনের রূপরেখা তুলে ধরেছেন, যার ফলে ২০২৪ সালে তার মেয়াদ শেষ হলেও রুশ প্রশাসনে তার প্রভাব বজায় থাকবে। এই পরিবর্তনের পথ সুগম করতে রুশ প্রধানমন্ত্রী দিমিত্রি মেদভেদেভের নেতৃত্বে পুরো সরকার পদত্যাগ করেছে এবং মিখাইল মিশুস্তিনকে নতুন প্রধানমন্ত্রী হিসেবে নিয়োগ করা হয়েছে। বিশ্লেষকরা মনে করছেন, ৬৭ বছর বয়সী পুতিন তার ক্ষমতা ধরে রাখার জন্য এক সুদূরপ্রসারী পরিকল্পনা নিয়ে কাজ করছেন।",19.05,4.88,19.05
news-41476249,এগার হাজার মিটার বা ৩৫০০ ফুট উচ্চতায় বিশ্বের সবচেয়ে শীতল স্থানে তখন মধ্যরাত। শীতের মাঝামাঝি সময়ে এখানে তাপমাত্রা হিমাঙ্কের প্রায় ৩০ ডিগ্রি নিচে নেমে আসে। পারদের সূচক থাকে -৩০ ডিগ্রি সেলসিয়াস (বা -২২ ডিগ্রি ফারেনহাইট)।,"লাদাখের তীব্র জলসংকট মোকাবিলায় ১০ জনের একটি স্বেচ্ছাসেবী দল মাধ্যাকর্ষণ ব্যবহার করে ৩০ মিটার উঁচু কৃত্রিম হিমবাহ তৈরি করছে। এই বরফের স্তূপ বসন্তকালে গলে কৃষিকাজের জন্য প্রয়োজনীয় জল সরবরাহ করবে। লাদাখের ইঞ্জিনিয়ার সোনাম ওয়াংচুক এই অভিনব পদ্ধতির উদ্ভাবক, যিনি ২০১৩ সালে প্রথমবার এই 'বরফ-স্তূপ' তৈরি করেন।",4.88,0.0,2.44
news-55890088,"কাতার-ভিত্তিক টেলিভিশন চ্যানেল আল জাজিরা ইংলিশ-এর একটি অনুসন্ধানী প্রতিবেদনে বলা হয়েছে, বাংলাদেশের নিরাপত্তা বাহিনী ইন্টারনেট এবং মোবাইল ফোন নজরদারী করার প্রযুক্তি ইসরায়েল থেকে আমদানি করেছে।","আল-জাজিরার এক প্রতিবেদনে দাবি করা হয়েছে যে, ইসরায়েলি প্রতিষ্ঠান পিকসিক্স-এর তৈরি নজরদারি যন্ত্র ব্যবহারের ওপর ২০১৯ সালে হাঙ্গেরিতে চারজন বাংলাদেশী গোয়েন্দাকে প্রশিক্ষণ দেওয়া হয়েছিল। যদিও বাংলাদেশের পররাষ্ট্রমন্ত্রী এ. কে. আবদুল মোমেন ইসরায়েল থেকে কোনো সরঞ্জাম কেনার কথা সরাসরি অস্বীকার করেছেন এবং ইসরায়েলের সাথে বাংলাদেশের কোনো সম্পর্ক নেই বলে জানিয়েছেন। তবে আল-জাজিরা ২০১৮ সালের একটি চুক্তিপত্র প্রকাশ করেছে যেখানে বাংলাদেশের সামরিক সরঞ্জাম ক্রয়কারী সংস্থা ডিজিডিপি-এর পক্ষ থেকে নজরদারি প্রযুক্তি কেনার কথা উল্লেখ আছে।",23.3,3.96,13.59
news-47620971,ঢাকায় বসুন্ধরা আবাসিক এলাকায় বাসের চাপায় একজন বিশ্ববিদ্যালয় ছাত্রের মৃত্যুর ঘটনায় সড়ক অবরোধ করে বিক্ষোভ করছে কয়েকটি বিশ্ববিদ্যালয়ের শিক্ষার্থীরা।,"বসুন্ধরা আবাসিক এলাকার সামনে দুটি বাসের চাপায় বাংলাদেশ ইউনিভার্সিটি অব প্রফেশনালসের শিক্ষার্থী আবরার আহমেদ নিহত হয়েছেন। এই মর্মান্তিক দুর্ঘটনার প্রতিবাদে শিক্ষার্থীরা রাস্তা অবরোধ করে বিক্ষোভ শুরু করেছেন। তারা দাবি পূরণ না হওয়া পর্যন্ত আন্দোলন চালিয়ে যাওয়ার ঘোষণা দিয়েছেন, যদিও ঢাকা উত্তরের মেয়র আতিকুল ইসলাম তাদের আশ্বস্ত করার চেষ্টা করেছেন।",20.59,9.09,17.65
news-41721765,"আন্তর্জাতিক বার্তা সংস্থা রয়টার্স বলছে, মিয়ানমারে সামরিক অভিযানের মুখে দেশত্যাগে বাধ্য হয়েছেন যেসব রোহিঙ্গা মুসলমান তারা দেশে ফিরতে পারলেও তাদের জমিজমা ও ঘরবাড়ি হারাতে হতে পারে।","রয়টার্সের এক অনুসন্ধানী প্রতিবেদন অনুযায়ী, মিয়ানমার সরকার রোহিঙ্গা শরণার্থীদের ফেরত নিলেও তাদের নিজেদের গ্রামে ফিরতে দেবে না। কঠোর যাচাই-বাছাইয়ের পর শুধুমাত্র নির্বাচিত রোহিঙ্গাদের সরকারি ব্যবস্থাপনায় নতুন গ্রামে পুনর্বাসন করা হবে। এই প্রক্রিয়ায় জমির মালিকানা প্রমাণের পরও অনেক রোহিঙ্গা তাদের পৈতৃক ভিটা ফিরে নাও পেতে পারেন, যা মিয়ানমারের নাগরিকত্ব নীতির উপর নির্ভরশীল।",7.69,0.0,7.69
news-49603678,জিম্বাবুয়ের স্বাধীনতা পরবর্তী প্রথম প্রেসিডেন্ট রবার্ট মুগাবে ৯৫ বছর বয়সে মারা গেছেন।,জিম্বাবুয়ের সাবেক প্রেসিডেন্ট রবার্ট মুগাবে ৯৫ বছর বয়সে সিঙ্গাপুরের একটি হাসপাতালে চিকিৎসাধীন অবস্থায় মারা গেছেন। তিনি ১৯৮০ সালে জিম্বাবুয়ের প্রথম প্রধানমন্ত্রী নির্বাচিত হন এবং ১৯৮৭ সালে প্রেসিডেন্ট হন। প্রায় তিন দশক ক্ষমতায় থাকার পর ২০১৭ সালের নভেম্বরে এক সেনা অভ্যুত্থানের মাধ্যমে তিনি ক্ষমতাচ্যুত হন।,35.71,22.22,32.14
news-50625850,জলবায়ু নিয়ে নানা উদ্বেগের মধ্যে আজ মাদ্রিদে শুরু হচ্ছে জাতিসংঘের জলবায়ু পরিবর্তন সম্মেলন 'কপ টুয়েন্টি ফাইভ'।,"মাদ্রিদে শুরু হওয়া কপ-২৫ সম্মেলনে বিশ্বের ২০০টি দেশের প্রতিনিধিরা অংশ নিচ্ছেন, যেখানে কার্বন নির্গমন কমানোর লক্ষ্যমাত্রা বৃদ্ধির বিষয়টি আলোচিত হবে। পরিবেশ বিজ্ঞানী ও বিশেষজ্ঞরা জলবায়ু পরিবর্তনকে জরুরি অবস্থা হিসেবে দেখছেন এবং দ্রুত পদক্ষেপ নেওয়ার আহ্বান জানিয়েছেন। জাতিসংঘের মহাসচিব আন্তোনিও গুতেরেস সতর্ক করেছেন যে, জলবায়ু পরিবর্তন মোকাবেলায় বর্তমান পদক্ষেপগুলো যথেষ্ট নয় এবং বিশ্ব এমন এক অবস্থায় পৌঁছে যাচ্ছে যেখান থেকে ফিরে আসার আর কোনো সুযোগ থাকবে না।",16.87,4.94,12.05
news-42662545,"ভারতের সুপ্রিম কোর্টের চার জন বিচারক প্রকাশ্যে সংবাদ সম্মেলন করে প্রধান বিচারপতির কর্তৃত্বকে চ্যালেঞ্জ করে বলেছেন, যেভাবে তিনি আদালত চালাচ্ছেন তা ভারতের গণতন্ত্রকেই হুমকির মুখে ফেলে দেবে।","ভারতের সুপ্রিম কোর্টের চারজন বিচারপতি প্রধান বিচারপতির বিরুদ্ধে প্রকাশ্যে সংবাদ সম্মেলন করে তার কর্তৃত্বকে চ্যালেঞ্জ করেছেন, যা ভারতীয় বিচার বিভাগের ইতিহাসে নজিরবিহীন। তারা অভিযোগ করেছেন যে প্রধান বিচারপতি ব্যক্তিগত মর্জিমাফিক বিভিন্ন বেঞ্চে মামলা পাঠাচ্ছেন, যা আদালতের নিয়মকানুনের লঙ্ঘন এবং গণতন্ত্রের জন্য হুমকিস্বরূপ। বিচারপতিরা জানান, প্রধান বিচারপতিকে বোঝানোর চেষ্টা ব্যর্থ হওয়ায় তারা জাতির কাছে বিষয়টি তুলে ধরতে বাধ্য হয়েছেন।",25.88,16.87,21.18
news-45648530,বাংলাদেশের নিরাপদ খাদ্য কর্তৃপক্ষ বলছে বাংলাদেশে বাজারে কোন ধরণের এনার্জি ড্রিংক থাকবে না।,"বাংলাদেশের নিরাপদ খাদ্য কর্তৃপক্ষ উচ্চ মাত্রার ক্যাফেইন এবং স্বাস্থ্যের জন্য ক্ষতিকর উপাদান থাকার কারণে বাজারে সব ধরনের এনার্জি ড্রিংক নিষিদ্ধ করার সিদ্ধান্ত নিয়েছে। এসব ড্রিংকে ক্যাফেইনের অনুমোদিত মাত্রার চেয়ে অনেক বেশি পরিমাণ পাওয়া গেছে এবং কিছু ক্ষেত্রে ভায়াগ্রার উপাদান ও অ্যালকোহলও শনাক্ত হয়েছে। কর্তৃপক্ষ উৎপাদন, বাজারজাতকরণ, প্রচার ও বিজ্ঞাপন বন্ধ করতে দ্রুত পদক্ষেপ নেবে এবং বাণিজ্য মন্ত্রণালয় ও কাস্টমসকে এ বিষয়ে চিঠি দেবে।",18.42,10.81,18.42
news-46057267,"বাংলাদেশ জাতীয় ঐক্য ফ্রন্টের সঙ্গে প্রধানমন্ত্রী শেখ হাসিনার নেতৃত্বে সরকারী দলের যে সংলাপ হবে আজ বৃহস্পতিবার সন্ধ্যায়, সেখানে কতটা ছাড় দিতে রাজী আওয়ামী লীগ?","প্রধানমন্ত্রী শেখ হাসিনা বিরোধীদের সাত দফা দাবির কিছু ছোটখাটো বিষয়ে ছাড় দিতে পারেন, তবে সংসদ ভেঙে নিরপেক্ষ সরকার গঠনের দাবি মানার কোনো সুযোগ নেই বলে জানিয়েছেন আওয়ামী লীগের প্রেসিডিয়াম সদস্য আবদুর রাজ্জাক। তিনি আরও বলেন যে খালেদা জিয়ার মুক্তি আদালতের সিদ্ধান্তের ওপর নির্ভরশীল এবং নির্বাচন কমিশন প্রশ্নে সমঝোতা হতে পারে। আবদুর রাজ্জাক বিশ্বাস করেন যে এই সংলাপের মাধ্যমে কিছুটা অগ্রগতি হবে এবং বিএনপি এবার নির্বাচনে অংশ নেবে, কারণ ২০১৪ সালের নির্বাচন বর্জন করে তারা ভুল করেছিল।",14.0,4.08,10.0
news-54354289,করোনাভাইরাসের কারণে দেশের শিক্ষা প্রতিষ্ঠানগুলোয় ছুটি আরেক দফা বাড়ানোর সিদ্ধান্ত নিয়েছে সরকার।,"শিক্ষামন্ত্রী দীপু মনি জানিয়েছেন যে, বর্তমান পরিস্থিতিতে শিক্ষাপ্রতিষ্ঠান খোলা সম্ভব নয় এবং ছুটি আরও বাড়ানো হবে। এইচএসসি পরীক্ষা নিয়ে আগামী সোম-মঙ্গলবারের মধ্যে সিদ্ধান্ত জানানো হবে, যেখানে পরীক্ষা নেওয়া সম্ভব হলে অন্তত চার সপ্তাহের সময় দিয়ে ন্যূনতম বিষয় ও নম্বরের ভিত্তিতে পরীক্ষা নেওয়ার বিকল্প প্রস্তাব রয়েছে। এছাড়া, পরীক্ষা ছাড়াই মূল্যায়নের বিষয়টিও বিবেচনাধীন আছে এবং করোনাভাইরাসের কারণে পঞ্চম ও অষ্টম শ্রেণীর সমাপনী পরীক্ষা বাতিল করা হয়েছে।",10.39,2.67,5.19
news-51527453,"আফ্রিকার কয়েকটি দেশের পর পাকিস্তান এবং সর্বশেষ ভারতে আক্রমণ চালানোর পর বাংলাদেশেও পঙ্গপালের আক্রমণ হতে পারে, এমন আশংকার কথা বলছে কৃষি সম্প্রসারণ অধিদপ্তর। তবে সে ঝুঁকি এ বছরের চেয়ে আগামী বছর বেশি।","আফ্রিকা ও দক্ষিণ এশিয়ার বিভিন্ন দেশে পঙ্গপালের আক্রমণে ফসলের ব্যাপক ক্ষয়ক্ষতির পর বাংলাদেশেও এর সম্ভাব্য আক্রমণ নিয়ে কৃষি মন্ত্রণালয় সতর্ক হয়েছে। কৃষি সম্প্রসারণ অধিদপ্তর জানিয়েছে, এ বছর ঝুঁকি কম হলেও আগামী বছরের জন্য প্রস্তুতি নিতে হবে, কারণ পঙ্গপাল বাতাসের গতি ও খাদ্যের সন্ধানে চলাচল করে। সরকার জাতিসংঘের ফুড অ্যান্ড অ্যাগ্রিকালচার অর্গানাইজেশন (FAO) এর সাথে যোগাযোগ রেখে সম্ভাব্য আক্রমণ মোকাবিলায় কাজ করছে, যদিও গত ৫৫ বছরে এই অঞ্চলে পঙ্গপালের আক্রমণ হয়নি।",25.49,8.0,15.69
news-44996318,ওয়েস্ট ইন্ডিজকে ১৮ রানে হারিয়ে নয় বছর পর বিদেশের মাটিতে আবার কোন সিরিজ জিতল বাংলাদেশের ক্রিকেটাররা।,"বাংলাদেশ ওয়েস্ট ইন্ডিজকে তৃতীয় ওয়ানডেতে ১৮ রানে হারিয়ে ২-১ ব্যবধানে সিরিজ জয় করেছে। টসে জিতে ব্যাটিং করে তামিম ইকবালের সেঞ্চুরি ও মাহমুদুল্লাহর ঝড়ো ইনিংসে ভর করে বাংলাদেশ ৩০১ রান সংগ্রহ করে। এই জয়ের ফলে নয় বছর পর বিদেশের মাটিতে সিরিজ জিতলো বাংলাদেশ, যা দলের জন্য একটি বিশেষ অর্জন।",33.85,22.22,33.85
news-43109093,"বাংলাদেশ ও শ্রীলংকার মধ্যকার দ্বিতীয় টি-টোয়েন্টি ম্যাচের পরপরই বাংলাদেশের স্কোয়াডে থাকা বেশ কজন ক্রিকেটার ঢাকা ফিরেছেন। খবর পাওয়া গেছে, তাদের মধ্যে অনেকেই রাতের ট্রেনেই রওনা হন।","শ্রীলঙ্কার বিপক্ষে দ্বিতীয় টি-টোয়েন্টি ম্যাচের পরদিনই বাংলাদেশের বেশ কয়েকজন ক্রিকেটার রাতের ট্রেনে ঢাকা ফিরে ঢাকা প্রিমিয়ার লিগের ম্যাচে অংশ নেন। সাধারণত আন্তর্জাতিক ম্যাচ শেষে ক্রিকেটাররা বিশ্রাম নিলেও, এবার দ্রুত ঘরোয়া ক্রিকেটে যোগ দেওয়ায় ভক্তদের মধ্যে প্রশ্ন উঠেছে। বাংলাদেশ ক্রিকেট বোর্ডের ডিসিপ্লিনারি কমিটির ভাইস চেয়ারম্যান শেখ সোহেল এটিকে পেশাদারিত্বের অংশ হিসেবে উল্লেখ করে বলেছেন, এটি শৃঙ্খলা পরিপন্থী নয় এবং ক্রিকেটাররা বেতনভুক্ত হওয়ায় তাদের এমনটা করা স্বাভাবিক।",25.81,6.59,19.35
news-48108387,"অবশেষে বিশ্বকাপ ক্রিকেটের জন্য বাংলাদেশ জাতীয় ক্রিকেট দলের জার্সিতে পরিবর্তন আনছে বাংলাদেশ ক্রিকেট বোর্ড, হাতে ও জার্সির মাঝে লাল রঙ যোগ করা হয়েছে।","বাংলাদেশ ক্রিকেট দলের বিশ্বকাপ জার্সি নিয়ে চলমান বিতর্কের অবসান ঘটিয়ে বিসিবি সভাপতি নাজমুল হাসান পাপন নতুন জার্সির ডিজাইন প্রকাশ করেছেন। এই নতুন জার্সিতে লাল রঙের ছোঁয়া যোগ করা হয়েছে, যা নিয়ে পূর্বে আপত্তি উঠেছিল। আন্তর্জাতিক ক্রিকেট কাউন্সিলের অনুমোদন নিয়েই এই পরিবর্তন আনা হয়েছে এবং আইসিসি তাদের সামাজিক যোগাযোগ মাধ্যমে বাংলাদেশের নতুন জার্সির ছবি ব্যবহার করেছে।",30.77,10.53,20.51
news-54810886,(অঙ্গরাজ্যগুলোর নাম সংক্ষেপিত। লাল রাজ্যগুলোতে রিপাবলিকান পার্টি বিজয়ী হয়েছে। নীল রাজ্যগুলো ডেমোক্র্যাটদের দখলে) দুই প্রধান প্রার্থীর সর্বশেষ ইলেকটোরাল ভোট সংখ্যা,"মার্কিন প্রেসিডেন্ট নির্বাচনের ভোট গণনা এখনো চলছে, যেখানে জো বাইডেন পেনসিলভানিয়ায় এগিয়ে গিয়ে জয়ের দ্বারপ্রান্তে পৌঁছেছেন। পেনসিলভানিয়াতে জয় নিশ্চিত হলে তার মোট ইলেক্টোরাল কলেজ ভোট ২৭৩ হবে, যা জয়ের জন্য প্রয়োজনীয় ২৭০ ভোটের বেশি। যদিও ট্রাম্পের নির্বাচনী দল জালিয়াতির অভিযোগ এনেছে এবং হার স্বীকার করতে নারাজ, তবে এর পক্ষে কোনো প্রমাণ দিতে পারেনি।",2.74,0.0,2.74
news-54040351,বাংলাদেশসহ ১২টি দেশের নাগরিকদের প্রবেশে নিষেধাজ্ঞা দিয়েছে মালয়েশিয়ার সরকার। আপাতত ৩১শে ডিসেম্বর পর্যন্ত এই নিষেধাজ্ঞা বহাল থাকবে।,"৩১শে ডিসেম্বর পর্যন্ত বাংলাদেশিরা মালয়েশিয়া যেতে পারবেন না, কারণ মালয়েশিয়া সরকার করোনাভাইরাস পরিস্থিতির কারণে বাংলাদেশসহ মোট ১২টি দেশের নাগরিকদের প্রবেশে নিষেধাজ্ঞা জারি করেছে। পররাষ্ট্র প্রতিমন্ত্রী মোঃ শাহরিয়ার আলম এই তথ্য জানিয়েছেন এবং ৭ই সেপ্টেম্বর থেকে ৩১শে ডিসেম্বর পর্যন্ত এই নিষেধাজ্ঞা কার্যকর থাকবে। তিনি প্রবাসীদের দালালদের খপ্পরে না পড়ে অপেক্ষা করার পরামর্শ দিয়েছেন এবং জানিয়েছেন যে বাংলাদেশ সরকার এই বিষয়ে মালয়েশিয়ার সাথে আলোচনা চালিয়ে যাবে।",34.57,20.25,29.63
news-51000240,"২০০৪ সালে আমেরিকা ইরাকে দ্বিতীয় দফায় যুদ্ধ শুরু করলো, বিশ্বের বাজারে অপরিশোধিত তেলের দাম রাতারাতি ১০ শতাংশ বেড়ে গিয়েছিল।","২০০৩ সালে ইরাক যুদ্ধের পর তেলের বাজারে চরম অস্থিরতা দেখা গিয়েছিল, যেখানে অপরিশোধিত তেলের দাম দ্রুত ২০ ডলারের বেশি পড়ে গিয়েছিল। বর্তমানে ইরান-যুক্তরাষ্ট্রের সম্ভাব্য সংঘাতের প্রেক্ষিতে মিচ কান মনে করেন, তেলের বাজার এখন অনেকটাই ভিন্ন এবং ১৬ বছর আগের মতো অস্থিরতা নাও দেখা যেতে পারে। কারণ, তেল উৎপাদন, পরিশোধন ও কেনা-বেচার পদ্ধতি বদলে যাওয়ায় বাজারের চরিত্র এখন আর দালালদের তাৎক্ষণিক সিদ্ধান্তের উপর নির্ভরশীল নয়।",14.12,4.82,14.12
news-43909556,বাংলাদেশের দক্ষিণাঞ্চলীয় জেলা ভোলায় একটি কমিউনিটি স্বাস্থ্য ক্লিনিকের মেঝে থেকে শত শত বিষধর সাপ বের হওয়ার পর কর্তৃপক্ষ ক্লিনিকটি সাময়িক ভাবে বন্ধ করে দিয়েছে।,"ভোলার লালমোহন উপজেলার চর উমেদ ইউনিয়নের পাঙ্গাশিয়া কেরামতিয়া কমিউনিটি ক্লিনিকের আশেপাশে শত শত বিষধর সাপ ও সাপের বাচ্চা দেখা যাওয়ায় এলাকাবাসীর মধ্যে চরম আতঙ্ক বিরাজ করছে। ক্লিনিকের ভেতরে ও বাইরে সাপের আনাগোনা বেড়ে যাওয়ায় স্বাস্থ্যসেবা অন্যত্র সরিয়ে ভবনটি বন্ধ করে দেওয়া হয়েছে। ক্লিনিকের মেঝের নিচে সাপের বড় বাসা থাকার সন্দেহে কার্বলিক অ্যাসিড ছিটানো হলেও, অনেক বড় সাপ এখনও ধরা না পড়ায় স্থানীয়রা আতঙ্কে রয়েছেন।",18.18,9.3,18.18
news-46373177,"ভারতের পশ্চিমবঙ্গ রাজ্যে ট্রান্সজেন্ডার বা রূপান্তরকামী মানুষদের অধিকার রক্ষায় সবথেকে পরিচিত মুখ যিনি, তাঁর বিরুদ্ধেই অভিযোগ উঠেছে যে তিনি এক কিশোরকে তার ইচ্ছার বিরুদ্ধে 'হিজড়া' বানাতে চেষ্টা করেছিলেন।","ভারতের প্রথম রূপান্তরী নারী কলেজ প্রিন্সিপাল মানবী বন্দ্যোপাধ্যায়ের বিরুদ্ধে এক কিশোরকে জোর করে হিজড়া সম্প্রদায়ের সাথে যুক্ত করার অভিযোগ উঠেছে। কিশোরের পরিবার পশ্চিমবঙ্গ শিশু অধিকার সুরক্ষা কমিশনে অভিযোগ দায়ের করেছে, যেখানে বলা হয়েছে যে মানবী বন্দ্যোপাধ্যায় ওই কিশোরকে হিজড়া সম্প্রদায়ের কাছে পাঠিয়েছিলেন এবং সে পড়াশোনা করতে চাইলে তাকে বাধা দেওয়া হয়েছিল। এই অভিযোগের পরিপ্রেক্ষিতে কমিশন তদন্ত শুরু করেছে, তবে মানবী বন্দ্যোপাধ্যায় বা তার পরিবারের পক্ষ থেকে কোনো প্রতিক্রিয়া পাওয়া যায়নি।",24.49,4.17,14.29
news-49704424,ছয় দিন ধরে সমুদ্রে ভাসমান ৮২জন অভিবাসীকে উদ্ধার করে আনা উদ্ধারকারী জাহাজ ওশান ভাইকিংকে লাম্পেদোসা দ্বীপে ভিড়তে দিল ইটালি এবং অভিবাসীদের বন্দরে নামবার অনুমতি দিল।,"ওশেন ভাইকিং জাহাজটি ৮২ জন অভিবাসী নিয়ে ইতালির একটি বন্দরে ভিড়েছে, কারণ ইউরোপীয় ইউনিয়ন এই অভিবাসীদের বেশিরভাগকে গ্রহণ করতে রাজি হয়েছে। ইতালির নতুন জোট সরকারের অধীনে অভিবাসীদের প্রতি এই আচরণের পরিবর্তন এসেছে, যা আগে সাবেক স্বরাষ্ট্রমন্ত্রী মাত্তেও স্যালভিনি দাতব্য সংস্থার জাহাজ আটকে দিতেন। ফ্রান্স ও জার্মানির স্বরাষ্ট্রমন্ত্রীরা জানিয়েছেন যে, ইইউ দেশগুলোর মধ্যে একটি অস্থায়ী চুক্তি হয়েছে যার ফলে জার্মানি ইতালি থেকে উদ্ধারকৃত ২৫% অভিবাসী নেবে।",6.67,0.0,2.22
news-44919573,"""বিশ্বকাপ থেকে ব্রাজিলের বিদায় আমাকে গভীর শোকের মধ্যে ফেলে দিয়েছিল"" এমনটাই জানিয়েছেন এবারের রাশিয়া বিশ্বকাপের সবচেয়ে আলোচিত খেলোয়াড়দের একজন নেইমার।","বিশ্বকাপ থেকে ব্রাজিলের বিদায়ের পর নেইমার এতটাই হতাশ হয়েছিলেন যে তিনি আর ফুটবল দেখতে চাননি। তবে পরিবার ও বন্ধুদের অনুপ্রেরণায় তিনি সেই হতাশা কাটিয়ে উঠেছেন। এছাড়া, রিয়াল মাদ্রিদে যোগদানের গুজবকে তিনি মিথ্যা বলে উড়িয়ে দিয়েছেন এবং নিজের বিরুদ্ধে ওঠা 'অভিনয়ের' অভিযোগের জবাবে বলেছেন যে তিনি রেফারিদের কাছ থেকে আরও বেশি সুরক্ষা আশা করেন।",10.96,5.63,10.96
news-49080597,"বঙ্গোপসাগরের বাংলাদেশ অংশে মাছধরার ওপর দীর্ঘ ৬৫ দিনের নিষেধাজ্ঞা শেষ হয়েছে মঙ্গলবার, অর্থাৎ আজ বুধবার থেকে জেলেরা সমুদ্রে মাছ ধরতে যেতে পারবেন। কিন্তু এর আগেই জেলেরা এই নিষেধাজ্ঞার কার্যকারিতা নিয়ে প্রশ্ন তুলেছেন।","বাংলাদেশের উপকূলীয় অঞ্চলে ৬৫ দিন মাছ ধরা নিষিদ্ধ থাকায় জেলেরা চরম আর্থিক সংকটে পড়েছেন। এই সময়ে ভারতীয় জেলেরা বাংলাদেশের জলসীমায় ঢুকে মাছ ধরে নিয়ে গেছে, যা স্থানীয় জেলেদের ক্ষোভের কারণ। সরকার নিবন্ধিত জেলেদের ৪০ কেজি করে চাল দিলেও, তা প্রয়োজনের তুলনায় অপ্রতুল এবং বহু অনিবন্ধিত জেলে এই সহায়তা থেকেও বঞ্চিত।",14.63,0.0,12.2
news-48918960,ম্যানচেস্টারের ওল্ড ট্র্যাফোর্ড ক্রিকেট গ্রাউন্ডে ভারতকে ১৮ রানে হারিয়ে টানা দ্বিতীয়বারের মতো বিশ্বকাপের ফাইনালে উঠেছে নিউজিল্যান্ড।,বৃষ্টিবিঘ্নিত ম্যাচে ভারতকে হারিয়ে নিউজিল্যান্ড বিশ্বকাপ ফাইনালের টিকিট নিশ্চিত করেছে। ২৪০ রানের লক্ষ্য তাড়া করতে নেমে নিউজিল্যান্ডের পেসারদের দাপটে ভারত ২২১ রানে অলআউট হয়ে যায়। রবীন্দ্র জাদেজা ও মহেন্দ্র সিং ধোনি প্রতিরোধ গড়ার চেষ্টা করলেও শেষ পর্যন্ত তা যথেষ্ট হয়নি।,14.29,0.0,10.71
news-40868657,নকলের বেশ কিছু অভিযোগ পাওয়ার পর শ্রীলঙ্কায় পরীক্ষার হলে মেয়েদের নিকাব পরা নিষিদ্ধ করা হয়েছে।,"শ্রীলঙ্কায় এ-লেভেল পরীক্ষার সময় নকল ঠেকাতে বোরকা ও হিজাব নিষিদ্ধ করা হয়েছে। শিক্ষা মন্ত্রণালয় জানিয়েছে, পরীক্ষার হলে ব্লুটুথ ব্যবহার করে নকল করার সময় বোরকা পরা এক ছাত্রীকে হাতেনাতে ধরা এবং পোশাকের সাথে মাইক্রোফোন সাঁটা অবস্থায় বেশ কয়েকজন ছাত্রীকে পাওয়ার পরই এই সিদ্ধান্ত নেওয়া হয়েছে। শ্রীলঙ্কার মুসলিমদের সবচেয়ে বড় সংগঠন মুসলিম কাউন্সিল অব শ্রীলঙ্কা সরকারের এই সিদ্ধান্তকে সমর্থন জানিয়েছে, যদিও পূর্বে তারা একই ধরনের নিষেধাজ্ঞার বিরোধিতা করেছিল।",21.95,7.5,12.2
news-47142329,"পোপ ফ্রান্সিস স্বীকার করেছেন যে, গির্জার যাজকরা নানদের যৌন নিপীড়ন করেছেন। এমনকি অনেক যাজক নানদের যৌনদাসী করেও রেখেছিলেন।","পোপ ফ্রান্সিস প্রথমবারের মতো স্বীকার করেছেন যে গির্জার নানরা যাজকদের দ্বারা যৌন নিপীড়নের শিকার হয়েছেন, এবং তার পূর্বসূরি পোপ বেনেডিক্ট এমন একটি প্রতিষ্ঠান বন্ধ করে দিতে বাধ্য হয়েছিলেন। তিনি জানান, গির্জা এই সমস্যা মোকাবিলায় চেষ্টা করছে, তবে এটি এখনও ঘটছে এবং নারীদের দ্বিতীয় শ্রেণীর মানুষ হিসেবে দেখার প্রবণতা গির্জায় বিদ্যমান। পোপ বেনেডিক্ট একটি প্রতিষ্ঠান বন্ধ করেছিলেন যেখানে নানদের ওপর যৌন নিপীড়ন যৌন দাসত্বে পরিণত হয়েছিল, এবং পোপ ফ্রান্সিস বলেছেন যে নানদের ওপর যৌন নিপীড়ন গির্জার একটি চলমান সমস্যা।",20.83,10.64,20.83
news-47155147,বাংলাদেশে সরকারি স্কুল-কলেজের শিক্ষকদের কোচিং বাণিজ্য অবৈধ বলে রায় দিয়েছে হাইকোর্ট। সেই সঙ্গে শিক্ষকদের কোচিং বাণিজ্য বন্ধের নীতিমালা-২০১২কে বৈধ বলে রায় এসেছে।,"কোচিং বাণিজ্য বন্ধে সরকারি নীতিমালা ২০১২-কে বৈধ ঘোষণা করে হাইকোর্ট রায় দিয়েছেন, যার ফলে সরকারি স্কুল-কলেজের শিক্ষকরা অর্থের বিনিময়ে শিক্ষার্থীদের কোচিং করাতে পারবেন না। এই রায়ে দুর্নীতি দমন কমিশনের কোচিং বাণিজ্য নিয়ে অনুসন্ধানকে বৈধতা দেওয়া হয়েছে। তবে, বেসরকারি প্রতিষ্ঠান হওয়ায় ভিকারুননিসা নূন স্কুল ও কলেজের শিক্ষকদের কোচিং নিয়ে দুদকের তদন্তকে হাইকোর্ট এখতিয়ার বহির্ভূত বলেছেন, যদিও বেসরকারি শিক্ষকদের কোচিং করাতে হলে পরিচালনা বোর্ডের অনুমতি ও আদালতের পর্যবেক্ষণ অনুসরণ করতে হবে।",27.37,15.05,16.84
news-41591178,সুইডেনের গবেষকেরা ভাইকিংদের একটি কবরস্থান থেকে শেষকৃত্যের এমন কিছু সরঞ্জাম উদ্ধার করেছেন যেগুলোতে আরবী শব্দ লেখা রয়েছে।,"ভাইকিংদের কবর থেকে উদ্ধার করা পোশাকে 'আল্লাহ' ও 'আলী' শব্দগুলো আরবি কুফিক বর্ণমালায় লেখা পাওয়া গেছে, যা স্ক্যান্ডিনেভিয়ানদের প্রাচীনকালে ইসলাম দ্বারা প্রভাবিত হওয়ার ইঙ্গিত দেয়। সুইডেনের উপসালা ইউনিভার্সিটির টেক্সটাইল আর্কিওলজিস্ট আনিকা লারসন এই আবিষ্কারের পর ধারণা করছেন যে ভাইকিংরা ইসলাম এবং এর পরকালের ধারণা দ্বারা প্রভাবিত হয়েছিলেন। এই আবিষ্কার ভাইকিং ও মুসলিমদের মধ্যে প্রাচীন যোগাযোগের নতুন দিগন্ত উন্মোচন করেছে এবং কিছু ভাইকিংয়ের মুসলিম হওয়ার সম্ভাবনাও তুলে ধরেছে।",14.29,0.0,9.52
news-51073934,"যুক্তরাষ্ট্রের প্রেসিডেন্ট ডোনাল্ড ট্রাম্প বলেছেন, ইরানের শীর্ষ জেনারেলকে যখন হত্যা করা হয় তখন চারটি মার্কিন দূতাবাসে হামলার পরিকল্পনা করছিল তেহরান।","মার্কিন পররাষ্ট্রমন্ত্রী মাইক পম্পেও দাবি করেছেন যে, ইরানের মার্কিন দূতাবাসগুলোতে হামলার পরিকল্পনা ছিল, যা জেনারেল কাসেম সোলেইমানিকে হত্যার কারণ হিসেবে দেখানো হয়েছে। যদিও ডেমোক্র্যাটরা এই দাবির পক্ষে কোনো সুনির্দিষ্ট প্রমাণ পাননি বলে জানিয়েছেন। ট্রাম্প ও পম্পেও সোলেইমানিকে হাজার হাজার মৃত্যুর জন্য দায়ী করেছেন এবং তার বিরুদ্ধে নতুন নিষেধাজ্ঞা আরোপ করা হয়েছে।",16.9,2.9,11.27
news-46052915,প্যারালাইজড বা পক্ষাঘাতগ্রস্ত তিনজন মানুষ যাদেরকে বলা হয়েছিল যে তাদের বাকি জীবনটা হুইলচেয়ারেই কাটিয়ে দিতে হবে। কিন্তু সেই মানুষদের পক্ষেই আবারো হাঁটা সম্ভব হয়েছে।,"সুইজারল্যান্ডের চিকিৎসকরা পক্ষাঘাতগ্রস্ত তিন ব্যক্তির মেরুদণ্ডে ইলেক্ট্রিক্যাল ডিভাইস স্থাপন করে তাদের চলাফেরার ক্ষমতা ফিরিয়ে এনেছেন। এই ডিভাইস মস্তিষ্কের সংকেত পায়ে পৌঁছাতে সাহায্য করে এবং মেরুদণ্ডের স্নায়ুবিক ক্ষতি পুনর্গঠন করে। গবেষকরা আশা করছেন, এই পদ্ধতি পক্ষাঘাতগ্রস্ত মানুষদের স্বাধীনভাবে চলাফেরার ক্ষেত্রে নতুন দিগন্ত উন্মোচন করবে।",8.96,0.0,8.96
news-51401402,ভারতের অযোধ্যায় ভেঙে ফেলা বাবরি মসজিদ থেকে প্রায় ২৫ কিলোমিটার দূরে নতুন মসজিদ তৈরির জন্য সরকার জমি বরাদ্দ করার পর দেশের বেশ কয়েকটি প্রভাবশালী মুসলিম সংগঠন তা গ্রহণ করতে অস্বীকার করেছে।,"সুপ্রিম কোর্টের নির্দেশ অনুযায়ী, উত্তরপ্রদেশ সরকার অযোধ্যা থেকে ১৮ কিলোমিটার দূরে ধন্নিপুর গ্রামে সুন্নি ওয়াকফ বোর্ডকে মসজিদ নির্মাণের জন্য পাঁচ একর জমি বরাদ্দ করেছে। যদিও এই স্থানটি অনেক মুসলিম নেতার মনঃপূত নয়, উত্তরপ্রদেশের সুন্নি ওয়াকফ বোর্ড এখনও তাদের অবস্থান স্পষ্ট করেনি। প্রধানমন্ত্রী নরেন্দ্র মোদী রামমন্দির ট্রাস্ট গঠনের ঘোষণা করার পরই উত্তরপ্রদেশ সরকার এই জমি বরাদ্দের কথা জানায়, যা সুপ্রিম কোর্টের রায়েরই অংশ।",23.66,4.4,17.2
news-51956261,বাংলাদেশে আরো ৩ জনের মধ্যে করোনাইরাস শনাক্ত করা হয়েছে। এ নিয়ে মোট আক্রান্তের সংখ্যা দাড়ালো ১৭ জন।,"বাংলাদেশে নতুন করে ৩ জনের শরীরে করোনাভাইরাস শনাক্ত হয়েছে, যার ফলে মোট আক্রান্তের সংখ্যা ১৭ জনে দাঁড়িয়েছে। নতুন আক্রান্তরা একই পরিবারের সদস্য এবং তারা ইতালির ফেরত একজন আক্রান্ত ব্যক্তির সংস্পর্শে এসেছিলেন। স্বাস্থ্য অধিদপ্তরের মহাপরিচালক আবুল কালাম আজাদ বিদেশফেরতদের কোয়ারেন্টিনের শর্ত মানার উপর জোর দিয়েছেন এবং আইন প্রয়োগকারী সংস্থাকে এ বিষয়ে জানানোর আহ্বান জানিয়েছেন।",28.57,8.82,25.71
news-40197376,পায়ে একটি নতুন ট্যাটু আঁকার দুই মাস পর এক মাংসখেকো ব্যাকটেরিয়ার সংক্রমণে মারা গেছেন যুক্তরাষ্ট্রের টেক্সাসের এক ব্যক্তি।,একজন ব্যক্তি তার নতুন ট্যাটু নিয়ে মেক্সিকো উপসাগরে সাঁতার কাটার পর মাংসখেকো ব্যাকটেরিয়া ভিব্রিও ভালনিফিকাস দ্বারা সংক্রমিত হন এবং সেপটিক শকে চলে যান। এই ব্যাকটেরিয়া সাধারণত উষ্ণ উপকূলীয় পানিতে পাওয়া যায় এবং কাঁচা সামুদ্রিক খাবার থেকে ছড়ায়। চিকিৎসকরা নতুন ট্যাটু করার পর সাঁতার কাটা থেকে বিরত থাকতে এবং ট্যাটু পরিষ্কার রাখতে পরামর্শ দিয়েছেন।,14.08,2.9,11.27
news-42483847,ক্রিসমাসের দিন নর্থ সী-তে ব্রিটেনের কাছাকাছি চলে এসেছিল এক রুশ যুদ্ধজাহাজ 'এডমিরাল গোর্শকভ'। দূর থেকে এটিকে চোখে চোখে রেখেছে ব্রিটিশ যুদ্ধজাহাজ।,"ব্রিটিশ রাজকীয় নৌবাহিনী রাশিয়ার অত্যাধুনিক যুদ্ধজাহাজ 'এডমিরাল গোর্শকভ'-কে এসকর্ট করে নিয়ে যাচ্ছে, যা ব্রিটেনের জাতীয় স্বার্থ জড়িত এলাকায় রাশিয়ার সামরিক তৎপরতার উপর নজর রাখছে। সাম্প্রতিক মাসগুলোতে রুশ যুদ্ধজাহাজগুলো ব্রিটেনের সমুদ্রসীমায় এসে নানা তৎপরতা চালাচ্ছে বলে ব্রিটেন সন্দেহ করছে এবং তাদের সাবমেরিনগুলো সাগরতলের ইন্টারনেট কেবলের জন্য হুমকি তৈরি করছে বলে মনে করে। ব্রিটিশ প্রতিরক্ষা মন্ত্রী গ্যাভিন উইলিয়ামসন ব্রিটেনের জলসীমা রক্ষায় কোনো আগ্রাসন সহ্য করবেন না বলে জানিয়েছেন, যা ব্রিটেন ও রাশিয়ার নৌবাহিনীর মধ্যে ক্রমবর্ধমান উত্তেজনার ইঙ্গিত দেয়।",12.12,4.12,8.08
160619_algeria_exam_cheating_facebook_social_media,আফ্রিকার দেশ আলজেরিয়ায় পরীক্ষায় নকল ও প্রশ্ন ফাঁস করতে নজিরবিহীন এক উদ্যোগ নিয়েছে।,"আলজেরিয়ায় পরীক্ষার হলে নকল ও প্রশ্ন ফাঁস ঠেকাতে কর্তৃপক্ষ সাময়িকভাবে দেশটিতে সোশ্যাল মিডিয়া বন্ধ করে দিয়েছে। এর আগে অনলাইনে প্রশ্ন ফাঁসের কারণে অর্ধেকের বেশি শিক্ষার্থীকে দ্বিতীয়বার পরীক্ষায় বসতে হয়েছিল, যা কর্তৃপক্ষের তীব্র সমালোচনার জন্ম দেয়। সরকারি কর্মকর্তারা জানিয়েছেন, পরীক্ষার্থীদের নকল ও প্রশ্ন ফাঁসের হাত থেকে রক্ষা করতেই এই পদক্ষেপ নেওয়া হয়েছে।",18.75,9.68,15.63
news-56939172,কারাগারে থাকা হেফাজতে ইসলামের বিলুপ্ত কমিটির যুগ্ম মহাসচিব মামুনুল হকের বিরুদ্ধে ধর্ষণের মামলা দায়ের করেছেন তার কথিত দ্বিতীয় স্ত্রী।,হেফাজত নেতা মামুনুল হককে গত ১৮ই এপ্রিল গ্রেফতার করা হয়। গ্রেফতারের ১২ দিন পর তার কথিত দ্বিতীয় স্ত্রী তার বিরুদ্ধে ধর্ষণের মামলা দায়ের করেছেন। ওই নারী অভিযোগ করেছেন যে নারায়ণগঞ্জের একটি রিসোর্টে মামুনুল হক তাকে জোরপূর্বক আটকে রেখে ধর্ষণ করেছেন।,33.9,24.56,20.34
news-51691098,"""আমি নিশ্চিত ছিলাম না যে কী হচ্ছিলো। যখন ডাক্তারদের জিজ্ঞেস করলাম তারা বললো সবকিছু ঠিক আছে।""","কেরালার ২০ বছর বয়সী এক মেডিকেল ছাত্রী, যিনি ভারতে প্রথম করোনাভাইরাসে আক্রান্ত হন, তিনি তার অভিজ্ঞতার কথা বিবিসির কাছে বলেছেন। রাফিয়া নামের এই ছাত্রীটি জানান, তাকে হাসপাতালে ভর্তি করা হলেও পরীক্ষার ফলাফল জানানো হয়নি এবং তিনি টেলিভিশনের খবর দেখে জানতে পারেন যে তিনি করোনাভাইরাসে আক্রান্ত। সরকারিভাবে ৩০শে জানুয়ারি তার আক্রান্ত হওয়ার খবর নিশ্চিত করা হয়, তবে তিনি ইতিবাচক মনোভাব নিয়ে চিকিৎসার পর সুস্থ হয়ে ওঠেন।",4.94,0.0,2.47
news-40724854,"""পানির নীচে রাস্তা ভালো""। অদ্ভুত এই বক্তব্যটি লেখা রয়েছে ঢাকার ট্রাফিক বিভাগের একটি সাইনবোর্ডে।","ঢাকা মেট্রোপলিটন পুলিশের ট্রাফিক উত্তর বিভাগ র‍্যাডিসন হোটেল সংলগ্ন ফ্লাইওভারের গোড়ায় একটি সাইনবোর্ড স্থাপন করেছে, যেখানে বলা হয়েছে যে জলমগ্ন রাস্তা ভালো আছে এবং যানবাহন নির্দ্বিধায় চলাচল করতে পারে। সাংবাদিক নূর সিদ্দিকী এই উদ্যোগকে ইতিবাচকভাবে দেখলেও, সামান্য বৃষ্টিতে ঢাকার জলাবদ্ধতার কারণে এমন হাজার হাজার সাইনবোর্ড লাগানোর পরিস্থিতি নিয়ে উদ্বেগ প্রকাশ করেছেন। এটি ঢাকার ট্রাফিক বিভাগের এমন অদ্ভুত সাইনবোর্ড লাগানোর প্রথম ঘটনা নয়।",20.78,8.0,15.58
news-47401125,ভারতের এয়ারফোর্স পাইলট নাটকীয় ঘটনার মধ্য দিয়ে পাকিস্তানি বাহিনীর হাতে আটক হন বলে প্রত্যক্ষদর্শীদের বর্ণনায় জানা যাচ্ছে।,"ভারতীয় পাইলট অভিনন্দন বর্তমানকে পাকিস্তান নিয়ন্ত্রিত কাশ্মীরে গুলি করে নামানো হয়, যেখানে গ্রামবাসীরা তাকে পাথর ছুঁড়েছিল এবং তিনি আত্মরক্ষার্থে গুলি চালিয়েছিলেন। পাকিস্তানের প্রধানমন্ত্রী ইমরান খান ঘোষণা করেছেন যে উত্তেজনা কমাতে শুক্রবার অভিনন্দনকে মুক্তি দেওয়া হবে। হোরিয়ান গ্রামের প্রধান মোহাম্মদ রাজ্জাক চৌধুরী, যিনি অভিনন্দনকে জীবিত আটক করেছিলেন, জানান যে তিনি ভারতীয় পতাকা দেখে পাইলটের পরিচয় নিশ্চিত হয়েছিলেন।",5.48,0.0,5.48
news-51740696,ভারতের বিতর্কিত নাগরিকত্ব আইনের বৈধতাকে চ্যালেঞ্জ করে সে দেশের সুপ্রিম কোর্টে দায়ের করা একটি মামলায় 'আদালতের বন্ধু' হতে চেয়ে ভারতকে চরম বিব্রতকর অবস্থায় ফেলেছে জাতিসংঘের মানবাধিকার কমিশন।,"নাগরিকত্ব আইনের বিরুদ্ধে ভারতে তিন মাস ধরে চলা বিক্ষোভের মধ্যে জাতিসংঘের মানবাধিকার হাই কমিশনার মিশেল ব্যাচেলে এই আইনের বৈধতাকে চ্যালেঞ্জ করে সুপ্রিম কোর্টে দায়ের করা একটি মামলায় হস্তক্ষেপ করার সিদ্ধান্ত নিয়েছেন। ভারত এটিকে তাদের অভ্যন্তরীণ বিষয় বললেও, দেশের বহু বিরোধী রাজনীতিবিদ এবং আইন বিশেষজ্ঞরা মনে করছেন, এটি আন্তর্জাতিক ক্ষেত্রে ভারতের ভাবমূর্তির অবনতিরই প্রমাণ। প্রাক্তন হাই কমিশনার দেব মুখার্জির দায়ের করা মামলায় জাতিসংঘের এই হস্তক্ষেপের সিদ্ধান্ত জেনিভায় ভারতীয় দূতাবাসকে জানানো হয়েছে, যা ভারতের আন্তর্জাতিক ভাবমূর্তি নিয়ে নতুন করে প্রশ্ন তুলেছে।",28.3,19.23,22.64
news-43068289,১০০ গোলের ক্লাবে একমাত্র সদস্য - ক্রিশ্চিয়ানো রোনালদো।,"ক্রিশ্চিয়ানো রোনালদো চ্যাম্পিয়ন্স লিগে রিয়াল মাদ্রিদের হয়ে ১০০ গোল করে এক ক্লাবের হয়ে এই মাইলফলক স্পর্শ করা একমাত্র খেলোয়াড় হয়েছেন। পিএসজির বিপক্ষে ২ গোল করে তিনি এই রেকর্ড গড়েন, যেখানে লিওনেল মেসি তার থেকে ৪ গোল কম নিয়ে দ্বিতীয় স্থানে আছেন। ম্যানচেস্টার ইউনাইটেডের হয়ে করা ১৫ গোল সহ চ্যাম্পিয়ন্স লিগে রোনালদোর মোট গোল ১১৬টি, যা টুর্নামেন্টের ১৩৭টি ক্লাবের মধ্যে ১১৮টির মোট গোলের চেয়েও বেশি।",14.08,2.9,5.63
news-44052002,মিয়ানমারে রোহিঙ্গাদের ওপর মানবতা-বিরোধী অপরাধ সংঘটন হয়েছে কি হয়নি - তার তদন্তের জন্য দি হেগের আন্তর্জাতিক অপরাধ আদালতের বিচারকদের অনুমতি চেয়েছেন আদালতেরই একজন আইনজীবী।,"মিয়ানমার আইসিসির সদস্য না হলেও, সেদেশের অপরাধের কারণে বাংলাদেশ ক্ষতিগ্রস্ত হওয়ায় আইসিসি মিয়ানমারের বিরুদ্ধে তদন্তের এখতিয়ার দাবি করছে। আইসিসি বাংলাদেশের কাছে তিনটি বিষয়ে লিখিত বক্তব্য জানতে চেয়েছে, যার মধ্যে রয়েছে রোহিঙ্গা অনুপ্রবেশের কারণ এবং মিয়ানমারের বিরুদ্ধে তদন্তের এখতিয়ার নিয়ে বাংলাদেশের মতামত। আন্তর্জাতিক আইনের বিশেষজ্ঞরা মনে করছেন, এই তদন্তের অনুমতি অনেকটাই বাংলাদেশের বক্তব্যের ওপর নির্ভর করবে।",10.13,0.0,7.59
news-46892324,বাংলাদেশে বিএনপিসহ বিরোধীদলগুলোর জোট জাতীয় ঐক্যফ্রন্টের নেয়া নাগরিক সংলাপের উদ্যোগ অনিশ্চয়তায় পড়েছে।,"জাতীয় ঐক্যফ্রন্টের ২৮শে জানুয়ারী নির্ধারিত 'নাগরিক সংলাপ' অনিশ্চিত হয়ে পড়েছে, কারণ নির্বাচনের পর দেশে ""ভয়ের সংস্কৃতি"" বেড়ে যাওয়ায় নাগরিক সমাজ ও পেশাজীবীদের কাছ থেকে আশানুরূপ সাড়া মিলছে না। এই উদ্যোগ নিয়ে ঐক্যফ্রন্টের মূল দল বিএনপিতেও মতপার্থক্য রয়েছে এবং বিশ্লেষকরা এর কার্যকারিতা নিয়ে প্রশ্ন তুলছেন। ৩০শে ডিসেম্বরের নির্বাচনের বিপর্যয়ের পর জোটের ভবিষ্যৎ ও কার্যক্রম নিয়ে এমনিতেই নানা প্রশ্ন ও হতাশা বিরাজ করছে।",13.7,2.82,10.96
48290969,ঢাকার শিশু হাসপাতালের টয়লেট থেকে উদ্ধার হওয়া নবজাতককে হাসপাতাল থেকে স্থানান্তর করা হয়েছে বলে নিশ্চিত করেছে কর্তৃপক্ষ।,"ঢাকার শিশু হাসপাতালের টয়লেট থেকে উদ্ধার হওয়া নবজাতক কন্যা শিশুটিকে দেখতে হাসপাতালে ভিড় করছেন অনেকে। শিশুটির স্বাস্থ্য এখন ভালো এবং তাকে আজিমপুরের ছোটমনি নিবাসে পাঠানো হয়েছে। শিশুটিকে দত্তক নিতে দেশ-বিদেশ থেকে অনেকেই আগ্রহ প্রকাশ করছেন, যার ফলে পুলিশ তার অভিভাবকের খোঁজ পাওয়ার পাশাপাশি দত্তক প্রক্রিয়া নিয়েও কাজ করছে।",27.27,18.75,24.24
news-47292737,"পাকিস্তানের প্রধানমন্ত্রী ইমরান খান বলেছেন, ভারত যদি পাকিস্তানের বিরুদ্ধে সামরিক পদক্ষেপ নেয় - তাহলে পাকিস্তানও পাল্টা ব্যবস্থা নেবে।","পুলওয়ামায় জঙ্গি হামলার পর ভারত-পাকিস্তান উত্তেজনার মধ্যে পাকিস্তানের প্রধানমন্ত্রী ইমরান খান জাতির উদ্দেশ্যে ভাষণ দেন। তিনি বলেন, ভারত সামরিক পদক্ষেপ নিলে পাকিস্তান পাল্টা জবাব দেবে, তবে তিনি আলোচনার মাধ্যমে সমাধানের পক্ষে। ইমরান খান ভারতের কাছে হামলার সঙ্গে পাকিস্তানের জড়িত থাকার প্রমাণ চেয়েছেন এবং বলেছেন যে পাকিস্তান স্থিতিশীলতা চায়।",30.3,12.5,24.24
news-51030312,"ইরানের সর্বোচ্চ নেতা আয়াতোল্লাহ আলী খামেনি বলেছেন, ইরাকে মার্কিন ঘাঁটিতে হামলার মাধ্যমে তারা আমেরিকার 'মুখে চপেটাঘাত' করেছেন।","ইরানের সর্বোচ্চ নেতা আয়াতুল্লাহ খামেনি ইরাকে মার্কিন ঘাঁটিতে ইরানের ক্ষেপণাস্ত্র হামলাকে 'সফল' বলে দাবি করেছেন এবং বলেছেন যে তারা ""গতরাতে তাদের মুখে চড় মেরেছে""। তিনি আরও বলেন যে এই সামরিক হামলা যথেষ্ট নয়, বরং আমেরিকাকে এই অঞ্চল থেকে সম্পূর্ণভাবে বিতাড়িত করাই ইরানের মূল লক্ষ্য। খামেনি ইরানকে শান্তিকামী দেশ হিসেবে আখ্যায়িত করে বলেন, কাসেম সোলেইমানির শাহাদাত প্রমাণ করেছে যে ইরানের বিপ্লব কতটা জীবন্ত এবং ইরান তার ক্ষতি করতে চাওয়া যেকোনো শক্তির বিরুদ্ধে জবাব দিতে সক্ষম।",24.18,8.99,19.78
news-43888424,উত্তর কোরিয়ার নেতা কিম জং আনের সাথে মার্কিন প্রেসিডেন্ট ডোনাল্ড ট্রাম্পের আলোচনা সত্যিই হবে কিনা সে নিয়ে অনেকের মনে সন্দেহ রয়েছে।,"উত্তর কোরিয়া বহির্বিশ্বের আক্রমণ ঠেকাতে পারমাণবিক শক্তিকে একমাত্র উপায় মনে করে এবং এ পর্যন্ত ছয়বার পারমাণবিক অস্ত্রের পরীক্ষা চালিয়েছে। দেশটি দূরপাল্লার ক্ষেপণাস্ত্র দ্বারা বহনযোগ্য ছোট আকারের পারমাণবিক অস্ত্র তৈরির দাবি করলেও, এর সত্যতা যাচাই করা সম্ভব হয়নি। এই পরিস্থিতিতে জাতিসংঘ, যুক্তরাষ্ট্র ও ইউরোপীয় ইউনিয়ন উত্তর কোরিয়ার ওপর অবরোধ কঠোর করেছে, কারণ দেশটি দক্ষিণ কোরিয়া ও জাপানের দিকে ক্ষেপণাস্ত্র তাক করে রেখেছে এবং যেকোনো হামলার জবাবে বিধ্বংসী প্রতিশোধ নেওয়ার হুমকি দিয়েছে।",6.59,2.25,4.4
news-53388383,ব্যাটেল অফ ব্রিটেন শুরু হওয়ার ৮০ বছর পূর্তি হলো এই বছরের ১০ই জুলাই। দ্বিতীয় বিশ্বযুদ্ধ চলার সময় ব্রিটেনের রয়্যাল এয়ারফোর্স এবং নাৎসি জার্মানির বিমান বাহিনীর মধ্যে আকাশে ওই যুদ্ধ হয়েছিল।,"দ্বিতীয় বিশ্বযুদ্ধে ব্রিটেনের জয়ে স্পিটফায়ার ও হ্যারিকেন যুদ্ধবিমানগুলো গুরুত্বপূর্ণ ভূমিকা রেখেছিল। এই স্পিটফায়ার বিমানের নকশায় ১৩ বছর বয়সী হ্যাজেল হিল তার বাবা ফ্রেড হিলকে সাহায্য করেছিলেন। হ্যাজেলের বাবা, যিনি বিমান মন্ত্রণালয়ে কাজ করতেন, বিমানের আগ্নেয়াস্ত্রের সংখ্যা চার থেকে আটে উন্নীত করার পরিকল্পনা করেছিলেন, কিন্তু সেগুলো কীভাবে বিন্যাস করা হবে তা নিয়ে সমস্যায় পড়েছিলেন।",12.05,0.0,7.23
news-54467675,"ভারতের চীনা দূতাবাস এক নজিরবিহীন চিঠি পাঠিয়ে সে দেশের সংবাদমাধ্যমকে স্মরণ করিয়ে দিয়েছে, তারা যেন তাদের দেশের সরকারের অনুসৃত 'ওয়ান চায়না' বা 'এক চীন' নীতি থেকে বিচ্যুত না হয়।","তাইওয়ানের জাতীয় দিবসের আগে চীন ভারতীয় গণমাধ্যমকে চিঠি দিয়ে তাইওয়ানকে 'দেশ' বা তার নেতাকে 'প্রেসিডেন্ট' হিসেবে উল্লেখ না করার নির্দেশ দিয়েছে। চিঠিতে বলা হয়েছে, তাইওয়ান চীনের অবিচ্ছেদ্য অংশ। ভারত-চীন সীমান্তে চলমান উত্তেজনার মধ্যেই এই ঘটনা ঘটল, যা দুই দেশের সম্পর্কে নতুন মাত্রা যোগ করেছে।",16.22,0.0,8.11
news-46621512,একাদশ জাতীয় সংসদ নির্বাচনের আনুষ্ঠানিক প্রচার শুরুর পর থেকেই আলোচনায় নোয়াখালী। কারণ এই জেলার ৬টি নির্বাচনী আসনের ৫টিতেই বিভিন্ন সময় সংর্ঘষ-সহিংসতার কারণে জাতীয় গণমাধ্যমে খবরের শিরোনাম হয়েছে।,"নোয়াখালী-১ আসনে নির্বাচনী প্রচারণার পোস্টার দেখা গেলেও ভোটারদের মধ্যে ভোটের পরিবেশ নিয়ে উদ্বেগ ও ভীতি কাজ করছে। চাটখিলের কৃষকরা সুষ্ঠু পরিবেশ না থাকলে ভোট দিতে যাবেন না বলে জানিয়েছেন, কারণ গত নির্বাচনে তারা মারামারির কারণে ভোট দিতে পারেননি। সোনাইমুড়িতেও ভোটাররা আতঙ্কের মধ্যে রয়েছেন, বিশেষ করে গত ১৫ই ডিসেম্বরের সহিংস ঘটনার পর, যেখানে আওয়ামী লীগ ও বিএনপির মধ্যে সংঘর্ষে বিএনপি প্রার্থী গুলিবিদ্ধ হয়েছিলেন।",10.99,0.0,6.59
news-53245321,নতুন এক গবেষণায় উঠে এসেছে যে জিনজিয়াংয়ে উইগর মুসলিমদের জনসংখ্যা নিয়ন্ত্রণের লক্ষ্যে মুসলিম নারীদের দেহে জোর করে জন্মনিয়ন্ত্রণকারী যন্ত্র বাসনো বা বন্ধ্যা করানোর কার্যক্রম পরিচালনা করছে চীন।,"আদ্রিয়ান জেনজের রিপোর্ট প্রকাশের পর আন্তর্জাতিক মহল চীনের জিনজিয়াং প্রদেশে উইঘুর নারীদের ওপর চালানো জন্মনিয়ন্ত্রণ কার্যক্রমের তদন্তের জন্য জাতিসংঘের প্রতি আহ্বান জানিয়েছে। চীন অবশ্য এই অভিযোগকে 'ভিত্তিহীন' বলে প্রত্যাখ্যান করেছে, যদিও উইঘুরদের ডিটেনশন ক্যাম্পে রাখার কারণে তারা দীর্ঘদিন ধরে সমালোচিত। এই রিপোর্টে উইঘুর নারীদের 'নির্মম' জন্মনিয়ন্ত্রণ কার্যক্রমের শিকার হওয়ার অভিযোগ আনা হয়েছে, যা সরকারি তথ্য ও ভুক্তভোগীদের বক্তব্যের ভিত্তিতে তৈরি।",4.6,0.0,4.6
news-55446980,"বিজ্ঞানীরা বলছেন যে কোন ভাইরাস সময়ের সাথে সাথে তাদের ধরন ,গতি, প্রকৃতি পরিবর্তন করে। এটাই স্বাভাবিক।","বাংলাদেশে নভেম্বরের প্রথম সপ্তাহে করোনাভাইরাসের নতুন একটি ধরন শনাক্ত হয়েছে, যা নিয়ে জনমনে উদ্বেগ দেখা দিয়েছে। বিজ্ঞানীরা বলছেন, এই নতুন ধরন প্রতিরোধে হাত ধোয়া, মাস্ক পরা এবং সামাজিক দূরত্ব বজায় রাখার মতো পুরনো স্বাস্থ্যবিধি মেনে চলা জরুরি। যদিও বিজ্ঞান ও শিল্প গবেষণা পরিষদ যুক্তরাজ্যে শনাক্ত হওয়া স্ট্রেইনের সাথে আংশিক মিলের কথা বলছে, তবে জিনোম সিকোয়েন্স করা ড. সমীর কুমার সাহা এই দাবির সাথে দ্বিমত পোষণ করেছেন।",12.2,2.5,9.76
news-51988223,"বাংলাদেশে করোনাভাইরাসে আক্রান্ত রোগীদের চিকিৎসা দেওয়ার জন্য ডাক্তার-নার্সদের প্রয়োজনীয় নিরাপত্তা সরঞ্জামের অভাব নিয়ে বিচ্ছিন্নভাবে যে উদ্বেগ গত কয়েকদিন ধরে শোনা যাচ্ছিল, আজ একটি হাসপাতালের জারি করা নোটিসে তার যথার্থতা অনেকটাই প্রকাশ হয়ে পড়েছে।","মিটফোর্ড হাসপাতাল কর্তৃপক্ষ কর্মীদের মাস্কের ঘাটতি মেটাতে নিজেদের উদ্যোগে মাস্ক জোগাড়ের নির্দেশ দিয়েছে, যা ডাক্তার-নার্সদের নিরাপত্তা নিয়ে প্রশ্ন তুলেছে। সরকারি ও বেসরকারি হাসপাতালগুলোতে পিপিই-এর মতো প্রয়োজনীয় সুরক্ষামূলক সরঞ্জামের তীব্র ঘাটতি দেখা যাচ্ছে। স্বাস্থ্য অধিদপ্তর থেকে সরঞ্জাম কেনার প্রস্তাব পাঠানো হলেও, তা অনুমোদনে দীর্ঘসূত্রিতা দেখা গেছে, যার ফলে কর্মীদের সুরক্ষায় সমস্যা হচ্ছে।",9.2,2.35,9.2
news-50228984,যুক্তরাজ্যে আগামী ১২ই ডিসেম্বর সাধারণ নির্বাচন আয়োজনের পক্ষে ভোট দিয়েছে দেশটির পার্লামেন্ট।,"ব্রেক্সিট ইস্যুতে দীর্ঘ টানাপোড়েনের পর ব্রিটিশ পার্লামেন্ট আগাম নির্বাচনের পক্ষে ভোট দিয়েছে, যা ১৯২৩ সালের পর ডিসেম্বরে প্রথম সাধারণ নির্বাচন। প্রধানমন্ত্রী বরিস জনসন ব্রেক্সিট চুক্তি ও পার্লামেন্টের অচলাবস্থা নিরসনে নতুন ম্যান্ডেট আশা করছেন, অন্যদিকে লেবার নেতা জেরেমি করবিন এটিকে দেশের সংস্কারের সুযোগ হিসেবে দেখছেন। বিলটি লর্ডসভায় অনুমোদনের পর দ্রুতই নির্বাচনী প্রচারণা শুরু হবে।",18.46,9.52,9.23
news-45166152,"আপনি যতই চর্বিযুক্ত খাবার খান না কেন, গায়ে মেদ জমার সুযোগ থাকবে না - এও কি সম্ভব?","ইয়েল বিশ্ববিদ্যালয়ের গবেষকরা এমন একটি ওষুধ তৈরির সম্ভাবনা নিয়ে কাজ করছেন যা অতিরিক্ত খাদ্য গ্রহণ করলেও শরীরে মেদ জমতে দেবে না। তারা দেখেছেন যে ল্যাকটিওস নামক রসবাহী ধমনীতে থাকা 'বাটন' বা ছিদ্রের মাধ্যমে চর্বি পাকস্থলীতে জমা হয়। গবেষকরা জিন পরিবর্তন করে এমন ইঁদুর তৈরি করেছেন যাদের ল্যাকটিওসে এই ছিদ্রগুলো নেই, ফলে উচ্চ চর্বিযুক্ত খাবার খেলেও তাদের ওজন বাড়েনি। বর্তমানে গ্লুকোমা চিকিৎসায় ব্যবহৃত এক ধরণের ওষুধ এই ছিদ্রগুলো বন্ধ করে চর্বি শোষণ আটকাতে পারে বলে গবেষকরা মনে করছেন।",8.6,2.2,4.3
news-51756073,ভারতের রাজধানী দিল্লিতে যে ভয়াবহ সাম্প্রদায়িক দাঙ্গায় প্রায় পঞ্চাশটির মতো প্রাণহানি ও আড়াইশোরও বেশি মানুষ আহত হয়েছেন - তা নিয়ে দেশের পার্লামেন্টে সরকার কোনও আলোচনাই হতে দিচ্ছে না।,"দিল্লির দাঙ্গা নিয়ে আলোচনার দাবিতে ভারতের পার্লামেন্টে টানা তৃতীয় দিনের মতো অচলাবস্থা দেখা দিয়েছে, যেখানে বিরোধী দলগুলি এই বিষয়ে বিতর্কের জন্য নোটিশ দিলেও লোকসভা ও রাজ্যসভার স্পিকাররা তা প্রত্যাখ্যান করেছেন। লোকসভার স্পিকার হোলি উৎসবের পর আলোচনার অনুমতি দেওয়ার কথা বলেছেন, অন্যদিকে রাজ্যসভার চেয়ারম্যান পরিস্থিতি স্বাভাবিক না হওয়া পর্যন্ত আলোচনা স্থগিত রাখার কথা জানিয়েছেন। এই অচলাবস্থার জেরে লোকসভার সাতজন কংগ্রেস এমপিকে বাজেট অধিবেশন শেষ না হওয়া পর্যন্ত সাসপেন্ড করা হয়েছে এবং উভয় সভাই মুলতবি করতে হয়েছে।",13.73,0.0,9.8
news-50847683,ভারতের বিতর্কিত নাগরিকত্ব আইনের বিরুদ্ধে বিক্ষোভের উপর নিষেধাজ্ঞা জারি করার পরও যারা অমান্য করে বিক্ষোভ দেখাচ্ছে তাদের গণহারে গ্রেপ্তার করছে দেশটির পুলিশ। এরই মধ্যে গ্রেপ্তার করা মানুষের সংখ্যা হাজার হাজার ছাড়িয়ে গেছে।,"নাগরিকত্ব সংশোধনী আইনের প্রতিবাদে ভারতজুড়ে ব্যাপক বিক্ষোভ চলছে, যেখানে দিল্লি, ব্যাঙ্গালোরসহ বিভিন্ন শহরে নিষেধাজ্ঞা উপেক্ষা করে লাখ লাখ মানুষ রাস্তায় নেমে এসেছে। এই আইন পাকিস্তান, বাংলাদেশ ও আফগানিস্তানের অমুসলিম অভিবাসীদের নাগরিকত্বের সুযোগ দিলেও, সমালোচকদের মতে এটি ভারতের মুসলিমদের কোনঠাসা করার একটি 'হিন্দু জাতীয়তাবাদী' এজেন্ডা। বিক্ষোভ দমনে পুলিশ ধরপাকড় চালাচ্ছে এবং কিছু এলাকায় মোবাইল ডেটা সেবা স্থগিত করা হয়েছে, যা সহিংস সংঘাতের জন্ম দিয়েছে।",18.95,0.0,14.74
news-52240169,সিঙ্গাপুরে করোনাভাইরাসে আক্রান্তদের একটি বড় অংশ সেখানে কর্মরত বাংলাদেশি হওয়ার কারণে এখন এই প্রশ্ন উঠছে যে দক্ষিণ-পূর্ব এশিয়ার ছোট এই দেশটিতে এত বেশী সংখ্যক বাংলাদেশি কোভিড-১৯ রোগে আক্রান্ত হচ্ছেন কেন।,"সিঙ্গাপুর প্রাথমিকভাবে করোনাভাইরাস নিয়ন্ত্রণে সফল হলেও সম্প্রতি অভিবাসী শ্রমিকদের মধ্যে দ্রুত সংক্রমণ বৃদ্ধি পাচ্ছে। বৃহস্পতিবার একদিনে সর্বোচ্চ ২৮৭ জন আক্রান্তের মধ্যে বেশিরভাগই অভিবাসী শ্রমিক, যাদের মধ্যে ৩৬৩ জন বাংলাদেশি। অল্প জায়গায় অনেক শ্রমিকের বসবাস এবং দলবদ্ধভাবে চলাফেরা করার কারণে বাংলাদেশিদের মধ্যে সংক্রমণের হার বেশি বলে ধারণা করা হচ্ছে।",5.0,0.0,5.0
news-40271292,'সন্ত্রাসবাদী গোষ্ঠীকে সমর্থন দেবার' অভিযোগ এনে সৌদি আরবসহ কয়েকটি আরব দেশ যে কাতারের সঙ্গে কূটনৈতিক-অর্থনৈতিক সম্পর্ক ছ্ন্নি করেছে তাতে মধ্যপ্রাচ্যে এক ধরনের অস্থিতিশীল পরিস্থিতি তৈরি হয়েছে।,"কাতারকে সন্ত্রাসবাদের বিরুদ্ধে ব্যবস্থা নিতে যুক্তরাষ্ট্রের আহ্বান সত্ত্বেও, এটি প্রথমবার নয় যে দেশটি আরব দেশগুলোর অবরোধের মুখে পড়েছে। ২০১৪ সালে মুসলিম ব্রাদারহুডকে সমর্থন এবং ইরানের সাথে সুসম্পর্কের কারণে উপসাগরীয় দেশগুলো কাতারের সাথে কূটনৈতিক সম্পর্ক ছিন্ন করেছিল। সম্প্রতি, সৌদি আরব আল জাজিরার বিরুদ্ধে ইয়েমেনের হুতি বিদ্রোহীদের সমর্থন করার অভিযোগ এনেছে, এবং কাতারের শক্তিশালী অর্থনীতি ও সন্ত্রাসবাদী গোষ্ঠীকে অর্থায়নের অভিযোগগুলো আলোচনায় এসেছে।",22.99,2.35,9.2
news-48957443,বছর দশের আগে ঢাকার এক কিশোরী ধর্ষণের শিকার হয়।,"বাংলাদেশে ধর্ষণের ঘটনায় বিচার প্রক্রিয়া অত্যন্ত ধীর এবং সাজা হওয়ার হার নগণ্য। একটি গবেষণায় দেখা গেছে, ২০১১ থেকে ২০১৮ সালের জুন পর্যন্ত ৪৩৭২টি ধর্ষণের মামলার মধ্যে মাত্র ৫টিতে সাজা হয়েছে। এর প্রধান কারণ হলো আদালতে তথ্য-প্রমাণের সঠিক উপস্থাপন না করা এবং পরিবারের মামলার প্রতি অনাগ্রহ।",3.64,0.0,3.64
news-46251826,"'হাসিনা: এ ডটার্স টেল', চলচ্চিত্রটি এখন প্রকাশ করার মাধ্যমে আওয়ামী লীগ নির্বাচন বিধি লঙ্ঘন করছে বলে অভিযোগ করেছেন বিএনপির সিনিয়র যুগ্ম মহাসচিব রুহুল কবির রিজভী।","নির্বাচনের তফসিল ঘোষণার পর থেকেই আচরণবিধি কার্যকর হয়, যা প্রার্থীরা প্রায়শই লঙ্ঘন করেন। পোস্টার লাগানো, মিছিল করা, এবং ক্যাম্পেইন অফিস স্থাপন সংক্রান্ত নিয়মাবলী প্রায়শই মানা হয় না, যেমন - সাদাকালো পোস্টারের পরিবর্তে রঙিন পোস্টার ব্যবহার, পোস্টারে দলের নেতা ব্যতীত অন্য কারো ছবি ব্যবহার, এবং যত্রতত্র পোস্টার লাগানো। এই ধরনের কার্যকলাপ নির্বাচনের প্রচারণার নির্দিষ্ট সময়সীমার আগে থেকেই শুরু হয়ে যায়, যা নির্বাচন কমিশনের নিয়মাবলীর পরিপন্থী।",4.55,0.0,2.27
news-52030156,"বান্দরবানের লামা, নাইক্ষ্যংছড়ি ও আলীকদমসহ তিন উপজেলায় লকডাউন ঘোষণা করা হয়েছে।","পার্শ্ববর্তী কক্সবাজার জেলায় করোনাভাইরাস রোগী শনাক্ত হওয়ায় বান্দরবানের লামা, আলীকদম ও নাইক্ষ্যংছড়ি উপজেলা লকডাউন করা হয়েছে। এই তিন উপজেলার বাসিন্দাদের চলাচল সীমিত করা হয়েছে এবং অন্য উপজেলা থেকে মানুষজনের যাতায়াতও নিষিদ্ধ করা হয়েছে। কক্সবাজারের সাথে এই উপজেলাগুলোর নিয়মিত যাতায়াতের কারণে সংক্রমণের ঝুঁকি এড়াতেই এই পদক্ষেপ নেওয়া হয়েছে।",27.59,7.14,20.69
news-48622117,পশ্চিমবঙ্গের সব সরকারি হাসপাতালের চিকিৎসকরা দুই সহকর্মী জুনিয়ার ডাক্তারদের রোগীর আত্মীয় পরিজনের হাতে মার খাওয়ার প্রতিবাদ জানাতে দুদিন ধরে ধর্মঘট চালাচ্ছেন।,"কলকাতার নীলরতন সরকার মেডিক্যাল কলেজে রোগীর আত্মীয়দের হাতে জুনিয়র ডাক্তার নিগ্রহের প্রতিবাদে রাজ্যজুড়ে সরকারি হাসপাতালগুলিতে চিকিৎসকদের কর্মবিরতি চলছে। এর ফলে জরুরি ও বহির্বিভাগ পরিষেবা বন্ধ থাকায় সাধারণ রোগীরা চরম দুর্ভোগে পড়েছেন। মুখ্যমন্ত্রী মমতা বন্দ্যোপাধ্যায় ডাক্তারদের কাজে ফেরার হুঁশিয়ারি দিলেও, চিকিৎসকরা নিরাপত্তা নিশ্চিত না হলে কর্মবিরতি চালিয়ে যাওয়ার সিদ্ধান্তে অনড়।",14.29,0.0,5.71
news-42621871,বাংলাদেশে মঙ্গলবার ঢাকা উত্তর সিটি কর্পোরেশনের মেয়র পদে উপ-নির্বাচনের তফসিল ঘোষণা করেছে নির্বাচন কমিশন। আর তার আগের রাতেই জামায়াতে ইসলামী মোহাম্মদ সেলিম-উদ্দিন নামে তাদের মধ্যসারির এক নেতাকে ঐ নির্বাচনে নিজেদের প্রার্থী হিসাবে ঘোষণা করেছে।,"জামায়াতে ইসলামীর নিবন্ধন বাতিল হওয়ায় তারা দলীয়ভাবে নির্বাচনে অংশ নিতে পারবে না, তবে তাদের নেতারা স্বতন্ত্র প্রার্থী হিসেবে প্রতিদ্বন্দ্বিতা করতে পারবেন। জামায়াত এককভাবে মেয়র নির্বাচন করার ঘোষণা দিয়েছে, যা সরকারের প্রতি তাদের জোটনিরপেক্ষতা এবং বিএনপির প্রতি তাদের অসন্তোষের বার্তা বহন করে। এই পদক্ষেপ বিএনপি নেতৃত্বাধীন ২০ দলীয় জোটের মধ্যে অসন্তোষ সৃষ্টি করেছে, যদিও বিএনপি আসন্ন উপ-নির্বাচনে একক প্রার্থী দেওয়ার কথা জানিয়েছে।",18.37,0.0,10.2
news-48817879,ঢাকার মোহাম্মদপুরে বাস করেন ঢাকা বিশ্ববিদ্যালয়ের খণ্ড-কালীন শিক্ষক তাহমিনা আক্তার পলি। নিজের কিশোর সন্তান বন্ধুত্ব করতে গিয়ে ভুল করে কি-না কিংবা অপরাধীদের চক্রের সাথে জয়ে পড়ে কি-না এ নিয়ে রীতিমত উৎকণ্ঠায় থাকেন তিনি।,"বরগুনায় রিফাত শরীফকে প্রকাশ্যে কুপিয়ে হত্যার ঘটনায় 'বন্ড০০৭' নামের একটি কিশোর গ্যাং আলোচনায় এসেছে। এই ঘটনায় জড়িত সন্দেহে ইতিমধ্যেই চারজনকে আটক করা হয়েছে, যার মধ্যে একজন 'বন্ড০০৭' গ্রুপের সদস্য। এই ঘটনা এবং এর আগের কিশোর গ্যাং সংশ্লিষ্ট অপরাধগুলো অভিভাবকদের মধ্যে সন্তানদের ইন্টারনেট ব্যবহার ও সঙ্গীদের নিয়ে গভীর উদ্বেগ তৈরি করেছে।",4.65,0.0,4.65
news-54679884,তুরস্কের প্রেসিডেন্ট রেচেপ তায়েপ এরদোয়ান ফরাসী প্রেসিডেন্ট এমানুয়েল ম্যাক্রঁকে উদ্দেশ্য করে অপমানসূচক মন্তব্য করায় ফ্রান্সে অবস্থানরত তুরস্কের রাষ্ট্রদূতকে জন্য তলব করেছে ফ্রান্স কর্তৃপক্ষ।,"ধর্মনিরপেক্ষ মূল্যবোধের সুরক্ষা এবং কট্টরপন্থী ইসলামের বিরুদ্ধে লড়াইয়ের পক্ষে মন্তব্য করায় তুরস্কের প্রেসিডেন্ট এরদোয়ান ফরাসি প্রেসিডেন্ট ম্যাক্রঁর 'মানসিক স্বাস্থ্য পরীক্ষা' করানোর কথা বলেছেন। এরদোয়ান প্রশ্ন তুলেছেন, ম্যাক্রঁর ইসলাম এবং মুসলিমদের নিয়ে সমস্যাটা কোথায়, যিনি বিশ্বাসের স্বাধীনতা বোঝেন না। এই মন্তব্যগুলো এসেছে একজন ফরাসি শিক্ষককে হত্যার ঘটনার প্রেক্ষিতে, যিনি ক্লাসে ইসলামের নবীকে নিয়ে কার্টুন দেখিয়েছিলেন এবং ম্যাক্রঁ বলেছিলেন যে ফ্রান্স কার্টুন প্রত্যাহার করবে না।",16.28,4.76,11.63
news-49047322,বিশ্বকাপ ক্রিকেটে নিউজিল্যান্ডের বিজয়ের আশাকে ধূলিসাৎ করার পরও ইংল্যান্ডের ক্রিকেটার বেন স্টোকসকে 'বর্ষ সেরা নিউজিল্যান্ডার' পদকের জন্য মনোনয়ন দেয়া হয়েছে।,"ক্রিকেট বিশ্বকাপ ফাইনালে ইংল্যান্ডকে জেতানো বেন স্টোকসকে 'সেরা নিউজিল্যান্ডার' পুরস্কারের জন্য মনোনীত করা হয়েছে। যদিও তিনি ইংল্যান্ডের হয়ে খেলেন, স্টোকসের জন্ম নিউজিল্যান্ডে এবং তার মাওরি রক্ত রয়েছে, তাই নিউজিল্যান্ড তাকে নিজেদের লোক মনে করে। এই পুরস্কারের জন্য তার মূল প্রতিদ্বন্দ্বী নিউজিল্যান্ডের অধিনায়ক কেন উইলিয়ামসন, এবং আগামী বছর ফেব্রুয়ারিতে বিজয়ীর নাম ঘোষণা করা হবে।",24.66,5.63,19.18
news-43785269,অস্ট্রেলিয়ার ভিক্টোরিয়ায় এক ধরণের 'মাংস-খেকো' ঘা মহামারীর মতো ছড়িয়ে পড়ায় উদ্বিগ্ন হয়ে ডাক্তাররা এ নিয়ে গবেষণার আহ্বান জানিয়েছেন।,"'বুরুলি আলসার' নামক এক ধরণের চর্মরোগ আফ্রিকায় সচরাচর দেখা গেলেও বর্তমানে অস্ট্রেলিয়ায় এর প্রাদুর্ভাব আশঙ্কাজনক হারে বাড়ছে। এই রোগ কিভাবে ছড়ায় এবং এর সংক্রমণ প্রতিরোধে কী করণীয়, তা চিকিৎসকদের কাছে এখনো অজানা। ব্যাকটেরিয়া সৃষ্ট এই রোগ মানবদেহের ত্বক, রক্তবাহী নালী ও মাংসপেশি ধ্বংস করে অঙ্গবিকৃতি ঘটাতে পারে, যা অস্ট্রেলিয়ার ভিক্টোরিয়া রাজ্যে দ্রুত ছড়িয়ে পড়ছে।",10.96,2.82,8.22
news-53839440,"বাংলাদেশ ভারত সম্পর্কের শীতলতা বা অস্বস্তি নিয়ে নানা জল্পনা কল্পনার মাঝে ঢাকায় দেশ দু'টির পররাষ্ট্র সচিবদের এক বৈঠক থেকে বলা হয়েছে, এ ধরণের আলোচনা ঠিক নয়।","ভারতের পররাষ্ট্র সচিব হর্ষ বর্ধন শ্রিংলা আকস্মিকভাবে ঢাকা সফরে এসে দুই দেশের সম্পর্ককে 'সোনালি অধ্যায়' হিসেবে উল্লেখ করেছেন এবং দুই দেশের পররাষ্ট্র সচিবরা 'ভালো সম্পর্ক' তুলে ধরার বিষয়ে একমত হয়েছেন। যদিও দুই দেশের কর্মকর্তারা সম্পর্কের উষ্ণতার কথা বলছেন, বিশ্লেষকরা শ্রিংলার এই সফর সম্পর্কের শীতলতা কাটাতে কতটা কার্যকর হবে তা নিয়ে সন্দিহান। রাজনৈতিক বিশ্লেষক অধ্যাপক রওনক জাহানের মতে, তিস্তা চুক্তি ও রোহিঙ্গা ইস্যুতে ভারতের কাছ থেকে কাঙ্ক্ষিত সমর্থন না পাওয়ায় বাংলাদেশের জনগণ ভারতের বিভিন্ন নীতির কারণে ক্ষুব্ধ।",9.71,1.98,7.77
news-46353846,জিনগত পরিবর্তনের মাধ্যমে পৃথিবী এই প্রথম একটি মানব-সন্তান পেয়েছে বলে দাবি করেছেন এক চীনা বিজ্ঞানী।,"অধ্যাপক হি জনকুই মায়ের গর্ভে থাকা যমজ শিশুর জিন পরিবর্তন করার দাবি করেছেন, যা জেনেটিক রোগ প্রতিরোধের সম্ভাবনা জাগালেও এর সত্যতা ও নৈতিকতা নিয়ে গুরুতর প্রশ্ন উঠেছে। অধিকাংশ দেশেই মানব ভ্রূণের জিন পরিবর্তন নিষিদ্ধ, কারণ বিশেষজ্ঞরা মনে করেন এটি ভবিষ্যৎ প্রজন্মের জন্য ক্ষতিকর হতে পারে। যদিও গবেষণার অনুমতি আছে, তবে গবেষণার পর সব আলামত নষ্ট করার নিয়ম রয়েছে, যা অধ্যাপক হি-এর দাবির বৈধতা নিয়ে সন্দেহ তৈরি করেছে।",7.14,2.44,4.76
news-47067207,বাংলাদেশের সকল প্রাথমিক বিদ্যালয়ে আজ বৃহস্পতিবার থেকে চালু করা হয়েছে অভিনব এক কর্মসূচি। প্রতিটি প্রাথমিক বিদ্যালয়ে পালন করা হয়েছে পরিষ্কার পরিচ্ছন্নতা কর্মসূচি।,"শিক্ষার্থীদের মধ্যে পরিচ্ছন্নতা সচেতনতা তৈরি এবং সাসটেইনেবল ডেভেলপমেন্ট গোল (এসডিজি-ফোর) অর্জনের লক্ষ্যে সারাদেশে বিদ্যালয়গুলোতে সাপ্তাহিক পরিচ্ছন্নতা কর্মসূচি চালু হয়েছে। এই কর্মসূচির অংশ হিসেবে প্রতি বৃহস্পতিবার স্কুল ছুটির পর শিক্ষার্থীরা শিক্ষকদের সহায়তায় তাদের স্কুল আঙিনা, শ্রেণিকক্ষ ও টয়লেট পরিষ্কার করবে। কিশোরগঞ্জের দক্ষিণ মুকসুদপুর সরকারি প্রাথমিক বিদ্যালয়ে এই কর্মসূচির উদ্বোধন করা হয়, যা মানসম্মত প্রাথমিক শিক্ষা নিশ্চিত করতে সহায়ক হবে বলে আশা করা হচ্ছে।",25.88,4.82,11.76
news-38056657,"বাংলাদেশে এই মুহুর্তে ২৭টি বেসরকারি টেলিভিশন চ্যানেল আছে, যাদের প্রায় সকলেরই সংবাদ এবং সংবাদভিত্তিক নানা অনুষ্ঠানমালা রয়েছে। সেসব অনুষ্ঠান তৈরির সাথে বিভিন্ন পর্যায়ে কাজ করেন নারীকর্মীরাও।","বাংলাদেশে টেলিভিশন সম্প্রচারে গত দুই দশকে অনেক পরিবর্তন এলেও ক্যামেরার পেছনে নারী কর্মীদের সংখ্যা হাতে গোনা। নুসরাত নাহার নাজনীন, যিনি ২০১০ সাল থেকে ক্যামেরাপার্সন হিসেবে কাজ করছেন, জানান যে এই পেশায় নারীদের জন্য সামাজিক দৃষ্টিভঙ্গি এবং কাজের পরিবেশ চ্যালেঞ্জিং। বর্তমানে প্রায় ৩০টি বেসরকারি চ্যানেলে মাত্র পাঁচজন নারী ক্যামেরাপার্সন হিসেবে কাজ করছেন, যা পেশাগত শিক্ষা ও প্রশিক্ষণের অভাব এবং প্রশিক্ষণ নিতে আসা মেয়েদের অপ্রতুলতার কারণে আরও জটিল হচ্ছে।",15.05,0.0,8.6
news-56116111,বিএনপির প্রতিষ্ঠাতা এবং সাবেক রাষ্ট্রপতি জিয়াউর রহমানের মুক্তিযুদ্ধের খেতাব বাতিলের প্রক্রিয়া রাজনৈতিক বলছেন বিএনপির নেতাকর্মীরা এবং প্রয়োজনে আইনগতভাবে এর মোকাবেলা করতে চায় বিএনপি।,"বিএনপি জিয়াউর রহমানের খেতাব বাতিলের উদ্যোগকে সরকারের রাজনৈতিক উদ্দেশ্যপ্রণোদিত পদক্ষেপ হিসেবে দেখছে এবং এর তীব্র প্রতিবাদ জানাচ্ছে। তারা মনে করে, সরকার জনগণের দৃষ্টি সরাতে এই ইস্যুটি সামনে এনেছে এবং এটি কোনোভাবেই হতে দেবে না। বিএনপি এই ইস্যুতে সরকার পতনের আন্দোলনের পাশাপাশি রাজপথে প্রতিবাদ-বিক্ষোভ চালিয়ে যাবে এবং গণতান্ত্রিক পন্থায় সব ধরনের কর্মসূচি পালন করবে।",20.78,2.67,18.18
news-54852351,"যুক্তরাষ্ট্রের নির্বাচন অনুষ্ঠিত হওয়ার পরে চারদিন হতে চললো, বিজয়ী সম্পর্কে এখনো নিশ্চিত হওয়া যায়নি।","যুক্তরাষ্ট্রের প্রেসিডেন্ট নির্বাচনে কে জয়ী হবেন, তা এখনো অনিশ্চিত, কারণ ডোনাল্ড ট্রাম্প ও জো বাইডেন কেউই জয়ের জন্য প্রয়োজনীয় ভোট পাননি। এবারের নির্বাচনে বিপুল সংখ্যক পোস্টাল ব্যালট এবং প্রতিটি রাজ্যের ভিন্ন গণনা পদ্ধতির কারণে ফলাফল আসতে দেরি হচ্ছে। যুক্তরাষ্ট্রে বেশি পপুলার ভোট পেলেও প্রেসিডেন্ট হওয়া যায় না; বরং ২৭০টি ইলেকটোরাল ভোট অর্জনকারী প্রার্থীই বিজয়ী হন।",11.59,0.0,8.7
news-45838102,দুটি সমলিঙ্গের ইঁদুর মিলে কি একটি বাচ্চা ইঁদুরের জন্ম দিতে পারে? জেনেটিক ইঞ্জিনিয়ারিং এর মাধ্যমে কাজটা করে দেখিয়েছেন চীনের বিজ্ঞানীরা।,"চীনের বিজ্ঞানীরা দুটি স্ত্রী ইঁদুর থেকে একটি সুস্থ ইঁদুর জন্ম দিতে সফল হয়েছেন, যা পরবর্তীতে নিজেও বাচ্চা জন্ম দিয়েছে। এই গবেষণাটি প্রাণীজগতে প্রজননের প্রচলিত নিয়মকে চ্যালেঞ্জ করে, যেখানে সাধারণত দুটি বিপরীত লিঙ্গের প্রয়োজন হয়। যদিও পুরুষ ইঁদুর ব্যবহার করেও বাচ্চা জন্ম দেওয়া সম্ভব হয়েছে, তবে সেগুলো বেশিদিন বাঁচেনি। এই পরীক্ষাটি প্রজননে বিপরীত লিঙ্গের অপরিহার্যতা এবং পার্থেনোজেনেসিসের সম্ভাবনা নিয়ে মৌলিক প্রশ্ন উত্থাপন করে।",21.95,5.0,14.63
news-48274760,ঈদে আনন্দ উৎসবের অন্যতম অনুষঙ্গ জুড়ে আছে সালামি বা ঈদি। ঈদকে ঘিরে কয়েক ধরেই চলে এই সালামি দেয়া নেয়ার পালা।,"ঈদ সালামি এখন আর শুধু ছোটদের মধ্যে সীমাবদ্ধ নেই, এর প্রথা ও রীতিতে এসেছে অনেক পরিবর্তন। আগে ছোটরা সালামি পেত এবং তা দিয়ে নিজেদের পছন্দের জিনিস কিনত, কিন্তু এখন এক দিনের ছোট-বড় হলেও সালামি আদান-প্রদান হয়। বর্তমানে সালামি একটি আনুষ্ঠানিকতার বিষয়ে পরিণত হয়েছে, যেখানে পরিবার ও অফিসের সহকর্মীদের মধ্যেও সালামি আদান-প্রদান হয় এবং এর জন্য আলাদা বাজেটও রাখা হয়।",4.88,0.0,4.88
news-45987039,এক সপ্তাহের বেশি সময় ধরে হাজার হাজার অভিবাসী মধ্য আমেরিকান দেশগুলো থেকে যুক্তরাষ্ট্র সীমান্তের দিকে এগিয়ে যাচ্ছে।,"মধ্য আমেরিকার দেশ গুয়াতেমালা, হন্ডুরাস এবং এল সালভাদোর থেকে নির্যাতন, দারিদ্র্য ও সহিংসতা থেকে বাঁচতে হাজার হাজার মানুষ একত্রিত হয়ে যুক্তরাষ্ট্রের দিকে যাত্রা করছে। এই বিপজ্জনক যাত্রাপথে পানিশূন্যতা ও অপরাধী চক্রের মতো ঝুঁকির সম্মুখীন হলেও, অভিবাসীরা দলবদ্ধভাবে ভ্রমণ করে নিজেদের নিরাপদ মনে করছেন। মূলত হন্ডুরাসের সান পেড্রো সুলা থেকে ১৬০ জনের একটি ছোট দল যাত্রা শুরু করলেও, পরবর্তীতে সাবেক এক রাজনীতিবিদের ফেসবুক পোস্টের মাধ্যমে খবরটি ছড়িয়ে পড়লে হাজার হাজার মানুষ এই কাফেলায় যোগ দেয়।",13.19,2.25,6.59
news-54883415,"নাগোর্নো-কারাবাখের বিরোধপূর্ণ এলাকা নিয়ে সামরিক সংঘাত অবসানে শান্তি চুক্তি করেছে আর্মেনিয়া, আজারবাইজান ও রাশিয়া।","আর্মেনিয়া ও আজারবাইজানের মধ্যে ছয় সপ্তাহের রক্তক্ষয়ী যুদ্ধের পর একটি শান্তি চুক্তি স্বাক্ষরিত হয়েছে, যা আর্মেনিয়ার প্রধানমন্ত্রী নিকোল পাশিনিয়ানের কাছে 'বেদনাদায়ক' হিসেবে বিবেচিত। এই চুক্তির ফলে নাগোর্নো-কারাবাখ অঞ্চল আজারবাইজানের নিয়ন্ত্রণে থাকবে এবং আর্মেনিয়া নিকটবর্তী কিছু এলাকা থেকে সরে যাবে। রাশিয়ার প্রেসিডেন্ট ভ্লাদিমির পুতিন জানিয়েছেন যে রাশিয়ার শান্তিরক্ষীরা ফ্রন্টলাইনে টহল দেবে এবং তুরস্কও এই শান্তি প্রক্রিয়ায় অংশ নেবে।",16.44,2.82,8.22
news-51130657,ঝিনাইদহের শৈলকূপায় স্কুলের দৌড় প্রতিযোগিতায় অংশ নেয়া এক শিশু দৌড় শেষ হওয়া মাত্র মৃত্যুর কোলে ঢলে পড়ে।,স্কুলের বার্ষিক ক্রীড়া প্রতিযোগিতায় মার্বেল দৌড়ে অংশ নিয়ে ১১ বছর বয়সী মিরান হোসেন রাফি প্রথম স্থান অধিকার করে। দৌড় শেষ হওয়ার পরপরই সে অসুস্থ হয়ে পড়ে এবং দ্রুত হাসপাতালে নিয়ে যাওয়া হয়। তবে হাসপাতালে পৌঁছানোর আগেই কর্তব্যরত চিকিৎসকেরা তাকে মৃত ঘোষণা করেন।,20.34,3.51,20.34
news-56811455,বাংলাদেশে কওমি মাদ্রাসা-ভিত্তিক সংগঠন হেফাজতে ইসলামির একটি প্রতিনিধি দল স্বরাষ্ট্রমন্ত্রী আসাদুজ্জামান খানের সাথে সাক্ষাৎ করে 'ঢালাও গ্রেফতার' বন্ধের দাবি জানিয়েছেন।,"হেফাজতে ইসলামের বেশ কয়েকজন নেতা সম্প্রতি স্বরাষ্ট্রমন্ত্রীর সাথে দেখা করেছেন, যেখানে তারা আটককৃতদের মুক্তির দাবি জানান এবং আলোচনার মাধ্যমে সমাধানের চেষ্টা করছেন বলে জানান। এই বৈঠকের আগে তারা পুলিশ ও গোয়েন্দা সংস্থার কর্মকর্তাদের সাথেও কথা বলেছেন, যদিও কোনো পক্ষই আনুষ্ঠানিকভাবে কিছু জানায়নি। হেফাজতের আমির জুনায়েদ বাবুনগরী এক ভিডিও বার্তায় বলেছেন যে হেফাজত একটি অরাজনৈতিক দল এবং তাদের উদ্দেশ্য কাউকে ক্ষমতায় বসানো বা নামানো নয়, বরং মিথ্যা মামলায় আটক নেতাকর্মীদের মুক্তি দাবি করেছেন।",10.75,0.0,8.6
news-56674992,"আন্তর্জাতিক উদরাময় গবেষণা প্রতিষ্ঠান বা আইসিডিডিআর,বি-র এক গবেষণায় দেখা গেছে যে বাংলাদেশে শনাক্ত করোনাভাইরাসের ধরনগুলোর মধ্যে এখন ৮১ শতাংশই দক্ষিণ আফ্রিকান ভ্যারিয়ান্ট এবং এ ধরনটির আবির্ভাবে বাংলাদেশে ভাইরাস বিস্তারের ক্ষেত্রে নাটকীয় পরিবর্তন এসেছে।","বাংলাদেশে করোনাভাইরাসের নতুন ভ্যারিয়েন্টে আক্রান্তদের মধ্যে চিকিৎসকরা নতুন কিছু উপসর্গ লক্ষ্য করছেন। এই ভ্যারিয়েন্টে আক্রান্ত রোগীদের অবস্থার দ্রুত অবনতি হচ্ছে এবং তাদের উচ্চ মাত্রার অক্সিজেন দীর্ঘ সময় ধরে লাগছে। এছাড়া, ফুসফুস দ্রুত সংক্রমিত হচ্ছে ও রক্ত জমাট বাঁধছে, যার ফলে আইসিইউতে রোগীদের সুস্থ হতে বেশি সময় লাগছে এবং মৃত্যুর হারও বাড়ছে।",9.3,0.0,9.3
news-55530158,বাংলাদেশে ঢাকায় একজন স্কুল ছাত্রীকে ধর্ষণের পর হত্যার অভিযোগে মামলায় অভিযুক্ত তরুণকে গ্রেফতারের পর তাকে আদালতে হাজির করে কারাগারে পাঠানো হয়েছে।,ঢাকার এক ইংরেজি মাধ্যম স্কুলের ছাত্রীকে ধর্ষণের পর হত্যার অভিযোগ উঠেছে। কোচিংয়ে যাওয়ার কথা বলে বাসা থেকে বেরিয়ে নিখোঁজ হওয়া মেয়েটিকে পরে একটি বেসরকারি হাসপাতালে মৃত অবস্থায় পাওয়া যায়। এ ঘটনায় অভিযুক্ত তরুণ আদালতে স্বীকারোক্তিমূলক জবানবন্দি দিয়েছে এবং পরিবার সুষ্ঠু তদন্ত ও বিচার দাবি করেছে।,18.18,9.37,18.18
news-45262341,"বাংলাদেশে বহুল আলোচিত ২১ অগাস্টের গ্রেনেড হামলার মামলায় রাষ্ট্রপক্ষের কৌঁসুলিরা বলছেন, আগামী দু'মাসের মধ্যেই বিচারের রায় হতে পারে বলে তারা আশা করছেন।","২০০৪ সালের ২১শে আগস্ট বঙ্গবন্ধু অ্যাভিনিউতে আওয়ামী লীগের সমাবেশে গ্রেনেড হামলায় ২৪ জন নিহত এবং শেখ হাসিনাসহ তিন শতাধিক মানুষ আহত হন। এই হামলায় শেখ হাসিনা অল্পের জন্য প্রাণে বেঁচে যান, কিন্তু আহতদের অনেকেই এখনো গ্রেনেডের স্প্লিন্টার নিয়ে দুর্বিষহ জীবনযাপন করছেন। হামলার পরদিন পুলিশ মামলা দায়ের করে এবং দীর্ঘ আইনি প্রক্রিয়ার পর ২০০৮ সালে তত্ত্বাবধায়ক সরকারের আমলে হত্যা ও বিস্ফোরক আইনে দুটি অভিযোগপত্র দায়ের করা হয়।",6.74,0.0,4.49
40626040,এই গ্রহের সম্ভবত সবচেয়ে সাধারণ ও সাদামাটা জুতো - এক টুকরো প্লাস্টিক যা মানুষের পায়ের পাতার সমান এবং তাতে লাগানো দুটো ফিতে যা দিয়ে এটি পায়ের সাথে আটকে থাকে। অর্থাৎ এক জোড়া স্যান্ডেল।,"ব্রাজিলের জনপ্রিয় হাভায়ানাস ব্র্যান্ডের স্যান্ডেল, যা সম্প্রতি একশো কোটি ডলারে বিক্রি হয়েছে, বিশ্বজুড়ে প্রায় ২০ কোটি জোড়া বিক্রি করে বাজার দখল করেছে। ১৯৬০-এর দশকে শ্রমজীবী মানুষের জন্য সাদা-নীল রঙে শুরু হলেও, এখন এটি নানা রঙ, ডিজাইন ও স্টাইলে ধনী-গরিব নির্বিশেষে সবার কাছে জনপ্রিয়। এই রাবারের চপ্পল ব্রাজিলের সংস্কৃতির সমার্থক হয়ে উঠেছে এবং এর আনন্দময় জীবনযাত্রার প্রতীক হিসেবে বিবেচিত হয়।",17.02,0.0,6.38
news-50234771,"যে সন্দেহভাজন ক্রিকেট বুকির সঙ্গে যোগাযোগ রাখার জের ধরে বাংলাদেশের অধিনায়ক সাকিব আল হাসান দু'বছরের জন্য সব ধরনের ক্রিকেটে নিষিদ্ধ হলেন, সেই দীপক আগরওয়াল নামটি ভারতে আগেও আলোচনায় এসেছে।","সাকিব আল হাসান নিষিদ্ধ হওয়ার পেছনে দীপক আগরওয়াল নামের এক বুকির সঙ্গে তার যোগাযোগই মূল কারণ। ভারতীয় ক্রিকেট বোর্ড (বিসিসিআই) দীপক আগরওয়ালকে 'পার্সন অব ইন্টারেস্ট' হিসেবে উল্লেখ করলেও, সংবাদমাধ্যমগুলোতে তাকে 'ব্ল্যাকলিস্টেড বুকি' হিসেবে বর্ণনা করা হচ্ছে। বিসিসিআই জানিয়েছে, তারা এমন ব্যক্তিদের গতিবিধির ওপর নজর রাখে এবং খেলোয়াড়দের তাদের থেকে দূরে থাকতে সতর্ক করে, তবে এর বেশি কিছু করার ক্ষমতা তাদের নেই।",17.58,6.74,10.99
news-45455024,"আম: একটি রসালো, অর্ধবৃত্তাকার গ্রীষ্ম মণ্ডলীয় ফল যা হলুদ/ সবুজ/ লাল রঙের হয়ে থাকে এবং যেটির মাঝখানটা শক্ত পাথরের মতো।","আম একটি অত্যন্ত জনপ্রিয় ফল, যা পাকা বা কাঁচা উভয় অবস্থাতেই খাওয়া যায় এবং এর শত শত বৈচিত্র্য রয়েছে। এটি ভারত, পাকিস্তান ও ফিলিপাইনের জাতীয় ফল এবং বাংলাদেশের জাতীয় বৃক্ষ, যা এর সাংস্কৃতিক গুরুত্ব তুলে ধরে। ""ম্যাঙ্গো"" শব্দটি পর্তুগিজদের মাধ্যমে তামিল ভাষা থেকে উদ্ভূত হয়েছে এবং প্রতি বছর বিশ্বজুড়ে প্রায় ৪৬ মিলিয়ন টন আম উৎপাদিত হয়।",13.16,5.41,13.16
news-55211728,বাংলাদেশে হেফাজতে ইসলামীর নেতা জুনায়েদ বাবুনগরী এবং মামুনুল হকসহ তিন জনের বিরুদ্ধে রাষ্ট্রদ্রোহের অভিযোগ তদন্তের জন্য আজ আদালত পুলিশের একটি তদন্ত সংস্থা পিবিআইকে নির্দেশ দিয়েছে।,ইসলামপন্থী দলগুলোর ভাস্কর্য-বিরোধী বক্তব্যের জেরে শেখ মুজিবুর রহমানের ভাস্কর্য ভাঙার হুমকি দেওয়ায় হেফাজতে ইসলামের আমীর জুনায়েদ বাবুনগরী ও ইসলামী আন্দোলনের নেতা সৈয়দ ফয়জুল করীমের বিরুদ্ধে রাষ্ট্রদ্রোহের মামলা করা হয়েছে। আদালত পিবিআইকে অভিযোগ তদন্ত করে জানুয়ারির প্রথম সপ্তাহের মধ্যে প্রতিবেদন জমা দিতে নির্দেশ দিয়েছে। এই ঘটনা ক্ষমতাসীন আওয়ামী লীগের সঙ্গে ইসলামপন্থী দলগুলোর মধ্যে উত্তেজনা সৃষ্টি করেছে।,29.63,7.59,22.22
news-49180385,"রাজধানী মধ্য বাড্ডার বাসিন্দা ফারজানা খালিদ। সাড়ে পাঁচ বছর বয়সী এক সন্তানের এই মা জানান, সম্প্রতি বাচ্চাকে পাস্তুরিত তরল দুধ খাওয়ানো বন্ধ করেছেন তিনি।","পাস্তুরিত তরল দুধে অ্যান্টিবায়োটিক ও ডিটারজেন্টের মতো ক্ষতিকর উপাদান পাওয়ায় হাইকোর্ট কয়েকটি ব্র্যান্ডের উপর নিষেধাজ্ঞা জারি করেছে। এর ফলে অনেক অভিভাবক শিশুদের তরল দুধ দেওয়া বন্ধ করে গুঁড়ো দুধের দিকে ঝুঁকছেন, যা তাদের আর্থিক খরচ বাড়াচ্ছে। এই পরিস্থিতিতে গুঁড়ো দুধের দামও বৃদ্ধি পেয়েছে, যা সাধারণ মানুষের জন্য আরও একটি উদ্বেগের কারণ।",13.33,5.48,10.67
news-40174511,সৌদি আরব সহ প্রতিবেশী দেশগুলো এমন সময় কাতারের সঙ্গে সম্পর্ক ছিন্ন করলো যখন ২০২২ সালের বিশ্বকাপ ফুটবলকে সামনে রেখে দেশটিতে ব্যাপক নির্মাণ কাজ চলছে। আর সে নির্মাণকাজে অংশ নিচ্ছে বিপুল সংখ্যক বাংলাদেশী শ্রমিক।,"সৌদি আরব ও কাতারের মধ্যে চলমান অস্থিরতা বাংলাদেশের জনশক্তি রপ্তানির ওপর কতটা প্রভাব ফেলবে তা নিয়ে জনশক্তি রপ্তানিকারক ও গবেষকরা ভিন্নমত পোষণ করছেন। বায়রার সাধারণ সম্পাদক রুহুল আমিন মনে করেন, এটি সাময়িক এবং বর্তমান শ্রমিকদের ওপর প্রভাব ফেলবে না, তবে নতুনদের ক্ষেত্রে সময়ই বলে দেবে। অন্যদিকে, বিআইডিএস-এর গবেষক নাজনীন আহমেদ মনে করেন, এখনই সরাসরি কোনো প্রভাব না পড়লেও, পুরো মধ্যপ্রাচ্যের পরিস্থিতি বিবেচনা করে বাংলাদেশকে সতর্ক কৌশল অবলম্বন করতে হবে।",5.83,1.98,5.83
news-56533637,বাংলাদেশে ভারতীয় প্রধানমন্ত্রী নরেন্দ্র মোদীর আগমনকে কেন্দ্র করে রাজধানী ঢাকার বায়তুল মোকাররম মসজিদ এলাকায় পুলিশের সাথে সংঘর্ষে জড়িয়েছে বিক্ষোভকারীরা।,"জুমার নামাজের পর বায়তুল মোকাররম এলাকায় নরেন্দ্র মোদীর সফরের প্রতিবাদে বিক্ষোভ শুরু হলে পুলিশ ও বিক্ষোভকারীদের মধ্যে সংঘর্ষ বাধে। পুলিশ কাঁদানে গ্যাস ও রাবার বুলেট নিক্ষেপ করে এবং বিক্ষোভকারীরা ইটপাটকেল ছোড়ে, যার ফলে সাংবাদিকসহ বেশ কয়েকজন আহত হন। দফায় দফায় সংঘর্ষে পুরো এলাকা রণক্ষেত্রে পরিণত হয় এবং আইনশৃঙ্খলা রক্ষাকারী বাহিনী পরিস্থিতি নিয়ন্ত্রণে আনে।",19.44,5.71,11.11
news-54141347,বাংলাদেশ-মিয়ানমার আন্তর্জাতিক সীমান্তে মিয়ানমারের সেনাদের গতিবিধি গত কয়েকদিনে বেড়ে যাওয়ার প্রেক্ষাপটে ঢাকায় মিয়ানমারের রাষ্ট্রদূতকে ডেকে উদ্বেগ জানিয়েছে বাংলাদেশ।,"মিয়ানমার সীমান্তে সেনা টহল বৃদ্ধির প্রেক্ষিতে বাংলাদেশ উদ্বেগ প্রকাশ করেছে। গত শুক্রবার থেকে বাংলাদেশ-মিয়ানমার আন্তর্জাতিক সীমান্ত এলাকায় মিয়ানমারের সৈন্যদের টহল স্বাভাবিকের তুলনায় বেড়েছে এবং অন্তত তিনটি পয়েন্টে সৈন্যদের ""ব্যাপক সংখ্যক"" উপস্থিতি দেখা গেছে। এই পরিস্থিতিতে বাংলাদেশের পররাষ্ট্র মন্ত্রণালয় মিয়ানমারের রাষ্ট্রদূত অং কিউ মোয়েকে তলব করে একটি প্রতিবাদলিপি দিয়েছে, যদিও এটিকে সেনা সমাবেশ বলতে নারাজ কর্মকর্তারা।",24.0,5.48,13.33
news-50446359,"একটা স্বতঃসিদ্ধ সত্য হল যা দেখা যায় না, তা গণনা করাও কঠিন। কিন্তু অন্তত অবৈধ অভিবাসনের ক্ষেত্রে পরিসংখ্যানবিদরা অনেক সময়েই এই সত্য মানতে পারেন না।","পিউ রিসার্চ সেন্টারের একটি প্রতিবেদন অনুযায়ী, বর্তমানে ব্রিটেনে প্রায় আট থেকে বারো লক্ষ অবৈধ অভিবাসী বসবাস করছে। 'অবৈধ অভিবাসী' বলতে বোঝানো হয়েছে এমন ব্যক্তিদের যাদের সে দেশে থাকার বৈধ অধিকার নেই। পিউ সেন্টার 'রেসিডিউয়াল মেথড' ব্যবহার করে এই সংখ্যাটি অনুমান করেছে, যেখানে মোট বৈধ অভিবাসীর সংখ্যা থেকে অবৈধ অভিবাসীর সংখ্যা হিসেব করা হয়।",5.13,0.0,5.13
news-57236939,"বাংলাদেশের আবহাওয়া অধিদপ্তর জানিয়েছে, বঙ্গোপসাগরে অবস্থানরত ঘূর্ণিঝড় 'ইয়াস' প্রবল শক্তিশালী হয়ে সমুদ্রে একই এলাকায় অবস্থান করছে।","ঘূর্ণিঝড় ইয়াস বর্তমানে বাংলাদেশের সমুদ্রবন্দরগুলো থেকে দূরে অবস্থান করছে এবং এর প্রভাবে ২ নম্বর সতর্কতা সংকেত জারি করা হয়েছে। ঘূর্ণিঝড়টি উত্তর-পশ্চিম দিকে অগ্রসর হয়ে ২৬শে মে ভোরে উত্তর-পশ্চিম বঙ্গোপসাগরে পৌঁছাতে পারে। আবহাওয়াবিদদের মতে, ইয়াস ভারতের উড়িষ্যা ও পশ্চিমবঙ্গের দিকে আঘাত হানার সম্ভাবনা বেশি, তবে এর প্রভাবে বাংলাদেশের খুলনা ও সাতক্ষীরা উপকূলে বৃষ্টিপাত হতে পারে।",19.44,5.71,11.11
news-41969821,"ভারতীয় পররাষ্ট্রমন্ত্রী জানিয়েছেন, বাংলাদেশের রংপুরে সাম্প্রদায়িক হামলায় যেসব হিন্দু ক্ষতিগ্রস্ত হয়েছেন তাদেরকে ক্ষতিপূরণ দেওয়ার ব্যাপারে বাংলাদেশ সরকার ভারতকে আশ্বস্ত করেছে।",ভারতীয় পররাষ্ট্রমন্ত্রী সুষমা স্বরাজ রংপুরে হিন্দুদের উপর হামলার ঘটনায় উদ্বেগ প্রকাশ করেছেন এবং এ বিষয়ে ঢাকায় ভারতীয় হাই কমিশনারের কাছ থেকে বিস্তারিত প্রতিবেদন পেয়েছেন। বাংলাদেশ কর্তৃপক্ষ ক্ষতিগ্রস্ত হিন্দুদের বাড়িঘর পুনর্নির্মাণে ক্ষতিপূরণ এবং তাদের পর্যাপ্ত নিরাপত্তা দেওয়ার আশ্বাস দিয়েছে। এই ঘটনায় একজন নিহত হয়েছেন এবং এর আগেও বাংলাদেশে হিন্দুদের উপর হামলার ঘটনায় সুষমা স্বরাজ নিন্দা জানিয়েছিলেন।,21.33,2.74,16.0
150917_cricketer_shahadat_bangladesh,গৃহপরিচারিকাকে নির্যাতনের অভিযোগে মামলা হওয়ার পর থেকে বাংলাদেশ জাতীয় ক্রিকেট দলের পেসার শাহাদত হোসেনকে খুঁজে পাচ্ছেনা পুলিশ।,"জাতীয় দলের ক্রিকেটার শাহাদাত হোসেনের বিরুদ্ধে গৃহপরিচারিকা নির্যাতনের অভিযোগ ওঠার পর থেকেই তিনি পলাতক। পুলিশ তাকে খুঁজে না পেলেও, মামলার বাদী ও সাধারণ মানুষ প্রশ্ন তুলছেন একজন তারকা খেলোয়াড়ের এভাবে লুকিয়ে থাকা নিয়ে। শাহাদাতের পরিবার ক্রিকেট বোর্ডের সিদ্ধান্তের অপেক্ষায় থাকলেও, বোর্ড এ বিষয়ে কোনো মন্তব্য করতে রাজি হয়নি।",18.46,0.0,9.23
news-55530161,জো বাইডেন পরবর্তী প্রেসিডেন্ট হিসেবে শপথ নেবার আগে ট্রাম্প সমর্থক ও উগ্র-দক্ষিণপন্থী গোষ্ঠীগুলো পুরো যুক্তরাষ্ট্র জুড়ে 'সশস্ত্র বিক্ষোভ' করতে পারে বলে সতর্ক করেছে তদন্ত সংস্থা এফবিআই।,"২০শে জানুয়ারি জো বাইডেনের শপথ গ্রহণের আগে ওয়াশিংটন ডিসি ও ৫০টি অঙ্গরাজ্যের রাজধানীতে সশস্ত্র গোষ্ঠীগুলোর সমাবেশের পরিকল্পনার খবর পাওয়া যাচ্ছে। ক্যাপিটল ভবনে হামলার ঘটনার পর নিরাপত্তা জোরদার করা হয়েছে এবং এফবিআইয়ের সতর্কবার্তা অনুযায়ী, ট্রাম্পকে মেয়াদ শেষের আগে সরানো হলে বা না হলে ফেডারেল, রাজ্য ও স্থানীয় আদালত ভবনগুলোতে জোর করে ঢুকে পড়ার আহ্বান জানানো হয়েছে। নিরাপত্তা কর্মকর্তারা ৬ই জানুয়ারির মতো ঘটনা আর ঘটতে দেবেন না বলে জানিয়েছেন।",12.77,0.0,12.77
news-47810027,আইনি জটিলতায় জমির মালিকানা হারানোর ২৩ বছর পর নিজের ছেলের দক্ষতায় জমির মালিকানা ফিরে পেয়েছেন উগান্ডার এক ব্যক্তি।,"উগান্ডার জর্ডান কিনইয়েরা শৈশবে বাবার জমি বেদখল হয়ে যাওয়ার পর আইনজীবী হওয়ার সিদ্ধান্ত নেন। দীর্ঘ দুই দশক আইনি লড়াইয়ের পর তিনি হাইকোর্টের রায়ে পরিবারের পক্ষে জমি পুনরুদ্ধার করতে সক্ষম হন। এই ঘটনা তাকে ন্যায়বিচার প্রতিষ্ঠায় অনুপ্রাণিত করেছে, যদিও তার বাবার ৮২ বছর বয়সে এই জমি থেকে বিশেষ কোনো লাভ হবে না।",11.59,0.0,5.8
news-47312908,"পুরান ঢাকার চকবাজারে শাহী মসজিদের কাছে একটি ভবনে লাগা আগুন প্রায় নিয়ন্ত্রণে এসেছে বলে বলে জানিয়েছে ফায়ার সার্ভিস। সংস্থার একজন পরিচালক বলছেন, এ পর্যন্ত ১২জন মানুষের মৃতদেহ উদ্ধার হয়েছে।","পুরান ঢাকার চকবাজারে শাহী মসজিদের কাছে একটি ভবনে ভয়াবহ অগ্নিকাণ্ডে ১২ জনের মৃতদেহ উদ্ধার করা হয়েছে, যাদের অধিকাংশই নারী ও শিশু। আগুন ৯৫ শতাংশ নিয়ন্ত্রণে এলেও সংকীর্ণ রাস্তা এবং বিদ্যুতের তারের কারণে ফায়ার সার্ভিসের বড় গাড়ি ঘটনাস্থলে পৌঁছাতে সমস্যা হচ্ছে। অগ্নিকাণ্ডের কারণ এখনো জানা যায়নি, তবে ফায়ার সার্ভিসের ৩৭টি ইউনিট আগুন নিয়ন্ত্রণে কাজ করছে এবং ৩২ জন আহত হয়েছেন।",25.0,18.6,22.73
news-49072382,ইসরায়েলের মরুভূমিতে এমন একটি মসজিদের সন্ধান পাওয়া গেছে যা ইসলামের শুরুর দিকে নির্মাণ করা হয়েছিল।,"নেগেভ মরুভূমিতে প্রায় ১২০০ বছর পুরোনো একটি মসজিদের সন্ধান পাওয়া গেছে, যা সপ্তম বা অষ্টম শতাব্দীতে নির্মিত হয়েছিল বলে প্রত্নতত্ত্ববিদরা ধারণা করছেন। ইসরায়েলের ওই অঞ্চলে এটিই প্রথম এত প্রাচীন মসজিদের খোঁজ, যা ইসলাম ধর্ম প্রবর্তনের পরপরই নির্মিত হয়েছিল। গবেষকরা মনে করছেন, এটি বিশ্বের প্রাচীনতম মসজিদগুলির মধ্যে একটি এবং স্থানীয় কৃষকরা এখানে নামাজ পড়তে আসতেন।",26.09,14.93,23.19
news-56631353,বাংলাদেশে রাজধানী ঢাকার নিকটবর্তী নারায়ণগঞ্জে শীতলক্ষ্যা নদীতে একটি লঞ্চ ডুবে গেছে। লঞ্চটিতে অন্তত ৩৫ জন যাত্রী ছিলেন বলে কর্মকর্তারা জানাচ্ছেন।,"মুন্সিগঞ্জ থেকে নারায়ণগঞ্জগামী 'সাবিথ আল হাসান' নামের একটি লঞ্চ রবিবার সন্ধ্যায় শীতলক্ষ্যা নদীতে একটি মালবাহী জাহাজের ধাক্কায় ডুবে যায়। লঞ্চটিতে ৩৫ থেকে ৫০ জন যাত্রী ছিল, যাদের ভাগ্যে কী ঘটেছে তা এখনো জানা যায়নি। কালবৈশাখী ঝড়ের কারণে অভ্যন্তরীণ নৌ-চলাচল কর্তৃপক্ষ লঞ্চ চলাচল বন্ধ রাখার নির্দেশ দিলেও এই দুর্ঘটনা ঘটে।",25.71,11.76,22.86
news-49995694,"পাকিস্তানের একজন ডাক্তার, যিনি আল কায়েদা নেতা ওসামা বিন লাদেনকে খুঁজে বের করতে যুক্তরাষ্ট্রকে সাহায্য করেছিলেন, তার কারাদণ্ডের আদেশের বিরুদ্ধে আপিল করেছেন।","ডা. শাকিল আফ্রিদির মামলার প্রথম শুনানি ২২শে অক্টোবর পর্যন্ত মুলতবি করা হয়েছে, যেখানে তার নিরপেক্ষ বিচার প্রক্রিয়া ব্যাহত হওয়ার অভিযোগ উঠেছে। ২০১১ সালে ওসামা বিন লাদেনকে খুঁজে বের করার অভিযানে জড়িত থাকার অভিযোগে তাকে আনুষ্ঠানিকভাবে অভিযুক্ত করা না হলেও, পাকিস্তানে তাকে বিশ্বাসঘাতক এবং যুক্তরাষ্ট্রে বীর হিসেবে দেখা হয়। ড. আফ্রিদির কারাদণ্ডের প্রতিক্রিয়ায় যুক্তরাষ্ট্র পাকিস্তানের ৩৩ মিলিয়ন ডলার সাহায্য কমিয়ে দেয়, এবং ডোনাল্ড ট্রাম্পের তাকে মুক্ত করার প্রতিশ্রুতিও বাস্তবায়িত হয়নি।",19.78,8.99,13.19
news-48409940,বাংলাদেশে প্রধানমন্ত্রী শেখ হাসিনা ঢাকা-চট্টগ্রাম মহাসড়কে মেঘনা এবং গোমতী নদীর উপর নতুন তৈরি দুটো সেতুসহ বেশ কয়েকটি অবকাঠামো প্রকল্পের উদ্বোধন করেছেন ।,"ঢাকা-চট্টগ্রাম মহাসড়কে যানজট নিরসনে মেঘনা ও গোমতী নদীর ওপর নির্মিত নতুন দুটি সেতু যান চলাচলের জন্য খুলে দেওয়া হয়েছে। মহাসড়কটি চার লেনে উন্নীত হলেও পুরনো দুই লেনের সেতুর কারণে যানজট লেগেই থাকত, যা প্রায় আট বছর ধরে চলমান প্রকল্পের একটি সমন্বয়হীনতার ফল। বিশেষজ্ঞরা বলছেন, পরিকল্পনার অভাবে এমন সমস্যা তৈরি হয় এবং ভবিষ্যতে সমন্বিত উন্নয়ন চিন্তার ওপর জোর দেওয়া উচিত।",24.39,7.5,19.51
news-49481260,বাংলাদেশের পার্বত্য এলাকায় নিরাপত্তা বাহিনীর জন্য যে সংগঠনটি সবচেয়ে বেশি মাথাব্যথার কারণ হয়ে দাঁড়িয়েছে সেটির নাম ইউনাইটেড পিপলস ডেমোক্রেটিক ফ্রন্ট বা ইউপিডিএফ।,"পার্বত্য চট্টগ্রামে সম্প্রতি সহিংস ঘটনা বৃদ্ধি পাওয়ায় শান্তি নিয়ে নতুন করে উদ্বেগ দেখা দিয়েছে, যেখানে নিরাপত্তা বাহিনী ও ইউপিডিএফ পরস্পরকে দোষারোপ করছে। নিরাপত্তা বাহিনীর দাবি, খাগড়াছড়িতে তাদের সাথে গোলাগুলিতে ইউপিডিএফের তিন সদস্য নিহত হয়েছে, তবে ইউপিডিএফ এটিকে ঠাণ্ডা মাথায় হত্যা বলে অভিহিত করেছে। ১৯৯৮ সালে পার্বত্য শান্তিচুক্তির বিরোধিতা করে জন্ম নেওয়া ইউপিডিএফকে অনেকে নিরাপত্তা বাহিনীর সমর্থনপুষ্ট একটি সংগঠন হিসেবে দেখে, যা সন্তু লারমার প্রভাব কমাতে সাহায্য করেছে।",8.99,2.3,8.99
news-45017044,শিক্ষকের নাম উল্লেখ না করলেও সামাজিক যোগাযোগ মাধ্যমে শিক্ষককে নিয়ে করা ব্যঙ্গাত্মক পোস্টের কারণে ঢাকা বিশ্ববিদ্যালয় থেকে বিভিন্ন মেয়াদে বহিষ্কারের ঘটনায় বিস্মিত হয়েছেন শিক্ষার্থীরা।,"মনোবিজ্ঞান বিভাগের শিক্ষার্থী খায়রুন নেসা জানান, পরীক্ষার হলে শিক্ষকের সঙ্গে অসদাচরণের অভিযোগ অস্বীকার করে তিনি প্রশ্নপত্র ছিঁড়ে ফেলেন এবং ফেসবুকে নিজের ক্ষোভ প্রকাশ করেন। এই পোস্টের জেরে তাকে এক বছরের জন্য বহিষ্কার করা হয়, যা তিনি অপ্রত্যাশিত বলে উল্লেখ করেন। ক্ষমা চাওয়ার পরেও বহিষ্কারাদেশ বহাল থাকায় তিনি হতাশ।",11.11,0.0,5.56
news-51413691,বাংলাদেশের একজন ধর্মীয় বক্তা মিজানুর রহমান আজহারি মালয়েশিয়া চলে যাওয়ার ঘোষণা দেয়ার পর তাকে নিয়ে সামাজিক মাধ্যমে ব্যাপক আলোচনা শুরু হয়েছে।,"মিজানুর রহমান আজহারি ২৯শে জানুয়ারি ফেসবুকে ঘোষণা দেন যে, 'পারিপার্শ্বিক কারণে এবং গবেষণার জন্য' তিনি মার্চ পর্যন্ত সব ওয়াজ মাহফিল বন্ধ রেখে মালয়েশিয়া যাচ্ছেন। এরপর থেকে তিনি আর কোনো মাহফিলে যাননি এবং তার ঘনিষ্ঠ সূত্রগুলো জানিয়েছে যে তিনি ইতোমধ্যেই মালয়েশিয়া চলে গেছেন, যদিও এ খবর তার পক্ষ থেকে নিশ্চিত করা হয়নি। তার পরিবারও ৩০শে জানুয়ারির পর থেকে তার সাথে যোগাযোগ করতে পারেনি।",16.87,7.41,14.46
news-47026944,"যোদ্ধা, লড়াকু, হিরো- ক্যান্সার আক্রান্ত ব্যক্তিদের প্রসঙ্গে কথা বলতে গিয়ে আপনি হয়তো কখনো এসব শব্দ ব্যবহার করে থাকতে পারেন।","ক্যান্সার আক্রান্তদের ওপর পরিচালিত এক জরিপে দেখা গেছে, 'ক্যান্সার আক্রান্ত' বা 'শিকার' শব্দগুলো তাদের মনঃক্ষুণ্ণ করে এবং তারা এটিকে যুদ্ধ বা লড়াই হিসেবে দেখতে পছন্দ করেন না। যুক্তরাজ্যের ম্যাকমিলান ক্যান্সার সাপোর্ট নামের একটি প্রতিষ্ঠান দুই হাজার ক্যান্সার আক্রান্ত ব্যক্তির ওপর জরিপ চালিয়ে দেখেছে যে, গণমাধ্যম ও সামাজিক যোগাযোগ মাধ্যমে ব্যবহৃত এ ধরনের শব্দ তাদের কাছে আক্রমণাত্মক মনে হয়। ক্যান্সার রোগীরা তাদের পরিস্থিতিকে সহজ ও বাস্তবসম্মত শব্দে বর্ণনা করা পছন্দ করেন এবং ম্যান্ডি মাহানির মতো অনেকেই মনে করেন, 'লড়াকু' বা 'যোদ্ধা'র মতো শব্দ নতুন রোগীদের ওপর মানসিক চাপ সৃষ্টি করে।",11.01,1.87,7.34
news-45628735,২০১৬ সালের ভারতের উত্তর পূর্বাঞ্চলীয় রাজ্য সিকিমকে সম্পূর্ণ অর্গানিক স্টেট বা কেমিক্যাল ফ্রি রাজ্য হিসেবে ঘোষণা করা হয়।,"২০১৬ সালে সিকিমকে ভারতের প্রথম সম্পূর্ণ অর্গানিক রাজ্য ঘোষণা করা হয়, যেখানে কীটনাশকের ব্যবহার নিষিদ্ধ। ২০০৩ সালে এই পরিকল্পনা শুরু হলেও, কৃষকরা প্রথমে দ্বিধাগ্রস্ত ছিলেন এবং প্রথম কয়েক বছর ফলন কমে যাওয়ায় ক্ষতির সম্মুখীন হন। তবে, সরকারের ক্ষতিপূরণ ও সহায়তার পর কৃষকরা অর্গানিক চাষে অভ্যস্ত হন এবং এখন কীটনাশক ব্যবহার করলে জরিমানা ও জেল হতে পারে।",24.32,8.33,21.62
news-44403732,ভারতের হিন্দু পুণরুত্থানবাদী সংগঠন রাষ্ট্রীয় স্বয়ংসেবক সংঘ বা আরএসএস-এর সদর দপ্তর নাগপুরে বৃহস্পতিবার এক অনুষ্ঠানে যোগ দিয়েছিলেন আজীবন কংগ্রেস রাজনীতির মানুষ ও ভারতের প্রাক্তন রাষ্ট্রপতি প্রণব মুখার্জী।,"প্রণব মুখার্জী আরএসএস-এর সভায় জাতীয়তাবাদ ও দেশভক্তি নিয়ে ভাষণ দেন, যেখানে তিনি পরমত সহিষ্ণুতাকে ভারতীয় সংস্কৃতির অবিচ্ছেদ্য অংশ হিসেবে তুলে ধরেন। তিনি বলেন যে ভারতের জাতীয়তাবাদ কোনো একটি ধর্ম বা জাতির জাতীয়তাবাদ নয়, বরং সহিষ্ণুতা, বহুত্ববাদ ও বহুভাষিকতাই এর মূল ভিত্তি। সাম্প্রতিক সময়ে উগ্র হিন্দুত্ববাদী সংগঠনের অসহিষ্ণুতার অভিযোগের মুখে, প্রণব মুখার্জী আরএসএস-এর সদর দপ্তরে গিয়ে অসহিষ্ণুতা ও ঘৃণাকে জাতীয় পরিচয়ের জন্য বিপদজনক বলে উল্লেখ করেন এবং জওহরলাল নেহরুর ভারতীয় জাতীয়তাবাদের ধারণাকে স্মরণ করিয়ে দেন।",15.38,5.88,11.54
news-53595136,ঢাকার পল্লবী থানার ভেতর বিস্ফোরণের দায় ইসলামিক স্টেট স্বীকার করেছে বলে অনলাইনে জিহাদি তৎপরতা পর্যবেক্ষণকারী সংস্থা সাইট ইন্টেলিজেন্স এক টুইটে বুধবার জানানোর পর বাংলাদেশ পুলিশের পক্ষ থেকে জানানো হয়েছে যে এটি কোন সন্ত্রাসী হামলা নয়।,"সুইডেন ভিত্তিক জঙ্গিবাদ বিশেষজ্ঞ তাসনিম খলিল ও ঢাকা মহানগর পুলিশের অতিরিক্ত কমিশনার কৃষ্ণপদ রায় উভয়েই মনে করেন যে পল্লবীতে সংঘটিত বিস্ফোরণটি আইএস বা আইসিসের কাজ নয়, বরং এটি পুলিশের উদ্ধার করা একটি বোমা থেকেই ঘটেছে। তবে, যুক্তরাষ্ট্রভিত্তিক সাইট ইন্টেলিজেন্সের পরিচালক রিটা কাতজ্ দাবি করেছেন যে আইএস ঈদুল আজহার আগে নতুন হামলা প্রক্রিয়ার অংশ হিসেবে এই বিস্ফোরণ ঘটিয়েছে। তাসনিম খলিল এই দাবিকে ভিত্তিহীন বলে মনে করেন, কারণ আইসিসের পক্ষ থেকে এই ধরনের দাবির স্বপক্ষে কোনো বিশ্বাসযোগ্য প্রমাণ পাওয়া যায়নি এবং পুলিশের বিবরণই অধিক বিশ্বাসযোগ্য।",15.25,1.72,6.78
news-43488797,সারা বিশ্বে বেঁচে থাকা একমাত্র পুরুষ শ্বেত গণ্ডারটির মৃত্যুর পর এই প্রজাতিব প্রাণীটি 'আনুষ্ঠানিকভাবে' বিলুপ্ত হয়ে গেছে।,"ভাকুইয়তা, যা ১৯৫৮ সালে প্রথম দেখা গিয়েছিল, বর্তমানে বিলুপ্তির দ্বারপ্রান্তে থাকা একটি বিরল প্রজাতির ডলফিন বা ছোট তিমি। বন্যপ্রাণী রক্ষায় কাজ করা সংস্থা WWF এর মতে, এই প্রাণীকে বাঁচাতে আইভিএফ পদ্ধতির মতো বৈজ্ঞানিক গবেষণা জরুরি। ভাকুইয়তার মতো আরও অনেক প্রাণী, যেমন জাভান গণ্ডার, ওরাংওটান, সুমাত্রান গণ্ডার, কৃষ্ণ গণ্ডার, আমুর চিতাবাঘ এবং ফরেস্ট হাতিও বিলুপ্তির ঝুঁকিতে রয়েছে, যাদের সংখ্যা কোনো কোনো ক্ষেত্রে একশোরও কম। প্রকৃতি সংরক্ষণে কাজ করা আন্তর্জাতিক সংস্থা IUCN তাদের 'রেড লিস্ট'-এ ৫,৫৮৩টি প্রাণীকে 'গুরুতর বিপদের' মুখে বলে চিহ্নিত করেছে, যার মধ্যে ২৬টি প্রাণীকে ২০১৭ সালে নতুন করে বিপন্ন ঘোষণা করা হয়েছে।",3.57,0.0,3.57
news-55968327,বাংলাদেশের সহস্রাধিক হাসপাতালে একযোগে শুরু হয়েছে গণ-টিকাদান কর্মসূচি।,"স্বাস্থ্যমন্ত্রী জাহিদ মালেক নিজে কোভিশিল্ড টিকা গ্রহণ করে বাংলাদেশে গণ-টিকাদান কর্মসূচির উদ্বোধন করেছেন। তিনি এই টিকা সম্পূর্ণ নিরাপদ বলে উল্লেখ করে গুজব না ছড়ানোর আহ্বান জানান এবং জানান যে, সম্মুখ সারির কর্মী ও ৫৫ বছরের বেশি বয়স্কদের বিনামূল্যে টিকা দেওয়া হবে। স্বাস্থ্যমন্ত্রী আরও বলেন, মানুষকে উদ্বুদ্ধ করতে অনেক গুরুত্বপূর্ণ ব্যক্তি টিকা নিচ্ছেন এবং এই টিকাদান কর্মসূচি সারা বছর ধরে চলবে।",8.57,5.88,8.57
news-50614559,"ভারতের ব্যাঙ্গালোর থেকে বাংলাদেশী সন্দেহে নারী ও শিশুসহ যে ৫৯ ব্যক্তিকে আটক করে গত সপ্তাহে কলকাতা-সংলগ্ন হাওড়ায় নিয়ে আসা হয়েছিল, তাদের আর কোনও খোঁজ পাওয়া যাচ্ছে না।","ব্যাঙ্গালোর থেকে আনা ৫৯ জন কথিত বাংলাদেশিকে হাওড়ার নিশ্চিন্দায় একটি প্রশিক্ষণ কেন্দ্রে আটক রাখার পর মানবাধিকার সংগঠন এ.পি. ডি.আর-এর সদস্যরা তাদের পুশব্যাক করার বিষয়টি নিশ্চিত করেছেন। যদিও ভারতীয় কর্তৃপক্ষ এ বিষয়ে আনুষ্ঠানিক কোনো মন্তব্য করেনি, তবে বিজিবি জানিয়েছে যে গত এক সপ্তাহে তাদের নিয়ন্ত্রণাধীন সীমান্ত এলাকা থেকে নয়জনকে অবৈধভাবে বাংলাদেশে প্রবেশের জন্য আটক করা হয়েছে। এই ঘটনাটি ভারত থেকে বাংলাদেশে অবৈধভাবে পুশব্যাকের একটি বৃহত্তর প্রবণতার অংশ বলে মনে করা হচ্ছে।",17.82,2.02,13.86
news-48953693,"বাংলাদেশের পরিবার পরিকল্পনা অধিদপ্তরের তথ্য অনুযায়ী, ১৯৭৫ সালে সক্ষম দম্পতি প্রায় ৮ শতাংশ জন্মনিয়ন্ত্রণ পদ্ধতি ব্যবহার করতেন আর এখন এ সংখ্যা ৬৩ দশমিক ১ শতাংশ।","বাংলাদেশে জন্মনিয়ন্ত্রণ পদ্ধতি ব্যবহারের হার তেমন না বাড়লেও শহর ও গ্রাম উভয় অঞ্চলেই নারীরাই এর প্রধান ব্যবহারকারী। খাবার বড়ি, ইনজেকশন ও কনডম সবচেয়ে জনপ্রিয় পদ্ধতি, যার মধ্যে খাবার বড়ি ও কনডম সহজলভ্যতা এবং কম পার্শ্বপ্রতিক্রিয়ার কারণে অধিক ব্যবহৃত হয়। তবে সামাজিক, শিক্ষাগত ও অর্থনৈতিক কারণে স্থায়ী পদ্ধতিগুলো নারী-পুরুষ উভয়ের কাছেই কম গ্রহণযোগ্য।",5.13,2.63,5.13
news-55020008,বাংলাদেশে ফরিদপুরের সালথা উপজেলায় আহলে হাদিস অনুসারীদের একটি মসজিদসহ মাদ্রাসা ভেঙে গুড়িয়ে দেয়ার অভিযোগে মামলার তদন্ত শুরু করা হয়েছে বলে স্থানীয় প্রশাসন জানিয়েছে।,"ফরিদপুরের সালথা উপজেলায় আহলে হাদিস অনুসারীদের একটি মাদ্রাসায় কওমী মাদ্রাসা ও হেফাজতে ইসলামের সমর্থকদের হামলায় মাদ্রাসাটি সম্পূর্ণ ধ্বংস হয়ে গেছে। হামলার সময় শিক্ষক ও ৩৫ জন শিশু শিক্ষার্থী জঙ্গলে পালিয়ে প্রাণ বাঁচায়। মাদ্রাসা পরিচালক ইলিয়াস হোসেন অভিযোগ করেছেন যে, মাইকিং করে উস্কানি দেওয়ার পর এই হামলা চালানো হয়েছে এবং এখন তাদের মৃত্যুর হুমকি দেওয়া হচ্ছে।",20.51,15.79,20.51
news-44747795,দামেস্কে এলে মনে হয় না সিরিয়ায় যুদ্ধ চলছে। দামেস্কের কেন্দ্রে গত সাতবছরের যুদ্ধের কোন আঁচড়ই যেন লাগেনি। অথচ এই দামেস্করই অনেক উপশহর তীব্র লড়াইয়ে রীতিমত ধ্বংসস্তূপে পরিণত হয়েছে।,"সিরিয়ার রাজধানী দামেস্কে একদিকে বিশ্বকাপের উন্মাদনা, অন্যদিকে যুদ্ধের ভয়াবহতা। যদিও বিদ্রোহীরা পূর্ব ঘুটা থেকে বিতাড়িত হয়েছে, যুদ্ধের আতঙ্ক মানুষের মনে এখনও বিদ্যমান এবং লড়াই এখন জর্ডান সীমান্ত ও গোলান মালভূমির দিকে সরে গেছে। দামেস্কের বাসিন্দারা স্বাভাবিক জীবনযাপন করার চেষ্টা করলেও, পূর্ব ঘুটার ধ্বংসযজ্ঞ যুদ্ধের ভয়াবহতার সাক্ষ্য বহন করে।",13.16,0.0,10.53
news-52102600,বাংলাদেশে আসন্ন বাংলা নববর্ষের অনুষ্ঠান বন্ধ রাখার জন্য আহবান জানিয়েছেন প্রধানমন্ত্রী শেখ হাসিনা।,"প্রধানমন্ত্রী শেখ হাসিনা জেলা প্রশাসকদের সাথে এক ভিডিও কনফারেন্সে করোনাভাইরাস সংক্রমণ রোধে বাংলা নববর্ষের সকল জনসমাগমপূর্ণ অনুষ্ঠান বাতিল করে ডিজিটাল পদ্ধতিতে উদযাপনের আহ্বান জানিয়েছেন। তিনি বলেন, মানুষের কল্যাণের কথা ভেবেই এই কঠিন সিদ্ধান্ত নেওয়া হয়েছে এবং কেউ যেন আক্রান্ত হলে তা গোপন না করে দ্রুত পরীক্ষার ব্যবস্থা করে। প্রধানমন্ত্রী আরও জানান, সরকার সংক্রমণ ঠেকাতে যথেষ্ট পদক্ষেপ নিয়েছে এবং খাদ্য সাহায্য বিতরণে জনসমাগম এড়িয়ে চলার নির্দেশ দিয়েছেন।",17.72,7.79,12.66
news-50786181,"বাংলাদেশের দু'জন মন্ত্রীর পূর্বনির্ধারিত ভারত সফর বাতিল করার পর তা নিয়ে নানা আলোচনার মুখে ক্ষমতাসীন আওয়ামী লীগের সাধারণ সম্পাদক ওবায়দুল কাদের বলেছেন, এখন বিজয় দিবসের আগে রাষ্ট্রীয় কাজে ব্যস্ততার কারণে মন্ত্রীরা এই সফর বাতিল করেছেন।","ভারতের নাগরিকত্ব সংশোধনী বিল এবং এনআরসি নিয়ে বাংলাদেশের প্রতি ভারতের মন্তব্যের জেরে বাংলাদেশের পররাষ্ট্রমন্ত্রী ও স্বরাষ্ট্রমন্ত্রী তাদের ভারত সফর বাতিল করেছেন। যদিও বাংলাদেশের পক্ষ থেকে এই সফর বাতিলের কারণ হিসেবে অন্য ব্যাখ্যা দেওয়া হয়েছে, কূটনৈতিক সূত্রগুলো মনে করছে এটি ভারতের মন্তব্যের প্রতি বাংলাদেশের অস্বস্তির প্রকাশ। এই ঘটনাটি ভারত-বাংলাদেশের দ্বিপাক্ষিক সম্পর্কে নতুন করে আলোচনা ও বিতর্কের জন্ম দিয়েছে।",17.02,8.7,12.77
news-56762989,"বাংলাদেশে করোনাভাইরাসে আক্রান্ত হয়ে গত নয় দিনেই মারা গেছে ৭১৯ জন, যার মধ্যে ৬৯৩ জনই মারা গেছে হাসপাতালে। চিকিৎসক ও বিশেষজ্ঞরা বলছেন দ্রুত ফুসফুস সংক্রমণ ছাড়াও বছরের শুরুতে রোগটির প্রতি অবহেলার কারণেই অনেকে এখন সংকটাপন্ন অবস্থায় হাসপাতালে যাচ্ছেন।","বাংলাদেশের হাসপাতালগুলোতে আইসিইউ বেড রোগীতে পরিপূর্ণ, কারণ করোনায় আক্রান্তদের ফুসফুস দ্রুত সংক্রমিত হচ্ছে এবং অনেকে সংকটাপন্ন অবস্থায় হাসপাতালে আসছেন। গত ২৪ ঘণ্টায় ৯৪ জনসহ মোট ১০ হাজার ৮১ জনের মৃত্যু হয়েছে, যা মৃত্যুর রেকর্ড ভঙ্গ করছে। জনস্বাস্থ্য বিশেষজ্ঞরা বলছেন, দ্বিতীয় ঢেউয়ের আগে মানুষ ও কর্তৃপক্ষের প্রস্তুতিহীনতা এই পরিস্থিতির জন্য দায়ী।",22.73,6.98,11.36
news-48161906,শক্তিশালী ঘূর্ণিঝড় ফণী দুর্বল হয়ে বাংলাদেশে প্রবেশ করলেও দেশটির বিভিন্ন জায়গায় গাছ বা ঘরের নীচে চাপা পড়ে কমপক্ষে পাঁচজনের নিহত হওয়ার খবর পাওয়া গেছে।,"ঘূর্ণিঝড় ফণী ভারতের উড়িষ্যায় আটজনের প্রাণহানি ঘটিয়ে বাংলাদেশে প্রবেশ করলেও দুর্বল হয়ে নিম্নচাপে পরিণত হয়েছে। এর প্রভাবে বাংলাদেশে প্রতিকূল আবহাওয়ায় নোয়াখালীতে টর্নেডো ও বিভিন্ন জেলায় মোট আটজনের মৃত্যু হয়েছে। বর্তমানে ফণী পাবনা, ঢাকা, টাঙ্গাইল ও ময়মনসিংহের ওপর দিয়ে বয়ে যাচ্ছে এবং আশ্রয়কেন্দ্রে থাকা ১৬ লাখের বেশি মানুষ বাড়ি ফিরতে শুরু করেছেন।",21.33,10.96,16.0
news-49861894,বাংলাদেশের প্রধানমন্ত্রী শেখ হাসিনা জাতিসংঘের ৭৪তম সাধারণ পরিষদের ভাষণে রোহিঙ্গা প্রসঙ্গ উত্থাপন করে বলেন যে মিয়ানমার ও তাদের নাগরিকদের মধ্যকার সমস্যার বোঝা বহন করতে হচ্ছে বাংলাদেশকে। আন্তর্জাতিক সম্প্রদায়ের কাছে তিনি আহ্বান রাখেন যেন তারা এই সংকটের বিষয়টি উপলব্ধি করে।,"জাতিসংঘের ৭৪তম সাধারণ পরিষদে প্রধানমন্ত্রী শেখ হাসিনা বলেছেন যে রোহিঙ্গা সমস্যা এখন আর শুধু বাংলাদেশের ক্যাম্পের মধ্যে সীমাবদ্ধ নেই, বরং এটি আঞ্চলিক নিরাপত্তার জন্য হুমকি হয়ে দাঁড়িয়েছে। তিনি উল্লেখ করেন যে মিয়ানমার রাজি হলেও অনুকূল পরিবেশের অভাবে একজন রোহিঙ্গাকেও স্বেচ্ছায় রাখাইনে ফেরত পাঠানো সম্ভব হয়নি। শেখ হাসিনা আন্তর্জাতিক সম্প্রদায়কে এই সমস্যার অনিশ্চয়তা অনুধাবন করার আহ্বান জানিয়ে বলেন, এটি মিয়ানমারের তৈরি সমস্যা এবং তাদেরই রোহিঙ্গাদের নিরাপদ ও সম্মানজনক প্রত্যাবাসনের মাধ্যমে এর সমাধান করতে হবে।",32.14,9.09,14.29
news-54701290,কট্টর ইসলামের বিরুদ্ধে ফ্রান্স সরকারের কঠোর অবস্থান নিয়ে বিতর্কের মধ্যেই তুরস্কের প্রেসিডেন্ট রেচেপ তায়েপ এরদোয়ান ফরাসী পণ্য বর্জনের আহ্বান জানিয়েছেন।,"তুরস্কের প্রেসিডেন্ট এরদোয়ান ফ্রান্সের প্রেসিডেন্ট ম্যাক্রঁর ধর্মনিরপেক্ষতা নীতির সমালোচনা করে বিশ্বনেতাদের প্রতি মুসলমানদের রক্ষা করার আহ্বান জানিয়েছেন। স্যামুয়েল প্যাটি নামের এক শিক্ষককে ইসলামের নবীর কার্টুন প্রদর্শনের জেরে হত্যার ঘটনার পর ম্যাক্রঁ কার্টুন থেকে মুখ না ফেরানোর ঘোষণা দিলে এরদোয়ান এই অবস্থান নেন। এর প্রতিক্রিয়ায় কুয়েত, জর্ডান ও কাতারের কিছু দোকান থেকে ফরাসি পণ্য সরিয়ে নেওয়া হয়েছে এবং এরদোয়ান ফরাসি পণ্য বর্জনের আহ্বান জানিয়েছেন।",21.69,9.88,16.87
news-44888144,বাংলাদেশে এইচএসসি ও সমমানের পরীক্ষায় জিপিএ-৫ পাওয়ার সংখ্যা গত তিন বছরে প্রায় অর্ধেকে নেমে এসেছে। উল্লেখযোগ্যভাবে কমেছে পাশের হারও।,"এবারের এইচএসসি ও সমমানের পরীক্ষায় পাশের হার গত বছরের তুলনায় প্রায় আড়াই শতাংশ কমেছে এবং জিপিএ-ফাইভ প্রাপ্তির সংখ্যাও প্রায় নয় হাজার কমে ২৯ হাজারে দাঁড়িয়েছে। ঘন ঘন পরীক্ষা পদ্ধতি পরিবর্তন এবং পরীক্ষার হলে ভয়ভীতির পরিবেশকে শিক্ষার্থীরা এই ফলাফলের কারণ হিসেবে উল্লেখ করেছে। এই প্রবণতা গত তিন বছর ধরে লক্ষ্য করা যাচ্ছে, যেখানে শতভাগ পাশ করা প্রতিষ্ঠানের সংখ্যাও কমেছে।",25.32,10.39,20.25
news-45192357,বাংলাদেশের সরকারি চাকরিতে কোটা সংস্কারের জন্য উদ্দেশ্যে হওয়া আন্দোলনের যুগ্ম-আহবায়ক লুৎফুন্নাহার লুমাকে সিরাজগঞ্জ থেকে আটক করেছে পুলিশ।,কোটা সংস্কার আন্দোলনের যুগ্ম আহবায়ক লুৎফুন্নাহার লুমাকে সিরাজগঞ্জ থেকে সাইবার ক্রাইম বিভাগের অভিযোগে গ্রেপ্তার করা হয়েছে। তাকে জিজ্ঞাসাবাদের জন্য ঢাকায় নিয়ে যাওয়া হয়েছে। সাম্প্রতিক সময়ে কোটা সংস্কার আন্দোলনের অনেক নেতাকেই বিভিন্ন অভিযোগে গ্রেপ্তার করা হয়েছে।,33.96,23.53,30.19
news-43403165,"বাংলাদেশের ট্যুর অপারেটররা বলছেন, নেপালের কাঠমান্ডুতে বেসরকারি বিমান ইউএস বাংলার বিমান দুর্ঘটনার পর থেকে অনেক বাংলাদেশি নেপালে যাওয়ার পরিকল্পনা বাতিল করছেন।","কাঠমান্ডুতে বিমান দুর্ঘটনার পর অনেক বাংলাদেশি নেপাল ভ্রমণের পরিকল্পনা বাতিল করছেন, কারণ এই দুর্ঘটনার ফলে তাদের মনে আতঙ্ক সৃষ্টি হয়েছে। নেপাল বাংলাদেশিদের কাছে একটি জনপ্রিয় ভ্রমণ গন্তব্য ছিল, কারণ সেখানে যাতায়াত ও থাকা-খাওয়ার খরচ কম এবং বিমানবন্দরে সহজে ভিসা পাওয়া যায়। তবে, দুর্ঘটনার পর ত্রিভুবন বিমানবন্দরের বিপজ্জনক তালিকাভুক্তির খবরও ভ্রমণকারীদের মধ্যে উদ্বেগ বাড়িয়েছে।",24.0,13.7,24.0
news-51321472,করোনাভাইরাসের বিরুদ্ধে চিকিৎসকদের লড়াই করা যেন অনেকটা একটি অজানা বিষয়ের বিরুদ্ধে লড়াই করার মতো হয়ে দাঁড়িয়েছে।,"করোনাভাইরাসের প্রথম ৯৯ জন রোগীর ওপর ভিত্তি করে চিকিৎসকদের বিশ্লেষণ ল্যানসেট মেডিকেল জার্নালে প্রকাশিত হয়েছে। এই রোগীদের সবারই নিউমোনিয়া হয়েছিল এবং তাদের প্রধান লক্ষণগুলো ছিল জ্বর, কাশি ও শ্বাসকষ্ট। প্রথম দুজন মৃত রোগী আপাতদৃষ্টিতে সুস্থ থাকলেও দীর্ঘদিনের ধূমপানের কারণে তাদের ফুসফুস দুর্বল ছিল, যা রোগের তীব্রতা বাড়িয়েছিল।",6.35,0.0,6.35
news-43791290,সিরিয়া যুদ্ধ শুরু হওয়ার পর থেকে সাত বছরে ১০ লাখেরও বেশী মানুষ সিরিয়া থেকে পালিয়ে আশ্রয় নিয়েছে পার্শ্ববর্তী দেশ লেবাননে।,"সিরিয়া যুদ্ধ শুরু হওয়ার পর থেকে ১০ লাখেরও বেশি মানুষ পার্শ্ববর্তী দেশ লেবাননে আশ্রয় নিয়েছে, যাদের অনেকেই রাজনৈতিক হয়রানির শিকার। সিরিয়ানরা মনে করেন আসাদ সরকারের অধীনে মত প্রকাশের স্বাধীনতা নেই এবং সরকারের বিরোধিতা করলেই হয়রানি করা হয়। তবে, সিরিয়ার গৃহযুদ্ধে বৈদেশিক শক্তিগুলোর অন্তর্ভুক্তি পরিস্থিতিকে আরও খারাপ করছে বলে মনে করেন অনেকে, এবং পশ্চিমা দেশগুলোর সাম্প্রতিক হামলাকে মধ্যপ্রাচ্যে তাদের প্রভাব ধরে রাখার কৌশল হিসেবে দেখা হচ্ছে।",32.94,21.69,28.24
news-57115011,"ইসরায়েলি এবং ফিলিস্তিনিদের মধ্যে লড়াই এখন যেরকম তীব্র হয়ে উঠেছে তা একটি ""পূর্ণাঙ্গ যুদ্ধে"" রূপ নিতে পারে বলে হুঁশিয়ারি দিয়েছে জাতিসংঘ।","জেরুজালেমে চলমান উত্তেজনার মূলে রয়েছে ইসরায়েলি ও ফিলিস্তিনিদের দীর্ঘদিনের সংঘাত। প্রথম বিশ্বযুদ্ধের পর অটোমান সাম্রাজ্যের পতন হলে ব্রিটেন ফিলিস্তিনের নিয়ন্ত্রণ নেয় এবং ইহুদিদের জন্য সেখানে একটি রাষ্ট্র প্রতিষ্ঠার দায়িত্ব পায়, যা আরবদের বিরোধিতার মুখে পড়ে। ১৯২০ থেকে ১৯৪০-এর দশকে ইউরোপ থেকে ইহুদিদের ফিলিস্তিনে আগমন এবং দ্বিতীয় বিশ্বযুদ্ধের পর তাদের মাতৃভূমি তৈরির স্বপ্ন এই অঞ্চলে সহিংসতা বাড়িয়ে তোলে। ফলস্বরূপ, ১৯৪৭ সালে জাতিসংঘ ফিলিস্তিনকে দুটি পৃথক ইহুদি ও আরব রাষ্ট্রে বিভক্ত করার প্রস্তাব দেয়, যা ইহুদিরা মেনে নিলেও আরবরা প্রত্যাখ্যান করে।",9.9,0.0,7.92
news-54091852,আবারও ভারতে সংবাদ শিরোনামে বলিউড। কয়েক সপ্তাহ ধরে সুশান্ত সিং রাজপুতের মৃত্যু - তার বান্ধবী রিয়া চক্রবর্তীর বিরুদ্ধে মাদক যোগের সরগরম থাকার পরে বুধবার সকাল থেকে ভারতের টিভি চ্যানেলগুলোতে শুরু হয়েছে আরেক বলিউড অভিনেত্রী কঙ্গনা রানাওয়াতকে নিয়ে মাতামাতি।,"কঙ্গনা রানাওয়াত মুম্বাইকে পাকিস্তান অধিকৃত কাশ্মীরের সাথে তুলনা করে মহারাষ্ট্রের মুখ্যমন্ত্রী উদ্ভব ঠাকরের সাথে টুইটার যুদ্ধ শুরু করেন। অবৈধ নির্মাণের অভিযোগে মুম্বাই কর্পোরেশন কঙ্গনার অফিস ও বাড়ি ভেঙে দেয়, যা অভিনেত্রী রামমন্দির ভাঙার সাথে তুলনা করে 'বাবরের সেনাবাহিনী'র কাজ বলে অভিহিত করেন। এরপর কঙ্গনা উদ্ভব ঠাকরের উদ্দেশ্যে একটি ভিডিও প্রকাশ করে তার অহংকার ভাঙার হুমকি দেন।",8.51,0.0,6.38
news-44712123,ভারতে হোয়াটসঅ্যাপের মাধ্যমে ছড়ানো গুজবের জেরে একের পর এক গণপিটুনির ঘটনার পর সরকার কার্যত ওই মেসেজিং প্ল্যাটফর্মটির কাছে কৈফিয়ত তলব করেছে।,"হোয়াটসঅ্যাপের মাধ্যমে গুজব ছড়িয়ে গণপিটুনির ঘটনা বৃদ্ধি পাওয়ায় ভারত সরকার হোয়াটসঅ্যাপ কর্তৃপক্ষকে চিঠি দিয়েছে। জবাবে হোয়াটসঅ্যাপ কর্তৃপক্ষ এই চ্যালেঞ্জ মোকাবিলায় সরকারের সঙ্গে কাজ করতে প্রস্তুত এবং ভারতে ভুয়ো খবর ঠেকাতে একটি নতুন লেবেল পরীক্ষা করছে বলে জানিয়েছে। তবে, ভারতে বিপুল সংখ্যক ব্যবহারকারী এবং মেসেজ আদান-প্রদানের কারণে ভুয়ো খবর ছড়ানো কীভাবে ঠেকানো সম্ভব, তা নিয়ে এখনও কোনো স্পষ্ট সমাধান নেই।",14.81,2.53,9.88
news-48214793,সন্তানের কী নাম রাখা হবে পিতামাতার কাছে সেটি অনেক কঠিন এক চ্যালেঞ্জ। কিন্তু সঠিক নাম বাছাই করে নেওয়া সত্যিই গুরুত্বপূর্ণ।,"শিশুর নাম রাখা নিয়ে বিভিন্ন দেশে নানা রীতি ও আইন প্রচলিত আছে, যেমন ইংল্যান্ড ও ওয়েলসে জন্মের ৪২ দিনের মধ্যে নাম নিবন্ধন না করলে জরিমানা হয়। ব্রিটিশ রাজপরিবারের নতুন সদস্য আর্চি হ্যারিসনের নামও এই নিয়ম মেনেই রাখা হয়েছে। যদিও কিছু পরিবারে নাম নির্বাচন সহজ হলেও, অনেক পরিবারে এটি মানসিক চাপের কারণ হয়ে দাঁড়ায়।",10.96,2.82,8.22
150222_sak_syria_girls_families,"পূর্ব লন্ডনের তিনজন কিশোরী ইসলামিক স্টেটের সাথে যোগ দিতে সিরিয়া চলে গেছে, এ খবর বেরুনোর পর তাদের পরিবারগুলো ব্যাপকভাবে ভেঙে পড়েছে বলে জানা যাচ্ছে।","তিন কিশোরী শামীমা বেগম, আমিরা আবাস এবং খাদিজা সুলতানা লন্ডনের গ্যাটউইক বিমানবন্দর থেকে তুরস্কের ইস্তাম্বুলগামী বিমানে উঠে নিখোঁজ হয়েছে। পরিবার আশঙ্কা করছে যে তারা ইসলামিক স্টেটে যোগ দিতে সিরিয়ায় গেছে, যদিও তাদের সিরিয়ায় যাওয়ার কোনো ইঙ্গিত আগে কখনো দেখা যায়নি। পরিবারগুলো তাদের দ্রুত ফিরে আসার জন্য আকুল আবেদন জানাচ্ছে এবং মুসলিম কাউন্সিল অফ ব্রিটেন এই ঘটনায় উদ্বেগ প্রকাশ করেছে।",19.28,2.47,16.87
news-43131130,বাংলাদেশের টি-টোয়েন্টি দলে মাশরাফি বিন মর্তুজা চাইলে খেলতে পারেন - এ কথা জানিয়েছেন বাংলাদেশ ক্রিকেট বোর্ডের সভাপতি নাজমুল হাসান।,"মাশরাফি বিন মর্তুজা ২০১৭ সালে টি-টোয়েন্টি থেকে অবসর নেওয়ার পর বাংলাদেশ আর কোনো টি-টোয়েন্টি ম্যাচ জেতেনি, তাই বোর্ড তাকে দলে ফেরাতে আগ্রহী। বিসিবি সভাপতি নাজমুল হাসান জানিয়েছেন, মাশরাফি টেস্টে খেলতে চাইলেও বোর্ড তাকে টি-টোয়েন্টিতে চাইছে। তিনি আরও বলেন, সদ্যসমাপ্ত সিরিজে কোচের অভাব প্রকটভাবে ফুটে উঠেছে এবং ভালো কোচ পাওয়া কঠিন হলেও দলের মনোভাব পরিবর্তন জরুরি।",28.57,13.33,18.18
news-51895998,কুড়িগ্রামের সাংবাদিক আরিফুল ইসলামকে শুক্রবার মধ্যরাতে বাড়ি থেকে তুলে নিয়ে যাওয়ার পর কারাগারে পাঠানো পর্যন্ত তার সাথে কি ঘটেছিল তা তিনি বর্ণনা করেছেন বিবিসির কাছে।,"সাংবাদিক আরিফুল ইসলাম অভিযোগ করেছেন যে তাকে বাড়ি থেকে জোর করে তুলে নিয়ে যাওয়া হয় এবং আইনশৃঙ্খলা রক্ষাকারী বাহিনীর সদস্যরা তাকে অকথ্য ভাষায় গালিগালাজ করে ও এনকাউন্টারের হুমকি দেয়। তিনি জানান, তাকে ডিসি অফিসে নিয়ে গিয়ে বিবস্ত্র করে মারধর করা হয়, ছবি ও ভিডিও তোলা হয়। আরিফুল ইসলাম বারবার ক্ষমা চাইলেও কর্মকর্তারা তার কথা শোনেননি এবং তাকে ডিসির বিরুদ্ধে লেখার অভিযোগ এনেছিলেন।",20.69,7.06,16.09
news-41795196,"বিজ্ঞানী স্টিফেন হকিংএর পিএইচডি থিসিস অনলাইনে প্রকাশ করার পর মাত্র কয়েক দিনে তা দেখেছেন ২০ লক্ষেরও বেশি লোক - বলা হচ্ছে, কোন গবেষণাপত্র নিয়ে এত লোকের আগ্রহী হয়ে ওঠা এর আগে আর কখনোই দেখা যায় নি।","স্টিফেন হকিং-এর ১৯৬৬ সালের পিএইচডি থিসিস 'সম্প্রসারণশীল মহাবিশ্বের বৈশিষ্ট্য' কেমব্রিজ বিশ্ববিদ্যালয়ের ওয়েবসাইটে প্রকাশের পর প্রথম দিনেই এত বেশি সংখ্যক মানুষ এটি দেখতে চেষ্টা করেন যে ওয়েবসাইটটি ক্র্যাশ করে। এটি বিশ্ববিদ্যালয়ের ইতিহাসে সবচেয়ে বেশি দেখা গবেষণাপত্র এবং অন্তত ৫ লক্ষ লোক এটি ডাউনলোড করার চেষ্টা করেছেন। ২৪ বছর বয়সে লেখা এই থিসিসটি হকিং-এর মৌলিক কাজ, যিনি পরবর্তীকালে মোটর নিউরন ডিজিজে আক্রান্ত হয়েও হুইলচেয়ারে বসে কম্পিউটার ব্যবহার করে কথা বলতেন এবং তার বই 'এ ব্রিফ হিস্ট্রি অব টাইম' এক কোটির বেশি কপি বিক্রি হয়েছিল।",18.49,1.71,11.76
news-51276037,করোনাভাইরাসে আক্রান্ত হয়ে নিহতের সংখ্যা ১০৬ জন বলে নিশ্চিত করেছে চীনা কর্তৃপক্ষ।,চীনজুড়ে করোনাভাইরাসের সংক্রমণ ঠেকাতে গণপরিবহন বন্ধ করা হয়েছে এবং আক্রান্তের সংখ্যা চার হাজার ছাড়িয়েছে। ভাইরাসটির উৎপত্তিস্থল উহান শহর কার্যত বন্ধ করে দেওয়া হয়েছে এবং চীনা নববর্ষের ছুটি বাড়ানো হয়েছে সংক্রমণ রোধে। যুক্তরাষ্ট্রসহ অন্যান্য দেশ তাদের নাগরিকদের চীন ভ্রমণে সতর্কতা জারি করেছে এবং কিছু দেশ উহানে আটকে পড়া নাগরিকদের ফিরিয়ে আনার পরিকল্পনা করছে।,9.38,0.0,6.25
news-53595135,সামাজিক যোগাযোগের প্ল্যাটফর্মগুলোর ওপর নিয়ন্ত্রণ আরোপ করে তুরস্কের সংসদ একটি আইন পাশ করেছে। মানবাধিকার সংগঠনগুলো বলছে এই আইন বাকস্বাধীনতার প্রতি বড় হুমকি।,"তুরস্ক সরকার সম্প্রতি একটি নতুন আইন প্রণয়ন করেছে, যার অধীনে ১০ লাখের বেশি অনুসারী থাকা সামাজিক যোগাযোগ মাধ্যম প্ল্যাটফর্মগুলোকে তুরস্কে স্থানীয় কার্যালয় স্থাপন করতে হবে এবং সরকারের নির্দেশ অনুযায়ী কন্টেন্ট সরাতে হবে। এই আইন অমান্য করলে প্ল্যাটফর্মগুলোকে জরিমানা করা হবে এবং তাদের ডেটা সরবরাহের গতি ব্যাপকভাবে কমিয়ে দেওয়া হবে, এমনকি ব্যান্ডউইথ ৯৫% পর্যন্ত হ্রাস করা হতে পারে। তুরস্ক সরকার এই আইনের মাধ্যমে সাইবার অপরাধ দমন এবং ব্যবহারকারীদের ""লাগামহীন ষড়যন্ত্র তত্ত্ব"" থেকে রক্ষা করতে চাইছে, যা ফেসবুক, গুগল, টিকটক এবং টুইটারের মতো বড় প্রযুক্তি সংস্থাগুলোকেও প্রভাবিত করবে।",12.96,1.89,11.11
news-48400401,ভারতের নির্বাচনে প্রধানমন্ত্রী নরেন্দ্র মোদীর হিন্দুত্ববাদী দল বিজেপি বিপুল বিজয় পাবার পর পশ্চিমবঙ্গ রাজ্যেও নাগরিকত্ব যাচাইয়ের উদ্যোগ নেয়া হয় কিনা - তা নিয়ে বাংলাদেশের 'চিন্তার কারণ' আছে বলেই মনে করছেন বিশ্লেষকরা।,"ভারতের ক্ষমতাসীন বিজেপি দাবি করছে যে বাংলাদেশে থেকে বহু অবৈধ অভিবাসী ভারতে প্রবেশ করেছে এবং আসামের মতো পশ্চিমবঙ্গেও নাগরিক যাচাইয়ের উদ্যোগ নিতে চায়। বিশ্লেষকরা এটিকে বাংলাদেশের জন্য বিব্রতকর মনে করলেও, পররাষ্ট্রমন্ত্রী এ কে আব্দুল মোমেন বিশ্বাস করেন ভারত বাংলাদেশের জন্য ক্ষতিকর কিছু করবে না। তবে, নরেন্দ্র মোদীর শাসনামলে বিজেপির মুসলিমবিরোধী মনোভাব এবং নাগরিক তালিকা নিয়ে অমিত শাহের মন্তব্য বাংলাদেশের জন্য উদ্বেগ সৃষ্টি করেছে।",21.51,4.4,12.9
news-48796160,বাংলাদেশে বরগুনা সরকারি কলেজের সামনে নেয়াজ রিফাত শরীফ নামে এক যুবককে কুপিয়ে হত্যার জন্য ব্যক্তিগত কারণকেই দায়ী করেছে পুলিশ।,"বরগুনায় প্রকাশ্যে রিফাতকে কুপিয়ে হত্যার ঘটনাটি ব্যক্তিগত কারণে ঘটেছে বলে পুলিশ সুপার জানিয়েছেন, যদিও তিনি কারণটি স্পষ্ট করেননি। এই ঘটনায় ১২ জন এজাহারভুক্ত আসামীর মধ্যে তিনজনকে আটক করা হয়েছে এবং বাকিদের ধরতে অভিযান চলছে। পুলিশ সুপার নিশ্চিত করেছেন যে রিফাতের স্ত্রী মিন্নি এই ঘটনার শিকার এবং তাকে নিয়ে কোনো মন্তব্য করা সমীচীন নয়।",8.33,0.0,8.33
news-56567798,মিশরের সুয়েজ খালের তীরের বালিতে আটকে পড়া এভার গিভেন নামে বিশালাকৃতির মালবাহী জাহাজটিকে সোমবার মুক্ত করা সম্ভব হয়েছে বলে খালের ব্যবস্থাপনা কর্তৃপক্ষ জানিয়েছে।,"সুয়েজ খালে আড়াআড়ি আটকে পড়া বিশালাকার জাহাজ 'এভার গিভেন'কে আংশিকভাবে ভাসানো সম্ভব হলেও, খাল দিয়ে স্বাভাবিক জাহাজ চলাচল কখন পুরোপুরি শুরু হবে তা এখনও অনিশ্চিত। গত মঙ্গলবার থেকে জাহাজটি আটকে থাকায় বিশ্ব বাণিজ্যে মারাত্মক প্রভাব পড়েছে, কারণ সুয়েজ খাল বিশ্বের অন্যতম ব্যস্ততম বাণিজ্য পথ। এই ঘটনার ফলে শত শত জাহাজ আটকা পড়েছে এবং বিশ্ব বাণিজ্যের ১২% নির্ভরশীল এই খালের মাধ্যমে প্রতিদিন প্রায় ১০ লাখ টন জ্বালানি তেল পরিবহন ব্যাহত হচ্ছে, যার ফলে মিশর সহ বিশ্বজুড়ে বিশাল আর্থিক ক্ষতি হচ্ছে।",13.59,3.96,13.59
111021_sm_gaddafi_death,"অগাষ্ট মাসে রাজধানী ত্রিপোলির পতনের পর, সিয়ার্ত-এ গড়ে ওঠে ক্ষমতাচ্যুত নেতা মুয়াম্মার গাদ্দাফির অনুগত বাহিনীর শেষ প্রতিরোধ৻",কর্নেল গাদ্দাফি তার সমর্থকদের শেষ ঘাঁটি ডিস্ট্রিক্ট-২ থেকে বের হওয়ার চেষ্টা করার সময় ফরাসি বিমান হামলায় তার গাড়িবহর বিধ্বস্ত হয়। এরপর তিনি এবং তার কয়েকজন সহযোগী দুটি বড় কনক্রিটের পাইপের ভেতরে আশ্রয় নেন। বিদ্রোহী যোদ্ধারা তাদের খুঁজে বের করে এবং বেলা ১২টার দিকে গুরুতর আহত অবস্থায় গাদ্দাফিকে আটক করে।,2.94,0.0,2.94
news-44439646,আমেরিকার কোনো প্রেসিডেন্ট এবং উত্তরে কোরিয়ার কোনো নেতা মুখোমুখি বসে কথা বলবেন কমাস আগেও তা অকল্পনীয় ছিল।,"ডোনাল্ড ট্রাম্প এবং কিম জং আনের মধ্যে সিঙ্গাপুরে অনুষ্ঠিতব্য বৈঠকটি নিয়ে বিশ্বজুড়ে সংশয় থাকলেও, অনেক বিশ্লেষক আশাবাদী। যদিও দুই নেতার ব্যক্তিত্ব ও ক্ষমতায় আসার প্রেক্ষাপট ভিন্ন, তবে তাদের নিজ নিজ প্রশাসনের ওপর কর্তৃত্ব প্রবল। এই বৈঠক থেকে উত্তর কোরিয়ার পারমাণবিক নিরস্ত্রীকরণের বিষয়ে কোনো ইতিবাচক ফল আসবে কিনা, তা নিয়েই মূল আলোচনা।",11.76,0.0,11.76
news-48488143,ব্রাজিলের ফুটবল তারকা নেইমারের বিরুদ্ধে যৌন হয়রানির অভিযোগ করেছেন প্যারিসের এক নারী।,"ব্রাজিলিয়ান ফুটবলার নেইমারের বিরুদ্ধে প্যারিসের একটি হোটেলে এক নারীকে যৌন হয়রানির অভিযোগ উঠেছে। অভিযোগকারী নারী দাবি করেছেন যে, গত ১৫ই মে নেইমার মাতাল অবস্থায় তার সম্মতি ছাড়াই তাকে যৌনতায় বাধ্য করেন। যদিও নেইমারের বাবা এই অভিযোগকে 'ফাঁদ' বলে অভিহিত করেছেন, নেইমার বা তার প্রতিনিধিরা এখনো এ বিষয়ে কোনো মন্তব্য করেননি।",29.03,10.0,19.35
news-48924515,"ভারতে নাগরিকদের দেহ থেকে সরকারকে ডিএনএ নমুনা সংগ্রহ ও সংরক্ষরণের অনুমতি দেবে, এমন একটি বিল গতকাল সোমবার পার্লামেন্টে পেশ করা হয়েছে।","ভারত সরকার ডিএনএ টেকনোলজি রেগুলেশন বিলের মাধ্যমে জাতীয় নিরাপত্তা ও অপরাধ দমনের কথা বললেও, কংগ্রেস ও মানবাধিকার কর্মীরা এর বিরোধিতা করছেন, কারণ তারা ডিএনএ ডেটার সুরক্ষার অভাব নিয়ে উদ্বিগ্ন। ২০০৩ সাল থেকে এই বিল আনার চেষ্টা চলছে এবং বর্তমান বিজ্ঞান ও প্রযুক্তি মন্ত্রী হর্ষ বর্ধন বলছেন যে, এটি কেবল দোষী সাব্যস্ত অপরাধী, সন্দেহভাজন ব্যক্তি এবং নিখোঁজদের আত্মীয়দের ডিএনএ সংগ্রহ করবে, যা ধর্ম-বর্ণ-জাতি সংক্রান্ত তথ্য প্রকাশ করবে না। ন্যাশনাল ইনভেস্টিগেটিং এজেন্সিও এই বিলের পক্ষে, যা বিশ্বের ৬০টিরও বেশি দেশে প্রচলিত।",9.8,0.0,5.88
news-47685389,আপনি যে পোকাটিকে দেখছেন তার বয়স ৫১ কোটি ৮০ লাখ বছর।,"চীনের ডানশুয়ে নদীর তীরে বিজ্ঞানীরা চিঙজিয়াং বাইওটা নামক হাজার হাজার জীবাশ্ম আবিষ্কার করেছেন, যার মধ্যে কোমল কোষসহ প্রাণীদের অঙ্গপ্রত্যঙ্গও অবিকৃত অবস্থায় রয়েছে। এই আবিষ্কারটি জীবাশ্মবিজ্ঞানে এক যুগান্তকারী ঘটনা, কারণ নরম দেহের প্রাণীদের জীবাশ্ম সাধারণত পাওয়া যায় না এবং অর্ধেকেরও বেশি প্রজাতি পূর্বে অনাবিষ্কৃত ছিল। বিজ্ঞানীরা মনে করছেন, এই জীবাশ্মগুলো প্রাণীর উদ্ভবের গোড়ার দিক সম্পর্কে গুরুত্বপূর্ণ তথ্য দেবে এবং এটি গত ১০০ বছরের মধ্যে সবচেয়ে বড় আবিষ্কার।",0.0,0.0,0.0
news-46411892,আগামী ৩০শে ডিসেম্বরের নির্বাচনে বিএনপির কারাভোগরত চেয়ারপারসন খালেদা জিয়া 'অংশ নিতে পারবেন' - এমন একটা সম্ভাবনা তৈরি হবার ২৪ ঘন্টা পরই আবারো তা নিয়ে গুরুতর অনিশ্চয়তা তৈরি হয়েছে।,"সুপ্রিম কোর্টের এক সিদ্ধান্তে খালেদা জিয়ার নির্বাচনে অংশগ্রহণের সম্ভাবনা বাতিল হয়ে গেছে। এর আগে হাইকোর্ট দুর্নীতির মামলায় বিএনপি নেত্রী সাবিরা সুলতানার ছয় বছরের কারাদণ্ড স্থগিত করলে খালেদা জিয়ার নির্বাচনে অংশগ্রহণের সম্ভাবনা তৈরি হয়েছিল। কিন্তু সরকারের আপিলের প্রেক্ষিতে সুপ্রিম কোর্টের চেম্বার আদালত হাইকোর্টের আদেশ স্থগিত করে পূর্ণ আদালতে পাঠালে পূর্বতন আদেশ বহাল থাকে, যার ফলে দুই বছরের বেশি কারাদণ্ডপ্রাপ্ত ব্যক্তি নির্বাচনে অংশ নিতে পারবেন না।",15.38,6.74,10.99
news-44913425,নিকারাগুয়ায় সরকার বিরোধী বিক্ষোভে গত তিন মাসে নিহত হয়েছেন প্রায় সাড়ে তিনশো মানুষ। সাধারণ মানুষের শান্তিপূর্ণ বিক্ষোভে সরকারের সমর্থকরা হামলা চালানোর ফলেই এসব হতাহতের ঘটনা ঘটছে বলে অভিযোগ রয়েছে।,"নিকারাগুয়ায় তিন মাস ধরে চলা সরকারবিরোধী আন্দোলনে ২৭ বছর বয়সী হোসে পালাসিওসসহ প্রায় সাড়ে তিনশো মানুষ নিহত হয়েছেন, যারা প্রেসিডেন্ট ড্যানিয়েল ওর্তেগার পদত্যাগের দাবিতে বিক্ষোভ করছিলেন। ওর্তেগা নিজে একসময় যে স্বৈরাচারী শাসনের বিরুদ্ধে বিদ্রোহ করে ক্ষমতায় এসেছিলেন, এখন তার বিরুদ্ধেই একই ধরনের অভিযোগ উঠেছে। সান্দিনিস্তা বিদ্রোহের বর্ষপূর্তি অনুষ্ঠানে একদিকে নিহতদের স্বজনদের শোক, অন্যদিকে ওর্তেগা সমর্থকদের অস্ত্র হাতে উল্লাস - এই দুই বিপরীত চিত্র নিকারাগুয়ার বর্তমান অস্থির পরিস্থিতিকে তুলে ধরেছে।",18.56,8.42,14.43
news-50228982,"বর্তমানে পৃথিবীতে যত মানুষ বেঁচে আছে, তাদের আদি বাসস্থান চিহ্নিত করেছেন বিজ্ঞানীরা। তারা বলছেন, বর্তমান পৃথিবীর সব মানুষের এক সময়ের বাসস্থান ছিল জাম্বেজি নদীর দক্ষিণের একটি এলাকায়।","দক্ষিণ আফ্রিকার বতসোয়ানার জাম্বেজি অববাহিকার একটি বিশাল হ্রদ অঞ্চল, যা বর্তমানে লবণের মরুভূমি, সেখানে প্রায় দুই লাখ বছর আগে মানুষের পূর্বপুরুষরা বসবাস করতেন। জলবায়ু পরিবর্তনের ফলে ৭০ হাজার বছর ধরে বসবাসের পর উর্বর করিডোরের খোঁজে তারা সেখান থেকে সরে যেতে শুরু করেন, যা আফ্রিকার বাইরে মানুষের অভিবাসন প্রক্রিয়ার সূচনা করে। যদিও এই গবেষণার ফলাফল নিয়ে অন্য গবেষকদের মধ্যে সংশয় রয়েছে, অধ্যাপক ভেনেসা হেইস দাবি করেন যে লেক মাকগাডিকাগাদি ছিল আধুনিক মানুষের উৎপত্তিস্থল এবং তাদের প্রাথমিক আবাসস্থল।",13.59,0.0,7.77
news-52338728,জনসেবায় দানের সংস্কৃতি ব্রিটেনে বহুদিনের। অনেক স্বল্প আয়ের মানুষও নিয়মিত জনসেবার জন্য পকেট থেকে পয়সা বের করে দেন।,"শতবর্ষী ব্রিটিশ সেনা কর্মকর্তা ক্যাপ্টেন টম মূর তার ১০০তম জন্মদিনের আগে এনএইচএস-এর জন্য তহবিল সংগ্রহের উদ্দেশ্যে নিজের বাগানে ১০০ ল্যাপ হাঁটার পরিকল্পনা করেন। ক্যান্সারের চিকিৎসার সময় এনএইচএস-এর সেবার প্রতি কৃতজ্ঞতা জানাতে তিনি এই উদ্যোগ নেন। তার লক্ষ্য ছিল মাত্র হাজার খানেক পাউন্ড, কিন্তু সাধারণ মানুষের অভূতপূর্ব সাড়া পেয়ে তিনি ২ কোটি ১০ লাখ পাউন্ডেরও বেশি সংগ্রহ করেছেন, যা তাকে রাতারাতি ব্রিটেনে একজন 'এ-লিস্ট' সেলিব্রিটিতে পরিণত করেছে।",4.6,0.0,2.3
news-39614805,"বাংলাদেশের ঢাকায় বাস, মিনিবাসে নানা ধরনের অনিয়ম ঠেকাতে বাস মালিকদের পক্ষ থেকে অভিযান শুরু করা হয়েছে । আর এতে সহায়তা দিচ্ছে সরকার।","সিটিং সার্ভিস বন্ধে ঢাকার রাস্তায় অভিযান চলছে, যার উদ্দেশ্য অতিরিক্ত ভাড়া আদায় ও অনিয়ম বন্ধ করা। ঢাকা সড়ক পরিবহন সমিতি এই অভিযানের নেতৃত্ব দিচ্ছে এবং বিআরটিএ ও পুলিশ তাদের সহযোগিতা করছে। তবে পরিবহন মালিকদের অন্য একটি অংশ এই পদক্ষেপের বিরোধিতা করে অভিযোগ করেছে যে, এটি ক্ষুদ্র বিনিয়োগকারীদের প্রতারিত করছে এবং এর পেছনে চাঁদা আদায়ের উদ্দেশ্য রয়েছে।",12.99,0.0,7.79
news-49663506,সৌদি ভিন্নমতাবলম্বী সাংবাদিক জামাল খাসোগজিকে হত্যার আগে এক সৌদি ফরেনসিক বিশেষ তাকে 'কোরবানির পশু' বলে বর্ণনা করেছিল।,"তুর্কি পত্রিকা সাবাহ্-এর প্রতিবেদন অনুযায়ী, সাংবাদিক জামাল খাসোগজিকে ইস্তাম্বুলের সৌদি কনস্যুলেটের ভেতরে সৌদি আরব থেকে আসা একটি 'ঘাতক দল' হত্যা করে। মৃত্যুর পূর্বে খাসোগজি ঘাতকদের তার মুখ না বাঁধার অনুরোধ করেছিলেন, যা একটি অডিও রেকর্ডিংয়ে ধরা পড়েছে বলে পত্রিকাটি দাবি করেছে। এই ঘটনাটি গত বছর বিশ্বজুড়ে তোলপাড় সৃষ্টি করেছিল এবং সৌদি সরকার বরাবরই হত্যাকাণ্ডে তাদের জড়িত থাকার কথা অস্বীকার করে আসছে।",17.72,5.19,15.19
news-49086556,ভারতের প্রধানমন্ত্রী নরেন্দ্র মোদী তাকে বিতর্কিত কাশ্মীর ইস্যুতে মধ্যস্থতা করার অনুরোধ জানিয়েছেন - মার্কিন প্রেসিডেন্ট ডোনাল্ড ট্রাম্পের এই ঘোষণা ভারতকে চরম বিব্রতকর অবস্থায় ফেলে দিয়েছে।,"জি-২০ শীর্ষ সম্মেলনের সময় মার্কিন প্রেসিডেন্ট ট্রাম্পের কাশ্মীর ইস্যুতে মধ্যস্থতার প্রস্তাব নিয়ে ভারতের প্রধানমন্ত্রী মোদীর অনুরোধের দাবি ভারত জোরালোভাবে অস্বীকার করেছে। ভারতের পররাষ্ট্রমন্ত্রী এস জয়শঙ্কর পার্লামেন্টে স্পষ্ট জানিয়েছেন যে মোদী এমন কোনো অনুরোধ করেননি এবং কাশ্মীর সমস্যা দ্বিপাক্ষিক আলোচনার মাধ্যমেই সমাধান হবে। তবে, ভারতের বিরোধী দলগুলো এই বিষয়ে মোদীর নিজের মুখ থেকে ব্যাখ্যা দাবি করছে, কারণ ভারত বরাবরই কাশ্মীর ইস্যুতে তৃতীয় পক্ষের হস্তক্ষেপের বিরোধিতা করে আসছে।",24.18,6.74,10.99
news-44667674,"যুক্তরাষ্ট্রে এক নতুন গবেষণায় বলা হচ্ছে, বায়ু দূষণের সঙ্গে ডায়াবেটিসের ঝুঁকি বাড়ার বেশ গুরুত্বপূর্ণ সম্পর্ক আছে।","ওয়াশিংটন ইউনিভার্সিটির স্কুল অব মেডিসিনের বিজ্ঞানীরা জানিয়েছেন, ২০১৬ সালে বিশ্বে প্রতি সাতটি নতুন ডায়াবেটিস কেসের একটির পেছনে ছিল বাইরের বায়ু দূষণ, যার ফলে ৩২ লাখ মানুষ ডায়াবেটিসে আক্রান্ত হন। বিজ্ঞানীরা বলছেন, বায়ু দূষণ ইনসুলিন কমিয়ে দেয়, যার ফলে শরীর ব্লাড গ্লুকোজকে শক্তিতে রূপান্তরিত করতে পারে না। এতদিন স্থূলতাকে ডায়াবেটিসের প্রধান কারণ মনে করা হলেও, এখন বায়ু দূষণকেও একটি গুরুত্বপূর্ণ কারণ হিসেবে দেখা হচ্ছে।",12.66,0.0,10.13
news-56676991,লন্ডনে মিয়ানমারের রাষ্ট্রদূতকে দূতাবাস থেকে বের করে দেওয়ার পর বুধবার তিনি ভবনের বাইরে রাস্তায় তার গাড়িতে রাত কাটিয়েছেন।,"লন্ডনে মিয়ানমারের রাষ্ট্রদূত জ জোয়া মিনকে দূতাবাস থেকে জোরপূর্বক বের করে দেওয়া হয়েছে এবং তার পদ থেকেও বরখাস্ত করা হয়েছে। মিয়ানমারে সামরিক অভ্যুত্থানের সমালোচনা এবং অং সান সু চির মুক্তির দাবি জানানোর কারণে তাকে এই পরিস্থিতির সম্মুখীন হতে হয়েছে। জ জোয়া মিন এই ঘটনাকে ""লন্ডনের কেন্দ্রে অভ্যুত্থান"" হিসেবে অভিহিত করেছেন এবং ব্রিটিশ সরকারের কাছে সামরিক জান্তার নিয়োগ করা নতুন রাষ্ট্রদূতকে স্বীকৃতি না দেওয়ার আহ্বান জানিয়েছেন।",21.69,7.41,16.87
news-53980934,করোনাভাইরাস মহামারি মোকাবেলায় তাইওয়ানের কাছ থেকে উপহার গ্রহণ করার প্রেক্ষাপটে বাংলাদেশের পররাষ্ট্র মন্ত্রণালয়ে টেলিফোন করে নিজেদের দুঃখ পাওয়ার কথা জানিয়েছে চীন।,চীন বাংলাদেশে তাদের প্রভাব বাড়াতে জোর প্রচেষ্টা চালাচ্ছে এবং সম্প্রতি তাইওয়ানের একটি অনুষ্ঠানে বাংলাদেশের মন্ত্রীদের অংশগ্রহণে তারা অসন্তোষ প্রকাশ করেছে। জবাবে বাংলাদেশ চীনকে আশ্বস্ত করেছে যে তারা 'এক চীন নীতি'তে বিশ্বাসী এবং তাইওয়ানের সাথে তাদের কোনো আনুষ্ঠানিক যোগাযোগ নেই। বাংলাদেশের পররাষ্ট্র মন্ত্রণালয় জানিয়েছে যে মন্ত্রীদের অংশগ্রহণ ছিল একটি বেসরকারি প্রতিষ্ঠানের আয়োজনে এবং এ বিষয়ে চীনের দূতাবাসকেও অবহিত করা হয়েছে।,12.35,2.53,9.88
news-44094530,বাংলাদেশে সরকারি চাকরিতে কোটা বাতিল নিয়ে আন্দোলনরত শিক্ষার্থীরা বলছে সিদ্ধান্ত ঘোষণার একমাস পরেও প্রধানমন্ত্রীর ঘোষণা প্রজ্ঞাপন আকারে জারি না হওয়ার বিষয়টি হতাশাজনক।,"কোটা বাতিলের দাবিতে শিক্ষার্থীদের আন্দোলনের মুখে প্রধানমন্ত্রী কোটা বাতিলের ঘোষণা দিলেও, এখনো তা কার্যকর না হওয়ায় শিক্ষার্থীরা সন্দেহ প্রকাশ করে ক্লাস-পরীক্ষা বর্জনের ডাক দিয়েছেন। জাহাঙ্গীরনগর বিশ্ববিদ্যালয়ের অধ্যাপক শামীমা সুলতানা মনে করেন, এটি সরকারের একটি কৌশল হতে পারে, কারণ সামনে নির্বাচন এবং কোটা বাতিল হলে দুই পক্ষের মধ্যে সংঘাতের আশঙ্কা থাকতে পারে। তবে, প্রধানমন্ত্রীর রাজনৈতিক উপদেষ্টা এইচ টি ইমাম বলেছেন, প্রধানমন্ত্রী ৭ই মের মধ্যে প্রজ্ঞাপন জারির কথা বলেননি।",15.56,2.27,8.89
news-57294473,"স্বাধীনতার পর থেকেই আফ্রিকার দেশগুলোতে নিয়মিতভাবে ক্যু বা সামরিক অভ্যুত্থান ঘটে আসছে। পরিস্থিতি নিয়ন্ত্রণে সেনাবাহিনী তার ক্ষমতা ব্যবহার করছে, মালির সাম্প্রতিক অভ্যুত্থান তারই সর্ব-সম্প্রতি উদাহরণ। সে দেশে এক বছরের মধ্যে দু'বার সেনা অভ্যুত্থান ঘটেছে।","আফ্রিকায় সামরিক অভ্যুত্থানের ঘটনা ক্রমশ বাড়ছে, যেখানে ১৯৫০ সাল থেকে ২০০ বারের বেশি অভ্যুত্থানের চেষ্টা হয়েছে এবং এর মধ্যে অর্ধেক সফল হয়েছে। অনেক সময় অভ্যুত্থানকারীরা তাদের কাজকে অভ্যুত্থান বলতে রাজি হন না, যেমন জিম্বাবুয়েতে রবার্ট মুগাবের ক্ষমতাচ্যুতির ঘটনায় দেখা গেছে। চাদেও ইদ্রিস ডেবির মৃত্যুর পর তার ছেলেকে ক্ষমতায় বসানোকে বিরোধীরা 'পরিবারতন্ত্রের ক্যু' হিসেবে আখ্যায়িত করেছে, যা বৈধতা পাওয়ার জন্য অভ্যুত্থানকারীদের কৌশল হিসেবে বিবেচিত।",12.12,0.0,6.06
news-45256616,"সানি লিওনের জীবনীর ওপরে নির্ভর করে তৈরী ওয়েব-সিরিজ 'করণজিৎ কৌর'-এর ট্রেলারে একটা দৃশ্য আছে, যেখানে এক সাংবাদিক তাঁকে প্রশ্ন করছেন, ""একজন যৌনকর্মী এবং একজন পর্ণস্টারের মধ্যে ফারাকটা ঠিক কী?""","সানি লিওন বিবিসিকে দেওয়া এক সাক্ষাৎকারে জানিয়েছেন যে তিনি সময়ের সাথে অনেক বদলে গেছেন, যদিও মানুষ এখনও তাকে তার অতীত পেশার সঙ্গে মিলিয়ে দেখে। তিনি মনে করেন, তার অতীত জীবন নিয়ে মানুষের মনে যে প্রশ্ন আছে, তার উত্তর দেওয়া উচিত। সানি লিওন আশা করেন যে মানুষ তার এই পরিবর্তিত রূপকে বুঝতে পারবে এবং তিনি এখন বলিউডে চরিত্রাভিনেত্রী হিসেবে কাজ করছেন।",13.19,0.0,8.79
news-48088815,"বাংলাদেশের চট্টগ্রামে এক ছাত্রীকে হাত-পা বেঁধে ধর্ষণের অভিযোগ ওঠা কোচিং সেন্টার মালিক র‍্যাবের সঙ্গে গুলি বিনিময়ে নিহত হয়েছেন, বলছে আইন-শৃঙ্খলা রক্ষাকারী বাহিনী।","চট্টগ্রামের লোহাগাড়ায় এক ছাত্রীকে হাত-পা বেঁধে ধর্ষণের অভিযোগে অভিযুক্ত কোচিং সেন্টার মালিক র‍্যাবের সঙ্গে গুলিবিনিময়ে নিহত হয়েছেন। পুলিশ জানিয়েছে, গত ১২ই এপ্রিল ওই শিক্ষক ছাত্রীর বাসায় গিয়ে তাকে ধর্ষণ করেন এবং পরে ছাত্রীর মা মামলা করলে তিনি পালিয়ে যান। এর আগেও বাংলাদেশে আলোচিত কয়েকটি ধর্ষণ মামলার অভিযুক্তদের আইন-শৃঙ্খলা বাহিনীর সঙ্গে 'বন্দুকযুদ্ধে' নিহত হওয়ার ঘটনা ঘটেছে।",38.55,29.63,38.55
news-48475560,"বাংলাদেশের পুলিশ বলছে, সে দেশে মাদক ইয়াবা সাম্রাজ্যের অন্যতম গডফাদার সাইফুল করিম কথিত বন্দুকযুদ্ধে নিহত হয়েছেন।","সাইফুল করিম, যিনি একসময় সেরা করদাতা ছিলেন এবং টেকনাফ স্থলবন্দরের মাধ্যমে ইয়াবা ব্যবসা শুরু করে মাদক সাম্রাজ্যের অধিপতি হয়েছিলেন, নয় মাস বিদেশে পালিয়ে থাকার পর দেশে ফিরলে পুলিশ তাকে গ্রেফতার করে। এরপর বৃহস্পতিবার গভীর রাতে টেকনাফ স্থলবন্দরের কাছে নাফ নদীর পাড়ে তিনি নিহত হন। পুলিশ জানিয়েছে, এই ঘটনাটি স্বরাষ্ট্র মন্ত্রণালয়সহ একাধিক গোয়েন্দা সংস্থার শীর্ষ তালিকায় থাকা আসামীর মৃত্যু।",21.62,2.78,8.11
news-49440609,ডেঙ্গু নিয়ে সতর্ক করতে ও মানুষের মধ্যে আতঙ্ক কাটাতে গণমাধ্যম ও সামাজিক যোগাযোগ মাধ্যমে ঈদ উল আযহার আগে থেকেই বিজ্ঞাপন প্রচার শুরু করেছিলো ঢাকা উত্তর সিটি কর্পোরেশন।,"২০১৯ সালের জুলাই মাস থেকে ডেঙ্গু জ্বরের প্রকোপ মারাত্মক আকার ধারণ করে, যেখানে ঢাকার হাসপাতালগুলো রোগীতে ভরে যায় এবং মশা প্রতিরোধী সামগ্রীর দাম বৃদ্ধি পায়। ৭ই আগস্ট একদিনেই প্রায় আড়াই হাজার নতুন রোগী শনাক্ত হয়, যা সরকারি হিসেবে সব রেকর্ড ভেঙে দেয় এবং ২২শে আগস্ট পর্যন্ত মোট আক্রান্তের সংখ্যা প্রায় ৬০ হাজারে পৌঁছায়। এই পরিস্থিতিতে সাধারণ মানুষের মধ্যে ব্যাপক ভয় ও আতঙ্ক ছড়িয়ে পড়ে, বিশেষ করে শিশুদের স্কুলে পাঠানো নিয়ে অভিভাবকরা উদ্বিগ্ন হয়ে পড়েন এবং ঈদের আগে ও পরে হাসপাতালগুলোতে রোগীর ভিড় বাড়ে।",12.73,1.85,9.09
news-50717116,প্রতিবেশী বাংলাদেশে সংখ্যালঘুদের ওপর নির্যাতন না-থামাটাই নাগরিকত্ব সংশোধনী বিল আনার অন্যতম প্রধান কারণ বলে ভারতের সরকার আজ পার্লামেন্টে দাবি করেছে।,"নাগরিকত্ব সংশোধনী বিলের বিরুদ্ধে আসামে ব্যাপক বিক্ষোভ চলছে। এই বিলটি বাংলাদেশ, পাকিস্তান ও আফগানিস্তান থেকে আসা অমুসলিমদের নাগরিকত্ব দেওয়ার লক্ষ্যেই আনা হয়েছে। স্বরাষ্ট্রমন্ত্রী অমিত শাহ লোকসভায় বিলটি পেশ করার সময় বলেন, এই দেশগুলোর রাষ্ট্রধর্ম ইসলাম হওয়ায় সেখানে অন্য ধর্মের মানুষরা নিপীড়িত হচ্ছেন এবং বাংলাদেশ থেকে আসা হিন্দু-বৌদ্ধরাও এই বিলের সুবিধা পাবেন। বিরোধী দলগুলো এই বিলের তীব্র বিরোধিতা করছে এবং প্রশ্ন তুলছে যে শ্রীলঙ্কার তামিল শরণার্থী বা মিয়ানমারের রোহিঙ্গারা কেন নাগরিকত্ব থেকে বঞ্চিত হবেন।",4.21,2.15,4.21
news-51308049,বাংলাদেশে ঢাকার দু'টি সিটি করপোরেশন নির্বাচনের আগ মুহুর্তে বহিরাগতদের বিরুদ্ধে পুলিশ র‍্যাবের বিশেষ অভিযান নিয়ে ক্ষোভ প্রকাশ করেছে বিরোধীদল বিএনপি।,"সিটি কর্পোরেশন নির্বাচনের আগে পুলিশ ও র‍্যাবের বিশেষ অভিযান নিয়ে বিরোধী দল বিএনপি নির্বাচন কমিশনে ক্ষোভ প্রকাশ করেছে, তাদের অভিযোগ এই অভিযান বিরোধী নেতা-কর্মীদের লক্ষ্য করে চালানো হচ্ছে। ক্ষমতাসীন আওয়ামী লীগ এই অভিযোগ অস্বীকার করেছে এবং উভয় দলই একে অপরের বিরুদ্ধে ঢাকায় সন্ত্রাসী জড়ো করার অভিযোগ তুলেছে। আইন শৃঙ্খলা রক্ষাকারী বাহিনী ঢাকাবাসী নন এমন বহিরাগতদের ঢাকায় অবস্থান না করার পরামর্শ দিয়েছে এবং অভিযান অব্যাহত রাখার কথা জানিয়েছে, যেখানে প্রথম দিনেই দেড় শতাধিক আটক হয়েছে বলে বিএনপি অভিযোগ করেছে।",27.45,12.0,23.53
news-44466636,মার্কিন প্রেসিডেন্ট ডোনাল্ড ট্রাম্পের সাথে উত্তর কোরিয়ার নেতা কিম জং-আনের বৈঠককে বলা হচ্ছে ঐতিহাসিক ঘটনা। সিঙ্গাপুরে এই প্রথম দুটো দেশের নেতারা বৈঠক করলেন।,"উত্তর কোরিয়ার সাথে যুক্তরাষ্ট্রের ঐতিহাসিক আলোচনায় কী অর্জিত হয়েছে, তা নিয়ে বিশ্লেষকদের মধ্যে নানা প্রশ্ন দেখা দিয়েছে। আলোচনার কিছু বিষয়, যেমন ট্রাম্পের উত্তর কোরিয়ার সমুদ্র সৈকত নিয়ে মন্তব্য এবং ফটোসেশনের সময় তার কৌতুকপূর্ণ ভঙ্গি, ব্যাপক আলোচনার জন্ম দিয়েছে। বিশেষ করে, ট্রাম্পের সমুদ্র সৈকতে বিলাসবহুল বাড়ি তৈরির সম্ভাবনার কথা বলা এবং তার নাগরিকদের উত্তর কোরিয়ায় না যাওয়ার পরামর্শের মধ্যে একটি বৈপরীত্য দেখা গেছে।",13.95,2.38,9.3
news-49387185,"প্যারিসের পূর্বাঞ্চলে এক রেস্তোঁরায় একজন খদ্দেরের গুলিতে নিহত হয়েছেন এক ওয়েটার। খবরে বলা হচ্ছে, ওই খদ্দেরের অর্ডার করা স্যান্ডউইচ ওয়েটার যথেষ্ট দ্রুত তৈরি করতে না পারায় খদ্দের কার্যত রেগে গিয়ে তাকে গুলি করেছেন।",প্যারিসের নইসি-লেঘ্রঁ এলাকায় একটি রেস্তোরাঁয় খাবার পরিবেশনে দেরি হওয়ায় এক খদ্দের ২৮ বছর বয়সী ওয়েটারকে গুলি করে হত্যা করেছে। ওয়েটারকে ঘাড়ে গুলি করা হয় এবং ঘটনাস্থলেই তার মৃত্যু হয়; ঘাতক খদ্দের পলাতক রয়েছে। এই ঘটনায় স্থানীয় বাসিন্দারা স্তম্ভিত এবং তারা এলাকায় অপরাধ বৃদ্ধির বিষয়ে উদ্বেগ প্রকাশ করেছেন।,14.81,0.0,12.35
news-49474607,প্রতিবেশির হাতে ধর্ষণের শিকার হয়েছিলো নয় বছর বয়সী রাকিব (ছদ্মনাম)। এরপর থেকেই তার আচরণ অস্বাভাবিক হয়ে যায়। সারাদিন চুপচাপ থাকে। অপরিচিত কাউকে দেখলেই ভয় পায়।,"অনেক পুরুষই পরিণত বয়সে এসে শৈশবের যৌন নির্যাতনের কথা প্রকাশ করছেন, যেমন রাকিবের ঘটনা যেখানে এক প্রতিবেশী তাকে খাবারের লোভ দেখিয়ে নির্যাতন করে। রাকিবের বাবা জানান, তারা ছেলের বিপদ সম্পর্কে সচেতন ছিলেন না এবং প্যান্টে রক্ত দেখে ঘটনাটি জানতে পারেন। এই ধরনের ঘটনায় অনেকেই মুখ খুলতে ভয় পান, যেমন সুমন আহমেদ ১৫ বছর ধরে তার নির্যাতনের কথা গোপন রেখেছিলেন।",7.14,0.0,4.76
news-43193746,শনিবার জাতিসংঘ নিরাপত্তা পরিষদে যুদ্ধবিরতির সিদ্ধান্ত হওয়ার কয়েক ঘন্টা পরেও বিদ্রোহী অধ্যূষিত অঞ্চলে সেনা আক্রমণ চালিয়েছে সিরিয়া।,"সিরিয়ার পূর্ব ঘুটায় সরকারি বাহিনীর বোমা হামলায় গত এক সপ্তাহে ৫০০ জনের বেশি মানুষ নিহত হয়েছে। জাতিসংঘের নিরাপত্তা পরিষদ ৩০ দিনের যুদ্ধবিরতি ঘোষণা করলেও, সিরীয় বাহিনী বিদ্রোহী অধ্যুষিত এলাকায় হামলা চালিয়েছে এবং রাসায়নিক অস্ত্র ব্যবহারের অভিযোগ উঠেছে। ফ্রান্স ও জার্মানি রাশিয়াকে যুদ্ধবিরতি কার্যকর করতে চাপ দিলেও, রাশিয়া ও সিরিয়া ইসলামী জঙ্গিদের বিরুদ্ধে অভিযান চালিয়ে যাওয়ার অধিকার রাখে।",10.81,0.0,10.81
news-42339323,"ইউটিউবে খেলনা দেখিয়ে রায়ান যতটা মজা করতে পারে, তা দেখে হিংসা হবে যে কোন ছেলের। আর তার ব্যাংক ব্যালান্স দেখে ঈর্ষান্বিত হবে যে কোন প্রাপ্তবয়স্ক মানুষ।","ছয় বছর বয়সী রায়ান, ইউটিউবে খেলনার মোড়ক খুলে এবং সেগুলোর সাথে খেলে বছরে এক কোটি দশ লাখ ডলার আয় করে বিশ্বের অন্যতম সর্বোচ্চ উপার্জনকারী ইউটিউব স্টার। তার চ্যানেল 'রায়ান টয়'স রিভিউ' ২০১৫ সাল থেকে ১৭০০ কোটি বারের বেশি দেখা হয়েছে, যেখানে তার স্বতঃস্ফূর্ততা দর্শকদের কাছে জনপ্রিয়। রায়ানের পরিচয় রহস্যময় হলেও, তার বাবা-মা দাবি করেন যে তিন বছর বয়সে রায়ান নিজেই এই ইউটিউব চ্যানেল তৈরির ধারণা দিয়েছিল।",8.51,0.0,8.51
news-46354210,বাংলাদেশে সংসদ নির্বাচনকে সামনে রেখে সরকারী বিরোধী দলের মনোনয়ন তালিকায় এবার বেশ কিছু তরুণ প্রার্থী রয়েছেন।,"শেখ সারহান নাসের তন্ময়, যিনি শেখ পরিবারের সদস্য, বাগেরহাট থেকে আওয়ামী লীগের মনোনয়ন পেয়েছেন এবং মনোনয়নের আগে থেকেই সামাজিক যোগাযোগ মাধ্যমে ব্যাপক জনপ্রিয়তা লাভ করেছেন। বিশেষ করে তরুণীদের মধ্যে তিনি 'ক্রাশ' বা 'নায়ক' হিসেবে পরিচিতি পেয়েছেন। তিনি তরুণ প্রজন্মের প্রতিনিধি হিসেবে সুন্দর বাংলাদেশের স্বপ্ন দেখেন এবং ইতিবাচক মন্তব্যকারীদের প্রতি কৃতজ্ঞতা প্রকাশ করেছেন।",5.88,0.0,5.88
news-40843272,বাংলাদেশের হাইকোর্ট পুরনো ঢাকায় আততায়ীদের হাতে নিহত দর্জি দোকানের কর্মী বিশ্বজিৎ দাস হত্যা মামলায় ছাত্রলীগের ছয় জন নেতাকর্মীকে মৃত্যুদণ্ড থেকে রেহাই দিয়েছে।,"২০১২ সালে বিশ্বজিৎ দাস হত্যা মামলায় নিম্ন আদালতের আট আসামীর মৃত্যুদণ্ড হাইকোর্ট কমিয়ে দু'জনের মৃত্যুদণ্ড বহাল রেখেছে এবং ছয়জনকে রেহাই দিয়েছে। এই রায়ে বিশ্বজিতের পরিবার হতাশ ও ক্ষুব্ধ, কারণ তারা মনে করেন সরকার চাইলে সুষ্ঠু বিচার হতে পারতো। হাইকোর্ট তদন্তকারী কর্মকর্তার গাফিলতি এবং ময়নাতদন্তে আঘাতের বিস্তারিত তথ্য না আসার বিষয়টি উল্লেখ করেছে।",21.33,10.96,18.67
news-49007806,শিশু ফারজানা ফাইজার বয়স ১৪ মাস হয়েছে মাত্র। ডেঙ্গু রোগে আক্রান্ত হয়ে গত পাঁচ দিন ধরে ঢাকার একটি হাসপাতালে ভর্তি আছে এই শিশুটি।,"বিশেষজ্ঞরা মশার কামড় থেকে বাঁচতে দিনের বেলাতেও মশারি ব্যবহারের পরামর্শ দিচ্ছেন, কারণ এবারের বর্ষা মৌসুমে ডেঙ্গু রোগীর সংখ্যা রেকর্ড পরিমাণ বেড়েছে। সামিয়া রহমানের মতো অনেক অভিভাবকই সন্তানের ডেঙ্গু আক্রান্ত হওয়ায় সিটি কর্পোরেশনের মশা নিয়ন্ত্রণে ব্যর্থতাকে দায়ী করছেন। স্বাস্থ্য অধিদপ্তরের তথ্য অনুযায়ী, চলতি বছর ৪২৪৭ জন ডেঙ্গু রোগী হাসপাতালে ভর্তি হয়েছেন, যার মধ্যে জুন থেকে ১২ই জুলাই পর্যন্ত ৩৬৪৭ জন; তবে প্রকৃত আক্রান্তের সংখ্যা আরও বেশি বলে মনে করছেন বিশেষজ্ঞরা।",8.7,2.22,8.7
news-47765086,বনানীর এফ আর টাওয়ারে আগুন লাগার পর প্রায় চার ঘণ্টা চেষ্টার পরে আগুন আয়ত্তে আনে দমকল বিভাগ। পুরোপুরি আগুন নেভাতে সময় লাগে আরো কয়েক ঘণ্টা।,"বনানীর এফ আর টাওয়ারে আগুন লাগার ঘটনায় ২৬ জন নিহত হয়েছেন, যেখানে আগুন নেভাতে প্রায় চার ঘণ্টা সময় লেগেছিল। দেরির প্রধান কারণ ছিল পানির অভাব এবং সিনথেটিক ফাইবার ব্যবহার করে সাজানো অফিসগুলো, যা আগুন দ্রুত ছড়াতে সাহায্য করে। এই ঘটনায় দমকল বাহিনী, সেনাবাহিনী, নৌবাহিনী ও বিমান বাহিনীসহ স্থানীয়রাও উদ্ধারকাজে অংশ নেয়।",36.84,21.62,28.95
news-43940544,জাপানে সুমো কুস্তির কর্তৃপক্ষ 'শুধুমাত্র পুরুষদের' এই খেলা সম্পর্কে গুরুত্বপূর্ণ একটি সিদ্ধান্ত স্থগিত করেছে।,"জাপানে সুমো কুস্তি শত শত বছর ধরে প্রচলিত একটি ঐতিহ্যবাহী খেলা, যেখানে নারীদের ""অপরিষ্কার"" মনে করে রিং-এ প্রবেশ বা অংশগ্রহণের অনুমতি নেই। সম্প্রতি, একজন অসুস্থ মেয়রকে সাহায্য করতে রিং-এ প্রবেশ করা নারীদের সরিয়ে দেওয়া এবং পরে রিং-এ লবণ ছিটানোর ঘটনা তীব্র সমালোচনার জন্ম দিয়েছে। জাপান সুমো অ্যাসোসিয়েশন এই বিষয়ে সিদ্ধান্ত নিতে ব্যর্থ হয়েছে এবং নারী-পুরুষের সমতার বিষয়টি আবারও সামনে এসেছে।",15.38,2.63,10.26
news-46328855,"১৯৯২ সালের ৬ডিসেম্বর যা ঘটেছিল, তারই পুনরাবৃত্তি হবে না তো রবিবার? - এই আশঙ্কাতেই ভুগছেন উত্তরপ্রদেশের অযোধ্যার মানুষ।","অযোধ্যায় রামমন্দির নির্মাণের দাবিতে কট্টর হিন্দু সংগঠন শিবসেনা ও বিশ্ব হিন্দু পরিষদ পৃথক সমাবেশ ডেকেছে, যেখানে লক্ষাধিক মানুষের সমাগম হতে পারে। এই পরিস্থিতিতে ১৯৯২ সালের ঘটনার পুনরাবৃত্তির আশঙ্কায় স্থানীয় বাসিন্দারা ভীত, অনেকেই নারী ও শিশুদের অন্যত্র পাঠিয়ে দিচ্ছেন এবং ঘরে খাবার মজুত করছেন। অপ্রীতিকর পরিস্থিতি এড়াতে লক্ষাধিক নিরাপত্তা কর্মী মোতায়েন করা হলেও, অতীতের অভিজ্ঞতার কারণে স্থানীয়দের মধ্যে উদ্বেগ কাটছে না।",10.39,2.67,7.79
news-52197219,২০ বছরেরও বেশি সময় ধরে ভারতে আত্মগোপনে ছিলেন বাংলাদেশের প্রতিষ্ঠাতা রাষ্ট্রপতি শেখ মুজিবুর রহমানের হত্যাকাণ্ডের ঘটনায় মৃত্যুদণ্ডপ্রাপ্ত আব্দুল মাজেদ।,১৯৭৫ সালের ১৫ই আগস্ট বঙ্গবন্ধু শেখ মুজিবুর রহমান হত্যাকাণ্ডের মৃত্যুদণ্ডপ্রাপ্ত আসামি আব্দুল মাজেদকে মঙ্গলবার ভোরে মিরপুরের গাবতলি থেকে গ্রেপ্তার করা হয়েছে। গ্রেপ্তারের পর তিনি জানান যে গত ২০-২২ বছর ধরে তিনি ভারতে আত্মগোপনে ছিলেন এবং গত ১৫-১৬ মার্চ তিনি বাংলাদেশে প্রবেশ করেন। পুলিশ ইন্টারপোলের মাধ্যমে তার বাংলাদেশে প্রবেশের খবর পেয়ে তাকে ট্র্যাক করে গ্রেপ্তার করে এবং পরে তাকে সিএমএম আদালতে হাজির করা হয়।,23.81,7.32,11.9
news-54933566,যুক্তরাষ্ট্রের প্রেসিডেন্ট নির্বাচনে জো বাইডেনের বিজয়ের পর কিছুদিন নীরব থাকলেও অবশেষে সম্ভাব্য ভবিষ্যৎ মার্কিন প্রেসিডেন্টকে অভিনন্দন জানিয়েছে চীন।,"চীন ও রাশিয়া এখনো জো বাইডেনকে আনুষ্ঠানিকভাবে অভিনন্দন জানায়নি, যদিও চীনের পররাষ্ট্র মন্ত্রণালয় বাইডেন ও হ্যারিসকে অভিনন্দন জানিয়েছে এবং আমেরিকার জনগণের পছন্দকে সম্মান করার কথা বলেছে। অন্যদিকে, রাশিয়া নির্বাচনের আনুষ্ঠানিক ফলাফলের জন্য অপেক্ষা করার কথা জানিয়েছে। এই পরিস্থিতিতে, বাণিজ্য ও অন্যান্য ইস্যুতে দুই দেশের মধ্যে অস্থিরতা বাড়ায় জো বাইডেন ও শি জিনপিংয়ের মধ্যে ফোনালাপের সম্ভাবনা নিয়ে প্রশ্ন উঠেছে।",7.89,0.0,5.26
news-46541363,"""দ্যা গার্ডিয়ান্স এন্ড দ্য ওয়ার অন ট্রুথ।"" যুক্তরাষ্ট্রের বিখ্যাত টাইম সাময়িকী ২০১৮ সালে যাদের বছরের আলোচিত চরিত্র বলে বাছাই করেছে তাদের এভাবেই বর্ণনা করেছে। এরা সবাই বিশ্বের বিভিন্ন দেশে নিপীড়ন-নির্যাতনের শিকার হওয়া সাংবাদিক।","টাইম ম্যাগাজিন তাদের বিশেষ সংখ্যায় নিপীড়িত সাংবাদিকদের তালিকায় বাংলাদেশের আলোকচিত্রী শহিদুল আলমকে অন্তর্ভুক্ত করেছে। শহিদুল আলম মনে করেন, তার মতো আরও অনেকে যদি মুখ খুলতো, তাহলে তাকে হয়তো আলাদাভাবে চিহ্নিত করা হতো না। তিনি আরও বলেন, বাংলাদেশে চলমান ক্রান্তিকালে তার মতো একজন ভিন্নমতের কণ্ঠস্বর আরও বেশি গুরুত্ব পাচ্ছে, কারণ অনেকেই চুপ করে আছেন।",6.9,0.0,6.9
news-48230828,যুক্তরাষ্ট্র আর ইরানের মধ্যে উত্তেজনা বাড়তে থাকার মধ্যেই খবর পাওয়া যাচ্ছে যে চারটি আমেরিকান বি-৫২ বোমারু বিমান কাতারে অবস্থিত মার্কিন সামরিক ঘাঁটিতে এসে নেমেছে।,"মার্কিন যুক্তরাষ্ট্র মধ্যপ্রাচ্যে বি-৫২ বোমারু বিমান ও একটি বিমানবাহী জাহাজ পাঠিয়েছে, কারণ তারা দাবি করছে যে ইরান মার্কিন সৈন্যদের উপর হামলার প্রস্তুতি নিচ্ছে। ইরান এই অভিযোগ অস্বীকার করেছে এবং এটিকে 'মিথ্যে গোয়েন্দা তথ্য' বলে অভিহিত করেছে। যদিও আমেরিকা যুদ্ধ চায় না বলে দাবি করছে, তবে ইরানের ক্ষমতাসীনদের উৎখাত করার বিষয়ে তাদের আগ্রহ স্পষ্ট।",20.25,7.79,15.19
news-46969032,গত সপ্তাহেই এক তরুণীর হত্যাকাণ্ডের খবরে দারুণ ধাক্কা খেয়েছিলো অস্ট্রেলিয়ার মানুষ।,"মেলবোর্নে ২১ বছর বয়সী ইসরায়েলি আরব তরুণী আয়া মাসারভির হত্যাকাণ্ড অস্ট্রেলিয়ায় নারী সহিংসতার বিষয়ে ব্যাপক ক্ষোভ ও বিতর্কের জন্ম দিয়েছে। তার পরিবার অস্ট্রেলিয়াকে নিরাপদ মনে করলেও, দেশটিতে প্রতি তিনজন নারীর একজন শারীরিক নির্যাতনের শিকার হন এবং প্রতি সপ্তাহে গড়ে একজন নারী তার বর্তমান বা প্রাক্তন সঙ্গীর হাতে খুন হন। এই ঘটনা অস্ট্রেলিয়ায় নারীর বিরুদ্ধে সহিংসতাকে একটি মারাত্মক সমস্যা হিসেবে তুলে ধরেছে, যা জাতীয় আলোচনার বিষয় হয়ে দাঁড়িয়েছে।",0.0,0.0,0.0
news-43641725,"রুশ সেনাবাহিনীর সাবেক একজন শীর্ষ জেনারেল বিবিসিকে বলেছেন, ব্রিটেনে একজন সাবেক রুশ গুপ্তচরের ওপর নার্ভ এজেন্ট প্রয়োগের ঘটনা নিয়ে রাশিয়ার সাথে পশ্চিমের যুদ্ধ লেগে যেতে পারে এবং তা হবে 'সর্বশেষ যুদ্ধ'।","জেনারেল ইয়েভগেনি বুজনিস্কি সতর্ক করেছেন যে রাশিয়া ও পশ্চিমা দেশগুলির মধ্যে সম্পর্ক এতটাই খারাপ হয়েছে যে এটি মানব ইতিহাসের শেষ যুদ্ধের কারণ হতে পারে, যা শীতল যুদ্ধের চেয়েও ভয়াবহ পরিণতি ডেকে আনবে। সলসবেরিতে সাবেক রুশ গুপ্তচরের ওপর বিষাক্ত নার্ভ এজেন্ট হামলার ঘটনায় ব্রিটেন রাশিয়াকে দায়ী করার পর, পশ্চিমা দেশগুলো রুশ কূটনীতিকদের বহিষ্কার করে এবং রাশিয়াও পাল্টা ব্যবস্থা নেয়। তবে, ব্রিটিশ গবেষণাগার পোর্টন ডাউন ল্যাব জানিয়েছে যে নভিচক নামক বিষাক্ত গ্যাসটি রাশিয়া থেকে এসেছে এমন কোনো প্রমাণ পাওয়া যায়নি।",18.35,7.48,14.68
news-51260361,"আগামী মাস থেকে ব্রিটেন বিজ্ঞানী, গণিতবিদ আর গবেষকদের দ্রুততম সময়ে ভিসা দেয়ার নতুন এক ব্যবস্থা চালু করতে যাচ্ছে।","যুক্তরাজ্যের প্রধানমন্ত্রী বরিস জনসন ২০শে ফেব্রুয়ারি থেকে 'গ্লোবাল ট্যালেন্ট ভিসা' চালু করার ঘোষণা দিয়েছেন, যার মাধ্যমে বিজ্ঞান, গণিত ও গবেষণার বিভিন্ন ক্ষেত্রে কর্মরত মেধাবীরা যুক্তরাজ্যে আসার সুযোগ পাবেন। এই ভিসা ব্যবস্থার মূল উদ্দেশ্য হলো ব্রেক্সিটের পর বিশ্বের সেরা মেধাবীদের যুক্তরাজ্যে আকৃষ্ট করা এবং বৈজ্ঞানিক গবেষণায় বিনিয়োগ চালিয়ে যাওয়া। যদিও বিরোধী দলগুলো এই পরিকল্পনার বাস্তবায়ন নিয়ে সংশয় প্রকাশ করেছে, সরকার আশা করছে এটি যুক্তরাজ্যের বৈজ্ঞানিক অগ্রগতিতে সহায়ক হবে।",7.06,0.0,7.06
news-47349064,"চট্টগ্রাম শাহ আমানত বিমানবন্দরে সেনা অভিযানের পরপরই ঢাকায় একটি সংবাদ সম্মেলনে বেসামরিক বিমান চলাচল কর্তৃপক্ষের চেয়ারম্যান এয়ার ভাইস মার্শাল নাইম হাসান বলেন, ''কথিত ছিনতাইকারী ব্যক্তিকে আহত অবস্থায় আটক করা হয়েছে।''",চট্টগ্রাম বিমানবন্দরে বাংলাদেশ বিমানের একটি ফ্লাইট ছিনতাইয়ের চেষ্টা করা হয়। একজন অস্ত্রধারী যাত্রী প্রধানমন্ত্রী শেখ হাসিনার সঙ্গে কথা বলার দাবি করে ককপিটে প্রবেশ করে এবং গুলি চালায়। পরবর্তীতে সেনা কমান্ডোদের অভিযানে ওই ছিনতাইকারী নিহত হয় এবং বিমানে থাকা সকল যাত্রী ও ক্রু অক্ষত অবস্থায় উদ্ধার পান।,15.79,0.0,10.53
news-50171978,ধরুন আপনি বাংলাদেশের যেকোনো মহাসড়ক ধরে দেশের কোন জেলায় যাচ্ছেন। হঠাৎ লম্বা যানজটে পড়লেন যার কারণ আপনি জানেন না।,"বাংলাদেশে সড়ক দুর্ঘটনা বা যানজটের মতো অপ্রত্যাশিত ঘটনাগুলো দ্রুত জানতে ও ব্যবস্থা নিতে সরকার ""ইন্টেলিজেন্ট ট্রান্সপোর্ট সিস্টেম"" নামে একটি প্রযুক্তি-নির্ভর ব্যবস্থা চালু করার পরিকল্পনা করছে। এই ব্যবস্থার মাধ্যমে দেশের সকল সড়ক মহাসড়ক সার্বক্ষণিক পর্যবেক্ষণে রাখা হবে, যাতে কোনো ঘটনা ঘটলে তাৎক্ষণিকভাবে তা জানা ও দেখা যায় এবং দ্রুত পদক্ষেপ নেওয়া যায়। এর ফলে দুর্ঘটনার শিকার ব্যক্তিদের চিকিৎসায় দ্রুততা আসবে এবং মহাসড়কে যানজট কমানো সম্ভব হবে।",4.71,0.0,2.35
news-46919162,ভারতের জম্মু থেকে বহু পথ পাড়ি দিয়ে বাংলাদেশের কুতুপালং রোহিঙ্গা ক্যাম্পে এসেছিল একটি পরিবার। কক্সবাজারের ট্রানজিট ক্যাম্পে নিয়ে যাওয়ার আগে ওই পরিবারটির সঙ্গে কথা হয়েছিল টেকনাফের রোহিঙ্গা নেতা মোহাম্মদ নূরের।,"ভারত সরকার রোহিঙ্গাদের জোরপূর্বক মিয়ানমারে ফেরত পাঠানোর আশঙ্কায় জম্মু, হায়দ্রাবাদ ও নিউ দিল্লি থেকে ১৩০০-এর বেশি রোহিঙ্গা বাংলাদেশে প্রবেশ করেছে। এই রোহিঙ্গারা পূর্বে ভারতে ইউএনএইচসিআর-এর পরিচয়পত্র নিয়ে বসবাস করত এবং প্রাণের ভয়ে মিয়ানমারে ফিরতে চায় না। বাংলাদেশের শরণার্থী, ত্রাণ ও প্রত্যাবাসন কমিশনার এই পরিস্থিতিকে উদ্বেগের কারণ হিসেবে উল্লেখ করেছেন এবং সরকারের নির্দেশনার অপেক্ষায় আছেন।",11.63,0.0,9.3
news-48108300,ভেনেজুয়েলার বিরোধী নেতা হুয়ান গুয়াইদো প্রেসিডেন্ট নিকোলাস মাদুরোকে ক্ষমতাচ্যুত করার জন্য সেনাবাহিনীর প্রতি ডাক দিয়েছেন।,"বিরোধী নেতা হুয়ান গুয়াইদো সামরিক পোশাক পরিহিত সেনাদের সাথে নিয়ে সরকারের বিরুদ্ধে চূড়ান্ত পদক্ষেপের ঘোষণা দিয়েছেন এবং সেনাবাহিনীর সমর্থন দাবি করেছেন। তবে প্রেসিডেন্ট নিকোলাস মাদুরো এই অভ্যুত্থানের চেষ্টা ব্যর্থ হয়েছে বলে দাবি করেছেন এবং তার প্রতি সেনাবাহিনীর আনুগত্যের কথা জানিয়েছেন। এই পরিস্থিতিতে কারাকাসের রাস্তায় গুয়াইদোর সমর্থকদের সাথে সেনাবাহিনীর সংঘর্ষ হয়েছে, যেখানে সাঁজোয়া গাড়ির আক্রমণে হতাহতের ঘটনাও ঘটেছে।",25.0,11.43,19.44
news-52777254,হত্যাকাণ্ডের শিকার সৌদি সাংবাদিক জামাল খাসোগজির সন্তানরা তার বাবার হত্যাকারীদের ক্ষমা করে দেয়ার ঘোষণা দেওয়ার পরপরই নিহতের তুর্কি বাগদত্তা ক্ষিপ্ত হয়ে বলেছেন এমন ক্ষমা প্রদর্শনের অধিকার কারো নেই।,"জামাল খাসোগজিকে ২০১৮ সালে ইস্তাম্বুলে সৌদি কনস্যুলেটের ভেতর হত্যা করা হয়, যা নিয়ে সৌদি সরকার ও রাজপরিবার নিজেদের দায় অস্বীকার করলেও জাতিসংঘসহ অনেক দেশ ও গোয়েন্দা সংস্থা সৌদি যুবরাজ মোহাম্মদ বিন সালমানকে দায়ী করে। খাসোগজির বাগদত্তা হাতিস চেংগিস এই জঘন্য হত্যাকাণ্ডের জন্য ক্ষমা না চাওয়ার কথা বলেছেন। এই ঘটনায় সৌদি আরবে পাঁচজনের মৃত্যুদণ্ড হলেও জাতিসংঘের একজন র‌্যাপের্টিয়ার এটিকে ""বিচারের নামে প্রহসন"" বলে মন্তব্য করেছেন।",17.2,0.0,8.6
news-56668724,ধর্ম নিয়ে বিশেষ করে ইসলাম নিয়ে তার কটাক্ষমুলক লেখালেখি নিয়ে বিতর্ক ভারতে আশ্রয় নেওয়া বাংলাদেশি লেখক তসলিমা নাসরিনের জন্য নতুন কিছু নয়।,"নির্বাসিত লেখিকা তসলিমা নাসরিন ইংলিশ ক্রিকেটার মইন আলীকে কটাক্ষ করে একটি টুইট করেন, যেখানে তিনি লেখেন যে মইন ক্রিকেট না খেললে সিরিয়ায় আইএসআইএস-এ যোগ দিতেন। এই টুইটটি নিয়ে সোশ্যাল মিডিয়ায় তীব্র প্রতিক্রিয়া সৃষ্টি হয় এবং মইনের সতীর্থ ক্রিকেটাররা তসলিমা নাসরিনের মানসিক সুস্থতা নিয়ে প্রশ্ন তোলেন। বিতর্কের মুখে তসলিমা টুইটটি মুছে ফেললেও, তিনি জানান যে তার কোনো অনুশোচনা নেই এবং তিনি ব্যক্তি মইনকে নয়, বরং 'কট্টর ইসলামকে' কটাক্ষ করতে চেয়েছিলেন।",15.22,2.22,10.87
news-48249669,"ইন্দোনেশিয়ার পূর্বাঞ্চলে একটি গ্রাম রয়েছে, যে গ্রামকে 'মা ছাড়া গ্রাম' বলে ডাকে দেশটির মানুষ। কারণ সেই গ্রামে মা ছাড়াই বড় হচ্ছে প্রায় সব শিশু।","এলি সুশিয়াতির মা ১১ বছর বয়সে তাকে দাদীর কাছে রেখে সৌদি আরবে গৃহকর্মীর কাজ করতে যান, কারণ তার বাবা-মায়ের বিচ্ছেদ হয়েছিল এবং পরিবারের ভরণপোষণের দায়িত্ব ছিল তার মায়ের উপর। এলি এখন দ্বাদশ শ্রেণীতে পড়ে এবং তার মায়ের অনুপস্থিতি তাকে গভীরভাবে প্রভাবিত করেছে, সে চায় তার মা বিদেশ থেকে ফিরে এসে তাদের দেখাশোনা করুক। ইন্দোনেশিয়ার পূর্ব লম্বকের ওয়ানাসাবা গ্রামে এটি একটি সাধারণ চিত্র, যেখানে নারীরা সন্তানদের উন্নত জীবন দিতে বিদেশে কাজ করতে যান কারণ পুরুষদের আয় খুবই কম।",11.76,0.0,5.88
news-55771427,"বাংলাদেশে কার্টুনিস্ট, বাউল শিল্পী, নাট্যকারসহ সাংস্কৃতিক কর্মী বা শিল্পীদের মত প্রকাশের স্বাধীনতা ব্যহত হওয়ার মতো ঘটনা বেড়ে যাওয়ার অভিযোগ উঠেছে।","বাংলাদেশের সাংস্কৃতিক অঙ্গনে ডিজিটাল নিরাপত্তা আইনের অপব্যবহারের ফলে ভয়ের সংস্কৃতি তৈরি হয়েছে, যেখানে কার্টুনিস্ট ও শিল্পীরা আটক বা হয়রানির শিকার হচ্ছেন। এর ফলে রাজনৈতিক কার্টুনসহ বিভিন্ন শিল্পকর্মের প্রকাশ কমে গেছে, যা সাংস্কৃতিক কর্মীদের জন্য উদ্বেগজনক। আন্তর্জাতিক মানবাধিকার সংস্থা অ্যামনেস্টি ইন্টারন্যাশনাল আটক শিল্পীদের মুক্তির দাবি জানালেও সরকার এই অভিযোগ মানতে নারাজ।",14.29,0.0,11.43
news-40772598,"সারাবিশ্বে পুরুষদের শরীরে যে হারে শুক্রাণুর সংখ্যা বা স্পার্ম রেট কমে যাচ্ছে, শুক্রাণু কমে যাবার সেই হার বজায় থাকলে মানুষ বিলুপ্ত হয়ে যেতে পারে বলে হুঁশিয়ার করে দিয়েছেন এক চিকিৎসক।","গবেষকরা প্রায় ২০০টি গবেষণা প্রতিবেদনের তথ্য বিশ্লেষণ করে দেখেছেন যে, গত ৪০ বছরে পুরুষদের স্পার্ম কাউন্ট প্রায় অর্ধেকে নেমে এসেছে, যা উত্তর আমেরিকা, ইউরোপ, অস্ট্রেলিয়া এবং নিউজিল্যান্ডের পুরুষদের মধ্যে বিশেষভাবে লক্ষণীয়। এই গবেষণার প্রধান ডঃ হ্যাগাই লেভিন ভবিষ্যতে মানব প্রজাতির বিলুপ্তি নিয়ে গভীর উদ্বেগ প্রকাশ করেছেন, যদি জীবনযাপন, পরিবেশ এবং রাসায়নিক ব্যবহারে পরিবর্তন না আনা হয়। যদিও কিছু বিজ্ঞানী এই গবেষণার মানকে প্রশংসা করেছেন, তবে এখনই মানব প্রজাতির বিলুপ্তি নিয়ে চূড়ান্ত সিদ্ধান্তে পৌঁছানো যায় না বলে তারা মনে করেন।",9.17,0.0,5.5
news-45165586,ব্রিটেনে সবচেয়ে বড় অনলাইন ভিডিও ফেস্টিভ্যালে অংশ নিতে ইউটিউব তারকা এবং তাদের ভক্তরা জড়ো হচ্ছেন লন্ডনে।,"১৯ বছর বয়সী ইউটিউবার লুইস, শৈশব থেকেই মেকআপ টিউটোরিয়াল এবং ব্যক্তিগত ভ্লগ তৈরি করে ৩ লাখের বেশি অনুসারী অর্জন করেছেন। পাঁচ বছরের বেশি সময় ধরে অনলাইনে নিজের টিন-এজ জীবন তুলে ধরেছেন তিনি, যা তাকে নিজের পরিচয় খুঁজে পেতে এবং ব্যক্তিত্ব বিকাশে সাহায্য করেছে। যদিও অনেকে এটিকে অস্বাভাবিক মনে করেন, লুইস তার এই অভিজ্ঞতাকে ইতিবাচক বলে মনে করেন।",2.7,0.0,2.7
news-54770021,"ফরাসী প্রেসিডেন্ট এমানুয়েল ম্যাক্রঁ বলেছেন, ইসলামের নবীকে নিয়ে আঁকা বিতর্কিত ব্যঙ্গচিত্রের কারণে মুসলিমরা কেন এতটা ক্ষুব্ধ হয়েছিল সেটা তিনি বুঝতে পারেন। তবে এর কারণে সহিংসতার যুক্তি তিনি কোনদিনই মানতে পারবেন না।","ফ্রান্সে মহানবীর ব্যঙ্গচিত্র প্রদর্শনকে কেন্দ্র করে মুসলিম বিশ্বে তীব্র বিতর্ক সৃষ্টি হয়েছে। প্রেসিডেন্ট ম্যাক্রঁ মত প্রকাশের স্বাধীনতার পক্ষে যুক্তি দেওয়ায় অনেক মুসলিম ক্ষুব্ধ হয়ে ফরাসি পণ্য বর্জনের ডাক দিয়েছেন। নিস শহরে সন্ত্রাসী হামলার পর ম্যাক্রঁ আল জাজিরাকে দেওয়া সাক্ষাৎকারে বলেছেন যে, তার মন্তব্য ভুলভাবে ব্যাখ্যা করা হয়েছে এবং তিনি ব্যঙ্গচিত্রকে সমর্থন করেননি।",14.46,0.0,9.64
news-49919369,"গর্ভের শিশুদের হাতে টিকটিকি জাতীয় অতিরিক্ত কিছু পেশী থাকে এবং তাদের জন্মের আগেই এসব ঝরে যায়, এক গবেষণায় এই তথ্য পাওয়া গেছে।","গর্ভস্থ ১০ সপ্তাহের শিশুর বাম হাতের স্ক্যানে বিবর্তনের প্রাচীন অবশেষ হিসেবে ক্ষণস্থায়ী পেশী দেখা গেছে, যা ডেভেলপমেন্ট জার্নালে প্রকাশিত হয়েছে। বিজ্ঞানীরা বলছেন, এই পেশীগুলো বৃদ্ধাঙ্গুলির উচ্চ দক্ষতার কারণ হতে পারে এবং জন্মগত ত্রুটি বোঝার ক্ষেত্রে সহায়ক হতে পারে। যদিও এই পেশীগুলো সাধারণত জন্মের আগেই বিলুপ্ত হয়, তবে কিছু ক্ষেত্রে এগুলো অঙ্গ বিকৃতির কারণ হতে পারে।",18.18,2.67,10.39
news-45821961,বাংলাদেশে ২১শে অগাস্ট গ্রেনেড হামলার মামলার রায়ে বিএনপির ভারপ্রাপ্ত চেয়ারম্যান তারেক রহমানের যাবজ্জীবন সাজা তাকে দেশে ফিরিয়ে আনতে সরকারের জন্য বিশেষ কোন সুযোগ তৈরি করছে না বলে আইন বিশেষজ্ঞরা মনে করছেন।,"২১শে আগস্ট গ্রেনেড হামলা মামলার রায়ের পর বাংলাদেশের স্বরাষ্ট্রমন্ত্রী আসাদুজ্জামান খান কামাল ও প্রধানমন্ত্রীর তথ্যপ্রযুক্তি উপদেষ্টা সজীব ওয়াজেদ জয় তারেক রহমানকে দেশে ফিরিয়ে আনার ব্যাপারে উদ্যোগ নেওয়ার কথা বলেছেন। সজীব ওয়াজেদ জয় ইন্টারপোলের রেড নোটিস জারির মাধ্যমে যুক্তরাজ্যকে তারেক রহমানকে ফেরত পাঠানোর অনুরোধ করার কথা বলেছেন। আইনমন্ত্রী আনিসুল হক মনে করেন, বাংলাদেশ ও ব্রিটেনের মধ্যে বন্দী সমর্পণ চুক্তি না থাকলেও জাতিসংঘের মিউচুয়াল লিগ্যাল অ্যাসিস্ট্যান্স (এমল্যাট) সনদের আওতায় তারেক রহমানকে বিচারের জন্য হস্তান্তর করা যেতে পারে এবং আপিলের জন্য তাকে সশরীরে আদালতে হাজির হতে হবে।",17.39,1.77,12.17
news-54537872,আজ বুধবার থেকে বাংলাদেশে ২২ দিনের জন্য ইলিশ মাছ ধরা নিষিদ্ধ করা হয়েছে।,"এ বছর সাগরে ও নদীতে প্রচুর ইলিশ ধরা পড়েছে, যা গত কয়েক বছর ধরে ইলিশের প্রজনন নির্বিঘ্ন করার জন্য আরোপিত নিষেধাজ্ঞার সুফল। ইলিশ গবেষকরা বলছেন, মা ইলিশকে নিরাপদে ডিম ছাড়ার সুযোগ দেওয়ায় ডিম নিষিক্ত হয়ে জাটকার জন্ম হচ্ছে এবং জাটকা রক্ষা করার ফলে দেশে বড় আকারের ইলিশের উৎপাদন বৃদ্ধি পাচ্ছে। মৎস্য গবেষণা ইন্সটিটিউটের তথ্য অনুযায়ী, গত বছর প্রায় ৭ লাখ ৪০ হাজার কেজি ডিম ছাড়া হয়েছিল, যার সুফল হিসেবে এ বছর বাজারে বড় আকারের ইলিশের সরবরাহ বেড়েছে এবং দামও কমেছে।",6.45,0.0,4.3
news-57021250,"বিএনপি চেয়ারপারসন খালেদা জিয়ার ব্যক্তিগত চিকিৎসক দলের সদস্য ও বিএনপি নেতা এ জেড এম জাহিদ হোসেন জানিয়েছেন, হাসপাতালে চিকিৎসাধীন মিসেস জিয়ার অবস্থা অপরিবর্তিত আছে।",খালেদা জিয়ার শারীরিক অবস্থা এখনো স্থিতিশীল রয়েছে এবং তিনি এভারকেয়ার হাসপাতালের সিসিইউতে চিকিৎসাধীন আছেন। গত ২৭শে এপ্রিল করোনাভাইরাস পরবর্তী জটিলতার কারণে তাকে হাসপাতালে ভর্তি করা হয়েছিলো। তার চিকিৎসার জন্য গঠিত মেডিকেল বোর্ড আগের চিকিৎসাই অব্যাহত রেখেছে এবং উন্নত চিকিৎসার জন্য বিদেশে নেওয়ার বিষয়ে সরকারের অনুমতির পর সিদ্ধান্ত নেওয়া হবে।,13.7,2.82,8.22
news-47265295,"ভারত শাসিত কাশ্মীরের পুলওয়ামায় জঙ্গী হামলায় ৪০ জনেরও বেশী কেন্দ্রীয় নিরাপত্তা রক্ষী নিহত হওয়ার পরে ভারতের প্রধানমন্ত্রী হুঁশিয়ার করেছেন, হামলার জন্য দায়ীদের চড়া মাসুল দিতে হবে।","জম্মু ও কাশ্মীর হামলার পর ভারত সরকার পাকিস্তানকে দায়ী করে প্রতিশোধের কথা ভাবছে, যেখানে সামরিক, কূটনৈতিক ও অর্থনৈতিক পদক্ষেপের বিকল্পগুলো নিয়ে আলোচনা চলছে। বিশ্লেষকরা মনে করছেন, পারমাণবিক শক্তিধর পাকিস্তানের বিরুদ্ধে কোনো সহজ পথ নেই এবং সামরিক পদক্ষেপ পাল্টা হামলার ঝুঁকি বাড়াতে পারে। অবসরপ্রাপ্ত সেনা প্রধান জেনারেল শঙ্কর রায়চৌধুরী ""নন-স্টেট অ্যাক্টরস"" ব্যবহারের মাধ্যমে প্রত্যাঘাতের পরামর্শ দিয়েছেন, যা সরাসরি সরকারি জড়িতকরণ এড়িয়ে যেতে পারে।",4.49,0.0,4.49
news-51062430,কাসেম সোলেইমানি হত্যা এবং তার বদলায় ইরাকে মার্কিন দুটো ঘাঁটিতে ইরানের ক্ষেপণাস্ত্র হামলা দীর্ঘস্থায়ী এবং বিপজ্জনক এক সংঘাতের ঝুঁকি তৈরি করেছে।,"তেহরানে যুক্তরাষ্ট্র বিরোধী বিক্ষোভের পর প্রথম দফার সংঘাতে কে জিতলো এবং কে হারলো, তা নিয়ে কাটাছেঁড়া চলছে। যদিও ইরান তাদের প্রভাবশালী জেনারেল কাসেম সোলেইমানিকে হারিয়েছে, তবুও তার মৃত্যু থেকে স্বল্প মেয়াদে তারা লাভবান হতে পারে। তবে ইরান বা আমেরিকার পরবর্তী পদক্ষেপের ওপর নির্ভর করে এই হার-জিতের সমীকরণ দ্রুত বদলে যেতে পারে।",8.22,0.0,5.48
news-48829410,"ঢাকার মিরপুরের বাসিন্দা শাহিদা পারভিন স্বামীর পেনশন হিসেবে পাওয়া পুরো টাকা দিয়ে সঞ্চয়পত্র কিনে রেখেছেন, যা দিয়ে তাদের সংসারের খরচ চলে।","সরকার সঞ্চয়পত্রের মুনাফার ওপর উৎসে কর ৫% থেকে বাড়িয়ে ১০% করায় সাধারণ মানুষ, বিশেষত নারী, বয়স্ক নাগরিক ও অবসরপ্রাপ্তদের মধ্যে উদ্বেগ দেখা দিয়েছে। দ্রব্যমূল্য বৃদ্ধির কারণে এমনিতেই তাঁদের সংসার চালাতে হিমশিম খেতে হচ্ছে, তার ওপর সঞ্চয়পত্রের আয় কমে যাওয়ায় তাঁরা আরও সংকটে পড়েছেন। যদিও সরকার মনে করছে, এতে অন্যান্য খাতে বিনিয়োগ বাড়বে, তবে বিশেষজ্ঞরা বলছেন, সঞ্চয়পত্রের সুদের হার কমানো হলে এর প্রভাব নেতিবাচক হতে পারে।",0.0,0.0,0.0
news-41024577,"কাগজে কলমে এখনো পাকিস্তান আমেরিকার ঘনিষ্ঠ মিত্র, কিন্তু আফগান সঙ্কট নিয়ে প্রেসিডেন্ট ডোনাল্ড ট্রাম্প মঙ্গলবার যে ভাষায় পাকিস্তানের প্রতি হুঁশিয়ারি উচ্চারণ করেছেন, তার নজির খুব একটা চোখে পড়েনা।","মার্কিন প্রেসিডেন্ট ডোনাল্ড ট্রাম্প পাকিস্তানকে তালেবানদের আশ্রয় দেওয়া বন্ধ করার জন্য কড়া হুঁশিয়ারি দিয়েছেন এবং আফগানিস্তানে ভারতের বৃহত্তর ভূমিকা দেখতে চেয়েছেন। তার পররাষ্ট্রমন্ত্রী রেক্স টিলারসনও পাকিস্তানকে হুঁশিয়ার করে বলেছেন যে, তারা যদি তালেবানদের বিরুদ্ধে ব্যবস্থা না নেয়, তাহলে যুক্তরাষ্ট্রের কাছ থেকে প্রাপ্ত 'বিশেষ মর্যাদা' হারাবে। মার্কিন সেনাবাহিনীর সাবেক উপ-প্রধান জেনারেল জ্যাক কিন ইঙ্গিত দিয়েছেন যে, পাকিস্তান যদি তালেবানদের নিরাপদ আশ্রয় শিবির বন্ধ না করে, তাহলে আমেরিকা পাকিস্তানের অভ্যন্তরে সামরিক অভিযান চালাতে পারে।",15.84,4.04,9.9
news-50576228,রাজধানী ঢাকার গুলশানে হোলি আর্টিজান হামলাকে বলা হয় বাংলাদেশের ইতিহাসে সবচেয়ে নজিরবিহীন জঙ্গি হামলা।,"গুলশানের হোলি আর্টিজান হামলায় বিদেশিদের লক্ষ্য করে হত্যাকাণ্ড এবং এর ফলে সৃষ্ট উত্তেজনাকর পরিস্থিতি বাংলাদেশে জঙ্গিবাদ দমনে আইন শৃঙ্খলা বাহিনীর সক্ষমতা বৃদ্ধির প্রয়োজনীয়তা তুলে ধরে। এই ঘটনার পর পুলিশ বাহিনীতে বিনিয়োগ, প্রশিক্ষণ বৃদ্ধি, এবং অ্যান্টি টেরোরিজম ইউনিটসহ বিশেষায়িত ইউনিট গঠন করা হয়েছে। সরকারের জিরো টলারেন্স নীতি, গোয়েন্দা সক্ষমতা বৃদ্ধি, সাইবার নজরদারি, এবং আন্তর্জাতিক সহযোগিতার মাধ্যমে জঙ্গিবাদ দমনে বাংলাদেশের সক্ষমতা উল্লেখযোগ্যভাবে বেড়েছে।",8.0,2.74,8.0
160605_chittagong_sp_wife_killing_reax,বাংলাদেশের চট্টগ্রামে পুলিশ সুপার বাবুল আক্তারের স্ত্রী দুর্বৃত্তদের গুলিতে নিহত হবার পর স্বরাষ্ট্রমন্ত্রী আসাদুজ্জামান খান কামাল বলেছেন “এ ঘটনায় জঙ্গি সংশ্লিষ্টতা থাকতে পারে”।,"রোববার সকালে চট্টগ্রামের জিইসি মোড়ে দুর্বৃত্তদের ছুরিকাঘাত ও গুলিতে নিহত হন পুলিশ সুপার বাবুল আক্তারের স্ত্রী মাহমুদা আক্তার। স্বরাষ্ট্রমন্ত্রী ও অন্যান্য পুলিশ কর্মকর্তাদের মতে, বাবুল আক্তার জঙ্গি দমনে গুরুত্বপূর্ণ ভূমিকা রাখায় জঙ্গিরা তাকে টার্গেট করতে না পেরে তার স্ত্রীকে হত্যা করেছে। পুলিশ এই হত্যাকাণ্ডের পেছনে জঙ্গি সংশ্লিষ্টতার বিষয়টি মাথায় রেখে তদন্ত চালাচ্ছে।",26.67,13.7,18.67
news-47733454,"ঢাকার বনানীর যে ভবনটিতে আগুন লেগে ১৯ জনের মৃত্যু ঘটেছে, সেটি রাজউকের অনুমোদিত নকশা লঙ্ঘন করে তৈরি করা। একথা জানিয়েছেন রাজউকের চেয়ারম্যান আবদুর রহমান।","বনানীর এফআর টাওয়ারে আগুন লাগার পর রাজউক কর্তৃপক্ষ তদন্ত করে জানতে পারে যে, ভবনটি অনুমোদিত ১৮ তলার পরিবর্তে ২৩ তলা নির্মাণ করা হয়েছে এবং নকশাতেও অনেক বিচ্যুতি রয়েছে। রাজউকের চেয়ারম্যান আবদুর রহমান জানান, ২০০৫ সালে পেশ করা নকশার সাথে সংরক্ষিত নকশার কোনো মিল ছিল না এবং ১৯৯৬ সালের মূল নকশার সাথেও নির্মিত ভবনের অনেক পার্থক্য ছিল। তিনি আরও বলেন, নকশা না মেনে ভবন নির্মাণের কারণে এটি অনিরাপদ হতে পারে এবং এর সাথে জড়িত সকলের শাস্তি হওয়া উচিত।",21.78,6.06,15.84
news-56871135,বাংলাদেশে গত কয়েকদিনের তুলনায় করোনাভাইরাসে আক্রান্ত হয়ে মৃত্যুর সংখ্যা শনিবার আরও কমেছে। সেই সঙ্গে কমেছে নমুনা পরীক্ষা তুলনায় শনাক্তের হারও।,"বাংলাদেশে গত ২৪ ঘণ্টায় করোনায় ৮৩ জনের মৃত্যু হয়েছে, যা আগের দিনের তুলনায় কম হলেও মোট মৃতের সংখ্যা ১০,৯৫২ জনে পৌঁছেছে। নতুন করে ২,৬৯৭ জন শনাক্ত হওয়ায় মোট আক্রান্তের সংখ্যা ৭ লাখ ৪২ হাজার ৪০০ জন হয়েছে। যদিও শনাক্তের হার কমেছে, তবে গত সপ্তাহের তুলনায় মৃত্যুর হার ৭.৫৬ শতাংশ বৃদ্ধি পেয়েছে, যা উদ্বেগজনক।",21.05,2.7,15.79
news-53088162,"যুক্তরাষ্ট্রের সাবেক জাতীয় নিরাপত্তা উপদেষ্টা জন বোল্টন নিজের নতুন বইতে দাবি করেছেন, দ্বিতীয় দফায় দেশটির প্রেসিডেন্ট নির্বাচিত হবার জন্য ডোনাল্ড ট্রাম্প চীনের প্রেসিডেন্ট শি জিনপিংয়ের সাহায্য পেতে চেষ্টা করেছিলেন।","জন বোল্টনের আসন্ন বই ""দ্য রুম হোয়্যার ইট হ্যাপেনড""-এ দাবি করা হয়েছে যে ডোনাল্ড ট্রাম্প চীনের প্রেসিডেন্ট শি জিনপিংয়ের কাছে ২০২০ সালের নির্বাচনে জেতার জন্য সাহায্য চেয়েছিলেন। ট্রাম্প শি-কে মার্কিন কৃষকদের উৎপাদিত পণ্য, বিশেষ করে সয়াবিন ও গম কেনার জন্য অনুরোধ করেন এবং এর বিনিময়ে শি-কে ""চীনের ইতিহাসে শ্রেষ্ঠ নেতা"" বলে অভিহিত করেন। এই বইটিতে ট্রাম্পের অভিশংসন বিচার সংক্রান্ত গুরুত্বপূর্ণ তথ্যও রয়েছে, যা হোয়াইট হাউস গোপনীয়তার কারণে প্রকাশ না করার চেষ্টা করেছিল।",21.15,9.8,19.23
news-44901503,"হোয়াটসঅ্যাপ বলছে, শুক্রবার থেকে তারা ভারতে তাদের মেসেজিং সার্ভিস ব্যবহারকারীদের জন্য এমন দুটি নতুন ফিচার যোগ করেছে - যার মাধ্যমে মেসেজ বা ছবি অথবা ভিডিও শেয়ার করা সীমিত করা যাবে।","ভারতে ছেলেধরা গুজবের কারণে গণপিটুনিতে বহু মানুষের মৃত্যুর পর ভারত সরকারের নির্দেশে হোয়াটসঅ্যাপ কিছু কড়াকড়ি আরোপ করেছে। এখন থেকে কোনো মেসেজ বা ছবি একসঙ্গে ৫টির বেশি চ্যাটে ফরোয়ার্ড করা যাবে না এবং দ্রুত ফরোয়ার্ড করার বাটনটিও সরিয়ে দেওয়া হচ্ছে। এর আগে ফরোয়ার্ড করা মেসেজ চিহ্নিত করার ব্যবস্থা চালু করা হয়েছিল, যা ভুয়ো খবর ছড়ানো সীমিত করতে সাহায্য করবে বলে আশা করা হচ্ছে।",24.18,6.74,17.58
news-45964178,চীনের শিনজিয়াং প্রদেশে উইগুর মুসলিমদের 'সংশোধনের' জন্য পৃথিবীর অন্যতম বৃহৎ বন্দীশিবির গড়ে তুলেছে কর্তৃপক্ষ ।,"বিবিসির জন সাডওয়ার্থের রিপোর্ট অনুযায়ী, চীনের শিনজিয়াং প্রদেশের দাবাংচেং-এ একটি বিশাল বন্দীশিবিরের সম্প্রসারণ করা হয়েছে, যা উপগ্রহ চিত্রে স্পষ্ট। এই শিবিরে হাজার হাজার মুসলিমকে বিনাবিচারে আটকে রাখা হয়েছে বলে অভিযোগ উঠেছে, যদিও চীন এটিকে সন্ত্রাসবাদ দমনের জন্য বৃত্তিমূলক প্রশিক্ষণ কেন্দ্র বলে দাবি করে। মানবাধিকার সংস্থাগুলো এই আটককে জোরপূর্বক বলে আখ্যা দিয়েছে এবং গত কয়েক বছরে শিনজিয়াং-এ এমন অনেক কারাগার সদৃশ স্থাপনা তৈরি হয়েছে।",7.59,2.6,7.59
news-51306016,করোনাভাইরাসে আক্রান্ত হয়ে মৃত্যুর সংখ্যা ১৭০ জনে পৌঁছেছে এবং চীনের প্রতিটি অঞ্চলে এখন ছড়িয়ে পড়েছে এই ভাইরাস।,"করোনাভাইরাস বিশ্বজুড়ে মহামারী আকারে ছড়িয়ে পড়ার আশঙ্কায় বিশ্ব স্বাস্থ্য সংস্থা আজ জরুরি বৈঠক করবে। ২৯শে জানুয়ারি পর্যন্ত চীনে ৭,৭১১ জন আক্রান্ত হয়েছেন এবং ১৬টি দেশে ভাইরাসটি ছড়িয়ে পড়েছে, যার মধ্যে তিব্বতেও একজন আক্রান্তের সন্ধান মিলেছে। যদিও এই ভাইরাসের কোনো নির্দিষ্ট চিকিৎসা বা প্রতিষেধক নেই, তবে এটি শ্বাসতন্ত্রের মাধ্যমে মারাত্মক সংক্রমণ ঘটিয়ে বিশেষ করে বয়স্ক ও অসুস্থ ব্যক্তিদের জন্য প্রাণঘাতী হতে পারে।",12.66,2.6,12.66
160804_bangladesh_india_wild_elephant_rescue,বাংলাদেশের জামালপুরের একটি চরে আটকে থাকা ভারতীয় একটি বুনো হাতি উদ্ধারে চেষ্টা করছে বাংলাদেশ ও ভারতের বন কর্মীরা।,জামালপুরের প্রত্যন্ত চরে আটকে পড়া ভারতীয় বুনো হাতিটিকে উদ্ধারে ভারত থেকে একটি বিশেষজ্ঞ দল বাংলাদেশে এসেছে। বর্তমানে হাতিটি সরিষাবাড়ী উপজেলার সোনারকান্দা এলাকায় বন্যার পানিতে ডুবে থাকা একটি চরে অবস্থান করছে। দুই দেশের বন কর্মকর্তারা হাতিটির অবস্থা পর্যবেক্ষণ করে এটিকে শুকনো এলাকায় এনে অজ্ঞান করে ভারতে ফিরিয়ে নেওয়ার পরিকল্পনা করছেন।,32.84,6.15,23.88
news-49201712,এখন থেকে সৌদি আরবের নারীরা কোনো পুরুষ অভিভাবকের অনুমতি ছাড়াই দেশের বাইরে ভ্রমণ করতে পারবেন বলে এক রাজকীয় ফরমানে বলা হয়েছে।,"সৌদি আরবে নতুন আইন অনুযায়ী ২১ বছরের বেশি বয়সী নারীরা এখন পুরুষ অভিভাবকের অনুমতি ছাড়াই পাসপোর্টের জন্য আবেদন করতে এবং ভ্রমণ করতে পারবে। এই আইনে নারীদের শিশুর জন্ম নিবন্ধন, বিয়ে বা বিবাহ বিচ্ছেদের অনুমোদন এবং কর্মসংস্থানের সুযোগও দেওয়া হয়েছে। এর ফলে সৌদি নারীদের দীর্ঘদিনের পুরুষতান্ত্রিক বিধিনিষেধ থেকে মুক্তি মিলল এবং তাদের অধিকারের ক্ষেত্রে এক নতুন দিগন্ত উন্মোচিত হলো।",25.32,7.79,20.25
news-52554853,ইনস্টাগ্রাম গ্রুপ চ্যাটে অপ্রাপ্তবয়স্ক মেয়েদের ছবি শেয়ার করা ও অশালীন মন্তব্য করায় ১৫ বছর বয়সী এক কিশোরকে গ্রেফতার করেছে ভারতের পুলিশ।,"দিল্লির স্কুলপড়ুয়া কিশোরদের 'বইস লকার রুম' নামের একটি ইনস্টাগ্রাম গ্রুপে মেয়েদের নিয়ে যৌন হয়রানিমূলক মন্তব্য করার অভিযোগে ১৫ বছর বয়সী এক কিশোরকে গ্রেফতার করা হয়েছে। এই গ্রুপের সদস্যদের চ্যাটের স্ক্রিনশট সোশ্যাল মিডিয়ায় ছড়িয়ে পড়লে ব্যাপক ক্ষোভের সৃষ্টি হয়। ব্যবহারকারীরা অভিযোগ করেন যে, গ্রুপের সদস্যরা সহপাঠী ছাত্রীদের অনুমতি ছাড়াই তাদের ছবি আদান-প্রদান করছিল এবং তাদের শারীরিক গঠন ও ধর্ষণ নিয়ে কুরুচিপূর্ণ মন্তব্য করছিল।",28.57,12.2,21.43
news-48135516,চীনে শিনজিয়াং প্রদেশের উইগর মুসলিম জনগোষ্ঠীর লক্ষ লক্ষ লোকের উপাত্ত সংগ্রহ করার জন্য একটি মোবাইল অ্যাপ ব্যবহার করছে চীনা পুলিশ।,"হিউম্যান রাইটস ওয়াচের এক রিপোর্ট অনুযায়ী, চীন একটি মোবাইল অ্যাপ ব্যবহার করে উইঘুর মুসলিমদের ওপর নজরদারি চালাচ্ছে। এই অ্যাপটি সরকারের অনুমতি ছাড়া হজ করা, অতিরিক্ত বিদ্যুৎ ব্যবহার করা, বিদেশে পরিচিত থাকা, বা কম সামাজিক মেলামেশা করা ব্যক্তিদের চিহ্নিত করে। জাতিসংঘ জানিয়েছে, প্রায় ১০ লাখ উইঘুরকে শিনজিয়াংয়ের বন্দীশিবিরে আটক রাখা হয়েছে, যা চীন 'পুনঃশিক্ষণ কেন্দ্র' হিসেবে অভিহিত করে।",10.39,8.0,10.39
