id,reference,generated,rouge1,rouge2,rougeL
news-45155508,"জাতিসংঘের মানবাধিকার বিষয়ক কমিটি জেনেভাতে চীনের ওপর দুদিনের যে বিশেষ সভা করছে, সেখানে অভিযোগ করা হয়, কট্টরপন্থী সন্দেহে ১০ লাখ চীনা উইগুর মুসলিমকে বিভিন্ন রাজনৈতিক শিবিরে আটকে রাখা হয়েছে।","জাতিসংঘের এক কর্মকর্তা অভিযোগ করেছেন, চীনের জিনজিয়াং অঞ্চলকে কার্যত বিশাল বন্দীশিবিরে পরিণত করে উইগুর ও অন্যান্য মুসলিমদের গণহারে আটক, রাজনৈতিক আনুগত্যে বাধ্য এবং নির্যাতন করা হচ্ছে; মানবাধিকার সংস্থাগুলোও একই অভিযোগ করেছে। চীন এসব শিবিরের অস্তিত্ব অস্বীকার করে দাবি করছে, শিনজিয়াংয়ে সব জাতিগোষ্ঠী শান্তিতে বসবাস করছে, যদিও ধর্মীয় কট্টরবাদ দমনের নামে মসজিদ ও ইসলামী স্থাপনা নিয়ন্ত্রণের ঘটনাও ঘটছে।",18.6,0.0,9.3
news-39127107,ভারতের দক্ষিণাঞ্চলীয় রাজ্য তামিলনাডুর ব্যবসায়ীরা সেখানে কোকা-কোলা ও পেপসি বিক্রি নিষিদ্ধ ঘোষণা করেছে।,"তামিলনাডুতে ব্যবসায়ী সংগঠনগুলোর আহ্বানে বুধবার থেকে কোকা-কোলা ও পেপসি বিক্রি নিষিদ্ধ করা হয়েছে। নদীর পানি অতিরিক্ত ব্যবহার, কৃষকদের সেচ-সংকট, স্থানীয় ব্যবসার উন্নয়ন ও স্বাস্থ্যঝুঁকির কথা উল্লেখ করে সংগঠনগুলো এই উদ্যোগ নিয়েছে; রাজ্যের ১০ লাখের বেশি দোকানদার এতে সাড়া দেবে বলে আশা করা হচ্ছে।",20.34,17.54,20.34
news-49141918,"স্বাস্থ্য অধিদপ্তরের হিসাব মতে, গত ২৪ ঘণ্টায় দেশের বিভিন্ন হাসপাতালে ডেঙ্গুজ্বরে আক্রান্ত হয়ে প্রায় ৭০০ রোগী ভর্তি হয়েছেন।","ডেঙ্গুর প্রকোপে রাজধানীর সরকারি-বেসরকারি হাসপাতালগুলোতে রোগীর চাপ বেড়ে গেছে; বেসরকারি হাসপাতালগুলোর অনেকটির শয্যা পূর্ণ হওয়ায় রোগীদের ফিরিয়ে দেওয়া হচ্ছে, আর সরকারি হাসপাতালে শয্যার অভাবে বারান্দা বা মেঝেতে চিকিৎসা নিতে হচ্ছে। পরিস্থিতি মোকাবিলায় স্বাস্থ্য অধিদপ্তর অতিরিক্ত শয্যা ও হাসপাতাল প্রস্তুত, ১০টি তদারকি দল গঠন, পরীক্ষার মূল্য নির্ধারণ এবং চিকিৎসক-নার্স বাড়ানোর উদ্যোগ নিয়েছে; ঢাকার বাইরেও ডেঙ্গু রোগীদের চিকিৎসা পর্যবেক্ষণ করা হচ্ছে।",5.06,0.0,2.53
news-52808250,এই প্রথম সামাজিক মাধ্যমের বিশাল প্রতিষ্ঠান টুইটার আমেরিকান প্রেসিডেন্ট ডোনাল্ড ট্রাম্পের কোন পোস্টের সত্যতা নিয়ে প্রশ্ন তুলে তা নিয়ে সতর্কবার্তা দিল।,"ডোনাল্ড ট্রাম্প কোনো প্রমাণ ছাড়াই ডাকযোগে ভোটে ব্যাপক কারচুপির অভিযোগ করলে টুইটার পোস্টটিতে সতর্কবার্তা দিয়ে দাবিটিকে ভিত্তিহীন বলে তথ্য যাচাইয়ের লিংক দেয়। ট্রাম্প এর প্রতিবাদে টুইটারের বিরুদ্ধে বাকস্বাধীনতা হরণের ও নির্বাচনে হস্তক্ষেপের অভিযোগ করেন, जबकि টুইটার জানায় বিভ্রান্তিকর তথ্য ঠেকাতে তারা নতুন নীতিমালা প্রয়োগ করছে। महामारीর কারণে ডাকযোগে ভোটের প্রসঙ্গটি গুরুত্বপূর্ণ হয়ে উঠলেও, এ পদ্ধতিতে ব্যাপক কারচুপির দাবির পক্ষে প্রমাণ পাওয়া যায়নি।",6.98,0.0,4.65
news-49047323,"বাংলাদেশের বন্যা পূর্বাভাস এবং সতর্কীকরণ কেন্দ্র বলছে, আগামী ২৪ ঘণ্টায় দেশের মধ্যাঞ্চলের আরো চারটি জেলা প্লাবিত হতে পারে। এ নিয়ে মোট ২২টি জেলা বন্যায় আক্রান্ত হবে।","দেশের ২২টি জেলা বন্যাকবলিত, যার মধ্যে কুড়িগ্রামের চিলমারী উপজেলা প্রায় সম্পূর্ণ প্লাবিত হয়েছে এবং মানুষ নৌকায় আশ্রয়কেন্দ্রে যাচ্ছে। উজানের পানি ও একযোগে ভারী বৃষ্টির কারণে ফরিদপুর, মানিকগঞ্জ, মুন্সিগঞ্জ ও রাজবাড়ী আগামী ২৪ ঘণ্টায় প্লাবিত হওয়ার আশঙ্কা রয়েছে; ফরিদপুরে আশ্রয়কেন্দ্র, মেডিকেল টিম ও ত্রাণের প্রস্তুতি নেওয়া হয়েছে। নতুন করে ভারী বৃষ্টি না হলে পানি দুই সপ্তাহ পর্যন্ত থাকতে পারে।",21.43,7.32,14.29
news-39844487,"ভারতে মাওবাদী বিদ্রোহীদের মোকাবিলার পথ খুঁজতে সরকারের এক উচ্চ পর্যায়ের বৈঠকের পর স্বরাষ্ট্রমন্ত্রী রাজনাথ সিং জানিয়েছেন, এই সঙ্কটের কোনও চটজলদি সমাধান সম্ভব নয়, সর্বাত্মক উন্নয়ন আর আগ্রাসী নীতি বজায় রেখেই মাওবাদীদের কাবু করা সম্ভব।","ছত্তিশগড়ে মাওবাদী হামলায় ২৫ সিআরপিএফ জওয়ান নিহতের পর বৈঠকে স্বরাষ্ট্রমন্ত্রী রাজনাথ সিং জানান, মাওবাদী দমনে দ্রুত কোনো ‘শর্টকাট’ নেই এবং শান্তি-আলোচনার কথা সরকার ভাবছে না; বরং দীর্ঘমেয়াদি নিরাপত্তা অভিযান ও উন্নয়ন চালিয়ে যাওয়া হবে। বিশেষজ্ঞরা অবশ্য মনে করেন, অনুন্নয়ন, দুর্বল শাসন ও যোগাযোগব্যবস্থার ঘাটতি দূর করার পাশাপাশি মানবাধিকার রক্ষা ও শান্তি-আলোচনাই সমস্যার স্থায়ী সমাধানের পথ।",15.38,4.49,13.19
news-45408278,বাংলাদেশে বিরোধী দল- বিএনপি'র কেন্দ্রীয় নেতারা দুই সপ্তাহের ব্যবধানে আজ (মঙ্গলবার) আবারও বিদেশি কূটনীতিকদের সাথে বৈঠক করে দেশের রাজনৈতিক পরিস্থিতি নিয়ে কথা বলেছেন।,"খালেদা জিয়ার মুক্তি ও নির্বাচনসহ দেশের রাজনৈতিক পরিস্থিতি তুলে ধরতে বিএনপি গত সাত মাস ধরে যুক্তরাষ্ট্র, ভারতসহ ১৯টি দেশের কূটনীতিকদের সঙ্গে নিয়মিত বৈঠক করছে। বিএনপির দাবি, এটি নালিশ নয়, বরং গণতন্ত্রের সংকট ও রাজনৈতিক পরিস্থিতি সম্পর্কে আন্তর্জাতিক সম্প্রদায়কে অবহিত করার উদ্যোগ; বিশ্লেষকদের মতে, এর মাধ্যমে সরকারকে অবাধ ও অংশগ্রহণমূলক নির্বাচন এবং খালেদা জিয়ার মুক্তির বিষয়ে চাপ দেওয়াই বিএনপির লক্ষ্য।",14.46,4.94,12.05
news-54230851,"বাংলাদেশে জনসাধারণের মধ্যে 'শৈথিল্য' আসার কারণে করোনাভাইরাস সংক্রমণের দ্বিতীয় সংক্রমণ বা সেকেন্ড ওয়েভ আসতে পারে উল্লেখ করে কোভিড-১৯ সংক্রান্ত জাতীয় কারিগরি পরামর্শক কমিটি বলছে, এটা মোকাবেলার জন্য রোডম্যাপ তৈরি ও পূর্ণ প্রস্তুতি নিতে।","বাংলাদেশে সংক্রমণ ও মৃত্যুর হার কমলেও শীতকালে করোনাভাইরাসের দ্বিতীয় ঢেউ আসার আশঙ্কা করছেন প্রধানমন্ত্রী ও জাতীয় কারিগরি পরামর্শক কমিটি। কমিটি বেশি পরীক্ষা, দ্রুত শনাক্তকরণ ও আইসোলেশন, বিদেশফেরতদের স্ক্রিনিং-কোয়ারেন্টিন এবং হাসপাতাল প্রস্তুত রাখার পরামর্শ দিয়েছে; টিকা না আসা পর্যন্ত মাস্ক, হাত ধোয়া ও সামাজিক দূরত্ব মানার ওপর জোর দেওয়া হয়েছে।",21.43,7.32,16.67
news-46205974,রাজধানী ঢাকার নয়া পল্টন এলাকায় বিএনপি কার্যালয়ের কাছে দলটির নেতাকর্মীদের সাথে পুলিশের ধাওয়া-পাল্টা ধাওয়ার ঘটনা ঘটেছে।,"পল্টনে বিএনপি কার্যালয়ে মনোনয়নপত্র সংগ্রহকে কেন্দ্র করে নেতা-কর্মীদের সঙ্গে পুলিশের সংঘর্ষ, ধাওয়া-পাল্টা ধাওয়া, পুলিশের গাড়িতে আগুন ও কয়েকটি গাড়ি ভাঙচুরের ঘটনা ঘটেছে। পুলিশ ও বিএনপি উভয় পক্ষই একে অপরকে উসকানি ও হামলার জন্য দায়ী করেছে; বিএনপি নেতা রুহুল কবির রিজভী ঘটনাটিকে পরিকল্পিত উল্লেখ করে শান্তিপূর্ণভাবে নির্বাচনী প্রস্তুতির আহ্বান জানিয়েছেন। ঘটনার পর এলাকায় পুলিশ মোতায়েন রয়েছে এবং যান চলাচল বন্ধ।",17.95,5.26,15.38
news-53549847,বাংলাদেশে জুলাই মাসে কথিত 'বন্দুকযুদ্ধের' ঘটনা অনেক বেড়ে গেছে বলে মানবাধিকার সংস্থাগুলো বলছে। গত মার্চ মাস থেকে দেশটিতে করোনাভাইরাসের কারণে অনেক কিছু সীমিতভাবে চললেও কমেনি 'বন্দুকযুদ্ধের' ঘটনা।,"বাংলাদেশে কথিত ‘বন্দুকযুদ্ধে’ নিহতের সংখ্যা বাড়ছে; আইন ও সালিশ কেন্দ্রের হিসাবে ২৭ জুলাই পর্যন্ত এ ধরনের ঘটনায় ১৭৯ জন এবং অধিকারের হিসাবে জানুয়ারি-জুনে ১৪৬ জন নিহত হয়েছেন। আইনশৃঙ্খলা বাহিনী আত্মরক্ষার কথা বললেও মানবাধিকার সংস্থাগুলো এসব ঘটনাকে বিচারবহির্ভূত হত্যা হিসেবে চিহ্নিত করে আইনের শাসনের অভাব ও দায়মুক্তির সংস্কৃতিকে দায়ী করছে; নিহতদের পরিবারের অনেকেই দাবি করছেন, স্বজনদের গ্রেপ্তারের পর পরিকল্পিতভাবে হত্যা করা হয়েছে।",11.24,2.3,8.99
140427_pg_bd_heat_dhaka_ac,গত বেশ কিছুদিন বাংলাদেশের রাজধানী ঢাকায় বাসিন্দাদের আলোচনার প্রধান বিষয় দু:সহ গরম।,"গত ৫০ বছরের মধ্যে ঢাকায় এবার সর্বোচ্চ তাপমাত্রার কারণে এসির চাহিদা ও দাম দুটিই বেড়েছে, ফলে বাজারে সাধারণ ১–১.৫ টনের এসির সংকট দেখা দিয়েছে। সরবরাহ ও ফিটিং কর্মীর অভাবে ক্রেতাদের অপেক্ষা করতে হচ্ছে, আর এসির অতিরিক্ত ব্যবহারে বিদ্যুতের চাহিদা ও লোডশেডিংও বেড়েছে।",7.02,0.0,7.02
news-56880849,"বাংলাদেশে স্বাস্থ্য অধিদপ্তরের তথ্যে দেখা গেছে, গত সপ্তাহে যেখানে নমুনা পরীক্ষার বিচারে কোভিড-১৯ রোগী শনাক্তের হার ছিল ২৩ শতাংশ, কয়েকদিনের ব্যবধানে সেটি এখন ১৩ শতাংশে নেমে এসেছে।","লকডাউনের কারণে বাংলাদেশে সংক্রমণ ও মৃত্যুর হার কিছুটা কমলেও গত ২৪ ঘণ্টায় কোভিড-১৯-এ ১০১ জনের মৃত্যু হয়েছে এবং মোট মৃতের সংখ্যা ১১ হাজার ছাড়িয়েছে। দোকানপাট ও শপিংমল খুলে দেওয়ায় এবং শিগগির গণপরিবহন চালুর সম্ভাবনায় সংক্রমণ আবার বাড়ার আশঙ্কা করছেন বিশেষজ্ঞরা, বিশেষত ভারতীয় নতুন ধরন শনাক্তে সীমিত সক্ষমতার কারণে। স্বাস্থ্যবিধি না মানলে পরিস্থিতির অবনতি হলে সরকার পুনরায় লকডাউনে যেতে পারে।",11.24,2.3,8.99
news-42949518,ভারতে মুঘল আমলে নির্মিত আইকনিক স্থাপত্য তাজমহলের প্রাঙ্গণে সে রাজ্যের সরকার 'রামলীলা' অনুষ্ঠান আয়োজনের সিদ্ধান্ত নেওয়ার পর তা নিয়ে বিতর্ক চরমে উঠেছে।,"উত্তরপ্রদেশ সরকার তাজমহলকেন্দ্রিক এবারের ‘তাজ মহোৎসব’-এর উদ্বোধনে রামলীলা ও রামবন্দনা পরিবেশনের সিদ্ধান্ত নিয়েছে, যা বিজেপি নেতারা সমর্থন করলেও বিরোধী দল ও ঐতিহাসিকরা তাজমহলের মুঘল ঐতিহ্যকে আড়াল করার প্রচেষ্টা বলে সমালোচনা করেছেন। বিজেপির কিছু নেতা তাজমহলকে ‘তেজো মহল’ নামে হিন্দু মন্দির হিসেবে প্রচার করে এই আয়োজনকে স্বাগত জানালেও বিরোধীরা একে সাম্প্রদায়িক বিদ্বেষ ছড়ানোর অপপ্রচার হিসেবে অভিহিত করেছে। আগামী ১৮ ফেব্রুয়ারি মুখ্যমন্ত্রী যোগী আদিত্যনাথ ও রাজ্যপাল রাম নায়েকের উপস্থিতিতে উৎসবটির উদ্বোধন হওয়ার কথা।",10.64,0.0,6.38
news-56080104,বাংলাদেশের সেনাপ্রধান ও তার ভাইদের নানা কর্মকাণ্ড ও দুর্নীতির অভিযোগ নিয়ে কাতার-ভিত্তিক টেলিভিশন চ্যানেল আল জাজিরার করা একটি অনুসন্ধানী প্রতিবেদন 'অসৎ উদ্দেশ্য' নিয়ে করা হয়েছে বলে দাবি করছেন জেনারেল আজিজ আহমেদ।,"সেনাপ্রধান জেনারেল আজিজ আহমেদ আল জাজিরার ‘অল দ্য প্রাইম মিনিস্টার’স মেন’ প্রতিবেদনকে ভিত্তিহীন ও অসৎ উদ্দেশ্যপ্রণোদিত বলে দাবি করেন এবং বলেন, তাঁর ভাইদের বিরুদ্ধে সংশ্লিষ্ট সময়ে কোনো সাজা বা মামলা ছিল না। প্রতিবেদনে তাঁর দণ্ডিত ও পলাতক দুই ভাইয়ের বিদেশে থাকা এবং তাঁর ছেলের বিয়েতে তাদের উপস্থিতির বিষয় তুলে ধরা হয়েছিল; জেনারেল আজিজের মতে, তাঁকে হেয় করা মানে প্রধানমন্ত্রী ও সরকারকে হেয় করা।",29.17,8.51,14.58
news-54239981,বাংলাদেশে শীতের সময় করোনাভাইরাস সংক্রমণের প্রকোপ আরও বাড়তে পারে বা দ্বিতীয় ঢেউ আসতে পারে- এমন আশংকা থেকে সরকার ভাইরাসটি প্রতিরোধ এবং চিকিৎসার ব্যাপারে একটি রোডম্যাপ তৈরি করেছে।,"শীতে ঠাণ্ডাজনিত রোগ ও কোভিড-১৯ সংক্রমণ বাড়ার আশঙ্কায় স্বাস্থ্য মন্ত্রণালয় ওষুধ-ভ্যাকসিনের মজুদ নিশ্চিত, প্রয়োজনে নন-কোভিড হাসপাতাল পুনরায় কোভিড চিকিৎসায় ব্যবহার এবং চিকিৎসক-টেলিমেডিসিন প্রস্তুত রাখার পরিকল্পনা করেছে। সংক্রমণ শনাক্তে পরীক্ষা বাড়ানো, সচেতনতা জোরদার ও মাস্ক না পরলে আইনি ব্যবস্থা নেওয়ার কথা বলা হলেও মানুষের সচেতনতা ও পরীক্ষার আগ্রহ কমে যাওয়ায় বিশেষজ্ঞরা প্রতিরোধমূলক ব্যবস্থায় আরও গুরুত্ব দেওয়ার আহ্বান জানিয়েছেন।",6.82,0.0,4.55
news-49144997,টেলিভিশনে পাকিস্তানের শীর্ষস্থানীয় বিরোধী রাজনীতিবিদ আসিফ আলী জারদারির সাক্ষাৎকার নিচ্ছিলেন সুপরিচিত একজন সাংবাদিক হামিদ মীর। সাক্ষাৎকারটির সম্প্রচার শুরু হওয়ার কয়েক মিনিটের মধ্যেই এর সম্প্রচার বন্ধ হয়ে যায়।,"পাকিস্তানে বিরোধী নেতাদের সাক্ষাৎকার ও বক্তব্য সম্প্রচার বন্ধ, মাঝপথে বিজ্ঞাপন চালানো এবং টিভি চ্যানেল বন্ধের ঘটনায় সংবাদমাধ্যমের ওপর সেন্সরশিপের অভিযোগ জোরালো হয়েছে; সাংবাদিকদের দাবি, সরকার, সামরিক বাহিনী ও গোয়েন্দা সংস্থাগুলো চাপ, বিজ্ঞাপন বন্ধ ও সম্প্রচার নিয়ন্ত্রণের মাধ্যমে সমালোচনা দমন করছে। সরকার ও সেনাবাহিনী অভিযোগ অস্বীকার করলেও রিপোর্টার্স উইদাউট বর্ডার্সের সূচকে পাকিস্তান ১৮০ দেশের মধ্যে ১৪২তম, যা দেশটির গণমাধ্যমের স্বাধীনতার অবনতির ইঙ্গিত দেয়।",11.24,2.3,8.99
news-56878093,বাংলাদেশে আগামীকাল সোমবার থেকে করোনাভাইরাসের টিকার প্রথম ডোজ দেয়া বন্ধ করে দিচ্ছে কর্তৃপক্ষ।,"ভারতের সেরাম ইনস্টিটিউট থেকে প্রত্যাশিত টিকা না পাওয়া এবং ভারতীয় রপ্তানি নিষেধাজ্ঞার কারণে বাংলাদেশ ২৬ এপ্রিল থেকে পরবর্তী নির্দেশ না দেওয়া পর্যন্ত কোভিড-১৯ টিকার প্রথম ডোজ প্রদান সাময়িকভাবে বন্ধ করেছে। সরকার তিন কোটি ডোজের চুক্তি করলেও এ পর্যন্ত সেরাম থেকে ৭০ লাখ ও উপহার হিসেবে ৩২ লাখ—মোট ১ কোটি ২ লাখ ডোজ পেয়েছে, যার বড় অংশ বিতরণ হয়ে গেছে। মে মাসে কোভ্যাক্স ও সেরাম থেকে আরও ২১ লাখ ডোজ পাওয়ার আশা থাকলেও সরবরাহ নিয়ে অনিশ্চয়তা রয়েছে।",10.99,4.49,10.99
news-51083336,গত ১৫ বছর ধরে কেটি মেইসনরুজ অপেক্ষা করছেন এমন এক সফরের জন্য যেটি তাকে পৃথিবী থেকে নিয়ে যাবে ভিন্ন এক জগতে।,"৬১ বছর বয়সী কেটি মেইজনরুজসহ শত শত মানুষ ভার্জিন গ্যালাকটিকের মহাকাশ পর্যটন ফ্লাইটের টিকিট কিনেছেন, যার উদ্বোধন এ বছর হওয়ার কথা। পর্যটকদের মাত্র তিন দিনের প্রশিক্ষণ দিয়ে ৯০ মিনিটের যাত্রায় কয়েক মিনিট মহাকাশে থাকার সুযোগ দেওয়া হবে; একই সময়ে ব্লু অরিজিন ও স্পেসএক্সও মহাকাশ পর্যটন ও দ্রুত আন্তঃমহাদেশীয় ভ্রমণের পরিকল্পনা করছে।",5.56,0.0,5.56
news-46679946,ইতালিতে অভিবাসীদের এক কেন্দ্রে একটি দু'বছরের শিশুর খৎনা করানোর সময় অতিরিক্ত রক্তক্ষরণ শুরু হবার ফলে ছেলেটি মারা গেছে।,"ইতালির মন্টেরন্ডোতে অবৈধভাবে খৎনা করানোর পর এক শিশু অতিরিক্ত রক্তক্ষরণে মারা গেছে এবং তার ভাই হাসপাতালে চিকিৎসাধীন; ঘটনায় ৬৬ বছর বয়স্ক এক ব্যক্তির বিরুদ্ধে হত্যা মামলা হয়েছে ও লিবিয়ান বংশোদ্ভূত মার্কিন ডাক্তারকে গ্রেফতার করা হয়েছে। ইতালিতে বছরে প্রায় পাঁচ হাজার খৎনা হয়, যার এক-তৃতীয়াংশের বেশি অবৈধভাবে; সরকারি ব্যবস্থায় এটি না থাকায় ব্যয়বহুল বেসরকারি চিকিৎসার পরিবর্তে দরিদ্র পরিবারগুলো প্রায়ই অদক্ষ ব্যক্তির শরণ নেয়।",17.07,5.0,12.2
news-47301727,পনের বছর বয়সে তথাকথিত ইসলামিক স্টেট বা আইএসে যোগ দেয়া শামীমা বেগম ব্রিটিশ নাগরিকত্ব হারাতে যাচ্ছেন।,"আইএসে যোগ দিতে ২০১৫ সালে যুক্তরাজ্য ছেড়ে সিরিয়ায় যাওয়া শামীমা বেগমের ব্রিটিশ নাগরিকত্ব বাতিলের সিদ্ধান্ত জানানো হয়েছে, যা তার পরিবার আইনি পথে চ্যালেঞ্জ করার কথা ভাবছে। সিরিয়ার শরণার্থীশিবিরে সন্তান জন্ম দেওয়ার পর তিনি সন্তানকে নিয়ে যুক্তরাজ্যে ফিরতে চান, তবে বাংলাদেশি বংশোদ্ভূত হলেও বাংলাদেশি নাগরিকত্ব বা পাসপোর্ট নেই বলে জানিয়েছেন। ম্যানচেস্টার হামলা ও আইএসের কর্মকাণ্ড নিয়ে তার মন্তব্যে হামলায় আহত ব্যক্তি ও নিহতদের স্বজনদের মধ্যে ক্ষোভ সৃষ্টি হয়েছে।",14.46,4.94,12.05
news-49709690,প্রিয়াঙ্কা তরফদার বৃষ্টি বছর তিনেক আগে শ্রীমঙ্গলে তার গ্রামের বাড়ি থেকে ছুটি কাটিয়ে ঢাকায় ফিরছিলেন।,"গত পাঁচ বছরে বাংলাদেশে ট্রেনে পাথর নিক্ষেপের কারণে ২,০০০-এর বেশি জানালা-দরজা ভাঙার ঘটনা ঘটেছে এবং এতে যাত্রীসহ রেলকর্মী নিহত ও আহত হয়েছেন। রেল কর্তৃপক্ষ ৬৫টি ঝুঁকিপূর্ণ স্থান চিহ্নিত করে সচেতনতা ও পুলিশি নজরদারি বাড়ালেও জড়িতদের শনাক্ত ও শাস্তি দেওয়া কঠিন হওয়ায় ঘটনা পুরোপুরি বন্ধ হয়নি।",0.0,0.0,0.0
news-56546869,গত দু বছরের মধ্যে চতুর্থবারের মতো একই সমস্যা হচ্ছে ইসরায়েলে- নির্বাচনের পর সংখ্যাগরিষ্ঠতা পেয়েও ক্ষমতায় থাকার জন্য প্রয়োজনীয় আসনের জন্য হাহাকার করতে হচ্ছে প্রধানমন্ত্রী বেনিয়ামিন নেতানিয়াহুকে।,"ইসরায়েলের নির্বাচনে কোনো পক্ষই নিরঙ্কুশ সংখ্যাগরিষ্ঠতা না পাওয়ায় পাঁচটি আসনজয়ী ইসলামপন্থী আরব দল রাম ও এর নেতা মানসুর আব্বাস কিংমেকার হয়ে উঠেছেন। নেতানিয়াহুকে ক্ষমতায় রাখতে বা সরকার গঠনে রাম জোটে যোগ দিতে পারে, কিংবা বাইরে থেকে সমর্থন দিতে পারে—বিনিময়ে আরব জনগোষ্ঠীর স্বার্থ আদায়ের সুযোগ পাবে। তবে নেতানিয়াহুর ডানপন্থী শরিকদের সঙ্গে রামের সমন্বয় এবং সম্ভাব্য জোটের প্রভাব, বিশেষ করে ফিলিস্তিনিদের ওপর, এখনও অনিশ্চিত।",6.74,0.0,4.49
news-56728594,বাংলাদেশের মন্ত্রিপরিষদ বিভাগ সাত দিনের লকডাউনের যে বিধি-নিষেধ দিয়েছে বুধবার থেকে তার মধ্যে সব ধরণের আর্থিক প্রতিষ্ঠান বন্ধ রাখার নির্দেশ দেয়া হয়েছে।,"বাংলাদেশ ব্যাংকের নির্দেশনা অনুযায়ী ১৪ এপ্রিল থেকে বিধিনিষেধ চলাকালে বিশেষ কিছু শাখা ছাড়া সব ব্যাংক বন্ধ থাকবে। তবে বন্দর ও কাস্টমস এলাকার নির্দিষ্ট শাখা সীমিত জনবল নিয়ে চালু রাখা যাবে এবং এটিএম, কার্ড ও অনলাইন ব্যাংকিং সেবা সচল রাখতে পর্যাপ্ত নগদ সরবরাহ নিশ্চিত করতে হবে।",8.82,0.0,8.82
news-52668365,বাংলাদেশে করোনাভাইরাস মহামারির মধ্যে লকডাউনের কারণে ক্ষতিগ্রস্ত ৫০ লাখ দরিদ্র পরিবারকে ঈদ উপলক্ষে আড়াই হাজার টাকা করে নগদ সহায়তা দেয়া শুরু করা হয়েছে।,"দেশে পাঁচ কোটির বেশি মানুষের খাদ্য সহায়তা জরুরি হলেও সরকারি খাদ্য ও নগদ সহায়তার পরও অনেকে তা পাননি বলে অভিযোগ করছেন। সহায়তার তালিকা তৈরিতে তাড়াহুড়ো, পুরোনো তথ্য, স্থানীয় জনপ্রতিনিধিদের ওপর নির্ভরতা এবং বিতরণে অনিয়ম-দুর্নীতির কারণে সমন্বয় নিয়ে প্রশ্ন উঠেছে। সরকার সমন্বয় ও পর্যাপ্ত সহায়তার দাবি করলেও বিশেষজ্ঞদের মতে, নিম্ন মধ্যবিত্ত ও নতুন করে দরিদ্র হয়ে পড়া মানুষের সংখ্যা সরকারি সহায়তার আওতার চেয়ে অনেক বেশি।",11.36,0.0,4.55
news-45932627,জামাল খাসোগজির হত্যকাণ্ড সম্পর্কে আরেকটি নতুন ভাষ্য হাজির করেছে সৌদি আরব।,"সৌদি আরবের আগের বক্তব্যের বিপরীতে এক জ্যেষ্ঠ কর্মকর্তা রয়টার্সকে জানান, ১৫ সদস্যের সৌদি দল জামাল খাসোগজিকে অপহরণ করে ‘সেফ হাউজে’ নেওয়ার পরিকল্পনা করেছিল; প্রতিরোধের সময় তাকে জাপটে ধরলে তিনি শ্বাসরুদ্ধ হয়ে মারা যান। পরে তার পোশাক পরে এক সদস্য কনস্যুলেট থেকে বেরিয়ে যাওয়ার ভান করেন এবং মৃতদেহ স্থানীয় সহযোগীর মাধ্যমে গুমের চেষ্টা করা হয়। সৌদি ভাষ্যের বারবার পরিবর্তন, দেহাবশেষের অবস্থান এবং যুবরাজ মোহাম্মদ বিন সালমানের জ্ঞাতসারে অভিযানটি পরিচালিত হয়েছিল কি না—এসব প্রশ্নে সংকট আরও গভীর হয়েছে।",4.55,0.0,4.55
news-46002945,ভারতের দিল্লি বিশ্ববিদ্যালয় তাদের পাঠ্যক্রম থেকে কয়েকটি বই বাদ দিতে চলেছে।,"দিল্লি বিশ্ববিদ্যালয় রাষ্ট্রবিজ্ঞানের এমএ পাঠ্যক্রম থেকে কাঞ্ছা ইলাইয়ার তিনটি বই ও ক্রিস্টোফার জেফারলেটের ‘মিলিশিয়াজ অফ হিন্দুত্ব’ বাদ দেওয়ার প্রক্রিয়া শুরু করেছে। বিশ্ববিদ্যালয়ের একাংশের দাবি, বইগুলোতে পর্যাপ্ত গবেষণা ও তথ্য নেই এবং এগুলো শিক্ষার্থীদের মধ্যে বিভাজন তৈরি করতে পারে; তবে লেখক ও সমালোচকদের অভিযোগ, বিজেপি-আরএসএসের হিন্দুত্ববাদী মতাদর্শকে চ্যালেঞ্জ করার কারণেই বইগুলো সরানো হচ্ছে। কর্তৃপক্ষ অবশ্য কোনো বাইরের চাপের অভিযোগ অস্বীকার করে সিদ্ধান্তটিকে বিশ্ববিদ্যালয়ের স্বায়ত্তশাসিত প্রক্রিয়া বলে দাবি করেছে।",15.19,5.19,15.19
news-42139703,"ভারতে বহুল আলোচিত আখিলা হাদিয়া-র তথাকথিত 'লাভ জিহাদ' মামলায় দেশের সুপ্রিম কোর্ট সোমবার তার বাবা-মা বা স্বামী, কারও কাছেই তাকে থাকার অনুমতি না-দিয়ে আপাতত তার মেডিক্যাল কলেজের হাতেই তার অভিভাবকত্ব তুলে দিয়েছে।","সুপ্রিম কোর্ট প্রাপ্তবয়স্ক আখিলা হাদিয়াকে বাবা-মায়ের হেফাজত থেকে মুক্তি দিয়ে আগামী ১১ মাস তামিলনাড়ুর কলেজে মেডিক্যাল ইন্টার্নশিপ শেষ করার অনুমতি দিয়েছে, তবে এ সময় কলেজের ডিন তাঁর অভিভাবক থাকবেন। হাদিয়া স্বেচ্ছায় ইসলাম গ্রহণ ও শাফিন জাহানকে বিয়ের কথা পুনর্ব্যক্ত করলেও আদালত ‘লাভ জিহাদ’ বা বিয়ের বৈধতা নিয়ে চূড়ান্ত মন্তব্য করেনি; পরবর্তী শুনানি জানুয়ারিতে হবে।",28.89,4.55,13.33
news-48499557,উত্তর কোরিয়ান একজন কর্মকর্তা - যাকে শ্রম শিবিরে পাঠিয়ে দেয়া হয়েছে বলে খবর বেরিয়েছিল - তিনি সেদেশের নেতা কিম জং আনের সাথে একটি অনুষ্ঠানে যোগ দিয়েছেন বলে রাষ্ট্রীয় সংবাদ মাধ্যমে বলা হয়েছে।,"কিম ইয়ং-চোলকে শ্রম শিবিরে পাঠানোর খবর প্রকাশিত হলেও উত্তর কোরিয়ার রাষ্ট্রীয় সংবাদমাধ্যমে তাকে কিম জং-আনসহ কর্মকর্তাদের সঙ্গে একটি সঙ্গীতানুষ্ঠানে দেখা গেছে। তিনি ক্ষমতাশালী পদে বহাল আছেন বলে বিশেষজ্ঞরা মনে করছেন, আর উত্তর কোরিয়ার কর্মকর্তাদের শাস্তি বা মৃত্যুদণ্ডের খবর অতীতে বহুবার ভুল প্রমাণিত হওয়ায় এসব প্রতিবেদন নিয়ে সংশয় রয়েছে।",25.0,5.13,17.5
news-48081272,"আপনার বয়স যদি ২০ বছর বা তার আশেপাশে হয়, তাহলে ধরে নিন যে আপনার মগজ এখন নতুন সব ধারণার হটস্পটে পরিণত হয়েছে। যারা ওই বয়স ফেলে এসেছেন, তারাও যদি পেছনে ফিরে তাকান তাহলে পার্থক্য ধরতে পারবেন।","ওহাইও স্টেট ইউনিভার্সিটির গবেষণা অনুযায়ী, মানুষের সৃজনশীলতার দুটি শিখর সাধারণত ২০–২৬ বছর এবং ৫০-এর দশকে দেখা যায়; তাই তরুণ বয়সে বড় উদ্ভাবন না হলেও ভবিষ্যতে সাফল্যের সম্ভাবনা থাকে। গবেষকরা নিয়মিত শেখা, পরীক্ষা-নিরীক্ষা ও চেষ্টা চালিয়ে যাওয়ার পরামর্শ দিয়েছেন, কারণ অনেক গুরুত্বপূর্ণ উদ্ভাবক জীবনের শেষ পর্যায়ে তাদের সেরা কাজ করেছেন।",4.55,0.0,4.55
news-40377323,"ব্রিটেনের প্রধানমন্ত্রী বলেছেন ব্রেক্সিটের পরও একজন বৈধ অভিবাসী,যিনি ইইউ নাগরিক তিনি একজন ব্রিটিশ নাগরিকের সমান সব ধরনের অধিকার পাবেন।","টেরিজা মে বলেছেন, ব্রেক্সিটের পর যুক্তরাজ্যে থাকা ইউরোপীয় নাগরিকেরা শিক্ষা, চিকিৎসা ও অন্যান্য সুযোগ-সুবিধা পাবেন এবং তাদের কাউকে দেশ ছাড়তে হবে না; তিনি ইইউ দেশগুলোতেও যুক্তরাজ্যের নাগরিকদের জন্য একই ব্যবস্থা প্রত্যাশা করেন। যুক্তরাজ্যে থাকা প্রায় ৩০ লাখ ২০ হাজার ইইউ নাগরিকের ভবিষ্যৎ নিয়ে উদ্বেগ থাকলেও অ্যাঙ্গেলা মেরকেল প্রস্তাবটিকে ‘ভালো শুরু’ বলেছেন এবং ব্রেক্সিটের আরও অনেক বিষয় সমাধান করতে হবে বলে উল্লেখ করেছেন।",14.46,2.47,9.64
news-48151325,"বাংলাদেশে আবহাওয়া বিভাগের সিনিয়র আবহাওয়াবিদ বজলুর রশীদ বিবিসিকে বলেন, ভারতের পশ্চিমবঙ্গ হয়ে ঘূর্ণিঝড় ফণী যখন বাংলাদেশের দক্ষিণ- পশ্চিমাঞ্চলে ঢুকবে, তখন এর গতি হবে ঘণ্টায় ৯০ থেকে ১১০ কিলোমিটার।","ঘূর্ণিঝড় ফণী শক্তি হারিয়ে মধ্যরাতের পর খুলনা-সাতক্ষীরা উপকূলে প্রবেশ করবে বলে জানানো হয়েছে; এতে দক্ষিণ-পশ্চিমাঞ্চলের নিচু এলাকা প্লাবিত, ভারী বৃষ্টি, ঝোড়ো বাতাসে কাঁচা ঘরবাড়ি ও ফসলের ক্ষতি হতে পারে। বড় ধরনের বিপদের আশঙ্কা না থাকলেও রাত থেকে পরদিন দুপুর পর্যন্ত সতর্ক থাকতে বলা হয়েছে, ৭ নম্বর সতর্ক সংকেত বজায় আছে এবং উপকূলীয় এলাকার বহু মানুষকে আশ্রয়কেন্দ্রে সরিয়ে নেওয়া হয়েছে। বাংলাদেশ পেরিয়ে ঝড়টি দুর্বল হয়ে রোববার নাগাদ পরিস্থিতি স্বাভাবিক হতে পারে।",10.0,2.04,8.0
news-55754177,বাংলাদেশে সম্প্রতি এক বৃদ্ধা নারীকে তার গৃহপরিচারিকার বেধড়ক পেটানো এবং এরপর লুটপাটের ঘটনা গভীর উদ্বেগের জন্ম দিয়েছে।,"বাংলাদেশে প্রবীণ জনগোষ্ঠী বাড়লেও তাদের জন্য সরকারি-বেসরকারি সেবা, অবকাঠামো ও প্রশিক্ষিত সেবাদানকারীর ব্যাপক ঘাটতি রয়েছে, ফলে পরিবারের সদস্যরা অনিরাপদভাবে গৃহকর্মীদের ওপর নির্ভর করতে বাধ্য হচ্ছেন। বিশেষজ্ঞরা প্রবীণদের নিরাপত্তায় বিনিয়োগ বাড়ানো, সরকারি-বেসরকারি বৃদ্ধাশ্রম ও ডে-কেয়ার সেন্টার গড়ে তোলা এবং প্রবীণদের প্রতি সামাজিক দৃষ্টিভঙ্গিতে পরিবর্তনের পরামর্শ দিয়েছেন।",6.15,0.0,6.15
news-48742054,"বাংলাদেশ ক্রিকেটের সেরা ক্রিকেটার সাকিব আল হাসান, অন্তত পরিসংখ্যান তাই বলে।",অস্ট্রেলিয়ার সাবেক ক্রিকেটার মাইক হাসি ও ভারতের মুরলি কার্তিকসহ ক্রিকেট বিশ্লেষকরা সাকিব আল হাসানকে বিশ্বসেরা অলরাউন্ডারদের একজন হিসেবে অভিহিত করেছেন। চলতি বিশ্বকাপে সাকিব ব্যাটে-বলে অসাধারণ পারফর্ম করে ৪০০ রান ও ১০ উইকেট অর্জন করেছেন এবং বিশ্বকাপে ১০০০ রান ও ৩০ উইকেট নেওয়া একমাত্র ক্রিকেটার হয়েছেন।,14.04,3.64,14.04
news-52220120,"করোনাভাইরাস দুর্যোগে বাংলাদেশে লকডাউনের মধ্যে কর্মহীন মানুষ এবং দরিদ্র জনগোষ্ঠীকে খাদ্য সহায়তা দেয়ার ক্ষেত্রে দুনীতি, অনিয়ম বা বিশৃঙ্খলা এখনও থামানো যায়নি।","করোনাভাইরাসের কারণে কর্মহীন ও দরিদ্র মানুষের সংখ্যা বাড়লেও লকডাউনের দ্বিতীয় সপ্তাহ শেষে সরকারি ত্রাণের তালিকা তৈরির কাজ অসম্পূর্ণ রয়ে গেছে, ফলে অনেকেই সহায়তা পাচ্ছেন না। ১০ টাকা কেজি দরের চাল আত্মসাৎ ও বিতরণে অনিয়মের অভিযোগে কয়েকজন আওয়ামী লীগ নেতা ও ডিলারের জেল-জরিমানা হয়েছে এবং সরকার কঠোর ব্যবস্থা নেওয়ার দাবি করছে। ত্রাণ বিতরণে সমন্বয়হীনতা, পুরোনো তালিকা ও জনসমাগমের কারণে দুর্নীতি এবং সামাজিক দূরত্ব ভঙ্গের সমস্যা অব্যাহত রয়েছে।",11.36,0.0,6.82
news-48290970,"গত মাসে ইন্দোনেশিয়ায় রাষ্ট্রপতি, জাতীয় ও আঞ্চলিক নির্বাচন অনুষ্ঠিত হয়। একদিনে এত বড় ভোট প্রক্রিয়া পৃথিবীতে খুব একটা দেখা যায় না।","ইন্দোনেশিয়ার ১৭ এপ্রিলের নির্বাচনে ৭৩ লাখের বেশি কর্মকর্তা দায়িত্ব পালন করেন, যাদের মধ্যে অতিরিক্ত কাজ, দীর্ঘ সময় জেগে থাকা, ক্লান্তি ও চাপের কারণে ৫৫০ জনেরও বেশি মারা যান এবং প্রায় ১,৮৭৮ জন অসুস্থ হন। স্বাভাবিক মৃত্যুহারের হিসাবের সঙ্গে মোট সংখ্যা মিলে গেলেও মৃতদের অধিকাংশের বয়স ৫০ বছরের বেশি হওয়ায় নির্বাচনী কর্মীদের মৃত্যুহার তুলনামূলকভাবে বেশি বলে মনে করা হচ্ছে। এ ঘটনার পর ভবিষ্যৎ নির্বাচনে স্বাস্থ্য পরীক্ষা, নিয়মিত বিরতি ও কাজের সুষ্ঠু ব্যবস্থাপনার উদ্যোগ নেওয়ার সিদ্ধান্ত হয়েছে।",2.06,0.0,2.06
news-52345995,করোনাভাইরাস সংক্রমিতদের মধ্যে গুরুতর উপসর্গ দেখা দেয়া ঠেকাতে পারবে এমন কিছু ওষুধের পরীক্ষা শুরু করেছেন গবেষকরা।,"অক্সফোর্ডের গবেষকরা করোনার প্রাথমিক লক্ষণ দেখা দিলে হাইড্রোক্সিক্লোরোকুইন ও এ্যাজিথ্রোমাইসিনের মতো সহজলভ্য ওষুধ দিয়ে রোগীদের হাসপাতালে ভর্তি কমানো বা দ্রুত সুস্থ হওয়া যায় কি না, তা পরীক্ষা করছেন। রেমডেসিভিরে দ্রুত সুস্থতার প্রাথমিক খবর শেয়ারবাজারে উত্সাহ সৃষ্টি করলেও বিশেষজ্ঞরা সতর্ক করেছেন যে এ ফল থেকে এখনই নিশ্চিত সিদ্ধান্তে আসা যায় না। পাশাপাশি অক্সফোর্ডসহ বিশ্বের প্রায় ৮০টি দল টিকা তৈরিতে কাজ করছে, তবে টিকা কার্যকর ও ব্যাপকভাবে উৎপাদনযোগ্য হতে সাধারণত ১২–১৮ মাস লাগতে পারে।",8.99,0.0,6.74
news-49173643,"""তারা রাতে যেকোনো সময় ১০ থেকে ৪০ বারের মত জেগে উঠতো এবং আমি একেবারেই বাড়িয়ে বলছি না"" বলছিলেন জ্যাকি উলস্টেনহোম। তিনি তার যমজ বাচ্চাদের নিয়ে যখন নির্ঘুম রাত কাটাতেন তখনকার কথা মনে করে বলছিলেন।","ঘুমের সমস্যায় জ্যাকির যমজ সন্তানদের কারণে তিনি ১২ মাস পরও কাজে ফিরতে পারেননি এবং দম্পতি দুজনেই চরম ঘুম-বঞ্চনা ও অবসাদে ভুগেছিলেন। শেফিল্ডের একটি স্লিপ ক্লিনিকের নিয়মিত ঘুমের রুটিন ও চিকিৎসায় শিশুদের ঘুমের সময় বেড়েছে, ঘুমাতে যাওয়ার সময় কমেছে এবং পরিবারের জীবনমান উন্নত হয়েছে। বিশেষজ্ঞরা বলছেন, শিশুদের ঘুমের সমস্যা একটি গোপন জনস্বাস্থ্য সংকট হলেও লজ্জা বা ভয়ের কারণে অনেক বাবা-মা সাহায্য চান না।",10.2,0.0,6.12
news-48488145,বাংলাদেশে একাদশ জাতীয় সংসদে সংরক্ষিত আসনে প্রধান বিরোধী দল জাতীয় পার্টির সংসদ সদস্য আছেন চারজন।,"জাতীয় পার্টির সংরক্ষিত নারী আসনের এমপি ও প্রেসিডিয়াম সদস্য মাসুদা এম রশীদ চৌধুরীকে দলীয় সংগঠন শক্তিশালী না করা ও দুই বছর চাঁদা না দেওয়ার অভিযোগে কারণ দর্শানোর নোটিশ দিয়েছেন মহাসচিব মসিউর রহমান রাঙ্গা। মাসুদার ছেলে দাবি করেছেন, জিএম কাদেরের অনুসারী হওয়ায় তাকে হেয় করার চেষ্টা চলছে, আর জিএম কাদের বলেছেন, এমপি মনোনয়নের কোনো শর্তযুক্ত চিঠির বিষয়ে তিনি কিছু জানেন না।",10.67,2.74,8.0
news-46175088,"গুরুতর অসুস্থ একজন নারী, যিনি নিজের শেষকৃত্য অনুষ্ঠানের জন্য প্রায় সাত হাজার পাউন্ড তহবিল সংগ্রহ করেছিলেন, তিনি মারা গেছেন।","যুক্তরাজ্যের অভিনেত্রী শার্লি হেলার ২০১৭ সালে ফুসফুসে টিউমার ধরা পড়ার পর চিকিৎসকের কাছ থেকে অল্পদিন বাঁচার খবর পেয়ে নিজের অন্ত্যেষ্টিক্রিয়ার খরচের জন্য তহবিল সংগ্রহ শুরু করেন। নেটফ্লিক্সে মুক্তি পাওয়া ‘আউটল কিং’ ছবিতে অভিনয় করলেও মুক্তির দুই দিন আগে তিনি ঘুমের মধ্যে মারা যান; ৩০০-এর বেশি মানুষ ৬,৯৫৬ পাউন্ড দান করেন, যা দিয়ে তার বাবা-মা অন্ত্যেষ্টিক্রিয়া ও স্কটল্যান্ডে যাতায়াতের খরচ বহন করতে পারবেন।",16.67,2.44,14.29
news-56602385,"ভারতের বারাণসীতে জ্ঞানবাপী মসজিদ কমপ্লেক্সের ভেতর কোনও মন্দিরের অস্তিত্ব ছিল কি না, শহরের একটি দেওয়ানি আদালত তা খতিয়ে দেখার নির্দেশ দেওয়ার পর সেই রায় নিয়ে তীব্র বিতর্ক শুরু হয়েছে।","বারাণসীর জ্ঞানবাপী মসজিদ আগে মন্দিরের অংশ ছিল কি না তা খতিয়ে দেখতে আদালত ভারতের প্রত্নতত্ত্ব বিভাগকে সমীক্ষার নির্দেশ দিয়েছে এবং এর খরচ উত্তরপ্রদেশ সরকার বহন করবে। মুসলিম নেতারা ও ইতিহাসবিদেরা রায়টির সাংবিধানিক বৈধতা, প্রত্নতত্ত্ব বিভাগের নিরপেক্ষতা এবং ১৯৯১ সালের ধর্মীয় উপাসনালয় আইন লঙ্ঘনের অভিযোগ তুলেছেন; পর্যবেক্ষকদের আশঙ্কা, এই সিদ্ধান্ত অযোধ্যার পর নতুন মন্দির-মসজিদ বিরোধ ও সাম্প্রদায়িক উত্তেজনা উসকে দিতে পারে।",26.67,9.09,22.22
news-55427149,"বাংলাদেশে করোনাভাইরাসের কারণে নয় মাসেরও বেশি সময় ধরে বন্ধ রয়েছে সব ধরণের শিক্ষা প্রতিষ্ঠান। মনোবিজ্ঞানীরা বলছেন, দীর্ঘ সময় স্কুলের বাইরে থাকার কারণে অনেক শিশুর মধ্যেই আচরণগত পরিবর্তন আসতে পারে।","করোনাভাইরাসের কারণে দীর্ঘদিন শিক্ষাপ্রতিষ্ঠান বন্ধ থাকায় শিশুদের পড়াশোনায় অনাগ্রহ, মোবাইল-ইন্টারনেট আসক্তি, আচরণগত পরিবর্তন ও সামাজিক বিচ্ছিন্নতা বাড়ছে। মনোবিজ্ঞানীরা আশঙ্কা করছেন, স্কুল খুললে তাদের নিয়মতান্ত্রিক জীবন ও সহপাঠীদের সঙ্গে খাপ খাওয়াতে সমস্যা হতে পারে; তাই বাবা-মাকে শিশুদের পাশে থেকে নির্দিষ্ট দৈনন্দিন রুটিন বজায় রাখতে হবে।",18.67,5.48,16.0
news-50441857,ক্যান্সারের রোগীরা ভেষজ পিল গ্রহণ করেন তাহলে বিষয়টি তাদের চিকিৎসককে জানানো প্রয়োজন।,"রসুন, আদা, জিনসেং, হলুদসহ কিছু ভেষজ ও ফল ক্যান্সারের ওষুধ, হরমোন থেরাপি বা কেমোথেরাপির কার্যকারিতায় বাধা দিতে পারে এবং রক্ত জমাট বাঁধতে দেরি করিয়ে ক্ষত শুকাতে বিলম্ব ঘটাতে পারে। তাই ক্যান্সার চিকিৎসার সময় কোনো বিকল্প চিকিৎসা, ভেষজ ওষুধ বা নির্দিষ্ট খাবার গ্রহণের আগে অবশ্যই চিকিৎসকের পরামর্শ নেওয়া উচিত।",6.67,0.0,6.67
news-55075456,পেঁয়াজের বীজ চাষ করে আত্মনির্ভরশীল তো বটেই বরং অনন্য উদাহরণ স্থাপন করেছেন বাংলাদেশের ফরিদপুর জেলার সাহিদা বেগম।,"সাহিদা বেগম ১৮ বছর ধরে পেঁয়াজের বীজ চাষ করে চলতি বছর ৩০ একর জমিতে প্রায় ২০০ মণ বীজ উৎপাদন ও বিক্রি করেছেন, যার মূল্য ছিল প্রায় চার কোটি টাকা। ‘খান সিডস’ নামে বাজারজাত করা তার মানসম্মত বীজের চাহিদা দেশজুড়ে রয়েছে, এবং তাকে অনুসরণ করে স্থানীয় আরও নারীরা এ চাষে যুক্ত হচ্ছেন। বাংলাদেশের পেঁয়াজের বীজের চাহিদার ৬০–৭০ শতাংশ ফরিদপুর জেলা থেকে সরবরাহ হয়।",22.5,10.26,17.5
news-55806686,"যুক্তরাজ্য থেকে আসা যে যাত্রীদের শরীরে করোনাভাইরাসের নতুন ধরন রয়েছেন কিনা, সেটি পরীক্ষা করে দেখবেন বিশেষজ্ঞরা।","যুক্তরাজ্য থেকে সিলেটে আসা যাত্রীদের মধ্যে ২৯ জনের করোনা শনাক্ত হওয়ার পর আইইডিসিআরের সাত সদস্যের দল তাদের নমুনা পরীক্ষা করে নতুন ধরন আছে কি না তা যাচাই করছে। ২১ জানুয়ারি আসা ১৫৭ যাত্রীর মধ্যে ২৮ জন এবং আগের যাত্রীদের মধ্যে আরও একজন আক্রান্ত হন; তাদের হাসপাতালে চিকিৎসা ও সরকারি তত্ত্বাবধানে রাখা হয়েছে। যুক্তরাজ্যফেরত সব যাত্রীকে করোনা পরীক্ষার ফল না আসা পর্যন্ত বাধ্যতামূলক কোয়ারেন্টিনে রাখা হচ্ছে, নেগেটিভ হলেও নির্ধারিত কোয়ারেন্টিন শেষ করতে হচ্ছে।",18.18,6.98,13.64
news-56766795,করোনাভাইরাস মহামারির ২য় ঢেউয়ে বাংলাদেশে অনেকের জন্যই হাসপাতালে ভর্তি এবং সুচিকিৎসা পেতে এক প্রকার হাহাকার পরিস্থিতি সৃষ্টি হয়েছে বলে জানাচ্ছেন রোগীর স্বজনরা।,"বাংলাদেশে করোনার দ্বিতীয় ঢেউয়ে সংক্রমণ ও মৃত্যু দ্রুত বাড়ায় হাসপাতাল, অক্সিজেন এবং আইসিইউ সেবায় তীব্র সংকট দেখা দিয়েছে; সরকারি হিসাবে কিছু আইসিইউ বেড খালি থাকলেও বাস্তবে বিশেষ করে ঢাকায় রোগীদের দীর্ঘ সময় অপেক্ষা ও বহু হাসপাতালে যোগাযোগ করতে হচ্ছে। নতুন ভ্যারিয়ান্টে রোগীদের অবস্থা দ্রুত অবনতি হওয়ায় স্বাস্থ্যকর্মীদের ওপর চাপ বেড়েছে, অনেক রোগী বেডের অভাবে চিকিৎসা না পেয়ে ফিরে যাচ্ছেন এবং এপ্রিলের প্রথম ১৫ দিনেই এক হাজারের বেশি মৃত্যু হয়েছে।",13.19,0.0,10.99
news-50280907,উনিশশো একাশি সালে সিঙ্গাপুরের একজন ক্যাথলিক সন্ন্যাসিনী মৃত্যুদণ্ড পাওয়া এক নারী কয়েদির সাথে চিঠি বিনিময় শুরু করেন। এই পত্রালাপ চলতে থাকে পরবর্তী সাত বছর ধরে।,"সিঙ্গাপুরের সন্ন্যাসিনী সিস্টার জেরার্ড ফার্নান্দেজ গত ৪০ বছর ধরে মৃত্যুদণ্ডপ্রাপ্ত বন্দিদের মানসিক ও ধর্মীয় সহায়তা দিয়ে আসছেন এবং তাঁদের ফাঁসির মঞ্চে নিয়ে যান। তাঁর সাবেক ছাত্রী টান মুই চু, যিনি দুই শিশু হত্যার মামলায় ১৯৮৮ সালে মৃত্যুদণ্ডে দণ্ডিত হন, তাঁর সঙ্গে সিস্টার জেরার্ড গভীর সম্পর্ক গড়ে তোলেন এবং শেষ মুহূর্তে পাশে ছিলেন। মানবিক মর্যাদার কারণে সিস্টার জেরার্ড মৃত্যুদণ্ডের বিরোধিতা করেন; এ নিয়ে সিঙ্গাপুরে জনমত বিভক্ত, যদিও দেশটির সরকার কঠোর আইন বজায় রেখেছে।",12.37,2.11,8.25
news-54898675,"বাংলাদেশের মানসিক চিকিৎসকরা বলছেন, যদিও আগের তুলনায় অনেক পরিবর্তন হয়েছে, কিন্তু এখনো দেশের মানুষজনের মানসিক স্বাস্থ্য বিশেষজ্ঞদের কাছে যাওয়ার ক্ষেত্রে অনীহা রয়েছে।","মানসিক রোগে আচরণ, আবেগ ও দৈনন্দিন কর্মকাণ্ডে বড় পরিবর্তন দেখা দিতে পারে; দীর্ঘদিনের বিষণ্ণতা, সম্পর্ক ও কাজকর্মে ব্যাঘাত, শারীরিক উপসর্গ বা শিশুদের অস্বাভাবিক আচরণ দেখা গেলে বিশেষজ্ঞের পরামর্শ নেওয়া উচিত। সময়মতো কাউন্সেলিং, ওষুধ ও প্রয়োজনে হাসপাতালে চিকিৎসার মাধ্যমে মানসিক রোগ থেকে আরোগ্য লাভ সম্ভব, যদিও সামাজিক কুসংস্কার ও বিশেষজ্ঞসেবার সীমিত প্রাপ্যতা এখনও বাধা।",10.67,0.0,8.0
news-41902828,"বাংলাদেশে পুলিশের অপরাধ তদন্ত বিভাগ বা সিআইডি বলছে, তারা এমন একটি জালিয়াত চক্রের সন্ধান পেয়েছে যারা নাগরিকদের জাতীয় পরিচয়পত্রের তথ্য চুরি করে সেগুলোর মাধ্যমে মোবাইল ফোন সিম বিক্রি করছে।","সিআইডি ঢাকা ও রংপুরে অভিযান চালিয়ে টেলিটকের ১২০০টি সিম জব্দ করেছে, যেগুলো বিভিন্ন ব্যক্তির জাতীয় পরিচয়পত্রের তথ্য ব্যবহার করে অবৈধভাবে কেনাবেচা ও চাঁদাবাজি, ভয়ভীতি প্রদর্শনসহ নানা অপরাধে ব্যবহৃত হতো। সিআইডির ধারণা, কোম্পানির অভ্যন্তরের সিস্টেম-অ্যাকসেসধারী ব্যক্তি ও খুচরা বিক্রেতারা এ জালিয়াতিতে জড়িত; এতে গ্রাহকদের আঙুলের ছাপ ও ব্যক্তিগত তথ্যের নিরাপত্তা নিয়ে গুরুতর উদ্বেগ তৈরি হয়েছে।",14.29,4.88,11.9
news-51629780,"আদ্দিস আবাবার উঁচু অফিস ভবনে যে ডেস্কে বসে মারকোস লেমা কাজ করেন, সেখান থেকে পুরো নগরীর একটা চমৎকার দৃশ্য দেখা যায়।","গত বছর ৩৩টি দেশে অন্তত ২০০ বার ইচ্ছাকৃতভাবে ইন্টারনেট বন্ধ করা হয়, যার ফলে ব্যবসা-বাণিজ্য, যোগাযোগ ও সাধারণ মানুষের জীবন মারাত্মকভাবে ক্ষতিগ্রস্ত হয়েছে। সরকারগুলো জননিরাপত্তা বা ভুয়া খবর ঠেকানোর কথা বললেও মানবাধিকার গোষ্ঠীগুলোর অভিযোগ, প্রতিবাদ-বিক্ষোভ ও নির্বাচনের সময় তথ্যপ্রবাহ নিয়ন্ত্রণ এবং বিরোধী মত দমনের হাতিয়ার হিসেবে ইন্টারনেট ব্ল্যাকআউট ব্যবহার করা হচ্ছে। ২০১৯ সালে ভারত সর্বাধিক ১২১ বার ইন্টারনেট বন্ধ করে, যার ৬৭ শতাংশ ঘটেছে কাশ্মীরে; বিভিন্ন দেশে সম্পূর্ণ বন্ধের পাশাপাশি সামাজিক যোগাযোগমাধ্যম ব্লক বা ইন্টারনেটের গতি কমিয়েও নিয়ন্ত্রণ আরোপ করা হয়েছে।",0.0,0.0,0.0
news-51381825,"হাজার হাজার মানুষকে আক্রান্ত করেছে এটি, বন্ধ হয়েছে সীমান্ত আর এর কারণেই চীনের একাংশ হয়ে পড়েছে অচল। কিন্তু যে ভাইরাসটির কারণে এ ধরণের মহামারির মতো পরিস্থিতি তৈরি হয়েছে সেটির এখনো কোন যথাযথ নাম নেই।","উহানের নতুন ভাইরাসটি করোনাভাইরাস গোত্রের হলেও “করোনাভাইরাস” তার নির্দিষ্ট নাম নয়; আপাতত একে ২০১৯-এনকভ বা নোভেল করোনাভাইরাস বলা হচ্ছে। বৈষম্য ও বিভ্রান্তি এড়াতে আইসিটিভি ভৌগোলিক স্থান, ব্যক্তি, প্রাণী, খাদ্য বা সংস্কৃতির নাম বাদ দিয়ে সংক্ষিপ্ত ও বর্ণনামূলক একটি আনুষ্ঠানিক নাম নির্ধারণ করেছে, যা শিগগিরই প্রকাশিত হবে।",4.94,0.0,2.47
news-49362977,১৯৭৫ সালের ১৫ই আগস্ট বাংলাদেশের প্রতিষ্ঠাতা-রাষ্ট্রপতি শেখ মুজিবুর রহমানকে সপরিবারে হত্যার পর দেশের কোন প্রচার মাধ্যম এমনকি চলচ্চিত্রেও তাঁর নাম বা ছবি প্রকাশ হতে দেখা যায়নি।,"শেখ মুজিবুর রহমান হত্যার পর ১৯৯৬ সালে আওয়ামী লীগ সরকার ক্ষমতায় আসার আগ পর্যন্ত রাষ্ট্রীয় প্রচারমাধ্যম, চলচ্চিত্র ও পাঠ্যবইয়ে তাঁর নাম, ছবি, ভাষণ, জয় বাংলা স্লোগান ও রাজনৈতিক ইতিহাস মুছে ফেলার বা নেতিবাচকভাবে উপস্থাপনের চেষ্টা করা হয়। হত্যার দিন বেতারে সামরিক সরকারের ক্ষমতা দখলের ঘোষণা প্রচারের পর তাঁর নাম নিষিদ্ধ করা হয় এবং বাংলাদেশ বেতারের নাম বদলে রেডিও বাংলাদেশ রাখা হয়। ১৯৯৬ সালে আওয়ামী লীগ সরকার ক্ষমতায় এসে বেতারের নাম পুনর্বহাল করে এবং আর্কাইভ থেকে শেখ মুজিবের ভাষণ ও ভিজ্যুয়াল উদ্ধার করে প্রচার শুরু করে।",16.07,5.45,12.5
news-48872060,বাংলাদেশে বাজেট প্রস্তাবের পরদিন থেকে দুই দফায় স্বর্ণের দাম বাড়ানো হয়েছে। আজ বৃহস্পতিবার থেকে প্রতি ভরি স্বর্ণের দাম ২ হাজার ৪১ টাকা করে বেড়েছে। ফলে বর্তমানে এক ভরি স্বর্ণের দাম ৫২ হাজার ১৯৬ টাকা।,"বাংলাদেশে সামাজিক ও পারিবারিকভাবে গুরুত্বপূর্ণ স্বর্ণের দাম বছরের শুরুতে ভরি প্রতি ৪৮,৯৮৮ টাকা থেকে বেড়ে ৫২,১৯৬ টাকা হয়েছে, ফলে মধ্যবিত্ত ও বিয়ের আয়োজনকারীদের উদ্বেগ বাড়ছে। জুয়েলার্স সমিতি আন্তর্জাতিক বাজার, মুদ্রার ওঠানামা ও ভূরাজনৈতিক পরিস্থিতিকে দাম বৃদ্ধির কারণ বললেও অর্থনীতিবিদরা এর যৌক্তিকতা নিয়ে প্রশ্ন তুলেছেন। সরকার স্বর্ণ আমদানি বৈধকরণ, অপ্রদর্শিত স্বর্ণ ঘোষণার সুযোগ ও নিয়ন্ত্রণ বাড়ানোর উদ্যোগ নিলেও খাতটির স্বচ্ছতা নিয়ে সন্দেহ রয়ে গেছে।",26.26,4.12,16.16
news-44246998,"নাজিয়া পারভীন, মধ্য তিরিশের একজন গৃহিণী এবং শখের মডেল। জন্ম ও বেড়ে ওঠা ঢাকার মোহাম্মদপুরে।","বাংলাদেশে সামাজিক রক্ষণশীলতা, লজ্জা ও অজ্ঞতার কারণে নারীরা ঋতুকালীন পরিচ্ছন্নতা ও নিরাপদ ব্যবস্থাপনা সম্পর্কে সচেতন নন; গ্রামাঞ্চলে অনেকেই স্যানিটারি ন্যাপকিনের বদলে কাপড় ব্যবহার করেন। অপরিচ্ছন্ন ব্যবস্থাপনার ফলে সংক্রমণসহ নানা স্বাস্থ্যঝুঁকি তৈরি হচ্ছে, তাই বিশেষজ্ঞরা সামাজিক ট্যাবু দূর করে খোলামেলা আলোচনা, সচেতনতা ও স্কুলভিত্তিক ব্যবস্থাপনা চালুর ওপর জোর দিচ্ছেন।",3.17,0.0,3.17
news-45332030,"জাফরানের নাম যদি শুনে থাকেন, এটাও নিশ্চয়ই জানেন যে এটি বিশ্বের সবচেয়ে দামী মশলার একটি। প্রতি আউন্স জাফরানের দাম স্বর্ণের দামের চেয়েও বেশি। এজন্যে জাফরানের আরেক নাম ""লাল স্বর্ণ।""","বিশ্বের সবচেয়ে দামি খাবারগুলোর মধ্যে জাফরান, ক্যাভিয়ার, ঝিনুক, সাদা ট্রাফল, ইবেরিকো হ্যাম, ওয়েগু বিফ, কোপি লুয়াক কফি ও ফোয়া গ্রা উল্লেখযোগ্য। এগুলোর দাম বেশি হওয়ার কারণ হলো দুষ্প্রাপ্যতা, উৎপাদন ও সংগ্রহের জটিলতা, দীর্ঘ প্রক্রিয়াজাতকরণ এবং বিশেষ স্বাদ; তবে কিছু খাবার উৎপাদনে প্রাণীর প্রতি নিষ্ঠুরতার বিষয়ও জড়িত।",13.33,2.74,10.67
news-51217515,ঢাকা বিশ্ববিদ্যালয়ে সার্জেন্ট জহুরুল হক হলে 'শিবির সন্দেহে' নির্যাতনের শিকার চারজন শিক্ষার্থীর একজন মুকিম চৌধুরী বিচারের দাবিতে টিএসসির রাজু ভাস্কর্যের পাদদেশে অবস্থান নিয়েছেন।,"ঢাকা বিশ্ববিদ্যালয়ের জহুরুল হক হলে ‘শিবির সন্দেহে’ মুকিম চৌধুরীসহ চার শিক্ষার্থীকে মারধর করে পুলিশের হাতে তুলে দেওয়ার অভিযোগ উঠেছে ছাত্রলীগের কয়েকজন নেতা ও হল সংসদ নেতাদের বিরুদ্ধে; পরে লিখিত অভিযোগ না থাকায় পুলিশ তাদের ছেড়ে দেয়। প্রতিবাদে মুকিম রাজু ভাস্কর্যে অবস্থান নিয়েছেন এবং সহপাঠীরা মানববন্ধন ও বিক্ষোভ করেছেন। ঘটনার তদন্তে হল কর্তৃপক্ষ তিন সদস্যের কমিটি গঠন করেছে, আর ছাত্রলীগ অভিযোগ অস্বীকার করে জড়িতদের বিরুদ্ধে ব্যবস্থা নেওয়ার আশ্বাস দিয়েছে।",21.98,11.24,21.98
news-46972950,গ্রাহকের অর্থ আত্মসাতের দায়ে মাল্টি লেভেল মার্কেটিং কোম্পানি ইউনিপেটুইউ-এর চেয়ারম্যান এবং ব্যবস্থাপনা পরিচালকসহ মোট ছয়জন কর্মকর্তাকে ১২ বছরের কারাদণ্ড দিয়েছে ঢাকার একটি আদালত।,"ইউনিপেটুইউর ছয় কর্মকর্তাকে ১,৩৫১ কোটি টাকা আত্মসাতের দায়ে মানি লন্ডারিং আইনে সাজা দেওয়ার পাশাপাশি প্রতিষ্ঠানটিকে ২,৭০২ কোটি ৪১ লাখ টাকা জরিমানা ও ৪২০ কোটি টাকা বাজেয়াপ্ত করা হয়েছে—বাংলাদেশে কোনো এমএলএম প্রতিষ্ঠানের বিরুদ্ধে এটাই প্রথম সাজা। তিন কর্মকর্তা কারাগারে এবং বাকি তিনজন পলাতক; ডেসটিনি ও যুবকসহ অন্যান্য প্রতিষ্ঠানের বিরুদ্ধে মামলা এখনো বিচারাধীন। অননুমোদিতভাবে আমানত সংগ্রহ ও ব্যাংকিং কার্যক্রম পরিচালনার অভিযোগের পর সরকার ২০১৩ সালে এমএলএম কার্যক্রম নিয়ন্ত্রণে আইন প্রণয়ন করে।",8.33,2.13,6.25
news-42326655,ভারতের তথ্য ও সম্প্রচার মন্ত্রণালয় বলেছে ভোর ছটা থেকে রাত দশটা পর্যন্ত কোন টিভি চ্যানেলে কন্ডোমের বিজ্ঞাপন দেখানো যাবে না।,"ভারতে শিশুদের ওপর সম্ভাব্য নেতিবাচক প্রভাবের কথা বিবেচনা করে তথ্য ও সম্প্রচার মন্ত্রণালয় দিনের বেলা কন্ডোমের বিজ্ঞাপন নিষিদ্ধ করেছে; রাত ১০টা থেকে ভোর ৬টা পর্যন্ত তা প্রচার করা যাবে। সিদ্ধান্তটি উত্তেজক বিজ্ঞাপনের বিরুদ্ধে উদ্বেগ থেকে নেওয়া হলেও সমালোচকেরা বলছেন, কিশোরদের গর্ভনিরোধ ও এইডস সম্পর্কে সচেতন করতে এসব বিজ্ঞাপন গুরুত্বপূর্ণ এবং শিশুদের জন্য ক্ষতিকর অন্যান্য টিভি অনুষ্ঠানও একইভাবে নিয়ন্ত্রণ করা উচিত।",30.0,10.26,17.5
news-48835708,ইরান আন্তর্জাতিক চুক্তি লঙ্ঘন করে সমৃদ্ধ ইউরেনিয়ামের মজুদ বাড়িয়েছে।,"২০১৫ সালের পারমাণবিক চুক্তি অনুযায়ী ইরান কম সমৃদ্ধ ইউরেনিয়াম ও ভারী পানির মজুদ সীমিত রাখার বিনিময়ে নিষেধাজ্ঞা প্রত্যাহারের সুবিধা পেয়েছিল, কিন্তু যুক্তরাষ্ট্র ২০১৮ সালে চুক্তি থেকে সরে গিয়ে নতুন নিষেধাজ্ঞা আরোপ করে। এর পর ইউরোপীয় উদ্যোগকে অপর্যাপ্ত উল্লেখ করে ইরান ইউরেনিয়ামের নির্ধারিত মজুদসীমা অতিক্রম করেছে, ফলে চুক্তি ভঙ্গ, নতুন আন্তর্জাতিক নিষেধাজ্ঞা এবং চুক্তিটির ভবিষ্যৎ নিয়ে উদ্বেগ তৈরি হয়েছে।",20.9,0.0,11.94
news-48303883,আন্তর্জাতিক এক অপরাধী চক্র ম্যালওয়্যার ব্যবহার করে ৪০ হাজার মানুষের কাছ থেকে অনলাইনে ১০০ মিলিয়ন ডলার চুরি করেছে।,"‘গজনাইম’ ম্যালওয়্যার ব্যবহার করে ক্ষুদ্র ব্যবসা, আইনজীবী প্রতিষ্ঠান, আন্তর্জাতিক কোম্পানি ও অলাভজনক সংস্থার অনলাইন ব্যাংকিং তথ্য চুরি করত একটি আন্তর্জাতিক সাইবার অপরাধী চক্র। যুক্তরাষ্ট্র, জার্মানি, বুলগেরিয়া, জর্জিয়া, ইউক্রেন ও মলদোভার সমন্বিত অভিযানে ১০ জন গ্রেপ্তার বা অভিযুক্ত হয়েছে; চক্রটির বিরুদ্ধে অর্থ চুরি, পাচার ও কালোটাকা সাদা করার অভিযোগ আনা হয়েছে, আর পাঁচ রুশ নাগরিককে এখনো খোঁজা হচ্ছে।",18.67,8.22,10.67
news-46578414,"রুশ, আরবী কিংবা ম্যান্ডারিন ভাষা জানতে চান? বেহালা কিংবা বাঁশি বাজানো শিখতে চান? নাকি কোয়ান্টাম পদার্থবিদ্যা বুঝতে চান?",নতুন কিছু শেখার ক্ষেত্রে প্রথম ২০ ঘণ্টা মস্তিষ্ক সবচেয়ে দ্রুত ও কার্যকরভাবে তথ্য ধারণ করে; পরে অভ্যাস তৈরি হওয়ায় শেখার গতি কমে যায়। তাই বিষয়কে ছোট অংশে ভাগ করে প্রতিদিন ৪৫ মিনিট বা সপ্তাহে পাঁচ দিন এক ঘণ্টা করে অনুশীলন করলে ধীরে ধীরে নতুন দক্ষতা অর্জন করা সম্ভব। এজন্য শেখার আগ্রহের পাশাপাশি নিয়মিততা ও শৃঙ্খলা জরুরি।,0.0,0.0,0.0
news-50798626,বাংলাদেশে ১৯৭১ সালের মুক্তিযুদ্ধের সময় পাকিস্তানি সেনাদের সহায়তার জন্য গঠিত রাজাকার বাহিনীর সদস্যদের একটি তালিকা প্রকাশ করেছে সরকার।,"মুক্তিযুদ্ধ বিষয়ক মন্ত্রণালয় ১৯৭১ সালে পাকিস্তানি বাহিনীকে সহায়তার অভিযোগে ১০ হাজার ৭৮৯ জনের নামের প্রথম পর্যায়ের রাজাকার তালিকা প্রকাশ করেছে, যা স্বরাষ্ট্র মন্ত্রণালয়ের নথির ভিত্তিতে করা হয়েছে; পরবর্তীতে আরও তালিকা প্রকাশের পরিকল্পনা রয়েছে। মন্ত্রী আ ক ম মোজাম্মেল হক অভিযোগ করেন, বিএনপি-জামায়াত সরকারের সময় অনেক রেকর্ড সরিয়ে ফেলা হয়েছে এবং জেলা প্রশাসন ও গেজেটের নথি পেতে যথাযথ সহযোগিতা মেলেনি; মুক্তিযোদ্ধাদের আনুষ্ঠানিক তালিকাও আগামী ২৬ মার্চ প্রকাশ করা হবে।",18.39,4.71,16.09
news-46874688,মৌলভীবাজারের শেরপুরে ঐতিহ্যবাহী মাছের মেলায় ৬০ কেজি ওজনের একটি কাতলা মাছের দাম ১ লাখ ২০ হাজার টাকা হাঁকছেন মাছ ব্যবসায়ী আব্দুর রহমান।,"সিলেটের সদর উপজেলার শেরপুরে পৌষসংক্রান্তি উপলক্ষে প্রায় ২০০ বছরের ঐতিহ্যবাহী মাছের মেলা বসেছে, যেখানে দেশের বিভিন্ন স্থান থেকে বড় আকারের নানা জাতের মাছ এসেছে। মেলায় দুই শতাধিক দোকান ও প্রায় ৩০টি আড়ত বসেছে এবং প্রতিবছর ১৬–১৭ কোটি টাকার মাছ কেনাবেচা হয়। এবারের আকর্ষণ ছিল ৬০ কেজি ওজনের বাঘা আইড়, যার দাম দেড় লাখ টাকা হাঁকা হয়েছে, আর হাকালুকির ১০–১২ বছরের একটি কাতলার দাম ধরা হয়েছে ১ লাখ ২০ হাজার টাকা।",31.91,15.22,29.79
news-55242258,"সংযুক্ত আরব আমিরাতের এক শেখ এমন এক ইসরায়েলি ফুটবল ক্লাবের অর্ধেকটা মালিকানা কিনে নিয়েছেন, যে ক্লাবটির দীর্ঘ আরব-বিদ্বেষের ইতিহাস রয়েছে।","আবুধাবির রাজপরিবারের সদস্য শেখ হামাদ বিন খলিফা আল নাহিয়ান ইসরায়েলের শীর্ষ ফুটবল ক্লাব বেইতার জেরুযালেমে আগামী ১০ বছরে ৯২ মিলিয়ন ডলার বিনিয়োগ করে ৫০ শতাংশ মালিকানা নিয়েছেন। আরব ও মুসলিমবিরোধী বর্ণবাদী সমর্থকদের জন্য কুখ্যাত ক্লাবটিতে এই বিনিয়োগকে সহাবস্থান ও বর্ণবাদবিরোধী পরিবর্তনের প্রতীক হিসেবে দেখা হচ্ছে, যদিও কিছু সমর্থক এর বিরোধিতা করেছে। ইসরায়েল-সংযুক্ত আরব আমিরাতের সম্পর্ক স্বাভাবিক করার চুক্তির পর এই পদক্ষেপ এলেও জেরুযালেমের মর্যাদা নিয়ে দুই পক্ষের রাজনৈতিক বিরোধ বহাল রয়েছে।",19.35,4.4,12.9
news-54159266,"""তরুণদের অনেকেই আজকাল তাদের প্রিয়জন, মানে গার্লফ্রেন্ড বা বয়ফ্রেন্ডকে 'বাবু' বলে সম্বোধন করে। এর উৎপত্তি কোথা থেকে, সে সম্পর্কে জানা নেই। আমার তো মনে হয়, ইংরেজিতে রোমান্টিক পার্টনারকে বেবি বলে ডাকার প্রচলন থেকে এটা বাংলায় বাবু হয়েছে।""","ডি জে মারুফের ‘বাবু খাইছো?’ গানটি তরুণদের দৈনন্দিন কথাবার্তার জনপ্রিয় শব্দ, বাংলা-ইংরেজি মিশ্রিত লিরিকস ও ডিজে ধাঁচের সুর-ভিডিওর কারণে প্রকাশের পর দ্রুত ভাইরাল হয়েছে। কেউ এটিকে বিনোদনমূলক ও সময়োপযোগী মনে করলেও সমালোচকদের মতে এতে গভীর শিল্পমূল্য কম এবং অনেকেই গানটির কয়েকটি লাইন নিয়ে ব্যঙ্গ-বিদ্রূপ করে মজা পান। বিশেষজ্ঞদের ধারণা, এ ধরনের ট্রেন্ডনির্ভর গান অল্প সময়ে ব্যাপক জনপ্রিয়তা পেলেও সাধারণত কয়েক মাস পর তা হারিয়ে যায়।",11.43,0.0,5.71
news-40652345,ফেসবুক-টুইটারের মতো সোশ্যাল মিডিয়া বা সামাজিক যোগাযোগের মাধ্যম তরুণ তুর্কীদেরকে আরো উদ্বিগ্ন করে তুলছে বলে এক গবেষণায় বেরিয়ে এসেছে।,"ডিচ দ্য লেবেলের ১২–২০ বছর বয়সী ১০ হাজার তরুণ-তরুণীর ওপর করা জরিপে দেখা গেছে, সামাজিক যোগাযোগমাধ্যম তাদের উদ্বেগ, ভয় ও আত্মবিশ্বাসহীনতা বাড়াচ্ছে; ৪০% লাইক না পেলে খারাপ বোধ করে এবং ৩৫% অনুসারীর সংখ্যার ওপর আত্মপ্রত্যয় নির্ভর করে। জরিপে সাইবার-বুলিংয়ের ব্যাপকতাও উঠে এসেছে—৭০% অন্যকে অনলাইনে পীড়ন করার কথা স্বীকার করেছে, ১৭% নিজে নির্যাতনের শিকার হয়েছে, আর ঘৃণা ছড়াতে ইনস্টাগ্রাম সবচেয়ে বেশি ব্যবহৃত হয়।",9.3,0.0,6.98
news-45011087,বাংলাদেশের রাস্তায় বাসের প্রতিযোগিতায় রোববার দুই শিক্ষার্থীর প্রাণহানির পর গণপরিবহনের অরাজক অবস্থা নিয়ে আবারো বিক্ষুব্ধ হয়ে উঠেছে ঢাকা।,"ঢাকার গণপরিবহন ব্যবস্থার দীর্ঘদিনের বিশৃঙ্খলা, অতিরিক্ত রুট পারমিট ও মালিকভিত্তিক অসুস্থ প্রতিযোগিতার কারণে সড়ক দুর্ঘটনা ও জনভোগান্তি কমছে না; এ নিয়ে শিক্ষার্থীদের প্রতিবাদ ও মন্ত্রীর মন্তব্যের সমালোচনা হয়েছে। ২০০৫ সালের গণপরিবহনকে কয়েকটি কোম্পানির অধীনে আনার পরিকল্পনা বাস্তবায়িত না হওয়ায় সংশ্লিষ্ট প্রতিষ্ঠানগুলোর সমন্বয়হীনতা, সীমিত কর্তৃত্ব এবং পরিবহন মালিকদের বিরোধিতাকে প্রধান বাধা হিসেবে দেখছেন বিশেষজ্ঞরা।",2.82,0.0,2.82
news-47885378,ভারতের নির্বাচন কমিশন একটি স্বাধীন ও সাংবিধানিক প্রতিষ্ঠান হলেও তারা এখন শাসক দলের অনুগত প্রতিষ্ঠানের মতোই আচরণ করছে বলে অভিযোগ করেছেন সে দেশের একদল সাবেক শীর্ষস্থানীয় আমলা।,"৬৬ জন সাবেক শীর্ষ আমলা, কূটনীতিক ও নিরাপত্তা কর্মকর্তার অভিযোগ, ভারতের নির্বাচন কমিশন রাজনৈতিক চাপের কাছে নতি স্বীকার করে স্বাধীনতা ও নিরপেক্ষতা হারাচ্ছে। আচরণবিধি লঙ্ঘন, পক্ষপাতিত্ব, কমিশনার নিয়োগের প্রক্রিয়া ও ভিভিপ্যাট ব্যবস্থাপনা নিয়ে তাদের উদ্বেগ—যদিও মোদী-জীবনী নিষিদ্ধ করার মতো কিছু পদক্ষেপকে ইতিবাচক হিসেবে দেখা হয়েছে।",18.92,5.56,10.81
news-53929704,চীনা কোম্পানিকে বাংলাদেশে করোনাভাইরাসের প্রতিষেধক ভ্যাকসিনের ট্রায়াল চালাতে সম্মত হয়েছে বাংলাদেশ।,"বাংলাদেশ চীনা কোভিড-১৯ ভ্যাকসিনের ক্লিনিক্যাল ট্রায়ালের অনুমতি দিয়েছে, যেখানে স্বেচ্ছাসেবীদের মধ্যে বিশেষ করে স্বাস্থ্যকর্মীদের অগ্রাধিকার দেওয়া হবে এবং ট্রায়ালের খরচ চীন বহন করবে। সরকার ট্রায়ালের বিনিময়ে ভ্যাকসিন পাওয়ার ক্ষেত্রে বাংলাদেশকে অগ্রাধিকার দেওয়ার নিশ্চয়তা চেয়েছে; জাতীয় কারিগরি কমিটিও দেশের সক্ষমতা বৃদ্ধি ও দ্রুত ভ্যাকসিন পাওয়ার জন্য ট্রায়ালের সুপারিশ করেছিল।",10.0,0.0,6.67
news-38298663,"বাংলাদেশে পর্ণ সাইটে প্রবেশকারী ব্যক্তিদের পরিচয় প্রকাশ করার কথা ভাবছে সরকার, সোমবার ডাক ও টেলিযোগাযোগ প্রতিমন্ত্রী তারানা হালিমকে উদ্ধৃত করে এমন একটি সংবাদ প্রকাশিত হয় বিভিন্ন দৈনিক ও অনলাইন নিউজ পোর্টালগুলোতে।","তারানা হালিম পর্ন সাইটে প্রবেশকারীদের নামের তালিকা করার কথা বলেছেন—এমন খবর ছড়িয়ে সামাজিক যোগাযোগমাধ্যমে ব্যাপক আলোচনা ও সমালোচনা শুরু হয়। পরে তিনি ফেসবুকে বিষয়টি অস্বীকার করে জানান, ব্যক্তিগত তথ্য সুরক্ষায় সরকার অঙ্গীকারবদ্ধ, এমন তালিকা করা কখনোই হবে না এবং তা প্রযুক্তিগতভাবেও সম্ভব নয়।",24.0,2.74,16.0
news-45083152,সোমবার দুপুরের দিকে ঢাকার বসুন্ধরা এলাকায় নিরাপদ সড়ক ইস্যুতে বিক্ষোভ মিছিল বের করা নিয়ে নর্থ-সাউথ বিশ্ববিদ্যালয়ের ছাত্রদের সাথে পুলিশের সংঘর্ষ হয়। ছাত্রদের ছত্রভঙ্গ করতে পুলিশ সেসময় কাঁদানে গ্যাস ব্যবহার করে।,"ঢাকার ইস্ট ওয়েস্ট বিশ্ববিদ্যালয়ে শিক্ষার্থীদের সঙ্গে ছাত্রলীগ ও পুলিশের সংঘর্ষ, মারধর, ভাঙচুর ও কাঁদানে গ্যাস নিক্ষেপের পর বিশ্ববিদ্যালয় অনির্দিষ্টকালের জন্য বন্ধ ঘোষণা করা হয়েছে; বাড্ডার ইস্ট ওয়েস্ট বিশ্ববিদ্যালয়ও ৭ ও ৮ আগস্ট বন্ধ থাকবে। বাসচাপায় দুই শিক্ষার্থীর মৃত্যুর প্রতিবাদে চলমান নিরাপদ সড়ক আন্দোলনে বিশ্ববিদ্যালয়ের শিক্ষার্থীরা যোগ দেওয়ায় এ সংঘর্ষের ঘটনা ঘটে।",21.95,7.5,12.2
news-44220246,"রাজশাহী মহানগরীর বোয়ালিয়া মডেল থানায় গেলে চোখে পড়বে থানার আঙিনায় একটি গাভী, একটি ষাড় ও একটি বাছুরকে বেঁধে রাখা হয়েছে।","গরু চুরির মামলায় আটক দুই আসামির কাছ থেকে উদ্ধার করা তিনটি গরু প্রকৃত মালিক না পাওয়া এবং আদালতের সিদ্ধান্ত না আসায় প্রায় ২৬ দিন ধরে বোয়ালিয়া থানার বাইরে বাঁধা রয়েছে। তদন্ত কর্মকর্তা এসআই মাহফুজুল ইসলাম ব্যক্তিগত অর্থে প্রতিদিন ৭০০–৮০০ টাকা খরচ করে গরুগুলোর খাবার ও পরিচর্যার ব্যবস্থা করছেন, তবে তাদের দায়িত্ব নিয়ে পুলিশ বিপাকে পড়েছে।",7.89,0.0,7.89
140925_mk_islamic_scholar_is_isis_isil_open_letter,"ইসলামিক স্টেট কেন ইসলামের প্রকৃত পথ অনুসরণ করছে না, বিশ্বের ১২০জন খ্যাতনামা মুসলিম মনীষী তা ব্যাখ্যা করেছেন।","মুসলিম পণ্ডিতরা ইসলামিক স্টেটের প্রধান আবু বাকার আল-বাগদাদি, যোদ্ধা ও সমর্থকদের উদ্দেশে আরবি ও ইংরেজিতে একটি খোলা চিঠিতে সংগঠনটির মতাদর্শকে ইসলবিরোধী বলে ২৪টি ধর্মীয় যুক্তি তুলে ধরেছেন। চিঠিতে নিরপরাধ মানুষ, সাংবাদিক ও ত্রাণকর্মী হত্যা, কাউকে অ-মুসলিম ঘোষণা এবং সকল মুসলমানের সমর্থন ছাড়া খিলাফত ঘোষণা নিষিদ্ধ বলে উল্লেখ করা হয়েছে। ওয়াশিংটন ডিসিতে এ কার্যক্রমের সূচনা হয়, যার লক্ষ্য সামরিক পদক্ষেপের পাশাপাশি আদর্শগতভাবেও ইসলামিক স্টেটকে মোকাবিলা করা।",4.76,0.0,4.76
news-49956427,সোমবার রাতে বাংলাদেশ প্রকৌশল বিশ্ববিদ্যালয়ের শেরেবাংলা হলে এক ছাত্রকে পিটিয়ে হত্যার ঘটনায় এখনো পর্যন্ত ১০ জনকে গ্রেফতার করেছে পুলিশ। এর মধ্যে বেশিরভাগই বুয়েটে ছাত্রলীগের নেতা।,"বুয়েটের ইইই বিভাগের দ্বিতীয় বর্ষের ছাত্র আবরার ফাহাদকে শেরে বাংলা হলের ভেতরে পিটিয়ে হত্যা করা হয়েছে; ভোরে সিঁড়ি থেকে তাঁর মরদেহ উদ্ধার করে পুলিশ। এ ঘটনায় কয়েকজনকে আটক করে ডিবি কার্যালয়ে রাখা হয়েছে, তাঁর বাবার করা মামলায় ১৯ জনকে আসামি করা হয়েছে এবং বুয়েটসহ ঢাকা বিশ্ববিদ্যালয়ের শিক্ষার্থীরা বিক্ষোভ করেছেন।",13.51,0.0,8.11
news-44672332,১৯৭০'এর পর বিশ্বকাপের নকআউট রাউন্ডের সবচেয়ে বেশি গোল হওয়ার দিনে সর্বকালের সেরা দু'জন খেলোয়াড়ের একজনও গোল করতে পারেননি।,"রাশিয়া বিশ্বকাপের শেষ ষোলোতে ফ্রান্স ও উরুগুয়ের কাছে হেরে আর্জেন্টিনা ও পর্তুগাল বিদায় নেওয়ায় মেসি ও রোনালদোর বিশ্বকাপ জয়ের স্বপ্ন অনিশ্চিত হয়ে পড়েছে। মেসি দু’টি গোলে সহায়তা করলেও নকআউটে গোল করতে পারেননি, আর রোনালদোও নকআউট পর্বে গোল বা অ্যাসিস্ট ছাড়াই দলকে জেতাতে ব্যর্থ হন। তবে পর্তুগালের কোচ ফার্নান্দো সান্তোস মনে করেন, রোনালদোর ফুটবলকে এখনো অনেক কিছু দেওয়ার আছে এবং তিনি শিগগির অবসর নেবেন না।",16.47,4.82,11.76
news-48904836,বাংলাদেশে ধর্ষণের হাত থেকে শিশুদের রক্ষার জন্যে প্রাতিষ্ঠানিক তেমন কোন ব্যবস্থা নেই বলে মনে করছেন ঢাকায় জাতিসংঘের শিশু বিষয়ক সংস্থা ইউনিসেফের শিশু সুরক্ষা বিশেষজ্ঞ শাবনাজ জাহিরিন।,"ঢাকার ওয়ারিতে সাত বছরের শিশুকে ধর্ষণের পর হত্যার ঘটনার প্রেক্ষাপটে শিশু সুরক্ষা বিশেষজ্ঞ শাবনাজ জাহিরিন বলেন, বাংলাদেশে শিশুদের নিরাপত্তায় প্রয়োজনীয় অবকাঠামো, প্রশিক্ষিত জনবল, সামাজিক সেবা ও কেস ম্যানেজমেন্ট ব্যবস্থা এখনও অপ্রতুল, বিশেষ করে গ্রামাঞ্চলে। তিনি স্কুলে আত্মরক্ষার প্রশিক্ষণ ও যৌন হয়রানি-বিরোধী মূল্যবোধ শিক্ষা, নজরদারি জোরদার এবং ধর্ষণ মামলায় দ্রুত ও দৃষ্টান্তমূলক শাস্তি নিশ্চিত করার আহ্বান জানান।",21.69,9.88,14.46
160530_indian_visa_new_system,ঢাকায় ভারতীয় দূতাবাস তাদের ভিসা প্রক্রিয়ায় পরিবর্তন এনেছে। নতুন নিয়মে আজ থেকে টুরিস্ট ভিসার আবেদনকারীদের সাক্ষাতের তারিখ একবার ব্যবহার যোগ্য একটি পাসওয়ার্ড মোবাইল ফোনে এসএমএস করবে ভারতীয় দূতাবাস।,"ঢাকার ভারতীয় ভিসা আবেদন কেন্দ্রে এসএমএস দেখিয়ে আবেদন জমা দিতে হবে এবং নিজের মোবাইল নম্বর ব্যবহার করে অনলাইনে সাক্ষাতের আবেদন করতে হবে; ৫ জুন পর্যন্ত আগের ব্যবস্থায় সাক্ষাতের তারিখ পাওয়া আবেদনকারীরা এর আওতামুক্ত। ৪ জুন থেকে সাক্ষাতের তারিখ বা ই-টোকেন ছাড়াই ট্যুরিস্ট ভিসার আবেদন গ্রহণে বিশেষ ঈদ ক্যাম্প চালু হবে, যা ভিসা প্রক্রিয়ার জটিলতা ও অর্থের বিনিময়ে ই-টোকেন পাওয়ার অভিযোগ কমাতে সহায়ক হবে বলে আশা করা হচ্ছে।",18.56,2.11,10.31
news-52621715,"ভারতে কোভিড-১৯র বিরুদ্ধে লড়ার জন্য যখন গোটা দেশ জুড়ে লকডাউন চলছে, তারই মধ্যে দেশে একের পর এক রাজ্য শিল্প মালিকদের স্বার্থে শ্রম আইনে ব্যাপক পরিবর্তন নিয়ে এসেছে।","করোনাভাইরাস মহামারির পর অর্থনীতি পুনরুজ্জীবিত ও বিনিয়োগ আকর্ষণের যুক্তিতে উত্তরপ্রদেশসহ ভারতের একাধিক রাজ্য শ্রম আইন শিথিল করেছে; উত্তরপ্রদেশে তিন বছরের জন্য ন্যূনতম মজুরি, ছাঁটাইবিরোধী সুরক্ষা ও নিরাপদ কর্মপরিবেশের মতো প্রায় সব অধিকার স্থগিত করা হয়েছে। শিল্পমহল ও বিজেপি এই পদক্ষেপকে উৎপাদন বাড়ানোর জন্য জরুরি বললেও ট্রেড ইউনিয়ন, বিরোধী দল ও শ্রমিক নেতারা এর তীব্র সমালোচনা করে বলেছেন, এতে শ্রমিকদের শোষণ ও অধিকারহানি বাড়বে।",8.79,0.0,6.59
news-55467465,"ভারতে একজন যৌন বিশেষজ্ঞ, যিনি পত্রিকায় যৌন সম্পর্কের ওপর কলাম লিখে ও পাঠকের এ সংক্রান্ত প্রশ্নের জবাব দিয়ে ব্যাপক জনপ্রিয়তা অর্জন করেছেন, ৯৬ বছর বয়সে তিনি মারা গেছেন।","ধাত্রীবিদ্যা ও স্ত্রীরোগ বিশেষজ্ঞ ড. মাহিন্দার ওয়াতসা ৮০ বছর বয়সে মুম্বাই মিররে “আস্ক দ্য সেক্সপার্ট” কলাম শুরু করে সহজ, পরিষ্কার ও রসিকতার মাধ্যমে যৌনস্বাস্থ্যসংক্রান্ত হাজারো প্রশ্নের উত্তর দেন। যৌনতা নিয়ে সামাজিক সংকোচ ও সমালোচনা সত্ত্বেও তিনি ভারতে যৌনশিক্ষা, পরামর্শ ও চিকিৎসার প্রসারে গুরুত্বপূর্ণ ভূমিকা রাখেন এবং একটি যৌনশিক্ষা প্রতিষ্ঠান গড়ে তোলেন। তাঁর মৃত্যুর কারণ স্পষ্ট নয়; সন্তানরা জানিয়েছেন, তিনি গৌরবান্বিত জীবন যাপন করেছেন।",19.78,2.25,10.99
160605_chittaggong_sp_wife_killed,চট্টগ্রামে পুলিশ সুপার বাবুল আক্তারের স্ত্রী দুর্বৃত্তদের গুলিতে নিহত হয়েছেন।,"চট্টগ্রামের জিইসি মোড়ে সন্তানকে স্কুলবাসে তুলে দিতে যাওয়ার সময় মোটরসাইকেলে আসা তিন দুর্বৃত্ত পুলিশ সুপার বাবুল আক্তারের স্ত্রী মাহমুদা আক্তারকে ছুরিকাঘাত ও গুলি করে হত্যা করে। স্বরাষ্ট্রমন্ত্রী বলেছেন, জঙ্গিবিরোধী কর্মকাণ্ডে বাবুল আক্তারের ভূমিকার কারণে তাঁকে লক্ষ্য করে এ হত্যাকাণ্ড ঘটতে পারে।",19.61,16.33,19.61
news-40867894,বেশ কয়েক বছর আগে একটি সংবাদ মাধ্যমের একজন নারী সাংবাদিক এবং তার নিউজ এডিটরের মধ্যকার একটি বাদানুবাদের ঘটনা আমার কানে এসেছিল।,"ঋতুস্রাবজনিত শারীরিক সমস্যাকে কর্মস্থলে স্বীকৃতি না দেওয়া এবং পুরুষতান্ত্রিক মনোভাবের কারণে নারী কর্মীরা ছুটি, অ্যাসাইনমেন্ট, পদোন্নতি ও বেতন বৃদ্ধিতে বৈষম্যের শিকার হচ্ছেন। সবার ঋতুস্রাবের অভিজ্ঞতা এক নয়—কারও সামান্য অস্বস্তি হলেও কেউ তীব্র ব্যথা, বমি বা মাথা ঘোরার কারণে কাজ করতে পারেন না। তাই বাংলাদেশের কর্মস্থলে নারীদের জন্য ঋতুকালীন ছুটি চালু ও নারীবান্ধব নীতির প্রয়োজন, যেমনটি এশিয়ার কয়েকটি দেশে ইতিমধ্যে রয়েছে।",4.88,0.0,2.44
news-45387880,যুক্তরাষ্ট্রের সামরিক বাহিনী বলছে যে তারা পাকিস্তানকে ৩০ কোটি ডলার অর্থ সাহায্য দেওয়ার পরিকল্পনা বাতিল করে দেওয়ার সিদ্ধান্ত নিয়েছে।,"জঙ্গি গোষ্ঠীগুলোর বিরুদ্ধে কার্যকর ব্যবস্থা নিতে পাকিস্তান ব্যর্থ—এই অভিযোগে যুক্তরাষ্ট্র দেশটির নিরাপত্তা সহায়তা বাতিল করে অর্থ অন্য খাতে ব্যয়ের সিদ্ধান্ত নিয়েছে, যা কংগ্রেসের অনুমোদনসাপেক্ষ। পাকিস্তান অভিযোগ অস্বীকার করে দাবি করেছে, তারা শান্তি প্রতিষ্ঠার জন্যই জঙ্গিদের বিরুদ্ধে লড়ছে; তবে যুক্তরাষ্ট্র হাক্কানি নেটওয়ার্ক ও আফগান তালেবানকে আশ্রয়-সমর্থনের অভিযোগে ইসলামাবাদের ওপর চাপ অব্যাহত রাখার কথা জানিয়েছে।",16.22,5.56,10.81
news-48795028,১৯৬৯ সালে এল সালভেডর এবং হন্ডুরাস চারদিনের একটি যুদ্ধে লিপ্ত হয়েছিল যেখানে হাজার-হাজার মানুষ নিহত এবং বাস্তু-চ্যুত হয়।,"১৯৬৯ সালে বিশ্বকাপ বাছাইপর্বে হন্ডুরাস ও এল সালভাদরের মধ্যে উত্তেজনাপূর্ণ তৃতীয় ম্যাচে এল সালভাদর ৩-২ গোলে জয়ী হয়, তবে যুদ্ধের মূল কারণ ছিল ভূমি, অভিবাসন, সীমান্ত ও রাজনৈতিক বিরোধ। ম্যাচের কয়েক সপ্তাহের মধ্যেই দুই দেশ যুদ্ধে জড়িয়ে পড়ে এবং ১৮ জুলাই যুদ্ধবিরতির আগে প্রায় তিন হাজার মানুষ নিহত ও অনেকে বাস্তুচ্যুত হয়। খেলোয়াড় রদ্রিগেজের মতে, ফুটবল জয়কে রাজনীতিবিদরা প্রচারের কাজে ব্যবহার করলেও দুই দেশের খেলোয়াড়রা মাঠের বাইরে একে অপরকে শত্রু মনে করতেন না।",21.28,6.52,17.02
news-45007894,"বাংলাদেশে অনিয়মের নানা অভিযোগ, ভোট বর্জন এবং বিক্ষিপ্ত গোলযোগের মধ্য দিয়ে বরিশাল, রাজশাহী এবং সিলেট এই তিনটি সিটি কর্পোরেশনে ভোট গ্রহণ শেষ হয়েছে।","তিন সিটি কর্পোরেশন নির্বাচনে বিরোধীরা ভোটকেন্দ্র দখল, এজেন্ট বের করে দেওয়া, জাল ভোট ও ব্যালট সংকটসহ নানা অনিয়মের অভিযোগ তুললেও আওয়ামী লীগের প্রার্থীরা নির্বাচন সুষ্ঠু হয়েছে বলে দাবি করেন। বরিশালে এসব অভিযোগে বিএনপির মেয়র প্রার্থীসহ চারজন নির্বাচন বর্জন করেন, আর রাজশাহী ও সিলেটের বিএনপি প্রার্থীরা অনিয়মের অভিযোগ তুলেও ভোটে ছিলেন। সাংবাদিক ও পর্যবেক্ষকদের মতে, বিশেষ করে বরিশাল ও সিলেটে নির্বাচন একতরফা ও বিশৃঙ্খল হয়ে ওঠে।",20.45,0.0,9.09
news-44118154,তিন হাজারের বেশি নাইজেরিয়ান অবৈধভাবে ইউরোপ যেতে ব্যর্থ হয়ে শেষপর্যন্ত নিঃস্ব হয়ে বাড়ি ফিরেছে।,"ইভান্স উইলিয়াম ইউরোপে অবৈধভাবে যাওয়ার জন্য বিছানা, ফ্রিজ, টেলিভিশনসহ সবকিছু বিক্রি করে দালালকে অর্থ দেন, কিন্তু লিবিয়ায় ছয় মাস নির্যাতন ও বিনা পারিশ্রমিকে কাজ করার পর কোস্টগার্ডের হাতে আটক হন। আন্তর্জাতিক অভিবাসন সংস্থার সহায়তায় তিনি নাইজেরিয়ায় ফিরে এলেও, অনেক ফেরত আসা অভিবাসী পরিবারের সম্পদ নষ্ট করে ব্যর্থ হওয়ার লজ্জা ও ভয়ে বাড়ি ফিরতে চান না।",8.7,0.0,8.7
news-44842983,রাশিয়া বিশ্বকাপ শেষে পরের আসর জয়ের স্বপ্ন নিয়ে আর্জেন্টিনা আর ব্রাজিলের ফ্যানরা আশায় বুক বাঁধতেই পারেন।,"ইউরোপীয় দেশগুলোর অর্থনৈতিক সক্ষমতা, পরিকল্পিত বিনিয়োগ, উন্নত অবকাঠামো ও সমন্বিত যুব উন্নয়ন ব্যবস্থার কারণে বিশ্ব ফুটবলে তাদের আধিপত্য ক্রমেই বাড়ছে। ২০০৬ সালের পর আর্জেন্টিনা ছাড়া ইউরোপের বাইরের কোনো দল বিশ্বকাপের সেমিফাইনালে উঠতে পারেনি, আর ফ্রান্সের ২০১৮ সালের জয় ইউরোপের টানা চতুর্থ শিরোপা; ফলে ব্রাজিল-আর্জেন্টিনার মতো লাতিন দলগুলোর ভবিষ্যতে বিশ্বকাপ জেতা আরও কঠিন হবে বলে বিশেষজ্ঞরা মনে করছেন।",8.11,0.0,5.41
news-48808226,"বিশ্বব্যাপী বিভিন্ন দেশে তীব্র দাবদাহ চলছে। বাংলাদেশে যেমন আমরা তা টের পাচ্ছি, তেমনি ইউরোপের দেশগুলোও ভুগছে।","দাবদাহে বয়োবৃদ্ধ, শিশু, গর্ভবতী নারী, খেলোয়াড় এবং বাইরে কায়িক শ্রমে নিয়োজিত ব্যক্তিরা বেশি ঝুঁকিতে থাকেন; অতিরিক্ত গরমে পানিশূন্যতা, হিটস্ট্রোক, হৃদ্‌যন্ত্রের সমস্যা এমনকি মৃত্যুও হতে পারে। হিটস্ট্রোকের লক্ষণের মধ্যে মাথাব্যথা, মাথা ঘোরা, বিভ্রান্তি, গরম-শুকনো ত্বক, দ্রুত নাড়ি ও ৪০ ডিগ্রির বেশি তাপমাত্রা উল্লেখযোগ্য। ঝুঁকি কমাতে প্রচুর পানি পান, গোসল ও শরীরে পানি ছিটানো, দুপুরের তীব্র রোদ এড়ানো, ঘর ঠাণ্ডা রাখা, বিশ্রাম নেওয়া এবং ঢিলেঢালা পোশাক পরার পরামর্শ দেওয়া হয়েছে।",2.33,0.0,2.33
news-52829564,যে কোন ব্যক্তির ভেতর যখন করোনাভাইরাস সংক্রমণের প্রাথমিক কিছু লক্ষণ দেখা দেয় তখন তিনি আতঙ্কিত হয়ে উঠেন।,"করোনাভাইরাসের নির্দিষ্ট চিকিৎসা না থাকায় অধিকাংশ রোগী বাড়িতে থেকেই আইসোলেশনে থেকে বিশ্রাম, পর্যাপ্ত পানি, জ্বরের জন্য প্যারাসিটামল ও কফ কমাতে উপযুক্ত ব্যবস্থা নিতে পারেন। নিকটস্থ টেস্ট সেন্টারের যোগাযোগ নম্বর ও টেলিমেডিসিনের সুবিধা হাতের কাছে রাখা উচিত; শ্বাসকষ্ট হলে চিকিৎসকের পরামর্শে হাসপাতালে ভর্তি বা বাড়িতে অক্সিজেনের ব্যবস্থা করতে হবে।",0.0,0.0,0.0
news-45744692,ক্রিস্টিয়ানো রোনালদোর বিরুদ্ধে আনা ধর্ষণের অভিযোগ পুরোপুরি অস্বীকার করেছেন তিনি।,"ক্রিস্টিয়ানো রোনালদোর বিরুদ্ধে ক্যাথরিন মায়োরগা ২০০৯ সালে লাস ভেগাসের একটি হোটেলে ধর্ষণের অভিযোগ তুলেছেন, যা ‘মি টু’ আন্দোলনের প্রভাবে তিনি প্রকাশ্যে আনেন। রোনালদো অভিযোগ অস্বীকার করে বলেন, ধর্ষণ তাঁর বিশ্বাসের পরিপন্থী এবং তদন্তে তিনি সহযোগিতা করবেন; এদিকে তাঁর আইনজীবীরা অভিযোগ প্রকাশকারী ম্যাগাজিনের বিরুদ্ধে আইনি ব্যবস্থা নেওয়ার কথা জানিয়েছেন।",24.14,10.71,24.14
news-57063900,চীন তাদের রাজনৈতিকভাবে স্পর্শকাতর আদমশুমারির যে ফলাফল প্রকাশ করেছে - তাতে দেখা যাচ্ছে সেদেশের জনসংখ্যা এখন ১৪১ কোটির সামান্য কিছু বেশি।,"চীনের সর্বশেষ আদমশুমারিতে জনসংখ্যা বৃদ্ধির হার গত কয়েক দশকের মধ্যে সর্বনিম্ন পর্যায়ে নেমে ০.৫৩ শতাংশ হয়েছে, আর কর্মক্ষম মানুষের সংখ্যা কমে বয়স্ক জনসংখ্যা দ্রুত বাড়ছে। জন্মহার বাড়াতে দুই-সন্তান নীতি চালু করেও স্থায়ী সাফল্য আসেনি; তাই জনসংখ্যা হ্রাস, শ্রমশক্তির সংকট ও অর্থনীতিতে সম্ভাব্য প্রভাব মোকাবিলায় সরকার দম্পতিদের আরও সন্তান নিতে উৎসাহিত করার চাপে রয়েছে।",2.67,0.0,2.67
news-55761742,এক বছর আগে ২৩শে জানুয়ারি ২০২০ সালে চীনের হুবেই প্রদেশের উহান শহর প্রথম লকডাউন করা হয়।,"চীন প্রথমদিকে করোনাভাইরাসের প্রাদুর্ভাব মোকাবিলায় ধীরগতি দেখালেও ২০২০ সালের জানুয়ারি থেকে উহানে কঠোর লকডাউন, কোয়ারেন্টিন, পরীক্ষা, মাস্ক ও সামাজিক দূরত্বের ব্যবস্থা নিয়ে সংক্রমণ নিয়ন্ত্রণে আনে। সরকারি হিসাবে দেশটিতে মৃত্যু ও সংক্রমণ তুলনামূলক কম এবং দ্বিতীয় ঢেউ দেখা যায়নি, যদিও উপসর্গহীন রোগীর তথ্য গোপন ও প্রাথমিক পর্যায়ে চিকিৎসক-সাংবাদিকদের নীরব করায় এসব পরিসংখ্যানের বিশ্বাসযোগ্যতা নিয়ে প্রশ্ন আছে। এক বছর পর উহানে জীবন অনেকটাই স্বাভাবিক হলেও মহামারির মানসিক ক্ষত রয়ে গেছে এবং অনেকে মনে করেন এটি মানুষের মধ্যে ঐক্য ও জীবনের প্রতি কৃতজ্ঞতা বাড়িয়েছে।",10.2,2.08,4.08
news-46797204,নারীদের গাড়ি চালানোর ওপর থেকে নিষেধাজ্ঞা তুলে নেয়ার পর গত বছর বিশ্বজুড়ে সৌদি আরবের প্রশংসা করা হয়।,"সৌদি আরবের পুরুষ অভিভাবকত্ব ব্যবস্থায় নারীদের বিদেশযাত্রা, বিয়ে, শিক্ষা, পাসপোর্ট ও কারামুক্তির মতো গুরুত্বপূর্ণ সিদ্ধান্তে বাবা, ভাই, স্বামী বা ছেলের অনুমতি নিতে হয়, ফলে তাদের প্রাপ্তবয়স্ক হয়েও অপ্রাপ্তবয়স্কের মতো বিবেচনা করা হয়। সামার বাদাউই ও মারিয়াম আল ওতাইবির মতো নারী অধিকারকর্মীরা এ ব্যবস্থার বিরুদ্ধে আন্দোলন করে কারাবন্দি হয়েছেন; কিছু সংস্কার হলেও ২০১৮ সালে নারী অধিকারকর্মীদের ধরপাকড় প্রমাণ করে যে বৈষম্য ও দমন এখনও অব্যাহত।",12.35,5.06,9.88
news-47648503,এক সপ্তাহ আগে নিউজিল্যান্ডের ক্রাইস্টচার্চে মসজিদে হামলায় ব্যবহার করা সব ধরনের সেমি-অটোমেটিক অস্ত্র নিষিদ্ধ করতে যাচ্ছে নিউজিল্যান্ডে সরকার। এমনটাই জানিয়েছেন দেশটির প্রধানমন্ত্রী জাসিন্ডা আরডের্ন।,"জাসিন্ডা আরডের্ন ঘোষণা করেছেন, ক্রাইস্টচার্চের মসজিদ হামলার পর ১১ এপ্রিল থেকে নিউজিল্যান্ডে সামরিক ধাঁচের সেমি-অটোমেটিক ও অ্যাসল্ট রাইফেল, সেগুলোতে রূপান্তরের যন্ত্রাংশ এবং উচ্চক্ষমতার ম্যাগাজিন নিষিদ্ধ হবে। নিষিদ্ধ অস্ত্র ফেরত নিতে ১০০–২০০ মিলিয়ন ডলারের বাই-ব্যাক স্কিম চালু করা হবে, কারণ আগ্নেয়াস্ত্রের মালিকানা অধিকার নয়, বিশেষ সুবিধা—এমন মন্তব্য করেছেন পুলিশমন্ত্রী স্টুয়ার্ট ন্যাশ।",20.25,5.19,7.59
news-39614808,ঢাকা মেডিকেল কলেজ হাসাপাতালের বার্ন ইউনিটে চিকিৎসাধীন অবস্থায় মারা গেছেন প্রেস-সচিব মারুফ কামাল খানের স্ত্রী তানিয়া খান।,"বিএনপির চেয়ারপার্সন খালেদা জিয়ার প্রেস-সচিব মারুফ কামাল খানের স্ত্রী তানিয়া খান ১২ এপ্রিল অগ্নিদগ্ধ অবস্থায় হাসপাতালে ভর্তি হওয়ার পর ১৪ এপ্রিল মারা যান। এ ঘটনায় আদাবর থানায় অপমৃত্যুর মামলা হয়েছে, আর পুলিশ এটিকে আত্মহত্যা বলে সন্দেহ করছে; এর আগে ২০১৬ সালে তিনি স্বামীর বিরুদ্ধে নির্যাতনের মামলা করেছিলেন।",30.3,21.88,24.24
news-48324350,টার্মিনেটর তারকা হিসেবে সমধিক খ্যাতি পাওয়া মি. শোয়ার্জনেগার একসময় বডিবিল্ডার হিসেবে বিশ্বখ্যাত ছিলেন।,"দক্ষিণ আফ্রিকার জোহানেসবার্গে একটি অনুষ্ঠানে আর্নল্ড শোয়ার্জনেগারকে পেছন থেকে উড়ন্ত লাথি মারলে তিনি মাটিতে পড়ে যান; নিরাপত্তারক্ষীরা হামলাকারীকে আটক করে তাকে নিরাপদে সরিয়ে নেয়। শোয়ার্জনেগার জানান, তিনি গুরুতর আহত হননি এবং ভক্তদের হামলার বদলে অনুষ্ঠানে অংশ নেওয়া ২৪ হাজার অ্যাথলেটের দিকে মনোযোগ দিতে বলেন; হামলার কারণ এখনও জানা যায়নি।",3.23,0.0,3.23
news-51264653,"আফগানিস্তানে একটি যাত্রীবাহী বিমান বিধ্বস্ত হয়েছে বলে কর্মকর্তারা জানিয়েছেন। তবে আফগান এয়ারলাইন্স আরিয়ানা জানিয়েছে, তাদের কোন বিমান বিধ্বস্ত হয়নি। ফলে বিধ্বস্ত বিমানের ব্যাপারে প্রশ্ন তৈরি হয়েছে।","আফগানিস্তানের গজনি প্রদেশের দেহ ইয়াক জেলায় একটি বিমান বিধ্বস্ত হয়ে আগুন ধরে গেলেও হতাহতের সংখ্যা বা দুর্ঘটনার কারণ নিশ্চিত হওয়া যায়নি। স্থানীয় কর্মকর্তারা প্রথমে এটিকে আরিয়ানা এয়ারলাইন্সের বিমান বললেও সংস্থাটি ও আফগান বেসামরিক বিমান চলাচল কর্তৃপক্ষ তা অস্বীকার করেছে; যুক্তরাষ্ট্র, নেটো ও তালেবানও বিমানটির পরিচয় বা অবস্থান নিশ্চিত করতে পারেনি।",18.42,2.7,15.79
160418_traficked_bangladeshi_women_unlawfully_kept_in_indian_jails,ভারতের পশ্চিমবঙ্গে মানবাধিকার সংগঠনগুলো অভিযোগ করেছে বাংলাদেশ থেকে পাচার হয়ে আসা বহু মহিলাকে আটক করার পর বেআইনিভাবে জেলে রাখা হচ্ছে – যদিও স্বরাষ্ট্র মন্ত্রণালয়ের স্পষ্ট নির্দেশ আছে তাদের সরকারি হোমে রাখতে হবে।,"কাজের সন্ধানে সীমান্ত পেরিয়ে ধরা পড়া বাংলাদেশের ঝিকরগাছার তিন নারী বসিরহাট জেলে আটক আছেন, যদিও মানবাধিকারকর্মীরা তাদের বিরুদ্ধে ফরেনার্স অ্যাক্টে মামলা অন্যায় বলে মনে করছেন। পাচারের শিকার কি না তা নির্ধারণের প্রক্রিয়া না মেনে বিএসএফ ও পুলিশের অবহেলা, অবকাঠামোর অভাব এবং সরকারি নির্দেশনা বাস্তবায়নের ব্যর্থতায় বহু বাংলাদেশি নারী-শিশু অকারণে জেলে থাকছেন।",14.46,0.0,9.64
news-40319155,"""দুধের জন্য ধন্যবাদ তুরস্ক!"" কয়দিন আগে টুইটারে এমন একটি মন্তব্য করেন কাতারের এক নাগরিক।","সৌদি আরবসহ কয়েকটি দেশের কাতার অবরোধের পর তুরস্ক খাদ্যপণ্য সরবরাহ, কূটনৈতিক উদ্যোগ ও সামরিক সহায়তার মাধ্যমে কাতারের পাশে দাঁড়িয়েছে এবং এরদোয়ান অবরোধকে অমানবিক ও অনৈসলামিক বলে সমালোচনা করেছেন। তুরস্ক-কাতারের ঘনিষ্ঠ সামরিক ও রাজনৈতিক সম্পর্ক, এরদোয়ানের প্রতি কাতারের সমর্থন, অভিন্ন আঞ্চলিক দৃষ্টিভঙ্গি এবং বাণিজ্য ও বিনিয়োগের স্বার্থ এই অবস্থানের প্রধান কারণ।",6.15,0.0,6.15
news-56931107,বিশ্বের অন্যতম বৃহৎ টিকা উৎপাদনকারী দেশ ভারতেই কোভিড ভ্যাক্সিনের জন্য সঙ্কট চরমে পৌঁছেছে।,"ভারতে কোভিশিল্ড ও কোভ্যাক্সিনের সরবরাহ সংকটে দিল্লিসহ দেশের বহু টিকাকেন্দ্র বন্ধ হয়েছে, অ্যাপে স্লট না পাওয়া এবং কেন্দ্রে অতিরিক্ত ভিড়ের কারণে সাধারণ মানুষ চরম ভোগান্তিতে পড়েছেন। দিল্লি সরকার কেন্দ্রের বিরুদ্ধে কোভ্যাক্সিন সরবরাহ নিয়ন্ত্রণের অভিযোগ তুললেও বিজেপি দাবি করেছে, উৎপাদন বাড়াতে সরকারি সংস্থাগুলোকে টিকা তৈরির নির্দেশ দেওয়া হয়েছে। বিশেষজ্ঞরা টিকা রফতানি, অপর্যাপ্ত আগাম পরিকল্পনা ও সরবরাহ ব্যবস্থাপনার ভুলকে বর্তমান সংকটের জন্য দায়ী করছেন।",5.33,0.0,5.33
news-52518908,প্রথমবারের মতো একদল রোহিঙ্গাকে সাগর থেকে উদ্ধারের পর নোয়াখালীর ভাসানচরে পাঠানো হয়েছে।,"কক্সবাজার উপকূল থেকে উদ্ধার করা ২৯ জন রোহিঙ্গাকে (প্রাথমিক হিসাবে ২৮ জন) কোস্টগার্ড ভাসানচরে নিয়ে গেছে; তাদের মধ্যে ৫ শিশু, ১৯ নারী ও ৫ পুরুষ রয়েছে। করোনাভাইরাসের কারণে তাদের সেখানে কোয়ারেন্টিনে রাখা হয়েছে এবং মেয়াদ শেষে সরকারি সিদ্ধান্ত অনুযায়ী পরবর্তী ব্যবস্থা নেওয়া হবে।",14.55,0.0,10.91
news-47766524,ঢাকার বনানীতে ২০ তলা একটি বহুতল ভবন। ভবনটিতে ঢুকতে গিয়ে নিচ তলায় কোন অগ্নি নির্বাপন যন্ত্র চোখে পড়লো না।,"এফআর টাওয়ারে একমাত্র সিঁড়ি ছাড়া কোনো জরুরি নির্গমনপথ, ফায়ার অ্যালার্ম বা অগ্নিনির্বাপণ সরঞ্জাম ছিল না, আর ভবন ব্যবহারকারীদেরও আগুন মোকাবিলার প্রশিক্ষণ ছিল না। ফায়ার সার্ভিসের ২০১৭ সালের জরিপে ঢাকা ও চট্টগ্রামের প্রায় ৪,০০০ বহুতল ভবনের ৯৬ শতাংশকে অগ্নিঝুঁকিপূর্ণ হিসেবে চিহ্নিত করা হয়। স্থপতি ইকবাল হাবিব ভবনগুলো জরুরি ভিত্তিতে অডিট, ঝুঁকিপূর্ণ ভবন সংস্কার বা ভেঙে ফেলা এবং নিয়মিত অগ্নিমহড়ার ব্যবস্থা করার পরামর্শ দিয়েছেন।",7.32,0.0,4.88
news-46066573,ভেগান বা নিরামিষাশীদের খাদ্য তালিকায় কোনো প্রকার প্রাণীর কোনো মাংস থাকে না।,"ভেগানরা মাংসের পাশাপাশি মাছ, ডিম, দুধ, মধু ও প্রাণিজ উপাদান সম্পূর্ণ বর্জন করেন এবং প্রাণীর চামড়া, পশম ও মুক্তার ব্যবহারও সমালোচনা করেন। ভেগান আন্দোলনের ইতিহাস প্রাচীন হলেও ১৯৪৪ সালে ‘ভেগান’ শব্দটি প্রচলিত হয়; স্বাস্থ্য ও পরিবেশগত সুবিধার কারণে এর জনপ্রিয়তা ও ব্যবসা বাড়ছে, যদিও কঠোর ভেগানিজমের পুষ্টিগত সীমাবদ্ধতা এবং উগ্র কর্মীদের আচরণ নিয়ে বিতর্ক রয়েছে।",5.97,0.0,2.99
news-55308586,বাংলাদেশে বিরোধীদল বিএনপি রোহিঙ্গা সংকট সমাধানে আওয়ামী লীগ সরকারের বিরুদ্ধে কূটনৈতিক এবং রাজনৈতিক ব্যর্থতার অভিযোগ এনেছে।,"আন্তর্জাতিক সংস্থাগুলোর আপত্তি সত্ত্বেও ডিসেম্বরের প্রথম সপ্তাহে ১,৬৪২ রোহিঙ্গাকে ভাসানচরে স্থানান্তর করায় বিএনপি সরকারের তীব্র সমালোচনা করেছে এবং বলেছে, এতে মিয়ানমারে প্রত্যাবাসন ও আন্তর্জাতিক সহযোগিতা বাধাগ্রস্ত হবে। বিএনপির দাবি, কূটনৈতিক ব্যর্থতা ঢাকতেই সরকার এ পদক্ষেপ নিয়েছে; তবে পররাষ্ট্রমন্ত্রী এ কে আব্দুল মোমেন অভিযোগটি কল্পনাপ্রসূত বলে প্রত্যাখ্যান করে বলেন, নিরাপত্তা ও শিবিরের অপরাধমূলক কর্মকাণ্ডের কারণে কিছু রোহিঙ্গাকে ভাসানচরে নেওয়া হয়েছে। বর্তমানে কক্সবাজারের শিবিরগুলোতে ১১ লাখের বেশি রোহিঙ্গা রয়েছে এবং ভাসানচরে প্রায় এক লাখের জন্য অবকাঠামো নির্মাণ করা হয়েছে।",10.64,0.0,8.51
news-54108787,ঢাকার বঙ্গবন্ধু শেখ মুজিব মেডিকেল বিশ্ববিদ্যালয়ের হৃদরোগ বিভাগের সহযোগী অধ্যাপক হিমেল সাহা বলছেন বাংলাদেশে যত মানুষ হৃদরোগে আক্রান্ত হন তার বেশিরভাগের জন্যই দায়ী এই ট্রান্সফ্যাট।,"বাংলাদেশে ট্রান্সফ্যাটযুক্ত ভাজাপোড়া, বিস্কুট, চানাচুর, চিপস ও ফাস্টফুডের অতিরিক্ত গ্রহণ হৃদরোগের ঝুঁকি বাড়াচ্ছে; এসব খাবারে বিশ্ব স্বাস্থ্য সংস্থার নির্ধারিত সীমার চেয়ে বহু গুণ বেশি ট্রান্সফ্যাট পাওয়া গেছে। বারবার পোড়ানো তেল ও হাইড্রোজেনেটেড তেল ট্রান্সফ্যাটের প্রধান উৎস, যা খারাপ কোলেস্টেরল বাড়িয়ে ধমনিতে বাধা সৃষ্টি করে। ঝুঁকি কমাতে স্বাস্থ্যকর খাবার, শারীরিক পরিশ্রম ও জনসচেতনতার পাশাপাশি বাংলাদেশে ট্রান্সফ্যাটের মাত্রা নিয়ন্ত্রণে নীতিমালা প্রয়োজন।",4.76,0.0,4.76
news-47078843,রক্ষণশীল দেশ সৌদি আরবে নিজের বাড়িতে নির্যাতন এবং দমন পীড়নের অভিযোগ তুলে প্রতিবছর শত শত নারী পশ্চিমা দেশগুলোয় পালিয়ে যাচ্ছে। তাদের অনেকের পছন্দের জায়গাগুলোর একটি যুক্তরাজ্য।,"সৌদি আরবের কঠোর পুরুষ অভিভাবকত্ব ব্যবস্থা, পারিবারিক নির্যাতন, ধর্মীয় ও রাজনৈতিক স্বাধীনতার অভাবের কারণে প্রতিবছর শত শত নারী-পুরুষ দেশটি ছেড়ে যুক্তরাজ্য, কানাডা, অস্ট্রেলিয়া ও ইউরোপে আশ্রয় নিচ্ছেন। সংস্কারের মাধ্যমে নারীদের কিছু অধিকার বাড়লেও অনেকেই তা যথেষ্ট মনে করেন না; অনলাইনে পালানোর পরামর্শ নিয়ে তারা স্বাধীন ও নিরাপদ জীবনের আশায় দেশত্যাগ করছেন।",17.95,7.89,17.95
news-50209401,"তেসরা নভেম্বর, অর্থাৎ আসছে সপ্তাহের রোববার থেকেই শুরু হচ্ছে প্রতিক্ষিত ও আলোচিত বাংলাদেশ বনাম ভারত সিরিজ।","ধর্মঘট, বোর্ডের সঙ্গে সাকিব আল হাসানের বিরোধ এবং প্রস্তুতি ম্যাচে মুশফিকুর রহিমের আচরণের কারণে ভারত সফরের আগে বাংলাদেশ দলের মানসিক অবস্থা অস্বস্তিকর, আর সাম্প্রতিক পারফরম্যান্সও আশাব্যঞ্জক নয়। শক্তিশালী ভারতের বিপক্ষে টেস্ট চ্যাম্পিয়নশিপের গুরুত্বপূর্ণ সিরিজে সিনিয়রদের নেতৃত্ব ও নতুন টিম ম্যানেজমেন্টের ভূমিকা निर्णায়ক হবে বলে মনে করা হচ্ছে। তবে অতীতে বিতর্কের পর সাকিবের জ্বলে ওঠার নজির থাকায় এই সিরিজকে তরুণ ও অভিজ্ঞ খেলোয়াড়দের নিজেদের প্রমাণের সুযোগ হিসেবে দেখা হচ্ছে।",9.3,0.0,4.65
news-48263085,মুসলিম বিরোধী সহিংসতা বৃদ্ধি পাওয়ায় শ্রীলংকায় দেশব্যাপী রাত্রিকালীন কারফিউ জারি করা হয়েছে।,"ইস্টার সানডেতে ইসলামপন্থী জঙ্গিদের হামলার পর শ্রীলঙ্কায় মুসলিমদের দোকান ও মসজিদে হামলা, ভাঙচুর ও অগ্নিসংযোগের ঘটনা ঘটেছে; পুত্তালাম জেলায় এক ব্যবসায়ী নিহত হয়েছেন। দাঙ্গা নিয়ন্ত্রণে পুলিশ কাঁদানে গ্যাস ও ফাঁকা গুলি ছুড়েছে, রাতব্যাপী কারফিউ জারি এবং ফেসবুক-হোয়াটসঅ্যাপসহ কয়েকটি সামাজিক যোগাযোগমাধ্যম সাময়িক বন্ধ করা হয়েছে। প্রধানমন্ত্রী রানিল বিক্রমাসিংহ সবাইকে শান্ত থাকার আহ্বান জানিয়েছেন।",12.31,6.35,12.31
151109_pg_global_temperature_new_record,"ব্রিটিশ বিজ্ঞানীরা বলছেন, এ বছরই বিশ্বের তাপমাত্রা বৃদ্ধির হার একটি উদ্বেগজনক মাত্রায় পৌঁছাবে।","যুক্তরাজ্যের আবহাওয়া দফতরের বিজ্ঞানীরা জানিয়েছেন, ২০১৫ সালে শিল্পপূর্ব সময়ের তুলনায় পৃথিবীর গড় তাপমাত্রা প্রথমবারের মতো এক ডিগ্রি সেলসিয়াসের বেশি বাড়তে পারে। জাতিসংঘ সতর্ক করেছে, গ্রিনহাউস গ্যাসের রেকর্ড বৃদ্ধি পৃথিবীকে চরম আবহাওয়া ও সমুদ্রপৃষ্ঠের উচ্চতা বৃদ্ধির অনিশ্চিত ঝুঁকির দিকে ঠেলে দিচ্ছে, যা প্যারিস জলবায়ু সম্মেলনের আগে নতুন বৈশ্বিক চুক্তির প্রয়োজনীয়তা আরও বাড়িয়েছে।",9.38,0.0,9.38
news-48079702,বাংলাদেশে জামায়াতে ইসলামীর সংস্কারপন্থী একটি অংশের নেতারা আগামী কয়েক মাসের মধ্যে একটি নতুন রাজনৈতিক দল গঠনের কথা ঘোষণা করেছেন।,"জামায়াত থেকে বহিষ্কৃত নেতা মজিবুর রহমান মঞ্জু ‘জন আকাঙ্ক্ষার বাংলাদেশ’ স্লোগানে একটি নতুন, ধর্মনিরপেক্ষ ও সবার জন্য উন্মুক্ত রাজনৈতিক দল গঠনের প্রক্রিয়া শুরু করেছেন। মুক্তিযুদ্ধে জামায়াতের ভূমিকার জন্য ক্ষমা চাওয়া ও দল সংস্কারের দাবিকে কেন্দ্র করে তাঁর ও ব্যারিস্টার আব্দুর রাজ্জাকের সঙ্গে জামায়াতের বিরোধ তৈরি হয়েছিল। জামায়াতের কেন্দ্রীয় নেতৃত্ব নতুন দলের কোনো প্রভাব হবে না বললেও মাঠপর্যায়ের নেতারা ও বিশ্লেষকেরা তরুণদের মধ্যে এর প্রভাব এবং জামায়াতের ওপর সম্ভাব্য চাপের কথা মনে করছেন।",19.78,6.74,13.19
news-53373932,"বাংলাদেশে করোনাভাইরাসে আক্রান্ত হয়ে শনিবার পর্যন্ত ২,৩০৫ জনের মৃত্যু হয়েছে। আক্রান্ত হয়েছে এক লাখ ৮১ হাজারের বেশি মানুষ।","করোনাভাইরাসে আক্রান্ত হয়ে স্বজন হারানো পরিবারগুলো শোকের পাশাপাশি সামাজিক বিচ্ছিন্নতা, ভয়, অপমান ও আর্থিক সংকটে পড়ছে; অনেক আত্মীয়-প্রতিবেশী সংক্রমণের আশঙ্কায় জানাজা, দাফন বা সরাসরি সহায়তা থেকে দূরে থাকছেন। মানসিক রোগ বিশেষজ্ঞদের মতে, প্রচলিত সামাজিক ও ধর্মীয় সহায়তা না পাওয়ায় এসব পরিবারের মানসিক চাপ বেড়েছে, তাই দূরত্ব বজায় রেখেও ফোনে সহমর্মিতা ও সমর্থন জানানো জরুরি।",8.11,5.56,8.11
news-55002738,যুক্তরাষ্ট্রের প্রেসিডেন্ট নির্বাচনে বিজয়ী জো বাইডেন তার প্রশাসনে গুরুত্বপূর্ণ পদগুলোতে কারা থাকবেন তা ঠিক করছেন এখন।,"জো বাইডেন পররাষ্ট্রনীতির জন্য অভিজ্ঞ ওবামা-যুগের তিন সহযোগী—অ্যান্টনি ব্লিংকেনকে পররাষ্ট্রমন্ত্রী, লিন্ডা থমাস-গ্রিনফিল্ডকে জাতিসংঘে মার্কিন দূত এবং জেইক সুলিভ্যানকে জাতীয় নিরাপত্তা উপদেষ্টা—নিয়োগ করেছেন। তারা আন্তর্জাতিক জোট, কূটনীতি ও সহযোগিতায় জোর দিয়ে প্যারিস চুক্তি, বিশ্ব স্বাস্থ্য সংস্থা ও ইরান পরমাণু চুক্তিতে ফেরার উদ্যোগ নিতে পারেন, তবে সমালোচকদের আশঙ্কা, পুরোনো নীতি ও মার্কিন সামরিক শ্রেষ্ঠত্বের ওপর আস্থা আবারও ফিরে আসতে পারে।",5.13,2.63,5.13
news-48366795,এই প্রথম ব্রিটেনের সবচেয়ে মর্যাদাপূর্ণ সাহিত্য পুরস্কার জিতেছেন একজন আরব লেখিকা। এ বছরের ম্যানবুকার পুরস্কার জয়ী এই ওমানি লেখিকার নাম জোখা আলহারথি।,"ওমানি লেখিকা জোখা আলহারথি তাঁর উপন্যাস ‘সেলেস্টিয়াল বডিস’-এর জন্য ম্যানবুকার পুরস্কার পেয়েছেন; পুরস্কারের ৫০ হাজার পাউন্ড তিনি মার্কিন অনুবাদক মারিলিন বুথের সঙ্গে ভাগ করবেন। আল-আওয়াফি গ্রামের তিন বোন ও তাদের পরিবারের কাহিনির মাধ্যমে উপন্যাসটিতে ওমানের সামাজিক-সাংস্কৃতিক পরিবর্তন, দাসপ্রথা, স্বাধীনতা ও ভালোবাসার মতো বিষয় তুলে ধরা হয়েছে। এটি ইংরেজিতে অনূদিত প্রথম ওমানি উপন্যাস এবং লেখিকার মতে, এর সার্বজনীন মূল্যবোধ আন্তর্জাতিক পাঠকদেরও স্পর্শ করবে।",18.39,4.71,11.49
news-51961180,ভারতের সব নাগরিককে আগামী রবিবার ১৪ ঘণ্টার জন্য গৃহবন্দী থাকার পরামর্শ দিয়েছেন ভারতের প্রধানমন্ত্রী নরেন্দ্র মোদী।,"ভারতের প্রধানমন্ত্রী নরেন্দ্র মোদী করোনাভাইরাস মোকাবিলায় ২২ মার্চ সকাল ৭টা থেকে সারা দেশে ‘জনতা কারফিউ’ পালনের আহ্বান জানান, যাতে মানুষ স্বেচ্ছায় ঘরে থাকবেন এবং জরুরি পরিষেবার কর্মীরা কাজে যাবেন। তিনি বিকেল ৫টায় জরুরি সেবাদাতাদের সম্মান জানাতে হাততালি বা ঘণ্টা বাজানোর অনুরোধ করেন, সামাজিক মেলামেশা কমানো ও বয়স্কদের ঘরে থাকার পরামর্শ দেন এবং অর্থনৈতিক প্রভাব মোকাবিলায় টাস্ক ফোর্স গঠনের কথা জানান।",15.79,10.81,10.53
news-51697733,"''শিশুদের পরিত্যাগ করা নিষিদ্ধ'', ভেনেজুয়েলার সড়কের পাশের দেয়াল জুড়ে এই বার্তা লিখে রেখেছেন শিল্পী এরিক মেহিকানো। রাজধানী কারাকাসে তার অ্যাপার্টমেন্ট ভবনের কাছাকাছি একটি ময়লার স্তূপে সদ্যজাত একটি শিশু পাওয়ার পর তিনি এই উদ্যোগ নেন।","ভেনেজুয়েলার অর্থনৈতিক সংকট, খাদ্যাভাব, জন্মনিরোধকের অপ্রাপ্যতা ও কঠোর গর্ভপাত আইনের কারণে শিশু পরিত্যাগ এবং অনানুষ্ঠানিক দত্তক বেড়েছে, অথচ সরকারি দত্তক ব্যবস্থা অকার্যকর। এতে কেউ কেউ ঘুষ দিয়ে শিশু দত্তক দিচ্ছেন, আবার মানব পাচারকারীরা অসহায় মায়েদের প্রতারণা ও জোর করে সন্তান থেকে বিচ্ছিন্ন করছে; এমনই এক মা ইসাবেল তাঁর সন্তানকে ফিরে পেতে আইনি লড়াই করছেন।",6.82,0.0,4.55
news-43779660,"লন্ডনে কমনওয়েলথ নেতারা একটি সম্মেলনে মিলিত হতে যাচ্ছেন। এখানে কমনওয়েলথ সম্পর্কে সাতটি তথ্য তুলে ধরা হল, যা হয়তো আপনি জানেন না। ১. বিশ্বের এক তৃতীয়াংশ মানুষের সংগঠন","কমনওয়েলথে বিশ্বের প্রায় ২৪০ কোটি মানুষ বাস করে, যাদের অধিকাংশের বয়স ৩০ বছরের নিচে; জনসংখ্যায় ভারত বৃহত্তম সদস্য এবং যুক্তরাজ্য বৃহত্তম অর্থনীতি। ১৯৪৯ সালে ‘ব্রিটিশ’ শব্দ বাদ দিয়ে আধুনিক কমনওয়েলথ গঠিত হয়, যার সব সদস্য সাবেক ব্রিটিশ উপনিবেশ নয় এবং সদস্যপদ স্থগিত বা প্রত্যাহারের ঘটনাও ঘটেছে। বর্তমানে মাত্র ১৬টি দেশের রাষ্ট্রপ্রধান রানী এলিজাবেথ, আর জোটটি বিশ্বের প্রায় এক-চতুর্থাংশ ভূমি নিয়ে বিস্তৃত।",6.74,0.0,6.74
news-40996003,ব্রিটেনের হাউজ অব পার্লামেন্টের অন্যতম একটি অংশ 'বিগ বেন' এবং এর ঘন্টাধ্বনি। কিন্তু আজ সোমবার থেকে এই ঘন্টাধ্বনি বন্ধ হয়ে যাচ্ছে।,"সংস্কার কাজের কারণে বিগ বেনের ঘণ্টাধ্বনি ২০২১ সাল পর্যন্ত বন্ধ থাকবে, তবে নতুন বছরের মতো গুরুত্বপূর্ণ দিনে তা বাজানো হবে। শেষবারের ঘণ্টাধ্বনির সময় এমপিরা ঐতিহ্যটির প্রতি সম্মান জানাবেন; এদিকে দীর্ঘদিন বন্ধ রাখার পরিকল্পনাটি পুনর্বিবেচনার অনুরোধ উঠেছে।",7.02,0.0,7.02
news-44063966,মালয়েশিয়ার সাধারণ নির্বাচনে বিশাল জয় পেয়েছেন দীর্ঘদিন পর রাজনীতিতে ফিরে আসা ৯২ বছর বয়সী সাবেক প্রধানমন্ত্রী মাহাথির মোহাম্মদ।,"মাহাথির মোহাম্মদের নেতৃত্বাধীন বিরোধী জোট পাকাতান হারাপান মালয়েশিয়ার নির্বাচনে ১১৫টি আসন পেয়ে সরকার গঠনের প্রয়োজনীয় ১১২ আসন অতিক্রম করেছে, ফলে স্বাধীনতার পর প্রথমবার বারিসান ন্যাশনাল জোট ক্ষমতাচ্যুত হলো। নাজিব রাজাকের দুর্নীতি ও স্বজনপ্রীতির অভিযোগে ক্ষুব্ধ হয়ে রাজনীতিতে ফেরা মাহাথির বৃহস্পতিবার শপথ নেওয়ার পরিকল্পনা করছেন এবং শপথ নিলে বিশ্বের সবচেয়ে বয়স্ক প্রধানমন্ত্রী হবেন। তিনি প্রতিশোধ নয়, আইনের শাসন পুনর্বহালের অঙ্গীকার করেছেন।",15.38,0.0,12.82
news-54140628,মোয়াসেস ক্যাম্পির পরিষ্কার মনে আছে ৯ই সেপ্টেম্বরের ওই ঘটনা। বিশেষ করে তার কানে এখনো বাজছে সেই শব্দটা।,"ব্রাজিলের আমাজনে বিচ্ছিন্ন আদিবাসী জনগোষ্ঠী সম্পর্কে বিশেষজ্ঞ ও ফুনাই কর্মকর্তা রাইলি ফ্রান্সিসকাটো তীরের আঘাতে নিহত হন; ধারণা করা হচ্ছে, বহিরাগতদের হামলার আশঙ্কায় ওই গোষ্ঠী তাকে আক্রমণ করেছিল। আমাজনে ৫০টির বেশি যোগাযোগবিহীন গোষ্ঠী বন উজাড়, রোগ, খাদ্যসংকট ও বহিরাগতদের অনুপ্রবেশে বিলুপ্তির ঝুঁকিতে রয়েছে, তাই তাদের সঙ্গে যোগাযোগ না করার সরকারি নীতি অনুসরণ করা হয়। তবে প্রেসিডেন্ট জেয়ার বলসোনারোর বাণিজ্যিক সম্পদ আহরণের নীতি এ জনগোষ্ঠীগুলোর আবাসস্থল ও নিরাপত্তা আরও হুমকির মুখে ফেলছে।",2.3,0.0,2.3
news-50207082,"বিদেশে কাজ করতে যান, বিশেষ করে ইউরোপ বা আমেরিকায়, এমন কারো কাছে 'বডি কন্ট্রাক্ট' শব্দটি খুব পরিচিত একটি শব্দ। এটি একটি চুক্তির নাম।","‘বডি কন্ট্রাক্ট’ হলো এমন অবৈধ বিদেশযাত্রা, যেখানে শ্রমিক গন্তব্যে পৌঁছানোর পর এজেন্টকে টাকা দেন; এ পথে দালালরা ঝুঁকিপূর্ণ স্থল ও সমুদ্রপথে মানুষ পাঠায় এবং প্রতারণার ঘটনাও ঘটে। এতে ডুবে মৃত্যু, নির্যাতন, আটক ও অপহরণের ঝুঁকি থাকে—গত সাত বছরে ভূমধ্যসাগর পাড়ি দিতে গিয়ে প্রায় সাত হাজার বাংলাদেশি মারা গেছেন এবং সাড়ে ১২ হাজারের বেশি নিখোঁজ রয়েছেন। বিশ্লেষকেরা এটিকে অমানবিক ফাঁদ হিসেবে উল্লেখ করে সচেতনতা বৃদ্ধি ও দালালদের দৃষ্টান্তমূলক শাস্তির দাবি জানিয়েছেন।",8.51,2.17,4.26
news-52717893,"আবহাওয়া অধিদপ্তরের বিশেষ বিজ্ঞপ্তিতে জানানো হয়েছে যে সুপার সাইক্লোন আম্পান আজ (মঙ্গলবার) বেলা বারটায় চট্টগ্রাম সমুদ্রবন্দর থেকে ৮১০ কিলোমিটার, মংলা থেকে ৬৯৫ ও পায়রা সমুদ্র বন্দর থেকে ৬৯০ কিলোমিটার দক্ষিণ-দক্ষিণ পশ্চিমে অবস্থান করছিলো।","ঘূর্ণিঝড় আম্পান উত্তর-উত্তরপূর্ব দিকে অগ্রসর হয়ে খুলনা ও চট্টগ্রামের মধ্যবর্তী এলাকা দিয়ে বাংলাদেশ উপকূল অতিক্রম করতে পারে, বিশেষ করে সুন্দরবন অঞ্চলে এর মূল আঘাতের আশঙ্কা রয়েছে। ঘূর্ণিঝড় ও অমাবস্যার প্রভাবে উপকূলে ৫–১০ ফুট জলোচ্ছ্বাস হতে পারে এবং সাতক্ষীরা, খুলনা, বাগেরহাটসহ বিভিন্ন জেলায় ৭ নম্বর বিপদসংকেত জারি করা হয়েছে। আম্পান অতি প্রবল হলে ঘরবাড়ি, গাছপালা, বিদ্যুৎ ও যোগাযোগব্যবস্থার ব্যাপক ক্ষতি হতে পারে।",8.25,0.0,8.25
151030_bd_paira_port,"বাংলাদেশের দক্ষিণাঞ্চলে নতুন যে সমুদ্রবন্দরটি গড়ে তোলা হচ্ছে, সেটি আগামী দুই মাসের মধ্যেই আংশিকভাবে আমদানি-রপ্তানি কার্যক্রম শুরু করতে পারবে বলে কর্মকর্তারা বলছেন।","বাংলাদেশের আমদানি-রপ্তানি বাড়ায় চট্টগ্রাম ও মংলার পাশাপাশি পটুয়াখালীর পায়রা বন্দর নির্মাণ করা হচ্ছে, যা দেশের তৃতীয় সমুদ্রবন্দর হিসেবে পোশাক শিল্পের বন্দর-নির্ভরতা কমাতে সহায়ক হবে। তবে পদ্মা সেতু, সড়ক ও রেল অবকাঠামো নির্মিত না হলে ব্যবসায়ীরা এটি কার্যকরভাবে ব্যবহার করতে পারবেন না; বন্দরটি ডিসেম্বর আংশিকভাবে চালু হয়ে ২০২৩ সালের মধ্যে পূর্ণাঙ্গ এবং ভবিষ্যতে গভীর সমুদ্রবন্দরে রূপান্তরের লক্ষ্য রয়েছে।",14.63,2.5,9.76
news-37304627,বাংলাদেশের রাজধানী ঢাকার কয়েকটি এলাকায় অভিযান চালিয়ে এক কোটি টাকার বেশি জাল নোট উদ্ধারের কথা জানিয়েছে র‍্যাব।,র‍্যাব ঢাকার জুরাইন ও বনশ্রী এলাকা থেকে জালনোটের সঙ্গে জড়িত থাকার অভিযোগে সাবেক ব্যাংক কর্মীসহ পাঁচজনকে আটক করেছে। কুরবানির ঈদ সামনে রেখে জাল টাকা ছড়ানোর আশঙ্কায় পুলিশ তৎপর হয়েছে; রাজধানীর পশুর হাটগুলোতে জালনোট শনাক্তকরণ মেশিন ও অতিরিক্ত অর্থ পরিবহনে বিশেষ মানি স্কট দেওয়ার ঘোষণা দিয়েছে।,12.5,3.23,6.25
news-41897316,মার্কিন প্রেসিডেন্ট নির্বাচনের প্রচারণার সময় থেকেই ডোনাল্ড ট্রাম্পের কন্যা রয়েছেন আলোচনায়।,"ডোনাল্ড ট্রাম্পের উপদেষ্টা ইভাঙ্কা ট্রাম্প তাঁর পিতার এশিয়া সফরের আগে টোকিওতে গিয়ে নারীর নিরাপত্তা, ফ্যাশন ও অন্যান্য বিষয়ে বিভিন্ন অনুষ্ঠানে বক্তব্য দেন। জাপানের নারীদের কেউ তাঁর ফ্যাশন ও কাজের সমন্বয়কে অনুপ্রেরণাদায়ক মনে করেন, আবার কেউ তাঁর রাজনৈতিক অবস্থান ও পারিবারিক প্রভাব নিয়ে দ্বিধা প্রকাশ করেন; তবে অনেকে তাঁর ব্যক্তিগত ব্র্যান্ড গড়ে তোলার প্রশংসা করেন।",6.15,3.17,6.15
news-41759180,ব্রিটিশ নারী রেবেকা ব্রাউনের পালক অভিভাবকেরা পাকিস্তানি মুসলিম।,"১২ বছর বয়স থেকে মুসলিম পরিবার শাহনাজ ও মুহাম্মদ আরশাদের সঙ্গে বেড়ে ওঠা নাস্তিক রেবেকা ব্রাউন তাঁদেরই নিজের পরিবার মনে করেন এবং ধর্মের কারণে অভিভাবকদের ‘সন্ত্রাসী’ বলার প্রতিবাদ জানিয়েছেন। শাহনাজ জানান, দত্তক নেওয়া শিশুর ওপর ধর্ম চাপিয়ে দেওয়া নয়, বরং তার বিশ্বাস ও সংস্কৃতিকে সম্মান করে যত্ন নেওয়াই তাঁদের লক্ষ্য। নিবন্ধে বিভিন্ন ধর্মের শিশুদের পালক পরিবারে লালনপালনের ইতিবাচক ও নেতিবাচক অভিজ্ঞতা তুলে ধরে শিশুদের ধর্ম-সংস্কৃতির প্রতি সম্মান ও যথাযথ প্রশিক্ষণের প্রয়োজনীয়তার কথা বলা হয়েছে।",7.23,0.0,4.82
news-51233805,সমুদ্র থেকে লাফিয়ে উঠে একটি মাছ তার ঘাড় ছিদ্র করে ফেলে এবং সেই অবস্থাতেই তিনি সাঁতরে তীরে পৌঁছে হাসপাতালের দিকে ছোটেন - এভাবেই নিজের সাথে ঘটে যাওয়া অদ্ভূত ঘটনার বর্ণনা দিচ্ছিলেন ইন্দোনেশিয়ার এক কিশোর।,১৬ বছর বয়সী মুহম্মদ ইদুলের ঘাড়ে সমুদ্র থেকে লাফিয়ে ওঠা একটি নীডলফিশের তীক্ষ্ণ ঠোঁট বিদ্ধ হয়ে যায়। বন্ধু সার্দির সহায়তায় তিনি মাছটি না সরিয়ে সাঁতরে তীরে পৌঁছান এবং পরে পাঁচ বিশেষজ্ঞের এক ঘণ্টার অস্ত্রোপচারে ঠোঁটটি অপসারণ করা হয়; পাঁচ দিন পর তিনি সুস্থ থাকলেও পর্যবেক্ষণে ছিলেন।,22.78,7.79,20.25
news-46354209,আন্তর্জাতিক জলসীমা লঙ্ঘনের অভিযোগে রাশিয়া ইউক্রেনের নৌবাহিনীর তিনটি জাহাজ আটকের পর দু'দেশের মধ্যে এখন তীব্র উত্তেজনা বিরাজ করছে।,"কের্চ স্ট্রেইট অতিক্রমের সময় রাশিয়া ইউক্রেনের দুটি গানবোট ও একটি টাগবোট আটক করে, গোলাগুলিতে ছয় নাবিক আহত হয়; ইউক্রেন একে সশস্ত্র আগ্রাসন এবং রাশিয়া পূর্বপরিকল্পিত উস্কানি বলে দাবি করেছে। ২০১৪ সালের ক্রাইমিয়া দখল ও পূর্বাঞ্চলের চলমান সংঘাতের প্রেক্ষাপটে ঘটনাটি দুই দেশের উত্তেজনা আরও বাড়িয়েছে, ফলে ইউক্রেন সামরিক প্রস্তুতি জোরদার করেছে এবং ন্যাটো, ইইউ ও জাতিসংঘ সংযম ও নৌপথ উন্মুক্ত রাখার আহ্বান জানিয়েছে।",9.88,2.53,9.88
151209_anti_corruption_day,"বাংলাদেশে যে প্রত্যাশা নিয়ে দুর্নীতি দমন কমিশন গঠিত হয়েছিল, সেটা খুব একটা পূরণ করতে পারেনি প্রতিষ্ঠানটি।","টিআইবির নির্বাহী পরিচালক ড. ইফতেখারুজ্জামানের মতে, বাংলাদেশে দুর্নীতি দমন কমিশন জনগণের প্রত্যাশা পূরণ করতে পারেনি। সরকারদলীয় মন্ত্রী, জনপ্রতিনিধি ও উচ্চপদস্থ কর্মকর্তাদের জিজ্ঞাসাবাদের কিছু ইতিবাচক দৃষ্টান্ত থাকলেও প্রকৃত বিচারের ক্ষেত্রে কমিশন সক্রিয় নয়; রাজনৈতিক-প্রশাসনিক প্রভাব, নিয়ন্ত্রণের চেষ্টা ও নেতৃত্বের দৃঢ়তার অভাব এর কার্যকারিতা বাধাগ্রস্ত করছে।",26.23,13.56,22.95
news-40769203,ভারতে বসবাসকারী বাংলাদেশী লেখিকা তসলিমা নাসরিনকে স্থানীয় জনতার বিক্ষোভের মুখে মহারাষ্ট্রের আওরঙ্গাবাদ বিমানবন্দর থেকে শনিবার রাতে ফিরে যেতে হয়েছে।,দুই দশকের বেশি সময় ধরে নির্বাসিত লেখিকা তসলিমা নাসরিন আওরঙ্গাবাদে পৌঁছালে এআইএমআইএমের শত শত কর্মী বিক্ষোভ করে তাকে শহরে প্রবেশে বাধা দেয়। নিরাপত্তার কারণে পুলিশ তাকে বিমানবন্দর থেকে বের হতে না দিয়ে পরামর্শক্রমে ফিরতি বিমানে মুম্বই পাঠায়; পরে তাকে অজ্ঞাত স্থানে সরিয়ে নেওয়া হয়েছে।,15.87,6.56,15.87
news-54494037,"মার্কিন প্রেসিডেন্ট নির্বাচনের প্রচারাভিযানে বড় ইস্যুগুলো অবশ্যই করোনাভাইরাস মহামারি, সুপ্রিম কোর্ট এবং পুলিশ ব্যবস্থার সংস্কার। কিন্তু এর বাইরে লক্ষ লক্ষ আমেরিকান কথা বলছেন আরো বিচিত্র এবং উদ্ভট এক বিষয় নিয়ে।","কিউএ্যানন একটি ষড়যন্ত্র তত্ত্ব, যেখানে দাবি করা হয় ডোনাল্ড ট্রাম্প গোপনে শয়তানের উপাসক ও শিশুকামী এলিটদের বিরুদ্ধে লড়াই করছেন এবং ট্রাম্পই আমেরিকার একমাত্র রক্ষাকর্তা। করোনাভাইরাসজনিত উদ্বেগ ও অনিশ্চয়তার মধ্যে তত্ত্বটি সামাজিক মাধ্যমে ব্যাপক ছড়িয়ে পড়ে, লাখো মানুষকে প্রভাবিত করে এবং গণতন্ত্র ও রাজনৈতিক সিদ্ধান্তের ওপর নেতিবাচক প্রভাবের আশঙ্কা তৈরি করে। সামাজিক মাধ্যমগুলো অ্যাকাউন্ট ও গ্রুপ নিষিদ্ধ করলেও এর বিস্তার পুরোপুরি ঠেকানো যায়নি।",6.52,0.0,4.35
news-57127385,বাংলাদেশে করোনাভাইরাসে আক্রান্ত হয়ে গত ২৪ ঘণ্টায় ২২ জনের মৃত্যু হয়েছে বলে স্বাস্থ্য অধিদপ্তর জানিয়েছে।,"গত ২৪ ঘণ্টায় বাংলাদেশে করোনাভাইরাসে ২২ জনের মৃত্যু এবং ২৬১ জন নতুন শনাক্ত হয়েছেন, যা যথাক্রমে ৫৫ দিন ও এক বছরের মধ্যে সর্বনিম্ন। ৩,৭৫৮টি নমুনা পরীক্ষায় শনাক্তের হার ছিল ৬.৯৫%; এ নিয়ে মোট শনাক্ত ৭,৭৯,৭৯৬ জন, মৃত্যু ১২,১২৪ জন এবং সুস্থ হয়েছেন আরও ৯৬৪ জন। সংক্রমণ ঠেকাতে মাস্ক ব্যবহারের ওপর গুরুত্ব দেওয়া হয়েছে।",24.66,14.08,19.18
news-55728745,যুক্তরাষ্ট্রে চার বছরের মেয়াদ শেষে বিদায় নিচ্ছেন প্রেসিডেন্ট ডোনাল্ড ট্রাম্প। একইসঙ্গে নতুন প্রেসিডেন্ট হিসাবে অভিষেক হতে যাচ্ছে জো বাইডেনের। তার সঙ্গে শপথ নেবেন ভাইস প্রেসিডেন্ট কমালা হ্যারিস।,"চার বছরের মেয়াদ শেষে ডোনাল্ড ট্রাম্প হোয়াইট হাউস ছাড়ছেন এবং জো বাইডেন যুক্তরাষ্ট্রের নতুন প্রেসিডেন্ট হিসেবে শপথ নিতে যাচ্ছেন। নির্বাচনে পরাজয় পুরোপুরি মেনে না নেওয়া ট্রাম্প বিদায়ী ভাষণে নিজের প্রশাসনের সাফল্য দাবি করলেও, ক্যাপিটল দাঙ্গায় উসকানির অভিযোগে দ্বিতীয়বার অভিশংসিত হয়ে ৩৪ শতাংশ জনসমর্থন নিয়ে বিদায় নিচ্ছেন। নিরাপত্তা ঝুঁকির কারণে নজিরবিহীন কঠোর নিরাপত্তার মধ্যে বাইডেনের অভিষেক অনুষ্ঠিত হবে, যেখানে ট্রাম্প উপস্থিত থাকবেন না।",31.46,13.79,20.22
news-43170672,"তাদের লক্ষ্য করে থুথু ছোঁড়া হতো, ঢিল মারা হতো, পথের পাশে বোমা পুঁতে রাখা হতো।","যুক্তরাষ্ট্রের সাবেক তারকা কেলি লিন্ডসের কোচিংয়ে আফগান নারী ফুটবল দল ফিফা র‍্যাংকিংয়ে উন্নতি করলেও নিরাপত্তার কারণে তাদের প্রশিক্ষণ ও ম্যাচ বিদেশে আয়োজন করতে হয়। দেশে থাকা খেলোয়াড়রা তালেবানসহ সামাজিক সহিংসতার হুমকির মুখে খেলছেন, তবু দলটির লক্ষ্য ২০১৯ নারী বিশ্বকাপে qualifying করা, যার প্রথম ধাপ এশিয়া কাপ।",6.45,0.0,6.45
news-44588536,সিন্ডিকেটের মাধ্যমে অভিবাসন ব্যয় বাড়ানোর অভিযোগে বাংলাদেশ থেকে মালয়েশিয়ায় কর্মী পাঠানোর চলতি পদ্ধতি বাতিল করে দিয়েছে মালয়েশিয়া সরকার।,মালয়েশিয়া মানব পাচার ও অভিবাসন ব্যয় বাড়ানোর অভিযোগে বাংলাদেশি শ্রমিক পাঠানোর বর্তমান সিন্ডিকেটভিত্তিক পদ্ধতি স্থগিত করে তদন্ত শেষ না হওয়া পর্যন্ত পুরোনো সরকারি ব্যবস্থায় ফেরার সিদ্ধান্ত নিয়েছে। এতে নির্ধারিত ১০টি এজেন্সির কার্যক্রম বন্ধ থাকবে; তবে ইতোমধ্যে ভিসা পাওয়া শ্রমিকরা যেতে পারবেন এবং সরকার দায়িত্ব নিলে প্রক্রিয়াধীন শ্রমিকদেরও পাঠানো সম্ভব হবে।,26.47,9.09,23.53
news-41079116,দুজন নারী শিষ্যকে ধর্ষণের দায়ে ভারতের বিতর্কিত ধর্মীয় গুরু গুরমিত রাম রহিম সিং-কে ২০ বছরের কারাদণ্ড দিয়েছে দেশটির আদালত।,"দুজন নারী শিষ্যকে ধর্ষণের দায়ে ধর্মগুরু গুরমিত রাম রহিম সিংয়ের ২০ বছরের সাজা ঘোষণার পর তার অনুসারীদের বিক্ষোভে অন্তত ৩৮ জন নিহত হয়। হরিয়ানার সিরসায় প্রায় ১,০০০ একরজুড়ে বিস্তৃত ডেরা সাচ্চা সওদা আশ্রমে এখনো প্রায় ৪০ হাজার অনুসারী অবস্থান করছে, যেখানে হাসপাতাল, হোটেল, অডিটোরিয়াম, স্কুল ও নিরাপত্তাবেষ্টিত গুরুর বাসভবন রয়েছে। আশ্রম ঘিরে নিরাপত্তা বাহিনী মোতায়েন এবং সম্পত্তি জব্দের নির্দেশ দেওয়া হলেও অনুসারীরা সরে যেতে রাজি নয়।",22.99,16.47,22.99
news-45298569,আমেরিকার অ্যারিজোনায় এক পুরনো কেএফসি দোকান থেকে মেক্সিকো পর্যন্ত মাদক পাচারের একটা গোপন সুড়ঙ্গ খুঁজে পেয়েছে আমেরিকান কর্তৃপক্ষ।,"অ্যারিজোনার সান লুইসে একটি বন্ধ কেএফসি রেস্তোঁরার রান্নাঘর থেকে মেক্সিকো পর্যন্ত ৬০০ ফুট দীর্ঘ মাদক পাচারের সুড়ঙ্গ আবিষ্কার করেছে কর্তৃপক্ষ। ভবনটির মালিক আইভান লোপেজকে গ্রেপ্তার করা হয়েছে এবং তার গাড়ি থেকে প্রায় ১০ লাখ ডলার মূল্যের বিপুল পরিমাণ মেথাম্ফেটামিন, কোকেন, ফেন্টানিল ও হেরোইন উদ্ধার করা হয়েছে। അധികൃതরা জানিয়েছে, সুড়ঙ্গটি ২২ ফুট গভীর এবং এর মেক্সিকো প্রান্ত একটি বাড়ির খাটের নিচে লুকানো ছিল।",19.51,7.5,19.51
news-56660057,"র‍্যাব বলছে, তারা রফিকুল ইসলাম নামে এক ব্যক্তিকে আটক করেছে, যিনি 'শিশু বক্তা' হিসেবে বাংলাদেশে বেশ পরিচিতি লাভ করেছেন।","র‍্যাব রাষ্ট্রবিরোধী ও উস্কানিমূলক বক্তব্য দেওয়ার অভিযোগে নেত্রকোনা থেকে ওয়াজ বক্তা রফিকুল ইসলাম মাদানীকে আটক করেছে; এর আগে মোদীর বাংলাদেশ সফরবিরোধী বিক্ষোভেও তাকে আটক করা হয়েছিল। তার বয়স নিয়ে স্পষ্ট তথ্য না থাকলেও র‍্যাব জানিয়েছে তিনি শিশু নন, আর হেফাজতে ইসলাম অভিযোগ করেছে যে আইন মেনে তাকে আটক করা হয়নি এবং তার মুক্তি দাবি করেছে।",20.78,8.0,18.18
news-40846970,ভারতের লাখ লাখ বিবাহিত নারী কখনোই তাদের স্বামীর নাম মুখে উচ্চারণ করেননি-স্বামীর প্রতি শ্রদ্ধা দেখানোর উদ্দেশ্যেই এমনটি করেন তারা।,"ভারতের গ্রামাঞ্চলে সামাজিক ও ধর্মীয় প্রথার কারণে বহু বিবাহিত নারী স্বামীর নাম উচ্চারণ করেন না; বরং ‘এই শুনছো’ বা অনুরূপ সম্বোধন ব্যবহার করেন, কারণ নাম ধরে ডাকলে স্বামীর অমঙ্গল হবে বলে বিশ্বাস করা হয়। নারী অধিকারকর্মী ও স্বেচ্ছাসেবী সংগঠনগুলো এই পুরুষতান্ত্রিক প্রথা বদলাতে প্রচারণা চালাচ্ছে, যদিও মালতির মতো নারীরা সামাজিক বয়কট ও নির্যাতনের শিকার হচ্ছেন। শহরাঞ্চলে শিক্ষিত ও কর্মজীবী নারীদের মধ্যে পরিবর্তন এলেও প্রত্যন্ত গ্রামগুলোতে প্রথাটি এখনো গভীরভাবে প্রতিষ্ঠিত।",17.98,4.6,15.73
news-55201330,বাংলাদেশের দক্ষিণাঞ্চলে দুই দশক আগে জেগে ওঠা দ্বীপ ভাসানচরে একটি দিন পার করেছে সেখানে স্থানান্তরিত রোহিঙ্গা শরণার্থীরা। সেখানকার পরিবেশ দেখে বেশিরভাগ রোহিঙ্গা তাদের সন্তুষ্টির কথা জানিয়েছেন।,"কক্সবাজারের শিবিরের চাপ কমাতে নৌবাহিনী ও কোস্টগার্ডের তত্ত্বাবধানে ১,৬৪২ জন রোহিঙ্গাকে ভাসানচরে স্থানান্তর করা হয়েছে, যেখানে তাদের নতুন ঘর, পানি, স্যানিটেশন ও প্রাথমিক মানবিক সহায়তার ব্যবস্থা রয়েছে। রোহিঙ্গারা সুযোগ-সুবিধায় সন্তুষ্টি প্রকাশ করলেও জাতিসংঘ, হিউম্যান রাইটস ওয়াচ ও অ্যামনেস্টি ইন্টারন্যাশনাল স্বাধীন কারিগরি ও সুরক্ষাগত মূল্যায়ন ছাড়া স্থানান্তরের বিরোধিতা করেছে এবং ঘূর্ণিঝড়প্রবণ দ্বীপটির নিরাপত্তা নিয়ে উদ্বেগ জানিয়েছে। সরকার স্থানান্তরকে রোহিঙ্গাদের জীবনমান উন্নয়নের উদ্যোগ হিসেবে defending করে জানিয়েছে, তাদের চূড়ান্ত লক্ষ্য মিয়ানমারে প্রত্যাবাসন।",6.12,0.0,6.12
news-53707384,গাছ কেটে ফসলের ক্ষেত তৈরি এবং বাসাবাড়ি গড়ে তোলার কারণে প্রাণী থেকে মানুষের শরীরে সংক্রমিত হয় এমন রোগের জীবাণু ছড়িয়ে পড়ার সম্ভাবনা বাড়ছে বলে বিজ্ঞানীরা বলছেন।,"প্রাকৃতিক বনভূমি উজাড় করে কৃষিজমি, গোচারণভূমি ও জনপদ গড়ে তোলায় ইঁদুর-কবুতরের মতো স্বল্পায়ু ও রোগবাহী প্রাণী বৃদ্ধি পায়, ফলে প্রাণী থেকে মানুষের মধ্যে রোগজীবাণু ছড়ানোর ঝুঁকি বাড়ে। ৭,০০০ প্রজাতি নিয়ে ১৮৪টি গবেষণার বিশ্লেষণে দেখা গেছে, নতুন আবিষ্কৃত সংক্রামক রোগের প্রায় তিন-চতুর্থাংশের উৎস এমন প্রাণী এবং মানুষের তৈরি পরিবেশে তাদের রোগজীবাণু বহনের হার দ্বিগুণ। বন উজাড়, বন্যপ্রাণী শিকার ও বাণিজ্য রোধ এবং ভূমি ব্যবহারের পরিবর্তনশীল এলাকায় রোগের প্রাদুর্ভাবের জন্য আগাম সতর্কতা ও চিকিৎসা প্রস্তুতি জরুরি।",15.53,3.96,11.65
news-48917846,কৃত্রিম বুদ্ধিমত্তার সাহায্যে রানওয়ে চিহ্নিত করে অটোপাইলটের মাধ্যমে অবতরণ করেছে একটি বিমান।,"গবেষকরা দৃশ্যমান ও ইনফ্রারেড তথ্য বিশ্লেষণ করে রানওয়ে শনাক্ত এবং মানুষের সহায়তা ছাড়াই বিমান অবতরণ করাতে সক্ষম এআই-নির্ভর অটোপাইলট তৈরি করেছেন। কুয়াশায়ও কাজ করা এই প্রযুক্তি আইএলএসবিহীন ছোট বিমানবন্দরে নিরাপত্তা বাড়াতে পারে, তবে ভুলভাবে প্রোগ্রাম করা হলে এআই অন্য স্থানকে রানওয়ে হিসেবে শনাক্ত করার ঝুঁকি রয়েছে।",13.56,0.0,6.78
news-41662162,"ভারতের উত্তরপূর্বাঞ্চলীয় ত্রিপুরার রাজ্যপাল তথাগত রায় মন্তব্য করেছেন যে দীপাবলির সময়ে ভারতে যে বাজি ফাটানো হয়, তা থেকে যেমন কয়েকদিন শব্দ দূষণ হয়, তেমনই সারা বছর মসজিদ থেকে আজান দেওয়ার ফলেও শব্দ দূষণ ঘটে।","ত্রিপুরার রাজ্যপাল তথাগত রায় টুইটে দীপাবলির বাজির শব্দদূষণের সঙ্গে ভোরের আজানের শব্দদূষণ তুলনা করে বিতর্ক সৃষ্টি করেন এবং বলেন, মাইকে আজান দেওয়ার বিধান কোরান-হাদিসে নেই। তাঁর মন্তব্যের সমালোচকেরা জানান, সাংবিধানিক পদে থাকা রাজ্যপালের এমন রাজনৈতিক বা ধর্মীয় বক্তব্য দেওয়া অনুচিত; তবে রায় দাবি করেন, ব্যক্তিগত মত প্রকাশে তাঁকে নিষেধ করার কোনো সাংবিধানিক বিধান নেই।",15.73,9.2,15.73
news-49843290,"বাংলাদেশে অবৈধ ক্যাসিনো বাণিজ্য, টেন্ডার এবং চাঁদাবাজিসহ দুর্নীতির বিরুদ্ধে চলমান অভিযানে গ্রেফতাকৃতদের পাহাড় সমান সম্পদ বা অর্থের নানান গল্প এখন প্রকাশিত হচ্ছে।","আওয়ামী লীগ ও সহযোগী সংগঠনের নেতাদের বিরুদ্ধে অভিযানে বিপুল অর্থ উদ্ধারের পাশাপাশি ব্যবসায়ীদের কাছ থেকে চাঁদাবাজি, টেন্ডার নিয়ন্ত্রণ ও রাজনৈতিক প্রভাব বিস্তারের অভিযোগ উঠে এসেছে। বিশ্লেষকরা বলছেন, ক্ষমতাসীনদের সঙ্গে সমঝোতা বা রাজনৈতিক প্রভাব ছাড়া ব্যবসা করা কঠিন হয়ে পড়েছে; সরকার ই-টেন্ডার ও তদারকি বাড়ানোর কথা বললেও পরিস্থিতির উন্নতি সীমিত।",11.11,0.0,8.33
news-44952782,এই 'হ্রদ'টি পাওয়া গেছে মঙ্গলগ্রহের দক্ষিণ মেরুতে। বরফে আচ্ছাদিত এই হ্রদের আয়তন হবে ২০ কিলোমিটারের মত।,"মার্স এক্সপ্রেসের রাডার মঙ্গলের দক্ষিণ মেরুতে বরফের নিচে অন্তত এক মিটার গভীর একটি স্থায়ী তরল জলাধারের সম্ভাব্য অস্তিত্ব শনাক্ত করেছে, যা মঙ্গলে পানির উপস্থিতির গুরুত্বপূর্ণ প্রমাণ। তবে অত্যন্ত ঠাণ্ডা ও লবণাক্ত হওয়ায় সেখানে প্রাণের অস্তিত্ব নিশ্চিত নয়; জলাধারটি পরীক্ষা করতে বরফ ভেদ করতে সক্ষম উন্নত প্রযুক্তির রোবট প্রয়োজন।",6.15,3.17,6.15
news-44640577,"এবার বিশ্বকাপে মেক্সিকো সমর্থকরা আরেকটি দেশকে প্রাণখুলে অভিনন্দিত করেছে, সেটি হলো দক্ষিণ কোরিয়া।","জার্মানিকে ২-০ গোলে হারিয়ে দক্ষিণ কোরিয়া মেক্সিকোকে পরের রাউন্ডে উঠতে সহায়তা করায় মেক্সিকানরা দক্ষিণ কোরিয়ার প্রতি কৃতজ্ঞতা ও বন্ধুত্ব প্রকাশ করে ব্যাপক উদযাপন করেছে। মেক্সিকো ও দক্ষিণ কোরিয়ার সমর্থকরা দূতাবাস, রাশিয়ার বিশ্বকাপ পার্ক ও সামাজিক মাধ্যমে মিশ্র পতাকা, স্লোগান ও শুভেচ্ছার মাধ্যমে আনন্দ ভাগ করে নেন।",16.67,3.45,6.67
news-44948841,ঢাকায় হঠাৎ করেই মঙ্গলবার দুপুরে কমিউনিস্ট পার্টি (সিপিবি)কার্যালয়ে গিয়ে উপস্থিত হয়েছিলেন ক্ষমতাসীন আওয়ামী লীগের সাধারণ সম্পাদক ওবায়দুল কাদের।,"সিপিবির নেতৃত্বে আটটি বাম দল ‘বাম গণতান্ত্রিক জোট’ গঠনের পর আওয়ামী লীগ নেতা ওবায়দুল কাদেরসহ সরকারি দলের নেতাদের সঙ্গে বাম নেতাদের সাক্ষাৎ ও ফোনালাপ নিয়ে রাজনৈতিক অঙ্গনে জোট সম্প্রসারণের জল্পনা তৈরি হয়েছে। আওয়ামী লীগ অংশগ্রহণমূলক নির্বাচন নিশ্চিত করতে বিভিন্ন দলের সঙ্গে যোগাযোগের কথা অস্বীকার করলেও, বাম জোটের নেতারা জানিয়েছেন তারা আওয়ামী লীগ বা বিএনপি—কোনো পক্ষের সঙ্গেই জোট করবেন না। বিএনপি নির্বাচনে না এলে বাম দলগুলোর অংশগ্রহণ ও গুরুত্ব বাড়তে পারে, যদিও তাদের ভোটভিত্তি ও সাংগঠনিক প্রভাব বর্তমানে সীমিত।",4.08,0.0,4.08
news-46614409,পাকিস্তানে অবৈধভাবে অনুপ্রবেশ করে ছয় বছর আটকে থাকার পর এক ভারতীয় এক ব্যক্তি তাঁর নিজের দেশে ফেরত এসেছেন।,"হামিদ আনসারি অনলাইনে পরিচিত এক পাকিস্তানি নারীকে বিয়ে করার উদ্দেশ্যে আফগানিস্তান হয়ে ভুয়া পরিচয়পত্রে পাকিস্তানে প্রবেশ করেন এবং ২০১২ সালে আটক হয়ে কারাদণ্ড পান। পরিবার, মানবাধিকারকর্মী ও এক পাকিস্তানি সাংবাদিকের প্রচেষ্টায় কারাভোগ শেষে আনুষ্ঠানিকতা সম্পন্ন করে তিনি ভারতে ফিরে পরিবারের সঙ্গে মিলিত হন।",13.11,0.0,6.56
news-47207508,ভারতের রাজধানী দিল্লির একটি জনবহুল এলাকায় হোটেলে আগুন লেগে অন্তত ১৭ জনের মৃত্যু হয়েছে। মৃতদের মধ্যে এক নারী ও একটি শিশুও রয়েছে।,"দিল্লির কারোল বাগের হোটেল অর্পিত প্যালেসে ভোরে আগুন লেগে অন্তত ১৭ জন নিহত ও ৩৫ জন উদ্ধার হয়েছেন; অধিকাংশের মৃত্যু দমবন্ধ হয়ে হলেও কয়েকজন প্রাণ বাঁচাতে জানালা বা ছাদ থেকে ঝাঁপ দেন। কাঠের প্যানেলিংয়ে আগুন দ্রুত ছড়িয়ে পড়ে, আর প্রাথমিকভাবে শর্ট সার্কিটকে কারণ সন্দেহ করা হচ্ছে; পাশাপাশি অনুমোদনের অতিরিক্ত তলা নির্মাণের অভিযোগে সরকার ম্যাজিস্ট্রেট পর্যায়ের তদন্তের নির্দেশ দিয়েছে।",17.5,7.69,15.0
news-48436492,"ভারতে সদ্যনির্বাচিত নতুন লোকসভায় বিজেপির একজনও মুসলিম এমপি না-থাকায় প্রশ্ন উঠছে, প্রধানমন্ত্রী নরেন্দ্র মোদী যে দেশের সবাইকে নিয়ে চলার কথা বলছেন তা শাসক দল আদৌ কতটা রক্ষা করতে পারবে।","ভারতের লোকসভায় বিজেপি এবারও কোনো মুসলিম এমপি পাঠাতে পারেনি; নির্বাচনে দলটি মাত্র ছয়জন মুসলিম প্রার্থী দিয়েছিল, যাঁদের কেউ জয়ী হননি। সমালোচকেরা এতে মুসলিমদের প্রতি বিজেপির আস্থার অভাব ও সংখ্যালঘু প্রতিনিধিত্বের সংকট দেখছেন, जबकि বিজেপির দাবি—প্রার্থী বাছাই ধর্ম নয়, জয়ের সম্ভাবনার ভিত্তিতে হয় এবং উন্নয়নমূলক রাজনীতিতে ধর্মীয় পরিচয় গৌণ।",10.13,2.6,7.59
news-49888740,"বাংলাদেশের দক্ষিণাঞ্চলীয় শহর খুলনায় সোমবার সন্ধ্যায় একটি ছোটখাটো বোমা বিষ্ফোরণের দায় স্বীকার করেছে তথাকথিত ইসলামিক স্টেট জঙ্গি গোষ্ঠি, যেটি আইএস নামে সমধিক পরিচিত।",খুলনার ফুলতলা থানার শিরোমণি এলাকায় আওয়ামী লীগের কার্যালয়ের সামনে বাজারের ব্যাগে রাখা একটি স্বল্পশক্তির বোমা বিস্ফোরিত হলেও কোনো হতাহত বা বড় ধরনের ক্ষয়ক্ষতি হয়নি। পুলিশ তদন্ত চালিয়ে যাচ্ছে এবং এখনো কাউকে শনাক্ত করতে পারেনি; সাইট ইন্টেলিজেন্সে আইএস দায় স্বীকারের দাবি প্রকাশিত হলেও এর সত্যতা যাচাই করা যায়নি। স্থানীয় আওয়ামী লীগ নেতাকর্মীরা ঘটনার প্রতিবাদে বিক্ষোভ মিছিল করে দ্রুত তদন্তের দাবি জানিয়েছেন।,9.64,0.0,7.23
news-48881058,"মনে করুন আপনি আপনার বন্ধুর সঙ্গে চা পান করছেন। আপনার বন্ধু আপনাকে বললো, সৌরজগতে পৃথিবী আর মঙ্গলগ্রহের মাঝখানে কোন এক জায়গায় একটি চায়ের কেটলি আছে যেটি সূর্যকে প্রদক্ষিণ করছে।","‘রাসেলের টিপট’ উপমার মাধ্যমে বার্ট্রান্ড রাসেল বোঝান, কোনো কিছুর অস্তিত্ব অপ্রমাণযোগ্য হওয়া তার অস্তিত্বের প্রমাণ নয়; তাই ঈশ্বরের অস্তিত্বের প্রমাণ দেওয়ার দায় বিশ্বাসীদের ওপর। রিচার্ড ডকিন্স ও কার্ল সাগান এই যুক্তি সমর্থন করলেও, খ্রিষ্টান যাজক জেরার্ডো রেমোলিনা ও দার্শনিক আলভিন প্লানটিঙ্গা তা প্রত্যাখ্যান করে বলেন, ঈশ্বরের অস্তিত্ব অস্বীকারকারীদেরই বরং তা প্রমাণ করতে হবে।",0.0,0.0,0.0
news-48671908,গতকাল ইংল্যান্ডের টনটনে ওয়েস্ট ইন্ডিজের বিপক্ষে বাংলাদেশের জয়ের পর সামাজিক মাধ্যমে বিশেষ করে টুইটারে বিশ্বের সাবেক বর্তমান ক্রিকেটার এবং ধারাভাষ্যকাররা নানা রকম মন্তব্য করেছেন।,"ওয়েস্ট ইন্ডিজকে দুর্দান্তভাবে হারানোয় বাংলাদেশ দল ও সাকিব আল হাসানের অলরাউন্ড নৈপুণ্যের প্রশংসা করেছেন শহীদ আফ্রিদি, ইরফান পাঠান, রাসেল আর্নল্ড, হার্শা ভোগলে, ভিভিএস লক্ষণসহ সাবেক ও বর্তমান ক্রিকেটাররা। তারা সাকিবের দায়িত্বশীল ব্যাটিং, লিটন দাসের পরিপক্বতা এবং বাংলাদেশের বড় রান তাড়া করার দক্ষতার প্রশংসা করেছেন; শোয়েব আক্তার এই জয় থেকে শেখার আহ্বান জানিয়েছেন। তবে কেভিন পিটারসেন ওয়েস্ট ইন্ডিজের হারে হতাশা প্রকাশ করেছেন।",16.47,2.41,11.76
news-48556580,বিশ্বকাপ ক্রিকেটে আগামীকাল শনিবার বাংলাদেশ দল মুখোমুখি হবে ইংল্যান্ডের। কার্ডিফে অনুষ্ঠিত হবে এই ম্যাচ। এই মাঠে কখনো হারেনি বাংলাদেশ। এর আগে দুটো ম্যাচ খেলে তারা দুটোতেই জয়লাভ করেছে। ২০০৫ সালে হারিয়েছে অস্ট্রেলিয়াকে এবং ২০১৭ সালে তারা হারিয়েছে নিউজিল্যান্ডকে।,"বাংলাদেশের কোচ স্টিভ রোডস বিশ্বকাপের আগে খেলোয়াড়দের অতিরিক্ত চাপ না দিয়ে মৌলিক দক্ষতা ও মানসিকভাবে শান্ত থাকার ওপর জোর দিচ্ছেন, পাশাপাশি ইংল্যান্ডের মাঠ ও কন্ডিশন সম্পর্কে নিজের অভিজ্ঞতা কাজে লাগাচ্ছেন। ইংল্যান্ডের বিপক্ষে বাংলাদেশকে আন্ডারডগ মনে করলেও জয়ের প্রত্যাশা করছেন এবং সাকিব, তামিম, মাশরাফি, মুশফিক, রিয়াদ ও মুস্তাফিজের অভিজ্ঞতার ওপর আস্থা রাখছেন। আয়ারল্যান্ডে ত্রিদেশীয় সিরিজের জয় দলকে অনুপ্রেরণা দেবে বলে মনে করেন রোডস, তবে সমর্থকদের বাস্তববাদী থেকে ধৈর্য ধরার আহ্বান জানিয়েছেন।",5.56,0.0,3.7
news-48941481,"''মানুষ বড়ো কাঁদছে, তুমি মানুষ হয়ে পাশে দাঁড়াও/ মানুষই ফাঁদ পাতছে, তুমি পাখির মতো পাশে দাঁড়াও।''","যুদ্ধ, জাতিগত সংঘাত, রাজনৈতিক সন্ত্রাস, দারিদ্র্য ও প্রাকৃতিক দুর্যোগে বিশ্বজুড়ে কোটি কোটি মানুষ ঘরছাড়া হয়ে নিরাপত্তার সন্ধানে দেশান্তরে পাড়ি দিচ্ছে; পথে ভূমধ্যসাগরে অসংখ্য মানুষের মৃত্যু এবং পরিবার থেকে শিশুদের বিচ্ছিন্ন হওয়ার মতো নির্মম ঘটনাও ঘটছে। জাতিসংঘের তথ্য অনুযায়ী, ২০১৮ সালে বিশ্বে ৬ কোটি ৮৫ লক্ষ মানুষ উদ্বাস্তু বা বাস্তুচ্যুত হয়, অথচ রাষ্ট্র ও সমাজের ক্রমবর্ধমান অসহিষ্ণুতা তাদের মানবাধিকার ও আশ্রয়ের অধিকারকে আরও সংকটাপন্ন করছে। নিবন্ধটি এই অসহায় মানুষের প্রতি বিশ্ববাসীর সহমর্মিতা ও দায়িত্ববোধ জাগানোর আহ্বান জানায়।",8.7,0.0,6.52
news-40898587,"চীন বলছে সেদেশের সবচেয়ে বড় ও জনপ্রিয় তিনটি সামাজিক যোগাযোগ প্ল্যাটফর্ম - ওয়েবো, উইচ্যাট এবং বাইদু তিয়েবার বিরুদ্ধে তারা তদন্ত করছে। তাদের বিরুদ্ধে সাইবার নিরাপত্তা আইন লংঘনের অভিযোগ উঠেছে।","চীনের সাইবারস্পেস প্রশাসন ওয়েবো, উইচ্যাট ও বাইদু তিয়েবায় সন্ত্রাস, সহিংসতা, গুজব, অশ্লীলতা এবং জাতীয় ও জননিরাপত্তার জন্য ঝুঁকিপূর্ণ বিষয় ছড়ানোর অভিযোগে তদন্ত শুরু করেছে। বাইদু দুঃখপ্রকাশ করে সরকারের সঙ্গে সহযোগিতা ও নজরদারি বাড়ানোর কথা জানালেও উইচ্যাট ও ওয়েবোর মালিক টেনসেন্ট এখনও প্রতিক্রিয়া জানায়নি। ঘটনাটি চীনের কঠোর ইন্টারনেট সেন্সরশিপ ও অনলাইন মতপ্রকাশ নিয়ন্ত্রণ আরও বাড়ার আশঙ্কা তৈরি করেছে।",14.12,2.41,9.41
news-54308790,ইসলাম ধর্মের অবমাননার দায়ে নাইজেরিয়ার আদালত ১৩বছর বয়সী এক কিশোরকে দশ বছরের কারাদণ্ড দেয়ার পর পোল্যান্ডের একজন ঐতিহাসিক প্রস্তাব দিয়েছেন তিনি এবং আরও কয়েকজন স্বেচ্ছাসেবী পালা করে তার সাজার মেয়াদ খাটতে রাজি আছেন।,"নাইজেরিয়ার কানো প্রদেশের শরিয়া আদালত আল্লাহকে নিয়ে অবমাননাকর মন্তব্যের অভিযোগে এক কিশোরকে ১০ বছরের কারাদণ্ড দিয়েছে; তার আইনজীবী রায়টিকে শিশু অধিকার ও সংবিধানবিরোধী দাবি করে আপিল করেছেন, আর ইউনিসেফও পুনর্বিবেচনার আহ্বান জানিয়েছে। আউশভিৎস স্মৃতি যাদুঘরের পরিচালক ড. পিওতর সিউইনস্কি কিশোরটিকে ক্ষমা করার জন্য প্রেসিডেন্ট মুহাম্মদ বুহারিকে অনুরোধ করে বলেছেন, সাজা বহাল থাকলে তিনি ও বিশ্বের ১১৯ জন স্বেচ্ছাসেবী পালাক্রমে তার হয়ে এক মাস করে কারাভোগ করবেন। কানোসহ নাইজেরিয়ার ১২টি মুসলিম-অধ্যুষিত প্রদেশে শরিয়া আদালত চালু আছে, যাদের রায় ধর্মনিরপেক্ষ আপিল আদালত ও সুপ্রিম কোর্টে চ্যালেঞ্জ করা যায়।",16.67,3.39,15.0
news-55064450,সিঙ্গাপুরের স্বরাষ্ট্র মন্ত্রণালয়ের বিবৃতিকে উদ্ধৃত করে দেশটির দ্য স্ট্রেইটস টাইমস পত্রিকা খবর দিয়েছে যে দেশটিতে কর্মরত ১৫ জন বাংলাদেশি নির্মাণ শ্রমিককে সিঙ্গাপুর থেকে ঢাকায় ফেরত পাঠানো হয়েছে। একই খবর দিয়েছে বার্তা সংস্থা এএফপি এবং মালয়েশিয়া নাউ নামে একটি পত্রিকা।,"সিঙ্গাপুরে নির্মাণশ্রমিক বাংলাদেশি আহমেদ ফয়সালকে ২ নভেম্বর অভ্যন্তরীণ নিরাপত্তা আইনে আটক করা হয়েছে; কর্তৃপক্ষের দাবি, তিনি উগ্রপন্থী মতাদর্শে অনুপ্রাণিত, সহিংসতায় উসকানিমূলক সামাজিক যোগাযোগমাধ্যমের পোস্ট দিয়েছেন এবং ইসলামিক স্টেটের হয়ে লড়তে সিরিয়া যাওয়ার ইচ্ছা পোষণ করেছিলেন। তবে ফ্রান্সের হামলা বা সিঙ্গাপুরে কোনো হামলার পরিকল্পনার সঙ্গে তার সম্পৃক্ততা পাওয়া যায়নি; একই সময়ে সিঙ্গাপুর থেকে ১২ বাংলাদেশিকে বহিষ্কারের খবরও পাওয়া গেছে।",12.37,2.11,6.19
news-46938476,"ঢাকায় শনিবার তার দলের নির্বাচনী বিজয় উদযাপনের সময়, বহু মানুষের চোখ ছিল নির্বাচনী কারচুপির বিস্তর অভিযোগ নিয়ে কী বলেন প্রধানমন্ত্রী। কিন্তু তা নিয়ে একটি শব্দও উচ্চারণ করেনি তিনি।","চতুর্থ দফার শাসনে প্রধানমন্ত্রী শেখ হাসিনা মানুষের আর্থ-সামাজিক উন্নয়নের পাশাপাশি দুর্নীতি, মাদক ও সুশাসনকে অগ্রাধিকার দেওয়ার ইঙ্গিত দিয়েছেন এবং মন্ত্রীদের জবাবদিহিতার আওতায় রাখার কথা বলেছেন। বিশ্লেষকদের মতে, তিনি নির্বাচনকেন্দ্রিক বিতর্ক থেকে জনসাধারণের গুরুত্বপূর্ণ ইস্যুতে মনোযোগ ফেরাতে ও ইতিবাচক রাজনৈতিক উত্তরাধিকার গড়তে চাইছেন; তবে ব্যক্তি-নির্ভর নেতৃত্বের বদলে প্রাতিষ্ঠানিক কাঠামো শক্ত না হলে এসব লক্ষ্য বাস্তবায়ন কঠিন হবে।",6.98,0.0,4.65
news-41451031,চলমান রোহিঙ্গা সংকটের প্রেক্ষিতে সমালোচনার মুখে থাকা মিয়ানমারের নেত্রী অং সান সু চির একটি প্রতিকৃতি সরিয়ে নিয়েছে অক্সফোর্ডের একটি কলেজ।,"রোহিঙ্গাদের ওপর মিয়ানমার সেনাবাহিনীর নির্যাতন বন্ধে কার্যকর পদক্ষেপ না নেওয়ায় অং সান সু চি বিশ্বজুড়ে সমালোচিত হচ্ছেন; এদিকে চার লাখের বেশি রোহিঙ্গা বাংলাদেশে আশ্রয় নিয়েছে। এর মধ্যেই অক্সফোর্ডের সেন্ট হিউ কলেজ তার প্রবেশদ্বারে থাকা সু চির প্রতিকৃতি সরিয়ে জাপানি শিল্পী ইয়োশিহিরো তাকাদার একটি চিত্রকর্ম প্রদর্শনের সিদ্ধান্ত জানিয়েছে, যদিও প্রতিকৃতি সরানোর কারণ স্পষ্ট নয়।",32.88,11.27,19.18
news-47693685,কিছুদিন আগেও চীনের অর্থনৈতিক উত্থানকে কোন উদ্বেগের বিষয় হিসেবে দেখা হতো না। মনে করা হতো যে তাদের বিকাশমান অর্থনীতি ক্রমশ:ই উদার-হতে-থাকা রাজনৈতিক ব্যবস্থার সাথে তাল মিলিয়ে চলবে।,"চীনের উত্থান ও যুক্তরাষ্ট্রের প্রতিষ্ঠিত শক্তি হিসেবে অবস্থানের সংঘাতকে অনেকে ‘থুসিডিডেসের ফাঁদ’ হিসেবে দেখছেন, যা ইতিহাসে বহুবার যুদ্ধের দিকে গড়িয়েছে। তাইওয়ান ও পশ্চিম প্রশান্ত মহাসাগরে সামরিক প্রতিদ্বন্দ্বিতা, বাণিজ্য বিরোধ এবং হুয়াওয়েকে ঘিরে প্রযুক্তিগত আধিপত্যের লড়াই উত্তেজনা বাড়াচ্ছে। তবে যুদ্ধ অবধারিত নয়; কূটনীতি ও পারস্পরিক উদ্বেগ নিরসনের মাধ্যমে সংঘাত এড়ানো সম্ভব।",5.0,0.0,5.0
news-50114789,ফেসবুক পোস্ট নিয়ে পুলিশ ও বিক্ষোভকারীদের মধ্যে সংঘর্ষে ৪ জন নিহত হওয়ার পর ভোলার বোরহানউদ্দিনে বিজিবি ও কোস্টগার্ড মোতায়েন করা হয়েছে।,"ভোলার বোরহানউদ্দিনে ফেসবুকে মহানবীকে নিয়ে কথিত কটূক্তিমূলক পোস্টকে কেন্দ্র করে গ্রামবাসী ও পুলিশের সংঘর্ষে চারজন নিহত এবং ১০ পুলিশসহ বহু মানুষ আহত হয়েছেন; অভিযুক্ত যুবককে পুলিশ হেফাজতে নেওয়া হয়েছে। বিক্ষোভকারীরা ওই যুবকের ফাঁসি, এসপি ও ওসির অপসারণসহ ছয় দফা দাবি জানিয়ে ২৪ ঘণ্টার মধ্যে তা বাস্তবায়ন না হলে আন্দোলন চালিয়ে যাওয়ার ঘোষণা দিয়েছেন, তবে বর্তমানে পরিস্থিতি শান্ত রয়েছে।",25.32,2.6,12.66
news-53330837,বিশ্ব স্বাস্থ্য স্বীকার করেছে যে বাতাসে ভেসে থাকা ক্ষুদ্র কণার মাধ্যমে করোনাভাইরাস ছড়ানোর প্রমাণ পাওয়া যাচ্ছে।,"বিশ্ব স্বাস্থ্য সংস্থার এক কর্মকর্তা বলেছেন, ভিড়পূর্ণ, আবদ্ধ বা অপর্যাপ্ত বায়ু চলাচলযুক্ত স্থানে করোনাভাইরাস বাতাসের মাধ্যমে ছড়ানোর সম্ভাবনা উড়িয়ে দেওয়া যায় না। ৩২ দেশের ২৩৯ বিজ্ঞানী দাবি করেছেন, কথা বলা ও শ্বাস নেওয়ার সময় ছড়ানো ক্ষুদ্র কণা কয়েক ঘণ্টা বাতাসে ভেসে থেকে সংক্রমণ ঘটাতে পারে; তবে বিশ্ব স্বাস্থ্য সংস্থা বলছে, এ বিষয়ে প্রমাণ এখনো প্রাথমিক এবং আরও পর্যালোচনা প্রয়োজন।",24.0,5.48,13.33
news-50051616,বিবিসির সাপ্তাহিক সিরিজ 'দি বস'-এ পৃথিবীর নানা দেশের শীর্ষ ব্যবসায়ীদের কর্মজীবন নিয়ে প্রতিবেদন তুলে ধরা হয়। এই সপ্তাহে তুলে ধরা হলো খাবার সরবরাহকারী প্রতিষ্ঠান গৌস্ত'র প্রতিষ্ঠাতা ও প্রধান নির্বাহী টিমো বোলড্ট-এর কাহিনী।,"টিমো বোলড্ট ২০১২ সালে ব্যস্ত মানুষের জন্য পরিমাপ করা উপকরণ ও রেসিপিসহ খাবারের বাক্স সরবরাহের প্রতিষ্ঠান ‘গৌস্তো’ শুরু করেন, যা এখন যুক্তরাজ্যের বৃহৎ খাদ্যশিল্পে পরিণত হয়ে মাসে লাখো প্যাকেট সরবরাহ করছে। ব্যবসাটি এখনও মুনাফার চেয়ে সম্প্রসারণে বেশি বিনিয়োগ করছে এবং প্লাস্টিক কমানো, খাদ্য অপচয় রোধ ও প্যাকেটের দাম কমানোর চ্যালেঞ্জ মোকাবিলা করছে।",9.2,2.35,4.6
news-46688013,বহু স্মার্টফোন ব্যবহারকারীর মধ্যে ক্রমশ একটা উদ্বেগ তৈরি হচ্ছে তারা কতক্ষণ সময় ফোনে কাটাচ্ছেন বা ফোনের দিকে তাকিয়ে থাকছেন সেটা নিয়ে।,"গুগল ও অ্যাপলের ‘ডিজিটাল ওয়েলবিয়িং’ ও ‘স্ক্রিন টাইম’ টুল ব্যবহারকারীদের ফোনে অতিরিক্ত সময় ও আনলকের পরিমাণ সম্পর্কে সচেতন করছে, যদিও বিজ্ঞাপননির্ভর প্রযুক্তি কোম্পানিগুলোর স্বার্থ বেশি ব্যবহার নিশ্চিত করার সঙ্গে জড়িত। বিশেষজ্ঞদের মতে, ফোন পুরোপুরি বর্জন নয়; জরুরি নোটিফিকেশন রাখা, অপ্রয়োজনীয় অ্যাপ আড়াল করা, শোবার ঘরে ফোন না রাখা ও ব্যবহারের অভ্যাস নিজে নিয়ন্ত্রণ করাই কার্যকর সমাধান।",5.19,0.0,2.6
news-50304898,"কেউ বলছেন ""এক ভরি গরুর গয়না বানাব"", কেউ একজন দুধ বিক্রেতার ছবি দিয়ে মশকরা করে লিখেছেন 'এটি আসলে এক স্বর্ণকারের ছবি - দুধের ড্রাম নিয়ে তিনি সোনার দোকানে চলেছেন।'","পশ্চিমবঙ্গ বিজেপির সভাপতি দিলীপ ঘোষের দেশি গরুর দুধে সোনা থাকে এবং কুঁজে ‘স্বর্ণনাড়ি’ রয়েছে—এমন মন্তব্যের পর সামাজিক মাধ্যমে ব্যাপক রসিকতা ও মিম ছড়িয়ে পড়ে। বিশেষজ্ঞরা জানান, দুধের হলদেটে রঙ সোনার কারণে নয়; গরুর খাদ্য থেকে আসা ক্যারটিনয়েডের জন্য তা হয়।",8.7,0.0,8.7
news-54961935,"আফগানিস্তানের ভূখন্ডকে ব্যবহার করে ভারত তাদের দেশের ভেতর সন্ত্রাসবাদী কার্যকলাপে মদত দিচ্ছে, পাকিস্তান অনুষ্ঠানিকভাবে এই অভিযোগ তোলার পর ভারত তা সরাসরি ভিত্তিহীন বলে দাবি করেছে।","পাকিস্তান ভারতের বিরুদ্ধে বালোচিস্তান, খাইবার-পাখতুনখোয়া ও গিলগিট-বালতিস্তানে সন্ত্রাসে মদতের অভিযোগ তুলে একটি ডসিয়ের প্রকাশ করেছে। ভারত এসব অভিযোগকে ভিত্তিহীন প্রচার বলে প্রত্যাখ্যান করেছে এবং পাকিস্তানকেই আন্তঃসীমান্ত সন্ত্রাসবাদের জন্য দায়ী করেছে; আফগানিস্তানও পাকিস্তানের দাবি অস্বীকার করেছে। এদিকে নিয়ন্ত্রণরেখায় গোলাবর্ষণ ও পাল্টাপাল্টি কূটনৈতিক প্রতিবাদের কারণে দুই দেশের উত্তেজনা তীব্র হয়েছে।",21.33,0.0,18.67
news-45246886,বাংলাদেশে নিরাপদ সড়কের দাবিতে আন্দোলন চলাকালে গ্রেফতার বেসরকারি বিশ্ববিদ্যালয়ের ১৪ জন শিক্ষার্থী আজ জামিন পেয়ে কারাগার থেকে বেরিয়ে এসেছেন।,"নিরাপদ সড়ক আন্দোলনকে কেন্দ্র করে দায়ের করা বিভিন্ন মামলায় গত দুই দিনে মোট ৫৬ জন শিক্ষার্থী জামিন পেয়েছেন, যাদের মধ্যে ৪২ জন বেসরকারি বিশ্ববিদ্যালয়ের ছাত্র। তবে সামাজিক মাধ্যমে গুজব ছড়ানোর অভিযোগে আটক কোটা সংস্কার আন্দোলনের নেতা লুৎফুন্নাহার লুমার জামিন আবেদন আদালত নাকচ করেছে।",19.35,6.67,12.9
news-50895306,সারা ভারত জুড়ে জাতীয় নাগরিকপঞ্জী বা এনআরসি তৈরি করার প্রশ্নে প্রধানমন্ত্রী নরেন্দ্র মোদী আবার দেশকে বিভ্রান্ত করতে চাইছেন বলে বিরোধীরা অভিযোগ তুলছেন।,"প্রধানমন্ত্রী নরেন্দ্র মোদী দেশজুড়ে এনআরসি নিয়ে কোনো আলোচনা হয়নি বলে দাবি করলেও স্বরাষ্ট্রমন্ত্রী অমিত শাহ আগে সংসদে দেশব্যাপী এনআরসি করার ঘোষণা দিয়েছিলেন, ফলে সরকারের অবস্থান নিয়ে বিভ্রান্তি তৈরি হয়েছে। বিরোধী ও পর্যবেক্ষকদের মতে, দেশব্যাপী বিক্ষোভ এবং ঝাড়খণ্ডে বিজেপির পরাজয়ের কারণে সরকার আপাতত এনআরসি পিছিয়ে দেওয়ার কৌশল নিয়েছে, তবে পরিকল্পনা পুরোপুরি বাতিল করেনি।",18.92,5.56,10.81
news-45159995,বাংলাদেশে গত সাতদিন ধরে ট্রাফিক সপ্তাহ পালনের পর আজ থেকে আরও তিনদিনের জন্য সেটি বাড়ানো হয়েছে।,"বাংলাদেশে নিরাপদ সড়কের দাবিতে শুরু হওয়া ট্রাফিক সপ্তাহের মেয়াদ আরও তিন দিন বাড়ানো হয়েছে এবং লাইসেন্স, রুট পারমিট ও ফিটনেস না থাকায় কয়েক হাজার মামলা হয়েছে। ট্রাফিক পুলিশের মতে, ৯০ শতাংশ মানুষের আইন না মানা, ডিজিটাল সিগন্যাল ও ডাম্পিং গ্রাউন্ডের অভাব এবং বিভিন্ন সংস্থার সমন্বয়হীনতা আইন প্রয়োগে বড় বাধা। স্থায়ী সমাধানের জন্য ট্রাফিক ব্যবস্থাকে পুরোপুরি автоматেশন ও ডিজিটাল প্রযুক্তিনির্ভর করার ওপর জোর দেওয়া হয়েছে।",15.0,2.56,12.5
news-47201436,সোশ্যাল মিডিয়া জায়ান্ট টুইটারের শীর্ষ কর্মকর্তারা ভারতে একটি পার্লামেন্টারি প্যানেলের সমনকে অস্বীকার করার পর তাদের বিরুদ্ধে কড়া ব্যবস্থা নেওয়ার ইঙ্গিত দিয়েছে ওই প্যানেল।,"বিজেপি-সমর্থক দক্ষিণপন্থী কয়েকটি অ্যাকাউন্ট ব্লক করার অভিযোগে সংসদীয় কমিটি টুইটারকে তলব করলেও সংস্থাটি অল্প নোটিশে হাজির হতে পারেনি, ফলে বিজেপি নেতারা ক্ষোভ প্রকাশ করে সম্ভাব্য ব্যবস্থা নেওয়ার কথা বলেছেন। টুইটার তাদের স্বচ্ছতা ও নিরপেক্ষতার নীতি বজায় রাখার দাবি করেছে; এ ঘটনায় ভারত সরকারের সঙ্গে টুইটারের নিয়ন্ত্রণ, জবাবদিহি ও সম্পর্ক নিয়ে বিরোধ আরও তীব্র হয়েছে।",12.82,2.63,7.69
140905_sm_nato_russia_coldwave_background,"ইউক্রেনের সংঘাত পশ্চিমা সামরিক জোট নেটোর সাথে রাশিয়ার সম্পর্কে অবনতি ঘটিয়েছে, এবং পুনরায় ঠাণ্ডা লড়াই ফিরে আসার আশংকা তৈরি করেছে।","ইউক্রেনের বিচ্ছিন্নতাবাদীদের রাশিয়ার সামরিক সহায়তার অভিযোগকে কেন্দ্র করে নেটো-রাশিয়া সম্পর্কের অবনতি চরমে উঠেছে; রাশিয়া অভিযোগ অস্বীকার করে ইউক্রেনের পশ্চিমাপন্থী সরকারের বিরুদ্ধে আগ্রাসনের অভিযোগ করেছে। নেটোর পূর্বমুখী সম্প্রসারণ, জর্জিয়া যুদ্ধ, ক্ষেপণাস্ত্র প্রতিরক্ষা ব্যবস্থা এবং ইউক্রেন-জর্জিয়ার সম্ভাব্য নেটো সদস্যপদ নিয়ে মস্কোর উদ্বেগ দীর্ঘদিনের উত্তেজনা বাড়িয়েছে। এরই মধ্যে রাশিয়ার সীমান্তঘেঁষা পূর্ব ইউরোপে ৪৮ ঘণ্টার মধ্যে মোতায়েনযোগ্য কয়েক হাজার সেনার ‘র‍্যাপিড রেসপন্স ফোর্স’ গঠনের পরিকল্পনা করেছে নেটো।",16.28,0.0,11.63
news-51817628,জেল থেকে বন্দীদের পলায়ন। জেলখানায় আগুন। রাস্তায় পুলিশ-জনতা সংঘর্ষ। সরকারি নিষেধাজ্ঞার এড়িয়ে পালানোর জন্য রেলস্টেশন-বাস টার্মিনালে শত শত মানুষের ভিড়। জনশূন্য শপিং মল। বন্ধ দোকানপাট। অর্থনীতিতে বিরাট মন্দার আশংকা।,"করোনাভাইরাসের দ্রুত বিস্তার ঠেকাতে ইতালি পুরো দেশে কঠোর বিধিনিষেধ জারি করেছে; বন্ধ করা হয়েছে শিক্ষা প্রতিষ্ঠান, ব্যবসা, রেস্তোরাঁ, গণসমাবেশ ও আন্তর্জাতিক যোগাযোগ, আর অপ্রয়োজনে বাইরে বের হলে জেল-জরিমানার বিধান রাখা হয়েছে। এতে মানুষের দৈনন্দিন জীবন বিপর্যস্ত, আতঙ্ক ও পণ্যসংকট তৈরি হয়েছে এবং অর্থনীতিতে ধসের আশঙ্কা দেখা দিয়েছে। বিশেষজ্ঞরা মনে করছেন, এসব পদক্ষেপ সংক্রমণের গতি কমাতে পারে, তবে দীর্ঘদিন বজায় রাখা কঠিন এবং ইতালিতে এর কার্যকারিতা এখনো অনিশ্চিত।",8.08,0.0,6.06
news-50038358,১১ই অক্টোবর 'ব্যক্তিগত বাংলা লাইব্রেরি বিক্রি হবে' শিরোনামে একটি বিজ্ঞাপন প্রকাশিত হয় একটি দৈনিক পত্রিকায়। এক ব্যক্তি প্রায় ৫০ বছর ধরে গড়ে তোলা ব্যক্তিগত লাইব্রেরির বই এবং পত্রিকার সংগ্রহ বিক্রি করার ঘোষণা দেন সেখানে।,"অবসরপ্রাপ্ত শিক্ষক গোকুল চন্দ্র দাস ১৯৭০ সাল থেকে সংগ্রহ করা বাংলা বই, গবেষণাগ্রন্থ, অভিধান ও গত ৪৭ বছরের পত্রিকার বিশেষ সংখ্যা রক্ষণাবেক্ষণের খরচ বহন করতে না পেরে বিক্রি করতে চান। তাঁর সংগ্রহে থাকা কবিতা ও সাহিত্যিকদের লেখা ১৬ খণ্ডে সংকলিত, আর পুরো সংগ্রহের জন্য তিনি ১৫ লাখ টাকা এবং পত্রিকার বিশেষ সংখ্যার জন্য ১০ লাখ টাকা বিনিময়মূল্য নির্ধারণ করেছেন।",12.9,2.2,8.6
news-45889940,ভারতের পররাষ্ট্র দফতরের জুনিয়র মন্ত্রী এম জে আকবর তার বিরুদ্ধে বেশ কিছু যৌন হয়রানির অভিযোগের মুখে পদত্যাগ করেছেন।,যৌন হয়রানির অভিযোগ অস্বীকার করলেও সাবেক সম্পাদক ও মন্ত্রী এম জে আকবর পদত্যাগ করেছেন। ভারতে ‘মি-টু’ আন্দোলনের প্রেক্ষাপটে প্রিয়া রামানিসহ কয়েকজন নারী সাংবাদিক তাঁর বিরুদ্ধে যৌন হেনস্থা ও আগ্রাসী আচরণের অভিযোগ তোলেন; বিতর্কের কারণে শাসক দলের চাপও তৈরি হয়েছিল।,31.03,17.86,20.69
news-54784098,"বাংলাদেশে একাধিক মন্ত্রী বলেছেন, ধর্ম অবমাননার গুজব ছড়িয়ে কোন কোন গোষ্ঠী পর পর কয়েকটি সহিংস ঘটনা ঘটিয়ে অস্থিরতা সৃষ্টির চেষ্টা করেছে বলে সরকার মনে করছে।","ধর্ম অবমাননার গুজব ছড়িয়ে লালমনিরহাটে একজনকে হত্যা এবং কুমিল্লায় হিন্দুদের বাড়িঘরে হামলা-অগ্নিসংযোগের পর সরকার গুজব ও উসকানিদাতাদের বিরুদ্ধে কঠোর ব্যবস্থা নেওয়ার ঘোষণা দিয়েছে। তবে অতীতের রামু, নাসিরনগর ও রংপুরের মতো ঘটনায় বিচার না হওয়ায় মানবাধিকারকর্মীরা সরকারের ঘোষণার কার্যকারিতা নিয়ে সন্দিহান।",18.18,9.37,18.18
news-41745155,"মঙ্গলবার নেপিডোতে মিয়ানমারের স্বরাষ্ট্রমন্ত্রী লে. কর্নেল চ সুয়ি এবং পুলিশ প্রধানের সাথে বৈঠকের পর আসাদুজ্জামান খান টেলিফোনে বিবিসি বাংলাকে জানিয়েছেন, রোহিঙ্গা প্রত্যাবসনের লক্ষ্যে দুই দেশের সমান সংখ্যক প্রতিনিধি নিয়ে খুব শীঘ্রই একটি যৌথ ওয়ার্কিং কমিটি গঠন করা হবে।","মিয়ানমার রোহিঙ্গাদের ফিরিয়ে নিতে রাজি হয়ে ৩০ নভেম্বরের মধ্যে একটি যৌথ কমিটি গঠনের প্রস্তাব দিয়েছে; এ নিয়ে বাংলাদেশের স্বরাষ্ট্রমন্ত্রী মিয়ানমার সফর করছেন এবং একটি বাংলাদেশি প্রতিনিধিদল অং সান সু চির সঙ্গে সাক্ষাৎ করবে। তবে বিশেষজ্ঞরা কমিটির গঠন, সদস্যদের নিরপেক্ষতা, প্রত্যাবাসনের মানদণ্ড ও রোহিঙ্গাদের নিরাপত্তা নিয়ে গভীর সংশয় প্রকাশ করে মিয়ানমারের নমনীয় অবস্থানকে অবিশ্বাসের চোখে দেখছেন।",17.2,2.2,8.6
news-55291601,"বাংলাপিডিয়ার হিসাব বলছে, মুক্তিযুদ্ধের সময় ১ হাজার ১১১ জন বুদ্ধিজীবীকে হত্যা করেছিল পাকিস্তানি বাহিনী। যার মধ্যে সবচেয়ে বেশি ছিল ঢাকায়। ১৪৯ জন।","১৯৭১ সালে বুদ্ধিজীবী হত্যাকাণ্ড শুধু ঢাকায় নয়, দেশের বিভিন্ন জেলাতেও ব্যাপকভাবে ঘটলেও স্মরণ ও স্বীকৃতি মূলত ঢাকা-কেন্দ্রিক; ইতিহাসবিদরা সব অঞ্চলের বুদ্ধিজীবী, নির্যাতিত নারী, গ্রামীণ মানুষ ও আশ্রয়দাতাদের অবদানও স্মরণ করার আহ্বান জানিয়েছেন। ১৪ ডিসেম্বর আল-বদরসহ পাকিস্তানি বাহিনীর পরিকল্পিত হত্যাযজ্ঞের প্রতীক হিসেবে বুদ্ধিজীবী দিবস পালিত হলেও ২৫ মার্চ থেকে পুরো মুক্তিযুদ্ধজুড়েই এ হত্যাকাণ্ড চলেছে। বিশেষজ্ঞদের মতে, বুদ্ধিজীবীদের পূর্ণাঙ্গ তালিকা, জীবনী ও স্মৃতি সংরক্ষণে সরকারি উদ্যোগ এখনো বিচ্ছিন্ন ও অপর্যাপ্ত; দ্রুত সমন্বিত উদ্যোগ নেওয়া জরুরি।",4.12,0.0,2.06
news-53121882,"ব্রিটেনে চালানো এক জরিপে দেখা গেছে যে, করোনাভাইরাস আক্রান্ত হলে দক্ষিণ এশীয় বংশোদ্ভূতদেরই মারা যাবার সম্ভাবনা সবচেয়ে বেশি, এবং তার একটি কারণ ডায়াবেটিস।","বৃহৎ এক গবেষণায় দেখা গেছে, কোভিড-১৯ আক্রান্ত দক্ষিণ এশীয়দের মৃত্যুঝুঁকি শ্বেতাঙ্গদের তুলনায় প্রায় ২০ শতাংশ বেশি; হাসপাতালে ভর্তি রোগীদের মধ্যে ডায়াবেটিসের হার বেশি হওয়া এর অন্যতম কারণ, তবে দারিদ্র্য, আবাসন, পেশা ও জিনগত পার্থক্যও ভূমিকা রাখতে পারে। দক্ষিণ এশীয়দের মধ্যে বাংলাদেশিদের ঝুঁকি সর্বাধিক—বয়স, লিঙ্গ ও আর্থ-সামাজিক কারণ বাদ দিলেও তাদের মৃত্যুঝুঁকি শ্বেতাঙ্গ ব্রিটিশদের প্রায় দ্বিগুণ বলে গবেষণায় উঠে এসেছে।",16.47,2.41,16.47
news-53324713,লাদাখের গালওয়ান উপত্যকা ও সংলগ্ন এলাকায় চীনা বাহিনী 'ডিসএনগেজমেন্ট' বা সৈন্য প্রত্যাহারের প্রক্রিয়া শুরু করলেও ভারত এখনও তাতে পুরোপুরি আশ্বস্ত হতে পারছে না এবং পরিস্থিতির ওপর সতর্ক নজর রাখছে।,"১৯৬২ সালে গালওয়ান থেকে চীনা সেনা সরে যাওয়ার ৯৬ দিনের মধ্যেই পূর্ণাঙ্গ যুদ্ধ শুরু হওয়ার অভিজ্ঞতা এবং ১৯৭৫ সালের তুলুং লা হামলার কারণে ভারত বর্তমান গালওয়ান, গোগরা ও হট স্প্রিংস থেকে চীনের সেনা প্রত্যাহারেও সতর্ক রয়েছে। বিশেষজ্ঞ ও সাবেক সেনা কর্মকর্তাদের মতে, সমঝোতার পরও চীন সামরিক স্থাপনা ও রসদ বাড়িয়েছে, তাই পুরোপুরি সেনা প্রত্যাহার এবং কয়েক মাসের আচরণ না দেখে তাকে বিশ্বাস করা যাবে না। আসন্ন শীতে চীন ফের শক্তি বাড়াতে পারে আশঙ্কায় ভারতীয় সেনাবাহিনীকে সীমান্তে যুদ্ধপ্রস্তুত রাখার ওপর জোর দেওয়া হচ্ছে।",18.02,0.0,12.61
news-50794469,"বাংলাদেশের পুলিশ বলছে, জামায়াতে ইসলামীর মুখপত্র দৈনিক সংগ্রামের সম্পাদক আবুল আসাদকে রাষ্ট্রদ্রোহ ও ডিজিটাল নিরাপত্তা আইনে দায়ের করা মামলায় গ্রেপ্তার করা হয়েছে।",আব্দুল কাদের মোল্লাকে ‘শহীদ’ উল্লেখ করে প্রতিবেদন প্রকাশের জেরে মুক্তিযুদ্ধ মঞ্চের শতাধিক নেতাকর্মী দৈনিক সংগ্রামের মগবাজার কার্যালয়ে হামলা চালিয়ে ভাঙচুর করে এবং সম্পাদক-প্রকাশক আবুল আসাদকে টেনে বের করে শারীরিকভাবে হেনস্তার পর পুলিশের হাতে তুলে দেয়; তাকে দিয়ে জোর করে ক্ষমা চাওয়ার ভিডিওও ছড়িয়ে পড়ে। এ ঘটনায় তার বিরুদ্ধে রাষ্ট্রদ্রোহ ও ডিজিটাল নিরাপত্তা আইনে মামলা হয়েছে এবং পুলিশের রিমান্ড আবেদনের পর আদালত তিন দিনের জামিন মঞ্জুর করেছে।,24.72,13.79,24.72
news-37771601,বাংলাদেশে সম্প্রতি র‍্যাবের অভিযানে নিহত সারোয়ার জাহানকে কথিত জঙ্গি সংগঠন 'নব্য জেএমবি'র প্রধান বলে পুলিশের এই বিশেষ বাহিনী দাবি করলেও আজ তা নাকচ করে দিয়েছে ঢাকা মহানগর পুলিশের কাউন্টার টেরোরিজম ইউনিট।,"কাউন্টার টেররিজম ইউনিটের প্রধান মনিরুল ইসলাম র‍্যাবের দাবি নাকচ করে বলেন, নিহত সারোয়ার জাহান নব্য জেএমবির প্রধান নন, বরং তামিমের পরের সারির একজন নেতা। চেজারে তাবেলা হত্যা নিয়ে র‍্যাব সারোয়ার জাহানকে দায়ী করলেও পুলিশের তদন্তে বিএনপি নেতা এম এ কাইয়ুমকে অভিযুক্ত করে চার্জশিট দেওয়া হয়েছে।",35.0,10.26,20.0
news-51262179,মু্স্তাফিজুর রহমান শেষ পাঁচটি টি টোয়েন্টি ম্যাচে উইকেট নিয়েছেন মাত্র একটি।,"মুস্তাফিজুর রহমানের সাম্প্রতিক টি-টোয়েন্টি পারফরম্যান্সে উইকেট কমে যাওয়া ও রান বেশি দেওয়ায় তার ফর্ম নিয়ে হতাশা তৈরি হয়েছে; ২০১৬ সালের দুর্দান্ত সময়ের তুলনায় ২০১৯-২০ সালে তার বোলিং গড় ও ইকোনমি উল্লেখযোগ্যভাবে খারাপ হয়েছে। সাবেক ক্রিকেটার ও বিশ্লেষকদের মতে, ২০১৬ সালের ইনজুরির পর কাটার ও সুইংয়ের ধার কমে যাওয়া, বৈচিত্র্য ও লাইন-লেন্থে ঘাটতি এবং নিজের দক্ষতা উন্নত না করাই তার পতনের প্রধান কারণ।",7.89,2.7,7.89
news-46941357,বিশ্বের বহু দেশের মানুষজন আজ আকাশে 'সুপার ব্লাড উল্ফ মুন' দেখার অপেক্ষায় রয়েছেন।,"আজকের পূর্ণিমায় পূর্ণ চন্দ্রগ্রহণে চাঁদ পৃথিবীর ছায়ায় ঢুকে বায়ুমণ্ডলের আলো প্রতিফলনের কারণে গাঢ় লাল দেখাবে; উত্তর ও দক্ষিণ আমেরিকা, পশ্চিম ইউরোপ ও উত্তর আফ্রিকা থেকে এটি পুরোপুরি দেখা যাবে। পৃথিবীর সবচেয়ে কাছে থাকায় চাঁদটি স্বাভাবিকের চেয়ে প্রায় ৭ শতাংশ বড় ও ১৫ শতাংশ উজ্জ্বল দেখাবে, আর জানুয়ারির পূর্ণিমা, লাল রং ও নেকড়ের ডাকের প্রচলিত ধারণা মিলেই এর নাম ‘সুপার ব্লাড উল্ফ মুন’; ২০২৯ সাল পর্যন্ত এমন দৃশ্য আর দেখা যাবে না। চন্দ্রগ্রহণ খালি চোখে দেখা নিরাপদ।",8.99,6.9,8.99
news-52402983,"এমন একটি দেশের কথা ভাবুন, যার জনসংখ্যা সাড়ে নয় কোটির বেশি এবং চীনের সঙ্গে রয়েছে দীর্ঘ স্থল সীমান্ত। দুই দেশের মধ্যে রয়েছে বিরাট ব্যবসা-বাণিজ্য, অনেক ধরণের যোগাযোগ।","ভিয়েতনাম কঠোর স্বাস্থ্য পরীক্ষা, ব্যাপক টেস্টিং ও কনট্যাক্ট ট্রেসিং, দ্রুত এলাকাভিত্তিক লকডাউন এবং বাধ্যতামূলক কোয়ারেন্টিনের মাধ্যমে করোনাভাইরাস নিয়ন্ত্রণে সফল হয়েছে; ২৩ এপ্রিল পর্যন্ত দেশটিতে কোনো মৃত্যু না হলেও আক্রান্তের সংখ্যা ছিল ২৬৮। পাশাপাশি সরকার মোবাইল বার্তা, পোস্টার ও ধারাবাহিক প্রচারণার মাধ্যমে জনগণকে সচেতন করেছে, যা দেশটির সাফল্যের গুরুত্বপূর্ণ কারণ হিসেবে গবেষকরা উল্লেখ করেছেন।",2.47,0.0,2.47
news-47415351,রোহিঙ্গা প্রত্যাবাসন নিয়ে বাংলাদেশ তাদের ক্ষোভ হতাশা খোলাখুলি প্রকাশ করেছে জাতিসংঘ নিরাপত্তা পরিষদের অধিবেশনে।,"বাংলাদেশ নিরাপত্তা পরিষদে অভিযোগ করেছে, মিয়ানমার রোহিঙ্গা প্রত্যাবাসন নিয়ে বারবার ফাঁকা প্রতিশ্রুতি দিচ্ছে এবং ফেরার উপযোগী পরিবেশ তৈরি করছে না; ফলে কোনো রোহিঙ্গাই স্বেচ্ছায় ফিরতে চায়নি এবং বাংলাদেশ আর শরণার্থী নিতে পারছে না। বাংলাদেশ মিয়ানমারের ওপর নিরাপত্তা পরিষদের কার্যকর চাপ দাবি করেছে, তবে চীন ও রাশিয়া বিষয়টিকে মূলত বাংলাদেশ-মিয়ানমারের দ্বিপাক্ষিক সমস্যা হিসেবে দেখছে।",20.59,9.09,17.65
news-44276395,শিশুর ন্যাপি পরিবর্তন করা নিয়ে নেই কোনো বিতর্ক। হতে পারে এটি শিশুর বাবা-মা'এর জন্যে একটি ঝুঁকিপূর্ণ কাজ ।,"যৌন বিষয়ক প্রশিক্ষক ডিয়ান কারসন বাবা-মাকে ন্যাপি পরিবর্তনের আগে শিশুকে জানিয়ে তার প্রতিক্রিয়ার জন্য অপেক্ষা করতে বলেছেন, যাতে ছোটবেলা থেকেই যোগাযোগ ও অনুমতির সংস্কৃতি গড়ে ওঠে। এ বক্তব্যে সামাজিক যোগাযোগমাধ্যমে মিশ্র প্রতিক্রিয়া দেখা দিলে কারসন пояс করেন, শিশুরা মৌখিকভাবে সম্মতি দিতে না পারলেও তাদের সঙ্গে কথা বলা ও শরীরী ভাষার মাধ্যমে যোগাযোগের গুরুত্ব বোঝাতেই তিনি এ পরামর্শ দিয়েছেন।",5.13,0.0,2.56
news-50204325,২০১৬ সালে ঢাকার গুলশানে হোলি আর্টিজান রেস্তোরাঁয় জঙ্গি হামলায় ২২জন নিহত হয়েছিলেন এবং এ ঘটনার পর জঙ্গিরাই নিজেদের ইসলামিক স্টেট বা আইএস পরিচয় বিশ্বজুড়ে ছড়িয়ে দিয়েছিলো।,"বাংলাদেশ সরকার দেশে সরাসরি আইএসের উপস্থিতি অস্বীকার করলেও বিভিন্ন হামলার পর সংগঠনটি দায় স্বীকার করেছে এবং বাংলাদেশি বংশোদ্ভূত অনেকে সিরিয়া-ইরাকে আইএসে যোগ দিয়েছিল। বিশ্লেষকদের মতে, আবু বকর আল-বাগদাদির মৃত্যুর ফলে বাংলাদেশে আইএসপন্থীদের মনোবল ও কার্যক্রম আরও দুর্বল হয়ে ধীরে ধীরে বিলুপ্তির দিকে যাবে, যদিও আল-কায়েদা ও জেএমবির মতো সংগঠনগুলো কিছুটা লাভবান হতে পারে।",4.88,0.0,2.44
news-44403726,"বাংলাদেশের নতুন বাজেটে ফেসবুক, ইউটিউব ও গুগলের সেবাকে করের আওতায় আনার প্রস্তাব করা হয়েছে।","অর্থমন্ত্রী ২০১৮/১৯ অর্থবছরের বাজেটে ফেসবুক, গুগল, ইউটিউবসহ বিদেশি ডিজিটাল প্রতিষ্ঠানের বাংলাদেশে অর্জিত আয় করের আওতায় আনার প্রস্তাব করেছেন। একই সঙ্গে ইন্টারনেটভিত্তিক ব্যবসা ও অ্যাপভিত্তিক রাইড শেয়ারিং সেবার ওপর ৫% ভ্যাট আরোপের প্রস্তাব করা হয়েছে, যা মূলত সেবাগ্রহীতাদের দিতে হবে; রাইড শেয়ারিং প্রতিষ্ঠান ও গাড়িমালিকদেরও নির্দিষ্ট করবিধি মানতে হবে।",28.57,19.67,25.4
news-43864215,অস্ট্রেলিয়ার এক জঙ্গলে হারিয়ে যাওয়া তিন বছর বয়সী এক মেয়ে শিশুর সাথে সারারাত ছিল ম্যাক্স নামের এক কুকুর।,"কুইন্সল্যান্ডে নিখোঁজ তিন বছরের অরোরাকে প্রায় ১৬ ঘণ্টা পর বাড়ি থেকে দুই কিলোমিটার দূরের জঙ্গলে খুঁজে পাওয়া যায়, আর ১৭ বছর বয়সী কুকুর ম্যাক্স পুরো সময় তাকে আগলে রাখে ও উষ্ণতা দেয়। অরোরাকে নিরাপদে উদ্ধারে সহায়তার জন্য পুলিশ ও পরিবার ম্যাক্সের প্রশংসা করে এবং তাকে বিশেষ সম্মান জানায়।",18.18,3.12,12.12
news-57203955,"বাংলাদেশের পররাষ্ট্র মন্ত্রী এ কে আবদুল মোমেন বলেছেন, আমেরিকা বাংলাদেশকে অ্যাস্ট্রাজেনেকা ভ্যাকসিন দিতে সম্মত হয়েছে।","বাংলাদেশের পররাষ্ট্রমন্ত্রী এ কে আবদুল মোমেন জানান, যুক্তরাষ্ট্র বাংলাদেশকে অ্যাস্ট্রাজেনেকার কিছু টিকা দিতে রাজি হয়েছে, যা ভারতের সিরাম ইনস্টিটিউটের সরবরাহ ঘাটতির কারণে দ্বিতীয় ডোজ নিতে না-পারা মানুষের জন্য জরুরি; তবে এফডিএর রপ্তানি অনুমোদনে দেরি হচ্ছে। তিনি বলেন, রোহিঙ্গা শিবিরে কঠোর প্রতিরোধমূলক ব্যবস্থায় এখনো করোনায় মৃত্যু হয়নি, কিন্তু ভারতীয় ভ্যারিয়েন্টের সম্ভাব্য প্রবেশ ঠেকাতে বাংলাদেশে আরও টিকা ও সতর্কতা প্রয়োজন।",21.62,8.33,21.62
news-47637011,বাংলাদেশের ঢাকায় পুলিশের ট্রাফিক সপ্তাহ চলার মধ্যেই বাস চাপায় সেনাবাহিনী পরিচালিত একটি বিশ্ববিদ্যালয়ের একজন শিক্ষার্থী নিহত হওয়ার পর সড়ক ব্যবস্থাপনা আবারও প্রশ্নের মুখে পড়েছে।,"আবরার আহম্মেদ চৌধুরীর মৃত্যুর পর নিরাপদ সড়কের দাবিতে ঢাকার শিক্ষার্থীরা বিক্ষোভ করে অভিযোগ করেছে, ছয় মাস আগের আন্দোলনের পর সরকারের দেওয়া প্রতিশ্রুতিগুলোও বাস্তবায়িত হয়নি। দেশে গত বছর পাঁচ হাজারের বেশি সড়ক দুর্ঘটনার বেশির ভাগই বাসের কারণে ঘটলেও বাস চলাচলে শৃঙ্খলা ফেরাতে কার্যকর পদক্ষেপের অভাব রয়েছে। সংশ্লিষ্টরা অবকাঠামোগত ঘাটতি, ভাড়া চুক্তিতে বাস চালানো এবং বাস মালিক-শ্রমিকদের রাজনৈতিক প্রভাবকে প্রধান বাধা হিসেবে উল্লেখ করেছেন; সরকার বিষয়টি সমাধানে পরিকল্পনার কথা জানিয়েছে।",6.45,0.0,4.3
news-50127963,"বাংলাদেশের দক্ষিণাঞ্চলীয় ভোলার বোরহানউদ্দিন থানা পুলিশ বলছে, ইসলামের নবীকে কটাক্ষ করে দেয়া কিছু মেসেঞ্জার পোস্টকে কেন্দ্র করে রোববার এক সংঘর্ষে পুলিশের গুলিতে চার ব্যক্তি নিহত হবার ঘটনা ঘটে।","বিপ্লব চন্দ্র বৈদ্যের ফেসবুক আইডি হ্যাক করে আপত্তিকর পোস্ট দেওয়ার ঘটনায় দুজন আটক হওয়ার পর পুলিশ ও বিশেষজ্ঞরা সোশ্যাল মিডিয়া নিরাপত্তায় সতর্ক থাকার পরামর্শ দিয়েছেন। হ্যাকিং ঠেকাতে টু-ফ্যাক্টর অথেনটিকেশন ও লগইন অ্যালার্ট চালু করা, অপরিচিত লিংক-ইমেইল বা অ্যাটাচমেন্টে ক্লিক না করা, নির্ভরযোগ্য উৎসের সফটওয়্যার ব্যবহার এবং অ্যাকাউন্ট হ্যাক হলে দ্রুত পুলিশকে জানানো উচিত।",4.82,0.0,2.41
news-43699928,কোটা সংস্কারের দাবিতে আন্দোলনকারী ছাত্রনেতাদের সাথে সরকারের সমঝোতার পর ছাত্রদের একাংশ তা প্রত্যাখ্যান করার পটভূমিতে ঢাকা বিশ্ববিদ্যালয় এলাকায় উত্তেজনা বিরাজ করছে বলে জানা যাচ্ছে।,"মধ্যরাত নাগাদ কোটা সংস্কার আন্দোলনকারীদের অধিকাংশ ঢাকা বিশ্ববিদ্যালয়ের টিএসসি-রাজু ভাস্কর্য এলাকা ছেড়ে গেলেও মল চত্বর, উপাচার্যের বাসভবন ও নীলক্ষেতে অস্ত্রধারী যুবকদের অবস্থান দেখা যায়। সরকারের সঙ্গে নেতাদের সমঝোতা আন্দোলনকারীদের একাংশ প্রত্যাখ্যান করায় বিভক্তি তৈরি হয়েছে; একই সময়ে ছাত্রলীগের কর্মীরাও ক্যাম্পাসে অবস্থান নেন এবং সংঘর্ষের জেরে ক্লাস-পরীক্ষা বন্ধ রয়েছে।",13.51,0.0,10.81
news-50503931,যুক্তরাষ্ট্রে যেভাবে মৃত্যুদণ্ড কার্যকর করা হচ্ছে সেটি বেআইনি হতে পারে এই আশঙ্কায় কেন্দ্রীয় বা ফেডারেল সরকার এর বাস্তবায়ন স্থগিত করেছে।,যুক্তরাষ্ট্রে মৃত্যুদণ্ড কার্যকর পুনরায় শুরু হলেও ইন্ডিয়ানার চার বন্দী ইনজেকশন পদ্ধতিকে চ্যালেঞ্জ করায় বিচারক তাদের শুনানির সুযোগ দিয়েছেন এবং পঞ্চম বন্দীর দণ্ডও স্থগিত হয়েছে। অ্যাটর্নি জেনারেল উইলিয়াম বার তিনটি ওষুধের বদলে শুধু পেন্টোবারবিটাল ব্যবহারের নির্দেশ দিলেও বিচারক টানিয়া চুটকান তা কেন্দ্রীয় আইনের পরিপন্থী হতে পারে বলে রায় দেন। ১৯৮৮ সালে ফেডারেল পর্যায়ে মৃত্যুদণ্ড পুনর্বহালের পর ৭৮ জনের দণ্ড হলেও কার্যকর হয়েছে মাত্র তিনটি; বর্তমানে ৬২ জন অপেক্ষমাণ।,18.39,4.71,13.79
news-41070666,রাখাইন প্রদেশে নতুন করে সেনা অভিযান শুরুর পর মিয়ানমারের গণমাধ্যমে রোহিঙ্গাদের 'বাঙালি সন্ত্রাসী' হিসেবে চিহ্নিত করে বিভিন্ন নিবন্ধ প্রকাশিত হচ্ছে।,"রাখাইন রাজ্যে সহিংসতার পর মিয়ানমার সরকার ‘বাঙালি সন্ত্রাসী’ ও আরসার বিরুদ্ধে সতর্কতা জারি করে জানিয়েছে, আন্তর্জাতিক সংস্থার কিছু কর্মী ও বিদেশি সমর্থকরাও এতে জড়িত থাকতে পারে; এ বিষয়ে ইন্টারপোলের সহায়তা চাওয়া হয়েছে। পুলিশ পোস্ট ও সেনা ক্যাম্পে হামলার পর অন্তত ৯৮ জন নিহত হয়েছে এবং হাজার হাজার রোহিঙ্গা বাংলাদেশে পালানোর চেষ্টা করছে, এমনকি সীমান্তে গুলির ঘটনাও ঘটেছে।",15.58,2.67,12.99
news-46418362,বাংলাদেশে আসন্ন সংসদ নির্বাচনে বিএনপির কারাভোগরত চেয়ারপারসন খালেদা জিয়ার পক্ষ থেকে দেয়া তিনটি মনোনয়নপত্রই বাতিল হয়ে গেছে।,"দুর্নীতির মামলায় দণ্ডিত হওয়ায় খালেদা জিয়ার তিন আসনের মনোনয়ন বাতিল হয়েছে এবং তিনি নির্বাচনে অংশ নিতে পারছেন না। এতে বিএনপির নেতা-কর্মীদের মধ্যে হতাশা থাকলেও তারা নির্বাচনকে খালেদা জিয়ার মুক্তির আন্দোলনের অংশ হিসেবে নিয়ে মাঠে থাকার এবং তাঁর অনুপস্থিতির আবেগকে কাজে লাগানোর সিদ্ধান্ত নিয়েছেন। বিশ্লেষকদের মতে, জাতীয় ঐক্যফ্রন্ট ও ড. কামাল হোসেনের নেতৃত্ব বিএনপির নেতৃত্বশূন্যতা কিছুটা পূরণ করেছে, ফলে খালেদা জিয়ার অনুপস্থিতি দলটিকে পুরোপুরি দুর্বল করে দেবে না।",11.76,2.41,9.41
news-41064935,"গত ১৩বছরের মধ্যে সবচেয়ে বড় ঘূর্ণিঝড় ক্যাটেগরি ফোর হারিকেন 'হার্ভে' যতটা না ক্ষতি করেছে, তারচেয়ে বড় হয়ে দেখা দিয়েছে এখন হঠাৎ বন্যার ভয়।","হারিকেন ‘হার্ভে’ দুর্বল হয়ে মৌসুমি ঝড়ে পরিণত হলেও টেক্সাসে প্রবল বৃষ্টিপাতের কারণে ভয়াবহ বন্যা দেখা দিয়েছে। হুস্টন, কর্পাস ক্রিস্টি ও রকপটে ব্যাপক ক্ষয়ক্ষতি, একজনের মৃত্যু, ভূমিধস, বিদ্যুৎ ও যোগাযোগ বিচ্ছিন্নতা এবং হাজারো মানুষকে সরিয়ে নেওয়ার ঘটনা ঘটেছে; প্রেসিডেন্ট ডোনাল্ড ট্রাম্প ক্ষতিগ্রস্ত এলাকা পরিদর্শনে যাবেন।",14.93,6.15,14.93
news-51494022,উহান- চীনের এই শহরটিই করোনাভাইরাসের প্রাণকেন্দ্র।,"উহানে লকডাউনের ফলে গণপরিবহন বন্ধ থাকায় স্বাস্থ্যকর্মীদের হাসপাতালে যাতায়াত ও চিকিৎসাসামগ্রী সরবরাহে স্বেচ্ছাসেবীরা গুরুত্বপূর্ণ ভূমিকা রাখছেন। স্বেচ্ছাসেবক জো জানান, যথাযথ সুরক্ষা নিয়ে তারা স্বাস্থ্যকর্মীদের পরিবহন, খাবার ও সামগ্রী পৌঁছে দিচ্ছেন এবং শহরের মানুষ ঐক্যবদ্ধভাবে মহামারি মোকাবিলায় সহায়তা করছে।",0.0,0.0,0.0
news-46358471,লন্ডনে রাজনৈতিক আশ্রয়ে থাকা বিএনপির ভারপ্রাপ্ত চেয়ারপার্সন তারেক রহমান ভোটের দিন জনগণের ইচ্ছার বিরুদ্ধে না দাঁড়ানোর জন্যে বাংলাদেশের সরকারি কর্মকর্তা ও কর্মচারীদের প্রতি আহবান জানিয়েছেন।,"বিএনপির ফেসবুক পেজে প্রকাশিত ভিডিও বার্তায় লন্ডনপ্রবাসী তারেক রহমান জনগণকে গণতন্ত্র ও আইনের পক্ষে দাঁড়ানো, ভোটাধিকার প্রয়োগ এবং ভোটকেন্দ্রে অনিয়ম প্রতিরোধের আহ্বান জানিয়েছেন। তিনি প্রতিশ্রুতি দেন, বিএনপি ও জাতীয় ঐক্যফ্রন্ট সরকার গঠন করলে রাজনৈতিক কারণে সরকারি কর্মকর্তাদের চাকরি যাবে না এবং দেশে ভয়ের সংস্কৃতি দূর করার চেষ্টা করা হবে। খালেদা জিয়ার মুক্তির দাবিতে ঐক্যবদ্ধ থাকার আহ্বান জানিয়ে তিনি জোটগত নির্বাচনে কেন্দ্রীয় সিদ্ধান্ত মেনে চলতে দলের নেতাকর্মীদের নির্দেশ দেন।",17.2,2.2,10.75
news-50804643,"যুক্তরাজ্যের প্রতিটি নির্বাচনী এলাকার প্রকাশিত ফলের উপর ভিত্তি করে, প্রথমবারের মত বিবিসি নিউজ এমন একটি প্রতিবেদন প্রকাশ করেছে যেটি পুরোটাই লিখেছে কম্পিউটার।","বিবিসি নির্বাচনী ফলাফলের ওপর যান্ত্রিক সাংবাদিকতার সহায়তায় প্রায় ৭০০টি প্রতিবেদন প্রকাশ করেছে, যা দ্রুত ও বিপুল পরিমাণ উপাত্তভিত্তিক সংবাদ তৈরিতে প্রযুক্তির সক্ষমতা দেখায়। তবে প্রতিবেদনগুলো মানব সম্পাদকদের যাচাই করতে হয়েছে, কারণ যন্ত্র নিজে বিশ্লেষণ, প্রেক্ষাপট, উদ্ধৃতি বা কোন তথ্য বেশি গুরুত্বপূর্ণ তা ব্যাখ্যা করতে পারে না।",14.71,6.06,11.76
news-47116189,বিশ্বকাপের আগে নিউজিল্যান্ড সফরই শেষ প্রস্তুতি। বিশ্বকাপের চিন্তা বাদ দিয়েও কেবল নিউজিল্যান্ড সফরে ভালো করার জায়গা আছে বলে মনে করেন বাংলাদেশের একজন ক্রিকেট বিশ্লেষক ও ক্রিকেট মেন্টর নাজমুল আবেদীন ফাহিম।,"সারসংক্ষেপ: ২০১৯ সালের নিউজিল্যান্ড সফরে বাংলাদেশ তিনটি ওয়ানডে ও তিনটি টেস্ট খেলবে, যেখানে দীর্ঘ বিপিএলের পর শারীরিক ধকল সামলে টেস্টে ভালো করা বড় চ্যালেঞ্জ। টেস্টে নিউজিল্যান্ডের বিপক্ষে বাংলাদেশের রেকর্ড দুর্বল হলেও ব্যাটিংকে শক্তি হিসেবে দেখা হচ্ছে; অন্যদিকে অভিজ্ঞ দল হওয়ায় ওয়ানডেতে বাংলাদেশের জয়ের সম্ভাবনা বেশি। সাইফউদ্দিনের ফর্ম, ইমরুল কায়েসের বাদ পড়া এবং নিষেধাজ্ঞা কাটিয়ে সাব্বির রহমানের দলে ফেরাকে ঘিরে বিশেষ নজর ও আলোচনা রয়েছে।",12.77,2.17,10.64
news-48989199,কুমিল্লায় আদালত কক্ষের মধ্যে বিচারকের উপস্থিতিতে শুনানি চলাকালে এক আসামির ছুরিকাঘাতে নিহত হয়েছেন আরেক আসামি।,"কুমিল্লায় ২০১৫ সালের একটি হত্যা মামলার দুই আসামির মধ্যে আদালতকক্ষে বিরোধের জেরে মোহাম্মদ হাসান ছুরিকাঘাতে তার ফুফাতো ভাই ফারুক হোসেনকে হত্যা করেছেন। পুলিশ জানায়, হত্যা মামলা ও জমিজমা নিয়ে পূর্ববিরোধের জেরে এ ঘটনা ঘটে; হাসানকে গ্রেপ্তার করা হয়েছে এবং তার বিরুদ্ধে মামলা প্রস্তুত হচ্ছে।",13.56,0.0,10.17
news-52347445,"বাংলাদেশে করোনাভাইরাস সংক্রমণ বেড়ে যাবার পটভূমিতে সরকার বলছে, চিকিৎসক ও সেবাকর্মীদের সুরক্ষার জন্য গত মাস থেকে যথেষ্ট পরিমাণে পার্সোনাল প্রটেক্টিভ ইকুয়িপমেন্ট - পিপিই বা ব্যক্তিগত সুরক্ষা সরঞ্জাম দেয়া হয়েছে এবং সরকারের কাছে পর্যাপ্ত পরিমাণে পিপিই মজুদ আছে।","বাংলাদেশ সরকার কোভিড-১৯ চিকিৎসায় সরাসরি নিয়োজিত স্বাস্থ্যকর্মীদের অগ্রাধিকার দিয়ে পিপিই সরবরাহের দাবি করলেও মাঠপর্যায়ের চিকিৎসক ও সেবাকর্মীরা সরকারি হাসপাতালগুলোতে পিপিই, গ্লাভস ও এন-৯৫ মাস্কের ঘাটতির কথা জানাচ্ছেন। স্বাস্থ্যকর্মীরা পিপিইর মান ও অসম্পূর্ণ সেট নিয়ে উদ্বেগ প্রকাশ করেছেন, অন্যদিকে স্বাস্থ্য অধিদপ্তর বলছে বিশ্ব স্বাস্থ্য সংস্থার নির্দেশনা মেনে মান যাচাই করে পর্যাপ্ত সরঞ্জাম সরবরাহ করা হয়েছে।",19.57,2.22,13.04
news-40519876,যুক্তরাষ্ট্রের প্রেসিডেন্ট ডোনাল্ড ট্রাম্প পোল্যান্ডের রাজধানী ওয়ারসতে এক ভাষণ দেবার প্রস্তুতি নিচ্ছেন যেখানে তিনি পশ্চিমা সভ্যতার ভবিষ্যত নিয়ে বক্তব্য দেবেন।,"পোল্যান্ডের প্রেসিডেন্ট আন্দ্রেজ দুদা মার্কিন প্রেসিডেন্ট ডোনাল্ড ট্রাম্পকে স্বাগত জানিয়েছেন; ট্রাম্প পশ্চিমা সভ্যতার ভবিষ্যৎ, সন্ত্রাসবাদ ও চরমপন্থার হুমকি নিয়ে বক্তব্য দেবেন। তিনি ১৯৪৪ সালের ওয়ারশ বিদ্রোহে নিহতদের স্মৃতিসৌধে ভাষণ দেবেন এবং জি-২০ সম্মেলনের আগে ইউরোপ-আমেরিকা সম্পর্ক নিয়ে কথা বলবেন। জি-২০ সম্মেলনে ট্রাম্পের রুশ প্রেসিডেন্ট ভ্লাদিমির পুতিনের সঙ্গে প্রথম সাক্ষাৎ হওয়ার কথা রয়েছে।",29.33,10.96,21.33
news-55673251,"আফগানিস্তানের শীর্ষ তালেবান নেতা একটা ডিক্রি জারি করে বিভিন্ন গ্রুপের নেতা এবং কমান্ডারদের বহুবিবাহ না করার জন্য আহ্বান জানিয়েছেন। তিনি বলেছেন, ""এটা করে আমাদের শত্রুদেরকে আমরাই সুযোগ করে দিচ্ছি সমালোচনা করার।"" বিবিসির সংবাদদাতা খুদাই নুর নাসার এইসব খবর দিচ্ছেন।","তালেবান প্রধান মোল্লা হাইবাতুল্লাহর জারি করা ডিক্রিতে বহুবিবাহ নিষিদ্ধ না হলেও কমান্ডারদের অপচয়, দুর্নীতি ও কনের মূল্য বাবদ বিপুল অর্থ ব্যয় কমাতে এর ওপর কঠোর শর্ত আরোপ করা হয়েছে। সন্তানহীনতা, ছেলে সন্তান না থাকা, বিধবাকে বিয়ে বা সব স্ত্রীর ভরণপোষণের সক্ষমতার মতো ক্ষেত্রে ঊর্ধ্বতন নেতার অনুমতি নিয়ে বহুবিবাহের সুযোগ রাখা হয়েছে; আগে থেকেই বহুবিবাহে থাকা নেতারা এ নিয়মের বাইরে। আফগান-পাকিস্তানি পাশতুন সমাজে প্রচলিত বহুবিবাহে নারীদের মতামতের সীমাবদ্ধতা এবং তালেবান নেতাদের বিলাসী জীবনযাপন নিয়ে সমালোচনার প্রেক্ষাপটেই এই পদক্ষেপ নেওয়া হয়েছে।",11.76,0.0,8.4
news-55457331,"যুক্তরাজ্যে করোনাভাইরাসের যে নতুন ধরনটি পাওয়া গেছে, সেটি বিশ্বের আরও কয়েকটি দেশেও সনাক্ত হয়েছে। ইউরোপীয় দেশগুলোর বাইরে এই ভাইরাসটি পাওয়া গেছে কানাডা ও জাপানেও।","যুক্তরাজ্যে শনাক্ত নতুন করোনাভাইরাসের ধরনটি আগের চেয়ে দ্রুত ছড়ালেও এটি বেশি বিপজ্জনক—এমন প্রমাণ এখনো পাওয়া যায়নি এবং প্রচলিত টিকা এর বিরুদ্ধেও কার্যকর হবে বলে বিজ্ঞানীরা জানিয়েছেন। ইউরোপের কয়েকটি দেশে যুক্তরাজ্যফেরত ব্যক্তিদের সংস্পর্শে সংক্রমণ শনাক্ত হয়েছে, কানাডায় দুইজনের সংক্রমণের উৎস অজানা; এদিকে জাপান এক মাসের জন্য অনাবাসিকদের প্রবেশ নিষিদ্ধ করেছে এবং ইউরোপে বয়স্কদের ফাইজারের টিকা দেওয়া শুরু হয়েছে।",17.07,0.0,14.63
news-47271017,জামায়াতে ইসলামী বাংলাদেশের একাধিক নির্ভরযোগ্য সূত্র বিবিসিকে বলেছেন ব্যারিস্টার আব্দুর রাজ্জাকের পদত্যাগ এবং সংস্কারের পক্ষে তার খোলামেলা বিবৃতিতে দলের বিভিন্ন স্তরে বেশ নাড়া দিয়েছে ।,"ব্যারিস্টার রাজ্জাকের পদত্যাগের পর জামায়াতের সংস্কারপন্থী নেতা মজিবুর রহমান মঞ্জুকে বহিষ্কার এবং দিনাজপুরের এক ইউনিয়ন আমীরের পদত্যাগে দলটির অভ্যন্তরীণ সংকট প্রকাশ্যে এসেছে। তরুণ নেতাকর্মীদের অনেকে ১৯৭১ সালে জামায়াতের ভূমিকা স্পষ্ট করা, ক্ষমা চাওয়া ও দল সংস্কারের দাবি জানালেও কেন্দ্রীয় নেতৃত্ব তা দমন করে আসছে। রাজ্জাকের পদত্যাগে নাড়া খাওয়া জামায়াতের শীর্ষ নেতৃত্বকে এখন সংস্কারের বিষয়ে দ্রুত সিদ্ধান্ত নিতে হবে বলে পর্যবেক্ষকরা মনে করছেন।",11.63,0.0,11.63
news-44786426,"যুক্তরাষ্ট্র আর চীনের মধ্যে বাণিজ্য যুদ্ধ শুরু হওয়ার পর, চীন থেকে আমদানি করা শত শত বিলিয়ন ডলার পণ্যের ওপর শুল্ক বসানোর হুমকি দিয়েছেন মার্কিন প্রেসিডেন্ট ডোনাল্ড ট্রাম্প। চীনও যুক্তরাষ্ট্র থেকে আমদানি করা বেশকিছু পণ্যের ওপর পাল্টা শুল্ক বসিয়েছে।","যুক্তরাষ্ট্র চীনা পণ্যে শুল্ক আরোপের পর চীনও মার্কিন পণ্যে পাল্টা শুল্ক বসিয়ে বিশ্ব অর্থনীতির সবচেয়ে বড় বাণিজ্যযুদ্ধের সূচনা হয়েছে বলে অভিযোগ করেছে। এতে সিএফ মোটোর মতো চীনা শিল্পপ্রতিষ্ঠানের রপ্তানি ও মুনাফা ক্ষতিগ্রস্ত হওয়ার আশঙ্কা তৈরি হয়েছে। ট্রাম্প চীনের ‘মেড ইন চায়না ২০২৫’ নীতিকে প্রতিযোগিতার হুমকি হিসেবে দেখছেন, ফলে দুই দেশের বাণিজ্যিক সম্পর্ক আরও অনিশ্চিত হয়ে পড়েছে।",23.4,2.17,10.64
news-50738828,গত দশ বছরে বাংলাদেশের বিরোধী দল বিএনপি'র অন্তত ৩৫ লাখ নেতাকর্মীর বিরুদ্ধে মামলা দেয়া হয়েছে এবং এই সময়ে দলটির ৩০০'র বেশি নেতাকর্মী গুম হয়েছে বলে দাবি করেছে বিএনপি।,"বিএনপি গত দশ বছরে বাংলাদেশে ৩০০-এর বেশি নেতাকর্মী গুম হয়েছে দাবি করে মানবাধিকার পরিস্থিতি নিয়ে একটি প্রতিবেদন ও বই প্রকাশ করেছে। দলটির মহাসচিব মির্জা ফখরুল ইসলাম আলমগীর অভিযোগ করেন, সরকার রাষ্ট্রযন্ত্র ব্যবহার করে বিএনপি নেতাকর্মীসহ নারী, শিশু ও গণমাধ্যমের অধিকার লঙ্ঘন করছে; অনুষ্ঠানে কয়েকজন বিদেশি কূটনীতিকও উপস্থিত ছিলেন।",32.91,12.99,27.85
news-41920589,এক গবেষণায় দেখা যাচ্ছে ভেড়া মানুষের মত পরিচিত মুখ দেখলে তা চিনতে পারার ক্ষমতা রাখে।,"কেমব্রিজ বিশ্ববিদ্যালয়ের গবেষণায় দেখা গেছে, প্রশিক্ষণের পর ভেড়া বিভিন্ন ছবির মধ্যে থেকে পরিচিত ও বিখ্যাত ব্যক্তিদের মুখ, এমনকি ভিন্ন কোণ থেকেও, সঠিকভাবে চিনতে পারে। গবেষকরা মনে করেন, এই ক্ষমতা মানুষের মুখ চেনার দক্ষতার মতো এবং স্নায়ুক্ষয়জনিত রোগ নিয়ে ভবিষ্যৎ গবেষণায় তা সহায়ক হতে পারে।",30.51,3.51,23.73
news-38824092,"দুই সারিতে স্কুল শিক্ষার্থীরা দাঁড়িয়ে মেলে দেয়া হাতের ওপর একজন শিক্ষার্থী শুয়ে আছে। আর তার পিঠের ওপর দিয়ে জুতো পায়ে হেটে যাচ্ছেন অনুষ্ঠানের প্রধান অতিথি। অন্যপাশে একজন শিক্ষার্থী হাত আর হাঁটুর উপর ভর দিয়ে উবু হয়ে রয়েছে, যাতে তিনি তার পিঠের ওপর পা দিয়ে নামতে পারেন।","চাঁদপুরের হাইমচরের নীলকমল উছমানিয়া উচ্চ বিদ্যালয়ের বার্ষিক ক্রীড়া অনুষ্ঠানে শিক্ষার্থীদের শরীরের ওপর তৈরি ‘মানব সেতু’ দিয়ে জুতা পায়ে হেঁটে যান উপজেলা চেয়ারম্যান নূর হোসেন পাটোয়ারী। বিদ্যালয় কর্তৃপক্ষ ও চেয়ারম্যানের দাবি, শিক্ষার্থীদের অনুরোধ এবং স্কুলের দীর্ঘদিনের প্রচলনের কারণে তিনি এতে অংশ নেন; তবে ঘটনাটি নিয়ে সামাজিক যোগাযোগমাধ্যমে ব্যাপক সমালোচনা হয় এবং অনেকে বিদ্যালয় কর্তৃপক্ষ ও চেয়ারম্যানের শাস্তি দাবি করেন।",7.69,0.0,7.69
news-44917493,বাংলাদেশে কক্সবাজারের মহেশখালী উপজেলার দুর্গম পাহাড়ি এলাকায় দুটি অস্ত্র তৈরির 'কারখানার' খোঁজ পেয়েছে র‌্যাব।,"র‍্যাব কালারমারছড়ায় অভিযান চালিয়ে ২০টি বন্দুক, গুলি ও অস্ত্র তৈরির সরঞ্জামসহ দুজনকে গ্রেপ্তার করেছে এবং মহেশখালীর পাহাড়ি এলাকায় আরও কয়েকটি কারখানার তথ্য পেয়েছে। এসব কারখানায় একনলা-দোনলা বন্দুক, কাটা বন্দুক, শটগান, পাইপগান ও পিস্তল তৈরি হয়; রাজনৈতিক নেতা, জলদস্যু, রোহিঙ্গা, সন্ত্রাসী ও অপরাধী চক্রের কাছে এগুলোর চাহিদা রয়েছে, এমনকি প্রতিবেশী দেশের বিচ্ছিন্নতাবাদীদের কাছেও সরবরাহের আশঙ্কা করা হচ্ছে। বিশেষজ্ঞরা অবৈধ অস্ত্র দমনে আইনশৃঙ্খলা বাহিনীর সমন্বয়, তথ্য বিনিময় এবং সামাজিক নজরদারি বাড়ানোর পরামর্শ দিয়েছেন।",18.18,6.98,9.09
news-47790208,ক্লিন ক্লোদস সহ আন্তর্জাতিক কয়েকটি শ্রমিক অধিকার সংগঠনের এক গবেষণা রিপোর্টে বলা হচ্ছে বাংলাদেশের গার্মেন্ট কারখানায় নিরাপত্তা নিশ্চিত করার কাজে সেদেশের সরকার এখনো একেবারই প্রস্তুত নয়।,"শ্রম অধিকার সংগঠনগুলোর গবেষণা বলছে, সরকারি পরিদর্শন ও নজরদারি ব্যবস্থা এখনো দুর্বল ও অস্বচ্ছ; বহু কারখানায় গুরুতর নিরাপত্তা ঝুঁকি রয়ে গেছে এবং সরকারি তথ্যেও অসামঞ্জস্য রয়েছে। তাই অ্যাকর্ড বাংলাদেশ ছেড়ে গেলে শ্রমিকদের নিরাপত্তা বড় ঝুঁকিতে পড়বে বলে সংগঠনগুলো আশঙ্কা করছে, যদিও পোশাক মালিকরা দাবি করছেন দেশের নিজস্ব সক্ষমতা তৈরি হয়েছে এবং অ্যাকর্ড-অ্যালায়েন্সের নজরদারি ব্যবসায়িক খরচ বাড়াচ্ছে।",12.05,0.0,9.64
news-39566688,বাংলাদেশের সর্বোচ্চ আদালত সুপ্রিম কোর্ট অঙ্গণে ন্যয়বিচারের প্রতীক গ্রিক দেবী থেমিসের আদলে গড়া একটি ভাস্কর্য সরিয়ে নিতে প্রধান বিচারপতির সাথে কথা বলবেন প্রধানমন্ত্রী শেখ হাসিনা।,"শেখ হাসিনা সুপ্রিম কোর্ট প্রাঙ্গণে স্থাপিত গ্রিক দেবীর আদলে নির্মিত ভাস্কর্যটি অপছন্দনীয় উল্লেখ করে প্রধান বিচারপতির সঙ্গে কথা বলে তা সরানোর উদ্যোগ নেওয়ার কথা জানান। ভাস্কর্য অপসারণের দাবিতে ইসলামী সংগঠনগুলো আন্দোলন করছে ও কর্মসূচির হুমকি দিয়েছে, যদিও শিল্পীরা মনে করেন ভাস্কর্য ও ধর্মীয় প্রতিমাকে গুলিয়ে ফেলার কারণেই বিতর্ক সৃষ্টি হয়েছে।",26.67,8.22,18.67
news-47088215,সকালের নাস্তা বা ব্রেকফাস্ট নিঃসন্দেহে দিনের সবচেয়ে গুরুত্বপূর্ণ খাবার। তবে প্রাতঃরাশ করলে সেটি শরীরের ওজন কমাতে খুব সহায়ক হবে না। গবেষণায় তাই বলা হচ্ছে।,"নতুন এক অস্ট্রেলীয় গবেষণায় ১৩টি গবেষণা পর্যালোচনা করে দেখা গেছে, সকালের নাস্তা খেলেই ওজন স্বাস্থ্যকর পর্যায়ে থাকে—এমন নির্ভরযোগ্য প্রমাণ নেই; বরং নাস্তা বাদ দিলে দৈনিক ক্যালোরি গ্রহণ কমতে পারে। তবে গবেষণাটি স্বল্পমেয়াদি ও সীমাবদ্ধ হওয়ায় দীর্ঘমেয়াদি ফল নিশ্চিত নয়, এবং বিশেষজ্ঞরা বলছেন পুষ্টিকর নাস্তা শিশুদের মনোযোগ, শক্তি ও ক্যালসিয়াম-আঁশের চাহিদা পূরণে গুরুত্বপূর্ণ।",15.38,2.63,7.69
news-49431897,বাংলাদেশে হাইকোর্টের তিনজন বিচারপতির বিরুদ্ধে অসদাচরণের অভিযোগ ওঠায় তাদেরকে বিচার কার্যক্রম থেকে সাময়িকভাবে অব্যাহতি দেয়া হয়েছে।,"অসদাচরণের অভিযোগের তদন্ত শুরু হওয়ায় বাংলাদেশের সুপ্রিম কোর্টের তিন বিচারপতি—কাজী রেজাউল হক, এ কে এম জহুরুল হক ও সালমা মাসুদ চৌধুরীকে সাময়িকভাবে বিচারকাজ থেকে বিরত রাখা হয়েছে। অ্যাটর্নি জেনারেল মাহবুবে আলম বিষয়টি রাষ্ট্রপতি ও প্রধান বিচারপতির এখতিয়ারভুক্ত বলে মন্তব্য করতে отказ করেছেন।",16.95,0.0,10.17
news-38663386,বাইরে দেখে আঁচ করার উপায় নেই ভেতরে ২৭১ বছরের পুরনো মসজিদ আছে। পুরনো ঢাকার আজিমপুরের নিউ পল্টন এলাকায় সরু এক রাস্তার ধারে জনবহুল এলাকায় এ মসজিদটির অবস্থান।,"আজিমপুর শাহী মসজিদটি ১৭৪৬ সালে নবাব আলীবর্দি খাঁর আমলে নির্মিত, যার স্থাপত্যে অটোম্যান রীতির প্রভাব রয়েছে। জনসংখ্যা বৃদ্ধির কারণে ছয়তলা মসজিদ নির্মাণের জন্য প্রায় অর্ধেক ভেঙে ফেলা হলেও বিশেষজ্ঞ ও প্রত্নতত্ত্ব অধিদপ্তরের হস্তক্ষেপে কাজ আপাতত বন্ধ হয়েছে; অবশিষ্ট কাঠামো সংরক্ষণ করে সম্প্রসারণের উপায় খতিয়ে দেখা হচ্ছে।",5.48,0.0,2.74
news-45334100,বাংলাদেশে সাম্প্রতিক সময়ে কোটা সংস্কার আন্দোলন ও নিরাপদ সড়কের দাবীতে গড়ে উঠা আন্দোলনের জের ধরে যাদের আটক করা হয়েছিলো তাদের প্রায় সবাই জামিনে মুক্তি পেয়েছেন।,"কোটা সংস্কার ও নিরাপদ সড়ক আন্দোলন ঘিরে আটক শিক্ষার্থী ও নেতাদের অনেকেই জামিনে মুক্তি পেলেও ফটোসাংবাদিক শহীদুল আলম এখনো কারাগারে রয়েছেন। আইনমন্ত্রী আনিসুল হক মুক্তির কারণ মানবিক এবং প্রধানমন্ত্রীর নির্দেশনা বলে জানালেও, শিক্ষক ও আন্দোলনকারীদের অনেকে মনে করেন জনমত ও আসন্ন নির্বাচনের রাজনৈতিক চাপেই সরকার কঠোর অবস্থান থেকে সরে এসেছে। আন্দোলনকারীরা মামলা প্রত্যাহার ও কোটা সংস্কারের প্রজ্ঞাপন জারির দাবি জানিয়েছেন।",18.82,7.23,16.47
news-47926957,"বাংলাদেশে আইন মন্ত্রী আনিসুল হক বলেছেন, মাদ্রাসা ছাত্রী নুসরাত জাহানকে হত্যার বিচার দ্রুত বিচার ট্রাইব্যুনালে করার সিদ্ধান্ত সরকার নিয়েছে।","নুসরাত জাহান হত্যার দ্রুত ও সুষ্ঠু বিচারের দাবিতে তার পরিবার, সোনাগাজী ও ঢাকায় প্রতিবাদ অব্যাহত রয়েছে। পিবিআই তদন্তে গুরুত্বপূর্ণ তথ্য পাওয়ার কথা জানিয়েছে এবং ১২ আসামির মধ্যে অধ্যক্ষ সিরাজউদ্দৌলাসহ আটজন গ্রেপ্তার হয়েছে; অভিযোগপত্র পাওয়ার পর মামলাটি দ্রুত বিচার ট্রাইব্যুনালে নেওয়া হবে। আইনে বিচার ৯০ দিনের মধ্যে শেষ করার বিধান রয়েছে এবং সর্বোচ্চ শাস্তি মৃত্যুদণ্ড হতে পারে।",18.67,5.48,16.0
news-45239309,পাকিস্তানের নতুন প্রধানমন্ত্রী ইমরান খানের শপথ গ্রহণ অনুষ্ঠানে গিয়ে সে দেশের সেনাপ্রধানের সঙ্গে সহাস্য কোলাকুলি করে বিতর্কে জড়িয়েছেন ভারতের সাবেক ক্রিকেটার ও অধুনা রাজনীতিবিদ নভজোত সিং সিধু।,"ইমরান খানের শপথ অনুষ্ঠানে ভারতীয় অতিথি নভজোত সিধুকে পাকিস্তানের সেনাপ্রধান জেনারেল বাজওয়া আলিঙ্গন করায় ভারতে তীব্র সমালোচনা শুরু হয়েছে; অনেকে এটিকে দেশের সঙ্গে বিশ্বাসঘাতকতা ও অনুষ্ঠানে যোগদানের অনুপযুক্ততা বলেছেন। সিধুর দাবি, তাঁদের কথায় শান্তির প্রসঙ্গ উঠেছে এবং বাজওয়া কর্তারপুর গুরদোয়ারায় ভারতীয় শিখ তীর্থযাত্রীদের জন্য ২০১৯ সালে করিডোর খোলার প্রতিশ্রুতি দিয়েছেন, যা তাঁর কাছে স্বপ্নপূরণের মতো।",21.95,5.0,17.07
news-48853751,"যুক্তরাষ্ট্রের এক সরকারি তদন্তের রিপোর্ট বলছে, সে দেশের দক্ষিণাঞ্চলের অঙ্গরাজ্যগুলির অভিবাসী বন্দিশালাগুলো বিপদজনকভাবে ভরপুর।","টেক্সাসের রিও গ্রান্ডে এলাকার সাতটি অভিবাসী বন্দিশালায় অতিরিক্ত ভিড়, দীর্ঘমেয়াদি আটক এবং অস্বাস্থ্যকর পরিবেশের গুরুতর চিত্র উঠে এসেছে; কোথাও দাঁড়ানোর মতো সামান্য জায়গায় বহু মানুষকে রাখা হয়েছে। শিশুদের এক-তৃতীয়াংশকে নির্ধারিত ৭১ ঘণ্টার বেশি আটক রাখা হয়েছে এবং গরম খাবার, গোসলের পানি ও পরিষ্কার পোশাক দেওয়া হয়নি, যা বন্দী ও কর্মকর্তাদের স্বাস্থ্য-নিরাপত্তা ঝুঁকি বাড়াচ্ছে।",5.8,0.0,2.9
news-46494391,সামাজিক মাধ্যমে ভাইরাল ছবি। এক হ্রদে এক জোড়া জাগুয়ারের সঙ্গে ১২ বছরের ব্রাজিলীয় কিশোর টিয়াগো। এদের একজন রীতিমত টিয়াগোর গলা জড়িয়ে ধরে আছে।,"টিয়াগো সিলভিয়েরার জাগুয়ারের সঙ্গে ভাইরাল হওয়া ছবিটি আসল; ব্রাজিলে বিজ্ঞানী বাবা-মায়ের সংরক্ষণকেন্দ্রে সে ছোটবেলা থেকেই জাগুয়ারদের সঙ্গে বড় হয়েছে। বাবা-মা তাকে প্রাণীদের প্রতি সম্মান ও নিরাপত্তার নিয়ম শিখিয়েছেন এবং তাদের ১২৩ একরের অভয়ারণ্যে অনাথ জাগুয়ারদের লালন-পালন ও সংরক্ষণ করা হয়। বর্তমানে টিয়াগো পড়াশোনার কারণে দূরে থাকলেও বাড়ি ফিরলে জাগুয়ারদের সঙ্গে দেখা করে, যাদের সে খুব মিস করে।",9.64,2.47,7.23
news-56469235,বাংলাদেশের সুনামগঞ্জ জেলার শাল্লা উপজেলায় হিন্দু বাড়িঘরে হামলার জের ধরে উত্তেজনার মধ্যেই জেলার জামালগঞ্জ উপজেলায় হেফাজত নেতা মামুনুল হকের একটি ওয়াজ মাহফিল আটকে দিয়েছে প্রশাসন।,সুনামগঞ্জের জামালগঞ্জে হেফাজত নেতা মামুনুল হককে অতিথি করে আয়োজিত ইসলামি মহাসম্মেলন শাল্লায় হিন্দু বাড়িঘরে হামলার পর সৃষ্ট উত্তেজনা ও প্রশাসনের অনুরোধে স্থগিত করা হয়েছে। আয়োজকেরা ২৬ মার্চের পর আবার মাহফিল করার কথা জানালেও আওয়ামী লীগ নেতারা এর বিরোধিতা করেছেন এবং প্রশাসন পরিস্থিতি বিবেচনা করে পরবর্তী সিদ্ধান্ত নেওয়ার কথা বলেছে।,21.62,11.11,13.51
news-45502414,"যদি আমিও কবি নবারুণ ভট্টাচার্য 'র মতো বলতে পারতাম যে, 'এই মৃত্যু উপত্যকা আমার দেশ না'। কিন্তু পারছি কই?","ভারতে সাম্প্রদায়িক দাঙ্গা, জাতিগত নিধন, রাজনৈতিক সহিংসতা, ভুয়ো সংঘর্ষ ও রাষ্ট্রীয় সন্ত্রাসের পাশাপাশি সাম্প্রতিক সময়ে গরু, চুরি বা ছেলেধরার গুজবকে কেন্দ্র করে গণপিটুনিতে হত্যার প্রবণতা ভয়াবহভাবে বেড়েছে। দেশভাগের রক্তাক্ত উত্তরাধিকার ও অব্যাহত বিদ্বেষের ফলে হিন্দু, মুসলমান, শিখ, দলিত ও বিভিন্ন জনজাতির মানুষ দীর্ঘদিন ধরে হত্যার শিকার হলেও লিঞ্চিংয়ে মুসলমানদের নিশানা করা বিশেষভাবে উল্লেখযোগ্য; পরিস্থিতি মোকাবিলায় সুপ্রিম কোর্ট নতুন আইন প্রণয়নের পরামর্শ দিয়েছে।",0.0,0.0,0.0
news-47787821,যুক্তরাষ্ট্রের ম্যাগাজিন ফোর্বস এ বছরের অনূর্ধ্ব-৩০ ক্যাটাগরিতে এশিয়া অঞ্চলের তরুণ উদ্যোক্তাদের যে তালিকা করেছে তাতে স্থান পেয়েছেন দু জন বাংলাদেশী।,পাঠাওয়ের সহপ্রতিষ্ঠাতা ইলিয়াস হুসেইন ২৯ বছর বয়সে প্রতিষ্ঠানটিকে রাইড শেয়ারিং ও ফুড ডেলিভারি সেবায় বাংলাদেশের পাঁচটি শহর ও নেপালের কাঠমান্ডুতে বিস্তৃত করেছেন; পাঠাও চার দফায় ১ কোটি ২০ লাখ ডলার বিনিয়োগ পেয়ে বর্তমানে ১০ কোটি ডলারের বেশি মূল্যায়ন পেয়েছে। কার্টুনিস্ট আব্দুল্লাহ আল মোরশেদ যুদ্ধ ও সহিংসতার দৃশ্যকে শিল্পকর্মে রূপান্তরের মাধ্যমে শান্তির বার্তা তুলে ধরে গ্লোবাল হ্যাপিনেস অ্যাওয়ার্ড অর্জন করেছেন এবং বর্তমানে ‘উন্মাদ’ কার্টুন ম্যাগাজিনের সহকারী সম্পাদক হিসেবে কাজ করছেন।,0.0,0.0,0.0
news-54452799,"কাতারের রাজধানী দোহাতে চলমান আফগান শান্তি আলোচনায় ভারতের ভূমিকা ঠিক কী হতে পারে, তা নিয়ে আলোচনা করতে দিল্লি এসেছেন আফগান নেতা ও সে দেশের পিস কাউন্সিলের প্রধান ড: আবদুল্লাহ্ আবদুল্লাহ্।","আফগান শান্তি আলোচনা থমকে যাওয়ায় ড. আবদুল্লাহ আবদুল্লাহ ভারত ও পাকিস্তান সফর করে দুই দেশের সমর্থন ও সহযোগিতা চাইছেন। ভারত আফগান-নেতৃত্বাধীন শান্তি প্রক্রিয়ার পক্ষে থাকলেও পাকিস্তান ভারতের সক্রিয় ভূমিকা প্রত্যাখ্যান করছে; ফলে দুই দেশের বিরোধ দোহা আলোচনার অগ্রগতিতে বড় বাধা হয়ে দাঁড়িয়েছে। সংকট নিরসনে ভারতকে ‘লো-প্রোফাইল’ রাখার অনুরোধ করা হতে পারে, আর আলোচনার ভবিষ্যৎ দিল্লি-ইসলামাবাদের অবস্থান নরম করার ওপর নির্ভর করছে।",25.53,4.35,14.89
40197379,কাতারের আল জাজিরা টিভি নেটওয়ার্ক নি:সন্দেহে মধ্যপ্রাচ্যের ক্ষুদ্র এই দেশটিকে আন্তর্জাতিক মানচিত্রে জায়গা করে দিয়েছে।,"১৯৯৬ সালে প্রতিষ্ঠিত আল জাজিরা কাতারের বৈশ্বিক প্রভাব বিস্তারের গুরুত্বপূর্ণ হাতিয়ার হলেও এর সংবাদ কভারেজ নিয়ে মিশরসহ উপসাগরীয় দেশগুলোর দীর্ঘদিনের বিরোধ রয়েছে। ২০১৭ সালের কাতার কূটনৈতিক সংকটে সৌদি আরব, সংযুক্ত আরব আমিরাত, মিশর ও বাহরাইন আল জাজিরার বিরুদ্ধে ব্যবস্থা নিয়ে চ্যানেলটি বন্ধ বা এর সম্পাদকীয় নীতি পরিবর্তনের দাবি তুলেছে, ফলে নেটওয়ার্কটির ভবিষ্যৎ ও কর্মীদের নিয়ে অনিশ্চয়তা তৈরি হয়েছে।",8.11,2.78,5.41
news-44803369,রসগোল্লার আবিষ্কার কোথায়- তা নিয়ে এর আগে তুমুল হৈচৈ আর আইনি লড়াই হয়েছে পশ্চিমবঙ্গ আর ওড়িশার মধ্যে।,"হায়দ্রাবাদ তেলেঙ্গানার অংশ হয়ে যাওয়ায় অন্ধ্র প্রদেশ হায়দ্রাবাদী বিরিয়ানির পাল্টা নিজস্ব ব্র্যান্ড তৈরির উদ্যোগ নিয়েছে, যার নাম ‘বঙ্গু বিরিয়ানি’। আরাকু উপত্যকার আদিবাসী রান্না থেকে আসা এই বিরিয়ানি বাঁশের খোলে চাল, মাংস ও মসলা দিয়ে রান্না করা হয়; কেউ এর স্বাতন্ত্র্য ও সম্ভাবনার প্রশংসা করলেও খাদ্যবিশেষজ্ঞরা এটিকে আঞ্চলিকতাবাদী ও অপ্রয়োজনীয় প্রতিযোগিতা বলে সমালোচনা করেছেন।",2.86,0.0,2.86
news-42690561,"সিরিয়ার পূর্ব উপকূলে মার্কিন-সমর্থিত মিলিশিয়াদের নিয়ে একটি নতুন বাহিনী গঠনের জন্য যুক্তরাষ্ট্র যে পরিকল্পনা করছে, তার প্রবল সমালোচনা করেছে সিরিয়ার সরকার, তার মিত্র রাশিয়া, এবং তুরস্ক।","আমেরিকার নেতৃত্বাধীন জোট সিরিয়ার তুরস্ক ও ইরাক সীমান্তে প্রায় ৩০ হাজার সদস্যের বর্ডার সিকিউরিটি ফোর্স গঠনের উদ্যোগ নিয়েছে, যার অর্ধেকের বেশি কুর্দি মিলিশিয়া ওয়াইপিজি থেকে আসবে এবং নেতৃত্বে থাকবে এসডিএফ। সিরিয়া একে সার্বভৌমত্বের লঙ্ঘন, রাশিয়া সিরিয়া বিভক্তির আশঙ্কা এবং তুরস্ক নিরাপত্তার জন্য হুমকি হিসেবে দেখেছে; প্রেসিডেন্ট এরদোয়ান বাহিনীটিকে ধ্বংস করার হুঁশিয়ারি দিয়েছেন।",15.19,2.6,12.66
news-47397246,"ভারতীয় বিমান বাহিনীর যে পাইলট আকাশে এক লড়াইয়ের পর পাকিস্তানের হাতে আটক হয়েছেন, সেই আভিনন্দন ভার্থামানকে ফেরত দেয়ার দাবি জানিয়েছে ভারতীয় কর্তৃপক্ষ।","ভারত-পাকিস্তান উত্তেজনার মধ্যে ভারতীয় পাইলট আভিনন্দন ভার্থামানের বিমান পাকিস্তানের সীমানায় ভূপাতিত হলে তিনি আটক হন, যা ভারতের জন্য বড় বিপত্তি হিসেবে দেখা হচ্ছে। ভারত তাকে ফেরত দেওয়ার অনুরোধ জানিয়েছে; পাকিস্তান তার ভিডিও প্রকাশ করলেও সামরিক নীতি মেনে আচরণ করা হচ্ছে বলে জানিয়েছে। চেন্নাইয়ের বাসিন্দা ও ২০০৪ সালে কমিশনপ্রাপ্ত এই পাইলটের পরিবার দ্রুত তার দেশে ফেরার প্রত্যাশা করছে।",20.0,0.0,15.0
news-50525454,দেশজুড়ে মানুষ রাস্তায় নেমে আসছে এবং দেশটির শীর্ষ নেতাদের স্বৈরশাসক আখ্যায়িত করে তাদের ছবিতে আগুন দিচ্ছে।,"ইরানে তেলের দাম ২০০ শতাংশ বাড়ানোর প্রতিবাদে শুরু হওয়া বিক্ষোভ ছয় দিনে সারাদেশের কয়েক ডজন শহরে ছড়িয়ে পড়ে, যেখানে জাতিসংঘ ও অ্যামনেস্টির হিসাবে অন্তত ১০৬ জন নিহত এবং হাজার হাজার মানুষ আটক হয়েছে। অর্থনৈতিক সংকট, ৪০ শতাংশ মুদ্রাস্ফীতি, বেকারত্ব ও নিত্যপণ্যের মূল্যবৃদ্ধিতে ক্ষুব্ধ মধ্যবিত্তসহ বিভিন্ন শ্রেণির মানুষ এতে যোগ দেয়; ইন্টারনেট বন্ধ থাকায় প্রকৃত পরিস্থিতি স্পষ্ট নয়। সরকার সহিংস দমন চালিয়ে বিক্ষোভের জন্য বিদেশি শত্রুদের দায়ী করে বিজয় দাবি করলেও মানুষের ক্ষোভ পুরোপুরি কমেনি।",6.67,0.0,4.44
news-46938215,"ভারত ও বাংলাদেশের মধ্যেকার কূটনৈতিক সম্পর্কে এই মুহুর্তে অস্বস্তির কেন্দ্রে আছে যে তিস্তা নদী, সেটি ক্রমশ শুকিয়ে যাওয়ার পেছনে তাদের কোনও ভূমিকা নেই বলে বিবিসির কাছে দাবি করেছেন সিকিমের মুখ্যমন্ত্রী পবন কুমার চামলিং।","সিকিমের মুখ্যমন্ত্রী পবন কুমার চামলিং দাবি করেছেন, তিস্তায় নির্মিত জলবিদ্যুৎ প্রকল্প ও বাঁধগুলো পরিবেশের তেমন ক্ষতি করেনি এবং ভাটির অঞ্চলের উদ্বেগও বিবেচনায় রাখা হচ্ছে। তবে বিশেষজ্ঞদের মতে, অতিরিক্ত বাঁধের কারণে তিস্তায় প্রবাহ বিচ্ছিন্নতা, সেডিমেন্ট ও জীববৈচিত্র্যের ক্ষতি এবং বিভিন্ন স্থানে নদী শুকিয়ে যাওয়ার মতো সমস্যা তৈরি হয়েছে। পশ্চিমবঙ্গ চুক্তির বিরোধিতা করলেও বাংলাদেশ তিস্তায় যতটুকু পানি থাকুক তা সমানভাবে ভাগ করে দ্রুত চুক্তি সম্পাদনের দাবি জানিয়ে আসছে।",22.22,12.37,10.1
news-47227787,"কুকুর হয়তো মানুষের সবচেয়ে বিশ্বস্ত বন্ধু, কিন্তু এই জন্তুটি এখন বন্যপ্রাণীর জন্য বিরাট হুমকি হয়ে দাঁড়িয়েছে।","বুনো ও বেওয়ারিশ কুকুর বিশ্বজুড়ে প্রায় ২০০ প্রজাতির বন্যপ্রাণীর জন্য হুমকি হয়ে উঠেছে; তারা প্রাণী হত্যা, রোগ ছড়ানো, খাদ্যে প্রতিযোগিতা ও প্রজাতির স্বাভাবিক ভারসাম্য নষ্ট করছে। বিশেষজ্ঞরা কুকুর নিধনের বদলে নির্বীজন, টিকাদান ও নিয়ন্ত্রিত ব্যবস্থাপনার মাধ্যমে তাদের সংখ্যা ও বন্যপ্রাণীর ওপর ক্ষতি কমানোর পরামর্শ দিচ্ছেন।",16.39,6.78,16.39
news-51298505,"ভারতের বিতর্কিত নতুন নাগরিকত্ব আইন প্রত্যাহার করার দাবি জানিয়ে একটি প্রস্তাবের ওপর ইউরোপীয় পার্লামেন্টে আলোচনা শুরু হয়েছে, পরে তা ভোটাভুটির জন্য পেশ করা হবে।","ভারতের নাগরিকত্ব সংশোধনী আইনকে ‘বৈষম্যমূলক’ ও ‘বিভাজন সৃষ্টিকারী’ আখ্যা দিয়ে ইউরোপীয় পার্লামেন্টের ৫৬০ জন সদস্য একটি প্রস্তাব এনেছেন, যা ভারতের অভ্যন্তরীণ তীব্র প্রতিবাদ ও মানবাধিকার পরিস্থিতি নিয়ে উদ্বেগের প্রতিফলন। ভারত সরকার ও সংশ্লিষ্ট কর্মকর্তারা এটিকে অভ্যন্তরীণ বিষয় এবং ইউরোপীয় দেশগুলোর দ্বিচারিতা হিসেবে সমালোচনা করেছেন; তবে ইউরোপীয় ইউনিয়ন জানিয়েছে, প্রস্তাবটি জোটের সরকারি অবস্থান নয়।",10.39,0.0,10.39
news-56601546,বাংলাদেশে করোনাভাইরাসের 'সংক্রমণ ঠেকানোর' জন্য সরকার যে বিধি-নিষেধ দিয়েছে সেটির বিরুদ্ধে প্রতিবাদে নেমেছে রাইড শেয়ারিং মোটরসাইকেল চালকরা।,"অ্যাপভিত্তিক মোটরসাইকেলে যাত্রী পরিবহন বন্ধের সরকারি বিধিনিষেধের প্রতিবাদে ঢাকার অন্তত পাঁচটি স্থানে চালকেরা সড়ক অবরোধ ও বিক্ষোভ করেন, ফলে তীব্র যানজট সৃষ্টি হয়। গণপরিবহনে অর্ধেক যাত্রী বহনের নিয়মে যানবাহন সংকটে অফিসগামী মানুষও দুর্ভোগে পড়ে এবং কোথাও কোথাও সড়ক অবরোধ করে। প্রধানমন্ত্রী শেখ হাসিনা করোনা সংক্রমণ ঠেকাতে জনগণকে স্বাস্থ্যবিধি মেনে চলার আহ্বান জানান।",5.71,0.0,2.86
news-56602384,"ভারতের ছত্তিশগড়ে গত শনিবার যে গেরিলা হামলায় নিরাপত্তা বাহিনীর অন্তত ২২জন সদস্য নিহত হয়েছেন, তার মূল পরিকল্পনাকারী হিসেবে চিহ্নিত করা হচ্ছে মাদভি হিডমা নামে একজন মাওবাদী কমান্ডারকে।","মাদভি হিডমা ওরফে হিডমালুকে ধরতে ছত্তিশগড়ের বস্তারের জঙ্গলে প্রায় দুই হাজার নিরাপত্তাকর্মী অভিযান চালালেও মাওবাদীদের ফাঁদে পড়ে অন্তত ২২ জন জওয়ান নিহত ও ৩০ জন আহত হন। হিডমার বিরুদ্ধে বহু বড় হামলায় নেতৃত্ব দেওয়ার অভিযোগ এবং ৪০ লাখ রুপি পুরস্কার থাকলেও বিশেষজ্ঞদের মতে, তার ভূমিকা নিয়ে অনেক অতিরঞ্জন ও গুজব রয়েছে; তিনি সক্রিয় হলেও মাওবাদী সংগঠনে আরও বহু প্রভাবশালী নেতা রয়েছেন।",15.91,2.33,9.09
news-43945074,"সদ্য মা হওয়া একজন তরুণী দাবি করেছেন, ইউটিউব দেখে দেখে তিনি নিজের সন্তান প্রসব করেছেন, কারণ সে সময়ে হোটেল কক্ষে তার সঙ্গে আর কেউ ছিল না।",ন্যাশভিলের ২২ বছর বয়সী টিয়া ফ্রিম্যান তুরস্কের একটি হোটেলে প্রসববেদনা উঠলে ইউটিউবের নির্দেশনা মেনে নিজেই বাথটাবে সন্তান জন্ম দেন এবং নাভিরজ্জু কেটে জুতার ফিতা দিয়ে বেঁধে দেন। পরে বিমানবন্দরে সন্দেহের মুখে পড়লেও বিষয়টি পরিষ্কার হওয়ার পর টার্কিশ এয়ারলাইন্স তাকে দুই সপ্তাহের বিনামূল্যে হোটেল ও চিকিৎসাসেবা দেয়; মা ও শিশু জাভিয়ের দুজনেই সুস্থ রয়েছে।,7.59,0.0,5.06
news-40920719,পাকিস্তানের ৭০ তম স্বাধীনতা দিবস আজ। আগামীকাল তার ঐতিহাসিক প্রতিপক্ষ ভারত পালন করবে নিজের ৭০ তম স্বাধীনতা দিবস।,"কাশ্মীর নিয়ে ভারত-পাকিস্তান উত্তেজনার মধ্যেই দুই দেশের তরুণ শিল্পীরা যৌথভাবে দুই দেশের জাতীয় সঙ্গীত পরিবেশন করে ‘পিস অ্যান্থেম’ প্রকাশ করেছেন। ‘ভয়েস অব রাম’ গ্রুপের প্রকাশিত গানটি অল্প সময়ে ব্যাপকভাবে ভাইরাল হয়ে শান্তির পক্ষে আলোচনার জন্ম দিয়েছে, যদিও দুই দেশের জাতীয়তাবাদীদের সমালোচনাও চলছে।",3.28,0.0,3.28
news-51694545,সর্বোচ্চ শাস্তি বা মৃত্যুদণ্ড নিয়ে সিনেমা বানিয়ে বার্লিন আন্তর্জাতিক চলচ্চিত্র উৎসবে পুরষ্কার জিতেছেন একজন নিষিদ্ধ ইরানি পরিচালক পরিচালক মোহাম্মাদ রাসুলফ।,"ইরানি নির্মাতা মোহাম্মাদ রাসুলফের চলচ্চিত্র *দেয়ার ইজ নো ইভল* বার্লিন চলচ্চিত্র উৎসবে সেরা পুরস্কার জিতেছে, যদিও দেশত্যাগে নিষেধাজ্ঞার কারণে তিনি মেয়ের মোবাইলের মাধ্যমে বক্তব্য দেন এবং মেয়ে পুরস্কার গ্রহণ করেন। মৃত্যুদণ্ড ও কর্তৃত্ববাদী ব্যবস্থার মধ্যে ব্যক্তিগত দায়িত্বের সংকট নিয়ে নির্মিত ছবিটি রাসুলফের নিজস্ব অভিজ্ঞতার ওপর ভিত্তি করে তৈরি।",20.59,3.03,8.82
news-50043459,"চলতি বছর অর্থনীতিতে নোবেল পেয়েছেন কলকাতার সন্তান অভিজিৎ বিনায়ক ব্যানার্জি, তাঁর স্ত্রী এসথার ডুফলো এবং মাইকেল ক্রেমার।","অভিজিৎ বিনায়ক ব্যানার্জি, এসথার ডুফলো ও মাইকেল ক্রেমার বৈশ্বিক দারিদ্র্য বিমোচনে পরীক্ষাভিত্তিক গবেষণার জন্য অর্থনীতিতে নোবেল পুরস্কার পেয়েছেন। তাদের গবেষণা উন্নয়ন অর্থনীতিতে নতুন ক্ষেত্র সৃষ্টি করে দারিদ্র্য মোকাবিলার কার্যকর পদ্ধতি উন্নত করেছে; পুরস্কারের ৯০ লাখ সুইডিশ ক্রোনার তারা সমানভাবে ভাগ করে নেবেন।",33.9,17.54,23.73
news-52039380,ব্রিটিশ রাজসিংহাসনের উত্তরাধিকারী প্রিন্স চার্লস করোনাভাইরাস-এ আক্রান্ত হয়েছেন।,"প্রিন্স চার্লস করোনাভাইরাসে আক্রান্ত হয়ে সামান্য উপসর্গ নিয়ে স্ত্রী ক্যামিলাসহ বালমোরাল প্রাসাদে আইসোলেশনে আছেন; ক্যামিলার পরীক্ষার ফল নেগেটিভ এসেছে। ১২ মার্চ রানীর সঙ্গে চার্লসের শেষ দেখা হয়েছিল, তখন তিনি সুস্থ ছিলেন এবং সংক্রমণের উৎস নিশ্চিত করা যায়নি।",13.04,4.55,13.04
news-47189627,বাংলাদেশে গত ৩০শে ডিসেম্বর অনুষ্ঠিত সংসদ নির্বাচনে অনিয়ম ও কারচুপির অভিযোগের সাক্ষ্য প্রমাণের অভাবে বিরোধীদল বিএনপি তাদের অভিযোগ নিয়ে মামলা করার না করার প্রশ্নে সিদ্ধান্তহীনতায় পড়েছে।,"বিএনপি ২০১৮ সালের নির্বাচন প্রত্যাখ্যান করলেও অনিয়ম ও কারচুপির অভিযোগে মামলা করবে কি না, তা নিয়ে এখনও সিদ্ধান্তহীনতায় রয়েছে। দলটির নেতারা পর্যাপ্ত সাক্ষ্যপ্রমাণের অভাবে আইনি পদক্ষেপ কঠিন বলে মনে করছেন, যদিও এখন প্রমাণ সংগ্রহের চেষ্টা চলছে এবং তারেক রহমানসহ সিনিয়র নেতারা এ বিষয়ে আলোচনা করছেন। নির্বাচনের গেজেট প্রকাশের ৪৫ দিনের মধ্যে, অর্থাৎ ১৫ ফেব্রুয়ারির মধ্যে নির্বাচনি ট্রাইব্যুনালে মামলা করতে হবে।",20.93,4.76,13.95
news-56631355,পৃথিবী জুড়ে করোনাভাইরাস ছড়িয়ে পড়ার পর সাথে সাথেই পাল্লা দিয়ে ছড়িয়েছে এ নিয়ে নানা রকম ভুয়া তথ্য।,"ভিটামিন ডি রোগ প্রতিরোধক্ষমতায় ভূমিকা রাখলেও কোভিড-১৯ প্রতিরোধ বা চিকিৎসায় উচ্চমাত্রার সাপ্লিমেন্ট কার্যকর—এমন নির্ভরযোগ্য প্রমাণ এখনো নেই; বিদ্যমান গবেষণাগুলোর বেশিরভাগই পর্যবেক্ষণভিত্তিক এবং একটি বহুল প্রচারিত স্পেনীয় গবেষণাও পরে তদন্তের কারণে প্রত্যাহার করা হয়েছে। ভিটামিন ডি-র ঘাটতি থাকলে চিকিৎসকের পরামর্শে তা গ্রহণ করা যেতে পারে, কিন্তু এটিকে টিকা, মাস্ক বা সামাজিক দূরত্বের বিকল্প হিসেবে প্রচার করা বিপজ্জনক।",0.0,0.0,0.0
news-46950222,"১৯৬২ সালে এমন একটি জিনিস আবিষ্কার হয় যা বর্তমান পৃথিবীর সবচেয়ে প্রয়োজনীয় জিনিসগুলোর একটি এবং অনেকেই হয়তো বলবেন, এটি আধুনিক জীবনের সবচেয়ে বিরক্তিকর একটি জিনিসও বটে।","১৯৬০-এর দশকের শুরুতে এমআইটির টাইম-শেয়ারিং সিস্টেমে কম্পিউটার ব্যবহারকারীর পরিচয় ও নির্ধারিত সময় নিশ্চিত করতে পাসওয়ার্ড চালু হয়, যার নেতৃত্বে ছিলেন ফার্নান্দো কোরবাতো। অ্যালান শেয়ার প্রথম কম্পিউটার পাসওয়ার্ড হ্যাক করে পাসওয়ার্ড ফাইলের প্রিন্ট নিয়ে বরাদ্দ সময়ের সীমা এড়িয়ে কম্পিউটার ব্যবহার করেছিলেন; পরে ব্যাংক, বিমানবন্দর ও বাণিজ্যিক প্রতিষ্ঠানে পাসওয়ার্ডের ব্যবহার ছড়িয়ে পড়ে।",2.56,0.0,2.56
news-48446744,বাংলাদেশের জেলাগুলোয় বার্ষিক উন্নয়ন কর্মসূচির বা এডিপি'র অর্থ বরাদ্দের ক্ষেত্রে অতি উচ্চমাত্রায় বৈষম্য করা হচ্ছে বলে একটি গবেষণা প্রতিষ্ঠান বলছে।,"বাংলাদেশ ইন্সটিটিউট অব প্ল্যানার্সের গবেষণায় দেখা গেছে, ২০১২-১৩ থেকে ২০১৬-১৭ অর্থবছরে এডিপির সর্বাধিক বরাদ্দ পেয়েছে ঢাকা, চট্টগ্রাম ও গোপালগঞ্জ, जबकि হাওর, উত্তরাঞ্চলের দরিদ্র এলাকা ও উপকূলীয় জেলাগুলো পেয়েছে তুলনামূলকভাবে কম। গবেষকরা এই বৈষম্যের জন্য দুর্বল পরিকল্পনা ও সমন্বয়ের অভাব এবং ক্ষমতাসীনদের নিজ এলাকার প্রতি পক্ষপাতের প্রবণতাকে দায়ী করেছেন; এতে দেশের সুষম উন্নয়ন বাধাগ্রস্ত হচ্ছে।",5.19,0.0,5.19
news-39614807,"বাংলাদেশের ময়মনসিংহ জেলার ফুলবাড়িয়া উপজেলার হাতিলেট নামে ওই গ্রামের আদিবাসী কোচ সম্প্রদায়ের সমাজপতিরা তাদের বিচারে ঐ দম্পতিকে জুতোর মালা পরানো, মাথা ন্যাড়া করা ছাড়াও ৪০,০০০ টাকা জরিমানাও করেছে।","ময়মনসিংহে মুসলিম অটোচালকের সঙ্গে ‘অবৈধ সম্পর্কের’ সন্দেহে এক আদিবাসী দম্পতিকে দুই দিন ধরে কথিত সমাজবিচারের পর মারধর, মাথা ন্যাড়া, জুতোর মালা পরিয়ে গ্রামে ঘোরানো এবং একঘরে করা হয়। নারীটি অভিযোগ অস্বীকার করে জানান, অটোচালক পারিবারিক বন্ধু; পরে দম্পতি থানায় মামলা করতে গেলে বিচার পরিচালনাকারীরা পালিয়ে যায়।",18.67,5.48,13.33
news-52513769,করোনাভাইরাসে বিশ্বব্যাপী যে পদ্ধতিতে নমুনা পরীক্ষা করা হচ্ছে সেটায় শতভাগ নিশ্চিত ফলাফল পাওয়া যায় না। এ কারণেই বিশ্বব্যাপী বার বার টেস্ট করার ওপর জোর দেয়া হচ্ছে।,"বাংলাদেশে আরটি-পিসিআর পরীক্ষায় প্রায় ৩০ শতাংশ ভুল ফল আসতে পারে, যার কারণ নমুনা সংগ্রহ, সংরক্ষণ ও পরিবহনের ত্রুটি, রোগীর শরীরে কম ভাইরাসের উপস্থিতি এবং ল্যাবের দক্ষতা ও অবকাঠামোর সীমাবদ্ধতা। বিশেষজ্ঞরা দেশব্যাপী গণটেস্ট ও প্রয়োজনে বারবার পরীক্ষা করার পরামর্শ দিলেও, সে সুযোগ সীমিত হওয়ায় আপাতত সামাজিক দূরত্ব বজায় রাখার ওপর জোর দিচ্ছেন।",12.82,2.63,12.82
news-52648186,পশ্চিমবঙ্গ সরকারের আপত্তিতে আন্তর্জাতিক স্থল-বন্দর খুলতে না পেরে ভারতের কেন্দ্রীয় সরকার বাংলাদেশে পণ্য পরিবহনের জন্যে এখন রেলপথকেই বেছে নিয়েছে।,"পশ্চিমবঙ্গের পেট্রাপোল ও হিলিসহ স্থলবন্দর করোনাভাইরাস সংক্রমণের আশঙ্কায় বন্ধ থাকায় ভারত নাসিক থেকে ২,০০০ টন পেঁয়াজ রেলপথে বাংলাদেশে পাঠাচ্ছে, যাতে রোজায় দেশটির চাহিদা মেটানো যায়। তবে বিশেষজ্ঞদের মতে, ছোট বা মিশ্র পণ্য পরিবহনের জটিলতার কারণে রেল এখনই সড়কপথের পূর্ণ বিকল্প হতে পারবে না; বড় একক চালান ও ভবিষ্যৎ আঞ্চলিক যোগাযোগব্যবস্থা উন্নত হলে এর সম্ভাবনা বাড়বে।",10.53,2.7,7.89
news-41052875,"ভারতের যে বিতর্কিত ধর্মগুরু গুরমিত রাম রহিমকে শুক্রবার হরিয়ানার একটি আদালত ধর্ষণের মামলায় দোষী সাব্যস্ত করেছে, যা নিয়ে হরিয়ানা আর পাঞ্জাবে রীতিমতো যুদ্ধকালীন পরিস্থিতি তৈরি হয়েছে, তিনি সত্যিই একটি বর্ণময় চরিত্র।","গুরমিত রাম রহিম সিং হরিয়ানার সিরসাভিত্তিক ডেরা সাচ্চা সৌদার প্রধান, যিনি ধর্মপ্রচারক, গায়ক, চলচ্চিত্র অভিনেতা-পরিচালক ও সমাজসংস্কারক হিসেবে বিপুল জনপ্রিয়তা অর্জন করেছেন; তাঁর হরিয়ানা-পাঞ্জাবে অন্তত পাঁচ লাখ এবং বিশ্বজুড়ে কোটি কোটি ভক্ত থাকার দাবি করা হয়। তবে তাঁর বিরুদ্ধে যৌন নির্যাতন, সাংবাদিক ও আশ্রম-সদস্য হত্যায় জড়িত থাকা, ভক্তদের সহিংসতা এবং সাধুদের জোরপূর্বক নপুংসক করার মতো গুরুতর অভিযোগ রয়েছে, যেগুলোর কিছুতে সিবিআই তদন্ত হয়েছে এবং কিছু মামলা বিচারাধীন।",11.88,2.02,11.88
news-51493152,"বাংলাদেশে নিরাপদ সড়কে দাবিতে আন্দোলনকারী ইলিয়াস কাঞ্চন একশ' কোটি টাকা ক্ষতিপূরণ চেয়ে সাবেক মন্ত্রী শাজাহান খানের বিরুদ্ধে যে মানহানির মামলা করেছেন, আদালত তা গ্রহণ করেছে।","ইলিয়াস কাঞ্চন, তাকে নিয়ে আপত্তিকর মন্তব্য করার অভিযোগে সাবেক মন্ত্রী ও পরিবহন শ্রমিক নেতা শাজাহান খানের বিরুদ্ধে ১০০ কোটি টাকা ক্ষতিপূরণ চেয়ে মামলা করেছেন; আদালত মামলাটি গ্রহণ করে শাজাহান খানের কাছে লিখিত ব্যাখ্যা চেয়েছে। শাজাহান খান যথাসময়ে জবাব দেওয়ার কথা জানিয়েছেন, আর আইনজীবীরা বলেছেন—মানহানির মামলা নিষ্পত্তি হতে দীর্ঘ সময় লাগে এবং এমন মামলায় সফলতার নজিরও কম।",39.02,25.0,26.83
news-38727531,দিনটিকে মার্কিন যুক্তরাষ্ট্রের নতুন প্রেসিডেন্ট ডোনাল্ড ট্রাম্প নিজেই বলেছেন এটি তার প্রথম সত্যিকার কাজের দিন।,"প্রেসিডেন্ট হিসেবে প্রথম কর্মদিবসেই ডোনাল্ড ট্রাম্প ওবামা আমলের ট্রান্স-প্যাসিফিক পার্টনারশিপ (টিপিপি) বাণিজ্য চুক্তি থেকে যুক্তরাষ্ট্রকে প্রত্যাহার করে নির্বাচনী প্রতিশ্রুতি পূরণ করেন। তিনি মুক্ত বাণিজ্যের বদলে ন্যায্য বাণিজ্য, দেশীয় শ্রমিকদের সুরক্ষা, কর ও নিয়মবিধি কমানো এবং বিদেশে উৎপাদনকারী প্রতিষ্ঠানের ওপর সীমান্ত কর আরোপের কথা ঘোষণা করেন।",13.11,3.39,9.84
news-50091830,কারো সম্মানহানি করার লক্ষ্যে একান্ত ব্যক্তিগত যৌনসম্পর্কের ভিডিও ইন্টারনেটে ছেড়ে দেয়াটা বেশ কিছুকাল থেকেই পৃথিবীতে এক গুরুতর সমস্যায় পরিণত হয়েছে - যাকে বলে 'রিভেঞ্জ' বা প্রতিশোধমূলক পর্ন ।,"সাবেক ডিজনি তারকা ও প্রাপ্তবয়স্ক চলচ্চিত্র পরিচালক বেলা থর্নের ব্যক্তিগত ছবি ব্যবহার করে ভুয়া পর্ন ভিডিও তৈরি ও ছড়িয়ে দেওয়া হয়, যা তাকে পুরনো নিপীড়নের অনুভূতি ও মানসিক সংকটে ফিরিয়ে নিয়ে যায়। তিনি হ্যাকারদের হুমকি প্রকাশ করে প্রতিশোধমূলক পর্ন ও ডিপফেকের বিরুদ্ধে সোচ্চার হন এবং নিরাপত্তা নিশ্চিত করতে পর্নহাবের সঙ্গে কাজের ঘোষণা দেন, যদিও বিবিসির অনুসন্ধানে সাইটটির এ ধরনের ভিডিও থেকে মুনাফার অভিযোগ উঠে এসেছে।",8.79,2.25,8.79
news-46009277,আজ অনুষ্ঠিত হয়েছে বাংলাদেশ প্রিমিয়ার লিগের ২০১৯ মৌসুমের নিলাম।,"বিপিএলের দলগুলো চূড়ান্ত হয়েছে, যেখানে ডেভিড ওয়ার্নার সিলেট সিক্সার্সে এবং এবি ডি ভিলিয়ার্স রংপুর রাইডার্সে যোগ দিয়েছেন; শহীদ আফ্রিদি খেলবেন কুমিল্লা ভিক্টোরিয়ান্সে। ড্রাফটে বিদেশি তারকারা আগে চুক্তিবদ্ধ থাকায় বাংলাদেশি ক্রিকেটারদের নিয়ে বেশি প্রতিযোগিতা হয়েছে, আর মুশফিকুর রহিম, আফিফ হোসেন, সৌম্য সরকার, মোসাদ্দেক হোসেনসহ অনেকে বিভিন্ন দলে জায়গা পেয়েছেন।",3.51,0.0,3.51
news-54743751,লালমনিরহাট জেলার পাটগ্রামে এক ব্যক্তির বিরুদ্ধে ধর্ম অবমাননার অভিযোগ তুলে তাকে পিটিয়ে হত্যা এবং পরে তার লাশ আগুনে পুড়িয়ে ফেলার ঘটনা হতবাক করেছে সাধারণ মানুষকে।,"লালমনিরহাটে গণপিটুনিতে নিহত শহীদুন নবী জুয়েল ছিলেন রংপুর ক্যান্টনমেন্ট পাবলিক স্কুল অ্যান্ড কলেজের সাবেক লাইব্রেরি শিক্ষক; সামাজিক যোগাযোগমাধ্যমে ছড়ানো ভিডিও দেখে তার পরিবার তাকে শনাক্ত করে। সহজ-সরল ও ধর্মভীরু জুয়েলের আকস্মিক মৃত্যুতে স্ত্রী-সন্তানসহ স্বজনরা বিপর্যস্ত, আর বিশেষজ্ঞরা গুজব, আইনহীনতা ও সামাজিক সহিংসতা ঠেকাতে আইনের শাসন ও সচেতনতা বাড়ানোর আহ্বান জানিয়েছেন।",5.19,0.0,2.6
news-44064408,৯২ বছর বয়সী মাহাথির মোহাম্মদ আবার মালয়েশিয়ার প্রধানমন্ত্রী হতে যাচ্ছেন।,৯২ বছর বয়সে মাহাথির মোহাম্মদ পাকাতান হারাপান জোটের নেতৃত্ব দিয়ে নাজিব রাজাক ও তাঁর দল ইউএমএনওকে পরাজিত করে আবার মালয়েশিয়ার প্রধানমন্ত্রী হতে যাচ্ছেন। তিনি দুই বছর ক্ষমতায় থেকে কারাবন্দী আনোয়ার ইব্রাহিমের কাছে ক্ষমতা হস্তান্তরের পরিকল্পনা করেছেন; একসময় আনোয়ারকে বরখাস্ত করলেও নাজিবের দুর্নীতির প্রতিবাদে মাহাথির বিরোধী জোটে যোগ দেন। ১৯৮১–২০০৩ সালে তাঁর শাসনে মালয়েশিয়ার অর্থনৈতিক উন্নতি হলেও মানবাধিকার লঙ্ঘন ও বিরোধী দমন নিয়ে তিনি বিতর্কিত ছিলেন।,21.05,10.81,21.05
news-39019033,বিশ্বে এখন আলোচিত ব্যক্তি যুক্তরাষ্ট্রের প্রেসিডেন্ট ডোনাল্ড ট্রাম্প। নিজের কাজ এবং কথার জন্য তিনি গণমাধ্যমের আলোচনার কেন্দ্রবিন্দুতেও পরিণত হয়েছেন।,"ইন্টারনেট ব্যবহারকারীরা ফটোশপের মাধ্যমে ডোনাল্ড ট্রাম্পকে অত্যন্ত ক্ষুদ্রাকৃতির করে বিভিন্ন নেতার সঙ্গে তোলা ছবিতে দেখিয়ে ‘টিনি ট্রাম্প’ নামে একটি ব্যঙ্গাত্মক ট্রেন্ড চালু করেছে। রেডিট ও ইনস্টাগ্রামে ছড়িয়ে পড়া এসব ছবিতে ট্রাম্পের উচ্চতা, হাতের আকার ও নির্বাহী আদেশ নিয়ে উপহাস করা হলেও এখন পর্যন্ত ট্রাম্প কোনো প্রতিক্রিয়া জানাননি।",9.09,0.0,6.06
news-44764197,"থাইল্যান্ড থেকে বিবিসির জোনাথন হেড বলছেন, এটা বিস্ময়কর যে রোববার উদ্ধার হওয়া চারজন কিশোরের বাবা-মাকেও হাসপাতালে নেওয়া হয়নি।","থাইল্যান্ডের গুহা থেকে উদ্ধার হওয়া চার কিশোর হাসপাতালে ভালো থাকলেও তাদের পরিচয় ও বাবা-মায়েদের সঙ্গে সাক্ষাৎ সংক্রমণের আশঙ্কায় গোপন রাখা হয়েছে; গভর্নর জানিয়েছেন, তারা প্যাড ক্রাপাও খেতে চেয়েছে। চিকিৎসকদের মতে, দীর্ঘদিন গুহায় থাকার ফলে বাদুড় বা স্যাঁতসেঁতে পরিবেশজনিত ফুসফুসের সংক্রমণ এবং ইঁদুরের প্রস্রাব থেকে জন্ডিস ও লিভারের সমস্যার ঝুঁকি রয়েছে। এদিকে অতিরিক্ত সাংবাদিক, গোপনে ওয়ারলেসে আড়ি পাতা, ভুল সংবাদ ও ড্রোন ব্যবহারের অভিযোগে কর্মকর্তারা বিরক্তি প্রকাশ করেছেন।",11.49,2.35,9.2
news-41416022,শেষ পর্যন্ত দেশের অত্যন্ত প্রভাবশালী ধর্মীয় নেতাদের অগ্রাহ্য করে সৌদি বাদশাহ সালমান তার দেশের নারীদের গাড়ী চালানোর ওপর বিতর্কিত নিষেধাজ্ঞা তোলার সিদ্ধান্ত নিয়েছেন। সামনের বছর থেকে সৌদি নারীরা চালকের আসনে বসতে যাচ্ছেন।,"সৌদি নারীরা ভোটাধিকার, শিক্ষা ও কর্মক্ষেত্রে অগ্রগতি অর্জন করেছেন এবং সাংবাদিকতা, চিকিৎসা, প্রকৌশলসহ বিভিন্ন পেশায় সক্রিয়ভাবে অংশ নিচ্ছেন; তাই পশ্চিমা গণমাধ্যমে তাদের কেবল নিপীড়িত হিসেবে দেখানো একপাক্ষিক বলে অনেকে মনে করেন। তবে পুরুষ অভিভাবকের অনুমতির বাধ্যবাধকতা, কারাগার থেকে মুক্তি ও পরিচয়পত্র পাওয়ার ক্ষেত্রে নির্ভরশীলতা এবং গৃহনির্যাতনের মতো গুরুতর সীমাবদ্ধতা এখনও তাদের স্বাধীনতাকে বাধাগ্রস্ত করছে।",6.98,2.38,4.65
news-45100591,"ইরানকে পারমাণবিক অস্ত্র তৈরি থেকে বিরত রাখতে বারাক ওবামার শাসনামলে যুক্তরাষ্ট্র সহ ছয়টি শক্তিধর দেশের সাথে তেহরানের যে চুক্তি হয়েছিল, তা থেকে মে মাসে বেরিয়ে আসার ঘোষণা দেন ডোনাল্ড ট্রাম্প।","যুক্তরাষ্ট্র ইরানের ওপর নতুন করে কঠোর নিষেধাজ্ঞা আরোপ করে জানিয়েছে, ইরানের সঙ্গে ব্যবসা করা কোনো দেশ যুক্তরাষ্ট্রের সঙ্গে ব্যবসা করতে পারবে না। ব্রিটেন, ফ্রান্স ও জার্মানি নিষেধাজ্ঞার বিরোধিতা করে পারমাণবিক চুক্তি বজায় রাখার কথা বললেও, ইউরোপীয় কোম্পানিগুলোর মধ্যে কেউ কেউ ইতিমধ্যে ইরান থেকে সরে যাচ্ছে। ইরান নিষেধাজ্ঞাকে অগ্রাহ্য করার দাবি করলেও বিশ্লেষকদের মতে, এতে দেশটির অর্থনীতি ও জনঅসন্তোষ আরও খারাপ হতে পারে।",8.7,0.0,6.52
news-55891964,মিয়ানমারের সবচেয়ে ক্ষমতাধর ব্যক্তি জেনারেল মিন অং লাইং-এর সাক্ষাৎকার পাওয়া খুব কঠিন।,"জেনারেল মিন অং লাইং ২০১৫ সালের এক বিরল সাক্ষাৎকারে মিয়ানমারের রাজনীতিতে সামরিক বাহিনীর শক্ত নিয়ন্ত্রণ বজায় রাখার কথা স্পষ্ট করেন এবং প্রয়োজনে প্রেসিডেন্ট হওয়ার সিদ্ধান্ত জনগণের ওপর ছেড়ে দেন। ধীরগতিতে উঠে আসা এই সেনাপ্রধান ২০১১ সালে দায়িত্ব নেওয়ার পর নিজেকে জনপরিচিত ব্যক্তিত্বে রূপ দেন, তবে ২০১৭ সালের রোহিঙ্গাবিরোধী অভিযানের জন্য আন্তর্জাতিকভাবে অভিযুক্ত ও নিষেধাজ্ঞার মুখে পড়েন। সংবিধানে সেনাবাহিনীর প্রভাব ও রাজনৈতিক নিয়ন্ত্রণ কমানোর কোনো ইচ্ছারও তিনি ইঙ্গিত দেননি।",12.35,7.59,9.88
news-44104107,দক্ষিণ পূর্ব এশিয়ার অনেক দেশের মত বিশ্বের বৃহত্তম মুসলিম প্রধান দেশ ইন্দোনেশিয়ায় সাম্প্রতিক সময়ে বেশ কয়েকটি হামলা হয়েছে। প্রায় প্রতিটি ক্ষেত্রেই হামলাকারীরা তথাকথিত ইসলামিক স্টেটের সাথে সম্পৃক্ত বলে জানা গেছে।,"জাকার্তার ২০১৬ সালের হামলার পর আই-এস দক্ষিণ-পূর্ব এশিয়ায় প্রচারণা ও তৎপরতা বাড়ায়; ইন্দোনেশিয়ায় জেএডিসহ প্রায় ৩০টি গোষ্ঠী নিজেদের আই-এস-সংশ্লিষ্ট বলে দাবি করেছে এবং অনলাইন প্রচারণার মাধ্যমে নতুন সদস্যদের উগ্রপন্থায় দীক্ষিত করা হচ্ছে। সুরাবায়ার তিনটি গির্জায় হামলাসহ সাম্প্রতিক হামলাগুলো দেশটির জঙ্গি সহিংসতার পুনরুত্থান দেখালেও, ২০০২ সালের বালি হামলার পর ইন্দোনেশিয়া ব্যাপক গ্রেফতার, অভিযান ও পুনর্বাসন কর্মসূচি চালিয়েছে।",13.33,2.27,11.11
news-49027287,বাংলাদেশের ক্রিকেট দলের কোচ নিয়োগের জন্য আবেদনের সময় বেঁধে দেয়া হয়েছিল ১৮ই জুলাই পর্যন্ত।,"বাংলাদেশের জন্য এমন দীর্ঘমেয়াদি কোচ দরকার, যিনি অপরিণত প্রতিভাবান ক্রিকেটারদের পরিচর্যা করে গড়ে তুলতে পারবেন এবং ব্যাটিং, বোলিং ও ফিল্ডিংয়ে উন্নতি ঘটাবেন। শাহরিয়ার নাফিস টেস্ট ক্রিকেটে বিশেষ গুরুত্ব দেওয়ার কথা বলেছেন, আর নাজমুল আবেদীন ফাহিম মনে করেন, সাংস্কৃতিক পার্থক্য কমাতে দেশীয় কোচ বা সহকারী কোচ থাকলে বেশি সুবিধা হবে।",9.52,0.0,6.35
news-55157270,বাংলাদেশে ধর্মীয় অনুভূতিতে আঘাত দেয়ার অভিযোগে টাঙ্গাইলের বাউল রিতা দেওয়ানসহ তিনজনের বিরুদ্ধে গ্রেপ্তারি পরোয়ানা জারি করেছে বাংলাদেশ সাইবার ক্রাইম ট্রাইব্যুনাল।,"বাউল শিল্পী রিতা দেওয়ানের বিরুদ্ধে পালা গানের আসরে আল্লাহকে নিয়ে অশালীন মন্তব্য করে ধর্মীয় অনুভূতিতে আঘাতের অভিযোগে ডিজিটাল নিরাপত্তা আইনে গ্রেপ্তারি পরোয়ানা জারি হয়েছে; তদন্তে অভিযোগের প্রাথমিক সত্যতা পাওয়ার পর ভিডিও ধারণ ও ইউটিউবে প্রকাশের সঙ্গে জড়িত আরও দুজনের বিরুদ্ধেও পরোয়ানা জারি করা হয়। রিতা দেওয়ান ভুল স্বীকার করে ইউটিউবে ক্ষমা চেয়েছেন এবং আদালতে আত্মসমর্পণের কথা জানিয়েছেন, তবে তিনি ও তার পরিবার হুমকি-হয়রানির শিকার হওয়ায় তার গান ও জীবিকাও বন্ধ হয়ে গেছে।",19.35,6.59,12.9
160721_camera_germany_trip_official,প্রধানমন্ত্রীর কার্যক্রম কাভারেজের জন্য এক সেট (একটি ডিজিটাল ক্যামেরা আর সেই ক্যামেরার কিছু যন্ত্রপাতি) ক্যামেরা আনতে জার্মানি যাচ্ছেন তথ্য মন্ত্রণালয় ও চলচ্চিত্র ও প্রকাশনা অধিদপ্তরের পদস্থ তিন কর্মকর্তা।,"চলচ্চিত্র ও প্রকাশনা অধিদপ্তরের মহাপরিচালকসহ তিন কর্মকর্তা জার্মানিতে একটি উচ্চক্ষমতাসম্পন্ন ডিজিটাল ক্যামেরা ও সরঞ্জামের প্রি-শিপমেন্ট পরিদর্শনে যাচ্ছেন, যার ব্যয় সরবরাহকারী প্রতিষ্ঠান বহন করবে। ক্যামেরাটির মূল দাম প্রায় ৩৫ হাজার ইউরো; কর্মকর্তারা সরঞ্জামের সঠিকতা যাচাই ও ডিজিটাইজেশন সম্পর্কে ধারণা নেওয়ার কথা বললেও, ক্যামেরা-বিষয়ক বিশেষজ্ঞ না হওয়া তিন কর্মকর্তার সফরের যৌক্তিকতা নিয়ে প্রশ্ন উঠেছে।",29.27,12.5,14.63
news-46887973,প্রায় পাঁচ দশক ধরে সংবাদমাধ্যমে গুরুত্বপূর্ণ ভূমিকা পালন করা জ্যেষ্ঠ সাংবাদিক আমানুল্লাহ কবীর বুধবার ভোররাতে মারা গিয়েছেন।,"৭২ বছর বয়সে আমানুল্লাহ কবীর ঢাকার একটি হাসপাতালে লিভার, হৃদ্‌যন্ত্র, কিডনি ও ডায়াবেটিসজনিত জটিলতায় চিকিৎসাধীন অবস্থায় মারা যান; বুধবার ঢাকায় তার জানাজা অনুষ্ঠিত হয়। পাকিস্তান আমলে ‘পিপল’ পত্রিকার মাধ্যমে সাংবাদিকতা শুরু করে তিনি মুক্তিযুদ্ধে অংশ নেন এবং প্রায় পাঁচ দশকে বাংলাদেশের গুরুত্বপূর্ণ সংবাদমাধ্যমে নেতৃত্ব দেন। তিনি দ্য ডেইলি স্টারের প্রথম বার্তা সম্পাদক, বাসসের ব্যবস্থাপনা পরিচালক, আমার দেশের সম্পাদকসহ বিভিন্ন গুরুত্বপূর্ণ পদে কাজ করেন এবং সাংবাদিকদের অধিকার রক্ষায় সক্রিয় ছিলেন।",18.39,4.71,9.2
news-37900520,ভারতের রাজধানী দিল্লি এবং তার আশেপাশে বায়ু দূষণ এবং ঘন ধোঁয়াশা গত এক সপ্তাহ ধরে এক চরম বিপজ্জনক মাত্রায় পৌঁছেছে। সারা শহর জুড়ে বাতাসে দেখা যাচ্ছে ধোঁয়াশার আস্তরণ।,"দীপাবলির পর দিল্লিতে প্রায় সাত দিন ধরে তীব্র বায়ুদূষণে ধোঁয়াশা সৃষ্টি হয়েছে; দৃশ্যমানতা কমে গেছে, চোখ জ্বালা ও শ্বাসকষ্ট বাড়ছে, ফলে স্কুল বন্ধ, ক্রিকেট ম্যাচ বাতিল এবং মানুষকে ঘরে থাকার পরামর্শ দেওয়া হয়েছে। বিশেষজ্ঞদের মতে, আতশবাজি, যানবাহন ও ফসলের অবশিষ্টাংশ পোড়ানোর দূষণের সঙ্গে অ্যান্টি-সাইক্লোনের কারণে বাতাস স্থির থাকায় পরিস্থিতি আরও ভয়াবহ হয়েছে, এবং পিএম ২.৫-এর মাত্রা নিরাপদ সীমার বহু গুণ ছাড়িয়েছে।",8.7,0.0,4.35
news-51431991,চীনফেরত এক শিক্ষার্থীকে রংপুর মেডিকেল কলেজ হাসপাতালে ভর্তির পর সেখানে তোলপাড় চলছে।,চীন থেকে ফেরা এক শিক্ষার্থী শ্বাসকষ্ট ও বুকব্যথা নিয়ে রংপুর মেডিকেল কলেজ হাসপাতালে ভর্তি হলে তাকে করোনা ইউনিটের আইসোলেশন ওয়ার্ডে রাখা হয়। করোনার সাধারণ উপসর্গ না থাকলেও সতর্কতামূলকভাবে আইইডিসিআর তার নমুনা ঢাকায় নিয়ে পরীক্ষা করেছে; ফলাফল না আসা পর্যন্ত উদ্বেগের কারণ নেই বলে চিকিৎসকেরা জানিয়েছেন। শিক্ষার্থীর পরিচয় প্রকাশে আইইডিসিআর রোগীর গোপনীয়তা রক্ষার আহ্বান জানিয়েছে।,15.15,9.38,15.15
news-55975996,যুক্তরাষ্ট্রের প্রেসিডেন্ট জো বাইডেন বলেছেন যে ২০১৫ সালের পরমাণু চুক্তির শর্তগুলো না মানা পর্যন্ত তিনি ইরানের বিরুদ্ধে অর্থনৈতিক নিষেধাজ্ঞা তুলবেন না।,"জো বাইডেন ইরানের ওপর থেকে নিষেধাজ্ঞা প্রত্যাহার না করেই পরমাণু চুক্তিতে ফেরার আলোচনা করতে চান, जबकि ইরানের সর্বোচ্চ নেতা আলী খামেনি বলেছেন, যুক্তরাষ্ট্র আগে সব নিষেধাজ্ঞা তুলে নিলেই তেহরান চুক্তির সব শর্তে ফিরবে। ২০১৮ সালে ট্রাম্প চুক্তি থেকে সরে নিষেধাজ্ঞা পুনর্বহাল করার পর ইরান ইউরেনিয়াম সমৃদ্ধকরণের সীমা লঙ্ঘন করে ২০ শতাংশ পর্যন্ত সমৃদ্ধকরণ চালিয়ে যাচ্ছে। সাক্ষাৎকারে বাইডেন চীনের সঙ্গে সরাসরি সংঘাতের সম্ভাবনা নাকচ করে দেশটির সঙ্গে তীব্র অর্থনৈতিক প্রতিযোগিতার কথা বলেন।",21.74,2.22,13.04
160301_india_army_copying_exam,"ভারতের সেনাবাহিনীতে চাকরি পাওয়ার জন্য অর্ধনগ্ন হয়ে, শুধুমাত্র অন্তর্বাস পড়ে পরীক্ষায় বসতে বাধ্য হয়েছেন এক হাজারেরও বেশী চাকরি প্রার্থী।","মুজাফ্ফরপুরে ভারতীয় সেনাবাহিনীর লিখিত নিয়োগ পরীক্ষায় প্রায় উলঙ্গ হয়ে, শুধু অন্তর্বাস পরে পরীক্ষার্থীদের বসানো নিয়ে বিতর্ক সৃষ্টি হয়েছে। নকল ঠেকাতে দেহতল্লাশি সহজ করার যুক্তি দিলেও এ ধরনের কোনো নিয়ম নেই বলে সেনা কর্মকর্তারা স্বীকার করেছেন; এ বিষয়ে মঙ্গলবার পাটনা হাইকোর্ট সেনা কর্তৃপক্ষের কাছে বিস্তারিত জানতে চেয়েছে।",9.23,0.0,6.15
news-55635705,"""ইরান এখন আল-কায়েদার নতুন ঘাঁটিতে পরিণত হয়েছে"" - মার্কিন পররাষ্ট্রমন্ত্রী মাইক পম্পেওর এমন এক উক্তির পর ইরানের পররাষ্ট্রমন্ত্রীর তীব্র সমালোচনা - ঘটনাটি সংবাদ মাধ্যমে বড় খবর হয়ে উঠেছে।","মার্কিন পররাষ্ট্রমন্ত্রী মাইক পম্পেও অভিযোগ করেছেন, ইরান আল-কায়েদার নেতাদের আশ্রয় ও সুরক্ষা দিয়ে সংগঠনটির কার্যক্রমের নতুন ঘাঁটিতে পরিণত হয়েছে এবং আল-কায়েদার নেতা আবু মুহাম্মদ আল-মাসরি ২০২০ সালের ৭ আগস্ট তেহরানে নিহত হওয়ার বিষয়টি নিশ্চিত করেছেন। ইরান এ অভিযোগকে প্রমাণহীন যুদ্ধোন্মাদসুলভ মিথ্যা বলে প্রত্যাখ্যান করেছে, আর সাবেক মার্কিন গোয়েন্দা কর্মকর্তারাও ইরান-আল-কায়েদা সহযোগিতার দাবি নিয়ে সংশয় প্রকাশ করেছেন। বিশ্লেষকদের ধারণা, বাইডেন প্রশাসনকে ইরানের সঙ্গে পরমাণু চুক্তিতে ফিরতে নিরুৎসাহিত করতেই পম্পেও এ সময় অভিযোগগুলো তুলেছেন।",21.15,11.76,17.31
news-50997027,"যুক্তরাষ্ট্রের প্রেসিডেন্ট ডোনাল্ড ট্রাম্প হুঁশিয়ার করে বলেছেন, তেহরান যদি আমেরিকার নাগরিক কিংবা মার্কিন সম্পদের উপর হামলা চালায় তাহলে তার জবাবে ইরানের ৫২টি লক্ষ্যবস্তুতে পাল্টা হামলা চালানো হবে।","প্রেসিডেন্ট ট্রাম্প ইরানকে আমেরিকানদের ওপর হামলা চালালে দ্রুত ও কঠোর প্রতিশোধের হুঁশিয়ারি দিয়ে জানান, যুক্তরাষ্ট্র ইরানের ৫২টি সাইট লক্ষ্যবস্তু করেছে—যা ১৯৭৯ সালের ৫২ মার্কিন জিম্মির প্রতীক। কাসেম সোলেইমানি হত্যার পর ইরানের প্রতিশোধের হুমকি, বাগদাদে মার্কিন দূতাবাসের কাছে রকেট হামলা এবং একটি মার্কিন সরকারি ওয়েবসাইটে ইরানপন্থী হ্যাকিংয়ের ঘটনায় উত্তেজনা আরও বেড়েছে।",17.95,2.63,15.38
news-40872238,"হিন্দু ধর্মে গরুকে দেবতা হিসাবে দেখা হয়, তাই ভারতের অনেক রাজ্যে গরু জবাই নিষিদ্ধ করা হয়েছে।","গরুর মাংস ও চামড়া বহনের অভিযোগে গো-রক্ষকদের হামলার কারণে ভারতে চামড়া পরিবহন ব্যাহত হচ্ছে, ফলে দেশের বৃহৎ চামড়া শিল্পে উৎপাদন কমে যাচ্ছে, শ্রমিকেরা চাকরি হারানোর আশঙ্কায় পড়ছেন এবং ব্যবসা বিদেশে সরিয়ে নেওয়ার কথা ভাবছেন। গরু জবাই নিষেধাজ্ঞা ও হামলা নিয়ে রাজনৈতিক বিতর্ক তীব্র হলেও সরকার হামলাকারীদের বিরুদ্ধে ব্যবস্থা নেওয়ার আশ্বাস দিয়েছে; একই সঙ্গে গরু-ইস্যু ভারতের ধর্মনিরপেক্ষ ও গণতান্ত্রিক পরিচয় নিয়ে প্রশ্ন তুলছে।",7.5,2.56,5.0
news-52603696,"চীনের গণমাধ্যমগুলোকে দেশটির একজন জ্যেষ্ঠ কর্মকর্তা বলেছেন, করোনাভাইরাস মহামারি একটি বড় পরীক্ষা যা চীনের জনস্বাস্থ্য ব্যবস্থার দুর্বলতাকে প্রকাশ করেছে।","চীনের জাতীয় স্বাস্থ্য কমিশনের পরিচালক লি বিন স্বীকার করেছেন যে করোনাভাইরাস মহামারি দেশটির শাসনব্যবস্থা ও জনস্বাস্থ্য ব্যবস্থার দুর্বলতা প্রকাশ করেছে; তাই রোগ প্রতিরোধ, জনস্বাস্থ্য ও তথ্য সংগ্রহ ব্যবস্থা উন্নত করার উদ্যোগ নেওয়া হবে। উহানে প্রাদুর্ভাব মোকাবিলায় দেরি, তথ্য গোপন ও সেন্সরশিপের অভিযোগে চীন সমালোচিত হলেও উত্তর কোরিয়াকে মহামারি মোকাবিলায় সহায়তার প্রস্তাব দিয়েছে।",22.54,8.7,19.72
news-52076760,চীনের যে উহান শহর থেকে করোনাভাইরাস মহামারির সূচনা হয়েছিল - সেই শহরটি দুই মাসেরও বেশি সময় অবরুদ্ধ রাখার পর আজ আংশিকভাবে খুলে দেওয়া হয়েছে।,"সংক্রমণ কমে যাওয়ায় দুই মাসেরও বেশি সময় পর উহান ধীরে ধীরে খুলতে শুরু করেছে; ট্রেন স্টেশন, পাতাল রেল ও কিছু যানবাহন চালু হলেও আপাতত শহরে প্রবেশের অনুমতি আছে, বাইরে যাওয়ার নয়। কঠোর নিয়ন্ত্রণমূলক পদক্ষেপের ফলে চীনে নতুন সংক্রমণ উল্লেখযোগ্যভাবে কমেছে, তবে উহানে প্রবেশের জন্য সুস্থতার প্রমাণ হিসেবে মোবাইল অ্যাপে সবুজ সংকেত থাকা বাধ্যতামূলক।",15.79,8.11,13.16
news-43689479,বাংলাদেশে চাকরির ক্ষেত্রে কোটা সংস্কারের দাবিতে ঢাকার শাহবাগে বেশ বড় ধরনের বিক্ষোভ হয়েছে। সিভিল সার্ভিস বিসিএস সহ সকল সরকারি চাকরিতে কোটা ব্যবস্থায় নিয়োগের প্রচলিত ব্যবস্থার সংস্কার দাবি করে রোববার শাহবাগে অবস্থান নেয় বিভিন্ন প্রতিষ্ঠানের শত শত শিক্ষার্থী।,"শিক্ষার্থীরা সরকারি চাকরিতে প্রচলিত কোটা ব্যবস্থা বাতিল নয়, যৌক্তিকভাবে সংস্কার করে ১০ শতাংশে নামিয়ে আনা, মেধাতালিকা থেকে শূন্য পদ পূরণ ও সবার জন্য অভিন্ন বয়সসীমাসহ পাঁচ দফা দাবিতে শাহবাগে বিক্ষোভ করেন। তারা দাবি আদায় না হওয়া পর্যন্ত আন্দোলন চালিয়ে যাওয়ার ঘোষণা দিলেও রাতে পুলিশ লাঠিচার্জ ও কাঁদানে গ্যাস ছুড়ে তাদের সরিয়ে দেয়; সরকার meanwhile কোটা পুরোপুরি সংস্কারের পরিকল্পনা নেই বলে জানিয়েছে।",24.49,2.08,12.24
news-54731674,সম্প্রতি বাংলাদেশে একজন বেসামরিক নাগরিকের কাছ থেকে ইসরায়েলের সামরিক বাহিনীর ব্যবহৃত উজি পয়েন্ট টু-টু বোর পিস্তল উদ্ধারের পর থেকে নড়েচড়ে বসেছে প্রশাসন।,"এক বেসামরিক নাগরিকের কাছ থেকে উজি পয়েন্ট টু-টু বোর পিস্তল উদ্ধারের পর পুলিশ সাধারণ মানুষের হাতে এ ধরনের সামরিক ক্ষমতাসম্পন্ন অস্ত্র থাকা নিয়ে উদ্বেগ প্রকাশ করেছে। পুলিশ ও নিরাপত্তা বিশ্লেষকদের মতে, আইনের ফাঁক গলে অস্ত্রটি আমদানি ও বিক্রি হয়েছে; তাই আগ্নেয়াস্ত্র আইন পর্যালোচনা ও সংশোধনের পাশাপাশি অবৈধভাবে থাকা অস্ত্র জব্দের উদ্যোগ নেওয়া হবে।",33.77,26.67,31.17
news-43901842,যুক্তরাজ্যের বিশ্ববিদ্যালয়গুলোর মধ্যে একটি র‍্যাংকিংয়ে বিশ্বখ্যাত অক্সফোর্ড হেরে গেলো আরেক বিশ্বখ্যাত প্রতিষ্ঠান ক্যামব্রিজের কাছে।,"দি কমপ্লিট ইউনিভার্সিটি গাইড ২০১৯ র‍্যাংকিংয়ে ক্যামব্রিজ বিশ্ববিদ্যালয় টানা অষ্টমবারের মতো অক্সফোর্ডকে পেছনে ফেলে শীর্ষে রয়েছে; লন্ডন স্কুল অব ইকনমিকস তৃতীয় এবং ইম্পেরিয়াল কলেজ চতুর্থ। স্ট্যাফোর্ডশায়ার বিশ্ববিদ্যালয় ৭৩তম স্থান থেকে ৩২তম স্থানে উঠে বড় অগ্রগতি করেছে, আর বিশেষজ্ঞরা মনে করেন যুক্তরাজ্যের অন্তত ২০টি বিশ্ববিদ্যালয় বিশ্বমানের হওয়ায় ভবিষ্যতে শীর্ষস্থান নিয়ে প্রতিযোগিতা বাড়বে।",8.96,3.08,5.97
news-48131563,ব্যাপক শক্তি নিয়ে উড়িষ্যা উপকূলের দিকে ধেয়ে যাচ্ছে অতিপ্রবল ঘূর্ণিঝড় ফণী।,"অতিপ্রবল ঘূর্ণিঝড় ফণী শুক্রবার দুপুরে ভারতের উড়িষ্যায় এবং সন্ধ্যায় বাংলাদেশের উপকূলে আঘাত হানতে পারে বলে আবহাওয়া অধিদপ্তর জানিয়েছে। মংলা ও পায়রা বন্দরে ৭ নম্বর, চট্টগ্রামে ৬ নম্বর এবং কক্সবাজারে ৪ নম্বর সংকেত জারি করা হয়েছে; উপকূলবাসীকে নিরাপদ আশ্রয়ে যেতে বলা হয়েছে। নিবন্ধে ১ থেকে ১১ নম্বর সতর্কতা ও বিপদ সংকেতের অর্থ এবং পরিস্থিতি অনুযায়ী ব্যবস্থা নেওয়ার পরামর্শ ব্যাখ্যা করা হয়েছে।",8.45,5.8,8.45
news-40795840,বাংলাদেশে দু'হাজার সাল থেকে সাতটি নতুন রোগ শনাক্ত হয়েছে। যার সবগুলি পশু-পাখি ও কীট-পতঙ্গের মাধ্যমে ছড়ায়।,"বাংলাদেশে নিপা, ডেঙ্গু, চিকুনগুনিয়া, বার্ড ফ্লু, সোয়াইন ফ্লু ও জিকার মতো পশু-পাখি ও কীট-পতঙ্গবাহিত রোগ বাড়ছে; ২০০০ সালের পর দেশে শনাক্ত হওয়া নতুন রোগগুলোর সবই এ ধরনের এবং নিপায় ২৯৮ আক্রান্তের মধ্যে ২০৯ জন মারা গেছে। বিশেষজ্ঞদের মতে জলবায়ু পরিবর্তন, বৈশ্বিক উষ্ণতা, মানুষের ও প্রাণীর ঘনিষ্ঠ সংস্পর্শ এবং বাড়তি যাতায়াত এসব রোগ ছড়ানোর প্রধান কারণ। সচেতনতা ও প্রতিরোধমূলক ব্যবস্থা কিছুটা বাড়লেও ঘনবসতিপূর্ণ বাংলাদেশের জন্য মানুষ, প্রাণী ও রোগবাহকের সংস্পর্শ কমানো এখনো বড় চ্যালেঞ্জ।",17.02,6.52,10.64
39620775,একটি বাছুরের প্রাণ সংহার করার দায়ে ভারতের এক গ্রাম-পঞ্চায়েত এক লোককে আদেশ দিয়েছে নিজের মেয়েকে গরুর মালিকের ছেলের সাথে বিয়ে দিতে।,"মধ্যপ্রদেশের গুনা জেলায় একটি বাছুর মারা যাওয়ার তিন বছরের পুরনো বিবাদ মেটাতে পঞ্চায়েত পাঁচ বছরের মেয়ের সঙ্গে বাছুরের মালিকের আট বছরের ছেলের বিয়ে দেওয়ার সিদ্ধান্ত নিয়েছে। মেয়েটির মা পুলিশের কাছে অভিযোগ করার পর বিষয়টি প্রকাশ্যে আসে; জেলা প্রশাসন তদন্ত করছে, যদিও গ্রামে বিয়ের প্রস্তুতি চলছিল।",20.9,0.0,14.93
news-42223538,বাংলাদেশে শিক্ষার মান নিয়ে সরকারের পরিচালিত এক গবেষণা বলছে প্রাথমিক বিদ্যালয়ের শিক্ষার্থীরা তাদের প্রয়োজনীয় শিক্ষার মাত্র ৪০ শতাংশ স্কুল থেকে পাচ্ছে।,"গবেষণায় দেখা গেছে, সরকারি প্রাথমিক বিদ্যালয়ের পঞ্চম শ্রেণির ৯০ শতাংশ শিক্ষার্থীর গণিত এবং তৃতীয় শ্রেণির ৩৫ শতাংশ শিক্ষার্থীর বাংলা শিক্ষার মান নিম্ন, যা দেশের সামগ্রিক শিক্ষার জন্য উদ্বেগজনক। গবেষক ও শিক্ষকরা এর জন্য কোচিংনির্ভরতা, শিক্ষকস্বল্পতা ও অতিরিক্ত শিক্ষার্থীসংখ্যাকে দায়ী করেছেন; সরকার সমস্যা সমাধান ও গণিতের মানোন্নয়নে উদ্যোগ নেওয়ার কথা জানিয়েছে।",16.9,5.8,8.45
news-43763267,যুক্তরাজ্যের শিক্ষার্থীদের মধ্যে আত্মহত্যার হার সাধারণ জনসংখ্যার তুলনায় বেশি বলে দাবি করেছেন গবেষকরা।,"২০০৭ থেকে ২০১৬ সালের মধ্যে ব্রিটেনে শিক্ষার্থীদের আত্মহত্যার হার ৫৬ শতাংশ বেড়েছে; পুরুষদের হার বেশি হলেও নারী শিক্ষার্থীদের মধ্যে প্রবণতা দ্রুত বাড়ছে। গবেষকেরা উচ্চশিক্ষা ব্যবস্থার পদ্ধতিগত সমস্যা, অর্থনৈতিক মন্দা ও মানসিক স্বাস্থ্য অবনতিকে এর কারণ হিসেবে উল্লেখ করে শিক্ষার্থীদের আগেভাগে সহায়তা, সচেতনতা ও প্রতিরোধমূলক ব্যবস্থা জোরদারের আহ্বান জানিয়েছেন।",16.39,6.78,13.11
news-44451269,বাংলাদেশে পার্বত্য জেলা রাঙামাটির নানিয়ারচর উপজেলায় পাহাড়ে ভূমিধসে ১০ জন নিহত হয়েছে।,"টানা বৃষ্টিতে রাঙামাটির নানিয়ার চরসহ বিভিন্ন এলাকায় প্রায় ২০টি ভূমিধস হয়েছে, কয়েকটি বাড়ি মাটি চাপা পড়লেও আগেই সরিয়ে নেওয়ায় হতাহত হয়নি। ২১টি আশ্রয়কেন্দ্র খোলা হয়েছে, মানুষকে নিরাপদে সরিয়ে নেওয়া হচ্ছে এবং রাঙামাটি-খাগড়াছড়ি সড়কে যান চলাচল বন্ধ রয়েছে; অব্যাহত বৃষ্টিতে আরও ধসের আশঙ্কা করা হচ্ছে।",7.02,0.0,7.02
news-56483534,বাংলাদেশের প্রতিষ্ঠা এবং ১৯৭১ সালের যুদ্ধের ৫০তম বার্ষিকী উপলক্ষে পাকিস্তানের একটি বেসরকারি বিশ্ববিদ্যালয়ের আয়োজিত এক অনলাইন সম্মেলন কিছু মহলের আপত্তির কারণে বাতিল করে দেয়া হয়েছে।,"লাহোর ইউনিভার্সিটি অব ম্যানেজমেন্ট সায়েন্সেসে ১৯৭১ সালের যুদ্ধ, সহিংসতা ও স্মৃতি নিয়ে ২৩–২৭ মার্চের নির্ধারিত সম্মেলনটি “অনিবার্য কারণে” বাতিল করা হয়। আয়োজকদের দাবি, সামাজিক মাধ্যমে সমালোচনা ও বিভিন্ন মহলের চাপের কারণে সম্মেলনটি করা সম্ভব হয়নি; এ ঘটনায় অনেকে পাকিস্তানে মতপ্রকাশ ও একাডেমিক স্বাধীনতার সীমাবদ্ধতা নিয়ে উদ্বেগ প্রকাশ করেন।",13.51,5.56,10.81
news-37897017,আর একদিন পরেই অনুষ্ঠিত হতে যাচ্ছে মার্কিন যুক্তরাষ্ট্রের প্রেসিডেন্ট নির্বাচন। হোয়াইট হাউজে কে আসবেন - হিলারী ক্লিনটন নাকি ডোনাল্ড ট্রাম্প ? পুরো বিশ্বের মতো বাংলাদেশও এ নিয়ে চলছে নানা জল্পনা।,"বাংলাদেশে মার্কিন প্রেসিডেন্ট নির্বাচন নিয়ে ব্যাপক আগ্রহ তৈরি হয়েছে, কারণ এর সম্ভাব্য প্রভাব দেশটির রাজনীতি, অর্থনীতি, অভিবাসন ও যুক্তরাষ্ট্রে রপ্তানির ওপর পড়তে পারে। বিশ্লেষকদের মতে, ট্রাম্পের মুসলিমবিরোধী ও সংরক্ষণবাদী নীতি বাংলাদেশের জন্য উদ্বেগের হলেও, যে-ই প্রেসিডেন্ট হন, মার্কিন পররাষ্ট্রনীতি মূলত দেশটির নিজস্ব স্বার্থ ও ভারতের সঙ্গে সম্পর্কের ভিত্তিতেই পরিচালিত হবে।",10.13,2.6,10.13
46701606,"বাংলাদেশের ফুলবাড়ী কয়লা খনি প্রকল্পের পেছনে রয়েছে যে ব্রিটিশ মাইনিং কোম্পানি, লন্ডনে তাদের বার্ষিক সাধারণ সভার বাইরে পরিবেশবাদীদের বিক্ষোভের সময় তিনজনকে আটক করেছে পুলিশ।","লন্ডনে জিসিএম রিসোর্সেসের শেয়ারহোল্ডার সভার আগে পরিবেশবাদী ও বাংলাদেশি সংগঠনগুলো ফুলবাড়ী কয়লা প্রকল্পের বিরুদ্ধে বিক্ষোভ করে; কয়েকজন গেটে আঠা দিয়ে আটকে পড়েন এবং তিনজনকে পুলিশ আটক করে। বিক্ষোভকারীরা অভিযোগ করেন, প্রকল্পটি স্থানীয় জনগণ ও পরিবেশের জন্য ক্ষতিকর, ২০০৬ সালের চুক্তি লঙ্ঘন করছে এবং জিসিএম মিথ্যা তথ্য দিয়ে বিনিয়োগ সংগ্রহ করছে; তবে কোম্পানির বক্তব্য তাৎক্ষণিকভাবে পাওয়া যায়নি।",20.0,2.56,12.5
news-45246389,বাংলাদেশে পশুর চামড়ার সরকার নির্ধারিত মূল্য কমানোর সিদ্ধান্তের ফলে কওমি মাদ্রাসাগুলোর শিক্ষা কার্যক্রম ক্ষতিগ্রস্ত হবে বলে অভিযোগ করেছে কওমি মাদ্রাসাগুলোর সংগঠন কওমী ফোরাম।,"চামড়ার দাম কমে যাওয়ায় চামড়া বিক্রির আয়ের ওপর নির্ভরশীল কওমি মাদ্রাসাগুলোর পরিচালনা ব্যয় ও শিক্ষার্থীদের ভবিষ্যৎ নিয়ে অনিশ্চয়তা তৈরি হতে পারে বলে কওমি ফোরাম আশঙ্কা করছে; বিশেষ করে দাননির্ভর ক্ষুদ্র মাদ্রাসাগুলো বেশি ক্ষতিগ্রস্ত হবে। ব্যবসায়ীরা বলছেন, আন্তর্জাতিক বাজারে প্রতিযোগিতা ও রপ্তানি সক্ষমতা বজায় রাখতে দাম কমানো হয়েছে, তবে চামড়া পাচার ও ব্যবসায়ী সিন্ডিকেট বন্ধ না হলে এ সিদ্ধান্তের সুফল মিলবে না।",21.43,4.88,14.29
news-47862421,সাবেক স্বামী আবার বিয়ে করার সময় ফেসবুকে সেই স্ত্রীকে 'ঘোড়া' বলে গালি দেওয়ায় এক ব্রিটিশ নারীকে দুবাইয়ে কারাদণ্ড দেওয়া হয়েছে বলে জানা গেছে।,২০১৬ সালে সাবেক স্বামীর পুনর্বিবাহের ছবি নিয়ে ফেসবুকে ফারসি ভাষায় আপত্তিকর মন্তব্য করায় ব্রিটিশ নাগরিক লালেহ শাহরাভেশকে সাবেক স্বামীর শেষকৃত্যে যোগ দিতে দুবাই পৌঁছালে আটক করা হয়। সংযুক্ত আরব আমিরাতের সাইবার অপরাধ আইনে তার দুই বছর পর্যন্ত কারাদণ্ড বা জরিমানা হতে পারে; তিনি জামিনে মুক্ত হলেও পাসপোর্ট জব্দ রয়েছে। তার ১৪ বছর বয়সী মেয়ে মায়ের মুক্তির আবেদন করেছে এবং যুক্তরাজ্যের পররাষ্ট্র মন্ত্রণালয় ও একটি মানবাধিকার সংস্থা তাকে সহায়তা করছে।,8.7,0.0,8.7
news-47591664,নিউজিল্যান্ডের ক্রাইস্টচার্চে দু'টি মসজিদে হামলায় অন্তত ৪৯ জনকে হত্যার ঘটনায় জড়িত থাকার অভিযোগে প্রধান সন্দেহভাজন হিসেবে ব্রেন্টন টারান্টকে শনিবার আদালতে হাজির করা হয়েছে । তার বিরুদ্ধে একটি হত্যাকান্ডের অভিযোগ আনা হয়েছে।,"ক্রাইস্টচার্চের দুটি মসজিদে জুমার নামাজের সময় অস্ট্রেলীয় নাগরিক ব্রেন্টন টারান্টের গুলিতে বহু মানুষ নিহত ও ৪৮ জন আহত হন; নিহতদের মধ্যে ৭১ বছর বয়সী দাউদ নবীর পরিচয় প্রকাশ করা হয়েছে। প্রধান সন্দেহভাজন টারান্টকে আদালতে হাজির করা হয়েছে, আর পুলিশ তার গাড়ি থেকে গোলাবারুদ ও বিস্ফোরক ডিভাইস উদ্ধার করেছে; প্রধানমন্ত্রী জাসিন্ডা আর্ডেন ঘটনাটিকে সন্ত্রাসী হামলা উল্লেখ করে অস্ত্র আইন পরিবর্তনের ঘোষণা দিয়েছেন। হামলার পর দেশজুড়ে মসজিদ বন্ধ ও নিরাপত্তা জোরদার করা হয় এবং বিশ্বনেতারা শোক ও নিন্দা প্রকাশ করেন।",20.18,7.48,16.51
news-46500148,বাংলাদেশে ৩০শে ডিসেম্বরের নির্বাচনকে সামনে রেখে প্রধান দুটো দল তাদের নিজ নিজ জোটের শরিকদের সাথে আসন ভাগাভাগি চুড়ান্ত করেছে।,"৩০ ডিসেম্বরের নির্বাচনকে সামনে রেখে প্রার্থিতা প্রত্যাহারের সময়সীমা শেষ হয়েছে, আসনভিত্তিক প্রার্থী তালিকা চূড়ান্ত এবং সোমবার থেকে প্রচারণা শুরু হচ্ছে; মনোনয়ন নিয়ে অসন্তোষ, বিদ্রোহ ও সহিংসতার পাশাপাশি নির্বাচন কমিশনের আপিলে কিছু প্রার্থী প্রার্থিতা ফিরে পেলেও অনেকের মনোনয়ন বাতিল হয়েছে। আওয়ামী লীগ নেতৃত্বাধীন মহাজোট শরিকদের ৪৫টি আসন দিয়েছে, যার মধ্যে জাতীয় পার্টি ২৯টি, আর বিএনপি নেতৃত্বাধীন জোট শরিকদের ৫৮টি আসন দিয়েছে, যার মধ্যে জামায়াত ২২টিতে ধানের শীষে লড়বে। প্রায় এক দশক পর সব প্রধান দল ক্ষমতাসীন দলের অধীনে নির্বাচনে অংশ নিচ্ছে; বিএনপি ২৪২টি আসনে প্রতিদ্বন্দ্বিতা করছে, তবে কারাবন্দী খালেদা জিয়া নির্বাচন করতে পারছেন না এবং মনোনয়নবঞ্চিত অনেক নেতা স্বতন্ত্র বা অন্য দলের প্রতীকে লড়ছেন।",13.11,5.0,9.84
news-49081638,বাংলাদেশে বিভিন্ন স্থানে গত কয়েকসপ্তাহে বেশ কয়েকটি গণপিটুনির ঘটনায় অন্তত সাত জন নিহত এবং আরো অনেকে আহত হয়েছেন।,"পদ্মা সেতু নির্মাণে মানুষের মাথা লাগবে—এমন গুজবের কারণে দেশে ছেলেধরা আতঙ্ক ছড়িয়ে গত কয়েক সপ্তাহে গণপিটুনিতে অন্তত সাতজন নিহত হয়েছেন; তবে ২০১১–২০১৮ সালেই গণপিটুনিতে প্রায় ৮০০ জনের মৃত্যু ঘটেছে। বিশেষজ্ঞদের মতে, ব্যক্তিগত ও সামাজিক ক্ষোভ, আর্থসামাজিক বৈষম্য, ভয়, সামাজিক ভারসাম্যহীনতা এবং মানুষের মধ্যে সহিংস প্রবৃত্তি এসব ঘটনার পেছনে কাজ করে। পুলিশের নেতিবাচক ভাবমূর্তি, বিচারব্যবস্থার দীর্ঘসূত্রিতা ও আইনের প্রতি অনাস্থার কারণে মানুষ আইন নিজের হাতে তুলে নিতে সাহস পায়।",11.36,0.0,9.09
news-46203196,কয়েক মাসের আলাপ-আলোচনার পর ব্রেক্সিট চুক্তির একটি খসড়ায় সম্মত হয়েছে যুক্তরাজ্য এবং ইউরোপীয় ইউনিয়ন।,"ব্রেক্সিট চুক্তির খসড়া নিয়ে যুক্তরাজ্য ও ইইউর কারিগরি কর্মকর্তারা একমত হলেও, এটি এখনো ব্রিটিশ মন্ত্রীসভা ও পার্লামেন্টের অনুমোদন পায়নি। প্রধানমন্ত্রী টেরিজা মে মন্ত্রীসভার সমর্থন চাইতে বিশেষ বৈঠক ডেকেছেন; খসড়ায় ভবিষ্যৎ সম্পর্ক, উত্তর আয়ারল্যান্ড সীমান্তে তল্লাশি না থাকা এবং নাগরিকদের অধিকার নিয়ে বিধান থাকলেও বিরোধিতা অব্যাহত রয়েছে।",16.39,3.39,13.11
news-42382964,বৈজ্ঞানিক কল্পকাহিনীতে ফ্লাইং সসার বা এ ধরনের অদ্ভুত উড়ন্ত বস্তুর কথা বলা হয় যাতে করে অন্য গ্রহের প্রাণীরা চলাচল করে। কিন্তু বাস্তবে তার অস্তিত্ব আছে কি-না তা নিয়ে সন্দিহান বিজ্ঞানীরা।,"পেন্টাগন ২০০৭ সালে ইউএফও-সদৃশ আকাশযান তদন্তে একটি গোপন কর্মসূচি শুরু করে, যা ২০১২ সালে বন্ধ হওয়ার আগে ২ কোটি ডলারের বেশি ব্যয় হয়। সাবেক সিনেটর হ্যারি রেইডের উদ্যোগে চালু এই প্রকল্পের উদ্দেশ্য ছিল সম্ভাব্য বিদেশি শত্রুদের প্রযুক্তিগত অগ্রগতি নজরদারি করা; এ বিষয়ে সিআইএর গোপন নথিতেও তথ্য রয়েছে।",7.59,0.0,2.53
news-46877838,বাংলাদেশে ৩০ ডিসেম্বরের নির্বাচনের ৫০টি আসনের নির্বাচনী প্রক্রিয়ার ওপর এক পরিবীক্ষণের ফলাফলে ৪৭টিতেই অনিয়মের প্রমাণ পেয়েছে দুর্নীতিবিরোধী সংস্থা ট্রান্সপারেন্সি ইন্টারন্যাশনাল।,"টিআইবি ৫০টি আসন পর্যবেক্ষণ করে নির্বাচনী আচরণবিধি লঙ্ঘন, আগের রাতে ব্যালটে সিল, প্রতিপক্ষের এজেন্ট ও ভোটারদের বাধা, বুথ দখল, জোরপূর্বক ভোট এবং প্রশাসনের পক্ষপাতমূলক ভূমিকার অভিযোগ তুলেছে। সংস্থাটি এসব অনিয়মের বিচার বিভাগীয় তদন্ত দাবি করলেও নির্বাচন কমিশন বলেছে, নির্বাচন আইনসম্মতভাবে হয়েছে এবং অভিযোগ নিষ্পত্তির জন্য বিদ্যমান আইনি কাঠামো রয়েছে।",8.7,0.0,8.7
news-43610420,"বেশিরভাগ মানুষের জন্যে তো বটেই, পর্বতারোহীদের জন্যেও, বিশ্বের সর্বোচ্চ পর্বতে আরোহণ করা এক রোমহর্ষক অভিজ্ঞতা। কারণ এসময় বহু অজানা চ্যালেঞ্জের মুখে পড়তে হয়।",নেপালি পর্বতারোহী কামি রিতা শেরপা ২১ বার এভারেস্ট জয়ের যৌথ রেকর্ড ভেঙে এককভাবে সর্বাধিকবার এভারেস্টজয়ী হওয়ার লক্ষ্যে নতুন অভিযান শুরু করেছেন। ৪৮ বছর বয়সী কামি রিতা ২৯ সদস্যের দলের নেতৃত্ব দিচ্ছেন এবং সফল হলে ২২তমবার শৃঙ্গে উঠে রেকর্ডটি নিজের করে নেবেন; ভবিষ্যতে তাঁর লক্ষ্য ২৫ বার এভারেস্ট আরোহণ।,2.82,0.0,2.82
43207435,"বাংলাদেশে যারা 'গুরুত্বপূর্ণ ব্যক্তি' হিসেবে পরিচিত, তাদের অনেকেরই চিকিৎসা নেবার জন্য থাইল্যান্ড, সিঙ্গাপুর, ইউরোপ কিংবা আমেরিকায় ছুটে যাওয়ার বিষয়টি নতুন কোন বিষয় নয়।","নাগরিক পরিষদ ঢাকায় মানববন্ধন করে রাষ্ট্রের গুরুত্বপূর্ণ ব্যক্তিদের জনগণের করের টাকায় বিদেশে চিকিৎসা নেওয়ার সমালোচনা করেছে এবং দেশে চিকিৎসাব্যবস্থার মান উন্নয়নে তাদের সরকারি হাসপাতালে চিকিৎসা নেওয়ার আহ্বান জানিয়েছে। চিকিৎসা বিশেষজ্ঞদের মতে, প্রায় ৯০ শতাংশ চিকিৎসা বাংলাদেশেই সম্ভব হলেও কিছু উন্নত চিকিৎসার জন্য বিদেশে যাওয়ার প্রয়োজন হতে পারে; বিদেশমুখিতার পেছনে মানসিকতা ও দেশে উন্নত প্রযুক্তির ঘাটতিও ভূমিকা রাখে।",12.5,0.0,12.5
news-54315492,আর্মেনিয়া এবং আজারবাইজানের সশস্ত্র বাহিনীর মধ্যে লড়াই শুরু হয়ে গেছে বিতর্কিত নাগোর্নো-কারাবাখ অঞ্চল নিয়ে। আজারবাইজানের অন্তত একটি হেলিকপ্টার গুলি করে ফেলে দিয়েছে আর্মেনিয়ার বাহিনী।,নাগোর্নো-কারাবাখ অঞ্চল নিয়ে আর্মেনিয়া ও আজারবাইজানের দীর্ঘদিনের বিরোধ নতুন করে সশস্ত্র সংঘাতে রূপ নিয়েছে; দুই দেশই পরস্পরকে প্রথম হামলার জন্য দায়ী করে পাল্টা হামলার দাবি করেছে। উভয় পক্ষ বেসামরিক হতাহতের কথা জানিয়েছে এবং সামরিক ক্ষয়ক্ষতির পরস্পরবিরোধী হিসাব দিয়েছে। আন্তর্জাতিকভাবে আজারবাইজানের অংশ হিসেবে স্বীকৃত হলেও জাতিগত আর্মেনিয়ানদের নিয়ন্ত্রণে থাকা অঞ্চলটির বিরোধ মেটাতে ওএসসিইর মিনস্ক গ্রুপ দীর্ঘদিন ধরে মধ্যস্থতার চেষ্টা করছে।,25.88,7.23,16.47
news-52171715,যুক্তরাজ্যের হাসপাতালগুলোতে স্বাস্থ্যকর্মীদের কাজের পরিবেশ ও সরঞ্জামের শোচনীয় অবস্থা উঠে এসেছে নিবিড় পরিচর্যা বিভাগের একজন চিকিৎসকের বক্তব্যে।,"যুক্তরাজ্যের হাসপাতালগুলোতে করোনাভাইরাসে আক্রান্ত সংকটাপন্ন রোগীর চাপ বাড়লেও চিকিৎসকরা কর্মী, আইসিইউ বেড, ভেন্টিলেটর, অ্যান্টিবায়োটিক ও ব্যক্তিগত সুরক্ষা সরঞ্জামের তীব্র সংকটে কাজ করছেন। পর্যাপ্ত পিপিই না থাকায় অনেকে বিন ব্যাগ, প্লাস্টিক অ্যাপ্রোন ও স্কিইং গগলস ব্যবহার করছেন; বহু স্বাস্থ্যকর্মী সংক্রমিত ও কয়েকজন মারা গেছেন, আর সরকার সরঞ্জাম সরবরাহের সমস্যার কথা স্বীকার করেছে।",11.76,3.03,11.76
news-47227788,বুধবার রাতে জেলা প্রশাসকের পক্ষ থেকে আহমদীয়া সম্প্রদায়ের কাছে লেখা এক চিঠিতে ফেব্রুয়ারির তৃতীয় সপ্তাহে তাদের ধর্মীয় জলসার সরকারি অনুমতি স্থগিত করার সিদ্ধান্ত জানানো হয়েছে।,মঙ্গলবার রাতে আহমদনগরে আহমদীয়া সম্প্রদায়ের বাড়িঘরে হামলা ও অগ্নিসংযোগের চেষ্টার পর পঞ্চগড় জেলা প্রশাসন ২২–২৪ ফেব্রুয়ারির ৬০ বছরের পুরোনো আহমদীয়া জলসা ও মহাসমাবেশের অনুমতি স্থগিত করেছে। একই সময়ে কট্টরপন্থী খতমে নবুয়ত সংগঠন পাল্টা সমাবেশের ডাক দিয়েছিল; আহমদীয়া নেতারা সিদ্ধান্তে ক্ষুব্ধ হলেও তা মেনে নেওয়ার কথা জানিয়ে হামলার বিচার দাবি করেছেন।,18.42,5.41,15.79
news-50717866,"বাংলাদেশের পররাষ্ট্রমন্ত্রী একে আব্দুল মোমেন বলেছেন, রোহিঙ্গা গণহত্যার মামলার শুনানিতে মিয়ানমার যাতে মিথ্যা তথ্য দিতে না পারে, সেটা নিশ্চিত করার জন্য আন্তর্জাতিক আদালতে মামলার বাদী গাম্বিয়াকে সহযোগিতা করার সিদ্ধান্ত নিয়েছে বাংলাদেশ।","রোহিঙ্গা গণহত্যা মামলার তিন দিনের শুনানিতে গাম্বিয়াকে তথ্য-প্রমাণ দিয়ে সহযোগিতা করতে বাংলাদেশের পররাষ্ট্র সচিবের নেতৃত্বে ২০ সদস্যের প্রতিনিধি দল দ্য হেগে গেছে; কানাডা ও নেদারল্যান্ডসও সহযোগিতা করবে। মিয়ানমারের পক্ষে অং সান সু চি আত্মপক্ষ সমর্থন করবেন, আর বাংলাদেশ রোহিঙ্গাদের নির্যাতন ও পালিয়ে আসার প্রমাণ, জাতিসংঘের প্রতিবেদনসহ সংশ্লিষ্ট নথি উপস্থাপন করবে। বাংলাদেশ মনে করছে, এই মামলার মাধ্যমে মিয়ানমারের ওপর আন্তর্জাতিক চাপ বাড়বে এবং রোহিঙ্গা সংকট সমাধানে ইতিবাচক প্রভাব পড়বে।",20.0,0.0,12.0
news-47685392,বাংলাদেশে স্বর্ণ আমদানির জন্য লাইসেন্স পাওয়ার আবেদনপত্র বিতরণ শুরু করেছে বাংলাদেশ ব্যাংক।,"বাংলাদেশে স্বর্ণের চাহিদার অধিকাংশই চোরাই পথে মেটানো হয়, ফলে সরকার শুল্ক থেকে বঞ্চিত হচ্ছে; এ সমস্যা মোকাবিলায় ২০১৮ সালের স্বর্ণ নীতিমালার আওতায় আমদানি লাইসেন্সের আবেদনপত্র বিতরণ শুরু হলেও এখনো কেউ তা সংগ্রহ করেনি। লাইসেন্স পেতে এক কোটি টাকা মূলধনসহ বিভিন্ন শর্ত রয়েছে, আর ব্যবসায়ীরা প্রতিবেশী দেশের সঙ্গে সামঞ্জস্যপূর্ণ ও সহনীয় শুল্ক এবং প্রতিষ্ঠিত ব্যবসায়ীদের অগ্রাধিকার দাবি করেছেন। TIB বাজারে স্বচ্ছতা ও সরকারি নিয়ন্ত্রণ বাড়িয়ে ধাপে ধাপে শুল্ক কমানোর পরামর্শ দিয়েছে।",14.63,5.0,12.2
news-45853084,মায়ের প্রথম মাসিক যে বয়সে হয়েছে তার সাথে ছেলের বয়ঃসন্ধিকাল কবে শুরু হবে তার একটি সম্পর্ক রয়েছে বলে মনে করছেন বিজ্ঞানীরা।,"ডেনমার্কের ১৬ হাজার মা ও শিশুর তথ্য বিশ্লেষণে দেখা গেছে, যেসব মায়ের মাসিক তুলনামূলকভাবে আগে শুরু হয়েছিল, তাদের ছেলেদের বগলের চুল, গলার স্বর পরিবর্তন ও ব্রণ দেখা দেওয়া গড়ে আড়াই মাস আগে শুরু হয়েছে। বিশ্বজুড়ে বয়ঃসন্ধি কিছুটা আগে শুরু হচ্ছে, যার সঙ্গে উন্নত পুষ্টি, পরিবেশ ও অতিরিক্ত ওজনের সম্পর্ক থাকতে পারে। অস্বাভাবিক সময়ে বয়ঃসন্ধি শুরু হওয়ার সঙ্গে পরবর্তী জীবনে স্থূলতা, ডায়াবেটিস, হৃদরোগ ও মানসিক স্বাস্থ্যের ঝুঁকির সম্পর্কও গবেষণায় উঠে এসেছে।",10.99,0.0,10.99
news-53335755,ভারতে গত বিশ বছরে ১২ লাখ মানুষ সাপের কামড়ে মারা গেছে বলে নতুন এক গবেষণার ফলাফলে জানা গেছে।,"গবেষণায় দেখা গেছে, ভারতে সর্পদংশনে সবচেয়ে বেশি মৃত্যু হয় কোবরা, রাসেলস ভাইপার ও ক্রেইটের কামড়ে; ২০০১-২০১৪ সালের ৭০% মৃত্যুই আটটি রাজ্যে ঘটেছে, বিশেষত গ্রামাঞ্চলে ও বর্ষাকালে দ্রুত চিকিৎসার অভাবে। মৃতদের প্রায় অর্ধেকের বয়স ৩০-৬৯ বছর এবং এক-চতুর্থাংশ শিশু; ঝুঁকি কমাতে সচেতনতা, রবারের বুট-গ্লাভস ও টর্চ ব্যবহারের পরামর্শ দেওয়া হয়েছে, আর বিশ্ব স্বাস্থ্য সংস্থা সর্পদংশনকে অগ্রাধিকারপ্রাপ্ত বৈশ্বিক স্বাস্থ্যঝুঁকি হিসেবে চিহ্নিত করেছে।",9.76,0.0,7.32
news-50178109,আওয়ামী লীগের একটি সহযোগী সংগঠন কৃষক লীগের জাতীয় সম্মেলন হবে ঢাকায়। সেই সম্মেলনে যোগ দিতে আসবেন চট্টগ্রাম থেকে প্রায় ১৯০ জন নেতা-কর্মী। সেজন্যে তারা বাংলাদেশ রেলওয়েকে অনুরোধ করেছেন তাদের যেন বিনামূল্যে ৩৮০টি টিকেট দেয়া হয়।,"কৃষক লীগের চট্টগ্রাম উত্তর জেলা কমিটি ঢাকায় জাতীয় সম্মেলনে যোগ দিতে ১৯০ প্রতিনিধি ও পর্যবেক্ষকের জন্য তূর্ণা-নিশীথা এক্সপ্রেসের ৩৮০টি প্রথম শ্রেণির বিনামূল্যের টিকিট চাইলেও রেলওয়ে জানিয়েছে, এমন সুবিধার কোনো বিধান নেই। আবেদনটি ক্ষমতার অপব্যবহার ও অযৌক্তিক বলে সমালোচিত হয়েছে; পরে সংগঠনটি যাত্রীদের কাছ থেকে চাঁদা নিয়ে টিকিট কেনার উদ্যোগ নেয়।",25.29,7.06,18.39
news-43441508,কাঠমান্ডুতে ইউএস বাংলা ফ্লাইট বিধ্বস্ত হয়ে নিহত ২৬ জন বাংলাদেশির মধ্যে ১৪ জনের পরিচয় সনাক্ত করা হয়েছে।,"দুর্ঘটনার পাঁচ দিন পর ফরেনসিক পরীক্ষা ও ময়নাতদন্ত শেষে বাংলাদেশি নিহতদের নাম প্রকাশ করা হয়েছে; স্বজনদের শনাক্তকরণের পর মরদেহ হস্তান্তর করা হবে। পোশাক, আঙুলের ছাপ ও চেহারা দেখে অধিকাংশ মরদেহ শনাক্ত হলেও ১০–১২টি অতিরিক্ত পোড়া মরদেহের পরিচয় নিশ্চিত করতে ডিএনএ পরীক্ষা চলছে। আহত আরও একজনকে ঢাকায় আনা হয়েছে, আর গুরুতর আহত দুজনকে দিল্লি ও সিঙ্গাপুরে পাঠানোর ব্যবস্থা করা হচ্ছে।",7.79,2.67,5.19
news-46339895,ব্রাজিলের আমাজন নদী অববাহিকার রেইনফরেস্ট গত এক দশকে সবচেয়ে বেশি হারে উজাড় হয়েছে বলে সাম্প্রতিক এক তথ্যে জানা গেছে।,"আগস্ট ২০১৭ থেকে জুলাই ২০১৮ পর্যন্ত আমাজন রেইনফরেস্টে প্রায় ৭,৯০০ বর্গমাইল বন ধ্বংস হয়েছে, যা আগের বছরের তুলনায় ১৩.৭ শতাংশ বেশি; অবৈধ ও সংঘবদ্ধভাবে গাছ কাটাকে এর প্রধান কারণ হিসেবে চিহ্নিত করা হয়েছে। প্রেসিডেন্ট জায়ের বোলসোনারোর পরিবেশবিষয়ক নীতির সমালোচনা করে বিশ্লেষকেরা বলছেন, জরিমানা কমানো ও পরিবেশবাদী সংস্থার ক্ষমতা সীমিত করার মতো পদক্ষেপে বন উজাড় বেড়েছে, বিশেষত শস্য উৎপাদনকারী মাতো গ্রসো ও পারা রাজ্যে।",9.52,0.0,7.14
news-56467992,একজন যুবলীগ নেতার ওপর হামলার পরে কয়েকজনের সঙ্গে ধারালো অস্ত্র নিয়ে কুমিল্লা সিটি কর্পোরেশনের একজন কাউন্সিলরের নাচানাচি করার একটি ভিডিও ভাইরাল হয়েছে। হামলার ঘটনায় ওই কাউন্সিলরকে গ্রেপ্তার করেছে পুলিশ।,"কুমিল্লায় মিছিলরত যুবলীগ নেতা রোকনউদ্দিনসহ কয়েকজনের ওপর গাড়ি তুলে হামলার অভিযোগে কাউন্সিলর সাইফুল বিন জলিলসহ আটজনের বিরুদ্ধে মামলা হয়েছে, এবং পুলিশ সাইফুলকে গ্রেপ্তার করেছে। হামলার পর সাইফুলের দেশীয় অস্ত্র হাতে নাচের একটি ভিডিও ছড়ালেও বিবিসি তা স্বাধীনভাবে যাচাই করতে পারেনি; পুলিশ জানিয়েছে, ভিডিওটির বিষয়েও তদন্ত হবে।",32.0,5.48,18.67
news-40975877,পাকিস্তান রাষ্ট্রের জনক মুহাম্মদ আলী জিন্নাহ ১৯৪০ সালে লাহোরে এক বক্তৃতায় ভারতীয় উপমহাদেশে মুসলমানদের জন্য পৃথক রাষ্ট্রের প্রয়োজনীয়তার কথা বলেছিলেন।,"পাকিস্তানের জাতীয় আত্মপরিচয়ের কেন্দ্রে জিন্নাহর দ্বি-জাতি তত্ত্ব, যার ভিত্তিতে হিন্দু ও মুসলমানকে পৃথক জাতি হিসেবে দেখিয়ে রাষ্ট্রটি প্রতিষ্ঠিত হয়; তবে জিন্নাহ পাকিস্তানকে ধর্মতান্ত্রিক নয়, সব নাগরিকের সমঅধিকারভিত্তিক রাষ্ট্র হিসেবে কল্পনা করেছিলেন বলে মত রয়েছে। ১৯৭১ সালে বাংলাদেশের সৃষ্টি, বালুচিস্তানসহ বিভিন্ন গোষ্ঠীর স্বায়ত্তশাসনের দাবি এবং ধর্মীয় সংখ্যালঘুদের অবস্থান দ্বি-জাতি তত্ত্বের সীমাবদ্ধতা নিয়ে প্রশ্ন তুলেছে, যদিও পাকিস্তানের শিক্ষা ও জনজীবনে তত্ত্বটি এখনও দেশটির পরিচয়ের প্রধান ভিত্তি।",6.98,0.0,4.65
news-44833348,ভারতের রাজধানী দিল্লিতে বায়ুদূষণের মাত্রা অসহনীয় পর্যায় অতিক্রম করায় এবিষয়ে কর্তৃপক্ষের দৃষ্টি আকর্ষণ করতে সেখনকার বাসিন্দারা দূষণ বিরোধী নানা ধরণের কার্যক্রম পরিচালনা করছেন।,"দিল্লির বায়ুদূষণ বিপজ্জনকভাবে বেড়ে ডব্লিউএইচওর নিরাপদ সীমার ৩০ গুণে পৌঁছেছে, ফলে বাসিন্দারা বিক্ষোভ, র‍্যালি ও নানা কর্মসূচির মাধ্যমে দূষণবিরোধী আন্দোলন করছেন। তারা নির্মাণকাজে গাছ কাটা বন্ধ, নতুন নগর পরিকল্পনা এবং সরকারি-বেসরকারি সমন্বিত উদ্যোগের দাবি জানাচ্ছেন; দূষণের কারণে নাগরিকদের স্বাস্থ্য ও দিল্লির পর্যটন খাতও ক্ষতিগ্রস্ত হচ্ছে। গাছ কাটায় আদালতের নিষেধাজ্ঞাকে বাসিন্দারা দূষণ মোকাবিলায় আশাব্যঞ্জক পদক্ষেপ হিসেবে দেখছেন।",9.88,2.53,7.41
news-44542582,রাশিয়ার জনসংখ্যা বিশেষজ্ঞরা ১৫ই জুলাই বিশ্বকাপ শেষ হওয়ার পরও আসর সম্পর্কে আগ্রহী থাকবেন।,"গবেষণা ও বিভিন্ন দেশের পরিসংখ্যানে দেখা গেছে, বড় ক্রীড়া প্রতিযোগিতা বা সাফল্যের পর জন্মহার সাময়িকভাবে বাড়তে পারে—জার্মানি, ব্রাজিল, কাতালোনিয়া ও আইসল্যান্ডে এমন নজির রয়েছে। দীর্ঘদিনের জনসংখ্যা হ্রাস, নিম্ন জন্মহার ও উচ্চ মৃত্যুহারে উদ্বিগ্ন রাশিয়া আশা করছে ২০১৮ বিশ্বকাপের সাফল্য দেশটির জন্মহার বৃদ্ধিতে ভূমিকা রাখবে, যদিও এর কার্যকারিতা নিশ্চিত নয়।",3.17,0.0,3.17
news-51102067,বাংলাদেশে সরস্বতী পূজার কারণে ঢাকা সিটি নির্বাচন পেছানোর জন্য আদালতের দাখিল করা রিট খারিজ করে দিয়েছে আদালত।,"সরস্বতী পূজার সঙ্গে ভোটের তারিখ মিলে যাওয়ায় হিন্দু-বৌদ্ধ-খ্রিস্টান ঐক্য পরিষদ ও বিভিন্ন সংগঠন ঢাকা সিটি নির্বাচনের ভোট ৩০ জানুয়ারির পরিবর্তে পিছিয়ে দেওয়ার দাবি জানিয়ে আদালত ও নির্বাচন কমিশনে আবেদন করেছে। নির্বাচন কমিশন জানিয়েছে, সরকারি ক্যালেন্ডার, ২৯ জানুয়ারির ঐচ্ছিক ছুটি, ৩১ জানুয়ারির শুক্রবার এবং ১ ফেব্রুয়ারির এসএসসি পরীক্ষা বিবেচনা করেই ৩০ জানুয়ারি ভোটের তারিখ নির্ধারণ করা হয়েছে, তবে আদালতের নির্দেশনা অনুযায়ী সিদ্ধান্ত নেওয়া হবে।",19.51,5.0,14.63
news-48991739,উজানের পানির কারণে বাংলাদেশের উত্তরে ১৫ টি জেলার বিস্তীর্ণ এলাকা ইতিমধ্যেই পানির নিচে তলিয়ে গেছে। নতুন করে আরো কয়েকটি জেলায় তা ছড়িয়ে পড়তে পারে বলে আশংকা করা হচ্ছে।,"বন্যা পূর্বাভাস ও সতর্কীকরণ কেন্দ্র জানিয়েছে, বাংলাদেশের উত্তরাঞ্চলের অন্তত পাঁচটি জেলায় আগামী কয়েক দিনে বন্যা পরিস্থিতির আরও অবনতি হতে পারে এবং নতুন এলাকাও প্লাবিত হওয়ার আশঙ্কা রয়েছে। দেশের ১৫টি জেলার বিস্তীর্ণ এলাকা পানির নিচে, ৬৮টি পর্যবেক্ষণ পয়েন্টে পানি বাড়ছে এবং ১৪টি নদীর ২৬টি অংশে পানি বিপদসীমার ওপর দিয়ে প্রবাহিত হচ্ছে; উজানের ভারত ও নেপালেও বন্যায় ব্যাপক ক্ষয়ক্ষতি হয়েছে।",25.58,7.14,16.28
news-44291198,"ভারতের উত্তর-পূর্বাঞ্চলীয় রাজ্য আসামে জাতীয় নাগরিক পঞ্জী হালনাগাদ করা নিয়ে অনেক মানুষের মধ্যে আশঙ্কা চলছিল। তার মধ্যেই সেদেশে নাগরিকত্ব আইন সংশোধন করার জন্য যে বিল আনা হয়েছে, তাতে আশঙ্কা, সংশয় আরো বেড়েছে।","সংশোধিত নাগরিকত্ব বিলে বাংলাদেশ, পাকিস্তান ও আফগানিস্তান থেকে ধর্মীয় নির্যাতনের কারণে ভারতে আসা হিন্দুদের নাগরিকত্বের আবেদন করার সুযোগ দেওয়ার প্রস্তাবে আসামে তীব্র বিক্ষোভ চলছে। অসমীয়া সংগঠনগুলো আশঙ্কা করছে এতে জনবিন্যাস বদলে তারা সংখ্যালঘু হয়ে পড়বে এবং ধর্মের ভিত্তিতে নাগরিকত্ব দেওয়া সংবিধানবিরোধী; অন্যদিকে বিজেপির দাবি, নতুন করে কাউকে আনা নয়, ইতিমধ্যে আসা ব্যক্তিদেরই বিবেচনা করা হবে। বিতর্কের মধ্যে বিলটি যৌথ সংসদীয় কমিটিতে পাঠানো হয়েছে, আর সমালোচকেরা বলছেন নাগরিকত্ব দেওয়া সরকারের বিবেচনাধীন থাকায় এটি প্রতারণামূলক ও বিভেদ সৃষ্টিকারী।",14.68,0.0,9.17
news-48932695,"পদ্মা সেতুর নির্মাণ কাজের জন্য মানুষের মাথা লাগবে বলে যে গুজব ছড়িয়ে পড়েছে, তার বিরুদ্ধে সতর্ক করে দিয়েছে সেতু কর্তৃপক্ষ।","পদ্মা সেতু নির্মাণে মানুষের মাথা লাগবে এবং এ কারণে মানুষ অপহৃত হচ্ছে—এমন গুজব সম্পূর্ণ ভিত্তিহীন; আইনশৃঙ্খলা বাহিনীও কোনো অপহরণের খবর পায়নি। বিশেষজ্ঞদের মতে, প্রজন্মান্তরে প্রচলিত কিংবদন্তি, যাচাইহীন কুসংস্কার, তথ্যের ঘাটতি ও রাজনৈতিক স্বার্থ এ ধরনের গুজব ছড়ানোর কারণ, আর প্রকল্প-সংক্রান্ত তথ্য অবাধে প্রকাশ করাই এর প্রতিরোধের উপায়।",17.39,5.97,14.49
news-47174239,বাংলাদেশ থেকে প্রায় হাজার দুয়েক সিভিল সার্ভেন্ট বা আমলা তাদের কেরিয়ারের মাঝপথে প্রশিক্ষণ নিতে ভারতে আসবেন বলে দুই দেশ আজ এক যৌথ বিবৃতিতে ঘোষণা করেছে।,"ভারত ও বাংলাদেশের পঞ্চম যৌথ কনসাল্টেটিভ কমিশনের বৈঠকে বাংলাদেশি কর্মকর্তাদের প্রশিক্ষণ ও সক্ষমতা বৃদ্ধির জন্য একটি সমঝোতাপত্র স্বাক্ষরিত হয়েছে, যার আওতায় প্রথম ধাপে ১,৮০০ মধ্যপর্যায়ের বিসিএস কর্মকর্তা ভারতে প্রশিক্ষণ নেবেন। একই বৈঠকে ভারতের সিবিআই ও বাংলাদেশের দুদকের মধ্যে সমন্বয়, পারস্পরিক সফর এবং প্রশিক্ষণ বাড়ানোর আরেকটি সমঝোতা স্বাক্ষরিত হয়।",8.11,0.0,5.41
news-49663510,"আসামের জাতীয় নাগরিক পঞ্জীতে ১৯ লক্ষ মানুষের নাম বাদ যাওয়ার ফলে তাদের নাগরিকত্ব প্রশ্নের মুখে পড়েছে। তাদের এবার কী হবে - আটক করে ডিটেনশন ক্যাম্পে রাখা হবে, না কি বাংলাদেশে পাঠিয়ে দেয়া হবে, তা নিয়ে সংবাদপত্রে, সামাজিক মাধ্যমে নিয়মিত আলোচনা চলছে ।","আসামে এনআরসিতে নাম না ওঠা বহু মানুষ এবং তাঁদের স্বজনেরা পূর্বপুরুষের পশ্চিমবঙ্গের ভোটার তালিকার নথি ও সার্টিফায়েড কপি সংগ্রহ করতে কলকাতার স্টেট আর্কাইভসে ভিড় করছেন, কারণ এসব নথি বিদেশি ট্রাইব্যুনালে প্রমাণ হিসেবে গ্রহণযোগ্য। পশ্চিমবঙ্গে এখনও এনআরসি চালু না হলেও ভবিষ্যতে তা হতে পারে—এই আশঙ্কায় রাজ্যের বাসিন্দারাও পুরনো নথি খুঁজছেন; ফলে আর্কাইভসের নিয়মিত কাজ ব্যাহত হচ্ছে এবং আপাতত আসাম-সংক্রান্ত আবেদনকেই অগ্রাধিকার দেওয়া হচ্ছে।",9.62,0.0,7.69
news-44206618,"বাংলাদেশের গবেষকরা বলছেন, দেশে এখন প্রায় ৭০ লাখ মাদকসেবী রয়েছে, যাদের বেশিরভাগ তরুণ। এদের মধ্যে ১০ বছর থেকে ৭০ বছরের বৃদ্ধও রয়েছেন।","বাংলাদেশে মাদকাসক্তি বাড়ছে; আচরণ ও মেজাজের পরিবর্তন, ঘুমের অনিয়ম, অতিরিক্ত টাকা চাওয়া, মিথ্যা বলা ও দায়িত্ব এড়ানোর মতো লক্ষণ দেখলে পরিবারকে সতর্ক হতে বলা হয়েছে। মারধর বা অপমান না করে মানসিক চিকিৎসকের পরামর্শ নিতে হবে; আসক্তির মাত্রা অনুযায়ী ওষুধ, ডিটক্স বা কয়েক মাসের রিহ্যাব চিকিৎসা এবং দীর্ঘমেয়াদি ফলোআপ প্রয়োজন। দেশে সরকারি ও বেসরকারি চিকিৎসাকেন্দ্র থাকলেও সেগুলো অপর্যাপ্ত ও মূলত শহরকেন্দ্রিক, তাই চিকিৎসার পাশাপাশি পরিবারের সহমর্মিতা ও পরিবেশ পরিবর্তন জরুরি।",2.2,0.0,2.2
news-49134755,ভারতে অভিবাসন বিষয়ে সর্বশেষ যে শুমারি হয়েছে তাতে দেখা যাচ্ছে উগান্ডা থেকে আসা মানুষের সংখ্যা খুব দ্রুত গতিতে বাড়ছে। এর কারণ কি?,"২০১১ সালের ভারতের আদমশুমারিতে উগান্ডাকে সর্বশেষ বসবাসের স্থান হিসেবে উল্লেখ করা মানুষের সংখ্যা ২০০১ সালের ৬৯৪ থেকে বেড়ে ১ লাখ ৫১ হাজার ৩৬৩ হয়েছে, যার অধিকাংশই নারী এবং উত্তর প্রদেশ-বিহারে বসবাসকারী। তবে অভিবাসন বিশেষজ্ঞ চিনমে থামবে লিঙ্গের অস্বাভাবিক বৈষম্য ও তথ্য সংগ্রহের পদ্ধতির কারণে এ সংখ্যাকে শুমারির ভুল বলে সন্দেহ করছেন; কর্মকর্তারা বিষয়টি যাচাই করছেন।",15.38,2.63,7.69
news-50994048,বাংলাদেশে ২০১৯ সালে সড়ক দুর্ঘটনার সংখ্যা ও দুর্ঘটনায় নিহতের সংখ্যা আগের বছরের চেয়ে বেড়েছে বলে উঠে এসেছে সড়ক নিরাপত্তা পরিস্থিতি নিয়ে করা নিরাপদ সড়ক চাইয়ের বার্ষিক প্রতিবেদনে।,"বাংলাদেশে ২০১৯ সালে সড়ক দুর্ঘটনা ও নিহতের সংখ্যা ২০১৮ সালের তুলনায় বেড়েছে; নিহত বেড়েছে ৭৮৮ জন। নিরাপদ সড়ক চাই-এর মতে, কর্তৃপক্ষের নজরদারির অভাব, মহাসড়কে কম গতির যানবাহন, চালকদের অপর্যাপ্ত প্রশিক্ষণ এবং যানবাহন বৃদ্ধিই দুর্ঘটনা বৃদ্ধির প্রধান কারণ। হাইওয়ে পুলিশ জনবল ও কার্যপরিধির সীমাবদ্ধতার কথা জানালেও প্রযুক্তির ব্যবহার, প্রশিক্ষণ ও কার্যকর নজরদারি বাড়ানোর ওপর জোর দেওয়া হয়েছে।",23.81,12.2,23.81
news-52497711,"বাংলাদেশের কক্সবাজার জেলার টেকনাফে নুতন ধরণের যে ছোট পোকাগুলো দেখা গেছে, সেগুলো পঙ্গপাল কি-না তা খতিয়ে দেখবে কৃষি মন্ত্রণালয়।","টেকনাফে দেখা পঙ্গপালসদৃশ পোকাটি ফসল ও গাছপালা নষ্ট করলেও পরীক্ষাগারে বিশ্লেষণ না হওয়া পর্যন্ত এটিকে প্রকৃত পঙ্গপাল হিসেবে নিশ্চিত করা যাচ্ছে না; তবে স্থানীয় কৃষি কর্মকর্তারা ছড়িয়ে পড়া ঠেকাতে কীটনাশক ব্যবহারের পরামর্শ দিয়েছেন। বিশেষজ্ঞরা সতর্ক করেছেন, এটি যদি বিধ্বংসী পঙ্গপাল হয়, তবে ধান, গম, ভুট্টাসহ বিভিন্ন ফসলের ব্যাপক ক্ষতি হতে পারে, যদিও এর বৈশিষ্ট্য আফ্রিকায় আক্রমণকারী ভয়াবহ পঙ্গপালের মতো নয়।",12.5,0.0,12.5
news-50038357,সিরিয়ার কুর্দিরা বলছে যে সিরিয় সরকার দেশের উত্তরাঞ্চলের সীমান্তে সেনাবাহিনী পাঠিয়ে তাদের কুর্দিদের বিরুদ্ধে তুরস্কের চালানো আগ্রাসন প্রতিহত করার চেষ্টা করবে।,"তুরস্ক উত্তর সিরিয়ায় কুর্দি নেতৃত্বাধীন এসডিএফের বিরুদ্ধে অভিযান চালিয়ে সীমান্তবর্তী এলাকায় অগ্রসর হয়েছে, এতে বহু বেসামরিক মানুষ ও যোদ্ধা নিহত এবং প্রায় ১ লাখ ৬০ হাজার মানুষ বাস্তুচ্যুত হয়েছে। যুক্তরাষ্ট্র সেনা প্রত্যাহার করায় এসডিএফ সিরিয়ার সরকারি বাহিনীর সঙ্গে চুক্তি করেছে, আর আন্তর্জাতিক সম্প্রদায় আইএস বন্দিদের পালিয়ে যাওয়া, কুর্দিদের সম্ভাব্য জাতিগত নিধন ও মানবিক সংকট নিয়ে উদ্বিগ্ন।",7.79,0.0,5.19
news-44055048,এ বছর আগস্ট-সেপ্টেম্বর মাসে বাংলাদেশ ক্রিকেট দলের অস্ট্রেলিয়া সফরটি হচ্ছে না।,ফুটবল মৌসুমের কারণে অস্ট্রেলিয়ার টিভি চ্যানেলগুলো বাংলাদেশ-অস্ট্রেলিয়া সিরিজ সম্প্রচারে অনাগ্রহী হওয়ায় ক্রিকেট অস্ট্রেলিয়া সফরটি বাণিজ্যিকভাবে লাভজনক নয় বলে জানিয়েছে। বাংলাদেশ বিকল্প সময়ের প্রস্তাব দিলেও এখনো কোনো জবাব পায়নি; প্রস্তাবগুলোর একটিতে ২০১৯ বিশ্বকাপের পর অস্ট্রেলিয়ার বাংলাদেশ সফরের কথা ছিল।,15.69,4.08,15.69
news-40077411,বাংলাদেশের কারাগারগুলোতে মোট বন্দীর সংখ্যা প্রায় আটাত্তর হাজার। যদিও ধারণ সংখ্যা মাত্র সাড়ে ছত্রিশ হাজার।,"বাংলাদেশের বিভিন্ন কারাগারে বহু নারী বন্দীর সঙ্গে ছয় বছরের কম বয়সী সন্তানরাও বসবাস করছে; কাশিমপুর নারী কারাগারে ৩১ শিশুর জন্য ডে কেয়ার, শিক্ষা, খেলাধুলা ও প্রাথমিক চিকিৎসার ব্যবস্থা থাকলেও অধিকাংশ কারাগারে এমন সুবিধা নেই। জেল কোড অনুযায়ী ছয় বছর হলে শিশুদের স্বজন বা সরকারি শিশু পরিবারে পাঠানো হয়, তবে কারাগার থেকে বের হওয়ার পর তাদের মানসিক বিকাশ, সামাজিকভাবে খাপ খাওয়ানো ও ভবিষ্যৎ নিয়ে বিশেষ পরিচর্যা ও কাউন্সেলিংয়ের উদ্যোগের ঘাটতি রয়েছে।",4.71,0.0,4.71
news-44624330,বিশ্বের পাঁচটি মুসলিম সংখ্যাগরিষ্ঠ দেশের জনগণের আমেরিকা ভ্রমণের নিষেধাজ্ঞার ব্যাপারে সমর্থন দিয়ে মার্কিন সুপ্রিম কোর্টের সিদ্ধান্তকে স্বাগত জানিয়েছেন মার্কিন প্রেসিডেন্ট ডোনাল্ড ট্রাম্প।,"মার্কিন সুপ্রিম কোর্ট ট্রাম্প প্রশাসনের ভ্রমণ নিষেধাজ্ঞা বহাল রাখায় ইরান, লিবিয়া, সোমালিয়া, সিরিয়া ও ইয়েমেনের অধিকাংশ নাগরিক যুক্তরাষ্ট্রে প্রবেশে বাধার মুখে পড়বে। ট্রাম্প এটিকে জাতীয় নিরাপত্তা, জাতি ও সংবিধানের জন্য “অসাধারণ বিজয়” বলেছেন, তবে শরণার্থী, মানবাধিকার সংগঠন ও সমালোচকেরা একে মুসলমানদের বিরুদ্ধে বৈষম্যমূলক ও নির্বাচনী প্রতিশ্রুতি বাস্তবায়নের পদক্ষেপ হিসেবে নিন্দা করেছেন।",8.22,2.82,8.22
news-42714183,হোয়াইট হাউজের চিকিৎসক বলেছেন প্রেসিডেন্ট ডোনাল্ড ট্রাম্পের বোধশক্তি পরীক্ষা করে তাতে তারা কোন অস্বাভাবিকতা খুঁজে পাননি।,"চিকিৎসক রনি জ্যাকসন জানিয়েছেন, তিন ঘণ্টার শারীরিক পরীক্ষার পর ডোনাল্ড ট্রাম্পের স্বাস্থ্য ও স্নায়বিক অবস্থা চমৎকার এবং তার মেয়াদে তিনি সুস্থ থাকবেন। ট্রাম্পের ফ্রায়েড চিকেন খাওয়া ও ব্যায়াম না করা নিয়ে প্রশ্নের জবাবে চিকিৎসক তার ভালো জেনেটিক্সের কথা বললেও কম চর্বিযুক্ত খাবার ও ব্যায়ামের পরামর্শ দিয়েছেন।",9.68,3.33,9.68
news-49658208,ব্রিটিশ হোম অফিসের ঘোষণা করা নতুন প্রস্তাবনা অনুযায়ী স্নাতক ডিগ্রি অর্জনের পর কর্মসংস্থানের জন্য দুই বছর যুক্তরাজ্যে থাকতে পারবেন বিদেশি শিক্ষার্থীরা।,"যুক্তরাজ্য বিদেশি শিক্ষার্থীদের জন্য নতুন নিয়ম চালু করছে, যার আওতায় স্বীকৃত প্রতিষ্ঠানে স্নাতক বা উচ্চতর ডিগ্রি শেষ করার পর তারা দুই বছর পর্যন্ত কাজ ও ক্যারিয়ার গড়ার সুযোগ পাবেন; এতে কাজের ধরন বা সংখ্যার ওপর বিধিনিষেধ থাকবে না। সরকার ও বিশ্ববিদ্যালয়গুলো সিদ্ধান্তটিকে মেধাবী শিক্ষার্থী আকর্ষণ ও অর্থনীতির জন্য ইতিবাচক বললেও মাইগ্রেশন ওয়াচ আশঙ্কা করছে, এতে অভিবাসন বেড়ে যাবে। একই সময়ে ৫০ লাখ মানুষের জেনেটিক তথ্যভিত্তিক ২০০ মিলিয়ন পাউন্ডের গবেষণা প্রকল্প চালু করে বিশ্বজুড়ে বিজ্ঞানীদের প্রাণঘাতী রোগের চিকিৎসা নিয়ে গবেষণার সুযোগ দেওয়া হয়েছে।",15.53,1.98,11.65
140813_sr_broken_family,বাংলাদেশে একটি বড় অংশের মধ্যে বিবাহ বিচ্ছেদের ঘটনার কোন তথ্য প্রাতিষ্ঠানিকভাবে সংরক্ষণের উদ্যোগ দেখা যায় না।,"বিবাহবিচ্ছেদের ফলে সন্তানদের ওপর তীব্র মানসিক, সামাজিক ও আর্থিক চাপ পড়ে; তারা একাকিত্ব, পড়াশোনায় বিঘ্ন, আত্মনির্যাতন, নির্যাতন ও ভবিষ্যৎ অনিশ্চয়তার শিকার হয়। গবেষকদের মতে, ভেঙে যাওয়া পরিবারের শিশুদের সামাজিকীকরণ ব্যাহত হয়ে তারা মাদকাসক্তি বা অপরাধে জড়িয়ে পড়তে পারে, আর অভিভাবকত্ব নিয়ে বিরোধ তাদের সংকট আরও বাড়ায়। বিচ্ছেদের সুনির্দিষ্ট পরিসংখ্যান না থাকলেও গত এক দশকে এ প্রবণতা বাড়ছে বলে গবেষকদের ধারণা।",5.26,0.0,5.26
news-52873060,অন্তত চল্লিশটি শহরে কারফিউ জারি করা হয়েছে কিন্তু বেশিরভাগ ক্ষেত্রেই কারফিউ ভঙ্গ করা হয়েছে যা ব্যাপক উত্তেজনার জন্ম দিয়েছে।,"জর্জ ফ্লয়েডের মৃত্যুকে কেন্দ্র করে যুক্তরাষ্ট্রের বিভিন্ন শহরে ব্যাপক বিক্ষোভ চলছে; কোথাও তা শান্তিপূর্ণ হলেও ওয়াশিংটন, নিউইয়র্ক, শিকাগো, ফিলাডেলফিয়া ও লস অ্যাঞ্জেলেসে পুলিশের সঙ্গে সংঘর্ষ, অগ্নিসংযোগ, ভাঙচুর ও লুটপাটের ঘটনা ঘটেছে। পুলিশ টিয়ার শেল, মরিচের গুঁড়ো ও ফ্ল্যাশ গ্রেনেড ব্যবহার করে বিক্ষোভকারীদের ছত্রভঙ্গ করেছে, প্রায় ১০০ জনকে আটক করা হয়েছে এবং ফ্লয়েডের মৃত্যুর ঘটনায় এক সাবেক পুলিশ কর্মকর্তার বিরুদ্ধে অভিযোগ আনা হয়েছে।",12.35,2.53,9.88
news-49696031,সেইন্ট পিটার্সবার্গ বিমানবন্দরে বিমান থেকে নেমে প্রেমিকের জন্য অপেক্ষা করছিলেন আনাস্তাসিয়া।,রাশিয়ায় বিয়ের প্রস্তাবকে চমকপ্রদ করতে ভুয়া গ্রেপ্তার বা মাদকবিরোধী অভিযানসহ নানা নাটক সাজিয়ে দেওয়ার একটি বিশেষ সেবা-শিল্প গড়ে উঠেছে। আইনশৃঙ্খলা বাহিনীর সদস্য সের্গেই এমনই এক নাটক সাজিয়ে আনাস্তাসিয়াকে প্রস্তাব দিলে তিনি প্রথমে ভয় পেলেও পরে তা গ্রহণ করেন; তবে এ ধরনের চমক অনেক সময় উল্টো রাগ বা আতঙ্কের কারণও হয়।,0.0,0.0,0.0
news-54863197,"গত চার বছর প্রেসিডেন্ট ট্রাম্পকে আমি দেখেছি তার ভাল এবং খারাপ দিনগুলোতে। কিন্তু ৭ই নভেম্বর, যেদিন তিনি নির্বাচনে হারলেন, সেই দিনটির সাথে গত চার বছরের অন্য কোন দিনের তুলনা হয় না।","ডোনাল্ড ট্রাম্প গল্ফ খেলতে বের হওয়ার সময় আত্মবিশ্বাসী দেখালেও, জো বাইডেনের জয় নিশ্চিত হওয়ার পর হোয়াইট হাউস ও তাঁর সমর্থকদের মধ্যে অস্বস্তি ও বিশৃঙ্খলা দেখা দেয়। ট্রাম্প নির্বাচনে জালিয়াতির কোনো প্রমাণ ছাড়াই ফল প্রত্যাখ্যান করে জয়ের দাবি করতে থাকেন, কিন্তু সমালোচকদের উল্লাসের মধ্য দিয়ে হোয়াইট হাউসে ফেরার সময় তাঁকে আগের তুলনায় অনেকটা নত ও বিমর্ষ দেখায়।",4.6,0.0,2.3
news-53757405,"বাংলাদেশে অনিয়ম, হেফাজতে নিয়ে নির্যাতনসহ নানা অভিযোগে গত ২৪ ঘণ্টায় পুলিশের তিনজন ওসি বা ভারপ্রাপ্ত কর্মকর্তাকে প্রত্যাহার করা হয়েছে।","মেজর সিনহা রাশেদ নিহতের ঘটনার পর নেত্রকোনা, কক্সবাজার ও বরগুনার তিন থানার ওসিকে পৃথক অভিযোগে প্রত্যাহার করা হয়েছে; এর মধ্যে বামনার ওসি ইলিয়াস আলী তালুকদারের বিরুদ্ধে সহকর্মীকে প্রকাশ্যে চড় মারার অভিযোগ তদন্তে প্রমাণিত হয়েছে। মানবাধিকারকর্মীরা মনে করছেন, সিনহা হত্যাকাণ্ডের পর পুলিশের ওপর জনচাপের কারণে এসব ব্যবস্থা নেওয়া হয়েছে, যদিও সাবেক আইজিপি এটিকে নিয়মিত প্রশাসনিক পদক্ষেপ বলেছেন। আইনজীবীরা পুলিশ ও আইনশৃঙ্খলা বাহিনীর বিরুদ্ধে অভিযোগের নিরপেক্ষ তদন্ত এবং অভিযোগকারীদের নিরাপত্তা নিশ্চিত করার দাবি জানিয়েছেন।",13.19,4.49,8.79
news-48151326,"বাংলাদেশের পররাষ্ট্রমন্ত্রী এ কে আব্দুল মোমেন বলছেন, তথাকথিত ইসলামিক স্টেটের জিহাদি বধূ শামীমা বেগম যদি বাংলাদেশে গিয়ে হাজির হয়, তাহলে তার মৃত্যুদণ্ড হবে।","পররাষ্ট্রমন্ত্রী এ কে আব্দুল মোমেন বলেছেন, বাংলাদেশ সন্ত্রাসের ব্যাপারে ‘জিরো টলারেন্স’ নীতিতে বিশ্বাসী এবং শামীমা বেগম দেশে ফিরলে আইন অনুযায়ী সর্বোচ্চ শাস্তি, এমনকি মৃত্যুদণ্ডও হতে পারে। তবে তিনি জানান, শামীমা ব্রিটেনে জন্মগ্রহণ ও বেড়ে ওঠায় বাংলাদেশ তাকে নাগরিক হিসেবে স্বীকার করে না এবং দেশে প্রবেশের অনুমতিও দেওয়া হবে না; তার দায়িত্ব ব্রিটিশ সরকারের।",23.68,13.51,21.05
news-44847084,ইন্দোনেশিয়ার ওয়েস্ট পাপুয়া প্রদেশের একটি গ্রামের ক্ষুব্ধ অধিবাসীরা তিনশোটির মতো কুমিরকে মেরে ফেলেছে। এসব কুমির ছিলো সেখানকার একটি অভয়ারণ্যে।,ইন্দোনেশিয়ার পশ্চিম পাপুয়ায় একটি কুমিরের খামারের কাছে সবজি সংগ্রহের সময় কুমিরের আক্রমণে এক গ্রামবাসী নিহত হওয়ার পর ক্ষুব্ধ কয়েকশো মানুষ খামারটিতে হামলা চালিয়ে ২৯২টি কুমির হত্যা করেছে। সংরক্ষিত প্রাণী হত্যার অভিযোগে হামলাকারীদের বিরুদ্ধে মামলা হতে পারে এবং ইন্দোনেশিয়ার আইনে তাদের জরিমানা বা কারাদণ্ডের শাস্তি হতে পারে।,12.31,0.0,12.31
news-44437068,"বাংলাদেশে রোহিঙ্গা শিবিরগুলিতে ভূমিধসের যে আশংকা ত্রাণকর্মীরা আগে থেকে করছিলেন, সে আশংকাই সত্যি হয়েছে। গত তিন দিনের টানা বৃষ্টিতে টেকনাফের শরণার্থী শিবিরে ভূমিধসে অন্তত পাঁচশো লোক আহত হয়েছে।",কক্সবাজারের টেকনাফ ও উখিয়ার রোহিঙ্গা শিবিরে টানা বৃষ্টি ও পাহাড় কাটার কারণে ভূমিধসে অন্তত ৬০০ ঘর বিধ্বস্ত হয়েছে এবং প্রায় দুই লাখ মানুষ ঝুঁকিতে রয়েছে। অস্থায়ী ও অনিরাপদ বসতিতে থাকা শরণার্থীরা একই সঙ্গে বন্যা ও ভূমিধসের আশঙ্কায় রয়েছেন; তাদের পুনর্বাসনে ভাসানচরে নির্মাণকাজ চললেও স্থানান্তরের সময়সূচি এখনো স্পষ্ট নয়।,18.42,2.7,13.16
news-44918893,পাকিস্তানে আগামী বুধবার সাধারণ নির্বাচন অনুষ্ঠিত হতে যাচ্ছে। আর এই নির্বাচনে প্রার্থীদের প্রচারণায় গুরুত্বপূর্ণ হয়ে উঠেছেন দেশটির অসংখ্য সুফি নেতা বা পীররা। তারা বিভিন্ন প্রার্থীর পক্ষে তাদের সমর্থন ঘোষণা করে তাদের পক্ষে ভক্ত অনুসারীদের ভোট দেয়ার আদেশ দিচ্ছেন।,"পাকিস্তানে পীর ও সুফিসাধকদের আধ্যাত্মিক প্রভাব রাজনীতিতেও ব্যাপক, তাদের সমর্থন অনেক সময় প্রার্থীদের ভোটজয়ে গুরুত্বপূর্ণ ভূমিকা রাখে। সাম্প্রতিক এক সম্মেলনে গোরা শরীফ দরবারের পীরসহ অনেকে ইমরান খানের দলকে সমর্থনের ঘোষণা দেন, কারণ তার অনুসারীদের ওপর পীরদের শক্তিশালী প্রভাব রয়েছে। তবে শিক্ষা, সচেতনতা ও ইন্টারনেট ব্যবহারের বিস্তারে ভবিষ্যতে পীরদের প্রভাব কমে প্রার্থীদের যোগ্যতা বেশি গুরুত্ব পেতে পারে।",14.89,2.17,10.64
news-46047804,"রোহিঙ্গা প্রত্যাবাসনের উদ্দেশ্যে তৈরি জয়েন্ট ওয়ার্কিং গ্রুপের বৈঠকের পর মঙ্গলবার মিয়ানমারের পররাষ্ট্র সচিব জানান, রোহিঙ্গাদের নিরাপদ ও সম্মানজনক প্রত্যাবাসন নিশ্চিত করতে রাখাইনে মিয়ানমার কর্তৃপক্ষ বিভিন্ন ধরণের কার্যক্রম পরিচালনা করছে।","মিয়ানমার কর্তৃপক্ষ নভেম্বরের মাঝামাঝি বাংলাদেশ থেকে প্রথম দফায় প্রায় দুই হাজার রোহিঙ্গাকে প্রত্যাবাসনের পরিকল্পনা জানিয়েছে এবং তাদের আস্থায় নিতে ক্যাম্পগুলোতে প্রচারণা চালাচ্ছে। তবে রোহিঙ্গারা সীমান্ত পার হওয়ার সঙ্গে সঙ্গে নাগরিকত্ব ও জাতিসংঘের নিরাপত্তা চায়, আর বিবিসির অনুসন্ধানে মিয়ানমারের অস্থায়ী ক্যাম্পের সক্ষমতা ও নিরাপদ, সম্মানজনক প্রত্যাবাসনের প্রস্তুতি নিয়ে গুরুতর সংশয় উঠে এসেছে।",17.5,2.56,10.0
news-47384798,ভারত পাকিস্তানের অব্যাহত উত্তেজনার মধ্যে এক বক্তৃতায় ভারতের শুভবুদ্ধির আহবান জানিয়েছেন পাকিস্তানের প্রধানমন্ত্রী ইমরান খান।,"পাকিস্তানের প্রধানমন্ত্রী ইমরান খান ভারত-পাকিস্তানকে পারমাণবিক শক্তিধর দেশ হিসেবে দায়িত্বশীল আচরণ ও ভুল হিসাব এড়ানোর আহ্বান জানিয়েছেন। তিনি ১৪ ফেব্রুয়ারির হামলার তদন্তে সহযোগিতার প্রস্তাব দেওয়ার কথা উল্লেখ করে ভারতের হামলার জবাব হিসেবে দুটি ভারতীয় মিগ বিমান ভূপাতিত ও পাইলটদের আটক করার দাবি করেছেন। ইমরান বলেন, বুধবারের হামলার উদ্দেশ্য প্রাণহানি নয়, পাকিস্তানের সক্ষমতা প্রদর্শন; এ বিষয়ে ভারতের প্রধানমন্ত্রী নরেন্দ্র মোদি তখনও কোনো মন্তব্য করেননি।",20.25,7.79,10.13
news-46947552,জাতীয় পার্টির চেয়ারম্যান এবং সাবেক রাষ্ট্রপতি জেনারেল হুসেইন মুহাম্মদ এরশাদ চিকিৎসার জন্য আবারো সিঙ্গাপুরে গেছেন।,"জাতীয় পার্টির চেয়ারম্যান ও সাবেক রাষ্ট্রপতি হুসেইন মুহাম্মদ এরশাদ বার্ধক্যজনিত দুর্বলতা, হৃদ্‌যন্ত্রের ভালভ, লিভার ও হিমোগ্লোবিন-সংক্রান্ত সমস্যায় চিকিৎসার জন্য দেড় মাসের মধ্যে দ্বিতীয়বার সিঙ্গাপুরে গেছেন। তাঁর ভাই জিএম কাদের জানিয়েছেন, এরশাদ দুর্বল হলেও বাকশক্তি হারানোর খবর সঠিক নয় এবং সিঙ্গাপুরে যাওয়ার পর তাঁর অবস্থা কিছুটা ভালো হয়েছে।",40.62,22.58,37.5
news-43819221,"যুক্তরাজ্যের সুপারমার্কেট আসডা থেকে অনলাইনে মেয়ের জন্য একটি কলা কিনেছিলেন ববি গর্ডন। এরপর তিনি জানতে পারলেন, সেই কলার বিল হয়েছে ৯৩০ পাউন্ড বা বাংলাদেশি টাকায় এক লাখ ১০ হাজার টাকা।","যুক্তরাজ্যের আসডা সুপারমার্কেটে একটি কলার জন্য ববি গর্ডনের ক্রেডিট কার্ডে ভুল করে ৯৩০ পাউন্ড চার্জ করা হয়, যেখানে কলাটির স্বাভাবিক দাম প্রায় ১১ পেন্স। ব্যাংকের প্রতারণা শনাক্তকরণ ব্যবস্থা লেনদেনটি আটকে দেয় এবং আসডা কম্পিউটার ত্রুটির জন্য ক্ষমা চেয়ে ভবিষ্যতে এমন ভুল প্রতিরোধের ব্যবস্থা নেওয়ার কথা জানায়।",21.05,2.7,15.79
news-54693314,"ভারত ও আমেরিকার পররাষ্ট্র ও প্রতিরক্ষামন্ত্রীদের যে 'টু প্লাস টু' ডায়ালগ চলছে, তার তৃতীয় রাউন্ডের বৈঠকে অংশ নিতে মার্কিন পররাষ্ট্রমন্ত্রী মাইক পম্পেও এবং প্রতিরক্ষামন্ত্রী মার্ক এসপার সোমবার দিল্লিতে এসে পৌঁছেছেন।","ওয়াশিংটনে ভারত-মার্কিন ‘টু প্লাস টু’ সংলাপে গোপনীয় স্যাটেলাইট ও সেন্সর তথ্য আদানপ্রদানের জন্য গুরুত্বপূর্ণ ‘বেকা’ চুক্তি স্বাক্ষরের সম্ভাবনা রয়েছে, যার মূল লক্ষ্য চীনের ক্রমবর্ধমান প্রভাব মোকাবিলা ও মুক্ত ইন্দো-প্যাসিফিক নিশ্চিত করা। মার্কিন নির্বাচনের ঠিক আগে চুক্তি হওয়ায় এর ভবিষ্যৎ নিয়ে প্রশ্ন উঠলেও বিশ্লেষকদের মতে, এটি সামরিক ও কৌশলগত হওয়ায় প্রশাসন বদলালেও চুক্তি বহাল থাকার সম্ভাবনাই বেশি।",15.91,4.65,11.36
news-51478617,বাংলাদেশের সেন্টমার্টিনে রোহিঙ্গা বোঝাই ট্রলার ডুবে যাওয়ার ঘটনায় নৌবাহিনীর উদ্ধারকারীরা এখন জীবিত কাউকে পাওয়ার আশা ছেড়ে দিয়েছেন।,"সেন্টমার্টিনে মালয়েশিয়াগামী ট্রলারডুবির ঘটনায় ৭৩ জন জীবিত উদ্ধার হলেও প্রায় ৫০ জন এখনও নিখোঁজ, আর উদ্ধারকারীরা তাদের জীবিত পাওয়ার আশা ক্ষীণ বলে মৃতদেহ উদ্ধারে অভিযান চালাচ্ছেন; এ পর্যন্ত ১৫ জনের মৃতদেহ উদ্ধার হয়েছে, যাদের অধিকাংশ রোহিঙ্গা নারী ও শিশু। মানব পাচারের অভিযোগে পুলিশ আটজন সন্দেহভাজনকে আটক করে ১৯ জনের বিরুদ্ধে মামলা করেছে এবং পাচারচক্রের বিভিন্ন স্তর শনাক্ত করেছে।",18.67,2.74,16.0
news-48189060,আল-কায়েদার প্রতিষ্ঠাতা ওসামা বিন লাদেন আট বছর আগে পাকিস্তানের অ্যাবোটাবাদ শহরে মার্কিন বাহিনীর হাতে প্রাণ হারান।,"ওসামা বিন লাদেনের মৃত্যুর পর আল-কায়েদার কেন্দ্রীয় শক্তি কমলেও সংগঠনটি গোপনে পুনর্গঠিত হয়ে আফ্রিকা, মধ্যপ্রাচ্য ও দক্ষিণ এশিয়ায় সহযোগী গোষ্ঠীর নেটওয়ার্ক বিস্তার করেছে। স্থানীয় জনগণের সমর্থন পেতে সামাজিক উন্নয়ন ও দুর্নীতিবিরোধী কর্মকাণ্ডে জোর দেওয়ার পাশাপাশি ২০১৮ সালে এসব শাখার মাধ্যমে ৩১৬টি হামলা চালায়, ফলে বিশ্বনিরাপত্তার জন্য এটি এখনও বড় হুমকি। আইমান আল-জাওয়াহিরির পর ওসামার ছেলে হামজা বিন লাদেনকে সম্ভাব্য ভবিষ্যৎ নেতা হিসেবে দেখা হচ্ছে।",9.64,4.94,7.23
news-56763449,"বাংলাদেশে বিরোধীদল বিএনপি অভিযোগ করেছে, হেফাজতের কর্মসূচিতে সহিংসতার ইস্যুকে কেন্দ্র করে সরকার এখন বিএনপিসহ বিরোধী রাজনৈতিক দলগুলোকে দমনে ক্র্যাকডাউনে নেমেছে।","হেফাজতে ইসলামের কর্মসূচিকে কেন্দ্র করে ব্রাহ্মণবাড়িয়া, হাটহাজারী ও ঢাকায় সহিংসতার পর পুলিশ গ্রেপ্তার অভিযান চালাচ্ছে। বিএনপি অভিযোগ করেছে, লকডাউনের সুযোগ নিয়ে তাদের ১৭৯ নেতাকর্মীকে গ্রেপ্তার করে সরকার বিরোধী দল দমন করছে; সরকার ও আওয়ামী লীগ তা অস্বীকার করে বলেছে, ভিডিও ফুটেজের ভিত্তিতে সহিংসতা ও নাশকতায় জড়িতদেরই গ্রেপ্তার করা হচ্ছে।",23.19,11.94,17.39
news-47626529,ভারতের নির্বাচন ঘোষণা হওয়ার বেশ কয়েক মাস আগে থেকেই বিজেপি বিরোধী দলগুলি ঐক্যবদ্ধ হয়ে ভোটে লড়ার প্রচেষ্টা শুরু করেছিল।,"প্রিয়াঙ্কা গান্ধীর রাজনীতিতে আগমন ও কংগ্রেসের সাম্প্রতিক জয়ে দলটি আঞ্চলিক দলগুলোর কাছে বেশি আসন দাবি করছে, ফলে উত্তরপ্রদেশ, বিহার ও পশ্চিমবঙ্গে বিরোধী জোট গড়ে ওঠেনি। বিশ্লেষকদের মতে, কংগ্রেসের উত্থানে আঞ্চলিক দলগুলোর দুর্বল হয়ে পড়ার আশঙ্কাই এই অনৈক্যের মূল কারণ; এতে বিরোধী ভোট বিভক্ত হয়ে বিজেপি কিছুটা সুবিধা পেতে পারে।",8.82,0.0,5.88
news-47760846,তিন সপ্তাহ আগে ইথিওপিয়ান এয়ারলাইন্সের যে বিমানটি বিধ্বস্ত হয়ে দেড়শোজনেরও বেশি মানুষ মারা গেছে তার শেষ মুহূর্তের বিস্তারিত তথ্য ধীরে ধীরে বেরিয়ে আসতে শুরু করেছে।,"ইথিওপিয়ান এয়ারলাইন্সের বোয়িং ৭৩৭ ম্যাক্স উড্ডয়নের ছয় মিনিট পর বিধ্বস্ত হয়ে ১৫৭ জনের মৃত্যু হয়; প্রাথমিক তথ্যে বিমানের এন্টি-স্টলিং বা এমসিএএস স্বয়ংক্রিয়ভাবে চালু হয়ে নাক নিচের দিকে ঠেলে দেওয়াকে সম্ভাব্য কারণ হিসেবে দেখা হচ্ছে। আগের লায়ন এয়ার দুর্ঘটনার সঙ্গেও এর স্পষ্ট মিল পাওয়া গেছে, আর তদন্ত চলাকালে বিশ্বজুড়ে বোয়িং ৭৩৭ ম্যাক্সের উড্ডয়ন স্থগিত করা হয়েছে।",12.35,5.06,12.35
news-44598319,মঙ্গলবার নাইজেরিয়ার বিপক্ষে ম্যাচের আগে ডিয়েগো ম্যারাডোনা আর্জেন্টিনার খেলোয়াড়দের সাথে দেখা করার জন্য অনুরোধ জানিয়েছেন।,ক্রোয়েশিয়ার কাছে ৩-০ গোলে হেরে দ্বিতীয় রাউন্ডে যেতে নাইজেরিয়ার বিপক্ষে আর্জেন্টিনার জয় অপরিহার্য হয়ে পড়েছে। ক্ষুব্ধ দিয়েগো ম্যারাডোনা কোচ ইয়র্গে সাম্পাওলিকে নিয়োগ দেওয়ায় এএফএ সভাপতি ক্লদিও তাপিয়ার সমালোচনা করেছেন এবং খেলোয়াড়দের সঙ্গে দেখা করতে চান। তবে মিডফিল্ডার হ্যাভিয়ের মাশ্চেরানো কোচ ও খেলোয়াড়দের মধ্যে বিরোধ বা বিদ্রোহের কথা অস্বীকার করেছেন।,18.46,3.17,15.38
news-51733912,করোনাভাইরাসের কারণে ভারত নির্দিষ্ট কিছু ঔষধ রপ্তানি বন্ধ করে দেয়ার ঘোষণা দেয়ায় বিশ্বে জরুরি ঔষধের সঙ্কট হওয়ার আশঙ্কা তৈরি হয়েছে।,"করোনাভাইরাসের কারণে চীনে ঔষধের উপাদান উৎপাদন কমে যাওয়ায় ভারত প্যারাসিটামলসহ ২৬ ধরনের ঔষধ ও উপাদান রপ্তানি বন্ধ করেছে, যা দেশটির ঔষধ রপ্তানির প্রায় ১০ শতাংশ। এতে বিশ্বজুড়ে ঔষধের ঘাটতি ও দাম বৃদ্ধির আশঙ্কা তৈরি হলেও ভারত সরকার জানিয়েছে, তাদের তিন মাসের মজুদ রয়েছে; যুক্তরাষ্ট্রও সম্ভাব্য প্রভাব যাচাই করছে।",26.47,9.09,26.47
news-55664946,ঢাকাসহ বাংলাদেশের বিভিন্ন স্থান থেকে গত ৬ বছরে ২১০ জন নবজাতককে পরিত্যক্ত ও মৃত অবস্থায় উদ্ধার করা হয়েছে বলে এক হিসাব দিয়েছে বাংলাদেশ শিশু অধিকার ফোরাম।,"বাংলাদেশে পরিত্যক্ত অবস্থায় নবজাতক উদ্ধার ও মৃত্যুর ঘটনা উদ্বেগজনকভাবে বাড়ছে; গত বছরের ডিসেম্বরের প্রথম ১০ দিনেই ২০টি নবজাতকের মরদেহ উদ্ধার হলেও কোনো ঘটনার সুরাহা হয়নি। বিয়েবহির্ভূত সম্পর্ক, ধর্ষণ, বিবাহবিচ্ছেদ, কন্যাশিশু অনাকাঙ্ক্ষিত হওয়া ও সামাজিক stigma এর প্রধান কারণ হিসেবে চিহ্নিত হয়েছে; তদন্ত জোরদার, জাতীয় ডিএনএ ডাটাবেজ এবং নিরাপদে শিশু হস্তান্তরের ব্যবস্থা করার আহ্বান জানিয়েছেন বিশেষজ্ঞরা।",17.28,0.0,12.35
news-39398222,"বাংলাদেশের উত্তর-পূর্বাঞ্চলীয় জেলা সিলেটে যে বোমা বিস্ফোরণে পুলিশের দুজন কর্মকর্তাসহ ছয়জন নিহত হয়েছেন, সেটি আগে থেকে পেতে রাখা ছিল বলে বিবিসিকে জানিয়েছেন স্বরাষ্ট্রমন্ত্রী আসাদুজ্জামান খান।","সিলেটে আতিয়া মহল ঘিরে নিরাপত্তা অভিযানের সময় কাছাকাছি বিস্ফোরণে দুই পুলিশ কর্মকর্তা ও চারজন সাধারণ মানুষ নিহত এবং বহুজন আহত হন; র‍্যাবের গোয়েন্দা প্রধান লেফটেন্যান্ট কর্ণেল আবুল কালাম আজাদ গুরুতর আহত হন। স্বরাষ্ট্রমন্ত্রী আসাদুজ্জামান খান বলেন, এটি লক্ষ্য করে চালানো হামলা নয় এবং বিস্ফোরণের কারণ তদন্তের পর নিশ্চিত হওয়া যাবে, যদিও আইএস হামলার দায় স্বীকার করেছে।",14.46,4.94,14.46
news-38036814,"মিয়ানমারের রোহিঙ্গা মুসলমান সমর্থিত রোহিঙ্গা ভিশন নামে একটি ওয়েবসাইটে পোস্ট করা একটি ভিডিওচিত্রে, কিছু আগুনে পোড়া মৃতদেহ এবং এগুলোকে ঘিরে তাদের স্বজনদের আর্তনাদ করতে দেখা গেছে।","ভিডিওতে দাবি করা হয়েছে, মংডুর উত্তরাঞ্চলের একটি গ্রামে ১৩ নভেম্বর মিয়ানমার সেনাবাহিনী অন্তত ৯ জনকে জীবন্ত পুড়িয়ে হত্যা করেছে এবং আরও ৯০ জন নিখোঁজ রয়েছেন; তবে ভিডিওটির সত্যতা স্বাধীনভাবে যাচাই করা সম্ভব হয়নি। রাখাইনে সেনা অভিযানের পর রোহিঙ্গাদের হত্যা, ধর্ষণ, অগ্নিসংযোগ ও লুটপাটের ব্যাপক অভিযোগ থাকলেও সেনাবাহিনী তা অস্বীকার করেছে, আর সাংবাদিক ও মানবাধিকার সংস্থার প্রবেশে নিষেধাজ্ঞার কারণে প্রকৃত পরিস্থিতি নির্ধারণ কঠিন।",6.82,0.0,6.82
news-48419118,মূলত সরকারি চাকরিতে কোটা সংস্কার আন্দোলনের জের ধরেই আলোচনায় এসেছিল সাধারণ ছাত্র অধিকার সংরক্ষণ পরিষদ ও এর নেতারা।,"কোটা সংস্কার আন্দোলনের নেতা ও ডাকসুর ভিপি নুরুল হক নূর ব্রাহ্মণবাড়িয়া ও বগুড়ায় হামলার শিকার হয়ে এসব ঘটনার জন্য ছাত্রলীগের ক্ষোভ ও আশঙ্কাকে দায়ী করেছেন। তিনি দাবি করেন, কোটা আন্দোলন, ডাকসু নির্বাচনে ছাত্রলীগের পরাজয় এবং দেশজুড়ে তাঁর সংগঠনের জনপ্রিয়তার কারণে তাঁকে বারবার হামলা করা হচ্ছে। তবে ছাত্রলীগের সাধারণ সম্পাদক গোলাম রাব্বানী সংগঠনের সম্পৃক্ততা অস্বীকার করে বগুড়ার ঘটনা তদন্তের আশ্বাস দিয়েছেন।",12.82,5.26,10.26
news-48419117,ঢাকার মালিবাগে পুলিশের একটি গাড়ির কাছে বিস্ফোরণের ঘটনার দায় স্বীকার করেছে কথিত ইসলামিক স্টেট বা আইএস।,"রোববার রাতে ঢাকার মালিবাগ মোড়ে পুলিশের একটি গাড়ির কাছে বিস্ফোরণে এক নারী ট্রাফিক এএসআই ও এক রিকশাচালক আহত হন এবং গাড়িটিতে আগুন ধরে যায়। যুক্তরাষ্ট্রভিত্তিক সাইট ইন্টেলিজেন্সের দাবি, ইসলামিক স্টেট (আইএস) হামলার দায় স্বীকার করেছে; এর আগে ২৯ এপ্রিল গুলিস্তানে পুলিশের ওপর ককটেল হামলার দায়ও আইএস স্বীকার করেছিল।",34.38,19.35,28.12
news-51858495,"করোনাভাইরাসে আক্রান্ত দেশগুলো থেকে বাংলাদেশি যারা এপর্যন্ত দেশটিতে এসেছেন, তাদের বিশাল অংশই পর্যবেক্ষণের বাইরে রয়ে গেছে।","গত দুই মাসে বিদেশ থেকে প্রায় সাড়ে পাঁচ লাখ বাংলাদেশি দেশে ফিরলেও অধিকাংশই বিমানবন্দরে যথাযথ পরীক্ষা ছাড়াই প্রবেশ করেছেন; মাত্র প্রায় ২০০ জনকে ২০ জেলায় হোম কোয়ারেন্টিনে রাখা হয়েছে। ফলে বিদেশফেরতদের অনেকেই আত্মীয়স্বজন ও জনসমাগমের সংস্পর্শে থাকায় সংক্রমণ ছড়ানোর আশঙ্কা ও উদ্বেগ তৈরি হয়েছে, আর সরকার নিজ উদ্যোগে কোয়ারেন্টিনের পরামর্শ দিলেও এর কার্যকারিতা নিয়ে প্রশ্ন রয়েছে। বাংলাদেশে শনাক্ত তিনজন আক্রান্তের মধ্যে দুজন সুস্থ হয়ে উঠেছেন।",4.94,0.0,4.94
news-46606685,"হাকিমপুর, ঘোড়াঘাট, নবাবগঞ্জ , বিরামপুর-ছোট ছোট এই চারটি উপজেলা নিয়ে দিনাজপুর-৬ আসন।","হিলি স্থলবন্দর থেকে বিপুল রাজস্ব এলেও এলাকায় শিল্প, স্বাস্থ্যসেবা ও যোগাযোগ অবকাঠামোর উন্নয়ন না হওয়ায় স্থানীয়দের মধ্যে ক্ষোভ রয়েছে। জামায়াতের নিবন্ধন বাতিল হওয়ায় তাদের নেতা বিএনপির ধানের শীষ প্রতীকে নির্বাচন করছেন, ফলে বিএনপি-জামায়াতের ভোট একত্র হয়েছে; বিপরীতে আওয়ামী লীগ অভ্যন্তরীণ কোন্দলে দুর্বল অবস্থায় রয়েছে। সুষ্ঠু নির্বাচন হলে উন্নয়ন ইস্যু ও ভোটের সমীকরণে ফল বড় ব্যবধানে নির্ধারিত হতে পারে।",0.0,0.0,0.0
news-48848572,হংকং এ জুন মাস থেকেই শান্তিপূর্ণ বিক্ষোভ চলছে। এই বিক্ষোভের কারণে বিতর্কিত এক প্রত্যর্পণ বিল অনির্দিষ্টকালের জন্য স্থগিত করেছে সরকার। দেশটির সরকারের এই উদ্যোগ চীনের কাছে হংকং এর ভিন্নমতাবলম্বীদের সম্পর্কে ভিন্ন বার্তা পাঠাতে পারে।,"জুন থেকে চলা হংকংয়ের শান্তিপূর্ণ বিক্ষোভে সোমবার কয়েকশ তরুণ পার্লামেন্ট ভবনে ঢুকে ভাঙচুর ও দেয়ালে স্লোগান লেখে, যদিও আন্দোলনটি সামগ্রিকভাবে এখনও শান্তিপূর্ণ। এরিকা চেনোয়েতের ১৯০০–২০০৬ সালের ৩২৩টি আন্দোলন বিশ্লেষণ অনুযায়ী, অহিংস আন্দোলন সহিংস আন্দোলনের তুলনায় দ্বিগুণের বেশি সফল এবং ৫৩% ক্ষেত্রে রাজনৈতিক পরিবর্তন আনতে পেরেছে; তবে ৪৭% অহিংস আন্দোলন ব্যর্থও হয়েছে। অহিংস আন্দোলনে ব্যাপক জনসম্পৃক্ততা, নিরাপত্তাবাহিনীর সহানুভূতি এবং আলোচনার সুযোগ থাকায় তা তুলনামূলকভাবে বেশি কার্যকর বলে মনে করা হয়।",3.85,0.0,3.85
news-43054225,"১৪ই ফেব্রুয়ারি ভ্যালেন্টাইন'স ডে হিসাবে সারা বিশ্বে পরিচিত হলেও, বাংলাদেশের ইতিহাসে বিশেষভাবে গুরুত্বপূর্ণ ১৯৮৩ সালের ১৪ই ফেব্রুয়ারি। অনেকে এই দিনটিকে পালন করেন 'স্বৈরাচার প্রতিরোধ দিবস' হিসাবে।",১৯৮২ সালে এরশাদ সরকারের বিতর্কিত শিক্ষানীতির বিরুদ্ধে শুরু হওয়া ছাত্র আন্দোলন ১৯৮৩ সালের ১৪ ফেব্রুয়ারি পুলিশের গুলিতে বহু হতাহতের পর স্বৈরাচারবিরোধী গণআন্দোলনে রূপ নেয়। নিহত ও নিখোঁজের সংখ্যা নিয়ে ভিন্ন দাবি থাকলেও জয়নালসহ কয়েকজনের মৃত্যুর পর ব্যাপক ধরপাকড় ও নির্যাতন চলে; পরে সরকার শিক্ষানীতিটি স্থগিত করে।,8.22,2.82,8.22
news-42887190,ফ্যাশন নাকি চক্রাকারে ঘুরে ফিরে আসে। লুঙ্গির ভাগ্যে কি সেটাই ঘটতে যাচ্ছে?,"জারা “চেক মিনি স্কার্ট” নামে যে পোশাক বাজারে এনেছে, তা দেখতে দক্ষিণ ও দক্ষিণ-পূর্ব এশিয়ার প্রচলিত লুঙ্গির মতো হওয়ায় সামাজিক যোগাযোগমাধ্যমে তীব্র বিতর্ক সৃষ্টি হয়েছে। অনেকে অভিযোগ করছেন, সাংস্কৃতিক ঐতিহ্যের পোশাককে আসল পরিচয় না দিয়ে ৬৯ পাউন্ডে বিক্রি করা অনৈতিক ও মুনাফালোভী।",3.64,0.0,3.64
news-55960613,ফেসবুকের পর টুইটার এবং ইনস্টাগ্রামকে ব্লক করার নির্দেশ দিয়েছে মিয়ানমারের কর্তৃপক্ষ।,"মিয়ানমারে ১ ফেব্রুয়ারির সামরিক অভ্যুত্থানে অং সান সু চি ও অন্যান্য নির্বাচিত নেতাকে আটক করার প্রতিবাদে ইয়াঙ্গুনসহ বিভিন্ন এলাকায় ছাত্র-শিক্ষক ও সাধারণ মানুষ বিক্ষোভ করছে। বিক্ষোভ দমাতে কর্তৃপক্ষ প্রথমে ফেসবুক এবং পরে টুইটার ও ইনস্টাগ্রাম блок করার নির্দেশ দিয়েছে, যা মতপ্রকাশের স্বাধীনতা ও যোগাযোগ নিয়ে গভীর উদ্বেগ সৃষ্টি করেছে। সেনাবাহিনী দেশটির নিয়ন্ত্রণ নিলেও জনগণের মধ্যে অসন্তোষ ও প্রতিরোধ ক্রমেই বাড়ছে।",16.67,5.71,11.11
news-49833444,যুক্তরাষ্ট্র ডেমোক্র্যাট পার্টির সদস্যরা প্রেসিডেন্ট ডোনাল্ড ট্রাম্পকে অভিশংসনের জন্য আনুষ্ঠানিকভাবে তদন্ত শুরু করেছে।,"ডেমোক্র্যাটরা অভিযোগ করেছেন, প্রেসিডেন্ট ডোনাল্ড ট্রাম্প ২০২০ সালের সম্ভাব্য প্রতিদ্বন্দ্বী জো বাইডেন ও তাঁর ছেলে হান্টার বাইডেনের বিরুদ্ধে ক্ষতিকর তথ্য সংগ্রহে ইউক্রেনের প্রেসিডেন্টকে চাপ দিয়েছেন এবং তদন্ত না হলে সামরিক সহায়তা বন্ধের হুমকি দিয়েছেন। এ অভিযোগের ভিত্তিতে ট্রাম্পের বিরুদ্ধে আনুষ্ঠানিক অভিশংসন তদন্ত শুরু হয়েছে; প্রতিনিধি পরিষদে তা পাসের সম্ভাবনা থাকলেও রিপাবলিকান-নিয়ন্ত্রিত সিনেটে দুই-তৃতীয়াংশ সমর্থন পাওয়া কঠিন।",11.27,5.8,11.27
news-44639030,পোলিশ রেফারি স্জিমন মারচিনিয়াক শনিবারের জার্মানি ও সুইডেনের উত্তেজনাকর ম্যাচের শেষ বাঁশি বাজানোর পর সামাজিক মাধ্যমে মানুষের আনাগোনা দারুণভাবে বেড়ে যায়।,"বিশ্বকাপে নেইমারের সহজে পড়ে যাওয়া, ফাউল আদায়ের অভিনয় ও কান্না নিয়ে সামাজিক যোগাযোগমাধ্যমে ব্যাপক সমালোচনা ও হাস্যরস চলছে; তাঁর বিলাসী জীবনযাপন ও মাঠের মেজাজও বিতর্ক বাড়িয়েছে। কোস্টারিকার বিপক্ষে গোল করে তিনি সমালোচনার জবাব দিলেও রোমারিও তাঁকে সমর্থন করেছেন, আর টোস্টাও সতর্ক করেছেন যে অতিরিক্ত অভিনয় ও অভিযোগে নেইমার নিজে ও দল বিপদে পড়তে পারেন।",5.33,0.0,5.33
news-45859948,বিশ্ব মৃত্যুদণ্ড বিরোধী দিবসে মৃত্যুদণ্ডের চর্চা বন্ধ করার চেষ্টা করায় অনেক দেশের প্রশংসা করেছেন জাতিসংঘ মহাসচিব অ্যান্টনিও গুতেরেস।,"জাতিসংঘের হিসাবে ১৭০টি দেশ অন্তত দশ বছর ধরে মৃত্যুদণ্ড কার্যকর করেনি, আর অ্যামনেস্টি ইন্টারন্যাশনালের হিসাবে ১৪২টি দেশে এর চর্চা বিলুপ্ত বা বন্ধ রয়েছে। তবে ২০১৭ সালে ৫৩টি দেশে ২,৫৯১টি মৃত্যুদণ্ড কার্যকর হয়, যার মধ্যে চীনে সর্বাধিক; যুক্তরাষ্ট্রসহ কিছু দেশ এখনও এটি চালু রাখলেও মালয়েশিয়া, গিনি, মঙ্গোলিয়া ও গাম্বিয়াসহ কয়েকটি দেশ বিলোপ বা স্থগিতের পথে এগিয়েছে।",8.11,0.0,8.11
news-52080725,"করোনাভাইরাস প্রতিরোধে বিশ্ব গত বছরের ডিসেম্বর থেকে সচেতন হতে শুরু করলেও মনে হয় যেন অনন্তকাল পেরিয়ে গেছে। বিশ্বজুড়ে বিজ্ঞানীরা প্রচেষ্টা চালিয়ে যাওয়া সত্ত্বেও, আমরা এখনও অনেক কিছুই বুঝে উঠতে পারি না।","করোনাভাইরাসে আক্রান্তের প্রকৃত সংখ্যা ও মৃত্যুহার এখনও নিশ্চিত নয়, কারণ অনেক আক্রান্ত ব্যক্তি উপসর্গহীন; অ্যান্টিবডি পরীক্ষার মাধ্যমে সংক্রমণের বিস্তার ও প্রকৃতি সম্পর্কে clearer ধারণা পাওয়া যেতে পারে। প্রধান উপসর্গ জ্বর ও শুকনো কাশি হলেও শিশুদের মাধ্যমে সংক্রমণ, গরমে বিস্তার কমা, গুরুতর অসুস্থতার কারণ, রোগ প্রতিরোধ ক্ষমতার স্থায়িত্ব ও পুনঃসংক্রমণ নিয়ে অনিশ্চয়তা রয়েছে। ভাইরাসটির উৎস বাদুড়জাতীয় প্রাণী বলে ধারণা করা হলেও মধ্যবর্তী প্রাণী অজানা, আর ভবিষ্যতে এর জিনগত পরিবর্তন টিকা ও রোগ প্রতিরোধ ক্ষমতার কার্যকারিতায় প্রভাব ফেলতে পারে।",3.7,0.0,3.7
160111_bd_sanitation_open_defecation,বাংলাদেশের সরকার বলছে খোলা জায়গায় মলত্যাগ মুক্ত দেশ হিসেবে লক্ষ্য অর্জনে বাংলাদেশ প্রায় দ্বারপ্রান্তে পৌঁছে গেছে।,"গত এক দশকে বাংলাদেশে স্যানিটেশন ব্যবস্থায় ব্যাপক উন্নতি হয়েছে; ১০ বছর আগে ৩৪ শতাংশ মানুষের সুবিধা থাকলেও এখন ৯৯ শতাংশ মানুষ টয়লেট ব্যবহারের আওতায় এসেছে, ফলে খোলা জায়গায় মলত্যাগ কমেছে। তবে টয়লেটের বর্জ্য ব্যবস্থাপনা এখনো অপর্যাপ্ত ও অস্বাস্থ্যকর, বিশেষ করে শহরাঞ্চলে খোলা ড্রেন ও ম্যানহোলের দুর্গন্ধসহ পরিবেশদূষণ একটি বড় সমস্যা।",9.09,6.25,9.09
160130_bangladesh_tree_man_desease,বাংলাদেশে এই প্রথম ‘বৃক্ষ মানব’ নামে পরিচিত বিরল এক রোগে আক্রান্ত একজন রোগীর সন্ধান পাওয়া গেছে।,"খুলনার ২৫ বছর বয়সী আবুল বাজানদার বিরল ‘বৃক্ষ মানব রোগ’ এপিডার্মোডিসপ্লেশিয়া ভেরুকোফরমিসে আক্রান্ত হয়ে গত এক দশকে হাত ও পায়ে গাছের শেকড়ের মতো বিকৃতি তৈরি হয়েছে, ফলে তিনি ছয় বছর ধরে কাজ করতে পারছেন না। ঢাকা মেডিকেল কলেজের চিকিৎসকেরা অস্ত্রোপচার ও পরীক্ষা-নিরীক্ষার মাধ্যমে তার হাত কিছুটা স্বাভাবিক করার উদ্যোগ নিয়েছেন এবং হাসপাতাল কর্তৃপক্ষ তার চিকিৎসা ও থাকা-খাওয়ার ব্যবস্থা করছে।",12.99,2.67,7.79
150608_pg_bangladesh_india_transport,"বাংলাদেশ, ভারত, নেপাল ও ভূটানের মধ্যে সড়কপথে পণ্য ও যাত্রীবাহী যান চলাচল উন্মুক্ত করে দেবার লক্ষ্যে এক চুক্তির খসড়া আজ বাংলাদেশের মন্ত্রীসভায় অনুমোদিত হয়েছে।","বাংলাদেশ, ভারত, নেপাল ও ভুটানের মধ্যে মোটরযান চলাচল চুক্তি ১৫ জুন থিম্পুতে যোগাযোগমন্ত্রীদের বৈঠকে স্বাক্ষরের আশা করা হচ্ছে। চুক্তি কার্যকর হলে যাত্রীবাহী যান, ব্যক্তিগত গাড়ি, বাস ও পণ্যবাহী ট্রাক চার দেশে চলাচল করতে পারবে; এজন্য রুট পারমিট লাগবে, তবে প্রক্রিয়াটি সহজ রাখার কথা বলা হয়েছে। সরকার ছয় মাসের মধ্যে প্রক্রিয়া শেষ করে ২০১৬ সালের শুরুর দিকে এটি চালু করতে চায়।",26.19,9.76,21.43
news-41386650,মাত্র চার বছর আগে জন্ম নিলেও জার্মান সংসদের ৯০টিরও বেশি আসন জেতা কট্টর ডানপন্থী দল এএফডি (অলটারনেটিভ ফর জার্মানি) বিশ্বাস করে জার্মান সমাজে ইসলামের কোনো জায়গা নেই।,"এএফডি জার্মানির নির্বাচনে প্রায় ১৩ শতাংশ ভোট পেয়ে ৯৪টি আসন লাভ করে তৃতীয় বৃহত্তম দল হয়েছে—যা দ্বিতীয় বিশ্বযুদ্ধের পর কোনো নতুন দলের সর্বোচ্চ সাফল্য। অভিবাসন, ইসলাম ও মুসলিম সংস্কৃতিবিরোধী প্রচারণা, বিশেষ করে ২০১৫ সালের শরণার্থী সংকটকে কাজে লাগিয়ে দলটি জনপ্রিয়তা বাড়িয়েছে এবং এখন বিদেশি অর্থায়ন, বোরকা ও আজান নিষিদ্ধসহ অভিবাসনবিরোধী অবস্থান আরও জোরদার করার প্রতিশ্রুতি দিচ্ছে।",11.9,0.0,7.14
news-42215067,সৌদি আরবে গত কয়েক দশকে ধীর গতিতে সামান্য কিছু পরিবর্তন ঘটলেও দেশটি এখন নাটকীয় কিছু ঘটনা প্রবাহের ভেতর দিয়ে যাচ্ছে।,"যুবরাজ মোহাম্মদ বিন সালমান সৌদি আরবে আধুনিকায়ন, নারীর অধিকার সম্প্রসারণ ও তেলনির্ভরতা কমানোর পরিকল্পনার পাশাপাশি দুর্নীতিবিরোধী অভিযানের মাধ্যমে ক্ষমতা কেন্দ্রীভূত করছেন। তাঁর উত্থানে রাজপরিবারের প্রচলিত উত্তরাধিকার প্রথা ভেঙে গেছে এবং ধনকুবের ও প্রভাবশালী ব্যক্তিদের গ্রেপ্তার করা হয়েছে। তবে ইরানের সঙ্গে উত্তেজনা, ইয়েমেন যুদ্ধ, বিনিয়োগকারীদের আস্থাহীনতা ও অর্থনৈতিক ঝুঁকি তাঁর উচ্চাভিলাষী পরিকল্পনাগুলোকে অনিশ্চিত করে তুলেছে।",5.41,2.78,5.41
news-43735107,বাংলাদেশের প্রধানমন্ত্রী শেখ হাসিনা সরকারি চাকুরীতে সব ধরনের কোটা বাতিলের ঘোষণা দেয়ার পর আজ আন্দোলনকারীদের তরফ থেকে কোটা সংস্কার আন্দোলন সরকার গেজেট প্রকাশ না হওয়া পর্যন্ত স্থগিত ঘোষণা করা হয়েছে।,"কোটা বাতিলের ঘোষণা দেওয়ায় প্রধানমন্ত্রীকে ধন্যবাদ জানিয়ে আন্দোলনকারীরা দ্রুত সরকারি গেজেট প্রকাশ, মামলা প্রত্যাহার, আটক শিক্ষার্থীদের মুক্তি, আহতদের চিকিৎসা এবং হামলাকারীদের শাস্তির দাবি জানান; পরে তারা আনন্দ মিছিল করেন। তবে আন্দোলনকারীদের অনেকে জানান, তাঁদের দাবি ছিল কোটা সংস্কার করে ১০ শতাংশে নামানো, সম্পূর্ণ বাতিল নয়—ফলে প্রধানমন্ত্রীর ঘোষণায় বিস্ময় ও বিভ্রান্তি তৈরি হয়েছে। বিশ্লেষকদের মতে, এ সিদ্ধান্ত তাৎক্ষণিকভাবে সংকট কমালেও মুক্তিযোদ্ধা ও অনগ্রসর জনগোষ্ঠীর জন্য ব্যবস্থা বাস্তবায়ন নিয়ে রাজনৈতিক ঝুঁকি রয়ে গেছে।",19.61,8.0,13.73
news-46576924,"বিজ্ঞানীরা বলছেন, চারটি উপায় মেনে চললে আপনার মন স্বয়ংক্রিয়ভাবেই স্বাস্থ্যকর খাবার গ্রহণে উৎসাহী হবে।","ইয়েল বিশ্ববিদ্যালয়ের গবেষণায় দেখা গেছে, অস্বাস্থ্যকর খাবার নিয়ে নেতিবাচকভাবে এবং স্বাস্থ্যকর খাবার নিয়ে ইতিবাচকভাবে ভাবার মতো স্বল্পমেয়াদি মানসিক প্রশিক্ষণ খাদ্যগ্রহণের পছন্দ বদলাতে পারে। এসব কৌশল অনুসরণকারীরা গড়ে ১০৭ ক্যালরি কম গ্রহণ করেছেন, যা দীর্ঘমেয়াদে ওজন নিয়ন্ত্রণ ও স্বাস্থ্যকর খাদ্যাভ্যাস গঠনে সহায়ক হতে পারে।",7.02,3.64,7.02
news-46782925,বাংলাদেশে আওয়ামী লীগের নেতৃত্বে নতুন মন্ত্রিসভা শপথ নিয়েছে কিন্তু এই মন্ত্রিসভায় স্থান পায় নি মহাজোটের শরিক দলের কোনো নেতা।,"রাষ্ট্রপতি আব্দুল হামিদের শপথ করানো নতুন মন্ত্রিসভার ২৫ মন্ত্রণালয়ের ১৮টিতে পরিবর্তন এলেও কোনো শরিক দলের নেতাকে মন্ত্রী করা হয়নি, যা নিয়ে ১৪-দলীয় জোটের কয়েকজন নেতা আগে আলোচনা না হওয়ায় বিস্ময় প্রকাশ করেছেন। তবে কেউ কেউ বিষয়টিকে প্রধানমন্ত্রীর এখতিয়ার ও নতুনদের সুযোগ দেওয়ার সিদ্ধান্ত হিসেবে স্বাগত জানিয়েছেন; জাতীয় পার্টি ইতিমধ্যে বিরোধী দলে থাকার ঘোষণা দিয়ে মন্ত্রিত্ব না চাওয়ার কথা জানিয়েছে।",15.19,2.6,10.13
news-51087026,"বাংলাদেশে এ বছর হাড় কাঁপানো শীতের পাশাপাশি ঘন কুয়াশাও বেশ দাপট দেখিয়েছে। আবহাওয়া অধিদপ্তর বলছে, এ বছর কুয়াশার কারণে দৃষ্টিসীমা ১০০ মিটারেও নেমে এসেছে।","ঘন কুয়াশায় সোমবার সকালে বাংলাদেশে, বিশেষ করে ঢাকায়, দৃষ্টিসীমা ১০০ মিটারে নেমে আসে; ৩ হাজার মিটার বা কম হলে বিমান চলাচলে সতর্কতা জারি এবং ২ হাজার মিটার বা কম হলে বিমান অবতরণ ব্যাহত হতে পারে। শীতের কম তাপমাত্রা, বাতাসের আর্দ্রতা, কম বাতাস এবং ধুলা-ধোঁয়ার দূষণে কুয়াশা ঘন হচ্ছে, যা শীত বাড়ায়, উদ্ভিদের সালোক-সংশ্লেষণ ও রবি শস্যের উৎপাদন কমাতে পারে। ধুলাবালি, শিল্পকারখানা ও যানবাহনের ধোঁয়া এবং নির্মাণকাজ নিয়ন্ত্রণ করলে কুয়াশার ঘনত্ব কমানো সম্ভব।",14.29,2.08,8.16
news-53134120,করোনাভাইরাস মহামারির কারণে এখন কারো জ্বর এবং সাথে শুকনো কাশি অথবা শরীর ব্যথার মত দুয়েকটি উপসর্গ ও লক্ষণ দেখা দিলেই স্বাভাবিকভাবেই মানুষ আতঙ্কিত হয়ে পড়ছেন।,"করোনাভাইরাসের একাধিক উপসর্গ দেখা দিলে দ্রুত সেলফ-আইসোলেশনে থেকে নমুনা পরীক্ষা করাতে, চিকিৎসকের পরামর্শ নিতে এবং মাস্ক, দূরত্ব ও স্বাস্থ্যবিধি মেনে চলতে বলা হয়েছে। এ সময় পুষ্টিকর খাবার, গরম পানির গার্গল-ভাপ, পর্যাপ্ত বিশ্রাম ও মানসিক স্বাস্থ্যের যত্ন জরুরি; অক্সিজেনের মাত্রা ৯৫ শতাংশের নিচে নামলে বা শ্বাসকষ্ট হলে হাসপাতালে যেতে হবে। বয়স্ক ও ডায়াবেটিস, হৃদরোগ বা অ্যাজমায় আক্রান্তদের বাড়তি সতর্কতা অবলম্বন করতে হবে।",9.09,0.0,4.55
news-55991270,"অভ্যুত্থানের মাধ্যমে ক্ষমতা দখলের পর টেলিভিশনের দেয়া প্রথম ভাষণে মিয়ানমারের সেনাপ্রধান সিনিয়র জেনারেল মিন অং লাইং বলেছেন, তার সরকার মিয়ানমারের চলমান বিদেশনীতিতে কোন পরিবর্তন আনবে না।","মিয়ানমারের সেনাপ্রধান মিন অং লাইং বলেছেন, বাংলাদেশের সঙ্গে চুক্তি অনুযায়ী রোহিঙ্গা ও অন্যান্য বাস্তুচ্যুত ব্যক্তিদের প্রত্যাবাসন আলোচনা সাপেক্ষে চলবে, তবে ১৯৮২ সালের নাগরিকত্ব আইনে গ্রহণযোগ্য ব্যক্তিদেরই ফেরার অনুমতি দেওয়া হবে। তিনি অভ্যুত্থানের পক্ষে সাফাই দিয়ে নভেম্বরের নির্বাচনকে অনিয়মপূর্ণ দাবি করেছেন এবং দ্রুত নতুন নির্বাচন করে বিজয়ীদের হাতে ক্ষমতা হস্তান্তরের প্রতিশ্রুতি দিয়েছেন। এদিকে অভ্যুত্থানের বিরুদ্ধে দেশজুড়ে ব্যাপক বিক্ষোভ ও ধর্মঘট অব্যাহত রয়েছে।",18.39,9.41,13.79
news-44720145,বিমানে ডালাস যাওয়ার পথে রোজে ব্লেয়ার এবং তার বয়ফ্রেন্ড আসন রদবদল করার জন্য এক তরুণীকে অনুরোধ করেছিলেন।,"রোজে ব্লেয়ার বিমানে আসন বদল করে এক তরুণীকে তার কথিত প্রেমিকের পাশে বসার সুযোগ দেওয়ার গল্প টুইটারে প্রকাশ করলে তা ২ লাখ ৩৮ হাজার বার রিটুইট ও ৬ লাখ লাইক পায়। পরে সাবেক ফুটবলার ইউয়ান হোল্ডেন দাবি করেন, তিনিই সেই রহস্যময় ব্যক্তি; তারা ইনস্টাগ্রামে একে অপরকে অনুসরণ করে জানতে পারেন যে দুজনই একই এলাকার ও অবিবাহিত।",19.18,5.63,13.7
news-53316580,বান্দরবানের বাঘমারায় দুই গ্রুপের গোলাগুলিতে ছয়জন নিহত হয়েছেন।,"বান্দরবানের বাঘমারায় সকাল সাতটার আগে পার্বত্য চট্টগ্রামভিত্তিক দুটি স্থানীয় দলের মধ্যে গোলাগুলিতে তিনজন আহত হয়েছেন; তাঁদের দুজনকে চট্টগ্রাম মেডিকেল কলেজ হাসপাতালে এবং একজনকে চকরিয়া সদর হাসপাতালে ভর্তি করা হয়েছে। দলগুলোর পরিচয় নিশ্চিত করতে পুলিশ তদন্ত করছে, তবে পুলিশের একটি সূত্রের মতে, জেএসএসের দুই পক্ষের মধ্যে সংঘর্ষটি হয়ে থাকতে পারে। ঘটনাস্থলে সেনাবাহিনী ও পুলিশ মোতায়েন রয়েছে।",15.87,3.28,12.7
news-46819571,যুক্তরাজ্য-ভিত্তিক গবেষণা প্রতিষ্ঠান ইকোনমিস্ট ইন্টেলিজেন্স ইউনিট (ইআইইউ) এ বছরের ৯ই জানুয়ারি যে প্রতিবেদন প্রকাশ করেছে সেখানে 'গণতান্ত্রিক' কিংবা 'ত্রুটিপূর্ণ গণতান্ত্রিক' দেশের তালিকায় বাংলাদেশের নাম নেই।,"ইকোনমিস্ট ইন্টেলিজেন্স ইউনিটের পাঁচটি মানদণ্ডের ভিত্তিতে ২০১৮ সালে বাংলাদেশ ৫.৫৭ স্কোর পেয়ে ১৬৭ দেশের মধ্যে ৮৮তম অবস্থানে ছিল, যা ২০১৭ সালের ৯২তম অবস্থানের তুলনায় উন্নত; তবু দেশটি ‘হাইব্রিড রেজিম’ শ্রেণিতে রয়েছে। ২০০৮ সাল থেকে বাংলাদেশ এই শ্রেণিতে থাকলেও দক্ষিণ এশিয়ায় ভারত ও শ্রীলঙ্কা ‘ত্রুটিপূর্ণ গণতন্ত্র’, আর আফগানিস্তান ‘স্বৈরতন্ত্র’ হিসেবে চিহ্নিত হয়েছে। বিশ্বে নরওয়ে ৯.৮৭ স্কোর নিয়ে শীর্ষে এবং উত্তর কোরিয়া ১.০৮ স্কোর নিয়ে সর্বনিম্নে রয়েছে।",8.51,2.17,6.38
news-51930935,করোনাভাইরাস মহামারি ঠেকানোর চেষ্টায় ভারত কার্যত গোটা দেশকে অবরুদ্ধ করে ফেলার চেষ্টা চালাচ্ছে।,"ভারতে করোনাভাইরাসে তৃতীয় মৃত্যুর পর আক্রান্তের সংখ্যা ১২৫ ছাড়িয়েছে; ইউরোপ, যুক্তরাজ্য, তুরস্কসহ বিভিন্ন অঞ্চল থেকে যাত্রী—এমনকি ভারতীয় নাগরিকদেরও—প্রবেশে নিষেধাজ্ঞা জারি হয়েছে। তাজমহল, পর্যটনকেন্দ্র, সাফারি পার্ক, ট্রেন-ফ্লাইট ও জনসমাগমের অনুষ্ঠান বন্ধের পাশাপাশি কয়েকটি রাজ্য বহিরাগতদের প্রবেশ সীমিত করেছে। মহারাষ্ট্রে হোম কোয়ারেন্টিনে থাকা ব্যক্তিদের হাতে স্ট্যাম্প দেওয়া এবং বেসরকারি ল্যাবকে পরীক্ষার আওতায় আনার উদ্যোগ নেওয়া হয়েছে।",0.0,0.0,0.0
news-54246395,"ব্রাজিলে করোনাভাইরাস মহামারি নিয়ে পরিচালিত এক গবেষণায় বলা হয়েছে যে, এই ভাইরাসের সংক্রমণ এবং ডেঙ্গু জ্বরে আক্রান্ত হওয়ার মধ্যে সম্পর্ক রয়েছে। আর তা হলো ডেঙ্গুতে আক্রান্ত হলে তা কোভিড-১৯ রোগ থেকে কিছুটা ইমিউনিটি বা সুরক্ষা দিতে পারে।","ডিউক ইউনিভার্সিটির অধ্যাপক মিগুয়েল নিকোলেলিসের অপ্রকাশিত গবেষণায় দেখা গেছে, ডেঙ্গুপ্রবণ এলাকাগুলোতে করোনাভাইরাসের সংক্রমণ তুলনামূলক কম হতে পারে; তিনি দুই ভাইরাসের মধ্যে সম্ভাব্য সুরক্ষামূলক ইমিউনোলজিক্যাল আন্তঃপ্রতিক্রিয়ার কথা বলেছেন। তবে বাংলাদেশের আইইডিসিআরসহ বিশেষজ্ঞরা গবেষণাটিকে এখনো নির্ভরযোগ্য মনে করছেন না, কারণ ডেঙ্গু ও করোনা ভিন্ন পরিবারের ভাইরাস; বিষয়টি নিশ্চিত করতে আরও গবেষণা প্রয়োজন।",13.64,0.0,6.82
news-50211501,ভারতের প্রধানমন্ত্রী নরেন্দ্র মোদী দুদিনের এক রাষ্ট্রীয় সফরে সোমবার বেশি রাতে সৌদি আরবে গিয়ে পৌঁছচ্ছেন।,"ভারত ও সৌদি আরব তেলনির্ভর সম্পর্কের বাইরে নিরাপত্তা, প্রতিরক্ষা, বিনিয়োগ, কৃষি ও প্রযুক্তিসহ বিভিন্ন ক্ষেত্রে কৌশলগত অংশীদারিত্ব গড়ে তুলছে; এ লক্ষ্যে দুই দেশ স্ট্র্যাটেজিক পার্টনারশিপ কাউন্সিল গঠনের উদ্যোগ নিয়েছে। পাকিস্তানের সঙ্গে সৌদির ঐতিহাসিক ঘনিষ্ঠতা থাকলেও উগ্রপন্থার ঝুঁকি ও ভারতের অর্থনৈতিক গুরুত্বের কারণে এই সম্পর্ককে তার বিরোধী হিসেবে দেখা হচ্ছে না, যদিও কাশ্মীর ইস্যুতে পাকিস্তান মোদীর সফরের জন্য আকাশসীমা বন্ধ রেখেছে।",5.33,0.0,2.67
news-55793703,বাংলাদেশে রবিবার ৭ই ফেব্রুয়ারি থেকে আনুষ্ঠানিকভাবে সারা দেশে করোনা ভাইরাসের টিকাদান কর্মসূচি শুরু হয়েছে। শুরুতেই সম্মুখ সারির কর্মী এবং ৪০ বছরের বেশি নাগরিকদের টিকা দেয়া হবে।,"করোনাভাইরাসের টিকা নিতে ৪০ বছরের বেশি বয়সীদের সরকারি ওয়েবসাইটে নিবন্ধন করতে হবে; স্পট রেজিস্ট্রেশন বন্ধ থাকায় কেবল নিবন্ধিত ব্যক্তিরাই নির্ধারিত কেন্দ্রে টিকা পাবেন। সুরক্ষা ওয়েবসাইটে জাতীয় পরিচয়পত্র, ব্যক্তিগত তথ্য ও পছন্দের কেন্দ্র দিয়ে নিবন্ধনের পর মোবাইলে সময়-স্থান জানানো হবে এবং টিকা নিতে ভ্যাকসিন কার্ড প্রয়োজন হবে। শুরুতে স্বাস্থ্যকর্মী, আইনশৃঙ্খলা বাহিনী, মুক্তিযোদ্ধা, জরুরি সেবাকর্মীসহ ১৭টি অগ্রাধিকার শ্রেণিকে টিকা দেওয়া হবে।",13.95,4.76,11.63
news-54778535,"বাংলাদেশ সরকার করোনাভাইরাসের বিস্তার প্রতিরোধে 'নো মাস্ক নো সার্ভিস', অর্থাৎ মাস্ক না পরলে কাউকে কোন সেবা দেয়া হবে না বলে যে নির্দেশনা জারি করেছিল সেটা ব্যাপকভাবে বাস্তবায়নের নির্দেশ দিয়েছেন প্রধানমন্ত্রী শেখ হাসিনা।","প্রধানমন্ত্রী শেখ হাসিনা করোনাভাইরাসের সম্ভাব্য দ্বিতীয় ঢেউ মোকাবিলায় ‘নো মাস্ক, নো সার্ভিস’ নীতি কঠোরভাবে বাস্তবায়নের নির্দেশ দিয়েছেন। সরকারি-বেসরকারি অফিস, বাজার, শপিংমল, শিক্ষাপ্রতিষ্ঠান, সামাজিক ও ধর্মীয় অনুষ্ঠান এবং গণপরিবহনে মাস্ক ব্যবহার বাধ্যতামূলক করে জনসচেতনতা বাড়ানো ও নির্দেশনা তদারকির সিদ্ধান্ত নেওয়া হয়েছে।",35.62,19.72,21.92
news-53556863,আফগানিস্তান থেকে সে দেশের শিখ ও হিন্দু সম্প্রদায়ের মোট ১১ জন সদস্যকে ভারতে উড়িয়ে নিয়ে এসে আশ্রয় দিয়েছে দিল্লি।,"আফগানিস্তানে ধর্মীয় নির্যাতন ও সন্ত্রাসী হামলার শিকার ১১ জন হিন্দু ও শিখকে বিশেষ বিমানে ভারতে এনে দীর্ঘমেয়াদি ভিসা দিয়েছে ভারত সরকার; তাদের নাগরিকত্বের আবেদনও বিবেচনা করা হবে। ২৫ মার্চ কাবুলের গুরদোয়ারায় হামলার পর নিহতদের স্বজনসহ এই প্রথম দলটি এসেছে, এবং সরকার ভবিষ্যতে আরও আফগান হিন্দু-শিখকে আনার কথা জানিয়েছে।",17.65,3.03,14.71
news-55645320,গত প্রায় ১৯ বছর ধরে দিনাজপুরে ফুলবাড়ী উপজেলার পূর্ব কাটাবাড়ীতে হোমিও চিকিৎসক হিসেবে কাজ করছেন আয়েশা সিদ্দিকা।,"হোমিও চিকিৎসক আয়েশা সিদ্দিকা ২০১২ সালে ফুলবাড়ী পৌরসভার নিকাহ রেজিস্ট্রার পদে আবেদন করে ২০১৪ সালের পরীক্ষায় প্রথম হলেও, আইন মন্ত্রণালয় ‘নারীদের পক্ষে এই দায়িত্ব পালন সম্ভব নয়’—এই মত দেখিয়ে তার নিয়োগ বাতিল করে এবং প্যানেলের দ্বিতীয় স্থানে থাকা এক পুরুষকে নিয়োগ দেয়। আয়েশা এ সিদ্ধান্তের বিরুদ্ধে হাইকোর্টে রিট করলে ২০২০ সালে আদালত মন্ত্রণালয়ের মত বহাল রাখে; পূর্ণাঙ্গ রায় প্রকাশের পর তিনি আপিল বিভাগে আপিল করেছেন।",12.05,4.94,9.64
news-45741190,বাংলাদেশে এক আন্দোলনের মুখে সরকারি চাকরিতে কোটা বাতিলের পর এখন এই সিদ্ধান্ত প্রত্যাখান করে রাতে রাজধানীর শাহবাগ মোড় অবস্থান নিয়েছে মুক্তিযোদ্ধার সন্তানদের সংগঠন মুক্তিযোদ্ধা সংসদ সন্তান কমান্ড ও মুক্তিযোদ্ধার পরিবার নামের দুইটি সংগঠন।,"৩০ শতাংশ মুক্তিযোদ্ধা কোটা পুনর্বহালের দাবিতে মুক্তিযোদ্ধা সংসদ সন্তান কমান্ডের নেতা-কর্মীরা শাহবাগ মোড় অবরোধ করে বিক্ষোভ করছেন; এতে যান চলাচল ব্যাহত হচ্ছে এবং শনিবার মহাসমাবেশের ঘোষণা দিয়েছে সংগঠনটি। সরকারি চাকরির প্রথম ও দ্বিতীয় শ্রেণির পদে কোটা বাতিলের মন্ত্রিসভা সিদ্ধান্ত প্রত্যাখ্যান করে তারা বলেছে, কোটা পুনর্বহাল না হওয়া পর্যন্ত আন্দোলন চলবে।",26.19,9.76,11.9
news-39499694,হাতির দাঁতের উপর নকশা করে নানারকম শৌখিন জিনিসপত্র তৈরি করা চীনে শত শত বছরের পুরনো ব্যবসা। তবে এই হস্তশিল্পীদের যুগ এখন শেষ হতে চলেছে।,"চীনে হাতির দাঁতের ব্যবসা বন্ধের সরকারি সিদ্ধান্ত কার্যকরভাবে বাস্তবায়িত হওয়ায় বহু প্রতিষ্ঠান বন্ধ হয়েছে বা বন্ধের প্রক্রিয়ায় রয়েছে, যা আফ্রিকার হাতি রক্ষায় গুরুত্বপূর্ণ পদক্ষেপ হিসেবে দেখা হচ্ছে। তবে সংরক্ষণবাদীরা আশঙ্কা করছেন, অনলাইন ও অবৈধ বাজার এখনো সক্রিয় থাকায় নিষেধাজ্ঞা পুরোপুরি কার্যকর হচ্ছে না এবং সীমিত বৈধ ব্যবসাও অবৈধ পাচারকে উৎসাহিত করতে পারে।",13.16,2.7,10.53
news-54982872,"বাংলাদেশের তারকা ক্রিকেটার সাকিব আল হাসানের কলকাতায় একটি কালীপূজার উদ্বোধনে থাকা নিয়ে যে সমালোচনা হচ্ছে, তাকে উগ্র মৌলবাদীদের কাজ বলে মনে করেন ওই পূজা কমিটির প্রধান উদ্যোক্তা ও তৃণমূল কংগ্রেস নেতা পরেশ পাল।","কলকাতার কাঁকুড়গাছির কালীপূজায় সাকিব আল হাসানের উপস্থিতি নিয়ে বাংলাদেশে সমালোচনা হলেও উদ্যোক্তা তৃণমূল নেতা পরেশ পাল বলেছেন, সাকিব পূজার উদ্বোধন করেননি; হিন্দু সন্ন্যাসীই প্রতিমা উদ্বোধন করেছেন এবং সাকিবসহ অতিথিরা শুধু প্রদীপ জ্বালিয়েছেন। এ ঘটনাকে কেন্দ্র করে সাকিব হত্যার হুমকি পান, যার অভিযোগে একজনকে গ্রেপ্তার করা হয়েছে; এর আগে কোয়ারেন্টিন ভঙ্গ ও এক ভক্তের সঙ্গে অনাকাঙ্ক্ষিত আচরণ নিয়েও তিনি বিতর্কে জড়িয়েছিলেন।",23.66,8.79,21.51
news-43942387,তিন দিনের সফরে শনিবার বাংলাদেশে আসা জাতিসংঘ নিরাপত্তা পরিষদের প্রতিনিধি দলটি রোববার প্রথমে বান্দরবানের নাইক্ষংছড়ি সীমান্তের জিরো লাইনে গিয়ে আটকে থাকা রোহিঙ্গাদের সাথে কথা বলেন।,"জাতিসংঘ নিরাপত্তা পরিষদের ১৫ সদস্যের প্রতিনিধি দল বান্দরবান ও উখিয়ার রোহিঙ্গা শিবির পরিদর্শন করে নির্যাতিত ও নিহতদের পরিবারের সদস্যদের সঙ্গে কথা বলেছে। রোহিঙ্গারা ন্যায়বিচার, জাতীয়তার স্বীকৃতি, নিরাপদ প্রত্যাবাসন ও মিয়ানমারে মুক্তভাবে বসবাসের সুযোগ দাবি করেছে; তবে মিয়ানমারের বিরুদ্ধে কঠোর পদক্ষেপ নিয়ে পরিষদে মতভেদ থাকায় রুশ প্রতিনিধি দ্বিপক্ষীয় আলোচনাকেই কার্যকর পথ হিসেবে উল্লেখ করেছেন।",12.82,5.26,12.82
news-47382088,উত্তর কোরিয়ার নেতা কিম জং-আন এর সাথে দ্বিতীয়বারের মতো মার্কিন প্রেসিডেন্ট ডোনাল্ড ট্রাস্পের সাক্ষাৎ হতে যাচ্ছে ভিয়েতনামে।,"ট্রাম্প-কিমের দ্বিতীয় বৈঠকের মূল আলোচ্য ছিল উত্তর কোরিয়ার পরমাণু কর্মসূচি, তবে পরমাণু নিরস্ত্রীকরণের সংজ্ঞা ও বাস্তবায়ন নিয়ে দুই দেশের মতপার্থক্য রয়ে গেছে। উত্তর কোরিয়া নিষেধাজ্ঞা প্রত্যাহার ও নিরাপত্তার নিশ্চয়তা চায়, আর যুক্তরাষ্ট্র পরীক্ষাগার ধ্বংসের বাইরে আরও পদক্ষেপ ও কর্মসূচির তথ্য প্রকাশে চাপ দিতে পারে। বৈঠকে শান্তি ঘোষণা, মানবিক সহযোগিতা ও অর্থনৈতিক উন্নয়নের সম্ভাবনা থাকলেও উত্তর কোরিয়ার পারমাণবিক অস্ত্র, আঞ্চলিক নিরাপত্তা ও মানবাধিকার পরিস্থিতি নিয়ে উদ্বেগ অব্যাহত রয়েছে।",4.65,2.38,4.65
news-47170671,"বৃহস্পতিবার বিকেলে দিল্লিতে এক প্রচণ্ড শিলাবৃষ্টি হয়েছে। এ সময় এত শিলা পড়েছে যে শহরের রাস্তাঘাটে বরফের স্তর জমে সাদা হয়ে যায়, যেমনটা অনেক দেশে তুষারপাত হলে হয়।",দিল্লি ও নয়ডায় নজিরবিহীন তীব্র শিলাবৃষ্টিতে রাস্তাঘাট বরফে ঢেকে যায় এবং সামাজিক মাধ্যমে ছবি-ভিডিও ছড়িয়ে পড়ে। শিলাবৃষ্টিতে দিল্লির ধোঁয়াশা কমে বাতাস পরিষ্কার হলেও বিমানবন্দরে অন্তত ৩০টি ফ্লাইট স্থগিত হয়; অনেক বাসিন্দা বরফ নিয়ে আনন্দ-উল্লাস করেন।,9.38,0.0,6.25
news-48115358,বাসচালক থেকে ভেনেজুয়েলার প্রেসিডেন্ট হন নিকোলাস মাদুরো।,"বাসচালক ও শ্রমিকনেতা হিসেবে কর্মজীবন শুরু করা নিকোলাস মাদুরো হুগো চাভেজের ঘনিষ্ঠ সহযোগী ও পররাষ্ট্রমন্ত্রী ছিলেন; চাভেজের মৃত্যুর পর ২০১৩ সালে অল্প ব্যবধানে প্রেসিডেন্ট নির্বাচিত হন এবং ২০১৮ সালে বিতর্কিত নির্বাচনে দ্বিতীয় মেয়াদে জয় দাবি করেন। তার শাসনের বিরুদ্ধে গণতন্ত্র ও মানবাধিকার লঙ্ঘনের অভিযোগ রয়েছে, আর ২০১৪ সাল থেকে অর্থনৈতিক মন্দা, মুদ্রাস্ফীতি ও খাদ্যসংকটে ভেনেজুয়েলার সাধারণ মানুষ চরম দুর্ভোগে পড়ে ব্যাপকভাবে দেশত্যাগ করেছে।",20.0,2.94,8.57
160311_amar_nodi_turag_pollution,"দেখে বিশ্বাস করতে কষ্ট হয় এটি একটি নদ। কোন স্রোত নেই, প্রাণ নেই। এই তুরাগ নদ এখন বিভিন্ন জায়গায় নর্দমার আকার ধারণ করেছে।","তুরাগ নদ শিল্পকারখানার অপরিশোধিত তরল বর্জ্য, গৃহস্থালি আবর্জনা ও পয়ঃবর্জ্যে কালো, দুর্গন্ধময় ও জীববৈচিত্র্যহীন হয়ে পড়েছে; একসময়ের মাছসমৃদ্ধ নদীতে এখন সামান্য শিং মাছ ছাড়া প্রায় কোনো মাছই পাওয়া যায় না। পরিবেশবাদীরা দূষণের জন্য অপরিকল্পিত শিল্পায়ন, ইটিপি না থাকা বা ব্যবহার না করা এবং জনসচেতনতার অভাবকে দায়ী করছেন, যদিও পরিবেশ অধিদপ্তর ইটিপি ব্যবহারে তদারকি চালানোর কথা জানিয়েছে।",7.59,2.6,7.59
news-44494448,"""আমি যখন কেনসিংটন হাই স্ট্রীট দিয়ে গাড়ি চালিয়ে যাচ্ছি, তখন লাল ট্রাফিক লাইট জ্বলে উঠলো। তখন আমি ভাবলাম, হলুদ মানে হচ্ছে, 'সাবধান'। আর লাল মানে, 'থামো', তোমাকে মাঠ ছাড়তে হবে।""","১৯৬০-এর দশকে ফুটবলে সহিংসতা ও ভাষাগত ভুল বোঝাবুঝি নিয়ন্ত্রণের সমস্যা দেখে ইংলিশ রেফারি কেনেথ অ্যাস্টন রেফারির সিদ্ধান্ত স্পষ্ট করার উপায় খুঁজছিলেন। লন্ডনের ট্রাফিক লাইটের লাল-হলুদ সংকেত থেকে অনুপ্রাণিত হয়ে তিনি লাল ও হলুদ কার্ডের ধারণা দেন, যা ১৯৭০ সালের মেক্সিকো বিশ্বকাপে প্রথম চালু হয়।",10.53,0.0,7.89
news-54860653,যে ধরনের প্রচারণা ও নির্বাচন এবার যুক্তরাষ্ট্রে হয়ে গেল সেটি ছিল নজিরবিহীন। কয়েক শতাব্দীর মধ্যে সবচেয়ে ভয়াবহ বৈশ্বিক মহামারি আর দেশজুড়ে দীর্ঘ সামাজিক সহিংসতার মতো অভূতপূর্ব পরিস্থিতিতে অনুষ্ঠিত হয়েছে এই নির্বাচন।,"জো বাইডেনের নির্বাচনী জয়ের পেছনে প্রধান কারণ ছিল কোভিড-১৯ মহামারি ও ট্রাম্প প্রশাসনের তা মোকাবিলায় ব্যর্থতা, পাশাপাশি ট্রাম্পের বিভাজনমূলক আচরণের বিপরীতে বাইডেনের শান্ত ও মধ্যপন্থী ভাবমূর্তি। হিসেবি ও সীমিত প্রচারণা, অসন্তুষ্ট রিপাবলিকান ও তরুণ ভোটারদের সমর্থন, এবং ট্রাম্পের তুলনায় বেশি অর্থবহুল প্রচারণা ও গণমাধ্যমে শক্তিশালী উপস্থিতিও তার জয়ে গুরুত্বপূর্ণ ভূমিকা রাখে।",9.64,2.47,4.82
news-50005850,বাংলাদেশ প্রকৌশল বিশ্ববিদ্যালয় বা বুয়েটে বিক্ষোভরত শিক্ষার্থীদের ১০ দফা দাবি মেনে নেয়ার জন্য সময়সীমা ছিল বৃহস্পতিবার বিকেল পাঁচটা পর্যন্ত।,"বুয়েটে শিক্ষার্থীরা প্রশাসনের নীরবতার প্রতিবাদে চারদিন ধরে আন্দোলন করছেন; এর মধ্যে দীর্ঘদিনের র‍্যাগিং, নির্যাতন ও নিরাপত্তাহীনতার নানা অভিযোগ প্রকাশ পাচ্ছে। শিক্ষার্থীদের অভিযোগ, প্রশাসন এসব প্রতিরোধে ব্যর্থ এবং ছাত্রলীগের নেতাকর্মীদের দৌরাত্ম্যের কাছে আপস করেছে; প্রশাসনের এক কর্মকর্তাও কাঠামোগত ব্যর্থতা স্বীকার করেছেন। আবরার ফাহাদ হত্যার পর নির্যাতনের সংস্কৃতি নিয়ে অভিযোগ বেড়েছে, গোপন অভিযোগের সার্ভারে বুধবার পর্যন্ত ১০৬টি অভিযোগ জমা পড়েছে।",7.69,0.0,7.69
news-56141563,আন্তর্জাতিক সংবাদমাধ্যম আল জাজিরায় প্রচারিত 'অল দ্য প্রাইম মিনিস্টারস মেন' নামের অনুসন্ধানী প্রতিবেদনটি ফেসবুক সরিয়ে নেবে কি না সেটি নিয়ে পরস্পরবিরোধী বক্তব্য পাওয়া যাচ্ছে।,"বাংলাদেশের ডাক ও টেলিযোগাযোগ মন্ত্রী মোস্তাফা জব্বার দাবি করেছেন, আদালতের নির্দেশনার কপি পাওয়ার পর ফেসবুক আল জাজিরার প্রতিবেদন সরিয়ে নেবে। তবে ফেসবুকের বাংলাদেশি জনসংযোগ প্রতিষ্ঠান এক বিবৃতিতে জানিয়েছে, তারা বিটিআরসির কাছ থেকে হাইকোর্টের লিখিত নির্দেশনা পায়নি এবং এ বিষয়ে কোনো প্রতিশ্রুতিও দেয়নি। হাইকোর্ট ১৭ ফেব্রুয়ারি প্রতিবেদনটি অনলাইন ও সামাজিক মাধ্যম থেকে সরাতে বিটিআরসিকে নির্দেশ দিয়েছিল।",12.66,2.6,7.59
news-40916559,ক্ষেপণাস্ত্র কর্মসূচি সম্প্রসারণ এবং দেশের বাইরে বিদেশে সামরিক তৎপরতা বাড়াতে ৫০ কোটি ডলারের একটি বিলে একচেটিয়া সমর্থন দিয়েছেন ইরানের এমপিরা।,"ইরানের সংসদ যুক্তরাষ্ট্রের নিষেধাজ্ঞার পাল্টা পদক্ষেপ হিসেবে ক্ষেপণাস্ত্র কর্মসূচিতে অতিরিক্ত অর্থ বরাদ্দ এবং উপসাগরীয় অঞ্চলে মার্কিন সামরিক ও গোয়েন্দা তৎপরতার বিরুদ্ধে নিষেধাজ্ঞার বিল পাস করেছে। তবে ইরানের পারমাণবিক চুক্তির প্রধান আলোচক বলেছেন, এই পদক্ষেপের অর্থ চুক্তি থেকে সরে আসা নয়।",13.33,0.0,13.33
news-55287117,ইরানে এক সাংবাদিকের মৃত্যুদণ্ড কার্যকর করা হয়েছে যার বিরুদ্ধে মেসেজিং অ্যাপ ব্যবহার করে অসন্তোষ সৃষ্টির উস্কানি দেয়ার অভিযোগ আনা হয়েছিল।,"ইরানের সরকারবিরোধী আমাদনিউজ পরিচালনাকারী রুহুল্লাহ জামকে শনিবার ফাঁসি দেওয়া হয়েছে; ২০১৭-১৮ সালের বিক্ষোভে উসকানি ও ‘বিশ্বকে কলুষিত’ করার অভিযোগে তার মৃত্যুদণ্ড বহাল রেখেছিল সুপ্রিম কোর্ট। ফ্রান্সে নির্বাসিত জামকে কীভাবে আটক করা হয়েছিল তা স্পষ্ট নয়, তবে মানবাধিকার সংস্থা অ্যামনেস্টি ও ফ্রান্স তার বিচারকে অন্যায্য এবং মতপ্রকাশের স্বাধীনতার ওপর আঘাত বলে সমালোচনা করেছে।",10.96,0.0,8.22
news-49543853,"বিশ্বের গেমিং ইন্ডাস্ট্রি এখন এত বড় যে এটি চলচ্চিত্র এবং সঙ্গীত এই দুই ব্যবসাকে যদি এক করা হয়, তাকেও ছাড়িয়ে যাবে।","গেমিংয়ের মাধ্যমে অর্জিত টিমওয়ার্ক, সমস্যা সমাধান, কৌশলগত পরিকল্পনা, দ্রুত সিদ্ধান্ত ও নেতৃত্বের মতো দক্ষতা কর্মক্ষেত্রে মূল্যবান হতে পারে—এমনটাই মনে করছে বিভিন্ন প্রতিষ্ঠান, সামরিক বাহিনী ও গেম একাডেমি। তবে সিভিতে শুধু গেম খেলার অভিজ্ঞতা নয়, নির্দিষ্ট চাকরিতে সেই দক্ষতা কীভাবে কাজে লাগবে তা তুলে ধরা জরুরি; সচেতনভাবে খেললে গেমিং ক্যারিয়ার উন্নতিতেও সহায়ক হতে পারে।",2.67,0.0,2.67
news-53868004,ঢাকায় ভারতের পররাষ্ট্র সচিব হর্ষ বর্ধন শ্রিংলার সফরের সময় বাংলাদেশের প্রধানমন্ত্রী শেখ হাসিনার সাথে তার বৈঠকের ব্যাপারে বাংলাদেশ সরকারের পক্ষ থেকে কিছু বলা হচ্ছে না।,"ভারতের পররাষ্ট্র সচিব হর্ষ বর্ধন শ্রিংলার আকস্মিক ঢাকা সফরে প্রধানমন্ত্রী শেখ হাসিনার সঙ্গে বৈঠক হয়েছে বলে ভারতীয় সূত্র জানালেও বাংলাদেশ সরকার তা আনুষ্ঠানিকভাবে স্বীকার করেনি, ফলে বিভ্রান্তি ও নানা জল্পনা তৈরি হয়েছে। বৈঠকে কোভিড-১৯ ও ভ্যাকসিন সহযোগিতার কথা সামনে এলেও বিশ্লেষকরা মনে করেন, ভারত-চীন সম্পর্ক, সীমান্ত ও দ্বিপাক্ষিক টানাপোড়েনসহ বৃহত্তর কোনো বার্তা বা agenda আড়ালে থাকতে পারে।",23.81,17.07,23.81
news-57303389,বাংলাদেশে করোনাভাইরাসে গত ২৪ ঘণ্টায় নতুন করে আরো ১৭শ ১০ জন আক্রান্ত হয়েছে। এনিয়ে ভাইরাসটিতে মোট আক্রান্তের সংখ্যা আট লাখ ছাড়ালো।,"বিজ্ঞানীরা বলেছেন, মাস্ক পরলে করোনাভাইরাসের সংক্রমণ কমানো সম্ভব। গত ২৪ ঘণ্টায় ১৮ হাজার ৮৬২টি নমুনা পরীক্ষায় শনাক্তের হার ৯.৪১ শতাংশ এবং করোনায় ৩৬ জনের মৃত্যু হয়েছে, ফলে মোট মৃতের সংখ্যা ১২ হাজার ৬১৯ জনে দাঁড়িয়েছে। দেশে বর্তমানে ৫০৩টি পরীক্ষাগারে নমুনা পরীক্ষা চলছে; মোট সুস্থতার হার ৯২.৪৮ শতাংশ এবং মৃত্যুহার ১.৫৮ শতাংশ।",16.0,5.48,16.0
news-45179033,বাংলাদেশসহ দক্ষিণ এশিয়ার দেশগুলোর মানুষ এখন থেকে ফেসবুকের মাধ্যমে স্প্যানিশ ফুটবল লা লিগার খেলা দেখতে পারবেন।,"ফেসবুক চুক্তির মাধ্যমে ভারতসহ দক্ষিণ এশিয়ার আটটি দেশে লা লিগার পরবর্তী তিন মৌসুমের প্রতিটি ম্যাচ সরাসরি সম্প্রচার করবে, যার স্বত্ব আগে সনি পিকচারস নেটওয়ার্কের ছিল। শুরুতে সম্প্রচার বিজ্ঞাপনমুক্ত থাকবে; শর্ত প্রকাশ না করা হলেও এই উদ্যোগটি ফেসবুকের লাইভ স্পোর্টস স্ট্রিমিং সম্প্রসারণের অংশ।",20.69,7.14,13.79
news-54735304,"বাংলাদেশে লালমনিরহাট জেলার পুলিশ জানিয়েছে, পাটগ্রাম এলাকায় শত শত মানুষ একজন ব্যক্তিকে পিটিয়ে হত্যার পর তার মৃতদেহ আগুন দিয়ে পুড়িয়ে দিয়েছে।",লালমনিরহাটের পাটগ্রামের বুড়িমারি ইউনিয়নে মসজিদে ধর্ম অবমাননার গুজব ছড়িয়ে পড়ার পর শত শত মানুষ এক ব্যক্তিকে পিটিয়ে হত্যা করে এবং তার লাশে আগুন দেয়। পুলিশ আরেকজনকে উদ্ধার করে পরিস্থিতি নিয়ন্ত্রণে আনলেও নিহতের পরিচয় নিশ্চিত নয়; ঘটনায় তদন্ত ও জিজ্ঞাসাবাদ চলছে।,29.51,10.17,22.95
news-47265293,কক্সবাজার জেলার মিয়ানমার সীমান্তবর্তী টেকনাফের একটি স্কুলের মাঠে শনিবার কয়েক হাজার মানুষের সামনে পুলিশের তালিকাভুক্ত ১০২ জন ইয়াবা ব্যবসায়ী আত্মসমর্পণ করেছেন।,"টেকনাফে মাদকবিরোধী আত্মসমর্পণ অনুষ্ঠানে ১০২ জন কথিত ইয়াবা ব্যবসায়ী আত্মসমর্পণ করেন, যাদের মধ্যে সাবেক এমপি আব্দুর রহমান বদির তিন ভাইসহ আট আত্মীয় এবং ৭৩ ‘ইয়াবা গডফাদার’-এর ৩০ জন ছিলেন; জমা পড়ে কয়েকটি আগ্নেয়াস্ত্র ও ৩ লাখ ৫০ হাজার ইয়াবা। আত্মসমর্পণকারীদের গ্রেপ্তার দেখিয়ে মামলা করার প্রস্তুতি নেওয়া হয়েছে, আর পুলিশ জানিয়েছে—আত্মসমর্পণ না করা মাদক ব্যবসায়ীদের বিরুদ্ধে কঠোর অভিযান অব্যাহত থাকবে।",14.63,7.5,12.2
news-47526456,"ভারতে আসন্ন সাধারণ নির্বাচনে কয়েকটি রাজ্যে মুসলিমরা যাতে ভোট না-দিতে পারেন, সে কারণেই রোজার মাসে ভোট ফেলা হয়েছে বলে অভিযোগ করেছে পশ্চিমবঙ্গে ক্ষমতাসীন তৃণমূল কংগ্রেস।","তৃণমূল নেতা ফিরহাদ হাকিম অভিযোগ করেছেন, পশ্চিমবঙ্গ, বিহার ও উত্তরপ্রদেশে সাত দফায় নির্বাচন এবং রমজান মাসে ভোট নেওয়ার সিদ্ধান্ত মুসলিমদের ভোটদানে বাধা দেওয়ার উদ্দেশ্যেই করা হয়েছে। বিজেপি এই অভিযোগকে সাম্প্রদায়িক রাজনীতি বলে খারিজ করেছে এবং সাবেক নির্বাচনী কর্মকর্তা মীরা পান্ডে ও নেতা আসাদউদ্দিন ওয়াইসি বলেছেন, রমজানে ভোটগ্রহণে বড় সমস্যা হওয়ার কথা নয়; বরং মুসলিমদের ভোটদানের হার বাড়তেও পারে।",16.67,2.44,11.9
news-55722951,''আপনার নিরাপত্তার জন্যে এখন সবচেয়ে বড় হুমকি কী? - শত্রু কোনো রাষ্ট্র? প্রাকৃতিক দুর্যোগ? মহামারি? পারমাণবিক হামলা?'',"ক্যাপিটল হামলার পর আমেরিকানদের বড় অংশ বিদেশি শক্তির চেয়ে দেশের অভ্যন্তরীণ উগ্রপন্থী ও সহ-নাগরিকদেরই বড় হুমকি মনে করছে; এর প্রতিফলন হিসেবে বাইডেনের শপথ উপলক্ষে ওয়াশিংটন নজিরবিহীন সামরিক নিরাপত্তায় ঘেরা হয়েছে। হামলায় সাবেক ও বর্তমান সেনাসদস্যদের সংশ্লিষ্টতার প্রমাণ পাওয়ায় মোতায়েন ২৫ হাজার ন্যাশনাল গার্ড সদস্যের অতীত যাচাই করছে সেনাবাহিনী ও এফবিআই, আর সেনাবাহিনীর ভেতর উগ্রবাদ ও রাজনৈতিক বিভেদের বিস্তার নিয়ে উদ্বেগ বেড়েছে।",5.13,2.63,5.13
news-46014484,লায়ন এয়ার বোয়িং ৭৩৭ বিমানটি ১৮৯ জন যাত্রী নিয়ে ইন্দোনেশিয়ার রাজধানী জার্কাতা থেকে উড্ডয়নের কিছুক্ষণের মধ্যে সমুদ্রে বিধ্বস্ত হয়েছে।,"ইন্দোনেশিয়ার জাকার্তা থেকে পেংকাল পিনাংগামী ফ্লাইট জেটি ৬১০ উড্ডয়নের ১৩ মিনিট পর নিয়ন্ত্রণকক্ষের সঙ্গে যোগাযোগ হারায় এবং বিমানটি সমুদ্রে বিধ্বস্ত হয়েছে বলে ধারণা করা হচ্ছে। এতে ১৭৮ জন প্রাপ্তবয়স্ক, তিন শিশু, দুই পাইলট ও পাঁচ কেবিন ক্রু ছিলেন; সাগরে যাত্রীদের ব্যক্তিগত জিনিসপত্র পাওয়া গেলেও কেউ বেঁচে আছেন কি না তা জানা যায়নি।",22.54,5.8,16.9
news-50060359,বাংলাদেশে সুন্দরবনের কয়রা এলাকায় র‌্যাবের সাথে বন্দুকযুদ্ধে চারজন বনদস্যু নিহত হয়েছে।,"সুন্দরবনে ২০১৬-১৮ সালে বনদস্যুদের আত্মসমর্পণের পরও আত্মসমর্পণ না করা সদস্যরা গত এক বছরে ছোট ছোট দলে সংগঠিত হয়ে আবার ডাকাতি ও অপহরণ শুরু করেছে; খুলনার কয়রায় র‍্যাবের বন্দুকযুদ্ধে আমিনুর বাহিনীর প্রধানসহ চারজন নিহত হয়েছে। তারা রাতে ডাকাতি করে সরু খালে লুকিয়ে থাকে এবং মাছ ধরার মৌসুমে জেলেদের জিম্মি করে মুক্তিপণ আদায় করে, আর দারিদ্র্য, কর্মহীনতা ও অর্থের লোভকে এ পেশায় ফেরার প্রধান কারণ হিসেবে উল্লেখ করা হয়েছে।",14.81,5.06,14.81
news-50466918,লিবিয়ার রাজধানী ত্রিপোলিতে একটি বিস্কুট কারখানার ওপর এক বিমান হামলায় কমপক্ষে সাত জন বেসামরিক লোক নিহত হয়েছে - যার মধ্যে একজন বাংলাদেশি।,"ত্রিপোলির দক্ষিণের একটি বিস্কুট কারখানায় বিমান হামলায় একজন বাংলাদেশি নিহত ও ১৫ জন আহত হয়েছেন; আহতদের মধ্যে দুজনের অবস্থা সংকটজনক। জাতিসংঘ-স্বীকৃত লিবিয়া সরকার জানিয়েছে, হামলায় বাংলাদেশি, মিশরীয়সহ বিভিন্ন দেশের শ্রমিক আহত হয়েছেন, আর ২০১১ সালের পর চলমান সংঘাতের মধ্যেই এ হামলা হয়েছে।",31.25,9.68,21.88
news-53915441,বিদেশে উচ্চতর ডিগ্রি নেয়া কিংবা চাকরির ক্ষেত্রে নিজের দক্ষতা বাড়ানোর জন্য নতুন ভাষা শেখাটাকে গুরুত্ব দিয়ে থাকেন অনেকেই।,"তরুণদের মধ্যে বিদেশি ভাষা শেখার আগ্রহ বাড়ছে, বিশেষ করে ইউরোপে পড়াশোনা ও কর্মসংস্থানের সুযোগের কারণে; গবেষণা অনুযায়ী ইংরেজি বিশ্বের সবচেয়ে শক্তিশালী ভাষা, এরপর ম্যান্ডারিন, ফরাসি, স্প্যানিশ ও আরবি। বাংলাদেশে ঢাকা বিশ্ববিদ্যালয়ের আধুনিক ভাষা ইনস্টিটিউটসহ বিভিন্ন সরকারি-বেসরকারি প্রতিষ্ঠানে নানা ভাষা শেখানো হয়, যেখানে কোর্সভেদে ভর্তি পরীক্ষা, বয়স ও শিক্ষাগত যোগ্যতার শর্ত এবং প্রায় ৬ হাজার থেকে ৩০ হাজার টাকা পর্যন্ত খরচ হতে পারে।",2.47,0.0,2.47
news-48182337,সিঙ্গাপুরে চিকিৎসাধীন অবস্থায় মারা গেছেন একুশে পদকপ্রাপ্ত জনপ্রিয় সংগীতশিল্পী সুবীর নন্দী।,"সুবীর নন্দী সিঙ্গাপুরে চিকিৎসাধীন অবস্থায় পরপর তিনবার হৃদরোগে আক্রান্ত হয়ে এবং একাধিক অঙ্গ বিকল হওয়ায় বাংলাদেশ সময় ভোর সাড়ে চারটায় মারা যান। ৪০ বছরের সংগীতজীবনে তিনি আড়াই হাজারের বেশি গান গেয়েছেন, চারবার জাতীয় চলচ্চিত্র পুরস্কার ও এ বছর একুশে পদক পেয়েছেন।",26.92,12.0,19.23
news-47863942,বাংলাদেশে দুর্নীতির দায়ে সাজাপ্রাপ্ত হয়ে কারাগারে আটক থাকা বিএনপি চেয়ারপার্সন খালেদা জিয়ার মুক্তির বিষয়ে রাজনৈতিক অঙ্গনে নানা ধরণের আলোচনা হচ্ছে।,"দুর্নীতির মামলায় কারাবন্দি খালেদা জিয়ার চিকিৎসার জন্য প্যারোলে মুক্তি নিয়ে আলোচনা চলছে; স্বরাষ্ট্রমন্ত্রী জানিয়েছেন, আবেদন করলে সরকার তা বিবেচনা করবে, যদিও বিএনপি জামিনে বা নিঃশর্ত মুক্তি দাবি করছে। আইনজীবীর ব্যাখ্যায়, জামিন আদালতের আদেশে ও স্বাধীনভাবে কার্যকর হয়, আর প্যারোল প্রশাসনিক অনুমোদনে নির্দিষ্ট কারণ ও সময়ের জন্য দেওয়া হয় এবং এতে বন্দী পুলিশের তত্ত্বাবধানে থেকে নির্ধারিত সময়ে কারাগারে ফিরতে বাধ্য থাকেন।",15.0,2.56,10.0
news-44973154,মার্কিন প্রেসিডেন্ট ট্রাম্পকে বেয়াড়া প্রশ্ন করার জন্য টিভি নেটওয়ার্ক সিএনএন-এর একজন সাংবাদিককে হোয়াইট হাউজের এক অনুষ্ঠানে ঢুকতে দেয়া হয়নি।,"সিএনএন সাংবাদিক কেইটলান কলিন্স দাবি করেন, পুতিন ও ট্রাম্পের সাবেক আইনজীবীসংক্রান্ত প্রশ্ন করার পর তাকে হোয়াইট হাউসের সংবাদ সম্মেলনে যেতে বাধা দেওয়া হয়। হোয়াইট হাউসের বক্তব্য, তিনি অনুপযুক্ত প্রশ্ন করে চিৎকার করছিলেন; তবে কলিন্স একটি ভিডিও প্রকাশ করে এ দাবি অস্বীকার করেন, যা ট্রাম্প প্রশাসন ও সিএনএনের দীর্ঘদিনের তিক্ত সম্পর্ককে আরও প্রকাশ্যে আনে।",10.96,2.82,8.22
160215_shah_abdul_karim_birth_centenary,প্রায় দেড় হাজার গানের স্রষ্টা আবদুল করিম ১৯১৬ সালে সিলেটে সুনামগঞ্জের দিরাই উপজেলার জন্মগ্রহণ করেন।,"রাখাল ও দরিদ্র পরিবারে বেড়ে ওঠা শাহ আব্দুল করিম সুনামগঞ্জের হাওর অঞ্চলের জীবন, প্রেম, দেহতত্ত্ব ও অসাম্প্রদায়িকতার কথা গানে তুলে এক অনন্য বাউল শিল্পী হিসেবে প্রতিষ্ঠিত হন। তাঁর গান প্রথমে ভাটি অঞ্চলে জনপ্রিয় হলেও সেলিম চৌধুরী, হাবিব ওয়াহিদ, মমতাজসহ বিভিন্ন শিল্পী, হুমায়ূন আহমেদ ও আধুনিক ব্যান্ডের মাধ্যমে দেশ-বিদেশে ছড়িয়ে পড়ে। একুশে পদকপ্রাপ্ত এই শিল্পীর গান বাউলসংগীতের ধারায় লালন ও হাসন রাজার পরবর্তী গুরুত্বপূর্ণ উত্তরাধিকার হিসেবে বিবেচিত হয়।",4.82,0.0,4.82
news-45745812,বাংলাদেশের সরকারি চাকরিতে নবম থেকে ১৩তম গ্রেডে নিয়োগের ক্ষেত্রে (যেসব পদ আগে প্রথম এবং দ্বিতীয় শ্রেণীর চাকরি বলে পরিচিত ছিল) কোটা ব্যবস্থা বাতিল করেছে দেশটির সরকার।,"মন্ত্রিসভার অনুমোদনের পর নবম থেকে ১৩তম গ্রেডের সরকারি চাকরিতে সব ধরনের কোটা বাতিল করে অবিলম্বে মেধাভিত্তিক নিয়োগ চালু হয়েছে; তবে তৃতীয় ও চতুর্থ শ্রেণির পদে কোটা বহাল রয়েছে। প্রক্রিয়াধীন নিয়োগে বিজ্ঞপ্তির শর্ত অনুযায়ী নতুন নীতি প্রযোজ্য হবে, আর সরকার চাইলে নির্ধারিত প্রক্রিয়া অনুসরণ করে ভবিষ্যতে কোটা পুনর্বহাল করতে পারবে; স্বায়ত্তশাসিত প্রতিষ্ঠানগুলো নিজেদের বিধিমালা অনুযায়ী নিয়োগ দিতে পারবে।",19.28,7.41,14.46
news-48897701,ইরানের সাথে পারমাণবিক চুক্তি রক্ষায় কি ধরনের শর্ত নিয়ে আবার আলাপ শুরু করা যায় সেনিয়ে ফ্রান্স ও ইরান একমত হয়েছে বলে জানিয়েছেন ফ্রান্সের প্রেসিডেন্টের ইম্যানুয়েল ম্যাক্রো।,ইরানের প্রেসিডেন্ট হাসান রুহানি ও ফ্রান্সের প্রেসিডেন্ট ইমানুয়েল ম্যাক্রোঁর ফোনালাপে ২০১৫ সালের পরমাণু চুক্তি রক্ষায় নতুন আলোচনা শুরুর সম্ভাবনা তৈরি হয়েছে। যুক্তরাষ্ট্র চুক্তি থেকে সরে গিয়ে নিষেধাজ্ঞা পুনর্বহাল করায় ইরান ইউরেনিয়াম মজুদ বাড়িয়েছে এবং ইউরোপীয় দেশগুলোকে নিষেধাজ্ঞা শিথিলের জন্য দ্রুত পদক্ষেপ নিতে চাপ দিচ্ছে। ফ্রান্স ও ইরান ১৫ জুলাইয়ের মধ্যে চুক্তি রক্ষার সম্ভাব্য শর্ত বিশ্লেষণ করে সব পক্ষের সঙ্গে আলোচনা করবে।,20.69,7.06,13.79
news-45162273,ঢাকা শহরের বিভিন্ন জায়গায় ফুটওভারব্রীজ আছে। কোথাও আছে আন্ডারপাস। কিন্তু এগুলো খুব একটা ব্যবহার হতে দেখা যায় না। এগুলো ব্যবহারের আগ্রহ কম কেন ?,"ঢাকায় প্রায় একশ ফুটওভারব্রিজ ও তিনটি আন্ডারপাস থাকলেও নিরাপত্তাহীনতা, অপর্যাপ্ত আলো, হকার-মাদকসেবীদের উপস্থিতি, দূরত্ব ও অসুবিধাজনক নকশার কারণে অনেক পথচারী এগুলো ব্যবহার না করে ঝুঁকি নিয়ে মূল সড়ক পার হন। বিশেষজ্ঞরা সমন্বিত পরিকল্পনার মাধ্যমে উপযুক্ত স্থানে নিরাপদ ও ব্যবহারবান্ধব পারাপার ব্যবস্থা নির্মাণের তাগিদ দিয়েছেন, আর সিটি কর্পোরেশন পথচারীদের সচেতনতার ওপর গুরুত্ব দিয়েছে।",10.53,0.0,10.53
news-50711508,সান্না ম্যারিনের বয়স মাত্র ৩৪ এবং তিনিই হতে যাচ্ছেন বিশ্বের সবচেয়ে কমবয়সী প্রধানমন্ত্রী।,সান্না ম্যারিন ফিনল্যান্ডের প্রধানমন্ত্রী হতে যাচ্ছেন এবং দায়িত্ব নেওয়ার পর তিনি বিশ্বের সর্বকনিষ্ঠ সরকারপ্রধান হবেন। ডাক বিভাগের ধর্মঘট নিয়ে আস্থা ভোটে হেরে আনত্তি রিনি পদত্যাগ করায় সোশ্যাল ডেমোক্র্যাটিক পার্টি ম্যারিনকে বেছে নিয়েছে; তিনি পাঁচটি নারী-নেতৃত্বাধীন মধ্য-বাম দলের জোট সরকার পরিচালনা করবেন। 35 বছর বয়সী ম্যারিন হবেন ফিনল্যান্ডের তৃতীয় নারী প্রধানমন্ত্রী।,18.46,3.17,15.38
news-55976708,"বাংলাদেশে করোনাভাইরাসের টিকা নেয়ার জন্য রেজিস্ট্রেশন করা দেয়া হবে, টেলিফোনে এমন প্রস্তাব রেখে অভিনব প্রতারণার ফাঁদ পেতেছে একটি চক্র।","টিকা নিবন্ধনে সহায়তার কথা বলে প্রতারক চক্র ফোন করে ব্যক্তিগত তথ্য, জাতীয় পরিচয়পত্রের নম্বর ও ওটিপি হাতিয়ে নিয়ে মোবাইল ওয়ালেটের টাকা চুরি করছে বলে অভিযোগ উঠেছে। পুলিশ ও সাইবার বিশেষজ্ঞরা অপরিচিত কল, মেসেজ বা লিংকে সাড়া না দেওয়া, কাউকে ওটিপি বা ব্যক্তিগত তথ্য না জানানো এবং নিবন্ধনে সমস্য হলে সরকারি তথ্য কর্মকর্তার সহায়তা নেওয়ার পরামর্শ দিয়েছেন।",5.33,0.0,5.33
news-40690462,"বাংলাদেশে পাহাড় ধসে প্রাণহানিকে আর্থ-সামাজিক, পরিবেশগত এবং রাজনৈতিক সমস্যা হিসেবে চিহ্নিত করছেন একজন বিশেষজ্ঞ।","অধ্যাপক ড. শহীদুল ইসলামের মতে, অতিবৃষ্টিতে বালুময় ও ফাটলযুক্ত পাহাড়ে পানি ঢোকা, অবৈধ পাহাড় কাটা, বন উজাড় এবং প্রচলিত জুম চাষের পরিবর্তে লাঙ্গল-কোদালের চাষ পাহাড়ধসের প্রধান কারণ। ঝুঁকিপূর্ণ পাহাড়ের পাদদেশে দরিদ্র মানুষের বসতি ও প্রভাবশালীদের অবৈধ স্থাপনা থাকায় তাদের সরানো কঠিন, ফলে প্রতিবছর প্রাণহানি ঘটছে। সরকার গঠিত কারিগরি কমিটি স্বল্প, মধ্য ও দীর্ঘমেয়াদি পদক্ষেপ, ঝুঁকিপূর্ণ বসতি উচ্ছেদ এবং পুনর্বাসনের পরিকল্পনা করছে।",5.19,0.0,5.19
news-46773097,বাংলাদেশে নির্বাচনী সহিংসতার জের ধরে রাজশাহীতে কলমা নামের একটি গ্রাম অনেকটা 'একঘরে' হয়ে পড়েছে বলে স্থানীয়রা জানিয়েছেন।,"রাজশাহীর তানোরের কলমা গ্রামের বাসিন্দারা অভিযোগ করেছেন, নির্বাচনে বিএনপিকে ভোট দেওয়ায় আওয়ামী লীগ-সমর্থকদের কারণে তারা অবরুদ্ধ ও একঘরে হয়ে পড়েছেন; যাতায়াত, বিদ্যুৎ ও সেচব্যবস্থা বাধাগ্রস্ত এবং দোকানপাট বন্ধ রয়েছে। আওয়ামী লীগ নেতারা দাবি করেছেন, গ্রামের লোকজনের সহিংসতার কারণে নিরাপত্তার স্বার্থে তাদের এড়িয়ে চলা হচ্ছে। প্রশাসন ঘটনাটিকে নির্বাচনী বিরোধজনিত ভুল বোঝাবুঝি উল্লেখ করে উভয় পক্ষের সঙ্গে আলোচনা করে চলাচল স্বাভাবিক করার উদ্যোগ নিয়েছে।",10.0,0.0,5.0
news-44692993,শিরোনামটি আগেই পড়েছেন: 'নেইমার ব্রাজিলকে তৃপ্তি দিয়েছেন কিন্তু বিশ্বকে বিরক্ত করেছেন'।,"নেইমারের অসাধারণ পারফরম্যান্সে ব্রাজিল মেক্সিকোকে ২-০ গোলে হারিয়ে কোয়ার্টার ফাইনালে উঠেছে; প্রথম গোলের সুযোগ তৈরিসহ দলের জয়ে তার অবদান ছিল গুরুত্বপূর্ণ। তবে মাঠে ফাউল পাওয়ার পর অতিরঞ্জিতভাবে গড়াগড়ি খাওয়ার কারণে তিনি সমালোচিত হচ্ছেন, যদিও বিশ্বকাপে গোল, ড্রিবলিং, সুযোগ সৃষ্টি ও ফাউল আদায়ে তিনি শীর্ষস্থানীয়দের একজন। শুক্রবার কোয়ার্টার ফাইনালে ব্রাজিলের প্রতিপক্ষ বেলজিয়াম।",0.0,0.0,0.0
news-56797313,"ইংল্যান্ডের 'বিগ সিক্স' বলে পরিচিত আর্সেনাল, চেলসি, লিভারপুল, ম্যানচেস্টার সিটি, ম্যানচেস্টার ইউনাইটেড ও টটেনহ্যাম হটস্পার-সহ ইউরোপের ১২টি বিখ্যাত ক্লাব একজোট হয়ে একটি নতুন প্রতিযোগিতায় যোগ দিতে একমত হয়েছে, যার নাম ইউরোপিয়ান সুপার লিগ বা ইএসএল।","রেয়াল মাদ্রিদ, বার্সেলোনা, ইন্টার মিলান, জুভেন্টাস, এসি মিলান, আতলেটিকো মাদ্রিদসহ ১২টি ক্লাব সপ্তাহের মাঝামাঝি ম্যাচসহ পুরুষ ও নারী বিভাগে ইউরোপিয়ান সুপার লিগ চালুর পরিকল্পনা করেছে, যেখানে ২০টি দল অংশ নেবে। ফিফা, ইউয়েফা, বিভিন্ন ফুটবল সংস্থা, রাষ্ট্রপ্রধান ও সমর্থকেরা এটিকে ঘরোয়া ও ইউরোপীয় ফুটবলের কাঠামোর জন্য ক্ষতিকর ও লোভনির্ভর বলে নিন্দা করেছে; সংশ্লিষ্ট ক্লাব ও খেলোয়াড়দের নিষিদ্ধ করারও হুমকি দেওয়া হয়েছে।",16.67,4.26,10.42
160829_nasa_mars_simulation_hawaii,মঙ্গল গ্রহে বসবাসের অনুশীলনে একদল অভিযাত্রী জনমানবশূন্য পরিবেশে এক বছর কাটিয়ে ফিরে এসেছেন।,"নাসার অর্থায়নে হাওয়াই বিশ্ববিদ্যালয়ের পরিচালিত পরীক্ষায় ছয়জন বিজ্ঞানী ২০১৫ সালের ২৯ আগস্ট থেকে এক বছর সীমিত সম্পদ, ছোট ডোম ও কঠোর পরিবেশে মঙ্গলগ্রহের মতো বদ্ধ জীবনে বসবাস করেন। গবেষণায় দেখা গেছে, মঙ্গল অভিযানের কারিগরি ও মানসিক সমস্যাগুলো মোকাবিলা করা সম্ভব হলেও ব্যক্তিগত গোপনীয়তার অভাব ছিল সবচেয়ে বড় চ্যালেঞ্জ।",13.11,3.39,6.56
news-56510049,"ভারতে নতুন ধরনের 'ডাবল মিউট্যান্ট' করোনাভাইরাস শনাক্ত হয়েছে। এ ধরনের ভাইরাসে দুইটি মিউটেশন বা ডিএনএ পরিবর্তনের দুই ধরনের ক্ষমতা থাকে, যা শরীরের সাধারণ প্রতিরোধ ক্ষমতাকে পাশ কাটিয়ে আক্রমণ করে বা রোগে আক্রান্ত হওয়ার ঝুঁকি অনেক বাড়িয়ে দেয়।","ভারতে ১০ হাজার ৭৮৭টি নমুনার জিনোম সিকোয়েন্সিংয়ে যুক্তরাজ্য, দক্ষিণ আফ্রিকা ও ব্রাজিলের ধরনের সঙ্গে মিল থাকা ৭৭১টি নতুন ভাইরাসের ধরন শনাক্ত হয়েছে, যার কিছু মিউটেশন বেশি সংক্রামক বা প্রাণঘাতী হতে পারে। তবে সরকার বলছে, এসব নতুন ধরনের সঙ্গে সাম্প্রতিক সংক্রমণ বৃদ্ধির সম্পর্কের প্রমাণ নেই; এর মধ্যেই এক দিনে ৪৭ হাজার ২৬২ জন শনাক্ত হওয়ায় নজরদারি, পরীক্ষা ও কিছু এলাকায় কঠোর বিধিনিষেধ জোরদার করা হচ্ছে।",15.84,4.04,13.86
news-46057266,"বিশ্বজুড়ে গুগলের অফিসগুলোতে শত শত কর্মী আজ এক অভূতপূর্ব কর্মবিরতিতে যোগ দিয়েছেন। তারা গুগলে নারী কর্মীদের যৌন হয়রানির অভিযোগ এখন যে পদ্ধতিতে মিটমাট করা হয়, তার প্রতিবাদ জানাচ্ছেন।","গুগলের কর্মীরা যৌন হয়রানির অভিযোগ বাধ্যতামূলক সালিশে নিষ্পত্তির ব্যবস্থা বাতিল, বেতন-বৈষম্য দূর করা, অভিযোগের তথ্য প্রকাশ এবং নিরাপদে匿名 অভিযোগের সুযোগসহ বিভিন্ন দাবিতে কর্মবিরতি পালন করেছেন। অ্যান্ডি রুবিনের বিরুদ্ধে বিশ্বাসযোগ্য যৌন হয়রানির অভিযোগ থাকা সত্ত্বেও ৯ কোটি ডলার পাওয়ার ঘটনা প্রকাশের পর এই ক্ষোভ ছড়ায়; প্রধান নির্বাহী সুন্দর পিচাই কর্মীদের প্রতিবাদের অধিকার সমর্থন করেছেন এবং জানান, যৌন হয়রানির অভিযোগে ৪৮ জনকে বরখাস্ত করা হয়েছে, কাউকেই ক্ষতিপূরণ দেওয়া হয়নি।",12.5,4.26,10.42
news-49176425,বাংলাদেশে সরকারি হিসাবে এ বছর ১৭ হাজারের বেশি মানুষ ডেঙ্গু জ্বরে আক্রান্ত হয়েছে। এই হিসাবের নব্বই শতাংশ মানুষ আক্রান্ত হয়েছে জুলাই মাসে।,"বাংলাদেশে এ বছর ডেঙ্গুর প্রকোপ আগেভাগে ও ব্যাপকভাবে দেখা দিয়েছে; সরকারি হিসাবে অন্তত ১৪ জনের মৃত্যু হলেও গণমাধ্যমে মৃত্যুসংখ্যা আরও বেশি বলে জানানো হচ্ছে। ডেঙ্গু প্রাচীন রোগ, ১৭৭৯ সালে এর নামকরণ হয় এবং এডিস মশার মাধ্যমে বর্তমানে শতাধিক দেশে ছড়িয়ে পড়েছে; প্রতি বছর বিশ্বে কোটি কোটি মানুষ আক্রান্ত হয়। বাংলাদেশে রোগটি প্রথম শনাক্ত হয় ২০০০ সালে, শুরুতে ‘ঢাকা ফিভার’ নামে পরিচিত থাকলেও পরে এটি রাজধানীর বাইরে ছড়িয়ে পড়ে এবং এবারের মতো ব্যাপক বিস্তার আগে দেখা যায়নি।",18.37,6.25,14.29
news-53538087,করোনাভাইরাস মহামারির মধ্যে ভারত-বাংলাদেশ সীমান্ত এলাকাগুলিতে কয়েক হাজার ভারতীয় নাগরিক আটকা পড়ে আছেন।,"পশ্চিমবঙ্গের প্রায় আড়াই হাজার ভারতীয় নাগরিক বেনাপোল ও বাংলাবান্ধা সীমান্তে আটকে আছেন; স্থলপথে ভারত প্রবেশের অনুমতি না থাকায় অর্থাভাবে তারা বিমানে ফিরতেও পারছেন না। দীর্ঘদিন আটকে থাকায় তাদের খাবার ও আশ্রয়ের সংকট দেখা দিয়েছে, আর সরকারগুলোর পক্ষ থেকে পরিস্থিতির কারণ সম্পর্কে এখনো আনুষ্ঠানিক ব্যাখ্যা দেওয়া হয়নি।",16.67,6.9,13.33
news-51702229,কক্সবাজারের টেকনাফে র‍্যাবের সাথে কথিত বন্দুকযুদ্ধে ৭ জন রোহিঙ্গা শরণার্থী নিহত হয়েছে।,"কক্সবাজারের টেকনাফে রোহিঙ্গা শিবিরের কাছে র‍্যাবের সঙ্গে কথিত বন্দুকযুদ্ধে সাত রোহিঙ্গা নিহত হয়েছে। র‍্যাবের দাবি, নিহতরা একটি অপরাধী গোষ্ঠীর সঙ্গে জড়িত ছিল এবং ঘটনাস্থল থেকে গোলাবারুদ উদ্ধার করা হয়েছে; অভিযান চললেও রোহিঙ্গাদের পক্ষ থেকে কোনো বক্তব্য পাওয়া যায়নি।",33.96,15.69,33.96
news-44751233,"স্মার্টফোন থেকে আপনার তথ্য নিয়ে বড় প্রযুক্তি কোম্পানিগুলো কী করছে, তা কি আপনি জানেন?","বিভিন্ন অ্যাপ ও প্রযুক্তি কোম্পানি জিপিএস ছাড়াও আইপি ঠিকানা, চেক-ইন, অ্যাক্সেলোমিটার, জাইরোস্কোপ ও কম্পাসের তথ্য সংগ্রহ করে এবং ব্যক্তিগত তথ্য সহযোগী বা তৃতীয় পক্ষের সঙ্গে শেয়ার করতে পারে। ফেসবুক মুছে ফেলা সার্চ-তথ্য সংরক্ষণ করে ও অ্যাকাউন্ট না থাকলেও অনলাইন কার্যকলাপ অনুসরণ করতে পারে, আর লিংকডইন ও টুইটার ব্যক্তিগত মেসেজ স্ক্যান বা সংগ্রহ করে। এসব কোম্পানির গোপনীয়তা নীতিমালা জটিল ও দীর্ঘ হওয়ায় ব্যবহারকারীরা প্রায়ই না বুঝেই বিস্তৃত শর্তে সম্মতি দেন।",4.71,0.0,2.35
news-45304291,সৌদি আরবের মক্কায় প্রতিবছরই হজ পালন করেন মুসলিমরা আর সব প্রাপ্তবয়স্ক মুসলিমই আশা করেন যে তিনি জীবনে অন্তত একবার হজ্ব পালন করবেন।,"আহমদিয়া মুসলিমদের অমুসলিম হিসেবে বিবেচনা করায় সৌদি আরবে তাদের প্রবেশ ও হজ পালন নিষিদ্ধ; পরিচয় গোপন করলে কেউ কেউ গোপনে হজ করতে পারেন, তবে আটক বা ফেরত পাঠানোর ঝুঁকি থাকে। এই নিষেধাজ্ঞার পেছনে তাদের নবুওয়ত-সংক্রান্ত বিশ্বাস এবং বিশেষত পাকিস্তানের আইন ও পাসপোর্টে ধর্মীয় পরিচয় উল্লেখের বিষয়টি ভূমিকা রাখে।",8.45,2.9,8.45
news-53409449,"বৈশ্বিক মহামারি শুরুর পর থেকে বহু মানুষ কাজ হারিয়েছেন, গুটিয়ে গেছে বহু ব্যবসা। এর মধ্যেও কোন পেশায় টিকে আছেন এমন সৌভাগ্যবান ব্যক্তিদেরও কাজের ধরন পুরোপুরি বদলে গেছে।","করোনাভাইরাসের প্রভাবে বাংলাদেশে চাকরির বিজ্ঞপ্তি প্রায় ৮০ শতাংশ কমে গেছে এবং অনেক প্রতিষ্ঠান নিয়োগ স্থগিত বা কর্মীসংখ্যা কমিয়েছে; ফলে তরুণদের কর্মজীবনের পরিকল্পনা ও দক্ষতার ক্ষেত্রে পরিবর্তন আনতে হবে। ই-কমার্স, অনলাইন বিপণন, সার্চ ইঞ্জিন অপটিমাইজেশন, ইমেজ প্রসেসিং, পরিবহন ও অন্যান্য খণ্ডকালীন কাজে নতুন সুযোগ তৈরি হচ্ছে। এ ছাড়া কৃষি, খাদ্যপণ্য, স্বাস্থ্যসেবা ও ঔষধ খাতেও সম্ভাবনা রয়েছে; সৃজনশীলতা, যোগাযোগ, প্রযুক্তি, বিশ্লেষণ ও দ্রুত খাপ খাওয়ানোর দক্ষতা অর্জনের ওপর বিশেষজ্ঞরা জোর দিয়েছেন।",2.06,0.0,2.06
news-49188235,"মার্কিন গোয়েন্দা সংস্থা জানিয়েছে, আল কায়েদার প্রতিষ্ঠাতা ওসামা বিন লাদেনের ছেলে হামজা মারা গেছেন।","হামজা বিন লাদেনের মৃত্যুর খবর প্রকাশ পেলেও তার মৃত্যুর স্থান ও তারিখ নিশ্চিত করা হয়নি; এ বিষয়ে মার্কিন প্রেসিডেন্ট ও কর্মকর্তারা মন্তব্য করেননি। আল-কায়েদার সম্ভাব্য নেতা হামজা যুক্তরাষ্ট্র ও মিত্রদের বিরুদ্ধে হামলার আহ্বান জানিয়ে আসছিলেন এবং তার মৃত্যুর খবর সত্য হলে সংগঠনটির প্রচারণায় প্রভাব পড়তে পারে, তবে আল-কায়েদার সন্ত্রাসী হুমকি শেষ হবে না।",17.39,5.97,11.59
news-46936286,সম্প্রতি রাইড শেয়ারিং অ্যাপের একজন বাইক চালক শাহানাজ আক্তারের স্কুটি চুরির পর সেটা ফেরত পাওয়া নিয়ে পুলিশের তৎপর ভূমিকার প্রশংসায় ভাসছে সামাজিক যোগাযোগ মাধ্যম।,"ঢাকাসহ সারা দেশে চুরি যাওয়া অধিকাংশ মোটরসাইকেল উদ্ধার হয় না—ভুক্তভোগীদের অভিযোগ, পুলিশের আন্তরিকতা ও কার্যকর সমন্বয়ের অভাবই এর অন্যতম কারণ। সাংবাদিক তারেক হাসান শিমুলের বাইক দুই মাসেও উদ্ধার না হলেও, মোবাইল নম্বরসহ নির্দিষ্ট ক্লু থাকায় শাহানাজ আক্তারের স্কুটি দ্রুত উদ্ধার হয়। পুলিশ জানায়, প্রমাণের অভাব, চোরচক্রের কারসাজি এবং থানাগুলোর দুর্বল তথ্য-নেটওয়ার্কের কারণে অধিকাংশ বাইক শনাক্ত ও মালিকের কাছে ফেরত দেওয়া কঠিন।",13.79,4.71,11.49
news-46354206,আগামী ৩০শে ডিসেম্বরের সংসদ নির্বাচনে এখনো মনোনয়ন ঘোষণা করেনি জাতীয় পার্টি - যারা ক্ষমতাসীন আওয়ামী লীগ নেতৃত্বাধীন মহাজোটের অংশ।,"জাতীয় পার্টি ২ হাজার ৮০০-এর বেশি মনোনয়নপত্রের মধ্য থেকে প্রায় ৩০০ প্রার্থী বাছাই করলেও মহাজোটের আনুষ্ঠানিক ঘোষণা না আসায় দলটি কত আসনে লড়বে তা এখনো অনিশ্চিত। আওয়ামী লীগ ও জাতীয় পার্টির প্রার্থী ঘোষণাকে কেন্দ্র করে ঢাকা-১ ও কক্সবাজার-৩সহ বিভিন্ন আসনে ক্ষোভ-বিক্ষোভ ও অভ্যন্তরীণ কোন্দল দেখা দিয়েছে, তবে চূড়ান্ত জোট তালিকা প্রকাশের পর পরিস্থিতি স্বাভাবিক হবে বলে দলীয় নেতারা আশা করছেন।",17.07,5.0,9.76
news-50242731,"স্টিফেন হকিং থেকে শুরু করে ইলন মাস্ক- বিশ্বের শীর্ষ কয়েকজন বিজ্ঞানী কৃত্রিম বুদ্ধিমত্তা নিয়ে উদ্বেগ প্রকাশ করেছেন যে, এটি একসময় হয়তো মানব প্রজাতির জন্য একটি হুমকি হয়ে উঠতে পারে।","অধ্যাপক স্টুয়ার্ট রাসেল সতর্ক করেছেন, এআই নিজে সচেতন হয়ে মানুষকে ঘৃণা করবে না; বরং নির্ধারিত কাজ অত্যন্ত দক্ষতার সঙ্গে করতে গিয়ে ভুল বা অসম্পূর্ণ নির্দেশনার কারণে মানবজাতির জন্য বিপদ ডেকে আনতে পারে। তাই মানুষের উচিত এআইয়ের নিয়ন্ত্রণ বজায় রাখা এবং এমন ব্যবস্থা তৈরি করা, যা মানুষের ইচ্ছা সম্পর্কে অনিশ্চিত থেকে কাজের আগে অনুমতি চাইবে।",12.05,0.0,7.23
news-51034723,"প্রেসিডেন্ট ডোনাল্ড ট্রাম্প বলেছেন, ইরাকে মার্কিন ঘাঁটিতে মিসাইল হামলা চালানোর পর ইরান 'মনে হচ্ছে ক্ষান্ত দিয়েছে'।","ইরানের ক্ষেপণাস্ত্র হামলায় কোনো американ বা ইরাকি নিহত না হওয়ায় ডোনাল্ড ট্রাম্প পাল্টা সামরিক হামলার হুমকি না দিয়ে নতুন নিষেধাজ্ঞা আরোপের কথা বলেন এবং পরমাণু অস্ত্র ত্যাগ করলে ইরানের সঙ্গে শান্তিচুক্তির প্রস্তাব দেন। অন্যদিকে, আয়াতোল্লাহ খামেনি হামলাটিকে আমেরিকার মুখে চপেটাঘাত হিসেবে আখ্যা দিয়ে মধ্যপ্রাচ্য থেকে মার্কিন উপস্থিতি শেষ করার আহ্বান জানান; প্রেসিডেন্ট হাসান রুহানিও একই লক্ষ্যকে প্রতিশোধ হিসেবে উল্লেখ করেন।",10.53,2.7,7.89
news-47889112,বৃহস্পতিবার (আজ) শুরু হয়েছে ভারতের জাতীয় নির্বাচনের প্রথম ধাপ। এবারের নির্বাচনকে দেখা হচ্ছে ভারতের বর্তমান প্রধানমন্ত্রী নরেন্দ্র মোদি'র গ্রহণযোগ্যতা যাচাইয়ের নির্বাচন হিসেবে।,"ভারতে লোকসভা নির্বাচনের প্রথম ধাপে ২০টি রাজ্য ও কেন্দ্রশাসিত অঞ্চলের ৯১টি আসনে ভোটগ্রহণ শুরু হয়েছে; সাত ধাপে চলা এই নির্বাচনে প্রায় ৯০ কোটি ভোটার ভোট দেবেন এবং ২৩ মে ফল ঘোষণা হবে। বিজেপি নেতৃত্বাধীন নরেন্দ্র মোদি সরকার টানা দ্বিতীয়বার সংখ্যাগরিষ্ঠতা পেতে লড়ছে, অন্যদিকে কংগ্রেস ও আঞ্চলিক দলগুলো কঠিন প্রতিদ্বন্দ্বিতা করছে। বেকারত্ব, কৃষকদের দুর্দশা, অর্থনৈতিক প্রবৃদ্ধি, দারিদ্র্য এবং পাকিস্তানকে ঘিরে জাতীয় নিরাপত্তা নির্বাচনের প্রধান ইস্যু হয়ে উঠেছে।",15.73,6.9,8.99
news-48658994,ইংল্যান্ডের ছোট শহর টনটনে মুখোমুখি হচ্ছে বাংলাদেশ ও ওয়েস্ট ইন্ডিজ।,"বাংলাদেশ ও ওয়েস্ট ইন্ডিজ বিশ্বকাপ ২০১৯-এ সমান তিন পয়েন্ট নিয়ে মুখোমুখি হচ্ছে; জয়ী দল পাঁচ পয়েন্ট নিয়ে পয়েন্ট তালিকায় এগিয়ে যাবে। মাশরাফী বিন মোর্ত্তজা জানান, ওয়েস্ট ইন্ডিজের বাঁহাতি ব্যাটসম্যানদের মোকাবিলায় বাংলাদেশ আলাদা পরিকল্পনা করেছে, তবে ছোট মাঠ ও ক্রিস গেইল-আন্দ্রে রাসেলদের নিয়ে উদ্বেগ রয়েছে।-vesm",24.56,14.55,14.04
news-45386636,সম্প্রতি চীনের অল্প বয়েসী ছেলেমেয়েদের মধ্যে চোখের সমস্যা একটি সাধারণ সমস্যা। এর মধ্যে কাছের দৃশ্য দেখতে সমস্যা হওয়া থেকে শুরু করে রয়েছে মাইওপিয়া পর্যন্ত।,"চীনে শিশুদের মধ্যে মাইওপিয়া বাড়ার প্রেক্ষিতে সরকার ভিডিও গেম খেলার সময়, বয়সভিত্তিক সীমা ও ডাউনলোডের সংখ্যা নিয়ন্ত্রণের নীতি ঘোষণা করেছে। অতিরিক্ত পড়াশোনা, মোবাইল ও ইলেকট্রনিক যন্ত্রের ব্যবহার এবং বাইরে খেলাধুলার অভাবকে চোখের সমস্যার কারণ হিসেবে উল্লেখ করা হয়েছে। সিদ্ধান্তের পর চীনা গেমিং কোম্পানিগুলোর শেয়ারদর কমেছে, বিশেষ করে টেনসেন্ট বড় আর্থিক ক্ষতির মুখে পড়েছে।",10.39,0.0,7.79
news-52829563,বাংলাদেশে চব্বিশ ঘণ্টায় শনাক্ত হওয়া রোগীর সংখ্যা ২ হাজারের মাইলফলক অতিক্রম করেছে।,"গত ২৪ ঘণ্টায় বাংলাদেশে ৯,৩১০টি নমুনা পরীক্ষা করে ২,০২৯ জনের করোনা শনাক্ত ও ১৫ জনের মৃত্যু হয়েছে; এ নিয়ে মোট আক্রান্ত ৪০,৩২১ জন এবং মৃত ৫৫৯ জন। একই সময়ে ৫০০ জন সুস্থ হওয়ায় মোট সুস্থের সংখ্যা দাঁড়িয়েছে ৮,৪২৫ জন; শনাক্তের হার ২১.৭৯ শতাংশ, সুস্থতার হার ২০.৮৯ শতাংশ এবং মৃত্যুহার ১.৩৯ শতাংশ।",14.29,0.0,8.57
news-46210996,বিশ্বের বিভিন্ন দেশে বেশ জোরালোভাবে চলছে 'মি-টু' আন্দোলন। বিশেষ করে যুক্তরাষ্ট্র ও ভারতে বিভিন্ন অঙ্গনের ক্ষমতাশালী ব্যক্তিদের বিরুদ্ধে ওঠা অভিযোগ রীতিমতো ঝড় তুলেছে ।,"বাংলাদেশে যৌন হয়রানি ও নির্যাতনের বিরুদ্ধে ‘মি টু’ আন্দোলনে কয়েকটি অভিযোগ প্রকাশ পেলেও নারী অধিকার সংগঠনগুলোর নীরবতা ও সীমিত প্রতিক্রিয়া নিয়ে প্রশ্ন উঠেছে। কর্মীরা বলছেন, যৌন হয়রানির সংজ্ঞা ও গুরুত্ব সম্পর্কে বিভ্রান্তি, নির্বাচনকেন্দ্রিক অগ্রাধিকার এবং সামাজিকভাবে প্রভাবশালী অভিযুক্তদের বিষয়টি এড়িয়ে যাওয়ার প্রবণতা রয়েছে; তবে ভুক্তভোগীদের সামাজিক ও মানসিক সহায়তা দেওয়ার প্রয়োজনীয়তা নিয়ে আলোচনা চলছে।",15.38,2.63,7.69
news-56230347,জাতিসংঘের মানবাধিকার বিষয়ক সংস্থার পক্ষ থেকে বলা হয়েছে মিয়ানমারে সামরিক অভ্যুত্থানের বিরুদ্ধে চলমান বিক্ষোভের সময় আজ রবিবার কমপক্ষে ১৮ জন নিহত হয়েছে।,"মিয়ানমারে সেনা অভ্যুত্থানের পর সবচেয়ে রক্তাক্ত দিনে ইয়াঙ্গন, বাগো ও দাওয়েইসহ বিভিন্ন শহরে নিরাপত্তা বাহিনী গুলি, রাবার বুলেট, স্টানগান ও জলকামান ব্যবহার করে বিক্ষোভ দমন করেছে; ৩০ জনের বেশি আহত ও বহু মানুষ গ্রেফতার হয়েছে। ক্ষমতাচ্যুত সরকারের প্রতি আন্তর্জাতিক সমর্থনের আহ্বান জানানোয় জাতিসংঘে মিয়ানমারের রাষ্ট্রদূতকে বরখাস্ত করা হয়েছে, আর ১ ফেব্রুয়ারির অভ্যুত্থানের পর দেশজুড়ে প্রতিদিনের বিক্ষোভ আরও তীব্র হচ্ছে।",9.88,0.0,7.41
news-44425844,"বাংলাদেশে কারাবন্দী বিএনপি নেত্রী খালেদা জিয়ার স্বাস্থ্য পরিস্থিতি নিয়ে উদ্বেগ জানিয়ে তার ব্যক্তিগত চিকিৎসকরা জানিয়েছেন, আজ (শনিবার) কারাগারে তার সঙ্গে কথা বলে তাদের মনে হয়েছে কয়েকদিন আগে তিনি হয়তো মাইল্ড স্ট্রোকের শিকার হয়েছিলেন।","খালেদা জিয়ার ব্যক্তিগত চিকিৎসকরা জানান, তিনি তিন সপ্তাহ ধরে জ্বরে ভুগছেন এবং ৫ জুন মাথা ঘুরে পড়ে প্রায় সাত মিনিট অজ্ঞান ছিলেন; তাদের ধারণা, এটি মৃদু স্ট্রোক বা ট্রানজিয়েন্ট ইস্কেমিক অ্যাটাক হতে পারে। তারা দ্রুত পূর্ণাঙ্গ পরীক্ষা-নিরীক্ষার সুবিধাসম্পন্ন বেসরকারি হাসপাতালে তাকে ভর্তি করার সুপারিশ করেছেন, তবে কারা কর্তৃপক্ষ জানিয়েছে, জেলকোড অনুযায়ী পরবর্তী ব্যবস্থা নেওয়া হবে। বিএনপি সরকারের চিকিৎসা-উদ্যোগ নিয়ে অসন্তোষ প্রকাশ করলেও সরকার প্রয়োজনীয় চিকিৎসার আশ্বাস দিয়েছে।",15.69,4.0,9.8
news-44386417,"বাংলাদেশের বিশ্বকাপের সিংহভাগ জুড়ে থাকে ব্রাজিল ও আর্জেন্টিনা নিয়ে উন্মাদনা। বিশ্বকাপ শুরুর অনেক আগে থেকেই রাস্তাঘাট পতাকায় ছেয়ে যায়। জার্মানি, ফ্রান্স বা স্পেনের মতো দলের সমর্থক থাকলেও মূলত ব্রাজিল ও আর্জেন্টিনা নিয়েই আলোচনা বেশি হয় বাংলাদেশে।","বাংলাদেশে ১৯৮২ সালে টেলিভিশনে বিশ্বকাপ সম্প্রচার শুরু হওয়ার পর থেকেই ব্রাজিল ও আর্জেন্টিনাকে ঘিরে ব্যাপক সমর্থকগোষ্ঠী ও উন্মাদনা তৈরি হয়। পেলে, ম্যারাডোনা, রোনালদো ও মেসির মতো তারকা এবং ১৯৮৬ থেকে ২০০২ সাল পর্যন্ত দুই দলের সাফল্য এই জনপ্রিয়তা বাড়ায়; কখনো সমর্থকদের দ্বন্দ্ব খুনসুটিতে সীমাবদ্ধ থাকলেও তা মারামারিতেও গড়িয়েছে।",26.19,2.44,14.29
news-49514242,বাংলাদেশের সবচেয়ে বড় দু'টি মোবাইল ফোন কোম্পানি গ্রামীণ এবং রবি'র বিরুদ্ধে সাড়ে ১৩ হাজার কোটি টাকা বকেয়া না দেয়ার অভিযোগ তুলে সরকার তাদের শাস্তি দেয়ার প্রশ্নে নোটিশ পাঠাচ্ছে।,"বিটিআরসি দাবি করছে, অডিটে গ্রামীণফোন ও রবির কাছে মোট ১৩ হাজার ৪৪৭ কোটি টাকার বেশি বকেয়া পাওয়া গেছে, তাই সরকার তাদের শোকজ নোটিশ দেওয়ার অনুমোদন দিয়েছে; নোটিশে ৬০ দিনের মধ্যে অর্থ পরিশোধের সময় এবং সর্বোচ্চ শাস্তি হিসেবে লাইসেন্স বাতিলের বিধান থাকবে। বকেয়ার হিসাব ও আদায়প্রক্রিয়া নিয়ে আপত্তি জানিয়ে গ্রামীণফোন সালিশের মাধ্যমে সমাধান চায়, আর রবি নোটিশ পেলে আদালতে যাওয়ার প্রস্তুতি নিচ্ছে।",21.98,4.49,17.58
47879823,ফেনীর সোনাগাজীতে একটি মাদ্রাসার যে ছাত্রীকে শরীরে কেরোসিন ঢেলে আগুন ধরিয়ে দেয়া হয়েছিল তিনি বুধবার রাতে মারা গেছেন।,"সোনাগাজীর ইসলামিয়া ফাজিল মাদ্রাসায় আলিম পরীক্ষা দিতে গিয়ে আগুনে দগ্ধ হওয়া ছাত্রীটি ৮০ শতাংশ দগ্ধ অবস্থায় ঢাকার হাসপাতালে চিকিৎসাধীন থেকে বুধবার রাতে মারা গেছে। পরিবারের অভিযোগ, অধ্যক্ষের বিরুদ্ধে শ্লীলতাহানির মামলা করায় পরিকল্পিতভাবে তাকে হত্যার চেষ্টা করা হয়; এ ঘটনায় অধ্যক্ষ ও এক প্রভাষককে রিমান্ডে নেওয়া হয়েছে এবং পুলিশের গাফিলতির অভিযোগে থানার ওসিকে প্রত্যাহার করা হয়েছে।",8.22,5.63,8.22
news-55037149,বাংলাদেশে যে কোন ব্যাংক সাইবার হামলার শিকার হতে পারে বলে সতর্ক করে দিয়েছে সরকারের অর্থ মন্ত্রণালয়। সতর্কতা হিসেবে ইতিমধ্যেই নিরাপত্তা বাড়ানোর কথা জানিয়েছে ব্যাংকগুলো।,"২০১৬ সালে বাংলাদেশ ব্যাংকের রিজার্ভ চুরির পর উত্তর কোরিয়াভিত্তিক হ্যাকারদের সম্ভাব্য সাইবার হামলার আশঙ্কায় অর্থ মন্ত্রণালয় ও কেন্দ্রীয় ব্যাংক দেশের সরকারি-বেসরকারি ব্যাংকগুলোকে সতর্ক করেছে। ব্যাংকগুলো এটিএমের সময় সীমিত করা, নিরাপত্তা বাড়ানো এবং সুইফট নেটওয়ার্ক আলাদা করাসহ বিভিন্ন পদক্ষেপ নিলেও সাইবার নিরাপত্তায় বিনিয়োগ ও প্রযুক্তিগত ঘাটতি এখনো বড় চ্যালেঞ্জ।",21.92,5.63,13.7
news-44196016,"বাংলাদেশের কেন্দ্রীয় ব্যাংকের পক্ষ থেকে সমস্ত ব্যাংকগুলোর ওপর জারী করা কেন্দ্র এক নির্দেশনায় বলা হয়েছে, ঈদের আগে নোট জালকারী চক্রের 'অপতৎপরতা' বাড়ে এবং তার জন্য কিছু ব্যবস্থা নিতে হবে।","বাংলাদেশ ব্যাংক জাল নোট শনাক্তে জনসচেতনতা বাড়াতে প্রচারণা চালাচ্ছে এবং ব্যাংকগুলোকে গ্রাহকের টাকা ও এটিএমে ঢোকানোর আগে নোট পরীক্ষা করার নির্দেশ দিয়েছে। আসল নোটের খসখসে ছাপ, নিরাপত্তা সুতো, বাঘের জলছাপ ও ৫০০ টাকার নোটের রং পরিবর্তনশীল কালি দেখে জাল নোট চেনা যায়; ঈদের আগে বড় মূল্যমানের জাল নোটের তৎপরতা বাড়ে। জাল নোট ঠেকাতে কেন্দ্রীয় ব্যাংক কঠোর আইন প্রস্তাব করেছে, আর হাতে এলে তা ছিঁড়ে ফেলার পরামর্শ দিয়েছে।",12.5,4.26,6.25
news-56483627,বাংলাদেশের কক্সবাজারের উখিয়ার কুতুপালং রোহিঙ্গা ক্যাম্পে অগ্নিকাণ্ডের ঘটনা ঘটেছে।,"উখিয়ার কুতুপালং ক্যাম্পের বালুখালি ৮, ৯ ও ১০ নম্বর ক্যাম্পে বিকেল ৪টার দিকে আগুন লাগে, যা আশপাশের এলাকায় ছড়িয়ে পড়ে। আগুন নেভাতে ফায়ার সার্ভিসের চারটি ইউনিটের পাশাপাশি সেনাবাহিনী ও পুলিশ কাজ করছে; ক্যাম্পগুলোতে প্রায় ২০০টি ঘর রয়েছে বলে জানিয়েছেন স্থানীয়রা।",12.24,4.26,12.24
news-50563543,সম্প্রতি সুমি আক্তার নামে পঞ্চগড়ের একজন নারী সৌদি আরব থেকে লুকিয়ে ভিডিও কল করে তাকে উদ্ধারের করার জন্য আকুল আবেদন জানান।,"সৌদি আরবে বাংলাদেশি নারী গৃহকর্মীদের ওপর নির্যাতন, ধর্ষণ, বেতন না দেওয়া ও মৃত্যুর ঘটনা বাড়ায় দেশটিতে নারী শ্রমিক পাঠানো বন্ধের দাবি জোরালো হয়েছে। সরকার ও সংসদীয় কমিটি পাঠানো বন্ধ না করে নিয়োগকর্তাদের আইনি জবাবদিহি নিশ্চিত করে সুরক্ষা বাড়ানোর কথা বললেও, বাস্তব কর্মপরিকল্পনা এখনও স্পষ্ট নয়। সৌদি আরব বাংলাদেশের নারী শ্রমিকদের প্রধান গন্তব্য হওয়ায় বিকল্প শ্রমবাজার সীমিত, বিশেষত অদক্ষ নারীদের জন্য।",12.35,2.53,9.88
news-44843943,আপনি জানেন কি - বাংলাদেশে একজন শ্রমিক মাসে সর্বোচ্চ কত টাকা মজুরী পান?,"জাহাজভাঙা খাতে শ্রমিকদের সর্বনিম্ন মাসিক মজুরি ১৬,০০০ টাকা হলেও ৪১টি শ্রমশিল্পে মজুরির ব্যাপক বৈষম্য রয়েছে; ট্যানারি, নির্মাণ ও ফার্মাসিউটিক্যাল খাতে মজুরি তুলনামূলক বেশি, আর টাইপ ফাউন্ড্রি, পেট্রোল পাম্প, অটোমোবাইল ওয়ার্কশপ ও চা-বাগানে কম। পোশাকসহ ছয়টি শিল্পে নতুন মজুরি নির্ধারণের আলোচনা চলছে, আর মজুরি বোর্ড জীবনযাত্রার ব্যয়, মূল্যস্ফীতি, উৎপাদনশীলতা, কাজের ঝুঁকি ও মালিকের সক্ষমতা বিবেচনা করে সাধারণত পাঁচ বছর পরপর মজুরি পুনর্বিবেচনা করে।",2.63,0.0,2.63
news-44940331,বাংলাদেশের সাবেক রাষ্ট্রপতি ও জাতীয় পার্টির চেয়ারম্যান এইচ এম এরশাদ ভারত সরকারের আমন্ত্রণে দিল্লি সফরে এসে গুরুত্বপূর্ণ নেতা-মন্ত্রীদের সঙ্গে দেখা করছেন।,"জাতীয় পার্টির প্রধান এইচ এম এরশাদের দিল্লি সফরকে ভারত বাংলাদেশের সাংবিধানিক ধারাবাহিকতা ও গণতন্ত্র রক্ষায় দলটির ভূমিকার স্বীকৃতি হিসেবে দেখছে। সফরে এরশাদ ও তাঁর নেতারা ভারতের স্বরাষ্ট্রমন্ত্রী, পররাষ্ট্রমন্ত্রী ও জাতীয় নিরাপত্তা উপদেষ্টার সঙ্গে বৈঠক করে গণতন্ত্র শক্তিশালী করা এবং আসন্ন নির্বাচনে জাতীয় পার্টির সম্ভাব্য ভূমিকা নিয়ে আলোচনা করেন। পর্যবেক্ষকদের মতে, বিএনপি-আওয়ামী লীগের বাইরে তৃতীয় শক্তি হিসেবে জাতীয় পার্টির গুরুত্ব বিবেচনায় ভারত দলটির সঙ্গে সম্পর্ক জোরদার করছে।",24.72,6.9,15.73
news-47520818,দীর্ঘ ২৮ বছর পর ঢাকা বিশ্ববিদ্যালয়ের কেন্দ্রীয় ছাত্র সংসদের নির্বাচনের ভোট গ্রহণ অনুষ্ঠিত হয়েছে। ভোটে কারচুপি ও অনিয়মের অভিযোগ তুলে ভোট বর্জন করে পুনঃতফসিলের দাবি জানিয়েছে ছাত্রলীগ ছাড়া বাকি সব প্যানেল।,"ঢাকা বিশ্ববিদ্যালয়ের ডাকসু নির্বাচনকে অনিয়ম ও হামলার অভিযোগে প্রহসনের নির্বাচন আখ্যা দিয়ে ছাত্রদলসহ কয়েকটি প্যানেল ভোট বর্জন করে, ক্যাম্পাসে বিক্ষোভ ও পরদিন ক্লাস-পরীক্ষা বর্জনের ঘোষণা দেয়। কুয়েত মৈত্রী, রোকেয়া ও সুফিয়া কামাল হলে ব্যালট নিয়ে অনিয়মের অভিযোগে ভোট সাময়িক বন্ধ হলেও পরে কিছু কেন্দ্রে পুনরায় শুরু হয়; প্রশাসন তদন্ত কমিটি গঠন করে এবং কুয়েত মৈত্রী হলের প্রভোস্ট পরিবর্তন করে। তবে উপাচার্য দাবি করেন, নির্বাচন সুষ্ঠু ও আনন্দমুখর পরিবেশে অনুষ্ঠিত হয়েছে।",23.53,8.0,15.69
news-46935801,যুক্তরাষ্ট্রের সাবেক প্রেসিডেন্ট জর্জ ডব্লিউ বুশ তার নিরাপত্তা কর্মীদের পিৎজা খাইয়েছেন।,সরকারের আংশিক শাটডাউনে বেতন না পেলেও কাজ করে যাওয়া সিক্রেট সার্ভিস সদস্যদের প্রতি কৃতজ্ঞতা জানিয়ে সাবেক প্রেসিডেন্ট জর্জ ডব্লিউ বুশ ও তাঁর স্ত্রী লরা বুশ তাঁদের জন্য পিৎজা পাঠান। বুশ রাজনীতিবিদদের বিভেদ দূরে রেখে ঐক্যবদ্ধ হওয়ার আহ্বান জানান; সীমান্তে দেয়াল নির্মাণের অর্থ বরাদ্দ নিয়ে ট্রাম্প ও ডেমোক্র্যাটদের বিরোধের জেরে এই অচলাবস্থা তৈরি হয়েছে।,18.75,12.9,18.75
news-54767253,ফ্রান্সের লিঁওতে একজন গ্রিক অর্থোডক্স পাদ্রীর গায়ে গুলি করা হলে তিনি গুরুতর জখম হন।,"ফ্রান্সের লিঁও শহরের একটি গির্জা বন্ধ করার সময় বন্দুকধারীর গুলিতে পাদ্রী নিকোলাস কাকাভেলাকিস গুরুতর আহত হন; হামলাকারী পালিয়ে গেলেও প্রত্যক্ষদর্শীদের বর্ণনার ভিত্তিতে একজন সন্দেহভাজনকে আটক করা হয়েছে। হামলার উদ্দেশ্য এখনো জানা যায়নি, তবে এর আগে নিসের একটি চার্চে প্রাণঘাতী হামলার পর দেশজুড়ে উপাসনালয় ও গুরুত্বপূর্ণ স্থানে নিরাপত্তা জোরদার করা হয়েছে।",15.62,0.0,9.38
news-46305011,বাংলাদেশে নির্বাচনের সময় জনগণ যাতে কেন্দ্রে গিয়ে তাদের ভোট দিতে পারেন তা নিশ্চিত করার জন্য প্রধান নির্বাচন কমিশনার কে. এম. নূরুল হুদা পুলিশ প্রশাসনের প্রতি নির্দেশ দিয়েছেন।,"৩০ ডিসেম্বরের সংসদ নির্বাচন সামনে রেখে প্রধান নির্বাচন কমিশনার কে. এম. নূরুল হুদা পুলিশ কর্মকর্তাদের নির্বাচনী কর্মকর্তাদের হয়রানি বন্ধ, অবৈধ অস্ত্র উদ্ধার ও সন্ত্রাসীদের বিরুদ্ধে দলমত নির্বিশেষে ব্যবস্থা নেওয়ার নির্দেশ দিয়েছেন। একই সঙ্গে নির্বাচনপূর্ব, ভোটের দিন ও পরবর্তী নিরাপত্তা নিশ্চিত করা এবং সংখ্যালঘুদের নির্ভয়ে ভোট ও নিরাপদে বসবাসের পরিবেশ তৈরির ওপর জোর দেওয়া হয়েছে।",29.63,20.25,24.69
news-46856269,বাংলাদেশ বিমানের বিজি ২০২ ফ্লাইটি গত ৪ঠা জানুয়ারি লন্ডন থেকে যাত্রী বোঝাই হয়ে রওনা দিয়েছিলো সিলেটের উদ্দেশ্যে।,"লন্ডন-সিলেটগামী বাংলাদেশ বিমানের ফ্লাইটে মদ্যপ এক যাত্রী কেবিন ক্রুদের সঙ্গে অসৌজন্যমূলক আচরণ, কামড় ও প্লেট নিক্ষেপ করে বিশৃঙ্খলা সৃষ্টি করেন; পরে নিরাপত্তার জন্য তাকে আসনের সঙ্গে বেঁধে সিলেটে অবতরণের পর পুলিশের হাতে তুলে দেওয়া হয়। বিমান কর্তৃপক্ষ ঘটনাটিকে নিরাপত্তার জন্য হুমকি বললেও এভিয়েশন বিশেষজ্ঞ পুরো ঘটনায় অতিরিক্ত যাত্রী-সম্পৃক্ততা ও পেশাদারিত্বের ঘাটতির সমালোচনা করেছেন; ভবিষ্যতে এমন পরিস্থিতি সামলাতে বিমানে হ্যান্ডকাফ রাখার সিদ্ধান্ত নেওয়া হয়েছে।",9.76,2.5,7.32
news-50713007,গণ-পরিবহনে একাকী ভ্রমণের ক্ষেত্রে কিছু সতর্কতা পরামর্শ দিয়ে সম্প্রতি ফেসবুকে পুলিশ বাহিনীর একটি পোস্ট নিয়ে আলোচনা চলছে সামাজিক যোগাযোগ মাধ্যমে।,"পুলিশ গণপরিবহনে নারীদের নিরাপত্তার জন্য কম যাত্রীবাহী বাস এড়ানো, ঘুম নাানো, পরিবারের সদস্যকে অবস্থান জানানো এবং প্রয়োজনে ৯৯৯-এ ফোনসহ নয়টি সতর্কতামূলক পরামর্শ দিয়েছে। তবে ভুক্তভোগী ও নারী অধিকারকর্মীরা এসব পরামর্শকে রাষ্ট্র ও আইনশৃঙ্খলা বাহিনীর দায় এড়ানো এবং নারীকেই দোষারোপের সুযোগ তৈরির আশঙ্কা হিসেবে সমালোচনা করেছেন। পুলিশ অভিযোগ নাকচ করে বলেছে, এটি সচেতনতা তৈরির উদ্যোগ; তবে সম্ভাব্য অপরাধীদের বিরুদ্ধে নির্দিষ্ট ব্যবস্থা সম্পর্কে স্পষ্ট কোনো বক্তব্য দেওয়া হয়নি।",6.82,0.0,4.55
news-47260852,অনেকেই আছেন যারা মস্তিষ্কের গঠনের জন্য রাতে লম্বা সময় জেগে থাকেন। আর সকালে দেরি করে ওঠেন।,"এমআরআই গবেষণায় দেখা গেছে, রাত জাগা ও দেরিতে ওঠা মানুষের মস্তিষ্কের চেতনা-সংশ্লিষ্ট অংশের সংযোগ তুলনামূলক কম; ফলে দিনে তাদের ঘুমভাব বেশি, মনোযোগ কম এবং প্রতিক্রিয়া ধীর হয়। বিপরীতে, ভোরে ওঠা ব্যক্তিরা দিনে দ্রুত ও ভালো কাজ করেন, আর রাতজাগাদের কর্মক্ষমতা রাত আটটার পর বাড়ে। গবেষকরা মনে করেন, শরীরের স্বাভাবিক ছন্দের বিপরীতে স্কুল বা অফিসের সময় মেনে চললে তাদের কর্মদক্ষতা ও স্বাস্থ্যে নেতিবাচক প্রভাব পড়তে পারে।",7.32,0.0,4.88
news-53524316,চীনের দক্ষিণ-পশ্চিমাঞ্চলের শহর চেংডুর মার্কিন দূতাবাস বন্ধ করে দেয়ার আদেশ দিয়েছে চীনের কর্তৃপক্ষ। চীন-মার্কিন সাম্প্রতিক দ্বন্দ্বের প্রেক্ষিতে প্রতিশোধমূলক পদক্ষেপ হিসেবে এই সিদ্ধান্ত নিয়েছে চীন।,"হিউস্টনে চীনা দূতাবাস বন্ধের মার্কিন সিদ্ধান্তের প্রতিক্রিয়ায় চীন চেংডুর মার্কিন কনস্যুলেট বন্ধের নির্দেশ দিয়েছে। বুদ্ধিবৃত্তিক সম্পদ চুরি, বাণিজ্য ও করোনাভাইরাস, এবং হংকংয়ের নিরাপত্তা আইন নিয়ে দুই দেশের বিরোধ ক্রমেই তীব্র হচ্ছে; উভয় দেশই পরস্পরের পদক্ষেপকে অন্যায় ও অযৌক্তিক বলে দোষারোপ করছে।",17.91,3.08,8.96
news-46969932,নিউজিল্যান্ডের বিপক্ষে তিন ম্যাচের ওয়ানডে সিরিজের দলে ফিরেছেন সাব্বির রহমান ও তাসকিন আহমেদ।,আচরণবিধি ভঙ্গের কারণে ফেব্রুয়ারির শেষ পর্যন্ত নিষিদ্ধ থাকলেও দলের প্রয়োজনে শাস্তি শিথিল করে সাব্বির রহমানকে বাংলাদেশ ওয়ানডে দলে ফেরানো হয়েছে। পুরোপুরি ফর্মে না থাকলেও অভিজ্ঞতা ও অধিনায়ক মাশরাফির পছন্দের কারণে তিনি সুযোগ পেয়েছেন; নিউজিল্যান্ড সফরে বাংলাদেশ তিনটি ওয়ানডে ও তিনটি টেস্ট খেলবে।,14.55,0.0,10.91
news-48423352,মিয়ানমারে দশ জন রোহিঙ্গা পুরুষ এবং বালককে হত্যার অভিযোগে যে সাত সেনা সদস্যকে কারাদণ্ড দেয়া হয়েছিল তাদের দণ্ডভোগ শেষ হওয়ার অনেক আগেই জেল থেকে ছেড়ে দেয়া হয়েছে।,"রাখাইনের ইন দিন গ্রামে ২০১৭ সালের রোহিঙ্গা হত্যাকাণ্ডে দণ্ডিত সাত সেনাসদস্যকে গত নভেম্বরে এক বছরেরও কম সময় কারাভোগের পর মুক্তি দেওয়া হয়েছে, যদিও তাদের ১০ বছরের সাজা হয়েছিল। রয়টার্সের সাংবাদিক ওয়া লোন ও কিয়া সো ওই হত্যাকাণ্ড—যেখানে দুই রোহিঙ্গাকে বৌদ্ধ গ্রামবাসী এবং আটজনকে সেনারা হত্যা করে—ফাঁস করায় সাত বছরের কারাদণ্ড পেয়েছিলেন; পরে তারা সাধারণ ক্ষমায় মুক্তি পান।",16.28,0.0,9.3
news-48522952,বাংলাদেশে শাওয়াল মাসের চাঁদ দেখা নিয়ে জাতীয় চাঁদ দেখা কমিটির দুই দফা ঘোষণায় নানারকম মন্তব্য বা স্ট্যাটাসে সরগরম হয়ে উঠেছে ফেসবুক।,"বাংলাদেশের চাঁদ দেখা কমিটি প্রথমে শাওয়ালের চাঁদ দেখা যায়নি জানিয়ে বৃহস্পতিবার ঈদ হবে ঘোষণা করলেও, কুড়িগ্রাম ও লালমনিরহাটের কয়েকজন চাঁদ দেখার দাবি জানানোর পর সিদ্ধান্ত বদলে বুধবার ঈদ উদযাপনের ঘোষণা দেয়। রাতের এই সিদ্ধান্ত পরিবর্তনে বিভ্রান্তি ও নানা রসিক মন্তব্যে ফেসবুক সরগরম হয়ে ওঠে।",21.54,9.52,18.46
news-47352616,বাংলাদেশে বিমান ছিনতাই চেষ্টার ঘটনায় ঢাকার হযরত শাহজালাল আন্তর্জাতিক বিমানবন্দরের নিরাপত্তা নিয়ে নতুন করে প্রশ্ন উঠেছে।,"অস্ত্র নিয়ে এক ব্যক্তি কীভাবে শাহজালাল বিমানবন্দরের নিরাপত্তা ভেদ করে বাংলাদেশ বিমানের আন্তর্জাতিক ফ্লাইটে উঠল, তা নিয়ে তীব্র প্রশ্ন উঠেছে এবং মন্ত্রণালয় তদন্ত কমিটি গঠন করেছে। বিশ্লেষকদের মতে, স্ক্যানিং, সিসিটিভি বা অভ্যন্তরীণ-আন্তর্জাতিক টার্মিনালের সমন্বয়ে গুরুতর ঘাটতি থাকতে পারে, যা দেশের আন্তর্জাতিক ভাবমূর্তিতে নেতিবাচক প্রভাব ফেলবে। তদন্তের মাধ্যমে দুর্বলতা চিহ্নিত করে দ্রুত নিরাপত্তা জোরদার ও তা দৃশ্যমান করার পরামর্শ দিয়েছেন তারা।",20.78,5.33,15.58
news-46007837,বাংলাদেশে সড়ক পরিবহন শ্রমিক ফেডারেশন রবিবার ভোর থেকে সারা দেশে শ্রমিকদের ৪৮ ঘণ্টার কর্মবিরতির কর্মসূচি নিয়েছে।,"সড়ক পরিবহন আইন-২০১৮-এর কয়েকটি ধারা সংশোধনের দাবিতে পরিবহন শ্রমিক ফেডারেশন ২৭ অক্টোবর ঢাকায় সমাবেশ করে এবং সরকারকে আটটি বিষয় সংশোধনের প্রস্তাব দিয়েছে। তাদের প্রধান আপত্তি দুর্ঘটনার মামলা জামিন অযোগ্য করার বিধান নিয়ে; তারা মনে করে দুর্ঘটনার জন্য শুধু চালক নয়, পথচারী, ত্রুটিপূর্ণ যানবাহন ও রাস্তার অব্যবস্থাপনাও দায়ী হতে পারে। শ্রমিক নেতারা আইন বাতিল নয়, সংশোধন এবং চালকদের প্রশিক্ষণের জন্য জেলায় জেলায় প্রশিক্ষণকেন্দ্র স্থাপনের দাবি জানিয়েছেন।",9.64,7.41,9.64
150809_aho_bd_blogger_killing_cases_follow,বাংলাদেশে ২০১৩ সাল থেকে এখন পর্যন্ত মোট ৫ জন ব্লগারকে তাদের লেখালেখির কারণে হত্যা করা হলেও একটি বাদে কোনও মামলারই চোখে পড়ার মতো অগ্রগতি নেই।,"বাংলাদেশে ২০১৩ থেকে ২০১৫ সালের মধ্যে লেখালেখির কারণে আহমেদ রাজিব হায়দার, অভিজিৎ রায়, ওয়াশিকুর রহমান, অনন্ত বিজয় দাশ ও নিলাদ্রী চট্টোপাধ্যায় নিহত হন; প্রতিটি হত্যাকাণ্ডেই ধারালো অস্ত্র ব্যবহার ও ধর্মীয় মৌলবাদীদের দায় স্বীকারের ঘটনা ছিল। পাঁচ মামলার মধ্যে কেবল রাজিব হত্যা মামলার বিচার শেষের পথে, আর অভিজিৎ, ওয়াশিকুর, অনন্ত ও নিলাদ্রী হত্যা মামলায় তদন্ত বা বিচার কার্যক্রম এখনো অসম্পূর্ণ এবং অধিকাংশ ক্ষেত্রে কাউকে গ্রেপ্তার করা যায়নি।",15.38,4.49,15.38
news-41543348,"মুম্বাই চলচ্চিত্রের সুপারস্টার আমির খান মিয়ানমারের সামরিক অভিযানের মুখে পালিয়ে আসা রোহিঙ্গাদের দুর্দশা প্রসঙ্গে বলেছেন, মিয়ানমারে যা ঘটছে তাতে তার বুক ভেঙে গিয়েছে।",তুর্কি সরকারের আমন্ত্রণে আমির খান ইস্তাম্বুল ও আংকারা সফরে গিয়ে প্রেসিডেন্ট রেচেপ তাইপ এরদোয়ানের সঙ্গে সাক্ষাৎ করেন। সংবাদ সম্মেলনে তিনি বিশ্বজুড়ে নির্যাতনের অবসান কামনা করেন এবং সফরে তুর্কি চলচ্চিত্রসংশ্লিষ্ট ব্যক্তিদের সঙ্গে আলোচনা ও নিজের নতুন ছবি ‘সিক্রেট সুপারস্টার’-এর প্রচারণায় অংশ নেবেন।,9.23,3.17,6.15
news-38298662,যুক্তরাজ্যের বিশ্ববিদ্যালয়গুলোতে পড়তে যাওয়া বিদেশী শিক্ষার্থীদের সংখ্যা অর্ধেকে নামিয়ে আনার ভাবছে দেশটির স্বরাষ্ট্র মন্ত্রণালয়।,"যুক্তরাজ্য সরকার অভিবাসন কমানোর লক্ষ্যে বিদেশি শিক্ষার্থীর সংখ্যা বছরে তিন লাখ থেকে এক লাখ সত্তর হাজারে নামানোর পরিকল্পনা করছে এবং নিম্নমানের বিশ্ববিদ্যালয়গুলোর ভিসা প্রক্রিয়া কঠোর করতে চায়। বিশ্ববিদ্যালয়গুলো আশঙ্কা করছে, এতে বছরে প্রায় ১১০০ কোটি পাউন্ডের আর্থিক ক্ষতি হবে এবং আন্তর্জাতিক শিক্ষার্থীরা অস্ট্রেলিয়া ও কানাডার মতো দেশে চলে যাবে।",3.17,0.0,3.17
news-55292761,ফুসফুসের জটিলতায় আক্রান্ত হয়ে মারা গেছেন হেফাজতে ইসলামের মহাসচিব নূর হোসাইন কাসেমী।,"হেফাজতে ইসলামের মহাসচিব নূর হোসাইন কাসেমী ৭৬ বছর বয়সে ঢাকার একটি বেসরকারি হাসপাতালে মারা গেছেন; শ্বাসকষ্ট নিয়ে ভর্তি হলেও তার করোনাভাইরাস পরীক্ষার ফল নেগেটিভ ছিল। তিনি গত ১৫ নভেম্বর মহাসচিব নির্বাচিত হয়েছিলেন এবং হেফাজত, জমিয়তে উলামায়ে ইসলাম ও কওমি মাদ্রাসা শিক্ষা বোর্ডসহ বিভিন্ন প্রতিষ্ঠানে গুরুত্বপূর্ণ দায়িত্বে ছিলেন।",27.12,21.05,20.34
news-45089885,কয়েকবছর আগে সনটাল ইয়ানের মেয়ে মেলানি তার মুসলিম স্বামী আর দুই সন্তানকে নিয়ে সিরিয়ায় চলে যান।,"আইসিসে যোগ দিতে সিরিয়া ও ইরাকে যাওয়া ফরাসি নাগরিকদের অনেকেই পরাজয়ের পর কুর্দি বা সরকারি বাহিনীর শিবিরে আটক রয়েছেন; তাদের সন্তানদের দেশে ফিরিয়ে আনার দাবি জানাচ্ছেন ফ্রান্সে থাকা স্বজনরা। ফ্রান্স প্রাপ্তবয়স্কদের স্থানীয়ভাবে বিচারের পক্ষে থাকলেও এখন পর্যন্ত ৭৭ শিশুকে ফিরিয়েছে, আর আরও ৫০০-র বেশি শিশু আইনি জটিলতা ও শিবিরের অমানবিক পরিস্থিতির কারণে আটকে আছে।",2.82,0.0,2.82
news-46089195,একুশ বছর বয়েসে তরুণী লিয়ান (আসল নাম নয়) তার প্রথম ভাইব্রেটরটি কিনেছিলেন বার্মিংহ্যাম থেকে। শহরটির কাছেই এক ছোট্ট গ্রামের মেয়ে তিনি।,"যৌন খেলনা, বিশেষ করে ভাইব্রেটর, পশ্চিমা সমাজে মূলধারায় এসেছে এবং অনেক নারীকে যৌন তৃপ্তি ও উদ্বেগ কমাতে সাহায্য করছে; লিয়ানও এর মাধ্যমে প্রথমবার অর্গ্যাজমের অভিজ্ঞতা পান। তবে নির্দিষ্ট খেলনা বা ভঙ্গির ওপর নির্ভরশীলতা নিয়ে উদ্বেগ থাকলেও বিশেষজ্ঞরা বলেন, এতে শারীরিক অনুভূতিহীনতা বা আসক্তি তৈরি হওয়ার প্রমাণ নেই, এবং একটিমাত্র উপায়ে অর্গ্যাজম হওয়াও স্বাভাবিক।",0.0,0.0,0.0
150402_fp_bd_police_drama,"নাটক, সিনেমায় যেমন থাকে নায়ক, নায়িকা, খলচরিত্র তেমনি দেখা যায় পুলিশের চরিত্র।","বাংলাদেশে নাটক ও সিনেমায় পুলিশের চরিত্র বা পোশাক ব্যবহার করতে এখন থেকে পুলিশ কর্তৃপক্ষের পূর্বানুমতি নিতে হবে। ডিএমপি জানিয়েছে, পুলিশের ড্রেস রুল ও পদমর্যাদার সঙ্গে পোশাকের সামঞ্জস্য না থাকা এবং নেতিবাচক বা হাস্যরসাত্মক উপস্থাপনা জনমনে ভুল ধারণা তৈরি করায় এ বিধিনিষেধ আরোপ করা হয়েছে।",14.29,3.7,14.29
news-44533032,"সন্তানের নাম কী রাখবেন, তা নিয়ে অনেক বাবা মা-ই আজকাল বেশ চিন্তিত হয়ে পড়েন। কেউ শরণাপন্ন হন কবি-সাহিত্যিকদের, কেউ খোঁজেন অভিধান, কেউ আবার চিরাচরিতভাবে পরিবারের বড়দের দেওয়া নামটাই রেখে দেন।","মহারাষ্ট্রের গোন্ডিয়া জেলার মিঠুন ও মানসী বাং তাঁদের নবজাতক ছেলের নাম ঠিক করতে প্রচলিত রীতির বদলে নির্বাচনের আদলে ভোটাভুটির আয়োজন করেন। আত্মীয়দের প্রস্তাব করা ইয়ক্শ, ইয়ুভান ও ইয়োভিক নামের মধ্যে প্রায় ২০০ অতিথির ভোটে ইয়ুভান নির্বাচিত হয়, যা ভগবান শিবের একটি নাম।",2.7,0.0,2.7
news-44720477,গ্রুপ-জি তে থেকে বিশ্বকাপ শুরু করা বেলজিয়াম এই পর্যায়ে খুব কঠিন সমীকরণের মুখোমুখি হয়েছে।,"জাপানের বিপক্ষে ২-০ গোলে পিছিয়ে থেকেও নাটকীয় জয় পেয়ে ১৯৭০ সালের পর প্রথমবার নকআউট বাধা পেরিয়েছে বেলজিয়াম, তবে কোয়ার্টার ফাইনালে তাদের মুখোমুখি হতে হবে পাঁচবারের বিশ্বচ্যাম্পিয়ন ব্রাজিলের। ২৩ ম্যাচে অপরাজিত বেলজিয়াম আত্মবিশ্বাসী হলেও ব্রাজিলের শক্তিশালী রক্ষণ—শেষ নয় ম্যাচে মাত্র এক গোল হজম—এবং নেইমারদের আক্রমণ তাদের জন্য কঠিন পরীক্ষা হয়ে দাঁড়াবে।",8.82,0.0,5.88
news-41545429,"বাংলাদেশে মাত্র কিছুদিন আগে বাসে গণ ধর্ষণের পর এক তরুণীকে হত্যা করে রাস্তায় ফেলে যাবার ঘটনা ঘটার পর রাজধানী ঢাকাসহ সবখানে রাস্তায় পথেঘাটে, বিশেষ করে সন্ধ্যার পর নারীর নিরাপত্তা নিয়ে নতুন করে প্রশ্ন উঠেছে।","ঢাকায় কর্মজীবী ও শিক্ষার্থী নারীরা রাতে চলাচলের সময় রাস্তায়, যানবাহনে ও জনসমাগমে হয়রানি এবং নিরাপত্তাহীনতার শিকার হচ্ছেন। এক জরিপে দেখা গেছে, বাংলাদেশে ৮০ শতাংশ নারী রাস্তায় হয়রানির অভিজ্ঞতা পেয়েছেন; অপর্যাপ্ত আলো, পুলিশ ও যানবাহনের ব্যবস্থা এবং বিচারহীনতার সংস্কৃতিকে এর প্রধান কারণ হিসেবে উল্লেখ করা হয়েছে।",10.13,0.0,5.06
news-46194842,ভারতে 'ফেক নিউজ' বা ভুয়ো খবর নিয়ে বিবিসির গবেষণায় ইতিমধ্যেই উঠে এসেছে জাতীয়তাবাদী চেতনা ছড়ানোর উদ্দেশ্যে কীভাবে সে দেশের সোশ্যাল মিডিয়াতে ফেক নিউজের বাড়বাড়ন্ত লক্ষ্য করা যাচ্ছে।,"ভারতে বিজেপির ডিজিটাল সেল ও সমর্থকদের বিরুদ্ধে রাজনৈতিক স্বার্থে সংগঠিতভাবে ফেক নিউজ ছড়ানো, বিরোধীদের ট্রোল ও হেনস্তা করার অভিযোগ উঠেছে; বিরোধীদের মতে, এতে এখন পর্যন্ত বিজেপিই সবচেয়ে বেশি রাজনৈতিক লাভবান হয়েছে। বিজেপি ফেক নিউজকে চ্যালেঞ্জ হিসেবে স্বীকার করলেও সাধারণ মানুষের তথ্যপ্রাপ্তি ও মতপ্রকাশের ক্ষমতার কথা বলে সোশ্যাল মিডিয়ায় নিয়ন্ত্রণ আরোপে আপত্তি জানায়, আর সমালোচকেরা আশঙ্কা করছেন এটি একদিন বিজেপির জন্যই বিপজ্জনক হয়ে উঠতে পারে।",10.99,2.25,8.79
news-45239288,আপনি হয়তো কখনও ধূমপান করেন নি কিন্তু তাই বলে ধূমপানের কারণে যেসব অসুখ হতে পারে আপনি কি তার ঝুঁকি থেকে মুক্ত?,"যুক্তরাষ্ট্রের এক গবেষণায় দেখা গেছে, শৈশবে বাবা-মায়ের ধূমপানের ধোঁয়ার সংস্পর্শে থাকা অধূমপায়ীদের পরবর্তী জীবনে গুরুতর ফুসফুসের রোগ, হৃদ্‌রোগ ও স্ট্রোকের ঝুঁকি বাড়ে। প্রতি সপ্তাহে ১০ ঘণ্টা বা তার বেশি প্যাসিভ স্মোকিংয়ে থাকলে হৃদ্‌রোগে মৃত্যুর ঝুঁকি ২৭%, স্ট্রোকে ২৩% এবং গুরুতর ফুসফুসের রোগের ঝুঁকি ৪২% পর্যন্ত বাড়তে পারে; শিশুদের সুরক্ষার সবচেয়ে কার্যকর উপায় হলো পিতামাতার ধূমপান ছেড়ে দেওয়া।",12.35,0.0,7.41
news-45420806,ভারতের আমন্ত্রণে বাংলাদেশের অন্যতম ইসলামী দল জাকের পার্টির শীর্ষ নেতৃত্ব এখন দিল্লি সফর করছেন - তারা দেখা করছেন ক্ষমতাসীন বিজেপির নেতা-মন্ত্রীদের সঙ্গেও।,"বাংলাদেশের নির্বাচনের আগে ভারত আওয়ামী লীগ ও জাতীয় পার্টির পাশাপাশি তরিকত ফেডারেশন ও জাকের পার্টির মতো ছোট দলগুলোকেও আমন্ত্রণ জানিয়ে তাদের সঙ্গে বৈঠক করছে। বিশ্লেষকদের মতে, এর লক্ষ্য ভারতের নিরাপত্তা ও আঞ্চলিক স্থিতিশীলতা রক্ষা, সব রাজনৈতিক শক্তির সঙ্গে সম্পর্ক বজায় রাখা এবং দলগুলোকে অন্য শিবিরে ঝুঁকে পড়া ঠেকানো। জামায়াতবিরোধী ও সুফিবাদী অবস্থানের কারণে জাকের পার্টি ও তরিকত ফেডারেশন ভারতের কাছে বিশেষভাবে গ্রহণযোগ্য বলে মনে করা হচ্ছে।",9.09,2.33,6.82
news-54322221,"নিউ ইয়র্ক টাইমসের এক রিপোর্ট বলছে, মার্কিন প্রেসিডেন্ট ডোনাল্ড ট্রাম্প ২০১৬ এর ২০১৭ সালে পরপর দুই বছর ৭৫০ ডলার করে আয়কর দিয়েছেন।","নিউ ইয়র্ক টাইমসের প্রতিবেদনে দাবি করা হয়েছে, ডোনাল্ড ট্রাম্প গত ১৫ বছরের মধ্যে ১০ বছর কোনো আয়কর দেননি এবং ধারাবাহিক লোকসান দেখিয়েছেন, যদিও ট্রাম্প প্রতিবেদনটিকে ‘ভুয়া খবর’ বলে অস্বীকার করেছেন। প্রতিবেদনে তাঁর বিদেশি আয়, ব্যবসায়িক লোকসান ও ঋণের তথ্য প্রকাশের পাশাপাশি নির্বাচনের আগে কর-তথ্য গোপন রাখার জন্য তাঁর সমালোচনা করা হয়েছে।",18.92,8.33,18.92
news-41512170,বিশ্বখ্যাত অনলাইন শপিং প্রতিষ্ঠান অ্যামাজন থেকে ১২ লাখ ডলারের বেশি মূল্যের পণ্য চুরি করেছে বলে স্বীকার করেছে আমেরিকার এক দম্পতি ।,ইন্ডিয়ানার এরিন ও লিয়া ফিন্যান দম্পতি শত শত ভুয়া অ্যাকাউন্ট ব্যবহার করে অ্যামাজন থেকে পণ্য কিনে সেগুলো নষ্ট বা ত্রুটিপূর্ণ দাবি করে বিনামূল্যে প্রতিস্থাপন নিতেন এবং পরে বিক্রি করতেন। প্রতারণা ও অর্থ পাচারের দায় স্বীকার করা দম্পতির সর্বোচ্চ ৫ লাখ ডলার জরিমানা ও ২০ বছরের কারাদণ্ড হতে পারে; ৯ নভেম্বর তাদের সাজা ঘোষণা হবে।,16.22,2.78,10.81
news-56146635,"করোনাভাইরাসের টিকা যে সত্যিই সংক্রমিতদের ""হাসপাতালে ভর্তি হবার মত গুরুতর অসুস্থ হওয়া"" বিপুলভাবে কমিয়ে দিতে পারে - তার প্রমাণ পাওয়া যাচ্ছে যুক্তরাজ্যের স্কটল্যান্ডে চালানো এক জরিপে।","স্কটল্যান্ডের জরিপে দেখা গেছে, প্রথম ডোজ টিকা নেওয়ার চার সপ্তাহ পর কোভিডে আক্রান্ত হয়ে হাসপাতালে ভর্তির ঝুঁকি ফাইজার-বায়োএনটেক টিকায় ৮৫% এবং অক্সফোর্ড-অ্যাস্ট্রাজেনেকায় ৯৪% কমেছে; ৮০ বছরের বেশি বয়সীদের ক্ষেত্রে কমেছে ৮১%। তবে জরিপটি টিকা সংক্রমণ বা সংক্রমণ ছড়ানো ঠেকায় কি না কিংবা সুরক্ষা কতদিন স্থায়ী হয়—তা যাচাই করেনি।",7.89,0.0,5.26
news-45476990,দিনের বেলায় শত-শত মানুষের সামনে কেনিয়ার এ পুলিশ কর্মকর্তা দুজন সন্দেহভাজন অপরাধীকে গুলি করে হত্যা করছে।,"কেনিয়ার নাইরোবিতে পুলিশ কর্মকর্তা আহমাদ রশিদের বিরুদ্ধে সন্দেহভাজন অপরাধীদের বিচারবহির্ভূতভাবে হত্যা করার অভিযোগ উঠেছে, যার একটি ভিডিও ভাইরাল হয়েছে। অপরাধ দমনে তাঁর কঠোর ভূমিকা কিছু বাসিন্দা সমর্থন করলেও মানবাধিকারকর্মী ও ভুক্তভোগী পরিবারের সদস্যরা নিন্দা করছেন; তারা বলছেন, পুলিশ একইসঙ্গে বিচারক ও শাস্তিদাতা হলে আইনের শাসন ভেঙে পড়ার ঝুঁকি থাকে।",15.15,3.12,15.15
news-52347238,সারা বিশ্বে করোনাভাইরাসে আক্রান্ত হয়ে মৃত্যুর সংখ্যা রোববার পর্যন্ত দাঁড়িয়েছে প্রায় দেড় লাখ।,"কোভিড-১৯ আক্রান্ত নারীদের তুলনায় পুরুষদের মৃত্যুহার বেশি—চীন, ইতালি, নিউইয়র্ক ও দক্ষিণ কোরিয়ার পরিসংখ্যানেও এ প্রবণতা দেখা গেছে। বিশেষজ্ঞদের ধারণা, পুরুষদের বেশি ধূমপান-মদ্যপান ও হৃদরোগ, ডায়াবেটিসসহ অন্যান্য রোগের ঝুঁকি এবং নারীদের তুলনামূলক শক্তিশালী রোগপ্রতিরোধ ক্ষমতা ও যৌন হরমোন এর কারণ হতে পারে, যদিও বিষয়টি এখনও নিশ্চিত নয়। তাই চিকিৎসা ও টিকা গবেষণায় লিঙ্গভেদে রোগের প্রতিক্রিয়ার পার্থ্যক্য বিবেচনা করা জরুরি।",2.7,0.0,2.7
news-54719752,আরব দেশগুলোতে চালানো সাম্প্রতিক জরিপের ফলাফলে বেরিয়ে এসেছে যে আমেরিকার প্রেসিডেন্ট হিসাবে ডোনাল্ড ট্রাম্প বা জো বাইডেন - কেউই মধ্যপ্রাচ্য এবং উত্তর আফ্রিকার জন্য ভাল হবেন না।,"ইউগভ ও আরব নিউজের যৌথ জরিপে মধ্যপ্রাচ্য ও উত্তর আফ্রিকার প্রায় অর্ধেক উত্তরদাতা ট্রাম্পের চেয়ে বাইডেনকে ভালো প্রেসিডেন্ট মনে করেছেন; ৪০% তাঁকে বেশি উপযুক্ত বলেছেন, বিপরীতে ট্রাম্পকে সমর্থন করেছেন ১২%। ট্রাম্পের জেরুজালেমে মার্কিন দূতাবাস স্থানান্তরের সিদ্ধান্ত ৮৯% উত্তরদাতা অপছন্দ করলেও ইরাক ও ইয়েমেনে তাঁর ইরানবিরোধী কঠোর নীতি সমর্থন পেয়েছে; অধিকাংশ মানুষ নতুন মার্কিন প্রশাসনের কাছে আরব-ইসরায়েল সংঘাতের সমাধান, করোনাভাইরাস মোকাবিলা ও উন্নত অভিবাসননীতিকে অগ্রাধিকার চান। জরিপে আরব তরুণদের, বিশেষ করে লেবাননের তরুণদের, অঞ্চল ছেড়ে যাওয়ার আগ্রহ এবং সুশাসন ও অর্থনৈতিক অব্যবস্থাপনা নিয়ে গভীর উদ্বেগও উঠে এসেছে।",12.39,1.8,7.08
news-49272718,১৯৯৭ সালে ব্রিটিশদের কাছ থেকে চীনাদের শাসনে আসার পর থেকে সবচেয়ে বড় সংকট মোকাবেলা করছে হংকং।,"বিতর্কিত প্রত্যর্পণ বিলের বিরুদ্ধে নবম সপ্তাহের বিক্ষোভে হংকংয়ের পর্যটন, খুচরা ব্যবসা ও অর্থনীতি ক্ষতিগ্রস্ত হচ্ছে, আর বিনিয়োগকারীদের উদ্বেগ বাড়ছে। অর্থনীতিবিদরা আশঙ্কা করছেন, পরিস্থিতি নিয়ন্ত্রণে চীনের সরাসরি হস্তক্ষেপ হলে হংকংয়ের স্বায়ত্তশাসন, আইনশাসন ও আন্তর্জাতিক ব্যবসায়িক ভাবমূর্তি ক্ষতিগ্রস্ত হতে পারে। চলমান সংকট ও চীন-যুক্তরাষ্ট্র বাণিজ্যযুদ্ধের কারণে হংকংয়ের প্রবৃদ্ধি কমার পাশাপাশি বহুজাতিক কোম্পানিগুলো সিঙ্গাপুরসহ অন্যত্র সরে যেতে পারে।",2.78,0.0,2.78
news-55889615,"ভেজাল মদ খেয়ে বিষক্রিয়ায় মৃত্যু, অঙ্গহানি বা অসুস্থ হওয়ার খবর বাংলাদেশে মাঝেমধ্যেই শোনা যায়। গত কয়েকদিনে এরকম বেশ ক'টি ঘটনা ঘটে গেছে।","ঢাকায় পৃথক ঘটনায় ভেজাল মদ পান করে অন্তত পাঁচজন এবং বগুড়ায় আরও তিনজন মারা গেছেন; হাসপাতালে চিকিৎসাধীন অনেকের পরীক্ষায় মিথানল বিষক্রিয়া ধরা পড়েছে। কম দামের কারণে অসাধু ব্যবসায়ীরা শিল্পকারখানায় ব্যবহৃত মিথানল মদে মেশায়, যা চোখের স্নায়ু, কিডনি ও স্নায়ুতন্ত্রের মারাত্মক ক্ষতি করে অন্ধত্ব, পক্ষাঘাত বা মৃত্যুর কারণ হতে পারে। মাথাব্যথা, বমি, পেটে ব্যথা, ঝাপসা দেখা বা শ্বাসকষ্টের মতো উপসর্গ দেখা দিলে দ্রুত চিকিৎসা নেওয়ার পরামর্শ দেওয়া হয়েছে।",6.67,2.27,6.67
news-43113420,"বাংলাদেশে দারিদ্র কিংবা দুর্যোগের কারণে যারা শহরমুখী হয়ে বস্তিতে আশ্রয় নিচ্ছেন, তারা তাদের জীবনমান উন্নয়নের যথেষ্ট সুযোগ পাচ্ছেন না।","বস্তি এলাকায় শিক্ষা, স্বাস্থ্য, বাসস্থান ও সামাজিক সুরক্ষার ঘাটতির কারণে নগরদরিদ্রদের জীবনমান দীর্ঘদিনেও উন্নত হচ্ছে না এবং সামাজিক ন্যায়বিচারে বৈষম্য তৈরি হচ্ছে। নদীভাঙন, দারিদ্র্য ও কাজের সন্ধানে শহরে আসা এসব মানুষ নিম্ন আয়, অপুষ্টি, স্বাস্থ্যঝুঁকি ও শিশুদের শিক্ষার সীমিত সুযোগে আটকে আছেন। বিশেষজ্ঞরা রাষ্ট্র ও সমাজের উদ্যোগে বস্তিবাসীদের জন্য মানসম্মত কর্মমুখী শিক্ষা এবং স্বল্পমূল্যের স্বাস্থ্যসেবা নিশ্চিত করার আহ্বান জানিয়েছেন।",7.69,0.0,7.69
news-49298400,বাংলাদেশে ডেঙ্গু পরিস্থিতিতে সরকারের পক্ষ থেকে শুরু থেকেই বলা হচ্ছে নাগরিক সচেতনতার কথা।,"ঢাকার নির্মাণাধীন ভবন, মেট্রোরেল ও অন্যান্য উন্নয়ন প্রকল্পের গর্তে জমে থাকা পানিতে এডিস মশার লার্ভা জন্মানোর আশঙ্কা বাড়ছে, ফলে আশপাশের বাসিন্দারা ডেঙ্গুর ঝুঁকিতে রয়েছেন। সিটি কর্পোরেশন, উন্নয়ন সংস্থা, ঠিকাদার ও ভবনমালিকসহ একাধিক পক্ষ দায়িত্বে থাকলেও সমন্বয়ের অভাব ও তদারকির ঘাটতি রয়েছে। বিশেষজ্ঞরা দ্রুত পানি অপসারণ, কার্যকর সমন্বয় এবং নির্মাণকাজে জনস্বাস্থ্যকে অগ্রাধিকার দেওয়ার আহ্বান জানিয়েছেন।",2.99,0.0,2.99
news-46875147,ভিনদেশে দুর্ধর্ষ মাফিয়াদের দৌরাত্ম্যর বিরুদ্ধে প্রতিরোধ গড়ে তুলে অনন্য দৃষ্টান্ত স্থাপন করেছেন ইতালির সিসিলি দ্বীপের রাজধানী পালেরমোর শতাধিক অভিবাসী। যাদের একটি বড় অংশই বাংলাদেশি।,"পালেরমোতে মাফিয়ারা স্থানীয় ইতালীয়দের বদলে বাংলাদেশিসহ দুর্বল অভিবাসী ব্যবসায়ীদের কাছ থেকে চাঁদা, লুটপাট ও হুমকি দিতে শুরু করে; এতে মানি এক্সচেঞ্জসহ বহু প্রতিষ্ঠান ক্ষতিগ্রস্ত হয়। গাম্বিয়ান অভিবাসী ইউসোফা সুসো হত্যার পর অভিবাসী ব্যবসায়ী, স্থানীয় নাগরিক, মাফিয়াবিরোধী সংগঠন ও প্রশাসনের সম্মিলিত প্রতিরোধে প্রায় ২,১০০ দোকানমালিক মামলা করেন এবং প্রায় ৫০ জন মাফিয়া সদস্য গ্রেপ্তার হয়।",2.53,0.0,2.53
news-51941584,"করোনাভাইরাস প্রাদুর্ভাবে বিশ্বের বহু জায়গায় থমকে গেছে প্রাণচাঞ্চল্য। এর মধ্যে কোনো কোনো জায়গায় তা হয়েছে সরকারের সিদ্ধান্ত অনুযায়ী, আবার কোথাও কোথাও সাধারণ মানুষ নিজরাই সচেতন হয়ে নিয়েছেন পদক্ষেপ।","করোনাভাইরাসের বিস্তার ঠেকাতে যুক্তরাজ্য, ফ্রান্স, ইতালি, স্পেন, অস্ট্রিয়া, ভারত, সংযুক্ত আরব আমিরাতসহ বিভিন্ন দেশে ভ্রমণ, জনসমাগম ও মানুষের চলাচলে কঠোর নিষেধাজ্ঞা জারি করা হয়েছে। পর্যটনকেন্দ্র, দোকানপাট, স্কুল-রেস্তোরাঁ ও অন্যান্য প্রতিষ্ঠান বন্ধ থাকায় বিশ্বের বিভিন্ন শহর ও সৈকত জনশূন্য হয়ে পড়েছে; কেবল জরুরি কাজ, খাদ্য ও ওষুধ কেনার মতো প্রয়োজনে বাইরে যাওয়ার অনুমতি রয়েছে।",7.32,0.0,4.88
news-47890363,জনসংখ্যার অনুপাতে বিশ্বে সবচেয়ে বেশি শিশু পানিতে ডুবে মারা যায় বাংলাদেশে।,"বাংলাদেশে প্রতিদিন গড়ে ৪০ শিশু পানিতে ডুবে মারা যায়, যার মধ্যে অধিকাংশই পাঁচ বছরের কম বয়সী; জনসংখ্যার অনুপাতে এ হার প্রতিবেশী ভারতের চেয়েও বেশি। গবেষণায় এর প্রধান কারণ হিসেবে বাড়ির কাছের জলাশয়, অভিভাবকের তদারকির অভাব, সাঁতার না জানা ও প্রাথমিক চিকিৎসার অজ্ঞতা চিহ্নিত করা হয়েছে। শিশুদের পর্যাপ্ত তত্ত্বাবধান, সাঁতার শেখানো, ডে-কেয়ার, জনসচেতনতা এবং উদ্ধার-পরবর্তী প্রাথমিক চিকিৎসার প্রশিক্ষণ বাড়ালে এ মৃত্যু কমানো সম্ভব।",24.0,13.7,13.33
news-55183537,ভাস্কর্য তৈরিকে কেন্দ্র করে শুক্রবার ঢাকার বায়তুল মোকাররম মসজিদ থেকে বের হওয়া একটি মিছিল পুলিশ ছত্রভঙ্গ করে দিয়েছে।,"জুমার নামাজের পর বায়তুল মোকাররম থেকে কয়েকশ ইসলামপন্থী বিক্ষোভকারী শেখ মুজিবুর রহমানের ভাস্কর্য নির্মাণের বিরোধিতায় মিছিল বের করলে পুলিশ প্রথমে তাদের আটকে দেয় এবং পরে পল্টন এলাকায় মিছিলটি ছত্রভঙ্গ করে। কর্মসূচিকে কেন্দ্র করে বায়তুল মোকাররম, পল্টন ও গুলিস্তানে বিপুল পুলিশ মোতায়েন ছিল; ইসলামপন্থী নেতারা সাংবিধানিক অধিকার দাবি করে ভাস্কর্যবিরোধী আন্দোলন চালিয়ে যাওয়ার ঘোষণা দেন।",30.56,8.57,19.44
news-57342338,জোয়ারের পানি এলেই ডুবে যায় সাতক্ষীরার বিশাল একটি অংশ।,ঘূর্ণিঝড় আম্ফানের পর স্থানীয়দের উদ্যোগে নির্মিত বেড়িবাঁধটি ঘূর্ণিঝড় ইয়াসের প্রভাবে আবার ভেঙে যায়। সরকারি সহায়তার অপেক্ষা না করে স্থানীয়রাই বাঁধটি সংস্কারের কাজে নেমেছেন।,6.25,0.0,6.25
news-44680581,বাংলাদেশে সরকারি চাকরিতে কোটা ব্যবস্থা সংস্কারের দাবিতে আন্দোলনরত শিক্ষার্থীদের ওপর ঢাকা বিশ্ববিদ্যালয় এলাকায় গত কয়েকদিন ধরেই হামলা চালানো হচ্ছে। আজ সোমবারেও বিশ্ববিদ্যালয় এলাকায় এরকম হামলা হয়েছে দফায় দফায়।,"কোটা সংস্কার আন্দোলনকারীরা অভিযোগ করেছেন, সোমবার ঢাকা বিশ্ববিদ্যালয়ের শহীদ মিনারে ছাত্রলীগের নেতাকর্মীরা তাদের ওপর দফায় দফায় হামলা চালিয়ে কয়েকজনকে আহত ও আটক করেছে; ঢাকার বাইরে রাজশাহীসহ অন্যান্য স্থানেও হামলার খবর পাওয়া গেছে। ছাত্রলীগ হামলার অভিযোগ অস্বীকার করে ঘটনাগুলোকে আন্দোলনকারীদের অভ্যন্তরীণ বিরোধের ফল বলে দাবি করেছে, আর আন্দোলনকারীরা কোটা বাতিলের প্রজ্ঞাপন জারির নির্দিষ্ট সময়সীমা চেয়েছে। এদিকে সরকার জানিয়েছে, কোটা নিয়ে সিদ্ধান্ত নিতে আরও সময় লাগবে।",13.04,2.22,8.7
news-45903066,সৌদি সাংবাদিক জামাল খাসোগজির রহস্যজনক অন্তর্ধানকে কেন্দ্র করে বিভিন্ন দেশের মন্ত্রীরা এখন রিয়াদে আগামী সপ্তাহে অনুষ্ঠিতব্য একটি বিশাল বিনিয়োগ সম্মেলন বর্জন করতে শুরু করেছেন।,"জামাল খাসোগজির নিখোঁজ ও সম্ভাব্য হত্যাকাণ্ডের প্রতিবাদে ব্রিটেন, ফ্রান্স ও নেদারল্যান্ডসের মন্ত্রীরা সৌদি আরবের ‘ডাভোস ইন দ্য ডেজার্ট’ সম্মেলন বর্জন করেছেন, আর বিশ্বের বিভিন্ন খাতের নেতারাও সরে দাঁড়াচ্ছেন। তুরস্কের দাবি, সৌদি কনসুলেটে খাসোগজিকে সৌদি ঘাতকদল হত্যা করেছে; সৌদি আরব তা অস্বীকার করলেও প্রেসিডেন্ট ট্রাম্প তুরস্কের কাছে প্রমাণ চেয়েছেন এবং এ ঘটনায় যুক্তরাষ্ট্র-সৌদি-তুরস্কের কূটনৈতিক উত্তেজনা বাড়ছে।",19.75,5.06,14.81
news-40471827,প্রায় ৩০ বছর ধরে পুলিশের চোখে ধুলো দিয়ে পালিয়ে বেড়াতে সক্ষম হয়েছিলো শুধু মাত্র প্লাস্টিক সার্জারির সাহায্য নিয়ে।,"ব্রাজিল পুলিশ কোকেন সাম্রাজ্যের নেতা লুইজ কার্লোস দা রোচা ওরফে ‘হোয়াইট হেড’কে গ্রেফতার করেছে, যিনি প্লাস্টিক সার্জারি ও একাধিক ছদ্মনাম ব্যবহার করে আত্মগোপনে ছিলেন। তার সংগঠন বলিভিয়া, পেরু ও কলম্বিয়ায় কোকেন উৎপাদন করে ইউরোপ ও যুক্তরাষ্ট্রে পাচার করত; অভিযানে বিপুল অর্থ ও অস্ত্র উদ্ধার হয়েছে এবং পূর্বের অভিযোগে তার ৫০ বছর পর্যন্ত কারাদণ্ড হতে পারে।",5.41,0.0,2.7
news-50931361,"রোহিঙ্গা মুসলমান ও অন্যান্য সংখ্যালঘুদের ওপর যথেচ্ছ গ্রেপ্তার, নির্যাতন, ধর্ষণ, হেফাজতে মৃত্যুসহ মানবাধিকার লঙ্ঘনের অভিযোগে মিয়ানমারের বিরুদ্ধে একটি নিন্দা প্রস্তাব গ্রহণ করেছে জাতিসংঘের সাধারণ পরিষদ।","জাতিসংঘের সাধারণ পরিষদ প্রথমবারের মতো রোহিঙ্গা ও অন্যান্য সংখ্যালঘুদের বিরুদ্ধে মিয়ানমারের যুদ্ধাপরাধ তদন্তে তহবিল বরাদ্দ করেছে এবং সহিংসতা কমাতে মিয়ানমার সরকারকে আহ্বান জানিয়েছে; প্রস্তাবটি ১৩৪-৯ ভোটে পাস হয়। জাতিসংঘের তদন্তে মিয়ানমারের নিরাপত্তা বাহিনীর মানবাধিকার লঙ্ঘনকে আন্তর্জাতিক আইনে গুরুতর অপরাধ বলা হয়েছে, তবে মিয়ানমার এটিকে বৈষম্যমূলক রাজনৈতিক চাপ হিসেবে প্রত্যাখ্যান করেছে। নির্যাতনের কারণে বাংলাদেশে ১১ লাখের বেশি রোহিঙ্গা আশ্রয় নিয়েছে, আর নিরাপদ পরিবেশ না থাকায় তাদের প্রত্যাবাসনও শুরু হয়নি।",23.4,8.7,14.89
news-55216598,"রোববার রাতে যশোর শিশু উন্নয়ন কেন্দ্রের সবগুলো সিসিটিভি ক্যামেরা চালু ছিল, পাহারার দায়িত্বে ছিলেন ১৬ জন আনসার এবং ৮ জন পুলিশ সদস্য।",যশোর শিশু উন্নয়ন কেন্দ্রের পুরনো বাথরুমের জানালার গ্রিল ভেঙে এবং বৈদ্যুতিক মই ব্যবহার করে ১২–১৭ বছর বয়সী আট কিশোর মধ্যরাতে পালিয়ে যায়। ঘটনায় নিরাপত্তার দায়িত্বে থাকা আনসার ও পুলিশ সদস্যদের দায়িত্বে গাফিলতির অভিযোগ উঠেছে; কর্তৃপক্ষ জিডি করে কিশোরদের পরিবারকে জানিয়েছে। কেন্দ্রটিতে বর্তমানে ২৭৭ জন কিশোর রয়েছে এবং গত আগস্টে সেখানে তিন কিশোর নিহত ও ১৫ জন আহত হয়েছিল।,24.69,7.59,19.75
news-44942962,"বাংলাদেশে আগামী সপ্তাহে রাজশাহী, সিলেট ও বরিশালের নির্বাচন নিয়ে সরগরম হয়ে উঠেছে জাতীয় রাজনীতি। রাজশাহীতে নির্বাচনকে কেন্দ্র করে অভিযোগ পাল্টা অভিযোগে উত্তপ্ত হয়ে উঠছে নির্বাচনী পরিবেশ।","সিলেট নগরীর মেয়র নির্বাচনকে ঘিরে আওয়ামী লীগ ও বিএনপির প্রার্থীদের পাল্টাপাল্টি প্রচারণায় উৎসবমুখর পরিবেশ উত্তেজনায় রূপ নিয়েছে; বিএনপি প্রার্থী অভিযোগ করেছেন, নেতাকর্মীদের গ্রেফতার করে একতরফা নির্বাচনের পরিবেশ তৈরি করা হচ্ছে। আওয়ামী লীগ প্রার্থী অভিযোগ অস্বীকার করে বিএনপির নির্বাচন প্রশ্নবিদ্ধ করার চেষ্টা চলছে বলে দাবি করেছেন, আর নির্বাচন কর্মকর্তারা সব প্রস্তুতি সম্পন্ন হওয়ার কথা জানিয়েছেন।",17.5,0.0,10.0
news-44192360,ব্রাজিলের প্রত্যন্ত অঞ্চলের একটি দ্বীপ ফার্নান্দো দে নরোনহা।,"ফার্নান্দো দে নরোনহা দ্বীপে ১২ বছর পর ২২ বছর বয়সী এক নারীর কন্যাসন্তান জন্মেছে, যদিও চিকিৎসাজনিত কারণে দ্বীপটিতে সন্তান প্রসব নিষিদ্ধ। নারীটি নিজের গর্ভাবস্থার কথা জানতেন না; ঘটনাটির পর কর্তৃপক্ষ ও বাসিন্দারা তাকে নিন্দা না করে শিশুর জন্য সহায়তা করছেন। ইউনেস্কোর বিশ্ব ঐতিহ্যভুক্ত জীববৈচিত্র্যে সমৃদ্ধ এই দ্বীপে হাসপাতালের সীমাবদ্ধতা ও পরিবেশ সংরক্ষণের কারণে জনসংখ্যা ও প্রসব নিয়ন্ত্রণ করা হয়।",8.96,6.15,8.96
news-48713919,"নিজেদের ওয়ানডে ইতিহাসের সর্বোচ্চ রান তুলেছে বাংলাদেশ, তারপরেও জয়ের দেখা মিলল না। নটিংহ্যামের ট্রেন্ট ব্রিজে অস্ট্রেলিয়ার কাছে ৪৮ রানে হারলো বাংলাদেশ।","অস্ট্রেলিয়া ডেভিড ওয়ার্নারের ১৬৬ রানের দুর্দান্ত ইনিংসের সুবাদে ৫ উইকেটে ৩৮১ রান করে বাংলাদেশকে ৪৮ রানে হারিয়েছে। জবাবে মুশফিকুর রহিমের ১০২, তামিমের ৬২ ও মাহমুদউল্লাহর ৬৯ রানের ইনিংস সত্ত্বেও বাংলাদেশ ৩৩৩ রানে থামে। হারের ফলে সেমিফাইনালে যেতে বাংলাদেশের পরের তিন ম্যাচে জয় এবং অন্যান্য দলের ফলাফলের ওপর নির্ভর করতে হবে।",11.27,2.9,11.27
news-49948001,বাংলাদেশের প্রধানমন্ত্রী শেখ হাসিনার চলমান ভারত সফরে তিস্তা নদীর জল ভাগাভাগির ক্ষেত্রে সুনির্দিষ্ট কোনও অগ্রগতি না-হলেও আর একটি অভিন্ন নদী ফেনী থেকে ভারতকে জল দিতে রাজি হয়েছে বাংলাদেশ।,"বাংলাদেশ মানবিক কারণে ফেনী নদী থেকে ত্রিপুরার সাবরুম শহরে ১.৮২ কিউসেক পানি দেওয়ার সিদ্ধান্ত নিয়েছে, যদিও তিস্তা পানি বণ্টন চুক্তি এবারও হয়নি। তবে দুই দেশ তিস্তাসহ সাতটি অভিন্ন নদীর পানি বণ্টন ও নদী ব্যবস্থাপনা নিয়ে একটি বৃহত্তর কাঠামো তৈরিতে সম্মত হওয়ায় ঢাকা আশাবাদী। ভারতের এনআরসি নিয়ে বাংলাদেশ সতর্ক নজর রাখছে এবং বিষয়টি নিয়ে তাদের অস্বস্তি এখনও কাটেনি।",18.39,0.0,9.2
news-40734034,"যুক্তরাষ্ট্রের প্রেসিডেন্ট ডোনাল্ড ট্রাম্প বলেছেন, দেশটির সেনাবাহিনীতে তৃতীয় লিঙ্গের মানুষেরা কোনোভাবেই কাজ করতে পারবে না ।","প্রেসিডেন্ট ডোনাল্ড ট্রাম্প মার্কিন সেনাবাহিনীতে তৃতীয় লিঙ্গের মানুষদের নিয়োগ না দেওয়ার ঘোষণা দিয়ে ওবামা প্রশাসনের অন্তর্ভুক্তিমূলক নীতি উল্টে দিয়েছেন; এর আগে প্রতিরক্ষামন্ত্রী জেমস ম্যাটিস সেই নীতি ছয় মাস স্থগিত করেছিলেন। ট্রাম্পের যুক্তি, এতে চিকিৎসা ব্যয় ও সামরিক কাজে বিঘ্ন ঘটতে পারে, তবে সমালোচকেরা সিদ্ধান্তটিকে তাঁর আগের সমর্থনের সঙ্গে অসংগতিপূর্ণ বলেছেন; এক হিসাবে বাহিনীতে প্রায় ২,৪৫০ জন তৃতীয় লিঙ্গের সদস্য রয়েছে।",21.05,10.81,18.42
news-38840158,যুক্তরাষ্ট্রে ফ্লোরিডার একটি ফেডারেল আদালত প্রেসিডেন্ট ডোনাল্ড ট্রাম্পের মালিকানাধীন একটি গলফ ক্লাবকে প্রায় ৬০ লাখ ডলার জরিমানা করেছে।,ডোনাল্ড ট্রাম্পের মালিকানাধীন ট্রাম্প ন্যাশনাল জুপিটার গলফ ক্লাবের ৬৫ জন সাবেক সদস্য ক্লাব ছাড়তে চাইলেও নতুন ব্যবস্থাপনা তাদের জমাকৃত অর্থ ফেরত দিতে অস্বীকার করে এবং সদস্যপদ বাতিল করে। আদালত ক্লাবটিকে সদস্যদের পাওনা হিসেবে প্রায় ৪৮ লাখ ডলার ও সুদ হিসেবে ৯ লাখ ২৫ হাজার ডলার—মোট প্রায় ৫৭ লাখ ডলার—পরিশোধের নির্দেশ দিয়েছেন।,22.54,8.7,19.72
news-49912960,কুমিল্লার ডিমাতলী গ্রামে ভারতীয় সীমান্তের সাথে একদম গা ঘেঁষা বাড়িতে থাকেন পারভীন আক্তার।,"ভারতের কাঁটাতারের বেড়ায় ডিমাতলী গ্রাম দুই ভাগ হয়ে যাওয়ায় দুই পাশের মানুষের স্বাভাবিক যাতায়াত, আত্মীয়তা ও পণ্য বিনিময় বন্ধ হয়েছে; অনেক বাংলাদেশি তাদের বাপ-দাদার জমি ও ভিটাবাড়িও হারিয়েছেন। সীমান্তবাসীরা নো ম্যান্স ল্যান্ডে গবাদিপশু চরাতে গেলেও বিএসএফের আটক ও গুলির ঝুঁকিতে থাকেন। ভারত অবৈধ অনুপ্রবেশ, চোরাচালান ও নিরাপত্তার কারণ দেখালেও বাংলাদেশের কর্মকর্তারা বিষয়টি নিয়ে স্পষ্ট অবস্থান জানাননি।",5.71,0.0,5.71
news-46782920,ভারতে এক বিজ্ঞান সম্মেলনে বক্তারা উদ্ভট সব দাবি করার পর সে দেশের বৈজ্ঞানিক সমাজ এর প্রবল সমালোচনা করেছে।,"ভারতের ইন্ডিয়ান সায়েন্স কংগ্রেসে কয়েকজন বক্তা নিউটন ও আইনস্টাইনের তত্ত্বকে ভুল দাবি করে মাধ্যাকর্ষণের নাম ‘নরেন্দ্র মোদি তরঙ্গ’ রাখা, প্রাচীন ভারতে স্টেম সেল গবেষণা ও রাবণের বিমান থাকার মতো ভিত্তিহীন বক্তব্য দেন। হিন্দু পুরাণকে বিজ্ঞান হিসেবে উপস্থাপনের এসব প্রবণতায় ভারতীয় বিজ্ঞানী ও সংগঠনগুলো গভীর উদ্বেগ প্রকাশ করেছে; এর আগে সরকারি কর্মকর্তারাও গণেশের মাথা ও গরু নিয়ে এমন বিতর্কিত দাবি করেছিলেন।",12.82,0.0,7.69
news-42679825,মার্কিন যুক্তরাষ্ট্রের একটি স্টেট হাওয়াইতে ক্ষেপণাস্ত্র নিক্ষেপ হতে পারে এমন খবরে আতঙ্কে ছড়িয়ে পরে সে এলাকায়। সেখানকার বাসিন্দাদের ফোনে বার্তা পাঠানো হয় এটা ড্রিল নয় অর্থাৎ সত্যিকারের অ্যালার্ট।,"হাওয়াইয়ের এক কর্মকর্তা কম্পিউটারে ভুল বোতাম চাপায় উত্তর কোরিয়ার সম্ভাব্য ক্ষেপণাস্ত্র হামলা নিয়ে কয়েক লাখ মানুষের মোবাইল, টিভি ও রেডিওতে ভুল সতর্কবার্তা প্রচারিত হয়, যাতে এটিকে কোনো মহড়া নয় বলা হয়েছিল। এতে ব্যাপক আতঙ্ক ছড়িয়ে পড়ে এবং মানুষ আশ্রয় নিতে ছুটে যায়; গভর্নর ডেভিড আইজি ক্ষমা চেয়েছেন ও মার্কিন কর্তৃপক্ষ পূর্ণাঙ্গ তদন্তের ঘোষণা দিয়েছে।",12.2,0.0,7.32
news-40990730,১৭ বছর আগে গোপালগঞ্জের কোটালীপাড়ায় প্রধানমন্ত্রী শেখ হাসিনাকে হত্যাচেষ্টার অভিযোগে দায়ের করা মামলায় ১০ জনকে ফায়ারিং স্কোয়াডে দিয়ে মৃত্যুদণ্ড কার্যকর করার আদেশ দিয়েছে ঢাকার একটি আদালত।,২০০০ সালে কোটালীপাড়ায় তৎকালীন প্রধানমন্ত্রী শেখ হাসিনার জনসভাস্থলের কাছে পুঁতে রাখা ৭৬ ও ৮০ কেজি ওজনের দুটি বোমা উদ্ধারের ঘটনায় করা মামলায় ঢাকার দ্রুত বিচার ট্রাইব্যুনাল নয়জনকে বিস্ফোরক দ্রব্য আইনে বিভিন্ন মেয়াদে কারাদণ্ড দিয়েছেন। মামলায় ২০০১ সালে মুফতি আবদুল হান্নানসহ ১০ জনের বিরুদ্ধে অভিযোগপত্র দেওয়া হলেও অন্য মামলায় তার ফাঁসি কার্যকর হওয়ায় তাকে এ মামলা থেকে বাদ দেওয়া হয়।,18.82,4.82,16.47
news-51764235,বাংলাদেশের ব্রাহ্মণবাড়িয়া ও হবিগঞ্জ জেলায় পৃথক দুটি সড়ক দুর্ঘটনায় ১৪জন নিহত হয়েছে বলে পুলিশ জানিয়েছে।,ব্রাহ্মণবাড়িয়ার বিজয়নগরে বাস-মাইক্রোবাসের মুখোমুখি সংঘর্ষে মাইক্রোবাসের ছয় যাত্রী নিহত ও বাসের কয়েকজন যাত্রী আহত হয়েছেন। একই দিনে হবিগঞ্জের নবীগঞ্জে মাইক্রোবাস গাছের সঙ্গে ধাক্কা খেয়ে আটজন নিহত এবং পাঁচজন আহত হয়েছেন।,8.7,0.0,8.7
news-46942362,ইসরায়েলের সেনাবাহিনী জানিয়েছে যে তারা সিরিয়ার ইরানি লক্ষ্যবস্তুতে আঘাত করা শুরু করেছে।,"ইসরায়েলি বাহিনী সিরিয়ায় ইরানের কুদস বাহিনীর লক্ষ্যবস্তুতে হামলা চালানোর কথা জানিয়েছে; দামেস্কের কাছে বিস্ফোরণের খবর পাওয়া গেলেও ক্ষয়ক্ষতির পরিমাণ জানা যায়নি। গোলান হাইটসে রকেট প্রতিহত করার পর এ অভিযান শুরু হয়, এবং ইসরায়েলি প্রধানমন্ত্রী নেতানিয়াহু সিরিয়ায় ইরানি স্থাপনায় হামলা অব্যাহত রাখার সতর্কবার্তা দিয়েছেন।",14.55,0.0,7.27
news-47308375,"স্থানীয়ভাবে উৎপাদিত শাকসব্জি বা ডিম, ফলমূল ইত্যাদি থেকেই যে শরীরের প্রয়োজনীয় পুষ্টি পাওয়া সম্ভব - আর এর জন্য বাইরে থেকে খাবার আমদানির কোনও প্রয়োজন নেই - এই বার্তা দিতে ভারত জুড়ে শুরু হয়েছে এক বিশাল ক্যাম্পেন।","ইউনিসেফের ‘লোকাল ফুড সিস্টেম’ অভিযানের মূল বার্তা হলো, স্থানীয়ভাবে উৎপাদিত ফল, শাকসবজি, ডিম ও অন্যান্য পুষ্টিকর খাবারেই মানুষের পুষ্টির চাহিদা পূরণ করা সম্ভব। শিশু ও গর্ভবতী মায়েদের অতিরিক্ত প্রক্রিয়াজাত খাবারের বদলে স্থানীয় খাবার দেওয়া, সঠিকভাবে ধোয়া ও রান্নার অভ্যাস গড়ে তোলা এবং খাদ্যতালিকায় ভারসাম্য রাখা জরুরি। অঞ্চলভেদে খাবারের ধরন বদলালেও পেয়ারা, বরই, শাকসবজি ও ডিমের মতো স্থানীয় খাবার আপেল-স্ট্রবেরির বিকল্প হতে পারে।",12.37,2.11,10.31
news-51280964,"করোনাভাইরাসে আক্রান্ত মানুষের সংখ্যা যখন বাড়ছে, চীনের উহান শহরে তখন লাখ লাখ মানুষ অবরুদ্ধ হয়ে পড়েছে- যার কারণ প্রাদুর্ভাবের কেন্দ্রস্থল থেকে রোগটি ছড়িয়ে পড়া ঠেকানো। কিন্তু এই কঠিন সময়েও অনেক মানুষ একে অন্যের দিকে সাহায্যের হাত বাড়িয়ে দিয়েছেন।","করোনাভাইরাসের প্রাদুর্ভাব ও উহান অবরুদ্ধ অবস্থার মধ্যেও বাসিন্দারা জানালা থেকে “উহান জিয়ায়ু” বলে একে অপরকে সাহস জোগাচ্ছেন, যা সামাজিক যোগাযোগমাধ্যমে দেশব্যাপী সংহতির প্রতীক হয়ে উঠেছে। সংকট মোকাবিলায় এক রেস্তোরাঁ মালিক চিকিৎসাকর্মীদের জন্য ২০০ প্যাকেট খাবার এবং এক গ্রামবাসী ১৫ হাজার মাস্ক দান করেছেন।",12.35,0.0,9.88
news-55135935,বাংলাদেশে মাদক গ্রহণের অভিযোগে সোমবার দক্ষিণ-পশ্চিমাঞ্চলীয় জেলা কুষ্টিয়ায় আটজন পুলিশ সদস্যকে চাকরিচ্যুত করার খবর প্রকাশ করা হয়েছে।,"কুষ্টিয়ায় মাদক গ্রহণের অভিযোগ প্রমাণিত হওয়ায় ডোপ টেস্টের পর আট পুলিশ সদস্যকে চাকরিচ্যুত করা হয়েছে, আর দুজনের বিরুদ্ধে তদন্ত চলছে। দেশের বিভিন্ন জেলায় মাদক গ্রহণ, কেনাবেচা বা মাদক কারবারে সহযোগিতার অভিযোগে পুলিশ সদস্যদের বিরুদ্ধে ব্যবস্থা নেওয়া হলেও মোট সংখ্যা স্পষ্ট নয়; ঢাকা মহানগরীতে শনাক্ত ৭৩ জনের মধ্যে ১০ জন চাকরিচ্যুত, ১৮ জন সাময়িক বরখাস্ত এবং ৪৩ জনের বিরুদ্ধে বিভাগীয় মামলা চলছে। পুলিশ মাদক-সম্পৃক্ততার ক্ষেত্রে ‘জিরো টলারেন্স’ নীতি ও ডোপ টেস্ট চালুর কথা জানালেও বিশ্লেষকেরা দৃশ্যমান ফল না আসা পর্যন্ত এ উদ্যোগের বিশ্বাসযোগ্যতা নিয়ে প্রশ্ন তুলেছেন।",17.31,7.84,13.46
151117_isis_terror_finance_syria_iraq_oil_kidnappings_gch,ফ্রান্সের রাজধানী প্যারিসে গত শুক্রবারের আক্রমণ আবার জঙ্গি গোষ্ঠী ইসলামিক স্টেট-এর দিকে বিশ্বের নজর ফিরিয়েছে।,"ইসলামিক স্টেট (আইএস) নিজেদের নিয়ন্ত্রিত ইরাক ও সিরিয়ার ভূখণ্ডে ‘খেলাফত’ প্রতিষ্ঠা করে এবং বিশ্বের অন্যতম ধনী জঙ্গি গোষ্ঠী হিসেবে বিভিন্নভাবে অর্থ সংগ্রহ করে। তাদের আয়ের প্রধান উৎস হলো অনুদান, তেল বিক্রি, অপহরণ ও মুক্তিপণ, চাঁদাবাজি-লুট, ধর্মীয় সংখ্যালঘুদের ওপর আরোপিত ‘জিযিয়া’ কর এবং নারী ও মেয়েদের দাস হিসেবে বিক্রি।",15.38,6.35,9.23
news-52695172,"করোনাভাইরাসে সংক্রমিত কয়েকজন মুসলমান কোয়ারেন্টিনে না যেতে চাওয়াকে কেন্দ্র করে পশ্চিমবঙ্গের হুগলী জেলার তেলেনিপাড়ায় গত সপ্তাহে যে সাম্প্রদায়িক দাঙ্গা হয়েছে, সেই সময়ের একটি ভিডিওতে রক্তাক্ত এক মুসলিম ব্যক্তিকে 'হিন্দুদের রক্তস্নান' বলে ভাইরাল করা হয়েছে।","তেলেনিপাড়ার দাঙ্গায় হিন্দু-মুসলমান উভয় সম্প্রদায়ের মানুষ আহত ও গৃহহীন হলেও, মুসলিম শ্রমিক মঞ্জুর আলমের রক্তাক্ত ভিডিওকে মিথ্যাভাবে ‘হিন্দুর ওপর হামলা’ বলে বিজেপি নেতাসহ অনেকে ছড়িয়ে দেন। অল্ট নিউজ ও বিবিসির অনুসন্ধানে আরও কিছু ভাইরাল ভিডিওকে বাংলাদেশ ও পাকিস্তানের পুরোনো, তেলেনিপাড়ার ঘটনার সঙ্গে সম্পর্কহীন ভিডিও হিসেবে শনাক্ত করা হয়েছে।",16.87,2.47,14.46
news-41068828,শুক্রবার লন্ডনের বাকিংহাম প্রাসাদের সামনে ৪ ফুট লম্বা তরবারি ঘুরিয়ে তিনজন পুলিশ কর্মকর্তাকে জখম করার ঘটনায় দ্বিতীয় একজন ব্যক্তিকে রবিবার গ্রেফতার করা হয়েছে।,বাকিংহাম প্রাসাদের সামনে পুলিশের গাড়ি লক্ষ্য করে গাড়ি চালিয়ে দেওয়া এবং ‘আল্লাহু আকবর’ স্লোগান দেওয়ার ঘটনায় ঘটনাস্থল থেকে ২৬ বছর বয়সী এক ব্যক্তিকে গ্রেফতার করা হয়েছে; তিন পুলিশ কর্মকর্তা সামান্য আহত হয়েছেন। জঙ্গি-সংশ্লিষ্টতার সন্দেহে পরে ৩০ বছর বয়সী আরেক ব্যক্তিকে আটক করে পশ্চিম লন্ডনের একটি বাড়িতে তল্লাশি চালানো হয়েছে।,27.4,11.27,21.92
news-43708497,বাংলাদেশের রাজধানী ঢাকায় দুই বাসের রেষারেষিতে হাতা হারানো কলেজ ছাত্র রাজীব হোসেনের অবস্থার অবনতি হয়েছে বলে জানিয়েছেন ঢাকা মেডিকেল কলেজ হাসপাতালের চিকিৎসকেরা।,"বাসের রেষারেষিতে হাত বিচ্ছিন্ন হয়ে মাথায় গুরুতর আঘাত পাওয়া তিতুমীর কলেজের ছাত্র রাজীব হোসেনের মস্তিষ্কে আবার রক্তক্ষরণ হয়েছে এবং শ্বাসকষ্ট বেড়েছে। তিনি লাইফ সাপোর্টে আছেন; তার চিকিৎসায় মেডিকেল বোর্ড গঠিত হয়েছে ও সিটি স্ক্যান চলছে, তবে অবস্থা আশঙ্কাজনক। ঘটনা ও বিচ্ছিন্ন হাতের ছবি ঢাকার গণপরিবহনের অনিরাপত্তার প্রতীক হয়ে উঠেছে।",19.72,8.7,19.72
news-48168176,"সোমবার চাঁদ দেখা গেলে মঙ্গলবার থেকেই বাংলাদেশে রমজান মাস শুরু হতে যাচ্ছে। মুসলমান ধর্মাবলম্বীদের কাছে অবশ্য পালনীয় রোজা যেমন গুরুত্বপূর্ণ, তেমনি ডায়াবেটিসের মতো রোগে আক্রান্ত ব্যক্তিদের স্বাস্থ্য ঠিক রাখাও জরুরি।","ডায়াবেটিস রোগীরা রমজানের আগে চিকিৎসকের পরামর্শ নিয়ে স্বাস্থ্য ও ওষুধের মাত্রা সমন্বয় করে রোজা রাখবেন এবং নিয়মিত রক্তে শর্করা পরীক্ষা করবেন; ইনসুলিন নেওয়া বা রক্ত পরীক্ষা করলে রোজা ভাঙে না। হাইপোগ্লাইসেমিয়ার লক্ষণ দেখা দিলে সঙ্গে সঙ্গে মিষ্টি বা শরবত খেয়ে রোজা ভেঙে চিকিৎসা নিতে হবে। ইফতার ও সেহরিতে ভাজাপোড়া ও অতিরিক্ত ভারী খাবার এড়িয়ে স্বাস্থ্যকর, আঁশযুক্ত খাবার ও পর্যাপ্ত পানি গ্রহণ করতে হবে এবং ব্যায়াম সন্ধ্যার পর বা সেহরির আগে করা উচিত।",5.88,0.0,3.92
news-49986228,বাংলাদেশ প্রকৌশল বিশ্ববিদ্যালয়ে সোমবার রাতে এক ছাত্রকে পিটিয়ে হত্যার লোমহর্ষক ঘটনার প্রেক্ষাপটে বুয়েট শিক্ষক সমিতির এক সাধারণ সভা থেকে প্রতিষ্ঠানে শিক্ষক রাজনীতি বন্ধের সিদ্ধান্ত নেওয়া হয়েছে।,"বুয়েট ছাত্র হত্যার প্রতিবাদে শিক্ষক সমিতি উপাচার্যের পদত্যাগ দাবি করেছে এবং শিক্ষার্থীদের ক্যাম্পাসে রাজনীতি বন্ধের দাবির প্রতি সংহতি জানিয়েছে। অ্যালামনাই সমিতিও ছাত্র, শিক্ষক ও কর্মচারীদের দলীয় রাজনীতি নিষিদ্ধের দাবি জানিয়ে বলেছে, রাজনৈতিক ছত্রছায়া ও কেন্দ্রীভূত প্রশাসনিক ব্যবস্থার কারণে ক্যাম্পাসের পরিস্থিতি অবনতিশীল হয়েছে।",20.59,3.03,14.71
news-48446654,মিয়ানমারের কট্টর মুসলিম-বিদ্বেষী বৌদ্ধ ধর্মীয় নেতা অশ্বিন উইরাথুর বিরুদ্ধে গ্রেপ্তারি পরোয়ানা জারী করা হয়েছে।,"মিয়ানমারের উগ্র বৌদ্ধ ভিক্ষু অশ্বিন উইরাথুর বিরুদ্ধে দেশদ্রোহিতার মামলায় ইয়াঙ্গনের আদালত গ্রেপ্তারি পরোয়ানা জারি করেছে; দোষী হলে তার তিন বছরের কারাদণ্ড হতে পারে। রোহিঙ্গা ও অন্যান্য মুসলিমদের বিরুদ্ধে বিদ্বেষমূলক বক্তব্য, বয়কটের ডাক ও উসকানির জন্য পরিচিত উইরাথু সাম্প্রতিক সময়ে অং সান সুচির সরকারেরও সমালোচনা করেছেন। তার অনুসারীরা গ্রেপ্তার করা হলে প্রতিবাদ করবে বলে হুমকি দিয়েছে।",22.86,8.82,22.86
news-48408034,ইরানের সাথে উত্তেজনার মধ্যেই যুক্তরাষ্ট্রের প্রেসিডেন্ট ডোনাল্ড ট্রাম্প সৌদি আরবের কাছে শত শত ডলারের অস্ত্র বিক্রি অনুমোদন করতে যাচ্ছেন।,"ইরানের হুমকি মোকাবিলার যুক্তিতে প্রেসিডেন্ট ট্রাম্প কংগ্রেসকে পাশ কাটিয়ে সৌদি আরবের কাছে ৮০০ কোটি ডলারের অস্ত্র বিক্রির সিদ্ধান্ত নিয়েছেন; একই সঙ্গে সংযুক্ত আরব আমিরাত ও জর্ডনকেও অস্ত্র দেওয়া হবে। সিদ্ধান্তটির তীব্র সমালোচনা করেছে ডেমোক্র্যাটরা, মানবাধিকারকর্মী ও ইরান, কারণ এসব অস্ত্র ইয়েমেনে বেসামরিকদের বিরুদ্ধে ব্যবহৃত হতে পারে এবং সৌদি আরবের মানবাধিকার রেকর্ড বিতর্কিত।",22.54,8.7,22.54
160731_indian_elephant_rescue_operation,জামালপুর সদর থেকে ৪০ কিলোমিটার দূরে সরিষাবাড়ি উপজেলার সোনারকান্দা এলাকার বন্যার পানিতে ডুবে থাকা একটি পাটক্ষেতের মধ্যে হাতিটি দাঁড়িয়ে আছে। আর সেখানে ভীড় করেছে কয়েক হাজার লোক ।,"ভারত থেকে ভেসে আসা পাঁচ টনেরও বেশি ওজনের একটি হাতি এক মাসের বেশি সময় ধরে বাংলাদেশের উত্তরাঞ্চলের বিভিন্ন চর এলাকায় ঘুরে বেড়িয়ে দুর্বল হয়ে পড়েছে। হাতিটিকে উদ্ধারে ভারতীয় তিন সদস্যের প্রতিনিধি দল ও বাংলাদেশের ১৭ সদস্যের দল কাজ করছে; শুকনো স্থানে নিয়ে খাবার খাইয়ে অচেতন করে ট্রাক বা ক্রেনের সাহায্যে সরিয়ে নেওয়ার পরিকল্পনা করা হচ্ছে। উদ্ধার শেষে হাতিটি ভারতে ফেরত পাঠানো হবে নাকি বাংলাদেশে রাখা হবে, তা পরে নির্ধারণ করা হবে।",6.12,0.0,6.12
news-51222888,ভারতে নাগরিকত্ব সংশোধন আইনকে ঘিরে দেশজুড়ে তুমুল প্রতিবাদ চলছে। প্রধানমন্ত্রী নরেন্দ্র মোদী ও স্বরাষ্ট্রমন্ত্রী আইনটির পক্ষে ব্যাপক যুক্তি দিয়ে চলেছেন।,"অমিত শাহ দাবি করেছেন, আফগানিস্তান ও পাকিস্তানে হিন্দু-শিখসহ সংখ্যালঘুরা ভোট, স্বাস্থ্যসেবা ও শিক্ষার অধিকার থেকে বঞ্চিত হয়ে ভারতে আশ্রয় নিয়েছেন। তবে নিবন্ধ অনুযায়ী পাকিস্তানে সংখ্যালঘুদের জন্য ১০টি আসন সংরক্ষিত এবং তারা সাধারণ আসনেও ভোট দিতে ও প্রার্থী হতে পারেন; আফগানিস্তানেও তারা নির্বাচনে অংশ নিতে পারেন, যদিও প্রয়োজনীয় সমর্থন জোগাড় করা কঠিন। বাংলাদেশে সংখ্যালঘুদের জন্য পৃথক আসন না থাকলেও তারা সাধারণ নির্বাচনে অংশ নিতে পারেন এবং ২০১৮ সালে ৭৯ জন প্রার্থীর মধ্যে ১৮ জন নির্বাচিত হন।",4.17,0.0,4.17
news-46257134,"ইন্টারনেটের এই যুগে যখনি কোন বিষয় নিয়ে জানতে চাই, বেশিরভাগ মানুষ গুগলে সেটি লিখে খোঁজ করে। ব্রেক্সিটও তার ব্যতিক্রম নয়।","ব্রেক্সিট হলো ২০১৬ সালের গণভোটের সিদ্ধান্ত অনুযায়ী যুক্তরাজ্যের ইউরোপীয় ইউনিয়ন থেকে বেরিয়ে যাওয়ার প্রক্রিয়া, যা ২৯ মার্চ ২০১৯-এ কার্যকর হওয়ার কথা। প্রস্তাবিত চুক্তিতে ৩৯ বিলিয়ন পাউন্ড পরিশোধ, ২০২০ সালের শেষ পর্যন্ত অন্তর্বর্তী সময়, অভিবাসন ও বাণিজ্য ব্যবস্থা এবং উত্তর আয়ারল্যান্ড-আয়ারল্যান্ড সীমান্ত উন্মুক্ত রাখার ‘ব্যাকস্টপ’ অন্তর্ভুক্ত রয়েছে। তবে চুক্তিটি ব্রিটিশ পার্লামেন্টে অনুমোদন পাবে কি না এবং শেষ পর্যন্ত ব্রেক্সিট বাস্তবায়িত হবে কি না, তা নিয়ে অনিশ্চয়তা ও দ্বিতীয় গণভোটের দাবি রয়েছে।",2.17,0.0,2.17
news-51705699,করোনাভাইরাসের বিস্তার ঠেকাতে ঢাকার শাহজালাল আন্তর্জাতিক বিমানবন্দরসহ দেশটির আন্তর্জাতিক প্রবেশপথগুলোতে ব্যবস্থা নেয়ার কথা জানানো হয়েছে শুরু থেকেই।,"বিবিসি বাংলার দুই সংবাদদাতার অভিজ্ঞতায় শাহজালাল বিমানবন্দরে থার্মাল স্ক্যানার ও স্বাস্থ্য ফরম থাকলেও যাত্রীদের ফরম যাচাই বা স্ক্যানার পর্যবেক্ষণে যথেষ্ট তৎপরতা চোখে পড়েনি। তবে কর্তৃপক্ষের দাবি, নিয়ম অনুযায়ী সব যাত্রীকে স্ক্যান করা হচ্ছে এবং সন্দেহভাজনদের পুনরায় পরীক্ষা করা হয়; ২১ জানুয়ারি থেকে ১ লাখ ৬৬ হাজার ৫৬ জনের পরীক্ষায় ২৬ জনের জ্বর শনাক্ত হয়েছে, যাদের চারজনকে কোয়ারেন্টিনে পাঠানো হয়েছে।",5.26,0.0,5.26
news-46980918,"প্রয়োজন হলে হাতের স্মার্টফোনটির ভাঁজ খুলে ট্যাবলেটে রূপান্তরিত করা যায়, আবার ডিসপ্লের দুইপাশের অংশ পেছনে ফোল্ড করে পুনরায় ফোন হিসেবেও ব্যবহার করা যায়।","শাওমি শিগগিরই তিনভাবে ভাঁজ করা যায় এমন ডবল-ফোল্ডিং স্মার্টফোন বাজারে আনার ঘোষণা দিয়েছে এবং এর নাম নির্ধারণে জনসাধারণের মতামত চেয়েছে। স্যামসাং ও রয়্যালের একবার ভাঁজযোগ্য ফোনের তুলনায় এটি নতুন প্রযুক্তির হলেও ভাঁজের স্থায়িত্ব, কেসের নকশা ও বেশি দামের মতো চ্যালেঞ্জ রয়েছে; হুয়াওয়ে ও স্যামসাংও ফোল্ডেবল ফোন আনার পরিকল্পনা করছে।",10.96,2.82,10.96
news-44916623,"সপ্তাহ তিনেক আগে মিশরের প্রত্নতত্ত্ববিদরা আলেকজান্দ্রিয়া থেকে কালো গ্রানাইটের তৈরি বিশালাকৃতির একটি শবাধার উদ্ধার করেছে। ধারণা করা হচ্ছে, এই শবাধারটি প্রায় দু'হাজার বছরের পুরনো এবং এটি কেউ কখনো খুলেও দেখেনি।","আলেকজান্দ্রিয়ায় নির্মাণকাজের সময় পাওয়া প্রায় দুই হাজার বছরের পুরোনো ২৭ টন ওজনের বিশাল শবাধার খুলে তিনটি মানুষের কঙ্কাল পাওয়া গেছে, যাদের প্রাচীন মিশরের সৈন্য বলে ধারণা করা হচ্ছে। শবাধারটির ভেতরে পচা জৈব পদার্থের কারণে তীব্র দুর্গন্ধ ছড়ালেও ক্ষতিকর গ্যাস বা “অভিশাপ” নিয়ে প্রচলিত আশঙ্কার বৈজ্ঞানিক প্রমাণ নেই; বিশেষজ্ঞরা এখন কঙ্কালগুলোর পরিচয় ও মৃত্যুর কারণ অনুসন্ধান করছেন।",18.39,7.06,9.2
news-42562225,অবৈধ লেনদেন ও মুদ্রা পাচারের মামলায় সাতজন মোবাইল ব্যাংকিং এজেন্টকে গ্রেপ্তার করেছে পুলিশের অপরাধ তদন্ত বিভাগ (সিআইডি)।,"সিআইডি বিকাশ ও মোবাইল ব্যাংকিং ব্যবহার করে হুন্ডির মাধ্যমে রেমিট্যান্স ও মাদক ব্যবসার অর্থ লেনদেনের অভিযোগে আটজন এজেন্টকে গ্রেপ্তার করেছে; তাদের বিরুদ্ধে আটটি মানি লন্ডারিং মামলা রয়েছে এবং কোটি টাকার বেশি অবৈধ লেনদেনের প্রমাণ মিলেছে। বিদেশে বিকাশের সরাসরি শাখা না থাকলেও ভুয়া বিকাশ সাইনবোর্ডধারী প্রতিষ্ঠান ও দেশীয় এজেন্টদের মাধ্যমে এই হুন্ডি কার্যক্রম চলে, আর বাংলাদেশ ব্যাংকের অনুরোধে ২,৮৮৬ এজেন্টের অস্বাভাবিক লেনদেন তদন্ত চলছে। বিকাশ কর্তৃপক্ষ সন্দেহজনক লেনদেন নজরদারি ও তথ্য সরবরাহের কথা জানিয়েছে।",21.98,6.74,15.38
news-53426701,"নিউইয়র্কে নিজের অ্যাপার্টমেন্টে নৃশংসভাবে খুন হওয়া ফাহিম সালেহ নিজের সম্পর্কে ওয়েবসাইটে লিখেছিলেন অন্ট্রেপ্রেনিওর, ইনভেস্টর, ড্রিমার অর্থাৎ উদ্যোক্তা, বিনিয়োগকারী, স্বপ্নবাজ।","ফাহিম সালেহ ছিলেন বাংলাদেশি বংশোদ্ভূত এক স্বপ্নবাজ ও পরিশ্রমী প্রযুক্তি উদ্যোক্তা, যিনি পাঠাওয়ের অন্যতম প্রতিষ্ঠাতা এবং নাইজেরিয়ার গোকাডাসহ বিভিন্ন দেশের নানা প্রযুক্তি উদ্যোগে বিনিয়োগ করেছিলেন। অল্প বয়সে উদ্যোক্তা হিসেবে খ্যাতি অর্জন করে তিনি তরুণ স্টার্টআপ উদ্যোক্তাদের অনুপ্রেরণা ও পথপ্রদর্শক হয়ে উঠেছিলেন; ৩৩ বছর বয়সে নিউইয়র্কে নিহত হওয়ায় বাংলাদেশের প্রযুক্তি খাত গভীরভাবে ক্ষতিগ্রস্ত হয়েছে।",13.89,2.86,8.33
news-44075756,"ঢাকায় কেনাকাটার জন্য খুবই জনপ্রিয় চাঁদনী চক, গাউসিয়া ও নিউমার্কেট এলাকা।","ঢাকার অভিজাত ও পুরনো অধিকাংশ মার্কেটে সরু পথ, অতিরিক্ত পণ্য, অগোছালো বৈদ্যুতিক ব্যবস্থা, অপর্যাপ্ত অগ্নিনির্বাপণ সরঞ্জাম ও প্রশিক্ষণের অভাবে আগুন লাগলে দ্রুত বের হওয়ার সুযোগ নেই। ফায়ার সার্ভিসের জরিপে ১,৩০৫টি মার্কেটের মাত্র পাঁচটি বাদে সবগুলোকে ঝুঁকিপূর্ণ এবং ছয় শতাধিককে মারাত্মক ঝুঁকিতে পাওয়া গেছে; পাশাপাশি বহু পুরনো মার্কেট ভবনও দুর্বল অবস্থায় রয়েছে। সংস্কার, পুনর্বাসন ও আইনি জটিলতার কারণে কার্যকর ব্যবস্থা বিলম্বিত হলেও কর্তৃপক্ষ ও ব্যবসায়ীরা পরিস্থিতি মোকাবিলায় এখনও পর্যাপ্ত উদ্যোগ নেননি।",2.44,0.0,2.44
news-44271219,যুক্তরাষ্ট্রে হাওয়াই অঙ্গরাজ্যের একটি আগ্নেয়গিরি সকলের দৃষ্টি কেড়েছে। নদীর মতো প্রবাহিত উত্তপ্ত লাল লাভা এবং আকাশে কালো ছাই মেঘ - কিলাওয়ে আগ্নেয়গিরির এই দৃশ্য অনেকেই হয়তো টেলিভিশনের পর্দায় দেখেছেন। কিন্তু এধরনের অগ্নুৎপাত কতোটা বিপদজনক?,"প্রতি বছর প্রায় ৬০টি আগ্নেয়গিরিতে অগ্ন্যুৎপাত ঘটে, আর বর্তমানে বিশ্বের ৮১টি দেশে প্রায় ১,৫০০টি সক্রিয় আগ্নেয়গিরি রয়েছে, যার ১০০ কিলোমিটারের মধ্যে বাস করে প্রায় ৮০ কোটি মানুষ। হাওয়াইয়ের কিলাওয়ে আগ্নেয়গিরির অগ্ন্যুৎপাত সম্প্রতি তীব্র হয়ে লাভা বাড়িঘর ধ্বংস করলেও প্রাণহানি ঘটেনি; তবে ইতিহাসে অগ্ন্যুৎপাতে প্রায় ২ লাখ ৮০ হাজার মানুষ মারা গেছে এবং লাভা, গ্যাস, ছাই ও পাইরোক্লাস্টিক প্রবাহের পাশাপাশি বিমান চলাচলেও বড় ঝুঁকি তৈরি হয়।",12.12,2.06,8.08
news-40910397,দাস প্রথার পক্ষে লড়েছিলেন এমন এক কনফেডারেটপন্থী জেনারেলের মূর্তি অপসারণের প্রতিবাদে শত শত শ্বেতাঙ্গ জাতীয়তাবাদী যুক্তরাষ্ট্রের ভার্জিনিয়া বিশ্ববিদ্যালয়ে মিছিল করেছেন।,"ভার্জিনিয়ার শার্লোটসভিলে জেনারেল রবার্ট ই. লির মূর্তি অপসারণের উদ্যোগের প্রতিবাদে শত শত শ্বেতাঙ্গ জাতীয়তাবাদী মশাল মিছিল করে এবং বর্ণবাদবিরোধী বিক্ষোভকারীদের সঙ্গে সংঘর্ষে জড়ায়। শহরের মেয়র মিছিলটিকে ঘৃণা, বর্ণবাদ ও অসহিষ্ণুতার প্রকাশ হিসেবে নিন্দা করেছেন; এ ঘটনার প্রেক্ষাপটে কনফেডারেট মূর্তি ও পতাকা অপসারণ নিয়ে যুক্তরাষ্ট্রে চলমান বিতর্ক আরও তীব্র হয়েছে।",26.09,14.93,26.09
news-55059868,"''শুধু বিয়ে করার জন্য কেউ ধর্মান্তরিত হলে তা বৈধ বলে গণ্য হবে না'', এই বিতর্কিত রায় ঘোষণার দিনকয়েকের মধ্যেই তা পুরোপুরি উল্টে দিয়ে নতুন রায় দিল ভারতের এলাহাবাদ হাইকোর্ট।","এলাহাবাদ হাইকোর্ট মুসলিম যুবক সালামাত আনসারি ও হিন্দু যুবতী প্রিয়াঙ্কা খারওয়ার ওরফে আলিয়ার বিয়ে নিয়ে দায়ের করা মামলা খারিজ করে তাঁদের ধর্মীয় পরিচয়ের বদলে প্রাপ্তবয়স্ক নাগরিক হিসেবে স্বাধীনভাবে জীবনসঙ্গী বেছে নেওয়ার অধিকার স্বীকার করেছে। আইন বিশেষজ্ঞদের মতে, এই রায় ‘লাভ জিহাদ’ ঠেকাতে বিভিন্ন রাজ্যের আইন প্রণয়নের উদ্যোগকে চ্যালেঞ্জের মুখে ফেলতে পারে; নুসরাত জাহানও এ ধরনের রাজনীতির সমালোচনা করেছেন।",11.49,2.35,6.9
news-56182160,মালয়েশিয়ার সরকার সে দেশের আদালতের আদেশ অমান্য করে ও মানবাধিকার সংস্থাগুলোর আবেদন অগ্রাহ্য করে মিয়ানমারের ১০৮৬ জন নাগরিককে নিজ দেশে ফেরত পাঠিয়েছে।,"মালয়েশিয়া মিয়ানমারের কিছু নাগরিককে নৌবাহিনীর জাহাজে করে দেশে ফেরত পাঠিয়েছে, যদিও মানবাধিকার সংস্থাগুলো আশঙ্কা করছে ফেরত পাঠানো ব্যক্তিদের মধ্যে নিপীড়িত সংখ্যালঘুরাও থাকতে পারেন। মালয়েশিয়া দাবি করেছে, তারা শরণার্থী বা রোহিঙ্গা নয় এবং স্বেচ্ছায় ফিরেছেন; তবে এই প্রত্যর্পণ সামরিক শাসিত মিয়ানমারে তাদের নিরাপত্তা নিয়ে উদ্বেগ তৈরি করেছে।",20.59,6.06,14.71
news-49309516,ব্রিটেনে দুটো বিদ্যুৎ কেন্দ্র ন্যাশনাল গ্রিড থেকে ১৫ মিনিটের জন্য বিচ্ছিন্ন হয়ে যাবার পর হাজার-হাজার ট্রেন যাত্রী আটকা পড়ে। কারণ ট্রেনগুলো বিদ্যুৎ চালিত।,"প্রায় একই সময়ে বেডফোর্ডশায়ারের গ্যাসভিত্তিক ও নিউ হর্নসির বায়ুচালিত বিদ্যুৎকেন্দ্র বিকল হওয়ায় ব্রিটেনে বড় ধরনের বিদ্যুৎ বিপর্যয় ঘটে। এতে ট্রেন আটকে যায়, সিগন্যাল ও কম্পিউটার ব্যবস্থা ক্ষতিগ্রস্ত হয় এবং যাত্রীরা ঘণ্টার পর ঘণ্টা ভোগান্তিতে পড়েন; পশ্চিমাঞ্চল, লন্ডন ও দক্ষিণ-পূর্ব ইংল্যান্ডের প্রায় আট লাখ মানুষসহ বিমানবন্দর, মেট্রো ও মোবাইল নেটওয়ার্কও আক্রান্ত হয়। ઘટના-টি বিরল বলে উল্লেখ করা হলেও নবায়নযোগ্য বিদ্যুতের ভূমিকা এবং জাতীয় গ্রিডের নিরাপত্তা নিয়ে তদন্ত চলছে।",8.6,0.0,6.45
news-57325950,বাংলাদেশের কোভিড-১৯ প্রতিরোধে সীমান্তবর্তী জেলা ও উচ্চ সংক্রমিত এলাকায় অঞ্চল ভিত্তিক সম্পূর্ণ লকডাউন দেয়ার পরামর্শ দিয়েছে কারিগরি পরামর্শক কমিটি।,"কোভিড-১৯ পরিস্থিতির অবনতি হওয়ায় সীমান্তবর্তী জেলাগুলোতে কঠোর বিধিনিষেধ, প্রয়োজনে লকডাউন, আন্তঃজেলা গণপরিবহন বন্ধ এবং নজরদারি বাড়ানোর সুপারিশ করেছে জাতীয় কারিগরি পরামর্শক কমিটি। স্থানীয় প্রশাসনকে পরিস্থিতি অনুযায়ী ব্যবস্থা নেওয়ার ক্ষমতা দেওয়া হয়েছে; সংক্রমণ নিয়ন্ত্রণে না আসা পর্যন্ত বিধিনিষেধ চালু রাখার পরামর্শ রয়েছে।",25.81,10.0,22.58
news-48918896,মধ্যপ্রদেশের খান্ডোয়া জেলায় ২৫ জন ব্যক্তিকে কোমরে দড়ি বেঁধে 'গো মাতার জয়' বলতে বাধ্য করা হয়েছে বলে অভিযোগ উঠেছে।,"মধ্যপ্রদেশের খান্ডোয়া জেলায় আটটি গাড়িতে ২২টি গরু নথিপত্র ছাড়া মহারাষ্ট্রে নেওয়ার অভিযোগে ২৫ জন মুসলমান ও আদিবাসীকে গ্রামবাসীরা আটক করে পুলিশের হাতে তুলে দেয়। পুলিশ আসার আগে তাদের দড়ি বেঁধে হাঁটানো, ওঠবস করানো ও ‘গোমাতার জয়’ বলানো হয়; এ ঘটনায় আটক ব্যক্তিদের পাশাপাশি তিন গোরক্ষক ও ১২ গ্রামবাসীর বিরুদ্ধেও মামলা হয়েছে।",25.71,11.76,25.71
news-42849984,"স্টিভ উইন কেবল ক্যাসিনো জগতের একজন হোমড়া-চোমড়া ব্যক্তিই নন, তিনি রিপাবলিকান ন্যাশনাল কমিটির অর্থনীতি-বিষয়ক চেয়ারম্যান ছিলেন। তবে যৌন হয়রানির অভিযোগের মুখে তিনি সে পদ থেকে এবার সরে দাঁড়িয়েছেন।","ওয়াল স্ট্রিট জার্নালের প্রতিবেদনে স্টিভ উইনের বিরুদ্ধে মেসেজ থেরাপিস্ট ও এক ম্যানিকিউর কর্মীকে যৌন হয়রানি এবং জোরপূর্বক যৌন সম্পর্কে বাধ্য করার অভিযোগ আনা হয়েছে; ওই কর্মীকে তিনি ৭৫ লাখ ডলার দিয়েছিলেন বলে আদালতের নথিতে উল্লেখ রয়েছে। উইন অভিযোগগুলো অস্বীকার করে ‘হাস্যকর’ বলেছেন, তবে বিতর্কের জেরে রিপাবলিকান ন্যাশনাল কমিটি তার পদত্যাগপত্র গ্রহণ করেছে।",17.07,2.5,9.76
news-43824655,যুক্তরাষ্ট্রের মাঝ-আকাশে একটি বিমানের ইঞ্জিন থেকে ছুটে আসা ধারালো টুকরার আঘাতে জানালা ভেঙে যাওয়ার পর সেটিকে নিরাপদে অবতরণ করাতে সক্ষম হওয়ায় পাইলটের প্রশংসা করা হচ্ছে।,"সাউথওয়েস্ট এয়ারলাইন্সের একটি বোয়িং ৭৩৭ উড্ডয়নের ২০ মিনিট পর ইঞ্জিন বিস্ফোরণে ক্ষতিগ্রস্ত হলে জানালা ভেঙে এক যাত্রী নিহত ও সাতজন আহত হন। পাইলট ক্যাপ্টেন ট্যামি জো শাল্টস দক্ষতার সঙ্গে বিমানটি ফিলাডেলফিয়ায় জরুরি অবতরণ করান, რის ফলে যাত্রীরা তাকে ‘হিরো’ হিসেবে অভিহিত করেন। প্রাথমিক তদন্তে ইঞ্জিনের ফ্যানের ব্লেড ভেঙে যাওয়াকে কারণ হিসেবে চিহ্নিত করা হয়েছে এবং একই ধরনের ইঞ্জিনযুক্ত বিমানগুলো পরীক্ষা করার নির্দেশ দেওয়া হয়েছে।",15.56,2.27,13.33
news-51903045,অর্থনৈতিক সহযোগিতা ও উন্নয়ন সংস্থা ওইসিডি হুঁশিয়ার করে দিয়েছে যে বিশ্ব অর্থনীতির ওপর করোনাভাইরাসের প্রভাব কাটিয়ে উঠতে অনেক বছর সময় লেগে যাবে।,"ওইসিডি মহাসচিব এঞ্জেল গুরিয়া সতর্ক করেছেন, করোনাভাইরাসের আকস্মিক অর্থনৈতিক আঘাত থেকে উত্তরণে বহু বছর লাগতে পারে এবং দ্রুত ‘ভি’ আকৃতির পুনরুদ্ধার হবে না; বরং দীর্ঘস্থায়ী মন্দা বা আরও খারাপ পরিস্থিতি তৈরি হতে পারে। তিনি সরকারগুলোকে ঋণ ও ব্যয়ের প্রচলিত বিধিনিষেধ শিথিল করে বিনামূল্যে পরীক্ষা, চিকিৎসা সরঞ্জাম, কর্মীদের আর্থিক সহায়তা এবং ব্যবসায় কর-ছাড় দেওয়ার আহ্বান জানিয়েছেন।",15.38,0.0,7.69
43811335,ভিয়েনার এক মসজিদে তুর্কী পতাকা হাতে প্রথম বিশ্বযুদ্ধের এক ঘটনা তুলে ধরেছিল একদল শিশু। বিষয়টি অস্ট্রিয়ার সরকারকে এতটাই ক্ষিপ্ত করেছে যে চ্যান্সেলর সেবাস্টিয়ান কুর্য এর বিরুদ্ধে কঠোর ব্যবস্থা নেয়ার হুমকি দিয়েছেন।,ভিয়েনার একটি মসজিদে শিশুরা তুরস্কের গ্যালিপলি যুদ্ধের দৃশ্য সামরিক পোশাক ও পতাকা নিয়ে অভিনয় করায় অস্ট্রিয়ার সরকার তীব্র ক্ষোভ প্রকাশ করেছে। প্রধানমন্ত্রী সেবাস্টিয়ান কুর্য ঘটনাটিকে অস্ট্রিয়ায় অগ্রহণযোগ্য বলে ‘জিরো টলারেন্স’ নীতির কথা জানিয়েছেন; মসজিদ পরিচালনাকারী সংগঠন দুঃখ প্রকাশ করে তদন্ত শুরু করেছে। ঘটনা তুরস্ক-অস্ট্রিয়া সম্পর্কের বিদ্যমান উত্তেজনাও আরও বাড়াতে পারে।,19.51,2.5,17.07
news-56563249,বাংলাদেশে করোনাভাইরাস সংক্রমণের হার আশঙ্কাজনক হারে বাড়তে থাকায় সরকারের পক্ষ থেকে ১৮ দফা নির্দেশনা দেয়া হয়েছে।,"স্বাস্থ্যমন্ত্রী জাহিদ মালেক করোনাভাইরাস প্রতিরোধে ১৮ দফা নির্দেশনা ঘোষণা করেছেন, যার মধ্যে জনসমাগম সীমিতকরণ, গণপরিবহনে অর্ধেক যাত্রী, বিদেশফেরতদের ১৪ দিনের কোয়ারেন্টিন, মাস্ক ও স্বাস্থ্যবিধি বাধ্যতামূলক করা এবং আক্রান্তদের আইসোলেশন অন্তর্ভুক্ত। উচ্চ সংক্রমণপ্রবণ এলাকায় আন্তঃজেলা চলাচল সীমিত করা, অফিসে ৫০ শতাংশ জনবল রাখা এবং হোটেল-রেস্তোরাঁয় অর্ধেক ধারণক্ষমতা বজায় রাখার নির্দেশও দেওয়া হয়েছে।",14.71,6.06,14.71
news-44170862,"সেক্স এন্ড দ্য সিটি - এই টিভি সিরিয়ালের একটি আলোচিত উক্তি- ""এটা ব্যাগ নয়। এটা বিরকিন।""","নির্বাচনে নাজিব রাজাকের পরাজয়ের পর পুলিশ তার বাড়ি ও সংশ্লিষ্ট স্থানে অভিযান চালিয়ে বিপুলসংখ্যক বিলাসবহুল হ্যান্ডব্যাগ, স্বর্ণালঙ্কার, নগদ অর্থ ও অন্যান্য মূল্যবান সামগ্রী জব্দ করেছে; এসবের মালিকানা ও উৎস নিয়ে দুর্নীতির তদন্ত চলছে। নাজিবের আইনজীবী অভিযানকে হয়রানি বলে দাবি করলেও জনগণ এগুলোকে তার ও স্ত্রী রোজমাহর বিলাসী জীবনযাপনের প্রতীক হিসেবে দেখছে, বিপরীতে নতুন প্রধানমন্ত্রী মাহাথির মোহাম্মদের সস্তা স্যান্ডেল পরা ছবি তাকে মিতব্যয়ী নেতা হিসেবে জনপ্রিয় করে তুলেছে।",0.0,0.0,0.0
news-51750993,"জিম্বাবুয়ের বিপক্ষে তৃতীয় ওয়ানডে ম্যাচের আগে সংবাদ সম্মেলনে মাশরাফী বিন মোর্ত্তজা ঘোষণা দেন, শুক্রবারের ম্যাচটিই অধিনায়ক হিসেবে তাঁর শেষ ম্যাচ।","জিম্বাবুয়ের বিপক্ষে ওয়ানডে ম্যাচটি মাশরাফী বিন মোর্ত্তজার অধিনায়ক হিসেবে শেষ ম্যাচ হলেও তিনি অবসরের ঘোষণা দেননি; ভবিষ্যতে সুযোগ পেলে ভালো করার ইচ্ছা প্রকাশ করেছেন। বোর্ড সভাপতি জানান, দলে ফিরতে হলে মাশরাফীকে ফিটনেস প্রমাণ ও ঘরোয়া ক্রিকেটে খেলে নির্বাচকদের আস্থা অর্জন করতে হবে, আর ২০২৩ বিশ্বকাপের কথা মাথায় রেখে এক মাসের মধ্যে নতুন অধিনায়ক নির্বাচন করা হবে। তাঁর বক্তব্য ঘিরে বিতর্ক থাকলেও বাংলাদেশ জিম্বাবুয়ের বিপক্ষে ২৫তম ওয়ানডে সিরিজ জয় পেয়েছে।",24.72,9.2,20.22
news-51930169,একটা ভাইরাস সংক্রমণের কারণে পুরো ফ্রান্সের জীবন ও সমাজ অচল হয়ে পড়েছে - এমনটা আগে কখনো দেখেন নি প্যারিসের বাসিন্দা নিলুফার জাহান।,"করোনাভাইরাসের সংক্রমণ মোকাবিলায় ফ্রান্সে প্রেসিডেন্ট ম্যাক্রঁ অন্তত ১৫ দিনের জন্য জনগণকে ঘরে থাকার নির্দেশ দিয়েছেন; স্কুল, ক্যাফে-রেস্তোরাঁ ও অধিকাংশ দোকান বন্ধ, বাইরে বেরোতে হলে কারণ-উল্লেখিত ফর্ম বহন এবং নিয়ম ভাঙলে ১৩৫ ইউরো জরিমানার ব্যবস্থা করা হয়েছে। প্যারিসে রাস্তাঘাট জনশূন্য, মানুষ মাস্ক পরে ও দূরত্ব বজায় রেখে চলাচল করছে, আর আতঙ্কে নিত্যপ্রয়োজনীয় পণ্যের সংকট দেখা দিয়েছে; পরিস্থিতি নিয়ন্ত্রণে এক লাখ কর্মকর্তা ও সেনা মোতায়েন করা হয়েছে।",2.27,0.0,2.27
news-55359196,"বাংলাদেশে বহু মুসলিম পরিবারেই শিশুদের ধর্মীয় শিক্ষা শুরু হয় আরবি বর্ণমালার সঙ্গে পরিচয়ের মাধ্যমে। এর উদ্দেশ্য, তারা যেন কোরআন পড়তে পারে।","বাংলাদেশে মাদ্রাসাগুলোতে আরবি মূলত কোরআন-হাদিস শুদ্ধভাবে পড়ার জন্য ব্যাকরণনির্ভর পদ্ধতিতে শেখানো হয়, ফলে ভাষা হিসেবে আরবি জানা মানুষের সংখ্যা কম এবং মধ্যপ্রাচ্যে কর্মরত বাংলাদেশিরা ভাষাগত সমস্যায় পড়েন। বিশেষজ্ঞরা শিশুকাল থেকেই আরবিকে দ্বিতীয় ভাষা হিসেবে শেখানো, দক্ষ শিক্ষক ও উপকরণ সরবরাহ এবং ধর্মীয় প্রতিষ্ঠানগুলোকে উৎসাহিত করার পরামর্শ দিয়েছেন, যা ধর্মীয় জ্ঞান ও অর্থনৈতিক সুযোগ—দুইই বাড়াতে পারে।",15.38,0.0,10.26
news-43891294,বিয়ের ছবি তোলেন এরকম একজন ফটোগ্রাফার এক দম্পতির জীবনের বিশেষ দিনের কিছু মুহূর্তের ছবি তুলতে গিয়ে এরকম বেপরোয়া হয়ে উঠতে পারেন সেটা হয়তো অনেকের কল্পনারও বাইরে।,"দক্ষিণ ভারতের ওয়েডিং ফটোগ্রাফার ভিষ্ণু হোয়াইটরাম্প দম্পতির অসাধারণ ছবি তুলতে গাছের ডালে উল্টো হয়ে ঝুলে পড়েন, যার ভিডিও টুইটারে ভাইরাল হয়। প্রথমে সমালোচনার আশঙ্কা থাকলেও মানুষ তার সাহস ও নিষ্ঠার প্রশংসা করে; তিনি জানান, সেরা ছবি তোলার জন্য এর আগেও বহুবার গাছে উঠেছেন।",17.39,2.99,14.49
news-46552066,ভারতের একটি বিশ্ববিদ্যালয়ের আইন পরীক্ষায় প্রকাশ্যে গো-হত্যার ওপর এক প্রশ্ন নিয়ে তীব্র বিতর্ক শুরু হয়েছে।,"দিল্লির গুরু গোবিন্দ সিং ইন্দ্রপ্রস্থ বিশ্ববিদ্যালয়ের এলএলবি পরীক্ষায় আহমেদ নামের এক মুসলমানের গরু হত্যাকে ঘিরে প্রশ্ন উঠলে সেটিকে সাম্প্রদায়িক ও আপত্তিকর বলে অভিযোগ করা হয়। দিল্লি সরকার তদন্তের নির্দেশ দেয় এবং বিশ্ববিদ্যালয় তদন্ত কমিটি গঠন করে প্রশ্নটি বাতিল, উত্তরদাতাদের নম্বর না দেওয়া ও দায়ী প্রশ্নপ্রণেতাকে পরীক্ষার দায়িত্ব থেকে সরানোর সিদ্ধান্ত নেয়। বিষয়টি নিয়ে সামাজিক মাধ্যমে সাম্প্রদায়িকতা, আইন ও প্রশ্নটির যৌক্তিকতা নিয়ে তীব্র বিতর্ক চলছে।",20.0,5.13,17.5
news-51148940,ইরানের সর্বোচ্চ নেতা আয়াতোল্লাহ খামেনি যুক্তরাষ্ট্র এবং ইউরোপীয় দেশগুলোর তীব্র সমালোচনা করে তার দেশের জনগণকে ঐক্যবদ্ধ থাকার আহ্বান জানিয়েছেন।,"আয়াতোল্লাহ খামেনি আট বছর পর তেহরানে জুমার নামাজে নেতৃত্ব দিয়ে ইউক্রেনীয় বিমান ভূপাতিত হওয়ার ঘটনাকে ট্র্যাজেডি হিসেবে উল্লেখ করেন এবং অভিযোগ করেন, ইরানের শত্রুরা এটি ব্যবহার করে কাসেম সোলেইমানি হত্যার বিষয়টি আড়াল ও ইরানের সামরিক বাহিনীকে প্রশ্নবিদ্ধ করতে চাইছে। চলমান অস্থিরতার মধ্যে তিনি জাতীয় ঐক্য, বিপ্লবী গার্ডের প্রশংসা এবং যুক্তরাষ্ট্রের নিন্দা করে ইঙ্গিত দেন যে সরকার বর্তমান ব্যবস্থা বজায় রাখবে ও বিক্ষোভকারীদের দাবিতে ছাড় দেবে না।",11.76,2.41,9.41
news-51847418,করোনাভাইরাস প্রাদুর্ভাব মোকাবেলায় সব দেশের নাগরিকদের ভিসা দেয়া স্থগিত ঘোষণা করেছে ভারত।,"ভারত ১৩ মার্চ থেকে ১৫ এপ্রিল ২০২০ পর্যন্ত কূটনীতিক ও জাতিসংঘ/আন্তর্জাতিক সংস্থার কর্মীদের বাদে সব বিদেশি নাগরিকের ভিসা স্থগিত করে, এবং ঝুঁকিপূর্ণ দেশফেরত ভারতীয়দের অন্তত ১৪ দিনের কোয়ারেন্টিনের সিদ্ধান্ত নেয়। যুক্তরাষ্ট্রও যুক্তরাজ্য বাদে ইউরোপ থেকে ৩০ দিনের ভ্রমণ নিষেধাজ্ঞা জারি করে; দেশটিতে সংক্রমণ ও মৃত্যু বাড়ায় জনসমাগম নিষিদ্ধ, সেনা মোতায়েন এবং পরীক্ষা ও অর্থনৈতিক সহায়তার ব্যবস্থা নেওয়া হয়েছে।",11.27,0.0,8.45
news-47944264,সিরিয়ায় গিয়ে ব্রিটিশ নাগরিকত্ব হারানো 'আইএস বধূ' শামীমা বেগমের নাগরিকত্ব ফিরে পেতে আইনি লড়াই চালাতে ব্রিটিশ সরকারের কাছ থেকে অর্থ সহায়তা পেতে যাচ্ছেন।,"২০১৫ সালে ১৫ বছর বয়সে সিরিয়ায় যাওয়া শামীমা বেগমকে সেখানে শনাক্ত করার পর ব্রিটেন তার নাগরিকত্ব বাতিল করে; এখন তিনি এই সিদ্ধান্তের বিরুদ্ধে স্পেশাল ইমিগ্রেশন আপিল কমিশনে মামলা করতে লিগ্যাল এইডের আবেদন করেছেন। মামলাটি জটিল, কারণ এতে গোপন গোয়েন্দা প্রতিবেদন থাকতে পারে, আর লিগ্যাল এইড দেওয়া নিয়ে ব্রিটিশ রাজনীতিতে বিতর্ক চলছে। বাংলাদেশও জানিয়েছে, শামীমা বাংলাদেশের নাগরিক নন, কারণ তিনি কখনো বাংলাদেশে আসেননি বা নাগরিকত্বের আবেদন করেননি।",6.74,0.0,6.74
news-45822321,পৃথিবীর দুই অংশের মানুষ এখন তিনটি বড় ধরণের ঝড়ের মোকাবেলা করছে।,"ঘূর্ণিঝড় তিতলি উডিষ্যা উপকূলে আঘাত করেছে এবং আরব সাগরে লুবানসহ একই সময়ে বিশ্বের বিভিন্ন অঞ্চলে একাধিক ঝড় সক্রিয় রয়েছে; বাংলাদেশে তিতলির প্রভাব মূলত বৃষ্টিতে সীমিত থাকার সম্ভাবনা। বিজ্ঞানীরা অতিরিক্ত সমুদ্র উষ্ণতা, বৈশ্বিক উষ্ণায়ন ও এল নিনোর প্রভাবে এ বছর ঝড়ের প্রবণতা বৃদ্ধির কথা বলছেন।",3.64,0.0,3.64
news-55642677,গুলশানের সংযুক্ত আরব আমিরাতের দূতাবাসের ভিসা প্রসেসিং কার্যালয়ে একটি বিস্ফোরণে অন্ততঃ একজনের মৃত্যু হয়েছে বলে ঢাকায় কর্মকর্তারা জানাচ্ছেন।,গুলশান-২-এর এম্পোরি ফাইনান্সিয়াল সেন্টারে সংযুক্ত আরব আমিরাতের ভিসা প্রসেসিং সেন্টারে কেন্দ্রীয় এসি মেরামতের সময় বিস্ফোরণে এক মেরামতকর্মী নিহত ও অন্তত ছয়জন আহত হয়েছেন। আহতদের ইউনাইটেড হাসপাতালে নেওয়া হয়েছে; ঘটনাস্থলে দমকল ও বোমা নিষ্ক্রিয়করণ দল পাঠানো হয়েছে এবং প্রাথমিকভাবে এসির বিস্ফোরণকেই কারণ মনে করা হচ্ছে।,21.88,9.68,21.88
news-56931108,"চিকিৎসা বা অন্যান্য প্রয়োজনে ভারতে আসা যে শত শত বাংলাদেশি নাগরিক এখন স্থলপথে দেশে ফিরতে চাইছেন, তাদের অন্তত ঈদের ছুটি শেষ হওয়া পর্যন্ত অপেক্ষা করতে হবে বলে বাংলাদেশ দূতাবাস সূত্রে জানা যাচ্ছে।","বাংলাদেশের হাইকমিশন ও মিশনগুলো ১৬ মে থেকে আবার ভারতফেরত নাগরিকদের অনাপত্তিপত্র (এনওসি) দেওয়া শুরু করবে, তবে বেনাপোল ও আগরতলায় ভিড় কমাতে গেদে-দর্শনা, হিলি ও সোনামসজিদ সীমান্ত ব্যবহার করতে পরামর্শ দেওয়া হয়েছে। যশোরের কোয়ারেন্টিন সুবিধা পূর্ণ হয়ে যাওয়ায় এনওসি-র জন্য তিন হাজারের বেশি আবেদন জমা পড়েছে এবং প্রক্রিয়া চালু হতে আরও কয়েক দিন লাগবে। জাল এনওসি ঠেকাতে কাগজের সনদ না দিয়ে অনুমোদিত যাত্রীদের তালিকা সরাসরি সীমান্ত ইমিগ্রেশনে পাঠানোর সিদ্ধান্ত হয়েছে।",1.94,0.0,1.94
news-49839382,বাংলাদেশে তৃতীয় মেয়াদে ক্ষমতায় এসে আওয়ামী লীগ নজিরবিহীন এক অভিযান শুরু করেছে দুর্নীতির বিরুদ্ধে।,"ঢাকায় ক্যাসিনো, চাঁদাবাজি, টেন্ডারবাজি, মাদক ও দুর্নীতির অভিযোগে ক্ষমতাসীন দলের নেতাদের বিরুদ্ধে র‍্যাবের অভিযানকে ইতিবাচকভাবে দেখা হলেও এর স্থায়িত্ব ও কার্যকারিতা নিয়ে প্রশ্ন উঠেছে। সংশ্লিষ্টরা বলছেন, ক্যাসিনো বন্ধের পাশাপাশি পশুর হাটসহ দুর্নীতির মূল পৃষ্ঠপোষকদের জবাবদিহির আওতায় এনে অভিযান অব্যাহত রাখলেই এটি সত্যিকারের সফল হবে।",10.17,0.0,6.78
news-50838654,সরকারের রাজনৈতিক সদিচ্ছা থাকলে এবং শিল্প কারখানার মালিকরা শ্রমিকদের কল্যাণকে প্রাধান্য দিলে অটোমেশনের কারণে বাংলাদেশের খুব বেশি কর্মী চাকরি হারাবে না বলে মনে করেন কর্মসংস্থান ও চাকরির ভবিষ্যত বিষয়ে করা এক গবেষণার গবেষকরা।,"আন্তর্জাতিক শ্রম সংস্থা ও ব্র্যাকের গবেষণা অনুযায়ী, অটোমেশনের ফলে বাংলাদেশের পোশাকশিল্পে একঘেয়ে কাজ করা অনেক শ্রমিক চাকরি হারাতে পারেন, তবে প্রশিক্ষণ ও পুনর্বিন্যাসের মাধ্যমে তাঁদের বিকল্প কর্মসংস্থান দেওয়া সম্ভব। এ জন্য চাহিদাভিত্তিক কর্মমুখী শিক্ষা, দীর্ঘমেয়াদি সরকারি-শিল্প পরিকল্পনা এবং সামুদ্রিক ও সেবা খাতসহ আন্তর্জাতিক শ্রমবাজারের উপযোগী দক্ষতা উন্নয়নের ওপর জোর দেওয়া হয়েছে। গবেষণায় অনানুষ্ঠানিক কর্মসংস্থানের স্বীকৃতি, শ্রমিকদের সুযোগ-সুবিধা নিশ্চিতকরণ ও নারী-পুরুষের মজুরি বৈষম্য দূর করার সুপারিশও করা হয়েছে।",17.48,0.0,11.65
news-48769590,নিষেধাজ্ঞা ভেঙ্গে ফ্রান্সের একটি স্থানীয় সুইমিং পুলে মুসলিম নারীরা বুরকিনি পরে সাঁতার কেটেছেন।,"গ্রিনোবেলে একদল মুসলিম নারী নিষেধাজ্ঞা অমান্য করে বুরকিনি পরে স্থানীয় সুইমিং পুলে সাঁতার কাটেন, মুসলিম নারীদের সমান অধিকার ও বৈষম্যমূলক নীতির প্রতিবাদে। পুলিশ তাদের প্রত্যেককে ৪০ ডলার জরিমানা করে; বুরকিনি পুরো শরীর ঢেকে রাখা সাঁতারের পোশাক, যা ফ্রান্সের বিভিন্ন শহরে বিতর্কিত ও নিষিদ্ধ।",32.14,11.11,21.43
news-44256370,সাবিনা ইয়াসমিন (ছদ্মনাম) একটি বেসরকারি ব্যাংকে ৫ বছর ধরে কাজ করছিলেন। এ বছরের জানুয়ারি মাসে তাকে ডেকে আকস্মিক ভাবে পদত্যাগ করতে বলা হয়।,"বাংলাদেশের ব্যাংকিং খাতে অভ্যন্তরীণ রাজনীতি, কর্মীদের বাধ্যতামূলক পদত্যাগ ও ছাঁটাইয়ের কারণে যোগ্য নেতৃত্বের ঘাটতি তৈরি হয়েছে। বিআইবিএমের গবেষণা অনুযায়ী, ২০১৭ সালে ৫,৭০০ জনকে জোরপূর্বক চাকরি ছাড়তে বলা হয় এবং ৯,০২০ জন চাকরি হারান; একই সময়ে ব্যাংকারের সংখ্যা কমলেও ব্যাংক ও শাখার সংখ্যা বেড়েছে। গবেষণায় আরও বলা হয়েছে, এক-তৃতীয়াংশ ব্যাংক কর্মীদের দক্ষতা উন্নয়নে কোনো অর্থ ব্যয় করেনি, যদিও ব্যাংক পরিচালনাকারীরা এসব তথ্যের সঙ্গে পুরোপুরি একমত নন।",8.79,2.25,6.59
news-48406083,গত এক সপ্তাহে হিমালয়ের চূড়ায় সাতজন পর্বতারোহী মারা গেছেন। সেখানে গত এক বছরে এর চেয়ে কম মানুষ মারা গেছেন।,"সাম্প্রতিক বছরগুলোতে পর্বতারোহণের জনপ্রিয়তা, অনভিজ্ঞ ও অপ্রস্তুত আরোহীর সংখ্যা বৃদ্ধি এবং আবহাওয়াজনিত সংকীর্ণ সময়সীমার কারণে এভারেস্টসহ হিমালয়ের শৃঙ্গে ভিড় ও দুর্ঘটনা বাড়ছে। দীর্ঘ লাইনে অক্সিজেনের ঘাটতি, তীব্র ঠান্ডা, তুষারধস ও মাউন্টেন সিকনেসে পর্বতারোহীদের মৃত্যু ঘটছে; তাই পারমিট কমানো ও আরোহীদের যথাযথ প্রশিক্ষণের দাবি জোরালো হয়েছে।",3.12,0.0,3.12
news-45541192,শরীয়তপুরের নড়িয়া উপজেলায় মুলফৎগঞ্জ বাজারটি তিনশো বছরের পুরনো।,"পদ্মার ভয়াবহ ভাঙনে শরীয়তপুরের নড়িয়া উপজেলার মুলফৎগঞ্জ, কেদারপুর, দাসপাড়া, বুন্যা ও চন্ডিপুরসহ বিস্তীর্ণ এলাকা বিলীন হয়ে যাচ্ছে; ধ্বংস হয়েছে বাজার, রাস্তা, সেতু, স্বাস্থ্যকেন্দ্র, ঘাট, শিক্ষাপ্রতিষ্ঠান ও ধর্মীয় স্থাপনা। গত আড়াই মাসে সরকারি হিসাবে দুই কিলোমিটার এলাকা নদীতে তলিয়ে গেছে এবং পাঁচ হাজারের বেশি পরিবার সর্বস্ব হারিয়ে খোলা আকাশের নিচে আশ্রয় নিয়েছে, অনেকে শেষ সম্বলটুকু সরিয়ে নেওয়ার চেষ্টা করছেন।",9.09,3.12,9.09
news-55555497,"বরিশালের বাবুগঞ্জে বৌভাতের অনুষ্ঠানে খাবারে মাংস কম দেয়ার অভিযোগ থেকে বিতর্ক শুরু, বাকবিতণ্ডা থেকে হাতাহাতি ও লাঠালাঠি, শেষ পর্যন্ত পাত্রের একজন অভিভাবকের মৃত্যুতে শেষ হয় বিতণ্ডা।","বরিশালের বাবুগঞ্জে বৌভাতের অনুষ্ঠানে মাংস কম দেওয়া নিয়ে কনেপক্ষ ও বরপক্ষের মধ্যে তর্কাতর্কি হাতাহাতি ও সংঘর্ষে রূপ নেয়; সংঘর্ষ থামাতে গিয়ে বরের চাচা ও একমাত্র অভিভাবক আজহার মীর গুরুতর আহত হয়ে মারা যান। পুলিশ কনেসহ ২২ জনকে সোপর্দ করার পর ৯ জনকে গ্রেপ্তার করেছে, আর ময়নাতদন্ত ও মামলা দায়েরের প্রক্রিয়া চলছে।",20.78,13.33,20.78
news-45214104,ভারতের সদ্যপ্রয়াত সাবেক প্রধানমন্ত্রী অটলবিহারী বাজপেয়ী যে সাড়ে ছ'বছর দিল্লির ক্ষমতায় ছিলেন - তার মধ্যে মোটামুটি অর্ধেকটা সময় তিনি ঢাকাতে শেখ হাসিনার নেতৃত্বে আওয়ামী লীগ সরকার ও বাকি অর্ধেকটা খালেদা জিয়ার নেতৃত্বে একটি বিএনপি জোট সরকারকে পেয়েছিলেন।,"অটলবিহারী বাজপেয়ীর আমলে ভারত-বাংলাদেশ সম্পর্কে বাসসেবা চালুর মতো ইতিবাচক অগ্রগতির পাশাপাশি সীমান্ত সংঘাত, সংখ্যালঘু নির্যাতন ও উত্তর-পূর্ব ভারতের জঙ্গিদের আশ্রয় দেওয়া নিয়ে তীব্র টানাপোড়েনও ছিল। তবু বাজপেয়ী সংযম, সৌজন্য ও অর্থনৈতিক ছাড়ের মাধ্যমে সম্পর্ক উন্নয়নের চেষ্টা করেন, যদিও অভিন্ন নদীর পানি বণ্টনসহ কিছু প্রতিশ্রুতি বাস্তবায়িত হয়নি; ফলে তার আমলকে সাফল্য ও ব্যর্থতার মিশ্র সময় হিসেবে দেখা হয়।",12.5,0.0,8.33
news-50452028,"সৌদি আরবের রাষ্ট্রীয় তেল সংস্থা আরামকো শেয়ার বিক্রির জন্য তাদের যে প্রাথমিক মূল্যায়ন করেছে, তাতে আইপিওর মূল্য দাঁড়িয়েছে ১ লক্ষ ৭০ হাজার কোটি ডলার।","সৌদি আরবের রাষ্ট্রীয় তেল কোম্পানি আরামকো ১.৫ শতাংশ শেয়ার বিক্রি করে প্রায় ২ হাজার ৫০০ কোটি ডলার সংগ্রহের পরিকল্পনা করছে, যার ভিত্তিতে কোম্পানিটির মূল্যায়ন ১.৬–১.৭ লাখ কোটি ডলার ধরা হয়েছে। স্থানীয় ব্যক্তি ও প্রতিষ্ঠানগুলো শেয়ার কেনার সুযোগ পেলেও আপাতত আন্তর্জাতিক বিনিয়োগকারীদের জন্য তা উন্মুক্ত নয়; সংগৃহীত অর্থ জ্বালানি-বহির্ভূত খাতে বিনিয়োগ করে সৌদি অর্থনীতিকে বহুমুখী করার লক্ষ্য রয়েছে।",25.58,4.76,20.93
news-44240020,বাংলাদেশে স্থানীয় সরকার নির্বাচনের প্রচারে সংসদ সদস্যদের অংশগ্রহণের পথ খুলে দিয়ে নির্বাচন কমিশন যে নতুন বিধিমালা তৈরি করেছে তা সুষ্ঠু নির্বাচনের পথে প্রতিবন্ধকতা তৈরি করবে বলে মনে করছে নির্বাচন প্রক্রিয়ার পর্যবেক্ষকরা।,"নির্বাচন কমিশন সিটি কর্পোরেশন নির্বাচনের আচরণবিধি সংশোধন করে সংসদ সদস্যদের প্রচারে অংশ নেওয়ার সুযোগ দেওয়ার খসড়া চূড়ান্ত করেছে, তবে তারা সরকারি গাড়ি ও সার্কিট হাউজ ব্যবহার করতে পারবেন না। সুজনের সম্পাদক বদিউল আলম মজুমদার আশঙ্কা করেছেন, ক্ষমতাধর এমপিদের প্রচারে অংশগ্রহণে প্রার্থীদের জন্য সমান সুযোগ নষ্ট হবে এবং নির্বাচন সুষ্ঠু ও নিরপেক্ষতা নিয়ে প্রশ্ন উঠবে।",21.18,4.82,11.76
news-53512439,লন্ডনের একটি ব্যাঙ্কে বহু বছর ধরে গচ্ছিত হায়দ্রাবাদের নিজামের প্রায় সাড়ে চার কোটি ডলারের সম্পদ নিয়ে আইনি লড়াই আরও জটিল হয়েছে।,"হায়দ্রাবাদের সপ্তম নিজাম ১৯৪৮ সালে ভারতের সম্ভাব্য দখল থেকে অর্থ রক্ষার জন্য পাকিস্তানের লন্ডন হাইকমিশনের মাধ্যমে ১০ লাখ পাউন্ড ও একটি গিনি পাঠান; সেই অর্থ ৭২ বছর ধরে ব্যাংকে জমে সুদে-আসলে ৩৫ মিলিয়ন পাউন্ড হয়েছে। ভারত, পাকিস্তান ও নিজামের বংশধরদের মালিকানা-বিরোধে গত বছর লন্ডন আদালত পাকিস্তানের দাবি খারিজ করে নিজামের তুরস্কে বসবাসকারী উত্তরাধিকারী ও ভারতের পক্ষে রায় দিলেও, নওয়াব নাজাফ আলি খানের নেতৃত্বে পরিবারের আরও ১১৭ জন বংশধর সেই রায় চ্যালেঞ্জ করেছেন।",14.74,2.15,10.53
news-37527978,ভারত-পাকিস্তান সীমান্তে উত্তেজনার প্রভাব পড়েছে দুই দেশের বিনোদন জগতেও। কিছুদিন আগে ভারত থেকে পাকিস্তানি তারকাদের ফেরত পাঠানোর কথা বলেছিল ভারত।,"সীমান্ত উত্তেজনার মধ্যে পাকিস্তানের সিনেমা হল মালিক ও পরিবেশকরা ভারতীয় চলচ্চিত্র প্রদর্শন বন্ধের ঘোষণা দিয়েছে, যা প্রথমে অন্তত দুই সপ্তাহ চলবে এবং পরিস্থিতি স্বাভাবিক না হলে বাড়তে পারে। একই সময়ে ভারতে পাকিস্তানি অভিনেতাদের বলিউডে কাজ না দেওয়ার সিদ্ধান্ত নেওয়া হয়েছে, আর সম্ভাব্য হামলার আশঙ্কায় দুই দেশের সীমান্তবর্তী এলাকার বাসিন্দাদের সরিয়ে নেওয়া হচ্ছে।",10.96,2.82,8.22
news-41386651,বাংলাদেশ সফরে এসে জাতিসংঘ শরণার্থী সংস্থা ইউএনএইচসিআর প্রধান ফিলিপো গ্র্যান্ডি বলেছেন মিয়ানমারের উচিৎ কোফি আনান কমিশনের সুপারিশ অনুযায়ী রোহিঙ্গাদের নাগরিকত্ব দেওয়া।,"ইউএনএইচসিআর প্রধান ফিলিপো গ্র্যান্ডি রাখাইনে জরুরি ভিত্তিতে সহিংসতা বন্ধের আহ্বান জানিয়ে রোহিঙ্গাদের আশ্রয় দেওয়ায় বাংলাদেশের প্রশংসা করেছেন। তিনি ত্রাণ পরিকল্পনায় স্থানীয় বাংলাদেশিদের নিরাপত্তা, ঘরবাড়ি, জমি ও পরিবেশের বিষয়গুলো অন্তর্ভুক্ত করার ওপর জোর দেন এবং জানান, রোহিঙ্গাদের জন্য প্রাথমিকভাবে নির্ধারিত ৭৪ মিলিয়ন ডলারের চেয়ে অনেক বেশি অর্থ প্রয়োজন।",14.71,9.09,14.71
news-46237664,দু'হাজার তেরো সালের ডিসেম্বর মাস। ঢাকায় এক সফরে এলেন ভারতের তৎকালীন পররাষ্ট্র সচিব সুজাতা সিং।,"২০১৪ সালের নির্বাচনে ভারতের প্রকাশ্য ভূমিকার বিপরীতে ২০১৮ সালের নির্বাচন নিয়ে দেশটির আপাত উদাসীনতা বাংলাদেশের রাজনৈতিক পর্যবেক্ষকদের মধ্যে কৌশল পরিবর্তনের প্রশ্ন তুলেছে। কেউ মনে করেন, ভারত আড়ালে আওয়ামী লীগপন্থী সরকার চাইতে পারে; তবে অন্য বিশ্লেষকদের মতে, বিএনপির নির্বাচনে অংশগ্রহণ মূলত দলের নিজস্ব স্বার্থ ও বাংলাদেশের অভ্যন্তরীণ রাজনৈতিক সমীকরণের ফল, ভারতের ইচ্ছা এতে নির্ধারক নয়।",5.71,0.0,5.71
news-37768723,মদ পানের ক্ষেত্রে পুরুষদের প্রায় ধরে ফেলেছে মহিলারা। তাদের মধ্যে মদ পানের অভ্যাস দ্রুত বাড়ছে। বিশ্ব জুড়ে পরিচালিত এক সমীক্ষায় এই দাবি করা হয়েছে।,"পরবর্তী প্রজন্মগুলোতে নারীদের মদ্যপানের হার দ্রুত বেড়ে পুরুষদের সঙ্গে ব্যবধান কমে এসেছে; বর্তমানে নারী-পুরুষের অনুপাত ১:১.১, যেখানে বিংশ শতাব্দীর শুরুতে পুরুষদের হার ছিল দ্বিগুণের বেশি। গবেষকদের মতে, নারী-পুরুষের সামাজিক ভূমিকার পরিবর্তন, অ্যালকোহলের সহজলভ্যতা এবং বিপণনকারীদের নারীদের, বিশেষত তরুণীদের, লক্ষ্য করা এই প্রবণতার কারণ।",11.27,0.0,5.63
news-53120172,করোনাভাইরাসের বিরুদ্ধে লড়াইয়ে ভিটামিন ডি-র কোন ভূমিকা আছে কিনা তা নিয়ে প্রশ্ন ক্রমেই বাড়ছে।,"লকডাউনে ঘরে থাকা ও সূর্যালোকের সংস্পর্শ কমে যাওয়ায় ভিটামিন ডি-র ঘাটতি হতে পারে, তাই বাইরে যেতে না পারা ব্যক্তিদের প্রতিদিন ১০ মাইক্রোগ্রাম ভিটামিন ডি-৩ নেওয়ার কথা ব্রিটেনের স্বাস্থ্য কর্তৃপক্ষ বিবেচনা করতে বলেছে। ভিটামিন ডি হাড়, দাঁত, পেশি ও রোগপ্রতিরোধ ক্ষমতার জন্য গুরুত্বপূর্ণ হলেও কোভিড-১৯ প্রতিরোধ বা চিকিৎসায় এর কার্যকারিতার নির্ভরযোগ্য প্রমাণ এখনও নেই; অতিরিক্ত সেবন ক্ষতিকর হতে পারে, তাই চিকিৎসকের পরামর্শ নেওয়া উচিত।",7.41,5.06,7.41
news-47397239,"যুক্তরাজ্যের দাতব্য প্রতিষ্ঠান অটিস্টিকা জানাচ্ছে, এনারক্সিয়া বা ক্ষুধামন্দা রোগ নিয়ে যারা হাসপাতালে ভর্তি হয় তাদের মধ্যে প্রতি পাঁচজনের একজনের অটিস্টিক সমস্যা রয়েছে।","যুক্তরাজ্যের গবেষণায় অটিজমের সঙ্গে ক্ষুধামন্দা বা খাবার গ্রহণে অনীহার সম্ভাব্য গভীর সম্পর্কের কথা উঠে এসেছে, যদিও এ বিষয়ে আরও গবেষণা প্রয়োজন। অটিজম শনাক্ত না হলে সঠিক চিকিৎসা শুরু করা কঠিন; বিভিন্ন গবেষণায় ক্ষুধামন্দায় আক্রান্ত নারীদের ১৫ শতাংশ এবং একটি বিশেষ ক্লিনিকের রোগীদের ৩৫ শতাংশের অটিজম থাকার তথ্য পাওয়া গেছে।",8.45,0.0,5.63
news-46002944,রাতারাতি ওলট পালট ঘটে গেছে শ্রীলঙ্কার সরকার ও রাজনীতির মানচিত্রে।,"শ্রীলঙ্কার প্রেসিডেন্ট মৈথ্রিপালা সিরিসেনা প্রধানমন্ত্রী রানিল বিক্রমাসিংহেকে বরখাস্ত করে সাবেক প্রতিদ্বন্দ্বী মাহিন্দা রাজাপাক্সেকে প্রধানমন্ত্রী নিয়োগ করেছেন এবং ১৬ নভেম্বর পর্যন্ত সংসদ স্থগিত করেছেন। বিক্রমাসিংহের দল এ সিদ্ধান্তকে অসাংবিধানিক দাবি করে সংসদে সংখ্যাগরিষ্ঠতা প্রমাণের কথা বললেও তা এখন অনিশ্চিত। অর্থনৈতিক সংকটকে সিদ্ধান্তের কারণ বলা হলেও পর্যবেক্ষকদের মতে, এর পেছনে রাজনৈতিক স্বার্থ ও আসন্ন নির্বাচনের সমীকরণও থাকতে পারে।",6.06,0.0,6.06
news-48250607,প্রতিদিন সামহি মুস্তাফা কায়রোর কাছে তার বাড়ি থেকে মিশরের দক্ষিণের প্রদেশ বানি সোয়েফ পর্যন্ত ২০০ কিলোমিটার যাত্রা করেন।,"মিশরে কারাভোগের পরও সাংবাদিক সামহি মুস্তাফাসহ বহু বিরোধী মতাবলম্বীকে ‘সাপ্লিমেন্টারি পেনাল্টি’ হিসেবে প্রতিদিন ১২ ঘণ্টা পুলিশ স্টেশনে কাটানোর শাস্তি দেওয়া হচ্ছে; অনুপস্থিত হলে আবার কারাদণ্ডও হতে পারে। এই শাস্তিতে তাদের চাকরি, পড়াশোনা ও পারিবারিক জীবন ব্যাহত হচ্ছে, আর মানবাধিকারকর্মীরা একে রাজনৈতিক নিপীড়ন ও বাড়াবাড়ি বলে সমালোচনা করছেন।",6.15,0.0,3.08
news-53784357,"বাংলাদেশে পুলিশের কর্মকর্তারা বলেছেন, কক্সবাজারে অবসরপ্রাপ্ত মেজর সিনহা মো: রাশেদের হত্যার ঘটনাকে কেন্দ্র করে পুলিশ বাহিনীর ভাবমূর্তি প্রশ্নের মুখে ফেলা হচ্ছে। সেজন্য পুলিশ কর্মকর্তাদের অ্যাসোসিয়েশন বিবৃতি দিয়ে বাহিনীটির অবস্থান তুলে ধরেছে বলে কর্মকর্তারা উল্লেখ করেছেন।","সিনহা মো. রাশেদ হত্যাকাণ্ডকে ব্যক্তির দায় হিসেবে উল্লেখ করে পুলিশ সার্ভিস অ্যাসোসিয়েশন বলেছে, স্বার্থান্বেষী মহল সামাজিক ও গণমাধ্যমে অপপ্রচার চালিয়ে পুলিশ ও সেনাবাহিনীকে মুখোমুখি করার চেষ্টা করছে। তবে বিশ্লেষকদের মতে, ক্রসফায়ার, গুম ও পুলিশের নানা কর্মকাণ্ড নিয়ে দীর্ঘদিনের জনঅসন্তোষ থেকেই ক্ষোভ প্রকাশ পাচ্ছে এবং পুলিশের ভাবমূর্তি পুনরুদ্ধারে এসব সমস্যা সমাধানে আন্তরিক পদক্ষেপ প্রয়োজন।",18.18,4.65,11.36
news-46698395,বাংলাদেশে আসন্ন জাতীয় সংসদ নির্বাচনের সময় অসত্য তথ্য প্রচার ঠেকাতে র‍্যাব ফেসবুকে একটি পেজের মাধ্যমে 'র‍্যাব সাইবার নিউজ ভেরিফিকেশন সেন্টার' নামে একটি কেন্দ্র চালু করার ঘোষণা দিয়েছে।,"নির্বাচনকালীন সামাজিক মাধ্যমের সন্দেহজনক খবর যাচাই করতে র‍্যাব ‘সাইবার নিউজ ভেরিফিকেশন সেন্টার’ চালু করেছে, যা ২৪ ঘণ্টা কাজ করবে। ফোন, ফেসবুক পেজ বা ‘রিপোর্ট টু র‍্যাব’ অ্যাপের মাধ্যমে খবর পাঠালে বিশেষজ্ঞরা দ্রুত সত্যতা যাচাই করে প্রতিক্রিয়া জানাবেন, যাতে ভুয়া খবরের কারণে ভোটারদের বিভ্রান্তি বা সহিংসতা ঠেকানো যায়।",25.64,15.79,17.95
news-48295298,"""এনিয়ে আমি দ্বিতীয়বার চিন্তা করি না। গর্ভপাতের বিষয়ে আমরা খোলামেলা কথা বলি। আমার মনে আছে, শেষবার যখন গর্ভপাত করি তখন আমি আমার সব বন্ধুসহ পরিবারের সবাইকে জানিয়েছিলাম,"" বলছিলেন গ্রিনল্যান্ডের ১৯ বছর বয়সী পিয়া। পরিচয় গোপন রাখতে তার নামটি বদলে দেওয়া হয়েছে।","গ্রিনল্যান্ডে ২০১৩ সালের পর থেকে বছরে জন্মের (প্রায় ৭০০) চেয়ে গর্ভপাত (প্রায় ৮০০) বেশি, এবং অন্তঃসত্ত্বা নারীদের অর্ধেকেরও বেশি গর্ভপাত করেন—ডেনমার্কের তুলনায় দেশটির হারও অনেক বেশি। গর্ভপাত বৈধ ও বিনামূল্যে হওয়ার পাশাপাশি জন্মনিরোধক সম্পর্কে অজ্ঞতা ও অনিয়মিত ব্যবহার, অ্যালকোহল, পুরুষ সঙ্গীর অনীহা, পারিবারিক সহিংসতা ও যৌন নির্যাতন এ প্রবণতার প্রধান কারণ; এসব মোকাবিলায় সরকার বিনামূল্যে জন্মনিরোধক ও কিশোরদের যৌনস্বাস্থ্য কর্মসূচি চালু করেছে।",1.92,0.0,1.92
news-51697033,বাংলাদেশে ১৯৭৩ সালে সাধারণ বীমা ও জীবন বীমা কর্পোরেশন প্রতিষ্ঠার মাধ্যমে বীমা খাতের শুরু হলেও আজই অর্থাৎ পয়লা মার্চ প্রথমবারের মত জাতীয় বীমা দিবস হিসেবে পালন করা হচ্ছে।,"বীমা নির্দিষ্ট প্রিমিয়ামের বিনিময়ে জীবন, সম্পদ বা স্বাস্থ্যঝুঁকি প্রতিষ্ঠানের কাছে স্থানান্তরের মাধ্যমে ভবিষ্যতের আর্থিক নিরাপত্তা নিশ্চিত করে; বাংলাদেশে প্রধানত জীবন ও সাধারণ—এই দুই ধরনের বীমা চালু রয়েছে। বীমা করার আগে শর্ত, প্রিমিয়াম প্রদানের নিয়ম, মেয়াদ শেষে প্রাপ্য অর্থ ও আইনি সুরক্ষা ভালোভাবে জেনে নেওয়া জরুরি। তবে গ্রাহকের সচেতনতার অভাব, এজেন্টদের প্রশিক্ষণ ঘাটতি এবং সময়মতো অর্থ না পাওয়ার অভিযোগের কারণে খাতটিতে আস্থার সংকট রয়েছে।",17.39,0.0,10.87
150110_pg_srilanka_after_mahinda,নির্বাচনের দিন কলম্বোয় একটি ভোটগণনা কেন্দ্রে সারাদিন ধরে পুলিশ আর সেনাবাহিনীর কর্মকর্তাদের সাথে কথা বলেছেন একজন কর্মী।,"মহিন্দা রাজাপাকশের দীর্ঘ শাসন, পরিবারতন্ত্র, মানবাধিকার লঙ্ঘন ও তামিল যুদ্ধের নৃশংসতার কারণে সেনাবাহিনীসহ জনগণের একাংশ পরিবর্তন চেয়েছিল, ফলে মৈত্রীপালা সিরিসেনা নির্বাচিত হন। সিরিসেনার সামনে যুদ্ধাপরাধের জাতিসংঘ তদন্ত, সংখ্যালঘুদের নিরাপত্তা, আইনশাসন প্রতিষ্ঠা এবং চীন-ভারতের সঙ্গে ভারসাম্যপূর্ণ সম্পর্ক বজায় রাখার বড় চ্যালেঞ্জ রয়েছে।",0.0,0.0,0.0
news-53821957,ঢাকার মগবাজার এলাকায় বসবাস করেন আফরোজা আক্তার। নিজের প্রথম সন্তানের জন্মের সময় নরমাল ডেলিভারি বা স্বাভাবিক প্রসবের জন্য নিজেকে প্রস্তুত করেছিলেন তিনি।,"বাংলাদেশে গত এক দশকে অপ্রয়োজনীয় সিজারিয়ানের হার ব্যাপক বেড়েছে; বেসরকারি হাসপাতালে এ হার ৮৩ শতাংশ, যেখানে বিশ্ব স্বাস্থ্য সংস্থার সুপারিশ ১০–১৫ শতাংশ। তবে করোনাকালে হাসপাতাল এড়িয়ে বাড়িতে প্রসব বৃদ্ধি, স্বাস্থ্যসেবা ব্যাহত হওয়া ও হাসপাতালে যাতায়াত কমে যাওয়ায় সিজারসহ মোট প্রাতিষ্ঠানিক প্রসব কমেছে। বিশেষজ্ঞরা এই প্রবণতার স্থায়িত্ব নিয়ে নিশ্চিত নন এবং অপ্রয়োজনীয় সিজার বন্ধে সরকারি নজরদারি বাড়ানোর আহ্বান জানিয়েছেন।",0.0,0.0,0.0
news-43006012,"""বিজ্ঞানে এটা প্রমাণ হয়েছে যে সুখী হতে হলে সচেতন প্রচেষ্টার প্রয়োজন,"" বলেছেন যুক্তরাষ্ট্রে ইয়েল বিশ্ববিদ্যালয়ে মনোবিজ্ঞান এবং কগনিটিভ বিজ্ঞান বিভাগের একজন অধ্যাপক লরি স্যান্টোস।","ইয়েল বিশ্ববিদ্যালয়ের অধ্যাপক লরি স্যান্টোসের ‘মনোবিজ্ঞান ও সুন্দর জীবন’ কোর্সে সুখী হওয়ার জন্য নিয়মিত চর্চার গুরুত্ব শেখানো হয়, যা বিশ্ববিদ্যালয়ের ইতিহাসে সর্বাধিক জনপ্রিয়। তিনি কৃতজ্ঞতার তালিকা তৈরি, পর্যাপ্ত ঘুম, প্রতিদিন ধ্যান, পরিবার ও বন্ধুদের সঙ্গে সময় কাটানো এবং সামাজিক যোগাযোগমাধ্যমের বদলে বাস্তব যোগাযোগ বাড়ানোর পরামর্শ দেন।",17.14,2.94,8.57
news-49471833,পার্বত্য চট্টগ্রামের খাগড়াছড়ি জেলায় সেনাবাহিনীর সাথে 'গোলাগুলিতে' তিনজন নিহত হয়েছে।,"খাগড়াছড়ির দীঘিনালায় সেনা টহলের সঙ্গে ইউপিডিএফ–প্রসীতপন্থী সদস্যদের গুলিবিনিময়ে তিনজন নিহত হয়েছে বলে আইএসপিআর জানিয়েছে; ঘটনাস্থল থেকে তিনটি আগ্নেয়াস্ত্র উদ্ধার করা হয়েছে এবং আরও হতাহত বা অস্ত্রের সন্ধানে তল্লাশি চলছে। তবে ইউপিডিএফের দাবি, তাদের তিন সদস্যকে গ্রেফতারের পর পরিকল্পিতভাবে হত্যা করে গোলাগুলির নাটক সাজানো হয়েছে; তারা নিরপেক্ষ তদন্ত ও দোষীদের শাস্তি দাবি করেছে।",9.52,6.56,9.52
news-46411893,"ভারতের আসামে যে কয়েকলক্ষ মানুষ জাতীয় নাগরিকপঞ্জী বা এনআরসি থেকে বাদ যাওয়ার আশঙ্কায় দিন কাটাচ্ছেন, তারা যদি সত্যি রাষ্ট্রবিহীন হয়ে পড়েন, তাহলে মিয়ানমারের রোহিঙ্গাদের মতোই আরেকটা শরণার্থী সঙ্কট তৈরি হতে পারে - মনে করছেন গবেষকরা।","গবেষক ও মানবাধিকার বিশেষজ্ঞরা সতর্ক করেছেন, আসামের এনআরসি থেকে বাদ পড়া ৪০ লাখ মানুষের একটি অংশ রাষ্ট্রহীন হয়ে পড়লে রোহিঙ্গা সংকটের মতো নতুন আঞ্চলিক সংকট তৈরি হতে পারে। তারা মিয়ানমারের ১৯৮২ সালের নাগরিকত্ব আইনের অভিজ্ঞতা থেকে শিক্ষা নিয়ে দক্ষিণ এশিয়ায় দ্রুত একটি আঞ্চলিক মানবাধিকার কাঠামো গড়ে তোলার দাবি জানিয়েছেন, যা শরণার্থী ও রাষ্ট্রহীন মানুষের অধিকার রক্ষা করবে।",21.98,8.99,15.38
news-38992990,বাংলাদেশে রাষ্ট্রপতি গঠিত নতুন নির্বাচন কমিশন বুধবার শপথ গ্রহণের মাধ্যমে আনুষ্ঠানিকভাবে কাজ শুরু করেছে।,"বাংলাদেশের নতুন নির্বাচন কমিশন শপথ নিয়ে কাজ শুরু করলেও প্রধান নির্বাচন কমিশনার কে এম নুরুল হুদার অতীত কর্মজীবন ও নিয়োগ নিয়ে বিএনপি প্রশ্ন তুলেছে, আর আওয়ামী লীগ কমিশনকে যোগ্য ও গ্রহণযোগ্য বলে সমর্থন করেছে। রাজনৈতিক পাল্টাপাল্টি বক্তব্যে সাধারণ মানুষের মধ্যে সন্দেহ তৈরি হয়েছে এবং পর্যবেক্ষকেরা মনে করছেন, আগামী জাতীয় নির্বাচন সামনে রেখে কমিশনের প্রতিটি পদক্ষেপ কঠোরভাবে নজরদারিতে থাকবে।",19.44,8.57,19.44
news-45204536,বাংলাদেশের সুপরিচিত ফটোগ্রাফার এবং অ্যাকটিভিস্ট শহিদুল আলম এখন কারাগারে।,"নিরাপদ সড়ক আন্দোলনের সময় সরকারের সমালোচনা করায় আলোকচিত্রী শহিদুল আলমকে মিথ্যা তথ্য ছড়ানোর অভিযোগে বিতর্কিত ইন্টারনেট আইনে আটক করা হয়; তিনি পুলিশ হেফাজতে নির্যাতনের অভিযোগ করেছেন। আন্তর্জাতিক মানবাধিকার সংগঠন, লেখক ও আলোকচিত্রীরা তাঁর মুক্তি দাবি করেছেন। দৃক গ্যালারির প্রতিষ্ঠাতা শহিদুল আলম বাংলাদেশের গণআন্দোলন, এরশাদবিরোধী সংগ্রাম, ক্রসফায়ার, বন্যা ও সাইক্লোনসহ গুরুত্বপূর্ণ সামাজিক-রাজনৈতিক ঘটনাবলি দীর্ঘদিন ধরে আলোকচিত্রে তুলে ধরেছেন।",8.96,3.08,5.97
news-40475237,বাংলাদেশে জঙ্গি হামলার আশঙ্কায় রাজধানী ঢাকার কাছে সাভারের ধামরাইয়ে বিখ্যাত যশোমাধবের রথযাত্রা উৎসব উপলক্ষে প্রায় চারশ বছরের ঐতিহ্যবাহী একটি মেলা বন্ধ করে দেয়ার অভিযোগ উঠেছে।,"ধামরাইয়ের ঐতিহ্যবাহী যশোমাধবের রথযাত্রাকে ঘিরে দীর্ঘদিনের মেলা এবার জঙ্গি হামলার আশঙ্কায় পুলিশ বন্ধ করেছে, যদিও হামলার সুনির্দিষ্ট তথ্য নেই। মন্দির কর্তৃপক্ষ ও স্থানীয় হিন্দু সম্প্রদায়ের নেতারা এটিকে রথযাত্রা বন্ধের ষড়যন্ত্র বলে প্রতিবাদ করেছেন, অন্যদিকে পৌরসভা নিরাপত্তার স্বার্থে সিদ্ধান্তটি সমর্থন করেছে। সোমবার রথযাত্রা অনুষ্ঠিত হওয়ার কথা রয়েছে।",22.54,5.8,11.27
news-40326980,"বিবিসি আরবী বিভাগ এবং ডেনিশ একটি নিউজপেপারের যৌথ এক অনুসন্ধানে জানা গেছে, ব্রিটিশ নিরাপত্তা সামগ্রী প্রস্তুতকারক কোম্পানি বি.এ.ই সিস্টেমের স্পর্শকাতর বিভিন্ন নিরাপত্তা প্রযুক্তি সামগ্রী দেদারসে মধ্যপ্রাচ্যে বিক্রি করা হচ্ছে ।","দুবাইসহ আরব আমিরাতে ব্যবহৃত উন্নত সাইবার নজরদারি প্রযুক্তি নাগরিকদের যোগাযোগ, অবস্থান ও ব্যক্তিগত তথ্য গোপনে পর্যবেক্ষণের সুযোগ দিচ্ছে, যার শিকার হয়েছেন মানবাধিকারকর্মী আহমেদ মানসুর। ব্রিটিশ প্রতিষ্ঠান বি.এ.ই. সিস্টেমস সৌদি আরব, কাতার, ওমানসহ মানবাধিকার লঙ্ঘনের অভিযোগ থাকা দেশগুলোতে এসব প্রযুক্তি বিক্রি করছে; সমালোচকদের আশঙ্কা, সন্ত্রাস দমনের নামে এর অপব্যবহার গণতন্ত্র ও নাগরিক স্বাধীনতার জন্য গুরুতর হুমকি তৈরি করছে।",13.33,4.55,13.33
news-46856270,বাংলাদেশ মজুরি কাঠামো নিয়ে সংকট নিরসনে সরকারের একটি পর্যালোচনা কমিটি সব পক্ষের সাথে জরুরি বৈঠকের পর জানিয়েছেন মজুরি কাঠামো সংশোধন করা হয়েছে ও তাতে একমত হয়েছে সব পক্ষই।,"শ্রমিকদের বিক্ষোভের পর শ্রমিক, মালিক ও সরকারের বৈঠকে সংশোধিত মজুরি কাঠামোতে সবাই যৌথভাবে সই করেছে, যদিও শ্রমিক নেতারা এতে পুরোপুরি সন্তুষ্ট কি না তা স্পষ্ট করেননি। সংশোধনে বিভিন্ন গ্রেডের মূল বেতন সমন্বয় করা হয়েছে; সর্বনিম্ন মোট বেতন ৮,০০০ এবং সর্বোচ্চ ১৮,২৫৭ টাকা নির্ধারিত হয়েছে। এর আগে বিজিএমইএ কাজে না ফিরলে মজুরি না দেওয়ার ultimatum দিলেও বৈঠকের দিনও বিভিন্ন স্থানে বিক্ষোভ চলেছে।",19.78,2.25,10.99
news-40916562,বরফে ঢাকা এন্টার্কটিকায় হয়তো বিশ্বের সবচেয়ে বিরূপ প্রাকৃতিক পরিবেশ। কিন্তু ব্রিটিশ এক প্যাকেট ফ্রুটকেক ১০০ বছরেরও বেশি সময় ধরে তা সহজেই সামলেছে।,"এন্টার্কটিকার কেপ এডেয়ারে ১০৬ বছর পুরোনো একটি ব্রিটিশ ফ্রুটকেক খুঁজে পেয়েছেন এন্টার্কটিক হেরিটেজ ট্রাস্টের গবেষকরা, যা ক্যাপ্টেন রবার্ট ফ্যালকন স্কটের অভিযানে নেওয়া হয়েছিল বলে ধারণা করা হচ্ছে। টিনে জং ধরলেও কেকটি প্রায় অক্ষত ও সুগন্ধযুক্ত রয়েছে; এটি পাওয়া গেছে ১৮৯৯ সালে নির্মিত এন্টার্কটিকার প্রাচীনতম কুঁড়েঘরে, যেখানে স্কটের অভিযানের আরও বহু নিদর্শন রয়েছে।",5.41,0.0,5.41
news-46874687,পুরান ঢাকার লালবাগ কুঠির দিকে যখন যাচ্ছিলাম তখনই পাওয়া যাচ্ছিল উৎসবের একটা আমেজ।,"পুরান ঢাকার ঐতিহ্যবাহী সাকরাইন বা পৌষ সংক্রান্তি উৎসবে ছাদে ছাদে ঘুড়ি ওড়ানো, আতশবাজি, ফানুশ, আগুন খেলা, গান ও নাচের আয়োজন হয়; এতে সব ধর্ম ও বয়সের মানুষ অংশ নেন। সময়ের সঙ্গে ঘুড়ি ওড়ানোর ঐতিহ্য কমে ছাদভিত্তিক জাঁকজমক ও ডিজে পার্টি বেড়েছে, ফলে উৎসবটি জনপ্রিয় হলেও অতিরিক্ত শব্দদূষণ নিয়ে অভিযোগ রয়েছে।",6.35,3.28,6.35
news-47569153,"ভারতের ক্ষমতাসীন দল বিজেপি, যারা নিজেদের দেশে ডিজিটাল বিপ্লবের পথিকৃৎ বলে দাবি করে থাকে, তাদের ওয়েবসাইট গত দশদিন ধরে স্তব্ধ হয়ে আছে।","বিজেপির অফিসিয়াল ওয়েবসাইট ৫ মার্চ থেকে রক্ষণাবেক্ষণের বার্তা দেখিয়ে বন্ধ রয়েছে; প্রথমে অস্বীকার করলেও পরে কেন্দ্রীয় মন্ত্রী রবিশঙ্কর প্রসাদ স্বীকার করেন যে সাইটটি অল্প সময়ের জন্য হ্যাক হয়েছিল। হ্যাকারদের পোস্ট করা মোদী-বিদ্রূপাত্মক মিমের পর সাইটটি আর চালু না হওয়ায় সামাজিক মাধ্যমে ব্যাপক ব্যঙ্গ-বিদ্রূপ চলছে, আর দীর্ঘস্থায়ী সমস্যায় এর নিরাপত্তা ও সম্ভাব্য ‘মেগা-হ্যাকিং’ নিয়ে প্রশ্ন উঠেছে।",2.5,0.0,2.5
news-44254483,ট্রাম্প-কিম শীর্ষ বৈঠক হবে না - এ কথা ঘোষণার একদিন পরই এখন মার্কিন প্রেসিডেন্টের মুখে উল্টো কথা শোনা যাচ্ছে।,"ট্রাম্প জানান, উত্তর কোরিয়ার সঙ্গে আলোচনা চলায় ১২ জুন সিঙ্গাপুরে কিম জং উনের সঙ্গে প্রস্তাবিত শীর্ষ বৈঠকটি এখনও হতে পারে। বৈঠক বাতিল নিয়ে উত্তেজনা তৈরি হলেও উত্তর কোরিয়া যেকোনো সময় বৈঠকে আগ্রহ প্রকাশ করেছে; তবে লিবিয়ার দৃষ্টান্ত টেনে পারমাণবিক নিরস্ত্রীকরণের মার্কিন বক্তব্যে তারা ক্ষুব্ধ হয়েছিল।",15.62,0.0,15.62
news-55619086,ভারতের সীমান্তরক্ষী বাহিনীর গুলিতে বাংলাদেশি নাগরিকদের মৃত্যুর পর সেখানে সীমান্তবর্তী গ্রামগুলোতে নিহতদের পরিবারে শোকের মাতম গত কয়েক বছরে বেশ পরিচিত দৃশ্য হয়ে উঠেছে।,"মেঘালয়ের সাউথ গারো হিলস সীমান্তে বিজিবির গুলিতে ভারতীয় নাগরিক থেডিয়ান জি মোমিন নিহত হওয়ার ঘটনায় স্থানীয়দের মধ্যে ক্ষোভ ছড়িয়েছে; বিজিবি তাকে ইয়াবা পাচারকারী ও আত্মরক্ষার্থে গুলি করার দাবি করলেও পুলিশ জানিয়েছে, তার কোনো অপরাধের রেকর্ড ছিল না। বিএসএফ ও বিজিবি ঘটনাটি নিয়ে আলোচনা করছে, আর সীমান্তে কাঁটাতারের বেড়ার অসম্পূর্ণতা ও সাম্প্রতিক অনুপ্রবেশের ঘটনায় মেঘালয়ে উত্তেজনা আরও বেড়েছে।",2.5,0.0,2.5
news-48981368,বাংলাদেশ থেকে প্রতিবছর সরকারিভাবে কয়েক হাজার কর্মী কাজ করতে দক্ষিণ কোরিয়ায় যান।,"দক্ষিণ কোরিয়ায় বাংলাদেশি কর্মী নিয়োগ বোয়েসেল ও কোরিয়ার এইচআরডির মাধ্যমে পয়েন্ট সিস্টেমে হয়; কম খরচে তুলনামূলক বেশি বেতনের কারণে এতে তরুণদের আগ্রহ রয়েছে। তবে চাকরি পরিবর্তন, মালিকদের সঙ্গে বিরোধ, খাবারে মানিয়ে নিতে না পারা ও ভুয়া সনদ ব্যবহারের কারণে বাংলাদেশি কর্মীদের চাহিদা কমে নেপাল, ভিয়েতনাম ও মিয়ানমারের কর্মীরা এগিয়ে গেছে। দক্ষতা, ভালো আচরণ ও অভিযোজনের মাধ্যমে বাংলাদেশি কর্মীরা আস্থা পুনরুদ্ধার করতে পারলে এই শ্রমবাজারে নতুন সম্ভাবনা তৈরি হতে পারে।",9.88,2.53,4.94
news-53220802,সিঙ্গাপুরে করোনাভাইরাসের বিস্তার ঠেকাতে ব্লুটুথ দিয়ে ব্যবহারযোগ্য কন্ট্যাক্ট ট্রেসিং-এর যন্ত্র্র বিতরণ শুরু হয়েছে।,"সিঙ্গাপুর সরকার স্মার্টফোনবিহীন বা গোপনীয়তা নিয়ে উদ্বিগ্ন মানুষের জন্য ব্লুটুথভিত্তিক ‘ট্রেসটুগেদার’ টোকেন চালু করেছে, যা জিপিএস বা ইন্টারনেট ছাড়াই সংস্পর্শের তথ্য সংগ্রহ করবে এবং ব্যাটারি নয় মাস চলবে। প্রথম দফায় ঝুঁকিপূর্ণ বয়স্কদের জন্য ৩ লাখ টোকেন তৈরি করা হয়েছে; তথ্য সর্বোচ্চ ২৫ দিন সুরক্ষিতভাবে রাখা হবে এবং অর্থনীতি পুনরায় চালুর সঙ্গে কর্মসূচিটি আরও বিস্তৃত করার পরিকল্পনা রয়েছে।",2.82,0.0,2.82
news-46140466,বাংলাদেশে একাদশ জাতীয় সংসদ নির্বাচন নিয়ে চলা মতপার্থক্য আর বিতর্কের মধ্যে বৃহস্পতিবার নির্বাচনের তফসিল ঘোষণা করেছে নির্বাচন কমিশন।,"প্রধান নির্বাচন কমিশনার কে এম নূরুল হুদা ঘোষণা করেছেন, আগামী ২৩ ডিসেম্বর সংসদ নির্বাচন অনুষ্ঠিত হবে এবং সীমিত পরিসরে ইভিএম ব্যবহার করা হবে। জাতীয় ঐক্যফ্রন্টের তফসিল পেছানো, সংসদ ভেঙে নির্বাচনকালীন নিরপেক্ষ সরকারসহ বিভিন্ন দাবি উপেক্ষা করে কমিশন তফসিল ঘোষণা করেছে। সিইসি সব দলকে অংশগ্রহণের আহ্বান জানিয়ে অবাধ, সুষ্ঠু ও গ্রহণযোগ্য নির্বাচন এবং প্রার্থী ও ভোটারদের জন্য সমান সুযোগ নিশ্চিত করার আশ্বাস দিয়েছেন।",20.0,7.69,15.0
120724_humayun,বাংলাদেশের জনপ্রিয় কথাসাহিত্যিক হুমায়ূন আহমেদকে ঢাকার অদূরে গাজীপুরে তার নিজের গড়া নুহাশ পল্লী নামের বাগান বাড়ীতে দাফন করা হয়েছে।,"হুমায়ূন আহমেদের মরদেহ মঙ্গলবার সকালে বারডেম হাসপাতাল থেকে নুহাশপল্লীতে নেওয়া হয়, সেখানে জোহরের নামাজের পর জানাজা শেষে লিচুবাগানে তাঁকে দাফন করা হয়। দাফনের স্থান নিয়ে বর্তমান স্ত্রী মেহের আফরোজ শাওন, প্রথম পক্ষের সন্তান ও ভাইদের মধ্যে মতভেদ দেখা দিলে সরকারের মধ্যস্থতায় সিদ্ধান্ত হয়, তাঁর শেষ ইচ্ছা অনুযায়ী নুহাশপল্লীতেই তাঁকে সমাহিত করা হবে। বৃষ্টির মধ্যেও কয়েক হাজার মানুষ তাঁকে শেষ শ্রদ্ধা জানাতে সমবেত হন।",7.32,2.5,7.32
news-54832898,"দীর্ঘ ৫০ বছরের সামরিক শাসনের পর মিয়ানমারে কার্যত দ্বিতীয় সাধারণ নির্বাচন হতে যাচ্ছে রবিবার, তবে নির্বাচনটি নিয়ে ইতোমধ্যেই সংশয় প্রকাশ করেছে আন্তর্জাতিক নানা সংস্থা।","মিয়ানমারের আসন্ন নির্বাচনে অং সান সু চির এনএলডি জয়ী হবে বলে ধারণা করা হলেও, রোহিঙ্গা গণহত্যার অভিযোগে আন্তর্জাতিক আদালতে মিয়ানমারের পক্ষে অবস্থান নেওয়ায় তার মানবাধিকার ভাবমূর্তি ক্ষুণ্ন হয়েছে। রোহিঙ্গা ও অন্যান্য সংখ্যালঘুদের ভোটাধিকার থেকে বঞ্চিত করা, সেনাবাহিনীর প্রভাব এবং নির্বাচন কমিশনের নিরপেক্ষতা নিয়ে প্রশ্ন থাকায় নির্বাচনটির অবাধ ও সুষ্ঠু হওয়া নিয়ে আন্তর্জাতিক মহলের সংশয় রয়েছে।",10.13,0.0,7.59
news-54687693,প্রেসিডেন্ট এমানুয়েল ম্যাঁক্রর মন্তব্যের জের ধরে ফরাসি পণ্য বর্জন না করতে মধ্যপ্রাচ্যের দেশগুলোকে আহ্বান জানিয়েছে দেশটি। এর আগে ম্যাঁক্র ইসলামের নবীর কার্টুন দেখানের পক্ষে সাফাই দিয়েছিলেন।,"শিক্ষক স্যামুয়েল পাতি হত্যার পর ফরাসি প্রেসিডেন্ট এমানুয়েল ম্যাক্রোঁর ধর্মনিরপেক্ষতা ও কার্টুন প্রকাশের স্বাধীনতার পক্ষে অবস্থানের প্রতিবাদে কুয়েত, জর্ডান ও কাতারের দোকানগুলোতে ফরাসি পণ্য বয়কট এবং লিবিয়া, সিরিয়া ও গাজায় বিক্ষোভ হয়েছে। তুরস্ক ও পাকিস্তানের নেতারা ম্যাক্রোঁর বক্তব্যের নিন্দা করে অভিযোগ করেছেন, এতে মুসলিমদের ধর্মীয় অনুভূতি আহত ও ইসলামোফোবিয়া উৎসাহিত হচ্ছে; ফ্রান্স অবশ্য বয়কটের ডাককে ভিত্তিহীন বলে তা প্রত্যাহারের আহ্বান জানিয়েছে।",18.39,7.06,13.79
150920_nepal_new_constitution,নেপালের নতুন সংবিধান আনুষ্ঠানিক ভাবে গৃহীত হতে যাচ্ছে আজ আরো পরের দিকে।,নেপালের নতুন সংবিধানে দেশকে ধর্মনিরপেক্ষ ও সাত প্রদেশে বিভক্ত করার সিদ্ধান্তের বিরোধিতায় কয়েক সপ্তাহ ধরে বিক্ষোভ চলছে। হিন্দু রাষ্ট্রের দাবিদার দল এবং থারু-মাধেসি জনগোষ্ঠীর আন্দোলনে অন্তত ৪০ জন নিহত হয়েছে; পরিস্থিতি নিয়ন্ত্রণে কারফিউ ও নিরাপত্তা জোরদার করা হয়েছে।,7.84,4.08,7.84
news-43820877,বাংলাদেশে চার লাখের বেশি উচ্চশিক্ষিত তরুণ তরুণী এখন বেকার। কাঙ্খিত কর্মসংস্থান হিসেবে এদের প্রায় সবাই চায় সরকারি চাকুরি। কলেজ বিশ্ববিদ্যালয় থেকে ডিগ্রি নিয়ে সবাই চাকরির বাজারে তীব্র প্রতিযোগিতায় লিপ্ত হচ্ছে। যেখানে মোটামুটি সবার প্রথম পছন্দ বিসিএস এবং সরকারি চাকরি।,"কোটা সংস্কারের আন্দোলনের প্রেক্ষাপটে বিসিএস পরীক্ষার প্রতি শিক্ষার্থীদের আগ্রহ ও প্রতিযোগিতা দ্রুত বাড়ছে; ৩৮তম বিসিএসে ২,০২৪ পদের বিপরীতে ২ লাখ ৪৩ হাজার প্রার্থী পরীক্ষা দেন। সরকারি চাকরির নিরাপত্তা, সম্মান, ভালো বেতন-সুবিধা এবং বেসরকারি খাতে কম কর্মসংস্থানের কারণে বিভিন্ন বিভাগের শিক্ষার্থীরা বিসিএসমুখী হচ্ছেন, যদিও সরকারি চাকরির সুযোগ উচ্চশিক্ষিতদের মাত্র অল্প অংশের জন্য এবং কোটা বিলোপ হলে প্রতিযোগিতা আরও বাড়তে পারে।",10.0,0.0,8.0
news-55155241,বিশ্বের প্রথম দেশ হিসাবে ফাইজার/বায়োএনটেকের করোনাভাইরাস টিকার অনুমোদন দিয়েছে যুক্তরাজ্য।,"ব্রিটেনের নিয়ন্ত্রক সংস্থা এমএইচআরএ ফাইজার-বায়োএনটেকের করোনা টিকাকে নিরাপদ ও প্রায় ৯৫ শতাংশ কার্যকর হিসেবে অনুমোদন দিয়েছে; শিগগিরই ঝুঁকিপূর্ণ মানুষদের টিকা দেওয়া শুরু হবে। যুক্তরাজ্য চার কোটি ডোজের চাহিদা দিয়েছে, যা দুই কোটি মানুষকে দুই ডোজ করে দেওয়ার জন্য যথেষ্ট, এবং ছয়টি দেশে ৪৩,৫০০ মানুষের ওপর পরীক্ষায় উল্লেখযোগ্য ঝুঁকি পাওয়া যায়নি। তবে টিকা দেওয়া শুরু হলেও মাস্ক, সামাজিক দূরত্ব, পরীক্ষা ও আইসোলেশনের মতো স্বাস্থ্যবিধি কঠোরভাবে মেনে চলতে হবে।",12.5,5.13,12.5
news-48850196,হিজাব কিংবা শাড়ির পিন শ্বাসনালীতে আটকে গেলে তা বয়ে আনতে পারে জীবনের ঝুঁকিও।,"সিলেট এমএজি ওসমানী মেডিকেল কলেজ হাসপাতালের চিকিৎসক ডা. নুরুল হুদা নাঈম ব্রঙ্কোস্কপির মাধ্যমে এক নারীর শ্বাসনালীতে আটকে থাকা হিজাব পিন অস্ত্রোপচার ছাড়াই অপসারণ করেছেন; এমন ঘটনা ইদানীং বাড়ছে। মুখে পিন রেখে কাজ করলে তা শ্বাসনালীতে ঢুকে সংক্রমণ, প্রদাহ, শ্বাসকষ্ট এমনকি জীবনহানির কারণ হতে পারে, তাই মুখে পিন না রেখে কুশন, তুলার বল বা ছোট বালিশে গেঁথে রাখার পরামর্শ দিয়েছেন তিনি।",16.44,2.82,10.96
news-45478842,ব্রিটিশ নারী ইন্ডিয়া ফোর্ড স্বামীর সাথে বিচ্ছেদের পর একজন আমেরিকানকে বিয়ে করেন এবং তার সাথে আলাস্কাতে বসবাসের সিদ্ধান্ত নেন।,ইন্ডিয়া ফোর্ড আদালতের অনুমতি ও প্রাক্তন স্বামীর অজ্ঞাতে নিজের দুই সন্তানকে অপহরণ করে নতুন মার্কিন সঙ্গীর সঙ্গে বসবাসের জন্য ২০১৫ সালে আলাস্কায় নিয়ে যান। পারিবারিক আদালতের আদেশ ও ভরণপোষণ সংক্রান্ত নির্দেশ লঙ্ঘনের অপরাধে তাকে তিন বছর ছয় মাসের কারাদণ্ড দেওয়া হয়েছে; সন্তানরা এখনও আলাস্কায় তাদের সৎ বাবার সঙ্গে আছে।,11.76,3.03,11.76
news-48352940,"মাহমুদুল্লাহ রিয়াদ, বয়স ৩৩, বাংলাদেশের বর্তমান দলের সেরা পাঁচ ক্রিকেটারের একজন বলে বিবেচ্য।","মাহমুদুল্লাহ রিয়াদ ২০০৭ সালে অভিষেকের পর বাংলাদেশের বড় বড় সাফল্যে গুরুত্বপূর্ণ ভূমিকা রেখেছেন, বিশেষ করে ২০১৫ বিশ্বকাপে টানা দুটি সেঞ্চুরি, চ্যাম্পিয়ন্স ট্রফিতে ম্যাচজয়ী ইনিংস এবং নিদাহাস ট্রফিতে জয়ের মাধ্যমে। মিডল অর্ডারের ব্যাটসম্যান ও কার্যকর স্পিনার হিসেবে তিনি সংকটময় মুহূর্তে ম্যাচ শেষ করে দিতে পারা একজন নির্ভরযোগ্য ফিনিশার হিসেবে বিশ্লেষকদের প্রশংসা পেয়েছেন।",12.5,3.23,12.5
news-50883908,ঢাকার উত্তর ও দক্ষিণ সিটি কর্পোরেশনের ভোট গ্রহণের জন্য ৩০ জানুয়ারি তারিখ নির্ধারণ করেছে নির্বাচন কমিশন। এবার সব কেন্দ্রে ইভিএমে ভোটগ্রহণ করা হবে।,"নির্বাচন কমিশন ৩০ জানুয়ারি ২০২০ ঢাকা উত্তর ও দক্ষিণ সিটি কর্পোরেশনের নির্বাচন অনুষ্ঠানের তারিখ নির্ধারণ করেছে। সব কেন্দ্রে ইভিএমে সকাল ৮টা থেকে বিকেল ৪টা পর্যন্ত ভোট হবে; মনোনয়নপত্র জমার শেষ দিন ৩১ ডিসেম্বর, যাচাই-বাছাই ২ জানুয়ারি এবং প্রার্থিতা প্রত্যাহারের শেষ দিন ৯ জানুয়ারি। চট্টগ্রাম সিটি কর্পোরেশনের নির্বাচনের তারিখ এখনো ঘোষণা করা হয়নি।",47.37,27.03,31.58
news-53816230,বাংলাদেশে পুলিশের গুলিতে নিহত সেনাবাহিনীর অবসরপ্রাপ্ত মেজর সিনহা মোঃ রাশেদ খান হত্যাকাণ্ডের ঘটনায় আর্মড পুলিশ ব্যাটালিয়নের তিনজন সদস্যকে গ্রেপ্তার করেছে র‍্যাব।,"মেজর (অব.) সিনহা মো. রাশেদ হত্যা মামলায় সম্পৃক্ততার অভিযোগে এক এপিবিএন কর্মকর্তা ও দুই কনস্টেবলকে গ্রেপ্তার করে আদালতে হাজির করা হলে তাদের সাত দিনের রিমান্ড মঞ্জুর করা হয়। তদন্তে জানা গেছে, ঘটনার দিন তারা এপিবিএনের চেকপোস্টে দায়িত্ব পালন, সিনহার গাড়ি থামানো এবং হত্যাকাণ্ডের আগে-পরে অভিযুক্ত পুলিশ সদস্যদের সহায়তা করেছিলেন; এ নিয়ে মামলায় মোট ১০ পুলিশ সদস্য গ্রেপ্তার হলেন।",14.81,0.0,14.81
160210_scholarship_for_virgin,আঠারো বছর বয়সী থুবেলিহলে লোডলো এই বৃত্তিটি অর্জন করলেও সে চিন্তিত কারণ কেবলমাত্র কুমারীত্ব রক্ষা করলেই এই অর্থ পাবে সে।,"থুবেলিহলে/মিস এলডো বিশ্ববিদ্যালয়ে পড়ার বৃত্তি পেতে এবং পড়াশোনা শেষ না হওয়া পর্যন্ত কুমারীত্ব বজায় রেখে নিয়মিত কুমারীত্ব পরীক্ষা দিচ্ছেন, যা তিনি জুলু সংস্কৃতির অংশ হিসেবে গ্রহণ করেছেন। দক্ষিণ আফ্রিকার মানবাধিকারকর্মীরা শিক্ষার সুযোগের সঙ্গে যৌনতাকে যুক্ত করা এবং শুধু মেয়েদের ওপর দোষ চাপানোর সমালোচনা করলেও স্থানীয় মেয়র এটিকে মেয়েদের ভবিষ্যতের জন্য দীর্ঘমেয়াদি বিনিয়োগ বলে دفاع করেছেন।",7.89,0.0,5.26
news-49754170,বিশ্বে প্রতি পাঁচ মিনিটে একজন সাপের কামড়ে মারা যায়। সেই সাথে বাকি চারজন সারা জীবনের জন্য পঙ্গু হয়ে যায়।,"বিশ্বে প্রতি বছর ৫৪ লাখ মানুষ বিষধর সাপের কামড়ে আক্রান্ত এবং প্রায় ১ লাখ ৩৮ হাজার মারা যায়। এই সংকটের সমাধানে সাবেক ট্রাকচালক টিম ফ্রেডি গত ২০ বছরে ২০০ বারের বেশি সাপের কামড় ও ৭০০ বার বিষ ইনজেকশন নিয়ে নিজেকে বিষপ্রতিরোধী করার চেষ্টা করেছেন, যদিও বিজ্ঞানীরা তাঁর পদ্ধতিকে অত্যন্ত ঝুঁকিপূর্ণ ও অনৈতিক বলে মনে করেন। তাঁর রক্তের নমুনা ব্যবহার করে নতুন ও সর্বজনীন অ্যান্টি-ভেনম তৈরির গবেষণা শুরু হয়েছে।",13.64,6.98,13.64
news-54239548,সৌদি আরবের সাথে বিমান চলাচল পুনরায় চালু করা নিয়ে যে জটিলতা তৈরি হয়েছিল তা সমাধান করা হয়েছে বলে জানিয়েছে বাংলাদেশের বেসামরিক বিমান ও পর্যটন মন্ত্রণালয়।,"সৌদি আরব বাংলাদেশ বিমানকে সপ্তাহে আটটি বাণিজ্যিক ফ্লাইট পরিচালনার অনুমতি দিয়েছে এবং সৌদি এয়ারলাইন্সকেও প্রয়োজনীয় ফ্লাইটের অনুমতি দেওয়া হবে; তবে বিমানের ল্যান্ডিং পারমিশন না পাওয়া পর্যন্ত আসন বরাদ্দ শুরু হচ্ছে না। প্রথমে আগে থেকে টিকিট থাকা ও ফিরতি টিকিটধারী শ্রমিকদের আসন দেওয়া হবে, কারণ মহামারিতে আটকে পড়া প্রায় দুই লাখ শ্রমিককে ৩০ সেপ্টেম্বরের মধ্যে সৌদি আরবে ফিরতে হবে।",4.82,0.0,4.82
news-47636846,"বাংলাদেশে একটি ব্যাংকের ১৮ কোটি টাকা জালিয়াতির মামলায় অভিযুক্ত ব্যক্তির বদলে তিন বছর জেল খেটে সম্প্রতি মুক্তি পেয়েছিলেন জাহালম। বাংলাদেশের দূর্নীতি দমন কমিশন, দুদকের আবেদনের পর তাকে নিয়েই সিনেমা বানানোর উদ্যোগে নিষেধাজ্ঞা দিয়েছে আদালত।","পাটকল শ্রমিক জাহালমকে আবু সালেক ভেবে প্রায় ১৮ কোটি টাকার জালিয়াতি মামলায় গ্রেফতার করে প্রায় তিন বছর কারাগারে রাখা হয়; পরে নির্দোষ প্রমাণিত হয়ে ৩ ফেব্রুয়ারি তিনি মুক্তি পান এবং দুদক ভুল স্বীকার করে। তাঁর জীবনী নিয়ে চলচ্চিত্র নির্মাণের উদ্যোগ নেওয়া হলে, বিচারাধীন ৩৩টি মামলা ও উচ্চ আদালতের সুয়োমোটো রুল নিষ্পত্তি না হওয়া পর্যন্ত হাইকোর্ট নাটক, চলচ্চিত্র বা স্বল্পদৈর্ঘ্য ছবি নির্মাণে নিষেধাজ্ঞা জারি করেন।",14.29,4.17,14.29
news-46954163,হোয়াটসঅ্যাপ মেসেজিং সার্ভিস ব্যবহার করে ভুয়া খবর ছড়ানো কিছু দেশের জন্য একটা বড় সমস্যা হয়ে দাঁড়িয়েছে।,"ভুয়া খবর ও গুজবের বিস্তার ঠেকাতে হোয়াটসঅ্যাপ বিশ্বব্যাপী বার্তা ফরওয়ার্ডের সীমা ২০ থেকে কমিয়ে পাঁচবার করেছে এবং গ্রুপে সদস্যসংখ্যা সর্বোচ্চ ২৫৬ জন নির্ধারণ করেছে। ভারতে গুজবকে কেন্দ্র করে সহিংসতা ও হত্যার পর ছয় মাসের মূল্যায়নের ভিত্তিতে এ সিদ্ধান্ত নেওয়া হলেও, এনক্রিপশনের কারণে হোয়াটসঅ্যাপ কর্তৃপক্ষ বার্তার বিষয়বস্তু পড়তে না পারায় ভুয়া খবর পুরোপুরি নিয়ন্ত্রণ করা কঠিন।",11.27,2.9,11.27
news-50374753,হংকং-এ সোমবার সহিংস বিক্ষোভের সময় একজনের গায়ে আগুন ধরিয়ে দেয়া এবং আরেকজনকে পুলিশের খুব কাছে থেকে গুলি করার ঘটনা ঘটেছে।,হংকংয়ের মা ওন শান এলাকায় বিক্ষোভকারীদের বিরোধের জেরে এক ব্যক্তির গায়ে দাহ্য তরল ঢেলে আগুন ধরিয়ে দেওয়া হলে তিনি সংকটজনক অবস্থায় হাসপাতালে ভর্তি হন। একই দিনে পুলিশ এক বিক্ষোভকারীকে খুব কাছ থেকে গুলি করলে অস্ত্রোপচারের পর তার জীবনাশঙ্কা নেই বলে চিকিৎসকেরা জানান; এসব ঘটনার ভিডিও অনলাইনে ছড়িয়ে পড়েছে এবং পাঁচ মাসের বিক্ষোভ ক্রমেই সহিংস হয়ে উঠছে।,20.78,5.33,15.58
news-44191482,"ভারতের সরকার দেড় বছর আগে পাঁচশো আর একহাজার রুপির নোট রাতারাতি বাতিল করে দিয়েছিল। দুর্নীতি আর কালোটাকা ঠেকানোর পাশাপাশি তাদের অন্যতম উদ্দেশ্য ছিল, ভারতকে একটি ক্যাশ লেস বা নগদ টাকাহীন সমাজে পরিবর্তিত করা। সেই উদ্দেশ্য কতটা সফল হচ্ছে?","ভারত সরকার দুর্নীতি ও কালো টাকা দমনের পাশাপাশি নগদনির্ভরতা কমিয়ে ক্যাশলেস লেনদেন চালু করতে চাইলেও সাধারণ মানুষ এখনো ব্যাংক ও কার্ড ব্যবহারে অনাগ্রহী এবং বাজারগুলো নগদনির্ভর। শিক্ষার অভাব, প্রযুক্তিভীতি ও দীর্ঘদিনের অভ্যাসের কারণে ১৩০ কোটি মানুষের দেশে রাতারাতি নগদবিহীন অর্থনীতি গড়ে তোলা কঠিন বলে বিশেষজ্ঞ ও ক্রেতারা মনে করছেন।",9.2,0.0,6.9
news-50820202,পাকিস্তানের সাবেক সামরিক শাসক জেনারেল পারভেজ মুশাররফের মৃত্যুদণ্ডাদেশ দিয়েছে ইসলামাবাদের একটি বিশেষ আদালত।,পাকিস্তানের সাবেক প্রেসিডেন্ট ও সেনাশাসক জেনারেল পারভেজ মুশাররফকে ২০০৭ সালে সংবিধান স্থগিত করে জরুরি অবস্থা জারির অপরাধে রাষ্ট্রদ্রোহ মামলায় তিন বিচারকের আদালত মৃত্যুদণ্ড দিয়েছে। ২০১৩ সালে মামলা শুরু হলেও ২০১৬ সাল থেকে দুবাইয়ে অবস্থানরত মুশাররফ বারবার তলব সত্ত্বেও আদালতে হাজির হননি এবং অভিযোগকে রাজনৈতিক উদ্দেশ্যপ্রণোদিত ও ভিত্তিহীন বলে দাবি করেছেন। ১৯৯৯ সালের সামরিক অভ্যুত্থানের মাধ্যমে ক্ষমতায় আসা মুশাররফ ২০০১ থেকে ২০০৮ সাল পর্যন্ত পাকিস্তানের প্রেসিডেন্ট ছিলেন।,17.72,5.19,12.66
news-57218029,বঙ্গোপসাগরে তৈরি হওয়া লঘুচাপটি আরও ঘনীভূত হয়ে এখন সুস্পষ্ট লঘুচাপে পরিণত হয়েছে বলে বাংলাদেশের আবহাওয়া অধিদপ্তর বলছে। রোববার রাতে সেটি নিম্নচাপে পরিণত হবে বলে তারা ধারণা করছেন।,"উত্তর আন্দামান সাগরে সৃষ্ট সুস্পষ্ট লঘুচাপটি রোববারের মধ্যে নিম্নচাপে পরিণত হতে পারে এবং বুধবারের দিকে ঘূর্ণিঝড়ে রূপ নিয়ে ওডিশা-পশ্চিমবঙ্গ ও বাংলাদেশের খুলনা উপকূলের দিকে এগোতে পারে; তখন এর নাম হবে ‘ইয়াস’। সম্ভাব্য ঝুঁকি মোকাবিলায় চট্টগ্রাম, কক্সবাজার, মোংলা ও পায়রা বন্দরে এক নম্বর দূরবর্তী সতর্ক সংকেত জারি করা হয়েছে এবং বাংলাদেশে আশ্রয়কেন্দ্র প্রস্তুতসহ আগাম দুর্যোগ ব্যবস্থাপনা নেওয়া হচ্ছে।",16.47,2.41,9.41
news-53128363,বিশিষ্ট অর্থনীতিবিদ জেফ্রি স্যাক্স বলেছেন আমেরিকা ও চীনের মধ্যে একটা শীতল যুদ্ধ যেভাবে ঘনিয়ে উঠছে সেটা করোনাভাইরাসের চেয়ে বিশ্বের জন্য বড় উদ্বেগের কারণ।,"জেফ্রি স্যাক্স সতর্ক করেছেন, মহামারির পর বিশ্ব নেতৃত্বহীন ও অস্থিতিশীল হয়ে উঠছে এবং আমেরিকা-চীন বৈরিতা নতুন শীতল যুদ্ধ ও গভীর সংকট সৃষ্টি করতে পারে। তিনি হুয়াওয়েকে ঘিরে মার্কিন পদক্ষেপকে নিরাপত্তার পাশাপাশি প্রযুক্তিগত ও রাজনৈতিক প্রতিদ্বন্দ্বিতার ফল হিসেবে দেখেছেন এবং ভারত-চীন সীমান্তসহ এশিয়ার উত্তেজনা কমাতে চীনের কূটনীতি, সহযোগিতা ও বহুপাক্ষিকতার পথে এগোনোর আহ্বান জানিয়েছেন।",20.51,5.26,12.82
news-47382091,ইন্দোনেশিয়ার একটি অবৈধ স্বর্ণখনিতে ভূমিধ্বসে অন্তত ৬০ জনের প্রাণহাণি হয়েছে বলে আশঙ্কা করা হচ্ছে।,"ইন্দোনেশিয়ার সুলাওয়েসি দ্বীপের বোলাং মোঙ্গোন্দো এলাকায় খনি দুর্ঘটনার পর রাতভর উদ্ধার অভিযান চলছে; বুধবার ভোর পর্যন্ত একজনের মরদেহ উদ্ধার ও অন্তত ১৩ জনকে জীবিত উদ্ধার করা হয়েছে, তবে প্রায় ৬০ জন মাটি-পাথরের নিচে চাপা পড়ে থাকতে পারেন। অস্থিতিশীল ভূমি ও খনির ভেতরের অসংখ্য খাদে খুঁটি ধসে দুর্ঘটনাটি ঘটে, যা ইন্দোনেশিয়ায় অবৈধ ও অপর্যাপ্ত নজরদারিতে পরিচালিত ছোট স্বর্ণখনিতে ঘনঘন ঘটে।",18.92,0.0,8.11
news-52266714,করোনাভাইরাসের কারণে বিশ্ব জুড়ে লকডাউন পরিস্থিতির করণে জ্বালানি তেলের চাহিদা ও দাম কমে যাওয়ায় বিশ্বের তেল রপ্তানিকারক দেশগুলোর সংগঠন ওপেক এবং রাশিয়াসহ এর সহযোগী দেশসমূহ উৎপাদন ১০ শতাংশ কমিয়ে আনতে একমত হয়েছে।,"ওপেক প্লাস দেশগুলো ১ মে থেকে দৈনিক প্রায় ৯৭ লাখ ব্যারেল তেল উৎপাদন কমানোর ঐতিহাসিক চুক্তিতে সম্মত হয়েছে, যা করোনাভাইরাসের কারণে তেলের চাহিদা কমে যাওয়া ও দরপতন ঠেকাতে নেওয়া হয়েছে। জুলাই-ডিসেম্বরে উৎপাদন কমানোর পরিমাণ হবে দৈনিক ৮০ লাখ এবং ২০২১ সালের জানুয়ারি থেকে ২০২২ সালের এপ্রিল পর্যন্ত ৬০ লাখ ব্যারেল; যুক্তরাষ্ট্র, কানাডা, ব্রাজিল ও নরওয়েও উৎপাদন কমাবে।",24.44,4.55,15.56
news-54681947,জাতিসংঘের গুরুত্বপূর্ণ পরমাণু অস্ত্র নিষেধাজ্ঞা চুক্তিতে পঞ্চাশতম দেশ হিসাবে চূড়ান্ত অনুমোদন দিয়েছে হন্ডুরাস। এর ফলে আগামী নব্বই দিন পর এই চুক্তি কার্যকর হবে।,"জাতিসংঘের পারমাণবিক অস্ত্র নিষিদ্ধকরণ চুক্তি ৫০টি দেশের অনুমোদনের পর কার্যকর হওয়ায় পরমাণু অস্ত্র নির্মাণ, মালিকানা, মজুত, ব্যবহার ও মোতায়েন নিষিদ্ধ করার পথে গুরুত্বপূর্ণ অগ্রগতি হয়েছে বলে সমর্থকরা মনে করছেন। তবে যুক্তরাষ্ট্র, রাশিয়া, চীন, যুক্তরাজ্য ও ফ্রান্সসহ স্বীকৃত পারমাণবিক শক্তিধর দেশগুলো চুক্তিতে যোগ না দেওয়ায় এর বাস্তব কার্যকারিতা নিয়ে সংশয় রয়েছে; বিশ্বে এখনও প্রায় ১৪ হাজার পারমাণবিক অস্ত্র রয়েছে এবং অস্ত্র কমানোর প্রচেষ্টা সীমিতভাবে চলমান।",20.69,2.35,11.49
news-42984853,জিয়া অরফানেজ ট্রাস্ট দুর্নীতি মামলায় বিএনপি চেয়ারপার্সন খালেদা জিয়াকে ৫ বছরের কারাদণ্ড দিয়েছে বিশেষ আদালত।,"খালেদা জিয়ার পাঁচ বছরের কারাদণ্ডের পরও রাজনৈতিক বিশ্লেষকদের মতে, বিএনপি আগে থেকেই তাঁর অনুপস্থিতিতে দল পরিচালনার প্রস্তুতি নেওয়ায় খুব বেশি অপ্রস্তুত হবে না। বিএনপি রায়কে রাজনৈতিক উদ্দেশ্যপ্রণোদিত ও অন্যায় দাবি করে উচ্চ আদালতে আপিলের ঘোষণা দিয়েছে, পাশাপাশি নেতাকর্মীদের শান্তিপূর্ণ আন্দোলনের আহ্বান জানিয়েছে। Analysis suggests দ্রুত আপিল করলে জামিন ও নির্বাচনে অংশগ্রহণের সুযোগ পাওয়ার সম্ভাবনা রয়েছে।",11.43,0.0,8.57
news-53817468,অনেকটা হঠাৎ করেই বাংলাদেশ সফরে এসেছেন ভারতের পররাষ্ট্রসচিব হর্ষ বর্ধন শ্রিংলা।,"ভারতের পররাষ্ট্রসচিব হর্ষ বর্ধন শ্রিংলা এক দিনের সফরে বাংলাদেশে এসে পররাষ্ট্রসচিব ও প্রধানমন্ত্রী শেখ হাসিনার সঙ্গে বৈঠক করবেন, যেখানে করোনা মোকাবিলা ও টিকা সহযোগিতা নিয়ে আলোচনা হতে পারে। চীন-পাকিস্তানসহ বিভিন্ন দেশের সঙ্গে বাংলাদেশের ঘনিষ্ঠতা এবং ভারতের আঞ্চলিক সম্পর্কের টানাপড়েনের প্রেক্ষাপটে সফরটিকে দুই দেশের সম্পর্ক জোরদারের গুরুত্বপূর্ণ উদ্যোগ হিসেবে দেখা হচ্ছে।",19.35,13.33,16.13
55882684,"মিয়ানমারের সামরিক বাহিনী নিশ্চিত করেছে যে, সকালে অং সান সু চি এবং অন্য রাজনৈতিক নেতাদের গ্রেফতার করার পর তারা দেশটির নিয়ন্ত্রণ নিয়েছে।","নভেম্বরের নির্বাচনে অং সান সু চির এনএলডি বিপুল জয় পেলেও সেনাবাহিনী জালিয়াতির অভিযোগ তুলে নির্বাচিত সরকারকে উৎখাত করে, সু চি, প্রেসিডেন্ট ও অন্যান্য নেতাকে আটক করে এক বছরের জরুরি অবস্থা জারি করেছে। রাজধানীসহ বড় শহরগুলোতে সেনা টহল, যোগাযোগ বিচ্ছিন্নতা ও সম্প্রচার বন্ধের ঘটনা ঘটেছে; ক্ষমতা সেনাপ্রধান মিন অং লাইংয়ের হাতে হস্তান্তর করা হয়েছে। দীর্ঘদিনের গণতন্ত্রকর্মী ও নোবেলজয়ী সু চি মিয়ানমারে জনপ্রিয় হলেও রোহিঙ্গা সংকটে তার ভূমিকার কারণে আন্তর্জাতিক সমালোচনার মুখে পড়েন।",10.75,6.59,8.6
news-46045694,ইন্দোনেশিয়ার বিধ্বস্ত লায়ন এয়ার বিমান ও তার আরোহীদের খোঁজে জাভা সাগর চষে বেড়াচ্ছেন উদ্ধারকারীরা।,"লায়ন এয়ারের ১৮৯ আরোহী নিয়ে জাভা সাগরে বিধ্বস্ত বিমানের সন্ধানে ডুবুরি, ড্রোন ও শব্দ শনাক্তকারী যন্ত্র দিয়ে তল্লাশি চালিয়েও বিমানটির খোঁজ মেলেনি; তবে মোবাইল কেস, ব্যাগ ও বোর্ডিং পাসসহ কিছু ধ্বংসাবশেষ উদ্ধার হয়েছে। ভাইরাল হওয়া মোবাইল কেসের ছবির সূত্র ধরে জানা যায়, কেসটি ইনে ইওনিতা সাভিত্রির, আর ছবিতে থাকা তার স্বামী ওয়াজো নোগ্রোহানতরো ওই বিমানের আরোহী ছিলেন।",14.08,0.0,8.45
news-56713767,"ইসলামী শিক্ষাবিদ এবং যুক্তরাজ্যের জাতীয় স্বাস্থ্য সেবা বিভাগ বলছে, রমজানের সময়ে রোজা থাকলেও মুসলমানদের টিকা নেয়া থেকে বিরত থাকা উচিত হবে না।","বাংলাদেশের ইসলামিক ফাউন্ডেশন ও যুক্তরাজ্যের অধিকাংশ আলেম-চিকিৎসক মত দিয়েছেন যে, মাংসপেশিতে দেওয়া করোনার টিকা খাদ্য বা পুষ্টি নয়, তাই রোজা রেখে দিনের বেলায় টিকা নিলেও রোজা ভঙ্গ হয় না। মুসলমানদের টিকা নেওয়ার আহ্বান জানিয়ে যুক্তরাজ্যের বিভিন্ন কেন্দ্রে রোজার পর টিকাদানের সময় বাড়ানো ও মসজিদে টিকাকেন্দ্র চালু করা হয়েছে; পাশাপাশি রমজানে মসজিদে সামাজিক দূরত্ব, বায়ু চলাচল ও মাস্ক ব্যবহারের নির্দেশনা দেওয়া হয়েছে।",11.9,2.44,9.52
news-50633760,"বাংলাদেশে পার্বত্য চুক্তির ২২ বছর পার হলেও তিন পার্বত্য জেলায় সংঘাত, অস্থিরতা বেড়েই চলেছে বলে সংশ্লিষ্ট সব পক্ষ স্বীকার করেছেন।","পার্বত্য চট্টগ্রাম শান্তি চুক্তির অধিকাংশ ধারা বাস্তবায়ন না হওয়া, বিশেষত ভূমি মালিকানা ও প্রশাসনিক ক্ষমতা হস্তান্তর নিয়ে বিরোধের কারণে পাহাড়ে অস্থিরতা অব্যাহত রয়েছে। চাঁদাবাজি ও আধিপত্য বিস্তারকে কেন্দ্র করে পাহাড়ি সংগঠনগুলোর বিভক্তি, অস্ত্রের ব্যবহার এবং সংঘাত বেড়েছে; গত এক বছরে তিন জেলায় অন্তত ২২ জন নিহত হওয়ায় সাধারণ মানুষের উদ্বেগও চরমে।",19.72,0.0,11.27
news-53324321,সম্প্রতি ইরানের বেশ কয়েকটি স্পর্শকাতর ও গুরুত্বপূর্ণ স্থাপনায় বিস্ফোরণ ও অগ্নিকাণ্ডের ঘটনা ঘটেছে। এসব স্থাপনার একটি নাতাঞ্জ পরমাণু কেন্দ্র। এসব ঘটনা কি নিছক দুর্ঘটনা নাকি নাশকতা? এই প্রতিবেদনটি লিখেছেন বিবিসির পার্সিয়ান বিভাগের সাংবাদিক জিয়ার গোল।,"নাতাঞ্জ পরমাণু কেন্দ্রে বিস্ফোরণ ও অগ্নিকাণ্ডের আগে “হোমল্যান্ড চিতাস” নামে একটি গোষ্ঠী হামলার দাবি করলেও ইরানি কর্তৃপক্ষ initially নাশকতার কথা অস্বীকার করে; পরে স্যাটেলাইট ছবিতে ঘটনার সত্যতা মেলে। হামলার জন্য ইসরায়েল বা অন্য কোনো বিদেশি শক্তি দায়ী কি না তা নিশ্চিত না হলেও, ইরানের বিভিন্ন কৌশলগত স্থাপনায় ধারাবাহিক অগ্নিকাণ্ড ও সাইবার হামলার ঘটনায় দুই দেশের মধ্যে গোপন সাইবার যুদ্ধের আশঙ্কা জোরালো হয়েছে।",20.62,6.32,10.31
news-54718038,"ঢাকায় ভারতীয় হাইকমিশনের ভেরিফায়েড ফেসবুক পাতায় ''মা ইলিশ রক্ষায় যৌথ সামুদ্রিক সহযোগিতা'' শিরোনামে একটি পোস্ট দিয়ে জানানো হয়েছে, আন্তর্জাতিক জলসীমার কাছাকাছি অবস্থানরত সমস্ত ভারতীয় মাছধরা নৌকাকে ভারতীয় সীমানার দিকে পাঠানো হচ্ছে।","মা ইলিশ রক্ষায় বাংলাদেশে ১৪ অক্টোবর থেকে ৪ নভেম্বর পর্যন্ত মাছ ধরা নিষিদ্ধ থাকায় ভারতীয় কোস্ট গার্ড আন্তর্জাতিক জলসীমার কাছে থাকা ভারতীয় নৌকাগুলোকে নিজ সীমানায় সরিয়ে নিতে নজরদারি বাড়িয়েছে। বাংলাদেশি জেলেরা অভিযোগ করছেন, নিষেধাজ্ঞার সুযোগে ভারত ও মিয়ানমারের জেলেরা বাংলাদেশের জলসীমায় ঢুকে ইলিশ ধরছে; এ সমস্যা সমাধানে তিন দেশের সমন্বিত নিষেধাজ্ঞা ও ভারত-বাংলাদেশ আলোচনার দাবি উঠেছে।",15.91,6.98,13.64
news-55821540,বাংলাদেশের সম্প্রতি দুর্নীতি দমন কমিশনের করা এক মামলার তদন্তে মূল আসামীর নাম ও বাবার নামের সাথে মিল থাকায় অভিযুক্ত করা হয় আরেক ব্যক্তিকে।,"বাংলাদেশে তদন্তের ভুল, মিথ্যা সাক্ষ্য, পরিচয়ভ্রান্তি ও বিচারিক দীর্ঘসূত্রিতার কারণে নিরপরাধ ব্যক্তিদের বছরের পর বছর কারাভোগের ঘটনা ঘটেছে। আবেদ আলী ১৩ বছর কারাভোগের পর মুক্তির রায় পেলেও জেলেই মারা যান, বাবুল মিয়া ২৫ বছর পর খালাস পান, শেখ জাহিদ ২০ বছর পর নির্দোষ প্রমাণিত হন, আরমান ও জাহালমও ভুল পরিচয় ও তদন্তের কারণে কারাবন্দি ছিলেন। এসব ঘটনায় ভুক্তভোগীরা জীবনের গুরুত্বপূর্ণ সময় হারালেও দায় নির্ধারণ ও ক্ষতিপূরণ প্রক্রিয়া অনেক ক্ষেত্রেই অনিশ্চিত রয়ে গেছে।",2.11,0.0,2.11
news-39629893,বাংলাদেশে ক্ষমতাসীন আওয়ামী লীগের মধ্যে সুবিধাবাদীদের অনুপ্রবেশ নিয়ে বেশ কিছুদিন ধরে বিতর্ক হচ্ছে।,"আওয়ামী লীগের তৃণমূল নেতারা অভিযোগ করছেন, বিএনপি-জামায়াতসহ বিভিন্ন দল থেকে আসা সুবিধাবাদী ও অনুপ্রবেশকারীদের কারণে ত্যাগী নেতা-কর্মীরা কোণঠাসা হয়ে পড়ছেন এবং দলে গোষ্ঠীবাজি বাড়ছে। কেন্দ্রীয় নেতারাও বিষয়টি নিয়ে উদ্বিগ্ন হয়ে নতুন সদস্য নেওয়ার ক্ষেত্রে স্থানীয় যাচাই ও কেন্দ্রের অনুমোদন বাধ্যতামূলক করার নির্দেশ দিয়েছেন।",10.34,3.57,10.34
news-47050043,"কাগজের ব্যাগের জনপ্রিয়তা ছিল মার্কিন যুক্তরাষ্ট্রে, কিন্তু ১৯৭০ এর পর আরো টেকসই উপাদান হিসেবে প্লাস্টিকের ব্যবহার শুরুর পর থেকে সেগুলো তার জায়গা হারিয়ে ফেলে।","কাগজের ব্যাগ উৎপাদনে প্লাস্টিকের তুলনায় বেশি শক্তি ও বিষাক্ত বর্জ্য তৈরি হলেও এটি দ্রুত পচে এবং বেশি পরিমাণে পুনর্ব্যবহারযোগ্য। তবে কাগজের ব্যাগ কম টেকসই, বিশেষত ভিজে গেলে, তাই পরিবেশের জন্য ব্যাগের উপাদানের চেয়ে সেটি কতবার পুনঃব্যবহার করা হচ্ছে—এটাই বেশি গুরুত্বপূর্ণ।",12.31,0.0,6.15
news-44269598,বাংলাদেশের বিভিন্ন সরকারি ও বেসরকারি হাসপাতালে মানব কঙ্কাল নিয়ে রমরমা বাণিজ্যের অভিযোগ রয়েছে।,"দেশের বিভিন্ন সরকারি-বেসরকারি মেডিকেল কলেজ ও কবরস্থানকেন্দ্রিক চক্র কবর থেকে লাশ তুলে এবং হাসপাতালের বেওয়ারিশ লাশ অবৈধভাবে সংগ্রহ করে রাসায়নিক প্রক্রিয়ায় কঙ্কাল বানিয়ে মেডিকেল শিক্ষার্থীদের কাছে বিক্রি করছে; এতে কর্মচারী ও শিক্ষার্থীদেরও জড়িত থাকার অভিযোগ রয়েছে। কঙ্কালের নির্দিষ্ট বেচাকেনা নীতিমালা ও শাস্তির বিধান না থাকায় ব্যবসাটি নিয়ন্ত্রণহীন, ফলে পূর্ণাঙ্গ কঙ্কাল ২৫–৪০ হাজার এবং বেওয়ারিশ লাশ ১.৫–২ লাখ টাকায় বিক্রি হয়। বিশেষজ্ঞরা দেহদান, কঙ্কাল সংরক্ষণ ও বিকল্প মডেল ব্যবহারের জন্য সুনির্দিষ্ট আইন ও সরকারি ব্যবস্থা নেওয়ার দাবি জানিয়েছেন।",14.89,4.35,12.77
news-52528916,খাগড়াছড়ির সীমান্তবর্তী নো-ম্যানস ল্যান্ডে এক মাসের বেশি সময় ধরে আটকে থাকা একজন মানসিক ভারসাম্যহীন নারীর নাগরিকত্ব নিয়ে বাংলাদেশ এবং ভারতের মধ্যে পাল্টাপাল্টি দায় চাপানোসহ নানা তৎপরতার পর ওই নারীর পরিচয় পাওয়া গেছে।,"কুড়িগ্রামের শাহনাজ পারভিন নামের মানসিক ভারসাম্যহীন এক বাংলাদেশি নারী, যিনি ২০১৩ সালে নিখোঁজ হয়েছিলেন, তাকে ভারতীয় সীমান্তরক্ষী বাহিনী বাংলাদেশে ঠেলে দেওয়ার পর বিজিবি শনাক্ত করেছে। পরিবার তাকে ফিরিয়ে নিতে অস্বীকৃতি জানানোয় বিজিবি তাকে আন্তর্জাতিক রেডক্রস কমিটির (আইসিআরসি) কাছে হস্তান্তরের সিদ্ধান্ত নিয়েছে।",10.81,2.78,8.11
news-44445389,আমরা কি হিসাব করে বলতে পারি সারা বিশ্বে প্রতিদিন কত জীবজন্তুর জন্ম হয়?,"প্রাণীর ওজন যত কম, সাধারণত তাদের প্রজননক্ষমতা তত বেশি—তাই হাতির তুলনায় মৌমাছি বা উইপোকা দ্রুত বংশবিস্তার করে। খরগোশ, পেঙ্গুইন, মুরগি ও মৌমাছির জন্মহার সম্পর্কে কিছু হিসাব থাকলেও বিশ্বে মোট কত প্রাণীর জন্ম হয় তা নির্ভুলভাবে জানা অসম্ভব, কারণ অধিকাংশ প্রাণীর প্রজনন আচরণ এবং সমুদ্রের বিশাল অংশের জীবজগৎ এখনও অজানা।",19.05,3.28,15.87
news-55965015,বাংলাদেশে আজ (রবিবার) থেকে শুরু হতে যাচ্ছে করোনাভাইরাসের গণ-টিকাদান কর্মসূচী। এর অংশ হিসেবে বাংলাদেশের সহস্রাধিক হাসপাতালে টিকা দেয়া হবে ডাক্তার-নার্সসহ সম্মুখসারির কর্মী এবং ৫৫ বছরের বেশি বয়সের নাগরিকদের।,"৭ ফেব্রুয়ারি থেকে বাংলাদেশের ৬৪ জেলা ও সব উপজেলায় সেরাম ইনস্টিটিউটে উৎপাদিত অক্সফোর্ড–অ্যাস্ট্রাজেনেকার টিকার গণটিকাদান শুরু হচ্ছে; এ জন্য ২,৪০০টি দল, প্রশিক্ষিত কর্মী এবং কেন্দ্রগুলোতে টিকা পৌঁছে দেওয়ার ব্যবস্থা করা হয়েছে। টিকা নিতে সুরক্ষা অ্যাপে নিবন্ধন করতে হবে, আর অগ্রাধিকার পাবেন স্বাস্থ্যকর্মী, আইনশৃঙ্খলা বাহিনী, প্রশাসন, মুক্তিযোদ্ধা ও ৫৫ বছরের বেশি বয়সীরা; প্রথম ডোজের ৪–১২ সপ্তাহের মধ্যে দ্বিতীয় ডোজ নিতে হবে।",21.51,6.59,15.05
news-54964908,বাংলাদেশে করোনাভাইরাস সংক্রমণের বিস্তার ঠেকানোর জন্য মাস্ক পরা নিশ্চিত করতে এবার রাজধানী ঢাকায় ভ্রাম্যমাণ আদালত নামানো হচ্ছে।,"বাংলাদেশে কভিড-১৯ সংক্রমণ আবার বাড়ছে; গত ২৪ ঘণ্টায় শনাক্তের সংখ্যা দুই হাজার ছাড়িয়েছে। স্বাস্থ্যবিধি ও মাস্ক ব্যবহারে অনীহার কারণে পরিস্থিতি মোকাবিলায় সরকার ভ্রাম্যমাণ আদালত ও জরিমানার উদ্যোগ নিচ্ছে, তবে বিশেষজ্ঞরা বলছেন, শুধু প্রশাসনিক ব্যবস্থা নয়—জনসচেতনতা বাড়ানো ও প্রতিরোধ ব্যবস্থাপনায় ঘাটতি দূর করা জরুরি।",12.9,3.33,12.9
news-46878237,"টেলিভিশন শো-তে মেয়েদের নিয়ে আপত্তিকর মন্তব্য করার জেরে ভারতীয় ক্রিকেটের দুই উদীয়মান তারকা, হার্দিক পান্ডিয়া এবং কে এল রাহুলকে ভারতীয় বোর্ড সাসপেন্ড করেছে তা-ও প্রায় চারদিন হল।","‘কফি উইথ করন’ অনুষ্ঠানে হার্দিক পান্ডিয়া ও কে এল রাহুল নারীদের নিয়ে অশালীন, যৌনবাদী ও বর্ণবাদী মন্তব্য করায় তীব্র বিতর্কের সৃষ্টি হয়েছে; অনুষ্ঠানটির পর্বটি অনলাইন প্ল্যাটফর্ম থেকে সরিয়ে নেওয়া হয়েছে এবং দুজনকেই অস্ট্রেলিয়া সফরের মাঝপথে দেশে ফিরতে হয়েছে। তাদের শাস্তির মাত্রা নিয়ে ভারতীয় ক্রিকেট মহলে মতবিরোধ দেখা দিয়েছে, যদিও অধিনায়ক বিরাট কোহলি ও অনেকে মন্তব্যগুলোর নিন্দা করেছেন।",20.93,4.76,13.95
news-51532541,ভারতের খ্যাতিমান সঙ্গীত পরিচালক এ আর রহমানের কন্যা খাতিজা রহমান এবং বাংলাদেশের বিতর্কিত নারীবাদী লেখিকা তসলিমা নাসরিনের মধ্যে গত কদিন ধরে এক উত্তপ্ত বাকযুদ্ধ চলছে সোশ্যাল মিডিয়ায়।,"তসলিমা নাসরিন এ আর রহমানের কন্যা খাতিজা রহমানের বোরকা-নেকাব পরা নিয়ে সমালোচনা করলে খাতিজা ইনস্টাগ্রামে তীব্র জবাব দিয়ে বলেন, এটি তাঁর ব্যক্তিগত পছন্দ ও বিশ্বাস, যা নিয়ে তিনি গর্বিত। তিনি তসলিমাকে নারীবাদের নামে অন্য নারী ও তাঁর বাবাকে আক্রমণ না করার পরামর্শ দেন; পাল্টা তসলিমা নিজের নারীর অধিকার আন্দোলনের কথা তুলে ধরে ইসলাম পুরোপুরি অনুসরণ ও বোরকা নিষিদ্ধ করার পক্ষে মন্তব্য করেন।",15.56,9.09,15.56
150813_sm_india_currency_notes_microbes,"ভারতের কোটি কোটি মানুষ রোজ যে সব টাকার নোটগুলো নিয়ে নাড়াচাড়া করেন, তা থেকে তাদের নানা মারাত্মক সংক্রামক ব্যাধি ছড়িয়ে পড়তে পারে বলে বিজ্ঞানীরা আশঙ্কা ব্যক্ত করেছেন।","দিল্লির ইন্সটিটিউট অব জিনোমিকস অ্যান্ড ইন্টিগ্রেটিভ বায়োলজির গবেষণায় ভারতের প্রচলিত নোটে অন্তত ৭৮ ধরনের ক্ষতিকর জীবাণুর সন্ধান মিলেছে, বিশেষ করে পুরনো ও ছোট অংকের নোটে। এসব জীবাণু যক্ষ্মা, আমাশয় ও আলসারের মতো রোগ ছড়াতে পারে; জাপানের মতো নিয়মিত নোট জীবাণুমুক্ত করার ব্যবস্থা ভারতে নেই।",5.63,0.0,5.63
news-54019634,মুন্সীগঞ্জ জেলার সিরাজদিখান উপজেলা সদর থেকে অন্তত দশ কিলোমিটার দুরে থাকেন তফুরা বেগম।,"এজেন্ট ব্যাংকিংয়ের মাধ্যমে প্রত্যন্ত এলাকার মানুষ ব্যাংক শাখায় না গিয়েই টাকা জমা-উত্তোলন, রেমিট্যান্স, ঋণ, বিল পরিশোধ ও সরকারি ভাতা গ্রহণসহ বিভিন্ন সেবা পাচ্ছেন। ২০২০ সালের জুন পর্যন্ত ২৩টি ব্যাংকের ৮,৭৬৪ এজেন্টের ১২,৪৪৯টি আউটলেটে ৭৩ লাখ ৫৮ হাজারের বেশি হিসাব খোলা হয়েছে, যার ৪৬ শতাংশ নারীদের; এসব পয়েন্টে ১০ হাজার কোটি টাকার বেশি আমানত ও প্রায় ২৫ হাজার কোটি টাকার রেমিট্যান্স বিতরণ হয়েছে। বায়োমেট্রিক ও রিয়েল-টাইম ব্যবস্থায় পরিচালিত এই সেবার অধিকাংশ এজেন্ট ও হিসাব গ্রামাঞ্চলে, তবে এজেন্টদের অতিরিক্ত চার্জ নেওয়া বা আঙুলের ছাপ ও কার্ড ছাড়া লেনদেন করা নিষিদ্ধ।",0.0,0.0,0.0
news-45903065,আইয়ুব বাচ্চু নিজেকে পরিচয় দিতে ভালোবাসতেন প্রথমত একজন গিটারিস্ট হিসেবে। তারপর গায়ক।,"আইয়ুব বাচ্চু ছিলেন বাংলাদেশের ব্যান্ডসংগীতের পথিকৃৎ—গিটারিস্ট, গায়ক, গীতিকার ও সুরকার হিসেবে তিনি কয়েক দশক ধরে সংগীতজগতে গুরুত্বপূর্ণ অবদান রাখেন। ফিলিংস ও সোলসের পর ১৯৯১ সালে এলআরবি গঠন করে তিনি ১৬টি একক ও ১২টি ব্যান্ড অ্যালবাম প্রকাশ করেন; ‘কষ্ট’ ও ‘ফেরারি মন’-এর মতো অ্যালবাম তাঁকে দেশজুড়ে জনপ্রিয় করে তোলে। রকসংগীতের পাশাপাশি লোক, আধুনিক ও চলচ্চিত্রের গান গেয়েও তিনি সব শ্রেণির শ্রোতার মন জয় করেন এবং তরুণ প্রজন্মের ওপর গভীর প্রভাব রেখে যান।",11.76,2.41,9.41
news-43413472,বাংলাদেশের সীমান্তরক্ষী বাহিনী বিজিবি অভিনব উপায়ে কোরান শরীফের ভেতরে করে পাচারের সময় মাদকের একটি চালান আটক করেছে।,"টেকনাফের বড়ইতলী এলাকায় মিয়ানমার থেকে আসা একটি নৌকায় অভিযান চালিয়ে বিজিবি তিনজনকে গ্রেফতার করে এবং একটি কোরানের ভেতরে লুকানো ১৫ হাজার ইয়াবা জব্দ করে। এসব ইয়াবার আনুমানিক মূল্য ৫০ লাখ টাকা; বিজিবি জানায়, চোরাচালানিরা ধর্মীয় অনুভূতিকে কাজে লাগিয়ে মাদক পাচারের চেষ্টা করেছিল।",16.95,0.0,13.56
news-48752748,"এবারের ক্রিকেট বিশ্বকাপে টুর্নামেন্টের সেরা খেলোয়াড় হওয়ার দৌড়ে অন্য যে কোনো খেলোয়াড়ের চেয়ে বাংলাদেশের সাকিব আল হাসান যে পরিস্কারভাবে এগিয়ে রয়েছেন, তা বোঝার জন্য ক্রিকেট বিশেষজ্ঞ হতে হয় না।","সাকিব আল হাসান চলতি বিশ্বকাপে ব্যাট ও বল হাতে অসাধারণ পারফর্ম করে ছয় ইনিংসে দুটি সেঞ্চুরি ও তিনটি হাফসেঞ্চুরি, ১০ উইকেট এবং বিশ্বকাপে এক হাজার রানের মাইলফলক অর্জন করেছেন। ওয়েস্ট ইন্ডিজের বিপক্ষে সেঞ্চুরির মাধ্যমে দ্রুততম সময়ে ওয়ানডেতে ৬ হাজার রান ও ২৫০ উইকেট নেওয়ার রেকর্ড গড়ে তিনি ইতিহাসের অন্যতম সেরা অলরাউন্ডার হিসেবে নিজেকে প্রতিষ্ঠিত করেছেন। আফগানিস্তানের বিপক্ষে হাফসেঞ্চুরি ও পাঁচ উইকেট নিয়ে বিশ্বকাপের এক ম্যাচে এমন কৃতিত্ব অর্জনকারী দ্বিতীয় ক্রিকেটারও হন তিনি।",9.9,4.04,5.94
news-45762656,চলতি বছর যারা নোবেল শান্তি পুরষ্কার পেয়েছেন তাদের নির্বাচনের মধ্য দিয়ে ধর্ষণকে যুদ্ধের অস্ত্র হিসেবে ব্যবহারের ইস্যুটি আবার সামনে চলে এসেছে।,"নাদিয়া মুরাদ ও ডেনিস মুকওয়েগেকে সংঘাতের সময় ধর্ষণকে যুদ্ধাস্ত্র হিসেবে ব্যবহারের বিরুদ্ধে গুরুত্বপূর্ণ অবদানের জন্য নোবেল শান্তি পুরস্কার দেওয়া হয়েছে। ইসলামিক স্টেটের নির্যাতনের শিকার মুরাদ ইয়াজিদিদের মুক্তি ও মানব পাচারবিরোধী আন্দোলনের প্রতীক, আর কঙ্গোর চিকিৎসক মুকওয়েগে হাজার হাজার ধর্ষিতা নারীর চিকিৎসা করেছেন; এই পুরস্কার এ অপরাধের বিরুদ্ধে বিশ্বব্যাপী সচেতনতা ও আন্দোলন বাড়াবে বলে বিশেষজ্ঞরা মনে করেন।",12.99,5.33,7.79
news-47926155,"স্মার্টফোন, ট্যাব, কম্পিউটার বা অন্য কোন ভিভাইসের স্ক্রীনে আপনি দীর্ঘ সময় কাটালে তা আপনার স্বাস্থ্যের ওপর কী প্রভাব ফেলে?","অক্সফোর্ড ইন্টারনেট ইনস্টিটিউটের ১৭ হাজারের বেশি কিশোর-কিশোরীর ওপর গবেষণায় দেখা গেছে, বেশি সময় স্ক্রিনে কাটানো—এমনকি ঘুমের আগে ডিজিটাল ডিভাইস ব্যবহার—মানসিক স্বাস্থ্যে নেতিবাচক প্রভাব ফেলে, এমন সুস্পষ্ট প্রমাণ নেই। তবে গবেষণার কিছু তথ্য পুরনো হওয়ায় সমালোচনা রয়েছে, এবং গবেষকেরা বলেছেন ডিজিটাল প্রযুক্তির ক্ষতিকর বা উপকারী প্রভাব বুঝতে আরও গবেষণা প্রয়োজন।",14.08,2.9,8.45
news-57219019,গণতান্ত্রিক কঙ্গো প্রজাতন্ত্রে বড় আকারের একটি আগ্নেয়গিরিতে অগ্ন্যুৎপাত শুরু হওয়ার পর তার আশেপাশের বাড়িঘর ছেড়ে পালিয়ে গেছে হাজার হাজার মানুষ।,"মাউন্ট নিরাগঙ্গ আগ্নেয়গিরির অগ্ন্যুৎপাতে গোমা শহরের আকাশ লাল হয়ে যায় এবং লাভার স্রোত বিমানবন্দর ও প্রধান সড়ক পর্যন্ত পৌঁছে ব্যাপক আতঙ্ক সৃষ্টি করে। প্রায় তিন হাজার মানুষ রোয়ান্ডায় আশ্রয় নিলেও লাভার তীব্রতা কমেছে; কর্তৃপক্ষ ক্ষয়ক্ষতি পর্যালোচনা করছে, তবে বিদ্যুৎ বিচ্ছিন্নতা, ভূমিকম্প ও তথ্যের ঘাটতি নিয়ে উদ্বেগ রয়েছে।",5.97,3.08,5.97
news-42736049,ভারতে ৭০০ বছর আগেকার চিতোরের রানি পদ্মিনীকে নিয়ে তৈরি বলিউড ছায়াছবি 'পদ্মাবত' সারা দেশেই একসঙ্গে মুক্তি পাবে বলে সুপ্রিম কোর্ট বৃহস্পতিবার নির্দেশ দিয়েছে।,"সুপ্রিম কোর্ট রাজস্থান, মধ্যপ্রদেশ, গুজরাট ও হরিয়ানায় নিষিদ্ধ ‘পদ্মাবত’ সারা দেশে মুক্তির নির্দেশ দিয়ে বলেছে, কেন্দ্রীয় সেন্সর বোর্ডের ছাড়পত্র পাওয়া কোনো সিনেমা আলাদাভাবে রাজ্য সরকার নিষিদ্ধ করতে পারে না। তবে কার্নি সেনা ও কয়েকটি রাজ্য সরকার রায়ের বিরোধিতা করে আন্দোলন ও আপিলের হুমকি দেওয়ায় ২৫ জানুয়ারির মুক্তি ঘিরে আইনশৃঙ্খলা পরিস্থিতি এবং মতপ্রকাশের স্বাধীনতা নিয়ে উদ্বেগ রয়ে গেছে।",17.5,5.13,7.5
news-49628043,বাংলাদেশের প্রাথমিক বিদ্যালয়ের শিক্ষার্থীদের সামনের বছর থেকে স্কুল ইউনিফর্ম কেনার জন্য দুই হাজার টাকা করে দেয়া হবে বলে জানিয়েছেন প্রাথমিক ও গণশিক্ষা প্রতিমন্ত্রী মোঃ জাকির হোসেন।,"সরকার সরকারি প্রাথমিক বিদ্যালয়ের প্রথম থেকে পঞ্চম শ্রেণির শিক্ষার্থীদের স্কুল ইউনিফর্ম কেনার জন্য আগামী বছর থেকে অর্থ দেওয়ার পরিকল্পনা করেছে; প্রস্তাবিত হিসাবে প্রত্যেককে ২,০০০ টাকা মায়ের মোবাইল ব্যাংকিং অ্যাকাউন্টে পাঠানো হবে। প্রকল্পটি এখনও খসড়া পর্যায়ে থাকলেও এর লক্ষ্য শিক্ষার্থীদের মধ্যে সমতা আনা ও ঝরে পড়া কমানো; তবে অর্থের সঠিক ব্যবহার, সুষম বিতরণ ও অনিয়ম ঠেকাতে কার্যকর নজরদারির প্রয়োজন বলে বিশেষজ্ঞরা সতর্ক করেছেন।",29.21,11.49,22.47
news-43611700,পঞ্চাশের দশক থেকে ১৯৮০'র দশকের শেষ দিক পর্যন্ত সাবেক সোভিয়েত ইউনিয়ন এবং পশ্চিমা বিশ্বের শত্রুতাকে বলা হতো 'শীতল যুদ্ধ' বা 'স্নায়ুযুদ্ধ'।,"রাশিয়া-যুক্তরাষ্ট্রের বর্তমান বিরোধকে নতুন শীতল যুদ্ধ বলা পুরোপুরি যথার্থ নয়, কারণ এতে শীতল যুদ্ধকালীন আদর্শিক সংঘাত বা সামরিক ভারসাম্য নেই; বরং নেতাদের সিদ্ধান্ত, কৌশল ও আন্তর্জাতিক প্রভাব নিয়ে মতবিরোধই প্রধান। রাশিয়া তুলনামূলক দুর্বল হলেও সামরিক আধুনিকায়নের মাধ্যমে নিজস্ব প্রভাববলয় ধরে রাখার সক্ষমতা বাড়াচ্ছে, আর পশ্চিমা বিশ্বের নীতিগত ভুল ও ‘শীতল যুদ্ধ’ ধারণা পরিস্থিতিকে আরও জটিল করছে।",15.19,5.19,10.13
news-46463754,"রুবি মেরির জন্ম হয়েছিল ব্রিটেনের সাউথ ওয়েলসে, যেখানে তার চমৎকার শৈশব কেটেছে। কিন্তু সবকিছুই বদলে গেলো যখন সে সাবালিকা হলো।","১৫ বছর বয়সে ছুটির কথা বলে বাংলাদেশে নিয়ে গিয়ে রুবি মেরিকে পরিবারের পছন্দের, তার দ্বিগুণ বয়সী এক ব্যক্তির সঙ্গে জোর করে বিয়ে দেওয়া হয়; স্বামীর যুক্তরাজ্যে যাওয়ার সুযোগ তৈরি করতে তাকে প্রায় প্রতিদিন ধর্ষণ করা হয় এবং সন্তান জন্মের পর তিনি পালিয়ে যান। বর্তমানে তিনি জোরপূর্বক বিয়ের বিরুদ্ধে সচেতনতা ছড়াচ্ছেন, আর যুক্তরাজ্য সরকার শিক্ষক ও সমাজকর্মীদের সন্দেহজনক ঘটনা কর্তৃপক্ষকে জানানো বাধ্যতামূলক করার প্রস্তাব বিবেচনা করছে।",4.71,0.0,4.71
news-47994270,"''আমাদের মুখ ঢেকে রাখতে হতো....রান্নাবান্না করতে হতো, যেন আমরা দাস। আমরা এটা চাই না, আমরা সত্যিকারের একটা জীবন চাই, আমাদের জীবন,'' বলছেন ২৫ বছরের ওয়াফা, সর্বশেষ যে সৌদি নারী তার বোনের সঙ্গে সৌদি আরব থেকে পালিয়ে এসেছেন।",সৌদি আরব থেকে পালিয়ে আসা দুই বোন ওয়াফা ও মাহা জর্জিয়ার রাষ্ট্রীয় আশ্রয়কেন্দ্রে থাকলেও সেখানে নিজেদের নিরাপদ মনে করছেন না এবং আন্তর্জাতিক সম্প্রদায় ও জাতিসংঘের কাছে তৃতীয় কোনো নিরাপদ দেশে আশ্রয়ের আবেদন জানিয়েছেন। তারা পরিবার ও সৌদি আরবের নারীবিদ্বেষী নিয়মকানুনের কারণে হুমকির কথা জানিয়েছেন; মানবাধিকার সংস্থাগুলো তাদের আশ্রয়ের অধিকার রক্ষা ও সৌদি নারীদের কার্যকর সহায়তার আহ্বান জানিয়েছে।,14.74,6.45,8.42
news-45950897,বাংলাদেশে সাম্প্রতিক সময়ে বিরোধী রাজনৈতিক নেতৃবৃন্দের কয়েকজনের টেলিফোন আলাপ ফাঁস হবার ঘটনা ঘটেছে।,"বাংলাদেশে বিরোধী রাজনৈতিক নেতাসহ বিভিন্ন ব্যক্তির ফোনালাপ ধারাবাহিকভাবে ফাঁস হলেও এসবের উৎস আনুষ্ঠানিকভাবে জানা যায়নি। আইনজীবীদের মতে, সংবিধান ব্যক্তিগত যোগাযোগের গোপনীয়তা নিশ্চিত করলেও সরকারি সংস্থার ফোনে আড়িপাতার অনুমতি ও নিয়ম স্পষ্ট নয়; বেআইনিভাবে ফোনালাপ রেকর্ড বা প্রচার করলে শাস্তির বিধান রয়েছে। বিশেষজ্ঞরা জানান, স্পাইং সফটওয়্যার, স্টিং রে ডিভাইস বা বাগিংয়ের মাধ্যমে নজরদারি সম্ভব এবং ক্ষতিগ্রস্ত ব্যক্তি আদালতের শরণাপন্ন হতে পারেন।",10.96,2.82,10.96
news-44975752,"বাংলাদেশে হেপাটাইটিস সংক্রমণকে এক নীরব ঘাতক হিসেবে দেখা হচ্ছে। বিশ্ব স্বাস্থ্য সংস্থার হিসেবে দেখা যায়, বাংলাদেশে হেপাটাইটিস বি ও সি ভাইরাসে প্রায় এক কোটি মানুষ আক্রান্ত। বেসরকারি হিসেবে হেপাটাইটিসে প্রতি বছর ২০ হাজারের বেশি মানুষের মৃত্যু হয় বাংলাদেশে।","বাংলাদেশে হেপাটাইটিসের পাঁচ ধরনের ভাইরাসই আছে; এ, ই সাধারণত স্বল্পমেয়াদি হলেও বি ও সি রক্ত ও দেহতরলের মাধ্যমে ছড়িয়ে সিরোসিস ও লিভার ক্যান্সার ঘটাতে পারে, বছরে মারা যায় প্রায় ২২,৫০০ মানুষ। আক্রান্তদের বড় অংশ রোগ সম্পর্কে অবগত নন এবং অনেকে ঝাড়ফুঁক বা কবিরাজি চিকিৎসা নেন, जबकि নিরাপদ রক্তসঞ্চালন, দ্রুত শনাক্তকরণ ও সময়মতো টিকা-চিকিৎসার ঘাটতি রয়েছে। বিশেষজ্ঞরা সচেতনতা, জন্মের ২৪ ঘণ্টার মধ্যে টিকা, উন্নত পরীক্ষা ও জাতীয় নীতিমালা জোরদারের আহ্বান জানিয়েছেন; ২০৩০ সালের মধ্যে রোগ নির্মূলে সরকার ও বিশ্ব স্বাস্থ্য সংস্থা কাজ করছে।",14.75,5.0,9.84
news-48051927,"ভারতের সাধারণ নির্বাচনে ২৫০০ বছর আগের হিন্দু পৌরাণিক মহাকাব্য আবারো উঠে এসেছে পাদপ্রদীপের আলোয়। বিগত নির্বাচনের মতই, এবারের নির্বাচনেও হিন্দু ধর্মের বহু কট্টরপন্থীদের কথায় ফিরে এসেছে রামায়ণ এবং বিশেষ করে তার নায়ক রাম-এর প্রসঙ্গ।","অযোধ্যায় রামমন্দির নির্মাণের দাবি হিন্দু জাতীয়তাবাদী সংগঠন ও বিজেপির রাজনৈতিক প্রচারণার কেন্দ্রে রয়েছে; ১৯৯২ সালে বাবরি মসজিদ ধ্বংসের পর এই ইস্যু সাম্প্রদায়িক উত্তেজনা ও দাঙ্গা বাড়ায়। ১৯৮০-এর দশকের টেলিভিশন সিরিয়াল ও রাজনৈতিক পদযাত্রার মাধ্যমে রামের একক ‘বিজয়ী’ কাহিনি জনপ্রিয় হলেও, রামায়ণের বিভিন্ন সংস্করণকে আড়াল করে হিন্দু পরিচয় ও ঐক্য জোরদারের চেষ্টা চলছে।",9.09,0.0,4.55
news-52085013,করোনাভাইরাস সংক্রমণ সারা পৃথিবীজুড়ে বেড়েই চলেছে। এর মধ্যে ইতিবাচক বা মন ভালো করার মতো খবর পাওয়া কঠিন। কিন্তু ভালো খবর যে একেবারেই নেই তা নয়। তারই কয়েকটি এখানে।,"করোনাভাইরাসের টিকা তৈরিতে বিশ্বজুড়ে গবেষণা চলছে, তবে বিশেষজ্ঞদের মতে তা প্রস্তুত হতে এক থেকে দেড় বছর সময় লাগতে পারে; নতুন গবেষণায় ভাইরাসের কম মিউটেশনের ইঙ্গিত পাওয়ায় এক ডোজ টিকায় দীর্ঘমেয়াদি রোগপ্রতিরোধ ক্ষমতার আশা দেখা দিয়েছে। চীন সংক্রমণ নিয়ন্ত্রণে আনায় বিধিনিষেধ শিথিল করছে, আর ইতালি ও স্পেনে সংক্রমণ কমার বা সর্বোচ্চ পর্যায়ে পৌঁছানোর লক্ষণ দেখা যাচ্ছে; এদিকে স্বাস্থ্যকর্মী ও স্বেচ্ছাসেবকদের ভূমিকা ব্যাপকভাবে প্রশংসিত হচ্ছে।",6.59,0.0,4.4
news-44619936,"""আমরা এসি-তে কতটা ঠাণ্ডা করব, সেটাও না কি সরকার বলে দেবে! তাহলে কি এরপর কতটা ভাত খাব, সেটাও সরকারই ঠিক করবে?""","ভারত সরকার এয়ার কন্ডিশনারের ডিফল্ট তাপমাত্রা ২৪ ডিগ্রি সেলসিয়াস করার প্রস্তাব দিয়েছে, তবে ব্যবহারকারী চাইলে পরে তাপমাত্রা কমাতে বা বাড়াতে পারবেন। সরকারের মতে, এতে প্রতি বছর বিপুল বিদ্যুৎ ও জ্বালানি সাশ্রয় এবং গ্রিনহাউস গ্যাস নির্গমন কমানো সম্ভব হবে; বাধ্যতামূলক করার আগে চার থেকে ছয় মাস সচেতনতা অভিযান ও জনমত নেওয়া হবে।",2.74,0.0,2.74
news-44094528,দিন কয়েক আগে আমেরিকা ও ইরানের মধ্যে সম্পর্কে গুরুতর অবনতি ঘটেছে।,ট্রাম্প ইরানের সঙ্গে পারমাণবিক চুক্তি থেকে সরে গিয়ে নতুন করে কঠোর নিষেধাজ্ঞা আরোপ করায় দুই দেশের সম্পর্কের অবনতি ঘটেছে। এর পর ইরানের সর্বোচ্চ নেতা আয়াতোল্লাহ আলি খামেনেই মাইকেল উলফের ট্রাম্প-বিরোধী বই ‘ফায়ার অ্যান্ড ফিউরি’-এর ফারসি অনুবাদ পড়ার ছবি পোস্ট করে পরোক্ষভাবে অসন্তোষ প্রকাশ করেছেন।,10.53,3.64,10.53
56976377,বিএনপি চেয়ারপার্সন খালেদা জিয়াকে চিকিৎসার জন্য বিদেশে নিতে চাইছে তাঁর পরিবার ও দল। কিন্তু যে আদেশ বলে তিনি জেল থেকে বের হয়েছিলেন সে অনুযায়ী তাঁর বিদেশে যাওয়ার সুযোগই নেই।,"আইনমন্ত্রী আনিসুল হক বলেছেন, নির্বাহী আদেশের বিদেশযাত্রা নিষেধাজ্ঞা সরকার শিথিল করলে খালেদা জিয়ার বিদেশে চিকিৎসা নিতে আইনগত বাধা থাকবে না, তবে এ বিষয়ে বিএনপি বা তাঁর পরিবারের কোনো নতুন আবেদন এখনো সরকার পায়নি। করোনায় আক্রান্ত খালেদা জিয়া ঢাকার হাসপাতালে চিকিৎসাধীন ও সিসিইউতে রয়েছেন; বিএনপি ও তাঁর আইনজীবীরা দ্রুত বিদেশে নেওয়ার অনুমতি চেয়ে নির্বাহী আদেশ সংশোধনের দাবি জানিয়েছেন।",20.93,0.0,16.28
news-45859424,"আমল উমর, ১০ বছর বয়সী পাকিস্তানী এই মেয়েটি গত অগাস্টে করাচীর ব্যস্ত রাস্তায় পুলিশের ছোড়া গুলিতে প্রায় হারায়। ওই পুলিশ কর্মকর্তা গুলি ছুড়েছিলেন একজন অপরাধীকে লক্ষ্য করে।","করাচিতে পুলিশ ও ছিনতাইকারীদের গোলাগুলির মধ্যে গাড়িতে বসে থাকা শিশু আমল উমর পুলিশের গুলিতে মাথায় গুলিবিদ্ধ হয়ে মারা যায়; তার বাবা-মা হাসপাতাল ও পুলিশের অবহেলা এবং জবাবদিহিতার অভাবের অভিযোগ তোলেন। তাদের প্রচারণার পর সিন্ধুর ডিআইজি দায়ী পুলিশ সদস্যের অনিচ্ছাকৃত গুলির কথা স্বীকার করেন, তাকে বরখাস্ত করা হয় এবং সুপ্রিম কোর্ট ঘটনাটির তদন্তের নির্দেশ দেয়। পরিবারটি এমন মৃত্যু ঠেকাতে পুলিশি সহিংসতা, চিকিৎসাসেবার নৈতিকতা ও জবাবদিহিতা নিয়ে পরিবর্তনের দাবি জানাচ্ছে।",10.42,2.13,10.42
news-44417309,"বাংলাদেশের ২০১৮-১৯ অর্থবছরের বাজেটে অনলাইনে পণ্য কেনা-বেচায় কর আরোপের যে প্রস্তাব করা হয়েছিল, বাজেট পরবর্তী সংবাদ সম্মেলনে সেটিকে নতুন করে সংজ্ঞায়িত করা হয়েছে।","জাতীয় রাজস্ব বোর্ডের চেয়ারম্যান জানান, অনলাইন পণ্য বা সেবা কেনাবেচা নতুন ‘ভার্চুয়াল বিজনেস’ করের আওতায় এখনই পড়বে না; তবে ফেসবুক, ইউটিউব ও গুগলের বিজ্ঞাপনভিত্তিক আয়ে ভ্যাট দিতে হবে। নিত্যপ্রয়োজনীয় পণ্যে ভ্যাট না থাকলেও টিভি-ফ্রিজের মতো অন্যান্য পণ্যে ভ্যাট প্রযোজ্য হবে, আর উদ্যোক্তারা সুনির্দিষ্ট নীতিমালা ও প্রণোদনা ছাড়া কর আরোপে ক্ষুদ্র অনলাইন ব্যবসা ক্ষতিগ্রস্ত হওয়ার আশঙ্কা প্রকাশ করেছেন।",7.23,0.0,4.82
news-43949363,"বিয়ে টিকিয়ে রাখার ক্ষেত্রে স্বামী ও স্ত্রীর মধ্যে শারীরিক সম্পর্ক কতটা গুরুত্বপূর্ণ, তা নিয়ে বিতর্ক নতুন করে উস্কে দিয়েছে বোম্বে হাইকোর্টের একটি রায়।","মহারাষ্ট্রের কোলাপুরের এক দম্পতির ২০০৯ সালের বিয়েতে নয় বছরে কোনো শারীরিক সম্পর্কের প্রমাণ না থাকায় মুম্বাই হাইকোর্ট বিয়েটি বাতিল করেছে। স্বামীর স্ত্রী সন্তানসম্ভবা হয়েছিলেন—এই দাবি প্রমাণিত না হওয়ায় আদালত রায় দেয়, দাম্পত্য জীবনে শারীরিক সম্পর্ক না থাকলে বিয়ের অন্যতম মূল উদ্দেশ্য ব্যর্থ হয়।",8.96,3.08,5.97
news-46554177,"লন্ডনে একটি প্রত্নতাত্ত্বিক খননের সময় খুঁজে পাওয়া মুরগির হাড় নিয়ে গবেষণার পর বলা হচ্ছে, এখনকার মুরগি তাদের আদি প্রজাতির চেয়ে একবারে ভিন্ন।","বিশ্বে একই সময়ে প্রায় ২৩০০ কোটি জীবন্ত মুরগি থাকে, যা মানুষের ব্যাপক মাংস ও ডিমের চাহিদা এবং পরিবেশগত পরিবর্তনের প্রতীক হয়ে উঠেছে। ১৯৫০-এর দশক থেকে কৃত্রিম প্রজনন ও খামার ব্যবস্থায় মাত্র পাঁচ–সাত সপ্তাহে বড় হওয়া ব্রয়লার উৎপাদন শুরু হওয়ায় মুরগির সংখ্যা ও আকার ব্যাপক বেড়েছে, বিপরীতে বন্য পাখির সংখ্যা কমেছে।",5.41,0.0,2.7
news-43222719,প্যারিস সেইন্ট জার্মেইয়ের ফরোয়ার্ড নেইমার কমপক্ষে ৬ সপ্তাহ মাঠের বাইরে থাকতে পারেন বলে জানিয়েছেন তাঁর বাবা।,"গোড়ালির চোটে নেইমারের মেটাটারসালে চিড় ধরা পড়েছে, ফলে রেয়াল মাদ্রিদের বিপক্ষে চ্যাম্পিয়ন্স লিগের দ্বিতীয় লেগে তাঁর খেলার সম্ভাবনা ক্ষীণ। তাঁর বাবা জানিয়েছেন, অস্ত্রোপচার হোক বা না হোক, সুস্থ হতে ৬–৮ সপ্তাহ লাগতে পারে—যা বিশ্বকাপের আগে ব্রাজিলের জন্য উদ্বেগের কারণ।",17.54,3.64,7.02
news-52105607,"দিল্লিতে তাবলীগ জামাতের সদর দফতরে একটি সমাবেশে যোগ দিয়ে ঘরে ফেরা অন্তত সাতজন, কারও কারও মতে দশজন করোনাভাইরাসে আক্রান্ত হয়ে মারা যাওয়ার পর ওই মসজিদটিকে ভারতে মহামারি ছড়ানোর অন্যতম 'হটস্পট' বলে চিহ্নিত করা হচ্ছে।","মার্চের মাঝামাঝি দিল্লির মরকজ নিজামুদ্দিনে তাবলীগ জামাতের ধর্মীয় সমাবেশে দেশ-বিদেশের হাজারো মানুষ ঘনবসতিপূর্ণ পরিবেশে জড়ো হওয়ায় সেখানে করোনাভাইরাসের সংক্রমণ ছড়িয়ে পড়ে; অন্তত ২৪ জনের পরীক্ষায় পজিটিভ ফল এসেছে এবং বিভিন্ন রাজ্যে অংশগ্রহণকারীদের মধ্যে মৃত্যুও ঘটেছে। পুলিশ মসজিদটি সিল করে লোকজনকে কোয়ারেন্টিনে পাঠিয়েছে, কর্তৃপক্ষ কন্টাক্ট ট্রেসিং করছে এবং আয়োজকদের বিরুদ্ধে অবহেলার অভিযোগে এফআইআর হয়েছে; বিদেশি অংশগ্রহণকারীদের কালো তালিকাভুক্ত করার সিদ্ধান্তও নেওয়া হয়েছে।",8.33,2.13,8.33
news-43626873,প্রেসিডেন্ট ট্রাম্প বিশ্বাস করেন - চীনের কাছে বাজার খুলে দিয়ে আমেরিকার মারাত্মক ক্ষতি হয়েছে।,"প্রেসিডেন্ট ট্রাম্প ২০১৭ সালে যুক্তরাষ্ট্রের ৮০০ বিলিয়ন ডলারের বাণিজ্য ঘাটতির জন্য বিশেষত চীনকে দায়ী করে ইস্পাত, অ্যালুমিনিয়ামসহ চীনা পণ্যে শুল্ক আরোপ করেছেন; পাল্টা চীনও মার্কিন পণ্যে শুল্ক বসিয়েছে। এই বাণিজ্যযুদ্ধ নিয়ে বিশ্বজুড়ে উদ্বেগ বাড়লেও ট্রাম্প এটিকে যুক্তরাষ্ট্রের জন্য লাভজনক মনে করছেন। বিশ্লেষকদের মতে, শুল্কে ইস্পাতশিল্পে উল্লেখযোগ্য কর্মসংস্থান নাও বাড়তে পারে, পণ্যের দাম বাড়বে, মার্কিন মিত্র ও বিভিন্ন শিল্প ক্ষতিগ্রস্ত হয়ে পাল্টা ব্যবস্থা নিতে পারে এবং এর অভ্যন্তরীণ রাজনৈতিক প্রভাবও অনিশ্চিত।",4.82,2.47,4.82
news-48047736,শ্রীলংকায় ইস্টার সানডেতে গির্জা ও হোটেলে যেসব তরুণ-যুবক হামলা চালিয়েছে তাদের অধিকাংশই উচ্চ-শিক্ষিত এবং উচ্চ-মধ্যবিত্ত ঘরের সন্তান। তাদের একজন ব্রিটেন এবং অস্ট্রেলিয়ায় পড়াশোনা করেছে।,"শ্রীলঙ্কা ও বাংলাদেশের হামলাগুলোতে উচ্চশিক্ষিত ও সচ্ছল পরিবারের তরুণদের জড়িত থাকা জঙ্গিবাদের অর্থায়ন ও বিস্তারের কারণে উদ্বেগজনক বৈশ্বিক প্রবণতা হিসেবে দেখা হচ্ছে। গবেষক তাসনিম খলিলের মতে, দারিদ্র্য নয়; সহজলভ্য উগ্রবাদী মতাদর্শ, প্রাথমিক ধর্মীয় শিক্ষার ঘাটতি, অন্যদের প্রতি ঘৃণা ও শ্রেষ্ঠত্ববাদী চিন্তা তরুণদের জঙ্গিবাদে টানে এবং ধীরে ধীরে মগজধোলাই ঘটায়। এ প্রবণতা ঠেকাতে বহুত্ববাদী ও সহনশীল সমাজ প্রতিষ্ঠার ওপর গুরুত্ব দেওয়া হয়েছে।",4.55,0.0,4.55
news-51260039,ইরাকের রাজধানী বাগদাদের মার্কিন দূতাবাসে অন্তত তিনটি রকেট হামলা হয়েছে। এর মধ্যে একটি রকেট দূতাবাসের ক্যাফেটরিয়াতে এবং বাকি দুইটি একটু দূরে আঘাত করেছে বলে জানিয়েছে এএফপি।,"মোক্তাদা আল-সদরের সমর্থকদের যুক্তরাষ্ট্রবিরোধী বিক্ষোভের মধ্যে বাগদাদে মার্কিন দূতাবাসে রকেট হামলায় অন্তত তিনজন আহত হয়েছেন; কোনো গোষ্ঠী এখনো দায় স্বীকার করেনি। ইরাকি প্রধানমন্ত্রী হামলার নিন্দা জানিয়ে সতর্ক করেছেন, ধারাবাহিক হামলায় দেশটি আবার যুদ্ধক্ষেত্রে পরিণত হতে পারে। ইরান-যুক্তরাষ্ট্র উত্তেজনা ও কাসেম সোলেইমানি হত্যার পর ইরাকে মার্কিন দূতাবাস ও ঘাঁটিতে হামলা বেড়েছে, আর সদরের সমর্থকেরা মার্কিন বাহিনী প্রত্যাহারের দাবি তুলেছেন।",13.95,2.38,9.3
news-49744505,বাংলাদেশের বাজারে কয়েক মাস আগেও যে পেঁয়াজ ২০-২৪ টাকায় বিক্রি হয়েছে সেটি এখন বিক্রি হচ্ছে ৬০-৭০ টাকা।,"বাংলাদেশে পেঁয়াজের দাম দুই মাসে প্রায় দ্বিগুণ হয়েছে, যার প্রধান কারণ ভারত রপ্তানির সর্বনিম্ন মূল্য প্রায় তিনগুণ বাড়ানো এবং ব্যবসায়ীদের সরবরাহ কমিয়ে দেওয়া। সরকার মিয়ানমারসহ বিভিন্ন দেশ থেকে আমদানি ও টিসিবির মাধ্যমে কম দামে বিক্রির উদ্যোগ নিয়েছে, তবে উৎপাদন ঘাটতি, পচন ও সংরক্ষণব্যবস্থার দুর্বলতার কারণে দীর্ঘমেয়াদি সমাধানের জন্য দেশীয় উৎপাদন ও সংরক্ষণ বাড়ানো জরুরি।",2.74,0.0,2.74
news-50449838,আফগানিস্তান এবং ইরাকে ব্রিটিশ বাহিনীর হাতে বেসামরিক নাগরিক নিহত হবার ধামাচাপা দেবার অভিযোগ উঠেছে যুক্তরাজ্যের সরকার এবং দেশটির সেনাবাহিনীর বিরুদ্ধে।,"বিবিসি প্যানোরমা ও সানডে টাইমসের অনুসন্ধানে ইরাক ও আফগানিস্তানে ব্রিটিশ বাহিনীর বিরুদ্ধে যুদ্ধাপরাধের বিশ্বাসযোগ্য প্রমাণ এবং তদন্তকারীদের সুপারিশ সত্ত্বেও বিচার না করার অভিযোগ উঠে এসেছে। সাবেক গোয়েন্দারা দাবি করেছেন, সরকার ফিল শাইনারকে ঘিরে ওঠা অভিযোগকে অজুহাত বানিয়ে ইহাট ও অপারেশন নর্থমুর তদন্ত বন্ধ করে দেয়; প্রতিরক্ষা মন্ত্রণালয় অবশ্য এসব অভিযোগ অস্বীকার করে বলেছে, সব অভিযোগ পূর্ণভাবে তদন্ত করা হয়েছে।",15.19,2.6,10.13
news-55642674,"যুক্তরাষ্ট্রের প্রেসিডেন্ট ডোনাল্ড ট্রাম্প মনে করেন, ক্যাপিটল হিলে দাঙ্গার আগে তিনি যে বক্তব্য দিয়েছিলেন, তারা পুরোপুরি ঠিক আছে।","ক্যাপিটল হিলে সহিংসতা উসকে দেওয়ার অভিযোগে ডোনাল্ড ট্রাম্পের বিরুদ্ধে ডেমোক্র্যাটরা প্রতিনিধি পরিষদে নতুন অভিশংসন প্রস্তাব আনছে, যেটি পাস হলে তিনি যুক্তরাষ্ট্রের ইতিহাসে প্রথমবার দুইবার অভিশংসিত প্রেসিডেন্ট হবেন। ট্রাম্প প্রস্তাবটিকে ‘হাস্যকর’ ও বিপজ্জনক বলে প্রত্যাখ্যান করেছেন, আর তাকে ক্ষমতাচ্যুত করতে সিনেটে দুই-তৃতীয়াংশ ভোট প্রয়োজন হবে। ২০ জানুয়ারি জো বাইডেনের শপথের আগে এই প্রক্রিয়া শুরু হচ্ছে; ক্যাপিটল দাঙ্গায় অন্তত পাঁচজন নিহত ও ৬০ জনের বেশি আহত হয়েছেন।",19.05,2.44,9.52
news-42133462,আমেরিকার অন্যতম বিখ্যাত সিভিল রাইটস অ্যাক্টিভিস্ট বা নাগরিক অধিকার আন্দোলনের কর্মী জন কনইয়ার্স কংগ্রেসে নিজের পদ থেকে সরে দাঁড়িয়েছেন। তার বিরুদ্ধে যৌন হয়রানির অভিযোগ ওঠার পর তিনি এই সিদ্ধান্ত নিলেন।,যৌন হয়রানি ও অনুচিত আচরণের অভিযোগ এবং এক কর্মীকে মুখ বন্ধ রাখতে ২৭ হাজার ডলার দেওয়ার তথ্য প্রকাশের পর দীর্ঘদিনের কংগ্রেসম্যান জন কনইয়ার্স পদত্যাগ করেছেন। হাউস এথিকস কমিটি অভিযোগগুলো তদন্ত করছে; তবে ৮৮ বছর বয়সী কনইয়ার্স সব অভিযোগ অস্বীকার করে এগুলোকে পক্ষপাতমূলক ও অর্থের বিনিময়ে করা দাবি বলেছেন।,12.82,2.63,7.69
news-54948828,টুইটারে ভারতীয় ক্রিকেট দলের অধিনায়ক বিরাট কোহলির শেয়ার করা একটি ভিডিও নিয়ে ভারতের সোশ্যাল মিডিয়ায় বেশ আলোচনা-সমালোচনা তৈরি হয়েছে।,"দীপাবলিতে আতশবাজি না পোড়িয়ে পরিবেশ রক্ষার আহ্বান জানিয়ে ভিডিও বার্তা দেওয়ায় বিরাট কোহলি সামাজিক মাধ্যমে সমালোচিত হন, বিশেষ করে তাঁর জন্মদিন ও আইপিএল ফাইনালে আতশবাজি নিয়ে নীরব থাকার প্রসঙ্গে। তবে অনেক ভক্ত তাঁর বার্তাকে সমর্থন করে বলেন, দীপাবলি মূলত আলোর উৎসব এবং পরিবেশ সচেতনতার আহ্বান যথার্থ।",9.09,0.0,6.06
news-50086291,ভারত-বাংলাদেশ সীমান্তে দুই দেশের সীমান্তরক্ষী বাহিনীর মধ্যে গোলাগুলিতে এক ভারতীয় সীমান্ত রক্ষী নিহত হয়েছেন সে দেশের কর্মকর্তারা জানিয়েছেন।,"পদ্মা নদীতে বাংলাদেশ-ভারত সীমান্তে ভারতীয় জেলেদের আটক করা নিয়ে পতাকা বৈঠকের পর গুলিবিনিময় হয়, যাতে বিএসএফের এক সদস্য নিহত ও আরেকজন আহত হওয়ার দাবি করেছে ভারত। বিজিবি নিহতের তথ্য-প্রমাণ অস্বীকার করে জানিয়েছে, উভয় দেশ তদন্ত করছে; বাংলাদেশের স্বরাষ্ট্রমন্ত্রী ঘটনাটিকে অনাকাঙ্ক্ষিত দুর্ঘটনা বলে দুই বাহিনীর শীর্ষ পর্যায়ে যোগাযোগের কথা জানান।",22.86,0.0,11.43
news-46454788,সাদা ফিনফিনে এবং ৭৫ ফুট দীর্ঘ একটি পোশাক নিয়ে টুইটার-ইন্সটাগ্রাম-ফেসবুকে এখন তোলপাড় চলছে। বলিউড তারকা প্রিয়াংকা চোপড়ার বিয়ের পোশাক এটি। তিনি নিজেই আজ বুধবার ইনস্টাগ্রামে এটির ছবি এবং ভিডিও পোস্ট করেছেন।,বলিউড তারকা প্রিয়াঙ্কা চোপড়া রাজস্থানের যোধপুরের উমাইদ প্রাসাদে মার্কিন সঙ্গীতশিল্পী নিক জোনাসকে বিয়ে করেছেন। র‍্যালফ লরেনের নকশা করা তাঁর বিয়ের পোশাকে ২০ লাখ মুক্তার কাজ ছিল এবং দীর্ঘ অবগুন্ঠনটি বিশেষভাবে নজর কেড়েছে। খ্রিস্টীয় ও হিন্দু—দুই ধর্মের রীতিতে তিন দিন ধরে বিয়ের আনুষ্ঠানিকতা সম্পন্ন হয়।,15.19,2.6,10.13
news-52018765,বাংলাদেশে করোনাভাইরাস শনাক্ত হওয়ার পর থেকেই সবার দৃষ্টি পড়েছে এ রকম একটি স্বাস্থ্য জরুরি অবস্থা মোকাবেলায় দেশটির স্বাস্থ্য অবকাঠামো ঠিক কতটা প্রস্তুত সেই দিকে।,"বাংলাদেশে করোনাভাইরাস আক্রান্তের সংখ্যা ৩৯ হলেও হাসপাতালগুলোতে পর্যাপ্ত শয্যা, আইসিইউ, ভেন্টিলেটর, সরঞ্জাম ও প্রশিক্ষিত জনবলের ঘাটতি রয়েছে। সরকার ঢাকায় আটটি হাসপাতাল ও জেলা পর্যায়ে আইসোলেশন ইউনিটের ব্যবস্থা করলেও অনেক প্রতিষ্ঠান এখনো পুরোপুরি প্রস্তুত নয়; বিশেষজ্ঞরা আশঙ্কা করছেন, সংক্রমণ ব্যাপক হলে দেশের স্বাস্থ্যব্যবস্থা গুরুতর চাপে পড়বে।",8.7,2.99,8.7
news-43362907,"উত্তর কোরিয়ার নেতা কিম জং আনের সাথে বৈঠকে বসতে রাজি হওয়ার একদিন পর প্রেসিডেন্ট ট্রাম্প টুইট করে বলেছেন, সেখানে সমঝোতা হওয়ার ব্যাপারে তিনি আশাবাদী।","দক্ষিণ কোরিয়ার প্রতিনিধি দলের আমন্ত্রণে প্রেসিডেন্ট ডোনাল্ড ট্রাম্প উত্তর কোরিয়ার নেতা কিম জং-আনের সঙ্গে বৈঠকে রাজি হয়েছেন, যা হবে কোনো মার্কিন প্রেসিডেন্টের সঙ্গে উত্তর কোরিয়ার নেতার প্রথম সাক্ষাৎ; সম্ভাব্য সময় মে, তবে স্থান নির্ধারিত হয়নি। উত্তর কোরিয়া পরমাণু পরীক্ষা সাময়িকভাবে বন্ধ ও পরমাণু কর্মসূচি নিয়ে আলোচনার প্রতিশ্রুতি দিলেও সুনির্দিষ্ট পদক্ষেপের বিষয়টি অস্পষ্ট, তাই যুক্তরাষ্ট্র ও চীন নিষেধাজ্ঞা বজায় রাখছে এবং বিশ্লেষকেরা উত্তর কোরিয়ার প্রতিশ্রুতি নিয়ে সতর্ক রয়েছেন।",21.74,11.11,17.39
news-44968011,বাংলাদেশের দিনাজপুরে বড়পুকুরিয়া কয়লা খনি থেকে কয়লা চুরির কেলেঙ্কারি সপ্তাহ-খানেক আগে ফাঁস হয়ে পড়ার পর সরকারের শীর্ষ মহলে তীব্র প্রতিক্রিয়া হয়েছে।,"বড়পুকুরিয়া কয়লা খনিতে ২০০৫ থেকে ২০১৮ সাল পর্যন্ত হিসাবের গরমিলের মাধ্যমে আনুমানিক ১ লাখ ৪৪ হাজার ৬৪৪ টন কয়লা, যার মূল্য প্রায় ২৩০ কোটি টাকা, চুরি হয়েছে বলে তদন্তে উঠে এসেছে। এ ঘটনায় ১৯ কর্মকর্তার বিরুদ্ধে মামলা, চার শীর্ষ কর্মকর্তার দেশত্যাগে নিষেধাজ্ঞা এবং দুদকের তদন্ত শুরু হয়েছে; কয়লার সংকটে বড়পুকুরিয়া তাপবিদ্যুৎ কেন্দ্রও বন্ধ হয়ে গেছে।",18.18,2.67,15.58
news-43430104,জহিরুল ইসলামের বাড়ি বাংলাদেশের গাজীপুরে। উন্নত জীবনের আশায় ২০১৩ সালে তিনি সমুদ্র পথে পাড়ি জমান মালয়েশিয়ার উদ্দেশ্যে। কিন্তু গন্তব্যে পৌঁছানো হয় নি তার।,"দালালের মাধ্যমে বিদেশে কাজের আশায় এক কোটি টাকারও বেশি? Wait article says ১০ লক্ষেরও বেশি, not crore. Need careful. জহিরুল ইসলাম জমি বিক্রি ও ঋণ করে বিদেশে পাড়ি দিয়ে ইন্দোনেশিয়া ও অস্ট্রেলিয়া হয়ে পাপুয়া নিউ গিনির অভিবাসী শিবিরে আটক হন, যেখানে চার বছর ধরে কাজের সুযোগ ও পরিবারের সঙ্গে যোগাযোগহীন অবস্থায় আছেন। এই সময়ে তার বাবা মারা গেলেও তিনি দেরিতে খবর পান; এখন বাংলাদেশে ফেরত পাঠানোর আশঙ্কায় তিনি অন্য কোনো দেশে কাজের সুযোগ দিয়ে ঋণ শোধ ও পরিবারকে সহায়তা করার আবেদন জানাচ্ছেন।",9.52,0.0,5.71
news-38871861,"এক সমীক্ষায় দেখা গেছে , হাসপাতালে চিকিৎসা শেষ হওয়া সত্ত্বেও কিছু রোগীকে প্রায় এক বছর বা তারও বেশি ওই হাসপাতালেই কাটিয়ে দিতে হয়।","স্কটল্যান্ডে হাসপাতাল কর্তৃপক্ষের ছাড়পত্র না দেওয়ায় কিছু রোগী চিকিৎসা শেষ হওয়ার পরও দীর্ঘদিন হাসপাতালে থাকতে বাধ্য হয়েছেন; ডামফ্রিস অ্যান্ড গ্যালোওয়ের এক রোগী ৫০৮ দিন অপেক্ষা করেছেন। ২০১৩–২০১৬ সালের গবেষণায় বিভিন্ন এলাকায় ছয় মাস থেকে এক বছরেরও বেশি সময় রোগীদের আটকে থাকার তথ্য পাওয়া গেছে, যা ফার্স্ট মিনিস্টার নিকোলা স্টার্জন অগ্রহণযোগ্য বলে মন্তব্য করেছেন।",21.05,2.7,10.53
news-42408125,"বাংলাদেশের পররাষ্ট্রমন্ত্রী এএইচ মাহমুদ আলী জানিয়েছেন, মিয়ানমার থেকে পালিয়ে বাংলাদেশে আসা রোহিঙ্গাদের পুনর্বাসনের জন্য ঢাকা ও নেপিডোর মধ্যে জয়েন্ট ওয়ার্কিং গ্রুপ গঠন করা হয়েছে।","বাংলাদেশ ও মিয়ানমার রোহিঙ্গা প্রত্যাবাসনের জন্য ১৫ জন করে মোট ৩০ সদস্যের যৌথ ওয়ার্কিং গ্রুপ গঠন করেছে, যার নেতৃত্ব দেবেন দুই দেশের পররাষ্ট্র সচিব। কমিটি প্রত্যাবাসনের সময় ও পদ্ধতি নির্ধারণ করবে; তবে প্রত্যাবাসন শুরুর সময়সীমা ও প্রক্রিয়া নিয়ে এখনও বিস্তারিত চূড়ান্ত হয়নি।",18.18,6.25,15.15
news-41641674,"সারা দুনিয়ায় যে সব মেগাসিটিতে মেয়েদের সবচেয়ে বেশি যৌন সহিংসতার সম্মুখীন হতে হয়, তার ওপর করা একটি জরিপে দিল্লি ও সাও পাওলো যৌথভাবে শীর্ষস্থানে এসেছে।","রয়টার্সের জরিপ অনুযায়ী, ২০১৬ সালে দিল্লিতে ২,১৫৫টি ধর্ষণ মামলা নথিভুক্ত হয়, যা ২০১২ সালের তুলনায় ৬৭% বেশি এবং বিশ্বের বড় শহরগুলোর মধ্যে অন্যতম সর্বোচ্চ। রাস্তাঘাট, গণপরিবহন ও মেট্রোতে নিয়মিত যৌন হয়রানি সত্ত্বেও অপরাধীদের শাস্তির ভয় নেই; দুর্বল বিচারব্যবস্থা, নৈতিক অবক্ষয়, লিঙ্গ বৈষম্য ও অভিবাসী পুরুষের চাপকে এর প্রধান কারণ হিসেবে উল্লেখ করা হয়েছে।",12.66,0.0,7.59
news-49174198,"ঢাকায় এডিস মশা নিয়ন্ত্রণের কোন কার্যক্রমই নেই, ফলে ডেঙ্গু নিয়ে বর্তমান পরিস্থিতির তৈরি হয়েছে বলে মনে করছেন বিশেষজ্ঞরা।","ঢাকায় এডিস মশা নিয়ন্ত্রণে কার্যকর কর্মসূচি ও প্রশিক্ষিত দল নেই; প্রচলিত কীটনাশক ছিটানোর ব্যবস্থা মূলত কিউলেক্স মশার জন্য, এডিসের আবাসস্থল মানুষের বাড়িঘরে জমে থাকা পানি। বিশেষজ্ঞের মতে, কলকাতার মতো সারা বছর নজরদারি, ওয়ার্ডভিত্তিক বিশেষ দল, পরিবেশ ব্যবস্থাপনা, জনসচেতনতা ও প্রয়োজনে জরিমানাসহ সমন্বিত পদক্ষেপ নেওয়া জরুরি।",12.7,6.56,12.7
news-50367014,রাশিয়ার একজন সুপরিচিত ঐতিহাসিক তার প্রেমিকাকে হত্যা করার কথা স্বীকার করেছেন। ওই নারী তার সাবেক এক ছাত্রী ছিলেন।,নেপোলিয়ন-বিশেষজ্ঞ রুশ অধ্যাপক ওলেগ সোকোলফ তর্কের সময় তাঁর ২৪ বছর বয়সী ছাত্রী ও প্রেমিকা আনাস্তাসিয়া ইয়েশচেঙ্কোকে হত্যা করে দেহ করাত দিয়ে খণ্ডিত করার কথা স্বীকার করেছেন। নদীতে দেহের অংশ ফেলার সময় মাতাল অবস্থায় পড়ে গেলে পুলিশ তাঁকে উদ্ধার করে এবং তাঁর বাড়ি থেকে ইয়েশচেঙ্কোর দেহাংশ উদ্ধার করা হয়; বর্তমানে তিনি হাসপাতালে চিকিৎসাধীন ও পুলিশের সঙ্গে সহযোগিতা করছেন।,15.79,8.11,13.16
news-50172787,বাংলাদেশে বিপ্লব নামে এক ব্যক্তির ফেসবুক আইডি হ্যাক করে ইসলামের নবীকে নিয়ে অবমাননাসূচক পোস্ট দেয়া হ্যাকার কে ছিল - তা এখনো 'সুনির্দিষ্টভাবে চিহ্নিত করা যায়নি' বলে জানা গেছে।,"ভোলার বোরহানউদ্দিনে ধর্ম অবমাননাকর ফেসবুক পোস্টকে কেন্দ্র করে সহিংস বিক্ষোভে পুলিশের গুলিতে চারজন নিহত ও সংখ্যালঘুদের বাড়িঘর-মন্দিরে হামলা হয়। স্বরাষ্ট্রমন্ত্রী জানান, ফেসবুক হ্যাকার সম্পর্কে সুনির্দিষ্ট তথ্য না দিয়ে কিছু ধারণা দিয়েছে, তাই প্রকৃত অপরাধী শনাক্তের প্রক্রিয়া চলছে; এ ঘটনায় বিপ্লব চন্দ্র শুভসহ তিনজনকে গ্রেপ্তার করে রিমান্ডে নেওয়া হয়েছে। আন্দোলনকারীরা প্রকৃত দোষীকে চিহ্নিত করে আইনের আওতায় আনার দাবি জানিয়ে কর্মসূচি স্থগিত রেখেছেন।",11.24,0.0,8.99
news-46092714,ইরানের তেল খাতকে লক্ষ্য করে আমেরিকা আজ থেকে কঠোর অবরোধ আরোপ করতে যাচ্ছে। ইরানের প্রেসিডেন্ট হাসান রুহানি এ নিয়ে তীব্র প্রতিক্রিয়া দেখিয়েছেন।,"মার্কিন প্রেসিডেন্ট ডোনাল্ড ট্রাম্প ২০১৫ সালের পরমাণু চুক্তি থেকে বেরিয়ে যাওয়ার পর ইরানের ওপর একতরফাভাবে পুনরায় নিষেধাজ্ঞা আরোপ করেছেন, যার লক্ষ্য দেশটির তেল রপ্তানি ও সামগ্রিক বাণিজ্য বন্ধ করা। এতে ইরানের অর্থনীতি ও তেল রপ্তানি ক্ষতিগ্রস্ত হবে এবং ইরানের সঙ্গে ব্যবসা করা বিদেশি কোম্পানিগুলোও মার্কিন নিষেধাজ্ঞার ঝুঁকিতে পড়বে। নিষেধাজ্ঞা এড়াতে ইইউ বিশেষ আর্থিক লেনদেন ব্যবস্থা গড়ার উদ্যোগ নিয়েছে, আর ইরান রাশিয়া ও চীনের সঙ্গে বাণিজ্য বাড়ানোর চেষ্টা করছে।",15.56,0.0,6.67
news-43945802,আগামী চব্বিশ ঘণ্টায় দেশের বিভিন্ন এলাকায় আরও কালবৈশাখী ঝড়ের পূর্বাভাস দিয়েছে বাংলাদেশের আবহাওয়া অধিদপ্তর।,"ঢাকাসহ দেশের বিভিন্ন এলাকায় অন্ধকার, বজ্রগর্জন ও বৃষ্টি শুরু হয়েছে; আবহাওয়া অধিদপ্তর আগামী ২৪ ঘণ্টায় ঝড়, দমকা হাওয়া ও ভারী বর্ষণের পূর্বাভাস দিয়েছে। রাজশাহী, রংপুর, ঢাকা, খুলনা, বরিশাল, সিলেট ও নোয়াখালীসহ বহু এলাকায় ঘণ্টায় ৬০–৮০ কিলোমিটার বা তার বেশি গতির কালবৈশাখী ও শিলাবৃষ্টির আশঙ্কা রয়েছে। সাম্প্রতিক বজ্রপাতে রবিবার অন্তত ১৬ জন এবং গত এক মাসে ৫০ জনের বেশি মানুষ মারা গেছে।",26.32,10.81,13.16
news-52336713,করোনাভাইরাস প্রাদুর্ভাব নিয়ন্ত্রণে বাংলাদেশের সব জায়গায় সব ধরনের জনসমাগম - এমনকি ধর্মীয় জমায়েতও- নিষিদ্ধ করা করা হলেও শনিবার সকালে ব্রাহ্মণবাড়িয়ায় এক ধর্মীয় বক্তার শেষকৃত্যে হাজার হাজার মানুষের জমায়েতের ঘটনা ঘটেছে।,"ব্রাহ্মণবাড়িয়ার সরাইলে জনপ্রিয় ইসলামিক বক্তা ও মাদ্রাসা প্রতিষ্ঠাতা যোবায়ের আহমেদ আনসারীর জানাজায় হঠাৎ করে কয়েক হাজার মানুষ জড়ো হন। মাদ্রাসা কর্তৃপক্ষ সামাজিক দূরত্ব বজায় রাখার আশ্বাস দিলেও, সামাজিক মাধ্যমে মৃত্যুর খবর ছড়িয়ে পড়ার পর বিপুল জনসমাগম হওয়ায় পুলিশ তা নিয়ন্ত্রণ করতে পারেনি।",5.63,0.0,2.82
news-45094051,নিরাপদ সড়কের দাবীতে শিক্ষার্থীদের করা আন্দোলনের ফলেই সরকার দ্রুতগতিতে সড়ক পরিবহন আইন বাস্তবায়ন করতে উদ্যোগী হয়েছে বলে মনে করছেন রাজনৈতিক বিশ্লেষকরা।,"নিরাপদ সড়কের দাবিতে শিক্ষার্থীদের আন্দোলন সড়ক ও পরিবহন ব্যবস্থার নানা অনিয়ম স্পষ্ট করে এবং নতুন সড়ক পরিবহন আইনে লাইসেন্স, ট্যাক্স টোকেন, রোড পারমিট ও ফিটনেসের মতো বিষয়গুলোকে গুরুত্ব দেওয়া হয়। বিশ্লেষক নাসরীন সুলতানা বলেন, আইন কার্যকর করতে নাগরিকদের আইন মানার পাশাপাশি আইনপ্রণেতা ও আইনশৃঙ্খলা রক্ষাকারী সংস্থাকে পক্ষপাতহীনভাবে কাজ করতে হবে; তাঁর মতে, আন্দোলনটি সরকারকে দ্রুত পদক্ষেপ নিতে বাধ্য করেছে।",17.5,5.13,17.5
news-55130987,বাংলাদেশে কক্সবাজারের শরণার্থী শিবির থেকে পালিয়ে এসে ভারতের একটি ট্রেনে চেপে যাওয়ার সময় চোদ্দজন রোহিঙ্গা শরণার্থীর একটি বড় দল পুলিশের হাতে ধরা পড়েছে।,"আগরতলা থেকে দিল্লিগামী রাজধানী এক্সপ্রেসে ভুয়া পরিচয়ে ও বৈধ পরিচয়পত্র ছাড়া ভ্রমণরত ১৪ জন রোহিঙ্গাকে নিউ জলপাইগুড়ি স্টেশনে আটক করা হয়েছে; যাত্রীদের সঙ্গে বচসার পর রেল পুলিশ তাদের ধরে। তারা গত সপ্তাহে সীমান্ত পেরিয়ে ভারতে ঢুকে আগেই ব্যবস্থা করা টিকিটে ট্রেনে উঠেছিল বলে জানা গেছে, তবে কীভাবে নিরাপত্তা এড়িয়ে তারা প্রবেশ ও ট্রেনে উঠল তা এখনও স্পষ্ট নয়। বিশেষজ্ঞরা মনে করছেন, ত্রিপুরা সীমান্ত দিয়ে রোহিঙ্গাদের ভারতে প্রবেশের নতুন প্রবণতার পেছনে দালালচক্র কাজ করতে পারে, যা ভারতীয় নিরাপত্তা সংস্থাগুলোর উদ্বেগ বাড়িয়েছে।",3.88,0.0,3.88
news-53698361,করোনাভাইরাস মহামারির পর দীর্ঘ সময় ধরে স্থবির অবস্থায় ছিল বাংলাদেশের পর্যটন কেন্দ্রগুলো। কিন্তু এই কোরবানির ঈদে টানা কয়েকদিনের ছুটিতে বড় ধরনের জন সমাগম দেখা গেছে বেশ কয়েকটি স্পটে।,"সরকারিভাবে পর্যটনকেন্দ্র ও হোটেল-রিসোর্ট খোলার আগেই কক্সবাজারসহ বিভিন্ন পর্যটনস্থানে স্বাস্থ্যবিধি উপেক্ষা করে ব্যাপক ভিড় হওয়ায় স্থানীয়দের মধ্যে করোনা সংক্রমণের আশঙ্কা তৈরি হয়েছে। সরকার শিগগিরই পরিবহন, হোটেল, রেস্তোরাঁ ও পর্যটনকেন্দ্রের জন্য স্বাস্থ্যবিধির নির্দেশনা ও নজরদারির ব্যবস্থা করার কথা জানালেও ব্যবসায়ীরা বলছেন, নির্দেশনা দেরিতে আসায় তা বাস্তবায়ন কঠিন হবে।",0.0,0.0,0.0
news-50232261,চার মাসের শিশু সন্তানকে নিয়ে ঝালকাঠীর রাজাপুর থেকে স্বরূপকাঠী যাচ্ছিলেন প্রাথমিক বিদ্যালয়ের শিক্ষক জয়ন্তী বিশ্বাস। পথের মধ্যে বাসে হঠাৎ করে বাচ্চা কান্নাকাটি শুরু।,"জনসমাগমস্থল ও কর্মক্ষেত্রে বুকের দুধ খাওয়ানোর উপযুক্ত স্থান না থাকায় বাংলাদেশের মায়েরা সামাজিক অস্বস্তি, সমালোচনা ও নানা practical সমস্যার মুখোমুখি হন। এ সমস্যা সমাধানে হাইকোর্ট সরকারি ও স্বায়ত্তশাসিত প্রতিষ্ঠান, কর্মস্থল ও জনসমাগমস্থলে ব্রেস্টফিডিং কর্নার স্থাপনের নির্দেশনা দিয়েছে; মায়েরা এর পাশাপাশি নিরাপত্তা, রক্ষণাবেক্ষণ ও কর্মস্থলে শিশুর যত্নের সুবিধাও দাবি করছেন।",0.0,0.0,0.0
news-41751839,বাংলাদেশের পুলিশ দক্ষিণ-পশ্চিমাঞ্চলীয় জেলা মেহেরপুর থেকে ভারত থেকে 'পুশ-ব্যাক' হয়ে আসা একটি রোহিঙ্গা পরিবারকে আটক করেছে।,"মেহেরপুরের মুজিবনগরে ভারত থেকে গভীর রাতে ঠেলে দেওয়া হয়েছে বলে দাবি করা ছয় সদস্যের এক রোহিঙ্গা পরিবারকে পুলিশ নিরাপত্তা হেফাজতে নিয়েছে। এর আগে সাতক্ষীরা সীমান্তেও রোহিঙ্গাদের বাংলাদেশে ঠেলে দেওয়ার খবর প্রকাশিত হয়েছিল, তবে বিএসএফ এসব অভিযোগ অস্বীকার করে বলেছে তারা কোনো ধরনের পুশব্যাক করে না।",15.87,6.56,12.7
news-56460379,বাংলাদেশ সিভিল সার্ভিস -বিসিএস পরীক্ষায় যারা ঝরে যান তাদের বেশিরভাগের বিকল্প ক্যারিয়ার পরিকল্পনা না থাকায় এক পর্যায়ে হতাশাগ্রস্ত হয়ে পড়েন।,"বিসিএস পরীক্ষায় বিপুল প্রতিযোগিতার কারণে অনেক তরুণ দীর্ঘ সময় একমাত্র এর প্রস্তুতিতে ব্যয় করে ব্যর্থ হলে হতাশা ও ক্যারিয়ার-গ্যাপের সমস্যায় পড়েন। বিশেষজ্ঞরা তাই বিসিএসের পাশাপাশি বেসরকারি খাত, সম্ভাবনাময় শিল্প, উদ্যোক্তা হওয়া ও অন্যান্য পেশার জন্য দক্ষতা অর্জনের পরামর্শ দিয়েছেন।",13.33,3.45,13.33
news-44844781,বাংলাদেশে কোটা সংস্কার আন্দোলনকে কেন্দ্র করে শিক্ষক হেনস্থা ও শিক্ষার্থী লাঞ্ছনা ঘটনার প্রতিবাদে মানববন্ধন ও মিছিলের কর্মসূচি পালিত হয়েছে ঢাকা বিশ্ববিদ্যালয়ে।,"কোটা সংস্কার আন্দোলনকে কেন্দ্র করে ঢাকা বিশ্ববিদ্যালয়ে হামলা, হেনস্থা ও শিক্ষকদের হুমকির প্রতিবাদে শিক্ষার্থীরা মানববন্ধন, মিছিল ও বিক্ষোভ করে নিরাপদ ক্যাম্পাস, জড়িতদের শাস্তি এবং মতপ্রকাশের অধিকার নিশ্চিত করার দাবি জানিয়েছেন; অর্থনীতি বিভাগের শিক্ষার্থীরা ৭২ ঘণ্টার ক্লাস বর্জনের ডাকও দিয়েছে। বিশ্ববিদ্যালয় কর্তৃপক্ষ তদন্ত কমিটি গঠন, তিনজনকে সাময়িক বহিষ্কার ও নিরাপত্তা ব্যবস্থা নেওয়ার কথা জানিয়ে বলেছে, নতুন অভিযোগ পেলে আরও ব্যবস্থা নেওয়া হবে।",29.27,15.0,24.39
news-51672499,করোনাভাইরাসের উপস্থিতি এখন অ্যান্টার্কটিকা ছাড়া আর সব মহাদেশেই - এবং এই প্রথমবারের মতো চীনের বাইরে এটি দ্রুতগতিতে ছড়াতে শুরু করেছে।,"করোনাভাইরাসের বিস্তার ঠেকাতে বিভিন্ন দেশে গণপরিবহন ও কর্মস্থল জীবাণুমুক্ত করা, বড় জমায়েত ও ক্রীড়া অনুষ্ঠান স্থগিত, স্কুল বন্ধ এবং কর্মীদের বাড়ি থেকে কাজের ব্যবস্থা করা হচ্ছে। হাত ধোয়া, মুখ-নাক ঢেকে রাখা, আক্রান্তদের থেকে দূরে থাকা, রোগীদের আইসোলেশনে রাখা ও ভ্রমণকারীদের পরীক্ষা করার পরামর্শ দেওয়া হয়েছে। তবে বিশেষজ্ঞরা মনে করছেন, শহর অবরুদ্ধ বা কোয়ারেন্টিনের মতো ব্যবস্থা বিশ্বব্যাপী সংক্রমণ ছড়িয়ে পড়ার পর সীমিত কার্যকর এবং এতে জরুরি সেবা ব্যাহত হতে পারে।",6.74,0.0,6.74
news-43446969,নিদাহাস ট্রফির ফাইনাল ম্যাচে রোববার সন্ধ্যায় মুখোমুখি হচ্ছে বাংলাদেশ ও ভারত। শ্রীলংকার কলম্বোর প্রেমাদাসা স্টেডিয়ামে অনুষ্ঠিত হবে এই ম্যাচটি।,"বাংলাদেশ এখন পর্যন্ত কোনো বহুদলীয় সিরিজ বা টুর্নামেন্টের ফাইনালে জিততে পারেনি; ২০০৯, ২০১২, ২০১৬ ও সর্বশেষ ত্রিদেশীয় সিরিজের ফাইনালে তারা পরাজিত হয়েছে। ভারতের বিপক্ষেও ২০১৫ সালের পর বাংলাদেশ জয় পায়নি এবং চলতি টুর্নামেন্টে দুই ম্যাচে হেরেছে। কোচ নাজমুল আবেদীন ফাহিমের মতে, ভারতের টপ অর্ডার—বিশেষত শিখর ধাওয়ান ও রোহিত শর্মাকে দ্রুত আউট করা, নিজেদের ছন্দ ধরে রাখা এবং শুরুটা ভালো করাই জয়ের চাবিকাঠি।",7.32,0.0,4.88
news-40366438,"মাত্র কয়েকদিন আগেই কলকাতার জনপ্রিয় নায়ক জিৎ তার ফেসবুকে বলেছিলেন, ""আকাশে যতই মেঘ ঘনিয়ে আসুক না কেন সূর্য ওঠা কেউ আটকাতে পারে না।""","বাংলাদেশে যৌথ প্রযোজনার ‘বস টু’ ও ‘নবাব’ মুক্তি নিয়ে শিল্পীদের একাংশের আপত্তি, নিয়ম না মানার অভিযোগ ও পাল্টা সমর্থন ঘিরে বিতর্ক সৃষ্টি হয়েছে। তথ্য মন্ত্রণালয়ের প্রিভিউ কমিটি অভিযোগের সত্যতা না পাওয়ায় সিনেমা দুটিকে ছাড়পত্র দিয়েছে, ফলে ঈদে অধিকাংশ প্রেক্ষাগৃহে এগুলো প্রদর্শিত হওয়ায় দেশীয় চারটি সিনেমার মুক্তি পিছিয়ে গেছে।",5.63,0.0,5.63
news-51664932,করোনাভাইরাসের কারণে চীনের সাথে পণ্য আনা-নেয়া ব্যহত হওয়ায় দেশটির সঙ্গে বাংলাদেশের বাণিজ্যে ব্যাপক ক্ষতির আশংকা করা হচ্ছে।,"করোনাভাইরাসের কারণে চীনের সঙ্গে বাংলাদেশের আমদানি-রপ্তানি ব্যাহত হওয়ায় তৈরি পোশাক, চামড়া, ওষুধ, ইলেকট্রনিক্সসহ ১৪টি খাতে আর্থিক ক্ষতির আশঙ্কা দেখা দিয়েছে; বিশেষত কাঁচামাল ও যন্ত্রাংশের মজুদ ফুরিয়ে উৎপাদন ও সরবরাহ ঝুঁকিতে পড়েছে। বাংলাদেশ চীন থেকে বিপুল পরিমাণ পণ্য আমদানি করে এবং কিছু পণ্য রপ্তানি করায় স্থানীয় বাজারে নানা পণ্যের দামও বেড়েছে। তবে অর্থনীতিবিদেরা মনে করেন, বিকল্প আমদানি উৎস ও নতুন রপ্তানি বাজার খুঁজে নিলে এই সংকট বাংলাদেশের জন্য নতুন সুযোগ তৈরি করতে পারে।",17.58,6.74,13.19
news-43959920,"চট্টগ্রামে ইয়াবা বিক্রির দায়ে এক যুবকের বিরুদ্ধে মামলার পর, তার মা পাল্টা মামলা করেছেন সাতজন পুলিশের বিরুদ্ধে। তার অভিযোগ, টাকা চেয়ে না পেয়ে ছেলের পকেটে ইয়াবা ঢুকিয়ে ফাঁসানো হয়েছে ।","চট্টগ্রামের মেহেরুন্নিসা পাহাড়তলি থানার ওসিসহ সাত পুলিশ সদস্যের বিরুদ্ধে তার ছেলে মেহেদি হাসানকে আটক করে তিন লাখ টাকা দাবি এবং পকেটে ৪০টি ইয়াবা ঢুকিয়ে মিথ্যা মামলা দেওয়ার অভিযোগে আদালতে মামলা করেছেন। আদালত পুলিশ ব্যুরো অব ইনভেস্টিগেশনকে এক মাসের মধ্যে তদন্ত প্রতিবেদন দিতে নির্দেশ দিয়েছেন, যদিও পুলিশ দাবি করেছে মেহেদির বিরুদ্ধে ইয়াবা ব্যবসার পুরনো মামলা ও গ্রেপ্তারি পরোয়ানা ছিল। ইয়াবা চোরাচালান দমনের নামে পুলিশি হয়রানি ও টাকা আদায়ের অভিযোগ বাংলাদেশে নিয়মিত উঠলেও এসবের বিচার বিরল বলে সাংবাদিক ও সংশ্লিষ্টরা জানিয়েছেন।",22.22,5.66,11.11
news-49160596,আফ্রিকার দেশ ইথিওপিয়াতে একদিনে রোপণ করা হয়েছে ৩৫০ মিলিয়ন বা ৩৫ কোটি গাছ।,"ইথিওপিয়ায় জলবায়ু পরিবর্তন ও বন উজাড় মোকাবিলায় প্রধানমন্ত্রী আবি আহমেদের নেতৃত্বে সরকারি অফিস বন্ধ রেখে দেশজুড়ে বৃক্ষরোপণ কর্মসূচি চালানো হয়; ১২ ঘণ্টায় ৩৫ কোটি গাছ রোপণ এবং মোট ৪ বিলিয়ন স্থানীয় গাছ লাগানোর পরিকল্পনা রয়েছে। জাতিসংঘের হিসাবে দেশটির বনভূমি বিংশ শতকের শুরুতে ৩৫ শতাংশ থেকে ২০০০ সালের দিকে প্রায় ৪ শতাংশে নেমে গেছে, তবে সমালোচকেরা মনে করেন সরকার জনসাধারণের দৃষ্টি অন্য সমস্যা থেকে সরাতেই এই প্রচার চালাচ্ছে।",10.0,5.13,7.5
news-51928107,"চীনের উহানে করোনাভাইরাসের প্রাদুর্ভাব ব্যাপকভাবে ছড়িয়ে পড়েছিল জানুয়ারি মাসের গোড়াতে, আর তখন থেকেই আশংকা করা হচ্ছিল যে নতুন এই ভাইরাসের সংক্রমণ চীনের বাইরেও ছড়িয়ে পড়তে পারে।","বাংলাদেশে করোনাভাইরাস পরীক্ষা মূলত আক্রান্ত দেশফেরত ব্যক্তি ও তাঁদের সংস্পর্শে আসা মানুষের মধ্যে সীমাবদ্ধ ছিল; মঙ্গলবার পর্যন্ত ১০ জনের সংক্রমণ নিশ্চিত হয়। বিশেষজ্ঞরা অভিযোগ করেছেন, সরকার শুরু থেকেই সমন্বিত পরিকল্পনা, পর্যাপ্ত পরীক্ষার উপকরণ, হাসপাতাল ও চিকিৎসক সুরক্ষার ব্যবস্থা করেনি এবং বিমানবন্দর স্ক্রিনিং ও হোম কোয়ারেন্টিন কার্যকর ছিল না। তবে আইইডিসিআর দাবি করেছে, চীনে প্রাদুর্ভাব শুরুর পর থেকেই বাংলাদেশ প্রস্তুতি ও যাত্রী পর্যবেক্ষণের উদ্যোগ নিয়েছিল।",6.67,0.0,4.44
news-52482424,বলিউড অভিনেতা ঋষি কাপুর ৬৭ বছর বয়সে মারা গেছেন।,বলিউড অভিনেতা ঋষি কাপুর ৬৭ বছর বয়সে মারা গেছেন। ‘ববি’ সিনেমার মাধ্যমে নায়ক হিসেবে জনপ্রিয়তা পাওয়া ঋষি পরে চরিত্রাভিনেতা হিসেবেও সফল হন; ২০১৮ সালে ক্যান্সার ধরা পড়ার পর চিকিৎসাধীন ছিলেন এবং শ্বাসকষ্ট নিয়ে হাসপাতালে ভর্তি হওয়ার পর তার মৃত্যু হয়।,36.73,34.04,36.73
news-40179451,"একজন বামপন্থি রাজনীতিক হিসাবে যিনি ৩০ বছর সংসদের পেছনের আসনে থেকে গেছেন, বিতর্কিত নানা ইস্যু সমর্থন করেছেন, বিবেকের তাড়নায় হরহামেশা দলের বিরুদ্ধে ভোট দিয়েছেন, সেই জেরেমি করবিন ২০১৫ সালে দলের নেতা নির্বাচনে প্রার্থী হয়ে বিস্ময় তৈরি করেন।","জেরেমি করবিনের অপ্রত্যাশিতভাবে লেবার পার্টির নেতা নির্বাচিত হওয়ার পর দলটির বামপন্থি রাজনীতির পুনরুত্থান ঘটে এবং বিপুলসংখ্যক তরুণ সদস্য দলে যোগ দেন; এমপিদের বিদ্রোহ ও পদত্যাগের মধ্যেও তিনি পুনর্নির্বাচিত হন। সাধারণ জীবনযাপন ও দীর্ঘ রাজনৈতিক অভিজ্ঞতার অধিকারী করবিন টনি বেনের গণতান্ত্রিক সমাজতন্ত্রে অনুপ্রাণিত হয়ে শিক্ষা-স্বাস্থ্য খাতে বিনিয়োগ, রেলওয়ের রাষ্ট্রীয়করণ এবং বৈষম্য কমানোর পক্ষে প্রচার চালান।",10.87,0.0,6.52
news-48289766,"মার্কিন প্রেসিডেন্ট ডোনাল্ড ট্রাম্প দেশটির কম্পিউটার নেটওয়ার্ককে ""বিদেশি প্রতিপক্ষ"" থেকে রক্ষা করার জন্য জরুরি অবস্থা ঘোষণা করেছেন।","মার্কিন প্রেসিডেন্ট ডোনাল্ড ট্রাম্প বিদেশি টেলিকম সরঞ্জাম ব্যবহারকারী মার্কিন কোম্পানিগুলোর জন্য একটি নির্বাহী আদেশ জারি করেছেন, যার লক্ষ্য বিদেশি প্রতিপক্ষের সম্ভাব্য নিরাপত্তা ঝুঁকি থেকে দেশকে রক্ষা করা। নির্দিষ্ট কোনো প্রতিষ্ঠানের নাম না বললেও বিশেষজ্ঞরা মনে করছেন, আদেশটি মূলত চীনা টেলিকম জায়ান্ট হুয়াওয়েকে লক্ষ্য করে করা হয়েছে; তবে হুয়াওয়ে তাদের পণ্য নজরদারির ঝুঁকি তৈরি করে—এ অভিযোগ অস্বীকার করেছে।",24.0,8.22,18.67
news-57078355,জেরুসালেমে গত কয়েক সপ্তাহ ধরে কট্টর ইহুদি এবং ইসরায়েলি পুলিশের সাথে ফিলিস্তিনিদের যে ছোটখাটো সংঘাত চলছিল সোমবার তা বিপজ্জনক এক লড়াইয়ের রূপ নিয়েছে।,"আল-আকসা মসজিদ চত্বরে ইসরায়েলি পুলিশের অভিযানে তিন শতাধিক ফিলিস্তিনি আহত হওয়ার পর গাজা থেকে ইসরায়েলে রকেট হামলা শুরু হয়; জবাবে ইসরায়েলি বিমান হামলায় অন্তত ২৫ ফিলিস্তিনি, including নয় শিশু, নিহত হয়েছে এবং ইসরায়েলেও বহু মানুষ আহত হয়েছে। শেখ জারাহ থেকে ফিলিস্তিনি পরিবার উচ্ছেদ, রমজানে বিধিনিষেধ ও জেরুজালেম দিবসের মিছিলকে ঘিরে উত্তেজনা এ সংঘাতের প্রধান কারণ, আর যুক্তরাষ্ট্র, ইউরোপ, জাতিসংঘ ও মিশর পরিস্থিতি শান্ত করতে মধ্যস্থতার চেষ্টা করছে। সংকটটি ইসরায়েলের অভ্যন্তরীণ রাজনীতিতেও প্রভাব ফেলছে এবং নেতানিয়াহুর রাজনৈতিক অবস্থান শক্তিশালী করতে পারে।",5.77,1.96,3.85
news-47018347,"অনেক বছর বিদেশে কাটানোর পর স্থায়ী বসবাসের উদ্দেশ্য নিয়ে ২৯ বছর বয়সী বাসমা খালিফা ফিরেছিলেন মাতৃভূমি সৌদি আরবে। বিবিসিকে তিনি বলছিলেন, কিভাবে তাকে ছোট একটি ভুলের মাশুল দিতে হলো, যার কারণে তাকে আবার সৌদি আরব ছাড়তে হয়।",বাসমা খালিফা ২০১৮ সালে বিবিসির একটি ডকুমেন্টারির কাজ করতে সৌদি আরবে গেলে নারীবাদী কর্মীদের গ্রেপ্তার নিয়ে একটি প্রতিবেদন পড়ার কারণে কর্তৃপক্ষ তাকে দেশ ছাড়ার নির্দেশ দেয়। ভয় ও অনিশ্চয়তার মধ্যে তিনি মাত্র ছয় দিন পর লন্ডনে ফিরে যান; ঘটনাটি সৌদি সমাজে নারীদের সীমিত স্বাধীনতা ও ভিন্নমত দমনের বাস্তবতা তাকে উপলব্ধি করায়।,27.27,4.65,18.18
130801_pg_jamaat_registration_void,বাংলাদেশে ইসলামপন্থী রাজনৈতিক দল হিসেবে জামায়াতে ইসলামীর নিবন্ধন অবৈধ বলে ঘোষণা করেছে হাইকোর্ট।,"উচ্চ আদালত জামায়াতে ইসলামীর নির্বাচন কমিশনে রাজনৈতিক দল হিসেবে নিবন্ধন অবৈধ ও বাতিল ঘোষণা করেছে, ফলে রায় বহাল থাকলে দলটি আগামী জাতীয় সংসদ নির্বাচনে অংশ নিতে পারবে না এবং নির্বাচনী প্রতীক ও রাষ্ট্রীয় গণমাধ্যমে প্রচারের অধিকার হারাবে। জামায়াত রায়ের বিরুদ্ধে আপিল করে স্থগিতাদেশ চেয়েছে এবং প্রতিবাদে ১২ আগস্ট থেকে ৪৮ ঘণ্টার হরতাল ডেকেছে।",27.27,15.62,21.21
news-55998076,মিয়ানমারের রাজধানী নেপিডোতে নিষেধাজ্ঞা উপেক্ষা করে হাজার হাজার মানুষ বিক্ষোভ করার সময় পুলিশ তাদের ওপর রাবার বুলেট চালিয়েছে।,"মিয়ানমারে সামরিক অভ্যুত্থানের প্রতিবাদে চতুর্থ দিনের বিক্ষোভে পুলিশ জলকামান, কাঁদানে গ্যাস, রাবার বুলেট ও ফাঁকা গুলি ব্যবহার করেছে; এতে অন্তত দুজন গুরুতর আহত হয়েছে। নিষেধাজ্ঞা ও কারফিউ উপেক্ষা করে বিক্ষোভকারীরা অং সান সু চি ও এনএলডি নেতাদের মুক্তি এবং সামরিক শাসনের অবসান দাবি করছে, בעוד সেনাবাহিনী নির্বাচনে কারচুপির অভিযোগ তুলে এক বছরের জরুরি অবস্থা জারি করেছে ও নতুন নির্বাচনের প্রতিশ্রুতি দিয়েছে।",15.19,5.19,7.59
news-41386652,দক্ষিণ পূর্ব এশিয়ার অর্থনৈতিক জোটের এক যৌথ বিবৃতিতে রোহিঙ্গা সঙ্কট নিয়ে যে বক্তব্য এসেছে তাতে তীব্র আপত্তি তুলেছে মালয়েশিয়া।,"রোহিঙ্গা সংকট নিয়ে আসিয়ানের বিবৃতিতে রোহিঙ্গা মুসলিমদের ওপর নির্যাতনের উল্লেখ না থাকায় মালয়েশিয়া ক্ষুব্ধ হয়ে বিবৃতিটি থেকে নিজেদের প্রত্যাহার করেছে। দেশটির অভিযোগ, বিবৃতিতে মিয়ানমারের নিরাপত্তা বাহিনীর ওপর হামলার নিন্দা করা হলেও রোহিঙ্গাদের দুর্ভোগ উপেক্ষা করা হয়েছে; এ ঘটনায় আসিয়ান জোটের অভ্যন্তরীণ অসন্তোষ প্রকাশ পেয়েছে।",15.87,3.28,9.52
news-48117799,"বাংলাদেশের আবহাওয়া অধিদপ্তর বলছে, 'অতি প্রবল' ঘূর্ণিঝড় ফণী দক্ষিণ-পশ্চিম বঙ্গোপসাগর ও তৎসংলগ্ন এলাকায় অবস্থান করছে।","অতি প্রবল ঘূর্ণিঝড় ফণী চট্টগ্রাম থেকে ১,২৩৫ কিলোমিটার দক্ষিণ-পশ্চিমে অবস্থান করছিল এবং আরও ঘনীভূত হয়ে উত্তর বা উত্তর-পশ্চিম দিকে অগ্রসর হওয়ার সম্ভাবনা রয়েছে; বাংলাদেশের চার সমুদ্রবন্দরে ৪ নম্বর স্থানীয় সতর্কসংকেত জারি করা হয়েছে। শুক্রবার রাতে ওড়িশায় আঘাত হানার আশঙ্কায় লাখ লাখ মানুষকে সরিয়ে নেওয়া, ট্রেন চলাচল বন্ধ ও ব্যাপক প্রস্তুতি নেওয়া হয়েছে। ফণী ওড়িশা উপকূল অতিক্রমের পর ৪ মে বাংলাদেশে ভারী বৃষ্টিপাত হতে পারে বলে জানিয়ে দেশের ঘূর্ণিঝড় প্রস্তুতি কেন্দ্র ও স্বেচ্ছাসেবকদের সতর্ক করা হয়েছে।",19.15,6.52,14.89
news-41736132,"বাংলাদেশের স্বরাষ্ট্রমন্ত্রী বলেছেন, গত দু'মাসে বাংলাদেশে পালিয়ে আসা রোহিঙ্গাদের ফিরিয়ে নেওয়ার ব্যাপারে মিয়ানমার রাজি হয়েছে।","রোহিঙ্গা প্রত্যাবাসনের পদ্ধতি নির্ধারণে ৩০ নভেম্বরের মধ্যে দুই দেশের সমানসংখ্যক প্রতিনিধি নিয়ে যৌথ ওয়ার্কিং কমিটি গঠনের প্রস্তাব দিয়েছেন বাংলাদেশের স্বরাষ্ট্রমন্ত্রী আসাদুজ্জামান খান। তিনি রাখাইনে নির্যাতন বন্ধ, সীমান্তের মাইন অপসারণ এবং কফি আনান কমিশনের সুপারিশ বাস্তবায়নের দাবি জানিয়েছেন; মিয়ানমার এ বিষয়ে বাংলাদেশের গোয়েন্দা তথ্যও চেয়েছে।",10.0,3.45,10.0
news-52076761,"প্যাঙ্গোলিন নামে একটি প্রাণী, যেটিকে বাংলাদেশে অনেকে বনরুই বলে চেনেন, সেটিকেও এখন সন্দেহের চোখে দেখছেন বিজ্ঞানীরা। বলা হচ্ছে চীনের বাজারে চোরাই পথে নিয়ে গিয়ে বিক্রি করা এই প্রানীটির দেহে এমন একটি ভাইরাস পাওয়া গেছে যা কোভিড নাইনটিনের সাথে 'ঘনিষ্ঠভাবে সম্পর্কিত।'","প্যাঙ্গোলিনের আঁশ ও মাংসের ব্যাপক চাহিদার কারণে এটি অবৈধভাবে পাচার হয়, আর চীনে পাচার হওয়া মালয়ান প্যাঙ্গোলিনে মানুষের মহামারির সঙ্গে সম্পর্কিত দুই ধরনের করোনাভাইরাস শনাক্ত হয়েছে। বিজ্ঞানীরা মনে করেন, বাদুড়, প্যাঙ্গোলিন বা অন্য কোনো প্রাণীর মাধ্যমে ভাইরাসটি মানুষের মধ্যে ছড়িয়ে থাকতে পারে, তবে কোভিড-১৯-এর সরাসরি উৎস এখনো নিশ্চিত নয়। ভবিষ্যৎ মহামারির ঝুঁকি কমাতে বন্যপ্রাণীর বাজারে প্যাঙ্গোলিন বিক্রি নিষিদ্ধ ও অবৈধ পাচার বন্ধের আহ্বান জানানো হয়েছে।",11.21,0.0,5.61
news-44127020,ফিলিস্তিনিরা ইসরায়েলের সাথে গাজা সীমান্তে বিক্ষোভ করছে গত কয়েক সপ্তাহ ধরে।,"ইসরায়েল প্রতিষ্ঠা ও ১৯৪৮-৪৯ সালের আরব-ইসরায়েল যুদ্ধের সময় প্রায় সাড়ে সাত লাখ ফিলিস্তিনি বাস্তুচ্যুত হন, যা ফিলিস্তিনিদের কাছে ‘আল-নাকবা’ বা বিপর্যয় দিবসের সূচনা। বর্তমানে প্রায় ৫০ লাখ ফিলিস্তিনি শরণার্থী হিসেবে নিবন্ধিত এবং তারা নিজ ভূমিতে ফেরার অধিকার দাবি করে প্রতিবছর বিক্ষোভ করেন। এ বছরের বিক্ষোভে ইসরায়েলি বাহিনীর গুলিতে প্রায় ৬০ জন নিহত হয়েছে; ইসরায়েল শরণার্থীদের ফিরিয়ে নিলে ইহুদি রাষ্ট্রের চরিত্র বদলে যাবে বলে দাবি করলেও সংকট সমাধানে শান্তি আলোচনা স্থবির।",2.38,0.0,2.38
news-41008375,বাংলা চলচ্চিত্রের সদ্য প্রয়াত খ্যাতনামা নায়ক আব্দুর রাজ্জাকের প্রতি শ্রদ্ধা জানাচ্ছেন সর্বস্তরের মানুষ। এফডিসিতে শ্রদ্ধা জানানোর পর তাঁর মরদেহ এখন শহীদ মিনারে রাখা হয়েছে সর্বস্তরের জনসাধারণের শ্রদ্ধা জানানোর জন্য।,কিংবদন্তী অভিনেতা ‘নায়করাজ’ রাজ্জাক সোমবার সন্ধ্যা ৬টা ১৩ মিনিটে ঢাকার ইউনাইটেড হাসপাতালে মারা যান। তাঁর মরদেহ এফডিসি ও শহীদ মিনারে শ্রদ্ধা নিবেদনের পর গুলশানের আজাদ মসজিদে দ্বিতীয় জানাজা শেষে বনানী কবরস্থানে দাফন করা হবে। বাংলাদেশের চলচ্চিত্রে প্রায় পাঁচ দশকের অবদানের জন্য শিল্পীসমাজ ও ভক্তরা তাঁকে শ্রদ্ধা জানিয়েছেন এবং চলচ্চিত্র শিল্পী সমিতি তিন দিনের শোক ঘোষণা করেছে।,18.82,4.82,14.12
news-46680518,২০১৮ সালে গুরুত্বের নিরিখে তালিকাভুক্ত সবচেয়ে সাড়া জাগানো পরিসংখ্যান ছিল বিশ্বে প্লাস্টিক বর্জ্যের পরিমাণের হিসাব।,২০১৮ সালের সবচেয়ে আলোচিত পরিসংখ্যান হিসেবে রয়াল স্ট্যাটিসটিকাল সোসাইটি বিশ্বব্যাপী প্লাস্টিক ব্যবহারের ৯০.৫% বর্জ্যে পরিণত হওয়ার তথ্যকে নির্বাচিত করেছে। যুক্তরাজ্যে সৌরশক্তি থেকে ২৭.৮% বিদ্যুৎ উৎপাদন এবং প্লাস্টিক ব্যবহারের সঙ্গে যুক্ত “সিঙ্গল ইউস” শব্দটির জনপ্রিয়তাও উল্লেখযোগ্য পরিসংখ্যান হিসেবে উঠে এসেছে।,14.29,0.0,14.29
news-47274855,বাংলাদেশ জামায়াত ইসলামীর সংস্কার এবং ১৯৭১-এ স্বাধীনতার বিরোধিতা জন্যে ক্ষমা না চাওয়ায় গত শুক্রবার পদত্যাগ করেন দলটির অন্যতম নেতা ব্যারিস্টার আব্দুর রাজ্জাক।,"ব্যারিস্টার আব্দুর রাজ্জাকের পদত্যাগ ও আরও কয়েকজন নেতার সংস্কারপন্থী বক্তব্যের পর জামায়াতের অভ্যন্তরীণ মতভেদ প্রকাশ্যে এসেছে এবং দলটির সংস্কার নিয়ে নতুন করে আলোচনা শুরু হয়েছে। অধ্যাপক আলী রিয়াজের মতে, সংস্কার শুধু ১৯৭১ সালের ভূমিকার জন্য ক্ষমা চাওয়ায় সীমাবদ্ধ নয়; জামায়াতকে মওদুদীর আদর্শ থেকে সরে এসে মৌলিক আদর্শিক পরিবর্তন আনতে হবে, যা বর্তমান নেতৃত্ব গ্রহণ করবে কি না তা অনিশ্চিত।",24.39,2.5,9.76
news-42208251,"বিভিন্ন ধর্মের মানুষের সংখ্যার অনুপাতে ২০৫০ সালে ইউরোপের চেহারাটা কেমন দাঁড়াবে? মার্কিন গবেষণা সংস্থা 'পিউ রিসার্চ সেন্টার' অভিবাসনের হার বিবেচনায় এর যে নানা চিত্র দাঁড় করিয়েছে, তাতে দেখানো হচ্ছে, মুসলিমরা জনসংখ্যার বিরাট বৃদ্ধি ঘটবে বিভিন্ন দেশে।","পিউ রিসার্চ সেন্টারের পূর্বাভাস অনুযায়ী, অভিবাসন পুরোপুরি বন্ধ হলেও ইউরোপের মুসলিম জনসংখ্যা ২০১৬ সালের ৪.৯ শতাংশ থেকে ২০৫০ সালে ৭.৪ শতাংশে বাড়বে; মধ্যম ও উচ্চ অভিবাসনে তা যথাক্রমে ১০ শতাংশের বেশি ও ১৪ শতাংশের বেশি হতে পারে। উচ্চ অভিবাসন অব্যাহত থাকলে সুইডেনে মুসলিমদের হার প্রায় ৩০ শতাংশে এবং জার্মানিতে প্রায় ২০ শতাংশে পৌঁছাতে পারে; এ পরিস্থিতিতে জার্মানিতে মুসলিম জনসংখ্যা হবে প্রায় ১ কোটি ৭৫ লাখ। ২০১৬ সালে ৩০টি ইউরোপীয় দেশে মুসলিম জনসংখ্যা ছিল ২ কোটি ৫৭ লাখ, যার মধ্যে ফ্রান্স, জার্মানি ও যুক্তরাজ্যে সবচেয়ে বেশি মুসলিম বাস করত।",11.11,3.23,6.35
news-50060409,"অভিজিৎ বিনায়ক ব্যানার্জি, এসথার ডুফলো এবং মাইকেল ক্রেমারকে নোবেল দেয়ার ক্ষেত্রে যে বিষয়টি গুরুত্ব পেয়েছে সেটি হলো দারিদ্র বিমোচনে তাদের পরীক্ষানির্ভর গবেষণা পদ্ধতি।","অভিজিৎ ব্যানার্জি, এসথার ডুফলো ও মাইকেল ক্রেমার দারিদ্র বিমোচনে তত্ত্বের বদলে বাস্তবভিত্তিক পরীক্ষার মাধ্যমে কোন কর্মসূচি কার্যকর তা যাচাই করেছেন, যেমন শিক্ষা, স্বাস্থ্য ও জীবিকার ক্ষেত্রে প্রণোদনা ও সেবার নকশা পরীক্ষা। তাঁদের গবেষণা দারিদ্রের বিভিন্ন কারণকে ছোট ছোট অংশে বিশ্লেষণ করে নীতিনির্ধারণে নতুন দৃষ্টিভঙ্গি এনেছে এবং ব্র্যাকের ‘আলট্রা পুওর গ্রাজুয়েশন’ মডেলসহ বিভিন্ন কর্মসূচির কার্যকারিতা বহু দেশে পরীক্ষা করা হয়েছে। যদিও এ পদ্ধতির সীমাবদ্ধতা ও বিতর্ক রয়েছে, উন্নয়ন অর্থনীতিতে এর প্রভাবকে রয়্যাল সুইডিশ একাডেমি বিশেষভাবে স্বীকৃতি দিয়েছে।",20.2,6.19,16.16
news-51723093,পাকিস্তান সফরে যেতে অস্বীকৃতি জানানো বাংলাদেশ মুশফিকুর রহিমকে জিম্বাবোয়ের বিরুদ্ধে তৃতীয় ওয়ান ডে স্কোয়াড থেকে বাদ দেয়া হয়েছে। তবে বাংলাদেশ ক্রিকেট দলের প্রধান নির্বাচক মিনহাজুল আবেদীন নান্নু বলেছেন মুশফিকুর রহিমের ওপর পাকিস্তান সফরে চাপ সৃষ্টি করার জন্য এটা করা হয়নি।,"প্রধান নির্বাচক মিনহাজুল আবেদীন মুশফিকুর রহিমকে পাকিস্তান সফরে যেতে চাপ বা হুমকি দেওয়ার খবর অস্বীকার করে জানান, বৈঠকে শুধু তাঁর সিদ্ধান্ত নিশ্চিত করা হয়েছিল। মুশফিক পাকিস্তান সফরে না যাওয়ার কথা জানিয়েছেন; তাই সম্ভাব্য পাকিস্তান সফরকারী দলকে খেলানোর জন্য জিম্বাবুয়ের বিপক্ষে তৃতীয় ওয়ানডেতে তিনি থাকবেন না।",35.29,16.87,21.18
news-45619359,বাংলাদেশে কল্পিত ঘটনার ওপর ভিত্তি করে বিরোধীদলীয় নেতাকর্মীদের বিরুদ্ধে হাজার হাজার মামলা দায়ের করা হচ্ছে বলে অভিযোগ করা হয়েছে।,"বিএনপিঘনিষ্ঠ তিন আইনজীবী সারা দেশে দায়ের করা প্রায় ৪,০০০ ‘গায়েবী’ মামলার তদন্তে নিরপেক্ষ বিচারবিভাগীয় কমিশন গঠনের দাবিতে হাইকোর্টে রিট করেছেন। রিটে এসব মামলার সঙ্গে জড়িতদের বিরুদ্ধে ব্যবস্থা নেওয়ার নির্দেশনা চাওয়া হয়েছে এবং স্বরাষ্ট্র মন্ত্রণালয়ের সচিব, পুলিশের আইজিসহ নয়জনকে বিবাদী করা হয়েছে; সোমবার এর শুনানি হতে পারে।",15.15,6.25,12.12
news-47879821,"বাংলাদেশের কর্মকর্তারা বলছেন, দেশের গ্রামে-গঞ্জে, এমনকি ইউটিউবসহ সামাজিক নেটওয়র্কের মাধ্যমে কিছু বক্তা ওয়াজ মাহফিলে সাম্প্রদায়িকতা ও জঙ্গিবাদে উৎসাহ দিচ্ছেন।","স্বরাষ্ট্র মন্ত্রণালয় ওয়াজ মাহফিলে সাম্প্রদায়িকতা, জঙ্গিবাদ, নারী অধিকার ও রাষ্ট্রবিরোধী বিদ্বেষমূলক বক্তব্য ছড়ানোর অভিযোগে ১৫ জন বক্তাকে চিহ্নিত করে প্রশিক্ষণ, নিবন্ধন, নজরদারি ও প্রয়োজনে আইনগত ব্যবস্থা নেওয়াসহ ছয় দফা সুপারিশ করেছে। সরকার বলছে, এটি ওয়াজ নিয়ন্ত্রণ নয় বরং বিদ্বেষ রোধ ও মানোন্নয়নের উদ্যোগ; তবে ইসলামপন্থী সংগঠনগুলো ধর্ম প্রচারে বাধা হিসেবে এর প্রতিবাদ করেছে এবং ধর্মীয় নেতাদের সঙ্গে আলোচনার দাবি জানিয়েছে।",10.0,5.13,10.0
news-55226972,"এখন পর্যন্ত আমি যে প্রশ্নের মুখোমুখি হয়েছি সবচেয়ে বেশি সেটা হলো- ""মেসি নাকি রোনালদো, কে সর্বকালের সেরা?""","মেসি ও রোনালদো এক দশকের বেশি সময় ধরে বিশ্ব ফুটবলের সেরা দুই তারকা; ভিন্ন শৈলী ও ব্যক্তিত্ব সত্ত্বেও তাঁদের শৈশব, ফুটবলের প্রতি অদম্য আকাঙ্ক্ষা এবং সাফল্যের যাত্রায় অনেক মিল রয়েছে। দুজনেই অল্প বয়সে ঘর ছেড়ে বড় ক্লাবে যোগ দেন, নিজ নিজ দলে অসাধারণ অবদান রাখেন এবং বয়স ও পরিস্থিতির সঙ্গে নিজেদের খেলার ধরন বদলে সেরা খেলোয়াড়ে পরিণত হন। তাঁদের তীব্র প্রতিদ্বন্দ্বিতা ও একে অপরকে ছাড়িয়ে যাওয়ার প্রেরণা দুজনের সাফল্যকে আরও বাড়িয়ে তুলেছে।",8.99,0.0,6.74
news-49990577,শেখ হাসিনার বহুল আলোচিত ভারত সফরের শেষে ভারতের বেশ কয়েকটি প্রথম সারির সংবাদ মাধ্যম বিতর্কিত 'এনআরসি' বা জাতীয় নাগরিকপঞ্জীর প্রশ্নে ভারতকে আরও স্বচ্ছতা দেখানোর আহ্বান জানিয়েছে।,শেখ হাসিনার দিল্লি সফর নিয়ে ভারতীয় মিডিয়ার বিশ্লেষণে চুক্তির চেয়ে এনআরসি ইস্যুই বেশি গুরুত্ব পেয়েছে; সম্পাদকীয়গুলো বাংলাদেশকে আশ্বস্ত করতে ভারতের দ্বিচারিতা পরিহার ও তিস্তা চুক্তিতে অগ্রগতির আহ্বান জানিয়েছে। একই সঙ্গে বাংলাদেশের প্রতিরক্ষা ক্ষেত্রে চীনের উপস্থিতিকে বাস্তবতা হিসেবে মেনে নিয়ে তাকে কোনো পক্ষ বেছে নিতে বাধ্য না করে সম্পর্ক জোরদারে ভারতকে আরও কার্যকর পদক্ষেপ নেওয়ার পরামর্শ দেওয়া হয়েছে।,19.28,7.41,12.05
news-46769134,বাংলাদেশের নতুন সংসদে জেনারেল এরশাদের নেতৃত্বাধীন জাতীয় পার্টির বিরোধীদল হিসেবে দায়িত্ব পালনের এবারের সিদ্ধান্ত পরিবর্তন হবে না বলে দলটির নেতারা দাবি করেছেন।,"জাতীয় পার্টি আওয়ামী লীগ নেতৃত্বাধীন সরকারের সঙ্গে আলোচনা করে নতুন সংসদে মন্ত্রিত্ব না নিয়ে “নির্ভেজাল” বিরোধীদলের ভূমিকা পালনের সিদ্ধান্ত নিয়েছে। দলের চেয়ারম্যান এরশাদ নিজেকে বিরোধীদলীয় নেতা, জিএম কাদেরকে উপনেতা এবং মহাসচিব মসিউর রহমান রাঙ্গাকে চিফ হুইপ মনোনীত করেছেন। অতীতে সিদ্ধান্ত পরিবর্তনের কারণে দলের বিশ্বাসযোগ্যতা নিয়ে প্রশ্ন থাকলেও, বিএনপি সংসদ বর্জন করায় সরকার সংসদে বিরোধীদল রাখতে চায় এবং এ সিদ্ধান্ত টেকসই হতে পারে বলে বিশ্লেষকেরা মনে করছেন।",22.73,2.33,11.36
news-48659263,হংকংয়ে একটি বিতর্কিত প্রত্যর্পণ বা বন্দী ফেরত পাঠানোর বিলের বিরুদ্ধে চলা বিশালাকার বিক্ষোভের প্রতিচ্ছবি হয়ে উঠেছেন তিনি।,হংকংয়ের প্রত্যর্পণ বিল স্থায়ীভাবে বাতিলের দাবিতে ২৬ বছর বয়সী ল্যাম কা লো পুলিশের ঢালের সামনে ধ্যান করে ‘শিল্ড গার্ল’ হিসেবে পরিচিতি পান। বিল স্থগিত হলেও তিনি বিক্ষোভ চালিয়ে যাওয়ার আহ্বান জানিয়েছেন এবং সহিংসতার বিরোধিতা করে গ্রেপ্তার বিক্ষোভকারীদের মুক্তি ও সহিংসতাকে ‘দাঙ্গা’ হিসেবে শ্রেণিবদ্ধ না করার দাবি তুলেছেন।,6.25,0.0,6.25
news-54337731,বাংলাদেশে করোনাভাইরাসে আক্রান্ত হয়ে গত ২৪ ঘণ্টায় আরো ২৬ জনের মৃত্যু হয়েছে বলে স্বাস্থ্য অধিদপ্তর জানিয়েছে।,"গত ২৪ ঘণ্টায় বাংলাদেশে ১,৪৮৮ জন নতুন কোভিড-১৯ রোগী শনাক্ত ও ১,৬২৫ জন সুস্থ হয়েছেন; এ সময় ১২,৮৬৯টি নমুনা পরীক্ষা করা হয়েছে। দেশে মোট শনাক্ত রোগীর সংখ্যা ৩ লাখ ৬২ হাজার ৪৩, সুস্থ ২ লাখ ৭৩ হাজার ৬৯৮ এবং মৃতের সংখ্যা ৫ হাজার ২১৯ জনে দাঁড়িয়েছে।",15.15,6.25,12.12
news-42855963,পৃথিবীর সবচেয়ে ধনী টি২০ ক্রিকেট টুর্নামেন্ট ইন্ডিয়ান প্রিমিয়ার লিগ বা আইপিএলের খেলোয়াড় কেনার দু'দিনব্যাপি নিলাম রোববারে শেষ হয়েছে।,"আইপিএল নিলামে ১৭ বছর বয়সী নেপালি লেগ স্পিনার সন্দ্বীপ লামিচ্যানকে ২০ লাখ রুপির ভিত্তিমূল্যে দিল্লি ডেয়ারডেভিলস দলে নেওয়া সবচেয়ে বড় চমক হিসেবে দেখা হয়েছে; অনূর্ধ্ব-১৯ বিশ্বকাপে তার সাফল্যই তাকে আলোচনায় এনেছে। বিশ্লেষকদের মতে, আফগানিস্তানের রশিদ খান ও সন্দ্বীপের মতো তরুণদের উত্থানই এবারের নিলামের আসল গল্প, যেখানে ক্রিস গেইল, লাসিথ মালিঙ্গা, হাশিম আমলা, তামিম ইকবাল ও জো রুটের মতো তারকারা দল পাননি। সাকিব আল হাসান ও মুস্তাফিজুর রহমান নতুন দলে গেলেও দলগুলো অভিজ্ঞতার চেয়ে ম্যাচ জেতানোর সম্ভাবনা ও কার্যকারিতাকে বেশি গুরুত্ব দিয়েছে।",3.96,0.0,3.96
news-54446037,বাংলাদেশে ২০২০ সালের এইচএসসি ও সমমানের পরীক্ষা অনুষ্ঠিত হবে না বলে জানিয়েছেন শিক্ষামন্ত্রী দীপু মনি।,করোনাভাইরাস মহামারির কারণে ২০২০ সালের এইচএসসি ও সমমানের পরীক্ষা সরাসরি না নিয়ে জেএসসি ও এসএসসি পরীক্ষার ফলাফলের ভিত্তিতে শিক্ষার্থীদের মূল্যায়ন করা হবে। ফল নির্ধারণের নীতিমালা একটি পরামর্শক কমিটি ঠিক করবে এবং ডিসেম্বরের মধ্যে চূড়ান্ত ফল প্রকাশ করা হবে; এতে গত বছরের অকৃতকার্য ও বিভাগ পরিবর্তনকারী শিক্ষার্থীরাও অন্তর্ভুক্ত থাকবে।,25.4,16.39,22.22
news-43860687,"যুক্তরাজ্যে যে ব্যক্তি সবচেয়ে খারাপ ধরণের 'সুপার গনোরিয়ায়' আক্রান্ত হয়েছিলেন, তিনি অবশেষে সুস্থ হয়েছেন।","দক্ষিণ-পূর্ব এশিয়ায় অনিরাপদ যৌন সম্পর্কের পর যুক্তরাজ্যের এক ব্যক্তি বিশ্বের প্রথম অ্যান্টিবায়োটিক-প্রতিরোধী গনোরিয়ায় আক্রান্ত হন, যার দুটি প্রচলিত চিকিৎসা ব্যর্থ হলেও এরটাপেনেমে তিনি সুস্থ হন। যুক্তরাজ্যের স্বাস্থ্য কর্তৃপক্ষ তার সঙ্গীসহ অন্যদের মধ্যে সংক্রমণ ছড়িয়েছে কি না তা তদন্ত করছে, আর অস্ট্রেলিয়ায় একই ধরনের আরও দুটি ঘটনা পাওয়ায় ভবিষ্যৎ চিকিৎসা নিয়ে উদ্বেগ দেখা দিয়েছে। নেইসেরিয়া গনোরিয়া ব্যাকটেরিয়াজনিত এ রোগ অনিরাপদ যৌন সম্পর্কে ছড়ায় এবং যথাযথ চিকিৎসা না হলে বন্ধ্যত্বসহ নানা জটিলতা সৃষ্টি করতে পারে।",11.24,2.3,11.24
news-49047324,"বাংলাদেশের বরগুনায় চাঞ্চল্যকর রিফাত শরীফ হত্যা মামলায় গ্রেফতার আয়েশা সিদ্দিকা মিন্নির বাবা বলেছেন, পুলিশের তদন্তে তিনি আস্থা রাখতে পারছেন না।","নিহত রিফাত শরীফের স্ত্রী ও মামলার প্রধান সাক্ষী আয়েশা সিদ্দিকা মিন্নিকে ১২ ঘণ্টা জিজ্ঞাসাবাদের পর গ্রেফতার করা হয়েছে; তার বাবা অভিযোগ করেছেন, স্থানীয় রাজনৈতিক প্রভাবশালীরা তদন্ত প্রভাবিত করে মিন্নিকে উদ্দেশ্যমূলকভাবে টার্গেট করছেন। পুলিশ দাবি করেছে, তদন্তে মিন্নির জড়িত থাকার প্রমাণ পাওয়া গেছে এবং তিনি আদালতে স্বীকারোক্তিমূলক জবানবন্দি দিয়েছেন, যদিও এর বিষয়বস্তু প্রকাশ করা হয়নি।",21.62,2.78,16.22
news-56021000,মিয়ানমারের সেনা অভ্যুত্থানের নেতাদের উপর নিষেধাজ্ঞা আরোপের নির্বাহী আদেশকে অনুমোদন দিয়েছেন মার্কিন প্রেসিডেন্ট জো বাইডেন।,"মিয়ানমারে অং সান সু চির সরকার উৎখাত করে সামরিক বাহিনী ক্ষমতা নেওয়ার প্রতিবাদে লাখো মানুষ বিক্ষোভ করছে, আর নিরাপত্তা বাহিনীর দমন-পীড়নে ১৯ বছর বয়সী মিয়া ঠয়ে ঠয়ে খাইং গুলিবিদ্ধ হয়ে গুরুতর আহত হয়েছেন। বিক্ষোভ দমন ও গ্রেপ্তার অব্যাহত থাকায় প্রেসিডেন্ট জো বাইডেন সামরিক নেতা, তাদের পরিবার ও সংশ্লিষ্ট ব্যবসার বিরুদ্ধে নিষেধাজ্ঞা, রপ্তানি নিয়ন্ত্রণ এবং মার্কিন তহবিল জব্দের ঘোষণা দিয়েছেন; একই সঙ্গে সু চিসহ আটক বেসামরিক নেতাদের মুক্তি দাবি করেছেন।",16.47,4.82,7.06
news-55465016,যারা করোনাভাইরাসের টিকা নিতে অনিচ্ছা প্রকাশ করছে স্পেন তাদের নাম নিবন্ধন করছে।,"স্পেনের স্বাস্থ্য মন্ত্রণালয় টিকা নিতে অস্বীকৃতি জানানো ব্যক্তিদের নিবন্ধন করে তথ্য ইউরোপীয় ইউনিয়নের অংশীদারদের সঙ্গে শেয়ার করবে, তবে তা সাধারণ জনগণ বা চাকরিদাতাদের জন্য প্রকাশ করা হবে না এবং টিকাদান বাধ্যতামূলক নয়। দেশটিতে ফাইজারের টিকা দেওয়া শুরু হয়েছে, প্রায় ২৮ শতাংশ নাগরিক টিকা নিতে অনিচ্ছুক; একই সময়ে করোনায় মৃতের সংখ্যা ৫০ হাজার এবং আক্রান্ত ১৮ লাখ ছাড়িয়েছে।",11.59,2.99,8.7
news-38944781,"বাংলাদেশের পদ্মা সেতু নির্মাণে যে দুর্নীতির অভিযোগ নিয়ে বিগত বছরগুলোতে অনেক বিতর্ক হয়েছে, ক্যানাডার একটি আদালত সেই দুর্নীতির অভিযোগে দায়ের করা এক মামলা খারিজ করে দিয়েছে।","পদ্মা সেতু প্রকল্পে ঘুষের অভিযোগে এসএনসি-লাভালিনের তিন কর্মকর্তার বিরুদ্ধে করা মামলা কানাডার আদালত পাঁচ বছরের বেশি বিচার শেষে অনুমান, গুজব ও ভিত্তিহীন তথ্যের ওপর নির্ভরশীল বলে খারিজ করেছে। এ রায়ে বাংলাদেশের কর্মকর্তারা নিজেদের নির্দোষতা ও ষড়যন্ত্রের অভিযোগের সত্যতা প্রমাণিত হয়েছে বলে দাবি করেছেন, আর বিশ্বব্যাংকের অভিযোগ প্রমাণের আগেই অর্থায়ন বন্ধ করার সিদ্ধান্ত নিয়ে প্রশ্ন উঠেছে। অভিযোগের জেরে বিশ্বব্যাংক সরে দাঁড়ালেও বাংলাদেশ পরে নিজস্ব অর্থায়নে পদ্মা সেতুর নির্মাণ শুরু করে।",25.0,2.13,14.58
news-45521907,"বিশ্বে প্রতিবছর যত নারী আত্মহত্যা করেন, তার প্রতি দশজনের মধ্যে চারজনই ভারতীয় নারী।","ল্যান্সেটের বিশ্লেষণ অনুযায়ী, বিশ্বে নারীদের আত্মহত্যার ক্ষেত্রে ভারতীয় নারীদের অংশ ১৯৯০ সালের ২৫% থেকে ২০১৬ সালে ৩৬.৬%-এ বেড়েছে; তাঁদের অধিকাংশের বয়স ১৫–৪০ বছর। বিশ্লেষকরা এর জন্য পুরুষতান্ত্রিক সমাজে পরিবার, সমাজ ও কর্মক্ষেত্রের অতিরিক্ত চাপ, মানসিক স্বাস্থ্যসেবার অভাব এবং নারীদের ওপর আরোপিত বহু দায়িত্বকে দায়ী করেছেন। তবে একই সময়ে বয়সভিত্তিক হিসাবে ভারতীয় নারীদের আত্মহত্যার হার প্রতি লাখে ২৮ থেকে কমে ১৫ হয়েছে, এবং এ সংকট মোকাবিলায় আত্মহত্যা প্রতিরোধমূলক কার্যক্রমের প্রয়োজন রয়েছে।",9.3,0.0,4.65
news-39385439,১৯৭১ সালের ২৫শে মার্চ রাতে ঢাকায় পাকিস্তানি সেনাবাহিনীর অপারেশন সার্চ লাইট নামে পরিচালিত অভিযানে প্রায় ৫০ হাজার বাঙালিকে হত্যা করা হয়েছিল বলে দাবি করে বাংলাদেশ।,"বাংলাদেশ ১৯৭১ সালের পাকিস্তানি সেনা ও তাদের সহযোগীদের গণহত্যা স্মরণে এ বছর থেকে ২৫ মার্চকে রাষ্ট্রীয়ভাবে গণহত্যা দিবস হিসেবে পালন করছে; সরকারিভাবে ওই নয় মাসে প্রায় ৩০ লাখ বাঙালি নিহতের দাবি করা হয়। দিবসটির আন্তর্জাতিক স্বীকৃতির জন্য সরকার, গবেষক ও বিভিন্ন সংগঠন উদ্যোগ নিচ্ছে, তবে আন্তর্জাতিক রাজনীতি ও জাতিসংঘের সীমিত স্বীকৃতির কারণে এটি কঠিন বলে সংশ্লিষ্টরা মনে করছেন।",19.28,2.47,14.46
news-50470765,বাংলাদেশে শহর এলাকায় রাস্তাঘাটে নারীদের জন্য টয়লেটের ব্যবস্থা খুবই অপ্রতুল। কোন কোন জায়গায় টয়লেট থাকলেও বেশির ভাগ সময় সেগুলো একেবারেই ব্যবহারের অনুপযোগী।,"দীর্ঘ সময় প্রস্রাব বা পায়খানা চেপে রাখা এবং পানি না খাওয়ার প্রবণতায় বিশেষ করে নারীদের মূত্রনালির সংক্রমণ, কিডনিতে পাথর, ব্লাডার ফুলে যাওয়া ও কিডনির কার্যক্ষমতা কমে যাওয়ার মতো জটিলতা হতে পারে; পুরুষেরাও এতে আক্রান্ত হতে পারেন। কর্মস্থল, শিক্ষাপ্রতিষ্ঠান ও জনসমাগমস্থলে ব্যবহারযোগ্য টয়লেটের অভাব এ সমস্যার অন্যতম কারণ, তাই ব্যক্তিগত সচেতনতার পাশাপাশি এসব স্থানে পর্যাপ্ত ও কার্যকর টয়লেট নিশ্চিত করা জরুরি। প্রস্রাবে জ্বালাপোড়া, চুলকানি বা তলপেটে ব্যথা হলে, বিশেষত বারবার হলে, চিকিৎসকের পরামর্শ নিতে হবে।",8.33,0.0,6.25
news-52901281,ভারতের দক্ষিণাঞ্চলের রাজ্য কেরালাতে একটি অন্তঃসত্ত্বা হাতির মৃত্যুর ঘটনায় তীব্র সমালোচনা তৈরি হয়েছে। ধারণা করা হচ্ছে আনারসের ভেতরে বিস্ফোরক ভরে হাতিটিকে খাইয়ে দেয়া হয়েছিল।,কেরালার পালাক্কাড়ে বিস্ফোরক খাইয়ে আহত করা একটি ১৪–১৫ বছর বয়সী হাতি প্রচণ্ড যন্ত্রণায় তিন দিন ভেলিয়ার নদীতে দাঁড়িয়ে থাকার পর ২৭ মে মারা যায়। বন বিভাগের চিকিৎসার চেষ্টা ব্যর্থ হয়; ময়নাতদন্তে জানা যায় হাতিটি অন্তঃসত্ত্বা ছিল। ঘটনায় মামলা হয়েছে এবং জড়িতদের শনাক্তের চেষ্টা চলছে।,20.29,0.0,11.59
news-51772994,"বাংলাদেশের কর্মকর্তারা দাবি করেছেন, করোনাভাইরাস নিয়ে বিশ্বব্যাপী আতংকের মুখে বাংলাদেশে সরকারি হাসপাতালগুলোতে ১০ হাজার শয্যার ব্যবস্থা করাসহ প্রতিরোধ এবং চিকিৎসার পর্যাপ্ত ব্যবস্থা নেয়া হচ্ছে।","বাংলাদেশ বিশ্ব স্বাস্থ্য সংস্থার গাইডলাইন ও চীনের চিকিৎসাপদ্ধতি অনুসরণ করে করোনাভাইরাস প্রতিরোধ ও চিকিৎসার নীতিমালা তৈরি করেছে এবং সরকারি হাসপাতালগুলোতে প্রায় ১০ হাজার শয্যা, আইসোলেশন ইউনিট ও নির্দিষ্ট হাসপাতালের ব্যবস্থা করছে। তবে বিশেষজ্ঞরা আশঙ্কা করছেন, জেলা-উপজেলা পর্যায়ে ভেন্টিলেটর, অক্সিজেন মাপার যন্ত্র, আইসিইউ ও প্রশিক্ষিত চিকিৎসাকর্মীর ঘাটতির কারণে গুরুতর রোগীদের চিকিৎসা কঠিন হতে পারে; তাই প্রতিরোধ ও শনাক্তকরণ ব্যবস্থা জোরদারের ওপর তারা গুরুত্ব দিয়েছেন।",22.73,4.65,18.18
news-44707448,"বিশ্বকাপের শুরু থেকেই আলোচনায় ছিলেন তিন সুপারস্টার- লিওনেল মেসি, ক্রিশ্চিয়ানো রোনাল্ডো আর নেইমার।","মেক্সিকোর বিপক্ষে নেইমার গোল করে ও করিয়ে ব্রাজিলকে কোয়ার্টার ফাইনালে তুললেও, মাঠে অতিরঞ্জিতভাবে পড়ে গড়াগড়ি খাওয়া ও সময় নষ্টের অভিযোগে তিনি সমালোচিত হন। মেক্সিকো কোচ ও সাবেক তারকারা এ আচরণকে ফুটবলের জন্য লজ্জাজনক বললেও নেইমার দাবি করেন, লায়ুন ইচ্ছাকৃতভাবে তাঁর গোড়ালিতে পা রেখেছিলেন; ব্রাজিল কোচ তিতেও তাঁর পক্ষ নেন।",3.23,0.0,3.23
news-43821614,১০ জন ক্রিকেটারকে বাংলাদেশ ক্রিকেট বোর্ডের স্থায়ী চুক্তিতে রাখায় বিস্ময় প্রকাশ করেছেন বাংলাদেশের ক্রিকেট সংশ্লিষ্টরা।,"বিসিবি নতুন কেন্দ্রীয় চুক্তিতে ১০ জন ক্রিকেটারকে স্থায়ী ও ৩ জনকে অস্থায়ীভাবে রাখার সিদ্ধান্ত নিয়েছে; তাসকিন আহমেদ, সৌম্য সরকার, ইমরুল কায়েস, মোসাদ্দেক হোসেন, কামরুল ইসলাম রাব্বি ও শৃঙ্খলাজনিত কারণে সাব্বির রহমান বাদ পড়েছেন। মাশরাফি বাদ পড়া ক্রিকেটারদের পাশে থাকার কথা বললেও বিশ্লেষক ও ভক্তরা মনে করছেন, সরাসরি বাদ না দিয়ে গ্রেড কমানো বা তাদের বিশেষভাবে সহায়তা করা উচিত ছিল, কারণ কেন্দ্রীয় চুক্তি ও ঘরোয়া ক্রিকেটের কম বেতন খেলোয়াড়দের অনুপ্রেরণায় প্রভাব ফেলতে পারে।",11.49,4.71,9.2
news-56911044,"বাংলাদেশে ঢাকায় একটি বেসরকারি হাসপাতালে চিকিৎসাধীন বিএনপি চেয়ারপার্সন খালেদা জিয়া করোনাভাইরাস থেকে ভালভাবেই সেরে উঠছেন বলে তাঁর চিকিৎসকরা জানিয়েছেন। তবে চিকিৎসকরা বলেছেন, আর্থরাইটিস, ডায়াবেটিস সহ পুরনো সব জটিলে রোগের টেস্টের জন্য কয়েকদিন তাকে হাসপাতালে থাকতে হবে।","খালেদা জিয়ার সাম্প্রতিক সিটি স্ক্যানে ফুসফুসে কোনো সংক্রমণ পাওয়া যায়নি এবং তিনি কোভিড-১৯ থেকে সুস্থ হয়ে উঠছেন। তবে ডায়াবেটিস, আর্থরাইটিস ও চোখের সমস্যাসহ পুরোনো জটিলতার পরীক্ষা চলছে; ১০ সদস্যের মেডিকেল টিম সব রিপোর্ট পর্যালোচনা করে হাসপাতাল থেকে তার বাড়ি ফেরার সিদ্ধান্ত নেবে।",17.72,0.0,15.19
news-46890413,ব্রিটেনে পার্লামেন্টে বহুল আলোচিত ব্রেক্সিট ইস্যুতে শোচনীয় পরাজয় বরণ করেছেন প্রধানমন্ত্রী টেরিজা মে। ভোটাভুটিতে অংশ নেয়া নিয়ে আলোচনায় এসেছেন টিউলিপ সিদ্দিক।,"ব্রেক্সিট ভোটে অংশ নিতে ব্রিটিশ এমপি টিউলিপ সিদ্দিক চিকিৎসকদের পরামর্শের পরও সিজারিয়ান অস্ত্রোপচার কয়েক দিন পিছিয়ে দেন, কারণ সংসদে প্রক্সি ভোটের ব্যবস্থা নেই। তাঁর সিদ্ধান্ত যুক্তরাজ্যের সংসদীয় ব্যবস্থায় নারীবান্ধব নীতির অভাব ও মাতৃত্বকালীন এমপিদের অধিকার নিয়ে বিতর্ক সৃষ্টি করে; কেউ তাঁকে সমর্থন করলেও অনেকে মা ও শিশুর স্বাস্থ্য ঝুঁকিতে ফেলার সমালোচনা করেন।",13.7,2.82,10.96
news-51648836,বাংলাদেশে সকল পাবলিক বিশ্ববিদ্যালয়গুলোতে কেন্দ্রীয় ভর্তি পরীক্ষার সিদ্ধান্ত শেষ পর্যন্ত বাতিল করেছে বিশ্ববিদ্যালয় মঞ্জুরি কমিশন। তবে এখন এক ধরনের 'গুচ্ছ' পদ্ধতির পরীক্ষার কথা বলছে কমিশন। এক সংবাদ সম্মেলনে আজ এই সিদ্ধান্ত ঘোষণা করা হয়েছে। 'গুচ্ছ' পরীক্ষার পদ্ধতি কেমন হবে?,"কেন্দ্রীয় ভর্তি পরীক্ষা পদ্ধতি বাতিল করে দেশের ৪৬টি পাবলিক বিশ্ববিদ্যালয়কে বিজ্ঞান ও প্রযুক্তি, কৃষি, প্রকৌশল এবং সাধারণ—এই চারটি গুচ্ছে ভাগ করে ভর্তি পরীক্ষা নেওয়ার সিদ্ধান্ত হয়েছে। আবেদন অনলাইনে হবে এবং প্রশ্নপত্র, পরীক্ষা কেন্দ্র ও অন্যান্য নিয়ম সংশ্লিষ্ট গুচ্ছের বিশ্ববিদ্যালয়গুলো নির্ধারণ করবে; এ বিষয়ে পূর্ণাঙ্গ চিত্র মার্চের মাঝামাঝি জানা যাবে। বড় কয়েকটি বিশ্ববিদ্যালয় কেন্দ্রীয় পদ্ধতিতে অংশ নিতে অস্বীকৃতি জানানোয় ইউজিসি হতাশা প্রকাশ করেছে।",21.57,2.0,13.73
news-47908412,ইসরায়েলের একটি মহাকাশযান চাঁদে 'অবতরণ' করার আগেই দৃশ্যত: ইঞ্জিনের ত্রুটির জন্য চাঁদের মাটিতে আছড়ে পড়ে বিধ্বস্ত হয়েছে।,ইসরায়েলের বেসরকারি উদ্যোগে পরিচালিত প্রথম চন্দ্রাভিযান ‘বেয়ারশিট’ ছবি তোলা ও পরীক্ষা-নিরীক্ষার উদ্দেশ্যে পাঠানো হয়েছিল। চাঁদে সফট ল্যান্ডিংয়ের মাধ্যমে সফল হওয়ার লক্ষ্য থাকলেও অবতরণের আগে যানটি বিধ্বস্ত হয়; তবে এর আগে এটি চন্দ্রপৃষ্ঠের ছবি পৃথিবীতে পাঠাতে সক্ষম হয়। ১০ কোটি ডলারের এই কম খরচের মিশন ব্যর্থ হলেও ইসরায়েল ভবিষ্যতে আবার চেষ্টা করার প্রত্যয় জানিয়েছে।,11.27,0.0,8.45
news-56211985,কারাগারে থাকা অবস্থায় লেখক মুশতাক আহমেদের মৃত্যুর ঘটনায় শোক ও গভীর উদ্বেগ প্রকাশ করেছেন ও ই সি ডি ভুক্ত ১৩টি দেশের ঢাকাস্থ রাষ্ট্রদূতরা।,"ডিজিটাল নিরাপত্তা আইনে আটক লেখক মুশতাক আহমেদ কাশিমপুর কারাগারে অসুস্থ হয়ে হাসপাতালে নেওয়ার পর মারা যান; ময়নাতদন্তে দৃশ্যমান আঘাতের চিহ্ন পাওয়া যায়নি, তবে মৃত্যুর কারণ জানতে তদন্ত চলছে। যুক্তরাষ্ট্রসহ ১৩ দেশের কূটনীতিক, হিউম্যান রাইটস ওয়াচ এবং বামপন্থী ছাত্র সংগঠনগুলো স্বচ্ছ ও স্বাধীন তদন্তের দাবি জানিয়েছে; বিক্ষোভকারীরা ডিজিটাল নিরাপত্তা আইন বাতিল ও আটক ব্যক্তিদের মুক্তিও দাবি করেছেন।",20.25,2.6,12.66
news-54433318,হেপাটাইটিস সি ভাইরাস শনাক্ত এবং নিরাময় কৌশল আবিষ্কারের জন্য এই বছর চিকিৎসা শাস্ত্রে নোবেল পুরস্কার পেয়েছেন তিন বিজ্ঞানী যুক্তরাষ্ট্রের হার্ভি জে অল্টার ও চার্লস এম রাইস এবং ব্রিটিশ বিজ্ঞানী মাইকেল হগটন।,"হেপাটাইটিস সি দীর্ঘদিন উপসর্গহীন থেকে লিভার সিরোসিস ও ক্যান্সার ঘটাতে পারে এবং বাংলাদেশে আনুমানিক ১৬ লাখ মানুষ এতে আক্রান্ত; প্রধানত অনিরাপদ রক্ত সঞ্চালনের মাধ্যমে ভাইরাসটি ছড়ায়। প্রাথমিকভাবে শনাক্ত হলে মুখে খাওয়া ওষুধে ৮০–৯০ শতাংশ রোগী সুস্থ হতে পারেন, তবে চিকিৎসা ব্যয়বহুল এবং এখনো কোনো টিকা নেই—তাই নিরাপদ রক্ত সঞ্চালন, সতর্কতা ও নিয়মিত পরীক্ষা জরুরি।",16.09,2.35,11.49
news-48581148,ভারতের কাশ্মীরে এক চাঞ্চল্যকর শিশু ধর্ষণ এবং হত্যার মামলায় আদালত ছয়জনকে দোষী সাব্যস্ত করেছে।,"২০১৮ সালে কাঠুয়ার কাছে এক যাযাবর মুসলিম গুজ্জার পরিবারের আট বছরের শিশুকে ধর্ষণ ও হত্যার ঘটনায় আট হিন্দু পুরুষের বিরুদ্ধে মামলা হলে ভারতজুড়ে ব্যাপক ক্ষোভের সৃষ্টি হয়। অভিযোগ ছিল, গুজ্জার সম্প্রদায়কে ভয় দেখিয়ে উচ্ছেদের উদ্দেশ্যে অপরাধটি সংঘটিত হয়েছিল; মামলাটি ধর্মনিরপেক্ষতা ও সাংবিধানিক মূল্যবোধের প্রতীক হয়ে ওঠে এবং এর পর ১২ বছরের কম বয়সী শিশু ধর্ষণের জন্য মৃত্যুদণ্ডের বিধান করা হয়।",13.51,0.0,8.11
news-43685828,"অস্ট্রেলিয়া থেকে কাতার,কুয়েত ও সংযুক্ত আরব আমিরাতে নেয়া হচ্ছিলো হাজার হাজার ভেড়া।","পার্থ থেকে জাহাজে করে রপ্তানির পথে প্রায় ৬৪ হাজার ভেড়ার মধ্যে প্রচণ্ড গরম ও গাদাগাদি পরিবহনের কারণে প্রায় ২,৪০০টি মারা যায়। অস্ট্রেলিয়া সরকার ঘটনায় গভীর ক্ষোভ ও দুঃখ প্রকাশ করে প্রাণীকল্যাণ নিশ্চিত করার নির্দেশ দিয়েছে এবং পরিস্থিতির উন্নতি না হলে আরও ৬৫ হাজার ভেড়ার জাহাজীকরণ বন্ধ করার হুমকি দিয়েছে।",15.87,0.0,9.52
news-44105301,সম্প্রতি দেশের বিভিন্ন স্থান থেকে সাপ উদ্ধারের ঘটনা সবাইকে নতুন করে ভাবিয়ে তুলেছে।,"বর্ষায় আবাসস্থল ডুবে যাওয়ায় লোকালয়ে সাপের আনাগোনা বাড়ছে এবং বগুড়া, ভোলা, নওগাঁ ও কুমিল্লায় শত শত সাপের বাচ্চা উদ্ধারের পর স্থানীয়রা নির্বিচারে সেগুলো হত্যা করছে। বিশেষজ্ঞরা সতর্ক করেছেন, সাপ নিধনে জীববৈচিত্র্য ও ফসল ক্ষতিগ্রস্ত হবে, কারণ সাপ ইঁদুর নিয়ন্ত্রণে গুরুত্বপূর্ণ; তাই সাপ না মেরে বন বিভাগ বা প্রশিক্ষিত সাপুড়েকে খবর দিতে এবং বাড়িঘর পরিষ্কার-শুষ্ক রেখে সতর্ক চলাচল করতে বলা হয়েছে।",5.41,0.0,2.7
news-47118317,"বাংলাদেশ সৌদি আরবের সাথে এমন একটি সামরিক সহযোগিতা চুক্তি করতে চলেছে, যার ফলে প্রায় দু'হাজার বাংলাদেশী সৈন্য ইয়েমেন সীমান্তে মোতায়েন করা হবে।","বাংলাদেশ ও সৌদি আরবের প্রতিরক্ষা চুক্তি ১৪ ফেব্রুয়ারি রিয়াদে সই হওয়ার কথা, যার আওতায় বাংলাদেশের দুটি ব্যাটালিয়নের প্রায় ১,৮০০ সেনা সৌদি আরবে মোতায়েন হবে। তারা মূলত সীমান্তে প্রতিরক্ষামূলক দায়িত্ব পালন করবে বলে ধারণা করা হচ্ছে; এতে বাংলাদেশি সেনাদের বাস্তব যুদ্ধ-পরিস্থিতির অভিজ্ঞতা ও সৌদি-বাংলাদেশ সম্পর্ক বাড়তে পারে, তবে ইয়েমেন যুদ্ধে জড়িয়ে পড়লে বাংলাদেশের মধ্যপ্রাচ্যনীতির ভারসাম্য ক্ষতিগ্রস্ত হওয়ার আশঙ্কা রয়েছে।",26.19,2.44,19.05
news-49040555,ইন্টারন্যাশনাল ক্রিকেট কাউন্সিল বা আইসিসিতে জিম্বাবুয়ের সদস্যপদ স্থগিত করা হয়েছে।,"রাজনৈতিক হস্তক্ষেপ ঠেকাতে ব্যর্থতার অভিযোগে আইসিসি জিম্বাবুয়ের সদস্যপদ স্থগিত করেছে; দেশটির সরকার ক্রিকেট বোর্ড বহিষ্কার করে অন্তর্বর্তী কমিটি গঠন করেছিল। ফলে জিম্বাবুয়ে আপাতত কোনো আইসিসি আয়োজনে অংশ নিতে ও আর্থিক সহায়তা পেতে পারবে না, যার মধ্যে আসন্ন টি-টোয়েন্টি বিশ্বকাপের বাছাইপর্বও রয়েছে; অক্টোবরে সিদ্ধান্তটি পুনর্বিবেচনা করা হবে।",17.54,7.27,14.04
news-46186802,মানবাধিকার বিষয়ক আন্তর্জাতিক সংগঠন অ্যামনেস্টি ইন্টারন্যাশনাল মিয়ানমারের নেত্রী অং সান সু চি'কে দেওয়া তাদের সর্বোচ্চ সম্মাননা প্রত্যাহার করে নিয়েছে।,"রোহিঙ্গাদের ওপর মিয়ানমার সেনাবাহিনীর নিপীড়ন ও গণহত্যার সময় নৈতিক অবস্থান থেকে সরে গিয়ে সেনাবাহিনীকে রক্ষা এবং মানবাধিকার লঙ্ঘনে নীরব থাকার অভিযোগে অ্যামনেস্টি ইন্টারন্যাশনাল অং সান সু চিকে দেওয়া ‘অ্যাম্বাসাডর অব কনশেন্স’ সম্মাননা প্রত্যাহার করেছে। সংস্থাটি জানায়, তার সরকার মানবাধিকারকর্মী, সাংবাদিক ও শান্তিকর্মীদেরও হয়রানি ও কারাবন্দী করেছে; এর আগে কানাডা, অক্সফোর্ড ও গ্লাসগোসহ আরও কয়েকটি প্রতিষ্ঠান তার সম্মাননা বাতিল করেছে।",22.78,10.39,22.78
news-50064441,"মাত্র এক সপ্তাহেই পাল্টে গেছে সিরিয়ার যুদ্ধের চিত্র। এই সাত দিনে প্রেসিডেন্ট ডোনাল্ড ট্রাম্প তার স্বঘোষিত ""মহান এবং অতুলনীয় জ্ঞানের"" মাধ্যমে সিরিয়ার উত্তরাঞ্চল থেকে মার্কিন সেনা প্রত্যাহারের নির্দেশ দিয়েছেন।","যুক্তরাষ্ট্রের সেনা প্রত্যাহারের পর তুরস্ক উত্তর-পূর্ব সিরিয়ায় কুর্দি বাহিনীর বিরুদ্ধে অভিযান শুরু করলে কুর্দিরা দামেস্কের সঙ্গে চুক্তি করে এবং সিরিয়ার সরকারি বাহিনী সীমান্তবর্তী এলাকায় প্রবেশ করে। এতে আসাদ, রাশিয়া ও ইরানের অবস্থান শক্তিশালী হলেও কুর্দিদের হাতে আটক আইএস জঙ্গিদের পালিয়ে পুনরায় সন্ত্রাস ছড়ানোর আশঙ্কা বেড়েছে এবং বেসামরিক মানুষের দুর্ভোগ অব্যাহত রয়েছে।",9.88,2.53,4.94
news-54637809,সারা বিশ্বের সোশাল মিডিয়া থেকে এক লক্ষেরও বেশি নারীর ছবি সংগ্রহ করে সেগুলো দিয়ে ভুয়া নগ্ন ছবি তৈরি করা হচ্ছে এবং অনলাইনে তা শেয়ার করা হচ্ছে বলে এক রিপোর্টে জানা যাচ্ছে।,"এআই-চালিত ‘ডিপফেক বট’ ব্যবহার করে এক লাখেরও বেশি নারীর ছবি ডিজিটালি বিবস্ত্র করে টেলিগ্রাম ও সামাজিক যোগাযোগমাধ্যমে ছড়ানো হয়েছে, যার শিকার অনেকেই অপ্রাপ্তবয়স্ক। বিশেষজ্ঞরা সতর্ক করেছেন, এ ধরনের ভুয়া পর্নোগ্রাফি ক্ষতিগ্রস্তদের জীবনে গুরুতর প্রভাব ফেলছে এবং প্রচলিত আইন ও নিয়ন্ত্রণব্যবস্থা দ্রুত বিকাশমান প্রযুক্তি মোকাবিলায় যথেষ্ট নয়।",17.95,5.26,17.95
news-43720356,"২০১৪ সালে লন্ডনের মাইল এন্ডে নিজের অফিস কক্ষে বসে কাজ করার সময় একটি ইমেইল পান ইতিহাসবিদ কিম ওয়াগনার, যেখানে এক দম্পতি লিখেছেন যে তাদের কাছে কংকালের মাথার খুলি আছে। কিন্তু সেটি তারা বাড়িতে রাখতে চান না আর বুঝতেও পারছেন না তাদের কী করা উচিত।","কেন্টের একটি পাব থেকে পাওয়া খুলিটি গবেষণায় ১৮৫৭ সালের সিপাহী বিদ্রোহের নেতা ভারতীয় সৈনিক আলিম/আলম বেগের বলে শনাক্ত হয়েছে; নথি অনুযায়ী তিনি ব্রিটিশদের বিরুদ্ধে লড়াইয়ের পর ১৮৫৮ সালে মৃত্যুদণ্ডে নিহত হন। ইতিহাসবিদ ড. ওয়াগনার архив ও পারিবারিক চিঠিপত্র ঘেঁটে তাঁর পরিচয় অনুসন্ধান করছেন এবং খুলিটি যেন জাদুঘরে না থেকে সম্মানের সঙ্গে ভারতে ফিরিয়ে সমাহিত করা যায়, সে উদ্যোগ নিয়েছেন।",11.54,0.0,9.62
news-47108359,যুক্তরাষ্ট্রের একটি বিশ্ববিদ্যালয়ে ভর্তির জন্যে বিজ্ঞাপন দেওয়া হলো। অন্যান্য বিশ্ববিদ্যালয়ের মতোই সাধারণ একটি বিজ্ঞাপন। সেসব বিজ্ঞাপনে যা থাকে এই বিজ্ঞাপনেও আছে একই জিনিস।,"যুক্তরাষ্ট্রের অভ্যন্তরীণ নিরাপত্তা দপ্তর অবৈধ অভিবাসীদের ধরতে মিশিগানে ‘ইউনিভার্সিটি অব ফার্মিংটন’ নামে একটি ভুয়া বিশ্ববিদ্যালয় তৈরি করে, যার ওয়েবসাইট ও ফেসবুক পেজে সাজানো ছবি ও তথ্য ছিল। ফাঁদে পা দিয়ে ভর্তি হওয়া ১৩০ জনকে গ্রেফতার করা হয়েছে, যাদের ১২৯ জন ভারতীয়; ভারত সরকার তাদের কনস্যুলার প্রবেশাধিকার ও মুক্তির দাবি জানিয়েছে, তবে মার্কিন কর্মকর্তাদের অভিযোগ—তারা অবৈধ সুবিধা নেওয়ার বিষয়টি জানতেন।",4.82,0.0,4.82
news-47169630,গত কয়েকমাস ধরে আফ্রিকার দেশ বুরুন্ডির অনেক লেসবিয়ান বা সমকামী তরুণীর সঙ্গে কথা বলেছে বিবিসি।,"সমকামিতা অপরাধ হওয়ায় বুরুন্ডির সমকামী ও উভকামী নারীরা সামাজিক মাধ্যম, গোপন সংকেত ও শরীরী ভাষার মাধ্যমে একে অপরের সঙ্গে যোগাযোগ ও পরিচয় গড়ে তোলেন। নেলা, নিয়া ও লেইলার অভিজ্ঞতায় দেখা যায়, ইন্টারনেট তাদের যৌন পরিচয় বুঝতে, সমমনাদের খুঁজে পেতে এবং গোপন সম্পর্ক বজায় রাখতে সহায়তা করেছে। ২০০৯ সালের আইনে সমকামিতার জন্য কারাদণ্ড ও জরিমানার বিধান থাকলেও বুরুন্ডিতে তাদের ছোট, সক্রিয় একটি গোপন সম্প্রদায় গড়ে উঠেছে।",7.5,0.0,7.5
news-43608669,সবচেয়ে কম বয়সে নোবেল বিজয়ী মালালা ইউসুফজাই পাকিস্তানের সোয়াতে নিজ বাড়িতে ফেরার পর প্রতিটি মুহুর্তে তাঁকে আবেগ তাড়া করছে।,প্রায় সাড়ে পাঁচ বছর পর তালেবান হামলায় আহত মালালা ইউসুফজাই কঠোর নিরাপত্তায় বাবা-মাসহ পাকিস্তানের সোয়াত উপত্যকার নিজ বাড়িতে ফিরেছেন; দেশের অধিকাংশ মানুষ তাঁর প্রত্যাবর্তনে আনন্দিত হলেও লাহোরে কিছু মানুষ তাঁর বিরুদ্ধে বিক্ষোভ করেছে। মালালা দেশে স্থায়ীভাবে ফেরার ইচ্ছা প্রকাশ করে শিশু ও নারীদের শিক্ষার অধিকার নিয়ে কাজ চালিয়ে যাওয়ার কথা বলেছেন।,19.72,5.8,16.9
news-49932948,ভারতের ত্রিপুরা রাজ্যের ক্ষমতাসীন বিজেপি সরকার আগরতলা এবং ঢাকার মধ্যে সরাসরি ফ্লাইট চেয়েছে যদিও এই দুই শহরের দূরত্ব মাত্র ১৩০ কিলোমিটার।,"ত্রিপুরার মুখ্যমন্ত্রী বিপ্লব কুমার দেব দিল্লিতে বাংলাদেশের প্রধানমন্ত্রী শেখ হাসিনার সঙ্গে আগরতলা-ঢাকা সরাসরি বিমান যোগাযোগ চালুর সম্ভাবনা নিয়ে আলোচনা করেছেন, যা শেখ হাসিনা ইতিবাচকভাবে গ্রহণ করেছেন। এ উদ্যোগের পাশাপাশি ঢাকা ও চট্টগ্রামের সঙ্গে ভারতের উত্তর-পূর্বাঞ্চলীয় শহরগুলোর সরাসরি বিমান যোগাযোগ স্থাপনের বিষয়টি দুই দেশের আসন্ন যৌথ ঘোষণায় থাকার সম্ভাবনা রয়েছে।",11.11,0.0,8.33
news-55784492,"নেদারল্যান্ডসের পুলিশ দাবি করছে যে তারা এক ব্যক্তিকে আটক করেছেন, যিনি বিশ্বের সবচেয়ে বড় মাদক পাচারকারী দলগুলোর একটির প্রধান।","অস্ট্রেলিয়ার পরোয়ানায় এশিয়ার অন্যতম কুখ্যাত মাদকচক্র ‘দ্য কোম্পানি’ বা স্যাম গোর সিন্ডিকেটের প্রধান সে চি লপকে আমস্টারডামের শিপোল বিমানবন্দর থেকে গ্রেফতার করা হয়েছে। অস্ট্রেলিয়ার পুলিশের দাবি, সিন্ডিকেটটি এশিয়ার প্রায় ৭০% মাদক ব্যবসা নিয়ন্ত্রণ করে এবং তাকে প্রত্যর্পণের আবেদন করা হবে; তাকে ধরতে বিভিন্ন দেশের প্রায় ২০টি সংস্থা এক দশক ধরে কাজ করেছে।",11.27,0.0,5.63
news-47704274,তৎকালীন পূর্ব পাকিস্তানে তখন তুমুল অসহযোগ আন্দোলন চলছিলো ১৯৭০ সালের নির্বাচনে জয়ী আওয়ামী লীগ নেতা শেখ মুজিবুর রহমানের ডাকে।,"২৫ মার্চ রাতে পাকিস্তানি বাহিনীর সামরিক অভিযান শুরুর পর ২৬ মার্চের প্রথম প্রহরে গ্রেপ্তারের আগে শেখ মুজিবুর রহমান তারবার্তার মাধ্যমে বাংলাদেশের স্বাধীনতা ঘোষণা করেন, যা ইপিআর ট্রান্সমিটারের মাধ্যমে ছড়িয়ে পড়ে এবং পরে চট্টগ্রামের বেতারকেন্দ্র থেকে প্রচারিত হয়। ১০ এপ্রিলের স্বাধীনতার ঘোষণাপত্র, সরকারি দলিলপত্র ও দেশি-বিদেশি সংবাদমাধ্যমের প্রতিবেদনগুলোতে এই ঘোষণার উল্লেখ রয়েছে; ২৭ মার্চের মধ্যেই বিশ্বের বহু পত্রিকা ও সংবাদ সংস্থা শেখ মুজিবের স্বাধীনতা ঘোষণা ও আটকের খবর প্রকাশ করে।",4.49,2.3,4.49
news-50892935,"ইরাকে ইসলামিক স্টেট যে আবার নতুন করে সংগঠিত হচ্ছে, তার জোরালো ইঙ্গিত পাওয়া যাচ্ছে।","ইরাকে পরাজয়ের দুই বছর পর ইসলামিক স্টেট (আইএস) আবার সংগঠিত হয়ে হামলা বাড়াচ্ছে; কুর্দি গোয়েন্দাদের মতে, দেশটিতে তাদের প্রায় ১০ হাজার সদস্য রয়েছে, যার অর্ধেক যোদ্ধা। হামরিনের দুর্গম পাহাড়ে ঘাঁটি গেড়ে আইএস এখন ভূখণ্ড দখলের বদলে আন্ডারগ্রাউন্ড বিদ্রোহী তৎপরতা চালাচ্ছে, আর ইরাকের অস্থিরতা তাদের শক্তি বাড়াতে পারে। তবে ২০১৪ সালের তুলনায় ইরাকি ও কুর্দি বাহিনী বর্তমানে বেশি সুসজ্জিত ও প্রতিরোধে সক্ষম।",13.33,2.74,13.33
news-47480237,"কিংবদন্তী গায়ক মাইকেল জ্যাকসনের বিরুদ্ধে যৌন হয়রানির যে অভিযোগ তোলা হয়েছে, তাকে 'চূড়ান্ত রকমের বিশ্বাসঘাতকতা' বলে উল্লেখ করেছেন তাঁর ভাইয়ের ছেলে তাজ জ্যাকসন।","‘লিভিং নেভারল্যান্ড’ তথ্যচিত্রে ওয়েড রবসন ও জেমস সেফচাক শৈশবে মাইকেল জ্যাকসনের বিরুদ্ধে বারবার যৌন নিপীড়নের অভিযোগ করেছেন। জ্যাকসনের ভাতিজা তাজ জ্যাকসন অভিযোগগুলোকে বেদনাদায়ক ও একপেশে বলে নাকচ করে দাবি করেন, সত্য একদিন প্রকাশ পাবে এবং তথ্যচিত্রটির প্রভাব সাময়িক হবে; তবে এটি জ্যাকসনের পরিবারের ওপর, বিশেষ করে তাঁর ছোট ছেলের ওপর, গভীর প্রভাব ফেলেছে।",26.32,8.11,21.05
news-44672333,"উরুগুয়ে কোচ অস্কার তাবারেজ বলেছেন, পর্তুগালের বিপক্ষে ম্যাচে এডিনসন কাভানির খুঁড়িয়ে মাঠ ছাড়ার দৃশ্য তাঁকে ""দুশ্চিন্তায় ফেলেছে""।","উরুগুয়ে পর্তুগালকে ২-১ গোলে হারিয়ে কোয়ার্টার ফাইনালে উঠেছে, যেখানে এদিন দলের দুই গোলই করেন এডিনসন কাভানি। তবে ম্যাচের শেষ দিকে উরুর পেশিতে চোট পেয়ে মাঠ ছাড়েন তিনি, ফলে শুক্রবার ফ্রান্সের বিপক্ষে তাঁর খেলা অনিশ্চিত; কাভানি চোটটি সামান্য হবে বলে আশা করছেন।",13.56,0.0,10.17
news-54969744,বাংলাদেশের জাতীয় দলের ক্রিকেটার সাকিব আল হাসানকে হত্যার হুমকি দেয়ার অভিযোগে এক ব্যক্তিকে গ্রেপ্তার করেছে র‍্যাব।,সাকিব আল হাসানকে রামদা উঁচিয়ে হত্যার হুমকি ও গালিগালাজের ভিডিও ভাইরাল হওয়ার পর সিলেটের জালালাবাদ থানায় মামলা হয়। র‍্যাব-৯ দক্ষিণ সুনামগঞ্জ থেকে অভিযুক্ত মহসিন তালুকদারকে আটক করেছে; কলকাতায় কালীপূজার অনুষ্ঠানে সাকিবের অংশগ্রহণ নিয়ে বিতর্কের মধ্যেই তিনি ভক্তদের কাছে ক্ষমা চেয়েছেন।,27.12,14.04,23.73
news-51976913,"“আপনি ঘর থেকে বেরিয়ে যান, দরোজা বন্ধ রাখুন। এবং কিছুক্ষণের মধ্যে জীবাণুনাশকের কাজ শুরু হবে।“ ইংরেজিতে এই কথাগুলো বলছে একটা রোবট।","ডেনমার্কের ইউভিডি রোবটসের তৈরি ইউভি-সি রোবট হাসপাতালের ওয়ার্ডে ১০–২০ মিনিটে ব্যাকটেরিয়া, ভাইরাস ও অন্যান্য জীবাণু ধ্বংস করে, ফলে করোনাভাইরাস মহামারির পর এর চাহিদা ও উৎপাদন ব্যাপক বেড়েছে। তবে ইউভি-সি রশ্মি মানুষের জন্য ক্ষতিকর হওয়ায় রোবট চলার সময় ঘরে কেউ থাকতে পারে না, এবং করোনাভাইরাস ধ্বংসে এর কার্যকারিতা এখনও আলাদাভাবে পরীক্ষা করা হয়নি।",5.26,0.0,2.63
news-50218667,সব ধরনের ক্রিকেট থেকে বাংলাদেশের অধিনায়ক সাকিব আল হাসানকে দুই বছরের জন্য নিষিদ্ধ করেছে আন্তর্জাতিক ক্রিকেট কাউন্সিল আইসিসি।,"দুর্নীতির প্রস্তাব পাওয়ার পর তা আইসিসির অ্যান্টি-করাপশন ইউনিটকে না জানানোর অভিযোগ স্বীকার করায় সাকিব আল হাসানকে সব ধরনের ক্রিকেট থেকে দুই বছরের জন্য নিষিদ্ধ করেছে আইসিসি। এর মধ্যে এক বছর স্থগিত নিষেধাজ্ঞা; শর্ত মানলে তিনি ২০২০ সালের ২৯ অক্টোবর থেকে খেলায় ফিরতে পারবেন, তবে এই সিদ্ধান্তের বিরুদ্ধে আপিলের সুযোগ নেই।",37.68,26.87,28.99
news-50077403,১৯৭৯ সালে পাকিস্তানী বিজ্ঞানী আবদুস সালাম পদার্থবিদ্যায় নোবেল জিতেছিলেন।,"নেটফ্লিক্স অধ্যাপক আবদুস সালামকে নিয়ে নির্মিত ডকুমেন্টারিতে তাঁর পদার্থবিজ্ঞানে অবদান, ধর্মবিশ্বাস ও জাতীয়তার দিকগুলো তুলে ধরেছে; দুর্বল ও তড়িৎচৌম্বকীয় মিথস্ক্রিয়ার তত্ত্বে অবদানের জন্য তিনি নোবেল পান, যা পরবর্তীতে হিগস বোসন আবিষ্কারের ভিত্তি তৈরি করে। প্রথম পাকিস্তানি নোবেলজয়ী ও প্রথম মুসলিম বিজ্ঞানী হিসেবে খ্যাতি পেলেও আহমদিয়া হওয়ায় পাকিস্তানে তিনি বৈষম্য ও বিস্মৃতির শিকার হন, তবু দেশের বিজ্ঞান ও প্রযুক্তির উন্নয়নে আজীবন অবদান রাখেন।",8.45,0.0,5.63
news-45950895,"তুরস্কের প্রেসিডেন্ট রেচেপ তায়েপ এরদোয়ান বলেছেন, তার কাছে জোরালো প্রমাণ রয়েছে যে ইস্তাম্বুলের সৌদি কনস্যুলেটের ভেতর সৌদি সাংবাদিক জামাল খাসোগজির মৃত্যু কোন দুর্ঘটনা নয়, বরং এক পরিকল্পিত অপারেশনের মাধ্যমেই তাকে নৃশংসভাবে হত্যা করা হয়েছে।","তুরস্কের প্রেসিডেন্ট রجب তাইয়্যেপ এরদোয়ান বলেছেন, সাংবাদিক জামাল খাসোগজিকে পূর্বপরিকল্পিতভাবে হত্যা করা হয়েছে এবং তার মৃতদেহ ও হত্যার নির্দেশদাতা সম্পর্কে সৌদি আরবকে জবাব দিতে হবে। তিনি জানান, ১৫ জন সৌদি নাগরিকের একটি দল হত্যার আগে ইস্তাম্বুলে আসে এবং সৌদি আরব ১৮ জনকে গ্রেফতার করেছে; তবে ভাষণে প্রত্যাশিত অডিও-ভিডিও বা অন্যান্য প্রমাণ প্রকাশ করেননি।",29.55,11.63,20.45
news-50572600,ভারত সফরে এসে ভিসা শেষ হয়ে যাওয়ায় জরিমানা দিতে হয়েছে বাংলাদেশ ক্রিকেট দলের সদস্য সাইফ হাসানকে।,বাংলাদেশি ক্রিকেটার সাইফ হাসান তার ভারতীয় ভিসার মেয়াদ দুই দিন আগে শেষ হয়ে যাওয়ায় দলের সঙ্গে দেশে ফিরতে পারেননি এবং কলকাতায় থেকে যান। বাংলাদেশ উপদূতাবাসের সহায়তায় ৩০০ ডলার জরিমানা দিয়ে তিনি এক্সিট পারমিট পেয়েছেন এবং বুধবার ঢাকায় রওনা হচ্ছেন; তাকে বিমানবন্দরে আটকানো হয়নি।,23.73,7.02,13.56
news-48101482,"সোমবার রাতে ঢাকার গুলিস্তানে ককটেল বিস্ফোরণে তিন পুলিশের আহত হওয়ার ঘটনাটি কথিত ইসলামিক স্টেট গ্রুপ ঘটিয়েছে, নাকি এর পেছনে অন্য কেউ জড়িত রয়েছে -তা তদন্ত করে দেখা হচ্ছে বলে জানিয়েছে পুলিশ।","গুলিস্তানে দায়িত্ব পালনরত পুলিশের ওপর শক্তিশালী বিস্ফোরক নিক্ষেপে তিন সদস্য আহত হন; সাইট ইন্টেলিজেন্স হামলার দায় আইএসের বলে জানালেও পুলিশ বিষয়টি তদন্ত করছে। কেউ কেউ এটিকে আইইডি ও সম্ভাব্য জঙ্গি হামলা বললেও পুলিশের একাংশ স্থানীয় বিরোধের কথা বলেছে। কর্মকর্তারা জানান, জঙ্গিরা দুর্বল হলেও পুরোপুরি নিশ্চিহ্ন নয় এবং বড় হামলার সক্ষমতা আপাতত তাদের নেই।",19.05,0.0,11.9
news-50194129,"ভারতের উত্তরপূর্বাঞ্চলীয় রাজ্য আসামে আবার এক ব্যক্তি বন্দীশিবিরে মারা গেছেন, যাকে বিদেশী বলে ঘোষণা করা হয়েছিল।","বিদেশি ট্রাইব্যুনালে ‘বাংলাদেশি’ ঘোষিত ৭২ বছর বয়সী ফালু দাস বন্দীশিবিরে অসুস্থ হয়ে গুয়াহাটি মেডিক্যাল কলেজে মারা গেলে তাঁর পরিবার মৃতদেহ নিতে অস্বীকার করে। পরিবারের দাবি, সদস্যদের নাম এনআরসিতে অন্তর্ভুক্ত ও ভারতীয় নাগরিক হিসেবে স্বীকৃতির লিখিত নিশ্চয়তা না পাওয়া পর্যন্ত তারা দেহ নেবে না; প্রশাসন জানিয়েছে, এমন নিশ্চয়তা দেওয়ার ক্ষমতা তাদের নেই, তবে আর্থিক সহায়তা করা যেতে পারে।",8.22,0.0,8.22
news-45856488,প্রায় চল্লিশ বছর বন্ধ থাকার পর নতুন করে যাত্রা শুরু করতে যাচ্ছে লেবাননের এককালের বিলাসবহুল গ্র্যান্ড সোফার হোটেল।,"দ্যা গ্র্যান্ড লেবানিজ হোটেল অফ সোফার একসময় সেলিব্রিটি, রাজনীতিক ও অভিজাতদের জনপ্রিয় বিলাসবহুল স্থান হলেও লেবাননের গৃহযুদ্ধের সময় ১৯৭৫ সালে পরিত্যক্ত হয়ে ধ্বংসস্তূপে পরিণত হয়। পুরোনো স্মৃতি নিয়ে দর্শনার্থীরা সম্প্রতি একটি প্রদর্শনীতে হোটেলটি দেখতে আসছেন, আর মালিক সারসক পরিবার ভবনটি সংস্কার করে জনসাধারণের জন্য উন্মুক্ত করার উদ্যোগ নিয়েছে।",18.18,0.0,6.06
news-48759400,"জাতীয় পতাকা, জাতীয় সঙ্গীত, জাতীয় প্রতীক, জাতীয় পোশাক প্রায় সব দেশেরই থাকে। অনেক দেশের জাতীয় ফুল, জাতীয় পশু, জাতীয় ক্রীড়াও থাকে।",কংগ্রেস নেতা অধীর রঞ্জন চৌধুরী ভারতীয় পাইলট উইং কমান্ডার অভিনন্দন ভর্থমানকে বীরের সম্মান এবং তাঁর গোঁফকে ‘জাতীয় গোঁফ’ হিসেবে স্বীকৃতি দেওয়ার দাবি করেছেন। এই মন্তব্যের পর সামাজিক মাধ্যমে ব্যাপক ব্যঙ্গ-বিদ্রূপ শুরু হয় এবং অভিনন্দনের গোঁফ নিয়ে নানা মিম ও মন্তব্য ছড়িয়ে পড়ে।,3.12,0.0,3.12
news-51769925,মধ্যপ্রাচ্যের বিভিন্ন দেশে করোনাভাইরাস বা কোভিড নাইনটিন সংক্রমণ ক্রমশ:ই আরো বেশি করে ছড়িয়ে পড়ছে। ভাইরাসে আক্রান্ত মানুষের সংখ্যা বেড়ে যাওয়ায় মধ্যপ্রাচ্যের কিছু শহরে জুম্মার নামাজ বাতিল করা হয়েছে।,"করোনাভাইরাসের বিস্তার ঠেকাতে ইরান, ইরাক ও মধ্যপ্রাচ্যের বিভিন্ন দেশে নামাজ ও ধর্মীয় অনুষ্ঠান বাতিল, স্কুল-কলেজ বন্ধ, জনসমাগমস্থল সীমিত এবং ভ্রমণে নিষেধাজ্ঞা আরোপ করা হয়েছে। সৌদি আরবের মক্কা-মদিনার দুই পবিত্র মসজিদ জীবাণুমুক্ত করে খুলে দেওয়া হলেও প্রবেশে কঠোর বিধিনিষেধ রয়েছে। ইরানেই মধ্যপ্রাচ্যে সবচেয়ে বেশি সংক্রমণ ও শতাধিক মৃত্যু হয়েছে; মিশরসহ অন্যান্য দেশেও সংক্রমণ ছড়িয়ে পড়েছে।",25.88,7.23,16.47
news-45468700,"ঢাকার কয়েকটি প্রধান সড়কে হিউম্যান হলার বা লেগুনা চলাচল ছিল স্বাভাবিক চিত্র, কারণ বাসের বিকল্প হিসেবে অনেকে এই লেগুনায় চড়েন।","ঢাকার প্রধান সড়কগুলোতে শৃঙ্খলা ফেরানোর লক্ষ্যে ডিএমপি লেগুনা চলাচল বন্ধ করেছে, তবে শহরের বাইরে ও উপকণ্ঠে এগুলো চলতে পারবে। বিকল্প গণপরিবহন না থাকায় যাত্রীদের ভোগান্তি ও বাড়তি ভাড়া গুনতে হচ্ছে বলে অনেকে সমালোচনা করছেন; অন্যদিকে লেগুনার অদক্ষ চালক ও নিরাপত্তাহীনতার কথা তুলে ধরে কেউ কেউ সিদ্ধান্তটিকে সমর্থন করেছেন।",17.65,3.03,17.65
160825_bangladesh_fire_accident_why_risky_country,"(এই প্রতিবেদনটি দেখতে পাবেন আজ চ্যানেল আই টেলিভিশনে ‘বিবিসি প্রবাহ’ অনুষ্ঠানে, রাত ৯টা ৩৫ মিনিটে।)","বাংলাদেশে এ সপ্তাহে বসুন্ধরা সিটি শপিং মল ও গাজীপুরের একটি সুতা কারখানায় বড় অগ্নিকাণ্ড ঘটেছে, যা দেশের বহুতল ভবন ও কারখানাগুলোর অগ্নিনিরাপত্তার দুর্বলতা তুলে ধরেছে। ফায়ার সার্ভিস ও বিশেষজ্ঞরা প্রশিক্ষণ, নিজস্ব অগ্নিনির্বাপণ দল, সরঞ্জামের রক্ষণাবেক্ষণ, ফায়ার এক্সিট ও স্প্রিংকলার ব্যবস্থা নিশ্চিত করার পাশাপাশি বিল্ডিং কোড কার্যকরভাবে মানার ওপর জোর দিয়েছেন। পোশাক কারখানায় নিরাপত্তা পরিদর্শন ও ত্রুটি সংশোধনে অগ্রগতি হলেও বহু কারখানা এখনো ঝুঁকিপূর্ণ।",0.0,0.0,0.0
news-47169634,বিএনপির চেয়ারপারসন খালেদা জিয়া তার রাজনৈতিক জীবনে কখনো এত দীর্ঘসময় ধরে কারাভোগ করেন নি।,জিয়া অরফানেজ ট্রাস্ট দুর্নীতি মামলায় সাজাপ্রাপ্ত হয়ে বিএনপি চেয়ারপারসন খালেদা জিয়া এক বছর ধরে কারাগারে আছেন; বিএনপি নেতারা তাঁর মুক্তি দাবি করে একে রাজনৈতিক বন্দিত্ব ও আইনের শাসনের অভাব বলে অভিযোগ করেছেন। দলটির নেতারা আন্দোলনে ব্যর্থতা ও সাংগঠনিক দুর্বলতা স্বীকার করলেও প্রতিবাদ সভায় সরকারের সমালোচনা ও ঐক্যবদ্ধ আন্দোলনের আহ্বান ছাড়া নতুন কোনো কর্মসূচি ঘোষণা করেননি।,14.49,5.97,11.59
news-50698797,ভারতে গণ-ধর্ষণে অভিযুক্ত চারজন পুরুষ পুলিশের সাথে 'এনকাউন্টারে' নিহত হওয়ার পর সারা দেশে লোকজন উল্লাস প্রকাশ করেছে।,"হায়দ্রাবাদে পশুচিকিৎসককে ধর্ষণ ও হত্যার অভিযুক্ত চারজন পুলিশের এনকাউন্টারে নিহত হওয়ার পর ধীরগতির বিচারব্যবস্থার প্রতি হতাশা থেকে বহু মানুষ উল্লাস, মিষ্টি বিতরণ ও পুলিশকে অভিনন্দন জানায়। দিল্লির নির্ভয়া মামলাসহ দীর্ঘসূত্রতার উদাহরণে মানুষের ‘তাৎক্ষণিক বিচার’-এর প্রতি সমর্থন বাড়লেও অনেকে বিচারবহির্ভূত হত্যার বিরোধিতা করে সুষ্ঠু তদন্ত ও আইনি বিচারের দাবি জানিয়েছেন। তারা অভিযুক্তরা সত্যিই অপরাধী ছিল কি না এবং জনরোষ প্রশমনে পুলিশ নিরপরাধদের ব্যবহার করেছে কি না—এমন প্রশ্নও তুলেছেন।",20.69,9.41,20.69
news-44629049,রাখাইনে রোহিঙ্গা নিধন নিয়ে আন্তর্জাতিক চাপ সামলাতে অং সান সুচি যে ভূমিকা নিচ্ছেন তা যে মিয়ানমারের সেনাবাহিনী পছন্দ করছে না- এটা এখন একরকম ওপেন সিক্রেট।,"রাখাইনে রোহিঙ্গাদের বিরুদ্ধে হত্যা-নির্যাতনের তদন্ত ও প্রত্যাবাসন ইস্যুতে অং সান সুচির বেসামরিক সরকার এবং সেনাপ্রধান মিন অং লেইনের মধ্যে তীব্র বিরোধ তৈরি হয়েছে; বিদেশি বিশেষজ্ঞসহ তদন্ত মেনে নেওয়া নিয়ে সেনাবাহিনী অভ্যুত্থানের হুমকি দিয়েছে বলে প্রতিবেদনে দাবি করা হলেও সুচির দপ্তর তা অস্বীকার করেছে। এদিকে অ্যামনেস্টি ইন্টারন্যাশনাল সেনাপ্রধানসহ ১২ সেনা কর্মকর্তাকে রোহিঙ্গাবিরোধী সহিংসতার পরিকল্পনাকারী হিসেবে অভিযুক্ত করে আন্তর্জাতিক বিচারের দাবি জানিয়েছে, আর রাখাইনের সাবেক কমান্ডার মেজর জেনারেল মং মং সোকে বরখাস্ত করা হয়েছে।",14.29,2.08,8.16
news-48737147,ওমান উপসাগরে বৃহস্পতিবার তাদের একটি অত্যাধুনিক ড্রোন বিধ্বস্ত করার বদলা হিসাবে যুক্তরাষ্ট্র সরাসরি সামরিক পথ না নিলেও ইরানের বিরুদ্ধে বড় ধরনের সাইবার হামলা শুরু করেছে।,"যুক্তরাষ্ট্র ইরানের আইআরজিসির রকেট ও ক্ষেপণাস্ত্র পরিচালনাকারী কম্পিউটার অকেজো করতে সাইবার হামলা চালিয়েছে বলে মার্কিন গণমাধ্যমে খবর প্রকাশিত হয়েছে, যদিও ক্ষয়ক্ষতির মাত্রা স্বাধীনভাবে নিশ্চিত নয়। এর পাল্টা ইরান যুক্তরাষ্ট্রের সরকারি ও শিল্প প্রতিষ্ঠানে সাইবার হামলা জোরদার করেছে বলে মার্কিন সাইবার নিরাপত্তা সংস্থা জানিয়েছে। এদিকে ট্রাম্প ইরানের সঙ্গে আলোচনার আগ্রহ জানিয়ে নতুন নিষেধাজ্ঞার কথা বলেছেন, আর ইরান মার্কিন ড্রোন ভূপাতিত করে তাদের সীমান্তকে ‘রেড লাইন’ হিসেবে সতর্ক করেছে।",15.22,2.22,10.87
news-44796339,আমেরিকায় অবৈধ অভিবাসী পরিবারের সন্তানদের বাবা-মার কাছ থেকে বিচ্ছিন্ন করে দেওয়ার জন্য যেখানে ট্রাম্প প্রশাসনের বিরুদ্ধে দুনিয়া জুড়ে শোরগোল হচ্ছে - সেই একই ধরনের রেওয়াজ ভারত-বাংলাদেশ সীমান্তেও বহু বছর ধরে চলছে বলে অভিযোগ উঠেছে।,"ভারতে অবৈধ অনুপ্রবেশের অভিযোগে আটক বাংলাদেশি বাবা-মাকে জেলে পাঠানো হলেও ছয় বছরের বেশি বয়সী সন্তানদের হোমে রাখা হয়, ফলে বহু ক্ষেত্রে বছরের পর বছর তাদের আর দেখা হয় না। মানবাধিকারকর্মীদের মতে, ২০১১ সালের হোমে রাখার সরকারি নির্দেশ বাস্তবায়িত না হওয়া, প্রশাসনিক জটিলতা ও জেল-হোমের যোগাযোগের অভাবে পরিবারগুলো বিচ্ছিন্ন থাকে; কখনও সন্তান বা অভিভাবকের মৃত্যু কিংবা স্থায়ী বিচ্ছেদও ঘটে।",12.63,0.0,8.42
news-40841680,বাংলাদেশের ফরিদপুরের বোয়ালমারী উপজেলায় বিএনপির ছাত্র সংগঠন বাংলাদেশ ছাত্রদলের নেতৃত্ব নির্বাচনের জন্য নেতৃত্ব প্রত্যাশী ছাত্রদের মূত্র পরীক্ষা করতে দেয়া হয়েছে।,"বোয়ালমারী উপজেলা ছাত্রদলের নেতৃত্বপ্রত্যাশী আটজনের মূত্র পরীক্ষা করা হয়েছে, যাতে তারা মাদকাসক্ত নন—এটি নিশ্চিত করা যায়। উপজেলা বিএনপি জানিয়েছে, তরুণদের মধ্যে মাদকের ব্যবহার বেড়ে যাওয়ায় একজন বিএনপি নেতার পরামর্শে ঢাকার একটি ক্লিনিকে এ পরীক্ষা নেওয়া হয়েছে।",17.54,3.64,17.54
news-47315211,"""আমাদের মতামতে কি এসে যায়? কি আর হবে? কয়দিন ফেসবুকে লেখালেখি হবে!!!এইতো।""","চকবাজারের অগ্নিকাণ্ডে ৭৮ জন নিহতের পর সামাজিক যোগাযোগমাধ্যমে মানুষ তদন্ত ও কার্যকর ব্যবস্থা না হওয়ায় হতাশা এবং কর্তৃপক্ষ, অপরিকল্পিত নগরায়ন, বাড়িওয়ালা ও আইন না মানা স্থানীয়দের বিরুদ্ধে ক্ষোভ প্রকাশ করেছেন। তারা আবাসিক ভবন থেকে রাসায়নিক গুদাম-কারখানা সরানো, অগ্নিনিরাপত্তা ও জনসচেতনতা বাড়ানো, পুরান ঢাকা সংস্কার এবং নিরাপত্তা আইন কঠোরভাবে প্রয়োগের সুপারিশ করেছেন।",0.0,0.0,0.0
news-49540671,যুক্তরাষ্ট্রের রাজ্য টেক্সাসে আবার একটি গণ গুলিবর্ষণের ঘটনায় অন্তত পাঁচজন নিহত আর অনেকে আহত হয়েছে বলে পুলিশ জানিয়েছে।,"টেক্সাসের ওডেসা ও মিডল্যান্ড শহরের মধ্যে এক বন্দুকধারীর এলোপাথাড়ি গুলিতে অন্তত পাঁচজন নিহত ও ১৬ জন আহত হয়েছেন, যাদের মধ্যে পুলিশ কর্মকর্তাও রয়েছেন। পুলিশ এক সন্দেহভাজনকে গুলি করে হত্যা করেছে এবং আরেকজনের সন্ধান চলছে; হামলার কারণ এখনো জানা যায়নি।",17.54,7.27,17.54
news-45667250,ভারতের সুপ্রিম কোর্ট বৃহস্পতিবার ঘোষণা করেছে যে বিবাহিত কোন নারী বা পুরুষ যদি স্বামী বা স্ত্রী-র বাইরে অন্য কারো সাথে যৌন সম্পর্ক করেন - যাকে বলা হয় পরকীয়া - তা আর সেদেশে ফৌজদারি অপরাধ বলে গণ্য হবে না।,"ভারতের সুপ্রিম কোর্ট ১৫৮ বছরের পুরোনো সেই আইনকে অসাংবিধানিক ঘোষণা করেছে, যার অধীনে পরকীয়ায় জড়িত পুরুষকে শাস্তি দেওয়া হতো। আদালত বলেছে, পরকীয়া ফৌজদারি অপরাধ নয়, তবে এটি বিবাহবিচ্ছেদের কারণ হতে পারে; আইনটি নারীদের স্বামীর সম্পত্তি হিসেবে বিবেচনা করত এবং নারী-পুরুষের সমতার পরিপন্থী ছিল।",22.22,10.13,19.75
news-53659904,"বিশাল এক বিস্ফোরণ ব্যাপক ধ্বংসযজ্ঞ চালিয়েছে লেবাননের রাজধানী বৈরুতে। বহু মানুষ মারা গেছে, আহত হয়েছে কয়েক হাজারের বেশি।","বৈরুত বন্দরের কাছে ভয়াবহ বিস্ফোরণে বহু ভবন ও বাড়িঘর ধ্বংস হয়েছে, হাজার হাজার মানুষ আহত হয়েছে এবং ধ্বংসস্তূপের নিচে অনেকে আটকা পড়েছেন; এর কম্পন দূরের সাইপ্রাসেও অনুভূত হয়েছে। কর্মকর্তারা ঘটনাটিকে ছয় বছর ধরে গুদামে মজুত থাকা অত্যন্ত বিপজ্জনক বিস্ফোরক থেকে ঘটে যাওয়া দুর্ঘটনা বললেও বিস্ফোরণের সঠিক কারণ এখনও পরিষ্কার নয়।",11.76,3.03,11.76
news-48581152,"মাশরাফী বিন মোত্তর্জা বাংলাদেশের অন্যতম সেরা বোলার, এখনো পর্যন্ত ওয়ানডে ফরম্যাটে বাংলাদেশের সর্বোচ্চ উইকেট শিকারী মাশরাফী।","মাশরাফী বিন মোর্ত্তজা স্বীকার করেছেন, বিশ্বকাপে নিজের সেরাটা দিতে পারেননি এবং প্রথম দুই ম্যাচে উইকেটের মান অনুযায়ী খেলতে পারেননি। তবে তিনি শুধু ‘নন-প্লেয়িং ক্যাপটেন’ নন—২০১৫ সাল থেকে বাংলাদেশের দ্বিতীয় সর্বোচ্চ উইকেটশিকারী, আর তাঁর ইকোনমি রেটও ৫.২০।",14.55,3.77,14.55
news-37517257,নিয়ন্ত্রণ রেখা পেরিয়ে পাকিস্তান শাসিত কাশ্মীরে ভারতীয় সেনাবাহিনীর অভিযানের পর দুই দেশেরই সীমান্তের অনেক জায়গায় সম্ভাব্য হামলার আশঙ্কায় সতর্কতামূলক ব্যবস্থা হিসেবে গ্রামবাসীদের সরিয়ে নেয়া হচ্ছে।,"ভারতের দাবি করা ‘সার্জিক্যাল স্ট্রাইকের’ পর পাকিস্তানের জবাবী হামলার আশঙ্কায় পাঞ্জাব ও জম্মু-কাশ্মীরের আন্তর্জাতিক সীমান্ত ও নিয়ন্ত্রণরেখার কাছাকাছি গ্রামগুলো থেকে মানুষ সরিয়ে নেওয়া হচ্ছে; পাঞ্জাবের প্রায় এক হাজার গ্রাম খালি করে বাসিন্দাদের স্কুল ও গুরুদোয়ারায় রাখা হয়েছে। আখনুর সেক্টরে পাকিস্তানি পোস্ট থেকে গোলাবর্ষণ হলেও হতাহতের খবর নেই, আর নিয়ন্ত্রণরেখা ভুল করে পার হওয়া এক ভারতীয় সেনাসদস্যকে পাকিস্তান আটক করেছে বলে ভারত জানিয়েছে।",15.91,2.33,11.36
news-50810708,ভারতে নাগরিকত্ব সংশোধনী বিলের প্রতিবাদে দেশের বিভিন্ন শহরে ছড়িয়ে পড়া সহিংস বিক্ষোভের জন্য পরোক্ষভাবে শুধু মুসলমানদের দায়ী করেছেন প্রধানমন্ত্রী নরেন্দ্র মোদী।,"নাগরিকত্ব সংশোধনী আইনের বিরুদ্ধে দেশজুড়ে বিক্ষোভের মধ্যে প্রধানমন্ত্রী নরেন্দ্র মোদী আন্দোলনকারীদের পোশাক দেখে চেনা যায় বলে মন্তব্য করেন, যা বিরোধীরা সাম্প্রদায়িক আক্রমণ হিসেবে অভিহিত করেছে। বিরোধী দলগুলি দাবি করেছে, সব ধর্মের মানুষ স্বতঃস্ফূর্তভাবে আইনটির প্রতিবাদ করছে এবং তারা সহিংসতায় উসকানি দিচ্ছে না। জামিয়া মিলিয়া ইসলামিয়া ও আলিগড় মুসলিম বিশ্ববিদ্যালয়ে পুলিশি দমন-পীড়নের অভিযোগের পর দেশের বিভিন্ন শিক্ষাপ্রতিষ্ঠানে ছাত্রদের প্রতিবাদ ছড়িয়ে পড়ে।",21.95,10.0,14.63
news-47799023,বাংলাদেশের সংবিধানে চতুর্থ সংশোধনীর মাধ্যমে বহুদলীয় সংসদীয় সরকার পদ্ধতি বিলুপ্ত করে রাষ্ট্রপতি শাসিত সরকার ব্যবস্থা প্রবর্তন করা হয়েছিল ১৯৭৫ সালের ২৪শে জানুয়ারি।,"বাকশালকে সমালোচকেরা একদলীয় ও স্বৈরাচারী শাসনব্যবস্থা হিসেবে দেখেন, যেখানে রাষ্ট্র, সরকার, দল ও প্রশাসন একীভূত হয়েছিল; তবে আওয়ামী লীগ ও কিছু ইতিহাসবিদের মতে এটি ছিল সাময়িক, ঐকমত্যভিত্তিক জাতীয় মঞ্চ। বাকশাল মাত্র ২৩২ দিন স্থায়ী হয় এবং ১৯৭৫ সালের ১৫ আগস্ট শেখ মুজিবুর রহমান ও তাঁর পরিবারের অধিকাংশ সদস্য হত্যার পর এর অবসান ঘটে।",10.67,2.74,10.67
news-55530159,"বিয়ের আগে একাধিক নারীর সঙ্গে সম্পর্ক রাখা, আবার তা লুকিয়ে রেখে নারীদের সঙ্গে প্রতারণা করেছেন কোন পুরুষ -এমন খবর প্রায়ই শোনা যায়।","ছত্তিশগড়ের বস্তারে মুরিয়া জনজাতির ২৪ বছর বয়সি চন্দু মৌরিয়া তার দুই প্রেমিকা সুন্দরী কাশ্যপ ও হাসিনা বাঘেলকে একই দিনে, একই মণ্ডপে বিয়ে করেছেন; তিনজনই প্রায় এক বছর ধরে একসঙ্গে বসবাস করছিলেন। পরিবার ও সমাজ বিয়েটি মেনে নিলেও, মুরিয়া সমাজে বহুবিবাহ স্বীকৃত হলেও এর আইনগত বৈধতা নিয়ে প্রশ্ন রয়েছে।",2.86,0.0,2.86
news-51124170,১৮৫০ সালেও সামাজিক অগ্রগতির বিষয়টি ছিল পরাহত। এর কয়েক বছর আগে আমেরিকান ক্যাম্পেইনার এলিজাবেথ ক্যাডি স্ট্যানটন নারীদের ভোটাধিকার চেয়ে বিতর্ক তৈরি করেছিলেন।,"ব্যর্থ অভিনেতা ও উদ্ভাবক আইজ্যাক মেরিট সিঙ্গার ১৮৫১ সালে এমন একটি কার্যকর সেলাই মেশিন তৈরি করেন, যা শার্ট তৈরির সময় প্রায় ১৪ ঘণ্টা থেকে এক ঘণ্টার কিছু বেশি কমিয়ে আনে; পেটেন্ট-সংক্রান্ত বাধা মিটিয়ে মেশিনটি দ্রুত বাজারে প্রভাব বিস্তার করে। ব্যবসায়িক অংশীদার এডওয়ার্ড ক্লার্কের সঙ্গে সিঙ্গার কিস্তি ও ভাড়ার ব্যবস্থা এবং নারীদের লক্ষ্য করে প্রচারণা চালান, ফলে সেলাই মেশিন নারীদের গৃহস্থালি শ্রম কমানোর পাশাপাশি অর্থনৈতিক স্বাধীনতার সম্ভাবনাও তৈরি করে।",4.4,0.0,4.4
39654139,বাংলাদেশে প্রচলিত তিন ধরনের মাদ্রাসা শিক্ষার মধ্যে মসজিদ ভিত্তিক মাদ্রাসাগুলোই মূলত কওমী মাদ্রাসা হিসেবে পরিচিত।,"২০১৫ সালের ব্যানবেইসের হিসাব অনুযায়ী, বাংলাদেশে ১৩ হাজার ৮২৬টি কওমি মাদ্রাসায় ১৩ লাখ ৮৮ হাজার ৪৬০ শিক্ষার্থী পড়াশোনা করলেও এ শিক্ষাব্যবস্থায় সরকারের কোনো নিয়ন্ত্রণ বা তদারকি নেই। কওমি শিক্ষায় মূলত কোরআন-হাদিস ও ইসলামী জ্ঞানের পাশাপাশি ভাষা, গণিত, বিজ্ঞান, অর্থনীতি ও রাষ্ট্রবিজ্ঞান পড়ানো হয় এবং দাওরায়ে হাদিসকে মাস্টার্সের সমমান দেওয়া হয়েছে। তবে শিক্ষাবিদরা মনে করেন, এই স্বীকৃতি কার্যকর করতে সিলেবাস আধুনিকায়ন, বিভাজন এবং কোনো না কোনো সরকারি বা বিশ্ববিদ্যালয়ভিত্তিক মনিটরিং দরকার; কওমি নেতারা এতে আপত্তি জানিয়ে সংস্কারের সিদ্ধান্ত আলেমদের হাতেই রাখার পক্ষে।",4.12,0.0,4.12
news-50680291,বাংলাদেশে 'জ্বীনের বাদশাহ্' পরিচয় দিয়ে প্রতারণা করার দায়ে সিআইডি পুলিশ সম্প্রতি সাত ব্যক্তিকে আটক করেছে।,"‘জ্বীনের বাদশাহ্’ সেজে সমস্যা সমাধান ও টাকা দ্বিগুণ করার প্রলোভন দেখিয়ে এক অবসরপ্রাপ্ত নারীর কাছ থেকে ২৫ লাখ টাকা হাতিয়ে নেওয়া প্রতারক চক্রের সাত সদস্যকে ভোলা থেকে গ্রেপ্তার করেছে সিআইডি। চক্রটি ভুয়া বিকাশ অ্যাকাউন্ট ও বিভিন্ন ব্যক্তির এনআইডি ব্যবহার করে অর্থ সংগ্রহ করত এবং তদন্তে ধারণা করা হচ্ছে, তারা আরও বহু মানুষকে প্রতারণা করেছে।",20.29,2.99,14.49
news-54060487,বাংলাদেশে নারায়ণগঞ্জের মসজিদে বিস্ফোরণে অনেক মানুষের হতাহতের ঘটনার পর মসজিদ নির্মাণের অনুমোদনের ইস্যুসহ নিরাপত্তা নিয়ে নানা প্রশ্ন উঠেছে।,"নারায়ণগঞ্জের বায়তুস সালাত মসজিদে বিস্ফোরণে ২৭ জনের মৃত্যুর পর মসজিদ নির্মাণে জমির বৈধতা, নকশা, বিদ্যুৎ-গ্যাস সংযোগ ও নিরাপত্তা অনুমোদন নিয়ে প্রশ্ন উঠেছে। ইসলামী চিন্তাবিদ ও কর্মকর্তারা স্বচ্ছতা ও আইন মেনে নির্মাণের গুরুত্ব তুলে ধরে জানান, মসজিদ তদারকির সুনির্দিষ্ট নীতিমালা নেই; তাই সরকার নীতিমালা চূড়ান্ত করে সারাদেশের মসজিদগুলোর অনুমোদন ও নিরাপত্তা যাচাইয়ের উদ্যোগ নিচ্ছে।",27.78,8.57,25.0
news-44985270,রাজশাহী জেলা মহিলা আওয়ামী লীগের সভাপতি মর্জিনা পারভীন। ৩০ বছর ধরে রাজনীতি করছেন তিনি।,"সিলেট ও রাজশাহী সিটি কর্পোরেশনে মেয়র পদে বড় দলগুলোর কোনো নারী প্রার্থী নেই; বরিশালে একমাত্র নারী মেয়র প্রার্থী মনোনীত করেছে বাংলাদেশ সমাজতান্ত্রিক দল। নারী রাজনীতিকরা মনোনয়ন না পাওয়ার জন্য সুযোগের অভাব ও পুরুষতান্ত্রিক মানসিকতাকে দায়ী করলেও আওয়ামী লীগ ও বিএনপি নেতারা বলছেন, নারীরা প্রার্থী হতে আগ্রহী নন বা নিজেদের যথেষ্ট প্রস্তুত করেননি।",6.06,0.0,6.06
news-43820876,ক্যামব্রিজ অ্যানালিটিকা ও ফেসবুকের সাম্প্রতিক কেলেঙ্কারি প্রকাশিত হওয়ার পর অনলাইনে মানুষের তথ্য নিরাপত্তার ঝুঁকির বিষয়টি উঠে আসায় বিস্মিত হয়েছে পুরো বিশ্ব।,"ডিজিটাল প্রযুক্তি তথ্যপ্রাপ্তি, রাজনৈতিক মতপ্রকাশ ও মানুষকে সংগঠিত করার ক্ষেত্রে গণতন্ত্রকে সহায়তা করলেও এর দ্রুত বিকাশ গণতান্ত্রিক ব্যবস্থার সঙ্গে গভীর অসামঞ্জস্য তৈরি করেছে। বিগ ডেটা ও মাইক্রো-টার্গেটিংয়ের মাধ্যমে রাজনীতিবিদরা ব্যক্তিগত তথ্য ব্যবহার করে মানুষের দুর্বলতা কাজে লাগাতে, বিভ্রান্তি ও মতানৈক্য বাড়াতে পারেন—যা নিয়ন্ত্রণ করা কঠিন। জেমি বার্টলেট আশঙ্কা করছেন, প্রযুক্তির এই অগ্রগতি অব্যাহত থাকলে গণতন্ত্র দুর্বল বা বিলুপ্ত হয়ে যেতে পারে।",7.14,0.0,4.76
news-43881871,বিশ্ববিদ্যালয় পর্যায়ের অর্থনীতির ছাত্ররা 'বাংলাদেশ প্যারাডক্স' কথাটার সঙ্গে পরিচিত। বিশ্বের অনেক অর্থনীতিবিদ এর আগে এই ধাঁধাঁর উত্তর খোঁজার চেষ্টা করেছেন।,"অর্থনীতিবিদ কৌশিক বসুর মতে, নারীর ক্ষমতায়ন, শিক্ষা ও স্বাস্থ্যখাতে অগ্রগতি এবং গার্মেন্টস শিল্পের বিকাশ বাংলাদেশকে দ্রুত অর্থনৈতিক প্রবৃদ্ধির পথে নিয়ে গেছে; দেশটি পাকিস্তানকে ছাড়িয়ে ভারতের কাছাকাছি পৌঁছেছে। তবে দুর্নীতি, বৈষম্য ও ধর্মীয় মৌলবাদের উত্থান রোধ করে প্রগতিশীল সামাজিক বিনিয়োগ অব্যাহত রাখতে না পারলে এই সাফল্য ব্যাহত হতে পারে।",5.88,0.0,5.88
news-56330015,মিয়ানমারে সোমবার একটি অ্যাপার্টমেন্ট ব্লকে আটকে পড়া বিক্ষোভকারীদের ছেড়ে দেয়ার জন্য সামরিক বাহিনীর প্রতি আহবান জানিয়েছে জাতিসংঘ।,"ইয়াঙ্গুনের সানচুং এলাকায় শান্তিপূর্ণভাবে বিক্ষোভ করা প্রায় ২০০ জনকে নিরাপত্তা বাহিনী ঘিরে ফেললে তারা একটি ভবনে আটকা পড়ে; জাতিসংঘ তাদের নিরাপদে চলে যেতে দেওয়ার আহ্বান জানিয়েছে। সামরিক অভ্যুত্থানের বিরুদ্ধে চলমান বিক্ষোভে নিরাপত্তা বাহিনীর গুলিতে এ পর্যন্ত অন্তত ৫৪ জন নিহত হয়েছে, আর বিক্ষোভকারীরা সেনাশাসনের অবসান ও অং সান সু চিসহ আটক নেতাদের মুক্তি দাবি করছে।",13.89,0.0,8.33
news-45166150,"বিজ্ঞানীদের মতে সমুদ্রে অন্তত ১,০০০ মাইল (১,৬০০ কিলোমিটার) বহন করার পর অবশেষে মৃত নবজাতককে বহন করা বন্ধ করলো তিমি।",জে৩৫ নামের মা তিমিটি ২৪ জুলাই মারা যাওয়া শাবককে অস্বাভাবিকভাবে দীর্ঘ সময় বহন করার পরও শারীরিকভাবে সুস্থ রয়েছে বলে গবেষকরা জানান। শাবকটির মৃত্যুর কারণ জানা যায়নি এবং দেহটি স্যালিশ সাগরে ডুবে গেলে ময়নাতদন্ত সম্ভব নাও হতে পারে; প্রজাতিটি বিপন্ন এবং এর প্রধান খাদ্য চিনুক স্যামনের সংখ্যা কমে গেছে।,5.8,2.99,5.8
news-52578683,ব্রিটেনের জাতীয় পরিসংখ্যান দপ্তরের নতুন প্রকাশ করা রিপোর্ট বলছে কৃষ্ণাঙ্গ নারী পুরুষের করোনাভাইরাসে মৃত্যুর ঝুঁকি শ্বেতাঙ্গদের তুলনায় দ্বিগুণ।,"ব্রিটেনে করোনাভাইরাসে কৃষ্ণাঙ্গদের মৃত্যুঝুঁকি শ্বেতাঙ্গদের তুলনায় দ্বিগুণ, আর তাদের পরেই বাংলাদেশি ও পাকিস্তানিসহ এশীয়দের ঝুঁকি বেশি; নিবিড় পরিচর্যায় গুরুতর আক্রান্তদেরও প্রায় এক-তৃতীয়াংশ সংখ্যালঘু জনগোষ্ঠীর। বয়স, দারিদ্র্য, ঘনবসতি, ডায়াবেটিস-হৃদরোগসহ স্বাস্থ্যসমস্যা এবং মানুষের সংস্পর্শে আসতে হয় এমন পেশাকে সম্ভাব্য কারণ বলা হলেও ঝুঁকির পার্থক্য পুরোপুরি ব্যাখ্যা করতে আরও গবেষণা দরকার।",14.71,6.06,11.76
news-43863014,"ব্রিটেনের স্বাস্থ্যমন্ত্রী জেরেমি হান্ট জানিয়েছেন শিশুদের সুরক্ষা নিয়ে ""চোখ বুজে"" থাকলে চলবে না বলে হুঁশিয়ারি জানিয়ে ফেসবুক সহ অন্যান্য কিছু সোশ্যাল মিডিয়া কোম্পানিকে চিঠি লিখেছেন তিনি।","ব্রিটিশ মন্ত্রী জেরেমি হান্ট ফেসবুক, গুগল, টুইটার ও অন্যান্য সামাজিক যোগাযোগমাধ্যমকে শিশুদের অননুমোদিত অ্যাকাউন্ট, অনলাইন হয়রানি ও অতিরিক্ত ব্যবহার ঠেকাতে চলতি মাসের মধ্যে কর্মপরিকল্পনা দিতে বলেছেন; ব্যর্থ হলে কঠোর আইন করার হুমকি দিয়েছেন। একই সময়ে ভুয়া বিনিয়োগ বিজ্ঞাপনে নিজের নাম-ছবি ব্যবহারের অভিযোগে ফেসবুকের বিরুদ্ধে বড় অঙ্কের ক্ষতিপূরণ মামলা করেছেন মানিসেভিংএক্সপার্টডটকমের প্রতিষ্ঠাতা মার্টিন লিউয়িস, যিনি অভিযোগ করেন ফেসবুক বারবার জানানো সত্ত্বেও বিজ্ঞাপনগুলো সরায়নি।",11.24,2.3,8.99
news-48409941,ভারতের নির্বাচনে শোচনীয় পরাজয়ের সব দায় নিজের কাঁধে নিয়ে কংগ্রেস সভাপতি রাহুল গান্ধী পদত্যাগ করতে চেয়েছেন।,"রাহুল গান্ধী কংগ্রেসের নির্বাচনী পরাজয়ের দায় নিয়ে সভাপতির পদত্যাগ করতে চাইলেও ওয়ার্কিং কমিটি তা সর্বসম্মতিক্রমে নাকচ করে তাঁকেই দল পুনর্গঠনের দায়িত্ব দিয়েছে; তবে তিনি এখনও পদত্যাগে অনড়। একইভাবে, পশ্চিমবঙ্গের মুখ্যমন্ত্রী মমতা ব্যানার্জী দলকে শক্তিশালী করতে মুখ্যমন্ত্রীর পদ ছাড়ার ইচ্ছা জানালেও তৃণমূল কংগ্রেস তা গ্রহণ করেনি।",26.23,6.78,16.39
news-51136439,"প্রেসিডেন্টের একটি ভাষণ। সাংবিধানিক পরিবর্তনের রূপরেখা ঘোষণা। তার কিছু পরই প্রধানমন্ত্রীর পদত্যাগ, পুরো মন্ত্রিসভার পদত্যাগ। নিযুক্ত হলেন নতুন একজন প্রধানমন্ত্রী।","রুশ প্রেসিডেন্ট ভ্লাদিমির পুতিন ২০২৪ সালে তাঁর বর্তমান মেয়াদ শেষ হওয়ার পরও ক্ষমতা ও প্রভাব বজায় রাখতে সংবিধান সংশোধন, পার্লামেন্টের ক্ষমতা বৃদ্ধি এবং স্টেট কাউন্সিলকে শক্তিশালী করার প্রস্তাব দিয়েছেন। এর কয়েক ঘণ্টার মধ্যে প্রধানমন্ত্রী দিমিত্রি মেদভিয়েদেভের নেতৃত্বে সরকার পদত্যাগ করে এবং মিখাইল মিশুস্তিন নতুন প্রধানমন্ত্রী নিযুক্ত হন; মেদভিয়েদেভকে নিরাপত্তা কাউন্সিলের উপপ্রধান করা হয়েছে। বিশ্লেষকদের ধারণা, পুতিন ভবিষ্যতে প্রেসিডেন্ট না থেকেও স্টেট কাউন্সিল বা অন্য কোনো শক্তিশালী প্রতিষ্ঠানের মাধ্যমে রাশিয়ার ক্ষমতার কেন্দ্রে থাকতে চান।",8.6,0.0,6.45
news-41476249,এগার হাজার মিটার বা ৩৫০০ ফুট উচ্চতায় বিশ্বের সবচেয়ে শীতল স্থানে তখন মধ্যরাত। শীতের মাঝামাঝি সময়ে এখানে তাপমাত্রা হিমাঙ্কের প্রায় ৩০ ডিগ্রি নিচে নেমে আসে। পারদের সূচক থাকে -৩০ ডিগ্রি সেলসিয়াস (বা -২২ ডিগ্রি ফারেনহাইট)।,"লাদাখের জলসঙ্কট মোকাবিলায় প্রকৌশলী সোনাম ওয়াংচুকের নেতৃত্বে স্বেচ্ছাসেবকেরা মাধ্যাকর্ষণনির্ভর কৃত্রিম হিমবাহ বা ‘বরফ-স্তূপ’ তৈরি করছেন, যা বসন্তে গলে কৃষি ও পানীয় জলের জোগান দেবে। পাইপের মাধ্যমে শীতকালে অব্যবহৃত পানি ফোয়ারার মতো ছড়িয়ে জমিয়ে পিরামিডাকৃতির বরফ তৈরি করা হয়; ফিয়াঙে এর সাফল্যের পর সুইজারল্যান্ডও প্রযুক্তিটি গ্রহণ করেছে।",2.44,0.0,2.44
news-55890088,"কাতার-ভিত্তিক টেলিভিশন চ্যানেল আল জাজিরা ইংলিশ-এর একটি অনুসন্ধানী প্রতিবেদনে বলা হয়েছে, বাংলাদেশের নিরাপত্তা বাহিনী ইন্টারনেট এবং মোবাইল ফোন নজরদারী করার প্রযুক্তি ইসরায়েল থেকে আমদানি করেছে।","আল-জাজিরার অনুসন্ধানী প্রতিবেদনে দাবি করা হয়েছে, বাংলাদেশ ২০১৮ সালে ইসরায়েলি প্রতিষ্ঠান পিকসিক্সের তৈরি ওয়াই-ফাই, সেলুলার ও ভিডিও নজরদারি সরঞ্জাম পরোক্ষভাবে কেনে এবং ২০১৯ সালে বুদাপেস্টের কাছে চার বাংলাদেশি গোয়েন্দা কর্মকর্তাকে এ প্রযুক্তির প্রশিক্ষণ দেওয়া হয়। নথি ও গোপন রেকর্ডিংয়ে ইসরায়েলি উৎস গোপন রাখার কথা উঠে এলেও পররাষ্ট্রমন্ত্রী এ কে আবদুল মোমেন ইসরায়েল থেকে সরঞ্জাম কেনা বা দেশটির সঙ্গে সম্পর্ক থাকার বিষয়টি অস্বীকার করেছেন। প্রযুক্তিটি একটি ‘আইএমএসআই ক্যাচার’, যা নির্দিষ্ট এলাকার শত শত মোবাইল ফোনের যোগাযোগ শনাক্ত, নজরদারি ও বাধাগ্রস্ত করতে পারে।",16.36,3.7,12.73
news-47620971,ঢাকায় বসুন্ধরা আবাসিক এলাকায় বাসের চাপায় একজন বিশ্ববিদ্যালয় ছাত্রের মৃত্যুর ঘটনায় সড়ক অবরোধ করে বিক্ষোভ করছে কয়েকটি বিশ্ববিদ্যালয়ের শিক্ষার্থীরা।,"বাংলাদেশ ইউনিভার্সিটি অব প্রফেশনালসের শিক্ষার্থী আবরার আহমেদ বসুন্ধরা আবাসিক এলাকার সামনে জেব্রা ক্রসিংয়ে রাস্তা পার হওয়ার সময় দুই বাসের চাপে ঘটনাস্থলেই নিহত হন। এ ঘটনার প্রতিবাদে বিভিন্ন বিশ্ববিদ্যালয়ের শিক্ষার্থীরা সড়ক অবরোধ করে দাবি পূরণ না হওয়া পর্যন্ত আন্দোলন চালিয়ে যাওয়ার ঘোষণা দেন, ফলে আশপাশের এলাকায় তীব্র যানজট সৃষ্টি হয়।",26.47,12.12,17.65
news-41721765,"আন্তর্জাতিক বার্তা সংস্থা রয়টার্স বলছে, মিয়ানমারে সামরিক অভিযানের মুখে দেশত্যাগে বাধ্য হয়েছেন যেসব রোহিঙ্গা মুসলমান তারা দেশে ফিরতে পারলেও তাদের জমিজমা ও ঘরবাড়ি হারাতে হতে পারে।","রয়টার্সের অনুসন্ধানে বলা হয়েছে, মিয়ানমার রোহিঙ্গাদের কঠোর পরিচয় যাচাইয়ের পর ফিরতে দিলেও তাদের নিজ গ্রামে না পাঠিয়ে সরকারি ‘মডেল গ্রামে’ পুনর্বাসনের পরিকল্পনা করছে, যা শরণার্থী ও মানবাধিকার সংগঠনগুলোর উদ্বেগ বাড়িয়েছে। একই সঙ্গে রোহিঙ্গাদের পরিত্যক্ত বা ‘মালিকবিহীন’ হিসেবে চিহ্নিত জমির পাকা ধান সরকার কেটে সরকারি গুদামে তোলা ও বিক্রির পরিকল্পনা করছে, যদিও রোহিঙ্গারা এসব জমির মালিকানা দাবি করেন।",7.23,0.0,7.23
news-49603678,জিম্বাবুয়ের স্বাধীনতা পরবর্তী প্রথম প্রেসিডেন্ট রবার্ট মুগাবে ৯৫ বছর বয়সে মারা গেছেন।,জিম্বাবুয়ের সাবেক প্রেসিডেন্ট রবার্ট মুগাবে দীর্ঘদিন অসুস্থ থাকার পর সিঙ্গাপুরের একটি হাসপাতালে মারা গেছেন। ১৯৮০ সালে প্রধানমন্ত্রী এবং ১৯৮৭ সালে প্রেসিডেন্ট হওয়া মুগাবে প্রায় ৩৭ বছর ক্ষমতায় থাকার পর ২০১৭ সালে সামরিক চাপের মুখে পদত্যাগে বাধ্য হন।,28.57,12.77,24.49
news-50625850,জলবায়ু নিয়ে নানা উদ্বেগের মধ্যে আজ মাদ্রিদে শুরু হচ্ছে জাতিসংঘের জলবায়ু পরিবর্তন সম্মেলন 'কপ টুয়েন্টি ফাইভ'।,"মাদ্রিদে ২০০ দেশের অংশগ্রহণে শুরু হওয়া কপ-২৫ সম্মেলনে কার্বন নির্গমন কমানোর লক্ষ্যমাত্রা বাড়ানো, জলবায়ু জরুরি অবস্থায় দ্রুত পদক্ষেপ এবং ক্ষতিগ্রস্ত দেশগুলোর ক্ষতিপূরণ নিয়ে আলোচনা হবে; বাংলাদেশের প্রধানমন্ত্রী শেখ হাসিনাও এতে অংশ নিচ্ছেন। বিশেষজ্ঞরা নবায়নযোগ্য জ্বালানিতে দ্রুত переход ও জীবাশ্ম জ্বালানি আহরণ বন্ধের আহ্বান জানিয়েছেন, আর যুক্তরাষ্ট্রের প্যারিস চুক্তি ত্যাগের সম্ভাবনাও সম্মেলনে গুরুত্বপূর্ণ বিষয় হয়ে উঠেছে।",13.89,0.0,8.33
news-42662545,"ভারতের সুপ্রিম কোর্টের চার জন বিচারক প্রকাশ্যে সংবাদ সম্মেলন করে প্রধান বিচারপতির কর্তৃত্বকে চ্যালেঞ্জ করে বলেছেন, যেভাবে তিনি আদালত চালাচ্ছেন তা ভারতের গণতন্ত্রকেই হুমকির মুখে ফেলে দেবে।","ভারতের ইতিহাসে নজিরবিহীনভাবে চার সুপ্রিম কোর্টের বিচারপতি সংবাদ সম্মেলন করে প্রধান বিচারপতি দীপক মিশ্রর বিরুদ্ধে গুরুত্বপূর্ণ মামলা বেঞ্চে বণ্টনে অনিয়ম ও প্রতিষ্ঠিত নিয়ম লঙ্ঘনের অভিযোগ তুলেছেন। তারা জানান, এ বিষয়ে প্রধান বিচারপতিকে চিঠি ও ব্যক্তিগতভাবে বোঝানোর চেষ্টা ব্যর্থ হওয়ায় জাতির কাছে বিষয়টি প্রকাশ করা হয়েছে; বিচারপতি লয়ার অস্বাভাবিক মৃত্যু-সংক্রান্ত মামলাকে কেন্দ্র করেই মূল বিরোধের সূত্রপাত বলে উল্লেখ করা হয়।",18.39,9.41,16.09
news-45648530,বাংলাদেশের নিরাপদ খাদ্য কর্তৃপক্ষ বলছে বাংলাদেশে বাজারে কোন ধরণের এনার্জি ড্রিংক থাকবে না।,"বাংলাদেশ নিরাপদ খাদ্য কর্তৃপক্ষ অতিরিক্ত ক্যাফেইন, সম্ভাব্য যৌন উত্তেজক ও অ্যালকোহলযুক্ত এনার্জি ড্রিংক উৎপাদন, বাজারজাত ও বিজ্ঞাপন নিষিদ্ধ করার সিদ্ধান্ত নিয়েছে। কর্তৃপক্ষ জানায়, নির্ধারিত ১৪৫ মিলিগ্রামের বদলে কিছু পানীয়তে প্রতি কেজিতে ৩২০ মিলিগ্রাম ক্যাফেইন পাওয়া গেছে এবং নিষেধাজ্ঞা কার্যকর করতে বাণিজ্য মন্ত্রণালয় ও কাস্টমসকে চিঠি দেওয়া হবে।",16.67,10.34,16.67
news-46057267,"বাংলাদেশ জাতীয় ঐক্য ফ্রন্টের সঙ্গে প্রধানমন্ত্রী শেখ হাসিনার নেতৃত্বে সরকারী দলের যে সংলাপ হবে আজ বৃহস্পতিবার সন্ধ্যায়, সেখানে কতটা ছাড় দিতে রাজী আওয়ামী লীগ?","আওয়ামী লীগের প্রেসিডিয়াম সদস্য আবদুর রাজ্জাক বলেন, সংসদ ভেঙে নিরপেক্ষ বা তত্ত্বাবধায়ক সরকার গঠনের দাবি মানার সুযোগ নেই, তবে অন্যান্য ছোটখাটো বিষয় ও নির্বাচন কমিশনের কর্তৃত্ব নিয়ে সমঝোতা হতে পারে। তিনি আশা প্রকাশ করেন, বিএনপি অতীতের মতো নির্বাচন বর্জন না করে সংলাপের মাধ্যমে সুষ্ঠু নির্বাচনের নিশ্চয়তা নিয়ে সমঝোতায় পৌঁছে নির্বাচনে অংশ নেবে; খালেদা জিয়ার মুক্তির বিষয়টি আপিল বিভাগের সিদ্ধান্তের ওপর নির্ভরশীল।",2.35,0.0,2.35
news-54354289,করোনাভাইরাসের কারণে দেশের শিক্ষা প্রতিষ্ঠানগুলোয় ছুটি আরেক দফা বাড়ানোর সিদ্ধান্ত নিয়েছে সরকার।,"করোনাভাইরাস সংক্রমণের কারণে শিক্ষাপ্রতিষ্ঠানের ছুটি আরও বাড়বে; কবে পর্যন্ত বাড়ানো হবে, তা শিগগির জানানো হবে। এইচএসসি পরীক্ষা নিয়ে আগামী সোম বা মঙ্গলবার সিদ্ধান্ত জানানো হবে—পরীক্ষা হলে অন্তত চার সপ্তাহের প্রস্তুতির সময় দেওয়া হবে, তবে পরীক্ষা ছাড়াই মূল্যায়নের বিকল্পও বিবেচনায় রয়েছে।",11.32,0.0,11.32
news-51527453,"আফ্রিকার কয়েকটি দেশের পর পাকিস্তান এবং সর্বশেষ ভারতে আক্রমণ চালানোর পর বাংলাদেশেও পঙ্গপালের আক্রমণ হতে পারে, এমন আশংকার কথা বলছে কৃষি সম্প্রসারণ অধিদপ্তর। তবে সে ঝুঁকি এ বছরের চেয়ে আগামী বছর বেশি।","আফ্রিকা, পাকিস্তান ও ভারতের পর বাংলাদেশেও পঙ্গপালের আক্রমণের আশঙ্কায় কৃষি মন্ত্রণালয় সতর্কতা ও প্রস্তুতি নিতে বলেছে, যদিও চলতি বছরে ঝুঁকি কম এবং গত ৫৫ বছরে এ অঞ্চলে এমন আক্রমণ হয়নি। পঙ্গপাল দলবদ্ধ হলে বিপুল ফসল ধ্বংস করতে পারে; সম্ভাব্য হামলা ঠেকাতে সরকার এফএওর সঙ্গে যোগাযোগ রাখছে, তবে কার্যকর প্রতিরোধব্যবস্থা সীমিত এবং কীটনাশক ছিটালে উপকারী পোকাও মারা যেতে পারে।",26.67,4.55,15.56
news-44996318,ওয়েস্ট ইন্ডিজকে ১৮ রানে হারিয়ে নয় বছর পর বিদেশের মাটিতে আবার কোন সিরিজ জিতল বাংলাদেশের ক্রিকেটাররা।,"বাংলাদেশ সেন্ট কিটসে তৃতীয় ওয়ানডেতে ওয়েস্ট ইন্ডিজকে ১৮ রানে হারিয়ে ২-১ ব্যবধানে সিরিজ জিতেছে। তামিম ইকবালের সেঞ্চুরি ও মাহমুদউল্লাহর ৬৭ রানের সুবাদে বাংলাদেশ ৩০১ রান করে, আর ওয়েস্ট ইন্ডিজ ২৮৩ রানে থামে। এই জয়ে নয় বছর পর বিদেশের মাটিতে সিরিজ জিতল বাংলাদেশ, যা আসন্ন টি-টোয়েন্টি সিরিজে দলকে আত্মবিশ্বাস জোগাবে।",35.82,27.69,35.82
news-43109093,"বাংলাদেশ ও শ্রীলংকার মধ্যকার দ্বিতীয় টি-টোয়েন্টি ম্যাচের পরপরই বাংলাদেশের স্কোয়াডে থাকা বেশ কজন ক্রিকেটার ঢাকা ফিরেছেন। খবর পাওয়া গেছে, তাদের মধ্যে অনেকেই রাতের ট্রেনেই রওনা হন।",শ্রীলঙ্কার বিপক্ষে দ্বিতীয় টি-টোয়েন্টি ম্যাচের পর বাংলাদেশের কয়েকজন ক্রিকেটার রাতের ট্রেনে ঢাকায় ফিরে পরদিন ঢাকা প্রিমিয়ার লিগে খেলেছেন। আন্তর্জাতিক ম্যাচের পর বিশ্রাম ছাড়া ঘরোয়া ক্রিকেটে অংশ নেওয়া নিয়ে প্রশ্ন উঠলেও বিসিবির শেখ সোহেল এটিকে পেশাদার ক্রিকেটারদের দায়িত্বের অংশ এবং শৃঙ্খলাবিরোধী নয় বলে মন্তব্য করেছেন।,22.22,8.57,19.44
news-48108387,"অবশেষে বিশ্বকাপ ক্রিকেটের জন্য বাংলাদেশ জাতীয় ক্রিকেট দলের জার্সিতে পরিবর্তন আনছে বাংলাদেশ ক্রিকেট বোর্ড, হাতে ও জার্সির মাঝে লাল রঙ যোগ করা হয়েছে।","বাংলাদেশ ক্রিকেট দলের বিশ্বকাপের সবুজ জার্সিতে লাল রং না থাকায় বিতর্কের পর বিসিবি জার্সির ডিজাইন পরিবর্তনের সিদ্ধান্ত নিয়েছে। বিশ্বকাপের জন্য সবুজ ও লাল—হোম ও অ্যাওয়ে ভিত্তিক দুটি জার্সি থাকবে, আর নতুন ডিজাইনে লাল রং যোগ করতে আইসিসির অনুমোদন নেওয়া হয়েছে।",31.25,6.45,25.0
news-54810886,(অঙ্গরাজ্যগুলোর নাম সংক্ষেপিত। লাল রাজ্যগুলোতে রিপাবলিকান পার্টি বিজয়ী হয়েছে। নীল রাজ্যগুলো ডেমোক্র্যাটদের দখলে) দুই প্রধান প্রার্থীর সর্বশেষ ইলেকটোরাল ভোট সংখ্যা,"যুক্তরাষ্ট্রের প্রেসিডেন্ট নির্বাচনের ফল এখনো চূড়ান্ত না হলেও জো বাইডেন পেনসিলভানিয়ায় এগিয়ে থেকে জয়ের পথে রয়েছেন; সেখানে জিতলে তাঁর ইলেক্টোরাল ভোট ২৫৩ থেকে বেড়ে ২৭৩ হবে। তিনি অ্যারিজোনা, নেভাডা ও জর্জিয়াতেও এগিয়ে আছেন, তবে জর্জিয়ায় ব্যবধান কম হওয়ায় পুনর্গণনা হতে পারে। ট্রাম্পের দল পরাজয় স্বীকার না করে জালিয়াতির অভিযোগ করলেও কোনো প্রমাণ দেয়নি; বিজয়ের জন্য প্রয়োজন ২৭০ ইলেক্টোরাল ভোট।",2.53,0.0,2.53
news-54040351,বাংলাদেশসহ ১২টি দেশের নাগরিকদের প্রবেশে নিষেধাজ্ঞা দিয়েছে মালয়েশিয়ার সরকার। আপাতত ৩১শে ডিসেম্বর পর্যন্ত এই নিষেধাজ্ঞা বহাল থাকবে।,"মালয়েশিয়া ৭ সেপ্টেম্বর থেকে ৩১ ডিসেম্বর পর্যন্ত বাংলাদেশসহ ১২টি দেশের নাগরিকদের প্রবেশে নিষেধাজ্ঞা দিয়েছে, কারণ এসব দেশে দেড় লক্ষের বেশি করোনাভাইরাস রোগী শনাক্ত হয়েছে। বাংলাদেশের পররাষ্ট্র প্রতিমন্ত্রী শাহরিয়ার আলম প্রবাসী ও ভ্রমণপ্রত্যাশীদের এ সময় মালয়েশিয়া যাওয়ার চেষ্টা না করতে সতর্ক করেছেন এবং জানিয়েছেন, নিষেধাজ্ঞা পরিবর্তন হলে সরকার তা জানাবে।",33.33,21.88,24.24
news-51000240,"২০০৪ সালে আমেরিকা ইরাকে দ্বিতীয় দফায় যুদ্ধ শুরু করলো, বিশ্বের বাজারে অপরিশোধিত তেলের দাম রাতারাতি ১০ শতাংশ বেড়ে গিয়েছিল।","ইরান-যুক্তরাষ্ট্র সংঘাতের আশঙ্কায় অপরিশোধিত তেলের দাম সাময়িকভাবে বাড়লেও, ২০০৩ সালের ইরাক যুদ্ধের মতো বড় অস্থিতিশীলতার সম্ভাবনা কম। যুক্তরাষ্ট্রের জ্বালানি-স্বয়ংসম্পূর্ণতা, মধ্যপ্রাচ্যের বাইরে উৎপাদন বৃদ্ধি, ওপেকের কমে যাওয়া প্রভাব এবং উন্নত তথ্যপ্রবাহের কারণে বাজারে এখন বিকল্প সরবরাহ বেশি; তাই দীর্ঘমেয়াদে বড় সংকটের আশঙ্কা নেই, যদিও বাংলাদেশসহ আমদানিনির্ভর দেশগুলো স্বল্পমেয়াদি মূল্যবৃদ্ধিতে ঝুঁকিতে থাকবে।",11.27,5.8,8.45
news-43909556,বাংলাদেশের দক্ষিণাঞ্চলীয় জেলা ভোলায় একটি কমিউনিটি স্বাস্থ্য ক্লিনিকের মেঝে থেকে শত শত বিষধর সাপ বের হওয়ার পর কর্তৃপক্ষ ক্লিনিকটি সাময়িক ভাবে বন্ধ করে দিয়েছে।,ভোলার লালমোহনের পাঙ্গাশিয়া কেরামতিয়া কমিউনিটি ক্লিনিকের আশপাশে গত কয়েকদিনে শত শত বিষধর সাপ ও সাপের বাচ্চা পাওয়ায় এলাকায় আতঙ্ক ছড়িয়েছে। সাপের আনাগোনা বেড়ে যাওয়ায় ক্লিনিকটি বন্ধ করে অন্যত্র স্বাস্থ্যসেবা চালু করা হয়েছে; ভবনের মেঝের নিচে বড় সাপের বাসা থাকতে পারে বলে সন্দেহ করা হচ্ছে।,26.47,12.12,26.47
news-46373177,"ভারতের পশ্চিমবঙ্গ রাজ্যে ট্রান্সজেন্ডার বা রূপান্তরকামী মানুষদের অধিকার রক্ষায় সবথেকে পরিচিত মুখ যিনি, তাঁর বিরুদ্ধেই অভিযোগ উঠেছে যে তিনি এক কিশোরকে তার ইচ্ছার বিরুদ্ধে 'হিজড়া' বানাতে চেষ্টা করেছিলেন।","মুর্শিদাবাদের এক দ্বাদশ শ্রেণির কিশোরের পরিবার অভিযোগ করেছে, মানবী বন্দ্যোপাধ্যায় তাকে ‘হিজড়া’ সম্প্রদায়ের এক দলের কাছে পাঠিয়ে গ্রামে গ্রামে ঘুরে পেশা করতে বাধ্য করেছিলেন; প্রতিবাদ করে কিশোরটি পালিয়ে পাঁচ দিন পর একটি সংস্থার মাধ্যমে পরিবারের কাছে ফিরে আসে। পরিবারটি পশ্চিমবঙ্গ শিশু অধিকার সুরক্ষা কমিশনে অভিযোগ দায়ের করেছে, এবং কমিশন তদন্ত শুরু করেছে; মানবী বন্দ্যোপাধ্যায় এ বিষয়ে কোনো প্রতিক্রিয়া দেননি।",13.79,0.0,6.9
news-49704424,ছয় দিন ধরে সমুদ্রে ভাসমান ৮২জন অভিবাসীকে উদ্ধার করে আনা উদ্ধারকারী জাহাজ ওশান ভাইকিংকে লাম্পেদোসা দ্বীপে ভিড়তে দিল ইটালি এবং অভিবাসীদের বন্দরে নামবার অনুমতি দিল।,"৮২ জন অভিবাসী নিয়ে ওশেন ভাইকিং ইটালির বন্দরে ভিড়েছে, কারণ ইইউর কয়েকটি দেশ তাদের একটি অংশ গ্রহণে সম্মত হয়েছে। ইটালি, ফ্রান্স, জার্মানি, পর্তুগাল ও লুক্সেমবার্গের মধ্যে সাময়িক সমঝোতা অনুযায়ী জার্মানি ২৫ শতাংশ অভিবাসী নেবে, আর অক্টোবরে ইইউ মন্ত্রীরা একটি বৃহত্তর চুক্তির চেষ্টা করবেন।",5.88,0.0,2.94
news-44919573,"""বিশ্বকাপ থেকে ব্রাজিলের বিদায় আমাকে গভীর শোকের মধ্যে ফেলে দিয়েছিল"" এমনটাই জানিয়েছেন এবারের রাশিয়া বিশ্বকাপের সবচেয়ে আলোচিত খেলোয়াড়দের একজন নেইমার।",বেলজিয়ামের কাছে কোয়ার্টার ফাইনালে হেরে ব্রাজিল বিশ্বকাপ থেকে বাদ পড়ায় নেইমার গভীরভাবে হতাশ হলেও পরিবার ও বন্ধুদের কারণে সেই দুঃখ কাটিয়ে ওঠেন। তিনি পিএসজি ছেড়ে রিয়াল মাদ্রিদে যাওয়ার খবরকে গুজব বলে উড়িয়ে দেন এবং মাঠে ফাউলের শিকার হয়ে অতিরিক্ত অভিনয় করার সমালোচনার জবাবে রেফারিদের কাছ থেকে আরও সুরক্ষা দাবি করেন।,8.57,2.94,8.57
news-49080597,"বঙ্গোপসাগরের বাংলাদেশ অংশে মাছধরার ওপর দীর্ঘ ৬৫ দিনের নিষেধাজ্ঞা শেষ হয়েছে মঙ্গলবার, অর্থাৎ আজ বুধবার থেকে জেলেরা সমুদ্রে মাছ ধরতে যেতে পারবেন। কিন্তু এর আগেই জেলেরা এই নিষেধাজ্ঞার কার্যকারিতা নিয়ে প্রশ্ন তুলেছেন।","বাংলাদেশে টানা ৬৫ দিন সাগরে মাছ ধরা নিষিদ্ধ থাকায় বরগুনার জেলেরা জীবিকা ও খাদ্যসংকটে পড়েছেন; সরকারি ৪০ কেজি চালের সহায়তাও কেবল নিবন্ধিত জেলেদের জন্য এবং অপর্যাপ্ত বলে অভিযোগ। জেলেরা দাবি করছেন, এই নিষেধাজ্ঞার সুযোগে ভারতীয় জেলেরা বাংলাদেশের জলসীমায় ঢুকে মাছ ধরেছে এবং দুই দেশের নিষেধাজ্ঞার সময় এক করা উচিত; তবে কর্তৃপক্ষ বলছে, নজরদারি জোরদার রয়েছে ও নিষেধাজ্ঞায় মাছের উৎপাদন বেড়েছে।",13.04,2.22,10.87
news-48918960,ম্যানচেস্টারের ওল্ড ট্র্যাফোর্ড ক্রিকেট গ্রাউন্ডে ভারতকে ১৮ রানে হারিয়ে টানা দ্বিতীয়বারের মতো বিশ্বকাপের ফাইনালে উঠেছে নিউজিল্যান্ড।,"নিউজিল্যান্ডের পেসারদের দাপটে ভারত শুরুতেই ৫ রানে ৩ উইকেট হারালেও রবীন্দ্র জাদেজার ৭৭ ও মহেন্দ্র সিং ধোনির ৫০ রানের ইনিংস দলকে লড়াইয়ে ফেরায়। বৃষ্টির কারণে রিজার্ভ ডেতে গড়ানো ম্যাচে ২৪০ রানের লক্ষ্য তাড়া করে ভারত ২২১ রানে অলআউট হয়, ফলে নিউজিল্যান্ড ফাইনালে ওঠে।",10.17,0.0,6.78
news-40868657,নকলের বেশ কিছু অভিযোগ পাওয়ার পর শ্রীলঙ্কায় পরীক্ষার হলে মেয়েদের নিকাব পরা নিষিদ্ধ করা হয়েছে।,"শ্রীলঙ্কায় এ লেভেল পরীক্ষায় নকল ঠেকাতে মঙ্গলবার থেকে পরীক্ষার হলে হিজাব ও বোরকা নিষিদ্ধ করা হয়েছে। কর্তৃপক্ষের দাবি, বোরকা ও পোশাকে লুকানো ব্লুটুথ, মাইক্রোফোন এবং অন্য পরীক্ষার্থীর হয়ে পরীক্ষা দেওয়ার ঘটনা ধরা পড়ায় এ সিদ্ধান্ত নেওয়া হয়েছে; মুসলিম নেতারাও এবার সিদ্ধান্তটির যৌক্তিকতা মেনে নিয়েছেন।",20.34,10.53,20.34
news-47142329,"পোপ ফ্রান্সিস স্বীকার করেছেন যে, গির্জার যাজকরা নানদের যৌন নিপীড়ন করেছেন। এমনকি অনেক যাজক নানদের যৌনদাসী করেও রেখেছিলেন।","পোপ ফ্রান্সিস প্রথমবারের মতো স্বীকার করেছেন যে যাজক ও বিশপদের হাতে নানরা যৌন নিপীড়নের শিকার হয়েছেন এবং সমস্যাটি এখনো পুরোপুরি বন্ধ হয়নি। তিনি জানান, গির্জা এ বিষয়ে ব্যবস্থা নিচ্ছে, কয়েকজন যাজককে বরখাস্ত করা হয়েছে এবং পোপ বেনেডিক্ট এমন একটি প্রতিষ্ঠান বন্ধ করেছিলেন যেখানে নিপীড়ন যৌন দাসত্বে রূপ নিয়েছিল। নারীদের সংগঠনগুলো এই স্বীকারোক্তিকে স্বাগত জানালেও গির্জার আরও কঠোর ও কার্যকর পদক্ষেপ দাবি করেছে।",22.5,7.69,17.5
news-47155147,বাংলাদেশে সরকারি স্কুল-কলেজের শিক্ষকদের কোচিং বাণিজ্য অবৈধ বলে রায় দিয়েছে হাইকোর্ট। সেই সঙ্গে শিক্ষকদের কোচিং বাণিজ্য বন্ধের নীতিমালা-২০১২কে বৈধ বলে রায় এসেছে।,"হাইকোর্ট রায় দিয়েছেন, সরকারি স্কুল-কলেজের শিক্ষকরা অর্থের বিনিময়ে শিক্ষার্থীদের পড়াতে পারবেন না এবং কোচিং বাণিজ্য বন্ধে সরকারের ২০১২ সালের নীতিমালা বৈধ। তবে বেসরকারি প্রতিষ্ঠান, যেমন ভিকারুননিসা নূন স্কুল ও কলেজের ক্ষেত্রে এই নীতিমালা প্রযোজ্য নয়; পরিচালনা বোর্ডের অনুমতি নিয়ে কোচিং করানো যাবে। আদালত দুদককে কোচিং বাণিজ্যের পাশাপাশি অর্থপাচার, ভূমি, কাস্টমস ও বন্দরের দুর্নীতির মতো বড় অপরাধে আরও নজর দেওয়ার পরামর্শ দিয়েছে।",25.58,7.14,16.28
news-41591178,সুইডেনের গবেষকেরা ভাইকিংদের একটি কবরস্থান থেকে শেষকৃত্যের এমন কিছু সরঞ্জাম উদ্ধার করেছেন যেগুলোতে আরবী শব্দ লেখা রয়েছে।,"নবম ও দশম শতাব্দীর ভাইকিং কবর থেকে উদ্ধার পোশাক ও আংটিতে কুফিক আরবি লিপিতে ‘আল্লাহ’ ও ‘আলী’ শব্দ পাওয়া গেছে, যা ভাইকিংদের সঙ্গে মুসলিম বিশ্বের প্রাচীন যোগাযোগ বা ইসলামের প্রভাবের ইঙ্গিত দিতে পারে। গবেষকদের মতে, কবরগুলোর কিছু ব্যক্তি পারস্য থেকে আসা মুসলিমও হতে পারেন, তবে এসব শিলালিপির অর্থ ও শিয়া ইসলামের সঙ্গে সম্ভাব্য সম্পর্ক নিয়ে এখনও বিতর্ক রয়েছে।",16.0,0.0,10.67
news-51073934,"যুক্তরাষ্ট্রের প্রেসিডেন্ট ডোনাল্ড ট্রাম্প বলেছেন, ইরানের শীর্ষ জেনারেলকে যখন হত্যা করা হয় তখন চারটি মার্কিন দূতাবাসে হামলার পরিকল্পনা করছিল তেহরান।","ট্রাম্প ও পররাষ্ট্রমন্ত্রী মাইক পম্পেও দাবি করেছেন, কাসেম সোলেইমানি মার্কিন দূতাবাসগুলোতে আসন্ন হামলার পরিকল্পনা করছিলেন, তবে ডেমোক্র্যাট আইনপ্রণেতারা বলেছেন, গোয়েন্দা তথ্যে এমন কোনো নির্দিষ্ট প্রমাণ নেই। এ নিয়ে কংগ্রেসে অসন্তোষের মধ্যেই প্রতিনিধি পরিষদ ট্রাম্পের ইরানের বিরুদ্ধে যুদ্ধক্ষমতা সীমিত করার পক্ষে ভোট দেয় এবং যুক্তরাষ্ট্র ইরানের ওপর নতুন নিষেধাজ্ঞা আরোপ করে।",17.14,2.94,11.43
news-46052915,প্যারালাইজড বা পক্ষাঘাতগ্রস্ত তিনজন মানুষ যাদেরকে বলা হয়েছিল যে তাদের বাকি জীবনটা হুইলচেয়ারেই কাটিয়ে দিতে হবে। কিন্তু সেই মানুষদের পক্ষেই আবারো হাঁটা সম্ভব হয়েছে।,"সুইজারল্যান্ডের চিকিৎসকেরা পক্ষাঘাতগ্রস্ত তিন ব্যক্তির মেরুদণ্ডে বৈদ্যুতিক ইমপ্ল্যান্ট বসিয়ে মস্তিষ্ক থেকে পায়ে সংকেত পৌঁছানোর সক্ষমতা বাড়িয়েছেন, ফলে তারা হাঁটা বা সাইকেল চালানোর মতো কাজ করতে পেরেছেন। তবে চিকিৎসাটি এখনো ব্যয়বহুল, অস্বস্তিকর ও দৈনন্দিন ব্যবহারের জন্য পুরোপুরি নির্ভরযোগ্য নয়; গবেষকেরা ভবিষ্যতে বড় পরিসরে পরীক্ষা চালিয়ে এটি আরও কার্যকর ও সহজলভ্য করার পরিকল্পনা করছেন।",7.89,0.0,5.26
news-51401402,ভারতের অযোধ্যায় ভেঙে ফেলা বাবরি মসজিদ থেকে প্রায় ২৫ কিলোমিটার দূরে নতুন মসজিদ তৈরির জন্য সরকার জমি বরাদ্দ করার পর দেশের বেশ কয়েকটি প্রভাবশালী মুসলিম সংগঠন তা গ্রহণ করতে অস্বীকার করেছে।,সুপ্রিম কোর্টের নির্দেশে উত্তরপ্রদেশ সরকার অযোধ্যা থেকে ১৮ কিলোমিটার দূরে ধন্নিপুর গ্রামে বিকল্প মসজিদের জন্য পাঁচ একর জমি নির্ধারণ করেছে। তবে বহু মুসলিম নেতা ও সংগঠন জমিটি অযোধ্যার উল্লেখযোগ্য স্থানে নয় এবং বাবরি মসজিদের বিকল্প হতে পারে না বলে তা প্রত্যাখ্যানের পক্ষে মত দিয়েছেন; সুন্নি ওয়াকফ বোর্ড চূড়ান্ত সিদ্ধান্ত নেবে।,27.16,2.53,19.75
news-51956261,বাংলাদেশে আরো ৩ জনের মধ্যে করোনাইরাস শনাক্ত করা হয়েছে। এ নিয়ে মোট আক্রান্তের সংখ্যা দাড়ালো ১৭ জন।,"বাংলাদেশে নতুন করে একই পরিবারের তিনজন করোনাভাইরাসে আক্রান্ত হওয়ায় মোট আক্রান্তের সংখ্যা ১৭ জনে দাঁড়িয়েছে; মৃতের সংখ্যা একজনই রয়েছে। নতুন আক্রান্তরা স্থানীয়ভাবে সংক্রমিত হলেও আগে আক্রান্ত ইতালিফেরত প্রবাসীর সংস্পর্শে এসেছিলেন। স্বাস্থ্য অধিদপ্তর বিদেশফেরতদের কোয়ারেন্টিন মেনে চলা, না মানলে আইনশৃঙ্খলা বাহিনীকে জানানো, পরীক্ষার কিট বাড়ানো এবং দেশের বিভিন্ন বিভাগে পরীক্ষার সুবিধা সম্প্রসারণের কথা জানিয়েছে।",14.29,5.88,14.29
news-40197376,পায়ে একটি নতুন ট্যাটু আঁকার দুই মাস পর এক মাংসখেকো ব্যাকটেরিয়ার সংক্রমণে মারা গেছেন যুক্তরাষ্ট্রের টেক্সাসের এক ব্যক্তি।,"“যিশু আমার জীবন” লেখা নতুন ট্যাটু করার পাঁচ দিন পর মেক্সিকো উপসাগরে সাঁতার কাটার পর এক ব্যক্তি ভিব্রিও ভালনিফিকাস ব্যাকটেরিয়ায় আক্রান্ত হয়ে সেপটিক শকে চলে যান; তার অ্যালকোহলজনিত সিরোসিসের ইতিহাসও ছিল। চিকিৎসকেরা জানান, উষ্ণ উপকূলীয় পানিতে এ ব্যাকটেরিয়ার সংক্রমণের ঝুঁকি বাড়ে, তাই নতুন ট্যাটু ঢেকে রাখা এবং তা শুকানো পর্যন্ত সাঁতার না কাটার পরামর্শ দেন।",16.44,8.45,13.7
news-42483847,ক্রিসমাসের দিন নর্থ সী-তে ব্রিটেনের কাছাকাছি চলে এসেছিল এক রুশ যুদ্ধজাহাজ 'এডমিরাল গোর্শকভ'। দূর থেকে এটিকে চোখে চোখে রেখেছে ব্রিটিশ যুদ্ধজাহাজ।,"ব্রিটিশ যুদ্ধজাহাজ এইচএমএস সেন্ট অলবান্স রাশিয়ার অত্যাধুনিক গাইডেড-মিসাইল যুদ্ধজাহাজ এডমিরাল গোর্শকভকে ব্রিটেনের জলসীমার কাছে নজরদারি ও এসকর্ট করেছে। রুশ নৌবাহিনীর সাম্প্রতিক তৎপরতা, বিশেষ করে সমুদ্রতলের ইন্টারনেট কেবল নিয়ে সম্ভাব্য হুমকি, ঘিরে দুই দেশের উত্তেজনা বেড়েছে; ব্রিটিশ প্রতিরক্ষামন্ত্রী জলসীমা রক্ষায় আগ্রাসন সহ্য না করার কথা বলেছেন।",17.65,6.06,8.82
160619_algeria_exam_cheating_facebook_social_media,আফ্রিকার দেশ আলজেরিয়ায় পরীক্ষায় নকল ও প্রশ্ন ফাঁস করতে নজিরবিহীন এক উদ্যোগ নিয়েছে।,"প্রশ্নফাঁস ও নকল ঠেকাতে আলজেরিয়া পরীক্ষার সময় সাময়িকভাবে সামাজিক যোগাযোগমাধ্যম বন্ধ করেছে। এর আগে অনলাইনে প্রশ্ন ফাঁসের কারণে অর্ধেকেরও বেশি শিক্ষার্থীকে পুনরায় পরীক্ষা দিতে হয়েছিল, এবং কর্মকর্তারা শিক্ষার্থীদের সুরক্ষার জন্যই এই সিদ্ধান্ত নেওয়ার কথা জানিয়েছেন।",12.5,0.0,8.33
news-56939172,কারাগারে থাকা হেফাজতে ইসলামের বিলুপ্ত কমিটির যুগ্ম মহাসচিব মামুনুল হকের বিরুদ্ধে ধর্ষণের মামলা দায়ের করেছেন তার কথিত দ্বিতীয় স্ত্রী।,"মামুনুল হককে ১৮ এপ্রিল সহিংসতার কয়েকটি মামলায় গ্রেফতারের ১২ দিন পর তার কথিত দ্বিতীয় স্ত্রী সোনারগাঁও থানায় ধর্ষণের মামলা করেন। অভিযোগে বলা হয়েছে, ৩ এপ্রিল নারায়ণগঞ্জের একটি রিসোর্টে মামুনুল হক তাকে জোরপূর্বক আটকে রেখে ধর্ষণ করেন; তবে মামুনুল হক দাবি করেছিলেন, ওই নারী তার শরিয়তসম্মত দ্বিতীয় স্ত্রী।",21.21,12.5,18.18
news-51691098,"""আমি নিশ্চিত ছিলাম না যে কী হচ্ছিলো। যখন ডাক্তারদের জিজ্ঞেস করলাম তারা বললো সবকিছু ঠিক আছে।""","কেরালার ২০ বছর বয়সী মেডিকেল ছাত্রী রাফিয়া চীনের উহান থেকে ফিরে করোনাভাইরাসে আক্রান্ত ভারতের প্রথম ব্যক্তি হন, যদিও বিমানবন্দরের স্ক্রিনিংয়ে তাঁর কোনো উপসর্গ ধরা পড়েনি। প্রায় ২০ দিন হাসপাতালে বিচ্ছিন্ন থেকে ইতিবাচক মনোভাব ও চিকিৎসায় সুস্থ হওয়ার পর তিনি পরিবারসহ কোয়ারেন্টিনে থাকেন এবং ভবিষ্যতে রোগীদের তাদের অবস্থার বিষয়ে স্পষ্টভাবে জানাবেন বলে জানান।",0.0,0.0,0.0
news-40724854,"""পানির নীচে রাস্তা ভালো""। অদ্ভুত এই বক্তব্যটি লেখা রয়েছে ঢাকার ট্রাফিক বিভাগের একটি সাইনবোর্ডে।","ঢাকার র‍্যাডিসন হোটেল সংলগ্ন ফ্লাইওভারের গোড়ায় জলমগ্ন সড়কে যানবাহন চলাচল স্বাভাবিক রাখতে ট্রাফিক বিভাগ সাইনবোর্ড দিয়েছে—পানির নিচে কোনো লুকানো বিপদ নেই, তাই চলাচল করা যাবে। টানা বৃষ্টিতে ঢাকা শহরে তীব্র জলাবদ্ধতা ও যানজট সৃষ্টি হয়ে মানুষের ব্যাপক ভোগান্তি হয়েছে, যা নিয়ে সামাজিক যোগাযোগমাধ্যমে অনেকে ক্ষোভ, রসিকতা ও জরুরি অবস্থা ঘোষণার দাবি জানিয়েছেন।",8.82,0.0,5.88
news-47401125,ভারতের এয়ারফোর্স পাইলট নাটকীয় ঘটনার মধ্য দিয়ে পাকিস্তানি বাহিনীর হাতে আটক হন বলে প্রত্যক্ষদর্শীদের বর্ণনায় জানা যাচ্ছে।,পাকিস্তান-নিয়ন্ত্রিত কাশ্মীরে ভারতীয় মিগ-২১ ভূপাতিত হওয়ার পর পাইলট উইং কমান্ডার আভিনন্দন বর্তমানকে গ্রামবাসীরা ধাওয়া করে; তিনি আত্মরক্ষায় গুলি চালালে তাঁকে লক্ষ্য করে পাথর ছোড়া হয় এবং একপর্যায়ে তাঁর পায়ে গুলি করে অস্ত্র কেড়ে নেওয়া হয়। পাকিস্তানের প্রধানমন্ত্রী ইমরান খান উত্তেজনা কমানোর লক্ষ্যে শুক্রবার তাঁকে মুক্তি দেওয়ার ঘোষণা দিয়েছেন; পাকিস্তান পরে তাঁর সঙ্গে ভালো আচরণের ভিডিওও প্রকাশ করে।,2.63,0.0,2.63
news-51740696,ভারতের বিতর্কিত নাগরিকত্ব আইনের বৈধতাকে চ্যালেঞ্জ করে সে দেশের সুপ্রিম কোর্টে দায়ের করা একটি মামলায় 'আদালতের বন্ধু' হতে চেয়ে ভারতকে চরম বিব্রতকর অবস্থায় ফেলেছে জাতিসংঘের মানবাধিকার কমিশন।,"ভারতের বিতর্কিত নাগরিকত্ব আইনকে চ্যালেঞ্জ করা মামলায় জাতিসংঘের মানবাধিকার হাইকমিশনার মিশেল ব্যাচেলের কার্যালয় ‘অ্যামিকাস কিউরি’ হিসেবে হস্তক্ষেপের আবেদন করেছে। ভারত এটিকে অভ্যন্তরীণ বিষয়ে হস্তক্ষেপ বলে প্রত্যাখ্যান করলেও আইন বিশেষজ্ঞরা মনে করছেন, জনস্বার্থ মামলায় এমন আবেদন করার আইনগত অধিকার জাতিসংঘের সংস্থাটির রয়েছে এবং সিদ্ধান্তটি ভারতের আন্তর্জাতিক ভাবমূর্তির অবনতির ইঙ্গিত দিচ্ছে। আবেদনটি গ্রহণ ও এর ভূমিকা নির্ধারণের পুরো বিষয়টি ভারতের সুপ্রিম কোর্টের ওপর নির্ভর করছে।",20.0,6.82,17.78
news-43068289,১০০ গোলের ক্লাবে একমাত্র সদস্য - ক্রিশ্চিয়ানো রোনালদো।,"রেয়াল মাদ্রিদের হয়ে পিএসজির বিপক্ষে দুই গোল করে ক্রিশ্চিয়ানো রোনালদো এক ক্লাবের হয়ে চ্যাম্পিয়ন্স লিগে ১০০ গোল করা একমাত্র খেলোয়াড় হয়েছেন। ম্যানচেস্টার ইউনাইটেডের হয়ে করা ১৫ গোলসহ তাঁর মোট গোল ১১৬টি, যা লিওনেল মেসির চেয়ে ১৯টি বেশি; এমনকি টুর্নামেন্টে অংশ নেওয়া ১৩৭ ক্লাবের ১১৮টির মোট গোলও তাঁর চেয়ে কম।",14.29,3.7,7.14
news-44052002,মিয়ানমারে রোহিঙ্গাদের ওপর মানবতা-বিরোধী অপরাধ সংঘটন হয়েছে কি হয়নি - তার তদন্তের জন্য দি হেগের আন্তর্জাতিক অপরাধ আদালতের বিচারকদের অনুমতি চেয়েছেন আদালতেরই একজন আইনজীবী।,"মিয়ানমার আইসিসির সদস্য না হলেও রোহিঙ্গাদের ওপর সংঘটিত অপরাধে বাংলাদেশ ক্ষতিগ্রস্ত হওয়ায় তদন্তের এখতিয়ার রয়েছে—এই যুক্তিতে আইসিসি বাংলাদেশ সরকারের মতামত চেয়েছে। রোহিঙ্গাদের বাংলাদেশে আসার প্রেক্ষাপট, আইসিসির এখতিয়ার এবং তদন্ত অনুমোদনের অন্যান্য বিষয়ে ১১ জুনের মধ্যে লিখিত জবাব দিতে হবে। বাংলাদেশের বক্তব্য তদন্তের অনুমতিতে গুরুত্বপূর্ণ হলেও, এতে দেশটি কূটনৈতিকভাবে অস্বস্তিতে পড়তে পারে এবং তদন্ত শুরু হলেও প্রক্রিয়াটি দীর্ঘ হতে পারে।",7.14,2.44,7.14
news-46892324,বাংলাদেশে বিএনপিসহ বিরোধীদলগুলোর জোট জাতীয় ঐক্যফ্রন্টের নেয়া নাগরিক সংলাপের উদ্যোগ অনিশ্চয়তায় পড়েছে।,"জাতীয় ঐক্যফ্রন্টের প্রস্তাবিত ‘নাগরিক সংলাপ’ নাগরিক সমাজের সাড়া না পাওয়া, নির্বাচনের পর ভয়ের পরিবেশ এবং বিএনপির অভ্যন্তরীণ মতপার্থক্যের কারণে অনিশ্চিত হয়ে পড়েছে। জোটের কিছু নেতা সংলাপের প্রস্তুতি চালিয়ে গেলেও এর উদ্দেশ্য ও সম্ভাব্য ফলাফল নিয়ে বিশ্লেষক ও বিএনপির নেতাদের মধ্যে সংশয় রয়েছে।",18.52,3.85,14.81
48290969,ঢাকার শিশু হাসপাতালের টয়লেট থেকে উদ্ধার হওয়া নবজাতককে হাসপাতাল থেকে স্থানান্তর করা হয়েছে বলে নিশ্চিত করেছে কর্তৃপক্ষ।,ঢাকার শিশু হাসপাতালের টয়লেট থেকে উদ্ধার হওয়া কন্যাশিশুটির স্বাস্থ্যের উন্নতি হয়েছে এবং তাকে পুলিশের উপস্থিতিতে সমাজসেবা অধিদফতরের আজিমপুরের ছোটমনি নিবাসে পাঠানো হয়েছে। শিশুটিকে দত্তক নিতে দেশ-বিদেশের অনেকে আগ্রহ প্রকাশ করলেও পুলিশ তার প্রকৃত অভিভাবকদের খুঁজছে এবং টয়লেটে ফেলে যাওয়ার ঘটনা তদন্ত করছে। অভিভাবক না মিললে সমাজসেবা অধিদফতরে আবেদন ও আদালতের অনুমোদনের মাধ্যমে আইনগত প্রক্রিয়ায় শিশুটির অভিভাবকত্ব দেওয়া হবে।,21.05,16.22,21.05
news-47292737,"পাকিস্তানের প্রধানমন্ত্রী ইমরান খান বলেছেন, ভারত যদি পাকিস্তানের বিরুদ্ধে সামরিক পদক্ষেপ নেয় - তাহলে পাকিস্তানও পাল্টা ব্যবস্থা নেবে।","পুলওয়ামায় আত্মঘাতী হামলায় অন্তত ৪০ আধাসামরিক সদস্য নিহত হওয়ার পর ভারত-পাকিস্তানের মধ্যে তীব্র উত্তেজনা দেখা দিয়েছে। পাকিস্তানের প্রধানমন্ত্রী ইমরান খান হামলায় পাকিস্তানের জড়িত থাকার প্রমাণ দিতে ভারতকে আহ্বান জানিয়ে বলেন, ভারত সামরিক পদক্ষেপ নিলে পাকিস্তান পাল্টা জবাব দেবে। ভারত হামলার জন্য পাকিস্তান ও আইএসআইকে দায়ী করে জৈশ-এ-মোহাম্মদের বিরুদ্ধে ব্যবস্থা এবং কূটনৈতিক চাপ বাড়ানোর উদ্যোগ নিয়েছে, যদিও পাকিস্তান অভিযোগ অস্বীকার করেছে।",27.5,10.26,22.5
news-51030312,"ইরানের সর্বোচ্চ নেতা আয়াতোল্লাহ আলী খামেনি বলেছেন, ইরাকে মার্কিন ঘাঁটিতে হামলার মাধ্যমে তারা আমেরিকার 'মুখে চপেটাঘাত' করেছেন।","ইরানের সর্বোচ্চ নেতা আয়াতুল্লাহ খামেনি জানান, ইরাকের দুটি মার্কিন ঘাঁটিতে ক্ষেপণাস্ত্র হামলা সফল হয়েছে এবং এটি ইরানের পাল্টা জবাব। তিনি বলেন, সামরিক হামলার চেয়েও গুরুত্বপূর্ণ হলো ইরান থেকে মার্কিন উপস্থিতি শেষ করা, তবে ইরান শান্তিকামী দেশ এবং আক্রমণের জবাব দেওয়ার ক্ষমতা রাখে।",23.73,10.53,23.73
news-43888424,উত্তর কোরিয়ার নেতা কিম জং আনের সাথে মার্কিন প্রেসিডেন্ট ডোনাল্ড ট্রাম্পের আলোচনা সত্যিই হবে কিনা সে নিয়ে অনেকের মনে সন্দেহ রয়েছে।,"উত্তর কোরিয়া বহির্বিশ্বের আক্রমণ ঠেকাতে পারমাণবিক অস্ত্রকে একমাত্র উপায় মনে করে এবং এ পর্যন্ত ছয়টি পারমাণবিক পরীক্ষা চালিয়েছে; দূরপাল্লার ক্ষেপণাস্ত্রে বহনযোগ্য ক্ষুদ্র অস্ত্র তৈরির দাবি করলেও তা স্বাধীনভাবে যাচাই হয়নি। দক্ষিণ কোরিয়া ও জাপানের ওপর হামলার ঝুঁকি, চীনের সমর্থন এবং সম্ভাব্য বিধ্বংসী প্রতিশোধের কারণে কিম জং আনকে অপসারণ কঠিন। তবে দক্ষিণ কোরিয়া ও যুক্তরাষ্ট্রের সঙ্গে আলোচনার উদ্যোগের পর পিয়ংইয়ং আপাতত পারমাণবিক কর্মসূচি স্থগিত করেছে, এবং ট্রাম্প-কিম বৈঠকের সম্ভাবনা তৈরি হয়েছে।",8.7,2.22,6.52
news-53388383,ব্যাটেল অফ ব্রিটেন শুরু হওয়ার ৮০ বছর পূর্তি হলো এই বছরের ১০ই জুলাই। দ্বিতীয় বিশ্বযুদ্ধ চলার সময় ব্রিটেনের রয়্যাল এয়ারফোর্স এবং নাৎসি জার্মানির বিমান বাহিনীর মধ্যে আকাশে ওই যুদ্ধ হয়েছিল।,"১৩ বছর বয়সী গণিতে দক্ষ হ্যাজেল হিল তাঁর পিতা ফ্রেড হিলকে স্পিটফায়ার যুদ্ধবিমানে আটটি আগ্নেয়াস্ত্র সঠিকভাবে বিন্যাসের হিসাব করতে সাহায্য করেন। এই নকশাগত পরিবর্তন বিমানটির সক্ষমতা বাড়িয়ে দ্বিতীয় বিশ্বযুদ্ধে ব্রিটেনের বিজয়ে গুরুত্বপূর্ণ ভূমিকা রাখে, যা পরে রয়্যাল এয়ার ফোর্সও স্বীকৃতি দেয়।",14.08,0.0,14.08
news-54467675,"ভারতের চীনা দূতাবাস এক নজিরবিহীন চিঠি পাঠিয়ে সে দেশের সংবাদমাধ্যমকে স্মরণ করিয়ে দিয়েছে, তারা যেন তাদের দেশের সরকারের অনুসৃত 'ওয়ান চায়না' বা 'এক চীন' নীতি থেকে বিচ্যুত না হয়।",তাইওয়ানের জাতীয় দিবসের আগে চীনা দূতাবাস ভারতীয় মিডিয়াকে তাইওয়ানকে ‘দেশ’ বা তার নেতাকে ‘প্রেসিডেন্ট’ হিসেবে উল্লেখ না করার নির্দেশ দিয়েছে এবং ‘এক চীন’ নীতি মেনে চলার কথা স্মরণ করিয়ে দিয়েছে। লাদাখ সীমান্তে উত্তেজনার প্রেক্ষাপটে দেওয়া এই হুঁশিয়ারির পরও ভারতীয় মিডিয়া আনুষ্ঠানিক প্রতিক্রিয়া জানায়নি; তবে তাইওয়ানের বিজ্ঞাপন পাওয়ার সুযোগ ও চীনা কোম্পানির বিজ্ঞাপন হারানোর আশঙ্কার মধ্যে তারা চাপের মুখে রয়েছে।,25.0,11.63,15.91
news-46621512,একাদশ জাতীয় সংসদ নির্বাচনের আনুষ্ঠানিক প্রচার শুরুর পর থেকেই আলোচনায় নোয়াখালী। কারণ এই জেলার ৬টি নির্বাচনী আসনের ৫টিতেই বিভিন্ন সময় সংর্ঘষ-সহিংসতার কারণে জাতীয় গণমাধ্যমে খবরের শিরোনাম হয়েছে।,"নোয়াখালী-১ আসনে আওয়ামী লীগ-বিএনপির সংঘর্ষের পর ভোটারদের মধ্যে আতঙ্ক ও অনিশ্চয়তা তৈরি হয়েছে; অনেকে সুষ্ঠু পরিবেশ না হলে ভোট দিতে যাবেন না বলে জানিয়েছেন। সহিংসতার কারণে বিএনপির প্রচারণা স্থবির হলেও প্রার্থী মাহবুব উদ্দিন খোকন জয়ের আশাবাদী, আর আওয়ামী লীগের প্রার্থী এইচ এম ইব্রাহিম উন্নয়নের ভিত্তিতে জয়ের দাবি করছেন। প্রশাসন শান্তিপূর্ণ ও উৎসবমুখর ভোটের আশ্বাস দিলেও নির্বাচনের পরিবেশ নিয়ে শঙ্কা এখনো কাটেনি।",13.19,2.25,6.59
news-53245321,নতুন এক গবেষণায় উঠে এসেছে যে জিনজিয়াংয়ে উইগর মুসলিমদের জনসংখ্যা নিয়ন্ত্রণের লক্ষ্যে মুসলিম নারীদের দেহে জোর করে জন্মনিয়ন্ত্রণকারী যন্ত্র বাসনো বা বন্ধ্যা করানোর কার্যক্রম পরিচালনা করছে চীন।,"আদ্রিয়ান জেনজের এক প্রতিবেদনে অভিযোগ করা হয়েছে, জিনজিয়াংয়ে উইগুর ও অন্যান্য সংখ্যালঘু নারীদের অতিরিক্ত সন্তান নেওয়ার জন্য জরিমানা, আটক ও ক্যাম্পে পাঠানোর হুমকি দেওয়া হচ্ছে এবং জোর করে আইইউডি স্থাপন বা বন্ধ্যাকরণ করা হচ্ছে। আন্তর্জাতিক মহল জাতিসংঘের তদন্ত দাবি করলেও চীন এসব অভিযোগকে ‘ভিত্তিহীন’ ও মিথ্যা তথ্য বলে প্রত্যাখ্যান করেছে।",18.18,2.67,18.18
news-55446980,"বিজ্ঞানীরা বলছেন যে কোন ভাইরাস সময়ের সাথে সাথে তাদের ধরন ,গতি, প্রকৃতি পরিবর্তন করে। এটাই স্বাভাবিক।","বাংলাদেশে করোনাভাইরাসের নতুন একটি ধরন শনাক্ত হলেও বিজ্ঞানীরা বলছেন, এটি যুক্তরাজ্যের স্ট্রেইনের সঙ্গে পুরোপুরি মেলে না এবং আতঙ্কিত হওয়ার কারণ নেই। সংক্রমণ ঠেকাতে হাত ধোয়া, মাস্ক পরা, সামাজিক দূরত্ব বজায় রাখা, বিমানবন্দরে সতর্কতা ও কোয়ারেন্টিন মেনে চলার পরামর্শ দেওয়া হয়েছে; বড় ধরনের মিউটেশন না হলে বিদ্যমান টিকাই কার্যকর হবে।",9.23,3.17,6.15
news-51988223,"বাংলাদেশে করোনাভাইরাসে আক্রান্ত রোগীদের চিকিৎসা দেওয়ার জন্য ডাক্তার-নার্সদের প্রয়োজনীয় নিরাপত্তা সরঞ্জামের অভাব নিয়ে বিচ্ছিন্নভাবে যে উদ্বেগ গত কয়েকদিন ধরে শোনা যাচ্ছিল, আজ একটি হাসপাতালের জারি করা নোটিসে তার যথার্থতা অনেকটাই প্রকাশ হয়ে পড়েছে।","ঢাকার সরকারি ও বেসরকারি হাসপাতালগুলোতে চিকিৎসাকর্মীদের মাস্ক, পিপিই ও অন্যান্য সুরক্ষা সরঞ্জামের ঘাটতি রয়েছে, ফলে তাদের নিরাপত্তা ও হাসপাতালগুলোর প্রস্তুতি নিয়ে উদ্বেগ তৈরি হয়েছে। সরকার সরঞ্জাম সরবরাহ ও ক্রয়ের উদ্যোগের কথা জানালেও সমন্বয়ের অভাব এবং পর্যাপ্ত প্রস্তুতি না থাকার অভিযোগ রয়েছে; চীন থেকে আরও সরঞ্জাম ও বিশেষজ্ঞ চিকিৎসক-নার্স আনার পরিকল্পনা করা হয়েছে।",13.79,0.0,9.2
news-50228984,যুক্তরাজ্যে আগামী ১২ই ডিসেম্বর সাধারণ নির্বাচন আয়োজনের পক্ষে ভোট দিয়েছে দেশটির পার্লামেন্ট।,"ব্রেক্সিট-সংকটের পর ব্রিটিশ পার্লামেন্ট ৪৩৮-২০ ভোটে আগাম সাধারণ নির্বাচনের প্রস্তাব অনুমোদন করেছে; লর্ড সভার অনুমোদন মিললে ২০১৯ সালের ডিসেম্বরে নির্বাচন হবে। প্রধানমন্ত্রী বরিস জনসন আশা করছেন, এই নির্বাচন ব্রেক্সিট ও পার্লামেন্টের অচলাবস্থা নিরসনে নতুন ম্যান্ডেট দেবে, আর লেবার নেতা জেরেমি করবিন এটিকে দেশ সংস্কারের সুযোগ হিসেবে দেখছেন।",9.84,0.0,6.56
news-45166152,"আপনি যতই চর্বিযুক্ত খাবার খান না কেন, গায়ে মেদ জমার সুযোগ থাকবে না - এও কি সম্ভব?","গবেষকেরা এমন ওষুধ তৈরির সম্ভাবনা দেখছেন, যা পাকস্থলীর ল্যাকটিওসের ‘বাটন’ ছিদ্র বন্ধ করে চর্বি শোষণ কমাতে পারে এবং অতিরিক্ত খাবার খেলেও ওজন বৃদ্ধি রোধ করতে পারে। জিন-পরিবর্তিত ইঁদুরের ওপর পরীক্ষায় উচ্চ চর্বিযুক্ত খাবারেও ওজন তেমন বাড়েনি, তবে মানুষের ক্ষেত্রে কার্যকারিতা, উপযুক্ত মাত্রা ও পার্শ্বপ্রতিক্রিয়া যাচাই করতে আরও গবেষণা প্রয়োজন।",6.06,0.0,3.03
news-51756073,ভারতের রাজধানী দিল্লিতে যে ভয়াবহ সাম্প্রদায়িক দাঙ্গায় প্রায় পঞ্চাশটির মতো প্রাণহানি ও আড়াইশোরও বেশি মানুষ আহত হয়েছেন - তা নিয়ে দেশের পার্লামেন্টে সরকার কোনও আলোচনাই হতে দিচ্ছে না।,"দিল্লির দাঙ্গা নিয়ে আলোচনার দাবিতে টানা তৃতীয় দিন ভারতের সংসদের উভয় কক্ষে বিরোধীদের বিক্ষোভে অধিবেশন মুলতবি হয়; লোকসভার সাত কংগ্রেস সাংসদকে বাজেট অধিবেশন শেষ হওয়া পর্যন্ত suspend করা হয়েছে। স্পিকার ও রাজ্যসভার চেয়ারম্যান পরিস্থিতি স্বাভাবিক না হওয়া পর্যন্ত আলোচনা স্থগিত রেখে হোলির পর বিষয়টি তোলার কথা জানিয়েছেন, যা বিরোধীরা প্রত্যাখ্যান করেছে। তৃণমূল ও কংগ্রেস সরকার ও পুলিশের নীরবতার প্রতিবাদ করলেও দাঙ্গা নিয়ে প্রধানমন্ত্রী বা স্বরাষ্ট্রমন্ত্রী সংসদে কোনো বিবৃতি দেননি।",10.42,0.0,6.25
news-50847683,ভারতের বিতর্কিত নাগরিকত্ব আইনের বিরুদ্ধে বিক্ষোভের উপর নিষেধাজ্ঞা জারি করার পরও যারা অমান্য করে বিক্ষোভ দেখাচ্ছে তাদের গণহারে গ্রেপ্তার করছে দেশটির পুলিশ। এরই মধ্যে গ্রেপ্তার করা মানুষের সংখ্যা হাজার হাজার ছাড়িয়ে গেছে।,"নাগরিকত্ব সংশোধনী আইনের বিরুদ্ধে ভারতজুড়ে ব্যাপক বিক্ষোভ ছড়িয়ে পড়েছে, নিষেধাজ্ঞা ও ইন্টারনেট বন্ধের মধ্যেও লাখ লাখ মানুষ শান্তিপূর্ণ প্রতিবাদে অংশ নিচ্ছেন; কোথাও কোথাও পুলিশের সঙ্গে সংঘর্ষ ও ধরপাকড় হয়েছে। আইনটি পাকিস্তান, বাংলাদেশ ও আফগানিস্তানের অমুসলিমদের নাগরিকত্বের সুযোগ দেওয়ায় সমালোচকেরা একে বৈষম্যমূলক এবং মুসলিমদের জন্য হুমকি হিসেবে দেখছেন, আর সরকার বলছে এটি নির্যাতিত সংখ্যালঘুদের সুরক্ষার জন্য করা হয়েছে।",13.48,2.3,11.24
news-52240169,সিঙ্গাপুরে করোনাভাইরাসে আক্রান্তদের একটি বড় অংশ সেখানে কর্মরত বাংলাদেশি হওয়ার কারণে এখন এই প্রশ্ন উঠছে যে দক্ষিণ-পূর্ব এশিয়ার ছোট এই দেশটিতে এত বেশী সংখ্যক বাংলাদেশি কোভিড-১৯ রোগে আক্রান্ত হচ্ছেন কেন।,"সিঙ্গাপুরে করোনাভাইরাসের সংক্রমণ দ্রুত বাড়ছে এবং আক্রান্তদের বেশিরভাগই অভিবাসী শ্রমিক; আক্রান্ত বাংলাদেশিদের সংখ্যা ৩৬৩ জন। ঘনবসতিপূর্ণ ডরমিটরিতে বসবাস, দলবদ্ধ চলাফেরা, স্বাস্থ্যবিধি না মানা ও সচেতনতার অভাবকে বাংলাদেশি শ্রমিকদের মধ্যে সংক্রমণ বেশি হওয়ার কারণ হিসেবে উল্লেখ করা হয়েছে। কর্তৃপক্ষ প্রায় ২০ হাজার শ্রমিককে কোয়ারেন্টিনে রেখেছে এবং আক্রান্তদের যথাযথ চিকিৎসা দেওয়া হচ্ছে, তবে সংক্রমণ আরও বাড়ার আশঙ্কা রয়েছে।",11.36,0.0,9.09
news-40271292,'সন্ত্রাসবাদী গোষ্ঠীকে সমর্থন দেবার' অভিযোগ এনে সৌদি আরবসহ কয়েকটি আরব দেশ যে কাতারের সঙ্গে কূটনৈতিক-অর্থনৈতিক সম্পর্ক ছ্ন্নি করেছে তাতে মধ্যপ্রাচ্যে এক ধরনের অস্থিতিশীল পরিস্থিতি তৈরি হয়েছে।,"কাতারের মুসলিম ব্রাদারহুড ও ইরানের সঙ্গে ঘনিষ্ঠতা, আল জাজিরার ভূমিকা এবং সন্ত্রাসী গোষ্ঠীকে অর্থায়নের অভিযোগকে কেন্দ্র করে সৌদি আরবসহ কয়েকটি আরব দেশ দেশটির ওপর অবরোধ আরোপ করেছে, যদিও কাতার এসব অভিযোগ অস্বীকার করেছে। যুক্তরাষ্ট্রসহ পশ্চিমা দেশগুলোও কাতারকে সন্ত্রাসবাদে অর্থায়ন বন্ধে আরও পদক্ষেপ নেওয়ার আহ্বান জানিয়েছে; একইসঙ্গে সৌদি আরবের বিরুদ্ধেও চরমপন্থা ছড়ানোর অভিযোগ থাকলেও সন্ত্রাসবিরোধী সহযোগিতায় তাকে তুলনামূলকভাবে গ্রহণযোগ্য মনে করা হয়। ফলে উপসাগরীয় সংকটে সন্ত্রাসী অর্থায়ন ও চরমপন্থী মতাদর্শের বিস্তার মোকাবিলা প্রধান ইস্যু হয়ে উঠেছে।",19.61,8.0,13.73
news-48957443,বছর দশের আগে ঢাকার এক কিশোরী ধর্ষণের শিকার হয়।,"বাংলাদেশে ধর্ষণ মামলার বিচার অত্যন্ত ধীর ও অপ্রতুল; নারীপক্ষের গবেষণায় ২০১১ থেকে জুন ২০১৮ পর্যন্ত ছয় জেলায় ৪,৩৭২টি মামলার বিপরীতে সাজা হয়েছে মাত্র পাঁচজনের। মামলা নিতে পুলিশের অনীহা, প্রমাণ ও ডিএনএ সংরক্ষণে দুর্বলতা, সাক্ষীর অভাব, ভুক্তভোগী ও পরিবারের ওপর সামাজিক ও আসামিপক্ষের চাপ এবং বিচারপ্রক্রিয়ার দীর্ঘসূত্রতা এর প্রধান কারণ। আইনজীবী ও মানবাধিকারকর্মীরা ভুক্তভোগী-সাক্ষীর নিরাপত্তা নিশ্চিত করে তদন্ত ও বিচার দ্রুত করার দাবি জানিয়েছেন।",0.0,0.0,0.0
news-46251826,"'হাসিনা: এ ডটার্স টেল', চলচ্চিত্রটি এখন প্রকাশ করার মাধ্যমে আওয়ামী লীগ নির্বাচন বিধি লঙ্ঘন করছে বলে অভিযোগ করেছেন বিএনপির সিনিয়র যুগ্ম মহাসচিব রুহুল কবির রিজভী।","তফসিল ঘোষণার পর থেকেই নির্বাচনী আচরণবিধি কার্যকর হলেও নির্ধারিত প্রচারণার সময়ের আগে পোস্টার, ব্যানার ও মিছিল করা অবৈধ। পোস্টার রঙিন করা, দেয়াল-গাছ-গাড়িতে লাগানো, অতিরিক্ত প্রচার কার্যালয় ও মাইক ব্যবহার, ভোটারকে দাওয়াত বা উপহার দেওয়া, সরকারি উন্নয়নমূলক কাজ উদ্বোধন এবং অতিরিক্ত অর্থ ব্যয়—এসবও আচরণবিধি লঙ্ঘন; বাস্তবে প্রায় সব ক্ষেত্রেই নিয়ম ভাঙার অভিযোগ রয়েছে। লঙ্ঘনের শাস্তি হিসেবে জরিমানা, সর্বোচ্চ ছয় মাসের কারাদণ্ড এবং গুরুতর ক্ষেত্রে প্রার্থিতা বাতিলের বিধান রয়েছে।",4.21,0.0,4.21
news-52030156,"বান্দরবানের লামা, নাইক্ষ্যংছড়ি ও আলীকদমসহ তিন উপজেলায় লকডাউন ঘোষণা করা হয়েছে।","করোনাভাইরাস সংক্রমণের ঝুঁকি কমাতে কক্সবাজারের সঙ্গে যাতায়াত বেশি হওয়ায় বান্দরবানের তিনটি উপজেলায় লকডাউন জারি করে মানুষের চলাচল সীমিত করা হয়েছে, যা পরবর্তী নির্দেশনা না দেওয়া পর্যন্ত কার্যকর থাকবে। কক্সবাজারে একজন শনাক্ত হওয়ার পর তার পরিবার ও সংশ্লিষ্ট এলাকায় লকডাউন করা হয়েছে; এদিকে পিরোজপুরের ভান্ডারিয়ায় হাট-বাজার বন্ধ, জনসমাগম নিয়ন্ত্রণ ও যানবাহন জীবাণুমুক্তকরণসহ সতর্কতামূলক ব্যবস্থা নেওয়া হয়েছে।",17.91,6.15,14.93
news-48622117,পশ্চিমবঙ্গের সব সরকারি হাসপাতালের চিকিৎসকরা দুই সহকর্মী জুনিয়ার ডাক্তারদের রোগীর আত্মীয় পরিজনের হাতে মার খাওয়ার প্রতিবাদ জানাতে দুদিন ধরে ধর্মঘট চালাচ্ছেন।,"রোগীর মৃত্যুকে কেন্দ্র করে কলকাতার নীলরতন সরকার মেডিক্যাল কলেজে জুনিয়ার ডাক্তারদের ওপর হামলার প্রতিবাদে পশ্চিমবঙ্গের সরকারি হাসপাতালগুলিতে কর্মবিরতি ছড়িয়ে পড়েছে, ফলে জরুরি ও বহির্বিভাগের পরিষেবা ব্যাপকভাবে ব্যাহত হচ্ছে। নিরাপত্তা নিশ্চিত ও হামলাকারীদের বিরুদ্ধে ব্যবস্থা চেয়ে আন্দোলনরত চিকিৎসকদের মুখ্যমন্ত্রীর কাজে ফেরার হুঁশিয়ারিও অনড় করতে পারেনি, আর চিকিৎসা বন্ধ থাকায় দরিদ্র রোগী ও তাঁদের পরিবার চরম দুর্ভোগে পড়েছেন। চিকিৎসকরা নিগ্রহ বন্ধের পাশাপাশি সরকারি হাসপাতালের দুর্বল পরিকাঠামো ও অব্যবস্থার সমাধান দাবি করছেন; জাতীয় চিকিৎসক সংগঠনগুলিও দেশজুড়ে কর্মবিরতির ডাক দিয়েছে।",14.43,4.21,6.19
news-42621871,বাংলাদেশে মঙ্গলবার ঢাকা উত্তর সিটি কর্পোরেশনের মেয়র পদে উপ-নির্বাচনের তফসিল ঘোষণা করেছে নির্বাচন কমিশন। আর তার আগের রাতেই জামায়াতে ইসলামী মোহাম্মদ সেলিম-উদ্দিন নামে তাদের মধ্যসারির এক নেতাকে ঐ নির্বাচনে নিজেদের প্রার্থী হিসাবে ঘোষণা করেছে।,"নিবন্ধন ও নির্বাচনী প্রতীক বাতিল হওয়ায় জামায়াতে ইসলামী দলীয়ভাবে নির্বাচন করতে পারবে না; তবে শর্ত পূরণ ও নির্বাচন কমিশনের অনুমোদন সাপেক্ষে নেতারা স্বতন্ত্র প্রার্থী হতে পারবেন। এককভাবে মেয়র প্রার্থিতা ঘোষণার মাধ্যমে জামায়াত সরকার ও বিএনপিকে রাজনৈতিক বার্তা দিতে চাইছে বলে দলীয় সূত্রের দাবি, যা বিএনপির অসন্তোষ তৈরি করেছে; তবু পর্যবেক্ষকদের ধারণা, শেষ পর্যন্ত তারা জোটের সঙ্গেই নির্বাচন করবে।",12.77,2.17,8.51
news-48817879,ঢাকার মোহাম্মদপুরে বাস করেন ঢাকা বিশ্ববিদ্যালয়ের খণ্ড-কালীন শিক্ষক তাহমিনা আক্তার পলি। নিজের কিশোর সন্তান বন্ধুত্ব করতে গিয়ে ভুল করে কি-না কিংবা অপরাধীদের চক্রের সাথে জয়ে পড়ে কি-না এ নিয়ে রীতিমত উৎকণ্ঠায় থাকেন তিনি।,"বরগুনায় রিফাত শরীফ হত্যাকাণ্ডের পর বন্ড০০৭সহ কিশোর গ্যাংয়ের অপরাধমূলক তৎপরতা নিয়ে উদ্বেগ বেড়েছে; ঢাকার পাশাপাশি মফস্বল শহরেও ইন্টারনেট ও সামাজিক যোগাযোগমাধ্যমের মাধ্যমে এসব দলের বিস্তার ঘটছে। অভিভাবকেরা সন্তানদের সঙ্গ, অনলাইন ব্যবহার ও মানসিকতা নিয়ে দুশ্চিন্তায় থাকলেও পুলিশ সাইবার নজরদারি ও প্রশিক্ষণের মাধ্যমে ব্যবস্থা জোরদার করছে। সন্তানকে পর্যাপ্ত সময় দেওয়া, খারাপ সঙ্গ থেকে দূরে রাখা এবং কিশোরদের বিরোধ দ্রুত মীমাংসার ওপর বিশেষজ্ঞরা গুরুত্ব দিয়েছেন।",6.06,0.0,4.04
news-54679884,তুরস্কের প্রেসিডেন্ট রেচেপ তায়েপ এরদোয়ান ফরাসী প্রেসিডেন্ট এমানুয়েল ম্যাক্রঁকে উদ্দেশ্য করে অপমানসূচক মন্তব্য করায় ফ্রান্সে অবস্থানরত তুরস্কের রাষ্ট্রদূতকে জন্য তলব করেছে ফ্রান্স কর্তৃপক্ষ।,"ইসলামি চরমপন্থার বিরুদ্ধে লড়াই ও ধর্মনিরপেক্ষ মূল্যবোধ রক্ষায় ফ্রান্সের অবস্থান এবং নবীর কার্টুন প্রত্যাহারে অস্বীকৃতির সমালোচনা করে তুরস্কের প্রেসিডেন্ট এরদোয়ান ম্যাক্রঁর ‘মানসিক চিকিৎসা’ প্রয়োজন বলে মন্তব্য করেছেন। এর জবাবে ফ্রান্স তুরস্কের রাষ্ট্রদূতকে তলব করে মন্তব্যকে অগ্রহণযোগ্য ও বিপজ্জনক বলে নিন্দা জানিয়েছে। শিক্ষক স্যামুয়েল প্যাটি হত্যার পর এই বিরোধ আরও তীব্র হয়েছে এবং সিরিয়া, লিবিয়া ও নাগোর্নো-কারাবাখসহ বিভিন্ন ভূ-রাজনৈতিক ইস্যুতেও দুই দেশের মতপার্থক্য রয়েছে।",20.45,4.65,15.91
news-49047322,বিশ্বকাপ ক্রিকেটে নিউজিল্যান্ডের বিজয়ের আশাকে ধূলিসাৎ করার পরও ইংল্যান্ডের ক্রিকেটার বেন স্টোকসকে 'বর্ষ সেরা নিউজিল্যান্ডার' পদকের জন্য মনোনয়ন দেয়া হয়েছে।,নিউজিল্যান্ডে জন্মগ্রহণকারী ইংল্যান্ডের ক্রিকেটার বেন স্টোকস বিশ্বকাপ ফাইনালে অসাধারণ পারফরম্যান্সের পর ‘সেরা নিউজিল্যান্ডার’ পুরস্কারের জন্য মনোনীত হয়েছেন; তাঁর বাবা-মা নিউজিল্যান্ডে থাকেন এবং তাঁর মাওরি বংশোদ্ভূত পরিচয় রয়েছে। নিউজিল্যান্ড অধিনায়ক কেন উইলিয়ামসনও মনোনীত হওয়ায় তাঁকে স্টোকসের প্রধান প্রতিদ্বন্দ্বী মনে করা হচ্ছে; ডিসেম্বর মাসে ১০ জনের তালিকা এবং আগামী ফেব্রুয়ারিতে বিজয়ীর নাম ঘোষণা করা হবে।,18.92,8.33,16.22
news-43785269,অস্ট্রেলিয়ার ভিক্টোরিয়ায় এক ধরণের 'মাংস-খেকো' ঘা মহামারীর মতো ছড়িয়ে পড়ায় উদ্বিগ্ন হয়ে ডাক্তাররা এ নিয়ে গবেষণার আহ্বান জানিয়েছেন।,"বুরুলি আলসার নামের মারাত্মক চর্মরোগটি অস্ট্রেলিয়ার ভিক্টোরিয়ায় দ্রুত ছড়িয়ে পড়ছে; গত এক বছরে ২৭৫ জন আক্রান্ত হয়েছেন এবং সংক্রমণ নতুন এলাকায়ও দেখা যাচ্ছে। ব্যাকটেরিয়ার টক্সিনে ত্বক, রক্তনালী ও মাংসপেশী ধ্বংস হয়ে বিকৃতি বা প্রতিবন্ধিতা সৃষ্টি হতে পারে, তবে রোগটি কীভাবে ছড়ায় ও কীভাবে প্রতিরোধ করা যায় তা চিকিৎসকদের এখনও অজানা।",14.49,2.99,11.59
news-53839440,"বাংলাদেশ ভারত সম্পর্কের শীতলতা বা অস্বস্তি নিয়ে নানা জল্পনা কল্পনার মাঝে ঢাকায় দেশ দু'টির পররাষ্ট্র সচিবদের এক বৈঠক থেকে বলা হয়েছে, এ ধরণের আলোচনা ঠিক নয়।","ভারতের পররাষ্ট্র সচিব হর্ষ বর্ধন শ্রিংলার আকস্মিক ঢাকা সফরে দুই দেশের পররাষ্ট্র সচিবরা সম্পর্ককে “সোনালি অধ্যায়” আখ্যা দিয়ে তা গণমাধ্যমে তুলে ধরার বিষয়ে একমত হন। তবে তিস্তা চুক্তি, সীমান্তে হত্যাকাণ্ড, রোহিঙ্গা ইস্যুতে ভারতের ভূমিকা এবং বাংলাদেশের চীনের সঙ্গে ঘনিষ্ঠতা নিয়ে বিদ্যমান অসন্তোষের কারণে শুধু কথাবার্তায় সম্পর্কের শীতলতা কাটবে কি না, তা নিয়ে বিশ্লেষকদের সংশয় রয়েছে।",9.76,2.5,7.32
news-46353846,জিনগত পরিবর্তনের মাধ্যমে পৃথিবী এই প্রথম একটি মানব-সন্তান পেয়েছে বলে দাবি করেছেন এক চীনা বিজ্ঞানী।,"চীনা অধ্যাপক হি জনকুই দাবি করেছেন, মায়ের গর্ভে থাকা জমজ শিশু লুলু ও নানার সিসিআর-৫ জিন সম্পাদনা করে তাদের এইচআইভি-প্রতিরোধী করা হয়েছে। তবে হাসপাতাল ও সংশ্লিষ্ট বিশ্ববিদ্যালয় এ প্রকল্পের কথা অস্বীকার করে তদন্ত শুরু করেছে, আর বিশেষজ্ঞরা এটিকে অনৈতিক ও বৈজ্ঞানিক অসদাচরণ বলে উল্লেখ করেছেন। তাদের মতে, মানব-ভ্রূণের জিন সম্পাদনা নিষিদ্ধ এবং এর দীর্ঘমেয়াদি স্বাস্থ্যঝুঁকি, এমনকি ক্যান্সারের আশঙ্কাও রয়েছে।",12.82,2.63,5.13
news-47067207,বাংলাদেশের সকল প্রাথমিক বিদ্যালয়ে আজ বৃহস্পতিবার থেকে চালু করা হয়েছে অভিনব এক কর্মসূচি। প্রতিটি প্রাথমিক বিদ্যালয়ে পালন করা হয়েছে পরিষ্কার পরিচ্ছন্নতা কর্মসূচি।,প্রাথমিক ও গণশিক্ষা মন্ত্রণালয়ের নির্দেশনায় দেশের সব সরকারি প্রাথমিক বিদ্যালয়ে প্রতি বৃহস্পতিবার ছুটির পর শিক্ষার্থীদের অংশগ্রহণে সাপ্তাহিক পরিচ্ছন্নতা কর্মসূচি শুরু হয়েছে। শিক্ষকরা এতে সহযোগিতা করবেন; বিদ্যালয়ের পরিবেশ সুন্দর রাখা ও শিক্ষার্থীদের পরিচ্ছন্নতা-সচেতনতা বাড়ানো এবং এসডিজি-৪ অর্জনই কর্মসূচির লক্ষ্য।,22.58,6.67,19.35
news-38056657,"বাংলাদেশে এই মুহুর্তে ২৭টি বেসরকারি টেলিভিশন চ্যানেল আছে, যাদের প্রায় সকলেরই সংবাদ এবং সংবাদভিত্তিক নানা অনুষ্ঠানমালা রয়েছে। সেসব অনুষ্ঠান তৈরির সাথে বিভিন্ন পর্যায়ে কাজ করেন নারীকর্মীরাও।","বাংলাদেশে টেলিভিশন চ্যানেলের সংখ্যা বাড়লেও সংবাদে ক্যামেরার পেছনে নারীর সংখ্যা অত্যন্ত কম—সব চ্যানেল মিলিয়ে মাত্র পাঁচজন নারী ক্যামেরাপার্সন বা ভিডিও জার্নালিস্ট হিসেবে কাজ করছেন। সামাজিক ধারণা, মাঠপর্যায়ের ঝুঁকি, প্রশিক্ষণের সীমাবদ্ধতা, রাত বা ভোরের শিফট নিয়ে নিয়োগকারীদের উদ্বেগ এবং পেশা ছেড়ে দেওয়ার প্রবণতা এ অগ্রগতির প্রধান বাধা। নারীদের ধরে রাখতে পরিবার ও সমাজের পাশাপাশি প্রতিষ্ঠানগুলোকেও সহায়ক কর্মপরিবেশ ও দায়িত্ব নিতে হবে।",11.49,0.0,9.2
news-56116111,বিএনপির প্রতিষ্ঠাতা এবং সাবেক রাষ্ট্রপতি জিয়াউর রহমানের মুক্তিযুদ্ধের খেতাব বাতিলের প্রক্রিয়া রাজনৈতিক বলছেন বিএনপির নেতাকর্মীরা এবং প্রয়োজনে আইনগতভাবে এর মোকাবেলা করতে চায় বিএনপি।,"জিয়াউর রহমানের ‘বীর উত্তম’ খেতাব বাতিলের সুপারিশকে বিএনপি রাজনৈতিক উদ্দেশ্যপ্রণোদিত ও জনগণের দৃষ্টি সরানোর প্রচেষ্টা বলে দাবি করেছে। দলটি রাজপথে আন্দোলন, সংসদে আলোচনা এবং প্রয়োজনে আইনি পদক্ষেপের মাধ্যমে এর প্রতিবাদ চালিয়ে যাওয়ার কথা জানিয়েছে। তবে বিষয়টি এখনো শুধু সুপারিশের পর্যায়ে রয়েছে, চূড়ান্ত সিদ্ধান্ত হয়নি।",26.87,9.23,23.88
news-54852351,"যুক্তরাষ্ট্রের নির্বাচন অনুষ্ঠিত হওয়ার পরে চারদিন হতে চললো, বিজয়ী সম্পর্কে এখনো নিশ্চিত হওয়া যায়নি।","যুক্তরাষ্ট্রের প্রেসিডেন্ট নির্বাচনে জনপ্রিয় ভোটে এগিয়ে থাকলেই জয় নিশ্চিত হয় না; ৫৩৮টি ইলেকটোরাল ভোটের মধ্যে ২৭০টি পেলেই প্রার্থী বিজয়ী হন। ভোটগণনা অনুযায়ী বাইডেন ২৫৩ এবং ট্রাম্প ২১৪ ইলেকটোরাল ভোটে এগিয়ে, তবে পেনসিলভানিয়া, জর্জিয়া, অ্যারিজোনা ও নেভাডার মতো গুরুত্বপূর্ণ রাজ্যে গণনা ও পোস্টাল ব্যালটের ফল বাকি থাকায় চূড়ান্ত বিজয়ী এখনো নির্ধারিত হয়নি।.calc("""")] //",12.12,0.0,9.09
news-45838102,দুটি সমলিঙ্গের ইঁদুর মিলে কি একটি বাচ্চা ইঁদুরের জন্ম দিতে পারে? জেনেটিক ইঞ্জিনিয়ারিং এর মাধ্যমে কাজটা করে দেখিয়েছেন চীনের বিজ্ঞানীরা।,"চীনের বিজ্ঞানীরা জিন সম্পাদনার মাধ্যমে দুটি স্ত্রী ইঁদুর থেকে সুস্থ ও প্রজননক্ষম বাচ্চা ইঁদুর জন্ম দিতে সক্ষম হয়েছেন, তবে দুটি পুরুষ ইঁদুর থেকে জন্ম নেওয়া বাচ্চাগুলো অল্প সময়েই মারা যায়। গবেষণাটি দেখায়, জেনোমিক ইমপ্রিন্টিংয়ের কারণে স্তন্যপায়ী প্রাণীর প্রজননে বিপরীত লিঙ্গের জিনগত অবদান গুরুত্বপূর্ণ; তাই মানুষের ক্ষেত্রে একই লিঙ্গের দুজনের সন্তান জন্মদান এখনো সম্ভব নয় এবং এ নিয়ে বড় নৈতিক ও নিরাপত্তাজনিত ঝুঁকি রয়েছে।",19.28,4.94,12.05
news-48274760,ঈদে আনন্দ উৎসবের অন্যতম অনুষঙ্গ জুড়ে আছে সালামি বা ঈদি। ঈদকে ঘিরে কয়েক ধরেই চলে এই সালামি দেয়া নেয়ার পালা।,"ঈদের সালামি আগে মূলত ছোট শিশুদের দেওয়া হলেও এখন বয়সের সীমা ছাড়িয়ে পরিবার, অফিসসহ বিভিন্ন পরিসরে আনুষ্ঠানিকভাবে আদান-প্রদান হয় এবং এর জন্য আলাদা বাজেটও রাখা হয়। বিশেষজ্ঞদের মতে, সালামি কোনো ধর্মীয় বিধান নয়; এটি উপমহাদেশীয় সামাজিক প্রথা, যার পরিমাণ ও প্রচলন জীবনযাত্রার মান বৃদ্ধির সঙ্গে বদলেছে। ঈদে নতুন নোটের চাহিদা বাড়ায় বাংলাদেশ ব্যাংকও বিপুল পরিমাণ নতুন নোট বাজারে ছাড়ে।",7.5,0.0,5.0
news-45987039,এক সপ্তাহের বেশি সময় ধরে হাজার হাজার অভিবাসী মধ্য আমেরিকান দেশগুলো থেকে যুক্তরাষ্ট্র সীমান্তের দিকে এগিয়ে যাচ্ছে।,"গুয়াতেমালা, হন্ডুরাস ও এল সালভাদোরের দারিদ্র্য, বেকারত্ব, সহিংসতা ও নির্যাতন থেকে পালিয়ে হাজার হাজার মানুষ নিরাপত্তা ও উন্নত জীবনের আশায় কাফেলায় করে মেক্সিকো ও যুক্তরাষ্ট্রের দিকে এগোচ্ছেন। পথে পানিশূন্যতা, খাদ্য ও আশ্রয়ের সংকট, অপরাধী চক্র এবং পুলিশের সঙ্গে সংঘর্ষের ঝুঁকি থাকলেও বড় দলে চললে অপহরণের আশঙ্কা কমে বলে তারা নিরাপদ বোধ করেন। এই অভিবাসী স্রোত মার্কিন প্রেসিডেন্ট ডোনাল্ড ট্রাম্পের রাজনৈতিক সমালোচনা ও বিদেশি সহায়তা বন্ধের হুমকির কারণ হয়েছে।",11.76,2.41,7.06
news-54883415,"নাগোর্নো-কারাবাখের বিরোধপূর্ণ এলাকা নিয়ে সামরিক সংঘাত অবসানে শান্তি চুক্তি করেছে আর্মেনিয়া, আজারবাইজান ও রাশিয়া।","ছয় সপ্তাহের যুদ্ধের পর আর্মেনিয়া ও আজারবাইজান রাশিয়ার মধ্যস্থতায় শান্তিচুক্তি করেছে, যার ফলে নাগোর্নো-কারাবাখ আজারবাইজানের নিয়ন্ত্রণে থাকবে এবং আর্মেনিয়া আশপাশের কয়েকটি এলাকা ছেড়ে দেবে। চুক্তি বাস্তবায়নে রাশিয়া ১,৯৬০ শান্তিরক্ষী মোতায়েন করবে, বন্দী বিনিময় ও যোগাযোগব্যবস্থা পুনরায় চালুর কথাও এতে রয়েছে; তবে আর্মেনিয়ার রাজধানীতে চুক্তির প্রতিবাদে ব্যাপক বিক্ষোভ ও ভাঙচুর হয়েছে।",23.88,0.0,11.94
news-51130657,ঝিনাইদহের শৈলকূপায় স্কুলের দৌড় প্রতিযোগিতায় অংশ নেয়া এক শিশু দৌড় শেষ হওয়া মাত্র মৃত্যুর কোলে ঢলে পড়ে।,"শৈলকূপার আন্তঃস্কুল ক্রীড়া প্রতিযোগিতায় মার্বেল দৌড়ে প্রথম হওয়ার পর ১১ বছর বয়সী ছাত্র মিরান হোসেন রাফি মাটিতে পড়ে যায় এবং হাসপাতালে নেওয়ার আগেই মারা যায়। চিকিৎসকদের ধারণা, তার পূর্বের শ্বাসকষ্ট বা সম্ভাব্য হৃদ্‌যন্ত্রের সমস্যার সঙ্গে প্রতিযোগিতার উত্তেজনা মৃত্যুর কারণ হতে পারে, তবে পরীক্ষা ও ময়নাতদন্ত ছাড়া নিশ্চিত হওয়া সম্ভব নয়। এ ঘটনার পর প্রতিযোগিতা স্থগিত করে শোক ঘোষণা করা হয় এবং পরদিন তার জানাজা ও দাফন সম্পন্ন হয়।",9.3,0.0,4.65
news-56811455,বাংলাদেশে কওমি মাদ্রাসা-ভিত্তিক সংগঠন হেফাজতে ইসলামির একটি প্রতিনিধি দল স্বরাষ্ট্রমন্ত্রী আসাদুজ্জামান খানের সাথে সাক্ষাৎ করে 'ঢালাও গ্রেফতার' বন্ধের দাবি জানিয়েছেন।,"সাম্প্রতিক সহিংসতার ঘটনায় হেফাজতে ইসলামের কয়েকজন নেতা আটক হওয়ার পর সংগঠনটির প্রতিনিধিরা স্বরাষ্ট্রমন্ত্রী, পুলিশ ও গোয়েন্দা কর্মকর্তাদের সঙ্গে বৈঠক করে গ্রেফতার বন্ধ, আটক নেতাকর্মীদের মুক্তি, সহিংসতার তদন্ত এবং কওমি মাদ্রাসা খুলে দেওয়ার দাবি জানান। হেফাজতের আমির জুনায়েদ বাবুনগরী নেতাকর্মীদের সংঘাত ও ভাঙচুর থেকে বিরত থাকার আহ্বান জানিয়ে বলেন, হেফাজত অরাজনৈতিক সংগঠন এবং মোদীর সফরবিরোধী কোনো কর্মসূচি তাদের ছিল না; সরকার জানিয়েছে, ভিডিও ফুটেজের ভিত্তিতেই সহিংসতায় জড়িতদের শনাক্ত করা হচ্ছে।",17.78,2.27,11.11
news-56674992,"আন্তর্জাতিক উদরাময় গবেষণা প্রতিষ্ঠান বা আইসিডিডিআর,বি-র এক গবেষণায় দেখা গেছে যে বাংলাদেশে শনাক্ত করোনাভাইরাসের ধরনগুলোর মধ্যে এখন ৮১ শতাংশই দক্ষিণ আফ্রিকান ভ্যারিয়ান্ট এবং এ ধরনটির আবির্ভাবে বাংলাদেশে ভাইরাস বিস্তারের ক্ষেত্রে নাটকীয় পরিবর্তন এসেছে।","বাংলাদেশে ছড়িয়ে পড়া নতুন, বিশেষত দক্ষিণ আফ্রিকান ভ্যারিয়ান্টে আক্রান্তদের অবস্থা আগের তুলনায় দ্রুত অবনতি হচ্ছে; অনেককে ৬–৭ দিনের মধ্যেই দীর্ঘ সময় উচ্চমাত্রার অক্সিজেন বা আইসিইউ সেবা দিতে হচ্ছে। রোগীদের মধ্যে প্রচণ্ড মাথাব্যথা, নিউরোসাইকিয়াট্রিক সমস্যা, ফুসফুসের দ্রুত সংক্রমণ, রক্ত জমাট বাঁধা এবং হিমোগ্লোবিন ও অনুচক্রিকা কমে যাওয়ার মতো নতুন উপসর্গ দেখা যাচ্ছে, ফলে চিকিৎসা ও সুস্থ হতে বেশি সময় লাগছে এবং মৃত্যুঝুঁকি বেড়েছে।",14.29,2.08,8.16
news-55530158,বাংলাদেশে ঢাকায় একজন স্কুল ছাত্রীকে ধর্ষণের পর হত্যার অভিযোগে মামলায় অভিযুক্ত তরুণকে গ্রেফতারের পর তাকে আদালতে হাজির করে কারাগারে পাঠানো হয়েছে।,ঢাকার এক ইংরেজি মাধ্যম স্কুলছাত্রীকে ধর্ষণের পর হত্যার অভিযোগে তার পরিবার নারী ও শিশু নির্যাতন দমন আইনে মামলা করেছে; গ্রেপ্তার তরুণ আদালতে স্বীকারোক্তিমূলক জবানবন্দি দিয়ে কারাগারে গেছে বলে রাষ্ট্রপক্ষ জানিয়েছে। ময়নাতদন্তে যোনি ও পায়ুপথে আঘাত এবং অতিরিক্ত রক্তক্ষরণে মৃত্যুর প্রমাণ মিলেছে; ডিএনএ ও অন্যান্য পরীক্ষার মাধ্যমে জড়িত ব্যক্তির সংখ্যা ও ঘটনার প্রকৃতি নিশ্চিত করার তদন্ত চলছে।,15.58,8.0,15.58
news-45262341,"বাংলাদেশে বহুল আলোচিত ২১ অগাস্টের গ্রেনেড হামলার মামলায় রাষ্ট্রপক্ষের কৌঁসুলিরা বলছেন, আগামী দু'মাসের মধ্যেই বিচারের রায় হতে পারে বলে তারা আশা করছেন।","২০০৪ সালের ২১ আগস্ট বঙ্গবন্ধু অ্যাভিনিউতে আওয়ামী লীগের সমাবেশে গ্রেনেড হামলায় ২৪ জন নিহত এবং শেখ হাসিনাসহ তিন শতাধিক মানুষ আহত হন; আহতদের অনেকেই এখনও স্প্লিন্টারের যন্ত্রণা ভোগ করছেন। দীর্ঘ তদন্ত ও বিচারিক প্রক্রিয়ার পর বর্তমানে ৪৯ আসামির বিরুদ্ধে হত্যা, হত্যাচেষ্টা ও ষড়যন্ত্রের মামলার যুক্তিতর্ক চলছে, এবং রাষ্ট্রপক্ষ সর্বোচ্চ শাস্তি দাবি করেছে। বিচারকাজ শেষ পর্যায়ে থাকায় শিগগিরই রায়ের তারিখ ঘোষণা হতে পারে।",11.76,2.41,9.41
40626040,এই গ্রহের সম্ভবত সবচেয়ে সাধারণ ও সাদামাটা জুতো - এক টুকরো প্লাস্টিক যা মানুষের পায়ের পাতার সমান এবং তাতে লাগানো দুটো ফিতে যা দিয়ে এটি পায়ের সাথে আটকে থাকে। অর্থাৎ এক জোড়া স্যান্ডেল।,ব্রাজিলের হাভায়ানাস রাবারের স্যান্ডেল বিশ্বজুড়ে জনপ্রিয় হয়ে বছরে গড়ে ২০ কোটি জোড়া বিক্রি করে এবং শ্রমজীবীদের ব্যবহার্য পণ্য থেকে ধনী-গরিব সবার ফ্যাশনপণ্যে পরিণত হয়েছে। ১৯৬০-এর দশকে সাদা-নীল নকশায় শুরু হলেও ১৯৬৯ সালে দুর্ঘটনাক্রমে তৈরি সবুজ স্যান্ডেলের সাফল্যের পর এতে নানা রঙ ও নকশা যোগ হয়। দুর্নীতির অভিযোগে জে অ্যান্ড এফ গ্রুপের জরিমানা পরিশোধের জন্য হাভায়ানাস কোম্পানি সম্প্রতি একশো কোটি ডলারে বিক্রি হয়েছে।,8.25,0.0,2.06
news-50234771,"যে সন্দেহভাজন ক্রিকেট বুকির সঙ্গে যোগাযোগ রাখার জের ধরে বাংলাদেশের অধিনায়ক সাকিব আল হাসান দু'বছরের জন্য সব ধরনের ক্রিকেটে নিষিদ্ধ হলেন, সেই দীপক আগরওয়াল নামটি ভারতে আগেও আলোচনায় এসেছে।","ভারতের ক্রিকেট বেটিং চক্রের পরিচিত মুখ দীপক আগরওয়ালকে বিসিসিআই ‘পার্সন অব ইন্টারেস্ট’ হিসেবে চিহ্নিত করেছে এবং খেলোয়াড়দের তার মতো ব্যক্তিদের থেকে দূরে থাকতে সতর্ক করে। ২০১১ সালের এক আত্মহত্যা ও ২০১৭ সালের স্পট-ফিক্সিং মামলায় একই নামে ব্যক্তির জড়িত থাকার তথ্য পাওয়া গেলেও, তারা সাকিব আল হাসানের সঙ্গে হোয়াটসঅ্যাপে যোগাযোগকারী দীপক আগরওয়াল কি না, তা নিশ্চিত নয়।",13.79,4.71,11.49
news-45455024,"আম: একটি রসালো, অর্ধবৃত্তাকার গ্রীষ্ম মণ্ডলীয় ফল যা হলুদ/ সবুজ/ লাল রঙের হয়ে থাকে এবং যেটির মাঝখানটা শক্ত পাথরের মতো।","আম নানা জাত ও স্বাদের একটি জনপ্রিয় ফল; এর উৎপত্তি দক্ষিণ এশিয়ায়, বিশেষত ভারত ও মিয়ানমারে, এবং বর্তমানে বিশ্বজুড়ে উৎপাদিত হয়। ভারত বিশ্বের সর্বাধিক আম উৎপাদক হলেও এর বেশিরভাগই দেশীয় চাহিদা মেটায়; পাকিস্তান, ভারত ও ফিলিপাইনের জাতীয় ফল আম, আর বাংলাদেশে আমগাছ জাতীয় বৃক্ষ। আম ভিটামিন, খনিজ ও আঁশসমৃদ্ধ এবং বৌদ্ধদের কাছে পবিত্র হলেও বাণিজ্যিকভাবে জনপ্রিয় কিছু জাত স্বাদে তুলনামূলক কম উন্নত।",9.76,0.0,9.76
news-55211728,বাংলাদেশে হেফাজতে ইসলামীর নেতা জুনায়েদ বাবুনগরী এবং মামুনুল হকসহ তিন জনের বিরুদ্ধে রাষ্ট্রদ্রোহের অভিযোগ তদন্তের জন্য আজ আদালত পুলিশের একটি তদন্ত সংস্থা পিবিআইকে নির্দেশ দিয়েছে।,"হেফাজতে ইসলামের আমীর জুনায়েদ বাবুনগরীসহ ইসলামপন্থী নেতাদের শেখ মুজিবুর রহমানের ভাস্কর্যবিরোধী বক্তব্যের কারণে তাদের বিরুদ্ধে রাষ্ট্রদ্রোহের অভিযোগে মামলা হয়েছে। আদালত পিবিআইকে অভিযোগ তদন্ত করে জানুয়ারির প্রথম সপ্তাহে প্রতিবেদন দিতে নির্দেশ দিয়েছে; এদিকে ইসলামপন্থী দলগুলোর ধারাবাহিক বিক্ষোভ, পাল্টাপাল্টি বক্তব্য এবং কুষ্টিয়ায় একটি নির্মাণাধীন ভাস্কর্য ভাঙচুরের ঘটনায় বিতর্ক ও রাজনৈতিক উত্তেজনা বেড়েছে।",32.0,5.48,21.33
news-49180385,"রাজধানী মধ্য বাড্ডার বাসিন্দা ফারজানা খালিদ। সাড়ে পাঁচ বছর বয়সী এক সন্তানের এই মা জানান, সম্প্রতি বাচ্চাকে পাস্তুরিত তরল দুধ খাওয়ানো বন্ধ করেছেন তিনি।","পাস্তুরিত তরল দুধে অ্যান্টিবায়োটিক ও ডিটারজেন্ট পাওয়ার পর হাইকোর্ট কয়েকটি ব্র্যান্ডে পাঁচ সপ্তাহের নিষেধাজ্ঞা দিলে অভিভাবকদের অনেকে শিশুদের তরল দুধ বন্ধ করে গুঁড়ো দুধে ঝুঁকেছেন, ফলে পরিবারের দুধের খরচ বেড়েছে। বিশেষজ্ঞরা গুঁড়ো দুধকে সাময়িক বিকল্প হিসেবে গ্রহণযোগ্য বললেও এতে অতীতে মেলামাইন পাওয়া যাওয়ায় সতর্ক থাকতে এবং দীর্ঘমেয়াদে এটিকে তরল দুধের বিকল্প না ভাবতে পরামর্শ দিয়েছেন।",12.66,5.19,10.13
news-40174511,সৌদি আরব সহ প্রতিবেশী দেশগুলো এমন সময় কাতারের সঙ্গে সম্পর্ক ছিন্ন করলো যখন ২০২২ সালের বিশ্বকাপ ফুটবলকে সামনে রেখে দেশটিতে ব্যাপক নির্মাণ কাজ চলছে। আর সে নির্মাণকাজে অংশ নিচ্ছে বিপুল সংখ্যক বাংলাদেশী শ্রমিক।,"সৌদি আরব ও কাতারের সম্পর্কের অবনতিতে বর্তমানে কাতারে কর্মরত বাংলাদেশি শ্রমিকদের ওপর সরাসরি প্রভাব পড়ার আশঙ্কা কম, তবে নতুন শ্রমিক পাঠানো ও সৌদি বিনিয়োগে প্রভাব পড়তে পারে। সংকট দীর্ঘায়িত হলে কাতারের খাদ্য আমদানি ও বিমান যোগাযোগে সমস্যা তৈরি হয়ে দেশটির অর্থনীতি এবং বাংলাদেশের শ্রমবাজার ক্ষতিগ্রস্ত হতে পারে; পাশাপাশি GCC দেশগুলোর মধ্যে ভারসাম্য বজায় রাখতে বাংলাদেশকে কূটনৈতিকভাবে সতর্ক থাকতে হবে।",8.7,2.22,8.7
news-56533637,বাংলাদেশে ভারতীয় প্রধানমন্ত্রী নরেন্দ্র মোদীর আগমনকে কেন্দ্র করে রাজধানী ঢাকার বায়তুল মোকাররম মসজিদ এলাকায় পুলিশের সাথে সংঘর্ষে জড়িয়েছে বিক্ষোভকারীরা।,"নরেন্দ্র মোদীর ঢাকা সফরের প্রতিবাদে জুমার নামাজের পর বায়তুল মোকাররম এলাকায় বিক্ষোভকারীদের সঙ্গে পুলিশের সংঘর্ষ হয়। পুলিশ কাঁদানে গ্যাস, রাবার বুলেট ও ফাঁকা গুলি ছোড়ে, আর বিক্ষোভকারীরা ইটপাটকেল নিক্ষেপ করে; এতে সাংবাদিকসহ বেশ কয়েকজন আহত হন এবং এলাকা কয়েক ঘণ্টা রণক্ষেত্রে পরিণত হয়। বিকেলের দিকে আইনশৃঙ্খলা বাহিনী পরিস্থিতি নিয়ন্ত্রণে আনে।",23.19,5.97,20.29
news-54141347,বাংলাদেশ-মিয়ানমার আন্তর্জাতিক সীমান্তে মিয়ানমারের সেনাদের গতিবিধি গত কয়েকদিনে বেড়ে যাওয়ার প্রেক্ষাপটে ঢাকায় মিয়ানমারের রাষ্ট্রদূতকে ডেকে উদ্বেগ জানিয়েছে বাংলাদেশ।,"মিয়ানমারের রাখাইন রাজ্যে বাংলাদেশ-মিয়ানমার সীমান্তের কাছে গত কয়েকদিনে স্বাভাবিকের চেয়ে বেশি সেনা টহল ও সদস্যদের উপস্থিতি দেখা যাওয়ায় বাংলাদেশ উদ্বেগ জানিয়েছে। বিশেষ করে মুসলিম অধ্যুষিত এলাকায় মাছ ধরার নৌকাসহ বেসামরিক বাহনে টহল দেওয়াকে সন্দেহজনক মনে করে বাংলাদেশ মিয়ানমারের রাষ্ট্রদূতকে আনুষ্ঠানিক চিঠি দিয়েছে, কারণ এতে ভীতি ছড়িয়ে নতুন করে রোহিঙ্গা অনুপ্রবেশের ঝুঁকি তৈরি হতে পারে।",27.03,11.11,18.92
news-50446359,"একটা স্বতঃসিদ্ধ সত্য হল যা দেখা যায় না, তা গণনা করাও কঠিন। কিন্তু অন্তত অবৈধ অভিবাসনের ক্ষেত্রে পরিসংখ্যানবিদরা অনেক সময়েই এই সত্য মানতে পারেন না।","পিউ রিসার্চ সেন্টারের হিসাব অনুযায়ী ব্রিটেনে প্রায় ৮ থেকে ১২ লাখ অবৈধ অভিবাসী বাস করছে, যা বৈধ অভিবাসীর হিসাব বাদ দিয়ে ‘রেসিডিউয়াল মেথডে’ নির্ধারণ করা হয়েছে। তবে এই সংখ্যা অনুমাননির্ভর, কারণ ব্রিটিশ সরকার ও হোম অফিস অবৈধ বা বৈধ অভিবাসীর প্রকৃত সংখ্যা নিশ্চিতভাবে জানে না; তবুও আগের সরকারি হিসাবের সঙ্গে এটি মোটামুটি সামঞ্জস্যপূর্ণ।",10.26,0.0,7.69
news-57236939,"বাংলাদেশের আবহাওয়া অধিদপ্তর জানিয়েছে, বঙ্গোপসাগরে অবস্থানরত ঘূর্ণিঝড় 'ইয়াস' প্রবল শক্তিশালী হয়ে সমুদ্রে একই এলাকায় অবস্থান করছে।",ঘূর্ণিঝড় ইয়াসের প্রভাবে বাংলাদেশের সমুদ্রবন্দরগুলোতে দুই নম্বর সতর্কতা সংকেত জারি হয়েছে এবং সাগর উত্তাল রয়েছে। এটি শক্তি সঞ্চয় করে উত্তর-উত্তরপশ্চিম দিকে ভারতের ওড়িশা ও পশ্চিমবঙ্গের দিকে এগোচ্ছে; বাংলাদেশে আঘাতের সম্ভাবনা কম হলেও খুলনা ও সাতক্ষীরা উপকূলে বৃষ্টিপাত হতে পারে।,7.14,0.0,3.57
news-41969821,"ভারতীয় পররাষ্ট্রমন্ত্রী জানিয়েছেন, বাংলাদেশের রংপুরে সাম্প্রদায়িক হামলায় যেসব হিন্দু ক্ষতিগ্রস্ত হয়েছেন তাদেরকে ক্ষতিপূরণ দেওয়ার ব্যাপারে বাংলাদেশ সরকার ভারতকে আশ্বস্ত করেছে।","রংপুরের গঙ্গাচড়ায় ইসলামের নবীকে ব্যঙ্গ করে ফেসবুক পোস্ট দেওয়ার অভিযোগে এক হিন্দু গ্রামে হামলা, বাড়িঘরে অগ্নিসংযোগ এবং পুলিশের গুলিতে একজন নিহত হন। ভারতের পররাষ্ট্রমন্ত্রী সুষমা স্বরাজ জানান, বাংলাদেশ ক্ষতিগ্রস্তদের বাড়িঘর পুনর্নির্মাণে ক্ষতিপূরণ ও হিন্দুদের নিরাপত্তার আশ্বাস দিয়েছে। একইসঙ্গে নিবন্ধে প্রতিবেশী দেশে নির্যাতিত অমুসলিমদের নাগরিকত্ব দেওয়ার বিজেপি সরকারের নীতি এবং এর ধর্মনিরপেক্ষতাবিরোধী সমালোচনার কথা উল্লেখ করা হয়েছে।",13.16,0.0,7.89
150917_cricketer_shahadat_bangladesh,গৃহপরিচারিকাকে নির্যাতনের অভিযোগে মামলা হওয়ার পর থেকে বাংলাদেশ জাতীয় ক্রিকেট দলের পেসার শাহাদত হোসেনকে খুঁজে পাচ্ছেনা পুলিশ।,"গৃহপরিচারিকাকে নির্যাতনের মামলার পর প্রায় দশ দিন ধরে জাতীয় দলের পেসার শাহাদাত হোসেন ও তার স্ত্রী পলাতক, আর নির্যাতিত শিশুটি চিকিৎসাধীন। পুলিশ তার বাসা ও আত্মীয়ের বাড়িতে অভিযান চালালেও সন্ধান পায়নি; শাহাদাতের পরিবার বিসিবির সিদ্ধান্তের অপেক্ষায় থাকলেও বোর্ড এ বিষয়ে মন্তব্য করেনি। বিসিবি সভাপতি ранее জানিয়েছিলেন, অভিযোগের নিষ্পত্তি না হওয়া পর্যন্ত শাহাদাত ক্রিকেটের বাইরে থাকবেন।",19.44,5.71,19.44
news-55530161,জো বাইডেন পরবর্তী প্রেসিডেন্ট হিসেবে শপথ নেবার আগে ট্রাম্প সমর্থক ও উগ্র-দক্ষিণপন্থী গোষ্ঠীগুলো পুরো যুক্তরাষ্ট্র জুড়ে 'সশস্ত্র বিক্ষোভ' করতে পারে বলে সতর্ক করেছে তদন্ত সংস্থা এফবিআই।,"৬ জানুয়ারির ক্যাপিটল হামলার পর জো বাইডেনের ২০ জানুয়ারির অভিষেককে ঘিরে ওয়াশিংটন ডিসি ও ৫০টি অঙ্গরাজ্যের রাজধানীতে সশস্ত্র বিক্ষোভের পরিকল্পনার খবর পাওয়া গেছে। ট্রাম্প-সমর্থক ও উগ্র ডানপন্থী অনলাইন নেটওয়ার্কগুলো ১৭ জানুয়ারি দেশজুড়ে সশস্ত্র বিক্ষোভ এবং ২০ জানুয়ারি ওয়াশিংটনে পদযাত্রার ডাক দিয়েছে; এফবিআই আদালত ভবনে জোর করে ঢোকার সম্ভাবনা নিয়েও সতর্ক করেছে। নিরাপত্তা জোরদারে ওয়াশিংটনে ১০ হাজার ন্যাশনাল গার্ড মোতায়েন এবং প্রয়োজনে আরও ৫ হাজার সেনা প্রস্তুত রাখা হয়েছে, পাশাপাশি ২৪ জানুয়ারি পর্যন্ত জরুরি অবস্থা জারি করা হয়েছে।",19.05,9.71,17.14
news-47810027,আইনি জটিলতায় জমির মালিকানা হারানোর ২৩ বছর পর নিজের ছেলের দক্ষতায় জমির মালিকানা ফিরে পেয়েছেন উগান্ডার এক ব্যক্তি।,"উগান্ডার আইনজীবী জর্ডান কিনইয়েরা শৈশবে বাবার জমি বেদখল হওয়ার ঘটনা দেখে আইন পেশায় আসেন এবং দীর্ঘ প্রায় দুই দশকের আইনি লড়াইয়ের পর হাইকোর্টের রায়ে পরিবারের জমি পুনরুদ্ধার করেন। তিনি বলেন, বিচার বিলম্বিত হওয়া মানেই বিচার থেকে বঞ্চিত হওয়া, তবে তাঁর ৮২ বছর বয়সী বাবা এখন জমিটি কাজে লাগাতে পারবেন না। উগান্ডায় জমি নিয়ে বিরোধ ব্যাপক; দেশটির ৩৩–৫০ শতাংশ জমির মালিক এমন দ্বন্দ্বের শিকার হন বলে তথ্য রয়েছে।",11.63,0.0,6.98
news-47312908,"পুরান ঢাকার চকবাজারে শাহী মসজিদের কাছে একটি ভবনে লাগা আগুন প্রায় নিয়ন্ত্রণে এসেছে বলে বলে জানিয়েছে ফায়ার সার্ভিস। সংস্থার একজন পরিচালক বলছেন, এ পর্যন্ত ১২জন মানুষের মৃতদেহ উদ্ধার হয়েছে।","পুরান ঢাকার চকবাজারে পাঁচতলা একটি ভবনে আগুন ছড়িয়ে পড়ে ১২ জনের মরদেহ উদ্ধার করা হয়েছে, যাদের বেশির ভাগ নারী ও শিশু; অন্তত ৩২ জন আহত হয়ে হাসপাতালে ভর্তি হয়েছেন। ফায়ার সার্ভিসের ৩৭টি ইউনিট আগুন ৯৫ শতাংশ নিয়ন্ত্রণে আনলেও ভবনটি ধসে পড়ার আশঙ্কা ও ভেতরে আরও মরদেহ থাকার কথা জানানো হয়েছে; আগুনের কারণ এখনো নিশ্চিত নয়, তবে ভবনটিতে কারখানা, গোডাউন ও আশপাশে রাসায়নিকের গুদাম ছিল।",21.51,6.59,17.2
news-49072382,ইসরায়েলের মরুভূমিতে এমন একটি মসজিদের সন্ধান পাওয়া গেছে যা ইসলামের শুরুর দিকে নির্মাণ করা হয়েছিল।,"নেগেভ মরুভূমির রাহাত এলাকায় ভবন নির্মাণের সময় সপ্তম বা অষ্টম শতাব্দীর একটি প্রাচীন মসজিদের ধ্বংসাবশেষ পাওয়া গেছে, যা ইসরায়েল অঞ্চলে আবিষ্কৃত এ ধরনের প্রাচীনতম মসজিদগুলোর একটি। খোলা আয়তাকার স্থাপনাটিতে মক্কার দিকে মুখ করা মিহরাব রয়েছে, এবং প্রত্নতত্ত্ববিদদের ধারণা, স্থানীয় কৃষকেরা সেখানে নামাজ পড়তেন; আরবদের বাইজানটাইন অঞ্চল দখলের পর এটি নির্মিত হয়েছিল।",24.24,6.25,24.24
news-56631353,বাংলাদেশে রাজধানী ঢাকার নিকটবর্তী নারায়ণগঞ্জে শীতলক্ষ্যা নদীতে একটি লঞ্চ ডুবে গেছে। লঞ্চটিতে অন্তত ৩৫ জন যাত্রী ছিলেন বলে কর্মকর্তারা জানাচ্ছেন।,"মুন্সিগঞ্জ থেকে নারায়ণগঞ্জগামী ‘সাবিথ আল হাসান’ লঞ্চটি রোববার বিকেলে শীতলক্ষ্যা নদীর কয়লাঘাট এলাকায় একটি মালবাহী জাহাজের ধাক্কায় ডুবে যায়। লঞ্চটিতে আনুমানিক ৩৫–৫০ জন যাত্রী ছিলেন; উদ্ধারকাজে ফায়ার সার্ভিস ও নৌ-পুলিশ যোগ দিয়েছে, তবে যাত্রীদের অবস্থা তখনও নিশ্চিত হওয়া যায়নি।",26.23,6.78,26.23
news-49995694,"পাকিস্তানের একজন ডাক্তার, যিনি আল কায়েদা নেতা ওসামা বিন লাদেনকে খুঁজে বের করতে যুক্তরাষ্ট্রকে সাহায্য করেছিলেন, তার কারাদণ্ডের আদেশের বিরুদ্ধে আপিল করেছেন।","ডা. শাকিল আফ্রিদির মামলার প্রথমবারের মতো আদালতে শুনানি অনুষ্ঠিত হলেও কৌঁসুলিদের অনুরোধে তা ২২ অক্টোবর পর্যন্ত মুলতবি করা হয়েছে। ওসামা বিন লাদেনকে খুঁজে বের করতে সিআইএকে সহায়তার অভিযোগ থাকলেও তাকে রাষ্ট্রদ্রোহিতার বদলে লস্কর-এ-ইসলামকে অর্থায়নের অভিযোগে ২৩ বছরের কারাদণ্ড দেওয়া হয়। উপজাতীয় আদালত পাকিস্তানের বিচারব্যবস্থার অধীনে আসায় এখন তার সাজা কমতে বা বাড়তে পারে, এমনকি আফিয়া সিদ্দিকির সঙ্গে বন্দী বিনিময়ের সম্ভাবনাও আলোচিত হচ্ছে।",18.6,11.9,16.28
news-48409940,বাংলাদেশে প্রধানমন্ত্রী শেখ হাসিনা ঢাকা-চট্টগ্রাম মহাসড়কে মেঘনা এবং গোমতী নদীর উপর নতুন তৈরি দুটো সেতুসহ বেশ কয়েকটি অবকাঠামো প্রকল্পের উদ্বোধন করেছেন ।,"ঢাকা-চট্টগ্রাম মহাসড়কের মেঘনা ও গোমতী নদীর ওপর পুরনো দুই লেনের সেতুর পাশে নতুন দুটি সেতু নির্মাণ করে যান চলাচলের জন্য খুলে দেওয়া হয়েছে, ফলে দীর্ঘদিনের যানজট কমার আশা করা হচ্ছে। বিশেষজ্ঞদের মতে, সমন্বিত ও দীর্ঘমেয়াদি পরিকল্পনার অভাবে সেতু, ফ্লাইওভার ও সড়ক নির্মাণের পরও নতুন bottleneck, অব্যবস্থাপনা ও যানজট তৈরি হচ্ছে। দ্রুত জনসংখ্যা বৃদ্ধি, রাস্তার পাশে হাট-বাজার ও অবৈধ পার্কিং বিবেচনায় না নেওয়ায় অবকাঠামো প্রকল্পগুলো কাঙ্ক্ষিত সুফল দিচ্ছে না।",17.39,4.44,17.39
news-49481260,বাংলাদেশের পার্বত্য এলাকায় নিরাপত্তা বাহিনীর জন্য যে সংগঠনটি সবচেয়ে বেশি মাথাব্যথার কারণ হয়ে দাঁড়িয়েছে সেটির নাম ইউনাইটেড পিপলস ডেমোক্রেটিক ফ্রন্ট বা ইউপিডিএফ।,"সাম্প্রতিক সহিংসতার পর পার্বত্য চট্টগ্রামে ইউপিডিএফ ও নিরাপত্তা বাহিনীর পাল্টাপাল্টি বক্তব্যে নতুন করে উত্তেজনা তৈরি হয়েছে; খাগড়াছড়িতে তিন ইউপিডিএফ সদস্য নিহতের ঘটনাকে সেনাবাহিনী গোলাগুলি বললেও সংগঠনটি গ্রেপ্তারের পর হত্যার অভিযোগ করেছে। ১৯৯৮ সালে শান্তিচুক্তির বিরোধিতা করে গড়ে ওঠা ইউপিডিএফ ২০১৭ সালে বিভক্ত হলেও তিন পার্বত্য জেলায় এখনও প্রভাবশালী, আর নিরাপত্তা বাহিনী অস্ত্র ও অপরাধ দমনের কথা বললেও স্থানীয় পর্যবেক্ষকেরা সংগঠনটিকে দুর্বল করতে বিভাজন নীতির অভিযোগ করছেন।",11.36,2.33,11.36
news-45017044,শিক্ষকের নাম উল্লেখ না করলেও সামাজিক যোগাযোগ মাধ্যমে শিক্ষককে নিয়ে করা ব্যঙ্গাত্মক পোস্টের কারণে ঢাকা বিশ্ববিদ্যালয় থেকে বিভিন্ন মেয়াদে বহিষ্কারের ঘটনায় বিস্মিত হয়েছেন শিক্ষার্থীরা।,"মনোবিজ্ঞান বিভাগের শিক্ষার্থী খায়রুন নেসা পরীক্ষার খাতা নিয়ে বিরোধের পর ফেসবুকে ক্ষোভ প্রকাশের ঘটনায় এক বছরের বহিষ্কারাদেশ পেয়ে বলেন, তিনি ও সহপাঠীরা কোনো শিক্ষকের নাম উল্লেখ বা হুমকি দেননি এবং পরে ক্ষমাও চেয়েছিলেন। বিশ্ববিদ্যালয় কর্তৃপক্ষের দাবি, পরীক্ষাকেন্দ্রে অসদাচরণ ও সামাজিক মাধ্যমে শিক্ষককে কটূক্তি-হুমকির কারণেই শাস্তি দেওয়া হয়েছে; তবে তদন্তে মনোবিজ্ঞান বিভাগের কোনো প্রতিনিধি ছিল না এবং বিভাগীয় কর্তৃপক্ষ তদন্তপ্রক্রিয়া সম্পর্কে অবগত নয়।",22.99,7.06,13.79
news-51413691,বাংলাদেশের একজন ধর্মীয় বক্তা মিজানুর রহমান আজহারি মালয়েশিয়া চলে যাওয়ার ঘোষণা দেয়ার পর তাকে নিয়ে সামাজিক মাধ্যমে ব্যাপক আলোচনা শুরু হয়েছে।,মিজানুর রহমান আজহারি পারিপার্শ্বিক কারণ ও গবেষণার কথা উল্লেখ করে ২৯ জানুয়ারি থেকে মার্চ পর্যন্ত সব ওয়াজ মাহফিল স্থগিত করে মালয়েশিয়া যাওয়ার ঘোষণা দেন; ঘনিষ্ঠ সূত্রগুলো জানালেও তার বিদেশযাত্রা বা কারণ নিশ্চিত করা যায়নি। ধর্মান্তর সংক্রান্ত ঘটনাসহ বিভিন্ন বিতর্ক এবং মাহফিল করতে বাধার অভিযোগের মধ্যেই তার আকস্মিক বিরতি নিয়ে আলোচনা চলছে।,22.22,8.57,22.22
news-47026944,"যোদ্ধা, লড়াকু, হিরো- ক্যান্সার আক্রান্ত ব্যক্তিদের প্রসঙ্গে কথা বলতে গিয়ে আপনি হয়তো কখনো এসব শব্দ ব্যবহার করে থাকতে পারেন।","ম্যাকমিলান ক্যান্সার সাপোর্টের দুই হাজার রোগীর ওপর জরিপে দেখা গেছে, ‘ক্যান্সার আক্রান্ত’, ‘শিকার’ বা ‘যুদ্ধে হার’–এর মতো শব্দ অনেকের কাছে নেতিবাচক ও মানসিকভাবে চাপ সৃষ্টিকারী; তারা ক্যান্সার ও চিকিৎসা নিয়ে সহজ, বাস্তব ভাষা পছন্দ করেন। তবে কিছু রোগী ‘লড়াই’ বা ‘সংগ্রাম’ শব্দে অনুপ্রেরণা পান, তাই ক্যান্সার নিয়ে কথা বলার সময় ব্যক্তির পছন্দ অনুযায়ী সংবেদনশীল শব্দ বেছে নেওয়ার পরামর্শ দেওয়া হয়েছে।",10.0,2.56,10.0
news-45628735,২০১৬ সালের ভারতের উত্তর পূর্বাঞ্চলীয় রাজ্য সিকিমকে সম্পূর্ণ অর্গানিক স্টেট বা কেমিক্যাল ফ্রি রাজ্য হিসেবে ঘোষণা করা হয়।,"সিকিম ২০১৬ সালে ভারতের প্রথম সম্পূর্ণ অর্গানিক রাজ্য হিসেবে স্বীকৃতি পায়; শুরুতে কৃষকদের অনাস্থা ও উৎপাদন কমে গেলেও সরকারি সহায়তায় তারা ধীরে ধীরে রাসায়নিকমুক্ত চাষে অভ্যস্ত হন। এই উদ্যোগ জনস্বাস্থ্য, মাটির উর্বরতা, পরিবেশ ও জীববৈচিত্র্য রক্ষার পাশাপাশি পর্যটনও বাড়িয়েছে, তাই ভারত সরকার সিকিমের মডেল দেশজুড়ে ছড়িয়ে দিতে চায়।",18.18,6.25,18.18
news-44403732,ভারতের হিন্দু পুণরুত্থানবাদী সংগঠন রাষ্ট্রীয় স্বয়ংসেবক সংঘ বা আরএসএস-এর সদর দপ্তর নাগপুরে বৃহস্পতিবার এক অনুষ্ঠানে যোগ দিয়েছিলেন আজীবন কংগ্রেস রাজনীতির মানুষ ও ভারতের প্রাক্তন রাষ্ট্রপতি প্রণব মুখার্জী।,"আরএসএসের সভায় প্রণব মুখার্জী জাতীয়তাবাদ, সহিষ্ণুতা, বহুত্ববাদ ও ধর্ম-জাতি-ভাষাভিত্তিক বৈষম্যহীন ভারতীয় পরিচয়ের পক্ষে বক্তব্য দেন এবং অসহিষ্ণুতা ও ঘৃণাকে জাতীয়তার জন্য বিপজ্জনক বলে উল্লেখ করেন। একই অনুষ্ঠানে মোহন ভাগবতও মত, ধর্ম ও ভাষাগত বৈচিত্র্যকে স্বীকৃতির কথা বলেন, যা বিশ্লেষকদের মতে ধর্মীয় অসহিষ্ণুতার অভিযোগ মুছে ২০১৯ সালের নির্বাচনের আগে আরএসএসের উদার ভাবমূর্তি গড়ার প্রচেষ্টা। প্রণবের এই সিদ্ধান্ত কংগ্রেসের একাংশে সমালোচিত হলেও কেউ কেউ মনে করছেন, তিনি সক্রিয় রাজনীতিতে ফেরার সম্ভাবনাও ইঙ্গিত করেছেন।",7.92,2.02,3.96
news-53595136,ঢাকার পল্লবী থানার ভেতর বিস্ফোরণের দায় ইসলামিক স্টেট স্বীকার করেছে বলে অনলাইনে জিহাদি তৎপরতা পর্যবেক্ষণকারী সংস্থা সাইট ইন্টেলিজেন্স এক টুইটে বুধবার জানানোর পর বাংলাদেশ পুলিশের পক্ষ থেকে জানানো হয়েছে যে এটি কোন সন্ত্রাসী হামলা নয়।,"পল্লবী থানায় বিস্ফোরণের ঘটনায় পুলিশ বলছে, অপরাধীদের কাছ থেকে উদ্ধার করা বোমা বিস্ফোরিত হয়ে সদস্যরা আহত হয়েছেন; তবে সাইট ইন্টেলিজেন্স আইএস হামলার দাবি করলেও বিশেষজ্ঞ তাসনিম খলিল এ দাবির পক্ষে বিশ্বাসযোগ্য প্রমাণ না থাকায় পুলিশের বিবরণকেই বেশি নির্ভরযোগ্য মনে করছেন। তিনি বলেন, বাংলাদেশে আইএসের সক্ষমতা ও সমর্থন কমে গেলেও আল-কায়দা এখনও সক্রিয় এবং রাজনৈতিক-সামাজিক ভিত্তি গড়ে তোলার দিকে এগোচ্ছে।",12.5,2.13,10.42
news-43488797,সারা বিশ্বে বেঁচে থাকা একমাত্র পুরুষ শ্বেত গণ্ডারটির মৃত্যুর পর এই প্রজাতিব প্রাণীটি 'আনুষ্ঠানিকভাবে' বিলুপ্ত হয়ে গেছে।,"ভাকুইয়তা, জাভান ও সুমাত্রান গণ্ডার, আমুর চিতাবাঘ, বনহাতি ও বোর্নিওর ওরাংওটানসহ বহু প্রাণী গুরুতর বিলুপ্তির ঝুঁকিতে রয়েছে; ভাকুইয়তা আগামী এক দশকের মধ্যেই বিলুপ্ত হতে পারে এবং তাকে বাঁচাতে আইভিএফের মতো বৈজ্ঞানিক পদ্ধতির কথা ভাবা হচ্ছে। আইইউসিএনের ‘রেড লিস্টে’ বর্তমানে ৫,৫৮৩টি প্রাণী গুরুতর বিপন্ন হিসেবে তালিকাভুক্ত, তবে প্রাণীর প্রকৃত সংখ্যা নির্ধারণ কঠিন হওয়ায় বিপন্নতার মাত্রা নিরূপণে শুধু সংখ্যাই নয়, নানা পরিবেশগত ও প্রজাতিগত বিষয় বিবেচনা করা হয়।",2.38,0.0,2.38
news-55968327,বাংলাদেশের সহস্রাধিক হাসপাতালে একযোগে শুরু হয়েছে গণ-টিকাদান কর্মসূচি।,"স্বাস্থ্যমন্ত্রী জাহিদ মালেক কোভিশিল্ড টিকা গ্রহণের মাধ্যমে বাংলাদেশে গণটিকাদান কর্মসূচিকে উৎসাহিত করেছেন এবং টিকাটিকে নিরাপদ বলে গুজব না ছড়ানোর আহ্বান জানিয়েছেন। প্রথম দফায় সম্মুখসারির কর্মী ও ৫৫ বছরের বেশি বয়সীদের বিনামূল্যে টিকা দেওয়া হচ্ছে; দেশের ১,০০৫টি কেন্দ্রে ২,৪০০টি দলের মাধ্যমে কার্যক্রম চলছে। অনলাইনে বা কেন্দ্রে নিবন্ধন করে টিকা নেওয়া যাবে, এবং প্রথম ডোজের চার থেকে ১২ সপ্তাহের মধ্যে দ্বিতীয় ডোজ দেওয়ার পরিকল্পনা রয়েছে।",0.0,0.0,0.0
news-50614559,"ভারতের ব্যাঙ্গালোর থেকে বাংলাদেশী সন্দেহে নারী ও শিশুসহ যে ৫৯ ব্যক্তিকে আটক করে গত সপ্তাহে কলকাতা-সংলগ্ন হাওড়ায় নিয়ে আসা হয়েছিল, তাদের আর কোনও খোঁজ পাওয়া যাচ্ছে না।","ব্যাঙ্গালোরে আটক ৫৯ জন কথিত বাংলাদেশিকে কলকাতার নিশ্চিন্দায় রাখার পর চার-পাঁচ দিনে ছোট দলে ভাগ করে পেট্রাপোল সীমান্ত দিয়ে গোপনে বাংলাদেশে পুশব্যাক করা হয়েছে বলে পশ্চিমবঙ্গের পুলিশ ও প্রশাসনিক সূত্র জানিয়েছে, যদিও কোনো সরকারি বিভাগ আনুষ্ঠানিকভাবে তা স্বীকার করেনি। বাংলাদেশি কর্তৃপক্ষ ও বিএসএফ এ বিষয়ে নিশ্চিত তথ্য দেয়নি; মানবাধিকার সংগঠনগুলো আদালতে না তুলে দীর্ঘদিন আটকে রাখা এবং নাগরিকত্ব যাচাই ও কনস্যুলার অ্যাক্সেস না দেওয়াকে বেআইনি ও উদ্বেগজনক বলে প্রশ্ন তুলেছে।",10.1,0.0,6.06
news-48953693,"বাংলাদেশের পরিবার পরিকল্পনা অধিদপ্তরের তথ্য অনুযায়ী, ১৯৭৫ সালে সক্ষম দম্পতি প্রায় ৮ শতাংশ জন্মনিয়ন্ত্রণ পদ্ধতি ব্যবহার করতেন আর এখন এ সংখ্যা ৬৩ দশমিক ১ শতাংশ।","বাংলাদেশে জন্মনিয়ন্ত্রণের সবচেয়ে জনপ্রিয় পদ্ধতি খাবার বড়ি, কনডম ও ইনজেকশন; সহজলভ্যতা ও কম পার্শ্বপ্রতিক্রিয়ার কারণে এগুলো বেশি ব্যবহৃত হলেও স্থায়ী পদ্ধতি সামাজিক, শিক্ষাগত ও অর্থনৈতিক কারণে কম গ্রহণযোগ্য। সময়ের সঙ্গে মানুষের সচেতনতা বেড়েছে এবং দম্পতিরা নিজেরাই পরামর্শ নিতে আসছেন, তবে জন্মনিয়ন্ত্রণের দায়িত্ব এখনো মূলত নারীদের ওপরই পড়ে এবং পুরুষদের অংশগ্রহণ কম।",2.63,0.0,2.63
news-55020008,বাংলাদেশে ফরিদপুরের সালথা উপজেলায় আহলে হাদিস অনুসারীদের একটি মসজিদসহ মাদ্রাসা ভেঙে গুড়িয়ে দেয়ার অভিযোগে মামলার তদন্ত শুরু করা হয়েছে বলে স্থানীয় প্রশাসন জানিয়েছে।,"ফরিদপুরের সালথায় আহলে হাদিস পরিচালিত একটি আবাসিক মাদ্রাসায় কয়েকশ লোক হামলা চালিয়ে মসজিদ, ভবন ও ধর্মীয় বই ভাঙচুর করে; শিক্ষক ও ৩৫ শিক্ষার্থী পালিয়ে প্রাণ বাঁচায়। আহলে হাদিস কর্তৃপক্ষ হেফাজতে ইসলাম ও কওমী মাদ্রাসার সমর্থকদের বিরুদ্ধে মামলা করেছে, আর হামলাকারী পক্ষ দাবি করেছে, এক শিক্ষার্থীকে মারধরের অভিযোগে উত্তেজিত জনতা হামলা চালায়। প্রশাসন মাদ্রাসা পুনরায় চালুর কার্যক্রম স্থগিত রেখে তদন্ত ও আলোচনার মাধ্যমে সমাধানের চেষ্টা করছে এবং এলাকায় নিরাপত্তা জোরদার করা হয়েছে।",21.28,4.35,17.02
news-44747795,দামেস্কে এলে মনে হয় না সিরিয়ায় যুদ্ধ চলছে। দামেস্কের কেন্দ্রে গত সাতবছরের যুদ্ধের কোন আঁচড়ই যেন লাগেনি। অথচ এই দামেস্করই অনেক উপশহর তীব্র লড়াইয়ে রীতিমত ধ্বংসস্তূপে পরিণত হয়েছে।,"দামেস্কে যুদ্ধের আতঙ্ক থাকলেও শহরের পুরোনো অংশে দোকানপাট, রেস্তোরাঁ ও বিশ্বকাপকেন্দ্রিক স্বাভাবিক জীবন কিছুটা ফিরেছে; বিপরীতে পূর্ব ঘুটায় বিদ্রোহীদের পতনের পরও সর্বত্র ধ্বংসযজ্ঞ, সুড়ঙ্গ ও হাসপাতালে যুদ্ধের ক্ষতচিহ্ন স্পষ্ট। রাশিয়ার সহায়তায় সিরীয় সেনাবাহিনী বিদ্রোহীদের অধিকাংশ ঘাঁটি দখল করে এখন দক্ষিণাঞ্চল পুনর্দখলের অভিযান চালাচ্ছে, যার ফলে আত্মসমর্পণ, নতুন লড়াই ও ব্যাপক বাস্তুচ্যুতি অব্যাহত রয়েছে।",4.94,0.0,4.94
news-52102600,বাংলাদেশে আসন্ন বাংলা নববর্ষের অনুষ্ঠান বন্ধ রাখার জন্য আহবান জানিয়েছেন প্রধানমন্ত্রী শেখ হাসিনা।,"প্রধানমন্ত্রী শেখ হাসিনা করোনাভাইরাসের সংক্রমণ ঠেকাতে বাংলা নববর্ষের সব ধরনের জনসমাগমভিত্তিক অনুষ্ঠান বন্ধ রেখে ডিজিটাল পদ্ধতিতে উদযাপনের আহ্বান জানান। তিনি আক্রান্তের লক্ষণ দেখা দিলে দ্রুত পরীক্ষা করানো, সংক্রমণের তথ্য গোপন না করা এবং খাদ্য সহায়তা বিতরণে জনসমাগম এড়ানোর নির্দেশ দেন; পাশাপাশি সরকারি ছুটি আরও বাড়তে পারে বলেও ইঙ্গিত দেন।",22.58,13.33,12.9
news-50786181,"বাংলাদেশের দু'জন মন্ত্রীর পূর্বনির্ধারিত ভারত সফর বাতিল করার পর তা নিয়ে নানা আলোচনার মুখে ক্ষমতাসীন আওয়ামী লীগের সাধারণ সম্পাদক ওবায়দুল কাদের বলেছেন, এখন বিজয় দিবসের আগে রাষ্ট্রীয় কাজে ব্যস্ততার কারণে মন্ত্রীরা এই সফর বাতিল করেছেন।","বাংলাদেশের পররাষ্ট্রমন্ত্রী এ কে আব্দুল মোমেন ও স্বরাষ্ট্রমন্ত্রী আসাদুজ্জামান খান শেষ মুহূর্তে ভারত সফর বাতিল করেন; সরকার এর কারণ হিসেবে পূর্বনির্ধারিত দিল্লি সফর ও আসামের অস্থিরতার কথা বলেছে। তবে কূটনৈতিক সূত্রের মতে, ভারতের এনআরসি, নাগরিকত্ব সংশোধনী আইন এবং অমিত শাহের বাংলাদেশে সংখ্যালঘু নির্যাতনবিষয়ক মন্তব্যে বাংলাদেশের অস্বস্তিই সফর বাতিলের মূল কারণ। অস্বস্তি থাকলেও দুই দেশই দ্বিপক্ষীয় সম্পর্ক বজায় রাখতে আগ্রহী।",12.63,4.3,10.53
news-56762989,"বাংলাদেশে করোনাভাইরাসে আক্রান্ত হয়ে গত নয় দিনেই মারা গেছে ৭১৯ জন, যার মধ্যে ৬৯৩ জনই মারা গেছে হাসপাতালে। চিকিৎসক ও বিশেষজ্ঞরা বলছেন দ্রুত ফুসফুস সংক্রমণ ছাড়াও বছরের শুরুতে রোগটির প্রতি অবহেলার কারণেই অনেকে এখন সংকটাপন্ন অবস্থায় হাসপাতালে যাচ্ছেন।","বাংলাদেশে করোনার দ্বিতীয় ঢেউয়ে রোগীরা দ্রুত সংকটাপন্ন হয়ে হাসপাতালে আসায় আইসিইউ ও লাইফ সাপোর্টের ওপর প্রচণ্ড চাপ তৈরি হয়েছে; বৃহস্পতিবার পর্যন্ত মৃতের সংখ্যা ১০ হাজার ৮১ জন এবং এক দিনে মারা গেছে ৯৪ জন। চিকিৎসক ও বিশেষজ্ঞরা দক্ষিণ আফ্রিকান ভ্যারিয়েন্টের দ্রুত ফুসফুস ক্ষতিগ্রস্ত করা, রোগীদের চিকিৎসা নিতে দেরি, জনসচেতনতার অভাব এবং কর্তৃপক্ষের অপর্যাপ্ত প্রস্তুতিকে মৃত্যুহার বৃদ্ধির কারণ হিসেবে দেখছেন। ঢাকার বাইরে চিকিৎসাসুবিধা অপ্রতুল হওয়ায় অনেক রোগী দেরিতে রাজধানীতে আসছেন, ফলে সময়মতো ভর্তি ও চিকিৎসা পাওয়া কঠিন হয়ে পড়েছে।",20.69,7.02,17.24
news-48161906,শক্তিশালী ঘূর্ণিঝড় ফণী দুর্বল হয়ে বাংলাদেশে প্রবেশ করলেও দেশটির বিভিন্ন জায়গায় গাছ বা ঘরের নীচে চাপা পড়ে কমপক্ষে পাঁচজনের নিহত হওয়ার খবর পাওয়া গেছে।,"ঘূর্ণিঝড় ফণী দুর্বল হয়ে গভীর নিম্নচাপে পরিণত হয়ে বাংলাদেশের উত্তরাঞ্চল দিয়ে অতিক্রম করছে; ফলে বিপদসংকেত কমানো হয়েছে এবং উপকূলের ১৯ জেলার ১৬ লাখের বেশি মানুষ আশ্রয়কেন্দ্র থেকে বাড়ি ফিরছেন। বাংলাদেশে টর্নেডো ও ঝড়ের প্রভাবে অন্তত ছয়জনের মৃত্যু হয়েছে, আর ভারতের উড়িষ্যায় ফণীর আঘাতে আটজন মারা গেছেন।",14.29,8.82,14.29
news-49861894,বাংলাদেশের প্রধানমন্ত্রী শেখ হাসিনা জাতিসংঘের ৭৪তম সাধারণ পরিষদের ভাষণে রোহিঙ্গা প্রসঙ্গ উত্থাপন করে বলেন যে মিয়ানমার ও তাদের নাগরিকদের মধ্যকার সমস্যার বোঝা বহন করতে হচ্ছে বাংলাদেশকে। আন্তর্জাতিক সম্প্রদায়ের কাছে তিনি আহ্বান রাখেন যেন তারা এই সংকটের বিষয়টি উপলব্ধি করে।,"জাতিসংঘের ৭৪তম সাধারণ পরিষদে প্রধানমন্ত্রী শেখ হাসিনা বলেন, মিয়ানমারের তৈরি রোহিঙ্গা সংকট এখন আঞ্চলিক নিরাপত্তা, পরিবেশ ও জনস্বাস্থ্যের জন্য হুমকি হয়ে দাঁড়িয়েছে; বাংলাদেশে আশ্রয় নেওয়া ১১ লাখ রোহিঙ্গার কেউ নিরাপদ ও সম্মানজনক প্রত্যাবাসনের পরিবেশ না থাকায় মিয়ানমারে ফিরতে পারেনি। তিনি সংকট সমাধানে মিয়ানমারকে নিজ নাগরিকদের নিরাপদে রাখাইনে ফিরিয়ে নেওয়ার আহ্বান জানান এবং বাংলাদেশের অর্থনৈতিক ও সামাজিক অগ্রগতিও তুলে ধরেন।",26.53,8.33,14.29
news-54701290,কট্টর ইসলামের বিরুদ্ধে ফ্রান্স সরকারের কঠোর অবস্থান নিয়ে বিতর্কের মধ্যেই তুরস্কের প্রেসিডেন্ট রেচেপ তায়েপ এরদোয়ান ফরাসী পণ্য বর্জনের আহ্বান জানিয়েছেন।,"ইসলামের নবীর কার্টুন প্রদর্শনের জেরে শিক্ষক স্যামুয়েল প্যাটি হত্যার পর ফ্রান্সের প্রেসিডেন্ট ম্যাক্রঁ ধর্মনিরপেক্ষতা ও বাকস্বাধীনতার পক্ষে এবং উগ্র ইসলামের বিরুদ্ধে অবস্থান নেন, যা তুরস্কের প্রেসিডেন্ট এরদোয়ানসহ পাকিস্তান ও কয়েকটি মুসলিম দেশের তীব্র সমালোচনার মুখে পড়ে। এরদোয়ান ফরাসি পণ্য বয়কটের আহ্বান জানালে কিছু দেশে ফরাসি পণ্য সরিয়ে নেওয়া ও প্রতিবাদ হয়; বিপরীতে জার্মানি, নেদারল্যান্ডস ও ইতালিসহ ইউরোপীয় দেশগুলো ফ্রান্সের পাশে দাঁড়ায়।",19.75,5.06,19.75
news-44888144,বাংলাদেশে এইচএসসি ও সমমানের পরীক্ষায় জিপিএ-৫ পাওয়ার সংখ্যা গত তিন বছরে প্রায় অর্ধেকে নেমে এসেছে। উল্লেখযোগ্যভাবে কমেছে পাশের হারও।,"২০১৮ সালের এইচএসসি ও সমমান পরীক্ষায় পাশের হার ৬৬.৬৪ শতাংশ, যা আগের বছরের ৬৮.৯১ শতাংশের চেয়ে কম; জিপিএ-৫ পাওয়ার সংখ্যাও ৩৭,৯৬৯ থেকে কমে ২৯,২৬২ হয়েছে। শিক্ষার্থী ও শিক্ষকদের মতে, ঘন ঘন পরীক্ষা পদ্ধতি পরিবর্তন, মূল বইয়ের বদলে সহায়ক বইনির্ভরতা এবং হাতে লেখার অভ্যাস কমে যাওয়া এর কারণ হতে পারে; শিক্ষা গবেষকরা আগের ‘লিবারেল মার্কিং’-এর প্রভাব কমার কথাও বলেছেন। শিক্ষামন্ত্রী বাস্তব ফল প্রকাশের কথা জানিয়ে পাশের হার কমার কারণ খতিয়ে দেখার আশ্বাস দিয়েছেন।",14.29,6.25,14.29
news-45192357,বাংলাদেশের সরকারি চাকরিতে কোটা সংস্কারের জন্য উদ্দেশ্যে হওয়া আন্দোলনের যুগ্ম-আহবায়ক লুৎফুন্নাহার লুমাকে সিরাজগঞ্জ থেকে আটক করেছে পুলিশ।,কোটা সংস্কার আন্দোলনের যুগ্ম আহ্বায়ক লুৎফুন্নাহার লুমাকে সিরাজগঞ্জের বেলকুচি থেকে সাইবার ক্রাইম বিভাগের অভিযোগে পুলিশের হেফাজতে নেওয়া হয়েছে এবং জিজ্ঞাসাবাদের জন্য ঢাকায় পাঠানো হয়েছে। এদিকে আন্দোলনের শীর্ষ নেতাদের অনেকে গ্রেপ্তার হয়েছেন; এর আগে ঢাকা বিশ্ববিদ্যালয়ের এক ছাত্রীকেও আটক করে পরে বিশ্ববিদ্যালয় প্রশাসনের কাছে হস্তান্তর করা হয়।,25.0,6.45,21.88
news-43403165,"বাংলাদেশের ট্যুর অপারেটররা বলছেন, নেপালের কাঠমান্ডুতে বেসরকারি বিমান ইউএস বাংলার বিমান দুর্ঘটনার পর থেকে অনেক বাংলাদেশি নেপালে যাওয়ার পরিকল্পনা বাতিল করছেন।","কাঠমান্ডুতে ইউ-এস বাংলার বিমান দুর্ঘটনার পর বাংলাদেশিদের মধ্যে নেপাল ভ্রমণ ও বিমানযাত্রা নিয়ে আতঙ্ক তৈরি হয়েছে; অনেকে নেপাল সফর বাতিল করে অর্থ ফেরত নিচ্ছেন এবং অভ্যন্তরীণ ফ্লাইটে ইউ-এস বাংলার বদলে অন্য এয়ারলাইন্স বেছে নিচ্ছেন। ট্রাভেল এজেন্সিগুলো সাময়িকভাবে টিকিট বাতিল বাড়ার কথা জানালেও ইউ-এস বাংলা কর্তৃপক্ষ বলছে, দুর্ঘটনাটি বিচ্ছিন্ন ঘটনা এবং তাদের অন্যান্য ফ্লাইট স্বাভাবিক রয়েছে।",15.19,7.79,15.19
news-51321472,করোনাভাইরাসের বিরুদ্ধে চিকিৎসকদের লড়াই করা যেন অনেকটা একটি অজানা বিষয়ের বিরুদ্ধে লড়াই করার মতো হয়ে দাঁড়িয়েছে।,"উহানের হাসপাতালে ভর্তি প্রথম ৯৯ জন করোনাভাইরাস রোগীর সবারই নিউমোনিয়া হয়েছিল; প্রধান লক্ষণ ছিল জ্বর, কাশি ও শ্বাসকষ্ট, আর গুরুতর রোগীদের ফুসফুসে অক্সিজেন সরবরাহ ব্যাহত হয়েছিল। রোগীদের বেশিরভাগ ছিলেন মধ্যবয়সী পুরুষ এবং অনেকে আগে থেকেই হৃদরোগ, রক্তনালীর সমস্যা বা ডায়াবেটিসে আক্রান্ত ছিলেন; ২৫ জানুয়ারি পর্যন্ত ১১ জন মারা গেলেও এ সংখ্যা মোট মৃত্যুহার নির্দেশ করে না। আক্রান্তদের প্রায় অর্ধেকের উহানের হুয়ানান সামুদ্রিক খাবারের বাজারের সঙ্গে সরাসরি যোগাযোগ ছিল।",0.0,0.0,0.0
news-43791290,সিরিয়া যুদ্ধ শুরু হওয়ার পর থেকে সাত বছরে ১০ লাখেরও বেশী মানুষ সিরিয়া থেকে পালিয়ে আশ্রয় নিয়েছে পার্শ্ববর্তী দেশ লেবাননে।,"সিরিয়ার যুদ্ধ ও রাজনৈতিক হয়রানির কারণে ১০ লাখের বেশি মানুষ লেবাননে আশ্রয় নিয়েছে; শরণার্থীরা মতপ্রকাশের স্বাধীনতার অভাব এবং আসাদ সরকারের দমন-পীড়নের কথা জানিয়েছেন। তারা মনে করেন, যুক্তরাষ্ট্রসহ বিদেশি শক্তির সামরিক হস্তক্ষেপ পরিস্থিতি আরও জটিল করেছে এবং এতে আসাদ সরকার উৎখাত বা শান্তি প্রতিষ্ঠা হবে না। যুদ্ধের প্রভাব দামেস্কে তুলনামূলক কম হলেও সিরিয়ার বাকি অংশ আন্তর্জাতিক শক্তিগুলোর কৌশলগত সংঘাতের কেন্দ্রে পরিণত হয়েছে।",14.63,2.5,12.2
news-57115011,"ইসরায়েলি এবং ফিলিস্তিনিদের মধ্যে লড়াই এখন যেরকম তীব্র হয়ে উঠেছে তা একটি ""পূর্ণাঙ্গ যুদ্ধে"" রূপ নিতে পারে বলে হুঁশিয়ারি দিয়েছে জাতিসংঘ।","ইসরায়েল-ফিলিস্তিন সংঘাতের শিকড় ব্রিটিশ শাসনামল, ইহুদি রাষ্ট্র প্রতিষ্ঠার দাবি এবং আরবদের ভূমির অধিকার নিয়ে বিরোধে; ১৯৪৮ সালে ইসরায়েল প্রতিষ্ঠার পর যুদ্ধ, ফিলিস্তিনি উচ্ছেদ ও শরণার্থী সংকট তৈরি হয়, আর ১৯৬৭ সালের যুদ্ধে ইসরায়েল পশ্চিম তীর, পূর্ব জেরুজালেম ও গাজা দখল করে। জেরুজালেমের মর্যাদা, ইহুদি বসতি, ফিলিস্তিনি শরণার্থীদের প্রত্যাবর্তন এবং স্বাধীন ফিলিস্তিনি রাষ্ট্র প্রতিষ্ঠা নিয়ে মতবিরোধের পাশাপাশি গাজা অবরোধ ও নিয়মিত সহিংসতায় উত্তেজনা অব্যাহত রয়েছে। দীর্ঘদিনের শান্তি আলোচনা ও সাম্প্রতিক মার্কিন উদ্যোগ ব্যর্থ হওয়ায় নিকট ভবিষ্যতে সংঘাতের স্থায়ী সমাধানের সম্ভাবনা ক্ষীণ।",3.92,0.0,3.92
news-54091852,আবারও ভারতে সংবাদ শিরোনামে বলিউড। কয়েক সপ্তাহ ধরে সুশান্ত সিং রাজপুতের মৃত্যু - তার বান্ধবী রিয়া চক্রবর্তীর বিরুদ্ধে মাদক যোগের সরগরম থাকার পরে বুধবার সকাল থেকে ভারতের টিভি চ্যানেলগুলোতে শুরু হয়েছে আরেক বলিউড অভিনেত্রী কঙ্গনা রানাওয়াতকে নিয়ে মাতামাতি।,"অভিনেত্রী কঙ্গনা রানাওয়াত মুম্বাইকে পাকিস্তান অধিকৃত কাশ্মীরের সঙ্গে তুলনা করে শিবসেনা ও মুখ্যমন্ত্রী উদ্ধব ঠাকরের বিরুদ্ধে তীব্র মন্তব্য করেন। বেআইনি নির্মাণের অভিযোগে মুম্বাই কর্পোরেশন তার বাড়ি ও অফিস ভাঙতে শুরু করলে বিরোধ আরও চরমে ওঠে, যদিও পরে বম্বে হাইকোর্ট স্থগিতাদেশ দেয়। বিশ্লেষকদের মতে, ঘটনাটির পেছনে কঙ্গনা-বিজেপি ও শিবসেনার রাজনৈতিক সংঘাত কাজ করছে; তবে সাধারণ মানুষ মূলত করোনা ও অর্থনীতি নিয়ে বেশি উদ্বিগ্ন।",14.0,2.04,8.0
news-44712123,ভারতে হোয়াটসঅ্যাপের মাধ্যমে ছড়ানো গুজবের জেরে একের পর এক গণপিটুনির ঘটনার পর সরকার কার্যত ওই মেসেজিং প্ল্যাটফর্মটির কাছে কৈফিয়ত তলব করেছে।,"হোয়াটসঅ্যাপে ছড়ানো গুজবের জেরে ভারতের বিভিন্ন রাজ্যে গণপিটুনি ও সহিংসতার ঘটনা বাড়ায় সরকার প্ল্যাটফর্মটিকে ভুয়ো ও বিদ্বেষমূলক বার্তা ঠেকাতে ব্যবস্থা নেওয়ার আহ্বান জানিয়েছে। হোয়াটসঅ্যাপ সরকারকে সহযোগিতার আশ্বাস দিয়ে ফরোয়ার্ড করা বার্তা চিহ্নিত করার জন্য নতুন লেবেল পরীক্ষার কথা জানালেও বিশেষজ্ঞরা মনে করেন, এন্ড-টু-এন্ড এনক্রিপশন ও প্রযুক্তিগত সীমাবদ্ধতার অজুহাতে দায় এড়ানো যাবে না এবং আরও কার্যকর ব্যবস্থা দরকার।",10.0,5.13,10.0
news-48214793,সন্তানের কী নাম রাখা হবে পিতামাতার কাছে সেটি অনেক কঠিন এক চ্যালেঞ্জ। কিন্তু সঠিক নাম বাছাই করে নেওয়া সত্যিই গুরুত্বপূর্ণ।,"প্রিন্স হ্যারি ও মেগান মের্কেল তাঁদের পুত্রের নাম রেখেছেন আর্চি হ্যারিসন; ইংল্যান্ড ও ওয়েলসে শিশুর জন্মের ৪২ দিনের মধ্যে নাম নিবন্ধন করতে হয়। দেশভেদে শিশুর নাম রাখার সময়সীমা, আইন ও আনুষ্ঠানিকতা ভিন্ন—সুইডেন ও জার্মানিতে নামের লিঙ্গ ও সরকারি অনুমোদনের নিয়ম আছে, আর মিশরে মোমবাতি জ্বালিয়ে অনুষ্ঠানের মাধ্যমে নাম নির্বাচন করা হয়।",5.56,0.0,5.56
150222_sak_syria_girls_families,"পূর্ব লন্ডনের তিনজন কিশোরী ইসলামিক স্টেটের সাথে যোগ দিতে সিরিয়া চলে গেছে, এ খবর বেরুনোর পর তাদের পরিবারগুলো ব্যাপকভাবে ভেঙে পড়েছে বলে জানা যাচ্ছে।","লন্ডনের তিন কিশোরী শামীমা বেগম, আমিরা আবাস ও খাদিজা সুলতানা তুরস্কে যাওয়ার পর সিরিয়ায় ইসলামিক স্টেটে যোগ দিতে পারে বলে আশঙ্কা করা হচ্ছে; তাদের পরিবার বাড়ি ফিরে আসার জন্য আকুল আবেদন জানিয়েছে। একই স্কুলের আরেক শিক্ষার্থী সিরিয়ায় যাওয়ার পর ঘটনাটি ঘটে, যা ব্রিটেনের বাঙালি মুসলিম সম্প্রদায়ে উদ্বেগ সৃষ্টি করেছে।",21.92,2.82,16.44
news-43131130,বাংলাদেশের টি-টোয়েন্টি দলে মাশরাফি বিন মর্তুজা চাইলে খেলতে পারেন - এ কথা জানিয়েছেন বাংলাদেশ ক্রিকেট বোর্ডের সভাপতি নাজমুল হাসান।,মাশরাফি বিন মর্তুজার অবসরের পর বাংলাদেশ কোনো টি-টোয়েন্টি ম্যাচ জিততে পারেনি; বিসিবি তাকে টি-টোয়েন্টি দলে ফেরাতে চাইলেও সিদ্ধান্তটি তার নিজের ওপর নির্ভর করছে। বিসিবি সভাপতি নাজমুল হাসান দলের ব্যর্থতার পেছনে কোচের অভাব ও খেলোয়াড়দের জয়ের মানসিকতার ঘাটতিকে দায়ী করে দলের মনোভাব পরিবর্তনের ওপর জোর দিয়েছেন।,27.27,15.62,18.18
news-51895998,কুড়িগ্রামের সাংবাদিক আরিফুল ইসলামকে শুক্রবার মধ্যরাতে বাড়ি থেকে তুলে নিয়ে যাওয়ার পর কারাগারে পাঠানো পর্যন্ত তার সাথে কি ঘটেছিল তা তিনি বর্ণনা করেছেন বিবিসির কাছে।,"আরিফুল ইসলাম অভিযোগ করেন, কুড়িগ্রাম জেলা প্রশাসনের এক কর্মকর্তার নির্দেশে তাকে বাড়ি থেকে জোর করে তুলে নিয়ে যাওয়া হয় এবং পথে এনকাউন্টারে হত্যার হুমকি দেওয়া হয়। পরে জেলা প্রশাসকের কার্যালয়ে তাকে বিবস্ত্র করে মারধর, ছবি ও ভিডিও ধারণ এবং জোর করে চারটি স্বাক্ষর নেওয়ার পর দ্রুত কারাগারে পাঠানো হয়; অভিযুক্ত কর্মকর্তা এসব বিষয়ে কোনো বক্তব্য দেননি।",19.75,7.59,19.75
news-41795196,"বিজ্ঞানী স্টিফেন হকিংএর পিএইচডি থিসিস অনলাইনে প্রকাশ করার পর মাত্র কয়েক দিনে তা দেখেছেন ২০ লক্ষেরও বেশি লোক - বলা হচ্ছে, কোন গবেষণাপত্র নিয়ে এত লোকের আগ্রহী হয়ে ওঠা এর আগে আর কখনোই দেখা যায় নি।",কেমব্রিজ বিশ্ববিদ্যালয় স্টিফেন হকিংয়ের ১৯৬৬ সালের ১৩৪ পৃষ্ঠার পিএইচডি থিসিস অনলাইনে প্রকাশ করলে প্রথম দিনেই বিপুল পাঠকের চাপে ওয়েবসাইটটি ক্র্যাশ করে; অন্তত পাঁচ লাখ মানুষ এটি ডাউনলোডের চেষ্টা করেন। ‘সম্প্রসারণশীল মহাবিশ্বের বৈশিষ্ট্য’ শীর্ষক থিসিসটি লেখার সময় হকিংয়ের বয়স ছিল ২৪ বছর; পরে তাঁর বই *এ ব্রিফ হিস্ট্রি অব টাইম* এক কোটির বেশি কপি বিক্রি হয় এবং মোটর নিউরন রোগে আক্রান্ত হয়েও তিনি বিশ্বখ্যাত বিজ্ঞানী হয়ে ওঠেন।,15.84,6.06,13.86
news-51276037,করোনাভাইরাসে আক্রান্ত হয়ে নিহতের সংখ্যা ১০৬ জন বলে নিশ্চিত করেছে চীনা কর্তৃপক্ষ।,"নতুন করোনাভাইরাসে চীনে আক্রান্তের সংখ্যা চার হাজার ছাড়িয়েছে, ফলে উহানসহ বহু শহরে গণপরিবহন বন্ধ ও ভ্রমণে কঠোর নিষেধাজ্ঞা জারি করা হয়েছে। সংক্রমণ ঠেকাতে নববর্ষের ছুটি বাড়ানো হয়েছে এবং বিভিন্ন দেশ চীন ভ্রমণে সতর্কতা জারি করেছে; সিঙ্গাপুর ও জার্মানিতেও নতুন আক্রান্তের খবর মিললেও চীনের বাইরে মৃত্যুর খবর পাওয়া যায়নি।",10.0,0.0,10.0
news-53595135,সামাজিক যোগাযোগের প্ল্যাটফর্মগুলোর ওপর নিয়ন্ত্রণ আরোপ করে তুরস্কের সংসদ একটি আইন পাশ করেছে। মানবাধিকার সংগঠনগুলো বলছে এই আইন বাকস্বাধীনতার প্রতি বড় হুমকি।,"তুরস্কের নতুন আইনে দশ লাখের বেশি অনুসারী থাকা সামাজিক যোগাযোগমাধ্যমগুলোকে দেশটিতে স্থানীয় কার্যালয় স্থাপন, সরকারি নির্দেশে কনটেন্ট অপসারণ এবং ব্যবহারকারীদের তথ্য তুরস্কে সংরক্ষণ করতে হবে; অমান্য করলে জরিমানা ও ব্যান্ডউইথ ৯৫ শতাংশ পর্যন্ত কমিয়ে দেওয়া হতে পারে। সরকার এটিকে সাইবার অপরাধ ও ভুয়া তথ্য মোকাবিলার পদক্ষেপ বললেও মানবাধিকার সংগঠনগুলো আশঙ্কা করছে, এর ফলে অনলাইন সেন্সরশিপ ও ভিন্নমত দমন বাড়বে; জার্মানি, চীন, রাশিয়া ও সিঙ্গাপুরসহ বিভিন্ন দেশেও সামাজিক যোগাযোগমাধ্যম নিয়ন্ত্রণে কঠোর আইন রয়েছে।",10.64,2.17,8.51
news-48400401,ভারতের নির্বাচনে প্রধানমন্ত্রী নরেন্দ্র মোদীর হিন্দুত্ববাদী দল বিজেপি বিপুল বিজয় পাবার পর পশ্চিমবঙ্গ রাজ্যেও নাগরিকত্ব যাচাইয়ের উদ্যোগ নেয়া হয় কিনা - তা নিয়ে বাংলাদেশের 'চিন্তার কারণ' আছে বলেই মনে করছেন বিশ্লেষকরা।,"ভারতে বিজেপি আসামের মতো পশ্চিমবঙ্গেও নাগরিকত্ব যাচাইয়ের উদ্যোগ নিতে চায়, যা বাংলাদেশ থেকে যাওয়া কথিত অবৈধ অভিবাসীদের লক্ষ্য করে হতে পারে এবং বাংলাদেশে উদ্বেগ সৃষ্টি করেছে। পররাষ্ট্রমন্ত্রী এ কে আব্দুল মোমেন বিষয়টিকে ভারতের অভ্যন্তরীণ ব্যাপার বলে উল্লেখ করে বলেন, ভারত বাংলাদেশের অনিষ্ট করবে না; তবে বিশ্লেষকরা মনে করেন, এ উদ্যোগ বাস্তবায়িত হলে তা বাংলাদেশের জন্য বিব্রতকর ও উদ্বেগজনক হতে পারে।",20.0,4.55,13.33
news-48796160,বাংলাদেশে বরগুনা সরকারি কলেজের সামনে নেয়াজ রিফাত শরীফ নামে এক যুবককে কুপিয়ে হত্যার জন্য ব্যক্তিগত কারণকেই দায়ী করেছে পুলিশ।,"বরগুনায় কলেজের সামনে প্রকাশ্যে রিফাত শরীফকে কুপিয়ে হত্যার ঘটনায় ১২ জন এজাহারভুক্ত আসামির মধ্যে তিনজনকে আটক করা হয়েছে, বাকিদের ধরতে অভিযান চলছে এবং সীমান্ত ও বন্দরে সতর্কতা জারি করা হয়েছে। রিফাতের স্ত্রী আয়েশা আক্তার হামলাকারীদের বাধা দিলেও স্বামীকে বাঁচাতে পারেননি; ভিডিওটি ছড়িয়ে পড়ার পর দেশজুড়ে ক্ষোভ সৃষ্টি হয়েছে। মানবাধিকারকর্মীরা ঘটনাটিকে সামাজিক নিষ্ক্রিয়তা, ক্রমবর্ধমান সহিংসতা এবং বিচারব্যবস্থার প্রতি আস্থাহীনতার প্রতিফলন হিসেবে দেখছেন।",12.5,5.13,12.5
news-56567798,মিশরের সুয়েজ খালের তীরের বালিতে আটকে পড়া এভার গিভেন নামে বিশালাকৃতির মালবাহী জাহাজটিকে সোমবার মুক্ত করা সম্ভব হয়েছে বলে খালের ব্যবস্থাপনা কর্তৃপক্ষ জানিয়েছে।,"এভার গিভেন জাহাজটি ২৯ মার্চ আংশিক ভাসানো গেলেও সুয়েজ খালে স্বাভাবিক জাহাজ চলাচল পুরোপুরি কবে শুরু হবে তা অনিশ্চিত, এবং জট কাটাতে আরও কয়েক দিন লাগতে পারে। জাহাজটি আটকে যাওয়ায় শত শত জাহাজ আটকা পড়ে বিশ্ব বাণিজ্যে প্রতিদিন বিপুল ক্ষতি হচ্ছে; মিশরেরও প্রতিদিন প্রায় ১ কোটি ৫০ লাখ ডলার লোকসান হচ্ছে।",10.81,2.78,5.41
111021_sm_gaddafi_death,"অগাষ্ট মাসে রাজধানী ত্রিপোলির পতনের পর, সিয়ার্ত-এ গড়ে ওঠে ক্ষমতাচ্যুত নেতা মুয়াম্মার গাদ্দাফির অনুগত বাহিনীর শেষ প্রতিরোধ৻",বিদ্রোহীদের শেষ ঘাঁটি সির্তে থেকে পালানোর সময় ফরাসি বিমান হামলায় গাদ্দাফির গাড়িবহর ক্ষতিগ্রস্ত হলে তিনি ও তাঁর সহযোগীরা কংক্রিটের পাইপে আশ্রয় নেন। পরে তাঁকে জীবিত কিন্তু গুরুতর আহত অবস্থায় আটক করা হলেও গুলিবিদ্ধ হয়ে তাঁর মৃত্যু হয়; তবে গুলিটি কার পক্ষ থেকে এসেছিল তা নিশ্চিত নয়। তাঁর মরদেহ মিসরাতায় নিয়ে যাওয়া হয়।,5.71,0.0,2.86
news-44439646,আমেরিকার কোনো প্রেসিডেন্ট এবং উত্তরে কোরিয়ার কোনো নেতা মুখোমুখি বসে কথা বলবেন কমাস আগেও তা অকল্পনীয় ছিল।,"ট্রাম্প–কিম বৈঠক নানা বিরোধের কারণে ভেস্তে যাওয়ার উপক্রম হলেও শেষ পর্যন্ত সিঙ্গাপুরে অনুষ্ঠিত হচ্ছে, যা নিয়ে সংশয় থাকলেও বিশ্লেষকেরা আশাবাদী। যুক্তরাষ্ট্র উত্তর কোরিয়ার পারমাণবিক নিরস্ত্রীকরণ চাইছে, আর পিয়ংইয়ং যুদ্ধবিরতিকে শান্তিচুক্তিতে রূপান্তর, মার্কিন ঘাঁটি ও নিষেধাজ্ঞা প্রত্যাহার এবং ধাপে ধাপে নিরস্ত্রীকরণের দাবি করছে। চীনও সমঝোতায় আগ্রহী হওয়ায় বৈঠক থেকে অপ্রত্যাশিত অগ্রগতির সম্ভাবনা রয়েছে।",5.71,0.0,2.86
news-48488143,ব্রাজিলের ফুটবল তারকা নেইমারের বিরুদ্ধে যৌন হয়রানির অভিযোগ করেছেন প্যারিসের এক নারী।,"সাও পাওলোর পুলিশ জানিয়েছে, প্যারিসের একটি হোটেলে নেইমারের বিরুদ্ধে এক নারীকে জোরপূর্বক যৌন সম্পর্কে বাধ্য করার অভিযোগ উঠেছে; ওই নারীর সঙ্গে ইনস্টাগ্রামে পরিচয়ের পর নেইমার তাকে প্যারিসে আমন্ত্রণ ও টিকিট পাঠিয়েছিলেন। নেইমার বা তার প্রতিনিধিরা এখনো প্রতিক্রিয়া জানাননি, তবে তার বাবা অভিযোগটিকে ‘ফাঁদ’ বলেছেন; এদিকে নেইমার কোপা আমেরিকার প্রস্তুতিতে ব্রাজিল দলের সঙ্গে থাকলেও হাঁটুর চোটে অনুশীলন বন্ধ করেছেন।",20.0,2.94,14.29
news-48924515,"ভারতে নাগরিকদের দেহ থেকে সরকারকে ডিএনএ নমুনা সংগ্রহ ও সংরক্ষরণের অনুমতি দেবে, এমন একটি বিল গতকাল সোমবার পার্লামেন্টে পেশ করা হয়েছে।","ভারত সরকার অপরাধ দমন ও জাতীয় নিরাপত্তার জন্য ডিএনএ টেকনোলজি রেগুলেশন বিল আনতে চাইছে, যার আওতায় দণ্ডিত অপরাধী, সন্দেহভাজন ব্যক্তি ও নিখোঁজদের আত্মীয়দের ডিএনএ সংগ্রহ করে ডেটাব্যাংকে রাখা হবে। কংগ্রেস ও মানবাধিকার কর্মীরা আদালতের নির্দেশ ও ডেটা সুরক্ষা আইন ছাড়া বিলটি পাসের বিরোধিতা করে বলছেন, এতে ব্যক্তিগত গোপনীয়তা ও মৌলিক অধিকার লঙ্ঘনের ঝুঁকি রয়েছে।",10.67,0.0,8.0
news-47685389,আপনি যে পোকাটিকে দেখছেন তার বয়স ৫১ কোটি ৮০ লাখ বছর।,"চীনের হুবেই প্রদেশের ডানশুয়ে নদীর তীরে আবিষ্কৃত ‘চিঙজিয়াং বাইওটা’ জীবাশ্মে ত্বক, চোখসহ নরম অঙ্গপ্রত্যঙ্গও অবিকৃত রয়েছে। বিজ্ঞানীরা ২০,০০০ নমুনা সংগ্রহ করেছেন, যার ৪৩৫১টি বিশ্লেষণে বহু নতুন প্রজাতির সন্ধান মিলেছে; দ্রুত পলির নিচে চাপা পড়ার কারণে এগুলো সংরক্ষিত হয়েছে বলে ধারণা করা হচ্ছে।",0.0,0.0,0.0
news-46411892,আগামী ৩০শে ডিসেম্বরের নির্বাচনে বিএনপির কারাভোগরত চেয়ারপারসন খালেদা জিয়া 'অংশ নিতে পারবেন' - এমন একটা সম্ভাবনা তৈরি হবার ২৪ ঘন্টা পরই আবারো তা নিয়ে গুরুতর অনিশ্চয়তা তৈরি হয়েছে।,"সুপ্রিম কোর্টের চেম্বার আদালত হাইকোর্টের একটি আদেশ স্থগিত করে আগের রায় বহাল রেখেছেন, যাতে নৈতিক স্খলনজনিত মামলায় দুই বছর বা তার বেশি সাজাপ্রাপ্ত ব্যক্তিদের নির্বাচনে অংশগ্রহণ নিষিদ্ধ করা হয়েছে। ফলে খালেদা জিয়া ও অন্যান্য দণ্ডপ্রাপ্ত বিএনপি নেতাদের নির্বাচনে অংশগ্রহণ অনিশ্চিত হয়ে পড়েছে, যদিও চূড়ান্ত সিদ্ধান্ত পূর্ণাঙ্গ আপিল বিভাগের পরবর্তী শুনানির ওপর নির্ভর করছে।",10.0,2.56,7.5
news-44913425,নিকারাগুয়ায় সরকার বিরোধী বিক্ষোভে গত তিন মাসে নিহত হয়েছেন প্রায় সাড়ে তিনশো মানুষ। সাধারণ মানুষের শান্তিপূর্ণ বিক্ষোভে সরকারের সমর্থকরা হামলা চালানোর ফলেই এসব হতাহতের ঘটনা ঘটছে বলে অভিযোগ রয়েছে।,"নিকারাগুয়ায় প্রেসিডেন্ট ড্যানিয়েল ওর্তেগার পদত্যাগের দাবিতে তিন মাসের সরকারবিরোধী আন্দোলনে প্রায় সাড়ে তিনশো মানুষ নিহত হয়েছে, যার একজন ২৭ বছর বয়সী হোসে পালাসিওস। শান্তিপূর্ণভাবে শুরু হওয়া বিক্ষোভ ওর্তেগা সমর্থক সশস্ত্র গোষ্ঠীর দমনে রক্তক্ষয়ী সংঘর্ষে রূপ নিলেও, সাধারণ মানুষ আন্দোলন চালিয়ে যেতে দৃঢ়প্রতিজ্ঞ।",22.54,8.7,19.72
news-50228982,"বর্তমানে পৃথিবীতে যত মানুষ বেঁচে আছে, তাদের আদি বাসস্থান চিহ্নিত করেছেন বিজ্ঞানীরা। তারা বলছেন, বর্তমান পৃথিবীর সব মানুষের এক সময়ের বাসস্থান ছিল জাম্বেজি নদীর দক্ষিণের একটি এলাকায়।","গবেষক ভেনেসা হেইসের নেতৃত্বে এক গবেষণায় বলা হয়েছে, আধুনিক মানুষের পূর্বপুরুষেরা প্রায় দুই লাখ বছর আগে উত্তর বতসোয়ানার লেক মাকগাডিকাগাদি অঞ্চলে বসবাস করতেন এবং প্রায় ৭০ হাজার বছর পর জলবায়ু পরিবর্তনের কারণে তিন দফায় আফ্রিকার অন্য অঞ্চলে ছড়িয়ে পড়েন। মাতৃসূত্রের ডিএনএ, ভূগোল ও জলবায়ুর তথ্যের ভিত্তিতে এ ধারণা দেওয়া হলেও, অন্য বিশেষজ্ঞরা মনে করেন শুধু মাইটোকন্ড্রিয়াল ডিএনএ বিশ্লেষণ করে মানুষের একক উৎসস্থল নির্ধারণ করা যায় না এবং জীবাশ্মপ্রমাণে ভিন্ন চিত্র পাওয়া যায়।",4.04,0.0,2.02
news-52338728,জনসেবায় দানের সংস্কৃতি ব্রিটেনে বহুদিনের। অনেক স্বল্প আয়ের মানুষও নিয়মিত জনসেবার জন্য পকেট থেকে পয়সা বের করে দেন।,"শতবর্ষী সাবেক ব্রিটিশ সেনা ক্যাপ্টেন টম মূর নিজের শততম জন্মদিনের আগে বাড়ির বাগানে ১০০ ল্যাপ হেঁটে এনএইচএসের জন্য চাঁদা তোলার উদ্যোগ নেন, যার লক্ষ্য ছিল প্রায় এক হাজার পাউন্ড হলেও অনুদান ২ কোটি ১০ লাখ পাউন্ড ছাড়িয়ে যায়। প্রায় পাঁচ লাখ মানুষের এই অনুদানে তিনি অভিভূত হন এবং রাতারাতি জাতীয় তারকায় পরিণত হন; যুবরাজ উইলিয়াম ও প্রধানমন্ত্রী বরিস জনসনসহ অনেকে তাকে সম্মান জানানোর উদ্যোগ নিয়েছেন।",2.41,0.0,2.41
news-39614805,"বাংলাদেশের ঢাকায় বাস, মিনিবাসে নানা ধরনের অনিয়ম ঠেকাতে বাস মালিকদের পক্ষ থেকে অভিযান শুরু করা হয়েছে । আর এতে সহায়তা দিচ্ছে সরকার।","ঢাকার রাস্তায় সিটিং, গেটলক ও স্পেশাল সার্ভিসের নামে অতিরিক্ত ভাড়া ও অনিয়ম বন্ধে ঢাকা সড়ক পরিবহন সমিতি, বিআরটিএ ও পুলিশ অভিযান চালাচ্ছে, যদিও বাস মালিকদের একাংশ এ উদ্যোগের বিরোধিতা করে চাঁদাবাজি ও সাধারণ মালিকদের হয়রানির অভিযোগ তুলেছে। অভিযানে ভ্রাম্যমাণ আদালত বিভিন্ন বাসের বিরুদ্ধে মামলা করায় অনেক বাস রাস্তায় নামেনি, ফলে যাত্রীদের দীর্ঘক্ষণ অপেক্ষা, বাসে উঠতে না পারা ও ভাড়া বাড়ার আশঙ্কায় ভোগান্তি বেড়েছে।",11.9,2.44,7.14
news-49663506,সৌদি ভিন্নমতাবলম্বী সাংবাদিক জামাল খাসোগজিকে হত্যার আগে এক সৌদি ফরেনসিক বিশেষ তাকে 'কোরবানির পশু' বলে বর্ণনা করেছিল।,"তুর্কি পত্রিকা সাবাহ দাবি করেছে, ইস্তাম্বুলের সৌদি কনস্যুলেটে জামাল খাসোগজিকে হত্যার সময়কার অডিও রেকর্ডিংয়ে তার শেষ মুহূর্তের কথোপকথন ও হত্যার শব্দ ধরা পড়েছে। খাসোগজি হত্যার দায় সৌদি সরকার অস্বীকার করলেও জাতিসংঘ এটিকে সুপরিকল্পিত হত্যাকাণ্ড বলে সৌদি রাষ্ট্রকে দায়ী করেছে এবং তার মৃতদেহ এখনও উদ্ধার হয়নি।",19.35,6.67,19.35
news-49086556,ভারতের প্রধানমন্ত্রী নরেন্দ্র মোদী তাকে বিতর্কিত কাশ্মীর ইস্যুতে মধ্যস্থতা করার অনুরোধ জানিয়েছেন - মার্কিন প্রেসিডেন্ট ডোনাল্ড ট্রাম্পের এই ঘোষণা ভারতকে চরম বিব্রতকর অবস্থায় ফেলে দিয়েছে।,"প্রেসিডেন্ট ট্রাম্প দাবি করেন, প্রধানমন্ত্রী মোদী কাশ্মীর ইস্যুতে যুক্তরাষ্ট্রের মধ্যস্থতা চেয়েছিলেন; ভারত তা জোরালোভাবে অস্বীকার করে জানায়, কাশ্মীর প্রশ্নে শুধু ভারত-পাকিস্তানের দ্বিপাক্ষিক আলোচনাই গ্রহণযোগ্য। পররাষ্ট্রমন্ত্রী এস জয়শঙ্কর এ অবস্থান পুনর্ব্যক্ত করলেও বিরোধীরা মোদীর কাছ থেকে সরাসরি ব্যাখ্যা দাবি করে; এদিকে মার্কিন পররাষ্ট্র মন্ত্রণালয় কাশ্মীরকে দ্বিপাক্ষিক ইস্যু বলে উল্লেখ করেছে।",18.92,2.78,16.22
news-44667674,"যুক্তরাষ্ট্রে এক নতুন গবেষণায় বলা হচ্ছে, বায়ু দূষণের সঙ্গে ডায়াবেটিসের ঝুঁকি বাড়ার বেশ গুরুত্বপূর্ণ সম্পর্ক আছে।","ওয়াশিংটন ইউনিভার্সিটির গবেষণায় দেখা গেছে, ২০১৬ সালে বিশ্বে প্রায় ৩২ লাখ মানুষ ঘরের বাইরের বায়ু দূষণের কারণে ডায়াবেটিসে আক্রান্ত হয়েছেন—নতুন রোগীদের প্রায় প্রতি সাতজনে একজন। নিরাপদ মাত্রা হিসেবে বিবেচিত দূষণেও ডায়াবেটিসের ঝুঁকি বাড়ে, কারণ দূষণ ইনসুলিনের কার্যকারিতা কমিয়ে রক্তের গ্লুকোজকে শক্তিতে রূপান্তরের প্রক্রিয়া ব্যাহত করতে পারে।",19.05,6.56,15.87
news-56676991,লন্ডনে মিয়ানমারের রাষ্ট্রদূতকে দূতাবাস থেকে বের করে দেওয়ার পর বুধবার তিনি ভবনের বাইরে রাস্তায় তার গাড়িতে রাত কাটিয়েছেন।,"মিয়ানমারের পদচ্যুত রাষ্ট্রদূত জ জোয়া মিন অভিযোগ করেছেন, সামরিক অ্যাটাশে তাকে ও দূতাবাসের কর্মীদের ভবন থেকে বের করে দিয়ে দূতাবাস দখল করেছেন; ব্রিটিশ পররাষ্ট্রমন্ত্রী ঘটনাটির নিন্দা করলেও রাষ্ট্রদূত পরিবর্তনের সিদ্ধান্ত মেনে নিয়েছে যুক্তরাজ্য। অভ্যুত্থানবিরোধী অবস্থান নেওয়া জ জোয়া মিন নতুন রাষ্ট্রদূতকে স্বীকৃতি না দেওয়ার আহ্বান জানিয়েছেন, আর তার স্থলে উপ-রাষ্ট্রদূত চিট উইনকে শার্জ দ্যা অ্যাফেয়ার্সের দায়িত্ব দেওয়া হয়েছে।",20.78,5.33,15.58
news-53980934,করোনাভাইরাস মহামারি মোকাবেলায় তাইওয়ানের কাছ থেকে উপহার গ্রহণ করার প্রেক্ষাপটে বাংলাদেশের পররাষ্ট্র মন্ত্রণালয়ে টেলিফোন করে নিজেদের দুঃখ পাওয়ার কথা জানিয়েছে চীন।,"তাইওয়ানের একটি প্রতিষ্ঠানের মেডিকেল সামগ্রী হস্তান্তর অনুষ্ঠানে বাংলাদেশের তিন মন্ত্রী ও তিন সচিব উপস্থিত থাকায় চীন কূটনৈতিকভাবে অসন্তোষ জানিয়ে বিষয়টি ব্যাখ্যা চেয়েছে। বাংলাদেশ চীনকে আশ্বস্ত করেছে যে তারা এক চীন নীতিতে অটল এবং তাইওয়ানের সঙ্গে আনুষ্ঠানিক সম্পর্ক স্থাপনের কোনো উদ্যোগ নেই; মন্ত্রীরাও বলেছেন, অনুষ্ঠানে তাইওয়ানের সম্পৃক্ততা সম্পর্কে তারা আগে অবগত ছিলেন না। বিশেষজ্ঞরা ভবিষ্যতে এ ধরনের কর্মকাণ্ডে চীনের সংবেদনশীলতা বিবেচনা করে বাংলাদেশকে আরও সতর্ক থাকার পরামর্শ দিয়েছেন।",9.09,0.0,6.82
news-44094530,বাংলাদেশে সরকারি চাকরিতে কোটা বাতিল নিয়ে আন্দোলনরত শিক্ষার্থীরা বলছে সিদ্ধান্ত ঘোষণার একমাস পরেও প্রধানমন্ত্রীর ঘোষণা প্রজ্ঞাপন আকারে জারি না হওয়ার বিষয়টি হতাশাজনক।,"কোটা বাতিলের প্রধানমন্ত্রীর ঘোষণা বাস্তবায়নে বিলম্ব হওয়ায় শিক্ষার্থীরা সন্দেহ প্রকাশ করে বিক্ষোভ, ক্লাস-পরীক্ষা বর্জন এবং প্রজ্ঞাপন জারি না হওয়া পর্যন্ত আন্দোলন চালিয়ে যাওয়ার ঘোষণা দিয়েছেন। অধ্যাপক শামীমা সুলতানা ও এইচ টি ইমাম মনে করেন, নির্বাচনকে সামনে রেখে সরকার রাজনৈতিক কৌশল করছে; তবে ইমাম আন্দোলনকারীদের শিষ্টাচার নিয়ে প্রশ্ন তুলে নেতৃত্বে ছাত্রশিবিরের সংশ্লিষ্টতার অভিযোগ করেছেন। সরকার জানিয়েছে, বিষয়টি পর্যালোচনার জন্য কমিটি গঠিত হয়েছে এবং দ্রুত সিদ্ধান্ত নেওয়া হবে।",22.47,4.6,15.73
news-57294473,"স্বাধীনতার পর থেকেই আফ্রিকার দেশগুলোতে নিয়মিতভাবে ক্যু বা সামরিক অভ্যুত্থান ঘটে আসছে। পরিস্থিতি নিয়ন্ত্রণে সেনাবাহিনী তার ক্ষমতা ব্যবহার করছে, মালির সাম্প্রতিক অভ্যুত্থান তারই সর্ব-সম্প্রতি উদাহরণ। সে দেশে এক বছরের মধ্যে দু'বার সেনা অভ্যুত্থান ঘটেছে।","১৯৫০ সালের পর আফ্রিকায় ২০০ বারের বেশি সামরিক অভ্যুত্থানের প্রচেষ্টা হয়েছে, যার প্রায় অর্ধেক সফল; তবে ২০০০ সালের পর এ ধরনের ঘটনা গড়ে বছরে চারটি থেকে কমে দুইটিতে নেমেছে। দারিদ্র্য, দুর্বল অর্থনীতি ও দীর্ঘস্থায়ী রাজনৈতিক অস্থিতিশীলতা অভ্যুত্থানের প্রধান কারণ, আর ২০১৫ সালের পর বিশ্বে সংঘটিত অধিকাংশ ক্যু আফ্রিকাতেই ঘটেছে।",9.41,0.0,7.06
news-45256616,"সানি লিওনের জীবনীর ওপরে নির্ভর করে তৈরী ওয়েব-সিরিজ 'করণজিৎ কৌর'-এর ট্রেলারে একটা দৃশ্য আছে, যেখানে এক সাংবাদিক তাঁকে প্রশ্ন করছেন, ""একজন যৌনকর্মী এবং একজন পর্ণস্টারের মধ্যে ফারাকটা ঠিক কী?""","সানি লিওন বলেন, সময়ের সঙ্গে তিনি অনেক বদলেছেন, তবে মানুষ এখনও তাঁকে তাঁর অতীত পর্নজগতের পরিচয়ের সঙ্গে মিলিয়ে দেখে; নিজের পরিবর্তিত পরিচয় একদিন সবাই বুঝবে বলে তিনি আশা করেন। তিনি নিজের আসল নাম করণজিৎ কৌর ব্যবহারের অধিকার ব্যাখ্যা করেন, পর্ন ইন্ডাস্ট্রি নিয়ে সিদ্ধান্ত সরকার ও জনগণের ওপর ছেড়ে দেন এবং জানান, সন্তানরা বড় হলে তাঁদের কাছে নিজের অতীত সম্পর্কে সত্য বলবেন।",10.87,2.22,8.7
news-48088815,"বাংলাদেশের চট্টগ্রামে এক ছাত্রীকে হাত-পা বেঁধে ধর্ষণের অভিযোগ ওঠা কোচিং সেন্টার মালিক র‍্যাবের সঙ্গে গুলি বিনিময়ে নিহত হয়েছেন, বলছে আইন-শৃঙ্খলা রক্ষাকারী বাহিনী।",চট্টগ্রামের লোহাগাড়ায় এক ছাত্রীকে হাত-পা বেঁধে ধর্ষণের অভিযোগে অভিযুক্ত কোচিং সেন্টারের পরিচালক ও শিক্ষক র‍্যাবের সঙ্গে কথিত বন্দুকযুদ্ধে নিহত হয়েছেন; ঘটনাস্থল থেকে দুটি অস্ত্র ও ২৪ রাউন্ড গুলি উদ্ধারের দাবি করা হয়েছে। নিবন্ধে বাংলাদেশে ধর্ষণ মামলার অভিযুক্তদের আইনশৃঙ্খলা বাহিনীর সঙ্গে বন্দুকযুদ্ধে নিহত হওয়ার একাধিক ঘটনা এবং এসব হত্যাকাণ্ড নিয়ে প্রশ্নের কথাও উল্লেখ করা হয়েছে।,32.1,20.25,29.63
news-48475560,"বাংলাদেশের পুলিশ বলছে, সে দেশে মাদক ইয়াবা সাম্রাজ্যের অন্যতম গডফাদার সাইফুল করিম কথিত বন্দুকযুদ্ধে নিহত হয়েছেন।","সাইফুল করিম, টেকনাফের অন্যতম শীর্ষ ইয়াবা ব্যবসায়ী, ১৯৯৭ সালে নাফ নদীপথে দেশে ইয়াবা আনার মাধ্যমে বিশাল মাদক নেটওয়ার্ক গড়ে তোলেন এবং শীর্ষ মাদক কারবারিদের তালিকায় দ্বিতীয় অবস্থানে ছিলেন। বিদেশ থেকে দেশে ফেরার পর পুলিশ তাকে গ্রেফতার করে; পুলিশের দাবি, ইয়াবার চালান উদ্ধারে অভিযান চালানোর সময় অস্ত্রধারীদের গুলিতে তিনি নিহত হন। তবে পরিবারের দাবি, আত্মসমর্পণের আশ্বাসে দেশে ফেরার পর তাকে নিরাপদ স্থানে নেওয়া হয়েছিল, ফলে তার মৃত্যুর সময় ও পটভূমি নিয়ে প্রশ্ন উঠেছে।",18.18,2.33,6.82
news-49440609,ডেঙ্গু নিয়ে সতর্ক করতে ও মানুষের মধ্যে আতঙ্ক কাটাতে গণমাধ্যম ও সামাজিক যোগাযোগ মাধ্যমে ঈদ উল আযহার আগে থেকেই বিজ্ঞাপন প্রচার শুরু করেছিলো ঢাকা উত্তর সিটি কর্পোরেশন।,"২০১৯ সালের ডেঙ্গু প্রাদুর্ভাবে ২২ আগস্ট পর্যন্ত আক্রান্তের সংখ্যা প্রায় ৬০ হাজারে পৌঁছায়, ফলে ঢাকাসহ বিভিন্ন জেলার হাসপাতালগুলোতে ভিড় ও মানুষের মধ্যে ব্যাপক আতঙ্ক সৃষ্টি হয়। বিশেষজ্ঞরা দুর্বল ব্যবস্থাপনা, সরকারি সংস্থাগুলোর সমন্বয়হীনতা, সময়মতো পদক্ষেপের অভাব এবং জনগণের অসচেতনতাকে পরিস্থিতির অবনতির কারণ হিসেবে চিহ্নিত করেন। সরকার চিকিৎসা ও মশা নিধনে অভিযান চালালেও ভবিষ্যতে ডেঙ্গু নিয়ন্ত্রণে সারা বছরব্যাপী সমন্বিত পরিকল্পনা ও জনসচেতনতার ওপর জোর দেওয়া হয়।",13.19,4.49,13.19
news-50717116,প্রতিবেশী বাংলাদেশে সংখ্যালঘুদের ওপর নির্যাতন না-থামাটাই নাগরিকত্ব সংশোধনী বিল আনার অন্যতম প্রধান কারণ বলে ভারতের সরকার আজ পার্লামেন্টে দাবি করেছে।,"নাগরিকত্ব সংশোধনী বিলটি বাংলাদেশ, পাকিস্তান ও আফগানিস্তান থেকে আসা অমুসলিমদের ভারতীয় নাগরিকত্ব দেওয়ার প্রস্তাব করছে। স্বরাষ্ট্রমন্ত্রী অমিত শাহ এই দেশগুলোতে ধর্মীয় সংখ্যালঘুদের নির্যাতনের যুক্তি দিলেও বিরোধীরা বিলটিকে সংবিধান ও ধর্মনিরপেক্ষতার পরিপন্থী বলে সমালোচনা করেছেন এবং শ্রীলঙ্কার তামিল, মিয়ানমারের রোহিঙ্গা ও অন্যান্য সংখ্যালঘুদের অন্তর্ভুক্তির দাবি তুলেছেন।",15.15,3.13,12.12
news-51308049,বাংলাদেশে ঢাকার দু'টি সিটি করপোরেশন নির্বাচনের আগ মুহুর্তে বহিরাগতদের বিরুদ্ধে পুলিশ র‍্যাবের বিশেষ অভিযান নিয়ে ক্ষোভ প্রকাশ করেছে বিরোধীদল বিএনপি।,"সিটি কর্পোরেশন নির্বাচনকে সামনে রেখে ঢাকায় পুলিশ ও র‍্যাবের বিশেষ অভিযানে বিএনপি অভিযোগ করেছে, তাদের নেতা-কর্মীদের টার্গেট করে আটক ও হয়রানি করা হচ্ছে; আওয়ামী লীগ এ অভিযোগ অস্বীকার করে বিএনপির বিরুদ্ধে বহিরাগতদের ঢাকায় আনার পাল্টা অভিযোগ তুলেছে। পুলিশ বলছে, দেশের বিভিন্ন স্থান থেকে আসা অস্থানীয়দের নির্বাচনী এলাকায় না থাকার বিষয়ে সতর্ক করাই অভিযানের উদ্দেশ্য, রাজনৈতিকভাবে কাউকে গ্রেপ্তার করা হচ্ছে না; নির্বাচন কমিশনও নিরপেক্ষতার দাবি জানিয়ে নিরীহ মানুষ যেন হয়রানির শিকার না হয়, সে নির্দেশ দিয়েছে।",18.18,4.12,12.12
news-44466636,মার্কিন প্রেসিডেন্ট ডোনাল্ড ট্রাম্পের সাথে উত্তর কোরিয়ার নেতা কিম জং-আনের বৈঠককে বলা হচ্ছে ঐতিহাসিক ঘটনা। সিঙ্গাপুরে এই প্রথম দুটো দেশের নেতারা বৈঠক করলেন।,"ট্রাম্প-কিম বৈঠকে সমুদ্রসৈকতে উন্নয়নের সম্ভাবনা নিয়ে ট্রাম্পের মন্তব্য, ছবি তোলার ভঙ্গি, প্রচারণামূলক ভিডিও প্রদর্শন এবং ‘দ্য বিস্ট’ গাড়ি দেখানোর মতো অস্বাভাবিক ঘটনাগুলো ব্যাপক আলোচনার জন্ম দেয়। চুক্তিতে ব্যবহৃত কলম শেষ মুহূর্তে বদলানো হয়, আর কিমের নিরাপত্তার জন্য ব্যক্তিগত টয়লেট আনার খবরও ছড়ায়, যদিও তা যাচাই করা যায়নি।",5.56,0.0,2.78
news-49387185,"প্যারিসের পূর্বাঞ্চলে এক রেস্তোঁরায় একজন খদ্দেরের গুলিতে নিহত হয়েছেন এক ওয়েটার। খবরে বলা হচ্ছে, ওই খদ্দেরের অর্ডার করা স্যান্ডউইচ ওয়েটার যথেষ্ট দ্রুত তৈরি করতে না পারায় খদ্দের কার্যত রেগে গিয়ে তাকে গুলি করেছেন।","প্যারিসের পূর্ব শহরতলির নইসি-লেঘ্রঁ এলাকায় খাবার পরিবেশন করতে দেরি হওয়ায় ক্ষুব্ধ এক খদ্দের ২৮ বছর বয়সী ওয়েটারকে ঘাড়ে গুলি করে হত্যা করেছে বলে পুলিশ জানিয়েছে। সন্দেহভাজন ব্যক্তি পালিয়ে গেছে; ঘটনার পর এলাকাবাসী ও দোকানদাররা স্তম্ভিত, আর অনেকে এলাকায় মাতলামি, মাদক বেচাকেনা ও অপরাধ বৃদ্ধির কথা বলেছেন।",12.5,0.0,10.0
news-49474607,প্রতিবেশির হাতে ধর্ষণের শিকার হয়েছিলো নয় বছর বয়সী রাকিব (ছদ্মনাম)। এরপর থেকেই তার আচরণ অস্বাভাবিক হয়ে যায়। সারাদিন চুপচাপ থাকে। অপরিচিত কাউকে দেখলেই ভয় পায়।,"বাংলাদেশে ছেলেশিশুদের যৌন নির্যাতনের ঘটনা প্রায়ই সামাজিক নীরবতা, সচেতনতার অভাব ও ভুক্তভোগীর ভয়ের কারণে প্রকাশ পায় না; পরিবার ও পরিচিতজনের মধ্যেই এসব অপরাধ বেশি ঘটে। আইনের অস্পষ্টতা ও পুলিশের ভুল প্রয়োগে অনেক মামলা দণ্ডবিধির ৩৭৭ ধারায় হলেও বিশেষজ্ঞরা নারী ও শিশু নির্যাতন দমন আইনে ছেলেশিশুদের স্পষ্টভাবে অন্তর্ভুক্ত করার দাবি জানিয়েছেন।",2.67,0.0,2.67
news-43193746,শনিবার জাতিসংঘ নিরাপত্তা পরিষদে যুদ্ধবিরতির সিদ্ধান্ত হওয়ার কয়েক ঘন্টা পরেও বিদ্রোহী অধ্যূষিত অঞ্চলে সেনা আক্রমণ চালিয়েছে সিরিয়া।,"সিরিয়ার রাজধানী দামাস্কাসের কাছে বিদ্রোহী-অধ্যুষিত পূর্ব ঘুটায় এক সপ্তাহের সরকারি বোমা হামলায় ৫০০-এর বেশি মানুষ, including অন্তত ১২১ শিশু, নিহত হয়েছে; হাসপাতালগুলোতে রাসায়নিক অস্ত্র ব্যবহারের সন্দেহও করা হচ্ছে। ত্রাণ ও চিকিৎসাসেবা পৌঁছাতে জাতিসংঘ ৩০ দিনের যুদ্ধবিরতি ঘোষণা করলেও তা কার্যকর করার জন্য ফ্রান্স ও জার্মানি রাশিয়ার ওপর চাপ দিতে বলেছে, আর সিরিয়া, রাশিয়া ও ইরান ইসলামিক স্টেট, আল-কায়েদা ও সংশ্লিষ্ট জঙ্গিদের বিরুদ্ধে অভিযান চালিয়ে যাওয়ার কথা জানিয়েছে।",6.9,0.0,4.6
news-42339323,"ইউটিউবে খেলনা দেখিয়ে রায়ান যতটা মজা করতে পারে, তা দেখে হিংসা হবে যে কোন ছেলের। আর তার ব্যাংক ব্যালান্স দেখে ঈর্ষান্বিত হবে যে কোন প্রাপ্তবয়স্ক মানুষ।","ছয় বছরের রায়ান খেলনার মোড়ক খোলা ও সেগুলো নিয়ে খেলার ভিডিও বানিয়ে ইউটিউবের অন্যতম সর্বোচ্চ আয়কারী তারকা হয়ে উঠেছে; গত বছর সে ১ কোটি ১০ লাখ ডলার আয় করেছে এবং তার ভিডিওগুলো বিলিয়নবার দেখা হয়েছে। তার স্বতঃস্ফূর্ত ভিডিও ও রহস্যময় পরিচয় দর্শকদের আকর্ষণ করলেও সমালোচকেরা অভিযোগ করেছেন, বাবা-মা তাকে ব্যবসায়িকভাবে ব্যবহার করছেন; তারা এ অভিযোগ অস্বীকার করে বলেছেন, ভিডিওর কারণে রায়ানের পড়াশোনায় ব্যাঘাত ঘটে না।",4.35,0.0,4.35
news-46354210,বাংলাদেশে সংসদ নির্বাচনকে সামনে রেখে সরকারী বিরোধী দলের মনোনয়ন তালিকায় এবার বেশ কিছু তরুণ প্রার্থী রয়েছেন।,"শেখ সারহান নাসের তন্ময় বাগেরহাটের একটি আসনে আওয়ামী লীগের মনোনয়ন পাওয়ার পর সামাজিক যোগাযোগমাধ্যমে ব্যাপক আলোচনায় এসেছেন; বিশেষ করে তরুণীদের অনেকে তাঁকে ‘ক্রাশ’ ও ‘নায়ক’ হিসেবে উল্লেখ করছেন। তিনি এই জনপ্রিয়তাকে তরুণদের দেশ নিয়ে স্বপ্ন ও আগ্রহের প্রতিফলন হিসেবে দেখেন এবং জানান, রাজনৈতিক পরিবারে বেড়ে উঠে ২০১৭ সালে আনুষ্ঠানিকভাবে আওয়ামী লীগের রাজনীতিতে যুক্ত হন।",2.86,0.0,2.86
news-40843272,বাংলাদেশের হাইকোর্ট পুরনো ঢাকায় আততায়ীদের হাতে নিহত দর্জি দোকানের কর্মী বিশ্বজিৎ দাস হত্যা মামলায় ছাত্রলীগের ছয় জন নেতাকর্মীকে মৃত্যুদণ্ড থেকে রেহাই দিয়েছে।,বিশ্বজিৎ দাস হত্যা মামলায় হাইকোর্ট আট আসামির মধ্যে রফিকুল ইসলাম শাকিল ও রাজন তালুকদারের মৃত্যুদণ্ড বহাল রেখেছেন; চারজনের সাজা যাবজ্জীবনে কমানো এবং দুজনকে খালাস দেওয়া হয়েছে। নিম্ন আদালতে ২১ আসামির মধ্যে আটজনকে মৃত্যুদণ্ড ও ১৩ জনকে যাবজ্জীবন দেওয়া হলেও তদন্ত ও ময়নাতদন্তে গাফিলতির কথা উল্লেখ করে হাইকোর্টের রায়ে ছয়জনকে রেহাই দেওয়া হয়।,18.92,8.33,16.22
news-49007806,শিশু ফারজানা ফাইজার বয়স ১৪ মাস হয়েছে মাত্র। ডেঙ্গু রোগে আক্রান্ত হয়ে গত পাঁচ দিন ধরে ঢাকার একটি হাসপাতালে ভর্তি আছে এই শিশুটি।,"এবার বাংলাদেশে, বিশেষ করে ঢাকায়, ডেঙ্গুর প্রকোপ আগের বছরের তুলনায় অনেক বেড়েছে; জানুয়ারি থেকে ৪,২৪৭ জন হাসপাতালে ভর্তি হয়েছেন এবং রোগীদের মধ্যে গুরুতর জটিলতাও দেখা যাচ্ছে। মশার ওষুধের কার্যকারিতা কমে যাওয়ায় সিটি কর্পোরেশন নতুন ওষুধ, ভ্রাম্যমাণ চিকিৎসা দল ও ভবনভিত্তিক লার্ভা ধ্বংস অভিযান চালানোর উদ্যোগ নিয়েছে, তবে বিশেষজ্ঞরা দ্রুত মশা নিয়ন্ত্রণ ও জনসচেতনতার ওপর জোর দিয়েছেন।",5.0,2.56,5.0
news-47765086,বনানীর এফ আর টাওয়ারে আগুন লাগার পর প্রায় চার ঘণ্টা চেষ্টার পরে আগুন আয়ত্তে আনে দমকল বিভাগ। পুরোপুরি আগুন নেভাতে সময় লাগে আরো কয়েক ঘণ্টা।,"বনানীর এফ আর টাওয়ারে আগুনে ২৬ জন নিহত হন এবং আগুন নিয়ন্ত্রণে চার ঘণ্টারও বেশি সময় লাগে। দেরির প্রধান কারণ ছিল ভবনে পানির রিজার্ভ ও কার্যকর অগ্নিনির্বাপণ ব্যবস্থা না থাকা, সিনথেটিক উপকরণে আগুন দ্রুত ছড়ানো, দেরিতে খবর দেওয়া ও অতিরিক্ত ভিড়; পাশাপাশি ফায়ার ডোর, অ্যালার্ম, প্রশিক্ষিত কর্মী এবং পানিসংযুক্ত হোসপাইপের ঘাটতিও ছিল। প্রাণহানি ও ক্ষয়ক্ষতি কমাতে ভবন কোড মেনে ফায়ার এক্সিট, অগ্নিনির্বাপণ ব্যবস্থা ও প্রশিক্ষণ নিশ্চিত করার পাশাপাশি ঢাকায় ফায়ার স্টেশন বাড়ানোর সুপারিশ করা হয়েছে।",18.0,8.16,16.0
news-43940544,জাপানে সুমো কুস্তির কর্তৃপক্ষ 'শুধুমাত্র পুরুষদের' এই খেলা সম্পর্কে গুরুত্বপূর্ণ একটি সিদ্ধান্ত স্থগিত করেছে।,"জাপানের ঐতিহ্যবাহী সুমো কুস্তিতে শিন্তো ধর্মীয় বিশ্বাসের কারণে নারীদের রিংয়ে প্রবেশ নিষিদ্ধ, তাদের ‘অপবিত্র’ হিসেবে বিবেচনা করা হয়। অসুস্থ মেয়রকে সাহায্য করতে নারীদের রিংয়ে ওঠা এবং নারী মেয়রকে বক্তব্য দিতে বাধা দেওয়ার ঘটনায় তীব্র সমালোচনা ও ক্ষমা চাওয়ার পরও জাপান সুমো অ্যাসোসিয়েশন নীতি পরিবর্তনের সিদ্ধান্ত নিতে পারেনি।",6.56,0.0,6.56
news-46328855,"১৯৯২ সালের ৬ডিসেম্বর যা ঘটেছিল, তারই পুনরাবৃত্তি হবে না তো রবিবার? - এই আশঙ্কাতেই ভুগছেন উত্তরপ্রদেশের অযোধ্যার মানুষ।","অযোধ্যায় রামমন্দির নির্মাণের দাবিতে শিবসেনা ও বিশ্ব হিন্দু পরিষদের পৃথক সমাবেশকে ঘিরে কয়েক লক্ষ মানুষের সমাগমের আশঙ্কা তৈরি হয়েছে, ফলে ১৯৯২ সালের মতো সহিংসতার ভয়ে স্থানীয়দের মধ্যে আতঙ্ক ছড়িয়েছে। পরিস্থিতি নিয়ন্ত্রণে প্রায় এক লাখ নিরাপত্তাকর্মী মোতায়েন, ১৪৪ ধারা জারি এবং বিতর্কিত স্থাপনাকে হাই-সিকিউরিটি জোন করা হয়েছে; একই সঙ্গে রামমন্দির ইস্যুতে দুই সংগঠনের মধ্যে রাজনৈতিক প্রতিযোগিতাও স্পষ্ট হয়েছে।",5.33,2.74,5.33
news-52197219,২০ বছরেরও বেশি সময় ধরে ভারতে আত্মগোপনে ছিলেন বাংলাদেশের প্রতিষ্ঠাতা রাষ্ট্রপতি শেখ মুজিবুর রহমানের হত্যাকাণ্ডের ঘটনায় মৃত্যুদণ্ডপ্রাপ্ত আব্দুল মাজেদ।,"শেখ মুজিবুর রহমান হত্যাকাণ্ডে মৃত্যুদণ্ডপ্রাপ্ত আসামি আব্দুল মাজেদকে ২০–২২ বছর ভারতে আত্মগোপনে থাকার পর বাংলাদেশে ফেরার প্রায় এক মাসের মধ্যে ঢাকার গাবতলী থেকে গ্রেপ্তার করা হয়েছে। আদালত তাকে কারাগারে পাঠিয়েছে; আপিলের সুযোগ না থাকলেও তিনি রাষ্ট্রপতির কাছে প্রাণভিক্ষা চাইতে পারবেন, আর এ মামলার আরও পাঁচ মৃত্যুদণ্ডপ্রাপ্ত আসামি এখনও পলাতক।",20.29,5.97,11.59
news-54933566,যুক্তরাষ্ট্রের প্রেসিডেন্ট নির্বাচনে জো বাইডেনের বিজয়ের পর কিছুদিন নীরব থাকলেও অবশেষে সম্ভাব্য ভবিষ্যৎ মার্কিন প্রেসিডেন্টকে অভিনন্দন জানিয়েছে চীন।,"চীন জো বাইডেন ও কমলা হ্যারিসকে অভিনন্দন জানিয়ে মার্কিন নির্বাচনের ফল মেনে নেওয়ার ইঙ্গিত দিয়েছে, যদিও রাশিয়া, ব্রাজিল, মেক্সিকো ও উত্তর কোরিয়া তখনও অভিনন্দন জানায়নি। ট্রাম্পের কারচুপির অভিযোগ নির্বাচন কর্মকর্তারা নাকচ করলেও যুক্তরাষ্ট্রের সঙ্গে চীনের উত্তেজনাপূর্ণ সম্পর্ক এবং বাইডেনের রাশিয়া-নীতির কারণে ভবিষ্যৎ কূটনৈতিক পরিবর্তন নিয়ে আলোচনা চলছে।",21.21,0.0,9.09
news-46541363,"""দ্যা গার্ডিয়ান্স এন্ড দ্য ওয়ার অন ট্রুথ।"" যুক্তরাষ্ট্রের বিখ্যাত টাইম সাময়িকী ২০১৮ সালে যাদের বছরের আলোচিত চরিত্র বলে বাছাই করেছে তাদের এভাবেই বর্ণনা করেছে। এরা সবাই বিশ্বের বিভিন্ন দেশে নিপীড়ন-নির্যাতনের শিকার হওয়া সাংবাদিক।","টাইম ম্যাগাজিনের নিপীড়িত সাংবাদিকদের সম্মাননায় অন্তর্ভুক্ত হওয়াকে শহিদুল আলম সাংবাদিকদের সত্য বলার সাহসের স্বীকৃতি হিসেবে দেখেছেন, তবে মনে করেন আরও অনেকে সোচ্চার হলে তাঁকে আলাদাভাবে টার্গেট করা হতো না। নিরাপদ সড়ক আন্দোলনের সময় তাঁকে ভিন্নমত দমনের উদ্দেশ্যে গ্রেপ্তার করা হয়েছিল বলে তিনি দাবি করেন এবং বাংলাদেশসহ বিশ্বজুড়ে সাংবাদিকতার ভীতিকর পরিবেশ, গণমাধ্যমের সরকারি মুখপাত্রে পরিণত হওয়া ও বুদ্ধিজীবীদের নীরবতা নিয়ে উদ্বেগ প্রকাশ করেন।",6.25,0.0,6.25
news-48230828,যুক্তরাষ্ট্র আর ইরানের মধ্যে উত্তেজনা বাড়তে থাকার মধ্যেই খবর পাওয়া যাচ্ছে যে চারটি আমেরিকান বি-৫২ বোমারু বিমান কাতারে অবস্থিত মার্কিন সামরিক ঘাঁটিতে এসে নেমেছে।,"ইরান মার্কিন সেনাদের ওপর হামলার প্রস্তুতি নিচ্ছে—ওয়াশিংটনের এমন দাবির পর যুক্তরাষ্ট্র মধ্যপ্রাচ্যে বি-৫২ বোমারু বিমান ও একটি বিমানবাহী জাহাজ পাঠিয়েছে, যদিও ইরান অভিযোগটি অস্বীকার করেছে। যুক্তরাষ্ট্র যুদ্ধ না চাওয়ার কথা বললেও ইরানের বিপ্লবী গার্ডকে সন্ত্রাসী সংগঠন ঘোষণা, পরমাণু চুক্তি থেকে বেরিয়ে আসা ও তেল নিষেধাজ্ঞার মাধ্যমে দেশটির ওপর চাপ বাড়িয়ে চলেছে।",17.95,7.89,12.82
news-46969032,গত সপ্তাহেই এক তরুণীর হত্যাকাণ্ডের খবরে দারুণ ধাক্কা খেয়েছিলো অস্ট্রেলিয়ার মানুষ।,মেলবোর্নে ২১ বছর বয়সী ইসরায়েলি-আরব তরুণী আয়া মাসারভির হত্যাকাণ্ড অস্ট্রেলিয়ায় নারীর বিরুদ্ধে সহিংসতা নিয়ে নতুন করে ক্ষোভ ও বিতর্ক সৃষ্টি করেছে। দেশটিতে প্রতি তিনজন নারীর একজন শারীরিক নির্যাতনের শিকার হন এবং গড়ে প্রতি সপ্তাহে একজন নারী বর্তমান বা সাবেক পুরুষ সঙ্গীর হাতে নিহত হন; নানা সরকারি উদ্যোগ সত্ত্বেও পরিস্থিতির উল্লেখযোগ্য উন্নতি হয়নি। বিশেষজ্ঞরা সহিংসতা কমাতে নারীর নিরাপত্তার পাশাপাশি সম্মান নিশ্চিত করার ওপর জোর দিয়েছেন।,0.0,0.0,0.0
news-43641725,"রুশ সেনাবাহিনীর সাবেক একজন শীর্ষ জেনারেল বিবিসিকে বলেছেন, ব্রিটেনে একজন সাবেক রুশ গুপ্তচরের ওপর নার্ভ এজেন্ট প্রয়োগের ঘটনা নিয়ে রাশিয়ার সাথে পশ্চিমের যুদ্ধ লেগে যেতে পারে এবং তা হবে 'সর্বশেষ যুদ্ধ'।","রুশ জেনারেল ইয়েভগেনি বুজনিস্কি সতর্ক করেছেন, রাশিয়া ও পশ্চিমা দেশগুলোর ক্রমবর্ধমান উত্তেজনা শীতল যুদ্ধের চেয়েও ভয়াবহ পরিণতি ডেকে এনে মানব ইতিহাসের সর্বশেষ যুদ্ধের কারণ হতে পারে। সালসবেরিতে সাবেক রুশ গুপ্তচর ও তাঁর মেয়েকে নভিচক দিয়ে হত্যাচেষ্টার ঘটনায় ব্রিটেন রাশিয়াকে দায়ী করে বহু রুশ কূটনীতিক বহিষ্কার করলেও পোর্টন ডাউন ল্যাব জানিয়েছে, বিষটি নভিচক হলেও এর রাশিয়ান উৎস নিশ্চিত করা যায়নি; রাশিয়া অভিযোগ অস্বীকার করে পাল্টা ব্রিটেনকে দোষারোপ করেছে।",12.24,2.08,8.16
news-51260361,"আগামী মাস থেকে ব্রিটেন বিজ্ঞানী, গণিতবিদ আর গবেষকদের দ্রুততম সময়ে ভিসা দেয়ার নতুন এক ব্যবস্থা চালু করতে যাচ্ছে।","যুক্তরাজ্য ২০ ফেব্রুয়ারি থেকে বিজ্ঞান, গণিত ও অন্যান্য ক্ষেত্রে গবেষণারত মেধাবীদের জন্য ‘গ্লোবাল ট্যালেন্ট ভিসা’ চালু করবে, যার আবেদন যাচাই করবে ইউকে রিসার্চ অ্যান্ড ইনোভেশন (ইউকেআরআই)। সরকার বলছে, ব্রেক্সিটের পরও বিশ্বের সেরা গবেষকদের আকৃষ্ট করাই এর লক্ষ্য; তবে বিরোধী দলগুলো ভিসার সংখ্যা ও পরিকল্পনার কার্যকারিতা নিয়ে সংশয় প্রকাশ করেছে। EU নাগরিকদের অবাধ চলাচল শেষ হওয়ায় গবেষণা খাতে সম্ভাব্য নেতিবাচক প্রভাব এবং ইইউর সঙ্গে সহযোগিতা বজায় রাখার প্রয়োজনীয়তার কথাও উঠে এসেছে।",9.09,0.0,6.82
news-47349064,"চট্টগ্রাম শাহ আমানত বিমানবন্দরে সেনা অভিযানের পরপরই ঢাকায় একটি সংবাদ সম্মেলনে বেসামরিক বিমান চলাচল কর্তৃপক্ষের চেয়ারম্যান এয়ার ভাইস মার্শাল নাইম হাসান বলেন, ''কথিত ছিনতাইকারী ব্যক্তিকে আহত অবস্থায় আটক করা হয়েছে।''",ঢাকা থেকে চট্টগ্রামগামী বাংলাদেশ বিমানের বিজি১৪৭ ফ্লাইটে এক যাত্রী পিস্তল নিয়ে ককপিটে ঢুকে প্রধানমন্ত্রী শেখ হাসিনার সঙ্গে কথা বলার দাবি করেন। বিমানটি চট্টগ্রামে অবতরণের পর যাত্রী ও ক্রুদের নিরাপদে নামিয়ে সেনা কমান্ডোরা অভিযান চালিয়ে আত্মসমর্পণে অস্বীকৃতি জানানো ওই ব্যক্তিকে প্রথমে আহত ও পরে নিহত করেন; ঘটনায় অন্য কেউ ক্ষতিগ্রস্ত হননি।,7.5,0.0,7.5
news-50171978,ধরুন আপনি বাংলাদেশের যেকোনো মহাসড়ক ধরে দেশের কোন জেলায় যাচ্ছেন। হঠাৎ লম্বা যানজটে পড়লেন যার কারণ আপনি জানেন না।,"সরকার দুর্ঘটনা, যানজট ও আইনভঙ্গ দ্রুত শনাক্ত করে ব্যবস্থা নিতে সিসিটিভি, গতি-সেন্সর, ডিজিটাল বোর্ড, মোবাইল অ্যাপ ও কেন্দ্রীয় নিয়ন্ত্রণকক্ষভিত্তিক ‘ইন্টেলিজেন্ট ট্রান্সপোর্ট সিস্টেম’ চালুর উদ্যোগ নিয়েছে। ঢাকা–দাউদকান্দি মহাসড়কের ৪০ কিলোমিটার অংশে কোরিয়ার অনুদান ও কারিগরি সহায়তায় পাইলট প্রকল্পটি আগামী বছর শুরু হওয়ার সম্ভাবনা রয়েছে, তবে দেশজুড়ে বাস্তবায়নে প্রায় এক দশক লাগতে পারে। বিশেষজ্ঞরা উদ্যোগটিকে স্বাগত জানালেও আইন প্রয়োগ, চালকদের সচেতনতা ও সড়ক ব্যবস্থাপনার মৌলিক সমস্যাগুলো সমাধান না হলে প্রযুক্তির সুফল সীমিত থাকবে বলে সতর্ক করেছেন।",2.11,0.0,2.11
news-46919162,ভারতের জম্মু থেকে বহু পথ পাড়ি দিয়ে বাংলাদেশের কুতুপালং রোহিঙ্গা ক্যাম্পে এসেছিল একটি পরিবার। কক্সবাজারের ট্রানজিট ক্যাম্পে নিয়ে যাওয়ার আগে ওই পরিবারটির সঙ্গে কথা হয়েছিল টেকনাফের রোহিঙ্গা নেতা মোহাম্মদ নূরের।,"ভারতে জোরপূর্বক মিয়ানমারে ফেরত পাঠানোর আতঙ্কে গত কয়েক মাসে ১,৩০০-এর বেশি রোহিঙ্গা বাংলাদেশে প্রবেশ করেছে, যাদের জাতিসংঘের ট্রানজিট ক্যাম্পে রাখা হয়েছে। বাংলাদেশ সরকার বিষয়টি পর্যবেক্ষণ করছে, তবে বিশেষজ্ঞরা আশঙ্কা করছেন—ভারত থেকে রোহিঙ্গা আগমন বাড়লে বাংলাদেশের ওপর চাপ ও মিয়ানমারে প্রত্যাবাসন প্রক্রিয়ায় নতুন জটিলতা তৈরি হতে পারে।",15.19,2.6,10.13
news-48108300,ভেনেজুয়েলার বিরোধী নেতা হুয়ান গুয়াইদো প্রেসিডেন্ট নিকোলাস মাদুরোকে ক্ষমতাচ্যুত করার জন্য সেনাবাহিনীর প্রতি ডাক দিয়েছেন।,"বিরোধী নেতা হুয়ান গুয়াইদো কয়েকজন সেনাসদস্যের সমর্থন নিয়ে ভেনেজুয়েলার সরকার উৎখাতের “চূড়ান্ত পর্যায়” শুরুর ঘোষণা দেন এবং সেনাবাহিনীর অন্য সদস্যদের তার পক্ষে যোগ দেওয়ার আহ্বান জানান। প্রেসিডেন্ট নিকোলাস মাদুরো দাবি করেন, ছোট একটি অভ্যুত্থানচেষ্টা ব্যর্থ করা হয়েছে; এর পর কারাকাসে গুয়াইদোর সমর্থকদের সঙ্গে সেনাদের সংঘর্ষ হয়, আর পরিস্থিতি অনিশ্চিত থাকায় মাদুরোর ক্ষমতা টিকে থাকা সেনাবাহিনীর আনুগত্যের ওপর নির্ভর করছে।",21.62,11.11,18.92
news-52777254,হত্যাকাণ্ডের শিকার সৌদি সাংবাদিক জামাল খাসোগজির সন্তানরা তার বাবার হত্যাকারীদের ক্ষমা করে দেয়ার ঘোষণা দেওয়ার পরপরই নিহতের তুর্কি বাগদত্তা ক্ষিপ্ত হয়ে বলেছেন এমন ক্ষমা প্রদর্শনের অধিকার কারো নেই।,"জামাল খাসোগজির বাগদত্তা হাতিস চেংগিস বলেছেন, এই জঘন্য হত্যাকাণ্ডের জন্য দায়ীদের ক্ষমা করার অধিকার কারও নেই এবং বিচার না হওয়া পর্যন্ত তিনি নীরব থাকবেন না। তবে খাসোগজির ছেলেরা রমজানের রাতে এক বিবৃতিতে বাবার হত্যাকারীদের ক্ষমা করার ঘোষণা দিয়েছে, যা শরিয়তি আইনে মৃত্যুদণ্ড মওকুফের সুযোগ তৈরি করতে পারে। জাতিসংঘসহ বিভিন্ন সংস্থা হত্যাকাণ্ডে সৌদি যুবরাজ মোহাম্মদ বিন সালমানের সংশ্লিষ্টতার সন্দেহ প্রকাশ করলেও সৌদি সরকার তা অস্বীকার করে আসছে।",29.79,6.52,14.89
news-56668724,ধর্ম নিয়ে বিশেষ করে ইসলাম নিয়ে তার কটাক্ষমুলক লেখালেখি নিয়ে বিতর্ক ভারতে আশ্রয় নেওয়া বাংলাদেশি লেখক তসলিমা নাসরিনের জন্য নতুন কিছু নয়।,"তসলিমা নাসরিন মইন আলীকে নিয়ে একটি বিতর্কিত টুইটে কটাক্ষ করে বলেন, তিনি আসলে মইনকে নয়, কট্টর ইসলামকে ব্যঙ্গ করতে চেয়েছেন। টুইটটি মুছে ফেললেও অনুশোচনা না করায় ইংল্যান্ডের ক্রিকেটার জফরা আর্চার, স্যাম বিলিংস, বেন ডাকেটসহ অনেকে তার মানসিক সুস্থতা নিয়ে প্রশ্ন তুলে টুইটার কর্তৃপক্ষের কাছে অভিযোগের আহ্বান জানান। মইন আলী নিজে এ বিষয়ে কোনো প্রকাশ্য মন্তব্য করেননি।",15.38,0.0,10.26
news-48249669,"ইন্দোনেশিয়ার পূর্বাঞ্চলে একটি গ্রাম রয়েছে, যে গ্রামকে 'মা ছাড়া গ্রাম' বলে ডাকে দেশটির মানুষ। কারণ সেই গ্রামে মা ছাড়াই বড় হচ্ছে প্রায় সব শিশু।","ইন্দোনেশিয়ার পূর্ব লম্বকের অনেক মা পরিবারের আর্থিক সংকটে বিদেশে গৃহকর্মী হিসেবে যেতে বাধ্য হন, ফলে সন্তানদের লালন-পালনের দায়িত্ব নেয় বাবা, দাদা-দাদি, খালা ও গ্রামের অন্য পরিবারগুলো। এতে শিশুরা মায়ের বিচ্ছেদ, মানসিক দূরত্ব ও কখনো সামাজিক নিপীড়নের শিকার হলেও প্রবাসী আয়ের মাধ্যমে শিক্ষা ও জীবনের সুযোগ পায়; এলি সুশিয়াতি মায়ের ত্যাগ বুঝে ভবিষ্যতে বিদেশে শ্রমিক না হয়ে ব্যবসা করার স্বপ্ন দেখছে।",4.65,0.0,4.65
news-55771427,"বাংলাদেশে কার্টুনিস্ট, বাউল শিল্পী, নাট্যকারসহ সাংস্কৃতিক কর্মী বা শিল্পীদের মত প্রকাশের স্বাধীনতা ব্যহত হওয়ার মতো ঘটনা বেড়ে যাওয়ার অভিযোগ উঠেছে।","ডিজিটাল নিরাপত্তা আইনসহ বিভিন্ন মামলায় কার্টুনিস্ট, বাউল ও অন্যান্য সাংস্কৃতিক কর্মীদের আটক-হয়রানির কারণে সাংস্কৃতিক অঙ্গনে ভয় ও আত্ম censorশিপের পরিবেশ তৈরি হয়েছে বলে কর্মীরা অভিযোগ করেছেন। তারা বলছেন, এতে রাজনৈতিক কার্টুন, গান ও সৃজনশীল কাজ কমে যাচ্ছে এবং মতপ্রকাশের স্বাধীনতা বাধাগ্রস্ত হচ্ছে; তবে সরকার এসব অভিযোগ অস্বীকার করে আইন অনুযায়ী ব্যবস্থা ও গঠনমূলক সমালোচনাকে স্বাগত জানানোর কথা বলেছে।",12.66,2.6,12.66
news-40772598,"সারাবিশ্বে পুরুষদের শরীরে যে হারে শুক্রাণুর সংখ্যা বা স্পার্ম রেট কমে যাচ্ছে, শুক্রাণু কমে যাবার সেই হার বজায় থাকলে মানুষ বিলুপ্ত হয়ে যেতে পারে বলে হুঁশিয়ার করে দিয়েছেন এক চিকিৎসক।","প্রায় ২০০টি গবেষণা বিশ্লেষণে দেখা গেছে, ১৯৭৩–২০১১ সালে উত্তর আমেরিকা, ইউরোপ, অস্ট্রেলিয়া ও নিউজিল্যান্ডের পুরুষদের শুক্রাণুর ঘনত্ব ৫২.৪% এবং মোট স্পার্ম কাউন্ট ৫৯.৩% কমেছে। গবেষকেরা এ প্রবণতায় উদ্বেগ প্রকাশ করলেও মানববিলুপ্তির সিদ্ধান্তে এখনই পৌঁছানো যায় না; কীটনাশক ও প্লাস্টিকের রাসায়নিক, স্থূলতা, ধূমপান, মানসিক চাপ ও অস্বাস্থ্যকর জীবনযাপন সম্ভাব্য কারণ হিসেবে উল্লেখ করা হয়েছে।",6.98,0.0,6.98
news-45165586,ব্রিটেনে সবচেয়ে বড় অনলাইন ভিডিও ফেস্টিভ্যালে অংশ নিতে ইউটিউব তারকা এবং তাদের ভক্তরা জড়ো হচ্ছেন লন্ডনে।,"১৯ বছর বয়সী ইউটিউবার লুইস বল মেকআপ টিউটোরিয়াল ও ছাত্রজীবনের ভ্লগ প্রকাশ করে পাঁচ বছরে তিন লাখের বেশি অনুসারী এবং ১৬ মিলিয়ন ভিউ পেয়েছেন। তিনি মনে করেন, অনলাইনে নিজের কৈশোরের জীবন তুলে ধরা তাকে আত্মপরিচয় খুঁজে পেতে সাহায্য করেছে, যদিও ট্রলিং ও বিদ্বেষপূর্ণ মন্তব্যের মুখোমুখি হতে হয়েছে; বর্তমানে তিনি ইউটিউবকে পূর্ণকালীন কাজ হিসেবে নিয়েছেন।",2.86,0.0,2.86
news-54770021,"ফরাসী প্রেসিডেন্ট এমানুয়েল ম্যাক্রঁ বলেছেন, ইসলামের নবীকে নিয়ে আঁকা বিতর্কিত ব্যঙ্গচিত্রের কারণে মুসলিমরা কেন এতটা ক্ষুব্ধ হয়েছিল সেটা তিনি বুঝতে পারেন। তবে এর কারণে সহিংসতার যুক্তি তিনি কোনদিনই মানতে পারবেন না।",নবীর ব্যঙ্গচিত্র প্রদর্শনের অধিকারকে মতপ্রকাশের স্বাধীনতা হিসেবে সমর্থন করায় প্রেসিডেন্ট ম্যাক্রঁর বক্তব্যে মুসলিম বিশ্বে তীব্র ক্ষোভ ও ফরাসি পণ্য বর্জনের ডাক ওঠে। নিসে তিউনিসীয় নাগরিকের ছুরিকাঘাতে তিনজন নিহত এবং লিঁওতে এক পাদ্রি আহত হওয়ার পর ফ্রান্সে সর্বোচ্চ নিরাপত্তা সতর্কতা জারি করা হয়েছে; ম্যাক্রঁ শান্তি রক্ষা ও বাকস্বাধীনতা দুটিই বজায় রাখার কথা বলেছেন।,7.23,0.0,7.23
news-49919369,"গর্ভের শিশুদের হাতে টিকটিকি জাতীয় অতিরিক্ত কিছু পেশী থাকে এবং তাদের জন্মের আগেই এসব ঝরে যায়, এক গবেষণায় এই তথ্য পাওয়া গেছে।","গবেষণায় দেখা গেছে, গর্ভস্থ শিশুর ৭–১৩ সপ্তাহে হাত ও পায়ে এমন কিছু অতিরিক্ত পেশী তৈরি হয়, যা বিবর্তনের সময় প্রাপ্তবয়স্ক মানুষের শরীর থেকে হারিয়ে গেলেও ভ্রূণে সাময়িকভাবে থাকে। থ্রিডি স্ক্যানে ১৫টি ভ্রূণের এসব পেশী পর্যবেক্ষণ করে বিজ্ঞানীরা মনে করছেন, এগুলো অঙ্গবিকৃতি বোঝার পাশাপাশি মানবদেহের বিকাশ ও বিবর্তন সম্পর্কে নতুন তথ্য দিতে পারে; তবে কেন পেশীগুলো তৈরি হয়ে পরে বিলুপ্ত হয়, তা এখনও স্পষ্ট নয়।",18.39,0.0,11.49
news-45821961,বাংলাদেশে ২১শে অগাস্ট গ্রেনেড হামলার মামলার রায়ে বিএনপির ভারপ্রাপ্ত চেয়ারম্যান তারেক রহমানের যাবজ্জীবন সাজা তাকে দেশে ফিরিয়ে আনতে সরকারের জন্য বিশেষ কোন সুযোগ তৈরি করছে না বলে আইন বিশেষজ্ঞরা মনে করছেন।,"২১ আগস্ট গ্রেনেড হামলা মামলায় তারেক রহমানসহ কয়েকজনকে যাবজ্জীবন এবং ১৯ জনকে মৃত্যুদণ্ড দেওয়ার পর সরকার বিদেশে থাকা আসামিদের ফিরিয়ে আনার উদ্যোগের কথা বলেছে। আইনমন্ত্রী মনে করেন, প্রত্যর্পণ চুক্তি না থাকলেও জাতিসংঘের আইনি সহযোগিতা কাঠামোর আওতায় তাকে ফেরানো সম্ভব এবং আপিলের জন্য ৬০ দিনের মধ্যে দেশে হাজির হতে হবে; তবে বিএনপি ও ব্রিটিশ আইনজীবীদের মতে, তার রাজনৈতিক আশ্রয়, মানবাধিকার ঝুঁকি ও দীর্ঘ আইনি প্রক্রিয়ার কারণে তাকে ফেরত পাওয়া অত্যন্ত কঠিন।",17.82,0.0,9.9
news-54537872,আজ বুধবার থেকে বাংলাদেশে ২২ দিনের জন্য ইলিশ মাছ ধরা নিষিদ্ধ করা হয়েছে।,"মা ইলিশের নিরাপদ প্রজনন ও জাটকা রক্ষায় ২২ দিনের মাছ ধরা, বিক্রি, মজুত ও পরিবহন নিষেধাজ্ঞা কার্যকর হওয়ায় ইলিশের উৎপাদন ও আকার উল্লেখযোগ্যভাবে বেড়েছে। গবেষকদের মতে, গত বছর বিপুল পরিমাণ ডিম ও জাটকা উৎপাদনের সুফলে এ বছর বড় ইলিশের সরবরাহ বেড়ে দাম কমেছে; ২০১৯ সালে দেশে ৫ লাখ ৩৩ হাজার মেট্রিক টন ইলিশ উৎপাদিত হয়। বর্তমানে দেশের ১২৫টি উপজেলার নদীতে ইলিশের বিচরণ পাওয়া যাচ্ছে, যা ১৫ বছর আগের ২৪ উপজেলার তুলনায় অনেক বেশি।",11.63,4.76,9.3
news-57021250,"বিএনপি চেয়ারপারসন খালেদা জিয়ার ব্যক্তিগত চিকিৎসক দলের সদস্য ও বিএনপি নেতা এ জেড এম জাহিদ হোসেন জানিয়েছেন, হাসপাতালে চিকিৎসাধীন মিসেস জিয়ার অবস্থা অপরিবর্তিত আছে।",খালেদা জিয়ার শারীরিক অবস্থা আগের দিনের মতোই স্থিতিশীল এবং তিনি এখনো এভারকেয়ার হাসপাতালের সিসিইউতে চিকিৎসাধীন। করোনাভাইরাস-পরবর্তী জটিলতার কারণে ভর্তি থাকা খালেদা জিয়ার চিকিৎসা অব্যাহত আছে; উন্নত চিকিৎসার জন্য বিদেশে নেওয়ার বিষয়ে সরকারের অনুমতির পর মেডিকেল বোর্ড সিদ্ধান্ত দেবে।,19.05,3.28,15.87
news-47265295,"ভারত শাসিত কাশ্মীরের পুলওয়ামায় জঙ্গী হামলায় ৪০ জনেরও বেশী কেন্দ্রীয় নিরাপত্তা রক্ষী নিহত হওয়ার পরে ভারতের প্রধানমন্ত্রী হুঁশিয়ার করেছেন, হামলার জন্য দায়ীদের চড়া মাসুল দিতে হবে।","পাকিস্তানকে জবাব দিতে ভারতের সামনে কূটনৈতিক, সামরিক, অর্থনৈতিক ও পরোক্ষ প্রতিশোধসহ নানা বিকল্প থাকলেও পারমাণবিক শক্তিধর দুই দেশের সংঘাতের ঝুঁকিতে কোনো পথই সহজ নয়। বিশেষজ্ঞরা সামরিক পাল্টা আঘাতের সম্ভাবনা নিয়ে মত দিলেও সতর্ক করেছেন যে তা পাল্টা হামলা ডেকে আনতে পারে; বরং সন্ত্রাস দমনে দীর্ঘমেয়াদি কৌশল, গোয়েন্দা সক্ষমতা ও সামরিক সরঞ্জাম আধুনিকীকরণ জরুরি।",7.59,0.0,5.06
news-51062430,কাসেম সোলেইমানি হত্যা এবং তার বদলায় ইরাকে মার্কিন দুটো ঘাঁটিতে ইরানের ক্ষেপণাস্ত্র হামলা দীর্ঘস্থায়ী এবং বিপজ্জনক এক সংঘাতের ঝুঁকি তৈরি করেছে।,"কাসেম সোলেইমানি হত্যার পর প্রথম দফায় ইরান জনসমর্থন ও জাতীয় ঐক্য প্রদর্শনের মাধ্যমে স্বল্পমেয়াদি সুবিধা পেয়েছে, তবে সামরিক প্রতিশোধ নিলে দীর্ঘমেয়াদি সংঘাতে জড়িয়ে আরও দুর্বল হতে পারে। ট্রাম্প ইরানের সামরিক সক্ষমতায় আঘাত করে রাজনৈতিক লাভ ও মিত্রদের সমর্থন পেলেও পাল্টা সংঘাত হলে তেলের দাম বৃদ্ধি, মার্কিন প্রাণহানি ও বড় যুদ্ধের ঝুঁকি রয়েছে। ইরাকের ইরানপন্থী মিলিশিয়া, ইসরায়েল ও কিছু আঞ্চলিক মিত্র এ পরিস্থিতি থেকে নিজ নিজ স্বার্থে লাভবান হতে পারে, আর ইউরোপ ইরান-যুক্তরাষ্ট্র সংঘাত ও পারমাণবিক চুক্তি রক্ষার সংকটে পড়েছে।",9.9,2.02,7.92
news-48829410,"ঢাকার মিরপুরের বাসিন্দা শাহিদা পারভিন স্বামীর পেনশন হিসেবে পাওয়া পুরো টাকা দিয়ে সঞ্চয়পত্র কিনে রেখেছেন, যা দিয়ে তাদের সংসারের খরচ চলে।","সরকার সঞ্চয়পত্রের মুনাফার ওপর উৎসে কর ৫ শতাংশ থেকে বাড়িয়ে ১০ শতাংশ করেছে, ফলে নারী, বয়স্ক ও অবসরপ্রাপ্তদের মতো সঞ্চয়পত্রনির্ভর মানুষের আয় ও জীবনযাত্রায় চাপ বাড়বে। সরকারের দাবি, এতে ব্যাংক, বন্ডসহ অন্যান্য খাতে বিনিয়োগ বাড়বে; তবে বিশেষজ্ঞরা অতিরিক্ত বিক্রি ও উচ্চ সুদের কারণে সরকারের দীর্ঘমেয়াদি আর্থিক বোঝা এবং অর্থনীতিতে সম্ভাব্য নেতিবাচক প্রভাবের আশঙ্কা করছেন।",0.0,0.0,0.0
news-41024577,"কাগজে কলমে এখনো পাকিস্তান আমেরিকার ঘনিষ্ঠ মিত্র, কিন্তু আফগান সঙ্কট নিয়ে প্রেসিডেন্ট ডোনাল্ড ট্রাম্প মঙ্গলবার যে ভাষায় পাকিস্তানের প্রতি হুঁশিয়ারি উচ্চারণ করেছেন, তার নজির খুব একটা চোখে পড়েনা।","যুক্তরাষ্ট্র পাকিস্তানকে তালেবানকে নিরাপদ আশ্রয় দেওয়া বন্ধ করার জন্য কঠোরভাবে চাপ দিচ্ছে এবং প্রয়োজনে পাকিস্তানের ভেতর সামরিক অভিযান চালানোর ইঙ্গিত দিয়েছে; রেক্স টিলারসন সতর্ক করেছেন, নইলে পাকিস্তান মার্কিন ‘বিশেষ মর্যাদা’ ও সহায়তা হারাতে পারে। পাকিস্তান অভিযোগ অস্বীকার করলেও আফগানিস্তানে ভারতের ভূমিকা নিয়ে আপত্তি এবং চীন, রাশিয়া ও ইরানের সঙ্গে ঘনিষ্ঠতার কারণে যুক্তরাষ্ট্র-পাকিস্তান সম্পর্ক ক্রমেই দূরে সরে যাচ্ছে।",9.3,0.0,4.65
news-50576228,রাজধানী ঢাকার গুলশানে হোলি আর্টিজান হামলাকে বলা হয় বাংলাদেশের ইতিহাসে সবচেয়ে নজিরবিহীন জঙ্গি হামলা।,"হোলি আর্টিজান হামলার পর বাংলাদেশ জঙ্গিবাদ দমনে বিশেষায়িত ইউনিট গঠন, প্রশিক্ষণ, গোয়েন্দা নজরদারি, সাইবার পেট্রোলিং ও আন্তর্জাতিক সহযোগিতা বাড়িয়েছে এবং ধারাবাহিক অভিযানে জঙ্গি নেটওয়ার্কগুলোকে অনেকটাই দুর্বল করেছে। তবে ছোট গোপন সেল, উগ্রবাদী মতাদর্শ ও নতুন ধরনের হামলার ঝুঁকি এখনো রয়েছে; গবেষকদের মতে, অতিরিক্ত বলপ্রয়োগের বদলে জঙ্গিদের নেটওয়ার্ক ও উত্থানের কারণ উদঘাটনে আরও কার্যকর তদন্ত দরকার।",8.7,2.99,8.7
160605_chittagong_sp_wife_killing_reax,বাংলাদেশের চট্টগ্রামে পুলিশ সুপার বাবুল আক্তারের স্ত্রী দুর্বৃত্তদের গুলিতে নিহত হবার পর স্বরাষ্ট্রমন্ত্রী আসাদুজ্জামান খান কামাল বলেছেন “এ ঘটনায় জঙ্গি সংশ্লিষ্টতা থাকতে পারে”।,"চট্টগ্রামে সন্তানকে স্কুলবাসে তুলে দিতে যাওয়ার সময় পুলিশ সুপার বাবুল আক্তারের স্ত্রী মাহমুদা আক্তারকে দুর্বৃত্তরা ছুরিকাঘাত ও গুলি করে হত্যা করে। কর্মকর্তারা ধারণা করছেন, জঙ্গিবিরোধী অভিযান ও অপরাধ দমনে বাবুল আক্তারের ভূমিকার কারণে প্রতিশোধ বা পুলিশের মনোবল ভাঙতেই তাকে লক্ষ্য করা হয়েছে, তবে তদন্ত শেষ না হওয়া পর্যন্ত জঙ্গি সংশ্লিষ্টতা নিশ্চিত নয়। পুলিশ সিসিটিভি ফুটেজসহ বিভিন্ন সূত্র ধরে হামলাকারীদের গ্রেপ্তারের চেষ্টা করছে।",18.82,12.05,18.82
news-47733454,"ঢাকার বনানীর যে ভবনটিতে আগুন লেগে ১৯ জনের মৃত্যু ঘটেছে, সেটি রাজউকের অনুমোদিত নকশা লঙ্ঘন করে তৈরি করা। একথা জানিয়েছেন রাজউকের চেয়ারম্যান আবদুর রহমান।",বনানীর এফআর টাওয়ার ১৮ তলার অনুমোদন নিয়ে ২৩ তলা নির্মাণ করা হয় এবং রাজউকের অনুমোদিত নকশা থেকে এর নানা বিচ্যুতি ছিল; ২০০৫ সালে জমা দেওয়া নকশাটিও বৈধ ছিল না। রাজউক এসব বিচ্যুতিকে ভবনটির অনিরাপদ হওয়ার সম্ভাব্য কারণ হিসেবে উল্লেখ করে দায়ীদের শাস্তির কথা বলেছে এবং অননুমোদিত নির্মাণে ঝুঁকিপূর্ণ অন্যান্য ভবন শনাক্ত করতে জরিপের উদ্যোগ নিয়েছে।,15.19,5.19,12.66
news-56871135,বাংলাদেশে গত কয়েকদিনের তুলনায় করোনাভাইরাসে আক্রান্ত হয়ে মৃত্যুর সংখ্যা শনিবার আরও কমেছে। সেই সঙ্গে কমেছে নমুনা পরীক্ষা তুলনায় শনাক্তের হারও।,"গত ২৪ ঘণ্টায় বাংলাদেশে করোনাভাইরাসে ৮৩ জনের মৃত্যু ও ২,৬৯৭ জন শনাক্ত হয়েছেন; এ নিয়ে মোট মৃত্যু ১০,৯৫২ এবং শনাক্ত ৭ লাখ ৪২ হাজার ৪০০ জনে দাঁড়িয়েছে। একই সময়ে ৫,৪৭৭ জন সুস্থ হয়েছেন, আর শনাক্তের হার কমলেও মৃত্যুর হার আগের সপ্তাহের তুলনায় ৭.৫৬ শতাংশ বেড়েছে।",17.39,0.0,11.59
news-53088162,"যুক্তরাষ্ট্রের সাবেক জাতীয় নিরাপত্তা উপদেষ্টা জন বোল্টন নিজের নতুন বইতে দাবি করেছেন, দ্বিতীয় দফায় দেশটির প্রেসিডেন্ট নির্বাচিত হবার জন্য ডোনাল্ড ট্রাম্প চীনের প্রেসিডেন্ট শি জিনপিংয়ের সাহায্য পেতে চেষ্টা করেছিলেন।","জন বোল্টনের আসন্ন বইয়ে দাবি করা হয়েছে, ২০১৯ সালের ওসাকা জি-২০ সম্মেলনে ট্রাম্প চীনের প্রেসিডেন্ট শি জিনপিংয়ের কাছে ২০২০ সালের নির্বাচনে জয়ী হতে সহায়তা চেয়েছিলেন এবং চীনা সয়াবিন ও গম কেনার ওপর জোর দিয়েছিলেন। বইটি ট্রাম্পের অভিশংসন-সংক্রান্ত বিতর্ক উসকে দিয়েছে; ট্রাম্প প্রশাসন রাষ্ট্রীয় গোপন তথ্য থাকার অভিযোগে প্রকাশনা ঠেকানোর চেষ্টা করছে, আর মার্কিন ট্রেড রিপ্রেজেন্টেটিভ রবার্ট লাইথিজার এ দাবি অস্বীকার করেছেন।",19.57,8.89,17.39
news-44901503,"হোয়াটসঅ্যাপ বলছে, শুক্রবার থেকে তারা ভারতে তাদের মেসেজিং সার্ভিস ব্যবহারকারীদের জন্য এমন দুটি নতুন ফিচার যোগ করেছে - যার মাধ্যমে মেসেজ বা ছবি অথবা ভিডিও শেয়ার করা সীমিত করা যাবে।","ভারতে হোয়াটসঅ্যাপে ছেলেধরার গুজব ছড়িয়ে গণপিটুনিতে ২০ জনের বেশি নিহত হওয়ার পর, গুজব ঠেকাতে একসঙ্গে পাঁচটির বেশি চ্যাটে বার্তা বা ছবি ফরোয়ার্ড সীমিত করা এবং কুইক ফরোয়ার্ড বাটন সরানোর উদ্যোগ নিয়েছে হোয়াটসঅ্যাপ। ফরোয়ার্ড করা বার্তা চিহ্নিত করার ব্যবস্থাকে ইতিবাচক বলা হলেও, এর কার্যকারিতা নিয়ে প্রশ্ন রয়েছে এবং সরকার ও বিশেষজ্ঞরা আরও কঠোর নিয়ন্ত্রণ ও আইন প্রণয়নের প্রয়োজনীয়তা তুলে ধরেছেন।",15.91,4.65,11.36
news-45964178,চীনের শিনজিয়াং প্রদেশে উইগুর মুসলিমদের 'সংশোধনের' জন্য পৃথিবীর অন্যতম বৃহৎ বন্দীশিবির গড়ে তুলেছে কর্তৃপক্ষ ।,"উপগ্রহচিত্র বিশ্লেষণে দেখা গেছে, শিনজিয়াংয়ের দাবাংচেংয়ে দেয়াল ও প্রহরীচৌকিবেষ্টিত একটি বিশাল বন্দীশিবির সম্প্রসারিত হয়েছে, যেখানে অন্তত ১১ হাজার, সম্ভবত এক লাখেরও বেশি মানুষকে রাখা যেতে পারে। চীন এগুলোকে উগ্রপন্থা দমনের জন্য শিক্ষা ও বৃত্তিমূলক প্রশিক্ষণকেন্দ্র বললেও মানবাধিকার সংস্থা ও সাবেক বন্দীরা অভিযোগ করেছেন, উইগুর মুসলিমদের বিনাবিচারে আটক রেখে জোরপূর্বক রাজনৈতিক শিক্ষা, ভাষা প্রশিক্ষণ ও শাস্তি দেওয়া হয়। শিনজিয়াংয়ে সহিংসতার পর উইগুরদের ধর্মীয় আচরণ, পোশাক ও চলাচলের ওপর নানা বিধিনিষেধও আরোপ করা হয়েছে।",9.3,2.38,4.65
news-51306016,করোনাভাইরাসে আক্রান্ত হয়ে মৃত্যুর সংখ্যা ১৭০ জনে পৌঁছেছে এবং চীনের প্রতিটি অঞ্চলে এখন ছড়িয়ে পড়েছে এই ভাইরাস।,"তিব্বতে নতুন রোগীসহ চীনে ২৯ জানুয়ারি পর্যন্ত ৭,৭১১ জন করোনাভাইরাসে আক্রান্ত হয়েছে এবং ভাইরাসটি আরও অন্তত ১৬টি দেশে ছড়িয়েছে। বিশ্ব স্বাস্থ্য সংস্থা বৈশ্বিক জরুরি অবস্থা জারি করা হবে কি না তা নিয়ে বৈঠক করতে যাচ্ছে, কারণ ভাইরাসটি মানুষে-মানুষে ছড়িয়ে মহামারির রূপ নিতে পারে এবং বয়স্ক ও অসুস্থদের জন্য প্রাণঘাতী হতে পারে। সংক্রমণ ঠেকাতে চীনের উহানসহ বিভিন্ন শহর বিচ্ছিন্ন করা হয়েছে এবং বিদেশি নাগরিকদের সরিয়ে নেওয়া হয়েছে।",11.76,2.41,9.41
160804_bangladesh_india_wild_elephant_rescue,বাংলাদেশের জামালপুরের একটি চরে আটকে থাকা ভারতীয় একটি বুনো হাতি উদ্ধারে চেষ্টা করছে বাংলাদেশ ও ভারতের বন কর্মীরা।,"জামালপুরের সরিষাবাড়ীর বন্যাকবলিত চরে ভারতীয় একটি বুনো হাতি আটকে পড়ায় তাকে উদ্ধারে ভারত ও বাংলাদেশের বন কর্মকর্তারা যৌথভাবে কাজ করছেন। দুর্বল হয়ে পড়া হাতিটিকে নিরাপদ ও উঁচু স্থানে নিয়ে খাবার খাইয়ে অচেতন করার পর ট্রাক বা ক্রেনের সাহায্যে সরানোর পরিকল্পনা করা হচ্ছে, তবে তার অবস্থা পর্যালোচনার পর চূড়ান্ত সিদ্ধান্ত হবে। উদ্ধার শেষে হাতিটি ভারতে ফেরত নেওয়া হবে নাকি বাংলাদেশে রাখা হবে, তা পরে নির্ধারণ করা হবে।",26.19,7.32,21.43
news-49201712,এখন থেকে সৌদি আরবের নারীরা কোনো পুরুষ অভিভাবকের অনুমতি ছাড়াই দেশের বাইরে ভ্রমণ করতে পারবেন বলে এক রাজকীয় ফরমানে বলা হয়েছে।,"সৌদি আরবে ২১ বছরের বেশি বয়সী নারীরা এখন থেকে পুরুষ অভিভাবকের অনুমতি ছাড়াই পাসপোর্টের আবেদন ও বিদেশ ভ্রমণ করতে পারবেন; পাশাপাশি জন্মনিবন্ধন, বিয়ে ও বিচ্ছেদের অনুমোদন এবং কর্মসংস্থানের অধিকারও পেয়েছেন তারা। নতুন আইনটি নারীদের অধিকার বাড়ালেও দেশটিতে লিঙ্গবৈষম্য নিয়ে সমালোচনা অব্যাহত রয়েছে এবং সৌদি নারীদের আশ্রয় চাওয়ার ঘটনাও ঘটছে।",28.57,14.71,22.86
news-52554853,ইনস্টাগ্রাম গ্রুপ চ্যাটে অপ্রাপ্তবয়স্ক মেয়েদের ছবি শেয়ার করা ও অশালীন মন্তব্য করায় ১৫ বছর বয়সী এক কিশোরকে গ্রেফতার করেছে ভারতের পুলিশ।,"দিল্লির স্কুলপড়ুয়া কিশোরদের ‘বয়েজ লকার রুম’ ইনস্টাগ্রাম গ্রুপে সহপাঠী মেয়েদের অনুমতি ছাড়া ছবি শেয়ার, যৌন হয়রানিমূলক মন্তব্য ও ধর্ষণের হুমকির অভিযোগ ওঠে; স্ক্রিনশট ছড়িয়ে পড়ার পর এক ১৫ বছর বয়সী কিশোর গ্রেফতার এবং আরও প্রায় ২০ জনকে শনাক্ত করা হয়। দিল্লি পুলিশ ও নারী কমিশন তদন্ত শুরু করে, আর বিশেষজ্ঞরা কঠোর আইনি পদক্ষেপের পাশাপাশি কিশোরদের দীর্ঘমেয়াদি কাউন্সেলিং ও সামাজিক যোগাযোগমাধ্যমে দায়িত্বশীলতার ওপর গুরুত্ব দেন।",30.59,7.23,23.53
news-48135516,চীনে শিনজিয়াং প্রদেশের উইগর মুসলিম জনগোষ্ঠীর লক্ষ লক্ষ লোকের উপাত্ত সংগ্রহ করার জন্য একটি মোবাইল অ্যাপ ব্যবহার করছে চীনা পুলিশ।,"হিউম্যান রাইটস ওয়াচের প্রতিবেদনে বলা হয়েছে, চীন একটি মোবাইল অ্যাপের মাধ্যমে শিনজিয়াংয়ের উইগর মুসলিমদের দৈনন্দিন আচরণ, চলাফেরা ও সামাজিক যোগাযোগের ওপর ব্যাপক নজরদারি চালাচ্ছে। অ্যাপটি ‘সরকারের অনুমতি ছাড়া হজ’, অতিরিক্ত বিদ্যুৎ ব্যবহার, বিদেশে আত্মীয় থাকা বা ‘ওয়াহাবি ইসলাম’ অনুসরণের মতো ৩৬ ধরনের আচরণ বা পরিচয়ের তথ্য সংগ্রহ করে তা গণনজরদারি ব্যবস্থায় পাঠায়; জাতিসংঘের মতে, প্রায় ১০ লাখ উইগরকে আটকশিবিরে রাখা হয়েছে।",12.35,2.53,7.41
