id,reference,generated,rouge1,rouge2,rougeL
news-45155508,"জাতিসংঘের মানবাধিকার বিষয়ক কমিটি জেনেভাতে চীনের ওপর দুদিনের যে বিশেষ সভা করছে, সেখানে অভিযোগ করা হয়, কট্টরপন্থী সন্দেহে ১০ লাখ চীনা উইগুর মুসলিমকে বিভিন্ন রাজনৈতিক শিবিরে আটকে রাখা হয়েছে।","জাতিসংঘের জাতিগত বৈষম্য বিষয়ক কমিটির সদস্য গে ম্যাকডুগাল অভিযোগ করেছেন যে চীনা কর্তৃপক্ষ উইগুর মুসলিমদের গণহারে আটক করে বিভিন্ন বন্দীশিবিরে নেয়া হচ্ছে। তিনি বলেন, এমন খবর তিনি পেয়েছেন যে চীনা কর্তৃপক্ষ স্বায়ত্তশাসিত উইগুর প্রদেশকে কার্যত ""বিশাল একটি বন্দীশিবিরে"" রূপান্তরিত করেছে। চীন সাথে সাথে এর কোনো জবাব দেয়নি, তবে ৫০-সদস্যের চীনা প্রতিনিধিদলের পক্ষ থেকে বলা হয়, সোমবার এই অভিযোগের জবাব দেওয়া হবে।",17.58,0.0,13.19
news-39127107,ভারতের দক্ষিণাঞ্চলীয় রাজ্য তামিলনাডুর ব্যবসায়ীরা সেখানে কোকা-কোলা ও পেপসি বিক্রি নিষিদ্ধ ঘোষণা করেছে।,"তামিলনাড়ু রাজ্যে কোকা-কোলা ও পেপসি নিষিদ্ধ করা হয়েছে। রাজ্যের শীর্ষ দুটি ব্যবসায়ী এসোসিয়েশন এই দুটি পানীয় নিষিদ্ধ করার প্রস্তাব করেছিল। কোমল পানীয়ের প্রতিষ্ঠানগুলো নদী থেকে প্রচুর পানি ব্যবহার করে, সেকারণে কৃষকদের জমি সেচের সময়ও ব্যাপক ভোগান্তিতে পড়তে হয়। রাজ্যের দশ লাখেরও বেশি দোকানদার এ নিষেধাজ্ঞা মেনে চলবে বলে ধারণা করা হচ্ছে।",15.15,9.38,15.15
news-49141918,"স্বাস্থ্য অধিদপ্তরের হিসাব মতে, গত ২৪ ঘণ্টায় দেশের বিভিন্ন হাসপাতালে ডেঙ্গুজ্বরে আক্রান্ত হয়ে প্রায় ৭০০ রোগী ভর্তি হয়েছেন।","বাংলাদেশে ডেঙ্গু রোগের প্রকোপ বেড়ে যাওয়ায় দেশের বিভিন্ন হাসপাতালে রোগীর সংখ্যা বাড়ছে। স্বাস্থ্য অধিদপ্তরের মহাপরিচালক আবুল কালাম আজাদ বলেছেন, ডেঙ্গু নিয়ে আতঙ্ক তৈরি হয়েছে, তাই অনেকেই হাসপাতালে ভর্তি হতে চাচ্ছেন যাদের ভর্তি হওয়ার দরকার নেই। স্বাস্থ্য অধিদপ্তর বিভিন্ন ধরণের পদক্ষেপ নিয়েছে পরিস্থিতি সামাল দিতে।",19.35,10.0,12.9
news-52808250,এই প্রথম সামাজিক মাধ্যমের বিশাল প্রতিষ্ঠান টুইটার আমেরিকান প্রেসিডেন্ট ডোনাল্ড ট্রাম্পের কোন পোস্টের সত্যতা নিয়ে প্রশ্ন তুলে তা নিয়ে সতর্কবার্তা দিল।,"মার্কিন প্রেসিডেন্ট ডোনাল্ড ট্রাম্প টুইটারে অভিযোগ করেছেন যে টুইটার আমেরিকার ২০২০ নির্বাচনে হস্তক্ষেপ করছে। টুইটার তার পোস্টের সাথে একটি সতর্কবার্তা যুক্ত করেছে, যেখানে বলা হয়েছে যে তার দাবি ""ভিত্তিহীন""। প্রেসিডেন্ট ট্রাম্প উত্তরে টুইট করেছেন যে টুইটার ""বাক স্বাধীনতার পুরো কণ্ঠরোধ করছে""।",16.13,3.33,12.9
news-49047323,"বাংলাদেশের বন্যা পূর্বাভাস এবং সতর্কীকরণ কেন্দ্র বলছে, আগামী ২৪ ঘণ্টায় দেশের মধ্যাঞ্চলের আরো চারটি জেলা প্লাবিত হতে পারে। এ নিয়ে মোট ২২টি জেলা বন্যায় আক্রান্ত হবে।","বাংলাদেশের উত্তরাঞ্চলের কুড়িগ্রাম জেলার চিলমারী উপজেলা বন্যায় সবচেয়ে বেশি প্লাবিত হয়েছে। এই এলাকার বাসিন্দারা জানিয়েছেন যে তাদের বাড়িঘর পানিতে তলিয়ে গিয়েছে এবং তারা আশ্রয় কেন্দ্রে চলে যাচ্ছেন। বন্যা পূর্বাভাস ও সতর্কীকরণ কেন্দ্র জানিয়েছে যে ফরিদপুর, মানিকগঞ্জ, মুন্সিগঞ্জ ও রাজবাড়ী জেলাগুলো আগামী ২৪ ঘণ্টার মধ্যে বন্যায় প্লাবিত হবে।",30.14,8.45,24.66
news-39844487,"ভারতে মাওবাদী বিদ্রোহীদের মোকাবিলার পথ খুঁজতে সরকারের এক উচ্চ পর্যায়ের বৈঠকের পর স্বরাষ্ট্রমন্ত্রী রাজনাথ সিং জানিয়েছেন, এই সঙ্কটের কোনও চটজলদি সমাধান সম্ভব নয়, সর্বাত্মক উন্নয়ন আর আগ্রাসী নীতি বজায় রেখেই মাওবাদীদের কাবু করা সম্ভব।","ভারতের স্বরাষ্ট্রমন্ত্রী রাজনাথ সিং বলেছেন যে মাওবাদীদের দমনে সরকারি কৌশলে বিরাট কোনও পরিবর্তন হচ্ছে না। তিনি বলেন, মাওবাদীদের সঙ্গে শান্তি-আলোচনার কথা সরকার ভাবছে না। স্বরাষ্ট্রমন্ত্রী রাজনাথ সিং আরও বলেন, মাওবাদী সমস্যা মোকাবেলার জন্য স্বল্প, মাঝারি ও দীর্ঘমেয়াদে নানা ধরনের হাতিয়ার ব্যবহার করতে হবে।",15.38,5.26,12.82
news-45408278,বাংলাদেশে বিরোধী দল- বিএনপি'র কেন্দ্রীয় নেতারা দুই সপ্তাহের ব্যবধানে আজ (মঙ্গলবার) আবারও বিদেশি কূটনীতিকদের সাথে বৈঠক করে দেশের রাজনৈতিক পরিস্থিতি নিয়ে কথা বলেছেন।,"বিএনপি নেতারা খালেদা জিয়ার মুক্তির দাবিতে বিক্ষোভের পাশাপাশি নিয়মিত বিদেশী কূটনীতিকদের সাথে কথা বলছেন। বিএনপি মহাসচিব মির্জা ফখরুল ইসলাম আলমগীর বলেছেন, তারা দেশের রাজনৈতিক পরিস্থিতি সম্পর্কে বিদেশি কূটনীতিকদের কাছে একটা ধারণা দেয়ার চেষ্টা করেন। বিশ্লেষকরা মনে করেন, আগামী নির্বাচনের আগে বিভিন্ন রাজনৈতিক ইস্যুতে প্রভাবশালী দেশগুলো যাতে সরকারের উপর চাপ সৃষ্টি করে, সেই প্রত্যাশা থেকে বিএনপি এখন ঘন ঘন কূটনীতিকদের নিয়ে বৈঠক করছে।",30.23,9.52,18.6
news-54230851,"বাংলাদেশে জনসাধারণের মধ্যে 'শৈথিল্য' আসার কারণে করোনাভাইরাস সংক্রমণের দ্বিতীয় সংক্রমণ বা সেকেন্ড ওয়েভ আসতে পারে উল্লেখ করে কোভিড-১৯ সংক্রান্ত জাতীয় কারিগরি পরামর্শক কমিটি বলছে, এটা মোকাবেলার জন্য রোডম্যাপ তৈরি ও পূর্ণ প্রস্তুতি নিতে।","বাংলাদেশে করোনাভাইরাস সংক্রমণের দ্বিতীয় ঢেউ আসার আশঙ্কা করা হচ্ছে। দেশটিতে গত তিন সপ্তাহ ধরে দৈনিক শনাক্তের সংখ্যা দুই হাজারের নিচে নেমে এসেছে। জাতীয় কারিগরি পরামর্শক কমিটি সংবাদ বিজ্ঞপ্তি দিয়ে জানিয়েছে, সংক্রমণের হার নিম্নমুখী হলেও এখনো হার স্বস্তিকর পর্যায়ে যায়নি। কমিটি পরামর্শ দিয়েছে রোডম্যাপ তৈরির প্রয়োজনীয়তার কথা।",25.0,12.82,22.5
news-46205974,রাজধানী ঢাকার নয়া পল্টন এলাকায় বিএনপি কার্যালয়ের কাছে দলটির নেতাকর্মীদের সাথে পুলিশের ধাওয়া-পাল্টা ধাওয়ার ঘটনা ঘটেছে।,"বিএনপি কার্যালয়ে মনোনয়নপত্র সংগ্রহ করতে যাওয়া নেতা-কর্মীদের সাথে পুলিশের সংঘর্ষ শুরু হয়। বিএনপি সমর্থকরা পুলিশের একটি গাড়িতে আগুন দেয় এবং কয়েকটি গাড়ি ভাঙচুর করে। বিএনপি যুগ্ম-মহাসচিব রুহুল কবির রিজভী বলেছেন, এই সহিংসতার ঘটনার সাথে বিএনপি জড়িত নয়, বরং পুলিশের 'এজেন্ট'রা এটি ঘটিয়েছে।",9.68,3.33,9.68
news-53549847,বাংলাদেশে জুলাই মাসে কথিত 'বন্দুকযুদ্ধের' ঘটনা অনেক বেড়ে গেছে বলে মানবাধিকার সংস্থাগুলো বলছে। গত মার্চ মাস থেকে দেশটিতে করোনাভাইরাসের কারণে অনেক কিছু সীমিতভাবে চললেও কমেনি 'বন্দুকযুদ্ধের' ঘটনা।,"বাংলাদেশে আইনশৃঙ্খলা বাহিনীর সঙ্গে বন্দুকযুদ্ধের ঘটনা বেড়েই চলেছে। জানুয়ারি থেকে জুলাই মাস পর্যন্ত বাংলাদেশে কথিত 'বন্দুকযুদ্ধে' ১৭৯ জনের মৃত্যু হয়েছে। এর মধ্যে জুলাই মাসে ৩৬ জনের মৃত্যু হয়েছে। মানবাধিকার সংস্থা আইন ও সালিশ কেন্দ্রের তথ্য অনুযায়ী, জানুয়ারি থেকে জুন মাস পর্যন্ত বাংলাদেশে পুলিশ, র‍্যাব ও বিজিবিসহ আইনশৃঙ্খলা বাহিনীর সঙ্গে 'বন্দুকযুদ্ধে' মোট ১৪৩ জনের মৃত্যু হয়েছে। আরেকটি মানবাধিকার সংস্থা অধিকারের তথ্য অনুযায়ী, জানুয়ারি থেকে জুন পর্যন্ত ছয়মাসে 'বন্দুকযুদ্ধে' নিহত হয়েছেন মোট ১৪৬ জন। বিবিসি বাংলার পর্যালোচনায় দেখা গেছে, জুলাই মাসে যারা কথিত 'বন্দুকযুদ্ধে' নিহত হয়েছেন, তাদের বিরুদ্ধে ডাকাতি, ধর্ষণ, মাদক ব্যবসার সঙ্গে জড়িত থাকার অভিযোগ ও মামলা রয়েছে। সবচেয়ে বেশি কথিত 'বন্দুকযুদ্ধের' ঘটনা ঘটেছে কক্সবাজারে। গত একমাসে এই জেলায় পুলিশ, র‍্যাব ও বিজিবির সঙ্গে বন্দুকযুদ্ধে নিহত হয়েছে অন্তত ১৭ জন।",17.57,5.48,10.81
140427_pg_bd_heat_dhaka_ac,গত বেশ কিছুদিন বাংলাদেশের রাজধানী ঢাকায় বাসিন্দাদের আলোচনার প্রধান বিষয় দু:সহ গরম।,"বাংলাদেশের রাজধানী ঢাকায় গত ৫০ বছরের মধ্যে সবচেয়ে বেশি গরম পড়েছে এই বছর। এর ফলে শীতাতপ নিয়ন্ত্রণের যন্ত্র বা এসির চাহিদা বেড়ে গেছে। বিক্রেতারা জানিয়েছেন, এসির চাহিদা এতই বেশি যে তারা সরবরাহ করতে পারছেন না। বাজারে এক বা দেড়টনের এসি পাওয়া যাচ্ছে না, শুধু দুই টনের এসি পাওয়া যাচ্ছে। এসির দামও বেড়ে গেছে। এছাড়াও এসি কেনার পর তা লাগিয়ে দেবার লোকও পাওয়া যাচ্ছে না। এসি ব্যবহারের ফলে বিদ্যুতের ব্যবহার বেড়ে যাচ্ছে, যা লোডশেডিং বাড়িয়ে দিচ্ছে।",11.36,4.65,9.09
news-56880849,"বাংলাদেশে স্বাস্থ্য অধিদপ্তরের তথ্যে দেখা গেছে, গত সপ্তাহে যেখানে নমুনা পরীক্ষার বিচারে কোভিড-১৯ রোগী শনাক্তের হার ছিল ২৩ শতাংশ, কয়েকদিনের ব্যবধানে সেটি এখন ১৩ শতাংশে নেমে এসেছে।","বাংলাদেশে করোনাভাইরাসে আক্রান্ত হয়ে মৃত্যুর সংখ্যা কিছুটা কমেছে। স্বাস্থ্য অধিদপ্তরের সর্বশেষ তথ্যে দেখা গেছে, গত ২৪ ঘণ্টায় নতুন করে ১০১ জন মানুষ কোভিড-১৯ আক্রান্ত হয়ে মারা গেছেন। স্বাস্থ্য অধিদপ্তরের সাবেক অতিরিক্ত মহাপরিচালক অধ্যাপক সানিয়া তাহমিনা বলছেন, সংক্রমণের হার যতটুকুই কমেছে সেটি দেশে চলমান লকডাউনের কারণেই হয়েছে। তিনি বলেন, ""লকডাউনে মানুষ যেভাবেই স্বাস্থ্যবিধি মানুক, যত কমই মানুক না কেন, এর মাধ্যমে ন্যুনতম যে সুফল পাওয়া যায় তার প্রতিফলন আমরা দেখছি সংক্রমণ আর মৃত্যুর হারের পরিসংখ্যানে।"" এদিকে, সরকার সারাদেশে খুলে দিয়েছে দোকানপাট এবং শপিংমল, যা সংক্রমণের ঝুঁকি বাড়াবে বলে মনে করেন বিশেষজ্ঞরা।",18.49,8.55,18.49
news-42949518,ভারতে মুঘল আমলে নির্মিত আইকনিক স্থাপত্য তাজমহলের প্রাঙ্গণে সে রাজ্যের সরকার 'রামলীলা' অনুষ্ঠান আয়োজনের সিদ্ধান্ত নেওয়ার পর তা নিয়ে বিতর্ক চরমে উঠেছে।,"উত্তরপ্রদেশ সরকার তাজমহলকে ঘিরে প্রতি বছর অনুষ্ঠিত তাজ মহোৎসবের উদ্বোধন হবে হিন্দুদের ভগবান রামের জীবনগাথা-নির্ভর নৃত্যগীতের মধ্যে দিয়ে। এই সিদ্ধান্তকে স্বাগত জানিয়েছে ক্ষমতাসীন বিজেপির নেতারা, তবে বিরোধী দলগুলো এর সমালোচনা করেছে। ঐতিহাসিকরা বলছেন, এটা তাজমহলের ঐতিহ্যকে জোর করে অস্বীকার করার চেষ্টা ছাড়া কিছুই নয়।",5.97,0.0,2.99
news-56080104,বাংলাদেশের সেনাপ্রধান ও তার ভাইদের নানা কর্মকাণ্ড ও দুর্নীতির অভিযোগ নিয়ে কাতার-ভিত্তিক টেলিভিশন চ্যানেল আল জাজিরার করা একটি অনুসন্ধানী প্রতিবেদন 'অসৎ উদ্দেশ্য' নিয়ে করা হয়েছে বলে দাবি করছেন জেনারেল আজিজ আহমেদ।,"বাংলাদেশের সেনাবাহিনী প্রধান জেনারেল আজিজ আহমেদ আল জাজিরার প্রতিবেদনের বিষয়ে মন্তব্য করেছেন। তিনি বলেছেন, প্রতিবেদনটি তাকে এবং প্রধানমন্ত্রীকে হেয় করার চেষ্টা করেছে। জেনারেল আহমেদ আরও বলেছেন, তার ভাইদের সাথে তার সম্পর্ক সম্পর্কে প্রশ্নের উত্তরে তিনি বলেছেন, তার ভাইদের বিরুদ্ধে কোন সাজা বা মামলা ছিল না।",20.78,10.67,12.99
news-54239981,বাংলাদেশে শীতের সময় করোনাভাইরাস সংক্রমণের প্রকোপ আরও বাড়তে পারে বা দ্বিতীয় ঢেউ আসতে পারে- এমন আশংকা থেকে সরকার ভাইরাসটি প্রতিরোধ এবং চিকিৎসার ব্যাপারে একটি রোডম্যাপ তৈরি করেছে।,"বাংলাদেশে শীতকালে করোনাভাইরাস সংক্রমণ বৃদ্ধির আশঙ্কা করা হচ্ছে। এই পরিস্থিতি মোকাবেলায় স্বাস্থ্য মন্ত্রণালয় একটি পরিকল্পনা তৈরি করেছে। পরিকল্পনা অনুযায়ী, ঠাণ্ডাজনিত রোগের চিকিৎসার জন্য প্রয়োজনীয় ঔষধ ও ভ্যাকসিনের মজুদ নিশ্চিত করা হবে এবং কোভিড-১৯ চিকিৎসার জন্য নির্ধারিত হাসপাতালগুলোকে প্রস্তুত রাখা হবে। এছাড়াও, মুখে মাস্ক না পরলে কঠোরভাবে আইন প্রয়োগ করা হবে। স্বাস্থ্য মন্ত্রণালয়ের সচিব মো: আব্দুল মান্নান জানিয়েছেন, শীতজনিত রোগের চিকিৎসার জন্য প্রয়োজনীয় সব ব্যবস্থা নেওয়া হচ্ছে।",14.89,2.17,10.64
news-49144997,টেলিভিশনে পাকিস্তানের শীর্ষস্থানীয় বিরোধী রাজনীতিবিদ আসিফ আলী জারদারির সাক্ষাৎকার নিচ্ছিলেন সুপরিচিত একজন সাংবাদিক হামিদ মীর। সাক্ষাৎকারটির সম্প্রচার শুরু হওয়ার কয়েক মিনিটের মধ্যেই এর সম্প্রচার বন্ধ হয়ে যায়।,পাকিস্তানে সাংবাদিকদের ওপর চলমান সেন্সরশিপের প্রতিবাদ জানিয়েছেন সাংবাদিকরা। পাকিস্তানের সরকার ও সামরিক বাহিনীর সমালোচনা করা থেকে সাংবাদিকদের বিরত রাখার চেষ্টা করা হচ্ছে বলে অভিযোগ করা হচ্ছে। পাকিস্তানের প্রধানমন্ত্রী ইমরান খান ও সামরিক বাহিনী এসব অভিযোগ অস্বীকার করেছে। সাংবাদিকদের এসব অভিযোগের কারণে পাকিস্তানের সাথে পশ্চিমা দেশগুলোর সম্পর্ক উন্নয়নের চেষ্টা ক্ষতিগ্রস্ত হচ্ছে।,2.6,0.0,2.6
news-56878093,বাংলাদেশে আগামীকাল সোমবার থেকে করোনাভাইরাসের টিকার প্রথম ডোজ দেয়া বন্ধ করে দিচ্ছে কর্তৃপক্ষ।,"বাংলাদেশে করোনাভাইরাস টিকাদান কার্যক্রমের প্রথম ডোজ টিকা প্রদান সাময়িকভাবে বন্ধ রাখা হয়েছে। স্বাস্থ্য অধিদপ্তর জানিয়েছে, ২৬শে এপ্রিল সোমবার থেকে পরবর্তী নির্দেশ না দেয়া পর্যন্ত প্রথম ডোজ টিকা প্রদান বন্ধ থাকবে। বাংলাদেশে ২৪শে এপ্রিল পর্যন্ত ৫৭ লাখ ৯৮ হাজার ৮৮০ জন প্রথম ডোজের টিকা নিয়েছেন এবং ২১ লাখ ৫৫ হাজার ২৯৬ জন দ্বিতীয় ডোজের টিকা পেয়েছেন।",20.59,6.06,17.65
news-51083336,গত ১৫ বছর ধরে কেটি মেইসনরুজ অপেক্ষা করছেন এমন এক সফরের জন্য যেটি তাকে পৃথিবী থেকে নিয়ে যাবে ভিন্ন এক জগতে।,"কেটি মেইসনরুজ নামের একজন ৬১ বছর বয়সী ব্যক্তি ভার্জিন গ্যালাকটিকের মহাকাশ ভ্রমণের জন্য প্রশিক্ষণ নিচ্ছেন। তিনি ২০০৫ সালে আড়াই লাখ ডলার দিয়ে মহাকাশে যাওয়ার জন্য টিকেট কিনেছিলেন। ভার্জিন গ্যালাকটিক এবছরই তাদের মহাকাশ ফ্লাইটের উদ্বোধন করবে বলে আশা করা হচ্ছে, যা হবে প্রথম বেসরকারি কোম্পানি যারা পর্যটকদের মহাকাশে নিয়ে যাবে। এপর্যন্ত ৬০০ জন লোক তাদের মহাকাশ ভ্রমণের টিকেট কিনেছে, যাদের মধ্যে জাস্টিন বিবার এবং লিওনার্ডো ডিক্যাপ্রিওর মতো সেলিব্রেটিও রয়েছে।",13.48,4.6,11.24
news-46679946,ইতালিতে অভিবাসীদের এক কেন্দ্রে একটি দু'বছরের শিশুর খৎনা করানোর সময় অতিরিক্ত রক্তক্ষরণ শুরু হবার ফলে ছেলেটি মারা গেছে।,ইতালির রোমের একটি উপশহরে এক শিশুর মৃত্যু হয়েছে অবৈধভাবে খৎনা করানোর পর। শিশুটির ভাইও খৎনা করানো হয়েছিল এবং সে হাসপাতালে চিকিৎসা নিচ্ছে। এ ঘটনায় এক লিবিয়ান বংশোদ্ভূত আমেরিকান ডাক্তারকে গ্রেফতার করা হয়েছে।,19.61,4.08,15.69
news-47301727,পনের বছর বয়সে তথাকথিত ইসলামিক স্টেট বা আইএসে যোগ দেয়া শামীমা বেগম ব্রিটিশ নাগরিকত্ব হারাতে যাচ্ছেন।,ব্রিটিশ-বাংলাদেশী শামীমা বেগমের ব্রিটিশ নাগরিকত্ব বাতিল হতে পারে কারণ তিনি ১৯ বছর বয়স পূর্ণ করেছেন এবং অন্য দেশের নাগরিকত্ব পাওয়ার যোগ্য। শামীমা বেগম বর্তমানে সিরিয়ায় একটি শরণার্থী ক্যাম্পে অবস্থান করছেন এবং তিনি আবার ব্রিটেনে ফিরতে চান। তার পারিবারিক আইনজীবী জানিয়েছেন যে তারা এই সিদ্ধান্তের বিরুদ্ধে আইনি পথে বিবেচনা করছেন।,15.15,6.25,9.09
news-49709690,প্রিয়াঙ্কা তরফদার বৃষ্টি বছর তিনেক আগে শ্রীমঙ্গলে তার গ্রামের বাড়ি থেকে ছুটি কাটিয়ে ঢাকায় ফিরছিলেন।,"বাংলাদেশের রেলপথে ট্রেনে পাথর নিক্ষেপের ঘটনা বারবার ঘটছে। গত পাঁচ বছরে এ ধরনের ঘটনায় ২০০০ এর বেশি জানালা-দরজা ভেঙেছে। এসব ঘটনায় অনেকে আহত হয়েছেন, এমনকি কেউ কেউ মৃত্যুর সম্মুখীন হয়েছেন। রেলওয়ে কর্তৃপক্ষ এসব ঘটনা রোধে বিভিন্ন পদক্ষেপ নিয়েছে, তবে এখনও পর্যন্ত এসব ঘটনা সম্পূর্ণভাবে বন্ধ করা সম্ভব হয়নি।",0.0,0.0,0.0
news-56546869,গত দু বছরের মধ্যে চতুর্থবারের মতো একই সমস্যা হচ্ছে ইসরায়েলে- নির্বাচনের পর সংখ্যাগরিষ্ঠতা পেয়েও ক্ষমতায় থাকার জন্য প্রয়োজনীয় আসনের জন্য হাহাকার করতে হচ্ছে প্রধানমন্ত্রী বেনিয়ামিন নেতানিয়াহুকে।,ইসরায়েলের সাম্প্রতিক নির্বাচনে কোনো দলই নিরঙ্কুশ সংখ্যাগরিষ্ঠতা পায়নি। এই পরিস্থিতিতে ইসলামপন্থী আরব দল রাম কিংমেকার হয়ে উঠেছে। দলটি পাঁচটি আসনে জয় পেয়েছে এবং তাদের ভোট প্রধানমন্ত্রী বা তার প্রতিপক্ষকে ক্ষমতায় রাখতে পারে। রাম দলটি মূলত ফিলিস্তিনের গাজা শাসনকারী হামাসের ধর্মীয় ভাবধারায় গড়ে উঠা একটি ইসলামপন্থী দল।,8.33,0.0,5.56
news-56728594,বাংলাদেশের মন্ত্রিপরিষদ বিভাগ সাত দিনের লকডাউনের যে বিধি-নিষেধ দিয়েছে বুধবার থেকে তার মধ্যে সব ধরণের আর্থিক প্রতিষ্ঠান বন্ধ রাখার নির্দেশ দেয়া হয়েছে।,"বাংলাদেশ ব্যাংক নির্দেশনা অনুযায়ী, সরকার ঘোষিত বিধি-নিষেধ চলাকালীন সময়ে সাধারণভাবে সব তফসিলি ব্যাংক বন্ধ থাকবে। এসময় এটিএম বুথগুলোতে পর্যাপ্ত নোট সরবরাহ করা হবে এবং অনলাইন ব্যাংকিং সেবা চালু থাকবে। সমুদ্র/স্থল/বিমান বন্দর এলাকায় অবস্থিত ব্যাংকের শাখা/উপশাখা/বুথসমূহ খোলা রাখার বিষয়ে বন্দর/কাস্টমস কর্তৃপক্ষের সাথে আলোচনাক্রমে যথাযথ ব্যবস্থা গ্রহণ করা হবে।",13.16,2.7,13.16
news-52668365,বাংলাদেশে করোনাভাইরাস মহামারির মধ্যে লকডাউনের কারণে ক্ষতিগ্রস্ত ৫০ লাখ দরিদ্র পরিবারকে ঈদ উপলক্ষে আড়াই হাজার টাকা করে নগদ সহায়তা দেয়া শুরু করা হয়েছে।,"বাংলাদেশে করোনভাইরাস মহামারির কারণে লকডাউন জারি করা হয়েছে, যার ফলে অনেক মানুষ খাদ্য ও অর্থনৈতিক সংকটের মুখোমুখি হয়েছে। সরকার খাদ্য সহায়তা প্রদানের জন্য বিভিন্ন কর্মসূচি গ্রহণ করেছে, তবে অনেক মানুষ এখনও সহায়তা পাচ্ছে না। প্রধানমন্ত্রী শেখ হাসিনা মোবাইল ব্যাংকিংয়ের মাধ্যমে নগদ টাকা প্রদানের কার্যক্রম শুরু করেছেন, তবে অনেক মানুষ এখনও সহায়তা পাচ্ছে না।",23.68,2.7,13.16
news-45932627,জামাল খাসোগজির হত্যকাণ্ড সম্পর্কে আরেকটি নতুন ভাষ্য হাজির করেছে সৌদি আরব।,"সৌদি আরবের একজন উর্ধ্বতন কর্মকর্তা বলেছেন, জামাল খাসোগজিকে অপহরণের জন্য একটি দল পাঠানো হয়েছিল। কিন্তু তিনি এতে বাধা দেওয়ায় তাকে জাপটে ধরে শ্বাসরুদ্ধ করে মারা যান। এরপর সৌদি দলের একজন সদস্য জামাল খাসোগজির কাপড় পরে কনস্যুলেট থেকে বেরিয়ে যান। সৌদি আরব আগে বলেছিল, জামাল খাসোগজি কনস্যুলেটের ভেতরেই মারা গেছেন। কিন্তু এখন পর্যন্ত তারা তার মৃতদেহ কোথায় রয়েছে তা জানায়নি।",11.43,5.88,11.43
news-46002945,ভারতের দিল্লি বিশ্ববিদ্যালয় তাদের পাঠ্যক্রম থেকে কয়েকটি বই বাদ দিতে চলেছে।,দিল্লি বিশ্ববিদ্যালয় তাদের পাঠ্যক্রম থেকে চারটি বই সরিয়ে দেওয়ার প্রক্রিয়া শুরু করেছে। এই বইগুলির মধ্যে তিনটি লিখেছেন দলিত-চিন্তাবিদ কাঞ্চা ইলাইয়া এবং একটি লিখেছেন ক্রিস্টোফার জেফারলেট। বিশ্ববিদ্যালয়ের স্ট্যান্ডিং কমিটি অন অ্যাকাডেমিক ম্যাটার্স-এর সদস্য অধ্যাপক গীতা ভাট বলেছেন যে এই বইগুলি ছাত্রছাত্রীদের পড়ানো অ্যাকাডেমিক দিক থেকে অনুচিত কারণ এগুলোর মধ্যে যথেষ্ট গবেষণালব্ধ উপাদান এবং তথ্যের অভাব রয়েছে। তিনি আরও বলেছেন যে এই বইগুলি ছাত্রছাত্রীদের মধ্যে ভেদাভেদের মনোভাব তৈরি করবে।,15.0,10.26,15.0
news-42139703,"ভারতে বহুল আলোচিত আখিলা হাদিয়া-র তথাকথিত 'লাভ জিহাদ' মামলায় দেশের সুপ্রিম কোর্ট সোমবার তার বাবা-মা বা স্বামী, কারও কাছেই তাকে থাকার অনুমতি না-দিয়ে আপাতত তার মেডিক্যাল কলেজের হাতেই তার অভিভাবকত্ব তুলে দিয়েছে।",ভারতের সর্বোচ্চ আদালত সুপ্রিম কোর্ট কেরালার এক মেয়েকে তার বাবা-মায়ের অভিভাবকত্ব থেকে মুক্তি দিয়েছে। কিন্তু তাকে তার স্বামীর সাথে থাকার অনুমতি দেওয়া হয়নি। আখিলা হাদিয়া নামের এই মেয়েটি ইসলাম ধর্ম গ্রহণ করেছেন এবং এক মুসলিম ছেলেকে বিয়ে করেছেন। এই বিয়েতে তার বাবা-মায়ের সম্মতি ছিল না। এখন তাকে তার মেডিক্যাল ইন্টার্নশিপ শেষ করতে হবে এবং সেই সময় তার কলেজের ডিন তার অভিভাবকের ভূমিকা পালন করবেন। এই মামলার পরবর্তী শুনানি হবে আগামী বছরের জানুয়ারিতে।,29.36,9.35,22.02
news-48499557,উত্তর কোরিয়ান একজন কর্মকর্তা - যাকে শ্রম শিবিরে পাঠিয়ে দেয়া হয়েছে বলে খবর বেরিয়েছিল - তিনি সেদেশের নেতা কিম জং আনের সাথে একটি অনুষ্ঠানে যোগ দিয়েছেন বলে রাষ্ট্রীয় সংবাদ মাধ্যমে বলা হয়েছে।,উত্তর কোরিয়ার সর্বময় ক্ষমতাসম্পন্ন নেতা কিম জং-আনের ডান হাত হিসেবে পরিচিত কিম ইয়ং-চোলকে শাস্তি হিসেবে শ্রম শিবিরে পাঠানো হয়েছে বলে খবর বেরোয়। কিন্তু উত্তর কোরিয়ার সংবাদ মাধ্যমে দেখানো হয় যে তিনি একটি সঙ্গীতানুষ্ঠানে বসে আছেন। কিম ইয়ং-চোল যুক্তরাষ্ট্র গিয়েছিলেন মার্কিন প্রেসিডেন্ট ডোনাল্ড ট্রাম্পের সাথে ভিয়েতনামে অনুষ্ঠিত সম্মেলনের প্রস্তুতির জন্য।,36.59,17.5,21.95
news-48081272,"আপনার বয়স যদি ২০ বছর বা তার আশেপাশে হয়, তাহলে ধরে নিন যে আপনার মগজ এখন নতুন সব ধারণার হটস্পটে পরিণত হয়েছে। যারা ওই বয়স ফেলে এসেছেন, তারাও যদি পেছনে ফিরে তাকান তাহলে পার্থক্য ধরতে পারবেন।","জীবনের দুটি পর্যায়ে মস্তিষ্ক উদ্ভাবনী চিন্তার হটস্পটে পরিণত হয়। ওহাইও স্টেট ইউনিভার্সিটির গবেষণায় দেখা গেছে যে ২০-২৬ বছর বয়সে মস্তিষ্ক প্রথমবারের মতো উদ্ভাবনের জন্য উর্বর স্থল হয়ে ওঠে। এই বয়সে নতুন ধারণার উদ্ভাবন ছাড়াই কেউ এই বয়স অতিক্রম করলেও উদ্বিগ্ন হওয়ার কিছু নেই, কারণ অনেকের ক্ষেত্রে পঞ্চাশের কোটায় যাওয়ার আগেই কোন কিছুই অনুপ্রেরণায় আঘাত করে না।",19.35,2.2,10.75
news-40377323,"ব্রিটেনের প্রধানমন্ত্রী বলেছেন ব্রেক্সিটের পরও একজন বৈধ অভিবাসী,যিনি ইইউ নাগরিক তিনি একজন ব্রিটিশ নাগরিকের সমান সব ধরনের অধিকার পাবেন।","ব্রিটিশ প্রধানমন্ত্রী টেরিজা মে ইউরোপীয় কাউন্সিলের প্রেসিডেন্ট ডোনাল্ড টাস্কের সাথে ব্রেক্সিট নিয়ে আলোচনা করেছেন। তিনি বলেছেন, ব্রেক্সিটের পরেও ইউকে এবং ইইউ নাগরিকদের শিক্ষা, চিকিৎসা সেবা এবং অন্যান্য সুযোগ-সুবিধা পেতে পারে। তিনি আরও বলেছেন, ইউকে চায় না যে বর্তমান ব্রিটেনের অভিবাসী কোন ইউরোপীয় নাগরিক দেশ ত্যাগ করুক। জার্মান চ্যান্সেলর অ্যাঙ্গোলা মেরকেল টেরিজা মে'র প্রস্তাবকে 'একটা ভাল শুরু' বলে মন্তব্য করেছেন।",22.22,2.53,12.35
news-48151325,"বাংলাদেশে আবহাওয়া বিভাগের সিনিয়র আবহাওয়াবিদ বজলুর রশীদ বিবিসিকে বলেন, ভারতের পশ্চিমবঙ্গ হয়ে ঘূর্ণিঝড় ফণী যখন বাংলাদেশের দক্ষিণ- পশ্চিমাঞ্চলে ঢুকবে, তখন এর গতি হবে ঘণ্টায় ৯০ থেকে ১১০ কিলোমিটার।","বঙ্গোপসাগরে সৃষ্ট ঘূর্ণিঝড় ফণী বাংলাদেশের দক্ষিণ-পশ্চিমাঞ্চলের দিকে ধীরে ধীরে এগিয়ে যাচ্ছে। আবহাওয়া বিভাগের পূর্বাভাস অনুযায়ী, ঝড়টি মধ্যরাতের পরে খুলনা ও সাতক্ষীরায় ঢুকবে এবং ধীরে ধীরে শক্তি হারাবে। ঝড়ের প্রভাবে নিচু অঞ্চলগুলো প্লাবিত হতে পারে, বৃষ্টি হবে অনেক, ঝড়ো বাতাসে কাঁচা ঘরবাড়ি নষ্ট হতে পারে এবং ফসল নষ্ট হবে। তবে মারাত্মক কোনো বিপদের আশঙ্কা নেই বলে জানিয়েছেন আবহাওয়া বিভাগের পরিচালক বজলুর রশীদ। তিনি বলেছেন, রোববার নাগাদ পরিস্থিতি স্বাভাবিক হয়ে যাবে বলে ধারণা করছি।",21.78,8.08,11.88
news-55754177,বাংলাদেশে সম্প্রতি এক বৃদ্ধা নারীকে তার গৃহপরিচারিকার বেধড়ক পেটানো এবং এরপর লুটপাটের ঘটনা গভীর উদ্বেগের জন্ম দিয়েছে।,"বাংলাদেশে প্রবীণদের দেখভালের জন্য যথেষ্ট ব্যবস্থা নেই। বেশিরভাগ প্রবীণ একাকী সময় কাটান এবং তাদের দেখভালের জন্য প্রশিক্ষিত জনবলের অভাব রয়েছে। অনেক পরিবার গৃহপরিচারিকাদের ওপর নির্ভর করে, কিন্তু এটি একটি নিরাপদ বিকল্প নয়। বাংলাদেশে প্রবীণ জনগোষ্ঠী দ্রুত বাড়ছে, কিন্তু তাদের সেবায় প্রয়োজনীয় অবকাঠামো এবং জনবল তেমন গড়ে ওঠেনি।",6.25,0.0,6.25
news-48742054,"বাংলাদেশ ক্রিকেটের সেরা ক্রিকেটার সাকিব আল হাসান, অন্তত পরিসংখ্যান তাই বলে।","অস্ট্রেলিয়ার সাবেক ক্রিকেটার মাইক হাসি বলেছেন, সাকিব আল হাসান এখন বিশ্বসেরা অলরাউন্ডারদের তালিকায় চলে এসেছেন। সাকিব আল হাসান বিশ্বকাপে ৪০০ রান ও ১০ উইকেট নেয়া একমাত্র ক্রিকেটার। সাকিব বরাবরই এক বা দুই নম্বরে আছেন অলরাউন্ডারদের তালিকায়।",17.02,13.33,17.02
news-52220120,"করোনাভাইরাস দুর্যোগে বাংলাদেশে লকডাউনের মধ্যে কর্মহীন মানুষ এবং দরিদ্র জনগোষ্ঠীকে খাদ্য সহায়তা দেয়ার ক্ষেত্রে দুনীতি, অনিয়ম বা বিশৃঙ্খলা এখনও থামানো যায়নি।","করোনাভাইরাস মহামারির কারণে বাংলাদেশে অনেক মানুষ দুঃস্থ হয়ে পড়েছে। সরকার হতদরিদ্রদের জন্য ১০টাকা কেজি দরে চাল বিতরণ করছে, কিন্তু এই চাল বিতরণে দুর্নীতির অভিযোগে কয়েকজন আওয়ামী লীগের নেতাকে জেল ও জরিমানা করা হয়েছে। কর্মকর্তারা বলছেন, তারা দুর্নীতি-অনিয়মের বিরুদ্ধে কঠোর ব্যবস্থা নিয়ে ত্রাণ বিতরণে সমন্বয় করার চেষ্টা করছেন। বগুড়ার দুই উপজেলায় দরিদ্র মানুষের কাছে চাল বিক্রির ক্ষেত্রে অনিয়মের অভিযোগে দুই ডিলারের বিরুদ্ধে ব্যবস্থা নেওয়া হয়েছে। তারা উভয়ই আওয়ামী লীগের নেতা। একজনকে জরিমানা করা হয়েছে, অন্যজন জেলে গেছেন।",10.2,0.0,10.2
news-48290970,"গত মাসে ইন্দোনেশিয়ায় রাষ্ট্রপতি, জাতীয় ও আঞ্চলিক নির্বাচন অনুষ্ঠিত হয়। একদিনে এত বড় ভোট প্রক্রিয়া পৃথিবীতে খুব একটা দেখা যায় না।","ইন্দোনেশিয়ায় সাম্প্রতিক নির্বাচনের জন্য দেশটির নির্বাচন কর্মকর্তাদের জীবনের মূল্য দিতে হয়েছে। প্রায় ৫০০ জনেরও বেশি নির্বাচনী কর্মকর্তা মারা গেছেন, যার কারণ হিসেবে অতিরিক্ত চাপ ও ক্লান্তি চিহ্নিত করা হয়েছে। এই নির্বাচনে দেশব্যাপী ৭০ লাখ কর্মকর্তা অংশ নিয়েছিল এবং ভোট প্রক্রিয়ার আয়োজন ও গণনা করার জন্য তাদের অতিরিক্ত পরিশ্রম করতে হয়েছে। এই মৃত্যুর পরিমাণ ইন্দোনেশিয়ার গড় মৃত্যুহারের চেয়ে বেশি কিনা তা নিয়ে প্রশ্ন উঠেছে।",9.52,0.0,7.14
news-52345995,করোনাভাইরাস সংক্রমিতদের মধ্যে গুরুতর উপসর্গ দেখা দেয়া ঠেকাতে পারবে এমন কিছু ওষুধের পরীক্ষা শুরু করেছেন গবেষকরা।,"করোনাভাইরাসের চিকিৎসায় বিভিন্ন ওষুধ ব্যবহারের চেষ্টা করা হচ্ছে। অক্সফোর্ড বিশ্ববিদ্যালয়ের গবেষকরা পরিকল্পনা করেছেন যে, রোগীদের দেহে করোনাভাইরাস না সংক্রমণের প্রথম লক্ষণগুলো দেখা গেলেই তাদের এমন কিছু ওষুধ দেয়া হবে, যা আগে থেকেই প্রচলিত রয়েছে। এতে রোগীদের হাসপাতালে পাঠানোর প্রয়োজন কমানো যায় কিনা, বা তার সেরে ওঠার প্রক্রিয়া দ্রুততর হয় কিনা - তা দেখা হবে। এ গবেষণার প্রথম পর্বে ব্রিটেনের ডাক্তাররা ম্যালেরিয়া-প্রতিরোধী ওষুধ হাইড্রোক্সিক্লোরোকুইন কার্যকর হয় কিনা তা পরীক্ষা করে দেখবেন।",18.6,2.38,11.63
news-49173643,"""তারা রাতে যেকোনো সময় ১০ থেকে ৪০ বারের মত জেগে উঠতো এবং আমি একেবারেই বাড়িয়ে বলছি না"" বলছিলেন জ্যাকি উলস্টেনহোম। তিনি তার যমজ বাচ্চাদের নিয়ে যখন নির্ঘুম রাত কাটাতেন তখনকার কথা মনে করে বলছিলেন।","জ্যাকির দুই সন্তান ঘুমের সমস্যায় ভুগছিল, যার ফলে তিনি ১২ মাস পরেও তার চাকরিতে ফিরে যেতে পারেননি। তার স্বামীর পক্ষেও চাকরি ধরে রাখা কঠিন হয়ে পড়েছিল। অধ্যাপক হিদার এলপিক বলেছেন যে যুক্তরাজ্যে ঘুমের সমস্যা একটি গোপন পাবলিক হেলথ ক্রাইসিস, এবং বাবা-মা এই সমস্যা নিয়ে কথা বলতে চান না কারণ তারা ভয় পান যে মানুষ তাদের সন্তানদের যত্ন নিতে অক্ষম বলে মনে করবে।",16.49,0.0,10.31
news-48488145,বাংলাদেশে একাদশ জাতীয় সংসদে সংরক্ষিত আসনে প্রধান বিরোধী দল জাতীয় পার্টির সংসদ সদস্য আছেন চারজন।,"জাতীয় পার্টির মহাসচিব মসিউর রহমান রাঙ্গা দলের একজন সংসদ সদস্যকে কারণ দর্শানোর নোটিশ দিয়েছেন। নোটিশ পাওয়া সংসদ সদস্য হলেন ঢাকা বিশ্ববিদ্যালয়ের সাবেক অধ্যাপক মাসুদা এম রশীদ চৌধুরী। তাকে দলের প্রতি অঙ্গীকার পালন না করার অভিযোগ আনা হয়েছে। মাসুদা এম রশীদ চৌধুরীর পরিবার বলছে, তাকে হেয় করার চেষ্টা করা হচ্ছে কারণ তিনি দলের মহাসচিব জিএম কাদেরের পক্ষে অবস্থান নিয়েছেন।",10.96,5.63,10.96
news-46175088,"গুরুতর অসুস্থ একজন নারী, যিনি নিজের শেষকৃত্য অনুষ্ঠানের জন্য প্রায় সাত হাজার পাউন্ড তহবিল সংগ্রহ করেছিলেন, তিনি মারা গেছেন।","যুক্তরাজ্যের অভিনেত্রী শার্লি হেলার ফুসফুসের টিউমারে আক্রান্ত হয়ে মারা গেছেন। তিনি নিজের অন্ত্যেষ্টিক্রিয়ার জন্য তহবিল সংগ্রহ করছিলেন, কারণ তিনি চাননি তার বাবা-মায়ের কাছে তাদের সন্তানের অন্ত্যেষ্টিক্রিয়ার খরচ বহন করার দায়িত্ব থাকুক। তিনি সম্প্রতি মুক্তি পাওয়া 'আউটল কিং' চলচ্চিত্রে অভিনয় করেছিলেন, কিন্তু চলচ্চিত্রটি মুক্তির দুইদিন আগেই তিনি মারা যান।",23.53,9.09,20.59
news-56602385,"ভারতের বারাণসীতে জ্ঞানবাপী মসজিদ কমপ্লেক্সের ভেতর কোনও মন্দিরের অস্তিত্ব ছিল কি না, শহরের একটি দেওয়ানি আদালত তা খতিয়ে দেখার নির্দেশ দেওয়ার পর সেই রায় নিয়ে তীব্র বিতর্ক শুরু হয়েছে।",ভারতের বারাণসীতে অবস্থিত কাশী বিশ্বনাথ মন্দির এবং জ্ঞানবাপী মসজিদের মধ্যে দ্বন্দ্ব চলছে। একজন হিন্দু আইনজীবীর আবেদনের পরিপ্রেক্ষিতে আদালত ভারতের প্রত্নতত্ত্ব বিভাগকে এই সমস্যা সমাধানের জন্য সমীক্ষা করতে বলেছে। মুসলিম নেতারা এই সিদ্ধান্তকে অসাংবিধানিক বলে মনে করছেন এবং ভারতে আরেকটি মন্দির-মসজিদ বিবাদ শুরু হবে বলে আশঙ্কা করছেন। এই সমস্যাটি ভারতের সাম্প্রদায়িক উত্তেজনা বাড়াতে পারে বলে মনে করা হচ্ছে।,13.79,2.35,11.49
news-55427149,"বাংলাদেশে করোনাভাইরাসের কারণে নয় মাসেরও বেশি সময় ধরে বন্ধ রয়েছে সব ধরণের শিক্ষা প্রতিষ্ঠান। মনোবিজ্ঞানীরা বলছেন, দীর্ঘ সময় স্কুলের বাইরে থাকার কারণে অনেক শিশুর মধ্যেই আচরণগত পরিবর্তন আসতে পারে।","করোনাভাইরাস মহামারির কারণে বাংলাদেশের সব ধরণের শিক্ষা প্রতিষ্ঠান বন্ধ রয়েছে। ফলে শিক্ষার্থীরা বাড়িতে বসে অনলাইন ক্লাস করছে। এতে শিশুদের মধ্যে মোবাইল ও ইন্টারনেটের প্রতি আসক্তি বাড়তে পারে বলে মনে করছেন চিকিৎসা মনোবিজ্ঞানীরা। এছাড়া বাবা-মা ও শিক্ষকরা বলছেন, স্কুল বন্ধ থাকার কারণে শিশুদের মধ্যে আচরণগত পরিবর্তন লক্ষ করা যাচ্ছে। তারা পড়াশুনার প্রতি আগ্রহ হারিয়ে ফেলছে। এক্ষেত্রে বাবা-মায়েরা শিশুদের যত্ন নেয়ার জন্য সচেতন হতে বলছেন মনোবিজ্ঞানীরা।",29.47,12.9,23.16
news-50441857,ক্যান্সারের রোগীরা ভেষজ পিল গ্রহণ করেন তাহলে বিষয়টি তাদের চিকিৎসককে জানানো প্রয়োজন।,"রসুন, আদা এবং জিনসেং চামড়ার ক্ষত শুকাতে বিলম্ব ঘটায়। এসব ভেষজ পিল এর কিছু উপাদান ক্যান্সারের চিকিৎসা বাধাগ্রস্ত করতে পারে। স্তন ক্যান্সার যখন ছড়িয়ে যায় তখন রসুন কিংবা আদা খেলে চামড়ার ক্ষত সারতে দেরি হতে পারে।",12.5,4.35,8.33
news-55075456,পেঁয়াজের বীজ চাষ করে আত্মনির্ভরশীল তো বটেই বরং অনন্য উদাহরণ স্থাপন করেছেন বাংলাদেশের ফরিদপুর জেলার সাহিদা বেগম।,"সাহিদা বেগম ১৮ বছর ধরে পেঁয়াজের বীজ চাষ করছেন এবং চলতি বছর প্রায় ২০০ মণ পেঁয়াজের বীজ বিক্রি করেছেন। তিনি মৌসুমে এই বীজ মণ প্রতি ২ লাখ টাকা করে বিক্রি করেছেন। সাহিদা বেগম বলেন, কৃষক পরিবারের বউ হওয়ার কারণে তার নানা কৃষিকাজের সাথে পরিচয় ছিল এবং তিনি শখের বশেই পেঁয়াজের বীজ চাষ শুরু করেন।",19.72,8.7,19.72
news-55806686,"যুক্তরাজ্য থেকে আসা যে যাত্রীদের শরীরে করোনাভাইরাসের নতুন ধরন রয়েছেন কিনা, সেটি পরীক্ষা করে দেখবেন বিশেষজ্ঞরা।",সিলেটে যুক্তরাজ্য থেকে আসা একটি বিমানের ১৫৭ জন যাত্রীর মধ্যে ২৮ জনের শরীরে করোনাভাইরাস ধরা পড়েছে। এদের মধ্যে যুক্তরাজ্যে শনাক্ত হওয়া নতুন ধরনের করোনাভাইরাস আছে কিনা তা পরীক্ষা করতে ঢাকা থেকে একটি গবেষক দল সিলেটে পৌঁছেছে। এই যাত্রীদের চারদিনের জন্য বাধ্যতামূলক কোয়ারেন্টিনে রাখা হয়েছে।,26.67,6.9,23.33
news-56766795,করোনাভাইরাস মহামারির ২য় ঢেউয়ে বাংলাদেশে অনেকের জন্যই হাসপাতালে ভর্তি এবং সুচিকিৎসা পেতে এক প্রকার হাহাকার পরিস্থিতি সৃষ্টি হয়েছে বলে জানাচ্ছেন রোগীর স্বজনরা।,বাংলাদেশে করোনাভাইরাসের দ্বিতীয় ঢেউয়ের কারণে স্বাস্থ্যকর্মীরা মারাত্মক চাপের মধ্যে রয়েছেন। রোগীর সংখ্যা বৃদ্ধি পাওয়ায় আইসিইউ সংকট আরো ঘনীভূত হচ্ছে। সাধারণ মানুষ এবং মধ্যবিত্ত শ্রেণির জন্য সরকারি হাসপাতালের আইসিইউ বেড খুঁজে পাওয়া অত্যন্ত কঠিন হয়ে দাঁড়িয়েছে।,10.53,0.0,7.02
news-50280907,উনিশশো একাশি সালে সিঙ্গাপুরের একজন ক্যাথলিক সন্ন্যাসিনী মৃত্যুদণ্ড পাওয়া এক নারী কয়েদির সাথে চিঠি বিনিময় শুরু করেন। এই পত্রালাপ চলতে থাকে পরবর্তী সাত বছর ধরে।,"সিস্টার জেরার্ড ফার্নান্ডেজ একজন সন্ন্যাসিনী যিনি সিঙ্গাপুরের একজন মৃত্যুদণ্ডপ্রাপ্ত কয়েদি টান মুই চুর সাথে বন্ধুত্ব গড়ে তোলেন। টান মুই চু একটি হত্যাকাণ্ডের জন্য মৃত্যুদণ্ডে দণ্ডিত হন এবং সিস্টার জেরার্ড তার সাথে কয়েক বছর ধরে দেখা করেন। সিস্টার জেরার্ড বলেন, টান মুই চু একজন সাদাসিধে মেয়ে ছিলেন যিনি একটি ভুল করেছিলেন, কিন্তু তার জীবনের মূল্য তার অপরাধের চেয়ে বেশি ছিল। সিস্টার জেরার্ড টান মুই চুর সাথে তার বন্ধুত্ব এবং তার মৃত্যুদণ্ড কার্যকর হওয়ার আগে তার সাথে দেখা করার অভিজ্ঞতা শেয়ার করেন।",15.24,3.88,9.52
news-54898675,"বাংলাদেশের মানসিক চিকিৎসকরা বলছেন, যদিও আগের তুলনায় অনেক পরিবর্তন হয়েছে, কিন্তু এখনো দেশের মানুষজনের মানসিক স্বাস্থ্য বিশেষজ্ঞদের কাছে যাওয়ার ক্ষেত্রে অনীহা রয়েছে।","মানসিক সমস্যা যেমন শারীরিক সমস্যার মতোই গুরুত্বপূর্ণ এবং সঠিক কাউন্সেলিং ও চিকিৎসার মাধ্যমে পুরোপুরি আরোগ্য লাভ করা সম্ভব। মানসিক রোগে আক্রান্ত হলে সঠিক কাউন্সেলিং ও চিকিৎসায় পুরোপুরি আরোগ্য লাভ করা যায়। মানসিক রোগ বিশেষজ্ঞদের মতে, যখন কোন ব্যক্তির আচরণ, ব্যবহারে বড় ধরণের পরিবর্তন দেখা যায়, বিশেষ করে তার আবেগীয় প্রকাশের পরিবর্তন আসে এবং সেটা তার দৈনন্দিন কর্মকাণ্ডে, সম্পর্কে প্রভাব ফেলতে শুরু করে, তখনি তার প্রতি মনোযোগ দিতে হবে।",8.89,0.0,6.67
news-41902828,"বাংলাদেশে পুলিশের অপরাধ তদন্ত বিভাগ বা সিআইডি বলছে, তারা এমন একটি জালিয়াত চক্রের সন্ধান পেয়েছে যারা নাগরিকদের জাতীয় পরিচয়পত্রের তথ্য চুরি করে সেগুলোর মাধ্যমে মোবাইল ফোন সিম বিক্রি করছে।","সিআইডি ঢাকা ও রংপুরে অভিযান চালিয়ে ১২০০ সিম জব্দ করেছে, যেগুলো রাষ্ট্র নিয়ন্ত্রিত মোবাইল টেলিফোন কোম্পানি টেলিটকের। এসব সিম বিক্রি করা হয়েছে বিভিন্ন ব্যক্তির জাতীয় পরিচয়পত্রের নম্বর ব্যবহার করে। সিআইডি মনে করে যে এসব তথ্য চুরি করেছে কোম্পানির ভেতরে কর্মরত ব্যক্তিরা। এই ঘটনায় দেখা গেছে মোবাইল ফোন গ্রাহকদের তথ্য সংরক্ষণ ব্যবস্থা খুবই দুর্বল। এসব সিম মোবাইল সিম চাঁদাবাজি, মানুষকে ভয়ভীতি দেখানো, অবৈধ অর্থ লেনদেনসহ নানা অপরাধের জন্য ব্যবহার করা হতো।",20.2,8.25,16.16
news-51629780,"আদ্দিস আবাবার উঁচু অফিস ভবনে যে ডেস্কে বসে মারকোস লেমা কাজ করেন, সেখান থেকে পুরো নগরীর একটা চমৎকার দৃশ্য দেখা যায়।","ইন্টারনেট ব্ল্যাকআউট বিশ্বব্যাপী একটি উদ্বেগজনক বিষয় হয়ে দাঁড়িয়েছে, যেখানে নানা দেশে নানা অজুহাতে সরকার ইন্টারনেট সংযোগ বন্ধ করে দেয়। ইথিওপিয়ার রাজধানী আদ্দিস আবাবায় একটি প্রযুক্তি উদ্ভাবন কোম্পানির প্রতিষ্ঠাতা মারকোস লেমা বলেছেন, ইন্টারনেট বন্ধ হলে তাদের কাজ স্থবির হয়ে যায় এবং ব্যবসা-বাণিজ্য মারাত্মকভাবে ক্ষতিগ্রস্ত হয়। একসেস নাউ গবেষণা অনুযায়ী, গত বছর ৩৩টি দেশে অন্তত ২০০ বার ইচ্ছেকৃতভাবে ইন্টারনেট বন্ধ করে দেয়া হয়েছিল, যার ফলে লাখ লাখ মানুষ নানাভাবে ক্ষতিগ্রস্ত হচ্ছে।",10.99,2.25,10.99
news-51381825,"হাজার হাজার মানুষকে আক্রান্ত করেছে এটি, বন্ধ হয়েছে সীমান্ত আর এর কারণেই চীনের একাংশ হয়ে পড়েছে অচল। কিন্তু যে ভাইরাসটির কারণে এ ধরণের মহামারির মতো পরিস্থিতি তৈরি হয়েছে সেটির এখনো কোন যথাযথ নাম নেই।","উহানে প্রাদুর্ভাব হওয়া করোনাভাইরাসের একটি নতুন নাম দেওয়ার জন্য বিজ্ঞানীরা কাজ করছেন। বিশ্ব স্বাস্থ্য সংস্থা (ডাব্লিউএইচও) এটিকে প্রাথমিকভাবে ২০১৯-এনকভ নামে ডাকার সুপারিশ করেছে, তবে এটি চূড়ান্ত নয়। বিজ্ঞানীরা একটি উপযুক্ত নাম ঠিক করার জন্য কাজ করছেন এবং খুব শিগগিরই নাম ঘোষণা করতে যাচ্ছেন।",7.69,0.0,7.69
news-49362977,১৯৭৫ সালের ১৫ই আগস্ট বাংলাদেশের প্রতিষ্ঠাতা-রাষ্ট্রপতি শেখ মুজিবুর রহমানকে সপরিবারে হত্যার পর দেশের কোন প্রচার মাধ্যম এমনকি চলচ্চিত্রেও তাঁর নাম বা ছবি প্রকাশ হতে দেখা যায়নি।,"শেখ মুজিবুর রহমানকে হত্যার পর এবং ১৯৯৬ সালে আওয়ামী লীগের সরকার গঠনের আগ পর্যন্ত তৎকালীন সরকারি প্রচার মাধ্যমের কর্মকর্তাদের সঙ্গে কথা বলে জানা গেছে, যারা ক্ষমতায় ছিলেন তারা নানাভাবে ইতিহাস থেকে তাঁর নাম মুছে ফেলার চেষ্টা করেছে। বেতারে শেষবারের মতো শেখ মুজিবের নাম শেখ মুজিবকে হত্যার পর পর ভোর বেলায় শাহবাগের বাংলাদেশ বেতারের ব্রডকাস্ট শাখা থেকে হত্যাকাণ্ড সেই সঙ্গে সামরিক সরকারের ক্ষমতা গ্রহণের ঘোষণা প্রচার করা হয়েছিল। ঘটনার দিন বাংলাদেশ বেতারের শাহবাগ ব্রডকাস্ট শাখার শিফট ইনচার্জ হিসেবে কাজ করছিলেন প্রণব চন্দ্র রায়।",14.68,7.48,14.68
news-48872060,বাংলাদেশে বাজেট প্রস্তাবের পরদিন থেকে দুই দফায় স্বর্ণের দাম বাড়ানো হয়েছে। আজ বৃহস্পতিবার থেকে প্রতি ভরি স্বর্ণের দাম ২ হাজার ৪১ টাকা করে বেড়েছে। ফলে বর্তমানে এক ভরি স্বর্ণের দাম ৫২ হাজার ১৯৬ টাকা।,"বাংলাদেশে স্বর্ণের দাম বৃদ্ধির কারণে মধ্যবিত্ত পরিবারগুলো উদ্বিগ্ন। স্বর্ণের গয়না বাংলাদেশের সমাজে খুব গুরুত্বপূর্ণ এবং বিয়ের অনুষ্ঠানে গয়না দেওয়া একটি অপরিহার্য অংশ। বাংলাদেশ জুয়েলার্স সমিতির প্রেসিডেন্ট গঙ্গাচরণ মালাকার বলেছেন, আন্তর্জাতিক বাজারে স্বর্ণের দাম বৃদ্ধির কারণে দেশেও দাম বাড়ানো হয়েছে।",24.66,11.27,16.44
news-44246998,"নাজিয়া পারভীন, মধ্য তিরিশের একজন গৃহিণী এবং শখের মডেল। জন্ম ও বেড়ে ওঠা ঢাকার মোহাম্মদপুরে।","বাংলাদেশে নারীদের মাসিক পরিচ্ছন্নতা ও নিরাপদ ব্যবস্থাপনার অভাব একটি উদ্বেগজনক বিষয়। অনেক নারী এখনও স্যানিটারি ন্যাপকিন ব্যবহার করেন না, বরং কাপড় ব্যবহার করেন, যা তাদের স্বাস্থ্যের জন্য ঝুঁকিপূর্ণ। সরকারি পরিসংখ্যান অনুসারে, অনেক নারী মাসিক পরিচ্ছন্নতা ও স্বাস্থ্য সম্পর্কে সচেতন নয়, যা তাদের স্বাস্থ্যের জন্য বিপজ্জনক। এই সমস্যা সমাধানের জন্য সচেতনতা বৃদ্ধি ও স্যানিটারি ন্যাপকিন সরবরাহ বাড়ানো প্রয়োজন।",2.78,0.0,2.78
news-45332030,"জাফরানের নাম যদি শুনে থাকেন, এটাও নিশ্চয়ই জানেন যে এটি বিশ্বের সবচেয়ে দামী মশলার একটি। প্রতি আউন্স জাফরানের দাম স্বর্ণের দামের চেয়েও বেশি। এজন্যে জাফরানের আরেক নাম ""লাল স্বর্ণ।""","বিশ্বের সবচেয়ে দামি খাবারের মধ্যে জাফরান অন্যতম, যা একটি ফুলের গর্ভমুন্ড থেকে সংগ্রহ করা হয়। ক্যাভিয়ার বা সামুদ্রিক মাছের ডিমও খুব দামি, যা বিশ্বের সবচেয়ে সুস্বাদু খাবারের একটি বলে গণ্য করা হয়। এই খাবারের দাম বেশি হওয়ার কারণ হল এগুলো সংগ্রহ করা খুবই কষ্টসাধ্য এবং বিরল।",13.33,2.74,13.33
news-51217515,ঢাকা বিশ্ববিদ্যালয়ে সার্জেন্ট জহুরুল হক হলে 'শিবির সন্দেহে' নির্যাতনের শিকার চারজন শিক্ষার্থীর একজন মুকিম চৌধুরী বিচারের দাবিতে টিএসসির রাজু ভাস্কর্যের পাদদেশে অবস্থান নিয়েছেন।,"ঢাকা বিশ্ববিদ্যালয়ের একজন শিক্ষার্থী মারধর ও বিনা কারণে পুলিশে দেয়ার ঘটনায় প্রতিবাদে অবস্থান নিয়েছেন। মুকিম চৌধুরী নামের এই শিক্ষার্থী বলেছেন, তাকে সরকার-সমর্থক ছাত্রলীগের কয়েকজন নেতা মারধর করেছেন এবং পুলিশের হাতে তুলে দিয়েছেন। মুকিম চৌধুরী বিবিসিকে জানিয়েছেন, তিনি এই ঘটনায় জড়িতদের বিচার না হওয়া পর্যন্ত তিনি অবস্থান করবেন।",16.9,5.8,14.08
news-46972950,গ্রাহকের অর্থ আত্মসাতের দায়ে মাল্টি লেভেল মার্কেটিং কোম্পানি ইউনিপেটুইউ-এর চেয়ারম্যান এবং ব্যবস্থাপনা পরিচালকসহ মোট ছয়জন কর্মকর্তাকে ১২ বছরের কারাদণ্ড দিয়েছে ঢাকার একটি আদালত।,"বাংলাদেশের একটি মাল্টি লেভেল মার্কেটিং কোম্পানির বিরুদ্ধে আর্থিক অনিয়মের অভিযোগ আনা হয়েছে। কোম্পানির ছয়জন কর্মকর্তাকে ১৩৫১ কোটি টাকা দুর্নীতির দায়ে মানি লণ্ডারিং আইনে সাজা দেওয়া হয়েছে। কোম্পানির ব্যবস্থাপনা পরিচালক, পরিচালক এবং জেনারেল ম্যানেজার ইতোমধ্যে কারাগারে রয়েছেন। বাংলাদেশে এই ধরনের কোম্পানির বিরুদ্ধে গ্রাহকদের অর্থ আত্মসাতের অভিযোগ উঠেছে, কিন্তু এই প্রথম এই ধরনের কোন প্রতিষ্ঠানের কারো সাজা হয়েছে।",27.5,10.26,12.5
news-42326655,ভারতের তথ্য ও সম্প্রচার মন্ত্রণালয় বলেছে ভোর ছটা থেকে রাত দশটা পর্যন্ত কোন টিভি চ্যানেলে কন্ডোমের বিজ্ঞাপন দেখানো যাবে না।,ভারতে কন্ডোমের বিজ্ঞাপন দিনের বেলায় দেখানো যাবে না বলে জানিয়েছে দেশটির তথ্য ও সম্প্রচার মন্ত্রণালয়। রাত ১০টা থেকে পরের দিন সকাল ৬টা পর্যন্ত কন্ডোমের বিজ্ঞাপন দেখানোর ওপর কোনো বাধা থাকবে না। কন্ডোমের বিজ্ঞাপনগুলো বাচ্চাদের ওপর খারাপ প্রভাব ফেলতে পারে বলে মন্ত্রণালয় এই সিদ্ধান্ত নিয়েছে।,34.38,16.13,25.0
news-48835708,ইরান আন্তর্জাতিক চুক্তি লঙ্ঘন করে সমৃদ্ধ ইউরেনিয়ামের মজুদ বাড়িয়েছে।,"ইরানের প্রেসিডেন্ট হাসান রৌহানি বলেছেন মার্কিন অবরোধ থেকে বাঁচতে ইরান তার স্পর্শকাতর পারমানবিক কর্মসূচী সীমিত করে আনবে এবং দেশটির ওপর আরোপ করা অর্থনৈতিক অবরোধ তুলে নেয়ার বিনিময়ে ইরান আন্তর্জাতিক পরিদর্শকদের ঢুকতে দেবে। পারমানবিক চুক্তি অনুযায়ী, ২০৩১ সাল পর্যন্ত ইরানকে কেবলমাত্র কম সমৃদ্ধ ইউরেনিয়াম উৎপাদনের অনুমতি দেয়া হয়েছে, যার মাত্রা হবে তিন থেকে চার শতাংশ। ইরান ২০১৮ সালে পারমানবিক চুক্তি থেকে যুক্তরাষ্ট্র একতরফাভাবে নিজেকে প্রত্যাহার করে নেয়, এবং নতুন করে ইরানের ওপর নিষেধাজ্ঞা আরোপ করে।",12.05,2.47,9.64
news-48303883,আন্তর্জাতিক এক অপরাধী চক্র ম্যালওয়্যার ব্যবহার করে ৪০ হাজার মানুষের কাছ থেকে অনলাইনে ১০০ মিলিয়ন ডলার চুরি করেছে।,"ছয়টি দেশের সমন্বিত পুলিশি কর্মকাণ্ডে একটি সাইবার অপরাধী চক্র ভেঙে দেয়া হয়েছে, যারা 'গজনাইম' নামের ম্যালওয়্যার ব্যবহার করে অর্থ চুরি করত। এই চক্রটি ক্ষুদ্র ব্যবসায়ী, আইনজীবীদের কোম্পানি, আন্তর্জাতিক কোম্পানি ও অলাভজনক প্রতিষ্ঠানগুলোকে লক্ষ্য করে অর্থ চুরি করত। যুক্তরাষ্ট্র, জার্মানি, বুলগেরিয়া, জর্জিয়া, ইউক্রেইন ও মলদোভিয়ার পুলিশের সমন্বিত প্রচেষ্টায় ১০ জনকে অভিযুক্ত করা হয়েছে।",20.0,8.82,17.14
news-46578414,"রুশ, আরবী কিংবা ম্যান্ডারিন ভাষা জানতে চান? বেহালা কিংবা বাঁশি বাজানো শিখতে চান? নাকি কোয়ান্টাম পদার্থবিদ্যা বুঝতে চান?","যখন আমরা নতুন কিছু শেখা শুরু করি, তখন আমাদের মস্তিস্ক সবচেয়ে বেশি কাজ করে। গবেষণা দেখায় যে প্রথম ২০ ঘন্টার মধ্যে আমাদের মস্তিস্ক দ্রুততার সঙ্গে শিখতে পারে। এই সময়ের মধ্যে মস্তিস্ক নতুন তথ্য সঞ্চয় করতে সবচেয়ে আগ্রহী থাকে এবং উদ্দীপনায় সাড়া দেয়ার ক্ষমতাও বেশি থাকে। জার্মান দার্শনিক এবং মনোবিজ্ঞানী হেরম্যান এবিংহউস প্রথম 'লার্নিং কার্ভ' ধারণাটি দেন, যা দেখায় যে প্রথম কয়েক ঘন্টায় নতুন বিষয় শিখতে যত বেশি সময় দেয়া যায়, তত বেশি জ্ঞান অর্জন করা যায়।",2.13,0.0,2.13
news-50798626,বাংলাদেশে ১৯৭১ সালের মুক্তিযুদ্ধের সময় পাকিস্তানি সেনাদের সহায়তার জন্য গঠিত রাজাকার বাহিনীর সদস্যদের একটি তালিকা প্রকাশ করেছে সরকার।,"বাংলাদেশের মুক্তিযুদ্ধ বিষয়ক মন্ত্রণালয় থেকে প্রকাশিত একটি তালিকায় ১০ হাজার ৭৮৯ জন রাজাকারের নাম উল্লেখ করা হয়েছে। মুক্তিযুদ্ধ বিষয়ক মন্ত্রী আ ক ম মোজাম্মেল হক বলেন, সরকারের হেফাজতে যেসব দালিলিক প্রমাণ পাওয়া যাবে তাই প্রকাশ করা যায়। তিনি বলেন, বিএনপি জামায়াত জোট সরকারের শাসনামলে রাজাকারদের অনেক রেকর্ড সরিয়ে ফেলা হয়েছে।",5.88,0.0,5.88
news-46874688,মৌলভীবাজারের শেরপুরে ঐতিহ্যবাহী মাছের মেলায় ৬০ কেজি ওজনের একটি কাতলা মাছের দাম ১ লাখ ২০ হাজার টাকা হাঁকছেন মাছ ব্যবসায়ী আব্দুর রহমান।,সিলেটের সিলেট ও মৌলভীবাজার জেলার বিভিন্ন স্থানে পৌষসংক্রান্তি উপলক্ষ্যে মাছের মেলা বসেছে। মৌলভীবাজারের হাকালুকি হাওর থেকে একটি কাতলা মাছ কেনার পর এক ব্যবসায়ী ১ লাখ ২০ হাজার টাকায় বিক্রি করছেন। মৌলভীবাজার জেলার শ্রীমঙ্গলের মাছ বাজারে একটি বাঘা আইড় মাছের দাম ১২০ হাজার টাকা হাঁকা হয়েছে।,38.81,18.46,23.88
news-55242258,"সংযুক্ত আরব আমিরাতের এক শেখ এমন এক ইসরায়েলি ফুটবল ক্লাবের অর্ধেকটা মালিকানা কিনে নিয়েছেন, যে ক্লাবটির দীর্ঘ আরব-বিদ্বেষের ইতিহাস রয়েছে।","ইসরায়েলের প্রধান ফুটবল ক্লাব বেইতার জেরুয়ালেমে আরব আমিরাতের শেখ হামাদ বিন খলিফা আল নাহিয়ান ৯২ মিলিয়ন ডলার বিনিয়োগ করবেন। এই ক্লাবটি আগে কখনো আরব বা মুসলিম ফুটবলার কেনেনি, এবং এর সমর্থকরা আরবদের প্রতি বর্ণবাদী। এই ক্লাবটির স্টেডিয়ামে প্রায়ই 'আরবদের মৃত্যু' এমন শ্লোগান শোনা যেত। তবে ক্লাবটির বর্তমান মালিক বর্ণবাদ বিরোধী একটি প্রচারণা চালু করেছেন।",18.67,2.74,13.33
news-54159266,"""তরুণদের অনেকেই আজকাল তাদের প্রিয়জন, মানে গার্লফ্রেন্ড বা বয়ফ্রেন্ডকে 'বাবু' বলে সম্বোধন করে। এর উৎপত্তি কোথা থেকে, সে সম্পর্কে জানা নেই। আমার তো মনে হয়, ইংরেজিতে রোমান্টিক পার্টনারকে বেবি বলে ডাকার প্রচলন থেকে এটা বাংলায় বাবু হয়েছে।""","বাংলাদেশের একটি পাবলিক বিশ্ববিদ্যালয়ের শিক্ষক নিশাত পারভেজ 'বাবু খাইছো' শিরোনামের একটি গান নিয়ে নিজের অভিমত ব্যক্ত করেছেন। সামাজিক যোগাযোগমাধ্যম ফেসবুক ও ইউটিউবে সেপ্টেম্বর মাসে প্রকাশিত এই গানটি খুব অল্প সময়েই ভাইরাল হয়েছে। নিশাত পারভেজ মনে করছেন যে রোমান্টিক পার্টনারকে সম্বোধন, বাংলা-ইংরেজি মিশিয়ে গানের লিরিকস, সাথে ভিডিও-কোরিওগ্রাফি - সব মিলিয়ে এই শিরোনামের গানটি তরুণ সমাজের মধ্যে আলোড়ন তুলতে সক্ষম।",12.5,2.13,8.33
news-40652345,ফেসবুক-টুইটারের মতো সোশ্যাল মিডিয়া বা সামাজিক যোগাযোগের মাধ্যম তরুণ তুর্কীদেরকে আরো উদ্বিগ্ন করে তুলছে বলে এক গবেষণায় বেরিয়ে এসেছে।,"সোশ্যাল মিডিয়া ব্যবহার করা তরুণ-তরুণীদের মধ্যে উদ্বেগ, অসম্পূর্ণতা এবং ভীতির অনুভূতি সৃষ্টি করতে পারে বলে একটি গবেষণায় দেখা গেছে। গবেষণাটি দেখিয়েছে যে ৪০% তরুণ-তরুণী তাদের সেলফিতে লাইক না পাওয়ার কারণে খারাপ বোধ করে এবং ৩৫% তাদের আত্মপ্রত্যয় তাদের অনুসারীর সংখ্যার উপর নির্ভর করে। গবেষণাটি আরও দেখিয়েছে যে সাইবার-বুলিয়িং ব্যাপকভাবে বিস্তৃত এবং ৭০% অংশগ্রহণকারী স্বীকার করেছে যে তারা অনলাইনে অন্যের উপর পীড়নমূলক আচরণ করে।",13.95,2.38,11.63
news-45011087,বাংলাদেশের রাস্তায় বাসের প্রতিযোগিতায় রোববার দুই শিক্ষার্থীর প্রাণহানির পর গণপরিবহনের অরাজক অবস্থা নিয়ে আবারো বিক্ষুব্ধ হয়ে উঠেছে ঢাকা।,"ঢাকার গণপরিবহণ ব্যবস্থার সংস্কার নিয়ে অনেক দিন ধরেই আলোচনা হলেও কোনো পরিবর্তন হয়নি। সড়ক দুর্ঘটনা রোধে গণপরিবহন ব্যবস্থাকে গুছিয়ে আনার জন্য ২০০৫ সালে একটি পরিকল্পনা তৈরি করা হয়েছিল, কিন্তু তা বাস্তবায়ন করা হয়নি। বিশেষজ্ঞরা বলছেন, সংশ্লিষ্ট প্রতিষ্ঠানের মনোযোগের অভাবে এই পরিকল্পনা বাস্তবায়িত হয়নি।",3.28,0.0,3.28
news-47885378,ভারতের নির্বাচন কমিশন একটি স্বাধীন ও সাংবিধানিক প্রতিষ্ঠান হলেও তারা এখন শাসক দলের অনুগত প্রতিষ্ঠানের মতোই আচরণ করছে বলে অভিযোগ করেছেন সে দেশের একদল সাবেক শীর্ষস্থানীয় আমলা।,"ভারতের প্রাক্তন শীর্ষস্থানীয় আমলারা রাষ্ট্রপতির কাছে একটি চিঠি লিখেছেন, যেখানে তারা দাবি করেছেন যে নির্বাচন কমিশনের স্বাধীনতা এবং গণতান্ত্রিক মূল্যবোধ হুমকির সম্মুখীন। তারা অভিযোগ করেছেন যে নির্বাচন কমিশন পক্ষপাতদুষ্ট এবং মেরুদণ্ডহীন, যা ভারতের গণতান্ত্রিক প্রক্রিয়াকে দুর্বল করছে। এই চিঠিতে স্বাক্ষরকারীদের মধ্যে রয়েছেন প্রাক্তন সচিব, রাষ্ট্রদূত, পুলিশ-প্রধান এবং জাতীয় নিরাপত্তা উপদেষ্টারা।",23.08,5.26,12.82
news-53929704,চীনা কোম্পানিকে বাংলাদেশে করোনাভাইরাসের প্রতিষেধক ভ্যাকসিনের ট্রায়াল চালাতে সম্মত হয়েছে বাংলাদেশ।,"বাংলাদেশ সরকার চীনা ভ্যাকসিনের ট্রায়ালের অনুমতি দিয়েছে। স্বাস্থ্যমন্ত্রী জাহিদ মালেক জানিয়েছেন, ট্রায়ালে অংশগ্রহণকারীদের মধ্যে অগ্রাধিকার পাবেন স্বাস্থ্যসেবার সাথে জড়িত ব্যক্তিরা। চীনা রাষ্ট্রদূতের সঙ্গে বৈঠকের পর এই সিদ্ধান্ত নেওয়া হয়েছে।",20.0,0.0,15.0
news-38298663,"বাংলাদেশে পর্ণ সাইটে প্রবেশকারী ব্যক্তিদের পরিচয় প্রকাশ করার কথা ভাবছে সরকার, সোমবার ডাক ও টেলিযোগাযোগ প্রতিমন্ত্রী তারানা হালিমকে উদ্ধৃত করে এমন একটি সংবাদ প্রকাশিত হয় বিভিন্ন দৈনিক ও অনলাইন নিউজ পোর্টালগুলোতে।","বাংলাদেশের তথ্য প্রতিমন্ত্রী তারানা হালিম সামাজিক যোগাযোগ মাধ্যমে বিতর্কের সৃষ্টি করেছেন। তিনি বলেছিলেন যে পর্ণ সাইটে প্রবেশকারীদের পরিচয় সরকারের কাছে প্রকাশ করা হবে, যাতে লোকে পর্ণ সাইটে প্রবেশে বিরত থাকে। তবে পরে তিনি একটি ফেসবুক পোস্টে জানিয়েছেন যে তিনি কখনই পর্ণ সাইটে প্রবেশকারীদের নামের তালিকা করার কথা বলেননি। এই বিষয়ে সামাজিক যোগাযোগ মাধ্যমে বিভিন্ন মতামত প্রকাশ করা হচ্ছে।",22.47,6.9,15.73
news-45083152,সোমবার দুপুরের দিকে ঢাকার বসুন্ধরা এলাকায় নিরাপদ সড়ক ইস্যুতে বিক্ষোভ মিছিল বের করা নিয়ে নর্থ-সাউথ বিশ্ববিদ্যালয়ের ছাত্রদের সাথে পুলিশের সংঘর্ষ হয়। ছাত্রদের ছত্রভঙ্গ করতে পুলিশ সেসময় কাঁদানে গ্যাস ব্যবহার করে।,"ঢাকার ইস্ট ওয়েস্ট বিশ্ববিদ্যালয় চত্বরে কাঁদানে গ্যাস এরপর বিশ্ববিদ্যালয় কর্তৃপক্ষ অনির্দিষ্টকালের জন্য বিশ্ববিদ্যালয় বন্ধ ঘোষণা করে। বাড্ডা এলাকায় ইস্ট ওয়েস্ট বিশ্ববিদ্যালয়ও দুদিনের জন্য বন্ধ ঘোষণা করা হয়েছে। বিশ্ববিদ্যালয়ের ওয়েবসাইটে এক ঘোষণায় বলা হয়েছে, অনিবার্য কারণে আগামি ৭ ও ৮ অগাস্ট বিশ্ববিদ্যালয় বন্ধ থাকবে। সকালের দিকে এই বিশ্ববিদ্যালয়ের ছাত্রদের সাথে পুলিশ এবং ছাত্রলীগের সংঘর্ষ হয়। বাস চাপায় দুজন শিক্ষার্থীর মৃত্যু কেন্দ্র করে স্কুলের ছাত্র-ছাত্রীরা যে বিক্ষুব্ধ আন্দোলন করছিলো - তাতে রোববার থেকে বিশ্ববিদ্যালয়ের ছাত্রদেরও যোগ দিতে দেখা যায়।",24.07,7.55,16.67
news-44220246,"রাজশাহী মহানগরীর বোয়ালিয়া মডেল থানায় গেলে চোখে পড়বে থানার আঙিনায় একটি গাভী, একটি ষাড় ও একটি বাছুরকে বেঁধে রাখা হয়েছে।",বোয়ালিয়া থানার পুলিশ গরু সামলাতে বিপাকে পড়েছে। গত ২৭ এপ্রিল গোরহাঙ্গা থেকে নওগাঁগামী রাস্তায় ট্রাক থেকে তিনটি গরু নামানোর সময় পুলিশের সন্দেহ হয়। পুলিশ দুই সন্দেহভাজন গরু চোরকে আটক করে এবং তাদের বিরুদ্ধে গরু চুরির অভিযোগ এনে থানায় মামলা করে। আসামীদের কারাগারে পাঠানো হলেও তাদের গরু নিয়ে বিপাকে পড়েছে পুলিশরা।,8.57,0.0,5.71
140925_mk_islamic_scholar_is_isis_isil_open_letter,"ইসলামিক স্টেট কেন ইসলামের প্রকৃত পথ অনুসরণ করছে না, বিশ্বের ১২০জন খ্যাতনামা মুসলিম মনীষী তা ব্যাখ্যা করেছেন।","ইসলামিক স্টেটের যোদ্ধাদের লক্ষ্য করে মুসলিম পন্ডিতরা এক খোলা চিঠি প্রকাশ করেছেন, যেখানে তারা বলেছেন যে ইসলামিক স্টেটের কর্মকাণ্ড ইসলামের শিক্ষার সাথে সঙ্গতিপূর্ণ নয়। চিঠিতে ২৪টি যুক্তি তুলে ধরা হয়েছে যে ইসলামিক স্টেটের কর্মকাণ্ড ইসলামের শিক্ষার বিরোধী। এই চিঠিটি ইসলামিক স্টেটের বিরুদ্ধে আন্তর্জাতিক সম্প্রদায়ের প্রতিক্রিয়ার অংশ হিসেবে প্রকাশিত হয়েছে।",12.12,0.0,9.09
news-49956427,সোমবার রাতে বাংলাদেশ প্রকৌশল বিশ্ববিদ্যালয়ের শেরেবাংলা হলে এক ছাত্রকে পিটিয়ে হত্যার ঘটনায় এখনো পর্যন্ত ১০ জনকে গ্রেফতার করেছে পুলিশ। এর মধ্যে বেশিরভাগই বুয়েটে ছাত্রলীগের নেতা।,বুয়েট শিক্ষার্থী আবরার ফাহাদকে পিটিয়ে হত্যার ঘটনায় ১৯ জনকে আসামী করে মামলা করা হয়েছে। এদের সবাই শেরেবাংলা হলের ছাত্র। বুয়েট ছাত্রলীগের বেশ কজনকে বহিষ্কার করেছে সংগঠনটি। আবরার ফাহাদের মরদেহ দাফনের জন্য কুষ্টিয়ায় তার বাড়িতে পৌঁছেছে।,23.33,6.9,16.67
news-44672332,১৯৭০'এর পর বিশ্বকাপের নকআউট রাউন্ডের সবচেয়ে বেশি গোল হওয়ার দিনে সর্বকালের সেরা দু'জন খেলোয়াড়ের একজনও গোল করতে পারেননি।,"রাশিয়া বিশ্বকাপের শেষ ষোলো পর্বে আর্জেন্টিনা ও পর্তুগাল হারিয়ে বিশ্বকাপ থেকে বিদায় নিয়েছে। এই বিদায়ের মাধ্যমে সম্ভবত বিশ্বকাপ জয়ের স্বপ্নও শেষ হয়ে গেল লিওনেল মেসি ও ক্রিশ্চিয়ানো রোনালদোর। এই বিশ্বকাপে মেসি তিনটি গোলের মধ্যে দু'টিতে অ্যাসিস্ট করেছেন, কিন্তু শেষ পর্যন্ত জেতাতে পারেননি দলকে। মেসির বয়স এখন ৩১ বছর, আর ২০২২ সালের কাতার বিশ্বকাপে তার বয়স হবে ৩৫ বছর, তাই সেসময় তার বিশ্বকাপ জয়ের সম্ভাবনা বেশ ক্ষীণ।",6.9,0.0,6.9
news-48904836,বাংলাদেশে ধর্ষণের হাত থেকে শিশুদের রক্ষার জন্যে প্রাতিষ্ঠানিক তেমন কোন ব্যবস্থা নেই বলে মনে করছেন ঢাকায় জাতিসংঘের শিশু বিষয়ক সংস্থা ইউনিসেফের শিশু সুরক্ষা বিশেষজ্ঞ শাবনাজ জাহিরিন।,"বাংলাদেশে শিশুদের ধর্ষণ ও হত্যার ঘটনা বাড়ছে। সাম্প্রতিক এক ঘটনায় ঢাকার ওয়ারিতে এক শিশুর মরদেহ পাওয়া গেছে, যাকে ধর্ষণের পর হত্যা করা হয়েছিল। এই ঘটনায় পুলিশ মূল অভিযুক্তকে গ্রেফতার করেছে। বিশেষজ্ঞরা বলছেন, শিশুদের নিরাপত্তা নিশ্চিত করার জন্য আরও কাজ করতে হবে। তারা বলছেন, শিশুদের সুরক্ষার জন্য প্রয়োজনীয় অবকাঠামো, লোকবল এবং সেবা এখনও অপ্রতুল। তারা আরও বলছেন, সমাজের বিভিন্ন পর্যায়ে, বিশেষ করে কমিউনিটি লেভেলে শিশুদের সুরক্ষা ব্যবস্থা আরও কার্যকর হতে হবে।",10.42,0.0,8.33
160530_indian_visa_new_system,ঢাকায় ভারতীয় দূতাবাস তাদের ভিসা প্রক্রিয়ায় পরিবর্তন এনেছে। নতুন নিয়মে আজ থেকে টুরিস্ট ভিসার আবেদনকারীদের সাক্ষাতের তারিখ একবার ব্যবহার যোগ্য একটি পাসওয়ার্ড মোবাইল ফোনে এসএমএস করবে ভারতীয় দূতাবাস।,"ভারতীয় হাই কমিশন জানিয়েছে, এসএমএস দেখিয়ে ভারতীয় ভিসা আবেদন কেন্দ্রে ঢুকতে হবে এবং আবেদনপত্র জমা দিতে হবে। এছাড়া আবেদনকারীদের নিজের মোবাইল নম্বরসহ অন-লাইন সাক্ষাতের জন্য আবেদন করতে হবে। ভারতের ভিসা পাওয়ার জটিলতার বিরুদ্ধে বাংলাদেশে সম্প্রতি যারা আন্দোলন করেছিলেন, তাদের আশা নতুন ব্যবস্থায় ভিসা পাওয়ার জটিলতা কিছুটা হলেও কমবে।",23.38,0.0,10.39
news-52621715,"ভারতে কোভিড-১৯র বিরুদ্ধে লড়ার জন্য যখন গোটা দেশ জুড়ে লকডাউন চলছে, তারই মধ্যে দেশে একের পর এক রাজ্য শিল্প মালিকদের স্বার্থে শ্রম আইনে ব্যাপক পরিবর্তন নিয়ে এসেছে।","ভারতের উত্তরপ্রদেশ রাজ্য শ্রমিকদের অধিকার স্থগিত করে দিয়েছে। এর ফলে সেখানে শ্রমিকদের ন্যূনতম পারিশ্রমিক দিতে হবে না, ছাঁটাই করা যাবে যা খুশি তাই। এই সিদ্ধান্তের ফলে শ্রমিকরা ক্ষতিগ্রস্ত হবে বলে মনে করা হচ্ছে।",3.28,0.0,3.28
news-55467465,"ভারতে একজন যৌন বিশেষজ্ঞ, যিনি পত্রিকায় যৌন সম্পর্কের ওপর কলাম লিখে ও পাঠকের এ সংক্রান্ত প্রশ্নের জবাব দিয়ে ব্যাপক জনপ্রিয়তা অর্জন করেছেন, ৯৬ বছর বয়সে তিনি মারা গেছেন।","ড. মাহিন্দার ওয়াতসা একজন ধাত্রীবিদ্যা বিশারদ এবং স্ত্রীরোগ বিশেষজ্ঞ ছিলেন যিনি মুম্বাই মিরর পত্রিকায় ""আস্ক দ্যা সেক্সপার্ট"" কলাম লিখেছেন। তিনি ৮০ বছর বয়সে এই কলাম লিখতে শুরু করেন এবং ১০ বছরেরও বেশি সময় ধরে এটি লিখেছেন। তার কলামটি খুব জনপ্রিয় হয়েছিল এবং তিনি ৪০ হাজারেরও বেশি পাঠকের প্রশ্নের জবাব দিয়েছেন। ড. ওয়াতসা তার কলামে মজা করে মানুষের যৌন সংক্রান্ত বিভিন্ন উদ্বেগ ও প্রশ্নের উত্তর দিতেন। তিনি একজন গৌরবান্বিত জীবন যাপন করেছেন এবং তার মৃত্যুর পর তার সন্তানদের পক্ষ থেকে একটি বিবৃতি জারি করা হয়েছে।",26.79,3.64,16.07
160605_chittaggong_sp_wife_killed,চট্টগ্রামে পুলিশ সুপার বাবুল আক্তারের স্ত্রী দুর্বৃত্তদের গুলিতে নিহত হয়েছেন।,"চট্টগ্রামের জিইসি মোড়ে পুলিশ সুপার বাবুল আক্তারের স্ত্রী মাহমুদা আক্তারকে ছুরি ও গুলি করে হত্যা করা হয়েছে। পুলিশ জানিয়েছে, মোটরসাইকেলে করে আসা তিন দুর্বৃত্ত তাকে হত্যা করেছে। স্বরাষ্ট্রমন্ত্রী আসাদুজ্জামান খান কামাল বলেছেন, এই হত্যায় জঙ্গি সংশ্লিষ্টতা থাকতে পারে।",20.83,17.39,20.83
news-40867894,বেশ কয়েক বছর আগে একটি সংবাদ মাধ্যমের একজন নারী সাংবাদিক এবং তার নিউজ এডিটরের মধ্যকার একটি বাদানুবাদের ঘটনা আমার কানে এসেছিল।,"একজন নারী সাংবাদিক তার পিরিয়ডের সময় অফিসের বাইরে যেতে অস্বস্তি বোধ করেন, কিন্তু তার নিউজ এডিটর তার সমস্যাটি মানতে চাননি। এই ঘটনাটি একটি সংবাদ মাধ্যমের ভেতরে ঘটেছে এবং এটি দেখায় যে পিরিয়ড নিয়ে অজ্ঞতা কর্মস্থলে নারীদের অনেক সমস্যার মুখে পড়তে হচ্ছে। লেখক নিজেও এই সমস্যার শিকার হয়েছেন এবং তারা বলেছেন যে পিরিয়ড নিয়ে আলোচনা করা এবং এটি সম্পর্কে সচেতনতা বৃদ্ধি করা প্রয়োজন।",21.69,12.35,14.46
news-45387880,যুক্তরাষ্ট্রের সামরিক বাহিনী বলছে যে তারা পাকিস্তানকে ৩০ কোটি ডলার অর্থ সাহায্য দেওয়ার পরিকল্পনা বাতিল করে দেওয়ার সিদ্ধান্ত নিয়েছে।,"যুক্তরাষ্ট্র পাকিস্তানকে দেওয়া ৩০ কোটি ডলারের সামরিক সাহায্য বাতিল করেছে। মার্কিন প্রতিরক্ষা দপ্তর বলছে, জঙ্গি গ্রুপগুলোকে মোকাবেলা করতে ইসলামাবাদ ব্যর্থ হওয়ায় এই অর্থ সাহায্য বাতিল করা হয়েছে। পাকিস্তান থেকে আরো ৫০ কোটি ডলারের একটি সাহায্য প্রত্যাহার করে নেওয়া হয়েছে।",31.03,7.14,24.14
news-48795028,১৯৬৯ সালে এল সালভেডর এবং হন্ডুরাস চারদিনের একটি যুদ্ধে লিপ্ত হয়েছিল যেখানে হাজার-হাজার মানুষ নিহত এবং বাস্তু-চ্যুত হয়।,"১৯৬৯ সালের ২৭ জুন এল সালভেডর ফুটবল দল হন্ডুরাসের বিরুদ্ধে একটি ম্যাচ খেলেছিল, যা ফুটবল যুদ্ধ হিসেবে স্মরণ করা হয়। মেক্সিকো সিটির আজটেকা স্টেডিয়ামে অনুষ্ঠিত ম্যাচটি ৯০ মিনিট খেলা শেষে ২-২ গোলে ড্র ছিল। এল সালভেডর ৩-২ গোলে জয়লাভ করে মাঠ ছাড়ে। এই ম্যাচের ফলে উভয় দেশের মধ্যে উত্তেজনা বৃদ্ধি পায় এবং তিন সপ্তাহের মধ্যে উভয় দেশ যুদ্ধে জড়িয়ে পড়ে। এল সালভেডর-এর হাজার-হাজার মানুষ হন্ডুরাস ত্যাগ করে। সেই ম্যাচের ৫০ বছর পরে গোলদাতা রদ্রিগেজ বলেন, ""আমি যখন গোল করি, তখন আমার মনে হয়েছিল যে তাদের পক্ষে এতো কম সময়ে গোল শোধ করা সম্ভব না।"" এই ঘটনাটি এখনো ফুটবল যুদ্ধ হিসেবে স্মরণ করা হয়।",18.9,4.8,14.17
news-45007894,"বাংলাদেশে অনিয়মের নানা অভিযোগ, ভোট বর্জন এবং বিক্ষিপ্ত গোলযোগের মধ্য দিয়ে বরিশাল, রাজশাহী এবং সিলেট এই তিনটি সিটি কর্পোরেশনে ভোট গ্রহণ শেষ হয়েছে।","বাংলাদেশের তিনটি সিটি কর্পোরেশনে মেয়র নির্বাচন অনুষ্ঠিত হয়েছে। বরিশালে বিএনপির মেয়র প্রার্থী মজিবুর রহমান সরোয়ার ভোটের মাঝপথে নির্বাচন থেকে সরে দাঁড়ান। বরিশালে নির্বাচন বর্জনের ঘোষণার পর বিএনপির বিক্ষোভ শুরু হয়। বরিশালের সাংবাদিক শাহিনা আজমিন বলেছেন, ভোটারদের ভোট দিতে দেওয়া হচ্ছে না, প্রার্থীদের এজেন্টদের আসতে দেওয়া হচ্ছে না। এই পরিস্থিতিতে বরিশালে চারজন মেয়র প্রার্থী নির্বাচন বর্জন করেন। রাজশাহী এবং সিলেটে বিরোধী দল বিএনপির প্রার্থীরা অনিয়মের নানা অভিযোগ তুললেও তারা শেষ পর্যন্ত ভোটের মাঠে ছিলেন।",27.08,10.64,10.42
news-44118154,তিন হাজারের বেশি নাইজেরিয়ান অবৈধভাবে ইউরোপ যেতে ব্যর্থ হয়ে শেষপর্যন্ত নিঃস্ব হয়ে বাড়ি ফিরেছে।,"নাইজেরিয়ার ইভান্স উইলিয়াম ইউরোপে যেতে সবকিছু বিক্রি করে দালালদের কাছে টাকা দিয়েছিলেন, কিন্তু লিবিয়ায় ছয় মাস ধরে কঠিন সময় পার করার পর তিনি ব্যর্থ হয়েছেন। লিবিয়ার কোস্টগার্ড তাকে আটক করেছে এবং আন্তর্জাতিক অভিবাসন সংস্থা তাকে বাড়ি পৌঁছিয়ে দিয়েছে। এখন তিনি নিঃস্ব হয়ে পড়েছেন এবং অনিশ্চিত ভবিষ্যত নিয়ে পরিবারের মুখোমুখি হচ্ছেন।",15.62,3.23,12.5
news-44842983,রাশিয়া বিশ্বকাপ শেষে পরের আসর জয়ের স্বপ্ন নিয়ে আর্জেন্টিনা আর ব্রাজিলের ফ্যানরা আশায় বুক বাঁধতেই পারেন।,ব্রাজিল এবং আর্জেন্টিনা ফুটবল দলের সমর্থকরা পরের বিশ্বকাপে তাদের দলের জয়ের স্বপ্ন দেখতে পারেন। তবে ইউরোপীয় দেশগুলোর অর্থনৈতিক সচ্ছলতা এবং ফুটবল উন্নয়নের অবকাঠামো তৈরির ক্ষমতা তাদের জন্য বিশ্বকাপ জেতা কঠিন করে তুলবে। ইউরোপীয় দেশগুলোর আধিপত্য দিন দিন বাড়ছে এবং লাতিন আমেরিকান দেশগুলোর সাফল্যের ইতিহাস ঈর্ষণীয় হলেও দিনদিন এই ব্যবধান বাড়ছে।,18.18,3.12,12.12
news-48808226,"বিশ্বব্যাপী বিভিন্ন দেশে তীব্র দাবদাহ চলছে। বাংলাদেশে যেমন আমরা তা টের পাচ্ছি, তেমনি ইউরোপের দেশগুলোও ভুগছে।","বিশ্বের বিভিন্ন দেশে তাপমাত্রা বৃদ্ধির কারণে মারাত্মক গরমের সমস্যা দেখা দিচ্ছে। বিশ্ব স্বাস্থ্য সংস্থা বলছে, ২০০০ থেকে ২০১৬ সাল পর্যন্ত দাবদাহে আক্রান্ত মানুষের সংখ্যা ১২৫ মিলিয়ন বেড়েছে। বয়োবৃদ্ধ, শিশু এবং গর্ভবতী নারীরা গরমের ঝুঁকিতে বেশি থাকেন। গরমে শরীরের তাপমাত্রা বাড়তে পারে, যা মানুষের জন্য মারাত্মক হতে পারে। গরমের কারণে মানুষের শরীরে বিভিন্ন ধরনের সমস্যা দেখা দিতে পারে, এমনকি মৃত্যুর কারণ হতে পারে। গরমের সময় পানি পান করা এবং ছায়ায় থাকা জরুরি।",4.6,2.35,4.6
news-52829564,যে কোন ব্যক্তির ভেতর যখন করোনাভাইরাস সংক্রমণের প্রাথমিক কিছু লক্ষণ দেখা দেয় তখন তিনি আতঙ্কিত হয়ে উঠেন।,করোনাভাইরাস সংক্রমণে আক্রান্ত হলে বাসায় থেকে নানাভাবে উপশমের চেষ্টা করা যেতে পারে। প্রথমেই নিজেকে পরিবারের অন্য সদস্যদের থেকে বিচ্ছিন্ন করে রাখা উচিত। জ্বর আসলে প্যারাসিটামল খাওয়া এবং গার্গল করা যেতে পারে। কফ থাকলে পিঠে ভর দিয়ে হেলান দিয়ে বসা এড়িয়ে মেরুদণ্ড সোজা করে বসা উচিত। পর্যাপ্ত পরিমাণে পানি পান করা এবং এক চামচ মধু খেতে পারেন।,2.74,0.0,2.74
news-45744692,ক্রিস্টিয়ানো রোনালদোর বিরুদ্ধে আনা ধর্ষণের অভিযোগ পুরোপুরি অস্বীকার করেছেন তিনি।,"ক্রিস্টিয়ানো রোনালদো সামাজিক যোগাযোগ মাধ্যমে ধর্ষণের অভিযোগ অস্বীকার করেছেন। তিনি বলেন, ধর্ষণ একটি শাস্তিযোগ্য অপরাধ, যা তার মানসিকতা ও বিশ্বাসের বিরুদ্ধে। রোনালদোর বিরুদ্ধে ধর্ষণের অভিযোগ আনেন ক্যাথরিন মায়োরগা, যিনি একজন শিক্ষিকা ছিলেন।",38.1,20.0,28.57
news-57063900,চীন তাদের রাজনৈতিকভাবে স্পর্শকাতর আদমশুমারির যে ফলাফল প্রকাশ করেছে - তাতে দেখা যাচ্ছে সেদেশের জনসংখ্যা এখন ১৪১ কোটির সামান্য কিছু বেশি।,"চীনের জনসংখ্যা বৃদ্ধির হার কমে যাওয়ায় দম্পতিদের ওপর বেশি সন্তান নেবার চাপ বাড়তে পারে। চীনের সরকারি উপাত্ত অনুযায়ী, দেশটির জনসংখ্যা বৃদ্ধির হার গত কয়েক দশকের মধ্যে সবচেয়ে ধীরগতিতে বাড়ছে। চীনের বর্তমান জনসংখ্যা ১৪১ কোটি, এবং গত ১০ বছরে দেশটির বার্ষিক জনসংখ্যা বৃদ্ধির হার ০.৫৩%, যা ২০০০ থেকে ২০১০ সালের মধ্যে বৃদ্ধির হার ০.৫৭%-এর চেয়ে কম।",7.69,0.0,5.13
news-55761742,এক বছর আগে ২৩শে জানুয়ারি ২০২০ সালে চীনের হুবেই প্রদেশের উহান শহর প্রথম লকডাউন করা হয়।,উহান শহরে করোনাভাইরাস মহামারির প্রাদুর্ভাব ঘটে এবং চীন সরকার কঠোর বিধিনিষেধ আরোপ করে এটি নিয়ন্ত্রণে আনতে সক্ষম হয়। চীন সরকার উহান শহরকে দেশের অন্যান্য এলাকা থেকে বিচ্ছিন্ন করে রাখে এবং কঠোর কোয়ারেন্টিন প্রয়োগ করে। এই পদক্ষেপগুলি সফল হয় এবং চীন করোনাভাইরাস মহামারি নিয়ন্ত্রণে আনতে সক্ষম হয়।,6.45,0.0,6.45
news-46797204,নারীদের গাড়ি চালানোর ওপর থেকে নিষেধাজ্ঞা তুলে নেয়ার পর গত বছর বিশ্বজুড়ে সৌদি আরবের প্রশংসা করা হয়।,"সৌদি আরবে নারীদের ওপর অনেক ধরনের বিধিনিষেধ চালু রয়েছে, যার মধ্যে রয়েছে 'পুরুষ অভিভাবকতন্ত্র' যেখানে একজন নারীর জন্য গুরুত্বপূর্ণ সিদ্ধান্তগুলো তিনি নিজে নিতে পারেন না। সৌদি আরব নারীদের প্রতি সব ধরনের বৈষম্য দূর করার লক্ষ্যে জাতিসংঘের সনদে সই করেছে, তবে নারীদের বিরুদ্ধে বৈষম্য রোধে কোন আইন না থাকায় এবং সৌদি সরকার বৈষম্যের কোন আইনগত সংজ্ঞা তৈরি করতে ব্যর্থ হওয়ায় জাতিসংঘের বিশেষজ্ঞরা উদ্বেগ প্রকাশ করেছেন। সৌদি সরকার বলে থাকে শরিয়া আইনে লিঙ্গ সমতা নিশ্চিত করা হয়েছে, তবে বাস্তবে নারীরা এখনও অনেক ধরনের বিধিনিষেধের শিকার।",8.0,0.0,8.0
news-47648503,এক সপ্তাহ আগে নিউজিল্যান্ডের ক্রাইস্টচার্চে মসজিদে হামলায় ব্যবহার করা সব ধরনের সেমি-অটোমেটিক অস্ত্র নিষিদ্ধ করতে যাচ্ছে নিউজিল্যান্ডে সরকার। এমনটাই জানিয়েছেন দেশটির প্রধানমন্ত্রী জাসিন্ডা আরডের্ন।,"নিউজিল্যান্ডের প্রধানমন্ত্রী জাসিন্ডা আরডের্ন জানিয়েছেন, ১১ই এপ্রিল থেকে দেশটিতে অস্ত্রের উপর নিষেধাজ্ঞা আইনটি কার্যকর হবে। গত শুক্রবার দেশটির দুটি মসজিদে হামলা চালিয়ে ৫০ জনকে হত্যার ঘটনার পর থেকে অস্ত্র আইন বিষয়টি নিয়ে আলোচনা চলছে। মিজ আরডের্ন বলেছেন, তিনি আশা করছেন ১১ই এপ্রিলের মধ্যে নতুন আইনটি কার্যকরী হবে।",22.22,5.71,11.11
news-39614808,ঢাকা মেডিকেল কলেজ হাসাপাতালের বার্ন ইউনিটে চিকিৎসাধীন অবস্থায় মারা গেছেন প্রেস-সচিব মারুফ কামাল খানের স্ত্রী তানিয়া খান।,বিএনপি চেয়ারপারসন বেগম খালেদা জিয়ার প্রেস-সচিব মারুফ কামাল খানের স্ত্রী তানিয়া খান গত ১২ এপ্রিল অগ্নিদগ্ধ অবস্থায় ঢাকা মেডিকেলের বার্ন ইউনিটে ভর্তি হন। দুইদিন পর তিনি মারা যান এবং সেদিনই মৃতদেহের ময়নাতদন্ত করা হয়। পুলিশ একে 'আত্মহত্যা' বলে সন্দেহ করছে। গতবছর মিসেস খান তার স্বামীর বিরুদ্ধে নির্যাতনের অভিযোগে মামলা করেছিলেন।,37.68,23.88,23.19
news-48324350,টার্মিনেটর তারকা হিসেবে সমধিক খ্যাতি পাওয়া মি. শোয়ার্জনেগার একসময় বডিবিল্ডার হিসেবে বিশ্বখ্যাত ছিলেন।,"হলিউড তারকা ও ক্যালিফোর্নিয়ার সাবেক গভর্নর আর্নল্ড শোয়ার্জনেগার দক্ষিণ আফ্রিকায় একটি অনুষ্ঠানে যোগ দেওয়ার সময় এক ব্যক্তির দ্বারা লাথি মারার শিকার হন। একটি ভিডিও ফুটেজে দেখা যায়, তিনি তার ভক্তদের সাথে মোবাইল ফোনে দাঁড়িয়ে দাঁড়িয়ে ভিডিও করছিলেন, এমন সময় পেছন দিক থেকে তাকে উড়ন্ত লাথি মারা হয়। তিনি টুইটারে তার ভক্তদের ধন্যবাদ জানিয়েছেন এবং বলেছেন 'উদ্বিগ্ন হওয়ার কিছু নেই'।",5.56,0.0,5.56
news-51264653,"আফগানিস্তানে একটি যাত্রীবাহী বিমান বিধ্বস্ত হয়েছে বলে কর্মকর্তারা জানিয়েছেন। তবে আফগান এয়ারলাইন্স আরিয়ানা জানিয়েছে, তাদের কোন বিমান বিধ্বস্ত হয়নি। ফলে বিধ্বস্ত বিমানের ব্যাপারে প্রশ্ন তৈরি হয়েছে।",আফগানিস্তানের গজনি প্রদেশে একটি বিমান বিধ্বস্ত হয়েছে। বিমানটি বিধ্বস্ত হওয়ার পর যান্ত্রিক কারণে তাতে আগুন ধরে যায়। বিমানটির নাম বা হতাহতের সংখ্যা সম্পর্কে এখনও কোন তথ্য পাওয়া যায়নি।,22.22,7.69,18.52
160418_traficked_bangladeshi_women_unlawfully_kept_in_indian_jails,ভারতের পশ্চিমবঙ্গে মানবাধিকার সংগঠনগুলো অভিযোগ করেছে বাংলাদেশ থেকে পাচার হয়ে আসা বহু মহিলাকে আটক করার পর বেআইনিভাবে জেলে রাখা হচ্ছে – যদিও স্বরাষ্ট্র মন্ত্রণালয়ের স্পষ্ট নির্দেশ আছে তাদের সরকারি হোমে রাখতে হবে।,"বাংলাদেশের তিন নারী ভারতের রাজমিস্ত্রির কাজের সন্ধানে সীমান্ত পারাপার করার সময় বিএসএফের হাতে ধরা পড়েছেন। তাদের বিরুদ্ধে ফরেনার্স অ্যাক্টে মামলা দায়ের করা হয়েছে এবং তারা বসিরহাট জেলে আটক রয়েছেন। মানবাধিকার কর্মীরা মনে করছেন যে, এই মহিলারা পাচারের শিকার হয়েছেন এবং তাদের প্রাপ্য সুবিধাগুলো তারা পাচ্ছেন না। পশ্চিমবঙ্গ পুলিশের অ্যান্টি-ট্র্যাফিকিং ইউনিটের প্রধান শর্বরী ভট্টাচার্য বলছেন যে, বিএসএফ এই বিষয়ে প্রধানত দায়ী।",13.04,0.0,8.7
news-40319155,"""দুধের জন্য ধন্যবাদ তুরস্ক!"" কয়দিন আগে টুইটারে এমন একটি মন্তব্য করেন কাতারের এক নাগরিক।",কাতারের সাথে তুরস্কের সম্পর্ক গত কয়েক বছরে উন্নতি লাভ করেছে। উপসাগরীয় আরব দেশগুলোর কাতারের ওপর অবরোধ আরোপের ফলে দেশটিতে খাদ্য সংকট তৈরি না হয় তা প্রতিরোধে তুরস্ক কাতারে খাদ্যপণ্য সরবরাহ করছে। তুরস্কের প্রেসিডেন্ট রেচেপ তাইয়েপ এরদোয়ান কাতারের প্রতি সমর্থন জানিয়েছেন এবং অবরোধের সমালোচনা করেছেন।,6.9,0.0,6.9
news-56931107,বিশ্বের অন্যতম বৃহৎ টিকা উৎপাদনকারী দেশ ভারতেই কোভিড ভ্যাক্সিনের জন্য সঙ্কট চরমে পৌঁছেছে।,দিল্লির সরকার অভিযোগ করেছে যে কোভ্যাক্সিনের নির্মাতা ভারত বায়োটেক তাদের নতুন করে আর টিকা দিতে পারবে না। দিল্লিতে শতাধিক ভ্যাক্সিনেশন সেন্টার বন্ধ করে দিতে হয়েছে। দিল্লির উপমুখ্যমন্ত্রী মনীশ শিশোদিয়া অভিযোগ করেছেন যে কেন্দ্রীয় সরকারের কর্মকর্তারা টিকার সরবরাহ নিয়ন্ত্রণ করছেন এবং তাদের বিমাতৃসুলভ আচরণের কারণেই দিল্লিতে কোভ্যাক্সিনের শতাধিক টিকাকেন্দ্র বন্ধ করে দিতে হয়েছে।,3.08,0.0,3.08
news-52518908,প্রথমবারের মতো একদল রোহিঙ্গাকে সাগর থেকে উদ্ধারের পর নোয়াখালীর ভাসানচরে পাঠানো হয়েছে।,"কক্সবাজার উপকূল থেকে কোস্টগার্ড উদ্ধার করেছে ২৯ জন রোহিঙ্গাকে। তাদেরকে ভাসানচরে কোয়ারেন্টিনে রাখা হয়েছে। এদের মধ্যে ৫ জন শিশু, ১৯ জন নারী এবং ৫ জন পুরুষ। কোয়ারেন্টিনের মেয়াদ শেষ হলে সরকারি সিদ্ধান্ত অনুযায়ী তাদেরকে স্থানান্তর করা হবে। উদ্ধার হওয়া রোহিঙ্গারা বাংলাদেশে প্রবেশ করতে চাইছিল। তাদের প্রাথমিক স্বাস্থ্য সেবা ও খাবার দেয়া হয়েছে।",12.5,0.0,9.38
news-47766524,ঢাকার বনানীতে ২০ তলা একটি বহুতল ভবন। ভবনটিতে ঢুকতে গিয়ে নিচ তলায় কোন অগ্নি নির্বাপন যন্ত্র চোখে পড়লো না।,"বাংলাদেশের অনেক বহুতল ভবনে অগ্নি নিরাপত্তার ব্যবস্থা নেই। ঢাকার একটি ভবনে অগ্নি লাগলে অনেকে আতংকিত হয়ে সিঁড়ি বেয়ে নামার চেষ্টা করে। ভবনের বেশিরভাগ ফ্লোরেই ফায়ার এলার্ম বা অগ্নি নির্বাপন যন্ত্র নেই। ফায়ার সার্ভিসের জরিপে দেখা যায়, ৯৬ শতাংশ ভবনই অগ্নি-নিরাপত্তার ঝুঁকিতে আছে।",19.35,6.67,16.13
news-46066573,ভেগান বা নিরামিষাশীদের খাদ্য তালিকায় কোনো প্রকার প্রাণীর কোনো মাংস থাকে না।,"ফ্রান্সের নিরামিষ ভোগীরা 'প্রাণীরা কোন উপাদান নয়' শ্লোগান ব্যবহার করছে। ভেগানরা তাদের খাদ্য তালিকায় শুধু মাংস নয়, পোল্ট্রি, মাছ, দুগ্ধজাতীয় খাবার, ডিম ও মধুও খান না। ভেগানরা মূলত শাক-সবজি ও ফল-মূল জাতীয় খাদ্যই রাখেন তাদের খাদ্য তালিকায়।",15.69,4.08,15.69
news-55308586,বাংলাদেশে বিরোধীদল বিএনপি রোহিঙ্গা সংকট সমাধানে আওয়ামী লীগ সরকারের বিরুদ্ধে কূটনৈতিক এবং রাজনৈতিক ব্যর্থতার অভিযোগ এনেছে।,"বিএনপি রোহিঙ্গাদের ভাসানচরে স্থানান্তরের সরকারি পদক্ষেপের কড়া সমালোচনা করেছে। দলটির মহাসচিব মির্জা ফখরুল ইসলাম আলমগীর বলেছেন, এই পদক্ষেপের কারণে রোহিঙ্গাদের মিয়ানমারে ফেরত পাঠানোর ক্ষেত্রে নতুন প্রতিবন্ধকতা সৃষ্টি হবে। বিএনপি মনে করছে, রোহিঙ্গাদের মিয়ানমারে ফেরত পাঠানোর চেষ্টায় সরকার কূটনৈতিক ও রাজনৈতিকভাবে ব্যর্থ হয়ে এমন পদক্ষেপ নিয়েছে।",6.56,0.0,6.56
news-54108787,ঢাকার বঙ্গবন্ধু শেখ মুজিব মেডিকেল বিশ্ববিদ্যালয়ের হৃদরোগ বিভাগের সহযোগী অধ্যাপক হিমেল সাহা বলছেন বাংলাদেশে যত মানুষ হৃদরোগে আক্রান্ত হন তার বেশিরভাগের জন্যই দায়ী এই ট্রান্সফ্যাট।,"বাংলাদেশে অসংক্রামক রোগে মৃত্যুর অর্ধেকই হয় হৃদরোগে, যার সংখ্যা প্রায় তিন লাখ। গবেষকরা বলছেন হৃদরোগ এভাবে ছড়িয়ে পড়ার বড় কারণই হলো ট্রান্সফ্যাট। বাংলাদেশের মানুষের মধ্যে ভাজা-পোড়া, বিস্কুট, চানাচুর, চিপস বা এ ধরণের অসংখ্য অস্বাস্থ্যকর খাবার খাওয়ার প্রবণতা আছে, যা ট্রান্সফ্যাটজনিত হৃদরোগের কারণ।",14.71,0.0,8.82
news-47078843,রক্ষণশীল দেশ সৌদি আরবে নিজের বাড়িতে নির্যাতন এবং দমন পীড়নের অভিযোগ তুলে প্রতিবছর শত শত নারী পশ্চিমা দেশগুলোয় পালিয়ে যাচ্ছে। তাদের অনেকের পছন্দের জায়গাগুলোর একটি যুক্তরাজ্য।,"সৌদি আরবের নারীরা তাদের দেশ ছেড়ে অন্য দেশে আশ্রয় খুঁজছেন স্বাধীনতা আর উন্নত জীবনের আশায়। সৌদি আরবের অভিভাবকত্ব আইনের কারণে নারীদের জীবন নিয়ন্ত্রণ করেন তাদের পিতা বা অন্য পুরুষ অভিভাবক। এই আইনের কারণে নারীরা তাদের জীবনের গুরুত্বপূর্ণ সিদ্ধান্তগুলো নিতে পারেন না, যা তাদের জন্য অপমানজনক বলে মনে হয়।",8.11,0.0,8.11
news-50209401,"তেসরা নভেম্বর, অর্থাৎ আসছে সপ্তাহের রোববার থেকেই শুরু হচ্ছে প্রতিক্ষিত ও আলোচিত বাংলাদেশ বনাম ভারত সিরিজ।","বাংলাদেশ ক্রিকেট দল ভারত সফরে যাচ্ছে, কিন্তু দলের মানসিক অবস্থা নেতিবাচক হওয়ায় সিরিজের ফলাফল নিয়ে সংশয় রয়েছে। সাকিব আল হাসান এবং বোর্ডের মধ্যে উত্তেজনা এবং ক্রিকেটারদের কিছু আচরণ বোর্ড ও সাধারণের কাছে গ্রহনযোগ্য নয়। এই পরিস্থিতি দ্রুত পরিসমাপ্তি ঘটানো প্রয়োজন, অন্যথায় ভারতের বিপক্ষে সিরিজে খেলার ধরণে প্রভাব পড়তে পারে।",9.23,0.0,6.15
news-48263085,মুসলিম বিরোধী সহিংসতা বৃদ্ধি পাওয়ায় শ্রীলংকায় দেশব্যাপী রাত্রিকালীন কারফিউ জারি করা হয়েছে।,শ্রীলংকায় ইস্টার সানডের হামলার পর থেকে উত্তেজনা বিরাজ করছে। দেশটির বিভিন্ন শহরে দাঙ্গাকারীদের হামলার মধ্যে একটি মসজিদে হামলা হয়েছে। এতে একজন মারা গিয়েছে বলে স্থানীয় পুলিশ জানিয়েছে। শ্রীলংকার প্রধানমন্ত্রী রানিল বিক্রমাসিংহ সকলকে শান্ত থাকার আহ্বান জানিয়েছেন।,8.33,0.0,8.33
151109_pg_global_temperature_new_record,"ব্রিটিশ বিজ্ঞানীরা বলছেন, এ বছরই বিশ্বের তাপমাত্রা বৃদ্ধির হার একটি উদ্বেগজনক মাত্রায় পৌঁছাবে।","বিজ্ঞানীরা বলছেন, এই বছর পৃথিবীর গড় তাপমাত্রা শিল্পোন্নত যুগের আগের তুলনায় এক ডিগ্রিরও বেশি বেড়ে যাবে। যুক্তরাজ্যের আবহাওয়া দফতরের বিজ্ঞানীরা বলছেন, এ বছরের প্রথম ৯ মাসের মধ্যেই বিশ্বের তাপমাত্রা এক দশমিক শূন্য দুই সেলসিয়াস বেড়েছে। জাতিসংঘের আবহাওয়া দফতর বলছে, পৃথিবী এখন ভীতিকর গতিতে এমন এক যুগে প্রবেশ করছে যখন চরমভাবাপন্ন আবহাওয়া এবং সমুদ্রের পানির স্তর বৃদ্ধিসহ কি ঘটবে কিছুই বলা যায় না।",13.33,8.22,13.33
news-48079702,বাংলাদেশে জামায়াতে ইসলামীর সংস্কারপন্থী একটি অংশের নেতারা আগামী কয়েক মাসের মধ্যে একটি নতুন রাজনৈতিক দল গঠনের কথা ঘোষণা করেছেন।,"জামায়াতে ইসলামী থেকে বহিস্কৃত নেতা মজিবুর রহমান মঞ্জু তাদের নতুন দল গঠনের প্রক্রিয়া শুরুর কথা আনুষ্ঠানিকভাবে তুলে ধরেছেন। তিনি বলেছেন, বাংলাদেশের মুক্তিযুদ্ধে জামায়াতে ইসলামীর বিরোধিতা বা রাজনৈতিক অবস্থানের বোঝা '৭১ পরবর্তী প্রজন্মের' বহন করা উচিত নয়। জামায়াতে ইসলামীর সেক্রেটারি জেনারেল ডা: শফিকুর রহমান বলেছেন, তাদের সাবেক নেতার নতুন দল জামায়াতে ইসলামীর উপর কোন প্রভাব ফেলবে না।",18.67,5.48,13.33
news-53373932,"বাংলাদেশে করোনাভাইরাসে আক্রান্ত হয়ে শনিবার পর্যন্ত ২,৩০৫ জনের মৃত্যু হয়েছে। আক্রান্ত হয়েছে এক লাখ ৮১ হাজারের বেশি মানুষ।",বাংলাদেশে করোনাভাইরাসে আক্রান্ত হয়ে মৃত্যুবরণকারীদের পরিবারগুলো সামাজিকভাবে বিরূপ আচরণের মুখোমুখি হচ্ছে। কুশল চক্রবর্তী নামের এক ব্যক্তির বাবা ও কাকা করোনাভাইরাসে আক্রান্ত হয়ে মারা গেছেন। তার পরিবারের আটজন করোনাভাইরাসে আক্রান্ত হয়েছিলেন এবং তারা সবাই একেবারে জনসমাগম থেকে বিচ্ছিন্ন হয়ে গিয়েছিলেন। তাদের প্রতিবেশীরা তাদের কাছে আসতে চাইত না এবং তারা সামাজিকভাবে বিচ্ছিন্ন হয়ে পড়েছিলেন।,16.9,8.7,14.08
news-55002738,যুক্তরাষ্ট্রের প্রেসিডেন্ট নির্বাচনে বিজয়ী জো বাইডেন তার প্রশাসনে গুরুত্বপূর্ণ পদগুলোতে কারা থাকবেন তা ঠিক করছেন এখন।,"জো বাইডেন মার্কিন যুক্তরাষ্ট্রের পরবর্তী প্রেসিডেন্ট নির্বাচিত হওয়ার পর তার পররাষ্ট্রনীতি বিষয়ক দলের তিনজন নেতার নাম ঘোষণা করেছেন। এঁরা হলেন এ্যান্টনি ব্লিংকেন, লিন্ডা টমাস-গ্রিনফিল্ড এবং জেইক সুলিভ্যান। এঁরা সকলেই বারাক ওবামা প্রশাসনে কাজ করেছেন এবং জো বাইডেনের প্রতি অনুগত। এ্যান্টনি ব্লিংকেন পররাষ্ট্রমন্ত্রী হিসেবে নিযুক্ত হয়েছেন, লিন্ডা টমাস-গ্রিনফিল্ড জাতিসংঘে মার্কিন দূত এবং জেইক সুলিভ্যান জাতীয় নিরাপত্তা উপদেষ্টা হিসেবে দায়িত্ব পালন করবেন। এঁদের নিয়োগ নিয়ে প্রশংসা-সমালোচনা উভয়ই হচ্ছে। কেউ কেউ মনে করছেন যে এঁরা তাদের অভিজ্ঞতা ও দক্ষতা দিয়ে মার্কিন পররাষ্ট্রনীতিকে সফলতার দিকে নিয়ে যেতে পারবেন, অন্যদিকে কেউ কেউ মনে করছেন যে এঁরা পুরোনো ধারণা ও পদ্ধতি নিয়ে আসবেন।",12.07,1.75,8.62
news-48366795,এই প্রথম ব্রিটেনের সবচেয়ে মর্যাদাপূর্ণ সাহিত্য পুরস্কার জিতেছেন একজন আরব লেখিকা। এ বছরের ম্যানবুকার পুরস্কার জয়ী এই ওমানি লেখিকার নাম জোখা আলহারথি।,জোখা আলহারথি তার উপন্যাস 'সেলেস্টিয়াল বডিস' এর জন্য ম্যানবুকার পুরস্কার পেয়েছেন। এই উপন্যাসটি ওমানের সামাজিক পরিবর্তনের পটভূমিতে তিন বোনের গল্প নিয়ে রচিত। জোখা আলহারথি এবং তার অনুবাদক মারিলিন বুথ পুরস্কারের ৫০ হাজার পাউন্ড অর্থ ভাগাভাগি করবেন। এই পুরস্কার আরব সংস্কৃতির জন্য একটি জানালা খুলে দিয়েছে বলে মনে করেন জোখা আলহারথি।,22.22,5.71,13.89
news-51961180,ভারতের সব নাগরিককে আগামী রবিবার ১৪ ঘণ্টার জন্য গৃহবন্দী থাকার পরামর্শ দিয়েছেন ভারতের প্রধানমন্ত্রী নরেন্দ্র মোদী।,ভারতের প্রধানমন্ত্রী নরেন্দ্র মোদী ঘোষণা করেছেন যে রবিবার ২২শে মার্চ সারা দেশে 'জনতা কারফিউ' বলবৎ থাকবে। এই কারফিউটি সকাল সাতটায় সারা দেশে সাইরেন বাজিয়ে শুরু হবে। জরুরি পরিষেবার সঙ্গে যুক্ত ব্যক্তিরা এই জনতা কারফিউর মধ্যেও কাজে যাবেন। প্রধানমন্ত্রী মোদী জনগণকে আহ্বান জানিয়েছেন যে তারা বাড়ি ঘরের জানলা বা বারান্দা বা দরজায় দাঁড়িয়ে হাততালি দিয়ে বা ঘণ্টা বাজিয়ে অথবা সাইরেন বা বাসনপত্র বাজানোর মাধ্যমে জরুরি পরিষেবা প্রদানকারীদের ধন্যবাদ দেবেন।,11.9,7.32,9.52
news-51697733,"''শিশুদের পরিত্যাগ করা নিষিদ্ধ'', ভেনেজুয়েলার সড়কের পাশের দেয়াল জুড়ে এই বার্তা লিখে রেখেছেন শিল্পী এরিক মেহিকানো। রাজধানী কারাকাসে তার অ্যাপার্টমেন্ট ভবনের কাছাকাছি একটি ময়লার স্তূপে সদ্যজাত একটি শিশু পাওয়ার পর তিনি এই উদ্যোগ নেন।","ভেনেজুয়েলায় অর্থনৈতিক সংকটের কারণে শিশুদের পরিত্যাগ করা এবং অনানুষ্ঠানিকভাবে দত্তক নেয়ার ঘটনা বাড়ছে। দেশটির অর্থনৈতিক পতনের কারণে অনেক পরিবার খাদ্য জোগাতে সংগ্রাম করছে, যার ফলে শিশুদের পরিত্যাগ করা বা অনানুষ্ঠানিকভাবে দত্তক দেয়ার ঘটনা বেড়েছে। সরকারি তথ্য মন্ত্রণালয় বা শিশুদের অধিকার নিয়ে কাজ করা সংস্থাগুলো এ ব্যাপারে কোনো মন্তব্য করেনি, তবে সমাজকর্মী ও স্বাস্থ্য কর্মীরা নিশ্চিত করেছেন যে এই ধরনের ঘটনা বাড়ছে।",8.42,4.3,8.42
news-43779660,"লন্ডনে কমনওয়েলথ নেতারা একটি সম্মেলনে মিলিত হতে যাচ্ছেন। এখানে কমনওয়েলথ সম্পর্কে সাতটি তথ্য তুলে ধরা হল, যা হয়তো আপনি জানেন না। ১. বিশ্বের এক তৃতীয়াংশ মানুষের সংগঠন","কমনওয়েলথ এমন একটি সংগঠন যার সদস্য দেশগুলোর অধিকাংশই আগে ব্রিটিশ সাম্রাজ্যের অংশ ছিল। বর্তমানে কমনওয়েলথের ৫৩টি সদস্য দেশ রয়েছে, যেগুলোর মধ্যে ১৬টি দেশের রাষ্ট্রপ্রধান হিসেবে রয়েছেন ব্রিটেনের রানী দ্বিতীয় এলিজাবেথ। কমনওয়েলথের সদস্য দেশগুলোর জনসংখ্যা প্রায় ২.৪ বিলিয়ন, যা বিশ্বের জনসংখ্যার প্রায় এক তৃতীয়াংশ। কমনওয়েলথের সদস্য দেশগুলো বিশ্বের চারভাগের একভাগ ভূমি জুড়ে অবস্থিত।",17.5,2.56,15.0
news-40996003,ব্রিটেনের হাউজ অব পার্লামেন্টের অন্যতম একটি অংশ 'বিগ বেন' এবং এর ঘন্টাধ্বনি। কিন্তু আজ সোমবার থেকে এই ঘন্টাধ্বনি বন্ধ হয়ে যাচ্ছে।,বিগ বেন টাওয়ারের সংস্কার কাজের জন্য আগামী ২০২১ সাল পর্যন্ত ঘড়িটি বন্ধ থাকবে। এর আগে 'বিগ বেন' এর ঘন্টাধ্বনি বাজবে না। ১৫৭ বছর ধরে প্রতি ঘন্টায় বিগ বেন-এর ঘন্টাধ্বনি বাজছে। আজ সোমবার দুপুরে শেষবারের মতো রানী এলিজাবেথ টাওয়ার থেকে ঘড়িটির ঘন্টাধ্বনি শোনা যাবে। তবে যেমন নতুন বছরের সূচনার মতো গুরুত্বপূর্ণ দিনে বিগ বেনে'র ঘন্টা বাজানো হবে। একদল এমপি পরিকল্পনা করেছেন -আজ শেষবার যখন ঘন্টাটি বাজবে তখন পার্লামেন্টের সামনে দাড়িয়ে মাথা নত করে এই ঐতিহ্যের প্রতি সম্মান জানাবেন তারা। লেবার এমপি স্টিফেন পাউন্ড বলেছেন যে তিনি আশা করছেন অন্তত বিশ জন এমপি এতে যোগ দেবেন। এদিকে হাউজ অব কমন্স বলছে- এত লম্বা সময় ধরে 'বিগ বেন' ঘড়ি বন্ধ থাকার বিষয়টি আবার বিবেচনা করে দেখা হবে।,18.98,5.93,13.14
news-44063966,মালয়েশিয়ার সাধারণ নির্বাচনে বিশাল জয় পেয়েছেন দীর্ঘদিন পর রাজনীতিতে ফিরে আসা ৯২ বছর বয়সী সাবেক প্রধানমন্ত্রী মাহাথির মোহাম্মদ।,"মালয়েশিয়ার প্রাক্তন প্রধানমন্ত্রী মাহাথির মোহাম্মদ বৃহস্পতিবার শপথ নিতে পারেন। তার নেতৃত্বে বিরোধী জোট পাকাতান হারাপান অ্যালায়েন্স মোট ১১৫টি আসন পেয়েছে, যা সরকার গঠনের জন্য প্রয়োজনীয় ১১২টির বেশি। মাহাথির মোহাম্মদ তার সাবেক দল বারিসান ন্যাশনাল কোয়ালিশনকে হারিয়েছে, যা দেশটির স্বাধীনতার পর থেকেই ক্ষমতায় ছিল।",19.67,6.78,13.11
news-54140628,মোয়াসেস ক্যাম্পির পরিষ্কার মনে আছে ৯ই সেপ্টেম্বরের ওই ঘটনা। বিশেষ করে তার কানে এখনো বাজছে সেই শব্দটা।,ব্রাজিলের আদিবাসী জনগোষ্ঠী সংক্রান্ত বিশেষজ্ঞ রাইলি ফ্রান্সিসকাটো একটি আদিবাসী গোষ্ঠীর লোকেদের তীরে আক্রান্ত হয়ে মারা গেছেন। তিনি ব্রাজিলের নৃগোষ্ঠীগুলোর জন্য সরকারি প্রতিষ্ঠান ফুনাই-তে কাজ করছিলেন এবং একটি টাস্ক ফোর্সের নেতৃত্ব দিচ্ছিলেন যারা এই জনগোষ্ঠীগুলোর ওপর নজর রাখা এবং তাদের সুরক্ষা দেয়ার দায়িত্বে ছিলেন। ব্রাজিলের আমাজন অঞ্চলে এখনও অনেক বিচ্ছিন্ন জনগোষ্ঠী রয়েছে যারা বহির্বিশ্বের সাথে যোগাযোগবিহীন।,0.0,0.0,0.0
news-50207082,"বিদেশে কাজ করতে যান, বিশেষ করে ইউরোপ বা আমেরিকায়, এমন কারো কাছে 'বডি কন্ট্রাক্ট' শব্দটি খুব পরিচিত একটি শব্দ। এটি একটি চুক্তির নাম।","বাংলাদেশি শ্রমিকেরা বিদেশে যাওয়ার জন্য প্রায়ই ঝুঁকিপূর্ণ পথ বেছে নেন, যার মধ্যে রয়েছে অবৈধ সাগরপথে যাত্রা এবং বডি কন্ট্রাক্ট বা শরীর চুক্তি। বডি কন্ট্রাক্ট হলো এমন একটি চুক্তি যেখানে এজেন্ট শ্রমিককে গন্তব্যে পৌঁছে দেওয়ার জন্য দায়ী থাকেন এবং তার জন্য শ্রমিককে কোনো অর্থ দিতে হয় না। শ্রমিক গন্তব্যে পৌঁছালে তাকে এজেন্টকে টাকা দিতে হয়। এই পদ্ধতিতে শ্রমিকরা প্রায়ই প্রতারণার শিকার হন এবং তাদের অর্থ ফেরত দেওয়া হয় না।",13.19,2.25,10.99
news-52717893,"আবহাওয়া অধিদপ্তরের বিশেষ বিজ্ঞপ্তিতে জানানো হয়েছে যে সুপার সাইক্লোন আম্পান আজ (মঙ্গলবার) বেলা বারটায় চট্টগ্রাম সমুদ্রবন্দর থেকে ৮১০ কিলোমিটার, মংলা থেকে ৬৯৫ ও পায়রা সমুদ্র বন্দর থেকে ৬৯০ কিলোমিটার দক্ষিণ-দক্ষিণ পশ্চিমে অবস্থান করছিলো।","ঘূর্ণিঝড় আম্পান বাংলাদেশের উপকূল অতিক্রম করতে পারে আজ ভোররাত থেকে বিকেলের মধ্যে। আবহওয়া অধিদপ্তরের বিজ্ঞপ্তিতে বলা হয়েছে, ঘূর্ণিঝড়টি খুলনা ও চট্টগ্রামের মধ্যবর্তী অঞ্চল দিয়ে বাংলাদেশ উপকূল অতিক্রম করতে পারে। আবহওয়া অধিদপ্তরের পরিচালক সামছুদ্দিন আহমেদ বলেছেন, ঘূর্ণিঝড় আম্পান যখন আঘাত হানবে তা অতি প্রবল হওয়ার যথেষ্ট আশঙ্কা রয়েছে।",17.28,0.0,9.88
151030_bd_paira_port,"বাংলাদেশের দক্ষিণাঞ্চলে নতুন যে সমুদ্রবন্দরটি গড়ে তোলা হচ্ছে, সেটি আগামী দুই মাসের মধ্যেই আংশিকভাবে আমদানি-রপ্তানি কার্যক্রম শুরু করতে পারবে বলে কর্মকর্তারা বলছেন।","বাংলাদেশের তৃতীয় সমুদ্রবন্দর হিসেবে পায়রা সমুদ্রবন্দর গড়ে তোলা হচ্ছে। বাংলাদেশে আমদানি-রপ্তানির কার্যক্রম বৃদ্ধির কারণে চট্টগ্রাম ও মংলার বাইরে আরেকটি সমুদ্রবন্দর গড়ে তোলা জরুরি হয়ে পড়েছে। পায়রা সমুদ্রবন্দরটি এই অঞ্চলের দেশগুলোর সমুদ্রবন্দরের চাহিদা মেটাতেও ভূমিকা রাখতে পারবে। তবে ব্যবসায়ীরা বলছেন, পদ্মা সেতু নির্মিত না হওয়া পর্যন্ত তারা পায়রা বন্দর ব্যবহার করতে পারবেন না। বাংলাদেশের সমুদ্রবন্দরগুলো এখন সবচেয়ে বেশি ব্যবহার করছে পোশাক শিল্প। বন্দরের আমদানি-রপ্তানি কার্যক্রমের প্রায় ৮০ শতাংশ করে এই শিল্প। গবেষণা প্রতিষ্ঠান সিপিডির অতিরিক্ত গবেষণা পরিচালক ড. খন্দকার গোলাম মোয়াজ্জেম বলছেন, সড়ক ও রেল অবকাঠামো গড়ে তোলা ছাড়া পায়রা বন্দরের পুরো সক্ষমতা কাজে লাগানো যাবে না।",18.18,5.04,13.22
news-37304627,বাংলাদেশের রাজধানী ঢাকার কয়েকটি এলাকায় অভিযান চালিয়ে এক কোটি টাকার বেশি জাল নোট উদ্ধারের কথা জানিয়েছে র‍্যাব।,র‍্যাব কর্মকর্তারা ঢাকার জুরাইন ও বনশ্রী এলাকা থেকে জালনোটের সাথে জড়িত থাকার অভিযোগে পাঁচজনকে আটক করেছেন। আটককৃতদের মধ্যে একজন সাবেক ব্যাংক কর্মী বলা হলেও তার পরিচয় প্রকাশ করা হয়নি। বাংলাদেশ ব্যাংক জাল নোটের প্রচলন বন্ধে ব্যবস্থা নিলেও ঈদকে সামনে রেখে জাল টাকা বাজারে ছড়িয়ে দেয়ার চেষ্টা হচ্ছে বলে পুলিশ ধারণা করছে।,11.43,2.94,5.71
news-41897316,মার্কিন প্রেসিডেন্ট নির্বাচনের প্রচারণার সময় থেকেই ডোনাল্ড ট্রাম্পের কন্যা রয়েছেন আলোচনায়।,মার্কিন প্রেসিডেন্ট ডোনাল্ড ট্রাম্পের কন্যা ইভাঙ্কা ট্রাম্প তার পিতার একজন উপদেষ্টা হিসেবে দায়িত্ব পালন করছেন। তিনি জাপানে গিয়েছিলেন তার পিতার সফরের আগে এবং সেখানে তিনি গুরুত্বপূর্ণ কিছু অনুষ্ঠানে অংশ নিয়েছিলেন। জাপানের নারীরা ইভাঙ্কাকে দেখেছেন একজন শক্তিশালী নারী হিসেবে যিনি ফ্যাশন এবং রাজনীতির মধ্যে ভারসাম্য বজায় রাখতে পারেন।,17.24,10.71,17.24
news-41759180,ব্রিটিশ নারী রেবেকা ব্রাউনের পালক অভিভাবকেরা পাকিস্তানি মুসলিম।,"রেবেকা ব্রাউন নামের এক নাস্তিক কিশোরী তার পালক পরিবারের সাথে বসবাস করছে, যারা মুসলিম। তার বন্ধুরা তাকে প্রশ্ন করে যে কেন সে সন্ত্রাসীদের সাথে থাকতে চায়, কিন্তু রেবেকা বলে যে তার পালক পরিবার সাধারণ মানুষ এবং তারা তাকে ভালোবাসে। রেবেকা ১২ বছর বয়স থেকে এই পরিবারের সাথে বাস করছে এবং এখন সে ঠিক করেছে যে সে এই পরিবারের সাথেই থাকবে।",8.82,0.0,8.82
news-51233805,সমুদ্র থেকে লাফিয়ে উঠে একটি মাছ তার ঘাড় ছিদ্র করে ফেলে এবং সেই অবস্থাতেই তিনি সাঁতরে তীরে পৌঁছে হাসপাতালের দিকে ছোটেন - এভাবেই নিজের সাথে ঘটে যাওয়া অদ্ভূত ঘটনার বর্ণনা দিচ্ছিলেন ইন্দোনেশিয়ার এক কিশোর।,ইন্দোনেশিয়ার এক যুবকের ঘাড়ে একটি নীডলফিশ আঘাত করে এবং তার ঘাড় জুড়ে ঢুকে যায়। মুহম্মদ ইদুল নামের এই যুবক তার বন্ধুর সাথে সমুদ্রে মাছ ধরতে গিয়েছিলেন। মাছের আঘাতে তিনি নৌকা থেকে পানিতে পড়ে যান এবং তারপর তীরের দিকে সাঁতার কেটে যান। হাসপাতালে যাওয়ার পর চিকিৎসকরা তার ঘাড় থেকে মাছটি সরিয়ে ফেলেন। এই ঘটনার ছবি সোশ্যাল মিডিয়ায় ছড়িয়ে পড়ার পর মুহম্মদ ইদুল বেশ পরিচিতি পান।,26.8,4.21,12.37
news-46354209,আন্তর্জাতিক জলসীমা লঙ্ঘনের অভিযোগে রাশিয়া ইউক্রেনের নৌবাহিনীর তিনটি জাহাজ আটকের পর দু'দেশের মধ্যে এখন তীব্র উত্তেজনা বিরাজ করছে।,"রাশিয়া ইউক্রেনের তিনটি জাহাজ আটক করার পর দুই দেশের মধ্যে উত্তেজনা বেড়েছে। ইউক্রেনের জাহাজগুলো ক্রাইমিয়া উপদ্বীপের কাছে কের্চ স্ট্রেইট অতিক্রম করার চেষ্টা করেছিল, যেখানে রাশিয়ান সীমান্তরক্ষীরা তাদের আটক করে। এই ঘটনায় ইউক্রেনের ছয় নাবিক আহত হয়েছেন। এটি সাম্প্রতিক বছরগুলোতে রাশিয়া এবং ইউক্রেনের মধ্যে সশস্ত্র দ্বন্দ্বের প্রথম ঘটনা। ইউক্রেনের পূর্বাঞ্চলে রাশিয়া সমর্থিত বিচ্ছিন্নতাবাদীদের সাথে লড়াই করার পাশাপাশি দেশটি রাশিয়ার সাথে উত্তেজনাপূর্ণ পরিস্থিতির মধ্যে রয়েছে।",19.51,7.5,19.51
151209_anti_corruption_day,"বাংলাদেশে যে প্রত্যাশা নিয়ে দুর্নীতি দমন কমিশন গঠিত হয়েছিল, সেটা খুব একটা পূরণ করতে পারেনি প্রতিষ্ঠানটি।","দুর্নীতি বিরোধী সংস্থা ট্রান্সপারেন্সি ইন্টারন্যাশনাল বাংলাদেশের নির্বাহী পরিচালক ড. ইফতেখারুজ্জামান বলেছেন, দুর্নীতি দমন কমিশন খুব একটা প্রত্যাশা পূরণ করতে পারেনি। তিনি বলেন, কমিশনের ক্ষমতা, নিরপেক্ষতা এবং কার্যকারিতা নিয়ে নানা প্রশ্ন রয়েছে জনমনে। ড. ইফতেখারুজ্জামান আরও বলেন, কমিশন নিজেই অনেক সময় বলছে তাদের 'দায়মুক্তি' দেয়া হচ্ছে।",32.79,16.95,26.23
news-40769203,ভারতে বসবাসকারী বাংলাদেশী লেখিকা তসলিমা নাসরিনকে স্থানীয় জনতার বিক্ষোভের মুখে মহারাষ্ট্রের আওরঙ্গাবাদ বিমানবন্দর থেকে শনিবার রাতে ফিরে যেতে হয়েছে।,বাংলাদেশী লেখিকা তসলিমা নাসরিন ভারতের আওরঙ্গাবাদ শহরে প্রবেশে বাধা হয়েছে। মুসলিম সংগঠন অল ইন্ডিয়া মজলিস-ই-ইত্তেহাদুল মুসলিমিন (এআইএমআইএম) এর কর্মীরা বিমানবন্দরের বাইরে বিক্ষোভ করে তাকে শহরে প্রবেশ করতে দেয়নি। পুলিশ তসলিমা নাসরিনকে বিমানবন্দরে বাইরে বেরোনোর অনুমতি দেয়নি এবং শেষ পর্যন্ত তিনি ফিরতি বিমানে মুম্বই ফিরে যান।,21.21,9.38,15.15
news-54494037,"মার্কিন প্রেসিডেন্ট নির্বাচনের প্রচারাভিযানে বড় ইস্যুগুলো অবশ্যই করোনাভাইরাস মহামারি, সুপ্রিম কোর্ট এবং পুলিশ ব্যবস্থার সংস্কার। কিন্তু এর বাইরে লক্ষ লক্ষ আমেরিকান কথা বলছেন আরো বিচিত্র এবং উদ্ভট এক বিষয় নিয়ে।","কিউএ্যানন একটি ষড়যন্ত্র তত্ত্ব যা সামাজিক মাধ্যমে দ্রুত ছড়িয়ে পড়ছে। এই তত্ত্ব অনুসারে, প্রেসিডেন্ট ডোনাল্ড ট্রাম্প একটি গোপন যুদ্ধ চালাচ্ছেন মার্কিন সরকার, ব্যবসা-বাণিজ্য এবং সংবাদ মাধ্যমের জগতের মধ্যে ঘাপটি মেরে থাকা কিছু লোকের বিরুদ্ধে। এই লোকেরা এলিট শ্রেণীর, শয়তানের উপাসক এবং পিডোফাইল। এই তত্ত্বে বিশ্বাস করে হাজার হাজার লোক, যারা মনে করেন একদিন হিলারি ক্লিনটনের মত কিছু বিখ্যাত লোককে এসব অভিযোগে গ্রেফতার করে তাদের মৃত্যুদণ্ড কার্যকর করা হবে। এই তত্ত্বের সাথে প্রতিনিয়ত নতুন নতুন গল্প যোগ হচ্ছে, যা সামাজিক মাধ্যমে দ্রুত ছড়িয়ে পড়ছে। এই তত্ত্বের প্রতি সতর্ক থাকা প্রয়োজন, কারণ এটি সমাজে বিভাজন এবং অস্থিতিশীলতা সৃষ্টি করতে পারে।",6.2,0.0,4.65
news-57127385,বাংলাদেশে করোনাভাইরাসে আক্রান্ত হয়ে গত ২৪ ঘণ্টায় ২২ জনের মৃত্যু হয়েছে বলে স্বাস্থ্য অধিদপ্তর জানিয়েছে।,বাংলাদেশে করোনাভাইরাসে আক্রান্ত হয়ে গত ২৪ ঘণ্টায় ২২ জনের মৃত্যু হয়েছে। এছাড়া নতুন করে আরও ২৬১ জন কোভিড-১৯ রোগী শনাক্ত হয়েছেন। এ নিয়ে বাংলাদেশে করোনাভাইরাসে আক্রান্ত হিসেবে মোট শনাক্ত হলেন মোট সাত লাখ ৭৯ হাজার ৭৯৬ জন। করোনাভাইরাসের সংক্রমণ ঠেকাতে মাস্কের ব্যবহার বাড়া,37.29,35.09,37.29
news-55728745,যুক্তরাষ্ট্রে চার বছরের মেয়াদ শেষে বিদায় নিচ্ছেন প্রেসিডেন্ট ডোনাল্ড ট্রাম্প। একইসঙ্গে নতুন প্রেসিডেন্ট হিসাবে অভিষেক হতে যাচ্ছে জো বাইডেনের। তার সঙ্গে শপথ নেবেন ভাইস প্রেসিডেন্ট কমালা হ্যারিস।,"যুক্তরাষ্ট্রের বিদায়ী প্রেসিডেন্ট ডোনাল্ড ট্রাম্প বলেছেন, তিনি যা করতে এসেছিলেন, তা তারা করেছেন এবং আরও অনেক কিছু করেছেন। তিনি আরও বলেছেন, তিনি অনেক কঠিন লড়াইয়ের মুখোমুখি হয়েছেন, যা তাকে এই পদে নির্বাচিত করা হয়েছিল। জো বাইডেন বুধবার নতুন প্রেসিডেন্ট হিসেবে শপথ নেবেন এবং তার অভিষেক অনুষ্ঠান হবে ক্যাপিটল ভবনের সামনের চত্বরে।",25.64,10.53,17.95
news-43170672,"তাদের লক্ষ্য করে থুথু ছোঁড়া হতো, ঢিল মারা হতো, পথের পাশে বোমা পুঁতে রাখা হতো।","আফগানিস্তানের মহিলা ফুটবল দল গঠিত হয় ২০১০ সালে, কিন্তু দেশের সামাজিক ও রাজনৈতিক পরিস্থিতির কারণে তারা দেশের বাইরে অনুশীলন ও খেলা করতে বাধ্য হয়। দলের কোচ কেলি লিন্ডসে বলেছেন যে দেশের মহিলারা ফুটবল খেলার জন্য প্রচুর চ্যালেঞ্জের মুখোমুখি হয়, এবং তাদের পরিবারও সমাজের চোখে দোষী বলে বিবেচিত হয়। আফগানিস্তানের মহিলা ফুটবল দল বিশ্বকাপে খেলার জন্য প্রস্তুতি নিচ্ছে, কিন্তু তাদের সামনে রয়েছে অনেক চ্যালেঞ্জ।",2.56,0.0,2.56
news-44588536,সিন্ডিকেটের মাধ্যমে অভিবাসন ব্যয় বাড়ানোর অভিযোগে বাংলাদেশ থেকে মালয়েশিয়ায় কর্মী পাঠানোর চলতি পদ্ধতি বাতিল করে দিয়েছে মালয়েশিয়া সরকার।,"মালয়েশিয়ায় বাংলাদেশি শ্রমিক পাঠানো স্থগিত করা হয়েছে। মালয়েশিয়ার মানবসম্পদমন্ত্রী এম কুলাসেগারান জানিয়েছেন, মানব পাচার ও অভিবাসন ব্যয় বাড়ানোর অভিযোগে রিক্রুটিং এজেন্সিগুলোর বিরুদ্ধে তদন্ত শুরু হয়েছে। বাংলাদেশের জনশক্তি রপ্তানিকারকদের সংগঠন বায়রার সহ-সভাপতি মো ফারুক বলেছেন, বর্তমানে বাংলাদেশ থেকে মালয়েশিয়া যেতে প্রায় চার লাখ কুড়ি হাজার টাকা খরচ হয়।",24.24,12.5,21.21
news-41079116,দুজন নারী শিষ্যকে ধর্ষণের দায়ে ভারতের বিতর্কিত ধর্মীয় গুরু গুরমিত রাম রহিম সিং-কে ২০ বছরের কারাদণ্ড দিয়েছে দেশটির আদালত।,"ভারতের বিতর্কিত ধর্মীয় গুরু গুরমিত রাম রহিম সিং-কে ২০ বছরের সাজা দিয়েছে দেশটির আদালত। ডেরা সাচ্চা সওদার ভেতরের চিত্র এরপর তার অনুসারীরা যে বিক্ষোভ শুরু করে, তাতে অন্তত ৩৮ জন নিহত হয়। তার প্রায় ৪০ হাজার অনুসারী জমায়েত হয়েছে হরিয়ানার সিরসা শহরে তার প্রধান আশ্রম, 'ডেরা সাচ্চা সওদা'।",40.58,35.82,40.58
news-45298569,আমেরিকার অ্যারিজোনায় এক পুরনো কেএফসি দোকান থেকে মেক্সিকো পর্যন্ত মাদক পাচারের একটা গোপন সুড়ঙ্গ খুঁজে পেয়েছে আমেরিকান কর্তৃপক্ষ।,"মার্কিন যুক্তরাষ্ট্রের অ্যারিজোনা রাজ্যের সান লুই এলাকায় একটি পুরনো রেস্তোঁরার মাটির নিচে একটি ৬০০ ফুট দীর্ঘ সুড়ঙ্গ আবিষ্কৃত হয়েছে। এই সুড়ঙ্গটি মেক্সিকো থেকে অবৈধ মাদক পাচারের জন্য ব্যবহার করা হতো বলে সন্দেহ করা হচ্ছে। সুড়ঙ্গটি খুঁজে পেয়েছে গত সপ্তাহে এবং রেস্তোঁরার মালিককে গ্রেপ্তার করা হয়েছে। সুড়ঙ্গটি ২২ ফুট গভীর, ৫ ফুট উঁচু এবং ৩ ফুট চওড়া। এই সুড়ঙ্গের অন্য মুখটির গোপন দরোজাটি রয়েছে মেক্সিকোর এক বাসায় একটি ঘরের খাটের নিচে। ধারণা করা হচ্ছে অবৈধ মাদকের চালান এই সুড়ঙ্গ থেকে পাচার করা হতো।",20.0,4.08,12.0
news-56660057,"র‍্যাব বলছে, তারা রফিকুল ইসলাম নামে এক ব্যক্তিকে আটক করেছে, যিনি 'শিশু বক্তা' হিসেবে বাংলাদেশে বেশ পরিচিতি লাভ করেছেন।","র‍্যাব জানিয়েছে, নেত্রকোনা থেকে 'রাষ্ট্রবিরোধী ও উস্কানিমূলক' বক্তব্য দেয়ার অভিযোগে একজনকে আটক করা হয়েছে। তার নাম রফিকুল ইসলাম মাদানী। তিনি বিভিন্ন স্থানে ওয়াজ মাহফিলে বক্তব্য দিয়ে পরিচিতি পেয়েছেন। ভারতীয় প্রধানমন্ত্রী নরেন্দ্র মোদীর বাংলাদেশ সফরের বিরুদ্ধে বিক্ষোভে তাকে কড়া ভাষায় বক্তব্য দিতে দেখা গেছে।",18.75,6.45,15.62
news-40846970,ভারতের লাখ লাখ বিবাহিত নারী কখনোই তাদের স্বামীর নাম মুখে উচ্চারণ করেননি-স্বামীর প্রতি শ্রদ্ধা দেখানোর উদ্দেশ্যেই এমনটি করেন তারা।,"ভারতের নারী অধিকারকর্মীরা গ্রামের মহিলাদের বুঝাচ্ছেন যেন তারা পুরনো অভ্যাস ছেড়ে স্বামীর নাম ধরেই ডাকেন। ভারতের অনেক গ্রামে একটি প্রথা রয়েছে যেখানে স্ত্রীকে স্বামীর নাম মুখে উচ্চারণ করা নিষিদ্ধ। এই প্রথা অনুসারে, স্বামীর নাম মুখে আনলে স্বামীর অমঙ্গল হয় বা স্বামীর আয়ু কমে যায়।",25.0,9.68,21.88
news-55201330,বাংলাদেশের দক্ষিণাঞ্চলে দুই দশক আগে জেগে ওঠা দ্বীপ ভাসানচরে একটি দিন পার করেছে সেখানে স্থানান্তরিত রোহিঙ্গা শরণার্থীরা। সেখানকার পরিবেশ দেখে বেশিরভাগ রোহিঙ্গা তাদের সন্তুষ্টির কথা জানিয়েছেন।,"বাংলাদেশ সরকার কক্সবাজারের রোহিঙ্গা শিবির থেকে ১৬৪২ জন রোহিঙ্গাকে ভাসানচরে স্থানান্তর করেছে। রোহিঙ্গারা ভাসানচরে নতুন পাকা ঘর এবং স্বাস্থ্যসম্মত এলাকা পেয়ে উচ্ছ্বাস প্রকাশ করেছেন। তবে, মানবাধিকার সংস্থা হিউম্যান রাইটস ওয়াচ এই স্থানান্তরের বিরোধিতা করেছে, যারা বলেছে যে আন্তর্জাতিক সংস্থাগুলোর সমন্বয়ে কারিগরি মূল্যায়ন ছাড়াই এই স্থানান্তর করা উচিত হয়নি।",8.11,0.0,5.41
news-53707384,গাছ কেটে ফসলের ক্ষেত তৈরি এবং বাসাবাড়ি গড়ে তোলার কারণে প্রাণী থেকে মানুষের শরীরে সংক্রমিত হয় এমন রোগের জীবাণু ছড়িয়ে পড়ার সম্ভাবনা বাড়ছে বলে বিজ্ঞানীরা বলছেন।,"প্রাকৃতিক ভূমি উজাড় করার ফলে বন্য প্রাণী পালিয়ে যায় এবং তাদের জায়গায় আসে রোগবালাই ছড়ানোর সম্ভাবনা বেশি থাকা প্রাণী। এই প্রাণীদের মধ্যে ইঁদুর প্রধান, যারা বেশ কয়েক ধরনের রোগের জীবাণু বহন করে। বিশ্বের অর্ধেক আবাসযোগ্য ভূমি মানুষের হাতে পরিবর্তিত হয়েছে, যার ফলে প্রাণী থেকে মানুষের মধ্যে রোগ ছড়িয়ে পড়ার সম্ভাবনা বেড়েছে।",23.38,13.33,18.18
news-48917846,কৃত্রিম বুদ্ধিমত্তার সাহায্যে রানওয়ে চিহ্নিত করে অটোপাইলটের মাধ্যমে অবতরণ করেছে একটি বিমান।,জার্মানির ব্রাউনশভাইক এবং মিউনিখের প্রযুক্তি বিশ্ববিদ্যালয়ের গবেষকরা একটি নতুন পদ্ধতির উদ্ভাবন করেছেন যার মাধ্যমে কৃত্রিম বুদ্ধিমত্তা ব্যবহার করে রানওয়ে চিহ্নিত করা যায়। এই পদ্ধতিটি রানওয়ের ভিজ্যুয়াল তথ্য সংগ্রহ করে বিমানের ফ্লাইট কন্ট্রোলকে সমন্বয় করে কোন মানুষের সহায়তা ছাড়াই। এটি স্বাভাবিকভাবে দৃশ্যমান আলো এবং ইনফ্রারেড রশ্মি বা অবলোহিত বিকিরণ সবই শনাক্ত করতে পারে এবং কুয়াশাচ্ছন্ন আবহাওয়ার মধ্যেও অবতরণের স্থান শনাক্ত করতে পারে।,16.44,2.82,10.96
news-41662162,"ভারতের উত্তরপূর্বাঞ্চলীয় ত্রিপুরার রাজ্যপাল তথাগত রায় মন্তব্য করেছেন যে দীপাবলির সময়ে ভারতে যে বাজি ফাটানো হয়, তা থেকে যেমন কয়েকদিন শব্দ দূষণ হয়, তেমনই সারা বছর মসজিদ থেকে আজান দেওয়ার ফলেও শব্দ দূষণ ঘটে।","ত্রিপুরার রাজ্যপাল তথাগত রায় সামাজিক মাধ্যমে একটি বিতর্কিত মন্তব্য করেছেন। তিনি বলেছেন, বাজি ফাটানোর শব্দ দূষণ নিয়ে লড়াই হয়, কিন্তু মসজিদের আজানের শব্দ দূষণ নিয়ে কেউ লড়াই করে না। তার এই মন্তব্য নিয়ে বিতর্ক তৈরি হয়েছে। তথাগত রায় বলছেন, তিনি বায়ু দূষণ নিয়ে কিছু বলেননি, শুধু শব্দ দূষণ নিয়ে লিখেছেন। তিনি বলছেন, বাজি এবং আজান উভয়ই শব্দ দূষণ ঘটায়, তাই উভয়কেই একই মাপকাঠিতে দেখা উচিত।",26.26,12.37,26.26
news-49843290,"বাংলাদেশে অবৈধ ক্যাসিনো বাণিজ্য, টেন্ডার এবং চাঁদাবাজিসহ দুর্নীতির বিরুদ্ধে চলমান অভিযানে গ্রেফতাকৃতদের পাহাড় সমান সম্পদ বা অর্থের নানান গল্প এখন প্রকাশিত হচ্ছে।","বাংলাদেশের ক্ষমতাসীন দল আওয়ামী লীগের নেতাদের বিরুদ্ধে দুর্নীতি ও অবৈধ কার্যক্রমের অভিযোগে অভিযান চালানো হচ্ছে। এই অভিযানে অনেক নেতার বাড়ি থেকে বিপুল পরিমাণ অর্থ উদ্ধার করা হয়েছে। অনেকে প্রশ্ন তুলছেন, রাজনৈতিক প্রভাব ছাড়া কি বাংলাদেশে ব্যবসা করা সম্ভব? একজন নারী উদ্যোক্তা বলছেন, তাকে স্থানীয় রাজনৈতিক নেতাদের চাঁদা দিতে হয়, যা গত কয়েক বছর ধরে বেড়ে গেছে। তিনি বলছেন, রাজনৈতিক প্রভাবের কাছে হার মেনে বা সমঝোতার মাধ্যমে তিনি তার ব্যবসা চালিয়ে যাচ্ছেন।",12.9,0.0,6.45
news-44952782,এই 'হ্রদ'টি পাওয়া গেছে মঙ্গলগ্রহের দক্ষিণ মেরুতে। বরফে আচ্ছাদিত এই হ্রদের আয়তন হবে ২০ কিলোমিটারের মত।,"মঙ্গলগ্রহের দক্ষিণ মেরুতে বরফের নীচে একটি স্থায়ী জলাধারের অস্তিত্ব পাওয়া গেছে। মার্শ এক্সপ্রেস নামে নভোযানের মারসিস রেডার এই জলাধারের সন্ধান পেয়েছে, যা কমপক্ষে এক মিটার গভীর। এই আবিষ্কার মঙ্গলগ্রহে প্রাণের অস্তিত্বের সম্ভাবনা বাড়িয়েছে, কিন্তু এখনও নিশ্চিত করে বলা যায় না।",24.56,10.91,14.04
news-44640577,"এবার বিশ্বকাপে মেক্সিকো সমর্থকরা আরেকটি দেশকে প্রাণখুলে অভিনন্দিত করেছে, সেটি হলো দক্ষিণ কোরিয়া।",বিশ্বকাপের গ্রুপ পর্বে জার্মানির কাছে পরাজিত হয়েও মেক্সিকো পরের রাউন্ডে খেলার সুযোগ পেয়েছে। দক্ষিণ কোরিয়ার কাছে পরাজিত হওয়ায় জার্মানি বিশ্বকাপ থেকে বিদায় নিয়েছে। এই ফলাফলে মেক্সিকোর সমর্থকরা দক্ষিণ কোরিয়ার প্রতি কৃতজ্ঞতা জানিয়েছে। মেক্সিকোর সমর্থকরা দক্ষিণ কোরিয়ার পতাকা হাতে উদযাপন করেছে। সামাজিক মাধ্যমেও মেক্সিকোর সমর্থকরা দক্ষিণ কোরিয়ার প্রতি কৃতজ্ঞতা জানিয়েছে।,12.9,0.0,12.9
news-44948841,ঢাকায় হঠাৎ করেই মঙ্গলবার দুপুরে কমিউনিস্ট পার্টি (সিপিবি)কার্যালয়ে গিয়ে উপস্থিত হয়েছিলেন ক্ষমতাসীন আওয়ামী লীগের সাধারণ সম্পাদক ওবায়দুল কাদের।,"বাংলাদেশের রাজনৈতিক দৃশ্যপটে একটি নতুন জোট গঠিত হয়েছে, যার নেতৃত্বে রয়েছে সিপিবি। এই জোটের সাথে আওয়ামী লীগের সংলাপ শুরু হয়েছে, যা নিয়ে রাজনৈতিক মহলগুলোতে কৌতূহল সৃষ্টি হয়েছে। আওয়ামী লীগের নেতারা বলছেন, এই সংলাপের লক্ষ্য হলো একটি অংশগ্রহণমূলক নির্বাচন অনুষ্ঠানের জন্য সমস্ত রাজনৈতিক দলকে একত্রিত করা। তবে, সিপিবি নেতৃত্বাধীন জোটের নেতারা বলছেন, তারা আওয়ামী লীগের সাথে কোনো রাজনৈতিক চুক্তি করবে না।",7.59,2.6,7.59
news-46614409,পাকিস্তানে অবৈধভাবে অনুপ্রবেশ করে ছয় বছর আটকে থাকার পর এক ভারতীয় এক ব্যক্তি তাঁর নিজের দেশে ফেরত এসেছেন।,হামিদ আনসারি নামের এক ভারতীয় নাগরিককে পাকিস্তানের ভুয়া পরিচয়পত্র সহ আটক করার পর কারাদণ্ড দেয়া হয়। তিনি পাকিস্তানে এক নারীর প্রেমের টানে সে দেশে ছুটে গিয়েছিলেন। তাঁর পরিবার গত এক বছর ধরে তাকে দেশে ফিরিয়ে আনার সর্বাত্মক চেষ্টা করেছে। গত রবিবার তাঁর কারাদণ্ডের মেয়াদ শেষ হওয়ার পর অন্যান্য আনুষ্ঠানিকতা শেষ করতে আরো কয়েকদিন সময় লেগেছে। হামিদ আনসারি মুম্বাই কলেজের ভাইস-প্রিন্সিপাল ফৌজিয়া আনসারি এবং ব্যাংকার নিহাল আনসারির ছোট ছেলে। তিনি ২০১২ সালে ৩৩ বছর বয়সী হামিদ আনসারি একটি শিক্ষা প্রতিষ্ঠানে প্রভাষক হিসেবে যোগ দিয়েছিলেন। মঙ্গলবার সীমান্তে পরিবারের সাথে একত্রিত হলেন হামিদ আনসারি।,14.55,1.85,9.09
news-47207508,ভারতের রাজধানী দিল্লির একটি জনবহুল এলাকায় হোটেলে আগুন লেগে অন্তত ১৭ জনের মৃত্যু হয়েছে। মৃতদের মধ্যে এক নারী ও একটি শিশুও রয়েছে।,ভারতের রাজধানী দিল্লির কারোল বাগ এলাকার একটি হোটেলে আগুন লেগে ১৭ জনের মৃত্যু হয়েছে। আগুনের গ্রাস থেকে বাঁচতে অনেকে হোটেলের জানালা থেকে ঝাঁপ দিয়েছেন। দমকল কর্মীরা হোটেল থেকে ৩৫ জনকে উদ্ধার করতে পেরেছেন।,40.0,26.42,40.0
news-48436492,"ভারতে সদ্যনির্বাচিত নতুন লোকসভায় বিজেপির একজনও মুসলিম এমপি না-থাকায় প্রশ্ন উঠছে, প্রধানমন্ত্রী নরেন্দ্র মোদী যে দেশের সবাইকে নিয়ে চলার কথা বলছেন তা শাসক দল আদৌ কতটা রক্ষা করতে পারবে।","ভারতের সাম্প্রতিক নির্বাচনে বিজেপি একার শক্তিতে গরিষ্ঠতা পেয়েছে, কিন্তু তাদের কোনও মুসলিম প্রার্থী জিততে পারেনি। বিজেপি মুসলিম প্রার্থীদের মনোনয়ন দেওয়ার ব্যাপারে সংশয়বাদী, যা সংখ্যালঘু সম্প্রদায়ের মধ্যে বিশ্বাসযোগ্যতার সমস্যা তৈরি করেছে। অ্যাক্টিভিস্ট ও লেখিকা ফারাহ নকভি মনে করেন যে বিজেপির মুসলিমদের প্রতি আচরণ তাদের বিশ্বাসযোগ্যতাকে আরও ক্ষুন্ন করেছে।",7.79,0.0,5.19
news-49888740,"বাংলাদেশের দক্ষিণাঞ্চলীয় শহর খুলনায় সোমবার সন্ধ্যায় একটি ছোটখাটো বোমা বিষ্ফোরণের দায় স্বীকার করেছে তথাকথিত ইসলামিক স্টেট জঙ্গি গোষ্ঠি, যেটি আইএস নামে সমধিক পরিচিত।","খুলনার ফুলতলা থানার শিরোমণি এলাকায় সরকারি দল আওয়ামী লীগের একটি কার্যালয়ে বোমা বিস্ফোরণ ঘটেছে। এই বিস্ফোরণে কোন হতাহতের ঘটনা ঘটেনি বলে জানিয়েছে পুলিশ। বিশ্বব্যাপী সন্ত্রাসী গোষ্ঠীগুলোর কার্যক্রম পর্যবেক্ষণকারী মার্কিন সংস্থা সাইট ইন্টেলিজেন্স এক টুইট বার্তায় জানিয়েছে, বিস্ফোরণের পর কাযালয়ের ভেতরের আসবাবপত্র লণ্ডভণ্ড হয়ে যায়।",5.97,0.0,5.97
news-48881058,"মনে করুন আপনি আপনার বন্ধুর সঙ্গে চা পান করছেন। আপনার বন্ধু আপনাকে বললো, সৌরজগতে পৃথিবী আর মঙ্গলগ্রহের মাঝখানে কোন এক জায়গায় একটি চায়ের কেটলি আছে যেটি সূর্যকে প্রদক্ষিণ করছে।","ব্রিটিশ দার্শনিক বার্ট্রান্ড রাসেল ১৯৫২ সালে একটি নিবন্ধে মহাশূণ্যে একটি চায়ের কেটলি ভেসে বেড়াচ্ছে এমন একটি উদাহারণ দেন। এই উদাহারণটি দিয়ে তিনি ঈশ্বরের অস্তিত্ব সম্পর্কে প্রশ্ন তোলেন এবং বলেন যে এই ধরনের একটি কেটলির অস্তিত্ব প্রমাণ করা বা খণ্ডন করা সম্ভব নয়। এই উদাহারণটি ""রাসেলের টিপট"" নামে পরিচিত এবং আস্তিক ও নাস্তিকদের মধ্যে বিতর্কের একটি গুরুত্বপূর্ণ বিষয়।",6.98,4.76,6.98
news-48671908,গতকাল ইংল্যান্ডের টনটনে ওয়েস্ট ইন্ডিজের বিপক্ষে বাংলাদেশের জয়ের পর সামাজিক মাধ্যমে বিশেষ করে টুইটারে বিশ্বের সাবেক বর্তমান ক্রিকেটার এবং ধারাভাষ্যকাররা নানা রকম মন্তব্য করেছেন।,বাংলাদেশ জাতীয় ক্রিকেট দলের ওয়েস্ট ইন্ডিজের বিপক্ষে জয়ের পর সাকিব আল হাসানের নৈপুণ্যের প্রশংসা করেছেন অনেকে। পাকিস্তানের সাবেক অধিনায়ক শহীদ আফ্রিদি সাকিব আল হাসান এবং লিটন দাসের নৈপুণ্যের প্রশংসা করেছেন। ভারতের সাবেক অধিনায়ক সৌরভ গাঙ্গুলীর শুভেচ্ছা বার্তায় ধন্যবাদ জানিয়েছেন সাকিব আল হাসান। সাকিব আল হাসানের প্রশংসা করেছেন শ্রীলঙ্কার সাবেক ক্রিকেটার ও বর্তমান ধারাভাষ্যকার রাসেল আর্নল্ড। সাকিব আল হাসানের প্রশংসা করেছেন ভারতের সাবেক পেসার ইরফান পাঠান। সাকিব আল হাসানের প্রশংসা করেছেন পাকিস্তানের সাবেক পেস বোলার শোয়েব আক্তার।,20.0,6.12,16.0
news-48556580,বিশ্বকাপ ক্রিকেটে আগামীকাল শনিবার বাংলাদেশ দল মুখোমুখি হবে ইংল্যান্ডের। কার্ডিফে অনুষ্ঠিত হবে এই ম্যাচ। এই মাঠে কখনো হারেনি বাংলাদেশ। এর আগে দুটো ম্যাচ খেলে তারা দুটোতেই জয়লাভ করেছে। ২০০৫ সালে হারিয়েছে অস্ট্রেলিয়াকে এবং ২০১৭ সালে তারা হারিয়েছে নিউজিল্যান্ডকে।,"বাংলাদেশ জাতীয় ক্রিকেট দলের কোচ স্টিভ রোডস বলেছেন, তিনি ইংল্যান্ডের বিপক্ষে খেলার অনুভূতি এখনো জানেন না। তিনি বলেছেন, ইংল্যান্ড হট ফেভারিট, আর তিনি আন্ডারডগ থাকতেই পছন্দ করেন। তিনি বলেছেন, তিনি আপাদমস্তক ইংলিশ হলেও বাংলাদেশের হয়ে ইংল্যান্ডকে হারাতে চান।",5.26,0.0,5.26
news-48941481,"''মানুষ বড়ো কাঁদছে, তুমি মানুষ হয়ে পাশে দাঁড়াও/ মানুষই ফাঁদ পাতছে, তুমি পাখির মতো পাশে দাঁড়াও।''",ইউরোপে আশ্রয় পাওয়ার আশায় ভূমধ্যসাগর পারাপার করার সময় অনেক মানুষ মারা যাচ্ছে। তাদের মধ্যে অনেকেই শিশু। এই মৃত্যুর ঘটনাগুলো মানবতাকে ব্যথিত করছে। এই মৃত্যুর ঘটনাগুলো আমাদেরকে চিন্তা করতে বাধ্য করছে যে আমরা কি এই মানুষগুলোর পাশে দাঁড়াতে পারছি কিনা। এই প্রশ্নটি আমাদেরকে আমাদের মানবতার প্রতি আমাদের দায়িত্ব সম্পর্কে চিন্তা করতে বাধ্য করছে।,5.88,0.0,5.88
news-40898587,"চীন বলছে সেদেশের সবচেয়ে বড় ও জনপ্রিয় তিনটি সামাজিক যোগাযোগ প্ল্যাটফর্ম - ওয়েবো, উইচ্যাট এবং বাইদু তিয়েবার বিরুদ্ধে তারা তদন্ত করছে। তাদের বিরুদ্ধে সাইবার নিরাপত্তা আইন লংঘনের অভিযোগ উঠেছে।","চীনের সাইবারস্পেস প্রশাসন উইচ্যাট, ওয়েবো এবং বাইদু তিয়েবার বিরুদ্ধে অভিযোগ করেছে যে এই তিনটি প্ল্যাটফর্মে সন্ত্রাস-সম্পর্কিত বিষয়, গুজব এবং অশ্লীলতা ছড়ানো হচ্ছে। এই অভিযোগের ফলে জাতীয় নিরাপত্তা লংঘিত হচ্ছে বলে প্রশাসন জানিয়েছে। এই তিনটি সাইটেই চীনের কোটি কোটি মানুষ সক্রিয়ভাবে অংশ নেয়। চীনে ইন্টারনেট কনটেন্টের ওপর ইতিমধ্যেই সরকারের কড়া নজরদারি এবং সেন্সরশিপ আছে। বাইদু ইতিমধ্যেই ""দুঃখপ্রকাশ"" করেছে এবং সরকারের সঙ্গে সহযোগিতা করার আশ্বাস দিয়েছে। তবে উইচ্যাট আর ওয়েবোর মালিক সংস্থা টেনসেট-এর পক্ষ থেকে এখনও কোনো প্রতিক্রিয়া পাওয়া যায়নি।",16.67,5.66,11.11
news-54308790,ইসলাম ধর্মের অবমাননার দায়ে নাইজেরিয়ার আদালত ১৩বছর বয়সী এক কিশোরকে দশ বছরের কারাদণ্ড দেয়ার পর পোল্যান্ডের একজন ঐতিহাসিক প্রস্তাব দিয়েছেন তিনি এবং আরও কয়েকজন স্বেচ্ছাসেবী পালা করে তার সাজার মেয়াদ খাটতে রাজি আছেন।,"নাইজেরিয়ার কানো প্রদেশে এক কিশোরকে আল্লাহর প্রতি অসৌজন্যমূলক মন্তব্যের অভিযোগে শরিয়া আদালত দশ বছরের কারাদণ্ড দিয়েছে। এই রায়ের বিরুদ্ধে আপিল করা হয়েছে এবং পোল্যান্ডের এক ঐতিহাসিক নাইজেরিয়ার প্রেসিডেন্টের কাছে কিশোরকে ক্ষমা করে দেবার জন্য অনুরোধ করেছেন। ঐতিহাসিক ড. পিওতর সিউইনস্কি বলেছেন, তিনি এবং বিশ্বের বিভিন্ন দেশের ১১৯ জন স্বেচ্ছাসেবী ওই কিশোরের হয়ে প্রত্যেকে এক মাস করে কারাগারে সাজা খাটতে রাজি আছেন।",34.04,13.04,31.91
news-55064450,সিঙ্গাপুরের স্বরাষ্ট্র মন্ত্রণালয়ের বিবৃতিকে উদ্ধৃত করে দেশটির দ্য স্ট্রেইটস টাইমস পত্রিকা খবর দিয়েছে যে দেশটিতে কর্মরত ১৫ জন বাংলাদেশি নির্মাণ শ্রমিককে সিঙ্গাপুর থেকে ঢাকায় ফেরত পাঠানো হয়েছে। একই খবর দিয়েছে বার্তা সংস্থা এএফপি এবং মালয়েশিয়া নাউ নামে একটি পত্রিকা।,"সিঙ্গাপুর সরকার সন্ত্রাসী কর্মকাণ্ডে জড়িত থাকার সন্দেহে একজন বাংলাদেশিকে আটক করেছে। আটক করা বাংলাদেশির নাম আহমেদ ফয়সাল, যিনি সিঙ্গাপুরে একজন নির্মাণ শ্রমিক হিসেবে কাজ করতেন। সিঙ্গাপুর সরকার জানিয়েছে যে, তারা সাম্প্রতিক সময়ে ফ্রান্সে সন্ত্রাসী হামলার ঘটনার পর তার সামাজিক মাধ্যমে কিছু পোস্ট দিয়েছিল, যা সহিংসতায় ইন্ধন দেয় এবং সাম্প্রদায়িক সম্প্রীতি নষ্ট করে।",10.99,0.0,6.59
news-46938476,"ঢাকায় শনিবার তার দলের নির্বাচনী বিজয় উদযাপনের সময়, বহু মানুষের চোখ ছিল নির্বাচনী কারচুপির বিস্তর অভিযোগ নিয়ে কী বলেন প্রধানমন্ত্রী। কিন্তু তা নিয়ে একটি শব্দও উচ্চারণ করেনি তিনি।","প্রধানমন্ত্রী শেখ হাসিনা সমালোচনার প্রতিক্রিয়ায় মৌনতা অবলম্বন করেছেন, যা অনেককেই অবাক করেছে। তিনি তার চতুর্থ দফার শাসনে মানুষের আর্থ-সামাজিক উন্নয়ন এবং দুর্নীতি ও মাদক সমস্যা মোকাবেলাকে অগ্রাধিকার দেবেন বলে ইঙ্গিত করেছেন। রাজনৈতিক বিশ্লেষক ড. রওনক জাহান মনে করেন, প্রধানমন্ত্রী নির্বাচন নিয়ে বিরোধীদের আলোচনাকে ঘুরিয়ে ভিন্ন জনপ্রিয় ইস্যুর দিকে নিয়ে যেতে চাইছেন।",15.0,0.0,10.0
news-41451031,চলমান রোহিঙ্গা সংকটের প্রেক্ষিতে সমালোচনার মুখে থাকা মিয়ানমারের নেত্রী অং সান সু চির একটি প্রতিকৃতি সরিয়ে নিয়েছে অক্সফোর্ডের একটি কলেজ।,অং সান সু চির সমালোচনা চলছে বিশ্বজুড়ে রাখাইনে রোহিঙ্গাদের ওপর সেনাবাহিনীর নির্যাতন বন্ধে কার্যকর পদক্ষেপ না নেওয়ায়। সহিংসতা থেকে বাঁচতে মিয়ানমার থেকে পালিয়ে প্রায় সাড়ে চার লাখেরও বেশি রোহিঙ্গা বাংলাদেশে আশ্রয় নিয়েছে। অং সান সু চির প্রতিকৃতি সরিয়ে অক্সফোর্ডের সেন্ট হিউ কলেজে জাপানি চিত্রকর্ম প্রদর্শনের সিদ্ধান্ত নেওয়া হয়েছে।,26.47,12.12,23.53
news-47693685,কিছুদিন আগেও চীনের অর্থনৈতিক উত্থানকে কোন উদ্বেগের বিষয় হিসেবে দেখা হতো না। মনে করা হতো যে তাদের বিকাশমান অর্থনীতি ক্রমশ:ই উদার-হতে-থাকা রাজনৈতিক ব্যবস্থার সাথে তাল মিলিয়ে চলবে।,"মার্কিন যুক্তরাষ্ট্র এবং চীনের মধ্যে প্রতিদ্বন্দ্বিতা বাড়ছে, যা একটি যুদ্ধের দিকে নিয়ে যেতে পারে। হার্ভার্ড বিশ্ববিদ্যালয়ের অধ্যাপক গ্রাহাম এ্যালিসন তার বই ""ডেস্টিনড ফর ওয়ার"" এ প্রাচীন গ্রীক দার্শনিক থুসিডিডেসের ফাঁদ তত্ত্বের কথা উল্লেখ করেছেন, যা বলে যে একটি উদীয়মান শক্তি একটি প্রতিষ্ঠিত শক্তির জন্য হুমকি হয়ে ওঠে। অধ্যাপক এ্যালিসন বলছেন যে বিশ্বের ইতিহাসে ১৬টি এরকম উদাহরণ আছে, যার মধ্যে ১২টি যুদ্ধে শেষ হয়েছে। তিনি বলছেন যে ওয়াশিংটন আর বেইজিংএর দ্বন্দ্ব আজকের আন্তর্জাতিক সম্পর্কের ক্ষেত্রে একটি নির্ণায়ক ঘটনা।",3.74,0.0,3.74
news-50114789,ফেসবুক পোস্ট নিয়ে পুলিশ ও বিক্ষোভকারীদের মধ্যে সংঘর্ষে ৪ জন নিহত হওয়ার পর ভোলার বোরহানউদ্দিনে বিজিবি ও কোস্টগার্ড মোতায়েন করা হয়েছে।,"বাংলাদেশের ভোলা জেলার বোরহানউদ্দিন থানায় পুলিশের সাথে বিক্ষোভকারীদের সংঘর্ষে চারজন নিহত হয়েছে। এই সংঘর্ষের ঘটনায় ১০জন পুলিশ সদস্য আহত হয়েছেন। বিক্ষোভকারীরা ফেসবুকে ইসলামের নবীকে নিয়ে কটুক্তি করে দেয়া কথিত একটি পোস্টকে ঘিরে বিক্ষোভ চালিয়েছে। বিক্ষোভকারীরা ৬ দফা দাবি তুলে ধরেছে, যার মধ্যে রয়েছে ফেসবুক আইডি'র মালিকের ফাঁসি এবং স্থানীয় থানার এসপি ও ওসিকে অপসারণ।",23.68,0.0,10.53
news-53330837,বিশ্ব স্বাস্থ্য স্বীকার করেছে যে বাতাসে ভেসে থাকা ক্ষুদ্র কণার মাধ্যমে করোনাভাইরাস ছড়ানোর প্রমাণ পাওয়া যাচ্ছে।,"বিশ্ব স্বাস্থ্য সংস্থার এক কর্মকর্তা বলেছেন, বন্ধ ঘর বা ভিড় জায়গায় করোনাভাইরাস বাতাসের মাধ্যমে সংক্রমিত হতে পারে। বিশ্ব স্বাস্থ্য সংস্থা এখনও বলে আসছে, হাঁচি ও কাশির মাধ্যমে করোনাভাইরাস ছড়ায়। বিশ্বের ২০০'র বেশি বিজ্ঞানী বিশ্ব স্বাস্থ্য সংস্থাকে এক খোলা চিঠিতে অভিযোগ করেছেন যে, তারা বাতাসের মাধ্যমে সংক্রমণের বিষয়টিকে খাটো করে দেখাচ্ছে।",14.93,6.15,11.94
news-50051616,বিবিসির সাপ্তাহিক সিরিজ 'দি বস'-এ পৃথিবীর নানা দেশের শীর্ষ ব্যবসায়ীদের কর্মজীবন নিয়ে প্রতিবেদন তুলে ধরা হয়। এই সপ্তাহে তুলে ধরা হলো খাবার সরবরাহকারী প্রতিষ্ঠান গৌস্ত'র প্রতিষ্ঠাতা ও প্রধান নির্বাহী টিমো বোলড্ট-এর কাহিনী।,"টিমো বোলড্ট ২০১২ সালে তার লাউঞ্জে গৌস্তো প্রতিষ্ঠা করেন, যা একটি রান্নার প্যাকেজ সরবরাহকারী প্রতিষ্ঠান। তিনি রান্নার সময় এবং উপাদান সংগ্রহের সমস্যা সমাধান করতে এই প্রতিষ্ঠান শুরু করেন। গৌস্তো এখন একটি সফল প্রতিষ্ঠান, যার বার্ষিক বেচা-বিক্রির পরিমাণ ১০০ মিলিয়ন পাউন্ড ছাড়িয়ে গেছে। এই ধরনের ব্যবসায় এখন অনেক প্রতিযোগিতা রয়েছে, কিন্তু গৌস্তো এখনও একটি নেতৃস্থানীয় প্রতিষ্ঠান।",10.99,4.49,4.4
news-46688013,বহু স্মার্টফোন ব্যবহারকারীর মধ্যে ক্রমশ একটা উদ্বেগ তৈরি হচ্ছে তারা কতক্ষণ সময় ফোনে কাটাচ্ছেন বা ফোনের দিকে তাকিয়ে থাকছেন সেটা নিয়ে।,গুগল বলছে তারা অ্যান্ড্রয়েড ব্যবহারকারী যাদের সঙ্গে কথা বলেছে তাদের মধ্যে ৭০% চায় প্রযুক্তি ব্যবহারের ক্ষেত্রে আরও গ্রহণযোগ্য একটা ভারসাম্য। অ্যাপেল আর গুগল দুটি কোম্পানিই এবছর নতুন ডিজিটাল হাতিয়ার চালু করেছে। একটার নাম স্ক্রিন টাইম আর অন্যটার নাম ডিজিটাল ওয়েলবিয়িং। এগুলো ব্যবহার করলে আইফোন এবং অ্যান্ড্রয়েড ব্যবহারকারীরা দেখতে পাবেন তারা বিভিন্ন অ্যাপে কতটা সময় কাটাচ্ছেন এবং কতবার তারা ফোন হাতে তুলে নিচ্ছেন।,12.05,0.0,12.05
news-50304898,"কেউ বলছেন ""এক ভরি গরুর গয়না বানাব"", কেউ একজন দুধ বিক্রেতার ছবি দিয়ে মশকরা করে লিখেছেন 'এটি আসলে এক স্বর্ণকারের ছবি - দুধের ড্রাম নিয়ে তিনি সোনার দোকানে চলেছেন।'","ভারতীয় জনতা পার্টির পশ্চিমবঙ্গ রাজ্য সভাপতি ও লোকসভার সদস্য দিলীপ ঘোষের একটি মন্তব্য নিয়ে ফেসবুকে রঙ্গ-রসিকতা চলছে। তিনি বলেছেন, ভারতীয় গরুর দুধে সোনার ভাগ থাকে। এই মন্তব্যের পরে সামাজিক মাধ্যমে মশকরা শুরু হয়েছে। অনেকে এই মন্তব্যকে নিয়ে রসিকতা করছেন এবং গরুর দুধে সোনা পাওয়ার সম্ভাবনা নিয়ে প্রশ্ন তুলছেন।",12.99,0.0,7.79
news-54961935,"আফগানিস্তানের ভূখন্ডকে ব্যবহার করে ভারত তাদের দেশের ভেতর সন্ত্রাসবাদী কার্যকলাপে মদত দিচ্ছে, পাকিস্তান অনুষ্ঠানিকভাবে এই অভিযোগ তোলার পর ভারত তা সরাসরি ভিত্তিহীন বলে দাবি করেছে।",পাকিস্তানের পররাষ্ট্রমন্ত্রী শাহ মাহমুদ কুরেশি এবং সেনা মুখপাত্র বাবর ইফতেকার একটি সাংবাদিক সম্মেলনে ভারতের বিরুদ্ধে অভিযোগ তুলে ধরেছেন। তারা দাবি করেছেন যে পাকিস্তানে সংঘটিত জঙ্গি হামলার পেছনে ভারতের হাত রয়েছে এবং তারা এই অভিযোগের প্রমাণ জাতিসংঘ ও আন্তর্জাতিক বিশ্বের কাছে তুলে ধরবেন। ভারত এই অভিযোগ খণ্ডন করেছে এবং পাকিস্তানকেই আন্তঃ-সীমান্ত সন্ত্রাসবাদের জন্য দায়ী করেছে।,12.5,2.56,10.0
news-45246886,বাংলাদেশে নিরাপদ সড়কের দাবিতে আন্দোলন চলাকালে গ্রেফতার বেসরকারি বিশ্ববিদ্যালয়ের ১৪ জন শিক্ষার্থী আজ জামিন পেয়ে কারাগার থেকে বেরিয়ে এসেছেন।,নিরাপদ সড়ক আন্দোলনের সময় বিভিন্ন মামলায় গ্রেফতার হওয়া শিক্ষার্থীদের মধ্যে ৫৬ জন জামিন পেয়েছেন। এদের মধ্যে গত রোববার বেসরকারি বিশ্ববিদ্যালয়ের ৪২ জন ছাত্র জামিন পেয়েছেন। এদিকে নিরাপদ সড়ক আন্দোলনের সময় গুজব ছড়ানোর অভিযোগে আটক কোটা সংস্কার আন্দোলনের নেতা লুৎফুন্নাহার লুমার জামিনের আবেদন আদালত নাকচ করে দিয়েছে।,18.46,3.17,18.46
news-50895306,সারা ভারত জুড়ে জাতীয় নাগরিকপঞ্জী বা এনআরসি তৈরি করার প্রশ্নে প্রধানমন্ত্রী নরেন্দ্র মোদী আবার দেশকে বিভ্রান্ত করতে চাইছেন বলে বিরোধীরা অভিযোগ তুলছেন।,"ভারতের প্রধানমন্ত্রী নরেন্দ্র মোদী রবিবার দিল্লিতে এক জনসভায় বলেন, তার সরকার ক্ষমতায় আসার পর থেকে এনআরসি নিয়ে কখনওই না কি কোনও চর্চা ছিল না। তিনি বলেন, কেবল সুপ্রিম কোর্টের নির্দেশে তারা আসামে এই প্রক্রিয়া সম্পন্ন করতে বাধ্য হয়েছেন। এই বক্তব্যটি স্বরাষ্ট্রমন্ত্রী অমিত শাহের আগের বক্তব্যের সাথে সাংঘর্ষিক, যেখানে তিনি বলেছিলেন যে এনআরসি প্রক্রিয়া সারা দেশে হবে। এই পরস্পরবিরোধী বক্তব্যের কারণে দেশব্যাপী বিক্ষোভের মুখে সরকার এনআরসি প্রক্রিয়াকে বিলম্বিত করতে চায় বলে পর্যবেক্ষকদের ধারণা।",14.89,4.35,10.64
news-45159995,বাংলাদেশে গত সাতদিন ধরে ট্রাফিক সপ্তাহ পালনের পর আজ থেকে আরও তিনদিনের জন্য সেটি বাড়ানো হয়েছে।,"বাংলাদেশে ট্রাফিক সপ্তাহের মেয়াদ আরও তিন দিন বাড়ানো হয়েছে। সম্প্রতি নিরাপদ সড়কের দাবিতে শিক্ষার্থীদের বিক্ষোভের মধ্যেই ট্রাফিক সপ্তাহের ওই কর্মসূচীটি শুরু করেছিল পুলিশ। ঢাকা মহানগরীর ট্রাফিক বিভাগের প্রধান অতিরিক্ত পুলিশ কমিশনার মীর রেজাউল আলম বলেন, বাংলাদেশের সড়ক নিরাপত্তা নিশ্চিত করতে ট্রাফিক এনফোর্সমেন্টের দায়িত্ব মূলত ট্রাফিক বিভাগের হলেও ট্রাফিক সংক্রান্ত আরও অনেক কাজ যেমন, ট্রাফিক এরভায়রনমেন্ট, ট্রাফিক এডুকেশন এবং ট্রাফিক ইঞ্জিনিয়ারিংয়ের কাজ বেশ কয়েকটি সংস্থার অধীনে পরিচালিত হয়। তিনি বাংলাদেশের ট্রাফিকের অব্যবস্থাপনার পেছনে মূল কারণ হিসেবে দায়ী করেন এখানে ডিজিটালাইজড ট্রাফিক সিগনাল না থাকাকে।",10.1,2.06,10.1
news-47201436,সোশ্যাল মিডিয়া জায়ান্ট টুইটারের শীর্ষ কর্মকর্তারা ভারতে একটি পার্লামেন্টারি প্যানেলের সমনকে অস্বীকার করার পর তাদের বিরুদ্ধে কড়া ব্যবস্থা নেওয়ার ইঙ্গিত দিয়েছে ওই প্যানেল।,"ভারতের সংসদীয় প্যানেলের তলব এড়িয়ে যাওয়ার জন্য টুইটারের বিরুদ্ধে ব্যবস্থা নেওয়ার কথা ভাবছে ভারত সরকার। টুইটারকে সোমবার এক সংসদীয় প্যানেলের শুনানিতে হাজির হতে বলা হয়েছিল। টুইটার জানিয়েছে, এত অল্প সময়ের মধ্যে তারা শুনানিতে হাজির হতে পারবে না। ভারতে শাসক দল বিজেপির সমর্থক বেশ কয়েকটি দক্ষিণপন্থী হ্যান্ডল ব্লকড হওয়ার পরই টুইটারকে জরুরি তলব করেছিলেন ওই পার্লামেন্টারি প্যানেলের প্রধান ও বিজেপি নেতা অনুরাগ ঠাকুর।",18.82,4.82,11.76
140905_sm_nato_russia_coldwave_background,"ইউক্রেনের সংঘাত পশ্চিমা সামরিক জোট নেটোর সাথে রাশিয়ার সম্পর্কে অবনতি ঘটিয়েছে, এবং পুনরায় ঠাণ্ডা লড়াই ফিরে আসার আশংকা তৈরি করেছে।","নেটো রাশিয়ার বিরুদ্ধে অভিযোগ করেছে যে তারা ইউক্রেনে বিচ্ছিন্নতাবাদীদের সহায়তা করার জন্য সেনাবাহিনী পাঠিয়েছে। রাশিয়া এই অভিযোগ প্রত্যাখ্যান করেছে এবং ইউক্রেনের পশ্চিমাপন্থী সরকারের বিরুদ্ধে আগ্রাসনের অভিযোগ এনেছে। নেটো এবং রাশিয়ার মধ্যে সম্পর্ক বেশ কয়েক বছর ধরে খারাপের দিকে যাচ্ছিল, বিশেষ করে পূর্ব এবং মধ্য ইউরোপের দেশগুলো নেটোতে যোগ দেওয়ার পর থেকে।",11.27,0.0,8.45
news-51817628,জেল থেকে বন্দীদের পলায়ন। জেলখানায় আগুন। রাস্তায় পুলিশ-জনতা সংঘর্ষ। সরকারি নিষেধাজ্ঞার এড়িয়ে পালানোর জন্য রেলস্টেশন-বাস টার্মিনালে শত শত মানুষের ভিড়। জনশূন্য শপিং মল। বন্ধ দোকানপাট। অর্থনীতিতে বিরাট মন্দার আশংকা।,ইতালির প্রধানমন্ত্রী জুসেপে কন্টি করোনাভাইরাসের বিস্তার রোধে দেশব্যাপী কঠোর বিধিনিষেধ জারি করেছেন। এই বিধিনিষেধ লঙ্ঘনকারীদের জেল-জরিমানা পর্যন্ত হতে পারে। ইতালির করোনাভাইরাস সংক্রমণের প্রধান কেন্দ্র মিলানে থাকা বাংলাদেশের সাংবাদিক ফেরদৌসি আক্তার বিবিসিকে জানিয়েছেন যে দেশজুড়ে জারিকৃত নিষেধাজ্ঞার পর তাদের জীবনযাত্রা কঠিন হয়ে উঠেছে।,5.41,0.0,5.41
news-50038358,১১ই অক্টোবর 'ব্যক্তিগত বাংলা লাইব্রেরি বিক্রি হবে' শিরোনামে একটি বিজ্ঞাপন প্রকাশিত হয় একটি দৈনিক পত্রিকায়। এক ব্যক্তি প্রায় ৫০ বছর ধরে গড়ে তোলা ব্যক্তিগত লাইব্রেরির বই এবং পত্রিকার সংগ্রহ বিক্রি করার ঘোষণা দেন সেখানে।,"বাংলা সাহিত্যে পড়াশোনা করে স্কুলে শিক্ষকতা করতেন গোকুল চন্দ্র দাস। ১৯৭০ সাল থেকে তিনি বাংলা বই সংগ্রহ করে চলেছেন। বর্তমানে তিনি তার সংগ্রহকৃত বইগুলো বিক্রি করে দিতে চান। তার সংগ্রহে রয়েছে বাংলা ভাষায় লেখা বিভিন্ন ধরণের বই, ভারত ও বাংলাদেশের অনেক গবেষকের পিএইচডি থিসিস এবং বানান, বাগধারা, ইতিহাস, ভূগোলের মত নানান বিষয়ের দেড় শতাধিক অভিধান। তিনি তার লাইব্রেরির জন্য ১৫ লাখ টাকা এবং পত্রিকার বিশেষ সংখ্যার জন্য ১০ লাখ টাকা মূল্য ধরেছেন।",13.21,1.92,9.43
news-45889940,ভারতের পররাষ্ট্র দফতরের জুনিয়র মন্ত্রী এম জে আকবর তার বিরুদ্ধে বেশ কিছু যৌন হয়রানির অভিযোগের মুখে পদত্যাগ করেছেন।,"ভারতের প্রখ্যাত সাংবাদিক ও মন্ত্রী এম জে আকবর যৌন হয়রানির অভিযোগের মুখে পদত্যাগ করেছেন। বেশ কজন নারী সাংবাদিক তার বিরুদ্ধে যৌন হয়রানির অভিযোগ আনেন, যা তিনি অস্বীকার করেছেন। এই ঘটনাটি ভারতে যৌন হয়রানির বিরুদ্ধে মি-টু আন্দোলনের প্রথম বলি হিসেবে বিবেচিত হচ্ছে।",46.67,31.03,36.67
news-54784098,"বাংলাদেশে একাধিক মন্ত্রী বলেছেন, ধর্ম অবমাননার গুজব ছড়িয়ে কোন কোন গোষ্ঠী পর পর কয়েকটি সহিংস ঘটনা ঘটিয়ে অস্থিরতা সৃষ্টির চেষ্টা করেছে বলে সরকার মনে করছে।","বাংলাদেশে ধর্ম অবমাননার গুজব ছড়িয়ে সহিংসতা বৃদ্ধি পাচ্ছে। লালমনিরহাটে একজনকে পিটিয়ে ও আগুনে পুড়িয়ে হত্যার কয়েকদিন পরেই কুমিল্লায় হিন্দুদের কয়েকটি বাড়িতে অগ্নিসংযোগ করা হয়েছে। সরকার গুজব ছড়িয়ে উস্কানি দেওয়ার জন্য এসব ঘটনা ঘটানো হচ্ছে বলে জানিয়েছে এবং এর বিরুদ্ধে কঠোর ব্যবস্থা নেওয়ার কথা বলেছে। মানবাধিকার কর্মীরা বলেছেন, এর আগেও বিভিন্ন সময় ধর্ম অবমাননার গুজব ছড়িয়ে আলোচিত সহিংস ঘটনাগুলোর বিচার হয়নি। সেজন্য এখন সরকারের ঘোষণা কতটা কার্যকর হবে- তা নিয়ে তাদের সন্দেহ রয়েছে।",22.68,6.32,16.49
news-41745155,"মঙ্গলবার নেপিডোতে মিয়ানমারের স্বরাষ্ট্রমন্ত্রী লে. কর্নেল চ সুয়ি এবং পুলিশ প্রধানের সাথে বৈঠকের পর আসাদুজ্জামান খান টেলিফোনে বিবিসি বাংলাকে জানিয়েছেন, রোহিঙ্গা প্রত্যাবসনের লক্ষ্যে দুই দেশের সমান সংখ্যক প্রতিনিধি নিয়ে খুব শীঘ্রই একটি যৌথ ওয়ার্কিং কমিটি গঠন করা হবে।","মিয়ানমার থেকে পালিয়ে আসা রোহিঙ্গাদের ফিরিয়ে নেওয়ার পরিকল্পনা করা হচ্ছে। নভেম্বরের ৩০ তারিখের মধ্যে একটি যৌথ কমিটি গঠনের প্রস্তাব করা হয়েছে। তবে, এই পরিকল্পনার সফলতা নিয়ে অনেকের সন্দেহ রয়েছে। শরণার্থী বিষয়ে বিশেষজ্ঞ আসিফ মুনির বলেছেন, মিয়ানমারের চরিত্র দেখে এখনও পুরো বিশ্বাস স্থাপন করা ঠিক হবে না।",16.67,2.44,11.9
news-55291601,"বাংলাপিডিয়ার হিসাব বলছে, মুক্তিযুদ্ধের সময় ১ হাজার ১১১ জন বুদ্ধিজীবীকে হত্যা করেছিল পাকিস্তানি বাহিনী। যার মধ্যে সবচেয়ে বেশি ছিল ঢাকায়। ১৪৯ জন।","১৯৭১ সালে বাংলাদেশের স্বাধীনতা যুদ্ধের সময় অনেক বুদ্ধিজীবী নিহত হয়েছিলেন। ইতিহাসবিদদের মতে, ঢাকার বাইরের জেলাগুলোতেও অনেক বুদ্ধিজীবী মারা গিয়েছিলেন, কিন্তু তাদের স্মরণ করা হয় না। মুক্তিযুদ্ধ গবেষক আফসান চৌধুরী বলেছেন, ঢাকা-কেন্দ্রিক স্মৃতিচারণ বাংলাদেশের সত্যিকার অর্থে বোঝার পথে বাধা সৃষ্টি করে। তিনি বলেছেন, সব মানুষের অবদান স্মরণ করা উচিত, শুধু বুদ্ধিজীবীদের নয়, নির্যাতিত নারীদেরও স্মরণ করা উচিত।",2.53,0.0,2.53
news-53121882,"ব্রিটেনে চালানো এক জরিপে দেখা গেছে যে, করোনাভাইরাস আক্রান্ত হলে দক্ষিণ এশীয় বংশোদ্ভূতদেরই মারা যাবার সম্ভাবনা সবচেয়ে বেশি, এবং তার একটি কারণ ডায়াবেটিস।","করোনাভাইরাস আক্রান্ত হলে মারা যাবার ঝুঁকি সবচেয়ে বেশি দক্ষিণ এশীয়দের। ব্রিটেনে করোনাভাইরাস আক্রান্ত হয়ে হাসপাতালে ভর্তি হওয়া দক্ষিণ এশীয়দের মধ্যে প্রতি ১ হাজারে ৩৫০ জন মারা যাচ্ছে, যেখানে শ্বেতাঙ্গদের ক্ষেত্রে এই সংখ্যা ২৯০। দক্ষিণ এশীয়দের মধ্যে ডায়াবেটিস এবং হৃদরোগে আক্রান্ত হওয়ার হার বেশি, যা করোনাভাইরাসে আক্রান্ত হলে মৃত্যুর ঝুঁকি বাড়ায়।",30.14,11.27,21.92
news-53324713,লাদাখের গালওয়ান উপত্যকা ও সংলগ্ন এলাকায় চীনা বাহিনী 'ডিসএনগেজমেন্ট' বা সৈন্য প্রত্যাহারের প্রক্রিয়া শুরু করলেও ভারত এখনও তাতে পুরোপুরি আশ্বস্ত হতে পারছে না এবং পরিস্থিতির ওপর সতর্ক নজর রাখছে।,"ভারত ও চীনের মধ্যে গালওয়ান সংঘর্ষের পর দুই দেশের সেনারা পিছু হঠতে শুরু করেছে। তবে, ভারতীয় সেনা কর্মকর্তা ও বিশ্লেষকরা বলছেন, চীনের পিছু হটার কথা এখনও নিশ্চিত করা যাচ্ছে না। ১৯৬২ সালের চীন-ভারত যুদ্ধের অভিজ্ঞতা থেকে ভারত এবার সতর্ক থাকছে। ভারতীয় বিশ্লেষকরা বলছেন, চীন তার প্রতিশ্রুতি পালন করবে এমন কোনো নিশ্চয়তা নেই।",17.07,0.0,12.2
news-50794469,"বাংলাদেশের পুলিশ বলছে, জামায়াতে ইসলামীর মুখপত্র দৈনিক সংগ্রামের সম্পাদক আবুল আসাদকে রাষ্ট্রদ্রোহ ও ডিজিটাল নিরাপত্তা আইনে দায়ের করা মামলায় গ্রেপ্তার করা হয়েছে।",বাংলাদেশের একটি পত্রিকার সম্পাদককে হামলা করা হয়েছে। দৈনিক সংগ্রাম পত্রিকার সম্পাদক আবুল আসাদকে মুক্তিযুদ্ধ মঞ্চ নামের একটি সংগঠনের নেতাকর্মীরা হামলা করেছে। এটি ঘটেছে যুদ্ধাপরাধের দায়ে ফাঁসির দণ্ডপ্রাপ্ত জামায়াতের সাবেক সহকারী মহাসচিব আব্দুল কাদের মোল্লাকে 'শহীদ' উল্লেখ করে পত্রিকাটি একটি রিপোর্ট প্রকাশ করার পর।,21.54,9.52,15.38
news-37771601,বাংলাদেশে সম্প্রতি র‍্যাবের অভিযানে নিহত সারোয়ার জাহানকে কথিত জঙ্গি সংগঠন 'নব্য জেএমবি'র প্রধান বলে পুলিশের এই বিশেষ বাহিনী দাবি করলেও আজ তা নাকচ করে দিয়েছে ঢাকা মহানগর পুলিশের কাউন্টার টেরোরিজম ইউনিট।,"ঢাকা মহানগর পুলিশের কাউন্টার টেররিজম ইউনিটের প্রধান মনিরুল ইসলাম র‍্যাবের দাবি নাকচ করে বলেছেন, নিহত সারোয়ার জাহান জঙ্গি সংগঠনটিতে ততটা গুরুত্বপূর্ণ কোনও নেতা ছিলেন না, বরং তিনি ছিলেন তৃতীয় সারির একজন নেতা। র‍্যাব সম্প্রতি আশুলিয়ায় নিহত সারোয়ার জাহানকে 'নব্য জেএমবির' প্রধান বলে দাবি করে। মনিরুল ইসলাম আরও বলেছেন, ইতালির চেজারে তাবেলা হত্যাকাণ্ডে বিএনপি নেতা এম এ কাইয়ুম জড়িত।",38.71,17.58,21.51
news-51262179,মু্স্তাফিজুর রহমান শেষ পাঁচটি টি টোয়েন্টি ম্যাচে উইকেট নিয়েছেন মাত্র একটি।,"মুস্তাফিজুর রহমান শেষ পাঁচ ম্যাচে একটি উইকেট পেয়েছেন, যা তার ক্রিকেট ক্যারিয়ারে একটি ধাক্কা। ২০১৬ সালে তিনি তার সেরা বছর কাটান, ৩১ ওভারে ১৯৫ রান দিয়ে ১৬টি উইকেট নেন। তবে, ২০১৯ সালে তিনি মাত্র ৪টি উইকেট নিতে সক্ষম হন। বাংলাদেশের সাবেক ফাস্ট বোলার তালহা জুবায়ের মনে করেন যে মুস্তাফিজের ক্যারিয়ারে সবচেয়ে বড় ধাক্কা হয়েছে ২০১৬ সালের ইনজুরি ও সার্জারি। তিনি বলেন, মুস্তাফিজের বল করার ক্ষমতা এখন আগের মতো নেই, বিশেষ করে যেসব উইকেটে বল গ্রিপ না করে সেখানে তার জন্য বল করা কঠিন হয়ে পড়ে।",12.5,2.13,10.42
news-46941357,বিশ্বের বহু দেশের মানুষজন আজ আকাশে 'সুপার ব্লাড উল্ফ মুন' দেখার অপেক্ষায় রয়েছেন।,"উত্তর ও দক্ষিণ আমেরিকা, পশ্চিম ইউরোপ ও উত্তর আফ্রিকার দেশগুলোতে এই চন্দ্রগ্রহণের পুরোটা দেখতে পাবেন তারা। এই অঞ্চলগুলোতে সোমবার খুব ভোরে দেখা যাবে এই চাঁদ। এই চন্দ্রগ্রহণ নিয়ে, বিশেষ করে এর নামটি নিয়ে অনেক প্রশ্ন। এই চন্দ্রগ্রহণের গুরুত্ব কি? একই রেখায় সূর্য ও চাঁদের ঠিক মধ্যবর্তী স্থান দিয়ে পৃথিবী যখন অতিক্রম করে তখন এই চন্দ্রগ্রহণ হয়ে থাকে। এই ক্ষেত্রে সূর্যের অবস্থান হবে পৃথিবীর পেছন দিকে। আর চাঁদ পৃথিবীর ছায়ার পুরোপুরি নিচে চলে যায়। সে কারণে এটির রং গাঢ় লাল হয়ে উঠবে। তবে চাঁদ পুরোপুরি অন্ধকার হয়ে উঠবে তা নয়। ছায়ায় চলে গেলেও পৃথিবীর বায়ুমণ্ডলের সাথে ধাক্কা লেগে সামান্য সূর্যের আলো চাঁদ পর্যন্ত পৌঁছাবে। সেই আলোর কারণে এটি লাল দেখা যাবে। ভোল্টেজ কমে গেলে পুরোনো দিনের লাইট বাল্বের যে রঙ হয় কিছুটা সেরকম। এর আগে 'ব্লাড মুন' নিয়েও অনেক আগ্রহ দেখা গেছে। সাধারণ চাঁদের থেকে এটি অনেক বড় ও উজ্জ্বল হয়ে থাকে। বিজ্ঞানীরা বলছেন আকারে সাধারণ সময়ের চাঁদের থেকে সাত শতাংশ আর উজ্জ্বলতায় পনেরো শতাংশ বেশি হতে পারে এমন চাঁদ। চন্দ্রগ্রহণের সময় হবে ঘন্টাখানেক। ২০২৯ সাল পর্যন্ত এমন 'সুপার ব্লাড উল্ফ মুন' আর দেখা যাবে না।",4.26,3.23,4.26
news-52402983,"এমন একটি দেশের কথা ভাবুন, যার জনসংখ্যা সাড়ে নয় কোটির বেশি এবং চীনের সঙ্গে রয়েছে দীর্ঘ স্থল সীমান্ত। দুই দেশের মধ্যে রয়েছে বিরাট ব্যবসা-বাণিজ্য, অনেক ধরণের যোগাযোগ।","ভিয়েতনামে করোনাভাইরাসের মহামারি ছড়িয়ে পড়ার পর থেকেই সরকার কঠোর স্ক্রিনিং এর ব্যবস্থা নিয়েছে। দেশটির সকল বিমানবন্দরে যাত্রীদের কঠোর স্বাস্থ্য পরীক্ষা চালু করা হয়েছে। ভিয়েতনামের সাফল্যের জন্য মূলত কয়েকটি বিষয়ের কথা উল্লেখ করা হচ্ছে: ডিজাইনার মাস্ক, কঠোর স্ক্রিনিং এর ব্যবস্থা এবং সরকারের সতর্কতা। ভিয়েতনামে করোনাভাইরাসে মৃত মানুষের সংখ্যা শূণ্য এবং আক্রান্ত মানুষের সংখ্যা ২৬৮। জনস্বাস্থ্য বিশেষজ্ঞরা ভিয়েতনামের এই সাফল্যে বিস্মিত এবং তারা ভিয়েতনামের উদাহরণ থেকে শিখতে চাইছেন।",4.26,0.0,4.26
news-47415351,রোহিঙ্গা প্রত্যাবাসন নিয়ে বাংলাদেশ তাদের ক্ষোভ হতাশা খোলাখুলি প্রকাশ করেছে জাতিসংঘ নিরাপত্তা পরিষদের অধিবেশনে।,"বাংলাদেশ জাতিসংঘের নিরাপত্তা পরিষদে রোহিঙ্গা সমস্যা নিয়ে ক্ষোভ প্রকাশ করেছে। বাংলাদেশের পররাষ্ট্র সচিব শহিদুল হক বলেছেন, মিয়ানমার রোহিঙ্গা শরণার্থীদের ফিরিয়ে নেওয়ার ব্যাপারে ক্রমাগত 'ফাঁকা প্রতিশ্রুতি' দিয়ে চলেছে এবং 'নানা বাধা' তৈরি করছে। বাংলাদেশের পররাষ্ট্র প্রতিমন্ত্রী শাহরিয়ার আলম বলেছেন, রোহিঙ্গা ইস্যুতে মিয়ানমারের ভূমিকায় তারা হতাশ এবং ক্ষুব্ধ।",23.33,3.45,16.67
news-44276395,শিশুর ন্যাপি পরিবর্তন করা নিয়ে নেই কোনো বিতর্ক। হতে পারে এটি শিশুর বাবা-মা'এর জন্যে একটি ঝুঁকিপূর্ণ কাজ ।,"অস্ট্রেলিয়ার একজন যৌন বিষয়ক প্রশিক্ষক বলেছেন যে শিশুদের ন্যাপি পরিবর্তন করার আগে তাদের অনুমতি নেয়া দরকার। তিনি বলেছেন যে শিশুদের সাথে কথা বলার মাধ্যমে তাদের অনুমতি নেয়া যায়, এবং এটি শিশুদের স্বায়ত্তশাসন ও সম্মানের প্রতি শিক্ষা দেয়। এই বক্তব্যের পর সামাজিক মাধ্যমে মিশ্র প্রতিক্রিয়া পাওয়া গেছে, কেউ কেউ এটিকে রাজনৈতিকভাবে ভুল বলে মন্তব্য করেছেন।",8.22,2.82,8.22
news-50204325,২০১৬ সালে ঢাকার গুলশানে হোলি আর্টিজান রেস্তোরাঁয় জঙ্গি হামলায় ২২জন নিহত হয়েছিলেন এবং এ ঘটনার পর জঙ্গিরাই নিজেদের ইসলামিক স্টেট বা আইএস পরিচয় বিশ্বজুড়ে ছড়িয়ে দিয়েছিলো।,"বাংলাদেশে আইএসের উপস্থিতির অভিযোগ প্রত্যাখ্যান করে আসছে কর্তৃপক্ষ। বিভিন্ন সময়ে হামলার পর আইএসের দাবি প্রকাশ হয়েছে। আইনশৃঙ্খলা রক্ষাকারী বাহিনী ধারাবাহিক অভিযান চালিয়ে যাচ্ছে জঙ্গি তৎপরতার বিরুদ্ধে। এসব অভিযানের মধ্যেই সিরিয়া ফেরত একজন আইএস সন্দেহভাজন জঙ্গি সদস্যকে গ্রেপ্তারের পর রিমান্ডে নিয়েছে ঢাকার কাউন্টার টেরোরিজম অ্যান্ড ট্রান্সন্যাশনাল ক্রাইম ইউনিট। গোয়েন্দা কর্মকর্তারা বলছেন, বাংলাদেশি বংশোদ্ভূত এরকম অন্তত ৫০জন বিভিন্ন দেশ থেকে গিয়ে সিরিয়া আর ইরাকে আইএসের সঙ্গে জড়িত হয়েছিল। হোলি আর্টিজান হামলার মূল পরিকল্পনাকারী হিসাবে অভিযুক্ত বাংলাদেশি বংশোদ্ভূত কানাডিয়ান নাগরিক তামিম চৌধুরী সিরিয়া-ইরাকে গিয়েছিলেন বলে জানা যায়।",10.81,1.83,5.41
news-44403726,"বাংলাদেশের নতুন বাজেটে ফেসবুক, ইউটিউব ও গুগলের সেবাকে করের আওতায় আনার প্রস্তাব করা হয়েছে।","বাংলাদেশের অর্থমন্ত্রী আবুল মাল আবদুল মুহিত ২০১৮/১৯ অর্থবছরের বাজেট প্রস্তাব উপস্থাপন করেছেন। এই বাজেটে ভার্চুয়াল ও ডিজিটাল লেনদেনের ওপর ৫% হারে মূল্য সংযোজন কর আরোপের প্রস্তাব করা হয়েছে। এছাড়াও, ই-কমার্স খাত এবং অ্যাপভিত্তিক রাইড শেয়ারিংয়ের পরিষেবায় ভাড়ার ওপর ৫% ভ্যাট আরোপের প্রস্তাব করা হয়েছে। এই কর দিতে হবে সেবা গ্রহীতাদের, অর্থাৎ যাত্রীদের। অন্যদিকে, শেয়ারিং সংস্থাগুলোকে উৎসে তাদের কর মেটাতে হবে।",15.79,5.41,15.79
news-43864215,অস্ট্রেলিয়ার এক জঙ্গলে হারিয়ে যাওয়া তিন বছর বয়সী এক মেয়ে শিশুর সাথে সারারাত ছিল ম্যাক্স নামের এক কুকুর।,অস্ট্রেলিয়ার কুইন্সল্যান্ডে এক শিশু নিখোঁজ হয়েছিল। শিশুটির পরিবারের কুকুর ম্যাক্স শিশুটিকে খুঁজে পেয়েছিল। ম্যাক্স শিশুটিকে আগলে রেখে তাকে উষ্ণতা দিয়েছিল। পরে শিশুটিকে উদ্ধার করেছে জরুরি সেবাদানকারী কর্মকর্তা ও ভলান্টিয়াররা। অস্ট্রেলিয়ার পুলিশ ম্যাক্সকে বিশেষ সম্মান দিয়েছে। কুইন্সল্যান্ডের পুলিশ সামাজিক যোগাযোগ মাধ্যমেও কুকুরটির বেশ প্রশংসা করেছে।,12.9,0.0,9.68
news-57203955,"বাংলাদেশের পররাষ্ট্র মন্ত্রী এ কে আবদুল মোমেন বলেছেন, আমেরিকা বাংলাদেশকে অ্যাস্ট্রাজেনেকা ভ্যাকসিন দিতে সম্মত হয়েছে।","বাংলাদেশের পররাষ্ট্র মন্ত্রী এ কে আবদুল মোমেন বলেছেন যে আমেরিকা অ্যাস্ট্রাজেনেকা টিকা বাংলাদেশকে দিতে রাজি হয়েছে। বাংলাদেশ ভারতের সিরাম ইনস্টিটিউট থেকে তিন কোটি ডোজ অ্যাস্ট্রাজেনেকা টিকা কেনার জন্য চুক্তি সম্পাদন করেছিল, কিন্তু সিরাম এ পর্যন্ত মাত্র ৭০ লাখ ডোজ টিকা বাংলাদেশকে সরবরাহ করেছে। মোমেন বলেছেন যে আমেরিকার পররাষ্ট্র মন্ত্রী মি. ব্লিঙ্কেনকে টিকা চেয়ে চিঠি লিখেছি এবং আমেরিকা বাংলাদেশকে কিছু ডোজ টিকা দিতে রাজি হয়েছে।",32.91,20.78,32.91
news-47637011,বাংলাদেশের ঢাকায় পুলিশের ট্রাফিক সপ্তাহ চলার মধ্যেই বাস চাপায় সেনাবাহিনী পরিচালিত একটি বিশ্ববিদ্যালয়ের একজন শিক্ষার্থী নিহত হওয়ার পর সড়ক ব্যবস্থাপনা আবারও প্রশ্নের মুখে পড়েছে।,ঢাকায় স্কুল শিক্ষার্থীরা নিরাপদ সড়কের দাবিতে আন্দোলন করছে। সাড়ে ছ'মাস আগে এক স্কুল শিক্ষার্থীর মৃত্যুর পর সরকার বিভিন্ন ব্যবস্থা নেয়ার কথা বললেও তা এখনও বাস্তবায়িত হয়নি। শিক্ষার্থীরা অভিযোগ করছে যে প্রশাসন কিছুই করছে না এবং সড়কে বিশৃঙ্খলা ও অরাজকতা থামছে না।,6.06,0.0,6.06
news-50127963,"বাংলাদেশের দক্ষিণাঞ্চলীয় ভোলার বোরহানউদ্দিন থানা পুলিশ বলছে, ইসলামের নবীকে কটাক্ষ করে দেয়া কিছু মেসেঞ্জার পোস্টকে কেন্দ্র করে রোববার এক সংঘর্ষে পুলিশের গুলিতে চার ব্যক্তি নিহত হবার ঘটনা ঘটে।","বাংলাদেশে একজনের ফেসবুক অ্যাকাউন্ট হ্যাক হয়ে যাওয়ার পর পুলিশ সতর্ক করেছে সোশ্যাল মিডিয়া অ্যাকাউন্ট নিরাপদ রাখতে। এই ঘটনার পর প্রশ্ন উঠছে, কীভাবে সোশ্যাল মিডিয়া অ্যাকাউন্ট নিরাপদ রাখা যায়। তথ্যপ্রযুক্তি বিশেষজ্ঞরা বলছেন, সামাজিক যোগাযোগের মাধ্যম ব্যবহারের ক্ষেত্রে অবশ্যই সতর্ক থাকতে হবে এর কোন বিকল্প নেই।",2.78,0.0,2.78
news-43699928,কোটা সংস্কারের দাবিতে আন্দোলনকারী ছাত্রনেতাদের সাথে সরকারের সমঝোতার পর ছাত্রদের একাংশ তা প্রত্যাখ্যান করার পটভূমিতে ঢাকা বিশ্ববিদ্যালয় এলাকায় উত্তেজনা বিরাজ করছে বলে জানা যাচ্ছে।,ঢাকা বিশ্ববিদ্যালয়ে সরকারি চাকরিতে কোটা সংস্কারের দাবিতে বিক্ষোভ চলছে। বিক্ষোভকারীরা রাজু ভাস্কর্যের সামনে জড়ো হয়ে শ্লোগান দিচ্ছে। মাঝরাতের দিকে বিক্ষোভকারীদের অধিকাংশই এলাকা ছেড়ে যায়। সামাজিক যোগাযোগ মাধ্যমে বিক্ষোভকারীদের কয়েকজন নেতা ভিডিও বিবৃতিতে ক্যাম্পাসে অবস্থানরত ছাত্রছাত্রীদের নিরাপত্তার স্বার্থে বাড়ি বা হলে ফিরে যেতে আহ্বান জানান। বিক্ষোভকারীদের মধ্যে একটা বিভক্তি দেখা দেয়।,10.81,5.56,8.11
news-50503931,যুক্তরাষ্ট্রে যেভাবে মৃত্যুদণ্ড কার্যকর করা হচ্ছে সেটি বেআইনি হতে পারে এই আশঙ্কায় কেন্দ্রীয় বা ফেডারেল সরকার এর বাস্তবায়ন স্থগিত করেছে।,"যুক্তরাষ্ট্রে মৃত্যুদণ্ডের বিরুদ্ধে প্রতিবাদ সত্ত্বেও এই শাস্তি পুনরায় শুরু হয়েছে। ইন্ডিয়ানা রাজ্যে পাঁচজনের মৃত্যুদণ্ড কার্যকর করার কথা ছিল, কিন্তু চারজন বন্দী আইনি চ্যালেঞ্জ করেছে। একজন বিচারক রায় দিয়েছেন যে তাদের এই চ্যালেঞ্জ সফল হওয়ার সম্ভাবনা আছে।",17.86,3.7,14.29
news-41070666,রাখাইন প্রদেশে নতুন করে সেনা অভিযান শুরুর পর মিয়ানমারের গণমাধ্যমে রোহিঙ্গাদের 'বাঙালি সন্ত্রাসী' হিসেবে চিহ্নিত করে বিভিন্ন নিবন্ধ প্রকাশিত হচ্ছে।,মিয়ানমারের সরকার রাখাইন রাজ্যে হামলার ঘটনায় মংদু থেকে পালিয়ে যাওয়া রোহিঙ্গাদের একাংশ 'বাঙালি সন্ত্রাসী'দের ব্যাপারে মিয়ানমারের জনগণ এবং বিদেশী নাগরিকদের সাবধান থাকতে বলেছে। মিয়ানমার থেকে প্রকাশিত দৈনিক মিয়ানমার টাইমসের সোমবারের পত্রিকার প্রধান শিরোনাম এটি। একই সাথে সতর্ক থাকতে আহ্বান জানানো হয়েছে আরাকান রোহিঙ্গা স্যালভাশন আর্মি বা আরসার ব্যাপারেও।,17.39,2.99,14.49
news-46418362,বাংলাদেশে আসন্ন সংসদ নির্বাচনে বিএনপির কারাভোগরত চেয়ারপারসন খালেদা জিয়ার পক্ষ থেকে দেয়া তিনটি মনোনয়নপত্রই বাতিল হয়ে গেছে।,"বাংলাদেশের প্রধান বিরোধী দল বিএনপির চেয়ারপারসন খালেদা জিয়া দুর্নীতির মামলায় সাজাপ্রাপ্ত হওয়ার কারণে তিনটি আসনেই তার মনোনয়নপত্র বাতিল করা হয়েছে। বিএনপির স্থানীয় নেতারা বলছেন, খালেদা জিয়ার অনুপস্থিতি সত্ত্বেও তারা নির্বাচনে অংশ নেবেন এবং তাদের নেত্রীর মুক্তির দাবিকে প্রধান এজেন্ডা হিসেবে নিয়ে ভোটারদের কাছে যাবেন। বিএনপির নেতারা বলছেন, খালেদা জিয়ার অনুপস্থিতি তাদের জন্য একটি চ্যালেঞ্জ হলেও তারা এই নির্বাচনকে আন্দোলন হিসেবে নিয়ে শেষ পর্যন্ত ভোটের মাঠে থাকতে চান।",16.67,4.88,11.9
news-41064935,"গত ১৩বছরের মধ্যে সবচেয়ে বড় ঘূর্ণিঝড় ক্যাটেগরি ফোর হারিকেন 'হার্ভে' যতটা না ক্ষতি করেছে, তারচেয়ে বড় হয়ে দেখা দিয়েছে এখন হঠাৎ বন্যার ভয়।","হারিকেন 'হার্ভে' দূর্বল হয়ে পরিণত হয়েছে মৌসুমি ঝড়ে, কিন্তু এর প্রভাবে প্রবল বৃষ্টিপাত টেক্সাসে এক প্রলয়ঙ্করী এবং প্রাণনাশী বন্যার কারণ হয়ে দাড়াতে পারে। রকপট এলাকা রাজ্যটির গভর্নর গ্রেগ অ্যাবট জানিয়েছেন যে, এখন তার মূল উদ্বেগের বিষয় হয়ে দাঁড়িয়েছে প্রচণ্ড বৃষ্টিতে নাটকীয়ভাবে দেখা দেয়া বন্যার আশঙ্কা। হুস্টন আর কর্পাস ক্রিস্টিতে এরইমধ্যে পঞ্চাশ সেন্টিমিটারের ওপর বৃষ্টিপাত হয়ে গেছে, আর সেটা অব্যাহতও রয়েছে।",14.46,2.47,12.05
news-51494022,উহান- চীনের এই শহরটিই করোনাভাইরাসের প্রাণকেন্দ্র।,"চীনের উহান শহরে করোনাভাইরাস মহামারির কারণে সড়কগুলো এখনও প্রায় মৃত। এই পরিস্থিতিতে স্বেচ্ছাসেবীরা আক্রান্তদের হাসপাতালে নিয়ে যাওয়ার চেষ্টা করছেন। স্বেচ্ছাসেবী জো বলেছেন, তারা একটি নেটওয়ার্ক গড়ে তুলেছেন যাতে স্বাস্থ্যকর্মীদের পরিবহনের ব্যবস্থা করা যায়। তিনি বলেছেন, তারা স্বাস্থ্যকর্মীদের কাজে আনা নেয়া করছেন এবং হাসপাতালে চিকিৎসা সামগ্রী পৌঁছে দিচ্ছেন।",11.32,0.0,7.55
news-46358471,লন্ডনে রাজনৈতিক আশ্রয়ে থাকা বিএনপির ভারপ্রাপ্ত চেয়ারপার্সন তারেক রহমান ভোটের দিন জনগণের ইচ্ছার বিরুদ্ধে না দাঁড়ানোর জন্যে বাংলাদেশের সরকারি কর্মকর্তা ও কর্মচারীদের প্রতি আহবান জানিয়েছেন।,"বিএনপির ভারপ্রাপ্ত চেয়ারম্যান তারেক রহমান ফেসবুকে এক ভিডিও বার্তায় জনগণকে গণতন্ত্রের পক্ষে দাঁড়াতে আহ্বান জানিয়েছেন। তিনি বলেছেন, গণতন্ত্রের বিপক্ষে দাঁড়াবেন না, প্রজাতন্ত্রের আইনকে উপেক্ষা করবেন না এবং জনগণের বুকে গুলি চালাবেন না। তারেক রহমান বলেছেন, তার দল যদি সরকার গঠন করে তাহলে অন্যায়ভাবে বা রাজনৈতিক কারণে কোন সরকারি কর্মকর্তা কর্মচারীর চাকরি যাবে না।",25.64,7.89,20.51
news-50804643,"যুক্তরাজ্যের প্রতিটি নির্বাচনী এলাকার প্রকাশিত ফলের উপর ভিত্তি করে, প্রথমবারের মত বিবিসি নিউজ এমন একটি প্রতিবেদন প্রকাশ করেছে যেটি পুরোটাই লিখেছে কম্পিউটার।","বিবিসি সংবাদ বিভাগ যুক্তরাজ্যের সাধারণ নির্বাচনের ফলাফল প্রকাশের জন্য একটি নতুন প্রযুক্তি ব্যবহার করেছে, যাকে বলা হচ্ছে মেশিন-জেনারেটেড জার্নালিজম বা যান্ত্রিক উপায়ে সাংবাদিকতা। এই প্রযুক্তির সাহায্যে বিবিসি ৭০০টিরও বেশি প্রতিবেদন প্রকাশ করেছে, যার মধ্যে বেশিরভাগই ইংরেজিতে এবং ৪০টি ওয়েলসের ভাষায় লেখা হয়েছে। বিবিসি নিউজ ল্যাবের সম্পাদক রবার্ট ম্যাকেঞ্জি বলেছেন, এই প্রযুক্তির উদ্দেশ্য কর্মক্ষেত্রে মানুষকে প্রতিস্থাপন করা নয়, বরং কাজের পরিসর বাড়ানোই এর মূল লক্ষ্য। তিনি আরো বলেছেন, এই প্রযুক্তি সাংবাদিকতার সেই দিকগুলোকে সম্ভব করে তোলে, যেগুলো মানুষের দ্বারা সম্ভব হয় না।",15.38,5.88,9.62
news-47116189,বিশ্বকাপের আগে নিউজিল্যান্ড সফরই শেষ প্রস্তুতি। বিশ্বকাপের চিন্তা বাদ দিয়েও কেবল নিউজিল্যান্ড সফরে ভালো করার জায়গা আছে বলে মনে করেন বাংলাদেশের একজন ক্রিকেট বিশ্লেষক ও ক্রিকেট মেন্টর নাজমুল আবেদীন ফাহিম।,"বাংলাদেশ জাতীয় ক্রিকেট দল নিউজিল্যান্ড সফরে যাচ্ছে, যেখানে তারা তিনটি ওয়ানডে ম্যাচ এবং তিনটি টেস্ট ম্যাচ খেলবে। বাংলাদেশ দলের কোচ নাজমুল আবেদীন ফাহিম বলেছেন যে তিনটি টেস্ট ম্যাচ খেলার সুবিধা থাকবে, কিন্তু এটি একটি চ্যালেঞ্জও হবে। তিনি বলেছেন যে বাংলাদেশ দল বিপিএলের পরে শারীরিকভাবে ক্লান্ত, তবে তিনটি টেস্ট ম্যাচ খেলার সুযোগ থাকবে বাংলাদেশ দলকে তাদের ব্যাটিং-বোলিংয়ের দক্ষতা বাড়ানোর।",13.48,6.9,11.24
news-48989199,কুমিল্লায় আদালত কক্ষের মধ্যে বিচারকের উপস্থিতিতে শুনানি চলাকালে এক আসামির ছুরিকাঘাতে নিহত হয়েছেন আরেক আসামি।,"কুমিল্লার একটি আদালতের কক্ষে এক আসামি অন্য আসামিকে ছুরিকাঘাত করে হত্যা করেছে। পুলিশ বলছে, হত্যা মামলা এবং জমিজমা সংক্রান্ত কারণে দুই আসামির মধ্যে পূর্ব বিরোধ ছিল। মোহাম্মদ হাসানকে গ্রেপ্তার করেছে পুলিশ। তার বিরুদ্ধে মামলার প্রস্তুতি চলছে বলে জানিয়েছে। নিহত ব্যক্তির নাম ফারুক হোসেন, যিনি অন্য আসামি মোহাম্মদ হাসানের ফুফাতো ভাই ছিলেন।",15.15,0.0,12.12
news-52347445,"বাংলাদেশে করোনাভাইরাস সংক্রমণ বেড়ে যাবার পটভূমিতে সরকার বলছে, চিকিৎসক ও সেবাকর্মীদের সুরক্ষার জন্য গত মাস থেকে যথেষ্ট পরিমাণে পার্সোনাল প্রটেক্টিভ ইকুয়িপমেন্ট - পিপিই বা ব্যক্তিগত সুরক্ষা সরঞ্জাম দেয়া হয়েছে এবং সরকারের কাছে পর্যাপ্ত পরিমাণে পিপিই মজুদ আছে।","বাংলাদেশে করোনাভাইরাস চিকিৎসায় নিয়োজিত স্বাস্থ্যকর্মীরা প্রতিদিনই হাসপাতালে পিপিই'র অভাবের কথা জানাচ্ছেন। স্বাস্থ্য অধিদফতরের অতিরিক্ত মহাপরিচালক অধ্যাপক সানিয়া তাহমিনা বিবিসিকে বলেছেন, বিশ্ব স্বাস্থ্য সংস্থার নির্দেশনা মেনে চিকিৎসক ও সেবাকর্মীদের পিপিই দেয়া হচ্ছে। সরকার সরাসরি কোভিড-১৯ আক্রান্ত রোগীকে পরীক্ষা করা এবং তার চিকিৎসায় নিযুক্ত ডাক্তার ও স্বাস্থ্যকর্মীকে অগ্রাধিকার দেয়া হচ্ছে।",23.26,7.14,18.6
news-40519876,যুক্তরাষ্ট্রের প্রেসিডেন্ট ডোনাল্ড ট্রাম্প পোল্যান্ডের রাজধানী ওয়ারসতে এক ভাষণ দেবার প্রস্তুতি নিচ্ছেন যেখানে তিনি পশ্চিমা সভ্যতার ভবিষ্যত নিয়ে বক্তব্য দেবেন।,জি-২০ সম্মেলনে যোগ দেয়ার আগে মার্কিন প্রেসিডেন্ট ডোনাল্ড ট্রাম্প পোল্যান্ড সফর করছেন। পোল্যান্ডে তিনি পশ্চিমা সভ্যতা নিয়ে এক বক্তৃতা দেবেন। এছাড়া তিনি জার্মানিতে অনুষ্ঠিতব্য জি-২০ সম্মেলনে যোগ দেবেন এবং রাশিয়ার প্রেসিডেন্ট ভ্লাদিমির পুতিনের সঙ্গে তাঁর প্রথম সাক্ষাৎ হবে।,26.67,10.34,23.33
news-55673251,"আফগানিস্তানের শীর্ষ তালেবান নেতা একটা ডিক্রি জারি করে বিভিন্ন গ্রুপের নেতা এবং কমান্ডারদের বহুবিবাহ না করার জন্য আহ্বান জানিয়েছেন। তিনি বলেছেন, ""এটা করে আমাদের শত্রুদেরকে আমরাই সুযোগ করে দিচ্ছি সমালোচনা করার।"" বিবিসির সংবাদদাতা খুদাই নুর নাসার এইসব খবর দিচ্ছেন।","তালেবান নেতারা একাধিক বিয়ে করেন ধর্ম অনুসারে মুসলমান পুরুষরা চারটা বিয়ে করতে পারে। তবে তালেবানের সূত্রগুলো বিবিসিকে বলেছে, এই বহুবিবাহ করতে যেয়ে কমান্ডারদের অধিক অর্থের প্রয়োজন হয়ে পড়ছে। আফগান তালেবান নেতা মোল্লা হাইবাতুল্লাহর নামে ইস্যু করা এই ডিক্রিতে বলা হয়েছে - দ্বিতীয়, তৃতীয় বা চতুর্থ বিয়েকে নিষিদ্ধ করছে না।",11.49,2.35,6.9
news-55457331,"যুক্তরাজ্যে করোনাভাইরাসের যে নতুন ধরনটি পাওয়া গেছে, সেটি বিশ্বের আরও কয়েকটি দেশেও সনাক্ত হয়েছে। ইউরোপীয় দেশগুলোর বাইরে এই ভাইরাসটি পাওয়া গেছে কানাডা ও জাপানেও।","যুক্তরাজ্যে শনাক্ত হওয়া নতুন ধরনের করোনাভাইরাস ইউরোপের বিভিন্ন দেশে ছড়িয়ে পড়ছে। স্পেন, সুইৎজারল্যান্ড, সুইডেন ও ফ্রান্সে যুক্তরাজ্য থেকে আসা মানুষদের সংস্পর্শে আসার কারণে এই ভাইরাস শনাক্ত হয়েছে। জাপান অন্যান্য দেশ থেকে আগমনকারীদের জন্য নিষেধাজ্ঞা আরোপ করেছে, যা সোমবার থেকে কার্যকর হবে। ইউরোপের দেশগুলো তাদের নাগরিকদের ফাইজারের কোভিড-১৯ টিকা দিতে শুরু করেছে, প্রথমে বয়স্ক নাগরিকরা টিকা পাবেন। বিজ্ঞানীরা বলছেন, যুক্তরাজ্যের কঠোর নজরদারী ব্যবস্থার কারণে হয়তো সেদেশে প্রথম নতুন ধরনের করোনাভাইরাস শনাক্ত হয়ে থাকতে পারে। করোনাভাইরাসের এই নতুন মিউটেশনটি বেশি সংক্রামক হলেও বিপজ্জনক নয় বলে মনে করা হচ্ছে।",10.81,0.0,7.21
news-47271017,জামায়াতে ইসলামী বাংলাদেশের একাধিক নির্ভরযোগ্য সূত্র বিবিসিকে বলেছেন ব্যারিস্টার আব্দুর রাজ্জাকের পদত্যাগ এবং সংস্কারের পক্ষে তার খোলামেলা বিবৃতিতে দলের বিভিন্ন স্তরে বেশ নাড়া দিয়েছে ।,"বাংলাদেশের জামায়াতে ইসলামী দলের সাবেক সেক্রেটারি জেনারেল ব্যারিস্টার রাজ্জাক পদত্যাগ করার পর দলের ভেতরে সংস্কারের দাবি তুঙ্গে। জামায়াতের কেন্দ্রীয় নেতৃত্ব সংস্কারের দাবি খুব বেশি মাথা চাড়া না দিতে পারে সেজন্য চেষ্টা করছে। এদিকে দল থেকে বহিষ্কৃত মজিবুর রহমান মঞ্জু বলেছেন, জামায়াতের ভেতর তরুণ প্রজন্মের অনেকেই দলে সংস্কারের জন্য উদগ্রীব।",21.92,2.82,13.7
news-44786426,"যুক্তরাষ্ট্র আর চীনের মধ্যে বাণিজ্য যুদ্ধ শুরু হওয়ার পর, চীন থেকে আমদানি করা শত শত বিলিয়ন ডলার পণ্যের ওপর শুল্ক বসানোর হুমকি দিয়েছেন মার্কিন প্রেসিডেন্ট ডোনাল্ড ট্রাম্প। চীনও যুক্তরাষ্ট্র থেকে আমদানি করা বেশকিছু পণ্যের ওপর পাল্টা শুল্ক বসিয়েছে।","চীন থেকে আমদানি পণ্যের ওপর যুক্তরাষ্ট্রের শুল্ক বসানোর পর, চীনও যুক্তরাষ্ট্রের পণ্যের ওপর শুল্ক বসিয়েছে। এই বাণিজ্য যুদ্ধের ফলে চীনের অনেক কোম্পানির ব্যবসা ক্ষতিগ্রস্ত হবে। চীনের প্রেসিডেন্ট শি জিনপিংয়ের 'মেড ইন চায়না টুয়েন্টি টুয়েন্টি ফাইভ' নীতি নিয়ে উদ্বিগ্ন মার্কিন প্রেসিডেন্ট ডোনাল্ড ট্রাম্প।",47.5,25.64,30.0
news-50738828,গত দশ বছরে বাংলাদেশের বিরোধী দল বিএনপি'র অন্তত ৩৫ লাখ নেতাকর্মীর বিরুদ্ধে মামলা দেয়া হয়েছে এবং এই সময়ে দলটির ৩০০'র বেশি নেতাকর্মী গুম হয়েছে বলে দাবি করেছে বিএনপি।,"বিএনপি দাবি করছে যে, গত দশ বছরে ৩০০'র বেশি নেতাকর্মী গুম হয়েছে। বিএনপি মহাসচিব মির্জা ফখরুল ইসলাম আলমগীর অভিযোগ করেছেন যে, সরকার গণতন্ত্রের অনুপস্থিতিতে পদ্ধতিগতভাবে রাষ্ট্রযন্ত্রকে ব্যবহার করে মানবাধিকার লঙ্ঘন করছে। বিএনপি প্রকাশিত প্রতিবেদনে সারাদেশে বিএনপি নেতাকর্মীদের মানবাধিকার ও গণতান্ত্রিক অধিকার লঙ্ঘনের বিষয়টি গুরুত্ব পেয়েছে।",31.58,18.92,26.32
news-41920589,এক গবেষণায় দেখা যাচ্ছে ভেড়া মানুষের মত পরিচিত মুখ দেখলে তা চিনতে পারার ক্ষমতা রাখে।,কেম্ব্রিজ বিশ্ববিদ্যালয়ের গবেষকরা ভেড়াদের বারাক ওবামা সহ বেশ কিছু বিখ্যাত মানুষের মুখ চেনাতে সক্ষম হয়েছেন। প্রশিক্ষণের পর প্রশিক্ষিত ভেড়া বেশ কিছু ছবির মধ্যে থেকে পরিচিত মুখের ছবিগুলো সহজেই বেছে তুলে নিতে সক্ষম হয়। এই পরীক্ষায় দেখা যায় মানুষের মত ভেড়ার মস্তিষ্কও মানুষের মুখ মনে রাখতে পারে।,19.67,3.39,13.11
news-38824092,"দুই সারিতে স্কুল শিক্ষার্থীরা দাঁড়িয়ে মেলে দেয়া হাতের ওপর একজন শিক্ষার্থী শুয়ে আছে। আর তার পিঠের ওপর দিয়ে জুতো পায়ে হেটে যাচ্ছেন অনুষ্ঠানের প্রধান অতিথি। অন্যপাশে একজন শিক্ষার্থী হাত আর হাঁটুর উপর ভর দিয়ে উবু হয়ে রয়েছে, যাতে তিনি তার পিঠের ওপর পা দিয়ে নামতে পারেন।","বাংলাদেশের চাঁদপুর জেলার হাইমচর উপজেলার একটি বিদ্যালয়ে বার্ষিক ক্রীড়া প্রতিযোগিতা চলাকালে শিক্ষার্থীদের দেহে একটি মানব সেতু তৈরি করা হয়। উপজেলা চেয়ারম্যান নূর হোসেন পাটোয়ারী সেই মানব সেতুতে হেঁটে যান, যা সামাজিক যোগাযোগ মাধ্যমে সমালোচনার ঝড় তৈরি করে। বিদ্যালয় কর্তৃপক্ষ বলেছে যে এটি একটি ঐতিহ্যবাহী অনুষ্ঠান, কিন্তু অনেকে এটিকে অমানবিক এবং বিবেকহীন বলে মনে করে।",0.0,0.0,0.0
news-44917493,বাংলাদেশে কক্সবাজারের মহেশখালী উপজেলার দুর্গম পাহাড়ি এলাকায় দুটি অস্ত্র তৈরির 'কারখানার' খোঁজ পেয়েছে র‌্যাব।,"র‍্যাব কর্মকর্তা মেজর মেহেদী হাসান জানিয়েছেন, কক্সবাজারের মহেশখালীর কালারমারছড়া ইউনিয়নে অভিযান চালিয়ে ২০টি বন্দুক, গুলি ও অস্ত্র তৈরির সরঞ্জামসহ দুই ব্যক্তিকে গ্রেপ্তার করা হয়েছে। এসব কারখানায় লম্বা বন্দুক, কাটা বন্দুক এবং শুটারগান তৈরি হতো বলে তিনি জানিয়েছেন। বাংলাদেশে বিভিন্ন সময় দুর্গম পাহাড়ি এলাকায় অস্ত্র তৈরির কারখানা খুঁজে পাবার কথা শোনা যায়।",26.87,12.31,17.91
news-47790208,ক্লিন ক্লোদস সহ আন্তর্জাতিক কয়েকটি শ্রমিক অধিকার সংগঠনের এক গবেষণা রিপোর্টে বলা হচ্ছে বাংলাদেশের গার্মেন্ট কারখানায় নিরাপত্তা নিশ্চিত করার কাজে সেদেশের সরকার এখনো একেবারই প্রস্তুত নয়।,"বাংলাদেশের গার্মেন্ট শিল্পে শ্রমিকদের নিরাপত্তা নিশ্চিত করার জন্য অ্যাকর্ড এবং অ্যালায়েন্সের মতো সংস্থাগুলোর ভূমিকা অত্যন্ত গুরুত্বপূর্ণ। এই সংস্থাগুলো গার্মেন্ট কারখানাগুলোতে নিরাপত্তা পরিদর্শন করে এবং নিরাপত্তা সমস্যাগুলো সংশোধনে সুপারিশ করে। অ্যাকর্ড এবং অ্যালায়েন্স যদি বাংলাদেশ ছেড়ে যায়, তাহলে শ্রমিকদের নিরাপত্তা বড় ঝুঁকিতে পড়বে। বাংলাদেশের সরকার এবং গার্মেন্ট কারখানার মালিকরা দাবি করেন যে তারা এখন নিরাপত্তা পরিদর্শন করার সক্ষমতা অর্জন করেছেন, কিন্তু শ্রম অধিকার সংগঠনগুলো বলছে যে এখনও অনেক কারখানায় নিরাপত্তা সমস্যা রয়েছে।",16.49,8.42,12.37
news-39566688,বাংলাদেশের সর্বোচ্চ আদালত সুপ্রিম কোর্ট অঙ্গণে ন্যয়বিচারের প্রতীক গ্রিক দেবী থেমিসের আদলে গড়া একটি ভাস্কর্য সরিয়ে নিতে প্রধান বিচারপতির সাথে কথা বলবেন প্রধানমন্ত্রী শেখ হাসিনা।,বাংলাদেশের প্রধানমন্ত্রী শেখ হাসিনা বলেছেন যে তিনি সুপ্রিম কোর্টের সামনে থাকা ন্যায়বিচারের ভাস্কর্যটি সরিয়ে ফেলার বিষয়ে প্রধান বিচারপতির সঙ্গে কথা বলবেন। এই ভাস্কর্যটি কয়েক মাস আগে স্থাপন করা হয়েছে এবং এটি নির্মাণ করা হয়েছে ঢাকায় সুপ্রিম কোর্টের মূল ভবনের সামনের চত্বরে। ভাস্কর্যটি সরানোর দাবিতে ওলামারা আন্দোলন করছিলেন এবং শেখ হাসিনা তাদের সাথে একমত পোষণ করেছেন।,27.5,10.26,22.5
news-47088215,সকালের নাস্তা বা ব্রেকফাস্ট নিঃসন্দেহে দিনের সবচেয়ে গুরুত্বপূর্ণ খাবার। তবে প্রাতঃরাশ করলে সেটি শরীরের ওজন কমাতে খুব সহায়ক হবে না। গবেষণায় তাই বলা হচ্ছে।,"সকালের নাস্তা খাওয়া শরীরের ওজন কমাতে সাহায্য করে না বলে এক গবেষণায় দেখা গেছে। সকালের নাস্তায় যারা ২৬০ ক্যালোরির বেশি খায়, তাদের ওজন সকালে নাস্তা না খাওয়া লোকদের চেয়ে বেশি হয়। সকালের নাস্তা খাওয়া শরীরের জন্য প্রয়োজনীয় পুষ্টি জোগাতে সাহায্য করে এবং শিশুদের মনোযোগ ও একাগ্রতা বাড়াতে সহায়তা করে।",19.18,8.45,19.18
news-49431897,বাংলাদেশে হাইকোর্টের তিনজন বিচারপতির বিরুদ্ধে অসদাচরণের অভিযোগ ওঠায় তাদেরকে বিচার কার্যক্রম থেকে সাময়িকভাবে অব্যাহতি দেয়া হয়েছে।,"বাংলাদেশের সুপ্রিম কোর্টের তিনজন বিচারপতির বিরুদ্ধে অভিযোগের তদন্ত শুরু হয়েছে। এই তিনজন বিচারপতি হলেন বিচারপতি কাজী রেজাউল হক, বিচারপতি এ কে এম জহুরুল হক এবং বিচারপতি সালমা মাসুদ চৌধুরী। তাদেরকে বিচার কাজ থেকে সাময়িকভাবে বিরত রাখা হয়েছে।",30.19,15.69,30.19
news-38663386,বাইরে দেখে আঁচ করার উপায় নেই ভেতরে ২৭১ বছরের পুরনো মসজিদ আছে। পুরনো ঢাকার আজিমপুরের নিউ পল্টন এলাকায় সরু এক রাস্তার ধারে জনবহুল এলাকায় এ মসজিদটির অবস্থান।,"ঢাকার লালবাগে অবস্থিত আজিমপুর শাহী মসজিদের প্রায় অর্ধেক অংশ ভেঙ্গে ফেলা হয়েছে। এই মসজিদটি ১৭৪৬ সালে নির্মিত হয়েছিল এবং এটি একটি প্রত্নতাত্ত্বিক নিদর্শন হিসেবে স্বীকৃত হয়নি। মসজিদ কর্তৃপক্ষ এলাকায় জনসংখ্যা বৃদ্ধির কারণে জায়গার সংকুলান হচ্ছেনা বলে একটি ছয়তলা মসজিদ নির্মাণের জন্য এটি ভেঙ্গে ফেলার সিদ্ধান্ত নিয়েছে। প্রত্নতত্ত্ব অধিদপ্তর জানিয়েছে যে এই মসজিদটি তাদের তালিকায় নেই, তাই মসজিদ কর্তৃপক্ষ এটি ভেঙ্গে ফেলার সিদ্ধান্ত নিয়েছে।",8.89,0.0,4.44
news-45334100,বাংলাদেশে সাম্প্রতিক সময়ে কোটা সংস্কার আন্দোলন ও নিরাপদ সড়কের দাবীতে গড়ে উঠা আন্দোলনের জের ধরে যাদের আটক করা হয়েছিলো তাদের প্রায় সবাই জামিনে মুক্তি পেয়েছেন।,"কোটা আন্দোলনের শীর্ষস্থানীয় নেতাদের আটক করা হলেও তাদের জামিনে মুক্তির প্রক্রিয়া চলছে। আইনমন্ত্রী আনিসুল হক বলছেন, প্রধানমন্ত্রীর নির্দেশনায় আটককৃতরা জামিনে মুক্তি পাচ্ছেন, তবে তাদের বিরুদ্ধে মামলা চলবে। কোটা আন্দোলনের একজন সক্রিয় শিক্ষার্থী বলছেন, সরকার এ আন্দোলনকে রাজনৈতিক ভেবে ভুল করেছে এবং জনমত বিবেচনা করেই আটককৃতদের মুক্তির ব্যবস্থা করা হয়েছে।",18.92,5.56,18.92
news-47926957,"বাংলাদেশে আইন মন্ত্রী আনিসুল হক বলেছেন, মাদ্রাসা ছাত্রী নুসরাত জাহানকে হত্যার বিচার দ্রুত বিচার ট্রাইব্যুনালে করার সিদ্ধান্ত সরকার নিয়েছে।","নুসরাত জাহান হত্যাকাণ্ডের প্রতিবাদে সোনাগাজীতে প্রতিবাদ অব্যাহত রয়েছে। এছাড়াও ঢাকায় বাংলা নববর্ষের অনুষ্ঠানগুলোতেও এই হত্যাকাণ্ডের প্রতিবাদ জানানো হয়েছে। নুসরাতের পরিবার দ্রুত বিচার ট্রাইব্যুনালে মামলার বিচার চাইছে। পুলিশের কেন্দ্রীয় তদন্ত বিভাগ পিবিআই এখন মামলাটির তদন্ত করছে। মামলায় ১২ জন অভিযুক্তের মধ্যে এপর্যন্ত মাদ্রাসাটির অধ্যক্ষ সিরাজউদ্দৌলাসহ আট জনকে গ্রেফতার করেছে পুলিশ। গ্রেফতারকৃতদের জিজ্ঞাসাবাদে মাদ্রাসা ছাত্রীকে হত্যার ঘটনা সম্পর্কে তারা গুরুত্বপূর্ণ অনেক তথ্য পেয়েছেন। অল্প সময়ের মধ্যে তদন্ত শেষ করে অভিযোগপত্র দেয়া সম্ভব হবে বলে কর্মকর্তারা উল্লেখ করেছেন। আইনমন্ত্রী আনিসুল হক বলেছেন, অভিযোগপত্র পাওয়ার সাথে সাথেই মামলাটি দ্রুত বিচার ট্রাইব্যুনালে পাঠানো হবে।",18.52,7.55,11.11
news-45239309,পাকিস্তানের নতুন প্রধানমন্ত্রী ইমরান খানের শপথ গ্রহণ অনুষ্ঠানে গিয়ে সে দেশের সেনাপ্রধানের সঙ্গে সহাস্য কোলাকুলি করে বিতর্কে জড়িয়েছেন ভারতের সাবেক ক্রিকেটার ও অধুনা রাজনীতিবিদ নভজোত সিং সিধু।,"পাকিস্তানের নতুন প্রধানমন্ত্রী ইমরান খানের শপথ গ্রহণ অনুষ্ঠানে ভারতের পাঞ্জাবের মন্ত্রী নভজোত সিধু পাকিস্তানি সেনাপ্রধান জেনারেল কামার জাভেদ বাজওয়ার সাথে গলাগলি করেছেন। এই ঘটনার পর থেকে ভারতের সোশ্যাল মিডিয়াতে সিধুকে আক্রমণের মুখে পড়তে হচ্ছে। অনেকে মন্তব্য করেছেন, শত্রু রাষ্ট্রের সেনাপ্রধানের সাথে গলাগলি করে সিধু ভাল কাজ করেননি। সিধু দাবি করেছেন, জেনারেল বাজওয়ার সাথে তার শুধু শান্তি নিয়েই কথা হয়েছে।",30.23,16.67,25.58
news-48853751,"যুক্তরাষ্ট্রের এক সরকারি তদন্তের রিপোর্ট বলছে, সে দেশের দক্ষিণাঞ্চলের অঙ্গরাজ্যগুলির অভিবাসী বন্দিশালাগুলো বিপদজনকভাবে ভরপুর।","মার্কিন যুক্তরাষ্ট্রের টেক্সাসের রিও গ্রান্ডে অবস্থিত একটি বন্দীশালায় অভিবাসীদের অত্যন্ত খারাপ অবস্থায় রাখা হচ্ছে। বন্দীশালার একটি কারাকক্ষে ৪০ জনের বদলে ৫১ জন নারীকে আটকে রাখা হয়েছে, আরেকটি কারাকক্ষে ৪২ জনের বদলে ৭১ জন পুরুষকে রাখা হয়েছে। বন্দীশালার একজন ম্যানেজার বলেছেন, পরিস্থিতি টাইম বোমার মতো, যে কোন সময়ে বিস্ফোরণ ঘটতে পারে। মার্কিন ইনস্পেকটর জেনারেল অফিসের কর্মকর্তারা রিও গ্রান্ডে এলাকার সাতটি অভিবাসী বন্দীশালায় তদন্ত চালিয়েছেন। তারা দেখেছেন, শিশুদের সর্বোচ্চ ৭১ ঘণ্টা আটক রাখার নিয়ম থাকলেও ৩৩% শিশুকে তার চেয়েও বেশি সময় আটক রাখা হয়েছে। বন্দীশালায় গরম খাবার, গোসল করার পানি কিংবা পরিষ্কার পোশাক সরবরাহের ব্যবস্থা নেই। ইনস্পেকটরদের রিপোর্টে বলা হয়েছে, বন্দিশালায় যাওয়ার পর আটক অভিবাসীরা চিৎকার করতে থাকে, কারাকক্ষের দরোজা-জানালায় আঘাত করতে থাকে এবং ইনস্পেকটরদের কাছে চিরকুট পাঠানোর চেষ্টা করে। মার্কিন কাস্টমস অ্যান্ড বর্ডার পেট্রোল বিভাগের হিসেব অনুযায়ী রিও গ্রান্ডে এলাকায় অভিবাসনকারীদের সংখ্যা সবচেয়ে বেশি। গত এক বছরে এই এলাকা থেকে প্রায় ৩ লাখ ৮০ হাজার অভিবাসীকে আটক করা হয়েছে।",3.68,0.0,2.45
news-46494391,সামাজিক মাধ্যমে ভাইরাল ছবি। এক হ্রদে এক জোড়া জাগুয়ারের সঙ্গে ১২ বছরের ব্রাজিলীয় কিশোর টিয়াগো। এদের একজন রীতিমত টিয়াগোর গলা জড়িয়ে ধরে আছে।,"ব্রাজিলের এক কিশোরের এক জোড়া জাগুয়ারের সঙ্গে তোলা একটি ছবি সামাজিক মাধ্যমে ভাইরাল হয়েছে। কিশোরটির নাম টিয়াগো, যার বাবা-মা উভয়ই বিজ্ঞানী এবং ব্রাজিলের জাগুয়ার ইনস্টিটিউটে কাজ করেন। টিয়াগো শিশু বয়স থেকেই জাগুয়ারদের সঙ্গে বড় হয়েছে এবং তাদের সঙ্গে খেলাধূলা করে। টিয়াগোর বাবা জানিয়েছেন যে তারা টিয়াগোকে সবকিছু করতে দেন না, কিন্তু সে নিজেও জানে কী করা উচিত বা উচিত না। টিয়াগোর বাবা-মা জাগুয়ারদের সংরক্ষণ নিয়ে কাজ করেন এবং তারা চান টিয়াগোও এই কাজে অংশগ্রহণ করুক।",22.0,10.2,14.0
news-56469235,বাংলাদেশের সুনামগঞ্জ জেলার শাল্লা উপজেলায় হিন্দু বাড়িঘরে হামলার জের ধরে উত্তেজনার মধ্যেই জেলার জামালগঞ্জ উপজেলায় হেফাজত নেতা মামুনুল হকের একটি ওয়াজ মাহফিল আটকে দিয়েছে প্রশাসন।,"সুনামগঞ্জের জামালগঞ্জে একটি মাদ্রাসার উদ্যোগে ইসলামি মহাসম্মেলনের নামে ওয়াজ মাহফিলের আয়োজন করা হয়েছিল। এতে অতিথি হিসেবে আসবেন হেফাজতে ইসলামের নেতা মামুনুল হক। তবে স্থানীয় প্রশাসনের হস্তক্ষেপে মাহফিলটি স্থগিত করা হয়েছে। মাহফিলের আয়োজকরা জানিয়েছে, তারা ছাব্বিশে মার্চের পর মামুনুল হককে নিয়েই মাহফিলের আয়োজন করবে। ওয়াজ মাহফিলে রাজনৈতিক বক্তব্য দেয়া নিয়ে বাংলাদেশে বেশ বিতর্ক হচ্ছে।",10.26,2.63,7.69
news-45502414,"যদি আমিও কবি নবারুণ ভট্টাচার্য 'র মতো বলতে পারতাম যে, 'এই মৃত্যু উপত্যকা আমার দেশ না'। কিন্তু পারছি কই?","ভারতে বহুবিধ হত্যা ও সহিংসতা চলছে, যা ব্যক্তি ও সমাজ জীবনকে প্রভাবিত করছে। সাম্প্রদায়িক দাঙ্গা, এথনিক ক্লেন্সিং, রাজনৈতিক হিংসা-প্রতিহিংসা ও ভুয়ো সংঘর্ষের নামে হত্যা ঘটছে। এই হত্যার মিছিলে হিন্দু, মুসলমান, শিখ, দলিত ও জনজাতি সকলেই শামিল হচ্ছে। ভারতীয় উপমহাদেশে দেশভাগের সময় যে অবিশ্বাস, বিদ্বেষ ও ঘৃণা তৈরি হয়েছিল, তা এখনও স্বাধীনতার গলায় ভারী পাথর হয়ে ঝুলছে।",5.26,0.0,2.63
news-47787821,যুক্তরাষ্ট্রের ম্যাগাজিন ফোর্বস এ বছরের অনূর্ধ্ব-৩০ ক্যাটাগরিতে এশিয়া অঞ্চলের তরুণ উদ্যোক্তাদের যে তালিকা করেছে তাতে স্থান পেয়েছেন দু জন বাংলাদেশী।,"বাংলাদেশের দুই তরুণ ইলিয়াস হুসেইন এবং আব্দুল্লাহ আল মোরশেদ ফোর্বসের তালিকায় স্থান পেয়েছেন। ইলিয়াস হুসেইন রাইড শেয়ারিং প্রতিষ্ঠান পাঠাওয়ের প্রতিষ্ঠাতা, যা বাংলাদেশের অন্যতম প্রধান রাইড শেয়ারিং প্রতিষ্ঠান। আব্দুল্লাহ আল মোরশেদ একজন কার্টুনিস্ট, যিনি যুদ্ধের হৃদয় বিদারক ও ভয়ংকর দৃশ্যের ছবিগুলোতে মনোমুগ্ধকর শিল্পকর্মে রূপান্তর করেছেন। তিনি গ্লোবাল হ্যাপিনেস অ্যাওয়ার্ড পেয়েছেন এবং বাংলাদেশের গণমাধ্যমে তার কার্টুন প্রকাশিত হয়েছে।",7.79,2.67,7.79
news-54452799,"কাতারের রাজধানী দোহাতে চলমান আফগান শান্তি আলোচনায় ভারতের ভূমিকা ঠিক কী হতে পারে, তা নিয়ে আলোচনা করতে দিল্লি এসেছেন আফগান নেতা ও সে দেশের পিস কাউন্সিলের প্রধান ড: আবদুল্লাহ্ আবদুল্লাহ্।","আফগানিস্তানের জাতীয় সম্প্রীতি পরিষদের প্রধান ড: আবদুল্লাহ আবদুল্লাহ দিল্লিতে পৌঁছেছেন। তিনি পাঁচ দিনের সফরে ভারতে এসেছেন। এই সফরে তিনি ভারতের প্রধানমন্ত্রী নরেন্দ্র মোদী, পররাষ্ট্রমন্ত্রী এস. জয়শঙ্কর, জাতীয় নিরাপত্তা উপদেষ্টা অজিত ডোভাল-সহ অনেকের সঙ্গে দেখা করবেন। পাকিস্তানি বিশ্লেষকরা বলছেন, ড: আবদুল্লাহ যদি শান্তি আলোচনায় ভারতের আরও সক্রিয় ভূমিকা আশা করেন - ইসলামাবাদের কাছে তা গ্রহণযোগ্য হবে না। তবে ভারতেও পর্যবেক্ষকরা ধারণা করছেন, শান্তি আলোচনার স্বার্থে আফগান ইস্যুতে তিনি দিল্লিকে আপাতত 'লো-প্রোফাইল' বজায় রাখারই অনুরোধ জানাবেন। ড: আবদুল্লাহ বলেছেন, আফগানিস্তানের শান্তি প্রক্রিয়ায় ও সে দেশে স্থায়ী শান্তি প্রতিষ্ঠায় ভারতের ভূমিকা খুব গুরুত্বপূর্ণ।",18.18,8.4,13.22
40197379,কাতারের আল জাজিরা টিভি নেটওয়ার্ক নি:সন্দেহে মধ্যপ্রাচ্যের ক্ষুদ্র এই দেশটিকে আন্তর্জাতিক মানচিত্রে জায়গা করে দিয়েছে।,"আল জাজিরা ১৯৯৬ সালে আরব বিশ্বের প্রথম ২৪ ঘণ্টার সংবাদ চ্যানেল হিসেবে আত্মপ্রকাশ করে। কাতারের সাম্প্রতিক কূটনৈতিক সংকটের ফলে এই হাই প্রোফাইল নেটওয়ার্কের ভবিষ্যৎ নিয়ে শঙ্কা দানা বাঁধছে। আল জাজিরার সংবাদ বিভিন্ন আরব দেশে বিতর্ক এবং ক্ষোভের জন্ম দিয়েছে, যার মধ্যে অন্যতম মিশর।",20.34,3.51,13.56
news-44803369,রসগোল্লার আবিষ্কার কোথায়- তা নিয়ে এর আগে তুমুল হৈচৈ আর আইনি লড়াই হয়েছে পশ্চিমবঙ্গ আর ওড়িশার মধ্যে।,"ভারতের দুই রাজ্য অন্ধ্র প্রদেশ এবং তেলেঙ্গানা বিরিয়ানি নিয়ে লড়াইয়ে জড়িয়ে পড়েছে। অন্ধ্র প্রদেশ রাজ্য চেষ্টা করছে নিজস্ব বিরিয়ানি ব্র্যান্ড তৈরি করতে, যার নাম 'বঙ্গু বিরিয়ানি'। এই বিরিয়ানি বাঁশের খোলে দমে রান্না করা হয়। অন্ধ্র প্রদেশের মুখ্যমন্ত্রী চন্দ্রবাবু নাইডু পর্যটন দপ্তরকে নির্দেশ দিয়েছেন বঙ্গু বিরিয়ানিকে জনপ্রিয় করে তোলার জন্য সবরকম প্রচেষ্টা চালাতে।",2.9,0.0,2.9
news-42690561,"সিরিয়ার পূর্ব উপকূলে মার্কিন-সমর্থিত মিলিশিয়াদের নিয়ে একটি নতুন বাহিনী গঠনের জন্য যুক্তরাষ্ট্র যে পরিকল্পনা করছে, তার প্রবল সমালোচনা করেছে সিরিয়ার সরকার, তার মিত্র রাশিয়া, এবং তুরস্ক।","সিরিয়ার উত্তরে তুরস্ক সীমান্তে একটি সীমান্তরক্ষী বাহিনী গঠনের ঘোষণা দিয়েছে আমেরিকার নেতৃত্বে গঠিত জোট। এই বাহিনীতে থাকবে ৩০ হাজার সদস্য। এর অর্ধেকই আসবে সরকার বিরোধী গোষ্ঠী এসডিএফ থেকে। সিরিয়া, রাশিয়া ও তুরস্ক এই বাহিনী গঠনের বিরোধিতা করেছে। সিরিয়া বলেছে, এটা তাদের সার্বভৌমত্বের লঙ্ঘন। রাশিয়া বলেছে, এটা সিরিয়ার বিভক্তি ঘটাতে পারে। তুরস্কের প্রেসিডেন্ট রেসেপ তাইয়েপ এরদোয়ান বলেছেন, তারা এই বাহিনীকে সন্ত্রাসী হিসেবে আখ্যা দেবে এবং ধ্বংস করে দেবে।",21.28,2.17,14.89
news-47397246,"ভারতীয় বিমান বাহিনীর যে পাইলট আকাশে এক লড়াইয়ের পর পাকিস্তানের হাতে আটক হয়েছেন, সেই আভিনন্দন ভার্থামানকে ফেরত দেয়ার দাবি জানিয়েছে ভারতীয় কর্তৃপক্ষ।",ভারতীয় পাইলট আভিনন্দন ভার্থামান বুধবার পাকিস্তানের সীমানার মধ্যে তার বিমান ভূপাতিত হওয়ার পর পাকিস্তানি বাহিনী কর্তৃক আটক হন। ভারতীয় পররাষ্ট্র মন্ত্রণালয় পাকিস্তানকে তাকে ফেরত দেওয়ার অনুরোধ জানিয়েছে। আভিনন্দন ভার্থামান ভারতীয় বিমানবাহিনীর একজন ফাইটার পাইলট এবং তার বাবা ছিলেন এয়ার মার্শাল।,32.26,0.0,22.58
news-50525454,দেশজুড়ে মানুষ রাস্তায় নেমে আসছে এবং দেশটির শীর্ষ নেতাদের স্বৈরশাসক আখ্যায়িত করে তাদের ছবিতে আগুন দিচ্ছে।,ইরানে ছয় দিন ধরে চলমান সহিংস বিক্ষোভে অন্তত ১০৬ জন নিহত হয়েছে। জাতিসংঘ ও অ্যামনেস্টি ইন্টারন্যাশনালের হিসেবে এসব সহিংসতায় নিহত হয়েছে অন্তত ১০৬ জন। ইরানের প্রেসিডেন্ট হাসান রুহানি বিক্ষোভকে 'বিদেশীদের ষড়যন্ত্র' ভেস্তে দিয়ে জয়ী হয়েছেন বলে দাবি করেছেন। বিক্ষোভকারীদের ওপর গুলি না চালাতে ইরানের প্রতি আহবান জানিয়েছে জাতিসংঘ কর্মকর্তারা।,0.0,0.0,0.0
news-46938215,"ভারত ও বাংলাদেশের মধ্যেকার কূটনৈতিক সম্পর্কে এই মুহুর্তে অস্বস্তির কেন্দ্রে আছে যে তিস্তা নদী, সেটি ক্রমশ শুকিয়ে যাওয়ার পেছনে তাদের কোনও ভূমিকা নেই বলে বিবিসির কাছে দাবি করেছেন সিকিমের মুখ্যমন্ত্রী পবন কুমার চামলিং।","সিকিমের মুখ্যমন্ত্রী পবন কুমার চামলিং বলেছেন, তাদের রাজ্যে নির্মিত জলবিদ্যুৎ প্রকল্পগুলো তিস্তা নদীর পরিবেশ ও বাস্তুতন্ত্রের ক্ষতি করেনি। তিনি দাবি করেছেন, সিকিমের জলবিদ্যুৎ প্রকল্পগুলোর কারণে মাত্র সাতটি পরিবার স্থানচ্যুত হয়েছে। তিনি আরও বলেছেন, সিকিম তিস্তার ভাটির অন্যান্য অঞ্চলের উদ্বেগের প্রতি সব সময় খেয়াল রাখছে। তবে, বিশেষজ্ঞরা মনে করছেন, সিকিমের জলবিদ্যুৎ প্রকল্পগুলোর কারণে তিস্তা নদীর অপূরণীয় ক্ষতি হয়েছে।",22.22,13.64,11.11
news-47227787,"কুকুর হয়তো মানুষের সবচেয়ে বিশ্বস্ত বন্ধু, কিন্তু এই জন্তুটি এখন বন্যপ্রাণীর জন্য বিরাট হুমকি হয়ে দাঁড়িয়েছে।","বিশ্বব্যাপী প্রায় ২০০ প্রজাতির বন্যপ্রাণী বুনো এবং বেওয়ারিশ কুকুরের কারণে হুমকিতে পড়েছে। বিশেষ করে স্তন্যপায়ী, পাখী, সরীসৃপ এবং উভচর প্রাণীরা এই হুমকির সম্মুখীন হচ্ছে। বিশ্বে প্রায় ১০০ কোটি কুকুর রয়েছে, যার মধ্যে অনেকগুলো বুনো এবং বেওয়ারিশ, যা বন্যপ্রাণীদের জন্য একটি বড় হুমকি। বিজ্ঞানীরা বলছেন, বুনো এবং বেওয়ারিশ কুকুর নিয়ন্ত্রণ করা জরুরি হয়ে দাঁড়িয়েছে বন্যপ্রাণী সংরক্ষণের জন্য।",16.67,2.86,13.89
news-51298505,"ভারতের বিতর্কিত নতুন নাগরিকত্ব আইন প্রত্যাহার করার দাবি জানিয়ে একটি প্রস্তাবের ওপর ইউরোপীয় পার্লামেন্টে আলোচনা শুরু হয়েছে, পরে তা ভোটাভুটির জন্য পেশ করা হবে।","ইউরোপীয় পার্লামেন্টের অনেক সদস্য ভারতের নতুন নাগরিকত্ব আইনকে 'বৈষম্যমূলক' ও 'বিভাজন সৃষ্টিকারী' বলে মনে করছেন। তারা এই আইনের বিরুদ্ধে একটি প্রস্তাব দিয়েছেন, যা ভারতের জন্য কূটনৈতিকভাবে অস্বস্তিকর হতে পারে। ভারত সরকার এই আইনটিকে 'অভ্যন্তরীণ বিষয়' বলে দাবি করছে এবং বহু ইউরোপীয় দেশেও অনুরূপ অভিবাসন আইন আছে বলে উল্লেখ করছে।",21.92,2.82,13.7
news-56601546,বাংলাদেশে করোনাভাইরাসের 'সংক্রমণ ঠেকানোর' জন্য সরকার যে বিধি-নিষেধ দিয়েছে সেটির বিরুদ্ধে প্রতিবাদে নেমেছে রাইড শেয়ারিং মোটরসাইকেল চালকরা।,"ঢাকায় অ্যাপ-ভিত্তিক মোটরসাইকেল পরিবহনে সরকারের নিষেধাজ্ঞার প্রতিবাদে মোটরসাইকেল চালকরা বিক্ষোভ করেছে। তারা রাজধানীর বিভিন্ন স্থানে সড়ক অবরোধ করে যানবাহন চলাচলে বিঘ্ন সৃষ্টি করেছে। এতে শহরজুড়ে তীব্র যানজটের সৃষ্টি হয়েছে। মোটরসাইকেল চালকরা বলছেন, সরকারের এই সিদ্ধান্তের ফলে তারা চরম আর্থিক সংকটে পড়বেন। তারা জানাচ্ছেন, সব যানবাহন চলতে পারলে মোটরসাইকেলে যাত্রী পরিবহন করতে অসুবিধা কোথায়। এছাড়াও, সরকারের নতুন বিধি-নিষেধ অনুযায়ী গণ-পরিবহনে ধারণক্ষমতার অর্ধেক যাত্রী বহন করতে পারবে, ফলে যানবাহন সংকটে পড়েছে হাজারো মানুষ।",10.87,4.44,6.52
news-56602384,"ভারতের ছত্তিশগড়ে গত শনিবার যে গেরিলা হামলায় নিরাপত্তা বাহিনীর অন্তত ২২জন সদস্য নিহত হয়েছেন, তার মূল পরিকল্পনাকারী হিসেবে চিহ্নিত করা হচ্ছে মাদভি হিডমা নামে একজন মাওবাদী কমান্ডারকে।","মাদভি হিডমা, যিনি 'হিডমালু' নামেও পরিচিত, পিপলস লিবারেশেন গেরিলা আর্মির এক নম্বর ব্যাটেলিয়নের কমান্ডার। তিনি বছর পঞ্চাশেকের একজন আদিবাসী কমান্ডার যিনি গত দু'দশকে প্রায় ২৭টি বড় বড় হামলায় যুক্ত ছিলেন। তার মাথার ওপর ইতিমধ্যেই ৪০ লক্ষ রুপির ইনাম ঘোষিত হয়েছে। গত শুক্রবার রাতে ভারতের সিআরপিএফ ও তাদের এলিট কোবরা ফোর্স, ছত্তিশগড় রাজ্য পুলিশ ও ডিস্ট্রিক্ট রিজার্ভ গার্ডস এবং স্পেশাল টাস্ক ফোর্সের মোট প্রায় হাজারদুয়েক সদস্য বস্তারের গহীন জঙ্গলে একযোগে অভিযান চালিয়েছিল এই মাওবাদী নেতাকে ধরার লক্ষ্যেই। কিন্তু পরদিন দেখা গেল, হিডমালু-কে ধরা তো দূরস্থান - তার বাহিনীর পাতা 'ইউ' আকৃতির গোপন ফাঁদে ঢুকে প্রাণ হারালেন অন্তত ২২জন জওয়ান, গুরুতর জখম হলেন আরও প্রায় ৩০জন। ভুল গোয়েন্দা তথ্যে নিরাপত্তা বাহিনীকে বিভ্রান্ত করে আরও একবার ফাঁকি দিলেন মাদভি হিডমা।",19.31,2.8,9.66
news-43945074,"সদ্য মা হওয়া একজন তরুণী দাবি করেছেন, ইউটিউব দেখে দেখে তিনি নিজের সন্তান প্রসব করেছেন, কারণ সে সময়ে হোটেল কক্ষে তার সঙ্গে আর কেউ ছিল না।","টিয়া ফ্রিম্যান নামের এক মা তুরস্কে একটি সফরে থাকাকালীন সন্তান প্রসব করেন। তিনি বলছেন, সে সময় তিনি যেন 'অটো পাইলট' হয়ে গিয়েছিলেন। তিনি বলছেন, প্রসব বেদনা উঠলেও তিনি প্রথমে ভেবেছিলেন, তার হয়তো ফুড পয়জনিং বা পেট খারাপ হয়েছে।",18.75,3.23,15.62
news-40920719,পাকিস্তানের ৭০ তম স্বাধীনতা দিবস আজ। আগামীকাল তার ঐতিহাসিক প্রতিপক্ষ ভারত পালন করবে নিজের ৭০ তম স্বাধীনতা দিবস।,ভারত ও পাকিস্তানের মধ্যে কাশ্মীর নিয়ে উত্তেজনা বাড়ার পরেও দুই দেশের তরুণ শিল্পীরা একটি 'পিস অ্যানথেম' গান গেয়েছেন। গানটিতে পাকিস্তানের জাতীয় সঙ্গীত 'পাক সার জমিন সাদ বাদ' এবং ভারতের জাতীয় সঙ্গীত 'জনগনমন অধিনায়ক জয় হে' গাওয়া হয়েছে। গানটি সামাজিক যোগাযোগ মাধ্যমে ভাইরাল হয়েছে এবং অনেকেই এটিকে শান্তির পক্ষে একটি সুন্দর উদ্যোগ হিসেবে দেখছেন।,5.63,0.0,2.82
news-51694545,সর্বোচ্চ শাস্তি বা মৃত্যুদণ্ড নিয়ে সিনেমা বানিয়ে বার্লিন আন্তর্জাতিক চলচ্চিত্র উৎসবে পুরষ্কার জিতেছেন একজন নিষিদ্ধ ইরানি পরিচালক পরিচালক মোহাম্মাদ রাসুলফ।,ইরানের চলচ্চিত্র পরিচালক মোহাম্মদ রাসুলফের 'দেয়ার ইজ নো ইভল' চলচ্চিত্রটি বার্লিন চলচ্চিত্র উৎসবে সর্বোচ্চ পুরষ্কার জিতেছে। ইরানের কর্তৃপক্ষ মোহাম্মদ রাসুলফের দেশত্যাগে নিষেধাজ্ঞা দেয়ায় তিনি বার্লিনে অনুষ্ঠিত পুরষ্কার বিতরণ অনুষ্ঠানে যোগ দিতে পারেননি। তার মেয়ে বারান রাসুলফ বাবার পক্ষে পুরষ্কার গ্রহণ করেন।,22.95,3.39,16.39
news-50043459,"চলতি বছর অর্থনীতিতে নোবেল পেয়েছেন কলকাতার সন্তান অভিজিৎ বিনায়ক ব্যানার্জি, তাঁর স্ত্রী এসথার ডুফলো এবং মাইকেল ক্রেমার।","অর্থনীতিতে নোবেল পুরস্কার পেয়েছেন অভিজিৎ বিনায়ক ব্যানার্জি, এসথার ডুফলো এবং সেন্ধিল মুল্লাইনাথন। তাদের পরীক্ষা নিরীক্ষার দৃষ্টিভঙ্গি বৈশ্বিক দারিদ্র বিমোচনে সহায়ক বলে মনে করা হচ্ছে। অভিজিৎ বিনায়ক ব্যানার্জি ভারতের কলকাতা বিশ্ববিদ্যালয়, জওহরলাল নেহরু বিশ্ববিদ্যালয় ও হার্ভার্ড বিশ্ববিদ্যালয়ে পড়াশোনা করেছেন।",32.73,18.87,32.73
news-52039380,ব্রিটিশ রাজসিংহাসনের উত্তরাধিকারী প্রিন্স চার্লস করোনাভাইরাস-এ আক্রান্ত হয়েছেন।,ব্রিটেনের রাজপরিবারের উত্তরাধিকারী প্রিন্স চার্লসের দেহে করোনাভাইরাসের উপসর্গ ধরা পড়েছে। এর আগে তিনি রাণী এলিজাবেথ দ্বিতীয়কে দেখা করেছিলেন। প্রিন্স চার্লস এবং তার স্ত্রী ক্যামিলা বর্তমানে স্কটল্যান্ডের বালমোরাল প্রাসাদে আইসোলেশনে রয়েছেন। রাণী এলিজাবেথ দ্বিতীয় এখন তার স্বাস্থ্যের যত্ন নিয়ে বাকিংহাম প্রাসাদে অবস্থান করছেন।,11.76,8.16,11.76
news-47189627,বাংলাদেশে গত ৩০শে ডিসেম্বর অনুষ্ঠিত সংসদ নির্বাচনে অনিয়ম ও কারচুপির অভিযোগের সাক্ষ্য প্রমাণের অভাবে বিরোধীদল বিএনপি তাদের অভিযোগ নিয়ে মামলা করার না করার প্রশ্নে সিদ্ধান্তহীনতায় পড়েছে।,"বাংলাদেশের ২০১৮ সালের নির্বাচন প্রত্যাখ্যান করেছে বিএনপি। দলটির নেতারা বলছেন, নির্বাচনে অনিয়ম বা কারচুপির চিত্র সংবাদ মাধ্যমে যতটুকু প্রকাশ হয়েছে, এর বাইরে বিএনপি বা তাদের জোটের প্রার্থীরা সেভাবে সাক্ষ্য প্রমাণ সংগ্রহ করতে পারেন নি। বিএনপি এখন সাক্ষ্য প্রমাণ সংগ্রহের চেষ্টা করছে এবং ১৫ই ফেব্রুয়ারির মধ্যে নির্বাচনি ট্রাইব্যুনালে মামলা করতে হবে।",18.42,2.7,15.79
news-56631355,পৃথিবী জুড়ে করোনাভাইরাস ছড়িয়ে পড়ার পর সাথে সাথেই পাল্লা দিয়ে ছড়িয়েছে এ নিয়ে নানা রকম ভুয়া তথ্য।,ভিটামিন ডি ক্যাপসুল নিয়ে কিছু ভুয়া তথ্য আছে যা একেবারে সরাসরি ভুল বা মিথ্যা। ভিটামিন ডি মানুষের রোগ প্রতিরোধ ক্ষমতায় একটা ভূমিকা পালন করে। উচ্চ মাত্রায় ভিটামিন ডি খেলে কোন রোগ প্রতিরোধ করা বা তার চিকিৎসা সম্ভব - আজ পর্যন্ত কোন গবেষণাতেই যথেষ্ট বিশ্বাসযোগ্যভাবে প্রমাণিত হয়নি।,9.68,3.33,9.68
news-46950222,"১৯৬২ সালে এমন একটি জিনিস আবিষ্কার হয় যা বর্তমান পৃথিবীর সবচেয়ে প্রয়োজনীয় জিনিসগুলোর একটি এবং অনেকেই হয়তো বলবেন, এটি আধুনিক জীবনের সবচেয়ে বিরক্তিকর একটি জিনিসও বটে।","কম্পিউটারের নিরাপত্তার জন্য পাসওয়ার্ড সিস্টেম উদ্ভাবন করা হয়েছিল। এই সিস্টেমটি প্রথমবারের মতো ব্যবহার করেছিলেন কম্পিউটার অ্যানালিস্ট অ্যালান শেয়ার। তিনি বলেন, ""সেসময় কম্পিউটার ব্যবহার করার জন্যে একটা অ্যাকাউন্ট নম্বর ছিল। তখন অবশ্য ‌সেটাকে বলা হতো প্রবলেম নম্বর।"" এই নম্বর ব্যবহার করে একজন কম্পিউটার ব্যবহারকারী টেলিফোনের মাধ্যমে পৃথিবীর যেকোনো স্থান থেকে তার কম্পিউটারের সাথে যুক্ত হতে পারতেন। এমআইটির উদ্ভাবিত এই প্রযুক্তির নাম ছিল টাইম শেয়ারিং সিস্টেম। এর উদ্দেশ্য ছিল যেকোনো স্থান থেকে একটি কম্পিউটারকে ব্যবহার করতে পারা। দৈনন্দিন জীবনে পাসওয়ার্ড এখন অপরিহার্য বিষয়।",3.74,0.0,3.74
news-48446744,বাংলাদেশের জেলাগুলোয় বার্ষিক উন্নয়ন কর্মসূচির বা এডিপি'র অর্থ বরাদ্দের ক্ষেত্রে অতি উচ্চমাত্রায় বৈষম্য করা হচ্ছে বলে একটি গবেষণা প্রতিষ্ঠান বলছে।,"বাংলাদেশে উন্নয়ন কর্মসূচির অর্থ বরাদ্দ দারিদ্র্য ও প্রয়োজনের ভিত্তিতে হওয়ার কথা থাকলেও বাস্তবে এটি হচ্ছে না। বাংলাদেশ ইন্সটিটিউট অব প্ল্যানার্সের গবেষণা অনুযায়ী, গোপালগঞ্জ, ঢাকা ও চট্টগ্রামে সবচেয়ে বেশি অর্থ বরাদ্দ হচ্ছে। হাওর, উত্তরের দারিদ্র্যপীড়িত অঞ্চল ও উপকূলীয় অঞ্চলে বরাদ্দ রয়েছে অনেক কম। গবেষণায় দেখা গেছে যে পরিকল্পনা ও সমন্বয়ের অভাবের কারণে এই বৈষম্য তৈরি হচ্ছে।",15.79,2.7,13.16
news-39614807,"বাংলাদেশের ময়মনসিংহ জেলার ফুলবাড়িয়া উপজেলার হাতিলেট নামে ওই গ্রামের আদিবাসী কোচ সম্প্রদায়ের সমাজপতিরা তাদের বিচারে ঐ দম্পতিকে জুতোর মালা পরানো, মাথা ন্যাড়া করা ছাড়াও ৪০,০০০ টাকা জরিমানাও করেছে।","ময়মনসিংহে এক মুসলিম অটোচালকের সাথে এক আদিবাসী নারীর 'অবৈধ প্রেম' এর সন্দেহে স্বামী-স্ত্রী দুজনকে ন্যাড়া করে, গলায় জুতোর মালা পরিয়ে গ্রামে ঘোরানো হয়। ওই নারী বলেছেন, মুসলমান অটোচালক তাদের পারিবারিক বন্ধু এবং তার সাথে কোনও ধরনের 'অবৈধ সম্পর্ক' তার ছিলনা। এই ঘটনার পর ওই দম্পতি মামলা করতে থানায় যান।",15.19,2.6,7.59
news-52513769,করোনাভাইরাসে বিশ্বব্যাপী যে পদ্ধতিতে নমুনা পরীক্ষা করা হচ্ছে সেটায় শতভাগ নিশ্চিত ফলাফল পাওয়া যায় না। এ কারণেই বিশ্বব্যাপী বার বার টেস্ট করার ওপর জোর দেয়া হচ্ছে।,"বাংলাদেশে করোনাভাইরাস পরীক্ষার ফলাফল অনেক সময় ভুল হয় বলে জানা যাচ্ছে। দেশটিতে বারবার টেস্ট করার সুযোগ সীমিত থাকায় এই ভুল ফলাফলের একটা বিরূপ প্রভাব পড়তে পারে বলে আশঙ্কা করছেন বিশেষজ্ঞরা। সংক্রামক ব্যাধি বিশেষজ্ঞ আরিফুল বাশার বলেছেন, ""আরটি-পিসিআর"" পদ্ধতিতে ৩০% ফলাফল ভুল হওয়ার আশঙ্কা থাকে।",11.27,2.9,8.45
news-52648186,পশ্চিমবঙ্গ সরকারের আপত্তিতে আন্তর্জাতিক স্থল-বন্দর খুলতে না পেরে ভারতের কেন্দ্রীয় সরকার বাংলাদেশে পণ্য পরিবহনের জন্যে এখন রেলপথকেই বেছে নিয়েছে।,ভারত থেকে বাংলাদেশে পেঁয়াজ রপ্তানি করা হচ্ছে রেলপথে। পশ্চিমবঙ্গ সরকার এখনও স্থলবন্দর খুলে দেয়নি করোনাভাইরাসের ঝুঁকি দেখিয়ে। বাংলাদেশে রোজার মাসে পেঁয়াজের দাম কমাতে এই রপ্তানি সাহায্য করবে বলে মনে করা হচ্ছে।,11.76,0.0,11.76
news-41052875,"ভারতের যে বিতর্কিত ধর্মগুরু গুরমিত রাম রহিমকে শুক্রবার হরিয়ানার একটি আদালত ধর্ষণের মামলায় দোষী সাব্যস্ত করেছে, যা নিয়ে হরিয়ানা আর পাঞ্জাবে রীতিমতো যুদ্ধকালীন পরিস্থিতি তৈরি হয়েছে, তিনি সত্যিই একটি বর্ণময় চরিত্র।","গুরমিত রাম রহিম সিং একজন ভারতীয় ধর্মগুরু, সমাজ সংস্কারক, গায়ক, অভিনেতা এবং চলচ্চিত্র পরিচালক। তিনি ডেরা সাচ্চা সৌদা নামের একটি সম্প্রদায়ের নেতা, যার প্রতিষ্ঠা হয়েছিল ১৯৪৮ সালে। তার অনুসারীদের দাবি, সারা বিশ্বে গুরু রাম রহিমের ছয় কোটি ভক্ত আছে। তিনি বেশ কয়েকটি চলচ্চিত্র তৈরি করেছেন এবং নিজেই অভিনয় করেছেন, যা হরিয়ানা, পাঞ্জাব এবং উত্তরপ্রদেশের যুবক ও নারীদের মধ্যে খুবই জনপ্রিয়। তিনি একজন রকস্টার বাবা হিসেবেও পরিচিত, যিনি তার গানের ভিডিওতে চাক-চিক্যময় পোশাক-আষাক পরে পারফর্ম করেন।",14.81,1.89,11.11
news-51493152,"বাংলাদেশে নিরাপদ সড়কে দাবিতে আন্দোলনকারী ইলিয়াস কাঞ্চন একশ' কোটি টাকা ক্ষতিপূরণ চেয়ে সাবেক মন্ত্রী শাজাহান খানের বিরুদ্ধে যে মানহানির মামলা করেছেন, আদালত তা গ্রহণ করেছে।","ইলিয়াস কাঞ্চন সাবেক মন্ত্রী শাজাহান খানের বিরুদ্ধে মানহানির অভিযোগ এনে ১০০ কোটি টাকার ক্ষতিপূরণ দাবি করে মামলা করেছেন। শাজাহান খান বলেছেন, তিনি আদালতের কাছে যথাসময়ে তার ব্যাখ্যা বা জবাব দেবেন। আদালত শাজাহান খানকে লিখিত ব্যাখ্যা দিতে বলেছে।",41.94,20.0,35.48
news-38727531,দিনটিকে মার্কিন যুক্তরাষ্ট্রের নতুন প্রেসিডেন্ট ডোনাল্ড ট্রাম্প নিজেই বলেছেন এটি তার প্রথম সত্যিকার কাজের দিন।,"মার্কিন প্রেসিডেন্ট ডোনাল্ড ট্রাম্প তার প্রথম কাজের দিনে টিপিপি বাণিজ্য চুক্তি বাতিল করেছেন। এশিয়া ও প্রশান্ত মহাসাগরীয় অঞ্চলের ১২টি দেশ এই চুক্তিতে স্বাক্ষর করেছিল। ট্রাম্প বলেছেন, তিনি ন্যায্য বাণিজ্য নীতির পক্ষে এবং যুক্তরাষ্ট্রের বাজারে ব্যবসা করছে এমন কোম্পানিগুলোর কর কমানো ও নিয়মবিধি হ্রাস করার প্রতিশ্রুতি দিয়েছেন।",29.51,10.17,22.95
news-50091830,কারো সম্মানহানি করার লক্ষ্যে একান্ত ব্যক্তিগত যৌনসম্পর্কের ভিডিও ইন্টারনেটে ছেড়ে দেয়াটা বেশ কিছুকাল থেকেই পৃথিবীতে এক গুরুতর সমস্যায় পরিণত হয়েছে - যাকে বলে 'রিভেঞ্জ' বা প্রতিশোধমূলক পর্ন ।,"বেলা থর্ন নামের একজন পর্ন ডিরেক্টর রিভেঞ্জ পর্নের বিরুদ্ধে লড়াইয়ে নেমেছেন। তিনি পর্নগ্রাফি শেয়ারিং সাইট পর্নহাবের সাথে কাজ করবেন এটিকে 'রিভেঞ্জ পর্ন' থেকে মুক্ত করার জন্য। বেলার মুখ অন্য নারীর দেহে জুড়ে দিয়ে এরকম হাজার হাজার পর্ন ছবি তৈরি করা হয়েছে। তিনি একসময় ছিলেন ডিজনি তারকা, কিন্তু এখন নিজেই পর্ন ছবির একজন পরিচালক। বেলা থর্ন তার নিজের অভিজ্ঞতা শেয়ার করেছেন এবং রিভেঞ্জ পর্নের বিরুদ্ধে লড়াই করার জন্য প্রতিশ্রুতি দিয়েছেন।",8.42,0.0,6.32
news-46009277,আজ অনুষ্ঠিত হয়েছে বাংলাদেশ প্রিমিয়ার লিগের ২০১৯ মৌসুমের নিলাম।,"বাংলাদেশ প্রিমিয়ার লিগ (বিপিএল) এর ড্রাফট অনুষ্ঠিত হয়েছে, যেখানে বিভিন্ন দল তাদের খেলোয়াড়দের নির্বাচন করেছে। ডেভিড ওয়ার্নার এবং এবি ডি ভিলিয়ার্স সরাসরি চুক্তির মাধ্যমে যথাক্রমে সিলেট সিক্সার্স এবং রংপুর রাইডার্সে যোগ দিয়েছেন। শহীদ আফ্রিদি কুমিল্লা ভিক্টোরিয়ান্সের হয়ে খেলবেন, যখন মুশফিকুর রহিম চিটাগং ভাইকিংসের সাথে চুক্তিবদ্ধ হয়েছেন।",14.55,7.55,7.27
news-54743751,লালমনিরহাট জেলার পাটগ্রামে এক ব্যক্তির বিরুদ্ধে ধর্ম অবমাননার অভিযোগ তুলে তাকে পিটিয়ে হত্যা এবং পরে তার লাশ আগুনে পুড়িয়ে ফেলার ঘটনা হতবাক করেছে সাধারণ মানুষকে।,"লালমনিরহাটের পাটগ্রামে গণপিটুনিতে নিহত শহীদুন নবী জুয়েলের পরিবার মানসিকভাবে বিপর্যস্ত। তার ভাই তৌহিদুন্নবী জানান, জুয়েল বৃহস্পতিবার সকালে এক স্কুলের বন্ধুর বাড়িতে গিয়েছিলেন, কিন্তু সন্ধ্যার দিকে বাড়ি ফেরার সময় তার সাথে কী ঘটেছিল তা কেউ জানাতে পারেনি। পরে সামাজিক যোগাযোগ মাধ্যমে ভাইরাল হওয়া গণপিটুনির ভিডিওটি দেখে তৌহিদুন্নবী নিশ্চিত হন যে হামলার শিকার ব্যক্তি তার ভাই জুয়েল।",10.0,0.0,10.0
news-44064408,৯২ বছর বয়সী মাহাথির মোহাম্মদ আবার মালয়েশিয়ার প্রধানমন্ত্রী হতে যাচ্ছেন।,"মালয়েশিয়ার প্রাক্তন প্রধানমন্ত্রী মাহাথির মোহাম্মদ আবার দেশটির প্রধানমন্ত্রী হতে যাচ্ছেন। ২০০৩ সালে ২২ বছর ক্ষমতায় থাকার পর তিনি অবসরে গিয়েছিলেন। তবে তার ভাষ্য অনুযায়ী, জীবনের সবচেয়ে বড় ভুল সংশোধন করার জন্য তিনি আবার রাজনীতিতে সক্রিয় হয়েছেন। মাহাথির মোহাম্মদ বলেছেন, প্রধানমন্ত্রী হিসাবে তিনি দুই বছর ক্ষমতায় থাকতে চান। এরপর তিনি কারাবন্দী নেতা আনোয়ার ইব্রাহিমের কাছে ক্ষমতা হস্তান্তর করবেন। মাহাথির মোহাম্মদ ১৯৬৪ সালে কেদাহ প্রদেশ থেকে সংসদ সদস্য নির্বাচিত হন এবং পরবর্তীতে তিনি ইউএমএনও-তে উপ-প্রধান হন।",18.6,9.52,13.95
news-39019033,বিশ্বে এখন আলোচিত ব্যক্তি যুক্তরাষ্ট্রের প্রেসিডেন্ট ডোনাল্ড ট্রাম্প। নিজের কাজ এবং কথার জন্য তিনি গণমাধ্যমের আলোচনার কেন্দ্রবিন্দুতেও পরিণত হয়েছেন।,ডোনাল্ড ট্রাম্পের ছবি ফটোশপ করে তাকে ক্ষুদ্র আকারে দেখানো হয়েছে। এই ছবিগুলো ইন্টারনেটে ছড়িয়ে পড়েছে এবং সামাজিক মিডিয়ায় ব্যাপক আলোচিত হচ্ছে। ট্রাম্পের বিরোধীরা তার হাতের সাইজ নিয়ে মন্তব্য করলে তিনি এর প্রতিক্রিয়া জানিয়েছেন।,15.38,0.0,11.54
news-44764197,"থাইল্যান্ড থেকে বিবিসির জোনাথন হেড বলছেন, এটা বিস্ময়কর যে রোববার উদ্ধার হওয়া চারজন কিশোরের বাবা-মাকেও হাসপাতালে নেওয়া হয়নি।","থাইল্যান্ডের চ্যাং রাই প্রদেশের একটি গুহায় আটকে পড়া চার কিশোরকে উদ্ধার করা হয়েছে। উদ্ধারের পর তাদের হাসপাতালে নেওয়া হয়েছে এবং তারা সুস্থ আছে। গভর্নর নারংসাক অসোতানাকর্ন জানিয়েছেন, তারা বেশ উৎফুল্ল এবং তাদের খিদে লেগেছে, তারা বাসিল দিয়ে রান্না ভাত খেতে চেয়েছে। তবে, উদ্ধারকৃতদের নাম-পরিচয় গোপন রাখা হচ্ছে এবং তাদের বাবা-মায়েদেরও আশপাশে ঘেঁষতে দেওয়া হচ্ছে না। সরকার জানিয়েছে, সংক্রমণের ঝুঁকি বিবেচনা করেই এ সিদ্ধান্ত নেওয়া হয়েছে।",9.3,2.38,6.98
news-41416022,শেষ পর্যন্ত দেশের অত্যন্ত প্রভাবশালী ধর্মীয় নেতাদের অগ্রাহ্য করে সৌদি বাদশাহ সালমান তার দেশের নারীদের গাড়ী চালানোর ওপর বিতর্কিত নিষেধাজ্ঞা তোলার সিদ্ধান্ত নিয়েছেন। সামনের বছর থেকে সৌদি নারীরা চালকের আসনে বসতে যাচ্ছেন।,"সৌদি আরবে নারীদের অধিকার নিয়ে পশ্চিমা দেশগুলোতে একটি বদ্ধমূল ধারণা রয়েছে যে সৌদি নারীরা সবচেয়ে পরাধীন ও নিপীড়িত। তবে অনেক সৌদি নারী এই ধারণাকে পশ্চিমা গণমাধ্যমের 'গৎবাঁধা' ধারণা বলে মনে করেন। সৌদি সরকার নারীদের অধিকারের উন্নতির জন্য কিছু পদক্ষেপ নিয়েছে, যেমন ভোট দেওয়ার ও ভোটে দাঁড়ানোর অধিকার প্রদান করা হয়েছে। সৌদি নারীরা বিভিন্ন ক্ষেত্রে কাজ করছেন, যেমন সাংবাদিক, চলচ্চিত্রকার, ডাক্তার, প্রকৌশলী, ব্যাংকার ও বিজ্ঞানী। তারা সোশ্যাল মিডিয়াতেও তৎপর।",8.0,2.04,8.0
news-45100591,"ইরানকে পারমাণবিক অস্ত্র তৈরি থেকে বিরত রাখতে বারাক ওবামার শাসনামলে যুক্তরাষ্ট্র সহ ছয়টি শক্তিধর দেশের সাথে তেহরানের যে চুক্তি হয়েছিল, তা থেকে মে মাসে বেরিয়ে আসার ঘোষণা দেন ডোনাল্ড ট্রাম্প।","ইরানের সাথে পারমাণবিক চুক্তি থেকে যুক্তরাষ্ট্রের প্রত্যাহারের ঘোষণা দেয়ার পর ইরানের ওপর নতুন করে কঠোর নিষেধাজ্ঞা আরোপ করেছে যুক্তরাষ্ট্র। ব্রিটেন, ফ্রান্স এবং জার্মানি যুক্তরাষ্ট্রের এই সিদ্ধান্তে 'গভীর দু:খ' প্রকাশ করেছে। ইরানের সাথে ব্যবসা চালিয়ে যাওয়ার ক্ষেত্রে ইউরোপীয় কোম্পানিগুলোকে বিশেষ আইনি সুরক্ষার দেওয়ার ঘোষণা দিয়েছে ইউরোপীয় ইউনিয়ন।",15.58,0.0,12.99
news-55891964,মিয়ানমারের সবচেয়ে ক্ষমতাধর ব্যক্তি জেনারেল মিন অং লাইং-এর সাক্ষাৎকার পাওয়া খুব কঠিন।,মিয়ানমারের সামরিক বাহিনীর প্রধান জেনারেল মিন অং লাইং ২০১৫ সালে বিবিসির সাংবাদিক জোনাহ ফিশারের সাথে একটি বিরল সাক্ষাৎকারে জানিয়েছিলেন যে মিয়ানমারের রাজনীতিতে সামরিক বাহিনীর শক্ত নিয়ন্ত্রণ খুব তাড়াতাড়ি কমানোর কোন ইচ্ছে তার নেই। তিনি বলেছিলেন যে দেশটিতে বহু জাতিগত বিদ্রোহী গোষ্ঠীর সাথে যুদ্ধবিরতি বা শান্তি চুক্তি না হওয়া পর্যন্ত জনগণকে অপেক্ষা করতে হবে। জেনারেল মিন অং লাইং এছাড়াও জানিয়েছিলেন যে তিনি প্রেসিডেন্ট হতে চান কিনা তা নিয়ে তিনি এখনও সিদ্ধান্ত নেননি।,14.29,7.32,14.29
news-44104107,দক্ষিণ পূর্ব এশিয়ার অনেক দেশের মত বিশ্বের বৃহত্তম মুসলিম প্রধান দেশ ইন্দোনেশিয়ায় সাম্প্রতিক সময়ে বেশ কয়েকটি হামলা হয়েছে। প্রায় প্রতিটি ক্ষেত্রেই হামলাকারীরা তথাকথিত ইসলামিক স্টেটের সাথে সম্পৃক্ত বলে জানা গেছে।,ইন্দোনেশিয়ার সুরাবায়া প্রদেশে তিনটি গীর্জায় হামলায় অন্তত ১৩জন নিহত হয়েছেন। ২০১৬ সালের জানুয়ারি মাসে ইন্দোনেশিয়ার রাজধানী জাকার্তায় বিস্ফোরণ ও গুলিতে চার বেসামরিক নাগরিক ও চার হামলাকারী নিহত হয়েছিলেন। ইন্দোনেশিয়ার সামরিক বাহিনীর প্রধান জেনারেল গ্যাতত নুর্মান্তায়ো ২০১৭'তে এক বক্তব্যে বলেন যে ইন্দোনেশিয়ার প্রায় সব প্রদেশেই ছড়িয়ে পড়েছে আই-এস।,5.06,0.0,5.06
news-49027287,বাংলাদেশের ক্রিকেট দলের কোচ নিয়োগের জন্য আবেদনের সময় বেঁধে দেয়া হয়েছিল ১৮ই জুলাই পর্যন্ত।,"বাংলাদেশের ক্রিকেট দলের জন্য একজন কোচ নিয়োগ করা হবে যিনি তরুণ ক্রিকেটারদের তৈরি করতে পারবেন। বাংলাদেশের ক্রিকেটাররা প্রায়ই পুরোপুরি ঘরোয়া ক্রিকেটে তৈরি না হয়ে জাতীয় দলে জায়গা করে নেয়। বাংলাদেশ ক্রিকেট বোর্ডের গেম ডেভেলপমেন্ট ম্যানেজার নাজমুল আবেদীন ফাহিম বলেছেন, বাংলাদেশের ক্রিকেটারদের জন্য একজন কোচ প্রয়োজন যিনি তাদের পরিপক্ক করতে পারবেন।",15.62,6.45,15.62
news-55157270,বাংলাদেশে ধর্মীয় অনুভূতিতে আঘাত দেয়ার অভিযোগে টাঙ্গাইলের বাউল রিতা দেওয়ানসহ তিনজনের বিরুদ্ধে গ্রেপ্তারি পরোয়ানা জারি করেছে বাংলাদেশ সাইবার ক্রাইম ট্রাইব্যুনাল।,"বাউল গায়িকা রিতা দেওয়ানের বিরুদ্ধে ডিজিটাল নিরাপত্তা আইনে পরোয়ানা জারি করা হয়েছে। তার বিরুদ্ধে অভিযোগ করা হয়েছে যে, তিনি বাউল গানের একটি আসরে আল্লাহকে নিয়ে 'অশালীন উক্তি' করেছেন। রিতা দেওয়ান বলেছেন, তিনি আদালতে আত্মসমর্পণ করবেন এবং তিনি নিজেকে নির্দোষ দাবি করেছেন।",16.39,3.39,16.39
160721_camera_germany_trip_official,প্রধানমন্ত্রীর কার্যক্রম কাভারেজের জন্য এক সেট (একটি ডিজিটাল ক্যামেরা আর সেই ক্যামেরার কিছু যন্ত্রপাতি) ক্যামেরা আনতে জার্মানি যাচ্ছেন তথ্য মন্ত্রণালয় ও চলচ্চিত্র ও প্রকাশনা অধিদপ্তরের পদস্থ তিন কর্মকর্তা।,"তথ্য মন্ত্রণালয়ের তিন কর্মকর্তা জার্মানিতে যাচ্ছেন একটি ডিজিটাল ক্যামেরা ও সরঞ্জামাদির প্রি-শিপমেন্ট ইন্সপেকশনের জন্য। এই ক্যামেরাটির দাম পড়বে ৩৫ হাজার ইউরো, যা বাংলাদেশী মুদ্রায় প্রায় ৩৫ লাখ টাকা। এই ক্যামেরাটি আনার উদ্দেশ্য হলো রাষ্ট্রপতি ও প্রধানমন্ত্রীর কার্যক্রম কাভারেজের জন্য উচ্চ ক্ষমতাসম্পন্ন ক্যামেরা প্রয়োজন।",38.89,17.14,13.89
news-46887973,প্রায় পাঁচ দশক ধরে সংবাদমাধ্যমে গুরুত্বপূর্ণ ভূমিকা পালন করা জ্যেষ্ঠ সাংবাদিক আমানুল্লাহ কবীর বুধবার ভোররাতে মারা গিয়েছেন।,"বাংলাদেশের একজন জ্যেষ্ঠ সাংবাদিক আমানুল্লাহ কবীর মারা গেছেন। তিনি পাকিস্তান আমলে তার সাংবাদিকতা জীবনের শুরু করেছিলেন এবং বাংলাদেশের স্বাধীনতা যুদ্ধে অংশগ্রহণ করেছিলেন। তিনি বাংলাদেশের গুরুত্বপূর্ণ পত্রিকাগুলোতে নেতৃত্ব দিয়েছেন এবং সাংবাদিক নেতা হিসেবে সেনা শাসক এরশাদের আমলে চাপের মুখে পড়েছিলেন। তাকে ""অনন্য, অমায়িক এবং আপোষহীন"" এক সাংবাদিক হিসেবে বর্ণনা করা হয়।",20.9,9.23,14.93
news-37900520,ভারতের রাজধানী দিল্লি এবং তার আশেপাশে বায়ু দূষণ এবং ঘন ধোঁয়াশা গত এক সপ্তাহ ধরে এক চরম বিপজ্জনক মাত্রায় পৌঁছেছে। সারা শহর জুড়ে বাতাসে দেখা যাচ্ছে ধোঁয়াশার আস্তরণ।,"দিল্লিতে দীপাবলীতে আতশবাজি পোড়ানোর পর থেকে ধোঁয়াশাময় পরিবেশ বিরাজ করছে। স্কুল কলেজ বন্ধ, ক্রিকেট ম্যাচ বাতিল, সুপ্রিম কোর্টে মামলা - পরিস্থিতি খারাপ। দিল্লির রাজপথে দাঁড়িয়ে দেখা যাচ্ছে ধূসর কালচে ধোঁয়াশার আস্তরণ, আলোর তেজ ফিকে, ট্র্যাফিক সিগনালও স্পষ্ট দেখা যাচ্ছে না। পথচারীরা মুখোশ চাপা দিয়ে বিষবাষ্প থেকে নিজেদের বাঁচানোর চেষ্টা করছেন। দিল্লিবাসীরা বলছেন, পরিস্থিতি অবর্ণনীয়, মানুষ শ্বাস নিতে পারছে না, চোখ জ্বলছে।",9.09,4.65,9.09
news-51431991,চীনফেরত এক শিক্ষার্থীকে রংপুর মেডিকেল কলেজ হাসপাতালে ভর্তির পর সেখানে তোলপাড় চলছে।,"রংপুর মেডিকেল কলেজ হাসপাতালে এক চীনফেরত শিক্ষার্থীকে ভর্তি করা হয়েছে যার করোনাভাইরাস হওয়ার সন্দেহ রয়েছে। হাসপাতালটির চিকিৎসকরা জীবানু প্রতিরোধী বিশেষ পোশাক, মুখোশ, চশমা আর দস্তানা পরে কাজ করছেন। শিক্ষার্থীটির রক্ত, লালা আর ঘামের নমুনা পরীক্ষার জন্য ঢাকায় আনিয়েছে আইইডিসিআর, তবে পরীক্ষার ফলাফল এখনো পাওয়া যায়নি।",24.56,10.91,14.04
news-55975996,যুক্তরাষ্ট্রের প্রেসিডেন্ট জো বাইডেন বলেছেন যে ২০১৫ সালের পরমাণু চুক্তির শর্তগুলো না মানা পর্যন্ত তিনি ইরানের বিরুদ্ধে অর্থনৈতিক নিষেধাজ্ঞা তুলবেন না।,"ইরানের সর্বোচ্চ নেতা আয়াতুল্লাহ আলী খামেনি বলেছেন, আমেরিকা যদি আগে তাদের ওপর থেকে সমস্ত অর্থনৈতিক নিষেধাজ্ঞা প্রত্যাহার করে নেয়, তবেই তেহরান চুক্তিতে ফিরবে। ইরান সমৃদ্ধ ইউরেনিয়ামের মজুদ বাড়িয়ে চলছে এবং বলছে যে তাদের পারমাণবিক কর্মসূচি শান্তিপূর্ণ। ইরানের পরমাণু কর্মসূচি সীমাবদ্ধ করার চেষ্টা করা হয়েছিল ২০১৫ সালের চুক্তিতে, তার পরিবর্তে দেশটির ওপর থেকে নিষেধাজ্ঞা তুলে নেয়া হয়।",20.78,5.33,12.99
160301_india_army_copying_exam,"ভারতের সেনাবাহিনীতে চাকরি পাওয়ার জন্য অর্ধনগ্ন হয়ে, শুধুমাত্র অন্তর্বাস পড়ে পরীক্ষায় বসতে বাধ্য হয়েছেন এক হাজারেরও বেশী চাকরি প্রার্থী।",ভারতের বিহার রাজ্যের মুজাফফরপুরে সেনা ভর্তি পরীক্ষা অনুষ্ঠিত হয়েছে। পরীক্ষার্থীদেরকে শুধুমাত্র অন্তর্বাস পরিধান করে পরীক্ষা দিতে বলা হয়েছে। সেনা কর্তৃপক্ষ জানিয়েছে যে পরীক্ষার সময়ে নকল প্রতিরোধের জন্য এই ব্যবস্থা করা হয়েছে। পাটনা হাইকোর্ট এই বিষয়ে সেনা কর্তৃপক্ষের কাছ থেকে বিস্তারিত জানতে চেয়েছে।,13.11,3.39,9.84
news-55635705,"""ইরান এখন আল-কায়েদার নতুন ঘাঁটিতে পরিণত হয়েছে"" - মার্কিন পররাষ্ট্রমন্ত্রী মাইক পম্পেওর এমন এক উক্তির পর ইরানের পররাষ্ট্রমন্ত্রীর তীব্র সমালোচনা - ঘটনাটি সংবাদ মাধ্যমে বড় খবর হয়ে উঠেছে।","মার্কিন পররাষ্ট্রমন্ত্রী মাইক পম্পেও বলেছেন যে আল-কায়েদা ইরানে কাজ করছে ইরানি সরকারের সুরক্ষায়। তিনি আরও বলেছেন যে আল-কায়েদার দ্বিতীয় শীর্ষ নেতা আবদুল্লাহ আহমেদ আবদুল্লাহ ইরানের রাজধানী তেহরানে নিহত হয়েছেন। ইরানি পররাষ্ট্রমন্ত্রী জাভাদ জারিফ এই অভিযোগকে ""যুদ্ধোন্মাদসুলভ মিথ্যে"" বলে অস্বীকার করেছেন।",17.39,8.96,11.59
news-50997027,"যুক্তরাষ্ট্রের প্রেসিডেন্ট ডোনাল্ড ট্রাম্প হুঁশিয়ার করে বলেছেন, তেহরান যদি আমেরিকার নাগরিক কিংবা মার্কিন সম্পদের উপর হামলা চালায় তাহলে তার জবাবে ইরানের ৫২টি লক্ষ্যবস্তুতে পাল্টা হামলা চালানো হবে।","ইরানের শীর্ষ জেনারেল কাসেম সোলেইমানি নিহত হওয়ার পর ইরান তার হত্যার প্রতিশোধ নেয়ার অঙ্গীকার করেছে। এই ধারাবাহিকতায় মার্কিন প্রেসিডেন্ট ডোনাল্ড ট্রাম্প ইরানকে সতর্ক করেছেন যাতে তারা আমেরিকানদের উপর হামলা না চালায়। তিনি বলেন, যুক্তরাষ্ট্র ইরানের ৫২টি সাইটকে ""টার্গেট করছে"" এবং ""খুব দ্রুত এবং খুব কঠোরভাবে"" হামলা চালানো হবে যদি তেহরান যুক্তরাষ্ট্রে হামলা করে।",40.0,15.38,27.5
news-40872238,"হিন্দু ধর্মে গরুকে দেবতা হিসাবে দেখা হয়, তাই ভারতের অনেক রাজ্যে গরু জবাই নিষিদ্ধ করা হয়েছে।","ভারতে গরুর মাংস খাওয়া ও গরুর মাংস বহনের অভিযোগে বেশ কয়েকটি হামলার ঘটনা ঘটেছে। গো-রক্ষকরা রাস্তাঘাটেও পাহারা দেন যাতে কেউ গরু, এমনকি গরুর চামড়াও বহন করতে না পারে। এই পরিস্থিতির কারণে ভারতের চামড়া শিল্পে মারাত্মক প্রভাব পড়েছে এবং অনেক ব্যবসায়ী এখন ব্যবসা ভিয়েতনামে সরিয়ে নেয়ার কথা ভাবছেন।",9.38,0.0,6.25
news-52603696,"চীনের গণমাধ্যমগুলোকে দেশটির একজন জ্যেষ্ঠ কর্মকর্তা বলেছেন, করোনাভাইরাস মহামারি একটি বড় পরীক্ষা যা চীনের জনস্বাস্থ্য ব্যবস্থার দুর্বলতাকে প্রকাশ করেছে।","চীনের জাতীয় স্বাস্থ্য কমিশনের পরিচালক লি বিন স্বীকার করেছেন যে করোনাভাইরাস মহামারির বিরুদ্ধে তাদের প্রাথমিক পদক্ষেপ নিতে দেরি করেছে। তিনি বলেছেন, চীন এখন তার রোগ প্রতিরোধ ব্যবস্থা, জনস্বাস্থ্য ব্যবস্থা এবং তথ্য সংগ্রহ ব্যবস্থার উন্নয়ন ঘটাবে। চীনে করোনাভাইরাসে আক্রান্ত হয়ে ৪,৬৩৭ জন মারা গেছে এবং ৮৪ হাজারের বেশি মানুষ আক্রান্ত হয়েছে।",17.14,0.0,11.43
news-52076760,চীনের যে উহান শহর থেকে করোনাভাইরাস মহামারির সূচনা হয়েছিল - সেই শহরটি দুই মাসেরও বেশি সময় অবরুদ্ধ রাখার পর আজ আংশিকভাবে খুলে দেওয়া হয়েছে।,চীনের উহান শহরে দুই মাস পর আবার ট্রেন স্টেশনের প্ল্যাটফর্মে যাত্রীদের ভিড় দেখা যাচ্ছে। করোনাভাইরাসের সংক্রমণ কমে যাওয়ার কারণে এই সিদ্ধান্ত নেওয়া হয়েছে। শহরের রেল স্টেশনে পৌঁছে লোকেরা জানুয়ারি মাসের পর আত্মীয় স্বজনের সাথে এই প্রথম দেখা করতে পারায় আনন্দ প্রকাশ করেছেন। শহরের ১৭টি ট্রেন স্টেশন এবং পাতাল রেলসহ অল্প কিছু যানবাহন চলাচলও শুরু হয়েছে।,12.82,0.0,12.82
news-43689479,বাংলাদেশে চাকরির ক্ষেত্রে কোটা সংস্কারের দাবিতে ঢাকার শাহবাগে বেশ বড় ধরনের বিক্ষোভ হয়েছে। সিভিল সার্ভিস বিসিএস সহ সকল সরকারি চাকরিতে কোটা ব্যবস্থায় নিয়োগের প্রচলিত ব্যবস্থার সংস্কার দাবি করে রোববার শাহবাগে অবস্থান নেয় বিভিন্ন প্রতিষ্ঠানের শত শত শিক্ষার্থী।,"বাংলাদেশের রাজধানী ঢাকার শাহবাগে কোটা সংস্কার দাবিতে শিক্ষার্থীরা আন্দোলন করছে। তারা বলছে, সরকারি চাকরির ক্ষেত্রে প্রচলিত কোটা ব্যবস্থা অন্যায়, এবং তাদের দাবি কোটা বাতিল নয়, কোটার সংস্কার। শিক্ষার্থীরা জানিয়েছে, তারা তাদের দাবি আদায় না হওয়া পর্যন্ত আন্দোলন চালিয়ে যাবে।",28.95,5.41,15.79
news-54731674,সম্প্রতি বাংলাদেশে একজন বেসামরিক নাগরিকের কাছ থেকে ইসরায়েলের সামরিক বাহিনীর ব্যবহৃত উজি পয়েন্ট টু-টু বোর পিস্তল উদ্ধারের পর থেকে নড়েচড়ে বসেছে প্রশাসন।,"বাংলাদেশে এক বেসামরিক নাগরিকের কাছ থেকে উজি পিস্তল উদ্ধার করেছে পুলিশ। পুলিশ বলছে, এই ধরনের অত্যাধুনিক অস্ত্র সাধারণ মানুষের হাতে থাকা উদ্বেগজনক। স্বরাষ্ট্র মন্ত্রণালয়ের একজন কর্মকর্তা বলেছেন, অস্ত্র উদ্ধারের ঘটনার পর তারা আইনের ত্রুটি বা ঘাটতি খতিয়ে দেখবেন।",32.79,10.17,29.51
news-43901842,যুক্তরাজ্যের বিশ্ববিদ্যালয়গুলোর মধ্যে একটি র‍্যাংকিংয়ে বিশ্বখ্যাত অক্সফোর্ড হেরে গেলো আরেক বিশ্বখ্যাত প্রতিষ্ঠান ক্যামব্রিজের কাছে।,ক্যামব্রিজ বিশ্ববিদ্যালয় দি কমপ্লিট ইউনিভার্সিটি গাইড ২০১৯-এ সেরা বিশ্ববিদ্যালয় হিসেবে স্থান করে নিয়েছে। এটি পরপর অষ্টমবারের মতো অক্সফোর্ডকে পেছনে ফেলেছে। তালিকায় তৃতীয় স্থানে রয়েছে লন্ডন স্কুল অফ ইকনোমিকস এবং চতুর্থ স্থানে লন্ডন ইম্পেরিয়াল কলেজ। স্ট্যাফোর্ডশায়ার বিশ্ববিদ্যালয় র‍্যাংকিংয়ে বড় ধরনের অগ্রগতি হয়েছে। এগুলো ছাড়াও যুক্তরাজ্যে আরও বেশ কিছু বিশ্ববিদ্যালয় রয়েছে যেগুলো বিশ্বমানের বিবেচিত হতে পারে।,5.63,2.9,5.63
news-48131563,ব্যাপক শক্তি নিয়ে উড়িষ্যা উপকূলের দিকে ধেয়ে যাচ্ছে অতিপ্রবল ঘূর্ণিঝড় ফণী।,উড়িষ্যা উপকূলের দিকে ধেয়ে যাচ্ছে অতিপ্রবল ঘূর্ণিঝড় ফণী। শুক্রবার দুপুর নাগাদ ঝড়টি ভারতে আঘাত হানতে পারে এবং সন্ধ্যায় বাংলাদেশের উপকূলে আঘাত করতে পারে। বাংলাদেশের মংলা ও পায়রা সমুদ্রবন্দরকে সাত নম্বর বিপদ সংকেত দেখাতে বলা হয়েছে।,34.78,31.82,34.78
news-40795840,বাংলাদেশে দু'হাজার সাল থেকে সাতটি নতুন রোগ শনাক্ত হয়েছে। যার সবগুলি পশু-পাখি ও কীট-পতঙ্গের মাধ্যমে ছড়ায়।,"পশু-পাখি ও কীট-পতঙ্গ বাহিত অসুখ বাংলাদেশে ব্যাপকভাবে দেখা দিচ্ছে। নিপা ভাইরাস, চিকুনগুনিয়া এবং সোয়াইন ফ্লু এরকম কয়েকটি রোগ যা মানুষের মধ্যে ছড়িয়ে পড়ছে। এসব রোগের প্রাদুর্ভাব রোধে সচেতনতা সৃষ্টি এবং প্রয়োজনীয় ব্যবস্থা নেওয়া জরুরি।",21.82,11.32,14.55
39620775,একটি বাছুরের প্রাণ সংহার করার দায়ে ভারতের এক গ্রাম-পঞ্চায়েত এক লোককে আদেশ দিয়েছে নিজের মেয়েকে গরুর মালিকের ছেলের সাথে বিয়ে দিতে।,"ভারতের মধ্যপ্রদেশ রাজ্যের গুনা জেলার একটি গ্রামে এক পাঁচ বছরের মেয়েকে আট বছরের ছেলের সাথে বিয়ে দেওয়ার সিদ্ধান্ত নিয়েছে স্থানীয় পঞ্চায়েত। এটি তিন বছরের পুরনো এক বিবাদের মীমাংসা করতে নেওয়া হয়েছে। মেয়েটির বাবা জগদীশ বানজারা একটি বাছুরকে মারার পর থেকে গ্রামবাসীরা তাকে সামাজিকভাবে বয়কট করেছিল। এই বাল্যবিবাহের প্রস্তুতি পুরোদমে চলছে, যদিও মেয়েটির মা পুলিশের কাছে অভিযোগ দায়ের করেছেন।",22.5,5.13,15.0
news-42223538,বাংলাদেশে শিক্ষার মান নিয়ে সরকারের পরিচালিত এক গবেষণা বলছে প্রাথমিক বিদ্যালয়ের শিক্ষার্থীরা তাদের প্রয়োজনীয় শিক্ষার মাত্র ৪০ শতাংশ স্কুল থেকে পাচ্ছে।,"বাংলাদেশের সরকারি প্রাথমিক বিদ্যালয়গুলোতে শিক্ষার মান নিয়ে আশঙ্কাজনক চিত্র ফুটে উঠেছে। পঞ্চম শ্রেণীর ৯০ শতাংশ শিক্ষার্থীরই গণিত শিক্ষার মান নিম্ন। তৃতীয় শ্রেণীর ৩৫ শতাংশ শিক্ষার্থীর বাংলা ভাষা শিক্ষার মান নিম্ন। শিক্ষার্থীদের মূল্যায়ন শীর্ষক এই গবেষণায় এই তথ্য উঠে এসেছে। শিক্ষা গবেষকরা বলেন, এই সব স্কুলের শিক্ষার মানের সাথে দেশের সামগ্রিক শিক্ষার মানের ঘনিষ্ঠ সম্পর্ক রয়েছে। সরকারি প্রাথমিক এবং গণশিক্ষা মন্ত্রণালয়ের অতিরিক্ত সচিব গিয়াস-উদ্দিন আহমেদ বলেন, তারা এই গবেষণার ফলাফল গ্রহণ করছেন এবং সমস্যা সমাধানের উপায় নিয়ে গভীরভাবে চিন্তা-ভাবনা করছেন। একজন প্রাথমিক শিক্ষক বলেন, এই পরিস্থিতির প্রধান কারণ শিক্ষক স্বল্পতা। তার স্কুলে ৫২৯ জন শিক্ষার্থীর বদলে শিক্ষক মাত্র ১০ জন। অর্থাৎ একজন শিক্ষককে গড়ে ৫০ জনেরও বেশি শিক্ষার্থীকে সামলাতে হয়।",10.61,3.08,7.58
news-43763267,যুক্তরাজ্যের শিক্ষার্থীদের মধ্যে আত্মহত্যার হার সাধারণ জনসংখ্যার তুলনায় বেশি বলে দাবি করেছেন গবেষকরা।,ব্রিটেনে শিক্ষার্থীদের মধ্যে আত্মহত্যার হার বেড়েছে ৫৬ শতাংশ। গত নয় বছরে আত্মহত্যার হার বেড়েছে এবং সবশেষ ২০১৬ সালের হিসাব অনুযায়ী ব্রিটেনে ১৪৬ জন শিক্ষার্থী আত্মহত্যা করেছেন। একটি জরিপে দেখা যায় পুরুষ শিক্ষার্থীদের আত্মহত্যার হার বেশি হলেও ইদানিং নারী শিক্ষার্থীদের মধ্যে এই প্রবণতা বেড়েই চলছে।,21.05,10.91,17.54
news-44451269,বাংলাদেশে পার্বত্য জেলা রাঙামাটির নানিয়ারচর উপজেলায় পাহাড়ে ভূমিধসে ১০ জন নিহত হয়েছে।,"রাঙামাটি জেলায় ভূমিধসের ঘটনা ঘটেছে, যার ফলে বেশ কয়েকজন মারা গেছে। জেলা প্রশাসক জানিয়েছেন, নানিয়ার চরে তিনটি জায়গায় ভূমিধস হয়েছে এবং জেলায় মোট ২০টি ভূমিধস হয়েছে। একুশটি আশ্রয় কেন্দ্র খোলা হয়েছে এবং মানুষজনকে আশ্রয়কেন্দ্রে নিরাপদে সরিয়ে নিয়ে যাওয়া হচ্ছে। রাঙামাটি খাগড়াছড়ির মধ্যে যান চলাচল বন্ধ হয়ে গেছে। গত বছর এই একই সময়ে ভয়াবহ পাহাড় ধসের ঘটনা ঘটেছিল, যাতে প্রায় দেড়শ জনের মতো নিহত হয়েছিল।",7.89,0.0,5.26
news-56483534,বাংলাদেশের প্রতিষ্ঠা এবং ১৯৭১ সালের যুদ্ধের ৫০তম বার্ষিকী উপলক্ষে পাকিস্তানের একটি বেসরকারি বিশ্ববিদ্যালয়ের আয়োজিত এক অনলাইন সম্মেলন কিছু মহলের আপত্তির কারণে বাতিল করে দেয়া হয়েছে।,"পাকিস্তানের লাহোর ইউনিভার্সিটি অব ম্যানেজমেন্ট সায়েন্সেস একটি সম্মেলনের আয়োজন করতে যাচ্ছিল যার শিরোনাম ছিল 'যুদ্ধ, সহিংসতা এবং স্মৃতি'। এই সম্মেলনটি মার্চ মাসের ২৩ থেকে ২৭ তারিখ পর্যন্ত অনুষ্ঠিত হবার কথা ছিল। কিন্তু সম্মেলনটি বাতিল করা হয়েছে। এই সম্মেলনে ১৯৭১ সালের যুদ্ধ ও বাংলাদেশের প্রতিষ্ঠা নিয়ে আলোচনা করা হবার কথা ছিল। পাকিস্তানে এখনো ১৯৭১ সালের যুদ্ধ ও বাংলাদেশের প্রতিষ্ঠা একটি স্পর্শকাতর প্রসঙ্গ। সামাজিক মাধ্যমে অনেকে এই সম্মেলনটি বাতিল করাকে মতপ্রকাশের স্বাধীনতার লংঘন বলে আখ্যায়িত করেছেন।",18.18,4.12,12.12
news-37897017,আর একদিন পরেই অনুষ্ঠিত হতে যাচ্ছে মার্কিন যুক্তরাষ্ট্রের প্রেসিডেন্ট নির্বাচন। হোয়াইট হাউজে কে আসবেন - হিলারী ক্লিনটন নাকি ডোনাল্ড ট্রাম্প ? পুরো বিশ্বের মতো বাংলাদেশও এ নিয়ে চলছে নানা জল্পনা।,বাংলাদেশের মানুষ আমেরিকার নির্বাচন নিয়ে অসম্ভব আগ্রহী। হিলারি ক্লিনটন এবং ডোনাল্ড ট্রাম্প উভয়েরই বাংলাদেশে সমর্থক রয়েছে। অনেকে মনে করে ডোনাল্ড ট্রাম্প জিতলে মুসলমানদের জন্য খারাপ হবে। বাংলাদেশের মানুষ মনে করে আমেরিকার প্রেসিডেন্ট কে হবে তার উপর বাংলাদেশের ভালো-মন্দ নির্ভর করছে। বাংলাদেশের টেলিভিশন চ্যানেল এবং সংবাদপত্রগুলোতেও আমেরিকার নির্বাচনের খবর গুরুত্ব পাচ্ছে।,17.72,2.6,10.13
46701606,"বাংলাদেশের ফুলবাড়ী কয়লা খনি প্রকল্পের পেছনে রয়েছে যে ব্রিটিশ মাইনিং কোম্পানি, লন্ডনে তাদের বার্ষিক সাধারণ সভার বাইরে পরিবেশবাদীদের বিক্ষোভের সময় তিনজনকে আটক করেছে পুলিশ।",জিসিএম রিসোর্সেস পিএলসি'র শেয়ারহোল্ডারদের সভার বাইরে লন্ডনে বিক্ষোভ হয়েছে। বিক্ষোভকারীরা ফুলবাড়ী প্রকল্প নিয়ে উদ্বিগ্ন এবং মনে করে এই প্রকল্প নিয়ে এগুনো উচিৎ নয়। বিক্ষোভকারীদের কয়েকজন ভবনটির নিরাপত্তা গেটের সঙ্গে নিজেদের গ্লু বা আঠা দিয়ে আটকে শেয়ারহোল্ডারদের ভেতরে যেতে বাধা দেয়ার চেষ্টা করেন।,11.94,3.08,5.97
news-45246389,বাংলাদেশে পশুর চামড়ার সরকার নির্ধারিত মূল্য কমানোর সিদ্ধান্তের ফলে কওমি মাদ্রাসাগুলোর শিক্ষা কার্যক্রম ক্ষতিগ্রস্ত হবে বলে অভিযোগ করেছে কওমি মাদ্রাসাগুলোর সংগঠন কওমী ফোরাম।,"বাংলাদেশে কওমি মাদ্রাসাগুলোর অর্থায়নে চামড়া বিক্রির গুরুত্ব অপরিসীম। কওমি ফোরামের সমন্বয়ক মুফতি সাখাওয়াত হুসাইন বলেছেন, চামড়ার দাম কমার ফলে অনেক মাদ্রাসার আয় কমে যাবে, যা শিক্ষার্থীদের ভবিষ্যতের জন্য উদ্বেগজনক। তিনি আরও বলেছেন, প্রতি বছর কুরবানির পর বাড়ি বাড়ি গিয়ে চামড়া সংগ্রহ করা হয়, এবং চামড়ার দাম কমার ফলে মাদ্রাসাগুলোর কার্যক্রম চালানো কঠিন হয়ে যাবে।",20.78,2.67,12.99
news-47862421,সাবেক স্বামী আবার বিয়ে করার সময় ফেসবুকে সেই স্ত্রীকে 'ঘোড়া' বলে গালি দেওয়ায় এক ব্রিটিশ নারীকে দুবাইয়ে কারাদণ্ড দেওয়া হয়েছে বলে জানা গেছে।,লালেহ শাহরাভেশ নামের এক ব্রিটিশ নারীকে দুবাইয়ে আটক করা হয়েছে। তার সাবেক স্বামী আবারো বিয়ে করার সময় ফেসবুকে দু'টি ছবিতে কমেন্ট করার জন্য আইনি পদক্ষেপ নেয়া হয়েছে তার বিরুদ্ধে। তার ১৪ বছর বয়সী মেয়ে প্যারিস তার মা'কে মুক্তি দেয়ার আর্জি জানিয়ে দুবাইয়ের শাসকের কাছে চিঠি লিখেছেন।,30.99,20.29,19.72
news-47591664,নিউজিল্যান্ডের ক্রাইস্টচার্চে দু'টি মসজিদে হামলায় অন্তত ৪৯ জনকে হত্যার ঘটনায় জড়িত থাকার অভিযোগে প্রধান সন্দেহভাজন হিসেবে ব্রেন্টন টারান্টকে শনিবার আদালতে হাজির করা হয়েছে । তার বিরুদ্ধে একটি হত্যাকান্ডের অভিযোগ আনা হয়েছে।,"নিউজিল্যান্ডের ক্রাইস্টচার্চে মসজিদে হামলার প্রধান সন্দেহভাজন ব্রেন্টন টারান্টকে আদালতে হাজির করা হয়েছে। এই হামলায় ৪৮ জন আহত হয়েছেন, যাদের মধ্যে দুই বছর বয়সী এবং ১৩ বছর বয়সী দুটি শিশুও রয়েছে। নিউজিল্যান্ডের প্রধানমন্ত্রী জাসিন্ডা আর্ডেন বলেছেন মসজিদে হামলার ঘটনায় প্রধান অভিযুক্ত ব্যক্তির বিরুদ্ধে আরও অভিযোগ আনা হবে।",41.56,18.67,36.36
news-46500148,বাংলাদেশে ৩০শে ডিসেম্বরের নির্বাচনকে সামনে রেখে প্রধান দুটো দল তাদের নিজ নিজ জোটের শরিকদের সাথে আসন ভাগাভাগি চুড়ান্ত করেছে।,বাংলাদেশের সংসদ নির্বাচনের প্রার্থিতা প্রত্যাহারের সময়সীমা শেষ হয়েছে। এতে ক্ষমতাসীন আওয়ামী লীগ এবং প্রধান বিরোধী দল বিএনপি সহ সব প্রধান রাজনৈতিক দল অংশ গ্রহণ করছে। নির্বাচনে মোট ২৫৮ জন প্রার্থী আওয়ামী লীগের প্রতীক 'নৌকা' নিয়ে নির্বাচন করবেন। এছাড়াও ১৪ জন প্রার্থী 'নৌকা' প্রতীক নিয়ে নির্বাচন করবেন। নির্বাচনের ভোট গ্রহণ ৩০শে ডিসেম্বর অনুষ্ঠিত হবে।,8.33,0.0,5.56
news-49081638,বাংলাদেশে বিভিন্ন স্থানে গত কয়েকসপ্তাহে বেশ কয়েকটি গণপিটুনির ঘটনায় অন্তত সাত জন নিহত এবং আরো অনেকে আহত হয়েছেন।,"বাংলাদেশে গত কয়েক সপ্তাহে গণপিটুনিতে অন্তত সাত জন নিহত হয়েছেন। পদ্মা সেতু তৈরির কাজে মানুষের মাথা প্রয়োজন হচ্ছে - এমন একটি গুজব ছড়িয়ে পড়ার কারণেই দেশের বিভিন্ন প্রান্তে ছেলেধরা আতঙ্ক তৈরি হয়েছে এবং গণপিটুনির ঘটনাগুলো ঘটছে। বাংলাদেশে গণপিটুনিতে হত্যার ঘটনা নতুন নয়, ২০১১ থেকে ২০১৮ পর্যন্ত গণপিটুনিতে দেশে প্রায় ৮০০ মানুষের মৃত্যু হয়েছে।",28.57,8.82,20.0
news-46203196,কয়েক মাসের আলাপ-আলোচনার পর ব্রেক্সিট চুক্তির একটি খসড়ায় সম্মত হয়েছে যুক্তরাজ্য এবং ইউরোপীয় ইউনিয়ন।,"ব্রেক্সিট চুক্তির খসড়া নিয়ে ব্রিটেনের মন্ত্রীসভার সদস্যদের সঙ্গে আলাদা করে বৈঠক করেছেন প্রধানমন্ত্রী টেরিজা মে। মন্ত্রীসভার সূত্র বিবিসিকে জানিয়েছে যে, খসড়া নিয়ে দুই পক্ষের কারিগরি পর্যায়ে কর্মকর্তারা একমত হয়েছেন। বুধবার স্থানীয় সময় দুপুর ২টায় বিশেষ বৈঠক আহ্বান করেছেন প্রধানমন্ত্রী টেরিজা মে।",7.14,3.7,7.14
news-42382964,বৈজ্ঞানিক কল্পকাহিনীতে ফ্লাইং সসার বা এ ধরনের অদ্ভুত উড়ন্ত বস্তুর কথা বলা হয় যাতে করে অন্য গ্রহের প্রাণীরা চলাচল করে। কিন্তু বাস্তবে তার অস্তিত্ব আছে কি-না তা নিয়ে সন্দিহান বিজ্ঞানীরা।,"মার্কিন প্রতিরক্ষা বিভাগ পেন্টাগন ইউএফও বা অজ্ঞাত উড়ন্ত বস্তু নিয়ে গবেষণা করছে। নিউইয়র্ক টাইমস জানিয়েছে, ২০০৭ সালে শুরু হওয়া এই প্রকল্পটি ২০১২ সালে বন্ধ করে দেয়া হয়। এই গোপন কর্মসূচির বিষয়ে জানতেন কেবল হাতে গোনা কয়েকজন কর্মকর্তা। ব্যয় কমানোর জন্য এই কার্যক্রম বন্ধ করার আগ পর্যন্ত প্রতিরক্ষা মন্ত্রণালয় এ খাতে ২০ মিলিয়ন ডলারের বেশি খরচ করে। একজন সাবেক কংগ্রেস কর্মকর্তা বলেছেন, বিদেশী শত্রুদের প্রযুক্তিগত অগ্রগতি নজরদারির জন্য এই গোপন কর্মসূচি চালু করা হয়েছিল বলে তিনি মনে করেন। এই বছরের শুরুর দিকে প্রকাশিত সিআইএ'র হাজার হাজার গোপন নথিতেও ইউএফও এবং ফ্লাইং সসার সংক্রান্ত কাগজপত্র রয়েছে।",14.29,1.61,6.35
news-46877838,বাংলাদেশে ৩০ ডিসেম্বরের নির্বাচনের ৫০টি আসনের নির্বাচনী প্রক্রিয়ার ওপর এক পরিবীক্ষণের ফলাফলে ৪৭টিতেই অনিয়মের প্রমাণ পেয়েছে দুর্নীতিবিরোধী সংস্থা ট্রান্সপারেন্সি ইন্টারন্যাশনাল।,"বাংলাদেশের সংসদ নির্বাচনে নির্বাচন আচরণবিধির ব্যাপক লঙ্ঘন হয়েছে বলে মনে করে ট্রান্সপারেন্সি ইন্টারন্যাশনাল বাংলাদেশ (টিআইবি)। টিআইবি বলেছে, নির্বাচনের আগের রাতে ব্যালটে সিল দেওয়ার অভিযোগের সত্যতা পাওয়া গেছে। নির্বাচন কমিশনার অবসরপ্রাপ্ত ব্রিগেডিয়ার জেনারেল শাহাদাৎ হোসেন চৌধুরি বলেছেন, সুনির্দিষ্ট আইনের ভেতরেই নির্বাচন হয়েছে। তবে টিআইবি বিচার-বিভাগীয় তদন্ত দাবি করেছে।",8.82,3.03,5.88
news-43610420,"বেশিরভাগ মানুষের জন্যে তো বটেই, পর্বতারোহীদের জন্যেও, বিশ্বের সর্বোচ্চ পর্বতে আরোহণ করা এক রোমহর্ষক অভিজ্ঞতা। কারণ এসময় বহু অজানা চ্যালেঞ্জের মুখে পড়তে হয়।","নেপালি পর্বতারোহী কামি রিতা শেরপা ২১ বার মাউন্ট এভারেস্টের চূড়ায় উঠেছেন। তিনি আরেকবার মাউন্ট এভারেস্টে উঠতে যাচ্ছেন, যাতে তিনি একার দখলে রেকর্ড করতে পারেন। কামি রিতা শেরপা প্রথমবারের মতো এভারেস্টের চূড়ায় উঠেছিলেন ১৯৯৪ সালে এবং শেষবারের মতো তার আরোহণ ছিলো গত বছরের মে মাসে।",2.99,0.0,2.99
43207435,"বাংলাদেশে যারা 'গুরুত্বপূর্ণ ব্যক্তি' হিসেবে পরিচিত, তাদের অনেকেরই চিকিৎসা নেবার জন্য থাইল্যান্ড, সিঙ্গাপুর, ইউরোপ কিংবা আমেরিকায় ছুটে যাওয়ার বিষয়টি নতুন কোন বিষয় নয়।","নাগরিক পরিষদ নামের একটি সংগঠন ঢাকায় মানববন্ধন করেছে। তারা রাষ্ট্রের টাকা দিয়ে বিদেশে চিকিৎসা নেওয়ার বিষয়ে প্রশ্ন তুলেছে। সংগঠনটির আহবায়ক মো: শামসুদ্দিন বলেছেন, রাষ্ট্র ও সরকার প্রধানসহ মন্ত্রী, এমপিরা বিদেশে চিকিৎসা গ্রহণের মাধ্যমে প্রমাণ হয় জনগণের স্বাস্থ্য ও চিকিৎসার মৌলিক অধিকার নিশ্চিত করতে তারা সম্পূর্ণ ব্যর্থ।",2.9,0.0,2.9
news-54315492,আর্মেনিয়া এবং আজারবাইজানের সশস্ত্র বাহিনীর মধ্যে লড়াই শুরু হয়ে গেছে বিতর্কিত নাগোর্নো-কারাবাখ অঞ্চল নিয়ে। আজারবাইজানের অন্তত একটি হেলিকপ্টার গুলি করে ফেলে দিয়েছে আর্মেনিয়ার বাহিনী।,"নাগোর্নো-কারাবাখ অঞ্চল নিয়ে চলমান দ্বন্দ্বের জের ধরে আর্মেনিয়া ও আজারবাইজানের মধ্যে সংঘর্ষ অব্যাহত। আর্মেনিয়ার প্রধানমন্ত্রী নিকোল পাশিনিয়ান বলেছেন, আজারবাইজান প্রথমে হামলা চালিয়েছে। আর্মেনিয়ার প্রতিরক্ষা মন্ত্রণালয় জানিয়েছে, আজারবাইজানের হামলায় নাগোর্নো-কারাবাখের রাজধানী স্টেপনাকার্টে বেসামরিক এলাকায় হামলা হয়েছে। দুই দেশের মধ্যে এই দ্বন্দ্ব চলমান এবং উভয় পক্ষই একে অপরের উপর হামলার দায় চাপিয়েছে।",25.97,8.0,15.58
news-52171715,যুক্তরাজ্যের হাসপাতালগুলোতে স্বাস্থ্যকর্মীদের কাজের পরিবেশ ও সরঞ্জামের শোচনীয় অবস্থা উঠে এসেছে নিবিড় পরিচর্যা বিভাগের একজন চিকিৎসকের বক্তব্যে।,"করোনাভাইরাস মহামারীর কারণে যুক্তরাজ্যের হাসপাতালগুলোতে মৃতের সংখ্যা বাড়ছে। চিকিৎসকরা দিনরাত কাজ করে যাচ্ছেন সংকটময় রোগীদের সেবা দিতে। তবে তাদের অভিযোগ, তারা যথাযথ সাপোর্ট বা সরঞ্জাম পাচ্ছেন না, বিশেষ করে ব্যক্তিগত সুরক্ষা দেয়া সরঞ্জামের অভাব প্রকট। চিকিৎসকরা এখন ১৩ ঘন্টা করে কাজ করছে প্রতিদিন, এবং তারা মনে করছে যে সংকটময় সময় আসছে সামনে।",8.7,2.99,8.7
news-47227788,বুধবার রাতে জেলা প্রশাসকের পক্ষ থেকে আহমদীয়া সম্প্রদায়ের কাছে লেখা এক চিঠিতে ফেব্রুয়ারির তৃতীয় সপ্তাহে তাদের ধর্মীয় জলসার সরকারি অনুমতি স্থগিত করার সিদ্ধান্ত জানানো হয়েছে।,"পঞ্চগড়ের আহমদনগর গ্রামে আহমদীয়া মুসলিম জামাতের বার্ষিক জলসা ও মহা-সমাবেশের অনুমতি স্থগিত করেছে প্রশাসন। গত মঙ্গলবার রাতে আহমদনগরে আহমেদীয়া সম্প্রদায়ের লোকজনের বেশ কিছু বাড়িতে হামলা চালিয়ে আগুন ধরিয়ে দেওয়ার চেষ্টা হয়। আহমদীয়া নেতারা জানিয়েছেন, সরকারের সিদ্ধান্ত তারা মেনে নেবেন, তবে এতে তাদের প্রচুর আর্থিক ক্ষতি হবে।",19.44,2.86,11.11
news-50717866,"বাংলাদেশের পররাষ্ট্রমন্ত্রী একে আব্দুল মোমেন বলেছেন, রোহিঙ্গা গণহত্যার মামলার শুনানিতে মিয়ানমার যাতে মিথ্যা তথ্য দিতে না পারে, সেটা নিশ্চিত করার জন্য আন্তর্জাতিক আদালতে মামলার বাদী গাম্বিয়াকে সহযোগিতা করার সিদ্ধান্ত নিয়েছে বাংলাদেশ।","আন্তর্জাতিক বিচার আদালতে রোহিঙ্গা গণহত্যা মামলার শুনানিতে বাংলাদেশ গাম্বিয়াকে সহযোগিতা করবে। বাংলাদেশের পররাষ্ট্র সচিবের নেতৃত্বে একটি প্রতিনিধি দল সোমবার দ্য হেগের উদ্দেশ্যে ঢাকা ছেড়েছে। মিয়ানমারের পক্ষে এই শুনানির জন্য অং সান সু চি নিজেই দ্য হেগে গেছেন। বাংলাদেশের পররাষ্ট্রমন্ত্রী একে আব্দুল মোমেন বলেছেন, মিয়ানমার যাতে মিথ্যা তথ্য দিতে না পারে, সেজন্য বাংলাদেশ সরকার সিদ্ধান্ত নিয়ে আন্তর্জাতিক আদালতে তথ্য প্রমাণ সহ প্রতিনিধি দল পাঠাচ্ছে।",48.94,30.43,31.91
news-47685392,বাংলাদেশে স্বর্ণ আমদানির জন্য লাইসেন্স পাওয়ার আবেদনপত্র বিতরণ শুরু করেছে বাংলাদেশ ব্যাংক।,"বাংলাদেশে স্বর্ণ আমদানির লাইসেন্স পাওয়ার আবেদনপত্র বিতরণ শুরু হয়েছে, তবে এখন পর্যন্ত কেউ এই আবেদনপত্র সংগ্রহ করেনি। বাংলাদেশ ব্যাংকের মুখপাত্র সিরাজুল ইসলাম বলছেন, লাইসেন্স প্রথা চালু হলে মানুষ হয়রানির শিকার হবেন না। স্বর্ণ ব্যবসায়ীরা সরকারি উদ্যোগকে স্বাগত জানিয়েছেন, তবে তারা সরকারকে সহনশীল মাত্রায় শুল্ক নির্ধারণ করতে বলেছেন।",30.51,21.05,30.51
news-45853084,মায়ের প্রথম মাসিক যে বয়সে হয়েছে তার সাথে ছেলের বয়ঃসন্ধিকাল কবে শুরু হবে তার একটি সম্পর্ক রয়েছে বলে মনে করছেন বিজ্ঞানীরা।,"বিশ্বব্যাপী বয়ঃসন্ধি শুরুর সময়কাল এগিয়ে আসছে। ডেনমার্কের একটি গবেষণায় দেখা গেছে যে মায়েদের মাসিক যাদের আগে শুরু হয়েছে, তাদের ছেলেদের বয়ঃসন্ধি আগে শুরু হয়েছে। গবেষণায় আরও দেখা গেছে যে শরীরের অধিক ওজনের সাথে বয়ঃসন্ধিকাল আগে পরে শুরুর সম্পর্ক রয়েছে। বিশ্বব্যাপী বয়ঃসন্ধি শুরুর সময়কাল এগিয়ে আসার কারণ হিসেবে উন্নত স্বাস্থ্য ও পুষ্টিকর খাবারের পাশাপাশি শরীরের অধিক ওজন বা স্থূলতাকেও দায়ী করা হচ্ছে।",21.95,2.5,14.63
news-53335755,ভারতে গত বিশ বছরে ১২ লাখ মানুষ সাপের কামড়ে মারা গেছে বলে নতুন এক গবেষণার ফলাফলে জানা গেছে।,"ভারতে প্রতিবছর সবচেয়ে বেশি মানুষ মারা যায় কোবরার দংশনে। গবেষণার জরিপে বলা হয়েছে সাপের কামড়ে মৃতের প্রায় অর্ধেকের বয়স ৩০ থেকে ৬৯এর মধ্যে, এবং এক চতুর্থাংশ শিশু। ভারতে সর্পদংশনে বেশির ভাগ মানুষ মারা যায় কোবরা, রাসেলস ভাইপার এবং ক্রেইৎস প্রজাতির সাপের কামড়ে।",23.33,3.45,16.67
news-50178109,আওয়ামী লীগের একটি সহযোগী সংগঠন কৃষক লীগের জাতীয় সম্মেলন হবে ঢাকায়। সেই সম্মেলনে যোগ দিতে আসবেন চট্টগ্রাম থেকে প্রায় ১৯০ জন নেতা-কর্মী। সেজন্যে তারা বাংলাদেশ রেলওয়েকে অনুরোধ করেছেন তাদের যেন বিনামূল্যে ৩৮০টি টিকেট দেয়া হয়।,"বাংলাদেশ কৃষক লীগের চট্টগ্রাম উত্তর জেলা কমিটি তাদের জাতীয় সম্মেলনে যোগদানের জন্য রেলওয়ের কাছে ফ্রি টিকেট চেয়েছে। কৃষক লীগের নেতারা বলেছেন, তারা গরিব কৃষক, তাই ফ্রি টিকেট চেয়েছেন। বাংলাদেশ রেলওয়ে কর্তৃপক্ষ জানিয়েছে যে তাদের ফ্রি টিকেট দেওয়ার কোন বিধান নেই, তাই তাদের ফ্রি টিকেট দেওয়া সম্ভব হয়নি।",24.1,2.47,19.28
news-43441508,কাঠমান্ডুতে ইউএস বাংলা ফ্লাইট বিধ্বস্ত হয়ে নিহত ২৬ জন বাংলাদেশির মধ্যে ১৪ জনের পরিচয় সনাক্ত করা হয়েছে।,"নেপালের কাঠমান্ডুতে বাংলাদেশি বিমান দুর্ঘটনার ঘটনায় নিহত ১৭ জন বাংলাদেশি নাগরিকের নাম ঘোষণা করা হয়েছে। নেপাল ও বাংলাদেশের চিকিৎসকদের যৌথ দলের পক্ষ থেকে ফরেনসিক পরীক্ষা এবং ময়না তদন্ত শেষ করার পর এই নামগুলো ঘোষণা করা হয়। স্বজনরা দেখে নিশ্চিত করলে তাদের হাতে মৃতদেহ হস্তান্তর করা হবে। এছাড়াও, আহত আরও একজন বাংলাদেশিকে কাঠমান্ডু থেকে ঢাকায় আনা হয়েছে এবং গুরুতরভাবে পোড়া দুজন বাংলাদেশিকে দিল্লি ও সিঙ্গাপুরে পাঠানোর ব্যবস্থা হচ্ছে।",11.9,2.44,11.9
news-46339895,ব্রাজিলের আমাজন নদী অববাহিকার রেইনফরেস্ট গত এক দশকে সবচেয়ে বেশি হারে উজাড় হয়েছে বলে সাম্প্রতিক এক তথ্যে জানা গেছে।,"আমাজন রেইনফরেস্ট বা চিরহরিৎ বনের প্রায় ৭,৯০০ বর্গ মাইল এলাকা ক্ষতিগ্রস্ত হয়েছে ২০১৭ সালের আগস্ট থেকে ২০১৮ সালের জুলাই পর্যন্ত। অবৈধভাবে গাছ কাটা এবং ব্রাজিলের নবনির্বাচিত প্রেসিডেন্ট জায়ের বোলসোনারোর কিছু নীতির কারণে বনাঞ্চল হ্রাসের হার উদ্বেগজনক অবস্থায় পৌঁছেছে। ব্রাজিলের পরিবেশ মন্ত্রী এডসন ডুয়ার্ট অবৈধভাবে গাছ কাটাকে এর অন্যতম কারণ বলে উল্লেখ করেছেন।",13.89,0.0,11.11
news-56467992,একজন যুবলীগ নেতার ওপর হামলার পরে কয়েকজনের সঙ্গে ধারালো অস্ত্র নিয়ে কুমিল্লা সিটি কর্পোরেশনের একজন কাউন্সিলরের নাচানাচি করার একটি ভিডিও ভাইরাল হয়েছে। হামলার ঘটনায় ওই কাউন্সিলরকে গ্রেপ্তার করেছে পুলিশ।,"কুমিল্লার কোতোয়ালি মডেল থানার ওসি আনোয়ারুল ইসলাম জানিয়েছেন, শুক্রবার বিকেলে যুবলীগ নেতার ওপর হামলার ঘটনায় কাউন্সিলর সাইফুল বিন জলিলসহ মোট আটজনের বিরুদ্ধে মামলা হয়েছে। রাতেই মি. বিন জলিলকে গ্রেপ্তার করেছে পুলিশ। মামলার এজাহারে উল্লেখ করা হয়েছে, সুনামগঞ্জে সংখ্যালঘুদের ওপর হামলার ঘটনার প্রতিবাদে কেন্দ্রীয় কর্মসূচীর অংশ হিসাবে শুক্রবার বিকাল সাড়ে তিনটার দিকে একটি মিছিল নিয়ে যাচ্ছিলেন কুমিল্লা মহানগর যুবলীগ নেতা রোকনউদ্দিন। বিকাল পৌনে চারটার দিকে সেই মিছিলের ওপর অতর্কিতে গাড়ি তুলে দেন ওয়ার্ড কাউন্সিলর সাইফুল। এতে রোকনউদ্দিনসহ ৫/৬জন আহত হয়। এরপর আটজনকে আসামী করে মামলা করেন রোকনউদ্দিন। রোকনউদ্দিনসহ আহতদের হাসপাতালে ভর্তি করা হয়েছে। এই আসনে রোকনউদ্দিনকে হারিয়ে কাউন্সিলর নির্বাচিত হয়েছিলেন সাইফুল বিন জলিল। ওই হামলার পরে একটি ভিডিও সামাজিক মাধ্যমে ছড়িয়ে পড়েছে। সেখানে দেখা যাচ্ছে কয়েকটি ছেলের সঙ্গে মিলে একটি কালো মাইক্রোবাস থেকে দেশীয় ধারালো অস্ত্র বের করে হাতে নিয়ে নাচছেন কাউন্সিলর সাইফুল বিন জলিল। মোবাইল ফোনের ক্যামেরায় সেই নাচের ভিডিও করা হয়েছে। ওই ভিডিও প্রচার করা হয়েছে বাংলাদেশের কয়েকটি গণমাধ্যমের খবরেও। বিবিসি নিরপেক্ষভাবে ভিডিওটি যাচাই করতে পারেনি। তবে কুমিল্লার স্থানীয় সংবাদদাতারা বলছেন, মোবাইলে ধারণ করা ওই ভিডিও শুক্রবার হামলার পরে ধারণ করা। ওসি আনোয়ারুল ইসলাম বলছেন, ভিডিওর কথা তারা জানতে পেরেছেন। মামলায় এই ভিডিওর বিষয়েও তদন্ত করা হবে।",17.43,8.33,11.01
news-40975877,পাকিস্তান রাষ্ট্রের জনক মুহাম্মদ আলী জিন্নাহ ১৯৪০ সালে লাহোরে এক বক্তৃতায় ভারতীয় উপমহাদেশে মুসলমানদের জন্য পৃথক রাষ্ট্রের প্রয়োজনীয়তার কথা বলেছিলেন।,"পাকিস্তানের আত্মপরিচয়ের কেন্দ্রে রয়েছে জিন্নাহর তাত্ত্বিক আদর্শ, যা হিন্দু ও মুসলমান সম্প্রদায়কে ভিন্ন হিসেবে চিহ্নিত করে। জিন্নাহ বলেছিলেন যে এই দুই সম্প্রদায়ের ধর্মীয় দর্শন, সামাজিক আচার-আচরণ, সাহিত্য ও সংস্কৃতি ভিন্ন। পাকিস্তান প্রথম রাষ্ট্র যেটি প্রতিষ্ঠিত হয়েছিল ধর্মের ভিত্তিতে, এবং এটি ধর্মতান্ত্রিক রাষ্ট্র নয়।",9.37,0.0,6.25
news-44833348,ভারতের রাজধানী দিল্লিতে বায়ুদূষণের মাত্রা অসহনীয় পর্যায় অতিক্রম করায় এবিষয়ে কর্তৃপক্ষের দৃষ্টি আকর্ষণ করতে সেখনকার বাসিন্দারা দূষণ বিরোধী নানা ধরণের কার্যক্রম পরিচালনা করছেন।,"দিল্লির বাসিন্দারা দূষণের বিরুদ্ধে সোচ্চার ভূমিকা পালন করছেন। দিল্লিতে বায়ুদূষণের ভয়াবহতা গত কয়েক বছরে ক্রমবর্ধমান হারে বেড়েছে। দিল্লির বাসিন্দারা দূষণবিরোধী বিক্ষোভ, র‍্যালি, প্রতিবাদ কর্মসূচীসহ নানা ধরণের কার্যক্রম পরিচালনা করছেন শহরকে বাঁচাতে।",29.09,18.87,29.09
news-44542582,রাশিয়ার জনসংখ্যা বিশেষজ্ঞরা ১৫ই জুলাই বিশ্বকাপ শেষ হওয়ার পরও আসর সম্পর্কে আগ্রহী থাকবেন।,"রাশিয়ায় এই বছর অনুষ্ঠিত হতে যাচ্ছে ফিফা বিশ্বকাপ। এই ট্রফির রয়েছে উদ্দীপক ক্ষমতা বিশ্বকাপ আয়োজনকারী দেশের শিশু জন্মহারে তাৎপর্যপূর্ণ পরিবর্তন আসে কিনা সেদিকে নজর রাখবেন তারা। বিভিন্ন দেশের ক্ষেত্রে গবেষণায় দেখা গেছে যে খেলাধূলায় সাফল্যের সাথে জন্মহার বৃদ্ধির সম্পর্ক রয়েছে। জনসংখ্যার হ্রাস-বৃদ্ধি রাশিয়ার জন্য এটি সুখবর হতে পারে। ১৯৯২ সাল থেকে রাশিয়ার জনসংখ্যা বৃদ্ধির হার পড়তির দিকে। যার অর্থ প্রতিবছর মৃত্যুর সংখ্যা শিশু জন্মের সংখ্যার চেয়ে বেশী। কয়েকটি গবেষণা অনুযায়ী এমনও ধারণা করা হচ্ছে যে রাশিয়ার জনসংখ্যা ১৪.৩ কোটি থেকে ২০৫০ সালে এসে ১১.১ কোটিতে নেমে আসতে পারে। উচ্চ মৃত্যুহার, নিম্ন জন্মহার ও জীবনযাপনের নিম্নমানের জন্য জনসংখ্যায় হ্রাস ঘটতে বলে ধারণা করা হচ্ছে।",5.04,1.71,3.36
news-51102067,বাংলাদেশে সরস্বতী পূজার কারণে ঢাকা সিটি নির্বাচন পেছানোর জন্য আদালতের দাখিল করা রিট খারিজ করে দিয়েছে আদালত।,বাংলাদেশে অনুষ্ঠিতব্য ১১তম জাতীয় সংসদ নির্বাচনের তারিখ ৩০ জানুয়ারি নির্ধারণ করা হয়েছে। এই তারিখের সাথে সরস্বতী পূজার সময়সূচির সংঘর্ষ হওয়ায় হিন্দু-বৌদ্ধ-খ্রিস্টান ঐক্য পরিষদ ভোটের তারিখ পরিবর্তনের দাবি জানিয়েছে। এই দাবির পরিপ্রেক্ষিতে আদালতে একটি রিট দায়ের করা হয়েছে এবং আদালত রায় দেবার জন্য মঙ্গলবার দিন ধার্য করা হয়েছে।,21.21,3.12,15.15
news-48991739,উজানের পানির কারণে বাংলাদেশের উত্তরে ১৫ টি জেলার বিস্তীর্ণ এলাকা ইতিমধ্যেই পানির নিচে তলিয়ে গেছে। নতুন করে আরো কয়েকটি জেলায় তা ছড়িয়ে পড়তে পারে বলে আশংকা করা হচ্ছে।,"বাংলাদেশের উত্তরাঞ্চলের অন্তত পাঁচটি জেলায় আগামী কয়েকদিনে বন্যা পরিস্থিতির আরো অবনতি হবে বলে জানাচ্ছে বন্যা পূর্বাভাস ও সতর্কীকরণ কেন্দ্র। বাংলাদেশে ইতিমধ্যেই ১৫টি জেলার বিস্তর এলাকা পানির নিচে তলিয়ে রয়েছে। বন্যা পূর্বাভাস ও সতর্কীকরণ কেন্দ্রের নির্বাহী প্রকৌশলী মো. আরিফুজ্জামান ভূঁইয়া জানিয়েছেন, উত্তরের কয়েকটি জেলায় বন্যা পরিস্থিতির অবনতি হবে এবং নতুন জেলাও প্লাবিত হতে পারে।",32.1,7.59,22.22
news-44291198,"ভারতের উত্তর-পূর্বাঞ্চলীয় রাজ্য আসামে জাতীয় নাগরিক পঞ্জী হালনাগাদ করা নিয়ে অনেক মানুষের মধ্যে আশঙ্কা চলছিল। তার মধ্যেই সেদেশে নাগরিকত্ব আইন সংশোধন করার জন্য যে বিল আনা হয়েছে, তাতে আশঙ্কা, সংশয় আরো বেড়েছে।","ভারতের সংশোধিত নাগরিকত্ব বিলের প্রতিবাদে আসামের রাজধানী গোয়াহাটিতে বিক্ষোভ চলছে। এই বিল পাস হলে বাংলাদেশ, পাকিস্তান, আফগানিস্তান থেকে হিন্দুরা ভারতের নাগরিকত্ব পাবেন। আসামের জাতীয়তাবাদী সংগঠনগুলো এই বিধানের বিরোধিতা করছে, তারা বলছে এতে অসমীয়া মানুষরা সংখ্যালঘু হয়ে পড়বেন।",8.57,0.0,8.57
news-48932695,"পদ্মা সেতুর নির্মাণ কাজের জন্য মানুষের মাথা লাগবে বলে যে গুজব ছড়িয়ে পড়েছে, তার বিরুদ্ধে সতর্ক করে দিয়েছে সেতু কর্তৃপক্ষ।","পদ্মা সেতু নির্মাণ প্রকল্পের সাথে নরবলির গুজব ছড়িয়ে পড়েছে, যা সম্পূর্ণ ভিত্তিহীন। পদ্মা সেতুর প্রকল্প পরিচালকের দপ্তর থেকে একটি বিজ্ঞপ্তি প্রকাশ করে এই গুজবের বিরুদ্ধে সচেতনতা সৃষ্টি করা হয়েছে। বাংলাদেশে সেতু নির্মাণ বা বড় স্থাপনা নির্মাণে নরবলির গুজব নতুন নয়, এবং এর কারণ দেশের শাসনব্যবস্থার ঐতিহাসিক পটভূমি ও গ্রামাঞ্চলের মানুষের চিন্তাধারা পর্যবেক্ষণ করলেই বোঝা যায়।",26.67,8.22,18.67
news-47174239,বাংলাদেশ থেকে প্রায় হাজার দুয়েক সিভিল সার্ভেন্ট বা আমলা তাদের কেরিয়ারের মাঝপথে প্রশিক্ষণ নিতে ভারতে আসবেন বলে দুই দেশ আজ এক যৌথ বিবৃতিতে ঘোষণা করেছে।,"ভারত ও বাংলাদেশের মধ্যে একটি সমঝোতা স্বাক্ষরিত হয়েছে, যার মাধ্যমে বাংলাদেশের সরকারি কর্মকর্তারা ভারতে প্রশিক্ষণ গ্রহণ করতে পারবেন। এই সমঝোতার আওতায় বাংলাদেশের ১৮০০ জন সরকারি কর্মকর্তা ভারতে প্রশিক্ষণ গ্রহণ করবেন। এই প্রশিক্ষণ কর্মসূচীটি 'ট্রেনিং ও ক্যাপাসিটি বিল্ডিং' প্রোগ্রাম নামে পরিচিত। বাংলাদেশের হাই কমিশনার সৈয়দ মোয়াজ্জেম আলি এবং ভারতের 'ন্যাশনাল সেন্টার অব গুড গভর্ন্যান্সে'র প্রশাসনিক প্রধান শ্রীমতি পুনম সিং এই সমঝোতায় স্বাক্ষর করেছেন।",4.55,0.0,4.55
news-49663510,"আসামের জাতীয় নাগরিক পঞ্জীতে ১৯ লক্ষ মানুষের নাম বাদ যাওয়ার ফলে তাদের নাগরিকত্ব প্রশ্নের মুখে পড়েছে। তাদের এবার কী হবে - আটক করে ডিটেনশন ক্যাম্পে রাখা হবে, না কি বাংলাদেশে পাঠিয়ে দেয়া হবে, তা নিয়ে সংবাদপত্রে, সামাজিক মাধ্যমে নিয়মিত আলোচনা চলছে ।",পশ্চিমবঙ্গের স্টেট আর্কাইভসে ভিড় করছেন তথ্য সন্ধানীরা। আসামের বাসিন্দা শাহিদ আলি এবং সেকেন্দর আলি স্টেট আর্কাইভসে তাদের পূর্বপুরুষের নাম খুঁজছেন। তারা আসামের এনআরসি-তে নাম না থাকায় পশ্চিমবঙ্গের ভোটার তালিকা খুঁজতে এসেছেন। পশ্চিমবঙ্গে এনআরসি চালু হলে তাদের নাগরিকত্ব হারানোর ভয় রয়েছে।,14.81,2.53,9.88
news-44206618,"বাংলাদেশের গবেষকরা বলছেন, দেশে এখন প্রায় ৭০ লাখ মাদকসেবী রয়েছে, যাদের বেশিরভাগ তরুণ। এদের মধ্যে ১০ বছর থেকে ৭০ বছরের বৃদ্ধও রয়েছেন।","বাংলাদেশে মাদকাসক্তি একটি বড় সমস্যা হয়ে দাঁড়িয়েছে। গবেষকদের মতে, দেশে ৭০ লাখ মাদকাসক্ত রয়েছে। আইনশৃঙ্খলা বাহিনী দেশজুড়ে মাদকবিরোধী অভিযান শুরু করেছে। এই অভিযানে এখন পর্যন্ত কয়েক শ ব্যক্তিকে আটক করা হয়েছে এবং অন্তত ৩০ জন নিহত হয়েছে। মাদকাসক্তি নিরাময় কেন্দ্র 'মুক্তি'র প্রধান আলি আসকার কোরেশী বলছেন, কেউ মাদকাসক্ত হয়ে উঠলে একদম শুরুর দিকে বুঝা আসলে একটু শক্ত। তিনি বলছেন, সন্তানের আচার আচরণে কিছু পরিবর্তন লক্ষ্য করা গেলে, ঘুমের প্যাটার্ন পাল্টে গেলে, বিভিন্ন অজুহাতে টাকা চাইলে সতর্ক হওয়া উচিত। বাংলাদেশে সব মাদক ছাড়িয়ে ব্যবহারের শীর্ষে উঠে এসেছে ইয়াবা। চিকিৎসকরা বলছেন, মন-মেজাজের হঠাৎ পরিবর্তন, ঘুম থেকে উঠে মেজাজ খারাপ করা, খাওয়া-দাওয়ার দিকে নজর না থাকা বা অতিরিক্ত ঘুমানো, রাতে জেগে দিনে ঘুমানো, এ ধরণের প্রবণতা দেখা গেলে সতর্ক হওয়ার পরামর্শ দিচ্ছেন।",9.72,1.41,6.94
news-49134755,ভারতে অভিবাসন বিষয়ে সর্বশেষ যে শুমারি হয়েছে তাতে দেখা যাচ্ছে উগান্ডা থেকে আসা মানুষের সংখ্যা খুব দ্রুত গতিতে বাড়ছে। এর কারণ কি?,ভারতে উগান্ডা থেকে আসা মানুষের সংখ্যা লাখ ছাড়িয়ে গেছে বলে শুমারিতে দেখা যাচ্ছে। ভারতীয়দের একটা দীর্ঘ যোগসূত্র আছে উগান্ডার সাথে। ১৮৯০ সালে প্রায় চল্লিশ হাজার ভারতীয় কে নেয়া হয়েছিলো অভিবাসী শ্রমিক হিসেবে উগান্ডায়। পরে ১৯৭২ সালে সামরিক শাসন ইদি আমিনের আদেশে তাদের দেশত্যাগে বাধ্য করা হয়।,23.53,15.15,17.65
news-50994048,বাংলাদেশে ২০১৯ সালে সড়ক দুর্ঘটনার সংখ্যা ও দুর্ঘটনায় নিহতের সংখ্যা আগের বছরের চেয়ে বেড়েছে বলে উঠে এসেছে সড়ক নিরাপত্তা পরিস্থিতি নিয়ে করা নিরাপদ সড়ক চাইয়ের বার্ষিক প্রতিবেদনে।,"২০১৯ সালে বাংলাদেশে সড়ক দুর্ঘটনার সংখ্যা এবং দুর্ঘটনায় নিহতের সংখ্যা উভয়ই ২০১৮ সালের তুলনায় বেড়েছে। নিরাপদ সড়ক চাই-এর চেয়ারম্যান ইলিয়াস কাঞ্চন বলেছেন, দুর্ঘটনার অন্যতম প্রধান কারণ হলো কর্তৃপক্ষের যথাযথ নজরদারির অভাব। তিনি উদাহরণ হিসেবে ঢাকা-ময়মনসিংহ মহাসড়কের কথা তুলে ধরেন, যেখানে গত বছর মৃত্যুর হার ছিল সবচেয়ে বেশি।",31.58,16.22,28.95
news-52497711,"বাংলাদেশের কক্সবাজার জেলার টেকনাফে নুতন ধরণের যে ছোট পোকাগুলো দেখা গেছে, সেগুলো পঙ্গপাল কি-না তা খতিয়ে দেখবে কৃষি মন্ত্রণালয়।","বাংলাদেশের টেকনাফে পঙ্গপাল সদৃশ পোকার আক্রমণ দেখা দিয়েছে। এই পোকা গাছপালা খেয়ে নষ্ট করছে বলে জানিয়েছেন স্থানীয় কৃষি কর্মকর্তারা। তবে বঙ্গবন্ধু শেখ মুজিবুর রহমান কৃষি বিশ্ববিদ্যালয়ের পতঙ্গ বিজ্ঞান বিভাগের অধ্যাপক মোহাম্মদ রুহুল আমিন বলেছেন, এই পোকা পঙ্গপাল কি না তা নিশ্চিত করতে হলে গবেষণাগারে পরীক্ষা করতে হবে। পঙ্গপাল ফসলের জন্য ব্যাপক ক্ষতির কারণ হতে পারে বলে আশঙ্কা করছেন বিশেষজ্ঞরা। সম্প্রতি বেশ কয়েকটি দেশে পঙ্গপালের আক্রমণ ঘটেছে।",18.6,7.14,16.28
news-50038357,সিরিয়ার কুর্দিরা বলছে যে সিরিয় সরকার দেশের উত্তরাঞ্চলের সীমান্তে সেনাবাহিনী পাঠিয়ে তাদের কুর্দিদের বিরুদ্ধে তুরস্কের চালানো আগ্রাসন প্রতিহত করার চেষ্টা করবে।,"সিরিয়ার কুর্দি বাহিনীর বিরুদ্ধে তুরস্কের অভিযান শুরুর পর থেকে অনেক বেসামরিক মানুষ নিহত হয়েছে। তুরস্কের অভিযানের মূল লক্ষ্য হলো সীমান্ত এলাকা থেকে কুর্দি বাহিনীকে উৎখাত করা। তুরস্কের সেনারা সীমান্তবর্তী দুটি শহরে শক্ত অবস্থান নিয়েছে। এই সংঘর্ষে বেসামরিক নাগরিকসহ অনেক যোদ্ধা নিহত হয়েছে। তুরস্কের আগ্রাসন ও যুক্তরাষ্ট্রের সেনা প্রত্যাহারের ঘটনায় আন্তর্জাতিক সম্প্রদায় উদ্বেগ প্রকাশ করেছে। কারণ সিরিয়ায় ইসলামিক স্টেটের বিরুদ্ধে যুদ্ধে পশ্চিমা জোটের প্রধান সহযোগী ছিল কুর্দি নেতৃত্বাধীন সিরিয়ান ডেমোক্র্যাটিক ফোর্সেস (এসডিএফ)। তুরস্ক এসডিএফ-এর কুর্দি সেনাদের সন্ত্রাসী হিসেবে চিহ্নিত করে। তুরস্ক সিরিয়ার ভেতরে অন্তত ৩০ কিলোমিটার পর্যন্ত কুর্দিদের হটিয়ে 'নিরাপদ অঞ্চল' তৈরি করতে চায়। তুরস্কের ভেতরে থাকা ৩০ লাখের বেশি সিরিয় শরণার্থীকে ঐ অঞ্চলে পুনর্বাসিত করার পরিকল্পনার কথাও বলেছে তুর্কি কর্তৃপক্ষ। সমালোচকরা আশঙ্কা প্রকাশ করেছেন, এর ফলে ঐ অঞ্চলে বসবাসরত কুর্দি জনগোষ্ঠীর বাস্তুচ্যুতি ঘটতে পারে।",9.59,1.39,6.85
news-44055048,এ বছর আগস্ট-সেপ্টেম্বর মাসে বাংলাদেশ ক্রিকেট দলের অস্ট্রেলিয়া সফরটি হচ্ছে না।,"অস্ট্রেলিয়া ক্রিকেট বোর্ড বাংলাদেশ ক্রিকেট বোর্ডকে জানিয়েছে যে তারা এখন বাংলাদেশের বিরুদ্ধে টেস্ট সিরিজ আয়োজন করতে চায় না। এই সিরিজে দুটি টেস্ট এবং তিনটি একদিনের আন্তর্জাতিক ম্যাচ অনুষ্ঠিত হবার কথা ছিল। অস্ট্রেলিয়ার ক্রিকেট বোর্ড বলছে, সেখানকার ফুটবল মওসুমের মাঝখানে টিভি চ্যানেলগুলো বাংলাদেশ-অস্ট্রেলিয়া সিরিজের ম্যাচগুলো দেখাতে আগ্রহী নয় - তাই এই সফরটি 'বাণিজ্যিকভাবে লাভজনক হবে না'। বাংলাদেশ ক্রিকেট বোর্ড বলছে, অস্ট্রেলিয়া সফরটি এ মুহূর্তে হোস্ট করতে চাচ্ছে না বলার পর তারা একটি বিকল্প সময় প্রস্তাব করেছে - তবে এখনো কোন জবাব পায় নি। অস্ট্রেলিয়ার ক্রিকেট কর্তৃপক্ষ বলছে, বাংলাদেশ সফরটি বাতিল করার সাথে যে সময় এটি হবার কথা ছিল তার সম্পর্ক আছে।",10.81,3.67,9.01
news-40077411,বাংলাদেশের কারাগারগুলোতে মোট বন্দীর সংখ্যা প্রায় আটাত্তর হাজার। যদিও ধারণ সংখ্যা মাত্র সাড়ে ছত্রিশ হাজার।,"বাংলাদেশের বিভিন্ন কারাগারে বন্দী মায়েদের সাথে তাদের শিশু সন্তানরা বন্দী জীবনযাপন করছে। ঢাকার কাশিমপুর নারী কারাগারে ৪৭১ জন নারী কয়েদী রয়েছেন এবং তাদের সাথে ৩১টি শিশু রয়েছে। কারাগার কর্তৃপক্ষ শিশুদের জন্য পড়ানোর এবং প্রাথমিক চিকিৎসার ব্যবস্থা রেখেছে। তবে, সব কারাগারে এমন ব্যবস্থা নেই। শিশুরা মায়েদের সাথে ওয়ার্ডে ঘুমায় এবং দিনের বেলা খেলার মাঠে বা ডে কেয়ার সেন্টারে কাটায়।",2.74,0.0,2.74
news-44624330,বিশ্বের পাঁচটি মুসলিম সংখ্যাগরিষ্ঠ দেশের জনগণের আমেরিকা ভ্রমণের নিষেধাজ্ঞার ব্যাপারে সমর্থন দিয়ে মার্কিন সুপ্রিম কোর্টের সিদ্ধান্তকে স্বাগত জানিয়েছেন মার্কিন প্রেসিডেন্ট ডোনাল্ড ট্রাম্প।,"মার্কিন সুপ্রিম কোর্ট প্রেসিডেন্ট ডোনাল্ড ট্রাম্পের ভ্রমণ নিষেধাজ্ঞাকে সমর্থন দিয়েছে। এই নিষেধাজ্ঞার ফলে ইরান, লিবিয়া, সোমালিয়া, সিরিয়া এবং ইয়েমেন থেকে অধিকাংশ মানুষ যুক্তরাষ্ট্রে প্রবেশে বাধার মুখে পড়বে। এই সিদ্ধান্তের ফলে শরণার্থী এবং মানবাধিকার গ্রুপগুলো ব্যাপক সমালোচনা করেছে।",20.34,7.02,13.56
news-42714183,হোয়াইট হাউজের চিকিৎসক বলেছেন প্রেসিডেন্ট ডোনাল্ড ট্রাম্পের বোধশক্তি পরীক্ষা করে তাতে তারা কোন অস্বাভাবিকতা খুঁজে পাননি।,"মার্কিন প্রেসিডেন্ট ডোনাল্ড ট্রাম্পের স্বাস্থ্য ভালো বলে জানিয়েছেন হোয়াইট হাউজের চিকিৎসকরা। গত সপ্তাহে তিন ঘণ্টা ধরে তাঁর শারীরিক পরীক্ষা করা হয়। এটাই ছিল তাঁর প্রথম শারীরিক পরীক্ষা। চিকিৎসক রনি জ্যাকসন বলছেন, ট্রাম্পের বোধশক্তি বা স্নায়বিক বিষয়গুলো নিয়ে তাঁর কোন উদ্বেগ নেই। তবে চিকিৎসক বলেছেন, কম চর্বিযুক্ত খাবার ও ব্যায়াম থেকে তিনি আরও উপকৃত হতে পারেন।",28.17,14.49,16.9
news-49658208,ব্রিটিশ হোম অফিসের ঘোষণা করা নতুন প্রস্তাবনা অনুযায়ী স্নাতক ডিগ্রি অর্জনের পর কর্মসংস্থানের জন্য দুই বছর যুক্তরাজ্যে থাকতে পারবেন বিদেশি শিক্ষার্থীরা।,"যুক্তরাজ্যের সরকার বিদেশি শিক্ষার্থীদের জন্য একটি নতুন নিয়ম ঘোষণা করেছে। নতুন নিয়ম অনুযায়ী, স্নাতক ডিগ্রী অর্জনের পর বিদেশি শিক্ষার্থীরা যুক্তরাজ্যে দুই বছর পর্যন্ত অবস্থান করতে পারবেন। এই নিয়মটি আগামী বছর থেকে কার্যকর হবে। একই সাথে, যুক্তরাজ্য সরকার একটি জেনেটিক প্রকল্প চালু করেছে, যার লক্ষ্য রোগ নিয়ন্ত্রণে নতুন ওষুধ আবিষ্কার করা। এই প্রকল্পটি ইউকে বায়োব্যাংক নামে একটি স্বাস্থ্য বিষয়ক দাতব্য সংস্থার অধীনে পরিচালিত হবে।",33.33,9.76,21.43
140813_sr_broken_family,বাংলাদেশে একটি বড় অংশের মধ্যে বিবাহ বিচ্ছেদের ঘটনার কোন তথ্য প্রাতিষ্ঠানিকভাবে সংরক্ষণের উদ্যোগ দেখা যায় না।,বাংলাদেশে বিচ্ছেদ হয়ে যাওয়া পরিবারের সংখ্যা কম নয়। এই বিচ্ছেদের শিকার হয় সবচেয়ে বেশি সন্তানরা। তাদের বেড়ে উঠতে হয় একা একা। এই সমাজে কেমন কাটে তাদের জীবন? এমন দুই সন্তানের কথা নিয়েই আজকের প্রতিবেদন। বাবা-মায়ের বিচ্ছেদের পর অনেক সময়ই সন্তানদের মানসিক ও শারীরিক অবস্থার উপর প্রভাব পড়ে। তাদের বেড়ে উঠতে হয় অনেকটাই একা একা। এমন দুই সন্তানের কথা নিয়েই আজকের প্রতিবেদন। বাংলাদেশে বিচ্ছেদ হয়ে যাওয়া পরিবারের সংখ্যা কম নয়। এই বিচ্ছেদের শিকার হয় সবচেয়ে বেশি সন্তানরা। তাদের বেড়ে উঠতে হয় একা একা। এই সমাজে কেমন কাটে তাদের জীবন? এমন দুই সন্তানের কথা নিয়েই আজকের প্রতিবেদন।,3.57,0.0,3.57
news-52873060,অন্তত চল্লিশটি শহরে কারফিউ জারি করা হয়েছে কিন্তু বেশিরভাগ ক্ষেত্রেই কারফিউ ভঙ্গ করা হয়েছে যা ব্যাপক উত্তেজনার জন্ম দিয়েছে।,"যুক্তরাষ্ট্রের বিভিন্ন শহরে পুলিশের সাথে বিক্ষোভকারীদের সংঘর্ষ হয়েছে। বিক্ষোভকারীদের ছত্রভঙ্গ করতে পুলিশ টিয়ার শেল ও মরিচের গুড়ো নিক্ষেপ করেছে। ন্যাশনাল গার্ড রোববার বলছে ওয়াশিংটন ডিসিতে বিক্ষোভকারীরা আবারো জমায়েত হয়ে পুলিশের প্রতি মারমুখী আচরণ করেছে। প্রতিবাদের সর্বশেষ পরিস্থিতি রোববারও কয়েকটি জায়গায় পুলিশের গাড়ীতে আগুন ও ভাংচুরের ঘটনা ঘটেছে। দাঙ্গা পুলিশও টিয়ার শেল ও ফ্ল্যাশ গ্রেনেড ছুড়ে পাল্টা জবাব দিয়েছে। ফিলাডেলফিয়াতে স্থানীয় টিভিতে পুলিশের গাড়ী ভাংচুর ও লুটপাটের দৃশ্য দেখানো হয়েছে। প্রেসিডেন্ট ডোনাল্ড ট্রাম্প টুইট করেছেন: ""ফিলাডেলফিয়াতে আইন শৃঙ্খলা পরিস্থিতি, এখন! তারা দোকান লুট করছে। আমাদের গ্রেট ন্যাশনাল গার্ডকে ডাকুন""। ক্যালিফোর্নিয়ার স্যান্টা মনিকায় লুটপাটের খবর পাওয়া গেছে। মিনিয়াপোলিসে বিক্ষোভকারীদের ওপর চালিয়ে দেয়া লরি চালককে আটক করা হয়েছে। ডেনভারে হাজার হাজার মানুষ মুখে বেধে ও পেছনে হাত রেখে 'আমি নিঃশ্বাস নিতে পারছিনা' শ্লোগান দিয়ে শান্তিপূর্ণ প্রতিবাদে অংশ নিয়েছে। মানুষ বড় ধরণের প্রতিবাদে অংশ নিয়েছে আটলান্টা, বোস্টন, মিয়ামি ও ওকলাহোমা সিটিতে।",6.41,1.3,5.13
news-49696031,সেইন্ট পিটার্সবার্গ বিমানবন্দরে বিমান থেকে নেমে প্রেমিকের জন্য অপেক্ষা করছিলেন আনাস্তাসিয়া।,"আনাস্তাসিয়া তার প্রেমিক সের্গেই-এর বন্ধুর গাড়িতে করে বাড়ি ফেরার পথে অপহরণের শিকার হন। কিছুক্ষণ পর একটি কালো গাড়ি তাদের গাড়িকে ঘিরে ধরে এবং মুখোশধারী অস্ত্রধারীরা তাকে আটক করে। তারা তার সুটকেস তল্লাসি করে এবং একটি মোড়ক ভর্তি সাদা গুড়ো খুঁজে পায়। একজন নারী তাকে নিষিদ্ধ দ্রব্য বহন করার জন্য অভিযুক্ত করে, কিন্তু আনাস্তাসিয়া অস্বীকার করে। এরপর একজন পুরুষ হাঁটু গেড়ে বসে এবং একটি গোলাপি বাক্স বের করে আনাস্তাসিয়াকে বিয়ে করার প্রস্তাব দেয়। এই পুরুষটি আনাস্তাসিয়ার প্রেমিক সের্গেই, যিনি ""এক্সট্রিম প্রপোজাল"" নামের একটি সেবা-দানকারী প্রতিষ্ঠানের সদস্য। এই প্রতিষ্ঠানটি অভিনেতাদের নিয়োগ করে অত্যন্ত অসাধারণ প্রস্তাব দেওয়ার জন্য।",3.7,0.0,3.7
news-54863197,"গত চার বছর প্রেসিডেন্ট ট্রাম্পকে আমি দেখেছি তার ভাল এবং খারাপ দিনগুলোতে। কিন্তু ৭ই নভেম্বর, যেদিন তিনি নির্বাচনে হারলেন, সেই দিনটির সাথে গত চার বছরের অন্য কোন দিনের তুলনা হয় না।","মার্কিন প্রেসিডেন্ট ডোনাল্ড ট্রাম্প গত শনিবার গল্ফ খেলার জন্য তার গল্ফ ক্লাবে গিয়েছিলেন। সেখানে তিনি বেশ আত্মবিশ্বাসে দেখাচ্ছিলেন। তবে হোয়াইট হাউসে তার কর্মীদের মধ্যে একটা অস্বস্তির ভাব রয়েছে। নির্বাচনের পরের দিনগুলোতে হোয়াইট হাউসের মধ্যে বেশ একটা বিপর্যয়ের আবহাওয়া চলছে। শনিবার সকালে হোয়াইট হাউসের ওয়েস্ট উইং অংশে বেশিরভাগ কাজের ডেস্ক খালি পড়ে রয়েছে। বেশ কয়েকজন কর্মী করোনাভাইরাসে আক্রান্ত, তারা অফিসে আসেননি। বাকিরা কোয়ারেন্টিনে রয়েছেন।",10.64,0.0,6.38
news-53757405,"বাংলাদেশে অনিয়ম, হেফাজতে নিয়ে নির্যাতনসহ নানা অভিযোগে গত ২৪ ঘণ্টায় পুলিশের তিনজন ওসি বা ভারপ্রাপ্ত কর্মকর্তাকে প্রত্যাহার করা হয়েছে।","সাবেক সেনা কর্মকর্তা মেজর সিনহা মো. রাশেদ খান হত্যাকাণ্ডের ঘটনায় তিনজন পুলিশ কর্মকর্তাকে প্রত্যাহার করা হয়েছে। তাদের মধ্যে একজন হলেন বরগুনার বামনা থানার ভারপ্রাপ্ত কর্মকর্তা মো. ইলিয়াস আলী তালুকদার। তিনি সামাজিক যোগাযোগ মাধ্যমে ভাইরাল হওয়া এক ভিডিওতে দেখা যায়, বিক্ষোভকারীদের ওপর লাঠিচার্জের নির্দেশ দেয়া হলেও তা না করার কারণে সহকর্মীকে চপেটাঘাত করেন তিনি। তদন্ত কমিটির প্রধান মফিজুল ইসলাম বিবিসি বাংলাকে বলেন, প্রকাশ্যে আরেক পুলিশ কর্মকর্তাকে চপেটাঘাত করার অভিযোগ প্রমাণিত হওয়ায় এমন সিদ্ধান্ত নেয়া হয়েছে।",12.9,6.59,10.75
news-48151326,"বাংলাদেশের পররাষ্ট্রমন্ত্রী এ কে আব্দুল মোমেন বলছেন, তথাকথিত ইসলামিক স্টেটের জিহাদি বধূ শামীমা বেগম যদি বাংলাদেশে গিয়ে হাজির হয়, তাহলে তার মৃত্যুদণ্ড হবে।","বাংলাদেশের পররাষ্ট্রমন্ত্রী একে আব্দুল মোমেন বলেছেন, বাংলাদেশে এসলে 'আইএস বধূ' হিসেবে পরিচিত শামীমা বেগমকে মৃত্যুদণ্ড দেয়া হবে। শামীমা বেগমের জন্ম ব্রিটেনে, সেখানেই বড় হয়েছেন, শেখা দীক্ষা নিয়েছেন। তিনি কোনোদিন বাংলাদেশে যাননি, বাংলাদেশের নাগরিকত্বও চাননি। তার বাবা-মা ব্রিটিশ নাগরিক।",32.26,6.67,25.81
news-44847084,ইন্দোনেশিয়ার ওয়েস্ট পাপুয়া প্রদেশের একটি গ্রামের ক্ষুব্ধ অধিবাসীরা তিনশোটির মতো কুমিরকে মেরে ফেলেছে। এসব কুমির ছিলো সেখানকার একটি অভয়ারণ্যে।,"ইন্দোনেশিয়ার পশ্চিম পাপুয়া প্রদেশের একটি কু!!!!!মির খামারে ক্রোধান্বিত গ্রামবাসীরা প্রায় তিনশো কুমিরকে মেরে ফেলেছে। গ্রামবাসীরা মনে করে এই অভয়ারণ্য থেকে বেরিয়ে গিয়ে কোন একটি কুমির তাদের গ্রামের একজন লোককে হত্যা করেছে। স্থানীয় পুলিশ ও কর্মকর্তারা বলছেন, গ্রামবাসীদের হামলা থেকে এসব কুমিরকে বাঁচাতে তারা কিছুই করতে পারেন নি।",32.84,12.31,23.88
news-44437068,"বাংলাদেশে রোহিঙ্গা শিবিরগুলিতে ভূমিধসের যে আশংকা ত্রাণকর্মীরা আগে থেকে করছিলেন, সে আশংকাই সত্যি হয়েছে। গত তিন দিনের টানা বৃষ্টিতে টেকনাফের শরণার্থী শিবিরে ভূমিধসে অন্তত পাঁচশো লোক আহত হয়েছে।","বাংলাদেশের কক্সবাজার জেলার টেকনাফে অবস্থিত রোহিঙ্গা শরণার্থী শিবিরে ভূমিধসের ঘটনা ঘটেছে, যার ফলে অন্তত ছয়শ ঘরবাড়ি ধ্বংস হয়েছে। স্থানীয় লোকজন জানিয়েছেন, অনিয়ন্ত্রিত পাহাড় কাটার কারণে পরিস্থিতি এখন অনেক নাজুক। রোহিঙ্গা শরণার্থীরা যেসব এলাকায় বসবাস করছেন, সেসব এলাকায় ভূমিধসের ঘটনা ঘটেছে, যার ফলে অনেকে আহত হয়েছেন এবং অনেকে বাস্তুচ্যুত হয়েছেন।",18.18,2.67,12.99
news-44918893,পাকিস্তানে আগামী বুধবার সাধারণ নির্বাচন অনুষ্ঠিত হতে যাচ্ছে। আর এই নির্বাচনে প্রার্থীদের প্রচারণায় গুরুত্বপূর্ণ হয়ে উঠেছেন দেশটির অসংখ্য সুফি নেতা বা পীররা। তারা বিভিন্ন প্রার্থীর পক্ষে তাদের সমর্থন ঘোষণা করে তাদের পক্ষে ভক্ত অনুসারীদের ভোট দেয়ার আদেশ দিচ্ছেন।,"পাকিস্তানের রাজনীতিতে পীরদের প্রভাব রয়েছে, তারা নিজেরা নির্বাচনে অংশ নিচ্ছেন বা অন্যদের সমর্থন করছেন। ইসলামাবাদের একটি সম্মেলনে কয়েকশো পীর এবং ভক্ত অংশ নিয়েছেন, যেখানে গোরা শরীফ দরবারের পীর ইমরান খানের দলকে সমর্থন করার ঘোষণা দিয়েছেন। পাকিস্তানে পীরদের প্রভাব ব্যাপক, এবং তারা প্রায়ই টাকা আর জমি লেনদেনের বিষয়ে জড়িত থাকেন।",18.39,0.0,9.2
news-46047804,"রোহিঙ্গা প্রত্যাবাসনের উদ্দেশ্যে তৈরি জয়েন্ট ওয়ার্কিং গ্রুপের বৈঠকের পর মঙ্গলবার মিয়ানমারের পররাষ্ট্র সচিব জানান, রোহিঙ্গাদের নিরাপদ ও সম্মানজনক প্রত্যাবাসন নিশ্চিত করতে রাখাইনে মিয়ানমার কর্তৃপক্ষ বিভিন্ন ধরণের কার্যক্রম পরিচালনা করছে।",নভেম্বরের মাঝামাঝি সময়ে মিয়ানমার সরকার দুই হাজার রোহিঙ্গাকে বাংলাদেশ থেকে মিয়ানমারে ফেরত পাঠানোর পরিকল্পনা করছে। মিয়ানমার কর্তৃপক্ষ জানিয়েছে যে প্রথম দফায় প্রায় দুই হাজার রোহিঙ্গা রাখাইনে ফেরত পাঠানো হবে। জয়েন্ট ওয়ার্কিং গ্রুপের সদস্যরা কক্সবাজারে বেশকিছু রোহিঙ্গা ক্যাম্পে গিয়ে নেতাদের সাথে কথা বলেছেন এবং মিয়ানমার সরকারের পদক্ষেপের কথা জানিয়ে রোহিঙ্গাদের মধ্যে আস্থা তৈরি করার চেষ্টা করছেন।,23.81,7.32,11.9
news-47384798,ভারত পাকিস্তানের অব্যাহত উত্তেজনার মধ্যে এক বক্তৃতায় ভারতের শুভবুদ্ধির আহবান জানিয়েছেন পাকিস্তানের প্রধানমন্ত্রী ইমরান খান।,"পাকিস্তানের প্রধানমন্ত্রী ইমরান খান টেলিভিশন বক্তৃতায় বলেছেন, পারমাণবিক শক্তিধর দুই দেশের উচিত দায়িত্বশীল আচরণ করা। তিনি বলেছেন, সব বড় বড় যুদ্ধ ভুল হিসাবের কারণে হয়েছে এবং পারমাণবিক অস্ত্র ব্যবহারের ফলে উভয় দেশের জন্য বিপর্যয়কর পরিণতি হতে পারে। পাকিস্তানের প্রধানমন্ত্রী ইমরান খান আরও বলেছেন, তিনি ১৪ই ফেব্রুয়ারির জঙ্গি হামলার তদন্তে সহায়তা করার জন্য প্রস্তাব দিয়েছিলেন এবং পাকিস্তান ভারতের হামলার জবাব দিতে বাধ্য হয়েছে।",18.18,8.0,15.58
news-46947552,জাতীয় পার্টির চেয়ারম্যান এবং সাবেক রাষ্ট্রপতি জেনারেল হুসেইন মুহাম্মদ এরশাদ চিকিৎসার জন্য আবারো সিঙ্গাপুরে গেছেন।,"জাতীয় পার্টির চেয়ারম্যান এবং সাবেক সামরিক শাসক জেনারেল এরশাদের অসুস্থতা নিয়ে আলোচনা চলছে। তার দলের পক্ষ থেকে জানানো হয়েছে যে তিনি বার্ধক্যজনিত নানা জটিলতায় ভুগছেন এবং সাম্প্রতিক সময়ে তার শারীরিক অবস্থা খারাপ হয়েছে। তিনি দ্বিতীয়বারের মতো সিঙ্গাপুরে চিকিৎসার জন্য গেছেন। তার ভাই জিএম কাদের জানিয়েছেন যে জেনারেল এরশাদের হার্ট, লিভার এবং হিমোগ্লোবিন উৎপাদনে সমস্যা রয়েছে।",28.57,14.71,25.71
news-43819221,"যুক্তরাজ্যের সুপারমার্কেট আসডা থেকে অনলাইনে মেয়ের জন্য একটি কলা কিনেছিলেন ববি গর্ডন। এরপর তিনি জানতে পারলেন, সেই কলার বিল হয়েছে ৯৩০ পাউন্ড বা বাংলাদেশি টাকায় এক লাখ ১০ হাজার টাকা।",যুক্তরাজ্যের নটিংহ্যামের একজন গৃহিণী একটি কলার জন্য ১১ পেন্সের পরিবর্তে ১১০০ পাউন্ড বিল দেখে হতবাক হয়েছেন। সুপারমার্কেট আসডা একটি কম্পিউটার ত্রুটির কারণে এই ভুল বিল পাঠিয়েছে। আসডা ভুল স্বীকার করেছে এবং মিজ গর্ডনকে ধন্যবাদ জানিয়েছে যে তিনি বিলটি যাচাই করেছেন।,25.71,2.94,14.29
news-54693314,"ভারত ও আমেরিকার পররাষ্ট্র ও প্রতিরক্ষামন্ত্রীদের যে 'টু প্লাস টু' ডায়ালগ চলছে, তার তৃতীয় রাউন্ডের বৈঠকে অংশ নিতে মার্কিন পররাষ্ট্রমন্ত্রী মাইক পম্পেও এবং প্রতিরক্ষামন্ত্রী মার্ক এসপার সোমবার দিল্লিতে এসে পৌঁছেছেন।","ভারত ও আমেরিকার মধ্যে দ্বিতীয় 'টু প্লাস টু ডায়ালগ' অনুষ্ঠিত হতে যাচ্ছে। এই সংলাপে দুই দেশের মধ্যে 'বেকো' চুক্তি স্বাক্ষরিত হবে বলে ধারণা করা হচ্ছে। এই চুক্তির মাধ্যমে দুই দেশ গোপনীয় স্যাটেলাইট ও সেন্সর ডেটা রিয়েল টাইমে আদান-প্রদান করতে পারবে। এই সংলাপের প্রধান লক্ষ্য হল চীনের মোকাবিলা করা। কিন্তু মার্কিন নির্বাচনের মাত্র সপ্তাহখানেক আগে এই চুক্তি স্বাক্ষরিত হলেও এর ভবিষ্যৎ কি আদৌ সুরক্ষিত থাকবে, এই প্রশ্নটাও উঠছে।",18.37,10.42,16.33
news-51478617,বাংলাদেশের সেন্টমার্টিনে রোহিঙ্গা বোঝাই ট্রলার ডুবে যাওয়ার ঘটনায় নৌবাহিনীর উদ্ধারকারীরা এখন জীবিত কাউকে পাওয়ার আশা ছেড়ে দিয়েছেন।,"সেন্টমার্টিনে ট্রলারডুবির ঘটনার পর এখনও ৫০ জনের মতো নিঁখোজ রয়েছে। উদ্ধারকারীরা জানিয়েছেন, জীবিত উদ্ধারের আশা খুব ক্ষীণ, তাই তারা এখন মৃতদেহ উদ্ধারের চেষ্টা করছেন। এদিকে, কক্সবাজারের পুলিশ সন্দেহভাজন ৮জন মানব-পাচারকারীকে আটক করেছে এবং ১৯জনকে অভিযুক্ত করে মামলা করা হয়েছে।",17.54,0.0,14.04
news-48189060,আল-কায়েদার প্রতিষ্ঠাতা ওসামা বিন লাদেন আট বছর আগে পাকিস্তানের অ্যাবোটাবাদ শহরে মার্কিন বাহিনীর হাতে প্রাণ হারান।,"আল-কায়েদা সংগঠনটি তার শক্তি ও প্রভাব কমে গেলেও এখনও বিশ্ব নিরাপত্তার জন্য একটি বড় হুমকি হিসেবে বিবেচিত। আল-কায়েদা গোপনে নতুন করে সংগঠিত হওয়ার কৌশল অবলম্বন করেছে এবং সমমনা আঞ্চলিক গোষ্ঠীগুলির সাথে জোট তৈরি করছে। ইউএস ন্যাশনাল ইন্টেলিজেন্স জোট তার সর্ব-সাম্প্রতিক রিপোর্টে বলছে, ""আল-কায়েদার শীর্ষ নেতারা এই সংগঠনের বিশ্বব্যাপী কাঠামো জোরদার করছে এবং পশ্চিমা দেশ ও মার্কিন যুক্তরাষ্ট্রের বিরুদ্ধে হামলা পরিচালনার জন্য মানুষকে উদ্বুদ্ধ করছে।"" জাতিসংঘের একটি রিপোর্টে বলা হয়েছে, আল-কায়েদা ""আগের চেয়েও বেশি আত্মবিশ্বাসী হয়ে উঠছে …সংগঠনটি এখনও অনেক অঞ্চলে তৎপর রয়েছে এবং আন্তর্জাতিক অঙ্গনে এটা নিজেকে আরও বেশি করে পরিচিত করতে চাইছে।"" ব্রিটেনের গোয়েন্দা প্রধান অ্যালেক্স ইয়াংও আল-কায়েদার পুনরুত্থানের ব্যাপারে হুঁশিয়ারি জানিয়েছেন।",4.76,1.61,4.76
news-56763449,"বাংলাদেশে বিরোধীদল বিএনপি অভিযোগ করেছে, হেফাজতের কর্মসূচিতে সহিংসতার ইস্যুকে কেন্দ্র করে সরকার এখন বিএনপিসহ বিরোধী রাজনৈতিক দলগুলোকে দমনে ক্র্যাকডাউনে নেমেছে।","বাংলাদেশে ভারতের প্রধানমন্ত্রী নরেন্দ্র মোদীর সফরের সময় হেফাজতে ইসলামের কর্মসূচিকে কেন্দ্র করে ব্যাপক সহিংসতা হয়। বিএনপি দাবি করেছে যে, লকডাউনের নামে ক্র্যাকডাউনে ব্রাহ্মণবাড়িয়াসহ বিভিন্ন জায়গা থেকে এপর্যন্ত তাদের ১৭৯ জনকে গ্রেপ্তার করা হয়েছে। বিএনপির মহাসচিব মির্জা ফখরুল ইসলাম আলমগীর বলেছেন, পুলিশের এই অভিযানকে বিরোধী দলগুলোর ওপর ক্র্যাকডাউন বলে অভিযোগ করেছেন।",22.86,2.94,11.43
news-47626529,ভারতের নির্বাচন ঘোষণা হওয়ার বেশ কয়েক মাস আগে থেকেই বিজেপি বিরোধী দলগুলি ঐক্যবদ্ধ হয়ে ভোটে লড়ার প্রচেষ্টা শুরু করেছিল।,"ভারতের আগামী লোকসভা নির্বাচনে বিজেপির বিরুদ্ধে লড়াইয়ের জন্য বিরোধী দলগুলো একত্রিত হওয়ার চেষ্টা করছে। কিন্তু রাজ্যগুলিতে কংগ্রেসের সঙ্গে আসন সমঝোতার ক্ষেত্রে আঞ্চলিক দলগুলোর দিক থেকে বাধা আসছে। উত্তরপ্রদেশে সমাজবাদী পার্টি এবং বহুজন সমাজ পার্টি কংগ্রেসকে তাদের সমঝোতায় রাখেনি, বিহারে রাষ্ট্রীয় জনতা দল কংগ্রেসকে ৮টির বেশি আসন দিতে রাজি নয়। পশ্চিমবঙ্গেও কংগ্রেস এবং বামফ্রন্টের মধ্যে আসন সমঝোতা হয়নি।",7.89,0.0,5.26
news-47760846,তিন সপ্তাহ আগে ইথিওপিয়ান এয়ারলাইন্সের যে বিমানটি বিধ্বস্ত হয়ে দেড়শোজনেরও বেশি মানুষ মারা গেছে তার শেষ মুহূর্তের বিস্তারিত তথ্য ধীরে ধীরে বেরিয়ে আসতে শুরু করেছে।,"ইথিওপিয়ান এয়ারলাইন্সের বিমান দুর্ঘটনার জন্য বোয়িং ৭৩৭ ম্যাক্স বিমানের এন্টি-স্টলিং সিস্টেমকে দায়ী করা হচ্ছে। উড়ান শুরু করার মাত্র ছয় মিনিটের মাথায় বিমানটি বিধ্বস্ত হয় এবং এতে ১৫৭ জন নিহত হয়। দুর্ঘটনার তদন্তে পাওয়া তথ্য থেকে মনে হচ্ছে, বিমানের নাকটি সামনের দিকে নেমে যাওয়ার পর এন্টি-স্টল সিস্টেম স্বয়ংক্রিয়ভাবে চালু হয়ে গিয়েছিল।",18.18,5.33,12.99
news-44598319,মঙ্গলবার নাইজেরিয়ার বিপক্ষে ম্যাচের আগে ডিয়েগো ম্যারাডোনা আর্জেন্টিনার খেলোয়াড়দের সাথে দেখা করার জন্য অনুরোধ জানিয়েছেন।,"বিশ্বকাপে আর্জেন্টিনার খারাপ শুরুর পর দেশটির কিংবদন্তি ফুটবলার ডিয়েগো ম্যারাডোনা ক্ষুব্ধ। তিনি আর্জেন্টিনা ফুটবল এসোসিয়েশনের প্রেসিডেন্ট ক্লদিও তাপিয়ার সমালোচনা করেছেন। ম্যারাডোনা বলেছেন, তিনি ইয়র্গে সাম্পোলির সাথে দেখা করতে চান এবং আর্জেন্টিনার আরো কয়েকজন সাবেক খেলোয়াড়কে নিয়ে যেতে চান।",18.87,7.84,15.09
news-51733912,করোনাভাইরাসের কারণে ভারত নির্দিষ্ট কিছু ঔষধ রপ্তানি বন্ধ করে দেয়ার ঘোষণা দেয়ায় বিশ্বে জরুরি ঔষধের সঙ্কট হওয়ার আশঙ্কা তৈরি হয়েছে।,"ভারত তার ২৬ ধরনের ঔষুধ এবং ঔষুধের উপাদানের রপ্তানি বন্ধ করে দিয়েছে, যার মধ্যে রয়েছে প্যারাসিটামল। ভারতের এই সিদ্ধান্ত চীনে উৎপাদন বন্ধ বা কমে যাওয়ার প্রেক্ষাপটে এসেছে। ভারতে তৈরি হওয়া ঔষুধের উপাদানের প্রায় ৭০% চীন থেকে আসে। ঔষুধ শিল্প সংশ্লিষ্টরা সতর্ক করেছেন যে এই মহামারী চলতে থাকলে বিশ্বে একটি ঘাটতি দেখা দিতে পারে। ভারতের সরকার জানিয়েছে যে তাদের এই ঘোষণায় উদ্বিগ্ন হওয়ার দরকার নেই এবং তিনমাস চলার মতো পর্যাপ্ত মজুদ রয়েছে।",15.38,4.49,13.19
news-55664946,ঢাকাসহ বাংলাদেশের বিভিন্ন স্থান থেকে গত ৬ বছরে ২১০ জন নবজাতককে পরিত্যক্ত ও মৃত অবস্থায় উদ্ধার করা হয়েছে বলে এক হিসাব দিয়েছে বাংলাদেশ শিশু অধিকার ফোরাম।,বাংলাদেশে পরিত্যক্ত ও মৃত অবস্থায় অনেক শিশুর মরদেহ উদ্ধার হচ্ছে। গত বছরের ডিসেম্বরের প্রথম ১০ দিনেই ২০টি নবজাতকের মরদেহ উদ্ধার করা হয়েছে। এসব ঘটনায় পুলিশ মামলা দায়ের করলেও কোন ঘটনার সুরাহা হয়নি। কিছু শিশু ভাগ্যক্রমে বেঁচে যায় এবং তাদের নিঃসন্তান দম্পতির পরিবারে বা সরকারি শিশু আশ্রয়কেন্দ্রে রাখা হয়। একজন শিক্ষিকা একটি পরিত্যক্ত শিশুকে উদ্ধার করে চিকিৎসা দিয়ে সুস্থ করে তোলেন এবং একটি নিঃসন্তান দম্পতির কাছে দেন।,19.57,11.11,17.39
news-39398222,"বাংলাদেশের উত্তর-পূর্বাঞ্চলীয় জেলা সিলেটে যে বোমা বিস্ফোরণে পুলিশের দুজন কর্মকর্তাসহ ছয়জন নিহত হয়েছেন, সেটি আগে থেকে পেতে রাখা ছিল বলে বিবিসিকে জানিয়েছেন স্বরাষ্ট্রমন্ত্রী আসাদুজ্জামান খান।","সিলেটের আতিয়া মহলে চলমান কমান্ডো অভিযানের সময় একটি বিস্ফোরণে দুজন পুলিশ কর্মকর্তা এবং চারজন 'উৎসুক' জনতা নিহত হয়। স্বরাষ্ট্রমন্ত্রী আসাদুজ্জামান খান বলেছেন, এটি লক্ষ্য করে কোনও হামলা নয়, বরং সন্দেহভাজন জঙ্গিরা আগে থেকে রাখা বোমা বিস্ফোরিত হয়েছে। তবে বিস্ফোরণটি ঘটবার কারণ সম্পর্কে এখনও নিশ্চিত করা যায়নি।",27.78,8.57,16.67
news-38036814,"মিয়ানমারের রোহিঙ্গা মুসলমান সমর্থিত রোহিঙ্গা ভিশন নামে একটি ওয়েবসাইটে পোস্ট করা একটি ভিডিওচিত্রে, কিছু আগুনে পোড়া মৃতদেহ এবং এগুলোকে ঘিরে তাদের স্বজনদের আর্তনাদ করতে দেখা গেছে।","মিয়ানমারের রাখাইন রাজ্যের মংডুর একটি গ্রামে গত ১৩ই নভেম্বর সেনাবাহিনীর হামলায় অন্তত ৯ জন মানুষ জীবন্ত পুড়ে মারা গেছে। এই ঘটনার পর থেকে ওই গ্রামের আরো ৯০ জন নারী-পুরুষ-শিশুর সন্ধান পাওয়া যায়নি। একটি ভিডিওতে এই ঘটনার দৃশ্য ধারণ করা হয়েছে, যেখানে আগুনে পুড়ে যাওয়া মৃতদেহ এবং বিলাপরত পরিবারের সদস্যদের দেখা যায়। এই ভিডিওটি ইউটিউবে পোস্ট করা হয়েছে, তবে এর সত্যতা নিরপেক্ষভাবে যাচাই করা সম্ভব হয়নি।",21.51,4.4,15.05
news-48419118,মূলত সরকারি চাকরিতে কোটা সংস্কার আন্দোলনের জের ধরেই আলোচনায় এসেছিল সাধারণ ছাত্র অধিকার সংরক্ষণ পরিষদ ও এর নেতারা।,নুরুল হক নূর কোটা সংস্কার আন্দোলনের একজন নেতা ছিলেন। তিনি ঢাকা বিশ্ববিদ্যালয়ের ছাত্র এবং ডাকসুর নতুন ভিপি। তিনি ছাত্রলীগের সাথে বিরোধপূর্ণ এবং তার ওপর হামলার ঘটনা ঘটেছে। তিনি বলেছেন যে তার ওপর হামলা করা হয়েছে কারণ তিনি ছাত্রলীগের ভয় পাচ্ছেন। তিনি বলেছেন যে তিনি কোটা সংস্কার ও নিরাপদ সড়ক আন্দোলনের মাধ্যমে দেশের ছাত্রসমাজের মধ্যে আস্থা তৈরি করেছেন।,13.33,5.48,13.33
news-48419117,ঢাকার মালিবাগে পুলিশের একটি গাড়ির কাছে বিস্ফোরণের ঘটনার দায় স্বীকার করেছে কথিত ইসলামিক স্টেট বা আইএস।,ঢাকার মালিবাগে পুলিশের একটি গাড়ির কাছে বিস্ফোরণের ঘটনা ঘটেছে। এতে একজন নারী পুলিশ কর্মকর্তা ও একজন রিকশাচালক আহত হয়েছেন। ইসলামিক স্টেট গ্রুপ এই বিস্ফোরণের দায় স্বীকার করেছে।,55.81,43.9,46.51
news-51858495,"করোনাভাইরাসে আক্রান্ত দেশগুলো থেকে বাংলাদেশি যারা এপর্যন্ত দেশটিতে এসেছেন, তাদের বিশাল অংশই পর্যবেক্ষণের বাইরে রয়ে গেছে।","করোনাভাইরাস মোকাবেলায় বাংলাদেশে আসা প্রবাসীদের মধ্যে অনেকেই কোনো পরীক্ষা ছাড়াই দেশে প্রবেশ করছেন। গত কয়েক সপ্তাহে বিদেশ থেকে আসা বাংলাদেশিদের মধ্যে দেশের ২০টি জেলায় প্রায় দুইশো জনকে নিজ নিজ বাড়িতে বিশেষ ব্যবস্থায় হোম কোয়ারিন্টিনে রাখা হয়েছে। করোনা আক্রান্ত দেশগুলো থেকে দু'সপ্তাহের মধ্যে বাংলাদেশে আসা কয়েকজন বলেছেন, তারা দেশে আসার পর থেকে আত্নীয়স্বজনের সাথে থাকাসহ উন্মুক্ত পরিবেশেই রয়েছেন।",8.11,5.56,8.11
news-46606685,"হাকিমপুর, ঘোড়াঘাট, নবাবগঞ্জ , বিরামপুর-ছোট ছোট এই চারটি উপজেলা নিয়ে দিনাজপুর-৬ আসন।","হিলি স্থল বন্দর ঘিরে উন্নয়নের কথা অনেকেই বলেছেন। এখানে কোন কল-কারখানা নেই, আমদানি-রপ্তানিকে কেন্দ্র করে পরিকল্পনা করলে এখানে অনেক শিল্প-কারখানা গড়ে তোলা যেত। স্থানীয় বাসিন্দারা মনে করেন হিলি বন্দর ঘিরেই তাদের আয়-রোজগারের পথ হতে পারতো।",0.0,0.0,0.0
news-48848572,হংকং এ জুন মাস থেকেই শান্তিপূর্ণ বিক্ষোভ চলছে। এই বিক্ষোভের কারণে বিতর্কিত এক প্রত্যর্পণ বিল অনির্দিষ্টকালের জন্য স্থগিত করেছে সরকার। দেশটির সরকারের এই উদ্যোগ চীনের কাছে হংকং এর ভিন্নমতাবলম্বীদের সম্পর্কে ভিন্ন বার্তা পাঠাতে পারে।,"হংকং-এ জুন মাস থেকে চলমান বিক্ষোভে সোমবার কয়েকশ' তরুণ পার্লামেন্ট ভবনে ঢুকে পড়ে। বিক্ষোভকারীরা ভবনের কাচ ভেঙে অধিবেশন কক্ষে ঢুকে স্প্রে-পেইন্ট দিয়ে দেয়ালে নানা বার্তা লিখে। হংকং-এর প্রতীকের ওপর কালো রং ছিটিয়ে দেয় একজন বিক্ষোভকারী। আরেকজন পুরনো ব্রিটিশ ঔপনিবেশিক যুগের ইউনিয়ন জ্যাক-আঁকা পতাকা তুলে ধরে। হংকং-এর বিক্ষোভ এখনো পর্যন্ত শান্তিপূর্ণভাবে হচ্ছে। বিক্ষোভকারীদের দাবী আদায়ের সম্ভাবনা কতটা রয়েছে তা নিয়ে প্রশ্ন রয়েছে। ইতিহাসে দেখা যায়, শান্তিপূর্ণ বিক্ষোভের মাধ্যমেও অনেক সময় সরকারকে পদত্যাগ করতে বাধ্য করা হয়েছে। যেমন, ১৯৮৬ সালে ফিলিপাইনের ম্যানিলায় লক্ষ লক্ষ মানুষের শান্তিপূর্ণ বিক্ষোভে মার্কোস পদত্যাগ করেন। একইভাবে, ২০০৩ সালে জর্জিয়ায় রক্তপাতহীন বিপ্লবে শাসক এডুয়ার্ড সেভর্দনাদজে পদত্যাগ করেন। এ বছরের শুরুতে সুদান ও আলজেরিয়ায়ও শান্তিপূর্ণ বিক্ষোভে সরকারকে পদত্যাগ করতে বাধ্য করা হয়েছে।",13.16,5.33,7.89
news-43054225,"১৪ই ফেব্রুয়ারি ভ্যালেন্টাইন'স ডে হিসাবে সারা বিশ্বে পরিচিত হলেও, বাংলাদেশের ইতিহাসে বিশেষভাবে গুরুত্বপূর্ণ ১৯৮৩ সালের ১৪ই ফেব্রুয়ারি। অনেকে এই দিনটিকে পালন করেন 'স্বৈরাচার প্রতিরোধ দিবস' হিসাবে।","১৯৮৩ সালের ১৪ই ফেব্রুয়ারি ঢাকায় সামরিক শাসনের বিরুদ্ধে শুরু হয় ছাত্র আন্দোলন। তখন জেনারেল এরশাদের সামরিক সরকারের বিতর্কিত শিক্ষানীতির বিরুদ্ধে শিক্ষার্থীরা প্রতিরোধ গড়ে তোলে। এই আন্দোলনের ধারাবাহিকতায় ১৪ই ফেব্রুয়ারিতে স্মারকলিপি দিতে শিক্ষার্থীরা মিছিল করে সচিবালয়ের দিকে যাবার সময় পুলিশ গুলি চালায়। এতে জয়নাল ও দীপালি সাহা সহ নিহত হন অন্তত ১০জন। ছাত্রসমাজের দাবি ছিল একটি অবৈতনিক বৈষম্যহীন শিক্ষানীতি। কিন্তু শিক্ষামন্ত্রী ড. মজিদ খান যে নীতি ঘোষণা করেন, সেখানে বাণিজ্যিকীকরণ আর ধর্মীয় প্রতিফলন ঘটেছে বলে শিক্ষার্থীরা অভিযোগ করেন।",15.38,5.88,11.54
news-42887190,ফ্যাশন নাকি চক্রাকারে ঘুরে ফিরে আসে। লুঙ্গির ভাগ্যে কি সেটাই ঘটতে যাচ্ছে?,"স্প্যানিশ ফ্যাশন ব্রান্ড 'জারা' একটি পোশাক বাজারে ছেড়েছে যা দেখতে অনেকটা লুঙ্গির মতো, কিন্তু তারা এটাকে 'চেক মিনি স্কার্ট' বলছে। এই পোশাকটি নিয়ে টুইটারে বিতর্ক চলছে, অনেকে বলছে এটা আসলে লুঙ্গি ছাড়া আর কিছু নয়। জারা এই পোশাকটি বিক্রি করছে ৬৯ পাউন্ডে, যা অনেকের কাছে খুব বেশি মনে হচ্ছে। অনেকে প্রশ্ন তুলছেন যে পুরুষদের পোশাক লুঙ্গিকে এভাবে 'স্কার্ট' নামে বিক্রি করা কি সঠিক।",8.0,0.0,8.0
news-55960613,ফেসবুকের পর টুইটার এবং ইনস্টাগ্রামকে ব্লক করার নির্দেশ দিয়েছে মিয়ানমারের কর্তৃপক্ষ।,মিয়ানমারে সেনা অভ্যুত্থানের প্রতিবাদে বিশ্ববিদ্যালয়ের শিক্ষক ও শিক্ষার্থীরা বিক্ষোভ করছে। তারা গণতান্ত্রিকভাবে নির্বাচিত নেতাদের মুক্তি চাইছে। সেনা অভ্যুত্থানের পর থেকে দেশটিতে ফেসবুক ব্লক করা হয়েছে।,11.11,0.0,11.11
news-49833444,যুক্তরাষ্ট্র ডেমোক্র্যাট পার্টির সদস্যরা প্রেসিডেন্ট ডোনাল্ড ট্রাম্পকে অভিশংসনের জন্য আনুষ্ঠানিকভাবে তদন্ত শুরু করেছে।,মার্কিন প্রেসিডেন্ট ডোনাল্ড ট্রাম্পের বিরুদ্ধে অভিশংসনের তদন্ত শুরু হয়েছে। ডেমোক্র্যাটরা ট্রাম্পের বিরুদ্ধে রাজনৈতিক প্রতিপক্ষকে ঘায়েল করার জন্য বিদেশি শক্তির সাহায্য নেয়ার অভিযোগ করেছে। ট্রাম্প ইউক্রেনের প্রেসিডেন্ট ভলোদিমির জেলেনস্কির উপর জো বাইডেনের বিরুদ্ধে তদন্তের চাপ দিয়েছেন বলে অভিযোগ করা হচ্ছে।,26.92,8.0,23.08
news-44639030,পোলিশ রেফারি স্জিমন মারচিনিয়াক শনিবারের জার্মানি ও সুইডেনের উত্তেজনাকর ম্যাচের শেষ বাঁশি বাজানোর পর সামাজিক মাধ্যমে মানুষের আনাগোনা দারুণভাবে বেড়ে যায়।,নেইমারের কান্না এবং ডাইভ নিয়ে সামাজিক মাধ্যমে অনেক সমালোচনা হচ্ছে। ব্রাজিলের খেলা দিনের পর দিন পরিণত হচ্ছে বলে মনে করা হচ্ছে। নেইমার তার স্বাভাবিক ফর্মে নেই বলেও অনেকে মনে করছে।,11.76,4.08,7.84
news-45859948,বিশ্ব মৃত্যুদণ্ড বিরোধী দিবসে মৃত্যুদণ্ডের চর্চা বন্ধ করার চেষ্টা করায় অনেক দেশের প্রশংসা করেছেন জাতিসংঘ মহাসচিব অ্যান্টনিও গুতেরেস।,জাতিসংঘ মহাসচিব বলেছেন বিশ্বের ১৭০টি দেশে হয়তো মৃত্যুদণ্ড বাতিল কিংবা স্থগিত আছে। মানবাধিকার সংস্থাগুলোর হিসেবে ২০১৭ সালে বিশ্বের ৫৩টি দেশে দু হাজার ৫৯১টি মৃত্যুদণ্ড কার্যকর করা হয়েছে। অ্যামনেস্টি ইন্টারন্যাশনাল বলছে ১৪২ দেশ এখন আর এর চর্চা করছেনা।,14.55,3.77,7.27
news-52080725,"করোনাভাইরাস প্রতিরোধে বিশ্ব গত বছরের ডিসেম্বর থেকে সচেতন হতে শুরু করলেও মনে হয় যেন অনন্তকাল পেরিয়ে গেছে। বিশ্বজুড়ে বিজ্ঞানীরা প্রচেষ্টা চালিয়ে যাওয়া সত্ত্বেও, আমরা এখনও অনেক কিছুই বুঝে উঠতে পারি না।","করোনাভাইরাস নিয়ে এখনও অনেক প্রশ্ন রয়ে গেছে। এই প্রশ্নগুলোর মধ্যে অন্যতম হল কতজন মানুষ সংক্রামিত হয়েছেন, এটি আসলেই কতটা মারাত্মক এবং করোনাভাইরাসের উপসর্গগুলো কী। করোনাভাইরাসে আক্রান্ত হওয়ার ঘটনা বিশ্বজুড়ে লাখ লাখ ঘটছে, তবে এটি সংক্রমণের মোট সংখ্যার একটি অংশ মাত্র। অ্যাসিম্পটোমেটিক কেসগুলো পুরো পরিসংখ্যানকে বিভ্রান্ত করে তুলছে। করোনাভাইরাসের প্রধান লক্ষণগুলোর মধ্যে রয়েছে জ্বর এবং শুকনো কাশি। এগুলো হল সেই লক্ষণ যেগুলোর প্রতি আপনাকে অবশ্যই খেয়াল রাখতে হবে। কিছু ক্ষেত্রে গলা ব্যথা, মাথা ব্যথা এবং ডায়রিয়ার মতো লক্ষণের কথাও জানা গেছে। এমন ধারনাও রয়েছে যে এই করোনাভাইরাস মানুষের গন্ধ নেয়ার অনুভূতি হ্রাস করতে পারে। তবে সর্বাধিক গুরুত্বপূর্ণ প্রশ্ন হল মৃদু ঠাণ্ডা জাতীয় লক্ষণ যেমন সর্দি, হাঁচি, এগুলো কি করোনাভাইরাসে আক্রান্ত রোগীদের মধ্যে দেখা যায়।",6.94,1.41,4.17
160111_bd_sanitation_open_defecation,বাংলাদেশের সরকার বলছে খোলা জায়গায় মলত্যাগ মুক্ত দেশ হিসেবে লক্ষ্য অর্জনে বাংলাদেশ প্রায় দ্বারপ্রান্তে পৌঁছে গেছে।,"বাংলাদেশ বাড়ি বাড়ি শৌচাগার নির্মাণে উন্নতি করেছে, যার ফলে খোলা জায়গায় মলত্যাগের অভ্যাস কমেছে। দেশটি প্রতিবেশী দেশগুলোর জন্য রোল মডেল হয়ে উঠেছে। তবে, টয়লেটের বর্জ্য নিষ্কাসন এখনও একটি উদ্বেগের বিষয়। বাংলাদেশে টয়লেটের বর্জ্য প্রায়ই অস্বাস্থ্যকরভাবে প্রকৃতিতে মিশে যায়।",11.11,3.85,7.41
160130_bangladesh_tree_man_desease,বাংলাদেশে এই প্রথম ‘বৃক্ষ মানব’ নামে পরিচিত বিরল এক রোগে আক্রান্ত একজন রোগীর সন্ধান পাওয়া গেছে।,"বাংলাদেশের এক যুবক বিরল এক রোগে আক্রান্ত হয়েছেন, যার নাম বৃক্ষ মানব রোগ। এই রোগে আক্রান্ত হয়ে তার দুই হাত এবং পায়ের কিছু অংশ গাছের শেকড়ের মতো রূপ নিয়েছে। তিনি গত ১০ বছর ধরে এই রোগে ভুগছেন এবং এখন তাকে ঢাকা মেডিকেল কলেজের বার্ন এন্ড প্লাস্টিক সার্জারি ইউনিটে চিকিৎসা দেওয়া হচ্ছে। ডাক্তাররা বলছেন যে তারা একটি মেডিকেল বোর্ড তৈরি করবেন এবং অস্ত্রোপচারের মাধ্যমে তার চিকিৎসা করা হবে।",16.87,9.88,9.64
150608_pg_bangladesh_india_transport,"বাংলাদেশ, ভারত, নেপাল ও ভূটানের মধ্যে সড়কপথে পণ্য ও যাত্রীবাহী যান চলাচল উন্মুক্ত করে দেবার লক্ষ্যে এক চুক্তির খসড়া আজ বাংলাদেশের মন্ত্রীসভায় অনুমোদিত হয়েছে।","ভারত, বাংলাদেশ, নেপাল এবং ভুটান চারটি দেশের মধ্যে যাত্রীবাহী ও পণ্যবাহী যানবাহন চলাচলের চুক্তি স্বাক্ষরিত হতে যাচ্ছে। এই চুক্তি স্বাক্ষরিত হবার পর এই চারটি দেশের মধ্যে তিন ধরণের যানবাহন চলাচল করতে পারবে। আশা করা হচ্ছে ২০১৬-র শুরুর দিকে এর বাস্তবায়ন হবে।",21.21,0.0,15.15
news-41386650,মাত্র চার বছর আগে জন্ম নিলেও জার্মান সংসদের ৯০টিরও বেশি আসন জেতা কট্টর ডানপন্থী দল এএফডি (অলটারনেটিভ ফর জার্মানি) বিশ্বাস করে জার্মান সমাজে ইসলামের কোনো জায়গা নেই।,"জার্মানির সাম্প্রতিক নির্বাচনে ইসলামবিরোধী এবং অভিবাসন বিরোধী দল অল্টারনেটিভ ফর জার্মানি (এএফডি) উল্লেখযোগ্য সাফল্য অর্জন করেছে। এএফডি দলটি জার্মানির সংসদে তৃতীয় বৃহত্তম দল হিসেবে আত্মপ্রকাশ করেছে, যা দ্বিতীয় বিশ্বযুদ্ধের পর থেকে কোনো নতুন দলের জন্য একটি অভূতপূর্ব ঘটনা। এএফডির নেতারা ইসলাম ও অভিবাসনকে তাদের রাজনৈতিক প্রচারণার কেন্দ্রবিন্দু করেছেন, জার্মান সমাজে ইসলামি সংস্কৃতির সহাবস্থানের অসম্ভবতা এবং মসজিদে বিদেশী অর্থ নিষিদ্ধ করার দাবি তোলা হয়েছে। এএফডির জনপ্রিয়তা বৃদ্ধি জার্মানির রাজনৈতিক দৃশ্যপটে একটি উল্লেখযোগ্য পরিবর্তনের ইঙ্গিত দেয়।",13.86,4.04,9.9
news-42215067,সৌদি আরবে গত কয়েক দশকে ধীর গতিতে সামান্য কিছু পরিবর্তন ঘটলেও দেশটি এখন নাটকীয় কিছু ঘটনা প্রবাহের ভেতর দিয়ে যাচ্ছে।,"সৌদি আরবের নতুন যুবরাজ মোহাম্মদ বিন সালমান দেশটিতে আধুনিকায়ন, নারীদের অধিকার এবং ইরানের বিরুদ্ধে দল পাকানোর জন্য কাজ করছেন। তিনি দুর্নীতিবিরোধী অভিযান চালাচ্ছেন, যা অনেকে বলছেন তার ক্ষমতা আরো কুক্ষিগত করার জন্য। সৌদি আরবে এতো পরিবর্তনের কারণ ও ধরন বুঝতে হলে এর সামান্য পেছনের কিছু ইতিহাসের দিকে ঘুরে তাকাতে হবে।",11.43,2.94,11.43
news-43735107,বাংলাদেশের প্রধানমন্ত্রী শেখ হাসিনা সরকারি চাকুরীতে সব ধরনের কোটা বাতিলের ঘোষণা দেয়ার পর আজ আন্দোলনকারীদের তরফ থেকে কোটা সংস্কার আন্দোলন সরকার গেজেট প্রকাশ না হওয়া পর্যন্ত স্থগিত ঘোষণা করা হয়েছে।,"ঢাকা বিশ্ববিদ্যালয়ের সমবেত আন্দোলনকারীরা প্রধানমন্ত্রীর কোটা বাতিলের ঘোষণায় ধন্যবাদ জানিয়েছে। তারা সরকারের সিদ্ধান্ত দ্রুত গেজেট আকারে প্রকাশের দাবি জানিয়েছে। এছাড়াও তারা শিক্ষার্থীদের বিরুদ্ধে দায়ের করা মামলা প্রত্যাহার, আটক শিক্ষার্থীদের মুক্তি ও আহতদের চিকিৎসার ব্যয়ভার বহনের দাবি জানিয়েছে।",11.94,3.08,11.94
news-46576924,"বিজ্ঞানীরা বলছেন, চারটি উপায় মেনে চললে আপনার মন স্বয়ংক্রিয়ভাবেই স্বাস্থ্যকর খাবার গ্রহণে উৎসাহী হবে।","ইয়েল ইউনিভার্সিটির গবেষকরা দেখেছেন যে অস্বাস্থ্যকর খাবার এড়াতে মনকে প্রশিক্ষণ দেওয়া যায়। তারা চারটি কৌশল সুপারিশ করেছেন: অস্বাস্থ্যকর খাবার নিয়ে নেতিবাচক ভাবনা করা, স্বাস্থ্যকর খাবার সম্পর্কে ইতিবাচক ভাবনা করা, অস্বাস্থ্যকর খাবার এড়াতে মনকে প্রশিক্ষণ দেওয়া এবং স্বাস্থ্যকর খাবার গ্রহণের অভ্যাস গড়ে তোলা। এই কৌশলগুলি অনুসরণ করে, মানুষ তাদের খাদ্যাভ্যাস পরিবর্তন করতে পারে এবং অতিরিক্ত ওজন কমাতে পারে। গবেষকরা বিশ্বাস করেন যে এই কৌশলগুলি মানুষের খাদ্য গ্রহণের আচরণ পরিবর্তন করতে সাহায্য করতে পারে।",6.98,2.38,6.98
news-46782925,বাংলাদেশে আওয়ামী লীগের নেতৃত্বে নতুন মন্ত্রিসভা শপথ নিয়েছে কিন্তু এই মন্ত্রিসভায় স্থান পায় নি মহাজোটের শরিক দলের কোনো নেতা।,রাষ্ট্রপতি আব্দুল হামিদ এক ঝাঁক নতুন নেতৃত্বের শপথ গ্রহণ করাচ্ছেন। এর আগে তিনবার শরিক দলের নেতারা মন্ত্রী হলেও এবারই প্রথম কোন শরিক দল থেকে মন্ত্রী করা হয় নি। নতুন মন্ত্রীসভায় শরিক দলের কোনো নেতা মন্ত্রী হতে না পারাটাকে কিভাবে দেখছেন দলগুলোর নেতারা তা নিয়ে প্রশ্ন তুলেছে।,21.54,9.52,21.54
news-51087026,"বাংলাদেশে এ বছর হাড় কাঁপানো শীতের পাশাপাশি ঘন কুয়াশাও বেশ দাপট দেখিয়েছে। আবহাওয়া অধিদপ্তর বলছে, এ বছর কুয়াশার কারণে দৃষ্টিসীমা ১০০ মিটারেও নেমে এসেছে।","বাংলাদেশের আবহাওয়া অধিদপ্তরের কর্মকর্তা মনোয়ার হোসেন জানিয়েছেন, ঘন কুয়াশার কারণে রাজধানী ঢাকাতেও দৃষ্টিসীমা কমে গেছে। তিনি বলেছেন, কুয়াশার কারণে দৃষ্টিসীমা তিন হাজার মিটার বা তার কম হলে তাকে ""পুওর ভিজিবিলিটি"" বলা হয়। সোমবার সকালে বাংলাদেশে দৃষ্টিসীমা ১০০ মিটারে নেমে এসেছিল, যা বিমান চলাচলের জন্য ব্যাহতি সৃষ্টি করে।",22.54,8.7,16.9
news-53134120,করোনাভাইরাস মহামারির কারণে এখন কারো জ্বর এবং সাথে শুকনো কাশি অথবা শরীর ব্যথার মত দুয়েকটি উপসর্গ ও লক্ষণ দেখা দিলেই স্বাভাবিকভাবেই মানুষ আতঙ্কিত হয়ে পড়ছেন।,"করোনাভাইরাস সংক্রমণের লক্ষণ দেখা দিলে নিজেকে পরিবারের অন্যদের থেকে আলাদা করে রাখা উচিত। করোনাভাইরাস সংক্রমণের প্রথম লক্ষণ হলো জ্বর এবং শুকনো কাশি। এছাড়া থাকতে পারে শরীরের পেশীতে ব্যথা, গলা ব্যথা, স্বাদ ও গন্ধের অনুভূতি না থাকা, শ্বাসকষ্ট, কখনো পেট খারাপ ও বমি বা বমি বমি ভাব।",22.54,8.7,16.9
news-55991270,"অভ্যুত্থানের মাধ্যমে ক্ষমতা দখলের পর টেলিভিশনের দেয়া প্রথম ভাষণে মিয়ানমারের সেনাপ্রধান সিনিয়র জেনারেল মিন অং লাইং বলেছেন, তার সরকার মিয়ানমারের চলমান বিদেশনীতিতে কোন পরিবর্তন আনবে না।","মিয়ানমারের সেনাপ্রধান মিন অং লাইং বলেছেন, বাংলাদেশের সাথে চুক্তি অনুযায়ী রোহিঙ্গাদের ফেরত নেয়ার প্রক্রিয়া চলতে থাকবে। তিনি বলেছেন, বাংলাদেশের সাথে চুক্তি আলোচনার মাধ্যমে বাস্তবায়ন করা হবে। মিয়ানমার সেনাবাহিনী প্রধান বলেছেন, তারা বাংলাদেশের সাথে যে চুক্তি করেছে তা অনুযায়ী রোহিঙ্গাদের ফেরত নেয়ার কাজ চলবে।",20.29,11.94,17.39
news-44720145,বিমানে ডালাস যাওয়ার পথে রোজে ব্লেয়ার এবং তার বয়ফ্রেন্ড আসন রদবদল করার জন্য এক তরুণীকে অনুরোধ করেছিলেন।,"রোজে ব্লেয়ার নামের একজন নারীর প্রেমের গল্প সামাজিক নেটওয়ার্কে হাজার হাজার মানুষের হৃদয় স্পর্শ করে। রোজে ঐ তরুণীকে বলেছিলেন, তিনি যদি আসনটি বদল করেন, তবে তারা দু'জন একসাথে বসতে পারেন। রোজে তার ইনস্টাগ্রামে যে গল্পটা লেখেন, তাতে আসলে কী প্রকাশ পায়? তারপর রোজে যখন টুইটারে এক সুতায় গাঁথার কথা টুইট করেন, তখন কী উন্মোচিত হয়? রোজে সহজভাবে গর্বিত প্রেমের গল্প লিখেছিলেন। তিনি তার অনুভূতি এমনভাবে লিখেছিলেন, যা সামাজিক নেটওয়ার্কে হাজার হাজার মানুষের হৃদয় স্পর্শ করেছিল। তার সেই গল্প রিটুইট হয়েছিল ২ লাখ ৩৮হাজার বার। লাইক পেয়েছে ৬লাখ।",9.52,1.94,7.62
news-53316580,বান্দরবানের বাঘমারায় দুই গ্রুপের গোলাগুলিতে ছয়জন নিহত হয়েছেন।,"বান্দরবানের বাঘমারা এলাকায় গোলাগুলির ঘটনায় তিনজন আহত হয়েছেন। দুইজনকে চট্টগ্রাম মেডিকেল কলেজ হাসপাতালে পাঠানো হয়েছে। পুলিশ জানিয়েছে, পার্বত্য চট্টগ্রামভিত্তিক দুইটি স্থানীয় দলের মধ্যে এ সংঘর্ষ ঘটেছে। পুলিশ সুপার জেরিন আখতার বলেছেন, সকাল সাতটার কিছু আগে এই ঘটনা ঘটেছে। ঘটনাস্থলে এখন সেনাবাহিনী এবং পুলিশ কর্মকর্তারা রয়েছেন।",7.55,0.0,7.55
news-46819571,যুক্তরাজ্য-ভিত্তিক গবেষণা প্রতিষ্ঠান ইকোনমিস্ট ইন্টেলিজেন্স ইউনিট (ইআইইউ) এ বছরের ৯ই জানুয়ারি যে প্রতিবেদন প্রকাশ করেছে সেখানে 'গণতান্ত্রিক' কিংবা 'ত্রুটিপূর্ণ গণতান্ত্রিক' দেশের তালিকায় বাংলাদেশের নাম নেই।,"ইকোনমিস্ট ইন্টেলিজেন্স ইউনিটের গণতন্ত্র সূচক অনুযায়ী বাংলাদেশের স্কোর ৫.৮৭। গত বছর এটি ছিল ৫.৭৩। এই স্কোরের ভিত্তিতে বাংলাদেশের অবস্থান ৯২তম। গত বছর দেশটির অবস্থান ছিল ৮৮তম। ইকোনমিস্ট ইন্টেলিজেন্স ইউনিটের গণতন্ত্র সূচকে বাংলাদেশের স্কোর কমেছে। এই স্কোর কমেছে নির্বাচনী ব্যবস্থা ও বহুদলীয় অবস্থান, নাগরিক অধিকার, সরকারে সক্রিয়তা, রাজনৈতিক অংশগ্রহণ, এবং রাজনৈতিক সংস্কৃতির ক্ষেত্রে। এছাড়া বাংলাদেশের স্কোর কমেছে নির্বাচনী ব্যবস্থা ও বহুদলীয় অবস্থান, নাগরিক অধিকার, সরকারে সক্রিয়তা, রাজনৈতিক অংশগ্রহণ, এবং রাজনৈতিক সংস্কৃতির ক্ষেত্রে।",6.06,2.06,6.06
news-51930935,করোনাভাইরাস মহামারি ঠেকানোর চেষ্টায় ভারত কার্যত গোটা দেশকে অবরুদ্ধ করে ফেলার চেষ্টা চালাচ্ছে।,"ভারতে করোনাভাইরাস সংক্রমণ ঠেকাতে সরকার আরও কড়া ব্যবস্থা নিয়েছে। ইউরোপীয় ইউনিয়ন, ব্রিটেন বা তুরস্ক থেকে কোনও ভারতীয় নাগরিককে নিয়েও কোনও বিমান ভারতে আসতে পারবে না বলে নতুন নির্দেশিকা জারি করা হয়েছে। ভারতে আজ করোনাভাইরাস সংক্রমণে তৃতীয় মৃত্যুর ঘটনা ঘটেছে, মোট আক্রান্তের সংখ্যাও সোয়াশো ছাড়িয়ে গেছে। তাজমহল-সহ বিভিন্ন পর্যটক আকর্ষণ, বহু টাইগার সাফারিও সাময়িকভাবে বন্ধ করে দেওয়া হয়েছে।",5.63,0.0,5.63
news-54246395,"ব্রাজিলে করোনাভাইরাস মহামারি নিয়ে পরিচালিত এক গবেষণায় বলা হয়েছে যে, এই ভাইরাসের সংক্রমণ এবং ডেঙ্গু জ্বরে আক্রান্ত হওয়ার মধ্যে সম্পর্ক রয়েছে। আর তা হলো ডেঙ্গুতে আক্রান্ত হলে তা কোভিড-১৯ রোগ থেকে কিছুটা ইমিউনিটি বা সুরক্ষা দিতে পারে।","ডেঙ্গু জ্বরের ভাইরাস করোনাভাইরাস সংক্রমণ রোধে কাজ করতে পারে বলে মনে করেন একদল গবেষক। যুক্তরাষ্ট্রের ডিউক ইউনিভার্সিটির অধ্যাপক মিগুয়েল নিকোলেলিসের নেতৃত্বে পরিচালিত এক গবেষণায় এমন ফলাফল পাওয়া গেছে বলে দাবি করেছেন। তবে ওই গবেষণাটি এখনো আনুষ্ঠানিকভাবে প্রকাশিত হয়নি। বাংলাদেশের জাতীয় রোগতত্ত্ব, রোগ নিয়ন্ত্রণ ও গবেষণা প্রতিষ্ঠান আইইডিসিআর-এর প্রধান বৈজ্ঞানিক কর্মকর্তা এ. এস. এম. আলমগীর বলেছেন, এই গবেষণার উপর এখন নির্ভরযোগ্য নয়।",18.0,4.08,10.0
news-50211501,ভারতের প্রধানমন্ত্রী নরেন্দ্র মোদী দুদিনের এক রাষ্ট্রীয় সফরে সোমবার বেশি রাতে সৌদি আরবে গিয়ে পৌঁছচ্ছেন।,"ভারতের প্রধানমন্ত্রী নরেন্দ্র মোদী সৌদি আরব সফরে গেছেন। এই সফরে দুই দেশের মধ্যে বারোটি চুক্তি স্বাক্ষরিত হবে বলে ধারণা করা হচ্ছে। এর মধ্যে সবচেয়ে গুরুত্বপূর্ণ হচ্ছে একটি স্ট্র্যাটেজিক পার্টনারশিপ কাউন্সিল গঠন। এই সফরের মধ্য দিয়ে ভারত ও সৌদি আরবের মধ্যে সম্পর্ক আরও গভীর হবে বলে মনে করা হচ্ছে। ভারতের সঙ্গে সৌদি আরবের সম্পর্ক এখন শুধু তেল আমদানির মধ্যেই সীমাবদ্ধ নেই, বরং এখন সেখানে নিরাপত্তা, প্রতিরক্ষা, বিনিয়োগ, কৃষি - সব ক্ষেত্রেই সহযোগিতা রয়েছে। ভারতের সঙ্গে সৌদি আরবের এই ঘনিষ্ঠতা পাকিস্তানের জন্য চিন্তার কারণ হয়ে দাঁড়িয়েছে।",12.24,6.25,12.24
news-55793703,বাংলাদেশে রবিবার ৭ই ফেব্রুয়ারি থেকে আনুষ্ঠানিকভাবে সারা দেশে করোনা ভাইরাসের টিকাদান কর্মসূচি শুরু হয়েছে। শুরুতেই সম্মুখ সারির কর্মী এবং ৪০ বছরের বেশি নাগরিকদের টিকা দেয়া হবে।,"বাংলাদেশে করোনাভাইরাস টিকা গ্রহণের বয়স সীমা কমিয়ে ৪০ বছর করা হয়েছে। এখন থেকে ৪০ বছরের বেশি বয়সীরা সরকারি হাসপাতালে গিয়ে টিকা নিতে পারবেন। তবে টিকা নিতে হলে নাম নিবন্ধন করতে হবে সরকারি ওয়েবসাইটের মাধ্যমে। এই নিবন্ধনের জন্য জাতীয় পরিচয় পত্র এবং নাম, ঠিকানা, বয়স, পেশা, শারীরিক পরিস্থিতি, ফোন নাম্বার ইত্যাদি তথ্য প্রয়োজন হবে।",22.78,5.19,17.72
news-54778535,"বাংলাদেশ সরকার করোনাভাইরাসের বিস্তার প্রতিরোধে 'নো মাস্ক নো সার্ভিস', অর্থাৎ মাস্ক না পরলে কাউকে কোন সেবা দেয়া হবে না বলে যে নির্দেশনা জারি করেছিল সেটা ব্যাপকভাবে বাস্তবায়নের নির্দেশ দিয়েছেন প্রধানমন্ত্রী শেখ হাসিনা।","বাংলাদেশে করোনাভাইরাসের সংক্রমণ দ্বিতীয়বার বাড়ার আশঙ্কা দেখা দিয়েছে। এমন পরিস্থিতিতে সরকারি বেসরকারি অফিস, হাট-বাজার, শপিংমল, শিক্ষাপ্রতিষ্ঠান, সামাজিক ও ধর্মীয় সম্মেলনে মাস্ক ব্যবহার বাধ্যতামূলক করা হয়েছে। প্রধানমন্ত্রী শেখ হাসিনা সোমবার মন্ত্রিসভার বৈঠকে এ নির্দেশনা দেন। এছাড়া সাধারণ মানুষকে সচেতন করে তুলতে ব্যাপক প্রচার প্রচারণার পাশাপাশি সামাজিক আন্দোলন গড়ে তোলার আহ্বান জানান তিনি।",14.29,4.88,11.9
news-53556863,আফগানিস্তান থেকে সে দেশের শিখ ও হিন্দু সম্প্রদায়ের মোট ১১ জন সদস্যকে ভারতে উড়িয়ে নিয়ে এসে আশ্রয় দিয়েছে দিল্লি।,আফগানিস্তানে ধর্মীয় নির্যাতনের শিকার হয়ে এক দল শিখ পরিবার ভারতে এসেছেন। তাদের দীর্ঘমেয়াদি ভিসা দেয়া হয়েছে। ভারত সরকার তাদের নাগরিকত্বের আবেদন বিবেচনা করবে। আফগানিস্তানের কাবুল থেকে একটি বিশেষ বিমানে এসেছেন এই পরিবারগুলো। এই পরিবারগুলো সে দেশে ধর্মীয় নির্যাতন বা সন্ত্রাসবাদী হামলার শিকার হয়েছিলেন। গত বছরের ডিসেম্বরে পাস হওয়া বিতর্কিত নাগরিকত্ব আইনের মাধ্যমে ভারত বাংলাদেশ-সহ প্রতিবেশী দেশগুলোর নির্যাতিত সংখ্যালঘু বা অমুসলিমদের নাগরিকত্ব দেওয়ার সিদ্ধান্ত নিয়েছিল। আফগানিস্তান থেকে এই শিখ ও হিন্দুদের নিয়ে আসার পদক্ষেপ যে তারই ধারাবাহিকতায় নেওয়া হল ভারত সরকার সেটাও স্পষ্ট করে দিয়েছে।,15.38,3.92,11.54
news-55645320,গত প্রায় ১৯ বছর ধরে দিনাজপুরে ফুলবাড়ী উপজেলার পূর্ব কাটাবাড়ীতে হোমিও চিকিৎসক হিসেবে কাজ করছেন আয়েশা সিদ্দিকা।,"দিনাজপুরের ফুলবাড়ীতে নিকাহ রেজিস্টার পদে নিয়োগের জন্য আয়েশা সিদ্দিকা ২০১২ সালে আবেদন করেছিলেন। পরীক্ষায় প্রথম হয়েও নিয়োগ পাননি তিনি। এরপর আইনজীবী হিসেবে আদালতে মামলা করেন তিনি। এই মামলা চলমান আছে। এদিকে গত ২৪শে জানুয়ারি হাইকোর্টের একটি রুল জারি করে জানতে চেয়েছে, কীভাবে নারীরা নিকাহ রেজিস্টার হতে পারবেন না? এ বিষয়ে রাষ্ট্রপক্ষের আইনজীবী বলছেন, এই রুলের জবাব দেয়ার জন্য তাদের সময় চেয়েছে। আয়েশা সিদ্দিকা বলছেন, তিনি একজন নারী হয়েও নিকাহ রেজিস্টার হতে চান। এটা তার একটা স্বপ্ন। সেই স্বপ্ন বাস্তবায়নের জন্য তিনি লড়াই করে যাচ্ছেন। আয়েশা সিদ্দিকা বলেন, তিনি একজন নারী হয়েও নিকাহ রেজিস্টার হতে চান। এটা তার একটা স্বপ্ন। সেই স্বপ্ন বাস্তবায়নের জন্য তিনি লড়াই করে যাচ্ছেন।",6.45,1.64,4.84
news-45741190,বাংলাদেশে এক আন্দোলনের মুখে সরকারি চাকরিতে কোটা বাতিলের পর এখন এই সিদ্ধান্ত প্রত্যাখান করে রাতে রাজধানীর শাহবাগ মোড় অবস্থান নিয়েছে মুক্তিযোদ্ধার সন্তানদের সংগঠন মুক্তিযোদ্ধা সংসদ সন্তান কমান্ড ও মুক্তিযোদ্ধার পরিবার নামের দুইটি সংগঠন।,"মুক্তিযোদ্ধা সংসদ সন্তান কমান্ড নামের একটি সংগঠন ঢাকার শাহবাগ মোড়ে বিক্ষোভ করছে ৩০ শতাংশ মুক্তিযোদ্ধা কোটা পুনর্বহালের দাবিতে।  বুধবার রাত সাড়ে আটটার দিকে শাহবাগ মোড় অবরোধ করেন সংগঠনটির নেতা কর্মীরা। বৃহস্পতিবারও শাহবাগের মোড়ে তাদের বিক্ষোভ চালিয়ে যেতে দেখা গেছে। সংগঠনটির সভাপতি আতিকুর বাবু বলেছেন, ৩০ শতাংশ মুক্তিযোদ্ধা কোটা পুনর্বহাল না হওয়া পর্যন্ত তাদের আন্দোলন চলবে।",20.45,9.3,13.64
news-39499694,হাতির দাঁতের উপর নকশা করে নানারকম শৌখিন জিনিসপত্র তৈরি করা চীনে শত শত বছরের পুরনো ব্যবসা। তবে এই হস্তশিল্পীদের যুগ এখন শেষ হতে চলেছে।,চীনে হাতির দাঁতের ব্যবসা বন্ধের সিদ্ধান্ত নেওয়া হয়েছে। এই সিদ্ধান্তের ফলে অনেক হাতির দাঁতের ব্যবসা প্রতিষ্ঠান বন্ধ হয়ে গেছে। চীনের এই সিদ্ধান্ত আফ্রিকার হাতি সংরক্ষণে গুরুত্বপূর্ণ ভূমিকা রাখবে। চীনে হাতির দাঁতের ব্যবসা বন্ধের সিদ্ধান্ত নেওয়া হয়েছে। এই সিদ্ধান্তের ফলে অনেক হাতির দাঁতের ব্যবসা প্রতিষ্ঠান বন্ধ হয়ে গেছে। চীনের এই সিদ্ধান্ত আফ্রিকার হাতি সংরক্ষণে গুরুত্বপূর্ণ ভূমিকা রাখবে। চীনে হাতির দাঁতের ব্যবসা বন্ধের সিদ্ধান্ত নেওয়া হয়েছে। এই সিদ্ধান্তের ফলে অনেক হাতির দাঁতের ব্যবসা প্রতিষ্ঠান বন্ধ হয়ে গেছে। চীনের এই সিদ্ধান্ত আফ্রিকার হাতি সংরক্ষণে গুরুত্বপূর্ণ ভূমিকা রাখবে।,9.26,1.89,9.26
news-54982872,"বাংলাদেশের তারকা ক্রিকেটার সাকিব আল হাসানের কলকাতায় একটি কালীপূজার উদ্বোধনে থাকা নিয়ে যে সমালোচনা হচ্ছে, তাকে উগ্র মৌলবাদীদের কাজ বলে মনে করেন ওই পূজা কমিটির প্রধান উদ্যোক্তা ও তৃণমূল কংগ্রেস নেতা পরেশ পাল।",কলকাতার এক পূজা উদযাপন অনুষ্ঠানে যোগ দিয়ে বাংলাদেশে সমালোচনার মুখে পড়েছেন তারকা ক্রিকেটার সাকিব আল হাসান। সাকিবের এই কাজটি অনেকের কাছে ভুল ধরা হয়েছে। সাকিব আল হাসান বাংলাদেশে ফেরার পর প্রাণনাশের হুমকি পেয়েছেন বলে খবর বের হয়েছে। এই হুমকি দিয়েছে একটি মৌলবাদী শক্তি বলে মনে করা হচ্ছে।,22.5,10.26,17.5
news-43942387,তিন দিনের সফরে শনিবার বাংলাদেশে আসা জাতিসংঘ নিরাপত্তা পরিষদের প্রতিনিধি দলটি রোববার প্রথমে বান্দরবানের নাইক্ষংছড়ি সীমান্তের জিরো লাইনে গিয়ে আটকে থাকা রোহিঙ্গাদের সাথে কথা বলেন।,"জাতিসংঘ নিরাপত্তা পরিষদের ১৫ সদস্যের একটি প্রতিনিধিদল বাংলাদেশের বান্দরবানের তমব্রুতে রোহিঙ্গা শরণার্থীদের দেখতে গিয়েছে। পরে উখিয়ার কুতুপালং শিবিরে গিয়ে তারা মিয়ানমারের সেনাবাহিনীর নির্যাতনের মুখে পালিয়ে আসা রোহিঙ্গাদের সাথে কথা বলেন। রাশিয়ার প্রতিনিধি দিমিত্রি পোলানস্কি বলেছেন, এ সংকট তারা এড়িয়ে যাবেন না। তবে এর কোন জাদুকরী সমাধান নেই।",30.56,14.29,25.0
news-47382088,উত্তর কোরিয়ার নেতা কিম জং-আন এর সাথে দ্বিতীয়বারের মতো মার্কিন প্রেসিডেন্ট ডোনাল্ড ট্রাস্পের সাক্ষাৎ হতে যাচ্ছে ভিয়েতনামে।,উত্তর কোরিয়ার পরমাণু অস্ত্র নিয়ে আলোচনার জন্য এই মাসের ২৭ ও ২৮ তারিখে হানয়ে ভিয়েতনামে মিলিত হবেন মার্কিন প্রেসিডেন্ট ডোনাল্ড ট্রাম্প এবং উত্তর কোরিয়ার সরকার প্রধান কিম জং আন। গত বছরের জুনে সিঙ্গাপুরে হওয়া প্রথম বৈঠকের পর এটি হবে তাদের দ্বিতীয় মিলিত হওয়া। এই সাক্ষাতের আগে উত্তর কোরিয়ার পরমাণু অস্ত্র নিয়ে কী আলোচনা হতে পারে তা নিয়ে আমরা একটু আলোচনা করব। উত্তর কোরিয়ার পরমাণু অস্ত্র নিয়ে আলোচনার জন্য এই মাসের ২৭ ও ২৮ তারিখে হানয়ে ভিয়েতনামে মিলিত হবেন মার্কিন প্রেসিডেন্ট ডোনাল্ড ট্রাম্প এবং উত্তর কোরিয়ার সরকার প্রধান কিম জং আন। গত বছরের জুনে সিঙ্গাপুরে হওয়া প্রথম বৈঠকের পর এটি হবে তাদের দ্বিতীয় মিলিত হওয়া। এই সাক্ষাতের আগে উত্তর কোরিয়ার পরমাণু অস্ত্র নিয়ে কী আলোচনা হতে পারে তা নিয়ে আমরা একটু আলোচনা করব। উত্তর কোরিয়ার পরমাণু অস্ত্র নিয়ে আলোচনার জন্য এই মাসের ২৭ ও ২৮ তারিখে হানয়ে ভিয়েতনামে মিলিত হবেন মার্কিন প্রেসিডেন্ট ডোনাল্ড ট্রাম্প এবং উত্তর কোরিয়ার সরকার প্রধান কিম জং আন।,11.83,5.99,11.83
news-47170671,"বৃহস্পতিবার বিকেলে দিল্লিতে এক প্রচণ্ড শিলাবৃষ্টি হয়েছে। এ সময় এত শিলা পড়েছে যে শহরের রাস্তাঘাটে বরফের স্তর জমে সাদা হয়ে যায়, যেমনটা অনেক দেশে তুষারপাত হলে হয়।","দিল্লি শহরে এক ধরনের অসাধারণ শিলাবৃষ্টি হয়েছে, যা অনেক বাসিন্দার কাছে অভূতপূর্ব বলে মনে হয়েছে। শিলাবৃষ্টির ফলে শহরের রাস্তায় শিলা ছড়িয়ে পড়েছে এবং বাতাস পরিষ্কার হয়ে গিয়েছে। এই শিলাবৃষ্টির কারণে দিল্লি বিমানবন্দরে অন্তত ৩০টি ফ্লাইট স্থগিত হয়েছে। সামাজিক মাধ্যমে অনেকেই শিলাবৃষ্টির ছবি এবং ভিডিও শেয়ার করেছেন। শিলাবৃষ্টির পরে অনেকেই রাস্তায় শিলা নিয়ে খেলায় মেতে উঠেছেন।",19.51,2.5,14.63
news-48115358,বাসচালক থেকে ভেনেজুয়েলার প্রেসিডেন্ট হন নিকোলাস মাদুরো।,"নিকোলাস মাদুরো একজন বাসচালক হিসেবে তার কর্মজীবন শুরু করেছিলেন এবং পরে শ্রমিক রাজনীতিতে জড়িত হন। তিনি ২০১৩ সালে ভেনেজুয়েলার প্রেসিডেন্ট নির্বাচিত হন এবং ২০১৮ সালে পুনরায় নির্বাচিত হন। তার শাসনামলে ভেনেজুয়েলার অর্থনীতি চরম মন্দায় পড়েছে, যার ফলে দেশটির সাধারণ মানুষ চরম সংকটে পড়েছে। তার বিরোধীরা তাকে গণতন্ত্র নস্যাৎ করা এবং মানবাধিকার লংঘনের জন্য দায়ী করে।",19.35,6.67,12.9
160311_amar_nodi_turag_pollution,"দেখে বিশ্বাস করতে কষ্ট হয় এটি একটি নদ। কোন স্রোত নেই, প্রাণ নেই। এই তুরাগ নদ এখন বিভিন্ন জায়গায় নর্দমার আকার ধারণ করেছে।",বাংলাদেশের রাজধানী ঢাকার পাশেই অবস্থিত তুরাগ নদীতে দূষণ ব্যাপক হারে বৃদ্ধি পেয়েছে। নদীতে মাছের সংখ্যা উল্লেখযোগ্য হারে কমে গেছে এবং নদীর পানি কালো রঙের হয়ে গেছে। স্থানীয় জনগণ নদীর অবস্থা নিয়ে উদ্বিগ্ন এবং সরকারের কাছে দূষণ রোধে পদক্ষেপ নেওয়ার আহ্বান জানিয়েছে। নদীতে মাছ ধরা এখন একটি চ্যালেঞ্জিং কাজ হয়ে দাঁড়িয়েছে এবং মাছের গন্ধ এতটাই বেশি যে সেগুলোকে রান্না করার আগে কয়েকদিন রাখতে হয়।,9.3,0.0,4.65
news-44494448,"""আমি যখন কেনসিংটন হাই স্ট্রীট দিয়ে গাড়ি চালিয়ে যাচ্ছি, তখন লাল ট্রাফিক লাইট জ্বলে উঠলো। তখন আমি ভাবলাম, হলুদ মানে হচ্ছে, 'সাবধান'। আর লাল মানে, 'থামো', তোমাকে মাঠ ছাড়তে হবে।""","ফুটবল খেলায় লাল ও হলুদ কার্ড প্রবর্তনের পেছনের গল্পটি বলছেন ইংরেজ রেফারি কেনেথ অ্যাস্টন। ১৯৬৬ সালের বিশ্বকাপে চিলি-ইতালি ম্যাচে রেফারির দায়িত্ব পালন করেছিলেন তিনি। সেই ম্যাচে খেলোয়াড়দের মধ্যে মারামারি বাধায় মাঠে পুলিশ নামতে হয়েছিল। এই ঘটনার পর থেকেই ফুটবলে লাল ও হলুদ কার্ড চালু হয়। এই কার্ডগুলো দেখানোর ধারণাটি এসেছে ট্রাফিক লাইট থেকে। লাল লাইট থামতে বোঝায়, আর হলুদ লাইট এগিয়ে যেতে বোঝায়। একইভাবে ফুটবলে লাল কার্ড দেখলে খেলোয়াড়কে মাঠ থেকে বের করে দেয়া হয়, আর হলুদ কার্ড দেখলে সতর্ক করা হয়।",12.39,1.8,10.62
news-54860653,যে ধরনের প্রচারণা ও নির্বাচন এবার যুক্তরাষ্ট্রে হয়ে গেল সেটি ছিল নজিরবিহীন। কয়েক শতাব্দীর মধ্যে সবচেয়ে ভয়াবহ বৈশ্বিক মহামারি আর দেশজুড়ে দীর্ঘ সামাজিক সহিংসতার মতো অভূতপূর্ব পরিস্থিতিতে অনুষ্ঠিত হয়েছে এই নির্বাচন।,"জো বাইডেন তার তৃতীয় প্রেসিডেন্ট প্রার্থীতার চেষ্টায় সফল হয়েছেন। তিনি প্রায় ৫০ বছর ধরে নির্বাচিত জনপ্রতিনিধি হিসেবে কাজ করেছেন। তার প্রতিপক্ষ ছিলেন ডোনাল্ড ট্রাম্প, যিনি মার্কিন রাজনীতির প্রথাগত রীতির অনুসারী নন। জো বাইডেনের জয়ের পেছনে পাঁচটি কারণ ছিল: কোভিড-১৯, অর্থনৈতিক প্রবৃদ্ধি, ডোনাল্ড ট্রাম্পের নেতৃত্ব, জো বাইডেনের অভিজ্ঞতা এবং তার প্রচারণা কৌশল। কোভিড-১৯ মহামারি ডোনাল্ড ট্রাম্পের প্রচারণাকে বাধাগ্রস্ত করেছে এবং জো বাইডেনের জয়ে সাহায্য করেছে। ডোনাল্ড ট্রাম্পের নেতৃত্ব এবং তার প্রচারণা কৌশলও জো বাইডেনের জয়ে সাহায্য করেছে।",5.5,0.0,3.67
news-50005850,বাংলাদেশ প্রকৌশল বিশ্ববিদ্যালয় বা বুয়েটে বিক্ষোভরত শিক্ষার্থীদের ১০ দফা দাবি মেনে নেয়ার জন্য সময়সীমা ছিল বৃহস্পতিবার বিকেল পাঁচটা পর্যন্ত।,"বুয়েটের শিক্ষার্থীরা চারদিন ধরে বিক্ষোভ চালিয়ে যাচ্ছেন কারণ প্রশাসন তাদের দাবির বিষয়ে কোন জবাব দেয়নি। শিক্ষার্থীরা বলছেন যে তারা র‍্যাগিং এবং নির্যাতনের শিকার হয়েছেন, যা ক্যাম্পাসে একটি দীর্ঘস্থায়ী সমস্যা। শিক্ষার্থীরা প্রশাসনের ব্যর্থতার জন্য তাদের নিরাপত্তা নিশ্চিত করতে ব্যর্থতার জন্য অভিযুক্ত করছেন।",3.28,0.0,3.28
news-56141563,আন্তর্জাতিক সংবাদমাধ্যম আল জাজিরায় প্রচারিত 'অল দ্য প্রাইম মিনিস্টারস মেন' নামের অনুসন্ধানী প্রতিবেদনটি ফেসবুক সরিয়ে নেবে কি না সেটি নিয়ে পরস্পরবিরোধী বক্তব্য পাওয়া যাচ্ছে।,"বাংলাদেশের ডাক ও টেলিযোগাযোগ মন্ত্রী মোস্তফা জব্বার বলেছেন, ফেসবুক কর্তৃপক্ষ আল জাজিরার প্রতিবেদনটি সরিয়ে ফেলতে রাজী হয়েছে। তবে ফেসবুক এক বিবৃতিতে বলেছে, তারা এই বিষয়ে কোন বিবৃতি দেয়নি এবং আদালতের লিখিত নির্দেশনা পায়নি। ফেসবুকের এই বিবৃতির প্রতিক্রিয়ায় মন্ত্রী মোস্তফা জব্বার বলেছেন, ফেসবুকের কাছে আদালতের রায়ের ল'ইয়ার্স কপি পাঠানো হয়েছে, আদালতের পূর্ণাঙ্গ রায়ের সার্টিফায়েড কপি পাঠানো হয়নি।",9.88,0.0,7.41
news-40916559,ক্ষেপণাস্ত্র কর্মসূচি সম্প্রসারণ এবং দেশের বাইরে বিদেশে সামরিক তৎপরতা বাড়াতে ৫০ কোটি ডলারের একটি বিলে একচেটিয়া সমর্থন দিয়েছেন ইরানের এমপিরা।,"ইরানের সংসদ দেশটির ক্ষেপণাস্ত্র কর্মসূচির জন্য বাড়তি অর্থ বরাদ্দ করেছে। একই সময় সংসদের সদস্যরা আমেরিকার বিরুদ্ধে স্লোগান তোলেন। ইরানের সংসদের স্পীকার বলেছেন, মধ্যপ্রাচ্যে আমেরিকার ""সন্ত্রাসী কার্যকলাপ"" ঠেকাতে এই পদক্ষেপ নেয়া হয়েছে।",7.84,0.0,7.84
news-55287117,ইরানে এক সাংবাদিকের মৃত্যুদণ্ড কার্যকর করা হয়েছে যার বিরুদ্ধে মেসেজিং অ্যাপ ব্যবহার করে অসন্তোষ সৃষ্টির উস্কানি দেয়ার অভিযোগ আনা হয়েছিল।,"ইরানের সরকার বিরোধী ওয়েবসাইট চালানোর অভিযোগে ইরানের এক নাগরিককে ফাঁসিতে ঝুলিয়ে মৃত্যুদণ্ড কার্যকর করা হয়েছে। ইরানের রাষ্ট্রীয় টেলিভিশন জানিয়েছে, শনিবার রুহুল্লাহ জামকে ফাঁসি দেয়া হয়। এর আগে দেশটির সুপ্রিম কোর্ট তার বিরুদ্ধে মৃত্যুদণ্ডের শাস্তি বহাল রাখে। রুহুল্লাহ জাম আমাদনিউজ বলে একটি ওয়েবসাইট চালাতেন। ইরান সরকারের বিরোধী এই নিউজ ওয়েবসাইট বেশ জনপ্রিয় ছিল। ইরান সরকার অভিযোগ করেছিল, আমাদনিউজ ২০১৭-১৮ সালে দেশজুড়ে যে বিক্ষোভ হয়, তাতে উস্কানি দিয়েছিল।",18.39,7.06,16.09
news-49543853,"বিশ্বের গেমিং ইন্ডাস্ট্রি এখন এত বড় যে এটি চলচ্চিত্র এবং সঙ্গীত এই দুই ব্যবসাকে যদি এক করা হয়, তাকেও ছাড়িয়ে যাবে।","গেমিং এর দক্ষতাও যে একটা বড় যোগ্যতা, বড় বড় প্রতিষ্ঠানগুলো এটা বুঝতে পারছে এবং এটিকে গুরুত্ব দিতে শুরু করেছে। গেম একাডেমীর আইডিয়াটা খুবই সহজ। যারা গেম খেলছেন, তাদের অনলাইন প্রোফাইল বিশ্লেষণ করলেই জানা যাবে তাদের কার দক্ষতা কিসে। এমনকি সামরিক বাহিনীতেও এখন গেমারদের নেয়া হচ্ছে।",18.18,0.0,12.12
news-53868004,ঢাকায় ভারতের পররাষ্ট্র সচিব হর্ষ বর্ধন শ্রিংলার সফরের সময় বাংলাদেশের প্রধানমন্ত্রী শেখ হাসিনার সাথে তার বৈঠকের ব্যাপারে বাংলাদেশ সরকারের পক্ষ থেকে কিছু বলা হচ্ছে না।,ভারতের পররাষ্ট্র সচিব হর্ষ বর্ধন শ্রিংলা গত মঙ্গলবার দুপুরে হঠাৎ সফরে ঢাকায় আসার পর রাতে বাংলাদেশের প্রধানমন্ত্রী শেখ হাসিনার সাথে দেখা করে প্রায় এক ঘন্টা সময় ধরে আলোচনা করেছেন। সেই বৈঠকের পর পরই ঢাকায় ভারতীয় হাইকমিশনের সূত্রে এই বৈঠকের তথ্য জানা সম্ভব হয়েছিল। ভারতীয় পররাষ্ট্র সচিবের সাথে বৈঠক নিয়ে বাংলাদেশ সরকার কোন তথ্য দেয়নি। এই বৈঠকের কোন তথ্য প্রকাশ না করায় নানা রকম জল্পনা কল্পনার সুযোগ তৈরি হয়েছে বলে মনে করছেন বিশ্লেষকরা।,30.93,16.84,26.8
news-57303389,বাংলাদেশে করোনাভাইরাসে গত ২৪ ঘণ্টায় নতুন করে আরো ১৭শ ১০ জন আক্রান্ত হয়েছে। এনিয়ে ভাইরাসটিতে মোট আক্রান্তের সংখ্যা আট লাখ ছাড়ালো।,গত ২৪ ঘন্টায় করোনাভাইরাসে আক্রান্ত হয়ে ৩৬ জনের মৃত্যু হয়েছে। এ নিয়ে মোট মৃতের সংখ্যা ১২ হাজার ৬১৯ জনে দাঁড়িয়েছে। এছাড়া গত ২৪ ঘণ্টায় ১৮ হাজার ৮৬২টি নমুনা পরীক্ষায় ১ হাজার ৭৯৩ জনের শরীরে করোনাভাইরাস শনাক্ত হয়েছে। এ নিয়ে দেশে মোট আক্রান্তের সংখ্যা ৮ লাখ ৩৩ হাজার ৫৮ জনে দাঁড়িয়েছে। স্বাস্থ্য অধিদপ্তরের সর্বশেষ বুলেটিনে এই তথ্য জানানো হয়েছে। এদিকে গত ২৪ ঘণ্টায় ২ হাজার ৪৯৫ জন সুস্থ হয়েছে। এ নিয়ে মোট সুস্থতার সংখ্যা ৭ লাখ ৫০ হাজার ৮৯৪ জনে দাঁড়িয়েছে।,21.78,8.08,17.82
news-45179033,বাংলাদেশসহ দক্ষিণ এশিয়ার দেশগুলোর মানুষ এখন থেকে ফেসবুকের মাধ্যমে স্প্যানিশ ফুটবল লা লিগার খেলা দেখতে পারবেন।,"স্পেনের ফুটবল লিগ লা লিগার খেলা এখন ফেসবুকে দেখা যাবে। ফেসবুক একটি চুক্তির অংশ হিসেবে পরবর্তী তিন বছর ধরে প্রতিটি খেলা সরাসরি দেখা যাবে এই সামাজিক মাধ্যমের মাধ্যমে। এই খেলাগুলো ভারত, আফগানিস্তান, বাংলাদেশ, ভুটান, নেপাল, মালদ্বীপ, শ্রীলংকা এবং পাকিস্তান থেকে দেখা যাবে। এই অঞ্চলে ফেসবুকের ৩৪৮ মিলিয়ন ব্যবহারকারী রয়েছে। ফেসবুক ইতোমধ্যেই মার্কিন যুক্তরাষ্ট্রের দর্শকদের জন্য বেসবলের বড় খেলাগুলো দেখাচ্ছে। এর প্রতিটি খেলার মূল্য ১০ লক্ষ ডলার। ফেসবুকের গ্লোবাল লাইভ স্পোর্টস এর পরিচালক রয়টার্সকে বলেছেন, লা লিগার স্ট্রিমিং প্রথমে কোন বিজ্ঞাপন ছাড়াই যাবে।",16.33,4.17,10.2
news-54735304,"বাংলাদেশে লালমনিরহাট জেলার পুলিশ জানিয়েছে, পাটগ্রাম এলাকায় শত শত মানুষ একজন ব্যক্তিকে পিটিয়ে হত্যার পর তার মৃতদেহ আগুন দিয়ে পুড়িয়ে দিয়েছে।","বাংলাদেশের লালমনিরহাট জেলার পুলিশ সুপার আবিদা সুলতানা বিবিসিকে বলেছেন, লালমনিরহাটের পাটগ্রামে এক ব্যক্তিকে পিটিয়ে হত্যার পর তার মৃতদেহে আগুন দেয়া হয়েছে। পুলিশ সুপার আবিদা সুলতানা বলেছেন, এক মসজিদে আছরের নামাজের পর ঐ ব্যক্তি ধর্মের অবমাননা করেছেন, এমন গুজব ছড়িয়ে পড়লে শত শত মানুষ জড়ো হয়ে তাকে পিটিয়ে হত্যা করে। পুলিশ সুপার আবিদা সুলতানা জানিয়েছেন, সেখানে অতিরিক্ত পুলিশ মোতায়েন করে তারা পরিস্থিতি নিয়ন্ত্রণে নিয়েছেন।",28.57,19.51,21.43
news-47265293,কক্সবাজার জেলার মিয়ানমার সীমান্তবর্তী টেকনাফের একটি স্কুলের মাঠে শনিবার কয়েক হাজার মানুষের সামনে পুলিশের তালিকাভুক্ত ১০২ জন ইয়াবা ব্যবসায়ী আত্মসমর্পণ করেছেন।,"বাংলাদেশের কক্সবাজারের টেকনাফে বুধবার এক অনুষ্ঠানে ইয়াবা ব্যবসায়ী হিসাবে পরিচিত ১০২ জন আত্মসমর্পণ করেছেন। এদের মধ্যে সাবেক সাংসদ আব্দুর রহমান বদির ঘনিষ্ঠ আটজন আত্মীয়ও রয়েছেন। আত্মসমর্পণকারীদের মধ্যে অস্ত্রসহ ইয়াবা নিয়ে এসেছেন অনেকেই। পুলিশ জানিয়েছে, এখন পর্যন্ত ১০২ জন ইয়াবা ব্যবসায়ী আত্মসমর্পণ করেছে। এদের মধ্যে ৩০ জন 'ইয়াবা গডফাদার' বলে চিহ্নিত। এই অনুষ্ঠানে স্বরাষ্ট্রমন্ত্রী এবং পুলিশের আইজি সহ চট্টগ্রাম ও কক্সবাজার পুলিশ এবং প্রশাসনের অনেক কর্মকর্তা হাজির ছিলেন। কক্সবাজার জেলায় মাদক ব্যবসায়ীদের যে তালিকা পুলিশের কাছে রয়েছে তাতে ১১৫১ জনের নাম থাকলেও আত্মসমর্পণ করেছে মাত্র ১০২ জন। পুলিশ জানিয়েছে অনুষ্ঠানে মি বদিকে আমন্ত্রণ জানানো হয়নি, তবে এলাকার নবনির্বাচিত এমপি এবং মি বদির স্ত্রী শাহীন আক্তার বিশেষ অতিথি হিসাবে উপস্থিত ছিলেন।",12.31,7.81,7.69
news-47526456,"ভারতে আসন্ন সাধারণ নির্বাচনে কয়েকটি রাজ্যে মুসলিমরা যাতে ভোট না-দিতে পারেন, সে কারণেই রোজার মাসে ভোট ফেলা হয়েছে বলে অভিযোগ করেছে পশ্চিমবঙ্গে ক্ষমতাসীন তৃণমূল কংগ্রেস।","পশ্চিমবঙ্গের মুখ্যমন্ত্রী মমতা বন্দ্যোপাধ্যায়ের নেতৃত্বাধীন তৃণমূল কংগ্রেস বলছে, বিজেপি মুসলমানদের ভোট দিতে বাধা দেয়ার জন্যই পশ্চিমবঙ্গে এবার নির্বাচন সাত দফায় করার সিদ্ধান্ত নিয়েছে নির্বাচন কমিশন। এই সাত দফার মধ্যে শেষ তিন দফায় রমজান মাসে ভোট হবে। এই তিন দিনে পশ্চিমবঙ্গের অর্ধেকেরও বেশি লোকসভা আসনে ভোট হবে। একে মুসলিম ভোট ব্যাংক বলে ধরা হয়। তৃণমূল কংগ্রেস বলছে, মুসলমানরা রমজান মাসে রোজা রাখেন, তাই সেই সময় ভোট দিতে তারা বাড়ি থেকে বের হবেন না।",18.37,4.17,14.29
news-55722951,''আপনার নিরাপত্তার জন্যে এখন সবচেয়ে বড় হুমকি কী? - শত্রু কোনো রাষ্ট্র? প্রাকৃতিক দুর্যোগ? মহামারি? পারমাণবিক হামলা?'',"আমেরিকার রাজধানী ওয়াশিংটনে নতুন প্রেসিডেন্ট জো বাইডেনের শপথ অনুষ্ঠানের আগে নিরাপত্তা ব্যবস্থা প্রচন্ড কঠোর করা হয়েছে। শহরের একটি বিশাল এলাকা নিশ্ছিদ্র করে দেয়া হয়েছে। এখানে সাত ফুট উঁচু ইস্পাতের বেড়া দিয়ে ঘেরা দেয়া হয়েছে। এছাড়া কাঁটাতারের বেড়া ও প্রতি কয়েকফুট পর পর ব্যারিকেড দেয়া হয়েছে। এখানে ২৫ হাজার ন্যাশনাল গার্ড সদস্যকে নিরাপত্তা দায়িত্বে মোতায়েন করা হয়েছে। এদের প্রত্যেকের ব্যাকগ্রাউন্ড চেক করা হচ্ছে। কারণ, এই সৈন্যদের ভেতর থেকেই কী কারো পক্ষে হুমকি আসতে পারে তা নিয়ে আশংকা করা হচ্ছে। গত ৬ই জানুয়ারি ক্যাপিটল ভবনে হামলার পর এই নিরাপত্তা ব্যবস্থা নেয়া হয়েছে। সেদিন পাঁচজন নিহত হন। সেই ঘটনার পর থেকে আমেরিকানরা তাদের সহ-নাগরিকদের থেকেই বেশি হুমকি অনুভব করছেন বলে এক জরিপে দেখা গেছে।",3.12,0.0,1.56
news-46014484,লায়ন এয়ার বোয়িং ৭৩৭ বিমানটি ১৮৯ জন যাত্রী নিয়ে ইন্দোনেশিয়ার রাজধানী জার্কাতা থেকে উড্ডয়নের কিছুক্ষণের মধ্যে সমুদ্রে বিধ্বস্ত হয়েছে।,ইন্দোনেশিয়ার রাজধানী জাকার্তা থেকে পেংকাল পিনাং যাওয়ার পথে একটি বিমান সমুদ্রে পড়ে গেছে। বিমানটিতে ১৮৮ জন ছিলেন। বিমানটি উড্ডয়নের ১৩ মিনিট পর কন্ট্রোল রুমের সাথে যোগাযোগ বিচ্ছিন্ন হয়ে যায়। বিমানটি সমুদ্রে পড়ার পর সেখান থেকে মানুষের ব্যবহার করা ব্যক্তিগত জিনিসপত্র ভাসতে দেখা গেছে। বিমানটিতে থাকা কেউ বেঁচে আছে কিনা তা এখনও জানা যায়নি।,19.44,2.86,13.89
news-50060359,বাংলাদেশে সুন্দরবনের কয়রা এলাকায় র‌্যাবের সাথে বন্দুকযুদ্ধে চারজন বনদস্যু নিহত হয়েছে।,"র‍্যাবের বিবৃতি অনুযায়ী, খুলনার কয়রা উপজেলার কয়রা খালে বনদস্যুদের সাথে তাদের বন্দুকযুদ্ধ হয়েছে। এতে আমিনুর বাহিনী নামে একটি বনদস্যু দলের প্রধানসহ চারজন নিহত হন। বাংলাদেশে ২০১৬ সালে মাস্টার বাহিনী নামে সুন্দরবনের সবচাইতে বড় বনদস্যু বাহিনী স্বরাষ্ট্রমন্ত্রীর কাছে আত্মসমর্পণ করে। এরপর ২০১৮ সাল পর্যন্ত কয়েক দফায় আরও কয়েকটি বাহিনী আত্মসমর্পণ করার পর সুন্দরবনকে বনদস্যু মুক্ত ঘোষণা করা হয়।",28.57,2.94,14.29
news-50466918,লিবিয়ার রাজধানী ত্রিপোলিতে একটি বিস্কুট কারখানার ওপর এক বিমান হামলায় কমপক্ষে সাত জন বেসামরিক লোক নিহত হয়েছে - যার মধ্যে একজন বাংলাদেশি।,"লিবিয়ার ত্রিপোলি শহরে এক বিস্কুট কারখানায় বিমান হামলায় এক বাংলাদেশি নিহত হয়েছেন। এ ঘটনায় আরও ১৫ জন বাংলাদেশি আহত হয়েছেন। এদের মধ্যে দু'জনের অবস্থা সংকটজনক। বাকি ১৩ জনের আঘাত গুরুতর নয়। লিবিয়ায় বাংলাদেশের রাষ্ট্রদূত শেখ সেকান্দর আলি বিবিসি বাংলাকে এ তথ্য জানিয়েছেন। তিনি জানান, আহতদের মধ্যে কয়েকজনকে ত্রিপোলির বিভিন্ন হাসপাতালে ভর্তি করা হয়েছে। লিবিয়ার জাতিসংঘ-স্বীকৃত সরকার বলছে, ওই বিমান হামলায় বহু লোক আহত হয়েছে।",25.29,2.35,16.09
news-53915441,বিদেশে উচ্চতর ডিগ্রি নেয়া কিংবা চাকরির ক্ষেত্রে নিজের দক্ষতা বাড়ানোর জন্য নতুন ভাষা শেখাটাকে গুরুত্ব দিয়ে থাকেন অনেকেই।,"স্বাগতম শব্দটির বিভিন্ন ভাষায় অনুবাদ বিশেষ করে তরুণ প্রজন্ম যারা কোন একটি পেশায় রয়েছেন কিংবা যারা এখনো কোন পেশায় যুক্ত নন, তারাও ভাষা শেখায় আগ্রহ দেখাচ্ছেন। এমনি একজন মারফিয়া হায়দার। জানান, স্প্যানিশ ভাষা শিখতে আগ্রহী তিনি। এর কারণ জানতে চাইলে মিজ হায়দার বলেন, স্কলারশিপের সুযোগ বেশি থাকায় ইউরোপে পড়তে যেতে চান তিনি। আর সেখানে স্প্যানিশ ভাষাভাষির মানুষ বেশি থাকায় এই ভাষায় দখল থাকলে যোগাযোগ করাটা সহজ হবে। তিনি বলেন, ""দেখা যায় যে যারা ফরাসি আর জার্মান ভাষা বোঝে, তাদের বেশিরভাগই স্প্যানিশ ভাষা বোঝে। আর এই ভাষাটি ইংরেজির কাছাকাছি হওয়ায় শেখাটাও তুলনামূলক সহজ।"" কোন ভাষার গুরুত্ব কেমন? সারা বিশ্বে মানুষ প্রায় সাত হাজারের বেশি ভাষায় কথা বলে। এর মধ্যে জনসংখ্যার দিক থেকে দেখতে গেলে সবচেয়ে বেশি মানুষ কথা বলে চীনের ম্যান্ডারিন ভাষায়। এই সংখ্যা একশ কোটিরও বেশি। তার মানে কি এই ভাষাই সবচেয়ে বেশি শক্তিশালী বা এই ভাষাটিই কি সবচেয়ে বেশি গুরুত্বপূর্ণ? এই প্রশ্নের উত্তর খুঁজতে বেশ কিছু গবেষণাও হয়েছে। এমন এক গবেষণা করেছেন আবুধাবি ভিত্তিক গবেষক কাই চ্যান যিনি ইনসেড ইনোভেশন এবং পলিসি ইনিশিয়েটিভেল একজন ফেলো। তিনি তার গবেষণায় ভাষার গুরুত্ব পরিমাপে ৫টি সূচক ব্যবহার করেছেন। এগুলো হচ্ছে ভ্রমণের ক্ষমতা, অর্থনৈতিক গুরুত্ব, সংলাপে নিয়োজিত হওয়ার ক্ষমতা, জ্ঞান এবং প্রচার মাধ্যমে ব্যবহার এবং আন্তর্জাতিক সম্পর্কে জড়িত থাকার ক্ষমতা। এসব সূচক বিশ্লেষণ করে দেখা যায় যে, ইংরেজি ভাষাই এখনো পর্যন্ত সবচেয়ে শক্তিশালী ভাষা। এর পরেই রয়েছে ম্যান্ডারিন, ফরাসি, স্প্যানিশ এবং আরবি ভাষা। চীনের বিশাল অর্থনীতির কথা বিবেচনা করেও তিনি বলেছেন যে, ২০৫০ সালেও ইংরেজি সবচেয়ে বেশি শক্তিশালী ভাষাই থাকবে। তবে এই গবেষণার ফলাফল নিয়ে অনেকেই প্রশ্ন তুলেছেন। তারা বলছেন, এই গবেষণাটি পক্ষপাতদুষ্ট। এই গবেষণায় ইংরেজি ভাষাকে প্রাধান্য দেয়া হয়েছে বলে তারা মনে করেন। এমনকি অনেকে বলছেন, এই গবেষণাটি পুঁ",2.81,0.0,2.81
news-48182337,সিঙ্গাপুরে চিকিৎসাধীন অবস্থায় মারা গেছেন একুশে পদকপ্রাপ্ত জনপ্রিয় সংগীতশিল্পী সুবীর নন্দী।,বাংলাদেশের খ্যাতনামা গায়ক সুবীর নন্দী মারা গেছেন। তিনি সিঙ্গাপুরে চিকিৎসাধীন থাকাকালীন আজ ভোর সাড়ে চারটায় মারা যান। তিনি বারবার হার্ট অ্যাটাকে আক্রান্ত হয়েছিলেন এবং তার মাল্টিপল অরগ্যান ফেইলিউর হচ্ছিল। সুবীর নন্দী ১৯৭২ সালে ঢাকা রেডিওতে প্রথম রেকর্ডিং এর মধ্য দিয়ে গানের জগতে আসেন এবং ৪০ বছরের দীর্ঘ ক্যারিয়ারে আড়াই হাজারেরও বেশি গান গেয়েছেন। তিনি চারবার জাতীয় চলচ্চিত্র পুরস্কার অর্জন করেছেন এবং এ বছরই তাকে একুশে পদকে ভূষিত করে সরকার।,17.5,7.69,12.5
news-47863942,বাংলাদেশে দুর্নীতির দায়ে সাজাপ্রাপ্ত হয়ে কারাগারে আটক থাকা বিএনপি চেয়ারপার্সন খালেদা জিয়ার মুক্তির বিষয়ে রাজনৈতিক অঙ্গনে নানা ধরণের আলোচনা হচ্ছে।,"বাংলাদেশের বিরোধীদল বিএনপির চেয়ারপারসন খালেদা জিয়ার প্যারোলে মুক্তির বিষয়ে চলছে রাজনৈতিক আলোচনা। খালেদা জিয়া দুর্নীতির দায়ে বঙ্গবন্ধু শেখ মুজিবুর রহমানের এক পৌত্তলিক ছেলের অনাথ আশ্রয়কেন্দ্র প্রতিষ্ঠায় জড়িত একটি দাতব্য প্রতিষ্ঠানের টাকা ব্যবহার করার দায়ে কারাগারে আছেন। বিএনপি মনে করে খালেদা জিয়ার চিকিৎসার জন্য তাকে মুক্তি দেয়া উচিত। অন্যদিকে সরকারের মন্ত্রীরা বিভিন্ন মন্তব্য করছেন। স্বরাষ্ট্রমন্ত্রী বলছেন, খালেদা জিয়া যদি প্যারোলে মুক্তির আবেদন করেন তবে সরকার বিবেচনা করবে। বিএনপির নেতারা মনে করেন, জামিনে মুক্তি পাওয়া খালেদা জিয়ার অধিকার।",20.83,6.38,14.58
news-44973154,মার্কিন প্রেসিডেন্ট ট্রাম্পকে বেয়াড়া প্রশ্ন করার জন্য টিভি নেটওয়ার্ক সিএনএন-এর একজন সাংবাদিককে হোয়াইট হাউজের এক অনুষ্ঠানে ঢুকতে দেয়া হয়নি।,"মার্কিন প্রেসিডেন্ট ডোনাল্ড ট্রাম্পের সাথে এক সংবাদ সম্মেলনে সিএনএন-এর সাংবাদিক কেইটলান কলিন্সকে বের করে দেয়া হয়। এর কারণ হিসেবে হোয়াইট হাউজ বলছে, তিনি প্রশ্ন করার সময় অশালীন আচরণ করেছিলেন। সিএনএন বলছে, এটি সত্য নয়। সিএনএন জানিয়েছে, তারা এই সিদ্ধান্তের তীব্র নিন্দা জানাচ্ছে। এক বিবৃতিতে সিএনএন বলেছে, এটি সংবাদপত্রের স্বাধীনতার ওপর আক্রমণ।",25.0,8.57,16.67
160215_shah_abdul_karim_birth_centenary,প্রায় দেড় হাজার গানের স্রষ্টা আবদুল করিম ১৯১৬ সালে সিলেটে সুনামগঞ্জের দিরাই উপজেলার জন্মগ্রহণ করেন।,"শাহ আব্দুল করিম বাংলাদেশের একজন বিখ্যাত লোকসঙ্গীত শিল্পী। তিনি তার গানের মাধ্যমে বাংলাদেশের লোকসঙ্গীতের আঙিনা ছাড়িয়ে দেশের বাইরেও পরিচিতি পেয়েছেন। তার গান বেশ কয়েকজন শিল্পী নতুন করে গেয়ে ব্যাপক জনপ্রিয়তা অর্জন করেছেন। শাহ আব্দুল করিম একুশে পদকসহ অসংখ্য পদকে ভূষিত হয়েছেন। তিনি বাংলাদেশের সব শ্রেণীর মানুষের কাছে পরিচিতি পেয়েছেন। তার গান নাটক, চলচ্চিত্র এবং হালের জনপ্রিয় ব্যান্ড শিল্পীদের কণ্ঠে ভিন্ন মাত্রা পেয়েছে।",5.19,0.0,5.19
news-45745812,বাংলাদেশের সরকারি চাকরিতে নবম থেকে ১৩তম গ্রেডে নিয়োগের ক্ষেত্রে (যেসব পদ আগে প্রথম এবং দ্বিতীয় শ্রেণীর চাকরি বলে পরিচিত ছিল) কোটা ব্যবস্থা বাতিল করেছে দেশটির সরকার।,বাংলাদেশে সরকারি চাকরিতে কোটা ব্যবস্থা সংস্কারের দাবিতে আন্দোলন করে আসছিলেন শিক্ষার্থীরা। বুধবার এ সংক্রান্ত একটি সচিব কমিটির সুপারিশ অনুমোদন করে দেশটির মন্ত্রিসভা। অর্থাৎ এখন থেকে এসব পদে নিয়োগ হবে মেধার ভিত্তিতে। তবে নিচের পদগুলোয় আগের মতোই কোটার ভিত্তিতে নিয়োগ হবে। পাশাপাশি কর্পোরেশন বা স্বায়ত্বশাসিত সংস্থাগুলো নিজেদের বিধিমালা অনুযায়ী নিয়োগ দিতে পারবে। এদিকে কোটা পুনর্বহালের দাবিতে বিক্ষোভ করছে মুক্তিযোদ্ধা ও তাদের স্বজনদের কয়েকটি সংগঠন।,13.48,4.6,11.24
news-48897701,ইরানের সাথে পারমাণবিক চুক্তি রক্ষায় কি ধরনের শর্ত নিয়ে আবার আলাপ শুরু করা যায় সেনিয়ে ফ্রান্স ও ইরান একমত হয়েছে বলে জানিয়েছেন ফ্রান্সের প্রেসিডেন্টের ইম্যানুয়েল ম্যাক্রো।,ইরানের সাথে পরমাণু চুক্তি নিয়ে ফ্রান্সের প্রেসিডেন্ট ইম্যানুয়েল ম্যাক্রো ইরানের প্রেসিডেন্ট হাসান রুহানির সাথে টেলিফোনে কথা বলেছেন। এই কথোপকথনের মাধ্যমে তেহরান পারমাণবিক চুক্তি রক্ষায় নতুন করে আলোচনা শুরুর সম্ভাবনা তৈরি হয়েছে। গত বছর যুক্তরাষ্ট্র এই চুক্তি থেকে নিজেকে প্রত্যাহার করে নেয়ার পর থেকে চুক্তিটি পরিত্যক্ত হওয়ার ঝুঁকি তৈরি হয়েছে।,26.67,10.96,18.67
news-45162273,ঢাকা শহরের বিভিন্ন জায়গায় ফুটওভারব্রীজ আছে। কোথাও আছে আন্ডারপাস। কিন্তু এগুলো খুব একটা ব্যবহার হতে দেখা যায় না। এগুলো ব্যবহারের আগ্রহ কম কেন ?,"ঢাকায় ফুট ওভারব্রিজ বা আন্ডারপাস ব্যবহার করতে অনেকেই অনিচ্ছা প্রকাশ করেন। একজন চাকুরীজীবী বলেছেন, সন্ধ্যার পর ফুট ওভারব্রিজ ব্যবহার করতে ভয় লাগে কারণ সেখানে অনেক সময় হকার ও মাদকসেবীরা থাকে। ঢাকার দুটি সিটি কর্পোরেশন ও সড়ক জনপথ বিভাগের আওতায় প্রায় একশ ফুট ওভারব্রিজ ও তিনটি আন্ডারপাস রয়েছে।",5.71,0.0,5.71
news-50711508,সান্না ম্যারিনের বয়স মাত্র ৩৪ এবং তিনিই হতে যাচ্ছেন বিশ্বের সবচেয়ে কমবয়সী প্রধানমন্ত্রী।,ফিনল্যান্ডের সবচেয়ে কম বয়সী প্রধানমন্ত্রী হতে যাচ্ছেন ৩৪ বছর বয়সী সান্না ম্যারিন। চলতি সপ্তাহেই তিনি শপথ নিতে যাচ্ছেন ফিনল্যান্ডের প্রধানমন্ত্রী হিসেবে। মূলত নারীদের নেতৃত্বে থাকা একটি কোয়ালিশন সরকারের প্রধান হিসেবে দায়িত্ব গ্রহণ করতে যাচ্ছেন তিনি। বর্তমানে তিনি দেশটির পরিবহন মন্ত্রী হিসেবে কাজ করছেন। প্রধানমন্ত্রী আনত্তি রিনি পদত্যাগের পর সান্না ম্যারিনকেই প্রধানমন্ত্রী পদের জন্য বেছে নিয়েছে তার দল সোশ্যাল ডেমোক্র্যাটিক পার্টি। নারীদের নেতৃত্বে থাকা পাঁচটি দলের সমন্বয়ে গঠিত একটি মধ্য-বাম ধারার কোয়ালিশন সরকারের নেতৃত্ব দিবেন তিনি। ডাক বিভাগের ধর্মঘট মোকাবেলাকে কেন্দ্র করে আস্থা ভোটে হেরে পদত্যাগ করেছেন মিস্টার রিনি।,11.76,2.0,5.88
news-55976708,"বাংলাদেশে করোনাভাইরাসের টিকা নেয়ার জন্য রেজিস্ট্রেশন করা দেয়া হবে, টেলিফোনে এমন প্রস্তাব রেখে অভিনব প্রতারণার ফাঁদ পেতেছে একটি চক্র।","করোনাভাইরাস টিকা নিবন্ধনে সহায়তা দেয়ার নামে অনেকের মোবাইল ফোন থেকে ব্যক্তিগত তথ্য হাতিয়ে নেয়ার এবং মোবাইল ওয়ালেট থেকে টাকা চুরির অভিযোগ উঠেছে। ঢাকার সাইবার ক্রাইম অ্যাওয়ারনেস ফাউন্ডেশন জানিয়েছে, তাদের কাছে এ ধরনের কয়েকটি অভিযোগ এসেছে। পুলিশের সাইবার অপরাধ বিভাগ বলছে, টিকা নিবন্ধনের নামে কোনো ধরনের প্রতারণার শিকার হতে সবাইকে সতর্ক থাকতে হবে।",11.27,0.0,8.45
news-40690462,"বাংলাদেশে পাহাড় ধসে প্রাণহানিকে আর্থ-সামাজিক, পরিবেশগত এবং রাজনৈতিক সমস্যা হিসেবে চিহ্নিত করছেন একজন বিশেষজ্ঞ।","গত জুনে পাহাড় ধসে মারা যায় দেড়শ'-র বেশি মানুষ। ঢাকা বিশ্ববিদ্যালয়ের ভূগোল ও পরিবেশবিদ্যা বিভাগের অধ্যাপক ড. শহীদুল ইসলাম বলেছেন, পাহাড় ধসের কারণ হিসেবে তিনটি বিষয় চিহ্নিত করা যায়। তিনি বলেন, বাংলাদেশের পার্বত্য অঞ্চলের পাহাড়গুলো বালুময় পাহাড় এবং এসব পাহাড়ের ভেতরে অনেক ফাটল থাকায় অতিবৃষ্টির ফলে প্রাকৃতিকভাবেই পাহাড়ের ফাটলে পানি ঢুকে ধস হতে পারে। দ্বিতীয় কারণটি মানবসৃষ্ট, অবৈধভাবে প্রচুর পরিমাণ পাহাড় কাটার ফলে পাহাড় ধস হচ্ছে এবং পাহাড়ের পাদদেশে বসবাসকারী অনেকে মারা যাচ্ছেন। তৃতীয় কারণ হচ্ছে পাহাড়ের বনে গাছ কেটে বন উজাড় করার কারণে এবং পাহাড়ের প্রচলিত কৃষি ব্যবস্থা জুম চাষের পরিবর্তে লাঙ্গল-কোদালের চাষ করার ফলে ধস বাড়ছে।",8.7,1.77,6.96
news-46773097,বাংলাদেশে নির্বাচনী সহিংসতার জের ধরে রাজশাহীতে কলমা নামের একটি গ্রাম অনেকটা 'একঘরে' হয়ে পড়েছে বলে স্থানীয়রা জানিয়েছেন।,"রাজশাহীর তানোরের কলমা গ্রামের বেশিরভাগ বাসিন্দা বিএনপি সমর্থক। নির্বাচনের আগে থেকেই ওই গ্রামের সঙ্গে আওয়ামী লীগ সমর্থকদের উত্তেজনা চলছিল। নির্বাচনের আগের দিন বিকেলে কলমা বাজারে আওয়ামী লীগ সমর্থিত কলমা ইউনিয়ন পরিষদের চেয়ারম্যান ও তার কর্মী-সমর্থকদের ধাওয়া করে মারধর করা হয়। ফলে নির্বাচনের পর দিন থেকে গ্রামের দুইদিকে পাহারা বসায় আওয়ামী লীগ কর্মী-সমর্থকরা। তারা গ্রামে যেমন কাউকে ঢুকতে দেয়নি, তেমনি কাউকে বের হতেও দেয়নি। গ্রামের বাসিন্দারা বলছেন, তারা ভীত সন্ত্রস্ত। গ্রামের দোকানপাটও বন্ধ। গ্রামের যে রাস্তা দিয়ে বাস চলাচল করতো, সেখানে এখন আর কোন বাস বা যানবাহন চলাচল করছে না। গ্রামের যে রিক্সা ভ্যানগুলো আছে, তারা একগ্রাম থেকে আরেকগ্রামেও যেতে পারছে না।",1.67,0.0,1.67
news-44692993,শিরোনামটি আগেই পড়েছেন: 'নেইমার ব্রাজিলকে তৃপ্তি দিয়েছেন কিন্তু বিশ্বকে বিরক্ত করেছেন'।,"ব্রাজিলের পত্রিকা গ্লোবো নেইমারকে বর্তমানে বিশ্বের সবচেয়ে দামী খেলোয়াড় বলে অভিহিত করেছে। মেক্সিকোর বিপক্ষে খেলায় নেইমার দুর্দান্ত এক পারফরমেন্স করেছেন। নেইমারের কীর্তি ছিলো নিখুঁত কিন্তু বিরক্তিকর। তিনি একজন সুপারস্টার। তবে নিরপেক্ষ বিশ্লেষকদের মধ্যে এখনো জনপ্রিয় নন নেইমার। নেইমার বল নিয়ে কসরত দেখিয়ে জায়গা বের করেছেন। গতির সাথে স্কীল, বুদ্ধিমত্তার সাথে পেছনে পাস দেয়ার মাধ্যমে প্রথম গোলটির ক্ষেত্র তিনিই তৈরি করেছেন। তারপরেও মাঠে নাটকের অভিযোগও উঠছে নেইমারের বিরুদ্ধে।",7.69,0.0,7.69
news-56797313,"ইংল্যান্ডের 'বিগ সিক্স' বলে পরিচিত আর্সেনাল, চেলসি, লিভারপুল, ম্যানচেস্টার সিটি, ম্যানচেস্টার ইউনাইটেড ও টটেনহ্যাম হটস্পার-সহ ইউরোপের ১২টি বিখ্যাত ক্লাব একজোট হয়ে একটি নতুন প্রতিযোগিতায় যোগ দিতে একমত হয়েছে, যার নাম ইউরোপিয়ান সুপার লিগ বা ইএসএল।","ইউরোপের ১২টি সেরা ফুটবল ক্লাব একটি নতুন টুর্নামেন্ট শুরু করতে যাচ্ছে, যার নাম ইউরোপিয়ান সুপার লিগ। এই টুর্নামেন্ট নিয়ে ফুটবল ভক্তদের মধ্যে তো বটেই বিশ্ব ফুটবল নিয়ন্ত্রক সংস্থা ফিফা, ইউরোপিয়ান ফুটবল নিয়ন্ত্রক সংস্থান ইউয়েফা এবং বিভিন্ন রাষ্ট্রপ্রধানরা পর্যন্ত চরম নিন্দা জানাচ্ছেন। এই ক্লাবগুলো যে নতুন প্রতিযোগিতার ব্যাপারে সম্মত হয়েছে সেটি সপ্তাহের মাঝামাঝি সময়ে আয়োজিত হবে।",24.18,13.48,21.98
160829_nasa_mars_simulation_hawaii,মঙ্গল গ্রহে বসবাসের অনুশীলনে একদল অভিযাত্রী জনমানবশূন্য পরিবেশে এক বছর কাটিয়ে ফিরে এসেছেন।,"মার্কিন মহাকাশ সংস্থা নাসার এক গবেষণায় অংশ নিয়ে এক বছর ধরে মঙ্গল গ্রহে যেমন জীবনযাপন করেছেন ছয় জন বিজ্ঞানী। তারা হাওয়াই দ্বীপে বিশেষভাবে তৈরি এক গবেষণাগারে বসবাস করেছেন। এই গবেষণার মাধ্যমে বিজ্ঞানীরা দেখতে চেয়েছেন দীর্ঘ সময় ধরে কীভাবে মানুষ সীমিত সংস্থানে বেঁচে থাকতে পারে। গবেষণায় অংশ নেয়া ফরাসি বিজ্ঞানী সিপেরিয়ে ভার্সো বলছেন, এই অভিজ্ঞতার পর তার মনে হয়েছে, মঙ্গলগ্রহের মানুষের অভিযানের সম্ভাবনা এখন অনেক উজ্জ্বল। এই গবেষণার মাধ্যমে বিজ্ঞানীরা দেখতে পেয়েছেন যে, দীর্ঘ সময় ধরে মানুষ সীমিত সংস্থানে বেঁচে থাকতে পারে।",8.51,4.35,6.38
news-56510049,"ভারতে নতুন ধরনের 'ডাবল মিউট্যান্ট' করোনাভাইরাস শনাক্ত হয়েছে। এ ধরনের ভাইরাসে দুইটি মিউটেশন বা ডিএনএ পরিবর্তনের দুই ধরনের ক্ষমতা থাকে, যা শরীরের সাধারণ প্রতিরোধ ক্ষমতাকে পাশ কাটিয়ে আক্রমণ করে বা রোগে আক্রান্ত হওয়ার ঝুঁকি অনেক বাড়িয়ে দেয়।",ভারতে করোনাভাইরাসের দুটি নতুন ধরনের শনাক্ত হয়েছে বলে দেশটির স্বাস্থ্য মন্ত্রণালয় জানিয়েছে। এর মধ্যে একটি যুক্তরাজ্য এবং অন্যটি দক্ষিণ আফ্রিকায় শনাক্ত হয়েছে। এই দুটি ধরনের ভাইরাসে দুইটি করে মিউটেশন বা পরিবর্তন করার ক্ষমতা রয়েছে। ভারতে সম্প্রতি করোনাভাইরাসে আক্রান্তের সংখ্যা বেড়েছে। বুধবার দেশটিতে ২৪ ঘণ্টার মধ্যে ৪৭ হাজার ২৬২ জন নতুন রোগী শনাক্ত হয়েছে। এই বছরের মধ্যে একদিনে এটাই সবচেয়ে বেশি রোগী শনাক্তের রেকর্ড।,24.0,10.2,22.0
news-46057266,"বিশ্বজুড়ে গুগলের অফিসগুলোতে শত শত কর্মী আজ এক অভূতপূর্ব কর্মবিরতিতে যোগ দিয়েছেন। তারা গুগলে নারী কর্মীদের যৌন হয়রানির অভিযোগ এখন যে পদ্ধতিতে মিটমাট করা হয়, তার প্রতিবাদ জানাচ্ছেন।","গুগলের কর্মীরা বৃহত্তর ন্যায়বিচার চাইছেন। তারা চাইছেন যেন কোন কর্মী যদি যৌন হয়রানির শিকার হন, তাহলে সে তার অভিযোগ আদালতে নিয়ে যেতে পারে। গুগলের প্রধান নির্বাহী সুন্দর পিচাই কর্মীদের বলেছেন, তিনি তাদের এই প্রতিবাদের অধিকারকে সমর্থন করেন। গুগলের এক উচ্চপদস্থ নির্বাহী কর্মকর্তা অ্যান্ডি রুবিনের বিরুদ্ধে যৌন হয়রানির অভিযোগকে ঘিরে এই ক্ষোভ-প্রতিবাদ শুরু হয়েছে।",24.39,2.5,14.63
news-49176425,বাংলাদেশে সরকারি হিসাবে এ বছর ১৭ হাজারের বেশি মানুষ ডেঙ্গু জ্বরে আক্রান্ত হয়েছে। এই হিসাবের নব্বই শতাংশ মানুষ আক্রান্ত হয়েছে জুলাই মাসে।,"বাংলাদেশে ডেঙ্গু জ্বরে আক্রান্ত হয়ে এ বছর অন্তত ১৪ জন মারা গেছে। ডেঙ্গু রোগের ইতিহাস অনেক পুরনো। চীনের চিকিৎসা সংক্রান্ত নথিপত্রে এই রোগের প্রথম উল্লেখ পাওয়া গেছে, যেখানে দেখা যায় চীনে ৯৯২ খৃষ্টাব্দে এই রোগটি শনাক্ত করা হয়েছিল। ডেঙ্গু রোগের নামটি সম্পর্কে বিভিন্ন ধারণা রয়েছে, তবে সঠিক উৎস সম্পর্কে নিশ্চিত হওয়া যায় না। কেউ কেউ মনে করেন যে আফ্রিকার সোয়াহিলি ভাষার 'কা-ডিঙ্গা পেপো' থেকে 'ডেঙ্গু' নামটি এসেছে, যার অর্থ 'শয়তনের শক্তির কাছে আটকে যাওয়ার মতো ব্যথা'। অন্যরা মনে করেন যে ওয়েস্ট ইন্ডিজ থেকে এসেছে 'ডেঙ্গু' নামটি। তবে সঠিক উৎস নিয়ে এখনও গবেষণা চলছে।",12.07,5.26,8.62
news-53538087,করোনাভাইরাস মহামারির মধ্যে ভারত-বাংলাদেশ সীমান্ত এলাকাগুলিতে কয়েক হাজার ভারতীয় নাগরিক আটকা পড়ে আছেন।,করোনাভাইরাস মহামারির কারণে সীমান্ত বন্ধ থাকায় বাংলাদেশে আটকে পড়া প্রায় আড়াই হাজার ভারতীয় নাগরিক ফিরে যেতে পারছেন না দেশে। সীমান্তে নিরাপত্তা বাহিনীর টহল বাড়ানো হয়েছে। এদের মধ্যে অনেকে বাংলাদেশের বিভিন্ন স্থানে কাজ করতেন। এরা সবাই পশ্চিমবঙ্গের বাসিন্দা। বাংলাদেশে আটকে পড়া ভারতীয়দের মধ্যে অনেকে বাংলাদেশে কাজ করতেন।,23.33,10.34,20.0
news-51702229,কক্সবাজারের টেকনাফে র‍্যাবের সাথে কথিত বন্দুকযুদ্ধে ৭ জন রোহিঙ্গা শরণার্থী নিহত হয়েছে।,"কক্সবাজারের টেকনাফের জাদিমোড়া মোছনির ২৭ নম্বর রোহিঙ্গা শিবির থেকে অল্প দূরত্বে দুর্গম পাহাড়ে র‍্যাবের সাথে বন্দুকযুদ্ধে সাতজন রোহিঙ্গা নিহত হয়েছে। র‍্যাব জানিয়েছে, সোমবার ভোররাতে এ ঘটনা ঘটে। র‍্যাবের টেকনাফ ক্যাম্পের কমান্ডার লেফটেন্যান্ট কমান্ডার মির্জা শাহেদ মাহতাব বিবিসি বাংলাকে এখবর নিশ্চিত করেছেন।",28.07,10.91,28.07
news-44751233,"স্মার্টফোন থেকে আপনার তথ্য নিয়ে বড় প্রযুক্তি কোম্পানিগুলো কী করছে, তা কি আপনি জানেন?","ফেসবুক এবং অন্যান্য অ্যাপগুলি আপনার স্মার্টফোনের জিপিএস ছাড়াও অন্যান্য উপায়ে আপনার তথ্য সংগ্রহ করতে পারে। এই অ্যাপগুলি আপনার অবস্থান, মেসেজ, এবং অন্যান্য তথ্য সংগ্রহ করতে পারে এবং তৃতীয় পক্ষের কাছে হস্তান্তর করতে পারে। এই তথ্য সংগ্রহের জন্য অ্যাপগুলি প্রায়ই জটিল শর্তাবলী ব্যবহার করে যা বোঝা কঠিন হতে পারে।",6.45,3.33,6.45
news-45304291,সৌদি আরবের মক্কায় প্রতিবছরই হজ পালন করেন মুসলিমরা আর সব প্রাপ্তবয়স্ক মুসলিমই আশা করেন যে তিনি জীবনে অন্তত একবার হজ্ব পালন করবেন।,"সৌদি আরবে আহমদিয়া মুসলিমদের প্রবেশের অনুমতি নেই। তারা নিজেদেরকে মুসলিম হিসেবে দাবি করলেও অনেক মুসলিম দল তাদেরকে মুসলিম হিসেবে স্বীকৃতি দেয় না। এমনকি তারা হজ পালন করতে গেলে আটক বা দেশে ফেরত পাঠানো হতে পারে। কিন্তু গোপনে অনেক আহমদিয়া মুসলিম হজ পালন করে থাকেন। তাদের একজন বলেছেন, ""অনেক ঝুঁকি ছিলো, কিন্তু আল্লাহর সন্তুষ্টি অর্জনের জন্য যাওয়ায় আল্লাহর সহায়তা পাবেন।"" আহমদিয়া মুসলিমরা বিশ্বাস করেন যে মির্জা গুলাম আহমদ ছিলেন একজন নবী, যা অন্য মুসলিম দলগুলোর বিশ্বাসের সাথে সাংঘর্ষিক।",14.14,4.12,12.12
news-53409449,"বৈশ্বিক মহামারি শুরুর পর থেকে বহু মানুষ কাজ হারিয়েছেন, গুটিয়ে গেছে বহু ব্যবসা। এর মধ্যেও কোন পেশায় টিকে আছেন এমন সৌভাগ্যবান ব্যক্তিদেরও কাজের ধরন পুরোপুরি বদলে গেছে।","বিশেষজ্ঞরা বলছেন, করোনা ভাইরাস মহামারির কারণে বাংলাদেশের চাকরির বাজারে বিরূপ পরিস্থিতির সৃষ্টি হয়েছে। বাংলাদেশে চাকরিতে নিয়োগ বিজ্ঞাপনের সবচেয়ে বড় অনলাইন পোর্টাল বিডিজবস-এর প্রধান নির্বাহী ফাহিম মাশরুর বলছেন, করোনা ভাইরাসে আক্রান্ত প্রথম ব্যক্তি শনাক্ত হওয়ার পর থেকে অর্থনৈতিক কর্মকাণ্ডে যে ব্যাঘাত ঘটেছে তাতে তাদের প্ল্যাটফর্মে চাকরিতে নিয়োগের বিজ্ঞাপন এপ্রিল মাসে ৮০ শতাংশের মতো কমে গিয়েছিল। তিনি বলছেন, এখন নিয়োগ বিজ্ঞপ্তি আবার বাড়লেও পরিস্থিতি আগের পর্যায়ে ফেরেনি। বিভিন্ন প্রতিষ্ঠান নতুন নিয়োগ বন্ধ রেখেছে। নিয়োগ প্রক্রিয়া চলমান অবস্থায় অনেক প্রতিষ্ঠান তা স্থগিত রেখেছে। বড় সম্ভাবনা তৈরি হয়েছে ই-কমার্স খাতে। যেসব কাজে সম্ভাবনা দেখা যাচ্ছে কিন্তু এর মধ্যেও কিছু কাজে সম্ভাবনা দেখা যাচ্ছে, বলছিলেন ফাহিম মাশরুর। এর মধ্যে সবচেয়ে বড় সম্ভাবনা তৈরি হয়েছে ই-কমার্স খাতে। বিশ্বব্যাপী মানুষজন করোনা ভাইরাস সংক্রমণের ভয়ে সরাসরি দোকানে না গিয়ে অনলাইনে কেনাকাটা করছেন। বাংলাদেশেও এই প্রবণতা দেখা যাচ্ছে। তাই প্রায় সব ধরনের পণ্যের প্রতিষ্ঠানকে ধীরে ধীরে অনলাইন বিপণনে যেতে হচ্ছে। মি. মাশরুর বলছেন, অনলাইনে বিপণনের ব্যবসা ও এর সাইটগুলো চালাতে গেলে তার সাথে নানান বিষয় যুক্ত রয়েছে। তাই এই খাতে নিয়োগ বৃদ্ধি পেয়েছে, ভবিষ্যৎ কাজের সম্ভাবনা বৃদ্ধি পেয়েছে। ই-কমার্স খাতে খন্ডকালীন কাজ ফাহিম মাশরুর বলছেন, ই-কমার্স খাতে বেশ কিছু খন্ডকালীন কাজ তৈরি হয়েছে। এর মধ্যে অনেকগুলো কাজ হলো ডেলিভারি ম্যানেজার, কাস্টমার সার্ভিস এক্সিকিউটিভ, ডিজিটাল মার্কেটিং এক্সিকিউটিভ, ওয়েব ডেভেলপার, ডেটা এনালিস্ট ইত্যাদি। এছাড়া কিছু কাজ হলো প্রডাক্ট ফটোগ্রাফার, প্রডাক্ট ভিডিওগ্রাফার, কন্টেন্ট রাইটার ইত্যাদি। এই কাজগুলো করতে হলে প্রয়োজন হয় বিশেষ দক্ষতা। ফাহিম মাশরুর বলছেন, এই দক্ষতা অর্জন করতে হলে প্রয়োজন হয় প্রশিক্ষণ। এই প্রশিক্ষণ দেয়ার জন্য বাংলাদেশে অনেকগুলো প্রতিষ্ঠান রয়েছে। এছাড়া অনলাইনেও এই ধরনের প্রশিক্ষণ পাওয়া য",5.02,1.44,3.58
news-49188235,"মার্কিন গোয়েন্দা সংস্থা জানিয়েছে, আল কায়েদার প্রতিষ্ঠাতা ওসামা বিন লাদেনের ছেলে হামজা মারা গেছেন।",আল কায়েদার নেতা ওসামা বিন লাদেনের ছেলে হামজা বিন লাদেন মারা গেছেন বলে খবর প্রকাশ করেছে মার্কিন গণমাধ্যম। এর আগে গত ফেব্রুয়ারিতে তার সম্পর্কে খোঁজ দেয়ার জন্য ১০ লাখ ডলার পুরষ্কার ঘোষণা করেছিলো যুক্তরাষ্ট্র সরকার। হামজা বিন লাদেন যুক্তরাষ্ট্র ও অন্যান্য দেশের উপর হামলার আহ্বান জানিয়েছে অডিও এবং ভিডিও বার্তা প্রকাশ করেছিলেন।,33.33,18.75,27.27
news-46936286,সম্প্রতি রাইড শেয়ারিং অ্যাপের একজন বাইক চালক শাহানাজ আক্তারের স্কুটি চুরির পর সেটা ফেরত পাওয়া নিয়ে পুলিশের তৎপর ভূমিকার প্রশংসায় ভাসছে সামাজিক যোগাযোগ মাধ্যম।,"ঢাকা বিশ্ববিদ্যালয়ের টিএসসি এলাকা থেকে চুরি যাওয়া একটি মোটর সাইকেল উদ্ধারের দাবিতে সামাজিক যোগাযোগ মাধ্যম ফেসবুকে একটি পোস্ট দিয়েছেন একজন সাংবাদিক। সাংবাদিক তারেক হাসান শিমুল বলছেন, তার বাইকটি প্রায় দুই মাস আগে চুরি গেছে। তিনি শাহবাগ থানায় সাধারণ ডায়রি ও মামলা করেছেন। এখনো পর্যন্ত তার বাইকটি উদ্ধার হয়নি। এ নিয়ে তিনি পুলিশের প্রতি অসন্তুষ্টি প্রকাশ করেছেন।",15.0,5.13,7.5
news-46354206,আগামী ৩০শে ডিসেম্বরের সংসদ নির্বাচনে এখনো মনোনয়ন ঘোষণা করেনি জাতীয় পার্টি - যারা ক্ষমতাসীন আওয়ামী লীগ নেতৃত্বাধীন মহাজোটের অংশ।,"জাতীয় পার্টির চেয়ারম্যান এইচ এম এরশাদ। সংবাদ মাধ্যমের খবর অনুযায়ী, ২ হাজার ৮শ'রও বেশি মনোনয়নপত্র বিক্রি করে, চূড়ান্ত মনোনয়নের জন্য মোট তিনশ প্রার্থীকে বাছাই করেছে দলটি। যদিও জাতীয় পার্টিকে উদ্ধৃত করে সংবাদমাধ্যম বলছে, এবার ৪৭টি আসনে জাতীয় পার্টির প্রার্থীরা মহাজোটের প্রার্থী হিসেবে নির্বাচনে প্রতিদ্বন্দ্বিতা করবেন। কিন্তু মহাজোটের দিক থেকে আনুষ্ঠানিক ঘোষণা না আসায় জাতীয় পার্টি ঠিক কতগুলো আসনে মনোনয়ন দেবে - তা এখনো নিশ্চিত নয়। তবে এর মধ্যেই বিভিন্ন আসনে জাতীয় পার্টির প্রার্থী বিশেষ করে যারা আওয়ামী লীগ নেতৃত্বাধীন মহাজোটের প্রার্থী হিসেবে লড়াই করবেন তাদের কয়েকজনের নাম গণমাধ্যমে আসাকে কেন্দ্র করে দলটির মধ্যে কোন্দল মাথাচাড়া দিয়ে উঠেছে। নির্বাচনের আগে এরশাদ কেন আবার সামরিক হাসপাতালে এরশাদ যেভাবে রাজনীতিতে টিকে গেলেন আসন বণ্টন নিয়ে কতটা জটিলতায় দুই জোট? বাংলাদেশে নির্বাচনী জোট করা কেন গুরুত্বপূর্ণ? আবার মহাজোটের অংশ হিসেবে এর আগে জাতীয় পার্টির সংসদ সদস্য ছিলেন এমন আসনে আওয়ামী লীগের প্রার্থিতা ঘোষণাকে কেন্দ্র করেও জাতীয় পার্টিতে ক্ষোভ বিক্ষোভ চরমে উঠেছে। যেমন, ঢাকা-১ আসনে দশম সংসদের নির্বাচিত সদস্য ছিলেন জাতীয় পার্টির সালমা ইসলাম। গত নির্বাচনে জাতীয় পার্টি মহাজোটে থাকলেও এই আসনটি উন্মুক্ত ছিলেন এবং সালমা ইসলাম আওয়ামী লীগের প্রার্থীকে পরাজিত করে নির্বাচিত হয়েছিলেন। এবারও সেখানে ব্যবসায়ী সালমান এফ রহমানকে আওয়ামী লীগ প্রার্থী মনোনীত করায় চরম ক্ষুব্ধ সালমা ইসলাম। এবারও নির্বাচনের আগে আলোচনায় আছেন এইচ এম এরশাদ। ""একটা অন্ধকারে আমরা রয়ে গেলাম। আমি ঢাকা-১ আসনের নির্বাচিত এমপি। গত দশ বছর এমপি আছি, ব্যাপক উন্নয়ন করেছি। কিন্তু আজও জাতীয় পার্টি বা মহাজোট থেকে আমাকে কোনো আসন দেয়া হয়নি। আমি আমার আসন চাই,"" বলছেন সালমা ইসলাম। তিনি বলছেন, ""আমি আমার আসনে নির্বাচন করব। আমি এখনো জাতীয় পার্টির সঙ্গে আছি। কিন্তু আমাকে যদি আমার আসন না দেয়",9.32,3.61,7.17
news-50242731,"স্টিফেন হকিং থেকে শুরু করে ইলন মাস্ক- বিশ্বের শীর্ষ কয়েকজন বিজ্ঞানী কৃত্রিম বুদ্ধিমত্তা নিয়ে উদ্বেগ প্রকাশ করেছেন যে, এটি একসময় হয়তো মানব প্রজাতির জন্য একটি হুমকি হয়ে উঠতে পারে।","কৃত্রিম বুদ্ধিমত্তা নিয়ে বিশ্বের শীর্ষস্থানীয় বিজ্ঞানীরা উদ্বেগ প্রকাশ করছেন। তাঁরা বলছেন, এটি একসময় মানবজাতির জন্য হুমকি হয়ে দাঁড়াতে পারে। কিন্তু ক্যালিফোর্নিয়া বিশ্ববিদ্যালয়ের অধ্যাপক স্টুর্ট রাসেল বলছেন, রোবট নিজে থেকে সচেতন হয়ে উঠছে না বা তাদের মানুষের বিরুদ্ধে কোন মনোভাব তৈরি করছে না। তবে রোবট দিনে দিনে অনেক দক্ষ হয়ে উঠছে। এবং এই দক্ষতার কারণেই হয়তো মানুষের অস্তিত্ব বিলীন হয়ে যেতে পারে।",31.11,11.36,24.44
news-51034723,"প্রেসিডেন্ট ডোনাল্ড ট্রাম্প বলেছেন, ইরাকে মার্কিন ঘাঁটিতে মিসাইল হামলা চালানোর পর ইরান 'মনে হচ্ছে ক্ষান্ত দিয়েছে'।","ইরানের ক্ষেপনাস্ত্র হামলার পর মার্কিন প্রেসিডেন্ট ডোনাল্ড ট্রাম্প বলেছেন, হামলায় কোনো মার্কিন বা ইরাকি নিহত হননি। তিনি বলেছেন, ইরান যদি পারমাণবিক অস্ত্র তৈরি না করে এবং সন্ত্রাসবাদ বন্ধ করে, তাহলে তিনি শান্তি স্থাপনের জন্য প্রস্তুত। তিনি আরও বলেছেন, ইরানের বিরুদ্ধে নতুন নিষেধাজ্ঞা আরোপ করা হবে, যা ইরানের আচরণ পরিবর্তন না হওয়া পর্যন্ত কার্যকর থাকবে।",20.0,8.82,17.14
news-47889112,বৃহস্পতিবার (আজ) শুরু হয়েছে ভারতের জাতীয় নির্বাচনের প্রথম ধাপ। এবারের নির্বাচনকে দেখা হচ্ছে ভারতের বর্তমান প্রধানমন্ত্রী নরেন্দ্র মোদি'র গ্রহণযোগ্যতা যাচাইয়ের নির্বাচন হিসেবে।,"ভারতে লোকসভা নির্বাচনের প্রথম পর্যায়ের ভোটগ্রহণ শুরু হয়েছে। এই নির্বাচনে বৈধ ভোটার সংখ্যা ৯০ কোটি, যার কারণে এটি বিশ্বের সর্বকালের সর্ববৃহৎ নির্বাচনের তকমা পাচ্ছে। নরেন্দ্র মোদি'র নেতৃত্বাধীন বিজেপি টানা দ্বিতীয়বারের মত নিরঙ্কুশ সংখ্যাগরিষ্ঠতা পাওয়ার উদ্দেশ্যে প্রচারণা চালালেও তাদের কড়া প্রতিদ্বন্দ্বিতার মুখে ফেলছে বিভিন্ন এলাকার শক্তিশালী কিছু আঞ্চলিক দল এবং ভগ্নদশা থেকে পুনরুজ্জীবিত হওয়া প্রধান বিরোধী দল কংগ্রেস। নির্বাচনি প্রচারণার সময় থেকেই বিভিন্ন দলের নেতাদের কথার যুদ্ধে ব্যাপক প্রতিদ্বন্দ্বিতা ও তিক্ততার আভাস পাওয়া গেছে।",14.43,8.42,12.37
news-48658994,ইংল্যান্ডের ছোট শহর টনটনে মুখোমুখি হচ্ছে বাংলাদেশ ও ওয়েস্ট ইন্ডিজ।,"বাংলাদেশ এবং ওয়েস্ট ইন্ডিজ দল বর্তমানে বিশ্বকাপের পয়েন্ট টেবিলে একই অবস্থানে রয়েছে। বাংলাদেশ তাদের প্রথম ম্যাচে দক্ষিণ আফ্রিকাকে হারিয়েছে, অন্যদিকে ওয়েস্ট ইন্ডিজ পাকিস্তানকে বড় ব্যবধানে হারিয়েছে। বাংলাদেশ নিউজিল্যান্ড ও ইংল্যান্ডের কাছে হেরেছে, এবং ওয়েস্ট ইন্ডিজ অস্ট্রেলিয়া ও ইংল্যান্ডের কাছে হেরেছে। বাংলাদেশ ও শ্রীলঙ্কার মধ্যকার ম্যাচটি পরিত্যক্ত হয়েছে, এবং ওয়েস্ট ইন্ডিজের সাথে দক্ষিণ আফ্রিকার ম্যাচটি বৃষ্টিতে পরিত্যক্ত হয়েছে। বাংলাদেশের অধিনায়ক মাশরাফী বিন মোর্ত্তজা বলেছেন যে এই ম্যাচটি টুর্নামেন্টের হিসেবে বেশ গুরুত্বপূর্ণ হয়ে গিয়েছে। মূলত বাংলাদেশের অফ-স্পিনারদের ওপর ভর করে ওয়েস্ট ইন্ডিজের বিপক্ষে সাফল্য পেয়েছে বাংলাদেশ।",10.53,4.3,8.42
news-45386636,সম্প্রতি চীনের অল্প বয়েসী ছেলেমেয়েদের মধ্যে চোখের সমস্যা একটি সাধারণ সমস্যা। এর মধ্যে কাছের দৃশ্য দেখতে সমস্যা হওয়া থেকে শুরু করে রয়েছে মাইওপিয়া পর্যন্ত।,"চীনে ভিডিও গেমস খেলার কারণে শিশুদের চোখের সমস্যা বাড়ছে বলে মনে করা হচ্ছে। এই সমস্যা এতই বেড়ে গেছে যে, এখন এ নিয়ে উদ্বিগ্ন অভিভাবকদের পাশাপাশি সরকারকেও। চীনের কর্তৃপক্ষ মনে করছে, শিশুদের ভিডিও গেমস খেলার সময় সীমিত করা উচিত। এক্ষেত্রে বয়সের ভিত্তিতে কে কতক্ষণ গেমস খেলতে পারবে, তা নিয়ন্ত্রণ করা হবে। সেই সঙ্গে কতগুলো গেমস ডাউনলোড করা যাবে, আর কতক্ষণ খেলা যাবে, তা নির্ধারণ করে দেবে কর্তৃপক্ষ। চীনে শিশুদের পড়াশোনায় রয়েছে বেশ চাপ। চীনের প্রেসিডেন্ট শি জিন পিং এ সপ্তাহের শুরুতে বলেছেন, দেশটির মানুষের চোখের স্বাস্থ্যের দিকে ব্যাপক মনোযোগ দেয়া দরকার। এরপর বৃহস্পতিবার শিক্ষা মন্ত্রণালয় নতুন এক নীতি ঘোষণা করেছে। নীতিমালায় বলা হয়েছে, শিশুদের পড়াশোনার মাত্রাতিরিক্ত চাপ, মোবাইল ফোন এবং অন্যান্য ইলেক্ট্রনিক যন্ত্রের ব্যবহার বৃদ্ধি এবং ঘরের বাইরে খেলাধুলা ও ব্যয়ামের অভাবেই চোখের অসুখ বাড়ছে। যদিও মোবাইল ফোনের কারণে মাইওপিয়া বাড়ছে এমন কোন সমীক্ষা নেই চীনের কাছে। তবে, এর আগে মোবাইলকে মাইওপিয়ার সম্ভাব্য কারণের মধ্যে উল্লেখ করেছেন অনেক গবেষক। মাইওপিয়া হলে মানুষের চোখের দৃষ্টি ক্রমে ক্ষীণ হতে থাকে। সাম্প্রতিক সময়ে ক্ষীণ দৃষ্টিশক্তির হার অনেক বেড়েছে, এবং বিশেষ করে পূর্ব এশিয়ার দেশগুলোতে। এ মাসের শুরুতে ব্লকবাষ্টার ভিডিও গেম মনস্টার হান্টার ইউনিকর্নের রিলিজ হয়েছে। এটি চীনের সবচেয়ে বড় গেমিং কোম্পানি টেনসেন্ট হোল্ডিংস-এর মালিকানাধীন। এই গেমটি খেলার জন্য প্রয়োজন একটি মোবাইল ফোন। এটি খেলার জন্য প্রয়োজন একটি মোবাইল ফোন। এই গেমটি খেলার জন্য প্রয়োজন একটি মোবাইল ফোন। এই গেমটি খেলার জন্য প্রয়োজন একটি মোবাইল ফোন।",8.13,0.82,4.88
news-52829563,বাংলাদেশে চব্বিশ ঘণ্টায় শনাক্ত হওয়া রোগীর সংখ্যা ২ হাজারের মাইলফলক অতিক্রম করেছে।,"বাংলাদেশে করোনাভাইরাস শনাক্ত হয়েছে ৪০ হাজার ৩২১ জনের। এর মধ্যে ৫৫৯ জনের মৃত্যু হয়েছে। গত ২৪ ঘণ্টায় শনাক্ত হয়েছে ২ হাজার ২৯ জন, মারা গেছেন ১৫ জন। এখন পর্যন্ত সুস্থ হয়েছেন ৮ হাজার ৪২৫ জন। সুস্থতার হার ২০ দশমিক ৮৯ শতাংশ। মৃত্যুর হার ১ দশমিক ৩৯ শতাংশ। গত ২৪ ঘণ্টায় পরীক্ষা করা নমুনার ২১ দশমিক ৭৯ শতাংশে করোনাভাইরাসের সংক্রমণ শনাক্ত হয়েছে। বাংলাদেশে করোনাভাইরাস শনাক্ত হয়েছে ৪০ হাজার ৩২১ জনের। এর মধ্যে ৫৫৯ জনের মৃত্যু হয়েছে। গত ২৪ ঘণ্টায় শনাক্ত হয়েছে ২ হাজার ২৯ জন, মারা গেছেন ১৫ জন। এখন পর্যন্ত সুস্থ হয়েছেন ৮ হাজার ৪২৫ জন। সুস্থতার হার ২০ দশমিক ৮৯ শতাংশ। মৃত্যুর হার ১ দশমিক ৩৯ শতাংশ। গত ২৪ ঘণ্টায় পরীক্ষা করা নমুনার ২১ দশমিক ৭৯ শতাংশে করোনাভাইরাসের সংক্রমণ শনাক্ত হয়েছে। বাংলাদেশে করোনাভাইরাস শনাক্ত হয়েছে ৪০ হাজার ৩২১ জনের। এর মধ্যে ৫৫৯ জনের মৃত্যু হয়েছে। গত ২৪ ঘণ্টায় শনাক্ত হয়েছে ২ হাজার ২৯ জন, মারা গেছেন ১৫ জন। এখন পর্যন্ত সুস্থ হয়েছেন ৮ হাজার ৪২৫ জন। সুস্থতার হার ২০ দশমিক ৮৯ শতাংশ। মৃত্যুর হার ১ দশমিক ৩৯ শতাংশ। গত ২৪ ঘণ্টায় পরীক্ষা করা নমুনার ২১ দশমিক ৭৯ শতাংশে করোনাভাইরাসের সংক্রমণ শনাক্ত হয়েছে।",4.1,1.04,4.1
news-46210996,বিশ্বের বিভিন্ন দেশে বেশ জোরালোভাবে চলছে 'মি-টু' আন্দোলন। বিশেষ করে যুক্তরাষ্ট্র ও ভারতে বিভিন্ন অঙ্গনের ক্ষমতাশালী ব্যক্তিদের বিরুদ্ধে ওঠা অভিযোগ রীতিমতো ঝড় তুলেছে ।,"বাংলাদেশে নারীদের অধিকার নিয়ে কাজ করে এমন সংগঠনগুলো 'মি টু' আন্দোলনের বিষয়টিকে খুব একটা গুরুত্ব দিতে দেখা যাচ্ছে না বলে মনে করেন তরুণ নারীবাদী লেখক ও সাংবাদিক শারমিন সামস। তিনি বলেন, তারা যদি সাইলেন্সটা দীর্ঘদিন ধরে রাখেন এটা আসলে ক্ষতিকর। তার মতে, যৌন নিপীড়নের শিকার হচ্ছে যে মেয়েগুলোকেও সমানভাবে সামাজিক ও মানসিক সাপোর্ট দেয়ার দায়িত্ব তাদের উপর বর্তায়। বাংলাদেশে মাসখানেকের মধ্যে প্রথম দুটি অভিযোগ ওঠে বিদেশে বসবাসরত বাংলাদেশি মেয়ে শুচিস্মিতা সীমন্তি কিশোরী বয়সের অভিজ্ঞতা ফেসবুকে প্রকাশ করে বেসরকারি ডিবিসি টেলিভিশনের সাংবাদিক প্রণব সাহার বিরুদ্ধে অভিযোগ তোলেন।",10.91,1.85,9.09
news-56230347,জাতিসংঘের মানবাধিকার বিষয়ক সংস্থার পক্ষ থেকে বলা হয়েছে মিয়ানমারে সামরিক অভ্যুত্থানের বিরুদ্ধে চলমান বিক্ষোভের সময় আজ রবিবার কমপক্ষে ১৮ জন নিহত হয়েছে।,"মিয়ানমারে সামরিক বাহিনীর ক্ষমতা দখলের পর এটি সবচেয়ে রক্তাক্ত দিন। জাতিসংঘ বলছে, দেশজুড়ে বিক্ষোভের সময় আরো ৩০ জনেরও বেশি লোক আহত হয়েছে। ইয়াঙ্গন, বাগো ও দাওয়েই-এর মত অন্তত তিনটি শহরে পুলিশ বিক্ষোভকারীদের ওপর গুলি ও রাবার বুলেট নিক্ষেপ করে। অন্যদিকে জাতিসংঘে মিয়ানমারের রাষ্ট্রদূত সেদেশের ক্ষমতাচ্যুত সরকারের প্রতি আন্তর্জাতিক সমর্থনের আহ্বান জানানোর পর তাকে বরখাস্ত করা হয়েছে। মিয়ানমারের সামরিক নেতাদের উপর যুক্তরাষ্ট্রের নিষেধাজ্ঞা আরোপ করা হয়েছে।",13.64,4.65,11.36
news-44425844,"বাংলাদেশে কারাবন্দী বিএনপি নেত্রী খালেদা জিয়ার স্বাস্থ্য পরিস্থিতি নিয়ে উদ্বেগ জানিয়ে তার ব্যক্তিগত চিকিৎসকরা জানিয়েছেন, আজ (শনিবার) কারাগারে তার সঙ্গে কথা বলে তাদের মনে হয়েছে কয়েকদিন আগে তিনি হয়তো মাইল্ড স্ট্রোকের শিকার হয়েছিলেন।","বিএনপি চেয়ারপারসন খালেদা জিয়ার ব্যক্তিগত চিকিৎসকদের দল বলছে, তার স্বাস্থ্য খারাপ। তাদের দাবি, গত পাঁচ জুন মাথা ঘুরে পড়ে যাওয়ার সময় খালেদা জিয়া সাত মিনিটের জন্য অজ্ঞান হয়ে পড়েছিলেন। তারা বলছেন, খালেদা জিয়ার সম্ভবত একটি মাইল্ড স্ট্রোক হয়েছে।",25.35,2.9,19.72
news-44386417,"বাংলাদেশের বিশ্বকাপের সিংহভাগ জুড়ে থাকে ব্রাজিল ও আর্জেন্টিনা নিয়ে উন্মাদনা। বিশ্বকাপ শুরুর অনেক আগে থেকেই রাস্তাঘাট পতাকায় ছেয়ে যায়। জার্মানি, ফ্রান্স বা স্পেনের মতো দলের সমর্থক থাকলেও মূলত ব্রাজিল ও আর্জেন্টিনা নিয়েই আলোচনা বেশি হয় বাংলাদেশে।",বাংলাদেশে ব্রাজিল এবং আর্জেন্টিনা সমর্থকরা ফুটবল বিশ্বকাপের আগে উত্তেজনা তৈরি করছে। বাংলাদেশে প্রথমবারের মতো টেলিভিশনে বিশ্বকাপ ফুটবল দেখানো হয় ১৯৮২ সালে এবং তখন থেকেই বিশ্বকাপ ফুটবল নিয়ে উম্মাদনা শুরু হয়। ব্রাজিল এবং আর্জেন্টিনা বাংলাদেশে ফেভারিট দল হিসেবে পরিচিত এবং তাদের সমর্থকরা দেশটির বিভিন্ন স্থানে তাদের পতাকা ও জার্সি পরে উত্সাহ প্রকাশ করছে।,29.55,0.0,15.91
news-49514242,বাংলাদেশের সবচেয়ে বড় দু'টি মোবাইল ফোন কোম্পানি গ্রামীণ এবং রবি'র বিরুদ্ধে সাড়ে ১৩ হাজার কোটি টাকা বকেয়া না দেয়ার অভিযোগ তুলে সরকার তাদের শাস্তি দেয়ার প্রশ্নে নোটিশ পাঠাচ্ছে।,"বাংলাদেশের দুটি বড় টেলিযোগাযোগ কোম্পানি গ্রামীণফোন ও রবির কাছে সরকারের ১৩ হাজার ৪৪৭ কোটি টাকা বাকি রয়েছে বলে দাবি করে আসছে টেলিযোগাযোগ নিয়ন্ত্রক সংস্থা বিটিআরসি। এই টাকা আদায়ে বিটিআরসি কোম্পানি দু'টিকে নোটিশ পাঠাতে যাচ্ছে। এই নোটিশ পাওয়ার পর কোম্পানি দু'টি কী পদক্ষেপ নেবে তা এখনও পরিষ্কার নয়। কিন্তু গ্রামীণফোন এখনও সালিশের মাধ্যমে সমস্যার সমাধান চাইছে। আর রবি'র পক্ষ থেকে বলা হয়েছে, সরকার চূড়ান্ত কোন পদক্ষেপ হিসেবে তাদের নোটিশ দেয়া হলে রবি আদালতে যাবে।",26.42,7.69,18.87
47879823,ফেনীর সোনাগাজীতে একটি মাদ্রাসার যে ছাত্রীকে শরীরে কেরোসিন ঢেলে আগুন ধরিয়ে দেয়া হয়েছিল তিনি বুধবার রাতে মারা গেছেন।,"বাংলাদেশের ফেনী জেলার সোনাগাজী উপজেলার একটি মাদ্রাসায় পরীক্ষা দিতে গিয়ে এক ছাত্রীকে কয়েকজন মুখোশধারী মেয়ে কেরোসিন ঢেলে পুড়িয়ে দেয়। গুরুতর দগ্ধ ছাত্রীকে ঢাকা মেডিকেল কলেজ হাসপাতালের বার্ন ইউনিটে চিকিৎসা দেয়া হচ্ছিল। বুধবার রাতে চিকিৎসাধীন অবস্থায় তিনি মারা যান। পরিবারের পক্ষ থেকে অভিযোগ করা হয়েছে, তাকে পরিকল্পিতভাবে হত্যার উদ্দেশ্যে আগুন ধরিয়ে দেয়া হয়েছে। এর আগে ছাত্রীটি তার মাদ্রাসার অধ্যক্ষের বিরুদ্ধে শ্লীলতাহানির মামলা করেছিল। এ ঘটনায় মাদ্রাসার অধ্যক্ষকে সাত দিনের রিমান্ড মঞ্জুর করা হয়েছে।",26.67,9.09,17.78
news-55037149,বাংলাদেশে যে কোন ব্যাংক সাইবার হামলার শিকার হতে পারে বলে সতর্ক করে দিয়েছে সরকারের অর্থ মন্ত্রণালয়। সতর্কতা হিসেবে ইতিমধ্যেই নিরাপত্তা বাড়ানোর কথা জানিয়েছে ব্যাংকগুলো।,"বাংলাদেশের অর্থ মন্ত্রণালয় দেশের সব ব্যাংককে সাইবার হামলার বিষয়ে সতর্ক করেছে। এর আগে ২০১৬ সালে বাংলাদেশ ব্যাংকের রিজার্ভ থেকে সাইবার হামলার মাধ্যমে প্রায় ১০ কোটি ডলার চুরি হয়েছিল। বাংলাদেশ ব্যাংক জানিয়েছে, উত্তর কোরিয়া-ভিত্তিক হ্যাকার গ্রুপ আবারো বাংলাদেশের ব্যাংকে সাইবার হামলা চালাতে পারে।",23.88,6.15,11.94
news-44196016,"বাংলাদেশের কেন্দ্রীয় ব্যাংকের পক্ষ থেকে সমস্ত ব্যাংকগুলোর ওপর জারী করা কেন্দ্র এক নির্দেশনায় বলা হয়েছে, ঈদের আগে নোট জালকারী চক্রের 'অপতৎপরতা' বাড়ে এবং তার জন্য কিছু ব্যবস্থা নিতে হবে।","বাংলাদেশ ব্যাংক জাল নোট সনাক্তকরণে সচেতনতা বৃদ্ধির জন্য বিভিন্ন পদক্ষেপ নিয়েছে। তারা ব্যাংক নোটের নিরাপত্তা বৈশিষ্ট্য সম্পর্কে মানুষকে অবহিত করার জন্য বিভিন্ন মাধ্যম ব্যবহার করছে। এছাড়াও, ব্যাংকগুলোকে গ্রাহকদের কাছ থেকে টাকা নেওয়ার আগে নোটগুলো যাচাই করার নির্দেশ দেওয়া হয়েছে।",14.71,0.0,5.88
news-56483627,বাংলাদেশের কক্সবাজারের উখিয়ার কুতুপালং রোহিঙ্গা ক্যাম্পে অগ্নিকাণ্ডের ঘটনা ঘটেছে।,"কক্সবাজারের উখিয়ার কুতুপালং শরণার্থী ক্যাম্পে আগুন লেগেছে। সেখানে দুশোর মত ঘর রয়েছে বলে স্থানীয়রা জানিয়েছেন। বর্তমানে ১১ লাখের বেশি রোহিঙ্গা শরণার্থী কক্সবাজারের আশ্রয় শিবিরগুলোতে আছেন। উখিয়ার ফায়ার সার্ভিসের একজন কর্মকর্তা মিজানুর রহমান জানিয়েছেন, উখিয়া ফায়ার সার্ভিসের ৪টি ইউনিট আগুন নেভাতে কাজ করছে।",19.61,8.16,15.69
news-50563543,সম্প্রতি সুমি আক্তার নামে পঞ্চগড়ের একজন নারী সৌদি আরব থেকে লুকিয়ে ভিডিও কল করে তাকে উদ্ধারের করার জন্য আকুল আবেদন জানান।,"সৌদি আরবে নারী শ্রমিকদের নির্যাতনের ঘটনা বাংলাদেশে তোলপাড় সৃষ্টি করেছে। বাংলাদেশ সরকার নারী শ্রমিকদের সুরক্ষার জন্য পদক্ষেপ নিয়েছে, তবে সৌদি আরবের মত রক্ষণশীল দেশে চাকুরীদাতার আবাসস্থলে পর্যন্ত গিয়ে নারী শ্রমিকদের সুরক্ষা কিভাবে দেবে সে বিষয়ে কোন কর্মপরিকল্পনা বা প্রস্তাব বাংলাদেশ দিয়েছে সেটি পরিষ্কার নয়। প্রবাসী কল্যাণ মন্ত্রণালয় সংক্রান্ত সংসদীয় কমিটি বলছে, নারী শ্রমিক পাঠানো বন্ধ করা কোন সমাধান নয়, বরং সৌদি আরবে নারী শ্রমিকদের উপর নির্যাতন কীভাবে বন্ধ করা যায়, সেটি নিশ্চিত করতে হবে।",6.32,0.0,4.21
news-44843943,আপনি জানেন কি - বাংলাদেশে একজন শ্রমিক মাসে সর্বোচ্চ কত টাকা মজুরী পান?,"বাংলাদেশে বিভিন্ন শ্রম খাতের শ্রমিকদের ন্যূনতম মজুরীর হার বেশ ভিন্নধর্মী। ন্যূনতম মজুরী বোর্ডের উপাত্ত অনুযায়ী, ট্যানারি শিল্পের শ্রমিকদের মাসিক ন্যূনতম মজুরী ১২,৮০০ টাকা, যা সবচেয়ে বেশি। অন্যদিকে, টাইপ ফাউন্ড্রি শিল্পের শ্রমিকদের মাসিক ন্যূনতম মজুরী মাত্র ৫২১ টাকা, যা সবচেয়ে কম। এছাড়াও, পেট্রোল পাম্প শিল্পের শ্রমিকদের ন্যূনতম মজুরী ৭৯২ টাকা। তৈরি পোশাক খাতের শ্রমিকদের নিম্নতম মজুরী পুনঃনির্ধারণের জন্য বিভিন্ন পক্ষের মধ্যে আলোচনা চলছে। বাংলাদেশে বিভিন্ন শ্রম খাতের শ্রমিকদের ন্যূনতম মজুরীর হার বেশ ভিন্নধর্মী, যা শ্রমিকদের জীবনযাত্রার মান নির্ধারণে গুরুত্বপূর্ণ ভূমিকা পালন করে। বাংলাদেশের শ্রম বাজারে ন্যূনতম মজুরীর হার নির্ধারণ করা হয় নিম্নতম মজুরী বোর্ড কর্তৃক, যা বিভিন্ন শ্রম খাতের শ্রমিকদের জন্য ন্যায্য মজুরী নিশ্চিত করার লক্ষ্যে কাজ করে।",5.0,0.0,5.0
news-44940331,বাংলাদেশের সাবেক রাষ্ট্রপতি ও জাতীয় পার্টির চেয়ারম্যান এইচ এম এরশাদ ভারত সরকারের আমন্ত্রণে দিল্লি সফরে এসে গুরুত্বপূর্ণ নেতা-মন্ত্রীদের সঙ্গে দেখা করছেন।,"বাংলাদেশের জাতীয় পার্টির প্রধান জেনারেল এইচ এম এরশাদ ভারতের রাজধানী দিল্লিতে একটি সফরে রয়েছেন। জাতীয় পার্টির নেতারা বিবিসিকে জানিয়েছেন, ভারত সরকার তাদের দলকে আমন্ত্রণ জানিয়েছে বাংলাদেশে সাংবিধানিক ধারাবাহিকতা ও গণতন্ত্র বজায় রাখার ক্ষেত্রে তাদের ভূমিকার স্বীকৃতি দেওয়ার জন্য। এই সফরের মাধ্যমে ভারত বাংলাদেশের রাজনীতিতে জাতীয় পার্টির গুরুত্বপূর্ণ ভূমিকাকে স্বীকার করছে। জাতীয় পার্টির প্রেসিডিয়াম সদস্য জিয়াউদ্দিন আহমেদ বাবলু জানিয়েছেন, তারা ভারত সরকারের আমন্ত্রণে দিল্লিতে এসেছেন এবং ভারতের স্বরাষ্ট্রমন্ত্রী, পররাষ্ট্রমন্ত্রী ও জাতীয় নিরাপত্তা উপদেষ্টার সঙ্গে বৈঠক করেছেন।",26.8,12.63,20.62
news-47520818,দীর্ঘ ২৮ বছর পর ঢাকা বিশ্ববিদ্যালয়ের কেন্দ্রীয় ছাত্র সংসদের নির্বাচনের ভোট গ্রহণ অনুষ্ঠিত হয়েছে। ভোটে কারচুপি ও অনিয়মের অভিযোগ তুলে ভোট বর্জন করে পুনঃতফসিলের দাবি জানিয়েছে ছাত্রলীগ ছাড়া বাকি সব প্যানেল।,"ঢাকা বিশ্ববিদ্যালয়ের ছাত্রসংঘ নির্বাচনে ভোট বর্জন করেছে বিভিন্ন ছাত্র সংগঠন। এদের মধ্যে রয়েছে প্রগতিশীল ছাত্র ঐক্য, সাধারণ ছাত্র অধিকার সংরক্ষণ পরিষদ, স্বতন্ত্র জোট ও স্বাধিকার স্বতন্ত্র পরিষদ। তারা নির্বাচনে দুর্নীতি ও হামলার অভিযোগ এনেছে। এছাড়াও তারা আগামী কালের ক্লাস ও পরীক্ষা বর্জনের ঘোষণা দিয়েছে।",18.67,5.48,13.33
news-46935801,যুক্তরাষ্ট্রের সাবেক প্রেসিডেন্ট জর্জ ডব্লিউ বুশ তার নিরাপত্তা কর্মীদের পিৎজা খাইয়েছেন।,যুক্তরাষ্ট্রের সাবেক প্রেসিডেন্ট জর্জ ডব্লিউ বুশ নিজে পিৎজা বহন করে নিয়ে গেছেন সিক্রেট সার্ভিস সদস্যদের কাছে। তাঁর স্ত্রী লরা বুশ এবং তিনি বেতন না পাওয়ার পরও কাজ করার জন্য সিক্রেট সার্ভিস সদস্য এবং ফেডারেল কর্মীদের প্রতি কৃতজ্ঞ। যুক্তরাষ্ট্র সরকারের কার্যক্রম বন্ধ থাকা বা আংশিক শাটডাউনের কারণে সিক্রেট সার্ভিসের সদস্যরা বেতন পাননি।,25.81,16.67,22.58
news-54767253,ফ্রান্সের লিঁওতে একজন গ্রিক অর্থোডক্স পাদ্রীর গায়ে গুলি করা হলে তিনি গুরুতর জখম হন।,"ফ্রান্সের লিঁও শহরে এক গির্জায় গুলি চালানোর ঘটনায় এক পাদ্রী গুরুতর আহত হয়েছেন। পুলিশ বলছে, হামলাকারী শটগান নিয়ে গির্জায় হামলা চালায়। বন্দুকধারী গুলি চালিয়ে তৎক্ষনাৎ সেখান থেকে পালিয়ে যায়। তবে প্রত্যক্ষদর্শীদের বয়ান অনুযায়ী সন্দেহভাজন একজনকে গ্রেফতার করেছে পুলিশ। এর আগে ফ্রান্সেরই আরেক শহর নিসের একটি চার্চে ছুরির আঘাতে তিনজন মারা যান। ফ্রান্সের প্রেসিডেন্ট এমানুয়েল ম্যাক্রঁ এই হত্যাকাণ্ডকে ""ইসলামি সন্ত্রাসী হামলা"" বলে আখ্যা দিয়েছেন। বিভিন্ন উপাসনালয় ও গুরুত্বপূর্ণ স্থানে সেনা মোতায়েন করা হয়েছে।",9.3,0.0,6.98
news-46305011,বাংলাদেশে নির্বাচনের সময় জনগণ যাতে কেন্দ্রে গিয়ে তাদের ভোট দিতে পারেন তা নিশ্চিত করার জন্য প্রধান নির্বাচন কমিশনার কে. এম. নূরুল হুদা পুলিশ প্রশাসনের প্রতি নির্দেশ দিয়েছেন।,"বাংলাদেশের প্রধান নির্বাচন কমিশনার কে. এম. নূরুল হুদা সংসদ নির্বাচনের আগে পুলিশের ভূমিকা নিয়ে বিরোধীদলের সমালোচনার মুখে পুলিশ বিভাগের শীর্ষ পর্যায়ের কর্মকর্তাদের সাথে বৈঠক করেছেন। নির্বাচন কমিশন পুলিশকে নির্বাচনের আগে, ভোট গ্রহণের দিন এবং ভোটের পরে নিরাপত্তা নিশ্চিত করার জন্য নির্দেশ দিয়েছে। পুলিশের ভূমিকা নিয়ে বিরোধী জোট বিভিন্ন অভিযোগ তুলেছে, যার মধ্যে রয়েছে নির্বাচনী কর্মকর্তাদের তালিকা ধরে তাদের বাড়ি বাড়ি গিয়ে পুলিশ খোঁজ খবর নেয়া। নির্বাচন কমিশন পুলিশকে নির্বাচনী কর্মকর্তাদের হয়রানি বন্ধ করার নির্দেশ দিয়েছে।",31.37,16.0,17.65
news-46856269,বাংলাদেশ বিমানের বিজি ২০২ ফ্লাইটি গত ৪ঠা জানুয়ারি লন্ডন থেকে যাত্রী বোঝাই হয়ে রওনা দিয়েছিলো সিলেটের উদ্দেশ্যে।,"বাংলাদেশ বিমানের একটি ফ্লাইটে এক যাত্রীর অস্বাভাবিক আচরণের কারণে তাকে পুলিশের হাতে তুলে দেয়া হয়েছে। ওই যাত্রী বিমানে উঠার আগেই প্রচুর মদ পান করেছিলেন এবং বিমানে তার কাছে মদের বোতলও পাওয়া গেছে। বিমান কর্তৃপক্ষের দাবি, ওই যাত্রীর আচরণ ছিলো নিরাপদ উড্ডয়নের জন্য বড় একটি হুমকি।",9.68,3.33,9.68
news-50713007,গণ-পরিবহনে একাকী ভ্রমণের ক্ষেত্রে কিছু সতর্কতা পরামর্শ দিয়ে সম্প্রতি ফেসবুকে পুলিশ বাহিনীর একটি পোস্ট নিয়ে আলোচনা চলছে সামাজিক যোগাযোগ মাধ্যমে।,"বাংলাদেশের রাজধানী ঢাকায় নারীদের বাসে চড়ার সময় সতর্কতা অবলম্বন করার জন্য পুলিশ সদর দপ্তরের পক্ষ থেকে পরামর্শ দেয়া হয়েছে। এই পরামর্শে নারীদেরকে বলা হয়েছে যে, তারা যাতে কোন বাসে চড়ে যাত্রা করেন সেই বাসের নাম, বর্তমান অবস্থান এবং গন্তব্য স্থান সম্পর্কে তাদের পরিবারের কাউকে জানিয়ে রাখতে হবে। এছাড়াও যাত্রার সময় তাদের পরিবারের কাউকে ফোন করে বাসের অবস্থা সম্পর্কে জানিয়ে রাখতে হবে। এই পরামর্শ সম্পর্কে নারী অধিকার কর্মীরা সমালোচনা করেছেন। তারা বলেছেন যে, এই পরামর্শগুলো নারীদের উপর দোষ চাপানোর মত। তারা বলেছেন যে, নারীদের নিরাপত্তা নিশ্চিত করার জন্য সরকারকে আরও কার্যকর পদক্ষেপ নিতে হবে।",5.26,0.0,3.51
news-47260852,অনেকেই আছেন যারা মস্তিষ্কের গঠনের জন্য রাতে লম্বা সময় জেগে থাকেন। আর সকালে দেরি করে ওঠেন।,"গবেষকরা বলছেন, যারা রাত জাগেন তাদের মস্তিষ্কের সাথে চেতনার সংযোগ কম থাকে। তাদের মনোযোগ কম থাকে, কোন কিছুতে প্রতিক্রিয়া বিলম্বিত হয় এবং তাদের ঘুম ঘুম ভাব বেশি থাকে। যারা সকালে ওঠেন তাদের ঘুম ভাব কম থাকে। তারা কাজগুলোও দ্রুত করেন। যারা দেরিতে ওঠেন তাদের দিনে ঘুম ঘুম ভাব বেশি থাকে। তাদের কর্মক্ষমতাও সারা দিনভর ভালো দেখা গেছে।",10.96,0.0,10.96
news-53524316,চীনের দক্ষিণ-পশ্চিমাঞ্চলের শহর চেংডুর মার্কিন দূতাবাস বন্ধ করে দেয়ার আদেশ দিয়েছে চীনের কর্তৃপক্ষ। চীন-মার্কিন সাম্প্রতিক দ্বন্দ্বের প্রেক্ষিতে প্রতিশোধমূলক পদক্ষেপ হিসেবে এই সিদ্ধান্ত নিয়েছে চীন।,"চীনের চেংডুতে যুক্তরাষ্ট্রের কনস্যুলেট বন্ধ করে দেয়ার ঘোষণা দিয়েছে চীন। এটি যুক্তরাষ্ট্রের হিউস্টনে চীনা দূতাবাস বন্ধ করে দেয়ার সিদ্ধান্তের 'অত্যাবশ্যক প্রতিক্রিয়া' ছিল বলে জানিয়েছে চীন। যুক্তরাষ্ট্রের পররাষ্ট্র মন্ত্রী মাইক পম্পেও বলেছেন, যুক্তরাষ্ট্র হিউস্টনের দূতাবাস বন্ধ করে দেয়ার সিদ্ধান্ত নিয়েছে কারণ চীন বুদ্ধিবৃত্তিক সম্পদ 'চুরি' করছিল। বাণিজ্য ও করোনাভাইরাস মহামারি নিয়ে যুক্তরাষ্ট্র ও চীনের মধ্যে উত্তেজনা বাড়ছে। চীনের পররাষ্ট্র মন্ত্রণালয় বলেছে, দূতাবাস বন্ধ করার সিদ্ধান্ত 'যুক্তরাষ্ট্রের নেয়া অযৌক্তিক পদক্ষেপের প্রতিক্রিয়ায় যথাযথ ও জরুরি' পদক্ষেপ।",24.24,8.25,18.18
news-46969932,নিউজিল্যান্ডের বিপক্ষে তিন ম্যাচের ওয়ানডে সিরিজের দলে ফিরেছেন সাব্বির রহমান ও তাসকিন আহমেদ।,"বাংলাদেশ ক্রিকেট বোর্ড (বিসিবি) নিউজিল্যান্ড সফরে যাওয়া বাংলাদেশ দলে সাব্বির রহমানকে অন্তর্ভুক্ত করা হয়েছে। বিসিবি জানিয়েছে, দলের প্রয়োজনে তাকে দলে ফেরানো হয়েছে। বাংলাদেশ ক্রিকেট বোর্ডের প্রধান নির্বাচক মিনহাজুল আবেদীন নান্নু জানিয়েছেন, অধিনায়ক মাশরাফির পছন্দ ছিল সাব্বিরকে দলে ফেরানোর।",7.84,0.0,7.84
news-48423352,মিয়ানমারে দশ জন রোহিঙ্গা পুরুষ এবং বালককে হত্যার অভিযোগে যে সাত সেনা সদস্যকে কারাদণ্ড দেয়া হয়েছিল তাদের দণ্ডভোগ শেষ হওয়ার অনেক আগেই জেল থেকে ছেড়ে দেয়া হয়েছে।,মিয়ানমারের সামরিক বাহিনীর সাত সদস্যকে গত বছরের নভেম্বরে জেল থেকে মুক্তি দেয়া হয়েছে বলে জানিয়েছে রয়টার্স। তাদের বিরুদ্ধে রাখাইনের ইন দিন গ্রামে হত্যাকাণ্ড চালানোর অভিযোগ আনা হয়েছিল। ২০১৭ সালে মিয়ানমারের পশ্চিম রাখাইনে রোহিঙ্গাদের বিরুদ্ধে যে ব্যাপক দমন অভিযান চালানো হয় সেই ঘটনায় একমাত্র এই সাতজনেরই সাজা হয়েছিল। ঐ অভিযানের মুখে সাত লাখের বেশি রোহিঙ্গা বাংলাদেশে পালিয়ে যায়।,23.81,4.88,14.29
news-48522952,বাংলাদেশে শাওয়াল মাসের চাঁদ দেখা নিয়ে জাতীয় চাঁদ দেখা কমিটির দুই দফা ঘোষণায় নানারকম মন্তব্য বা স্ট্যাটাসে সরগরম হয়ে উঠেছে ফেসবুক।,"বাংলাদেশে ঈদুল ফিতরের চাঁদ দেখা নিয়ে দেশব্যাপী সরগরম হয়ে ওঠে। প্রথমে ধর্ম বিষয়ক প্রতিমন্ত্রী শেখ মোঃ আব্দুল্লাহ জানান যে শাওয়াল মাসের চাঁদ দেখা যায়নি, তাই বৃহস্পতিবার হবে ঈদুল ফিতর। কিন্তু পরে তিনি আরেকটি সংবাদ সম্মেলন করে জানান যে দেশের আকাশে চাঁদ দেখা গেছে, তাই বুধবার ঈদ উদযাপিত হবে। এই ঘোষণার পরে কুড়িগ্রাম ও লালমনিরহাটের কয়েকজন ব্যক্তি স্থানীয় কর্মকর্তাদের জানান যে তারা চাঁদ দেখতে পেয়েছেন। এরপর চাঁদ দেখা কমিটি পুনরায় বৈঠকে বসে বুধবার ঈদ উদযাপনের সিদ্ধান্ত নেয়।",20.62,12.63,14.43
news-47352616,বাংলাদেশে বিমান ছিনতাই চেষ্টার ঘটনায় ঢাকার হযরত শাহজালাল আন্তর্জাতিক বিমানবন্দরের নিরাপত্তা নিয়ে নতুন করে প্রশ্ন উঠেছে।,"ঢাকার শাহজালাল আন্তর্জাতিক বিমানবন্দর থেকে শনিবার সকালে যাত্রীদের নিয়ে টেকঅফ করা বিমানটি চট্টগ্রামের শাহ আমানত আন্তর্জাতিক বিমানবন্দরে অবতরণ করার পর সেখানে সেনাবাহিনীর অভিযানে ছিনতাইকারী নিহত হয়। বিমানবন্দরের নিরাপত্তা ভেদ করে কোন ব্যক্তি অস্ত্র নিয়ে একটি আন্তর্জাতিক ফ্লাইটে উঠতে পেরেছে, তা নিয়ে সারা দেশে আলোচনার ঝড় উঠেছে। বিমান মন্ত্রনালয় ঘটনার ব্যাপারে একটি তদন্ত কমিটি গঠন করেছে।",25.35,5.8,19.72
news-46007837,বাংলাদেশে সড়ক পরিবহন শ্রমিক ফেডারেশন রবিবার ভোর থেকে সারা দেশে শ্রমিকদের ৪৮ ঘণ্টার কর্মবিরতির কর্মসূচি নিয়েছে।,"বাংলাদেশে সড়ক পরিবহন আইন-২০১৮ এর বিভিন্ন ধারা সংশোধনের দাবিতে দেশব্যাপী অনিষ্টকারী পরিবহন ধর্মঘট চলছে। সড়ক পরিবহন শ্রমিক ফেডারেশনের দাবি আইনের আটটি বিষয় সংশোধন করতে হবে। এর মধ্যে প্রথম বিষয়টি হচ্ছে, সড়ক দুর্ঘটনার জামিন অযোগ্য করার বিষয়টি সংশোধন করা। সড়ক পরিবহন শ্রমিক ফেডারেশনের সাধারণ সম্পাদক ওসমান আলী বলেছেন, সড়ক দুর্ঘটনার মামলা যদি জামিন অযোগ্য হয়, তাহলে তো পরিবহন শ্রমিকদের পক্ষে গাড়ি পরিচালনা করা সম্ভব না। তিনি বলেন, শুধুমাত্র চালকের কারণে দুর্ঘটনা ঘটে? রাস্তায় পথচারীর কারণে দুর্ঘটনা ঘটে, গাড়ির ব্রেক ফেল করলে দুর্ঘটনা ঘটে, রাস্তার পাশে হাট-বাজার বসলে দুর্ঘটনা ঘটে।",9.43,5.77,9.43
150809_aho_bd_blogger_killing_cases_follow,বাংলাদেশে ২০১৩ সাল থেকে এখন পর্যন্ত মোট ৫ জন ব্লগারকে তাদের লেখালেখির কারণে হত্যা করা হলেও একটি বাদে কোনও মামলারই চোখে পড়ার মতো অগ্রগতি নেই।,"বাংলাদেশে ব্লগারদের হত্যার ঘটনায় একটি মামলা আদালতে আছে। পুলিশ বলছে, আহমেদ রাজিব হায়দার হত্যাকাণ্ডের বিচার অচিরেই শেষ হবে। বাংলাদেশে ব্লগারদের হত্যার ঘটনায় বিচার কার্যক্রম ঠিক কি পর্যায়ে আছে তা নিয়ে প্রশ্ন তুলেছে বিবিসি। বাংলাদেশে ব্লগারদের হত্যার ঘটনায় বিচার কার্যক্রম কি পর্যায়ে আছে তা নিয়ে প্রশ্ন তুলেছে বিবিসি। বাংলাদেশে ব্লগারদের হত্যার ঘটনায় বিচার কার্যক্রম কি পর্যায়ে আছে তা নিয়ে প্রশ্ন তুলেছে বিবিসি।",4.65,0.0,4.65
news-41543348,"মুম্বাই চলচ্চিত্রের সুপারস্টার আমির খান মিয়ানমারের সামরিক অভিযানের মুখে পালিয়ে আসা রোহিঙ্গাদের দুর্দশা প্রসঙ্গে বলেছেন, মিয়ানমারে যা ঘটছে তাতে তার বুক ভেঙে গিয়েছে।","বলিউড অভিনেতা আমির খান বাংলাদেশে রোহিঙ্গা শরণার্থীদের নিয়ে তুরস্কের ইস্তাম্বুলে এক সংবাদ সম্মেলনে মন্তব্য করেছেন। তিনি বলেছেন, বিশ্বের যে কোন জায়গায় মানুষ যখন নির্যাতনের শিকার হন, তা দেখে হৃদয় মুচড়ে ওঠে। তুর্কী সরকারের আমন্ত্রণে আমির খান ইস্তাম্বুল ও আংকারা সফর করছেন। এই সফরে তিনি তুর্কী প্রেসিডেন্ট রেচেপ তাইপ এরদোয়ানের সাথে দেখা করেছেন।",8.0,2.74,8.0
news-38298662,যুক্তরাজ্যের বিশ্ববিদ্যালয়গুলোতে পড়তে যাওয়া বিদেশী শিক্ষার্থীদের সংখ্যা অর্ধেকে নামিয়ে আনার ভাবছে দেশটির স্বরাষ্ট্র মন্ত্রণালয়।,"ব্রিটেনে বিদেশি শিক্ষার্থীদের সংখ্যা কমাতে চায় সরকার। এই সিদ্ধান্তের বিরোধিতা করছে ব্রিটেনের বিশ্ববিদ্যালয়গুলো। বিশ্ববিদ্যালয়গুলো বলছে, বিদেশি শিক্ষার্থীরা দেশটির জন্য বাড়তি আয়ের সুযোগ করে দেয়। বিদেশি শিক্ষার্থীদের সংখ্যা কমলে বিশ্ববিদ্যালয়গুলো আর্থিক ক্ষতির মুখে পড়বে।",12.77,4.44,12.77
news-55292761,ফুসফুসের জটিলতায় আক্রান্ত হয়ে মারা গেছেন হেফাজতে ইসলামের মহাসচিব নূর হোসাইন কাসেমী।,হেফাজতে ইসলাম বাংলাদেশের মহাসচিব নূর হোসাইন কাসেমী মারা গেছেন। তিনি শ্বাসকষ্টে ভুগছিলেন এবং ঢাকার একটি বেসরকারি হাসপাতালে চিকিৎসাধীন ছিলেন। গত ১৫ই নভেম্বর হেফাজতে ইসলামের সম্মেলনে তিনি মহাসচিব নির্বাচিত হয়েছিলেন। তিনি বাংলাদেশ কওমি মাদরাসা শিক্ষা বোর্ড বেফাকুল মাদারিসিল আরাবিয়া বাংলাদেশের সিনিয়র সহ-সভাপতি এবং জামিয়া মাদানিয়া বারিধারা মাদরাসার মহাপরিচালক ছিলেন। তিনি ৭৬ বছর বয়সে মারা গেছেন।,23.88,15.38,14.93
news-45089885,কয়েকবছর আগে সনটাল ইয়ানের মেয়ে মেলানি তার মুসলিম স্বামী আর দুই সন্তানকে নিয়ে সিরিয়ায় চলে যান।,সিরিয়া বা ইরাকে ইসলামিক স্টেট গ্রুপে যোগ দিয়েছিলেন এমন অনেক ফরাসি নাগরিক এখন কুর্দ বা সরকারি বাহিনীর হাতে আটক হয়ে ক্যাম্পে রয়েছে। ফ্রান্স চাইছে সেখানেই তাদের বিচার হোক। কিন্তু তাদের শিশু সন্তানদের ফেরত আনতে চাইছেন ফ্রান্সে থাকা তাদের দাদা-দাদীরা। এই শিশুদের 'টাইম বোম্ব' বলে বর্ণনা করেছেন প্যারিসের কৌসুলিরা। এই শিশুরা বড় হয়ে সন্ত্রাসী হতে পারে বলে তারা মনে করেন। ইরাক এবং সিরিয়া থেকে এ পর্যন্ত ৭৭জন শিশুকে ফিরিয়ে আনা হয়েছে।,0.0,0.0,0.0
news-46089195,একুশ বছর বয়েসে তরুণী লিয়ান (আসল নাম নয়) তার প্রথম ভাইব্রেটরটি কিনেছিলেন বার্মিংহ্যাম থেকে। শহরটির কাছেই এক ছোট্ট গ্রামের মেয়ে তিনি।,"লিয়ান বলছেন, তিনি কখনো যৌন মিলনে চরম তৃপ্তি পান নি। শেষ পর্যন্ত তিনি ব্যাপারটা খুলে বললেন তার সবচেয়ে ঘনিষ্ঠ বন্ধুর কাছে। সেই বন্ধুটি আমাকে বললেন, তোমার কখনো এটা হয় নি কারণ তুমি কখনো স্বমেহন করো নি। তখন লিয়ান ঠিক করলেন, তাকে কিছু একটা করতে হবে। এক শনিবার বিকেলে তিনি চলে গেলেন শহরে, কিনে আনলেন ভাইব্রেটর। সেটা ব্যবহার করে তার প্রথম যে অভিজ্ঞতা হলো তাতে তিনি চমৎকৃত হয়ে গেলেন। 'শেষ পর্যন্ত আমার অরগ্যাজম হয়েছে, ... এ এক দারুণ অভিজ্ঞতা"" - বলছিলেন লিয়ান। অনেকে মনে করেন, যৌন খেলনা বেশি ব্যবহার করলে যৌনাঙ্গের অনুভুতি কমে যায়।",8.93,1.82,7.14
150402_fp_bd_police_drama,"নাটক, সিনেমায় যেমন থাকে নায়ক, নায়িকা, খলচরিত্র তেমনি দেখা যায় পুলিশের চরিত্র।","বাংলাদেশ পুলিশ কর্তৃপক্ষ নাটক ও সিনেমায় পুলিশের চরিত্র উপস্থাপনের ক্ষেত্রে কিছু বিধিনিষেধ আরোপ করেছে। এখন থেকে পুলিশের চরিত্র দেখাতে হলে পুলিশ কর্তৃপক্ষের পূর্বানুমতি নিতে হবে। পুলিশ কর্তৃপক্ষ বলছে, নাটক ও সিনেমায় পুলিশের নেতিবাচক ও হাস্যরসাত্মক উপস্থাপন জনমনে পুলিশ সম্পর্কে ভুল ধারণা জন্ম দেয়। পুলিশের পদবির সঙ্গে পোশাক ব্যবহারের বিষয়ে সরকার অনুমোদিত একটি 'ড্রেস রুল' রয়েছে।",11.94,3.08,11.94
news-44533032,"সন্তানের নাম কী রাখবেন, তা নিয়ে অনেক বাবা মা-ই আজকাল বেশ চিন্তিত হয়ে পড়েন। কেউ শরণাপন্ন হন কবি-সাহিত্যিকদের, কেউ খোঁজেন অভিধান, কেউ আবার চিরাচরিতভাবে পরিবারের বড়দের দেওয়া নামটাই রেখে দেন।","মহারাষ্ট্রের গোন্ডিয়া জেলার বাসিন্দা মিঠুন বাং এবং তার স্ত্রী মানসী বাং তাদের নবজাতক ছেলের নাম ঠিক করতে ভোটের আয়োজন করেছেন। তাদের পরিবারের সদস্য এবং বন্ধুবান্ধবরা তিনটি নাম - ইয়ক্ষ, ইয়ুভান এবং ইয়োভিক - থেকে একটি নাম বেছে নিতে ভোট দিয়েছেন। মিঠুন বাং বলেছেন, তার ছেলে বড় হয়ে নেতা হবে বলে ঠিকুজি দেখা গেছে, তাই তিনি তার ছেলের নাম ঠিক করতে ভোটের আয়োজন করেছেন।",6.45,0.0,4.3
news-44720477,গ্রুপ-জি তে থেকে বিশ্বকাপ শুরু করা বেলজিয়াম এই পর্যায়ে খুব কঠিন সমীকরণের মুখোমুখি হয়েছে।,"বেলজিয়ামের ফুটবল দল, যাকে সোনালী প্রজন্ম বলা হচ্ছে, জাপানের বিপক্ষে নক-আউট পর্বের এক উত্তেজনাপূর্ণ ম্যাচে জয় লাভ করেছে। এই জয়ের ফলে তারা কোয়ার্টার ফাইনালে পৌঁছেছে, যেখানে তাদের মুখোমুখি হতে হবে বিশ্বকাপের অন্যতম ফেভারিট এবং পাঁচবারের বিশ্ব চ্যাম্পিয়ন ব্রাজিলের। বেলজিয়াম এখন পর্যন্ত ২৩টি ম্যাচে অপরাজিত রয়েছে এবং তারা রাশিয়া বিশ্বকাপের গ্রুপ পর্বের চারটি খেলাতেই জয়ের রেকর্ড গড়েছে।",11.11,0.0,5.56
news-41545429,"বাংলাদেশে মাত্র কিছুদিন আগে বাসে গণ ধর্ষণের পর এক তরুণীকে হত্যা করে রাস্তায় ফেলে যাবার ঘটনা ঘটার পর রাজধানী ঢাকাসহ সবখানে রাস্তায় পথেঘাটে, বিশেষ করে সন্ধ্যার পর নারীর নিরাপত্তা নিয়ে নতুন করে প্রশ্ন উঠেছে।",ঢাকা শহরে নারীরা তাদের নিরাপত্তার বিষয়ে উদ্বিগ্ন। তারা রাস্তায় হয়রানি এবং নির্যাতনের শিকার হচ্ছে। নারীরা রাতে বাইরে থাকলে তাদের নিরাপত্তা নিশ্চিত করা প্রয়োজন। নারী অধিকার কর্মীরা এই বিষয়ে সচেতনতা সৃষ্টি করছেন। তারা নারীদের অধিকার রক্ষার জন্য কাজ করছেন।,5.56,0.0,5.56
news-46194842,ভারতে 'ফেক নিউজ' বা ভুয়ো খবর নিয়ে বিবিসির গবেষণায় ইতিমধ্যেই উঠে এসেছে জাতীয়তাবাদী চেতনা ছড়ানোর উদ্দেশ্যে কীভাবে সে দেশের সোশ্যাল মিডিয়াতে ফেক নিউজের বাড়বাড়ন্ত লক্ষ্য করা যাচ্ছে।,ভারতে মোবাইল ফোনের মাধ্যমে ইন্টারনেট ব্যবহার বৃদ্ধির সাথে সাথে ফেক নিউজের প্রসারও বেড়েছে। বিরোধী দলগুলি অভিযোগ করছে যে ক্ষমতাসীন বিজেপি ফেক নিউজকে রাজনৈতিক স্বার্থে ব্যবহার করছে। বিজেপির সোশ্যাল মিডিয়া সেলের সদস্যরা বিরোধী মতামতকে ট্রোল করছে এবং ভুল তথ্য ছড়াচ্ছে বলে অভিযোগ করা হচ্ছে।,17.14,2.94,11.43
news-45239288,আপনি হয়তো কখনও ধূমপান করেন নি কিন্তু তাই বলে ধূমপানের কারণে যেসব অসুখ হতে পারে আপনি কি তার ঝুঁকি থেকে মুক্ত?,"যুক্তরাষ্ট্রে পরিচালিত এক গবেষণায় দেখা গেছে, অধূমপায়ী হলেও যদি আপনি এমন একটি পরিবারে বেড়ে উঠেন যেখানে আপনার পিতামাতা ধূমপান করতেন, তাহলে আপনারও কিন্তু ফুসফুসের গুরুতর অসুখ হতে পারে। গবেষকরা বলছেন, প্রতি বছর প্রাপ্ত বয়স্ক যতো মানুষের মৃত্যু হয় তাদের প্রতি এক লাখের মধ্যে সাতজন মারা যায় শৈশবে এরকম প্যাসিভ স্মোকিং ( নিজে ধূমপান করেন না কিন্তু ধূমপায়ীদের সাথে থাকেন) এর কারণে। আমেরিকান ক্যান্সার সোসাইটি প্রায় ৭১ হাজার অধূমপায়ী নারী পুরুষের উপর এই গবেষণাটি চালিয়েছে।",17.02,6.52,12.77
news-45420806,ভারতের আমন্ত্রণে বাংলাদেশের অন্যতম ইসলামী দল জাকের পার্টির শীর্ষ নেতৃত্ব এখন দিল্লি সফর করছেন - তারা দেখা করছেন ক্ষমতাসীন বিজেপির নেতা-মন্ত্রীদের সঙ্গেও।,"বাংলাদেশের বিভিন্ন রাজনৈতিক দলের নেতারা ভারত সরকারের আমন্ত্রণে দিল্লি সফরে এসেছেন। এই সফরে তারা ভারতের স্বরাষ্ট্র ও পররাষ্ট্রমন্ত্রী এবং বিজেপির শীর্ষ নেতৃত্বের সঙ্গে বৈঠক করেছেন। জাকের পার্টির চেয়ারম্যান মোস্তাফা আমির ফয়সল মুজাদ্দেদি বলেছেন, ভারত সরকার তাদের ভালো চায় এবং একসাথে থাকতে চায়। তিনি আরো বলেছেন, এই উদ্যোগটি ভারত ও বাংলাদেশ উভয়ের জন্যই গুরুত্বপূর্ণ।",24.0,2.74,10.67
news-54322221,"নিউ ইয়র্ক টাইমসের এক রিপোর্ট বলছে, মার্কিন প্রেসিডেন্ট ডোনাল্ড ট্রাম্প ২০১৬ এর ২০১৭ সালে পরপর দুই বছর ৭৫০ ডলার করে আয়কর দিয়েছেন।","নিউ ইয়র্ক টাইমস বলছে, ডোনাল্ড ট্রাম্প ২০১৬ ও ২০১৭ সালে মাত্র ৭০০ ডলার আয়কর দিয়েছেন। তারা বলছে, ১৯৯০-এর দশক থেকে তাদের হাতে মি. ট্রাম্পের ব্যক্তিগত ও তার কোম্পানির গত কয়েক দশকের আয়কর বিষয়ক নথিপত্র জোগাড় করেছে। নিউ ইয়র্ক টাইমস বলছে, তারা মি. ট্রাম্প ও তার কোম্পানির গত কয়েক দশকের আয়কর বিষয়ক নথিপত্র যোগাড় করেছে।",31.17,13.33,28.57
news-41512170,বিশ্বখ্যাত অনলাইন শপিং প্রতিষ্ঠান অ্যামাজন থেকে ১২ লাখ ডলারের বেশি মূল্যের পণ্য চুরি করেছে বলে স্বীকার করেছে আমেরিকার এক দম্পতি ।,মার্কিন যুক্তরাষ্ট্রের ইন্ডিয়ানা রাজ্যের এক দম্পতি অ্যামাজন থেকে পণ্য কিনে সেগুলো ভাঙা বা নষ্ট হয়ে গেছে বলে অভিযোগ করে বারবার সেই পণ্যগুলো ফেরত নিয়েছে। এরপর সেই পণ্যগুলো অন্য কারো কাছে বিক্রি করে দেয়। এই দম্পতি প্রতারণা ও অর্থ পাচারের অপরাধ স্বীকার করেছে। তাদের জরিমানা করা হবে ৫ লাখ মার্কিন ডলার এবং সর্বোচ্চ ২০ বছরের কারাদণ্ড হতে পারে। আগামী ৯ নভেম্বর এ রায় ঘোষণা করা হবে।,21.18,7.23,14.12
news-56146635,"করোনাভাইরাসের টিকা যে সত্যিই সংক্রমিতদের ""হাসপাতালে ভর্তি হবার মত গুরুতর অসুস্থ হওয়া"" বিপুলভাবে কমিয়ে দিতে পারে - তার প্রমাণ পাওয়া যাচ্ছে যুক্তরাজ্যের স্কটল্যান্ডে চালানো এক জরিপে।","স্কটল্যান্ডে চলমান এক জরিপে দেখা গেছে, করোনাভাইরাসের টিকা দেয়ার পর হাসপাতালে ভর্তি হওয়ার সংখ্যা কমে গেছে। এই জরিপে দেখা গেছে, প্রথম ডোজ টিকা দেয়ার চার সপ্তাহ পর করোনাভাইরাস সংক্রমণজনিত গুরুতর অসুস্থতায় হাসপাতালে ভর্তি হওয়া ""চমকপ্রদভাবে"" কমে গেছে। স্কটল্যান্ডে ১৫ই ফেব্রুয়ারি পর্যন্ত ১১ লাখ ৪০ হাজার লোককে কোভিডের টিকা দেয়া হয়। টিকা-নেয়া এই লোকদের মধ্যে কতজন কোভিডে আক্রান্ত হযে হাসপাতালে ভর্তি হয়েছেন - তার সাথে তুলনা করে দেখা হয়, যারা-টিকা-নেননি তাদের মধ্যে কতজন হাসপাতালে ভর্তি হলেন।",19.61,6.0,13.73
news-45476990,দিনের বেলায় শত-শত মানুষের সামনে কেনিয়ার এ পুলিশ কর্মকর্তা দুজন সন্দেহভাজন অপরাধীকে গুলি করে হত্যা করছে।,"কেনিয়ার রাজধানী নাইরোবির একটি শহরতলীতে অপরাধ দমনের দায়িত্বে থাকা পুলিশ কর্মকর্তা আহমাদ রশিদ একের পর এক গুলি করে দুজন সন্দেহভাজন অপরাধীকে হত্যা করেছেন। এ ঘটনার একটি ভিডিও ভাইরাল হয়েছে। ভিডিওটি ধারণ করা হয়েছিল ২০১৭ সালের মার্চ মাসে। কেনিয়ার মানবাধিকার কমিশন তাঁর এ কাজের নিন্দা জানিয়েছে। মি: রশিদ বলেছেন, তাঁর লক্ষ্য অপরাধীদের নেতাদের ধরে ফেলা। তিনি বলেন, ""এখানে কোন ছাড় দেয়া যাবে না।"" তবে অনেকে তাঁকে ভালোবাসেন। তাঁরা বলেছেন, মি: রশিদ অপরাধীদের খুঁজে বের করে তাদেরকে হত্যা করছেন এবং ঘুষ নিচ্ছেন না।",20.41,8.33,16.33
news-52347238,সারা বিশ্বে করোনাভাইরাসে আক্রান্ত হয়ে মৃত্যুর সংখ্যা রোববার পর্যন্ত দাঁড়িয়েছে প্রায় দেড় লাখ।,"করোনাভাইরাস মহামারিতে নারীর তুলনায় পুরুষের মৃত্যুহার বেশি হওয়ার কারণ খুঁজে বের করার চেষ্টা করছেন বিশেষজ্ঞরা। বিশ্বের বিভিন্ন দেশের পরিসংখ্যান বিশ্লেষণ করে দেখা গেছে যে, নারীর তুলনায় পুরুষের মৃত্যুহার অনেক বেশি। এই প্রবণতা বিশেষজ্ঞদের ভাবিয়ে তুলেছে এবং তারা এর কারণ খুঁজে বের করার চেষ্টা করছেন। করোনাভাইরাস ছাড়াও অন্যান্য মহামারিতেও পুরুষের মৃত্যুহার বেশি হওয়ার ঘটনা দেখা গেছে। বিশেষজ্ঞরা বলছেন যে, পুরুষের মৃত্যুহার বেশি হওয়ার কারণ হতে পারে বয়স এবং লিঙ্গ।",0.0,0.0,0.0
news-54719752,আরব দেশগুলোতে চালানো সাম্প্রতিক জরিপের ফলাফলে বেরিয়ে এসেছে যে আমেরিকার প্রেসিডেন্ট হিসাবে ডোনাল্ড ট্রাম্প বা জো বাইডেন - কেউই মধ্যপ্রাচ্য এবং উত্তর আফ্রিকার জন্য ভাল হবেন না।,মার্কিন প্রেসিডেন্ট ডোনাল্ড ট্রাম্প মধ্যপ্রাচ্যে আঞ্চলিক চুক্তি সম্পাদনে তার সাফল্য তুলে ধরলেও সম্প্রতি পরিচালিত এক জরিপে অংশগ্রহণকারীদের অনেকেই বলেছেন তারা মনে করছেন ডেমোক্র্যাট প্রার্থী জো বাইডেন মি. ট্রাম্পের চেয়ে ভাল প্রেসিডেন্ট হবেন। জরিপ গবেষণা সংস্থা ইউগভ ও সৌদি মালিকানাধীন সংবাদপত্র আরব নিউজের যৌথ উদ্যোগে পরিচালিত জরিপে অংশগ্রহণকারীদের প্রায় অর্ধেক এই মত ব্যক্ত করেছেন। জরিপে অংশগ্রহণকারীদের কাছে বর্তমান প্রেসিডেন্ট ডোনাল্ড ট্রাম্প বা তার প্রতিপক্ষ ডেমোক্র্যাট প্রাথী জো বাইডেন কেউই দেশটির প্রেসিডেন্ট পদে জনপ্রিয় বলে বিবেচিত হননি। তবে তারা সামান্য এগিয়ে রেখেছেন মি. বাইডেনকে। জরিপে অংশ নেয়া মানুষের ৮৯ শতাংশ মনে করে ইসরায়েলে মার্কিন দূতাবাস স্থানান্তর করা উচিত হয়নি। আর ইরানের বিরুদ্ধে নিষেধাজ্ঞা আরোপ করা নিয়ে মতবিরোধ রয়েছে।,15.15,6.15,12.12
news-49272718,১৯৯৭ সালে ব্রিটিশদের কাছ থেকে চীনাদের শাসনে আসার পর থেকে সবচেয়ে বড় সংকট মোকাবেলা করছে হংকং।,"হংকং-এর গণতন্ত্র পন্থীদের প্রতিবাদ চলছে নবম সপ্তাহের মতো। এই প্রতিবাদের প্রভাব পড়া শুরু হয়েছে দেশটির অর্থনীতিতে। পর্যটন ও খুচরা বিক্রি দুটোই দারুণভাবে ক্ষতির শিকার হচ্ছে। অর্থনীতিবিদরা বলছেন, বড় ঝুঁকির বিষয় হল রাজনৈতিক ও কারণ চলমান সংকট মোকাবেলায় হংকং প্রশাসনকে সমর্থনের নামে সরাসরি চীনা হস্তক্ষেপ চলে আসতে পারে। গত দু'দশকে চীন তাদের এই বিশেষ অঞ্চল থেকে দারুণ উপকৃত হয়েছে, যেটি এশিয়ার সবচেয়ে গুরুত্বপূর্ণ অর্থনৈতিক কেন্দ্র। বিবিসির চীন সার্ভিসের সম্পাদকের মতে, বাণিজ্য ও আর্থিক দুদিক থেকেই হংকং চীনের অর্থনীতির জন্য গুরুত্বপূর্ণ। ২০১৭-১৮ সালে চীন ১২৫ বিলিয়ন ডলার সরাসরি বৈদেশিক বিনিয়োগ পেয়েছে এর মধ্যে ৯৯ বিলিয়ন ডলারই এসেছে হংকংয়ের মাধ্যমে।",10.34,0.0,5.17
news-55889615,"ভেজাল মদ খেয়ে বিষক্রিয়ায় মৃত্যু, অঙ্গহানি বা অসুস্থ হওয়ার খবর বাংলাদেশে মাঝেমধ্যেই শোনা যায়। গত কয়েকদিনে এরকম বেশ ক'টি ঘটনা ঘটে গেছে।","ঢাকা ও বগুড়ায় ভেজাল মদ পান করে কমপক্ষে ৮ জনের মৃত্যু হয়েছে। এছাড়া আরও অনেকে বিষক্রিয়ায় অসুস্থ হয়ে হাসপাতালে চিকিৎসাধীন রয়েছেন। মৃতদের স্বাস্থ্য পরীক্ষায় দেখা গেছে, তাদের শরীরে মিথানল বিষক্রিয়া ছিল। বাংলাদেশে প্রায়ই মদের নামে স্পিরিট খেয়ে মৃত্যু হওয়ার খবর গণমাধ্যমে প্রকাশিত হয়। ভেজাল মদ খেয়ে মারা যাওয়া বা অসুস্থ হওয়ার ঘটনাগুলোয় অধিকাংশ ক্ষেত্রেই দেখা গেছে যে ভেজাল মদ তৈরির ক্ষেত্রে মূল উপাদান হিসেবে মিথানল ব্যবহার করা হয়েছে। বাংলাদেশে সব জায়গাতেই মদ সেবন ও বিক্রির বিষয়ে বিধিনিষেধ আছে। সাধারণত সরকার অনুমোদিত কিছু ওয়্যার হাউজ, লাইসেন্সকৃত পানশালা ও বিভিন্ন হোটেল থেকে মদ কিনে থাকেন মানুষ। শুধু মদ সেবন করার লাইসেন্সধারী ব্যক্তিরাই এইসব জায়গা থেকে মদ কিনতে পারবেন। ভেজাল মদে অসাধু ব্যবসায়ীরা মিথানল মিশিয়ে দেয়। মাদকদ্রব্য নিয়ন্ত্রণ অধিদপ্তর মাঝে মধ্য বিভিন্ন ক্লাব ও পানশালায় অভিযান চালিয়ে মদ বাজেয়াপ্ত করছে-এমন খবর মাঝে মধ্যেই প্রকাশিত হয় গণমাধ্যমে। তবে আইনের কড়াকড়ি থাকলেও ক্রেতাদের একটা বড় অংশ মদ কিনে থাকেন অবৈধ বিক্রেতাদের কাছ থেকে। গত কয়েক সপ্তাহে মদ পানের পর বিষক্রিয়ায় মৃত্যু ও অসুস্থতার ঘটনা বেড়েছে।",14.13,6.59,10.87
news-43113420,"বাংলাদেশে দারিদ্র কিংবা দুর্যোগের কারণে যারা শহরমুখী হয়ে বস্তিতে আশ্রয় নিচ্ছেন, তারা তাদের জীবনমান উন্নয়নের যথেষ্ট সুযোগ পাচ্ছেন না।","বাংলাদেশের বস্তি এলাকায় বসবাসকারী মানুষের জীবনযাত্রার মান উন্নয়নের জন্য সামাজিক সুরক্ষার ঘাটতি একটি বড় বাধা। বস্তি এলাকায় শিক্ষা ও স্বাস্থ্যের সামাজিক সুরক্ষা না থাকায় তাদের জীবনধারা একই রকম থাকছে। নগরদারিদ্র বিশেষজ্ঞরা বলছেন, এসব মানুষকে বিশেষ সহায়তা না দিলে তাদের জীবনযাত্রার মান উন্নয়ন করা সম্ভব নয়। বাংলাদেশ পরিসংখ্যান ব্যুরোর জরিপ অনুযায়ী, রাজধানী ঢাকাসহ বাংলাদেশের বড় শহরগুলোর বস্তি এলাকায় বসবাসকারীর সংখ্যা বাড়ছে।",7.59,0.0,5.06
news-49298400,বাংলাদেশে ডেঙ্গু পরিস্থিতিতে সরকারের পক্ষ থেকে শুরু থেকেই বলা হচ্ছে নাগরিক সচেতনতার কথা।,"ঢাকার বেশ কিছু নির্মাণাধীন ভবন এবং উন্নয়ন প্রকল্পের এলাকায় জায়গায় জায়গায় পানি জমে আছে, যা এডিস মশা জন্মানোর আশঙ্কা তৈরি করেছে। এই নির্মাণাধীন ভবন বা প্রকল্পগুলোর তদারকির দায়িত্ব কাদের তা নিয়ে প্রশ্ন উঠেছে। সাবিহা সুলতানা নামের এক বাসিন্দা বলেছেন, তিনি তার বাড়ির সব দরজা জানালা বন্ধ রাখেন মশা থেকে বাঁচার জন্য, কিন্তু তার বাড়ির পাশেই চলছে নির্মাণাধীন ভবন আর মেট্রোরেল প্রকল্পের কাজ, যেখানে পানি জমে আছে।",2.53,0.0,2.53
news-46875147,ভিনদেশে দুর্ধর্ষ মাফিয়াদের দৌরাত্ম্যর বিরুদ্ধে প্রতিরোধ গড়ে তুলে অনন্য দৃষ্টান্ত স্থাপন করেছেন ইতালির সিসিলি দ্বীপের রাজধানী পালেরমোর শতাধিক অভিবাসী। যাদের একটি বড় অংশই বাংলাদেশি।,"ইতালির পালেরমো শহরের অভিবাসীদের মার্কেটে মাফিয়াদের দৌরাত্ম্য রোধে স্থানীয় একটি প্রতিষ্ঠানের কর্মচারী ও সাংবাদিক তোফাজ্জাল তপু প্রতিরোধ গড়ে তুলেছেন। আশির দশকে বাংলাদেশিরা ইতালিতে যেতে শুরু করলেও তখন মাফিয়াদের হুমকির মুখে পড়তে হয়নি। বর্তমানে সিসিলিতে ১৫ হাজারের বেশি বাংলাদেশি অভিবাসী রয়েছেন এবং তাদের ওপর মাফিয়াদের দৌরাত্ম্য বাড়ছে। মাফিয়ারা অভিবাসী ব্যবসায়ীদের থেকে চাঁদা আদায় করছে এবং প্রাণনাশের হুমকি দিচ্ছে। তোফাজ্জাল তপু বলেছেন, তারা ঐক্যবদ্ধ হয়ে প্রতিরোধ গড়ে তুলেছেন এবং মাফিয়াদের দৌরাত্ম্য রোধে সফল হয়েছেন।",14.58,2.13,8.33
news-51941584,"করোনাভাইরাস প্রাদুর্ভাবে বিশ্বের বহু জায়গায় থমকে গেছে প্রাণচাঞ্চল্য। এর মধ্যে কোনো কোনো জায়গায় তা হয়েছে সরকারের সিদ্ধান্ত অনুযায়ী, আবার কোথাও কোথাও সাধারণ মানুষ নিজরাই সচেতন হয়ে নিয়েছেন পদক্ষেপ।","বিশ্বজুড়ে করোনাভাইরাস মোকাবিলায় একের পর এক দেশ লকডাউনে যাচ্ছে। বিভিন্ন দেশের সরকার নানা ধরনের বিধিনিষেধ আরোপ করছে। ফ্রান্স, ইতালি, স্পেনসহ ইউরোপের বেশ কয়েকটি দেশ এখন লকডাউনে রয়েছে। এছাড়া মার্কিন যুক্তরাষ্ট্র, ভারত, সংযুক্ত আরব আমিরাতসহ বিভিন্ন দেশেও বিধিনিষেধ জারি করা হয়েছে। বিশ্ব স্বাস্থ্য সংস্থার তথ্য মতে, বিশ্বে করোনাভাইরাসে আক্রান্তের সংখ্যা ২ লাখ ৭০ হাজারের বেশি। মৃত্যু হয়েছে ১১ হাজারের বেশি। এদিকে বাংলাদেশেও করোনাভাইরাসে আক্রান্ত শনাক্ত হয়েছে ৫ জনের। এর মধ্যে দুজন সুস্থ হয়ে উঠেছেন।",9.9,2.02,7.92
news-47890363,জনসংখ্যার অনুপাতে বিশ্বে সবচেয়ে বেশি শিশু পানিতে ডুবে মারা যায় বাংলাদেশে।,"বাংলাদেশে গড়ে দিনে ৪০টি শিশু মারা যাচ্ছে পানিতে ডুবে। বিশ্ব স্বাস্থ্য সংস্থার তথ্য অনুযায়ী, পানিতে ডুবে বেশি শিশুর মৃত্যু ঘটে এশিয়াতেই, বিশেষ করে দক্ষিণ এশিয়ায়। ব্লুমবার্গ ফিলানথ্রপিস, জন হপকিন্স ইন্টারন্যাশনাল ইনজুরি রিসার্চ ইউনিট, দি সেন্টার ফর ইনজুরি প্রিভেনশন অ্যান্ড রিসার্চ বা সিআইপিআরবি এবং আইসিডিডিআরবি'র এক গবেষণায় এই তথ্য বের হয়েছে।",19.35,3.33,9.68
news-55183537,ভাস্কর্য তৈরিকে কেন্দ্র করে শুক্রবার ঢাকার বায়তুল মোকাররম মসজিদ থেকে বের হওয়া একটি মিছিল পুলিশ ছত্রভঙ্গ করে দিয়েছে।,জুমার নামাজের পর বায়তুল মোকাররম মসজিদ চত্বর থেকে বিক্ষোভকারীরা বের হওয়ার চেষ্টা করলে শুরুতে কিছুক্ষণ তাদের বের হতে বাধা দেয় পুলিশ। পরে তাদের বের হওয়ার অনুমতি দেয়া হলে বায়তুল মোকাররম সংলগ্ন এলাকায় তারা মিছিল করে। ঢাকার ধোলাইরপাড় চত্বরে বাংলাদেশের প্রতিষ্ঠাতা রাষ্ট্রপতি শেখ মুজিবুর রহমানের একটি ভাস্কর্য তৈরির পরিকল্পনার খবর প্রকাশিত হওয়ার পর ইসলামপন্থী বেশ কয়েকটি দল সেই পরিকল্পনার বিরোধিতা করে।,30.77,5.26,17.95
news-57342338,জোয়ারের পানি এলেই ডুবে যায় সাতক্ষীরার বিশাল একটি অংশ।,"ঘূর্ণিঝড় আম্ফানের পর স্থানীয়দের উদ্যোগে তৈরি করা বেড়িবাঁধ ভেঙে পড়ার পর আবারও স্থানীয়রা এগিয়ে এসেছে বাঁধ মেরামতে। সরকারের দিকে তাকিয়ে না থেকে নিজেদের উদ্যোগে বাঁধ মেরামতের কাজ শুরু করেছে তারা। স্থানীয়রা বলছে, সরকার এখনও পর্যন্ত বাঁধ মেরামতে কোনো উদ্যোগ নেয়নি।",0.0,0.0,0.0
news-44680581,বাংলাদেশে সরকারি চাকরিতে কোটা ব্যবস্থা সংস্কারের দাবিতে আন্দোলনরত শিক্ষার্থীদের ওপর ঢাকা বিশ্ববিদ্যালয় এলাকায় গত কয়েকদিন ধরেই হামলা চালানো হচ্ছে। আজ সোমবারেও বিশ্ববিদ্যালয় এলাকায় এরকম হামলা হয়েছে দফায় দফায়।,"ঢাকা বিশ্ববিদ্যালয়ের শহীদ মিনারে কোটা সংস্কারের দাবিতে আন্দোলনরত শিক্ষার্থীদের উপর হামলা চালানো হয়েছে। আন্দোলনকারীরা বলছেন, তাদের উপর ছাত্রলীগের নেতাকর্মীরা হামলা করেছে। এ ব্যাপারে ছাত্রলীগ বলছে, আন্দোলনকারীদের নিজেদের মধ্যে বিরোধের জের ধরেই এসব হামলার ঘটনা ঘটছে। আন্দোলনকারীরা কোটা সংস্কার নিয়ে প্রজ্ঞাপন জারীর সুনির্দিষ্ট সময়সীমা চান। সরকার বলছে, এ বিষয়ে সিদ্ধান্ত নিতে তাদের আরও সময় লাগবে।",26.83,10.0,19.51
news-45903066,সৌদি সাংবাদিক জামাল খাসোগজির রহস্যজনক অন্তর্ধানকে কেন্দ্র করে বিভিন্ন দেশের মন্ত্রীরা এখন রিয়াদে আগামী সপ্তাহে অনুষ্ঠিতব্য একটি বিশাল বিনিয়োগ সম্মেলন বর্জন করতে শুরু করেছেন।,সৌদি আরবের ক্রাউন প্রিন্স মোহাম্মদ বিন সালমান আয়োজিত একটি বিনিয়োগ সম্মেলনে যোগ দেবেন না বলে জানিয়েছেন ব্রিটেনের বাণিজ্যমন্ত্রী লিয়াম ফক্স। এর আগে ফ্রান্স ও নেদারল্যান্ডসের অর্থমন্ত্রীরাও একই ঘোষণা দিয়েছেন। সৌদি সাংবাদিক জামাল খাসোগজির নিখোঁজের ঘটনায় বিশ্বজুড়ে সৌদি সরকারের বিরুদ্ধে ক্ষোভের জল্লদ সৃষ্টি হয়েছে। তুরস্কের ইস্তাম্বুলে সৌদি কনসুলেটে গিয়ে তিনি নিখোঁজ হন।,16.0,8.22,10.67
news-40471827,প্রায় ৩০ বছর ধরে পুলিশের চোখে ধুলো দিয়ে পালিয়ে বেড়াতে সক্ষম হয়েছিলো শুধু মাত্র প্লাস্টিক সার্জারির সাহায্য নিয়ে।,"ব্রাজিলের পুলিশ বলছে, দক্ষিণ আমেরিকার কোকেনের বিশাল সাম্রাজ্যের নিয়ন্ত্রণকারী লুইজ কার্লোস দা রোচা বা 'হোয়াইট হেড'কে গ্রেফতার করা হয়েছে। পুলিশ জানিয়েছে, লুইজ কার্লোস দা রোচা বিভিন্ন সময়ে প্লাস্টিক সার্জারির মাধ্যমে চেহারা বদল করেছেন এবং একাধিক নাম রয়েছে তার। ব্রাজিলের পুলিশ বলছে, বলিভিয়া, পেরু, কলাম্বিয়াতে কোকেন উৎপাদন করে সে ইউরোপ ও আমেরিকায় পাঠাত।",5.63,2.9,5.63
news-50931361,"রোহিঙ্গা মুসলমান ও অন্যান্য সংখ্যালঘুদের ওপর যথেচ্ছ গ্রেপ্তার, নির্যাতন, ধর্ষণ, হেফাজতে মৃত্যুসহ মানবাধিকার লঙ্ঘনের অভিযোগে মিয়ানমারের বিরুদ্ধে একটি নিন্দা প্রস্তাব গ্রহণ করেছে জাতিসংঘের সাধারণ পরিষদ।","জাতিসংঘের সাধারণ পরিষদ রোহিঙ্গা সংখ্যালঘুদের বিরুদ্ধে মিয়ানমারের যুদ্ধাপরাধ তদন্ত করে দেখার জন্য তহবিল বরাদ্দ করেছে। এই তহবিলে সিরিয়া ও মিয়ানমারকে অন্তর্ভুক্ত করা হয়েছে। মিয়ানমারের বিরুদ্ধে শুক্রবার আনা নিন্দা প্রস্তাবে জাতিসংঘের ১৯৩টি সদস্য দেশের মধ্যে প্রস্তাবের পক্ষে ভোট দেয় ১৩৪টি দেশ আর বিপক্ষে ভোট পড়ে নয়টি। জাতিসংঘের সাধারণ পরিষদে পাশ হওয়া কোন প্রস্তাব দেশটি মানতে বাধ্য না হলেও, বিশ্ব মতামতের ক্ষেত্রে এ ধরণের প্রস্তাব প্রভাব ফেলে থাকে। মিয়ানমারের দাবি, তারা উগ্রবাদীদের দমন করতে তাদের এসব অভিযান। গত নভেম্বর মাসে মিয়ানমারের বিরুদ্ধে গণহত্যার অভিযোগে আন্তর্জাতিক বিচারিক আদালতে মামলা করে গাম্বিয়া। নির্যাতনের কারণে মিয়ানমার থেকে পালিয়ে এগারো লাখের বেশি রোহিঙ্গা বাংলাদেশে আশ্রয় নিয়েছে।",19.2,4.88,11.2
news-55216598,"রোববার রাতে যশোর শিশু উন্নয়ন কেন্দ্রের সবগুলো সিসিটিভি ক্যামেরা চালু ছিল, পাহারার দায়িত্বে ছিলেন ১৬ জন আনসার এবং ৮ জন পুলিশ সদস্য।","বাংলাদেশের যশোর শহরের একটি শিশু উন্নয়ন কেন্দ্র থেকে আটজন কিশোর পালিয়ে গেছে। পুলিশ জানিয়েছে, ডিসেম্বরের শুরুতে 'বেপরোয়া' আচরণের শাস্তি হিসেবে ওই আটজন কিশোরকে একটি কক্ষে আলাদা করে রাখা হয়েছিল। পুরনো একটি বাথরুমের জানালার গ্রিল ভেঙে তারা পালিয়েছে। এরপর তারা বৈদ্যুতিক কাজের একটি মই খুঁজে পায় এবং সেটি দিয়ে দেয়াল টপকে পালিয়ে যায়। ঘটনার পুরোটাই সিসিটিভি ফুটেজ থেকে জেনেছে পুলিশ।",14.81,2.53,12.35
news-44942962,"বাংলাদেশে আগামী সপ্তাহে রাজশাহী, সিলেট ও বরিশালের নির্বাচন নিয়ে সরগরম হয়ে উঠেছে জাতীয় রাজনীতি। রাজশাহীতে নির্বাচনকে কেন্দ্র করে অভিযোগ পাল্টা অভিযোগে উত্তপ্ত হয়ে উঠছে নির্বাচনী পরিবেশ।","সিলেট সিটিতে মেয়র পদে প্রতিদ্বন্দ্বিতা করছেন আওয়ামী লীগের আরিফুর রহমান, বিএনপির মোসাদ্দেক হোসেন বুলবুল, জাতীয় পার্টির হাবিবুর রহমান হাবিব, ইসলামী আন্দোলনের মোহাম্মদ শাহ জাহান এবং স্বতন্ত্র প্রার্থী হিমাংশু বিজয় ঘোষ। এছাড়া ওয়ার্ড কাউন্সিলর পদে ২৩৮ জন এবং সংরক্ষিত মহিলা কাউন্সিলর পদে ৬৮ জন প্রার্থী রয়েছেন। সিলেট সিটিতে মোট ভোটার সংখ্যা তিন লাখ ২১ হাজার ৩৫৫ জন। এর মধ্যে পুরুষ ভোটার এক লাখ ৬২ হাজার ৮৯৫ জন এবং মহিলা ভোটার এক লাখ ৫৮ হাজার ৪৬০ জন। সিলেট সিটি নির্বাচনে মোট ১৩৫টি কেন্দ্রে ভোট গ্রহণ অনুষ্ঠিত হবে।",3.6,0.0,3.6
news-44192360,ব্রাজিলের প্রত্যন্ত অঞ্চলের একটি দ্বীপ ফার্নান্দো দে নরোনহা।,ব্রাজিলের একটি দ্বীপে বারো বছর পর প্রথম কোন শিশুর জন্ম হয়েছে। সেখানকার মানুষজন দ্বীপে একটি শিশুর জন্মের পর ব্যাপক উৎসব করছেন। এই দ্বীপটি ২০০১ সাল থেকে ইউনেস্কোর বিশ্ব ঐতিহ্যের তালিকায় রয়েছে। সমৃদ্ধ প্রাকৃতিক জীব-বৈচিত্র্যের কারণে এই দ্বীপটি একটি সংরক্ষিত অঞ্চল। দ্বীপটিতে সন্তান প্রসব নিষিদ্ধ থাকায় এতদিন দ্বীপটির ভূখণ্ডে কোন শিশুর জন্ম হয়নি। একজন ২২ বছর বয়সী নারী হঠাৎ করে একটি কন্যা শিশুর জন্ম দেন। তিনি জানতেনই না যে তিনি গর্ভবতী। শিশুটির জন্য দরকারি জিনিসপত্র ও কাপড় কিনে দিচ্ছেন দ্বীপবাসী। দ্বীপটিতে সন্তান প্রসব নিষিদ্ধ কারণ সেখানে একটা মাত্র হাসপাতালে মায়েদের প্রজনন স্বাস্থ্য বিভাগ নেই।,3.92,0.0,3.92
news-48713919,"নিজেদের ওয়ানডে ইতিহাসের সর্বোচ্চ রান তুলেছে বাংলাদেশ, তারপরেও জয়ের দেখা মিলল না। নটিংহ্যামের ট্রেন্ট ব্রিজে অস্ট্রেলিয়ার কাছে ৪৮ রানে হারলো বাংলাদেশ।",বাংলাদেশ বনাম অস্ট্রেলিয়ার ম্যাচে বাংলাদেশ প্রথমে বল করেছে। অস্ট্রেলিয়া ৫ উইকেটে ৩৮১ রান করেছে। বাংলাদেশ ৪৮ রানে হেরেছে। অস্ট্রেলিয়ার ব্যাটসম্যান ডেভিড ওয়ার্নার ১৪৭ বলে ১৬৬ রান করেছেন। বাংলাদেশের ব্যাটসম্যান মুশফিকুর রহিম ১০২ রান করেছেন। বাংলাদেশ শেষ পর্যন্ত ৩৩৩ রান করেছে।,19.67,3.39,16.39
news-49948001,বাংলাদেশের প্রধানমন্ত্রী শেখ হাসিনার চলমান ভারত সফরে তিস্তা নদীর জল ভাগাভাগির ক্ষেত্রে সুনির্দিষ্ট কোনও অগ্রগতি না-হলেও আর একটি অভিন্ন নদী ফেনী থেকে ভারতকে জল দিতে রাজি হয়েছে বাংলাদেশ।,"বাংলাদেশ ও ভারতের মধ্যে সম্প্রতি দিল্লিতে এক সপ্তাহ ধরে চলা বৈঠকের পর স্বাক্ষরিত হয়েছে একটি সমঝোতা স্মারক। এর মাধ্যমে পূর্ববর্তী সমঝোতা অনুযায়ী ফেনী নদী থেকে পানি ভারতের ত্রিপুরার সাব্রুম শহরে সরবরাহ করা হবে। বাংলাদেশের পররাষ্ট্র সচিব শহীদুল হক বিবিসিকে বলেছেন, মানবিক কারণেই প্রধানমন্ত্রী শেখ হাসিনা এই সিদ্ধান্ত নিয়েছেন। এছাড়াও ভারতের জাতীয় নাগরিকপঞ্জি বা এনআরসি নিয়ে ঘটনাপ্রবাহ কোন দিকে গড়ায়, সে দিকেও বাংলাদেশ সতর্ক নজর রাখছে বলে তিনি জানান। বাংলাদেশ ও ভারতের মধ্যে সর্বোচ্চ পর্যায়ে ও প্রতিনিধিস্তরে বৈঠক হয়েছে, তা অত্যন্ত ফলপ্রসূ হয়েছে বলেই দাবি করছে বাংলাদেশ।",15.65,1.77,8.7
news-40734034,"যুক্তরাষ্ট্রের প্রেসিডেন্ট ডোনাল্ড ট্রাম্প বলেছেন, দেশটির সেনাবাহিনীতে তৃতীয় লিঙ্গের মানুষেরা কোনোভাবেই কাজ করতে পারবে না ।","মার্কিন প্রেসিডেন্ট ডোনাল্ড ট্রাম্প বলেছেন, তৃতীয় লিঙ্গের মানুষদের সামরিক বাহিনীতে যোগদানের অনুমতি দেয়া হবে না। তিনি টুইট বার্তায় বলেছেন, সামরিক বাহিনীতে তৃতীয় লিঙ্গের মানুষদের সম্পৃক্ততা বাহিনীর জন্য বিপদজনক। এর আগে গত বছর মার্কিন প্রতিরক্ষামন্ত্রী জেমস ম্যাটিস এই সিদ্ধান্ত ছয় মাসের জন্য স্থগিত করেছিলেন। মার্কিন সেনাবাহিনীতে তৃতীয় লিঙ্গের ব্যক্তিদের সম্পৃক্ততা নিয়ে গত বছর 'দ্য ইন্ডিপেন্ডেন্ট র‌্যান্ড করপোরেশন' এর এক হিসাবে বলা হয়েছে, মার্কিন বাহিনীতে ১২ লাখ সক্রিয় সদস্যের মধ্যে ২ হাজার ৪৫০ জন তৃতীয় লিঙ্গের মানুষ আছে।",17.39,11.11,15.22
news-38840158,যুক্তরাষ্ট্রে ফ্লোরিডার একটি ফেডারেল আদালত প্রেসিডেন্ট ডোনাল্ড ট্রাম্পের মালিকানাধীন একটি গলফ ক্লাবকে প্রায় ৬০ লাখ ডলার জরিমানা করেছে।,"মার্কিন প্রেসিডেন্ট ডোনাল্ড ট্রাম্পের মালিকানাধীন একটি গলফ ক্লাবের বিরুদ্ধে মার্কিন আদালত জরিমানা করেছে। ফ্লোরিডার একটি আদালত বুধবার এ জরিমানা করে। এর আগে ক্লাবটির সাবেক সদস্যরা অভিযোগ করেছিলেন, তারা ক্লাব ছেড়ে যেতে চাইলেও ক্লাব কর্তৃপক্ষ তাদের জমাকৃত অর্থ ফেরত দেয়নি।",38.6,25.45,28.07
news-49912960,কুমিল্লার ডিমাতলী গ্রামে ভারতীয় সীমান্তের সাথে একদম গা ঘেঁষা বাড়িতে থাকেন পারভীন আক্তার।,"ভারত-বাংলাদেশ সীমান্তে তারকাঁটার বেড়া দিয়ে একটি গ্রাম দুই ভাগে বিভক্ত হয়েছে। এই বেড়ার কারণে অনেক পরিবার বিচ্ছিন্ন হয়েছে এবং তাদের জমি ও সম্পত্তি হারিয়েছে। এই বেড়া দিয়ে সীমান্ত এলাকায় যাওয়া-আসা বন্ধ হয়ে গেছে। স্থানীয়রা বলছেন, এই বেড়ার কারণে তারা তাদের আত্মীয়দের সাথে দেখা করতে পারছেন না এবং তাদের জীবনযাত্রা ক্ষতিগ্রস্ত হচ্ছে।",3.03,0.0,3.03
news-46782920,ভারতে এক বিজ্ঞান সম্মেলনে বক্তারা উদ্ভট সব দাবি করার পর সে দেশের বৈজ্ঞানিক সমাজ এর প্রবল সমালোচনা করেছে।,"ভারতের বার্ষিক বিজ্ঞান সম্মেলনে এক বিজ্ঞানীর দাবি, আইজ্যাক নিউটন ও আলবার্ট আইনস্টাইন ভুল ছিলেন। তিনি বলেন, মাধ্যাকর্ষণ শক্তির নাম হওয়া উচিত 'নরেন্দ্র মোদি তরঙ্গ'। এই সম্মেলনে অংশগ্রহণকারীরা দাবি করেছেন, হাজার হাজার বছর আগে ভারতে স্টেম সেল নিয়ে গবেষণা হয়েছে। এছাড়া রামায়ণের প্রধান চরিত্র রাবণের ২৪ ধরনের বিমান ছিল বলেও দাবি করা হয়েছে।",14.29,2.94,8.57
news-42679825,মার্কিন যুক্তরাষ্ট্রের একটি স্টেট হাওয়াইতে ক্ষেপণাস্ত্র নিক্ষেপ হতে পারে এমন খবরে আতঙ্কে ছড়িয়ে পরে সে এলাকায়। সেখানকার বাসিন্দাদের ফোনে বার্তা পাঠানো হয় এটা ড্রিল নয় অর্থাৎ সত্যিকারের অ্যালার্ট।,"হাওয়াই এর কর্তৃপক্ষ স্বীকার করেছে, তাদের একজন কর্মকর্তা কম্পিউটারে ভুল বাটন প্রেস করার কারণে কয়েক লক্ষ মানুষের কাছে এই ভুল বার্তা যেয়ে পৌঁছেছে। মার্কিন যুক্তরাষ্ট্রের স্টেটে এই অ্যালার্টের কারণে টিভি এবং রেডিও সম্প্রচার বিঘ্নিত হয়। হাওয়াই এর গভর্নর ডেভিড আইজি, মানুষের মধ্যে আতঙ্ক ছড়ানোর জন্য ক্ষমা চেয়েছেন।",10.67,2.74,8.0
news-40990730,১৭ বছর আগে গোপালগঞ্জের কোটালীপাড়ায় প্রধানমন্ত্রী শেখ হাসিনাকে হত্যাচেষ্টার অভিযোগে দায়ের করা মামলায় ১০ জনকে ফায়ারিং স্কোয়াডে দিয়ে মৃত্যুদণ্ড কার্যকর করার আদেশ দিয়েছে ঢাকার একটি আদালত।,বাংলাদেশের প্রধানমন্ত্রী শেখ হাসিনার উপর হত্যাচেষ্টার মামলায় নয়জনকে বিভিন্ন মেয়াদে কারাদণ্ডের আদেশ দেওয়া হয়েছে। ২০০০ সালের ২০শে জুলাই কোটালীপাড়ার একটি স্কুলের পাশে শেখ হাসিনার ভাষণের জন্য মঞ্চ নির্মাণের সময় মাটিতে পুঁতে রাখা ৭৬ কেজি ওজনের বোমা পাওয়া যায়। এছাড়াও পরদিন ৮০ কেজি ওজনের আরও একটি বোমা উদ্ধার করা হয় কোটালীপাড়ার হেলিপ্যাড থেকে।,17.95,2.63,15.38
news-51764235,বাংলাদেশের ব্রাহ্মণবাড়িয়া ও হবিগঞ্জ জেলায় পৃথক দুটি সড়ক দুর্ঘটনায় ১৪জন নিহত হয়েছে বলে পুলিশ জানিয়েছে।,বাংলাদেশের ব্রাহ্মণবাড়িয়া ও হবিগঞ্জ জেলায় দুটি সড়ক দুর্ঘটনায় ১৪ জন নিহত হয়েছেন। ব্রাহ্মণবাড়িয়ার বিজয়নগরে ঢাকা থেকে সিলেটগামী একটি মাইক্রোবাস সিলেট থেকে ঢাকাগামী একটি বাসের সাথে মুখোমুখি সংঘর্ষ হয়। এতে মাইক্রোবাসে থাকা ছয়জন নিহত হন। এছাড়া হবিগঞ্জের নবীগঞ্জে সিলেটগামী একটি মাইক্রোবাস সড়কের পাশে গাছের সাথে ধাক্কা খায়। এতে আটজন নিহত হন।,27.69,19.05,27.69
news-46942362,ইসরায়েলের সেনাবাহিনী জানিয়েছে যে তারা সিরিয়ার ইরানি লক্ষ্যবস্তুতে আঘাত করা শুরু করেছে।,"ইসরায়েলি বাহিনী সিরিয়ার রাজধানী দামেস্কে ইরানি লক্ষ্যবস্তুতে হামলা চালিয়েছে। ইসরায়েল ডিফেন্স ফোর্সেস (আইডিএফ) জানিয়েছে তারা ইরানের কুদস বাহিনীর বিরুদ্ধে অভিযান চালাচ্ছে। সিরিয়ার গণমাধ্যম বলছে 'একটি ইসরায়েলি বিমান আক্রমণ' প্রতিহত করেছে সিরিয়া প্রতিরক্ষা বাহিনী। সোমবার সকালে এক টুইটের মাধ্যমে এই অভিযানের খবর প্রকাশ করে আইডিএফ। ইসরায়েলি প্রধানমন্ত্রী বেনয়ামিন নেতানিয়াহু রবিবার চাদ সফরের সময় একটি সতর্কবার্তা জারি করেন। তিনি বলেন, ""আমাদের একটি নির্দিষ্ট নীতি রয়েছে, সেটি হলো সিরিয়ায় ইরানি স্থাপনায় আঘাত করা এবং যারা আমাদের ক্ষতি করার চেষ্টা করেছে তাদের ক্ষতি করা।""",17.39,4.44,15.22
news-47308375,"স্থানীয়ভাবে উৎপাদিত শাকসব্জি বা ডিম, ফলমূল ইত্যাদি থেকেই যে শরীরের প্রয়োজনীয় পুষ্টি পাওয়া সম্ভব - আর এর জন্য বাইরে থেকে খাবার আমদানির কোনও প্রয়োজন নেই - এই বার্তা দিতে ভারত জুড়ে শুরু হয়েছে এক বিশাল ক্যাম্পেন।","স্থানীয় খাবার বা লোকাল ফুড সিস্টেম নিয়ে এখন পর্যন্ত যে আলোচনা হয়েছে তাতে বলা হয়েছে, এই ধরনের খাবারই আমাদের প্রয়োজন মেটাতে সবচেয়ে বেশি সহায়ক। জাতিসংঘের সংস্থা ইউনিসেফ বলছে, স্থানীয় খাবার বা লোকাল ফুড সিস্টেমই আমাদের প্রয়োজন মেটাতে যথেষ্ট। ইউনিসেফের ভারত প্রধান ইয়াসমিন আলি হক বলছেন, লোকাল ফুড সিস্টেম বলতে আমরা বোঝাচ্ছি আমার বাড়ির আঙিনায় যেটা পাওয়া যাচ্ছে, কিংবা আমার বাড়ির পাশের বাজারে যেগুলো সব সময় পাওয়া যাচ্ছে সেগুলোকে।",15.69,0.0,9.8
news-51280964,"করোনাভাইরাসে আক্রান্ত মানুষের সংখ্যা যখন বাড়ছে, চীনের উহান শহরে তখন লাখ লাখ মানুষ অবরুদ্ধ হয়ে পড়েছে- যার কারণ প্রাদুর্ভাবের কেন্দ্রস্থল থেকে রোগটি ছড়িয়ে পড়া ঠেকানো। কিন্তু এই কঠিন সময়েও অনেক মানুষ একে অন্যের দিকে সাহায্যের হাত বাড়িয়ে দিয়েছেন।",চীনের উহান শহরের বাসিন্দারা করোনাভাইরাসের বিরুদ্ধে লড়াইয়ে একে অপরকে উত্সাহিত করছেন। তারা তাদের জানালা দিয়ে 'উহান জিয়ায়ু' বা 'শক্ত থাকো উহান' বলে চিৎকার করছেন। এই চিৎকার এক ব্লক থেকে অন্য ব্লকে ছড়িয়ে পড়ছে। সামাজিক মাধ্যমেও এই বাক্যটি ট্রেন্ড হয়েছে। চীনের অন্য অনেক এলাকার মানুষও এই বাক্যটি ব্যবহার করে উহানের সঙ্গে একাত্মতা প্রকাশ করছেন।,15.38,2.25,13.19
news-55135935,বাংলাদেশে মাদক গ্রহণের অভিযোগে সোমবার দক্ষিণ-পশ্চিমাঞ্চলীয় জেলা কুষ্টিয়ায় আটজন পুলিশ সদস্যকে চাকরিচ্যুত করার খবর প্রকাশ করা হয়েছে।,কুষ্টিয়ার আটজন পুলিশ সদস্যকে মাদক গ্রহণের অভিযোগে চাকরিচ্যুত করা হয়েছে। দেড় বছর আগে জেলার ১২জন পুলিশ সদস্যের বিরুদ্ধে মাদকদ্রব্য গ্রহণের অভিযোগ ওঠে। বাংলাদেশে গত দেড় বছরে বিভিন্ন জেলার পুলিশ সদস্যদের বিরুদ্ধে মাদকের সঙ্গে সংশ্লিষ্টতার অভিযোগে ব্যবস্থা নেয়া হয়েছে।,35.71,18.52,21.43
151117_isis_terror_finance_syria_iraq_oil_kidnappings_gch,ফ্রান্সের রাজধানী প্যারিসে গত শুক্রবারের আক্রমণ আবার জঙ্গি গোষ্ঠী ইসলামিক স্টেট-এর দিকে বিশ্বের নজর ফিরিয়েছে।,"ইসলামিক স্টেট বা আই এস প্যারিস হামলার দায় স্বীকার করেছে। আই এস-এর অর্থের উৎস কী? আই এস কীভাবে তাদের কার্যক্রম অর্থায়ন করে? এই প্রশ্ন এখন সবার মনে। আই এস-এর অর্থের উৎস বা তাদের অর্থায়ন কীভাবে হয় তা নিয়ে বিবিসি বাংলা কর্তৃক প্রকাশিত একটি প্রতিবেদন। আই এস-এর অর্থের উৎসগুলো হলো অনুদান, তেল বিক্রি, অপহরণ, সোনা ও অন্যান্য মূল্যবান জিনিসপত্র লুট, ব্যাংক লুট, জিম্মি নেয়া, চাঁদাবাজি, ব্যবসা-বাণিজ্য ইত্যাদি।",6.98,2.38,6.98
news-52695172,"করোনাভাইরাসে সংক্রমিত কয়েকজন মুসলমান কোয়ারেন্টিনে না যেতে চাওয়াকে কেন্দ্র করে পশ্চিমবঙ্গের হুগলী জেলার তেলেনিপাড়ায় গত সপ্তাহে যে সাম্প্রদায়িক দাঙ্গা হয়েছে, সেই সময়ের একটি ভিডিওতে রক্তাক্ত এক মুসলিম ব্যক্তিকে 'হিন্দুদের রক্তস্নান' বলে ভাইরাল করা হয়েছে।","পশ্চিমবঙ্গের হুগলী জেলার চন্দননগরে দুর্গাপূজার পর যে দাঙ্গা হয়েছে, তার একটি ভিডিও ভাইরাল হয়েছে। ভিডিওটিতে দেখা যাচ্ছে এক মানুষের মাথা থেকে রক্ত বের হচ্ছে, তার গায়ের জামা রক্তে ভিজে গেছে। সেই মানুষটি হলেন চটকল শ্রমিক মঞ্জুর আলম। তিনি বিবিসি বাংলাকে বলেছেন, দাঙ্গার সময় তাকে বাঁশ, লোহার রড, নেপালি চাকু দিয়ে কুপিয়েছে। মাথায় ৫২টা সেলাই আর হাতে ১১টা সেলাই করতে হয়েছে। কান কেটে অর্ধেক ঝুলছিল, তা জোড়া লাগাতে সাতটি সেলাই করতে হয়েছে। মঞ্জুর আলম এখন একটি আশ্রয়শিবিরে আছেন। তার সঙ্গে দুই সম্প্রদায়ের আরও কয়েকশো মানুষ আছেন, যারা দাঙ্গায় ঘরবাড়ি হারিয়েছেন।",17.89,4.96,14.63
news-41068828,শুক্রবার লন্ডনের বাকিংহাম প্রাসাদের সামনে ৪ ফুট লম্বা তরবারি ঘুরিয়ে তিনজন পুলিশ কর্মকর্তাকে জখম করার ঘটনায় দ্বিতীয় একজন ব্যক্তিকে রবিবার গ্রেফতার করা হয়েছে।,বাকিংহাম প্যালেসের সামনে এক ব্যক্তি পুলিশকে লক্ষ্য করে গাড়ি চালিয়ে দেওয়ার পর তাকে গ্রেফতার করা হয়েছে। এই ঘটনায় তিনজন পুলিশ কর্মকর্তা হালকা আহত হয়েছেন। গ্রেফতার করা ব্যক্তির বয়স ৩০ বছর। তাকে জঙ্গী অপরাধে জড়িত সন্দেহে গ্রেফতার করা হয়েছে। এ ছাড়া পশ্চিম লন্ডনের একটি বাড়িতেও তল্লাসি চালানো হয়েছে।,25.71,8.82,20.0
news-43708497,বাংলাদেশের রাজধানী ঢাকায় দুই বাসের রেষারেষিতে হাতা হারানো কলেজ ছাত্র রাজীব হোসেনের অবস্থার অবনতি হয়েছে বলে জানিয়েছেন ঢাকা মেডিকেল কলেজ হাসপাতালের চিকিৎসকেরা।,ঢাকার একটি বাসে চড়ার সময় দুর্ঘটনার শিকার হয়ে রাজীব হোসেনের হাত বিচ্ছিন্ন হয়ে যায়। তিনি এখন হাসপাতালে চিকিৎসাধীন। তার অবস্থা আশঙ্কাজনক বলে জানানো হয়েছে। তার মস্তিষ্কে আবার রক্তক্ষরণ হয়েছে এবং শ্বাসকষ্টও বেড়ে গেছে। একটি মেডিকেল বোর্ড তার চিকিৎসা সংক্রান্ত সিদ্ধান্ত নিতে কাজ করছে।,15.38,3.17,12.31
news-48168176,"সোমবার চাঁদ দেখা গেলে মঙ্গলবার থেকেই বাংলাদেশে রমজান মাস শুরু হতে যাচ্ছে। মুসলমান ধর্মাবলম্বীদের কাছে অবশ্য পালনীয় রোজা যেমন গুরুত্বপূর্ণ, তেমনি ডায়াবেটিসের মতো রোগে আক্রান্ত ব্যক্তিদের স্বাস্থ্য ঠিক রাখাও জরুরি।","সোমবার চাঁদ দেখা গেলে মঙ্গলবার থেকেই বাংলাদেশে রমজান মাস শুরু হতে যাচ্ছে। ডায়াবেটিস রোগীদের জন্য রোজা রাখা কঠিন হয়। বাংলাদেশে প্রায় ৭০ লক্ষ ডায়াবেটিস আক্রান্ত রোগী রয়েছে। এক্ষেত্রে বাংলাদেশ ডায়াবেটিক সমিতির সভাপতি অধ্যাপক এ কে আজাদ খান এবং ঢাকা বিশ্ববিদ্যালয়ের পুষ্টি ও খাদ্যবিজ্ঞান ইনস্টিটিউটের অধ্যাপক ড. শারমিন রুমি আলীম কিছু পরামর্শ দিয়েছেন। তারা বলেছেন, রোজা রাখার আগে ডায়াবেটিক পরীক্ষা করে নিতে হবে এবং চিকিৎসকের পরামর্শ অনুসরণ করতে হবে। সেই সাথে হাইপোগ্লাইসেমিয়ার জন্য বিশেষ প্রস্তুতি নিতে হবে।",26.42,21.15,26.42
news-49986228,বাংলাদেশ প্রকৌশল বিশ্ববিদ্যালয়ে সোমবার রাতে এক ছাত্রকে পিটিয়ে হত্যার লোমহর্ষক ঘটনার প্রেক্ষাপটে বুয়েট শিক্ষক সমিতির এক সাধারণ সভা থেকে প্রতিষ্ঠানে শিক্ষক রাজনীতি বন্ধের সিদ্ধান্ত নেওয়া হয়েছে।,"বুয়েট ছাত্র আবরার ফয়েজ হত্যার প্রতিবাদে বুয়েট শিক্ষক সমিতি বিক্ষোভ দিয়েছে। এছাড়া উপাচার্যের পদত্যাগ দাবি করেছে তারা। বুয়েট শিক্ষক সমিতির প্রেসিডেন্ট ড. একেএম মাসুদ বলেছেন, বুয়েট ক্যাম্পাসে রাজনৈতিক কার্যক্রম বন্ধ করতে হবে। তিনি বলেছেন, রাজনৈতিক দলগুলো কাউকে মারধর করতে বলে না, কিন্তু রাজনৈতিক ছত্রভঙ্গির কারণে প্রশাসন অপরাধ বিশৃঙ্খলার বিরুদ্ধে যথাযথ ব্যবস্থা নিতে পারে না। বুয়েট প্রশাসনকেও দায়ী করেছেন তিনি।",11.76,4.82,9.41
news-48446654,মিয়ানমারের কট্টর মুসলিম-বিদ্বেষী বৌদ্ধ ধর্মীয় নেতা অশ্বিন উইরাথুর বিরুদ্ধে গ্রেপ্তারি পরোয়ানা জারী করা হয়েছে।,"মিয়ানমারের এক বৌদ্ধ ভিক্ষুকে দেশদ্রোহিতার অভিযোগে গ্রেপ্তারের নির্দেশ দিয়েছে এক আদালত। ভিক্ষু অশ্বিন উইরাথু রোহিঙ্গা মুসলমানদের বিরুদ্ধে বিষোদ্গারের জন্য বিশ্বজুড়ে পরিচিতি পেয়েছেন। তিনি মুসলমানদের বিরুদ্ধে বিদ্বেষপূর্ণ ও উস্কানিমূলক কথা বলেছেন। এর আগে গত বছর ফেসবুক তাকে নিষিদ্ধ করেছে। অশ্বিন উইরাথু সম্প্রতি সরকারের সমালোচনা শুরু করেছেন। তিনি বলেছেন, সরকার সেনাবাহিনীর ক্ষমতা কমাতে চাইছে।",11.94,0.0,11.94
news-48408034,ইরানের সাথে উত্তেজনার মধ্যেই যুক্তরাষ্ট্রের প্রেসিডেন্ট ডোনাল্ড ট্রাম্প সৌদি আরবের কাছে শত শত ডলারের অস্ত্র বিক্রি অনুমোদন করতে যাচ্ছেন।,"মার্কিন প্রেসিডেন্ট ডোনাল্ড ট্রাম্প কংগ্রেসকে পাশ কাটিয়ে সৌদি আরবের কাছে আটশো কোটি ডলারের অস্ত্র বিক্রি করার সিদ্ধান্ত নিয়েছেন। এই সিদ্ধান্তের কারণ হিসেবে তিনি বলছেন, সৌদি আরবের প্রতি ইরানের হুমকি বেড়েই চলেছে। প্রস্তাবটি ক্যাপিটল হিলে উত্থাপন করা হলে এর বিরোধিতা করা হতো বলে জানিয়েছেন বিরোধী ডেমোক্র্যাট দলের অনেক নেতা।",29.85,18.46,26.87
160731_indian_elephant_rescue_operation,জামালপুর সদর থেকে ৪০ কিলোমিটার দূরে সরিষাবাড়ি উপজেলার সোনারকান্দা এলাকার বন্যার পানিতে ডুবে থাকা একটি পাটক্ষেতের মধ্যে হাতিটি দাঁড়িয়ে আছে। আর সেখানে ভীড় করেছে কয়েক হাজার লোক ।,ভারত থেকে নদীতে ভেসে আসা একটি হাতি এক মাসেরও বেশি সময় ধরে বাংলাদেশে অবস্থান করছে। হাতিটি বাংলাদেশের উত্তরাঞ্চলের বিভিন্ন চর এলাকায় ঘুরে বেড়াচ্ছে। হাতিটিকে উদ্ধারের জন্য ভারত থেকে একটি প্রতিনিধি দল বাংলাদেশে এসেছে। হাতিটিকে পানি থেকে শুকনো এলাকায় নিয়ে গিয়ে খাবার খাইয়ে অজ্ঞান করার পর ট্রাক কিংবা ক্রেন দিয়ে হাতিটিকে তুলে নিয়ে যেতে চাইছেন তারা।,7.32,0.0,7.32
news-51222888,ভারতে নাগরিকত্ব সংশোধন আইনকে ঘিরে দেশজুড়ে তুমুল প্রতিবাদ চলছে। প্রধানমন্ত্রী নরেন্দ্র মোদী ও স্বরাষ্ট্রমন্ত্রী আইনটির পক্ষে ব্যাপক যুক্তি দিয়ে চলেছেন।,"ভারতের স্বরাষ্ট্রমন্ত্রী অমিত শাহ বলেছেন, প্রতিবেশী দেশগুলোতে সংখ্যালঘুরা অধিকার বঞ্চিত। তিনি বলেছেন, আফগানিস্তানে বুদ্ধ মূর্তিকে টুকরো করা হয়েছে কামান দিয়ে। হিন্দু ও শিখ সংখ্যালঘুদের আফগানিস্তান ও পাকিস্তানে নির্বাচনে অংশ নেয়ার অধিকার দেয়া হয়নি, তাদের স্বাস্থ্যসেবার অধিকার নেই, শিক্ষার সুযোগ নেই। হিন্দু, শিখ, জৈন,বৌদ্ধ ও খ্রিস্টানরা ভারতের এসে আশ্রয় প্রার্থনা করেছে। অমিত শাহ বলেছেন, আফগানিস্তান, পাকিস্তান ও বাংলাদেশে শিখ ও হিন্দুরা কিভাবে নির্যাতনের শিকার হয় ও মৌলিক অধিকার থেকে বঞ্চিত হয়। তবে পাকিস্তানের সংবিধানের আর্টিক্যাল ৫১(২-এ) অনুযায়ী জাতীয় পরিষদের দশটি আসন সংখ্যালঘুদের জন্য সংরক্ষিত। মোট ৩৪২টি আসনের মধ্যে ২৭২টিতে সরাসরি ভোট হয় সেখানে। আর দশটি সংখ্যালঘুদের জন্য ও ৬০টি নারীদের জন্য। দুভাবে সংখ্যালঘুদের পার্লামেন্টে যাওয়ার সুযোগ আছে পাকিস্তানে।",4.62,0.0,3.08
news-46257134,"ইন্টারনেটের এই যুগে যখনি কোন বিষয় নিয়ে জানতে চাই, বেশিরভাগ মানুষ গুগলে সেটি লিখে খোঁজ করে। ব্রেক্সিটও তার ব্যতিক্রম নয়।",২০১৬ সালের জুনে এক গণভোটে ব্রিটিশরা ইউরোপীয় ইউনিয়ন ছেড়ে যাওয়ার পক্ষে ভোট দেয়। এরপর থেকেই এই প্রক্রিয়াকে বলা হচ্ছে ব্রেক্সিট। ২০১৯ সালের মার্চে ইউরোপীয় ইউনিয়ন থেকে যুক্তরাজ্যের বের হয়ে যাওয়ার কথা। ব্রেক্সিট চুক্তির বিষয়ে ব্রিটেন ও ইইউ-এর মধ্যে আলোচনা শুরু হয়েছে।,3.23,0.0,3.23
news-51705699,করোনাভাইরাসের বিস্তার ঠেকাতে ঢাকার শাহজালাল আন্তর্জাতিক বিমানবন্দরসহ দেশটির আন্তর্জাতিক প্রবেশপথগুলোতে ব্যবস্থা নেয়ার কথা জানানো হয়েছে শুরু থেকেই।,"বাংলাদেশের হযরত শাহজালাল আন্তর্জাতিক বিমানবন্দরে করোনাভাইরাস সংক্রমণ ঠেকাতে যথেষ্ট পরিক্ষা-নিরীক্ষা করা হচ্ছে না বলে অভিযোগ করেছেন বিভিন্ন দেশ থেকে আগত অনেক যাত্রী। বিবিসি বাংলার দুজন সংবাদদাতা সম্প্রতি দুটি ভিন্ন গন্তব্য থেকে শাহজালাল আন্তর্জাতিক বিমানবন্দর হয়ে ঢাকা এসেছেন। বিমানবন্দরে তারা কী দেখলেন, এই প্রতিবেদনে থাকছে সেই অভিজ্ঞতা। বিবিসি বাংলার সংবাদদাতা ফয়সাল তিতুমীর বলেছেন, তিনি জার্মানি থেকে সিঙ্গাপুর হয়ে ঢাকায় এসেছেন।",10.39,2.67,7.79
news-46980918,"প্রয়োজন হলে হাতের স্মার্টফোনটির ভাঁজ খুলে ট্যাবলেটে রূপান্তরিত করা যায়, আবার ডিসপ্লের দুইপাশের অংশ পেছনে ফোল্ড করে পুনরায় ফোন হিসেবেও ব্যবহার করা যায়।",চীনের স্মার্টফোন উৎপাদনকারী প্রতিষ্ঠান শাওমি একটি ডবল ফোল্ডিং স্মার্টফোন বাজারে আনতে যাচ্ছে। স্যামসাং এবং স্টার্ট-আপ রয়্যাল আগেই তাদের নিজস্ব নমনীয়-স্ক্রীনযুক্ত ফোন উন্মোচন করেছিল। শাওমির ডবল ফোল্ডিং স্মার্টফোন বাজারে আসলে স্মার্টফোন প্রস্ততকারকদের তাদের ফোনগুলোকে অন্য ফোনগুলোর চাইতে আলাদা করবে।,3.17,0.0,3.17
news-44916623,"সপ্তাহ তিনেক আগে মিশরের প্রত্নতত্ত্ববিদরা আলেকজান্দ্রিয়া থেকে কালো গ্রানাইটের তৈরি বিশালাকৃতির একটি শবাধার উদ্ধার করেছে। ধারণা করা হচ্ছে, এই শবাধারটি প্রায় দু'হাজার বছরের পুরনো এবং এটি কেউ কখনো খুলেও দেখেনি।",মিশরের আলেকজান্দ্রিয়া শহরে একটি বাড়িঘর নির্মাণ কাজের সময় একটি শবাধার পাওয়া গেছে। শবাধারটি খোলার পর তিনটি মানুষের কঙ্কাল পাওয়া গেছে। ধারণা করা হচ্ছে তারা প্রাচীন মিশরের সেনাবাহিনীর সদস্য। শবাধারটি খোলার সময় একটি তীব্র দুর্গন্ধ বের হয়েছে। প্রত্নতত্ত্ববিদদের পক্ষে সেখানে থাকা সম্ভব হয়নি। পরে সামরিক বাহিনীর প্রকৌশলীদের সাহায্য নিয়ে শবাধারটি উন্মুক্ত করা হয়।,19.28,7.41,19.28
news-42562225,অবৈধ লেনদেন ও মুদ্রা পাচারের মামলায় সাতজন মোবাইল ব্যাংকিং এজেন্টকে গ্রেপ্তার করেছে পুলিশের অপরাধ তদন্ত বিভাগ (সিআইডি)।,"বাংলাদেশের ক্রমবর্ধমান একটি মোবাইল ব্যাংকিং প্রতিষ্ঠান বিকাশের আটজন এজেন্টকে গ্রেপ্তার করেছে দেশটির অপরাধ তদন্ত বিভাগ সিআইডি। তাদের বিরুদ্ধে অভিযোগ বিদেশ থেকে অবৈধভাবে টাকা দেশে পাচার। বিকাশের একজন কর্মকর্তা বিবিসিকে বলেন, বিদেশে বিকাশের কোনও শাখা নেই। বিদেশে অবস্থানরত বাংলাদেশি অভিবাসীরা যেসব মানি এক্সচেঞ্জ বা অর্থ ব্যবসায়ী প্রতিষ্ঠানে টাকা পাঠান তারা বিকাশের এজেন্ট। সেখান থেকে তারা বিকাশের মাধ্যমে দেশে টাকা পাঠায়।",23.68,16.22,23.68
news-53426701,"নিউইয়র্কে নিজের অ্যাপার্টমেন্টে নৃশংসভাবে খুন হওয়া ফাহিম সালেহ নিজের সম্পর্কে ওয়েবসাইটে লিখেছিলেন অন্ট্রেপ্রেনিওর, ইনভেস্টর, ড্রিমার অর্থাৎ উদ্যোক্তা, বিনিয়োগকারী, স্বপ্নবাজ।",ফাহিম সালেহ বাংলাদেশের একজন তরুণ উদ্যোক্তা ছিলেন যিনি পাঠাও নামের একটি রাইড-শেয়ারিং অ্যাপ প্রতিষ্ঠা করেছিলেন। তিনি মাত্র ৩৩ বছর বয়সে নিউইয়র্কের একটি অ্যাপার্টমেন্টে খুন হন। ফাহিম সালেহ একজন স্বপ্নবাজ মানুষ ছিলেন যিনি খুব কম বয়সেই সফল হয়েছিলেন এবং তার উদ্যোগ ও পরিশ্রমের জন্য পরিচিত ছিলেন।,18.46,3.17,15.38
news-44075756,"ঢাকায় কেনাকাটার জন্য খুবই জনপ্রিয় চাঁদনী চক, গাউসিয়া ও নিউমার্কেট এলাকা।",ঢাকার বিভিন্ন মার্কেটে অগ্নি দুর্ঘটনার ঝুঁকি রয়েছে। এসব মার্কেটের বেশিরভাগই পুরনো। এগুলোর অবকাঠামো পুরনো ও নষ্ট। এছাড়াও এসব মার্কেটে ফায়ার এক্সটিংগুইশার বা অগ্নি নিরাপত্তার অন্য কোনো ব্যবস্থা নেই। এসব মার্কেটের বেশিরভাগ দোকানে বিদ্যুৎ ব্যবহার করা হয় অনিয়মিতভাবে। এসব মার্কেটে প্রায়ই অগ্নিকাণ্ড ঘটে থাকে। সর্বশেষ এমনই এক অগ্নিকাণ্ডে রাজধানীর চাঁদনী চক এলাকার একটি মার্কেটে কমপক্ষে ১০ জন নিহত হয়েছেন। এর আগে গত বছরের জানুয়ারি মাসে গুলশানে সিটি কর্পোরেশন মার্কেটে ভয়াবহ অগ্নিকাণ্ডের ঘটনা ঘটেছিল।,7.23,2.47,4.82
news-44271219,যুক্তরাষ্ট্রে হাওয়াই অঙ্গরাজ্যের একটি আগ্নেয়গিরি সকলের দৃষ্টি কেড়েছে। নদীর মতো প্রবাহিত উত্তপ্ত লাল লাভা এবং আকাশে কালো ছাই মেঘ - কিলাওয়ে আগ্নেয়গিরির এই দৃশ্য অনেকেই হয়তো টেলিভিশনের পর্দায় দেখেছেন। কিন্তু এধরনের অগ্নুৎপাত কতোটা বিপদজনক?,"হাওয়াইয়ের কিলাওয়ে আগ্নেয়গিরির অগ্নুৎপাত শুরু হয়েছে ৩৫ বছর আগে। তবে গত কয়েক সপ্তাহে এই অগ্নুৎপাতের মাত্রা বেড়েছে মারাত্মক আকারে। এই আগ্নেয়গিরির লাভা এক বাড়ির পেছনের বাগান ও সামনের উঠোনে প্রবেশ করেছে। তবে এখনও পর্যন্ত কোন প্রাণহানির ঘটনা ঘটেনি। বিজ্ঞানীরা বলছেন, প্রত্যেক বছর ৬০টির মতো আগ্নেয়গিরিতে অগ্নুৎপাতের ঘটনা ঘটে। ১৫০০ সালের পর থেকে আগ্নেয়গিরির অগ্নুৎপাতে ২ লাখ ৮০ হাজার মানুষের মৃত্যু হয়েছে। সারা বিশ্বে যতোগুলো সক্রিয় আগ্নেয়গিরি আছে, সেসবের ১০০ কিলোমিটার এলাকার মধ্যে বসবাস প্রায় ৮০ কোটি মানুষের।",12.73,1.85,5.45
news-40910397,দাস প্রথার পক্ষে লড়েছিলেন এমন এক কনফেডারেটপন্থী জেনারেলের মূর্তি অপসারণের প্রতিবাদে শত শত শ্বেতাঙ্গ জাতীয়তাবাদী যুক্তরাষ্ট্রের ভার্জিনিয়া বিশ্ববিদ্যালয়ে মিছিল করেছেন।,"মার্কিন যুক্তরাষ্ট্রের ভার্জিনিয়ার শার্লোটসভিল শহরে শত শত শ্বেতাঙ্গ জাতীয়তাবাদী মশাল মিছিল করেছে। তারা বলছে, তাদের ইতিহাস ও ঐতিহ্য রক্ষার জন্য তারা এই মিছিল করছে। শহরের মেয়র মাইক সিনরটন বলেছেন, এই মিছিল বর্ণবাদী এবং এটি শহরবাসীদের জন্য ঝুঁকির কারণ হতে পারে। শহরের বাসিন্দারা বলছেন, এই মিছিল শহরের পরিবেশকে উত্তপ্ত করছে এবং সম্প্রদায়ের মধ্যে বিভাজন সৃষ্টি করছে। পরিস্থিতি স্থিতিশীল রাখতে শহর কর্তৃপক্ষ সতর্ক অবস্থানে রয়েছে।",14.46,7.41,12.05
news-55059868,"''শুধু বিয়ে করার জন্য কেউ ধর্মান্তরিত হলে তা বৈধ বলে গণ্য হবে না'', এই বিতর্কিত রায় ঘোষণার দিনকয়েকের মধ্যেই তা পুরোপুরি উল্টে দিয়ে নতুন রায় দিল ভারতের এলাহাবাদ হাইকোর্ট।","এলাহাবাদ হাইকোর্ট একটি রায় দিয়েছে যে একজন প্রাপ্তবয়স্ক ব্যক্তির তাদের জীবনসঙ্গী বেছে নেওয়ার অধিকার রয়েছে। এই রায়টি ভারতের বিভিন্ন রাজ্যে তথাকথিত 'লাভ জিহাদ' বা হিন্দু-মুসলিম বিবাহের বিরুদ্ধে আইন তৈরির প্রচেষ্টাকে প্রভাবিত করবে বলে আইন বিশেষজ্ঞরা মনে করছেন। এই রায়ের মাধ্যমে হাইকোর্ট জানিয়েছে যে তারা দম্পতিকে হিন্দু বা মুসলিম হিসেবে দেখতে রাজি নন, বরং তাদের প্রাপ্তবয়স্ক নাগরিক হিসেবে দেখেন যাদের স্বাধীন জীবনযাপনের অধিকার রয়েছে।",12.9,2.2,6.45
news-56182160,মালয়েশিয়ার সরকার সে দেশের আদালতের আদেশ অমান্য করে ও মানবাধিকার সংস্থাগুলোর আবেদন অগ্রাহ্য করে মিয়ানমারের ১০৮৬ জন নাগরিককে নিজ দেশে ফেরত পাঠিয়েছে।,"মালয়েশিয়া সরকার মিয়ানমারের ১০৯৮ জন নাগরিককে দেশে ফেরত পাঠিয়েছে। এদের মধ্যে কোনো রোহিঙ্গা শরণার্থী বা উদ্বাস্তু নেই বলে জানিয়েছে কুয়ালালামপুর সরকার। মানবাধিকার সংস্থাগুলো বলছে, ফেরত পাঠানো বর্মীদের মধ্যে কিছু সংখ্যালঘু নৃগোষ্ঠীর লোকজনও রয়েছেন যারা মিয়ানমারে নিপীড়নের শিকার হয়েছেন। মালয়েশিয়া বলছে, যাদের ফেরত পাঠানো হয়েছে তারা শরণার্থী নয়, বরং অভিবাসন আইন লঙ্ঘন করেছে। মালয়েশিয়ার একটি সামরিক ঘাঁটি থেকে মিয়ানমার নৌবাহিনীর তিনটি জাহাজে করে এসব অভিবাসন প্রত্যাশীকে ফেরত পাঠানো হয়েছে।",22.22,6.82,15.56
news-49309516,ব্রিটেনে দুটো বিদ্যুৎ কেন্দ্র ন্যাশনাল গ্রিড থেকে ১৫ মিনিটের জন্য বিচ্ছিন্ন হয়ে যাবার পর হাজার-হাজার ট্রেন যাত্রী আটকা পড়ে। কারণ ট্রেনগুলো বিদ্যুৎ চালিত।,"ব্রিটেনে বিদ্যুৎ বিভ্রাটের কারণে ট্রেন চলাচল বন্ধ হয়ে যায়। বিদ্যুৎ না থাকায় ট্রেনের সিগন্যাল ও অভ্যন্তরীণ সিস্টেম ক্ষতিগ্রস্ত হয়। বিদ্যুৎ ফিরে আসার পরও ট্রেনগুলো পুনরায় চালু করা সম্ভব হয়নি। বিদ্যুৎ না থাকার কারণে অনেক যাত্রী ট্রেন থেকে নেমে যায়। কিংস ক্রস স্টেশনে কয়েক ঘণ্টার জন্য সব ট্রেনের চলাচল বন্ধ হয়ে যায়। একজন যাত্রী বিবিসিকে বলেন, তিনি যে ট্রেনের জন্য অপেক্ষা করছিলেন সেটি এডিনবার্গ থেকে লন্ডনের কিংস ক্রস স্টেশন পর্যন্ত পৌঁছাতে ১৩ ঘণ্টা সময় লেগেছে।",18.37,0.0,12.24
news-57325950,বাংলাদেশের কোভিড-১৯ প্রতিরোধে সীমান্তবর্তী জেলা ও উচ্চ সংক্রমিত এলাকায় অঞ্চল ভিত্তিক সম্পূর্ণ লকডাউন দেয়ার পরামর্শ দিয়েছে কারিগরি পরামর্শক কমিটি।,"করোনাভাইরাস সংক্রমণ বেড়ে যাওয়ায় সীমান্ত এলাকায় কঠোর বিধিনিষেধ আরোপ করা উচিত বলে মনে করছে জাতীয় কারিগরি পরামর্শক কমিটি। কমিটি সুপারিশ করেছে, সীমান্ত এলাকায় জরুরি সেবায় নিয়োজিত ব্যক্তি ছাড়া সবাইকে বাড়িতে থাকতে, আন্তঃজেলা গণপরিবহন বন্ধ রাখতে এবং টহল বাড়াতে হবে। এছাড়া স্থানীয় প্রশাসনকে তাৎক্ষণিক ব্যবস্থা নেয়ার ক্ষমতা দেয়ার পরামর্শ দেয়া হয়েছে। গত ৩০ ও ৩১শে মে জাতীয় কারিগরি পরামর্শক কমিটির সভায় এসব সিদ্ধান্ত নেয়া হয়। সভায় বলা হয়, সীমান্তবর্তী জেলাগুলোতে করোনা সংক্রমণ বেড়ে যাওয়ায় এসব পদক্ষেপ নেয়া জরুরি।",16.49,6.32,10.31
news-48918896,মধ্যপ্রদেশের খান্ডোয়া জেলায় ২৫ জন ব্যক্তিকে কোমরে দড়ি বেঁধে 'গো মাতার জয়' বলতে বাধ্য করা হয়েছে বলে অভিযোগ উঠেছে।,"ভারতের মধ্যপ্রদেশ রাজ্যের খান্ডোয়া জেলার সাওলীখেড়া গ্রামে গরুর মাংস পরিবহনের অভিযোগে ২৫ জনকে গ্রেফতার করা হয়েছে। পুলিশের কাছে অভিযোগ করা হয়েছে যে, প্রায় শ'খানেক তথাকথিত গোরক্ষক এই ঘটনার সঙ্গে জড়িত। এদের মধ্যে ৬-৭ জন মুসলমান আর বাকিরা আদিবাসী। পুলিশ জানিয়েছে, সাওলীখেড়া গ্রামের মানুষরা আটটি গাড়িকে আটক করে, যেগুলোতে ২২টি গরু নিয়ে যাওয়া হচ্ছিল।",16.22,2.78,13.51
news-42849984,"স্টিভ উইন কেবল ক্যাসিনো জগতের একজন হোমড়া-চোমড়া ব্যক্তিই নন, তিনি রিপাবলিকান ন্যাশনাল কমিটির অর্থনীতি-বিষয়ক চেয়ারম্যান ছিলেন। তবে যৌন হয়রানির অভিযোগের মুখে তিনি সে পদ থেকে এবার সরে দাঁড়িয়েছেন।","ক্যাসিনো মোগল স্টিভ উইন যৌন হয়রানির অভিযোগে রিপাবলিকান ন্যাশনাল কমিটির তহবিল সংগ্রাহকের পদ থেকে পদত্যাগ করেছেন। ওয়াল স্ট্রিট জার্নালের এক প্রতিবেদনে বলা হয়, তিনি মেসেজ থেরাপিস্টদের যৌন হয়রানি করতেন। একজনকে তিনি জোর করে যৌন সম্পর্কে স্থাপনে বাধ্য করেছিলেন বলেও অভিযোগ আছে। এই অভিযোগের বিষয়ে মি: উইন কোনধরনের অসদাচরণের অভিযোগ অস্বীকার করেছেন। তিনি এসবকে 'হাস্যকর' বলে মন্তব্য করেছেন। তিনি রিপাবলিকান দলের একজন অর্থ-দাতা এবং তহবিল সংগ্রাহক। এই বিষয়টিতে রিপাবলিকানদের নীরবতার কারণে তারা ডেমোক্রেটিক ন্যাশনাল কমিটির তোপের মুখে পড়েছে। রিপাবলিকান ন্যাশনাল কমিটির প্রধান রন্না ম্যাকড্যানিয়েল জানিয়েছেন মি: উইনের পদত্যাগপত্র তিনি গ্রহণ করেছেন। এদিকে মি: উইন তার ভাষায় এসব 'অপবাদ' তৈরির জন্য তার প্রাক্তন স্ত্রীকে দোষারোপ করেছেন যার সঙ্গে তার আইনি লড়াই চলছে।",21.28,8.63,12.77
news-43824655,যুক্তরাষ্ট্রের মাঝ-আকাশে একটি বিমানের ইঞ্জিন থেকে ছুটে আসা ধারালো টুকরার আঘাতে জানালা ভেঙে যাওয়ার পর সেটিকে নিরাপদে অবতরণ করাতে সক্ষম হওয়ায় পাইলটের প্রশংসা করা হচ্ছে।,"সাউথওয়েস্ট এয়ারলাইন্সের একটি বিমানের ইঞ্জিনে বিস্ফোরণের ঘটনায় একজন যাত্রী নিহত হয়েছেন। বিমানটি নিউ ইয়র্ক থেকে ডালাসে যাচ্ছিল। বিমানের ইঞ্জিনের ফ্যানের ব্লেডে ত্রুটি থাকার কারণে এই বিস্ফোরণ হয়েছে বলে প্রাথমিক তদন্তে ধারণা করা হচ্ছে। বিমানটির জানালা ভেঙে যাওয়ার পর একজন মহিলা যাত্রী বাতাসের টানে বাইরের দিকে চলে যাচ্ছিলেন, যাকে অন্য যাত্রীরা টেনে ধরে রাখেন। পরে সেই মহিলা মারা যান। এ ঘটনায় আরও সাতজন যাত্রী সামান্য আহত হন। বিমানটি জরুরী অবতরণ করেছে।",20.83,10.64,16.67
news-51903045,অর্থনৈতিক সহযোগিতা ও উন্নয়ন সংস্থা ওইসিডি হুঁশিয়ার করে দিয়েছে যে বিশ্ব অর্থনীতির ওপর করোনাভাইরাসের প্রভাব কাটিয়ে উঠতে অনেক বছর সময় লেগে যাবে।,"ওইসিডির মহাপরিচালক এঞ্জেল গুরিয়া বলেছেন, করোনাভাইরাস মহামারির কারণে সৃষ্ট অর্থনৈতিক সংকট বিশ্বব্যাপী বড় ধরনের দীর্ঘমেয়াদী হতে পারে। তিনি বলেছেন, এই সংকট থেকে পুনরুদ্ধার করতে অনেক সময় লাগবে এবং বিশ্বের অনেক দেশে অর্থনৈতিক প্রবৃদ্ধি হবে না বা নিম্নমুখী হবে। ওইসিডি সরকারগুলোকে আহ্বান জানিয়েছে যাতে তারা দ্রুত ভাইরাস পরীক্ষার ব্যবস্থা নিশ্চিত করে এবং ভাইরাসের চিকিৎসার পেছনে মনোযোগ দেয়।",12.82,0.0,7.69
43811335,ভিয়েনার এক মসজিদে তুর্কী পতাকা হাতে প্রথম বিশ্বযুদ্ধের এক ঘটনা তুলে ধরেছিল একদল শিশু। বিষয়টি অস্ট্রিয়ার সরকারকে এতটাই ক্ষিপ্ত করেছে যে চ্যান্সেলর সেবাস্টিয়ান কুর্য এর বিরুদ্ধে কঠোর ব্যবস্থা নেয়ার হুমকি দিয়েছেন।,"অস্ট্রিয়ার রাজধানী ভিয়েনায় একটি মসজিদে একদল শিশু প্রথম বিশ্বযুদ্ধের সময় গ্যালিপলির যুদ্ধের একটি অনুকরণ মঞ্চায়ন করেছে। এতে তারা সামরিক ইউনিফর্ম পরে তুর্কী পতাকা হাতে মিছিল করে এবং যুদ্ধে গুলি খেয়ে মারা যাওয়ার ভান করে। এই ঘটনায় অস্ট্রিয়ার ডানপন্থী সরকার ভীষণ ক্ষুব্ধ এবং প্রধানমন্ত্রী সেবাস্টিয়ান কুর্য বলেছেন, মসজিদে যা ঘটেছে তার স্থান নেই অস্ট্রিয়ায়। তিনি বলেছেন, সরকার 'জিরো টলারেন্সের' নীতি নেবে এবং পূর্ণ শক্তি দিয়ে এসবের মোকাবেলা করবে। এই ঘটনার জন্য তুর্কী ইসলামিক কালচারাল এসোসিয়েশন দু:খিত এবং তদন্ত করে দেখছে। অস্ট্রিয়ার ইসলামিক এসোসিয়েশন বলেছে, এই কেলেংকারি অস্ট্রিয়ায় মুসলিমদের ভাবমূর্তির মারাত্মক ক্ষতি করতে পারে।",19.35,8.2,11.29
news-56563249,বাংলাদেশে করোনাভাইরাস সংক্রমণের হার আশঙ্কাজনক হারে বাড়তে থাকায় সরকারের পক্ষ থেকে ১৮ দফা নির্দেশনা দেয়া হয়েছে।,"করোনাভাইরাস প্রতিরোধে সরকারের ১৮ দফা নির্দেশনা জানিয়েছেন স্বাস্থ্যমন্ত্রী জাহিদ মালেক। এতে বলা হয়েছে, প্রয়োজনে বাইরে গেলে মাস্ক পরিধানসহ সকল ধরণের স্বাস্থ্যবিধি পরিপালন নিশ্চিত করতে হবে। সকল ধরণের জনসমাগম সীমিত করতে হবে। উচ্চ সংক্রমণযুক্ত এলাকায় সকল ধরণের জনসমাগম নিষিদ্ধ করা হলো। বিয়ে/জন্মদিন সহ যেকোন সামাজিক অনুষ্ঠান উপলক্ষ্যে জনসমাগম নিরুৎসাহিত করতে হবে। মসজিদসহ সকল উপাসনালয়ে যথাযথ স্বাস্থ্যবিধি পরিপালন নিশ্চিত করতে হবে।",15.79,5.41,15.79
news-44170862,"সেক্স এন্ড দ্য সিটি - এই টিভি সিরিয়ালের একটি আলোচিত উক্তি- ""এটা ব্যাগ নয়। এটা বিরকিন।""","মালয়েশিয়ার সাবেক প্রধানমন্ত্রী নাজিব রাজাকের বাড়িতে পুলিশের তল্লাশি চালানোর সময় অসংখ্য বিলাসবহুল জিনিসপত্র উদ্ধার করা হয়েছে। এর মধ্যে রয়েছে বিশ্বের সবচেয়ে দামী হ্যান্ডব্যাগের একটি ব্র্যান্ড 'হেরমেস বিরকিন'। এই ব্যাগটি সম্পদ ও মর্যাদার আন্তর্জাতিক প্রতীক। পুলিশ বলছে, তারা যেসব জিনিস উদ্ধার করেছে তার মধ্যে রয়েছে হেরমেস বিরকিন ব্র্যান্ডের কমলা রঙের বহু ব্যাগ। বলা হচ্ছে, এসব ব্যাগের মালিক নাজিব রাজাকের স্ত্রী এবং সাবেক ফার্স্ট লেডি রোজমাহ মানুসরের। একটি হেরমেস বিরকিন ব্যাগের দাম হতে পারে আট হাজার ডলার থেকে শুরু করে কয়েক লাখ ডলারও। পুলিশের এসব অভিযান অনলাইনে সরাসরি সম্প্রচার করা হয়েছে। তাদের কল্যাণে মালয়েশিয়ার বহু লোকজন প্রথমবারের মতো মূল্যবান এই ব্যাগটি দেখতে পেয়েছেন। তারা দেখেছেন, এসব ব্যাগ রাখা হয়েছে সুপারমার্কেটের শপিং ট্রলিতে।",6.4,0.0,4.8
news-51750993,"জিম্বাবুয়ের বিপক্ষে তৃতীয় ওয়ানডে ম্যাচের আগে সংবাদ সম্মেলনে মাশরাফী বিন মোর্ত্তজা ঘোষণা দেন, শুক্রবারের ম্যাচটিই অধিনায়ক হিসেবে তাঁর শেষ ম্যাচ।","বাংলাদেশের ওয়ানডে অধিনায়ক মাশরাফী বিন মোর্ত্তজা জিম্বাবুয়ের বিপক্ষে শেষ ওয়ানডেতে অধিনায়কত্ব করেছেন। তবে তিনি এখনো অবসরের কোন ঘোষণা দেননি। বাংলাদেশ ক্রিকেট বোর্ড জানিয়েছে, এক মাসের মধ্যে নতুন অধিনায়ক ঠিক করা হবে। সাকিব আল হাসানকে প্রথম পছন্দ হিসেবে রাখলেও নিষেধাজ্ঞার কারণে তা অনিশ্চিত।",32.26,10.0,22.58
news-51930169,একটা ভাইরাস সংক্রমণের কারণে পুরো ফ্রান্সের জীবন ও সমাজ অচল হয়ে পড়েছে - এমনটা আগে কখনো দেখেন নি প্যারিসের বাসিন্দা নিলুফার জাহান।,"ফ্রান্সের প্রেসিডেন্ট ইম্মানুয়েল ম্যাক্রঁ রোববার টিভিতে এক ভাষণ দিয়ে অন্তত ১৫ দিনের জন্য সবাইকে ঘরে বসে থাকতে বলেছেন। ফ্রান্সে সব স্কুল ক্যাফে-রেস্তোরাঁ, এবং ছোট দোকানপাট বন্ধ করে দেয়া হয়েছে। করোনাভাইরাস সংক্রমণে বিপর্যস্ত ফ্রান্সে এ পর্যন্ত ৬ হাজারেরও বেশি লোক সংক্রমিত হয়েছে আর মৃত্যু হয়েছে প্রায় দেড়শ জনের।",2.9,0.0,2.9
news-55359196,"বাংলাদেশে বহু মুসলিম পরিবারেই শিশুদের ধর্মীয় শিক্ষা শুরু হয় আরবি বর্ণমালার সঙ্গে পরিচয়ের মাধ্যমে। এর উদ্দেশ্য, তারা যেন কোরআন পড়তে পারে।","বাংলাদেশে আরবি ভাষা শেখানো হয় ধর্মীয় গ্রন্থ পড়ার জন্য, কিন্তু ভাষা হিসেবে শেখানো হয় না। শোলাকিয়ার ইমাম ফরিদ উদ্দিন মাসউদ বলেছেন, আরবি ভাষা শেখানোর পদ্ধতির দুর্বলতার কারণে বাংলাদেশে আরবি ভাষা জানা মানুষের সংখ্যা খুব কম। তিনি বলেছেন, যদি আরবি ভাষা শিশুকাল থেকেই ভাষা হিসেবে শেখানো হতো, তাহলে ধর্মীয় জ্ঞান অর্জনের সুযোগ বাড়ত এবং দেশও অর্থনৈতিকভাবে লাভবান হতো।",10.26,0.0,10.26
news-43891294,বিয়ের ছবি তোলেন এরকম একজন ফটোগ্রাফার এক দম্পতির জীবনের বিশেষ দিনের কিছু মুহূর্তের ছবি তুলতে গিয়ে এরকম বেপরোয়া হয়ে উঠতে পারেন সেটা হয়তো অনেকের কল্পনারও বাইরে।,"একজন ভারতীয় ফটোগ্রাফার বিয়ের ছবি তুলতে গিয়ে একটি গাছে উঠে ঝুলতে ঝুলতে ছবি তুলেছেন। এই ভিডিও ইন্টারনেটে ভাইরাল হয়েছে। ভিষ্ণু হোয়াইটরাম্প নামের এই ফটোগ্রাফার বলেছেন, তিনি একটি অসাধারণ অ্যাঙ্গেলে ছবি তুলতে চেয়েছিলেন। তিনি বলেছেন, ভাইরাল হওয়ার পর তিনি ভয় পেয়েছিলেন যে লোকে তাকে টিপ্পনি কাটবে। কিন্তু সবাই তার এই চেষ্টার প্রশংসা করেছে।",17.95,7.89,12.82
news-46552066,ভারতের একটি বিশ্ববিদ্যালয়ের আইন পরীক্ষায় প্রকাশ্যে গো-হত্যার ওপর এক প্রশ্ন নিয়ে তীব্র বিতর্ক শুরু হয়েছে।,"দিল্লির গুরু গোবিন্দ সিং ইন্দ্রপ্রস্থ বিশ্ববিদ্যালয়ের এলএলবি পরীক্ষায় একটি বিতর্কিত প্রশ্ন করা হয়েছে। প্রশ্নটিতে বলা হয়েছে, ""আহমেদ একজন মুসলমান। সে একটি গরুকে বাজারের মধ্যে হত্যা করে, যেখানে রোহিত, তুষার, মানভ আর রাহুল নামের কয়েকজন হিন্দু উপস্থিত ছিল। আহমেদ কি কোনও অপরাধ করেছে?"" এই প্রশ্নটি নিয়ে সোশ্যাল মিডিয়ায় বিতর্ক শুরু হয়েছে। দিল্লি সরকার একটি তদন্ত রিপোর্ট চেয়ে পাঠিয়েছে বিশ্ববিদ্যালয় কর্তৃপক্ষের কাছে।",21.05,5.41,18.42
news-51148940,ইরানের সর্বোচ্চ নেতা আয়াতোল্লাহ খামেনি যুক্তরাষ্ট্র এবং ইউরোপীয় দেশগুলোর তীব্র সমালোচনা করে তার দেশের জনগণকে ঐক্যবদ্ধ থাকার আহ্বান জানিয়েছেন।,"ইরানের সর্বোচ্চ ধর্মীয় নেতা আয়াতোল্লাহ খামেনি বলেছেন, ইরানের শত্রুরা ইউক্রেনীয় বিমান ভূপাতিত হওয়ার ঘটনাটি ব্যবহার করে জেনারেল কাসেম সোলেইমানি হত্যাকে ধামাচাপা দিতে চাইছে। তিনি বলেন, ইউক্রেনীয় বিমান ভূপাতিত হওয়ার ঘটনাটি একটি ট্র্যাজেডি। ইরানের সরকার তাদের বর্তমান ব্যবস্থা অব্যাহত রাখতে চায়, সরকারবিরোধী বিক্ষোভকারীরা যেসব দাবি জানাচ্ছে, তাদের ছাড় দেয়ার কোন ইচ্ছা তাদের নেই।",16.9,8.7,16.9
news-51847418,করোনাভাইরাস প্রাদুর্ভাব মোকাবেলায় সব দেশের নাগরিকদের ভিসা দেয়া স্থগিত ঘোষণা করেছে ভারত।,করোনাভাইরাস মোকাবেলায় ভারতে বিদেশি নাগরিকদের প্রবেশাধিকার স্থগিত করা হয়েছে। এই সিদ্ধান্ত ১৩ই মার্চ থেকে কার্যকর হবে। একই সময়ে ইউরোপ থেকে যুক্তরাষ্ট্রে ভ্রমণে নিষেধাজ্ঞা জারি করেছেন মার্কিন প্রেসিডেন্ট ডোনাল্ড ট্রাম্প। তবে এই নিষেধাজ্ঞা যুক্তরাজ্যের ওপর প্রযোজ্য হবে না। বিশ্বের বিভিন্ন দেশে করোনাভাইরাস সংক্রমণ বৃদ্ধির কারণে এই সিদ্ধান্ত নেয়া হয়েছে।,13.33,0.0,13.33
news-47944264,সিরিয়ায় গিয়ে ব্রিটিশ নাগরিকত্ব হারানো 'আইএস বধূ' শামীমা বেগমের নাগরিকত্ব ফিরে পেতে আইনি লড়াই চালাতে ব্রিটিশ সরকারের কাছ থেকে অর্থ সহায়তা পেতে যাচ্ছেন।,ব্রিটিশ নাগরিক শামীমা বেগমের জন্য আইনি লড়াই চালাতে অর্থ-সহায়তা দেয়ার বিষয়ে ইংল্যান্ডের পররাষ্ট্রমন্ত্রী জেরেমি হান্ট তার অস্বস্তিকর অবস্থার কথা জানিয়েছেন। শামীমা বেগম ইসলামিক স্টেট (আইএস) জঙ্গিদের সাথে যোগ দেয়ার জন্য ২০১৫ সালে লন্ডন ছেড়েছিলেন। এ বছর ফেব্রুয়ারিতে সিরিয়ার এক শরণার্থী শিবিরে তাকে পাওয়া যাবার পর তার ব্রিটিশ নাগরিকত্ব বাতিল করা হয়।,29.33,13.7,21.33
news-45822321,পৃথিবীর দুই অংশের মানুষ এখন তিনটি বড় ধরণের ঝড়ের মোকাবেলা করছে।,"ভারতের উডিষ্যা রাজ্যে বৃহস্পতিবার ভোরে আঘাত করেছে ঘূর্ণিঝড় তিতলি। ভারতের ঠিক অন্যপাশের উপকূলে, আরব সাগরের তীরে আঘাত করতে যাচ্ছে ঘূর্ণিঝড় বা সাইক্লোন লুবান। বাংলাদেশের আবহাওয়াবিদরা বলছেন, বৃষ্টিপাত হলেও বাংলাদেশে ঘূর্ণিঝড় তিতলির আসার সম্ভাবনা অনেক কম। সমুদ্র বন্দরগুলোকে ৪ নম্বর স্থানীয় হুঁশিয়ারি সঙ্কেত নামিয়ে ৩ নম্বর স্থানীয় সতর্ক সংকেত দেখাতে বলা হয়েছে। আর আর নদীবন্দরগুলোকে দেখাতে বলা হয়েছে ২ নম্বর নৌ হুঁশিয়ারি সংকেত। অনেকটা একই সময়ে যুক্তরাষ্ট্রে আছড়ে পড়তে শুরু করেছে হ্যারিকেন মাইকেল। সবমিলিয়ে এ বছরের দশ মাসেই বিশ্বের দেশগুলোয় ছোট বড় মিলিয়ে ৫০টির বেশি ঝড়ের তৈরি হয়েছে। একই সময়ে এতো বেশি ঝড়ের জন্য বিশ্বের উষ্ণতা বৃদ্ধি এবং জলবায়ু পরিবর্তনকে দায়ী করছেন বিজ্ঞানীরা।",3.54,0.0,3.54
news-55642677,গুলশানের সংযুক্ত আরব আমিরাতের দূতাবাসের ভিসা প্রসেসিং কার্যালয়ে একটি বিস্ফোরণে অন্ততঃ একজনের মৃত্যু হয়েছে বলে ঢাকায় কর্মকর্তারা জানাচ্ছেন।,"ঢাকার গুলশানে অবস্থিত সংযুক্ত আরব আমিরাতের ভিসা প্রসেসিং সেন্টারে বিস্ফোরণের ঘটনা ঘটেছে। এতে একজন নিহত ও অন্তত ছয়জন আহত হয়েছেন। পুলিশ ও দমকল কর্মকর্তারা জানিয়েছেন, বিস্ফোরণটি এসির বিস্ফোরণ থেকে হতে পারে।",24.49,12.77,24.49
news-56931108,"চিকিৎসা বা অন্যান্য প্রয়োজনে ভারতে আসা যে শত শত বাংলাদেশি নাগরিক এখন স্থলপথে দেশে ফিরতে চাইছেন, তাদের অন্তত ঈদের ছুটি শেষ হওয়া পর্যন্ত অপেক্ষা করতে হবে বলে বাংলাদেশ দূতাবাস সূত্রে জানা যাচ্ছে।","বাংলাদেশের হাইকমিশন জানিয়েছে, আগামী ১৬ মে থেকে আবার ভারতে বাংলাদেশের মিশনগুলো নাগরিকদের 'এনওসি' দিতে শুরু করবে। বেনাপোল ও আগরতলা সীমান্তে চাপ বেড়ে যাওয়ায় বুধবার নতুন তিনটে ল্যান্ড রুট খোলার সিদ্ধান্ত নেয়া হয়েছে। নতুন এই তিনটি রুট হলো গেদে-দর্শনা, দিনাজপুরের হিলি আর মালদার কাছে সোনামসজিদ।",2.6,0.0,2.6
news-49839382,বাংলাদেশে তৃতীয় মেয়াদে ক্ষমতায় এসে আওয়ামী লীগ নজিরবিহীন এক অভিযান শুরু করেছে দুর্নীতির বিরুদ্ধে।,"বাংলাদেশে গরুর মাংসের দাম বেড়ে প্রায় দ্বিগুণ হয়েছে। এর পেছনে চাঁদাবাজি অন্যতম কারণ বলে মনে করেন মাংস ব্যবসায়ী সমিতির মহাসচিব রবিউল আলম। তিনি বলেছেন, শুধু চাঁদাবাজি বন্ধ করলেই মাংসের দাম কমবে। এছাড়া টিআইবি বলছে, দেশের অর্থনীতিতে দুর্নীতির প্রভাব খুব বেশি। এই দুর্নীতির মধ্যে রয়েছে চাঁদাবাজি। এই দুর্নীতি দেশের বিভিন্ন খাতে রয়েছে। এগুলো থেকে মুক্তি পেতে হলে সরকারকে কঠোর পদক্ষেপ নিতে হবে।",5.33,0.0,5.33
news-50838654,সরকারের রাজনৈতিক সদিচ্ছা থাকলে এবং শিল্প কারখানার মালিকরা শ্রমিকদের কল্যাণকে প্রাধান্য দিলে অটোমেশনের কারণে বাংলাদেশের খুব বেশি কর্মী চাকরি হারাবে না বলে মনে করেন কর্মসংস্থান ও চাকরির ভবিষ্যত বিষয়ে করা এক গবেষণার গবেষকরা।,"বাংলাদেশে অটোমেশনের ফলে চাকরির বাজারে উল্লেখযোগ্য পরিবর্তন আসতে পারে। বিশেষ করে পোশাক শিল্পে অটোমেশনের প্রসারের ফলে কর্মীরা চাকরি হারাতে পারে। তবে, নীতিমালা ও দীর্ঘমেয়াদি পরিকল্পনা গ্রহণ করে প্রশিক্ষণ কার্যক্রম চালালে কর্মীরা চাকরি হারাতে পারে না। অটোমেশনের ফলে কিছু ক্ষেত্রে কর্মীরা চাকরি হারালেও তাদের বিকল্প কাজ পাওয়ার সম্ভাবনা রয়েছে।",12.35,0.0,7.41
news-48769590,নিষেধাজ্ঞা ভেঙ্গে ফ্রান্সের একটি স্থানীয় সুইমিং পুলে মুসলিম নারীরা বুরকিনি পরে সাঁতার কেটেছেন।,"ফ্রান্সের গ্রিনোবেল শহরের একটি সুইমিং পুলে বুরকিনি পরে সাঁতার কাটার ঘটনায় বিতর্ক সৃষ্টি হয়েছে। ফ্রান্সের অনেক সুইমিং পুলে বুরকিনি পরা নিষেধ, কারণ এটিকে রাজনৈতিক ইসলাম এবং অসঙ্গতিপূর্ণ ধর্মনিরপেক্ষতার প্রতীক হিসেবে দেখা হয়। গত মাসে ""অপারেশন বুরকিনি"" নামে একটি প্রচারণা শুরু করে সিটিজেন অ্যালায়েন্স অব গ্রিনোবেল এর সদস্যরা, যারা বলেছেন এটি মুসলিম নারীদের অধিকার। সুইমিং পুলে নামার পর এই নারীরা বুরকিনি পরে সাঁতার কাটেন, যা নিষেধ থাকা সত্ত্বেও তারা এটি করেছেন। পরে পুলিশ তাদেরকে জিজ্ঞাসাবাদ করে এবং প্রত্যেককে নিয়ম ভাঙ্গার অপরাধে ৪০ ডলার জরিমানা করে। বিক্ষোভকারীরা বলেছেন, তাদের অন্যান্য নাগরিকদের মত একই রকম অধিকার থাকা দরকার। তারা বলেছেন, তারা আমাদের বাচ্চাদের নিয়ে গ্রীষ্মের গরমে পাবলিক সুইমিং পুলে যাবেন, অন্যদের সাথে মজা করবেন। বুরকিনি শব্দটি বোরকা এবং বিকিনি শব্দের মিশ্রণ। এটি একটি সাঁতারের পোশাক যা মুসলিম নারীরা পরিধান করেন।",12.86,7.25,12.86
news-44256370,সাবিনা ইয়াসমিন (ছদ্মনাম) একটি বেসরকারি ব্যাংকে ৫ বছর ধরে কাজ করছিলেন। এ বছরের জানুয়ারি মাসে তাকে ডেকে আকস্মিক ভাবে পদত্যাগ করতে বলা হয়।,বাংলাদেশের ব্যাংকিং খাতে যোগ্য নেতৃত্বের অভাব দেখা দিয়েছে বলে মনে করা হচ্ছে। বাংলাদেশ ইন্সটিটিউট অব ব্যাংক ম্যানেজমেন্টের এক গবেষণায় এমনটি বলা হয়েছে। গত বছর দেশের বিভিন্ন ব্যাংকে প্রায় পাঁচ হাজার সাতশ' জনকে বাধ্যতামূলক চাকরি ছাড়ার কথা বলা হয়েছে। আর প্রায় নয় হাজার বিশ জন চাকরি হারিয়েছেন বলে গবেষণাটিতে বলা হয়েছে।,8.22,0.0,5.48
news-48406083,গত এক সপ্তাহে হিমালয়ের চূড়ায় সাতজন পর্বতারোহী মারা গেছেন। সেখানে গত এক বছরে এর চেয়ে কম মানুষ মারা গেছেন।,হিমালয়ের চূড়ায় ভিড় বাড়ার প্রধান কারণ হলো পর্বতারোহণের জনপ্রিয়তা বৃদ্ধি এবং অনেক পর্বতারোহীর প্রয়োজনীয় প্রশিক্ষণ ও শারীরিক সামর্থ্যের অভাব। এটি পর্বতারোহীদের জন্য ঝুঁকিপূর্ণ পরিস্থিতি তৈরি করে এবং শেরপাদের জীবনও বিপন্ন করে। পরিবেশবাদী গোষ্ঠীগুলি পর্বতারোহণে আগ্রহীদের অনুমতি দেওয়ার হার কমানোর জন্য আহ্বান জানিয়েছে।,6.56,3.39,6.56
news-45541192,শরীয়তপুরের নড়িয়া উপজেলায় মুলফৎগঞ্জ বাজারটি তিনশো বছরের পুরনো।,"নড়িয়া উপজেলার বিভিন্ন এলাকায় পদ্মা নদীর ভাঙন হচ্ছে। এতে অনেক বাড়িঘর, দোকানপাট, রাস্তা নদীতে বিলীন হয়ে যাচ্ছে। নড়িয়া উপজেলা স্বাস্থ্য কমপ্লেক্সের একটি অংশও নদীতে পড়েছে। ভাঙনের শিকার হয়ে অনেকে রাস্তায় বসবাস করছে। তারা তাদের সম্পদ রক্ষা করার চেষ্টা করছে। এই ভাঙনের ফলে অনেকেই গৃহহীন হয়ে পড়েছে।",3.7,0.0,3.7
news-55555497,"বরিশালের বাবুগঞ্জে বৌভাতের অনুষ্ঠানে খাবারে মাংস কম দেয়ার অভিযোগ থেকে বিতর্ক শুরু, বাকবিতণ্ডা থেকে হাতাহাতি ও লাঠালাঠি, শেষ পর্যন্ত পাত্রের একজন অভিভাবকের মৃত্যুতে শেষ হয় বিতণ্ডা।","বাংলাদেশের বরিশাল জেলার বাবুগঞ্জে এক বিয়ের অনুষ্ঠানে মারামারি চলাকালীন এক ব্যক্তি নিহত হয়েছেন। এ ঘটনায় ২২ জনকে পুলিশ সোপর্দ করেছে। এদের মধ্যে ৯ জনকে গ্রেপ্তার করা হয়েছে। নিহত আজহার মীর বরের চাচা এবং একমাত্র অভিভাবক বলে জানা যাচ্ছে। বরিশাল মেট্রোপলিটন এয়ারপোর্ট থানার সহকারী পুলিশ সুপার (এএসপি) নাসরিন জাহান বিবিসিকে বলেছেন, এ ঘটনায় এখনো মামলা হয়নি। তবে মামলার প্রক্রিয়া চলছে। তিনি বলেন, যেহেতু এখনো দুই পরিবারে শোকের অবস্থা তাই হয়ত আজ তারা মামলা দায়ের করবেন।",4.0,0.0,4.0
news-45214104,ভারতের সদ্যপ্রয়াত সাবেক প্রধানমন্ত্রী অটলবিহারী বাজপেয়ী যে সাড়ে ছ'বছর দিল্লির ক্ষমতায় ছিলেন - তার মধ্যে মোটামুটি অর্ধেকটা সময় তিনি ঢাকাতে শেখ হাসিনার নেতৃত্বে আওয়ামী লীগ সরকার ও বাকি অর্ধেকটা খালেদা জিয়ার নেতৃত্বে একটি বিএনপি জোট সরকারকে পেয়েছিলেন।,"ভারতের সাবেক প্রধানমন্ত্রী অটলবিহারী বাজপেয়ীর মৃত্যু হলেও বাংলাদেশের সঙ্গে তার সম্পর্ক নিয়ে এখনও নানা রকম আলোচনা চলছে। বাজপেয়ীর আমলে ভারত-বাংলাদেশ সম্পর্কে অনেকগুলো ওঠাপড়া গেছে। তার আমলেই চালু হয়েছিল ঢাকা-কলকাতা বাস পরিষেবা। ভারতের সাবেক পার্লামেন্টারিয়ান কৃষ্ণা বোস বলেছেন, বাজপেয়ী ভারতের দুই পাশে দুটি শত্রু রাষ্ট্র থাকলে ভারত শান্তিতে থাকতে পারবে না। তাই তিনি বাংলাদেশের প্রতি বিশেষ রকম নরম ছিলেন।",16.49,4.21,12.37
news-50452028,"সৌদি আরবের রাষ্ট্রীয় তেল সংস্থা আরামকো শেয়ার বিক্রির জন্য তাদের যে প্রাথমিক মূল্যায়ন করেছে, তাতে আইপিওর মূল্য দাঁড়িয়েছে ১ লক্ষ ৭০ হাজার কোটি ডলার।",সৌদি আরবের রাষ্ট্রীয় মালিকানাধীন তেল কোম্পানি আরামকো তাদের ১.৫% শেয়ার বিক্রি করে ২৫ বিলিয়ন ডলার উত্থাপন করতে যাচ্ছে। এটি হবে বিশ্বের বৃহত্তম প্রাথমিক স্টক অফার। আরামকোর শেয়ার বিক্রি করা হবে সৌদি স্টক এক্সচেঞ্জে। আরামকোর শেয়ার বিক্রির মাধ্যমে সৌদি সরকার তেল খাতের বাইরে অন্যান্য খাতে বিনিয়োগ করতে চায়।,30.56,8.57,22.22
news-44240020,বাংলাদেশে স্থানীয় সরকার নির্বাচনের প্রচারে সংসদ সদস্যদের অংশগ্রহণের পথ খুলে দিয়ে নির্বাচন কমিশন যে নতুন বিধিমালা তৈরি করেছে তা সুষ্ঠু নির্বাচনের পথে প্রতিবন্ধকতা তৈরি করবে বলে মনে করছে নির্বাচন প্রক্রিয়ার পর্যবেক্ষকরা।,"বাংলাদেশে সিটি কর্পোরেশন নির্বাচনের আচরণবিধি সংশোধন করেছে নির্বাচন কমিশন। এতে বলা হয়েছে, সংসদ সদস্যরা সিটি কর্পোরেশন নির্বাচনের প্রচারে অংশ নিতে পারবেন। কিন্তু তারা সার্কিট হাউজ এবং সরকারি গাড়ি ব্যবহার করতে পারবে না। এর আগে নির্বাচন কমিশনের আচরণবিধি অনুযায়ী, তফসিল প্রকাশের পর মন্ত্রী এমপিসহ সরকারি সুবিধাভোগী ব্যক্তিরা সিটি কর্পোরেশন নির্বাচনের প্রচারে অংশ নিতে পারেন না। নির্বাচন পর্যবেক্ষণকারী সংস্থা সুশাসনের জন্য নাগরিক-এর সম্পাদক বদিউল আলম মজুমদার বিবিসিকে বলেছেন, এই সিদ্ধান্ত সুষ্ঠু, নিরপেক্ষ এবং গ্রহণযোগ্য নির্বাচনের পথে প্রতিবন্ধকতা সৃষ্টি করবে।",23.85,7.48,16.51
news-53512439,লন্ডনের একটি ব্যাঙ্কে বহু বছর ধরে গচ্ছিত হায়দ্রাবাদের নিজামের প্রায় সাড়ে চার কোটি ডলারের সম্পদ নিয়ে আইনি লড়াই আরও জটিল হয়েছে।,"হায়দ্রাবাদের নিজামদের ফলুকনামা প্যালেস এই বিপুল অঙ্কের অর্থের মালিকানা পাওয়ার লড়াইতে যেমন নিজামের বংশধররা আছেন, তেমনি জড়িত আছে চিরপ্রতিদ্বন্দ্বী দুই দেশ ভারত ও পাকিস্তানও। হায়দ্রাবাদের সপ্তম নিজাম মির ওসমান আলি খানের নাতি প্রিন্স মুকররম জাহ্ ও প্রিন্স মুফফাকাম জাহ্, যারা এখন তুরস্কে বসবাস করেন, তাদের সঙ্গে এই সম্পদ নিয়ে ভারত সরকারের একটি 'গোপন সমঝোতা' হয়েছিল। গত বছরের অক্টোবরে লন্ডনের একটি আদালত তাদের পক্ষেই রায় দেয় এবং নিজামের বংশধররা ও ভারত কীভাবে এই সম্পদ ভাগ-বাঁটোয়ারা করবে তা নিয়ে নিজেদের মধ্যে আলোচনা করে কোর্টকে জানাতে বলে। জাস্টিস মার্কাস স্মিথ এই সম্পদের ওপর পাকিস্তানের দাবি 'বেআইনি' বলেও খারিজ করে দেন। কিন্তু এখন হায়দ্রাবাদের নিজামের পরিবারের আরও শতাধিক বংশধর নওয়াব নাজাফ আলি খানের নেতৃত্বে সেই রায়কে চ্যালেঞ্জ করেছেন এবং ওই অর্থের ওপর নিজেদের মালিকানা দাবি করেছেন।",9.72,4.23,8.33
news-37527978,ভারত-পাকিস্তান সীমান্তে উত্তেজনার প্রভাব পড়েছে দুই দেশের বিনোদন জগতেও। কিছুদিন আগে ভারত থেকে পাকিস্তানি তারকাদের ফেরত পাঠানোর কথা বলেছিল ভারত।,"পাকিস্তানে ভারতীয় সিনেমা প্রদর্শন বন্ধ রাখার ঘোষণা দিয়েছে দেশটির সিনেমা হল মালিকরা। এর আগে ভারতে পাকিস্তানি শিল্পীদের বয়কটের ডাক দেয়া হয়েছে। পাকিস্তানের সামরিক বাহিনীর সঙ্গে একাত্মতা ঘোষণা করে কোনও ভারতীয় সিনেমা প্রদর্শন করা হবে না, এমন ঘোষণা দিয়েছে সেদেশের সিনেমার পরিবেশকরা। এদিকে, পাকিস্তানের প্রধানমন্ত্রী ৩ অক্টোবর দেশের প্রধান রাজনৈতিক দলগুলোকে উদ্ভূত পরিস্থিতি নিয়ে আলোচনার জন্যে আহ্বান করেছেন। পাকিস্তানে ভারতীয় সিনেমা প্রদর্শন বন্ধ রাখার ঘোষণা দিয়েছে দেশটির সিনেমা হল মালিকরা। এর আগে ভারতে পাকিস্তানি শিল্পীদের বয়কটের ডাক দেয়া হয়েছে। পাকিস্তানের সামরিক বাহিনীর সঙ্গে একাত্মতা ঘোষণা করে কোনও ভারতীয় সিনেমা প্রদর্শন করা হবে না, এমন ঘোষণা দিয়েছে সেদেশের সিনেমার পরিবেশকরা। এদিকে, পাকিস্তানের প্রধানমন্ত্রী ৩ অক্টোবর দেশের প্রধান রাজনৈতিক দলগুলোকে উদ্ভূত পরিস্থিতি নিয়ে আলোচনার জন্যে আহ্বান করেছেন।",4.44,0.0,4.44
news-41386651,বাংলাদেশ সফরে এসে জাতিসংঘ শরণার্থী সংস্থা ইউএনএইচসিআর প্রধান ফিলিপো গ্র্যান্ডি বলেছেন মিয়ানমারের উচিৎ কোফি আনান কমিশনের সুপারিশ অনুযায়ী রোহিঙ্গাদের নাগরিকত্ব দেওয়া।,"কক্সবাজারে জাতিসংঘ শরণার্থী সংস্থার প্রধান ফিলিপো গ্র্যান্ডি রোববার রোহিঙ্গা শরণার্থী শিবির পরিদর্শন করেছেন। তিনি বলেছেন, পৃথিবীর বিভিন্ন দেশ যখন শরণার্থীদের জন্য সীমান্ত বন্ধ করে দিচ্ছে, সেখানে বাংলাদেশ রোহিঙ্গাদের জন্য দরজা খুলে দিয়েছে। তিনি বলেছেন, স্থানীয় জনগোষ্ঠীর ওপর বড় ধরণের চাপ তৈরি হয়েছে। সুতরাং শুধুমাত্র রোহিঙ্গাদের কথা ভাবলে চলবে না।",22.86,8.82,20.0
news-46237664,দু'হাজার তেরো সালের ডিসেম্বর মাস। ঢাকায় এক সফরে এলেন ভারতের তৎকালীন পররাষ্ট্র সচিব সুজাতা সিং।,"বাংলাদেশের নির্বাচন নিয়ে ভারত কেন এবার উদাসীন তা নিয়ে প্রশ্ন ওঠাচ্ছে। বাংলাদেশের রাজনৈতিক পর্যবেক্ষকদের অনেকেই মনে করেন, বাংলাদেশের নির্বাচন নিয়ে ভারতের নিস্পৃহ ভাব দেখানোর বিষয়টি হয়তো তাদের কৌশলে কোন পরিবর্তন হতে পারে। বাংলাদেশের রাজনীতিতে ভারত কতটা গুরুত্বপূর্ণ তা নিয়েও প্রশ্ন তুলেছেন তারা।",3.45,0.0,3.45
news-37768723,মদ পানের ক্ষেত্রে পুরুষদের প্রায় ধরে ফেলেছে মহিলারা। তাদের মধ্যে মদ পানের অভ্যাস দ্রুত বাড়ছে। বিশ্ব জুড়ে পরিচালিত এক সমীক্ষায় এই দাবি করা হয়েছে।,"সাম্প্রতিক গবেষণা অনুযায়ী, মহিলাদের মধ্যে মদ পানের অভ্যাস বাড়ছে এবং পুরুষদের সাথে তাদের মধ্যে মদ পানের ব্যবধান কমে যাচ্ছে। গবেষকরা বলছেন, সমাজে নারী-পুরুষের ভূমিকার পরিবর্তন এবং মদের সহজলভ্যতা এই পরিবর্তনের কারণ। মদ প্রস্তুতকারকরা এখন নারীদেরকে ভোক্তা হিসেবে টার্গেট করছে, বিশেষ করে তরুণীদের।",29.85,15.38,23.88
news-53120172,করোনাভাইরাসের বিরুদ্ধে লড়াইয়ে ভিটামিন ডি-র কোন ভূমিকা আছে কিনা তা নিয়ে প্রশ্ন ক্রমেই বাড়ছে।,"ব্রিটেনের জনস্বাস্থ্য কর্মকর্তারা লকডাউনের সময় ভিটামিন ডি খাওয়ার পরামর্শ দিয়েছেন। তারা বলছেন, ঘরের ভেতরে থাকার কারণে অনেকের শরীরে ভিটামিন ডির ঘাটতি তৈরি হচ্ছে। ভিটামিন ডি শরীরের রোগ প্রতিরোধ ক্ষমতা বাড়ায় এবং সংক্রমণের বিরুদ্ধে লড়াইয়ে সাহায্য করে।",15.69,8.16,7.84
news-47397239,"যুক্তরাজ্যের দাতব্য প্রতিষ্ঠান অটিস্টিকা জানাচ্ছে, এনারক্সিয়া বা ক্ষুধামন্দা রোগ নিয়ে যারা হাসপাতালে ভর্তি হয় তাদের মধ্যে প্রতি পাঁচজনের একজনের অটিস্টিক সমস্যা রয়েছে।","যুক্তরাজ্যের একটি গবেষণা অনুসারে, অটিজমের কারণে খাবার গ্রহণে অনীহা বা ক্ষুদামন্দার সৃষ্টি হতে পারে। ক্ষুধামন্দায় আক্রান্ত এক নারী জানিয়েছেন, অটিজমের কারণেই তিনি খাবার গ্রহণের ব্যাপারে 'অবসেসড' বা ভীষণ রকম খুঁতখুঁতে মেজাজের হয়ে পড়েন। বিশেষজ্ঞরা মনে করছেন, ক্ষুধামন্দার সাথে অটিজমের সম্পর্ক জানতে আরও ব্যাপক গবেষণার দরকার রয়েছে।",8.82,0.0,8.82
news-46002944,রাতারাতি ওলট পালট ঘটে গেছে শ্রীলঙ্কার সরকার ও রাজনীতির মানচিত্রে।,"শ্রীলঙ্কার প্রেসিডেন্ট মৈথ্রিপালা সিরিসেনা হঠাৎ করে প্রধানমন্ত্রী রানিল বিক্রমসিংহেকে বরখাস্ত করে তার জায়গায় সাবেক প্রেসিডেন্ট মাহিন্দা রাজাপাক্সেকে নিয়োগ দেন। এর আগে তিনি ক্ষমতাসীন জোট থেকে তার দল ইউপিএফএ'কে প্রত্যাহার করে নেন। বিক্রমসিংহের সমর্থক ও মন্ত্রী শরৎ ফনসেকা বলছেন, প্রেসিডেন্ট বেআইনী কাজ করেছেন, সংবিধান লঙ্ঘণ করেছেন। তিনি বলেন, সংসদে এখনো তাদের দলই সংখ্যাগরিষ্ঠ। তিনি বলেন, দুর্বৃত্তরা এরই মধ্যে রাষ্ট্রীয় টিভি স্টেশনে ঢুকে জোর করে দখল করেছে।",5.26,0.0,5.26
news-48250607,প্রতিদিন সামহি মুস্তাফা কায়রোর কাছে তার বাড়ি থেকে মিশরের দক্ষিণের প্রদেশ বানি সোয়েফ পর্যন্ত ২০০ কিলোমিটার যাত্রা করেন।,"মিশরের একজন সাংবাদিক যিনি পাঁচ বছর কারাগারে কাটিয়েছেন, তাকে এখন প্রতিদিন ১২ ঘণ্টা একটি পুলিশ স্টেশনে কাটাতে হচ্ছে। এটি 'সাপ্লিমেন্টারি পেনাল্টি' নামে পরিচিত, যা মিশরে জেল থেকে মুক্তি পাওয়া ব্যক্তিদের জন্য একটি বাধ্যতামূলক শাস্তি। সাংবাদিক সামহি মুস্তাফা এই শাস্তি ভোগ করছেন, যিনি ২০১৩ সালে 'মিথ্যা সংবাদ' প্রচার এবং প্রেসিডেন্ট মোহাম্মদ মোরসি বিরোধী বিক্ষোভ চলাকালীন মুসলিম ব্রাদারহুডের সদস্যদের সাহায্য করার অভিযোগে কারাদণ্ড হয়েছিল। এই শাস্তি মিশরে শতশত বিরোধী মতাবলম্বী রাজনৈতিক কর্মীকে প্রভাবিত করছে, যাদের মধ্যে অনেকে একই ধরনের সাজা ভোগ করছেন।",10.2,2.08,6.12
news-53784357,"বাংলাদেশে পুলিশের কর্মকর্তারা বলেছেন, কক্সবাজারে অবসরপ্রাপ্ত মেজর সিনহা মো: রাশেদের হত্যার ঘটনাকে কেন্দ্র করে পুলিশ বাহিনীর ভাবমূর্তি প্রশ্নের মুখে ফেলা হচ্ছে। সেজন্য পুলিশ কর্মকর্তাদের অ্যাসোসিয়েশন বিবৃতি দিয়ে বাহিনীটির অবস্থান তুলে ধরেছে বলে কর্মকর্তারা উল্লেখ করেছেন।","বাংলাদেশে পুলিশের গুলিতে নিহত সাবেক সেনা কর্মকর্তা মেজর সিনহা মো: রাশেদ-এর মৃত্যুর ঘটনার পর সামাজিক মাধ্যমে পুলিশের বিরুদ্ধে ব্যাপক ক্ষোভ প্রকাশ পাচ্ছে। পুলিশ সার্ভিস অ্যাসোসিয়েশন বলেছে, সিনহা হত্যার ঘটনাটি কোন ব্যক্তির হতে পারে, এর দায় কোন প্রতিষ্ঠানের নয়। বিশ্লেষকরা মনে করেন, ক্রসফায়ার, গুমসহ নানা ধরণের অভিযোগ নিয়ে অনেক মানুষ এখন পুলিশের বিরুদ্ধে তাদের ক্ষোভ প্রকাশ করছেন।",17.39,6.67,15.22
news-46698395,বাংলাদেশে আসন্ন জাতীয় সংসদ নির্বাচনের সময় অসত্য তথ্য প্রচার ঠেকাতে র‍্যাব ফেসবুকে একটি পেজের মাধ্যমে 'র‍্যাব সাইবার নিউজ ভেরিফিকেশন সেন্টার' নামে একটি কেন্দ্র চালু করার ঘোষণা দিয়েছে।,"র‍্যাব নির্বাচনের সময় সামাজিক মাধ্যমে প্রচারিত ভুয়া খবর রোধে 'র‍্যাব সাইবার নিউজ ভেরিফিকেশন সেন্টার' চালু করেছে। র‍্যাব জানিয়েছে, নির্বাচনের সময় যদি সামাজিক মাধ্যমের কোন খবর নিয়ে কারো সন্দেহ থাকে, তা তাদের কাছে পাঠালে তারা খবরের সত্যতা যাচাই করে ফিডব্যাক দেবে। র‍্যাবের মিডিয়া উইংয়ের পরিচালক মুফতি মাহমুদ খান বিবিসি'কে বলেন সোশ্যাল মিডিয়াতে কোনো খবর আসলেই সেটা দেখে মানুষের মধ্যে বিশ্বাস করার প্রবণতা থাকায় সমস্যার সৃষ্টি হয় অনেক সময়।",25.74,14.14,21.78
news-48295298,"""এনিয়ে আমি দ্বিতীয়বার চিন্তা করি না। গর্ভপাতের বিষয়ে আমরা খোলামেলা কথা বলি। আমার মনে আছে, শেষবার যখন গর্ভপাত করি তখন আমি আমার সব বন্ধুসহ পরিবারের সবাইকে জানিয়েছিলাম,"" বলছিলেন গ্রিনল্যান্ডের ১৯ বছর বয়সী পিয়া। পরিচয় গোপন রাখতে তার নামটি বদলে দেওয়া হয়েছে।","গ্রিনল্যান্ডে গর্ভপাতের হার বেশি হওয়ার পেছনে অর্থনৈতিক সমস্যা, আবাসনের সঙ্কট এবং শিক্ষার অভাব প্রধান কারণ। গ্রিনল্যান্ডে প্রতি বছর যেখানে ৭০০টি শিশুর জন্ম হয়েছে সেখানে গর্ভপাতের ঘটনা ঘটেছে ৮০০টি। গ্রিনল্যান্ডের নারীরা অনাকাঙ্খিত গর্ভধারণের ব্যাপারে মোটেও চিন্তিত নয় এবং তারা গর্ভপাত করাতে বেছে নেয়।",12.05,0.0,7.23
news-51697033,বাংলাদেশে ১৯৭৩ সালে সাধারণ বীমা ও জীবন বীমা কর্পোরেশন প্রতিষ্ঠার মাধ্যমে বীমা খাতের শুরু হলেও আজই অর্থাৎ পয়লা মার্চ প্রথমবারের মত জাতীয় বীমা দিবস হিসেবে পালন করা হচ্ছে।,"বাংলাদেশে প্রায় দুই কোটি মানুষ বীমার আওতায় রয়েছেন। বীমা হলো নির্দিষ্ট অর্থের বিনিময়ে জীবন, সম্পদ বা মালামালের সম্ভাব্য ক্ষয়ক্ষতির ঝুঁকি কোনো প্রতিষ্ঠানকে স্থানান্তর করা। বীমা করার আগে সংশ্লিষ্ট বীমার শর্তাবলী ভালোভাবে জেনে নেয়া উচিত। বীমা এক ধরনের বিনিয়োগ যা ভবিষ্যতের অনিশ্চয়তার কথা ভেবে এখন থেকে একটি নির্দিষ্ট অর্থ জমা রাখা যাতে নির্দিষ্ট মেয়াদের পর সেই অর্থ ফেরত পাওয়া যায়।",13.79,0.0,11.49
150110_pg_srilanka_after_mahinda,নির্বাচনের দিন কলম্বোয় একটি ভোটগণনা কেন্দ্রে সারাদিন ধরে পুলিশ আর সেনাবাহিনীর কর্মকর্তাদের সাথে কথা বলেছেন একজন কর্মী।,"শ্রীলংকার প্রাক্তন প্রেসিডেন্ট মহিন্দা রাজাপাকশে নির্বাচনে হেরে যাওয়ার পর তার সমর্থকদের সাথে কথা বলার সময় বলেছিলেন, সেনাবাহিনী তার বিদায় চাইছে। বিবিসির চার্লস হ্যাভিল্যান্ড বলছেন, সেনাবাহিনীর মনোভাব স্পষ্ট নয়, তবে এটা সত্য যে শ্রীলংকার সেনাবাহিনী চাইছে রাজাপাকশে যাক। মহিন্দা রাজাপাকশে শ্রীলংকার প্রতিরক্ষা বাজেটে বিপুল পরিমাণ অর্থ বরাদ্দ করেছিলেন এবং তামিল টাইগারদের বিরুদ্ধে তার বিজয়কে কাজে লাগিয়ে পূর্বের নির্বাচনগুলো জিতেছিলেন। তবে তার পরিবার শ্রীলংকার অর্থনীতির ৭০ শতাংশ নিয়ন্ত্রণ করে, এবং সরকারের বিভিন্ন উচ্চপদে তার পরিবারের সদস্যরা অধিষ্ঠিত ছিলেন। শ্রীলংকায় এক বিচিত্র পরিস্থিতি চলছিল, যেখানে বিক্ষোভ হতো, কিন্তু তা সাধারণত অ-রাজনৈতিক ইস্যু নিয়ে। মানবাধিকার নিয়ে কোন সমাবেশ হলে সরকারপন্থীরা পাল্টা সমাবেশ করতেন। কিছু সাংবাদিক সরকারের সমালোচনা করতেন, তবে ইংরেজি ভাষায় - যা সবাই বোঝে না। তামিলদের বিরুদ্ধে যুদ্ধের সময়কার নৃশংসতা নিয়ে খুব কমই কথা বলা যেতো। বিষয়টি নিয়ে এখন জাতিসংঘের তদন্ত চলছে। নির্বাচনের দিন কেউ যদি এ ক্ষেত্রে যুদ্ধাপরাধের কথা তোলেন, তাকে নাম দেয়া হয় 'বিশ্বাসঘাতক' বলে। নতুন প্রেসিডেন্ট মৈত্রীপালা সিরিসেনা নিজেও এমন কথা বলেছেন, যখন তিনি রাজাপাকশের সরকারে মন্ত্রী ছিলেন। সিরিসেনা বলেছেন, তিনি তার দেশের বিচ্ছিন্নতা কাটাতে চান। কিন্তু একটা বড় প্রশ্ন হচ্ছে, তিনি যুদ্ধাপরাধের ব্যাপারে জাতিসংঘের তদন্তকে গ্রহণ করবেন কিনা।",6.12,3.09,4.08
news-53821957,ঢাকার মগবাজার এলাকায় বসবাস করেন আফরোজা আক্তার। নিজের প্রথম সন্তানের জন্মের সময় নরমাল ডেলিভারি বা স্বাভাবিক প্রসবের জন্য নিজেকে প্রস্তুত করেছিলেন তিনি।,"বাংলাদেশে সিজারিয়ান সংখ্যা বাড়ছে, বিশেষ করে বেসরকারি হাসপাতালগুলোতে। বেসরকারি হাসপাতালগুলোতে সিজারের হার ৮৩ শতাংশ, সরকারি হাসপাতালে ৩৫ শতাংশ ও এনজিও হাসপাতালে ৩৯ শতাংশ। স্টপ আননেসেসারি সি-সেকশন প্রচারণার মাধ্যমে স্বাভাবিক প্রসবের পক্ষে প্রচার চালাচ্ছে অনেক সংস্থা। তারা বলছে, সিজারিয়ান মা ও শিশু উভয়কেই অস্ত্রোপচারের ঝুঁকিতে ফেলে।",5.88,3.03,5.88
news-43006012,"""বিজ্ঞানে এটা প্রমাণ হয়েছে যে সুখী হতে হলে সচেতন প্রচেষ্টার প্রয়োজন,"" বলেছেন যুক্তরাষ্ট্রে ইয়েল বিশ্ববিদ্যালয়ে মনোবিজ্ঞান এবং কগনিটিভ বিজ্ঞান বিভাগের একজন অধ্যাপক লরি স্যান্টোস।","ইয়েল বিশ্ববিদ্যালয়ের অধ্যাপক লরি স্যান্টোস বলেছেন, সুখী হওয়ার জন্যে চেষ্টা করতে হয়। তিনি বলেছেন, সুখী হওয়ার জন্যে প্রতিদিন কিছু কাজ করতে হবে। অধ্যাপক স্যান্টোস তার শিক্ষার্থীদের বলেন, প্রত্যেক রাতে তারা যাদের কাছে কৃতজ্ঞ তাদের নাম লিখতে হবে।",19.67,6.78,13.11
news-49471833,পার্বত্য চট্টগ্রামের খাগড়াছড়ি জেলায় সেনাবাহিনীর সাথে 'গোলাগুলিতে' তিনজন নিহত হয়েছে।,খাগড়াছড়ি জেলার দীঘিনালায় সোমবার সকালে সেনা টহল ও ইউপিডিএফ প্রসীতপন্থী সন্ত্রাসীদের মধ্যে গুলিবিনিময়ে তিনজন নিহত হয়েছে বলে জানিয়েছে সামরিক জনসংযোগ দপ্তর আইএসপিআর। এই ঘটনায় সেনাবাহিনী তিনটি আগ্নেয়াস্ত্রও উদ্ধার করেছে। সেনাবাহিনীর বক্তব্যের তীব্র প্রতিবাদ জানিয়েছে ইউনাইটেড পিপলস ডেমোক্র্যাটিক বা ইউপিডিএফের খাগড়াছড়ি জেলা সংগঠক অংগ্য মারমা।,18.52,7.69,14.81
news-46411893,"ভারতের আসামে যে কয়েকলক্ষ মানুষ জাতীয় নাগরিকপঞ্জী বা এনআরসি থেকে বাদ যাওয়ার আশঙ্কায় দিন কাটাচ্ছেন, তারা যদি সত্যি রাষ্ট্রবিহীন হয়ে পড়েন, তাহলে মিয়ানমারের রোহিঙ্গাদের মতোই আরেকটা শরণার্থী সঙ্কট তৈরি হতে পারে - মনে করছেন গবেষকরা।","ভারতের আসাম রাজ্যে জাতীয় নাগরিক পঞ্জি বা এনআরসির প্রথম খসড়া প্রকাশ হয়েছে। এতে প্রায় ৪০ লক্ষ মানুষের নাম নেই। এনআরসি নিয়ে বাংলাদেশের সঙ্গে ভারতের সীমান্ত রাজ্য আসামে তীব্র উত্তেজনা বিরাজ করছে। এই তালিকায় নাম না থাকলে তাদের ভারতীয় নাগরিকত্ব থাকবে না বলে ধারণা করা হচ্ছে। এমন পরিস্থিতিতে মানবাধিকার গবেষক ও শরণার্থী বিশেষজ্ঞরা বলছেন, আসামের মানুষের সঙ্গে রোহিঙ্গাদের অবস্থার মিল আছে। তাঁরা বলছেন, মিয়ানমারের নাগরিকত্ব আইন নিয়ে সময়মতো মাথা ঘামানো হলে হয়তো রোহিঙ্গাদের নিয়ে এতবড় সঙ্কট তৈরি হত না। একই অবস্থা যাতে আবারও আসামের মানুষদের না হয়, তার জন্য এখনই প্রয়োজন আঞ্চলিক স্তরে সুষ্ঠু মানবাধিকার ব্যবস্থাপনার। তাঁরা বলছেন, রোহিঙ্গাদের নিয়ে যে সঙ্কট তৈরি হয়েছে দক্ষিণ এশিয়ায়, তা আবারও দেখা দিতে পারে উত্তরপূর্ব ভারতের আসামে। সেখানে জাতীয় নাগরিক পঞ্জীর খসড়া তালিকা থেকে যে ৪০ লক্ষ মানুষ বাদ গেছেন, তাদের একটা অংশও যদি সত্যিই রাষ্ট্রবিহীন হয়ে যান, তাহলে নতুন করে সঙ্কট দেখা দেবে গোটা অঞ্চলেই।",21.59,3.45,12.5
news-38992990,বাংলাদেশে রাষ্ট্রপতি গঠিত নতুন নির্বাচন কমিশন বুধবার শপথ গ্রহণের মাধ্যমে আনুষ্ঠানিকভাবে কাজ শুরু করেছে।,বাংলাদেশের নতুন নির্বাচন কমিশন আনুষ্ঠানিকভাবে কাজ শুরু করেছে। নতুন নির্বাচন কমিশন নিয়ে বির্তকের কেন্দ্রে রয়েছেন প্রধান নির্বাচন কমিশনার নুরুল হুদা। বিএনপি নেতা আমির খসরু মাহমুদ চৌধুরী বলেন প্রধান নির্বাচন কমিশনার হিসেবে মিঃ হুদার নিয়োগ প্রশ্নবিদ্ধ। বিএনপি নেতা আমির খসরু মাহমুদ চৌধুরী বলছেন প্রধান নির্বাচন কমিশনার হিসাবে মিঃ হুদার নিয়োগ প্রশ্নবিদ্ধ।,21.88,16.13,21.88
news-45204536,বাংলাদেশের সুপরিচিত ফটোগ্রাফার এবং অ্যাকটিভিস্ট শহিদুল আলম এখন কারাগারে।,বাংলাদেশের একজন বিশিষ্ট ফটোগ্রাফার শহিদুল আলমকে গ্রেফতারের প্রতিবাদে ঢাকায় একটি সমাবেশ অনুষ্ঠিত হয়েছে। গত মাসে নিরাপদ সড়কের দাবিতে ছাত্রদের বিক্ষোভের সময় তিনি ছবি তুলেছিলেন। তারপর থেকে তিনি কারাগারে। তাকে মিথ্যা তথ্য ছড়ানোর অভিযোগে অভিযুক্ত করা হয়েছে। বাংলাদেশের সরকার বিরোধী বিক্ষোভের পর অনেক সমালোচককে আটক করা হয়েছে বলে মানবাধিকার পর্যবেক্ষকরা জানিয়েছেন।,13.56,0.0,13.56
news-40475237,বাংলাদেশে জঙ্গি হামলার আশঙ্কায় রাজধানী ঢাকার কাছে সাভারের ধামরাইয়ে বিখ্যাত যশোমাধবের রথযাত্রা উৎসব উপলক্ষে প্রায় চারশ বছরের ঐতিহ্যবাহী একটি মেলা বন্ধ করে দেয়ার অভিযোগ উঠেছে।,বাংলাদেশের ঢাকার উপকণ্ঠে ধামরাইয়ে অনুষ্ঠিত হওয়ার কথা ছিল যশোমাধবের রথযাত্রা। কিন্তু জঙ্গি হামলার আশঙ্কা দেখিয়ে পুলিশ মেলা বন্ধ করে দিয়েছে। এর প্রতিবাদে স্থানীয় হিন্দু সম্প্রদায় মিছিল সমাবেশ করেছে। তারা বলছে এটি রথযাত্রা বন্ধ করার ষড়যন্ত্র। পুলিশ বলছে জঙ্গি হামলার সুনির্দিষ্ট তথ্য নেই তবে আশঙ্কা থেকেই নিরাপত্তামূলক কিছু ব্যবস্থা নেয়া হয়েছে। রথযাত্রা নিয়ে উত্তেজনা বাড়ছে।,22.78,10.39,17.72
news-40326980,"বিবিসি আরবী বিভাগ এবং ডেনিশ একটি নিউজপেপারের যৌথ এক অনুসন্ধানে জানা গেছে, ব্রিটিশ নিরাপত্তা সামগ্রী প্রস্তুতকারক কোম্পানি বি.এ.ই সিস্টেমের স্পর্শকাতর বিভিন্ন নিরাপত্তা প্রযুক্তি সামগ্রী দেদারসে মধ্যপ্রাচ্যে বিক্রি করা হচ্ছে ।","সংযুক্ত আরব আমিরাতের প্রযুক্তিগত অগ্রগতির একটি অন্ধকার দিক রয়েছে বলে মানবাধিকার সংগঠনগুলো জানিয়েছে। এই দেশটির মানবাধিকার কর্মীদের মধ্যে সুপরিচিত একজন আহমেদ মানসুর, যিনি আরব আমিরাতের সরকারের নির্যাতনের বিষয়গুলো তুলে ধরার জন্য সোশ্যাল মিডিয়াকে ব্যবহার করতেন। বিবিসির সাংবাদিকের সাথে সাক্ষাতের কয়েক মাস পরে তিনি নিখোঁজ হন এবং তারও কয়েক সপ্তাহ পর তার পরিবার জানতে পারে যে আবুধাবির কারাগারে সে আটক আছে। সরকারের পক্ষ থেকে বলা হয় যে তার অপরাধ সামাজিক মাধ্যমকে ব্যবহার করে তিনি মিথ্যা এবং বিভ্যান্তিকর তথ্য ছড়িয়েছেন। কিন্তু বিবিসি রিপোর্টার দেখতে পেয়েছেন সরকার এক্ষেত্রে মি:আহমেদের ব্যক্তিগত যোগাযোগও গোপনে মনিটর করা হতো। প্রকৃতপক্ষে সব মানুষেরই ব্যক্তিগত তথ্য যে কোনো সময় মনিটর করার ক্ষমতা রয়েছে দেশটির। আরব আমিরাত উন্নত প্রযুক্তির স্পর্শকতার নজরদারির সিস্টেম নিয়ে এসেছে যার মাধ্যমে এর নাগরিকেদর সব ধরনের যোগাযোগ মনিটর করা সম্ভব এবং বছরের পর বছর তা রাখা যায়।",4.91,0.0,2.45
news-46856270,বাংলাদেশ মজুরি কাঠামো নিয়ে সংকট নিরসনে সরকারের একটি পর্যালোচনা কমিটি সব পক্ষের সাথে জরুরি বৈঠকের পর জানিয়েছেন মজুরি কাঠামো সংশোধন করা হয়েছে ও তাতে একমত হয়েছে সব পক্ষই।,বাংলাদেশের গার্মেন্টস শ্রমিকদের মজুরি বৃদ্ধির দাবিতে চলমান বিক্ষোভ শেষ হয়েছে। সোমবার প্রধানমন্ত্রীর সঙ্গে বৈঠকের পর শ্রমিক নেতারা এই বিক্ষোভ স্থগিত করার ঘোষণা দিয়েছেন। বাংলাদেশ সরকার গত ২৫ জানুয়ারি গার্মেন্টস শিল্পের শ্রমিকদের নতুন মজুরি ঘোষণা করে। এই মজুরি কাঠামোতে সর্বনিম্ন মজুরি ৮ হাজার টাকা নির্ধারণ করা হয়। এর আগে গার্মেন্টস শ্রমিকদের সর্বনিম্ন মজুরি ছিল ৫ হাজার ৩০০ টাকা। কিন্তু নতুন মজুরি কাঠামোয় গ্রেডিং বা বেতন স্কেল কমিয়ে দেয়ায় বেশিরভাগ শ্রমিকের বেতন কমে যাবে বলে জানা যায়। এরপর থেকে গার্মেন্টস শ্রমিকরা তাদের মজুরি বৃদ্ধির দাবিতে বিক্ষোভ শুরু করে। বিক্ষোভের মধ্যে রাজধানীর বিভিন্ন এলাকায় পুলিশি হামলার ঘটনাও ঘটে। এতে অনেক শ্রমিক আহতও হন।,10.94,1.59,7.81
news-40916562,বরফে ঢাকা এন্টার্কটিকায় হয়তো বিশ্বের সবচেয়ে বিরূপ প্রাকৃতিক পরিবেশ। কিন্তু ব্রিটিশ এক প্যাকেট ফ্রুটকেক ১০০ বছরেরও বেশি সময় ধরে তা সহজেই সামলেছে।,"এন্টার্কটিকার কেপ এডেয়ারে একটি পুরনো ঘরের ভেতর থেকে ১০৬ বছরের পুরনো একটি ফ্রুটকেক পাওয়া গেছে। ধারণা করা হচ্ছে ব্রিটিশ অভিযাত্রী রবার্ট ফ্যালকন স্কট এন্টার্কটিকায় যাওয়ার সময় এই কেকটি নিয়ে গিয়েছিলেন। এই কেকটি পাওয়া গেছে এন্টার্কটিকার সবচেয়ে পুরনো স্থাপনার ভেতরে, যা ১৮৯৯ সালে নরওয়ের একটি অভিযাত্রী দল তৈরি করেছিল। কেকটির টিনে জং ধরে গেলেও কেকটি এখনও ভালো অবস্থায় আছে এবং এতে কেকের সুগন্ধ এখনও অবশিষ্ট রয়েছে।",13.79,0.0,6.9
news-46874687,পুরান ঢাকার লালবাগ কুঠির দিকে যখন যাচ্ছিলাম তখনই পাওয়া যাচ্ছিল উৎসবের একটা আমেজ।,"পৌষ সংক্রান্তি বা সাকরাইন উৎসব বাংলাদেশের পুরান ঢাকার একটি ঐতিহ্যবাহী উৎসব। এই উৎসবে ঘুড়ি উড়ানো, আতশবাজি ও আগুন খেলা অনুষ্ঠিত হয়। পুরান ঢাকার সকল ধর্মের মানুষ এই উৎসবে অংশগ্রহণ করে। সাকরাইন উৎসব প্রতি বছর বাংলা পঞ্জিকা অনুযায়ী পৌষ মাসের শেষ দিনে অনুষ্ঠিত হয়। এই উৎসবের আয়োজন এক সপ্তাহ ধরে চলে। সাকরাইন উৎসবের অন্যতম আকর্ষণ হলো আগুন নিয়ে খেলা। পুরান ঢাকার রাস্তাগুলোর অধিকাংশ গলিতে আর খোলা ছাদে সুতা মাঞ্জা দেওয়ার ধুম দেখা যায়।",7.06,2.41,7.06
news-47569153,"ভারতের ক্ষমতাসীন দল বিজেপি, যারা নিজেদের দেশে ডিজিটাল বিপ্লবের পথিকৃৎ বলে দাবি করে থাকে, তাদের ওয়েবসাইট গত দশদিন ধরে স্তব্ধ হয়ে আছে।",বিজেপির ওয়েবসাইট হ্যাক হয়েছে। বিজেপির সাইট হ্যাকিংয়ের ঘটনাটি ঘটেছে ৫ মার্চ। বিজেপির সাইট হ্যাকিংয়ের ঘটনার পর থেকে সাইটটি বন্ধ রয়েছে।,4.76,0.0,4.76
news-44254483,ট্রাম্প-কিম শীর্ষ বৈঠক হবে না - এ কথা ঘোষণার একদিন পরই এখন মার্কিন প্রেসিডেন্টের মুখে উল্টো কথা শোনা যাচ্ছে।,মার্কিন প্রেসিডেন্ট ডোনাল্ড ট্রাম্প বলেছেন যে উত্তর কোরিয়ার নেতা কিম জং উনের সাথে তার শীর্ষ বৈঠক হতে পারে। এর আগে ট্রাম্প বৈঠকটি বাতিল করার ঘোষণা দিয়েছিলেন। উত্তর কোরিয়া বলেছে যে তারা বৈঠকটি করতে চায়। ট্রাম্প বলেছেন যে তিনি এখন উত্তর কোরিয়ার সাথে কথা বলছেন এবং বৈঠকটি হতে পারে।,20.9,3.08,17.91
news-55619086,ভারতের সীমান্তরক্ষী বাহিনীর গুলিতে বাংলাদেশি নাগরিকদের মৃত্যুর পর সেখানে সীমান্তবর্তী গ্রামগুলোতে নিহতদের পরিবারে শোকের মাতম গত কয়েক বছরে বেশ পরিচিত দৃশ্য হয়ে উঠেছে।,"বাংলাদেশ সীমান্তরক্ষী বাহিনী বিজিবির গুলিতে মেঘালয়ের এক বাসিন্দা নিহত হওয়ার ঘটনায় সীমান্তবর্তী এলাকার গ্রামবাসীরা ক্ষুব্ধ। নিহত ব্যক্তির নাম থেডিয়ান জি মোমিন। তার মৃতদেহ গত ২৯শে ডিসেম্বর সকালে সীমান্তের কাছে পড়ে থাকতে দেখা যায়। মেঘালয়ের পুলিশ জানিয়েছে, নিহত ব্যক্তির কোনও অপরাধের রেকর্ড ছিল না। এই ঘটনার প্রতিকারের চেষ্টা চলছে দুদেশের সীমান্তরক্ষীদের মধ্যে আলোচনার মাধ্যমে।",10.53,0.0,10.53
news-48981368,বাংলাদেশ থেকে প্রতিবছর সরকারিভাবে কয়েক হাজার কর্মী কাজ করতে দক্ষিণ কোরিয়ায় যান।,"দক্ষিণ কোরিয়ায় বিদেশি কর্মীদের মধ্যে বাংলাদেশের কর্মীরা একসময় শীর্ষে থাকলেও বর্তমানে সেই স্থান দখল করেছে নেপাল ও ভিয়েতনামের কর্মীরা। বাংলাদেশ ও দক্ষিণ কোরিয়ার সরকারি কর্মকর্তাদের মধ্যস্থতায় এই নিয়োগ প্রক্রিয়াটি সম্পন্ন হয়। দক্ষিণ কোরিয়ার প্রধানমন্ত্রী লি নাক-ইয়োন বর্তমানে বাংলাদেশ সফর করছেন। বাংলাদেশে সরকারের সঙ্গে নিরাপত্তা, বাণিজ্য, বিনিয়োগ ও সংস্কৃতি নিয়ে কয়েকটি চুক্তি হওয়ার কথা রয়েছে। দ্বিপাক্ষিক বৈঠকে অভিবাসনের বিষয়টি আলোচনা হবে কিনা এবিষয়টি নিশ্চিতভাবে জানা যায়নি।",7.69,2.63,5.13
news-53220802,সিঙ্গাপুরে করোনাভাইরাসের বিস্তার ঠেকাতে ব্লুটুথ দিয়ে ব্যবহারযোগ্য কন্ট্যাক্ট ট্রেসিং-এর যন্ত্র্র বিতরণ শুরু হয়েছে।,সিঙ্গাপুরে করোনাভাইরাস সংক্রমণ ঠেকাতে স্মার্টফোন অ্যাপের বাইরে কন্ট্যাক্ট ট্রেসিংয়ের বিকল্প হিসেবে টোকেন ব্যবস্থা চালু করা হচ্ছে। এই টোকেন ব্যবস্থাটি 'ট্রেসটুগেদার' নামে পরিচিত এবং এটি ব্লুটুথের মাধ্যমে আশেপাশের টোকেন বা স্মার্টফোনের মাধ্যমে 'ট্রেসটুগেদার' ব্যবহারকারীদের সিগনাল ধরবে। এই টোকেনটি প্রথম ব্যাচে বয়স্ক ব্যক্তিদের দেয়া হচ্ছে যারা ঝুঁকিতে এবং যাদের পরিবারের কেউ তাদের দেখাশোনার জন্য নেই। এই টোকেনে প্রত্যেক টোকেনধারীকে চিহ্ণিত করার জন্য সুনির্দিষ্ট কোড বা সঙ্কেত থাকবে এবং এটির ব্যাটারি কাজ করবে নয় মাস পর্যন্ত। সরকার বলেছে যে এই টোকেনটি ব্যবহারকারীদের বক্তিগত গোপনীয়তা লংঘন করার জন্য তৈরি করা হয়নি।,5.94,0.0,5.94
news-46140466,বাংলাদেশে একাদশ জাতীয় সংসদ নির্বাচন নিয়ে চলা মতপার্থক্য আর বিতর্কের মধ্যে বৃহস্পতিবার নির্বাচনের তফসিল ঘোষণা করেছে নির্বাচন কমিশন।,বাংলাদেশের পরবর্তী জাতীয় সংসদ নির্বাচন আগামী ২৩শে ডিসেম্বর অনুষ্ঠিত হবে বলে ঘোষণা করা হয়েছে। এমতাবস্থায় নির্বাচনে অংশগ্রহণের জন্য সব রাজনৈতিক দলকে আহবান জানিয়েছেন প্রধান নির্বাচন কমিশনার কে এম নূরুল হুদা। নির্বাচনে ভোট গ্রহণে সীমিত আকারে ইলেক্ট্রনিক ভোটিং মেশিন বা ইভিএম ব্যবহার হবে বলে তিনি জানিয়েছেন। বাংলাদেশের সংবিধান অনুযায়ী বর্তমান সরকারের মেয়াদ শেষ হওয়ার ৯০ দিনের মধ্যে নির্বাচন অনুষ্ঠানের বাধ্যবাধকতা রয়েছে।,15.38,5.26,12.82
120724_humayun,বাংলাদেশের জনপ্রিয় কথাসাহিত্যিক হুমায়ূন আহমেদকে ঢাকার অদূরে গাজীপুরে তার নিজের গড়া নুহাশ পল্লী নামের বাগান বাড়ীতে দাফন করা হয়েছে।,বাংলাদেশের জনপ্রিয় কথাসাহিত্যিক হুমায়ূন আহমেদকে মঙ্গলবার দুপুরে তার নুহাশপল্লী বাড়ির লিচুবাগানে দাফন করা হয়। এর আগে সোমবার নিউইয়র্কের একটি হাসপাতালে চিকিৎসাধীন অবস্থায় তিনি মারা যান। মরদেহ ঢাকায় পৌঁছানোর পর দেশটির সাহিত্যিক ও সাংস্কৃতিক ব্যক্তিত্বরা তাকে শ্রদ্ধা জানান। তার মৃত্যুতে বাংলাদেশের প্রধানমন্ত্রী শেখ হাসিনা গভীর শোক প্রকাশ করেছেন।,24.24,15.62,24.24
news-54832898,"দীর্ঘ ৫০ বছরের সামরিক শাসনের পর মিয়ানমারে কার্যত দ্বিতীয় সাধারণ নির্বাচন হতে যাচ্ছে রবিবার, তবে নির্বাচনটি নিয়ে ইতোমধ্যেই সংশয় প্রকাশ করেছে আন্তর্জাতিক নানা সংস্থা।",মিয়ানমারে আগামী ৮ই নভেম্বর অনুষ্ঠিতব্য সাধারণ নির্বাচনে অং সান সু চি'র নেতৃত্বাধীন দল জয়ী হবে বলে ধারণা করা হচ্ছে। এই নির্বাচন দেশটির গণতন্ত্রে যাত্রায় একটি গুরুত্বপূর্ণ ধাপ। ২০১৫ সালের নির্বাচনে বিপুল বিজয় পাওয়া সু চি'র দলকে এবারও বিপুল সংখ্যক ভোট পেতে বলে মনে করা হচ্ছে। তবে রোহিঙ্গা সংক্রান্ত সমস্যা নিয়ে মিয়ানমার আন্তর্জাতিকভাবে সমালোচিত হচ্ছে।,12.5,0.0,12.5
news-54687693,প্রেসিডেন্ট এমানুয়েল ম্যাঁক্রর মন্তব্যের জের ধরে ফরাসি পণ্য বর্জন না করতে মধ্যপ্রাচ্যের দেশগুলোকে আহ্বান জানিয়েছে দেশটি। এর আগে ম্যাঁক্র ইসলামের নবীর কার্টুন দেখানের পক্ষে সাফাই দিয়েছিলেন।,"ফ্রান্সের প্রেসিডেন্ট ইমানুয়েল ম্যাক্রঁ ইসলামের নবী মুহাম্মদের কার্টুন প্রদর্শনের পক্ষে অবস্থান নেন। এর প্রতিবাদে কয়েকটি দেশে ফরাসি পণ্য বয়কট করা হচ্ছে। ফ্রান্সের পররাষ্ট্র মন্ত্রণালয় বলছে, এই বয়কটের ডাক দেয়া হয়েছে উগ্রপন্থীদের পক্ষ থেকে। কুয়েত, জর্ডান এবং কাতারের কিছু দোকান থেকে ফরাসি পণ্য সরিয়ে ফেলা হয়েছে। লিবিয়া, সিরিয়া এবং গাজা উপত্যকায় বিক্ষোভ হয়েছে। এই বিক্ষোভের কারণ হলো ফ্রান্সে এক শিক্ষককে হত্যার ঘটনা। শ্রেণীকক্ষে ইসলামের নবীর কার্টুন দেখানোর পর এই হত্যাকাণ্ড ঘটে। এরপর মি. ম্যাক্রঁ বলেন, ইসলামপন্থীরা ফ্রান্সের ভবিষ্যৎ চায়। কিন্তু ফ্রান্স তার কার্টুন ছেড়ে দেবে না।",16.22,5.5,10.81
150920_nepal_new_constitution,নেপালের নতুন সংবিধান আনুষ্ঠানিক ভাবে গৃহীত হতে যাচ্ছে আজ আরো পরের দিকে।,নেপালের নতুন সংবিধান অনুযায়ী দেশটি এখন থেকে ধর্ম নিরপেক্ষ রাষ্ট্র হবে এবং সাতটি প্রদেশে ভাগ হবে। কিন্তু ধর্ম নিরপেক্ষতার প্রশ্নে কিছু দল বিরোধিতা করে আসছে। তারা চাচ্ছে নেপালকে হিন্দু রাষ্ট্র হিসেবেই রাখতে। নতুন সংবিধানের বিরুদ্ধে বিক্ষোভ চলছে। বিক্ষোভে অন্তত ৪০ জন নিহত হয়েছে। এদিকে বিক্ষোভ নিয়ন্ত্রণ করার জন্য কর্তৃপক্ষ কারফিউ জারি করেছে। নিরাপত্তা বাহিনীর উপস্থিতিও জোরদার করা হয়েছে।,8.57,5.88,8.57
news-43820877,বাংলাদেশে চার লাখের বেশি উচ্চশিক্ষিত তরুণ তরুণী এখন বেকার। কাঙ্খিত কর্মসংস্থান হিসেবে এদের প্রায় সবাই চায় সরকারি চাকুরি। কলেজ বিশ্ববিদ্যালয় থেকে ডিগ্রি নিয়ে সবাই চাকরির বাজারে তীব্র প্রতিযোগিতায় লিপ্ত হচ্ছে। যেখানে মোটামুটি সবার প্রথম পছন্দ বিসিএস এবং সরকারি চাকরি।,"বাংলাদেশে সরকারি চাকরির প্রতি আগ্রহ বাড়ছে। এ ক্ষেত্রে সবচেয়ে বেশি আগ্রহী বিশ্ববিদ্যালয় পড়ুয়া ছাত্রছাত্রীরা। তারা বলছে, বেসরকারি চাকরিতে নিরাপত্তা নেই। এজন্য তাদের পছন্দ সরকারি চাকরি। বিশেষ করে বিসিএস পরীক্ষা দিয়ে সরকারি চাকরি করতে তারা আগ্রহী। একটি হিসাবে বলা হচ্ছে, বাংলাদেশের অর্ধেকের বেশি চাকরিজীবি কাজ করে ব্যক্তিমালিকানাধীন প্রতিষ্ঠানে। এছাড়া বিসিএস পরীক্ষায় ভাল করলে তদবির ছাড়াও চাকরি হয় বলে শিক্ষার্থীরা মনে করছে।",20.2,2.06,14.14
news-55155241,বিশ্বের প্রথম দেশ হিসাবে ফাইজার/বায়োএনটেকের করোনাভাইরাস টিকার অনুমোদন দিয়েছে যুক্তরাজ্য।,"ব্রিটেনের নিয়ন্ত্রক সংস্থা এমএইচআরএ জানিয়েছে, ফাইজার এবং বায়োএনটেকের করোনাভাইরাস প্রতিরোধী টিকা ব্যবহারের জন্য নিরাপদ। এই টিকা ৯৫ শতাংশ কার্যকর। আগামী কয়েকদিনের মধ্যে সবচেয়ে ঝুঁকিপূর্ণ মানুষদের ওপর টিকা প্রয়োগ শুরু হবে। বিশেষজ্ঞরা বলছেন, টিকা দেয়া শুরু হলেও মানুষকে সতর্ক থাকতে হবে এবং স্বাস্থ্যবিধি মেনে চলতে হবে। এখনও পর্যন্ত ছয়টি দেশে ৪৩,৫০০ জনের শরীরে ফাইজার ও বায়োএনটেক টিকার কার্যকারিতা পরীক্ষা করা হয়েছে।",11.11,2.86,11.11
news-48850196,হিজাব কিংবা শাড়ির পিন শ্বাসনালীতে আটকে গেলে তা বয়ে আনতে পারে জীবনের ঝুঁকিও।,"সিলেট এমএজি ওসমানী মেডিকেল কলেজ হাসপাতালের চিকিৎসক ডা. নুরুল হুদা নাঈম জানিয়েছেন, সম্প্রতি সিলেটের জকিগঞ্জের খাদিমান গ্রামের বাসিন্দা সুমনা বেগমের গলায় আটকে যাওয়া হিজাব পিনটি কোন অস্ত্রোপচার ছাড়াই বের করেছেন তিনি। এক্সরের মাধ্যমে পিনটির অবস্থান নিশ্চিত হওয়ার পর ব্রঙ্কোসকপির মাধ্যমে সেটি অপসারণ করেছেন তারা। ডা. নাঈম জানিয়েছেন, এমন ঘটনা এটি প্রথম নয়, তিন চার মাস আগে গাড়ির এক মেকানিকের চিকিৎসা করেছেন যার মুখে গাড়ির পিন নিয়ে কাজ করার সময় ছোট একটি পিন শ্বাসনালীতে আটকে যায়।",9.09,4.65,9.09
news-45478842,ব্রিটিশ নারী ইন্ডিয়া ফোর্ড স্বামীর সাথে বিচ্ছেদের পর একজন আমেরিকানকে বিয়ে করেন এবং তার সাথে আলাস্কাতে বসবাসের সিদ্ধান্ত নেন।,ব্রিটিশ এক নারী তার স্বামীর অজ্ঞাতসারে দুই সন্তানকে নিয়ে আলাস্কায় পালিয়ে যান। এর জন্য তিনি দুই বছরের জন্য কারাগারে যাবেন। তার স্বামীর সাথে তার বিবাহবিচ্ছেদ হয়েছিল ২০১২ সালে। এরপর থেকেই তাদের দুই কন্যা সন্তানের অভিভাবকত্ব নিয়ে দুইজনের মধ্যে বিরোধ চলছিল।,16.95,3.51,16.95
news-48352940,"মাহমুদুল্লাহ রিয়াদ, বয়স ৩৩, বাংলাদেশের বর্তমান দলের সেরা পাঁচ ক্রিকেটারের একজন বলে বিবেচ্য।","বাংলাদেশের ক্রিকেট ইতিহাসে মাহমুদুল্লাহ রিয়াদের নাম স্মরণীয় হয়ে থাকবে। ২০১৫ বিশ্বকাপে দুটি সেঞ্চুরি করেন তিনি। এছাড়া চ্যাম্পিয়ন্স ট্রফিতে ম্যাচ জেতানো ইনিংস খেলেন। নিদাহাস ট্রফিতেও শ্রীলঙ্কার বিপক্ষে বাংলাদেশকে জেতান। মাহমুদুল্লাহ রিয়াদের ক্রিকেট ক্যারিয়ার শুরু হয় ২০০৭ সালে। তার ভূমিকা ছিল মিডল অর্ডারে ব্যাট করা এবং স্পিন বল করা। ২০১২ সালে ওয়েস্ট ইন্ডিজের বিপক্ষে ওয়ানডে সিরিজ জেতায় তার বড় ভূমিকা ছিল। মাহমুদুল্লাহ রিয়াদ বাংলাদেশ দলের সব বড় অর্জনের সাথে জড়িয়ে আছেন। তিনি ১৭৫ ম্যাচের ক্যারিয়ারে তিনটি সেঞ্চুরি করেছেন, তিনটিই আইসিসি ইভেন্টে। বাংলাদেশের প্রেক্ষাপটে এটি এক অবিশ্বাস্য ব্যাপার।",8.16,2.08,6.12
news-50883908,ঢাকার উত্তর ও দক্ষিণ সিটি কর্পোরেশনের ভোট গ্রহণের জন্য ৩০ জানুয়ারি তারিখ নির্ধারণ করেছে নির্বাচন কমিশন। এবার সব কেন্দ্রে ইভিএমে ভোটগ্রহণ করা হবে।,ঢাকার উত্তর ও দক্ষিণ সিটি কর্পোরেশনের নির্বাচনের তারিখ নির্ধারণ করা হয়েছে ৩০ জানুয়ারি। এবার সব কেন্দ্রেই ইভিএমে ভোট গ্রহণ করা হবে। এর আগে ঢাকার সিটি কর্পোরেশন নির্বাচনে কয়েকটি কেন্দ্রে ইভিএমে ভোট গ্রহণ করা হয়েছিল। সর্বশেষ ২০১৫ সালের ২৮শে এপ্রিল ঢাকা উত্তর ও ঢাকা দক্ষিণ সিটি কর্পোরেশনে নির্বাচন হয়েছিল।,50.7,28.99,36.62
news-53816230,বাংলাদেশে পুলিশের গুলিতে নিহত সেনাবাহিনীর অবসরপ্রাপ্ত মেজর সিনহা মোঃ রাশেদ খান হত্যাকাণ্ডের ঘটনায় আর্মড পুলিশ ব্যাটালিয়নের তিনজন সদস্যকে গ্রেপ্তার করেছে র‍্যাব।,মেজর (অব) সিনহা মোহাম্মদ রাশেদ খান হত্যাকাণ্ডের মামলায় আরও তিন পুলিশ সদস্যকে গ্রেপ্তার করা হয়েছে। তাদের মধ্যে একজন সহকারী উপপরিদর্শক এবং অন্য দুজন কনস্টেবল। মঙ্গলবার তাদেরকে আদালতে হাজির করে সাত দিনের রিমান্ড আবেদন করে র‍্যাব। আদালত তাদের সাত দিনের রিমান্ড মঞ্জুর করেছে। এ নিয়ে মেজর সিনহা হত্যাকাণ্ডের মামলায় গ্রেপ্তার হওয়া পুলিশ সদস্যের সংখ্যা দশে দাঁড়িয়েছে।,28.21,13.16,25.64
160210_scholarship_for_virgin,আঠারো বছর বয়সী থুবেলিহলে লোডলো এই বৃত্তিটি অর্জন করলেও সে চিন্তিত কারণ কেবলমাত্র কুমারীত্ব রক্ষা করলেই এই অর্থ পাবে সে।,"দক্ষিণ আফ্রিকার এক কলেজে পড়ুয়া এক ছাত্রীর বৃত্তি বাতিল করা হয়েছে। কারণ হিসেবে বলা হয়েছে, সে কুমারী। দেশটির কোয়াজুলু-নাটাল প্রদেশের এক পৌরসভা কর্তৃপক্ষ এই ছাত্রীকে বৃত্তি দিয়েছিল। শর্ত ছিল সে কুমারী থাকবে। এই বৃত্তি পাওয়ার জন্য প্রতি মাসে কুমারীত্ব পরীক্ষা দিতে হতো। এই পরীক্ষায় উত্তীর্ণ হলেই বৃত্তি পাওয়া যাবে। এই পরীক্ষায় সে ব্যর্থ হয়েছে। ফলে তার বৃত্তি বাতিল করা হয়েছে। এই ঘটনায় মানবাধিকার সংগঠনগুলো তীব্র নিন্দা জানিয়েছে। তারা বলছে, এভাবে শিক্ষার সুযোগ প্রাপ্তির সাথে যৌনতাকে মিলিয়ে ফেলা ঠিক নয়।",12.0,0.0,10.0
news-49754170,বিশ্বে প্রতি পাঁচ মিনিটে একজন সাপের কামড়ে মারা যায়। সেই সাথে বাকি চারজন সারা জীবনের জন্য পঙ্গু হয়ে যায়।,"বিশ্বের যে কোনো বিষধর সাপের বিষকে অকার্যকর করে দেবে এমন এক অব্যর্থ ওষুধ তৈরির গবেষণায় নিজেকে উৎসর্গ করেছেন যুক্তরাষ্ট্রের উইসকনসিন অঙ্গরাজ্যের সাবেক একজন ট্রাক-চালক টিম ফ্রেডি। দু'শরও বেশিবার তিনি জীবনের ঝুঁকি নিয়ে স্বেচ্ছায় বিষাক্ত সাপের কামড় খেয়েছেন। কমপক্ষে ৭০০ বার সাপের বিষ শরীরে ইনজেকশনের মাধ্যমে ঢুকিয়েছেন। সাপের বিষের প্রক্রিয়ার ভিডিও করে সেই ফুটেজ তিনি ইউটিউবে প্রকাশ করেছেন। আজ আন্তর্জাতিক সাপের কামড় বিষয়ক সচেতনতা দিবস উপলক্ষে বিবিসির সাথে কথা বলেছেন টিম ফ্রেডি। তিনি বলেন, ব্ল্যাক মাম্বা কামড়ালে সাথে সাথেই প্রচণ্ড ব্যথা শুরু হয়ে যায়। আপনার মনে হবে এক হাজার মৌমাছি যেন আপনাকে একসাথে কামড়েছে।",12.28,1.79,10.53
news-54239548,সৌদি আরবের সাথে বিমান চলাচল পুনরায় চালু করা নিয়ে যে জটিলতা তৈরি হয়েছিল তা সমাধান করা হয়েছে বলে জানিয়েছে বাংলাদেশের বেসামরিক বিমান ও পর্যটন মন্ত্রণালয়।,"করোনাভাইরাস মহামারির কারণে আন্তর্জাতিক ফ্লাইট বন্ধ থাকায় দেশে আটকে পড়েছেন অনেক প্রবাসী শ্রমিক। এদের মধ্যে অনেকেই সৌদি আরবে কাজ করতেন। বেসামরিক বিমান ও পর্যটন মন্ত্রণালয়ের সিনিয়র সচিব মো: মহিবুল হক বিবিসি বাংলাকে বলেছেন, সৌদি কর্তৃপক্ষ বাংলাদেশ বিমানকে সপ্তাহে আটটি কমার্শিয়াল ফ্লাইট পরিচালনার অনুমতি দিয়েছে। এছাড়া সৌদি এয়ারলাইন্সও বাংলাদেশের কাছে যতগুলো ফ্লাইট পরিচালনা করতে চাইবে তার অনুমতি দেয়া হবে। বিমান বাংলাদেশ এয়ারলাইন্সের ব্যবস্থাপনা পরিচালক মো: মোকাব্বির হোসেন জানিয়েছেন, সৌদি আরব অক্টোবরের ১ তারিখ থেকে বিমানের বাণিজ্যিক ফ্লাইট পরিচালনা করার অনুমতি দিয়েছে।",13.33,5.83,9.52
news-47636846,"বাংলাদেশে একটি ব্যাংকের ১৮ কোটি টাকা জালিয়াতির মামলায় অভিযুক্ত ব্যক্তির বদলে তিন বছর জেল খেটে সম্প্রতি মুক্তি পেয়েছিলেন জাহালম। বাংলাদেশের দূর্নীতি দমন কমিশন, দুদকের আবেদনের পর তাকে নিয়েই সিনেমা বানানোর উদ্যোগে নিষেধাজ্ঞা দিয়েছে আদালত।","দুর্নীতি দমন কমিশন (দুদক) এর একটি মামলায় পাটকল শ্রমিক জাহালম প্রায় তিন বছর ধরে কারাগারে ছিলেন। পরে মানবাধিকার কমিশন তদন্ত করে দেখতে পায় যে ভুল আসামি হিসেবেই তিনি কারাগারে ছিলেন। এরপর গণমাধ্যমে খবরটি প্রচারের পর জাহালম কারাগার থেকে মুক্তি পান। জাহালমের জীবনী ভিত্তিক একটি চলচ্চিত্র নির্মাণের উদ্যোগ নিয়েছিলেন পরিচালক মারিয়া তুষার। কিন্তু দুদক হাইকোর্টে আবেদন করে জাহালমকে নিয়ে নাটক বা সিনেমা বানানোর ওপর নিষেধাজ্ঞা চেয়েছে। হাইকোর্ট দুদকের আবেদনের প্রেক্ষিতে শুনানির পর জাহালমকে নিয়ে নাটক, চলচ্চিত্র কিংবা স্বল্প দৈর্ঘ্য ছবি নির্মাণে নিষেধাজ্ঞা দিয়েছে।",25.86,8.77,17.24
news-46954163,হোয়াটসঅ্যাপ মেসেজিং সার্ভিস ব্যবহার করে ভুয়া খবর ছড়ানো কিছু দেশের জন্য একটা বড় সমস্যা হয়ে দাঁড়িয়েছে।,হোয়াটসঅ্যাপ ব্যবহারকারীরা একটি বার্তা পাঁচবারের বেশি 'ফরওয়ার্ড' করতে বা অন্যদের পাঠাতে পারবেন না। এই নিয়মটি প্রথমে ভারতে চালু করা হয়েছিল এবং এখন এটি বিশ্বব্যাপী সকল হোয়াটসঅ্যাপ ব্যবহারকারীর জন্য প্রযোজ্য হবে। এই সিদ্ধান্তটি নেওয়া হয়েছে ভুয়া খবর প্রচার রোধ করার জন্য। হোয়াটসঅ্যাপ জানিয়েছে যে এই নিয়মটি ছয় মাস ধরে পরীক্ষা করা হয়েছে এবং এটি কার্যকর প্রমাণিত হয়েছে।,11.11,2.86,11.11
news-50374753,হংকং-এ সোমবার সহিংস বিক্ষোভের সময় একজনের গায়ে আগুন ধরিয়ে দেয়া এবং আরেকজনকে পুলিশের খুব কাছে থেকে গুলি করার ঘটনা ঘটেছে।,"হংকং-এর বিক্ষোভের মধ্যে এক ব্যক্তির দেহে দাহ্য তরল পদার্থ ঢেলে দেয়ার পর তার গায়ে আগুন ধরিয়ে দেয়া হয়েছে। এই ঘটনার ভিডিও ফুটেজ অনলাইনে ছড়িয়ে পড়েছে। একই সময়ে, এক বিক্ষোভকারীর ওপর পুলিশের গুলির ঘটনাটি ঘটে সোমবার সকালবেলা। গুলিবিদ্ধ লোকটিকে পরে হাসপাতালে নেয়া হয় এবং তার দেহে অস্ত্রোপচার করা হয়েছে। ডাক্তাররা জানিয়েছেন যে তার জীবনাশংকা নেই।",23.68,8.11,18.42
news-44191482,"ভারতের সরকার দেড় বছর আগে পাঁচশো আর একহাজার রুপির নোট রাতারাতি বাতিল করে দিয়েছিল। দুর্নীতি আর কালোটাকা ঠেকানোর পাশাপাশি তাদের অন্যতম উদ্দেশ্য ছিল, ভারতকে একটি ক্যাশ লেস বা নগদ টাকাহীন সমাজে পরিবর্তিত করা। সেই উদ্দেশ্য কতটা সফল হচ্ছে?","ভারতের প্রধানমন্ত্রী নরেন্দ্র মোদি দেশকে নগদ টাকা মুক্ত করতে চান। ভারতের অর্থমন্ত্রী অরুণ জেটলি বলেছেন, ভারতের অর্থনীতি ব্যাপকভাবে নগদ টাকার ওপর নির্ভরশীল। কিন্তু সেই চিত্র পাল্টানো দরকার। ভারতের অন্যতম উদ্দেশ্য ছিল সেটাই। ভারতের অর্থনীতি ব্যাপকভাবে নগদ টাকার ওপর নির্ভরশীল। কিন্তু সেই চিত্র পাল্টানো দরকার। ভারতের অন্যতম উদ্দেশ্য ছিল সেটাই।",16.09,4.71,16.09
news-50820202,পাকিস্তানের সাবেক সামরিক শাসক জেনারেল পারভেজ মুশাররফের মৃত্যুদণ্ডাদেশ দিয়েছে ইসলামাবাদের একটি বিশেষ আদালত।,পাকিস্তানের সাবেক সামরিক শাসক পারভেজ মুশাররফকে রাষ্ট্রদ্রোহের দায়ে মৃত্যুদণ্ড দিয়েছে একটি পাকিস্তানি আদালত। ২০০৭ সালে সংবিধান স্থগিত করার জন্য তার বিরুদ্ধে এই মামলা করা হয়েছিল। জেনারেল মুশাররফ বর্তমানে দুবাইতে অবস্থান করছেন। ২০০৮ সালে ক্ষমতা ছেড়ে দেয়ার পর থেকে তিনি পাকিস্তানে ফিরেননি।,33.33,11.54,29.63
news-57218029,বঙ্গোপসাগরে তৈরি হওয়া লঘুচাপটি আরও ঘনীভূত হয়ে এখন সুস্পষ্ট লঘুচাপে পরিণত হয়েছে বলে বাংলাদেশের আবহাওয়া অধিদপ্তর বলছে। রোববার রাতে সেটি নিম্নচাপে পরিণত হবে বলে তারা ধারণা করছেন।,"বঙ্গোপসাগরে একটি লঘুচাপ তৈরি হয়েছে। বাংলাদেশের চারটি সমুদ্রবন্দরকে এক নম্বর সতর্ক সংকেত দেখাতে বলা হয়েছে। আবহাওয়া অধিদপ্তর জানিয়েছে, লঘুচাপটি বুধবারের মধ্যে ঘূর্ণিঝড়ে পরিণত হতে পারে। এটি বাংলাদেশের উপকূলের দিকে এগিয়ে আসতে পারে।",27.12,3.51,23.73
news-53128363,বিশিষ্ট অর্থনীতিবিদ জেফ্রি স্যাক্স বলেছেন আমেরিকা ও চীনের মধ্যে একটা শীতল যুদ্ধ যেভাবে ঘনিয়ে উঠছে সেটা করোনাভাইরাসের চেয়ে বিশ্বের জন্য বড় উদ্বেগের কারণ।,"করোনাভাইরাস মহামারির পর বিশ্ব নেতৃত্বহীনতার দিকে এগিয়ে যাচ্ছে বলে মনে করেন অর্থনীতিবিদ জেফ্রি স্যাক্স। তিনি বিবিসিকে বলেছেন, আমেরিকা ও চীনের মধ্যে মতপার্থক্য পরিস্থিতিকে আরও খারাপ করে তুলবে। তিনি বলেছেন, আমেরিকা চীনের সাথে একটি নতুন শীতল যুদ্ধের পরিস্থিতি তৈরি করতে চাইছে, যা বিশ্বকে গভীর মতবিরোধ ও বিপজ্জনক পরিস্থিতিতে নিয়ে যেতে পারে। এই উত্তেজনাপূর্ণ পরিস্থিতিতে চীন ও আমেরিকার মধ্যে বাণিজ্য, রাজনৈতিক ও সামরিক বিষয়ে উত্তেজনা বাড়ছে।",20.69,14.12,20.69
news-47382091,ইন্দোনেশিয়ার একটি অবৈধ স্বর্ণখনিতে ভূমিধ্বসে অন্তত ৬০ জনের প্রাণহাণি হয়েছে বলে আশঙ্কা করা হচ্ছে।,"ইন্দোনেশিয়ার সুলাওয়েসি দ্বীপের বোলাং মোঙ্গোন্দো এলাকায় একটি অবৈধ স্বর্ণের খনিতে ভূমিধসে অন্তত ৬০ জন কবলিত হয়েছে। ইন্দোনেশিয়ার দুর্যোগ কর্তৃপক্ষ জানিয়েছে, বুধবার ভোর পর্যন্ত একজনের মৃতদেহ উদ্ধার করা গেছে এবং অন্তত ১৩ জনকে জীবিত উদ্ধার করা হয়েছে। ইন্দোনেশিয়ায় ছোট পরিসরে স্বর্ণের খনির কাজ করা নিষিদ্ধ হলেও গ্রামের বিভিন্ন জায়গায় ব্যাপক পরিমানে এ ধরণের খনির প্রচলন রয়েছে।",20.29,5.97,20.29
news-52266714,করোনাভাইরাসের কারণে বিশ্ব জুড়ে লকডাউন পরিস্থিতির করণে জ্বালানি তেলের চাহিদা ও দাম কমে যাওয়ায় বিশ্বের তেল রপ্তানিকারক দেশগুলোর সংগঠন ওপেক এবং রাশিয়াসহ এর সহযোগী দেশসমূহ উৎপাদন ১০ শতাংশ কমিয়ে আনতে একমত হয়েছে।,"করোনাভাইরাস মহামারি ও তেল বাজারে যুদ্ধের কারণে বিশ্বব্যাপী তেলের চাহিদা কমে যাওয়ায় তেলের দাম অস্বাভাবিকভাবে কমে গেছে। এর মধ্যে ওপেক সদস্য দেশগুলো তেলের উৎপাদন কমানোর জন্য একটি চুক্তিতে পৌঁছেছে। এই চুক্তির মাধ্যমে তারা তেলের উৎপাদন ৯.৭ মিলিয়ন ব্যারেল কমাবে। এটি হবে ইতিহাসের সবচেয়ে বড় কাট। এই সিদ্ধান্ত পয়লা মে থেকে কার্যকর হবে। রোববার ভিডিও কনফারেন্সের মাধ্যমে এই চুক্তি স্বাক্ষরিত হয়। এর আগে বৃহস্পতিবার ভিডিও কনফারেন্সে ওপেক প্লাস দেশগুলো এই চুক্তির পরিকল্পনা জানায়, কিন্তু মেক্সিকো এতে ভেটো দেয়। এখন পর্যন্ত ওপেক এই চুক্তির বিষয়ে কোনো ঘোষণা দেয়নি, তবে সদস্য দেশগুলোর অনেকেই আলাদাভাবে এই বিষয়টি নিশ্চিত করেছে। এই চুক্তি অনুযায়ী, ওপেক ও এর সহযোগী দেশগুলো তেলের উৎপাদন দিনে ৯.৭ মিলিয়ন ব্যারেল কমাবে। সোমবার এশিয়ার বাজারে তেলের দাম ব্যারেল প্রতি এক ডলার বেড়েছে। হালকা অপরিশোধিত তেলের দাম ব্যারেল প্রতি প্রায় ৩৩ মার্কিন ডলারে উঠেছে, আর মার্কিন বাজারে ব্যারেল প্রতি ২৪.১৫ ডলারে উঠেছে দাম। যুক্তরাষ্ট্রের প্রেসিডেন্ট ডোনাল্ড ট্রাম্প ও কুয়েতের জ্বালানি মন্ত্রী ডা. খালেদ আলী মোহাম্মেদ আল-ফাদহেল টুইট করে চুক্তির বিষয়ে জানিয়েছেন। সৌদি জ্বালানি মন্ত্রণালয় ও রাশিয়ার রাষ্ট্রীয় সংবাদ সংস্থা তাস রোববার ভিন্নভাবে চুক্তির খবর নিশ্চিত করেছে। ডা. আল-ফাদহেল টুইটে বলেছেন, ""আল্লাহর অসীম রহমতে শুক্রবার রাত থেকে চলা আলোচনার পরে, আমরা এখন একটি ঐতিহাসিক চুক্তিতে সম্মত হয়েছি। আগামী মে মাসের প্রথম দিন থেকে ওপেক প্লাসভুক্ত দেশগুলো দৈনিক প্রায় এক কোটি ব্যারেল কম তেল উৎপাদন করবে।""",11.29,2.44,8.06
news-54681947,জাতিসংঘের গুরুত্বপূর্ণ পরমাণু অস্ত্র নিষেধাজ্ঞা চুক্তিতে পঞ্চাশতম দেশ হিসাবে চূড়ান্ত অনুমোদন দিয়েছে হন্ডুরাস। এর ফলে আগামী নব্বই দিন পর এই চুক্তি কার্যকর হবে।,"জাতিসংঘের নতুন চুক্তি অনুযায়ী, পারমাণবিক অস্ত্র তৈরি, পরীক্ষা, উৎপাদন, ক্রয় বা সংগ্রহ করা নিষিদ্ধ করা হয়েছে। এই চুক্তিতে স্বাক্ষরকারী দেশগুলো ঘোষণা করেছে যে তারা কখনই পারমাণবিক অস্ত্র বা অন্যান্য পারমাণবিক বিস্ফোরক সরঞ্জাম তৈরি, পরীক্ষা, উৎপাদন, ক্রয় বা সংগ্রহ করবে না এবং নিজেরা এধরনের অস্ত্রের মালিক হবে না এবং তা মজুতও করবে না। এই চুক্তির আওতায়, পারমাণবিক অস্ত্রের ব্যবহার বা অস্ত্র ব্যবহারের হুমকি দেয়া নিষিদ্ধ করা হয়েছে।",13.48,0.0,8.99
news-42984853,জিয়া অরফানেজ ট্রাস্ট দুর্নীতি মামলায় বিএনপি চেয়ারপার্সন খালেদা জিয়াকে ৫ বছরের কারাদণ্ড দিয়েছে বিশেষ আদালত।,"বিএনপি চেয়ারপার্সন খালেদা জিয়াকে পাঁচ বছরের কারাদণ্ড দেয়া হয়েছে। জাতীয় নির্বাচনের আগে এই রায় এলো। বিএনপির নির্বাচনী কৌশলে এর কী প্রভাব পড়বে? রাজনৈতিক বিশ্লেষকরা বলছেন, খালেদা জিয়ার অনুপস্থিতিতে দল কিভাবে চলবে সে নিয়ে বিএনপি পূর্বপ্রস্তুতি নিয়েছে। তারা মনে করেন, খালেদা জিয়ার কারাবাস বিএনপির জন্য বড় সঙ্কট হলেও তারা এটি কাটিয়ে উঠতে পারবে। বিশ্লেষকরা আরও বলছেন, খালেদা জিয়াকে কারাগারে পাঠানোর ফলে সরকারের জন্য নির্বাচনে লাভজনক পরিস্থিতি তৈরি হবে না।",14.46,9.88,14.46
news-53817468,অনেকটা হঠাৎ করেই বাংলাদেশ সফরে এসেছেন ভারতের পররাষ্ট্রসচিব হর্ষ বর্ধন শ্রিংলা।,"করোনাভাইরাস মহামারির মধ্যে ভারতের পররাষ্ট্র সচিব হর্ষ বর্ধন শ্রিংলা বাংলাদেশে একদিনের সফরে আসছেন। তিনি বাংলাদেশের পররাষ্ট্র সচিবের সাথে বৈঠকের পাশাপাশি প্রধানমন্ত্রী শেখ হাসিনার সাথে দেখা করবেন। এই সফরে করোনাভাইরাস পরিস্থিতি সামলানো এবং টিকার বিষয়ে ভারতের সহযোগিতা নিয়ে আলোচনা হতে পারে। ভারত বাংলাদেশের সাথে তাদের সম্পর্ককে আরও গভীর করতে চায়, বিশেষ করে চীন ও পাকিস্তানের সাথে বাংলাদেশের সম্পর্ক বৃদ্ধির পরিপ্রেক্ষিতে। এই সফরটিকে বিশেষভাবে গুরুত্বপূর্ণ বলে মনে করা হচ্ছে, কারণ এটি দুই দেশের মধ্যে সহযোগিতা বাড়ানোর জন্য একটি গুরুত্বপূর্ণ পদক্ষেপ হতে পারে।",10.99,4.49,8.79
55882684,"মিয়ানমারের সামরিক বাহিনী নিশ্চিত করেছে যে, সকালে অং সান সু চি এবং অন্য রাজনৈতিক নেতাদের গ্রেফতার করার পর তারা দেশটির নিয়ন্ত্রণ নিয়েছে।","মিয়ানমারে সামরিক অভ্যুত্থান হয়েছে। বেসামরিক সরকারের নেতা অং সান সু চিকে গ্রেফতার করা হয়েছে। সামরিক বাহিনী জানিয়েছে, দেশটিতে এক বছরের জরুরী অবস্থা জারি করা হয়েছে। এদিকে রাজধানী নেপিডো এবং প্রধান শহর ইয়াঙ্গনের রাস্তায় সেনাবাহিনী টহল দিচ্ছে। প্রধান প্রধান শহরগুলোতে মোবাইল ইন্টারনেট এবং কিছে টেলিফোন সংযোগ বিচ্ছিন্ন রয়েছে। রাষ্ট্রীয় সম্প্রচার মাধ্যম এমআরটিভি জানিয়েছে যে তারা কিছু কারিগরি সমস্যার মুখে পড়েছে এবং তাদের সম্প্রচার বন্ধ রয়েছে।",20.93,7.14,13.95
news-46045694,ইন্দোনেশিয়ার বিধ্বস্ত লায়ন এয়ার বিমান ও তার আরোহীদের খোঁজে জাভা সাগর চষে বেড়াচ্ছেন উদ্ধারকারীরা।,"ইন্দোনেশিয়ার জাভা সাগরে লায়ন এয়ারের একটি বিমান বিধ্বস্ত হওয়ার পর উদ্ধারকারীরা বিমানের কিছু ধ্বংসাবশেষ এবং যাত্রীদের ব্যক্তিগত জিনিসপত্র উদ্ধার করেছেন। উদ্ধার করা জিনিসপত্রের মধ্যে একটি মোবাইল ফোনের কেস ছিল, যার উপরে এক দম্পতির একটি ছবি ছাপানো ছিল। এই ছবিটি সোশাল মিডিয়াতে ভাইরাল হয়েছে, কিন্তু দম্পতির মুখ দেখা যাচ্ছে না, তাই তাদের পরিচয় নিশ্চিত করা সম্ভব হয়নি।",17.14,0.0,11.43
news-56713767,"ইসলামী শিক্ষাবিদ এবং যুক্তরাজ্যের জাতীয় স্বাস্থ্য সেবা বিভাগ বলছে, রমজানের সময়ে রোজা থাকলেও মুসলমানদের টিকা নেয়া থেকে বিরত থাকা উচিত হবে না।","করোনাভাইরাস মহামারির মধ্যে রমজান এলে মুসলিম সম্প্রদায়ে একটি প্রশ্ন উঠেছে, রোজা রেখে টিকা নেয়া যাবে কিনা। বাংলাদেশের ইসলামিক ফাউন্ডেশন জানিয়েছে, রোজা রেখে করোনাভাইরাসের টিকা নিতে কোন সমস্যা নেই। ইসলামিক ফাউন্ডেশনের একটি বিজ্ঞপ্তিতে বলা হয়েছে, করোনাভাইরাসের টিকা মাংসপেশিতে গ্রহণ করা হয় এবং তা সরাসরি খাদ্যনালী বা পাকস্থলীতে প্রবেশ করে না। যুক্তরাজ্যের লিডসের একজন ইমাম বলছেন, টিকা যেহেতু পেশীতে দেয়া হয়, রক্তের শিরায় যায় না, এটি পুষ্টিকর কিছু নয়, সুতরাং টিকা নিলে রোজা ভঙ্গ হবে না।",14.58,4.26,10.42
news-50633760,"বাংলাদেশে পার্বত্য চুক্তির ২২ বছর পার হলেও তিন পার্বত্য জেলায় সংঘাত, অস্থিরতা বেড়েই চলেছে বলে সংশ্লিষ্ট সব পক্ষ স্বীকার করেছেন।","১৯৯৭ সালের ২রা ডিসেম্বর শেখ হাসিনার নেতৃত্বাধীন আওয়ামী লীগ সরকারের সাথে সন্তু লারমার নেতৃত্বাধীন জন সংহতি সমিতির মধ্যে এই শান্তি চুক্তিটি হয়েছিল। এই চুক্তির মাধ্যমে রক্তক্ষয়ী সংঘর্ষের অবসান হয়েছিল। পাহাড়ে তার একটা ইতিবাচক প্রভাবও পড়তে শুরু করেছিল। কিন্তু অল্প সময়ের মধ্যেই সেই চুক্তি বাস্তবায়ন নিয়ে প্রশ্ন উঠতে শুরু করে। গত ২২ বছরে এসব প্রশ্ন আর অভিযোগের পাল্লা ভারি হয়েছে। পার্বত্য তিন জেলায় জমির মালিকানা নিয়ে সমস্যাকে পাহাড়িদের পক্ষ থেকে সবচেয়ে বড় সমস্যা হিসেবে দেখা হয়, এর সমাধানে সরকারের সদিচ্ছা নিয়ে পাহাড়িদের সংগঠনগুলোর প্রশ্ন রয়েছে। রাঙামাটি থেকে একজন মানবাধিকার কর্মী টুকু তালুকদার বলছেন, বিভিন্ন গোষ্ঠীর অনেক রকম স্বার্থ তৈরি হয়েছে, সেজন্য সংকট বেড়েই চলেছে।",13.01,1.65,9.76
news-53324321,সম্প্রতি ইরানের বেশ কয়েকটি স্পর্শকাতর ও গুরুত্বপূর্ণ স্থাপনায় বিস্ফোরণ ও অগ্নিকাণ্ডের ঘটনা ঘটেছে। এসব স্থাপনার একটি নাতাঞ্জ পরমাণু কেন্দ্র। এসব ঘটনা কি নিছক দুর্ঘটনা নাকি নাশকতা? এই প্রতিবেদনটি লিখেছেন বিবিসির পার্সিয়ান বিভাগের সাংবাদিক জিয়ার গোল।,"ইরানের নাতাঞ্জ পরমাণু কেন্দ্রে একটি অজ্ঞাত গোষ্ঠী ""হোমল্যান্ড চিতাস"" নামের একটি ইমেইল পাঠিয়েছে যে তারা সেখানে হামলা চালিয়েছে। ইমেইলে বলা হয়েছে যে তারা একটি স্থাপনা ধ্বংস করেছে, যা ইরান সরকার গোপন করতে পারবে না। ইরানের পরমাণু শক্তি সংস্থা ঘোষণা করেছে যে নাতাঞ্জ পরমাণু কেন্দ্রে ""একটি ঘটনা"" ঘটেছে, কিন্তু তারা এটিকে ""নাশকতামূলক কাজ"" হিসেবে প্রত্যাখ্যান করেছে। নাসার স্যাটেলাইট থেকে তোলা ছবিতে দেখা যায় যে রাত ২টা ০৬ মিনিটে নাতাঞ্জে অগ্নিকাণ্ডের ঘটনা ঘটেছে।",15.09,5.77,9.43
news-54718038,"ঢাকায় ভারতীয় হাইকমিশনের ভেরিফায়েড ফেসবুক পাতায় ''মা ইলিশ রক্ষায় যৌথ সামুদ্রিক সহযোগিতা'' শিরোনামে একটি পোস্ট দিয়ে জানানো হয়েছে, আন্তর্জাতিক জলসীমার কাছাকাছি অবস্থানরত সমস্ত ভারতীয় মাছধরা নৌকাকে ভারতীয় সীমানার দিকে পাঠানো হচ্ছে।",বাংলাদেশে ইলিশ মাছ ধরা নিষিদ্ধ থাকলেও ভারতীয় ও মিয়ানমারের জেলেরা বাংলাদেশের জলসীমায় ইলিশ ধরছে বলে অভিযোগ করা হচ্ছে। এই অভিযোগের প্রেক্ষিতে ভারতীয় কোস্ট গার্ড আন্তর্জাতিক জলসীমার কাছাকাছি ভারতীয় মাছধরা নৌকা সরাতে নজরদারি বৃদ্ধি করছে। বাংলাদেশে গত ১৪ই অক্টোবর থেকে পরবর্তী ২২ দিনের জন্য ইলিশ মাছ ধরা নিষিদ্ধ রয়েছে।,22.78,7.79,17.72
news-55821540,বাংলাদেশের সম্প্রতি দুর্নীতি দমন কমিশনের করা এক মামলার তদন্তে মূল আসামীর নাম ও বাবার নামের সাথে মিল থাকায় অভিযুক্ত করা হয় আরেক ব্যক্তিকে।,"বাংলাদেশে বিনা দোষে কারাদণ্ড ভোগ করার নজির রয়েছে। দুর্নীতি দমন কমিশনের তদন্ত নিয়ে একজন ব্যক্তির অভিযোগ প্রমাণিত না হলে তার ১৫ বছরের কারাদণ্ড হতে পারতো। সাম্প্রতিক সময়ে এরকম একটি আলোচিত মামলা ছিল জাহালমের ঘটনাটি, যিনি দুর্নীতি দমন কমিশনের ভুল তদন্ত এবং এক ব্যাংক কর্মকর্তার ভুল সাক্ষ্যের কারণে তিন বছর কারাদণ্ড ভোগ করেন। পরে মানবাধিকার কমিশনের তদন্তে বেরিয়ে আসে যে জাহালম নিরপরাধ। বাংলাদেশে সাম্প্রতিক সময়ে বিনা অপরাধে কারাভোগ করার কয়েকটি আলোচিত ঘটনা তুলে ধরা হলো এই প্রতিবেদনে। বিনা অপরাধে ১৩ বছর কারাভোগ, অত:পর মৃত্যু দু'হাজার তিন সালে সাতক্ষীরায় দু'জন পুলিশ কর্মকর্তা হত্যা মামলায় অভিযুক্তদের মধ্যে ছিলেন ওবায়দুর রহমান, যিনি আবেদ আলী হিসেবে বেশি পরিচিত। ২০০৬ সালে আদালত ঐ মামলায় আবেদ আলীসহ আরো দু'জনকে মৃত্যুদণ্ড দেন। এরপর ২০১১ সালে হাইকোর্ট নিম্ন আদালতের রায় বাতিল করে এবং আবেদ আলীকে খালাস দেয়। কিন্তু উচ্চ আদালত খালাস দিলেও রাষ্ট্র পক্ষ সুপ্রিম কোর্টে আপিল করে। এভাবে বিনা অপরাধে কারাভোগ করার ঘটনা বাংলাদেশে এখনো চলছে।",5.71,2.31,5.71
news-39629893,বাংলাদেশে ক্ষমতাসীন আওয়ামী লীগের মধ্যে সুবিধাবাদীদের অনুপ্রবেশ নিয়ে বেশ কিছুদিন ধরে বিতর্ক হচ্ছে।,"আওয়ামী লীগের মাঠ পর্যায়ের নেতারা মনে করেন, বিভিন্ন দল থেকে যোগ দেয়া লোকজন একটি সুবিধাবাদী গোষ্ঠী তৈরি করায় ত্যাগী নেতা-কর্মিরা দলে কোণঠাসা হয়ে পড়ছে। সম্প্রতি দলের সাধারণ সম্পাদক ওবায়দুল কাদের দলে 'নব্য সুবিধাবাদী' আওয়ামী লীগারদের 'কাউয়া' এবং 'ফার্মের মুরগি'র সাথে তুলনা করেছেন। আওয়ামী লীগের মহানগর শাখার সভাপতি শফিউর রহমান বলেছেন, সুবিধাবাদীদের দাপটের কাছে তিনি নিজেও একজন ভুক্তভোগী।",8.33,2.86,8.33
news-47050043,"কাগজের ব্যাগের জনপ্রিয়তা ছিল মার্কিন যুক্তরাষ্ট্রে, কিন্তু ১৯৭০ এর পর আরো টেকসই উপাদান হিসেবে প্লাস্টিকের ব্যবহার শুরুর পর থেকে সেগুলো তার জায়গা হারিয়ে ফেলে।",প্লাস্টিক ব্যাগের বদলে কাগজের ব্যাগ ব্যবহার করার পরিবেশগত সুবিধা নিয়ে প্রশ্ন তুলেছে বিবিসি। কাগজের ব্যাগ প্লাস্টিকের ব্যাগের চেয়ে বেশি পরিবেশ বান্ধব কিনা তা নিয়ে প্রশ্ন ওঠে। একটি প্লাস্টিক ব্যাগ উৎপাদনের চেয়ে অন্তত চারগুণ বেশি শক্তি প্রয়োজন একটি কাগজের ব্যাগ তৈরিতে।,12.5,0.0,6.25
news-44269598,বাংলাদেশের বিভিন্ন সরকারি ও বেসরকারি হাসপাতালে মানব কঙ্কাল নিয়ে রমরমা বাণিজ্যের অভিযোগ রয়েছে।,বাংলাদেশে কঙ্কাল ব্যবসায় জড়িত চক্রগুলো কবরস্থান থেকে অবৈধভাবে লাশ উত্তোলন এবং হাসপাতালের বেওয়ারিশ লাশগুলো অবৈধ উপায়ে খালাস করার মাধ্যমে কঙ্কাল সংগ্রহ করে। এসব কঙ্কাল পরে মেডিকেল শিক্ষার্থীদের কাছে বিক্রি করা হয়। এই ব্যবসায় জড়িত ব্যক্তি ও চক্রগুলো প্রায়ই আইনশৃঙ্খলা বাহিনীর হাতে ধরা পড়লেও মূল হোতারা ধরা পড়ে না। কঙ্কাল বেচাকেনার নীতিমালা না থাকায় মেডিকেল শিক্ষার্থীরা অনেক সময় ভোগান্তির মুখে পড়ে।,5.48,0.0,5.48
news-52528916,খাগড়াছড়ির সীমান্তবর্তী নো-ম্যানস ল্যান্ডে এক মাসের বেশি সময় ধরে আটকে থাকা একজন মানসিক ভারসাম্যহীন নারীর নাগরিকত্ব নিয়ে বাংলাদেশ এবং ভারতের মধ্যে পাল্টাপাল্টি দায় চাপানোসহ নানা তৎপরতার পর ওই নারীর পরিচয় পাওয়া গেছে।,"বাংলাদেশ সীমান্তরক্ষী বাহিনী বিজিবি নিশ্চিত করেছে, যে নারীটি সাত বছর ধরে নিখোঁজ ছিলেন তিনি বাংলাদেশি। বিজিবি জানিয়েছে, শাহনাজ পারভিন নামের ওই মানসিক ভারসাম্যহীন নারীর বাড়ি কুড়িগ্রাম জেলার উলিপুর উপজেলার দৈখাওয়ারচর গ্রামে। বিজিবি জানিয়েছে, পরিচয় পাওয়া গেলেও শাহনাজকে ফিরিয়ে নিতে চায়নি তার পরিবার। এই কারণে এখন তাকে ইন্টারন্যাশনাল কমিটি অব রেডক্রস বা আইসিআরসির কাছে হস্তান্তর করে দেয়ার সিদ্ধান্ত নিয়েছে বিজিবি।",17.39,6.67,13.04
news-44445389,আমরা কি হিসাব করে বলতে পারি সারা বিশ্বে প্রতিদিন কত জীবজন্তুর জন্ম হয়?,"বিবিসির 'মোর অর লেস' অনুষ্ঠানে একজন শ্রোতা জিজ্ঞাসা করেছিলেন যে ওজন যত বেশি বংশ বিস্তার তত কম কিনা। অনুষ্ঠানের উপস্থাপক লিজি ম্যাকনিল এই প্রশ্নটির উত্তর খোঁজার চেষ্টা করেছেন। তিনি বলেছেন যে খরগোশের বাচ্চা জন্ম হয় প্রতিদিন গড়ে ১৯ লাখেরও বেশি, কিন্তু তাদের মৃত্যুহার খুব বেশি। অন্যদিকে, হামবোল্ট প্রজাতির পেঙ্গুইনের জন্ম হয় প্রতিদিন গড়ে মাত্র ৪০টি, যা তাদের বিলুপ্তির ঝুঁকিতে ফেলেছে। মুরগির ক্ষেত্রে, প্রতিদিন ছয় কোটি ২০ লাখ মুরগির জন্ম হয়, যা বিশ্বের সবচেয়ে বেশি বংশবৃদ্ধির একটি উদাহরণ।",6.67,2.27,6.67
news-55965015,বাংলাদেশে আজ (রবিবার) থেকে শুরু হতে যাচ্ছে করোনাভাইরাসের গণ-টিকাদান কর্মসূচী। এর অংশ হিসেবে বাংলাদেশের সহস্রাধিক হাসপাতালে টিকা দেয়া হবে ডাক্তার-নার্সসহ সম্মুখসারির কর্মী এবং ৫৫ বছরের বেশি বয়সের নাগরিকদের।,"৭ই ফেব্রুয়ারি থেকে বাংলাদেশের সব জেলা ও উপজেলায় করোনাভাইরাসের টিকা দেয়া শুরু হচ্ছে। গত ২৭শে জানুয়ারি ঢাকার কুর্মিটোলা জেনারেল হাসপাতালে একজন নার্সকে টিকা দেয়ার মাধ্যমে এ কর্মসূচির উদ্বোধন করা হলেও আজ থেকেই মূলত টিকাদান শুরু হচ্ছে। সরকারি হিসাব মতে, প্রথম দিন মন্ত্রীসহ রাষ্ট্রের বেশ কয়েকজন গুরুত্বপূর্ণ ব্যক্তি টিকা নেবেন। টিকা দেয়ার জন্য মোট দুই হাজার ৪০০টি দল কাজ করবে। এর মধ্যে ঢাকার জাতীয় টিকাদান কর্মসূচির স্টোর থেকে টিকার ডোজ কোল্ড চেইনে সংরক্ষণ করে ৬৪টি জেলার বিভিন্ন কেন্দ্র ও প্রতিটি উপজেলা স্বাস্থ্য কমপ্লেক্সে পৌঁছে দেয়া হয়েছে। এর আগে টিকা সংরক্ষণ, টিকা দেয়া, টিকা কেন্দ্র পরিচালনা, টিকার পার্শ্বপ্রতিক্রিয়াসহ সব বিষয়ে স্বাস্থ্যকর্মী, মাঠকর্মী ও স্বেচ্ছাসেবকদের প্রশিক্ষণ দেয়া হয়েছে। বাংলাদেশে দেয়া হচ্ছে ভারতের সেরাম ইন্সটিটিউটে তৈরি অক্সফোর্ড-অ্যাস্ট্রাজেনেকার টিকা।",15.17,1.4,8.28
news-54964908,বাংলাদেশে করোনাভাইরাস সংক্রমণের বিস্তার ঠেকানোর জন্য মাস্ক পরা নিশ্চিত করতে এবার রাজধানী ঢাকায় ভ্রাম্যমাণ আদালত নামানো হচ্ছে।,বাংলাদেশে করোনাভাইরাস সংক্রমণ আবার বাড়ছে। সরকারের পক্ষ থেকে ভ্রাম্যমাণ আদালত পরিচালনার নির্দেশ দেয়ার কথা জানানো হয়েছে। সরকারি হিসাবে দেশে দুই মাসের বেশি সময় ধরে কভিড-১৯ রোগী শনাক্তের সংখ্যা দুই হাজারের অনেক নীচে ছিল। এক সপ্তাহ ধরে শনাক্তের সংখ্যা কিছুটা বাড়তে থাকে। সর্বশেষ গত ২৪ ঘন্টায় শনাক্তের সংখ্যা দুই হাজার ছাড়িয়েছে।,11.76,6.06,11.76
news-46878237,"টেলিভিশন শো-তে মেয়েদের নিয়ে আপত্তিকর মন্তব্য করার জেরে ভারতীয় ক্রিকেটের দুই উদীয়মান তারকা, হার্দিক পান্ডিয়া এবং কে এল রাহুলকে ভারতীয় বোর্ড সাসপেন্ড করেছে তা-ও প্রায় চারদিন হল।","ভারতীয় ক্রিকেট দলের দুই তারকা খেলোয়াড় হার্দিক পান্ডিয়া এবং কে এল রাহুল মেয়েদের নিয়ে যে মন্তব্য করেছেন, তার জন্য তাদের বিভিন্ন ধরনের সমালোচনার মুখে পড়তে হচ্ছে। এমনকি তাদের উভয়কেই অস্ট্রেলিয়া সফর থেকে ফেরত পাঠানো হয়েছে। এই ঘটনার পর থেকেই ভারতীয় ক্রিকেট বোর্ড ও দেশের সামাজিক মাধ্যমে বিতর্কের সৃষ্টি হয়েছে। এই বিতর্ক এখনও চলছে। এমনকি ভারতীয় ক্রিকেট বোর্ডের দুই কর্মকর্তার মধ্যেও এ নিয়ে মতবিরোধ রয়েছে।",30.11,10.99,23.66
news-51532541,ভারতের খ্যাতিমান সঙ্গীত পরিচালক এ আর রহমানের কন্যা খাতিজা রহমান এবং বাংলাদেশের বিতর্কিত নারীবাদী লেখিকা তসলিমা নাসরিনের মধ্যে গত কদিন ধরে এক উত্তপ্ত বাকযুদ্ধ চলছে সোশ্যাল মিডিয়ায়।,"এ আর রহমানের কন্যা খাতিজা রহমানের বোরকা পরা নিয়ে গত সপ্তাহে এই সর্বশেষ দফা বাকযুদ্ধের সূচনা করেছেন অবশ্য তসলিমা নাসরিন। তসলিমা নাসরিন খাতিজার বোরকা এবং নেকাবে আবৃত মুখের ছবি টুইট করে লিখেছিলেন, ""এ আর রহমানের সঙ্গীত আমি খুবই পছন্দ করি। কিন্তু যখনই আমি তার কন্যাকে দেখি, আমার দমবন্ধ হয়ে আসে। একটি সংস্কৃতিবান পরিবারের শিক্ষিত নারীও যে এরকম মগজ ধোলাইর শিকার হতে পারে, সেটি খুবই পীড়াদায়ক।"" তসলিমা নাসরিনের এই টুইট সাংঘাতিকভাবে ক্ষুব্ধ করে খাতিজা রহমানকে। তিনি এর উত্তরে ইনস্টাগ্রামে একের পর পোস্টে শক্ত ভাষায় তসলিমার আক্রমণের পাল্টা জবাব দিয়েছেন।",17.39,8.85,13.91
150813_sm_india_currency_notes_microbes,"ভারতের কোটি কোটি মানুষ রোজ যে সব টাকার নোটগুলো নিয়ে নাড়াচাড়া করেন, তা থেকে তাদের নানা মারাত্মক সংক্রামক ব্যাধি ছড়িয়ে পড়তে পারে বলে বিজ্ঞানীরা আশঙ্কা ব্যক্ত করেছেন।","দিল্লির ইন্সটিটিউট অব জিনোমিকস অ্যান্ড ইন্টিগ্রেটিভ বায়োলজির বিজ্ঞানীরা পরীক্ষা করে দেখেছেন যে ছোট অংকের নোটে জীবাণু বেশি থাকে। তারা ভারতের বাজারে চলমান নোটগুলির ডিএনএ পরীক্ষা করেছেন এবং কমপক্ষে ৭৮ ধরনের বিপজ্জনক মাইক্রোবের অস্তিত্ব পেয়েছেন যা মারাত্মক রোগ ছড়াতে পারে। বিজ্ঞানীরা বলছেন যে ছোট মাপের নোটগুলি যেহেতু বেশি হাতে হাতে ঘোরে, তাই সেগুলি থেকে সংক্রমণের সম্ভাবনা বেশি থাকে।",16.67,0.0,9.52
news-54019634,মুন্সীগঞ্জ জেলার সিরাজদিখান উপজেলা সদর থেকে অন্তত দশ কিলোমিটার দুরে থাকেন তফুরা বেগম।,"বাংলাদেশের প্রত্যন্ত এলাকাগুলোতে ব্যাংকিং সেবা পৌঁছে দিতে এজেন্ট ব্যাংকিং কার্যক্রম শুরু হয়েছে ২০১৩ সালে। এজেন্ট ব্যাংকিং এর মাধ্যমে টাকা জমা ও তোলা, ঋণ গ্রহণ এবং রেমিট্যান্স বিতরণ সহ বিভিন্ন ধরনের ব্যাংকিং সেবা প্রদান করা হচ্ছে। বাংলাদেশ ব্যাংকের তথ্য অনুসারে, ২০২০ সালের জুন পর্যন্ত ৭৩ লাখ ৫৮ হাজার ১৯০টি অ্যাকাউন্ট খোলা হয়েছে এবং এর মধ্যে ৩৪ লাখ ১০ হাজার ২৭০টি অ্যাকাউন্ট নারীদের। এজেন্ট ব্যাংকিং এর মাধ্যমে ১০ হাজার কোটির বেশি টাকা জমা পড়েছে এবং ২৫ হাজার কোটি টাকার বেশি রেমিট্যান্স বিতরণ করা হয়েছে। এছাড়াও, এজেন্ট ব্যাংকিং এর মাধ্যমে সাতশ বিশ কোটি টাকা ঋণ বিতরণ করা হয়েছে। মহামারির সময়েও এজেন্ট ব্যাংকিং এর কার্যক্রম বৃদ্ধি পেয়েছে।",0.0,0.0,0.0
news-45903065,আইয়ুব বাচ্চু নিজেকে পরিচয় দিতে ভালোবাসতেন প্রথমত একজন গিটারিস্ট হিসেবে। তারপর গায়ক।,"বাংলাদেশের ব্যান্ড সঙ্গীতের জগতে প্রভাব বিস্তারকারী আইয়ুব বাচ্চু বৃহস্পতিবার মৃত্যুবরণ করেন। তিনি নিজেই গান লিখতেন, সুর করতেন। শিল্পী ও সঙ্গীত পরিচালক ফেরদৌস ওয়াহিদ বলেন, আইয়ুব বাচ্চু তাঁর নিজের স্থান থেকে বাংলাদেশের সঙ্গীত জগতকে শতভাগ দিয়ে গেছেন। তিনি বলেন, ""প্রথমত তিনি একজন গিটারিস্ট, টিউনার এবং সিঙ্গার।"" আইয়ুব বাচ্চু ১৯৬২ সালে চট্টগ্রামে জন্মগ্রহণ করেন। গানের জগতে আসেন ব্যান্ড ফিলিংস-এর মাধ্যমে। এর আগে বন্ধুদের সাথে ছোটখাট অনুষ্ঠান করতেন। কিন্তু ১৯৭৮ সাল থেকে ফিলিংস-এর সাথে তিন বছর তিনি চট্টগ্রামের বিভিন্ন হোটেলে ইংরেজি গান করেছেন। সত্তরের দশক থেকে বাংলাদেশে শ্রোতাদের কাছে ইংরেজি গান, হার্ড-রক, ব্লুজ, অল্টারনেটিভ রক, ব্যান্ড মিউজিক - এসব জগতের পরিচয় হতে থাকে তাঁর গানের মধ্য দিয়ে। এলআরবি - আইয়ুব বাচ্চুর রক ব্যান্ড।",9.76,3.31,8.13
news-43413472,বাংলাদেশের সীমান্তরক্ষী বাহিনী বিজিবি অভিনব উপায়ে কোরান শরীফের ভেতরে করে পাচারের সময় মাদকের একটি চালান আটক করেছে।,"কক্সবাজারের টেকনাফে বান্দরবান জেলা সদর থেকে আসা একটি নৌকা থেকে বাংলাদেশ সীমান্ত রক্ষক বাহিনী (বিজিবি) এক কোপি কোরান থেকে ১৫ হাজার ইয়াবা বাড়ি জব্দ করেছে। এছাড়া এই ঘটনায় জড়িত থাকার অভিযোগে তিন ব্যক্তিকে গ্রেফতার করা হয়েছে। বিজিবি জানিয়েছে, গত ১২ই মার্চ গভীর রাতে মিয়ানমার থেকে আসা একটি নৌকা বড়ইতলী এলাকায় এসে পৌঁছালে বিজিবির একটি টহল দল তাদের চ্যালেঞ্জ করে। এসময় কিছু লোক পালিয়ে যেতে সক্ষম হলেও বিজিবি সৈন্যরা তিনজনকে আটক করেন। এদের একজনের দেহ তল্লাশি করার সময় এক কপি কোরান খুঁজে পাওয়া যায়। সেই কোরান খুলে দেখা যায় যে কোরানের ভেতরে কেটে সেখানে ১৫ হাজার ইয়াবা বাড়ি লুকানো রয়েছে। আটক ইয়াবার মূল্য প্রায় ৫০ লক্ষ টাকা হবে বলে ওয়াকিবহাল মহল মনে করছে।",13.95,1.57,9.3
news-48752748,"এবারের ক্রিকেট বিশ্বকাপে টুর্নামেন্টের সেরা খেলোয়াড় হওয়ার দৌড়ে অন্য যে কোনো খেলোয়াড়ের চেয়ে বাংলাদেশের সাকিব আল হাসান যে পরিস্কারভাবে এগিয়ে রয়েছেন, তা বোঝার জন্য ক্রিকেট বিশেষজ্ঞ হতে হয় না।",বিশ্বকাপে বাংলাদেশের হয়ে সাকিব আল হাসান এখন পর্যন্ত সর্বোচ্চ রান সংগ্রাহক। বিশ্বকাপের ইতিহাসে দ্বিতীয় বাংলাদেশি হিসেবে তিনি এক হাজার রানের মাইলফলক স্পর্শ করেছেন। ওয়ানডে ক্রিকেটে সাকিব আল হাসান এখন পর্যন্ত সর্বোচ্চ রান সংগ্রাহক এবং উইকেট শিকারী। তিনি বিশ্বকাপের ইতিহাসে প্রথম বাংলাদেশি ক্রিকেটার হিসেবে এক হাজার রান করার কৃতিত্ব অর্জন করেছেন। বিশ্বকাপের একম্যাচে হাফসেঞ্চুরি আর ৫ উইকেট নেয়ার রেকর্ডটি তিনি ভারতের যুবরাজ সিংয়ের সাথে ভাগ করে নিয়েছেন।,10.53,4.3,10.53
news-45762656,চলতি বছর যারা নোবেল শান্তি পুরষ্কার পেয়েছেন তাদের নির্বাচনের মধ্য দিয়ে ধর্ষণকে যুদ্ধের অস্ত্র হিসেবে ব্যবহারের ইস্যুটি আবার সামনে চলে এসেছে।,"নোবেল শান্তি পুরষ্কার জিতেছেন ইরাকি ইয়াজিদি নারী নাদিয়া মুরাদ এবং কঙ্গোর চিকিৎসক ডেনিস মুকওয়েগে। তাদের এই পুরষ্কার দেয়া হয়েছে সংঘাতের সময় ধর্ষণকে অস্ত্র হিসেবে ব্যবহারের বিরুদ্ধে তাদের সংগ্রামের জন্য। নোবেল কমিটি বলছে, নারীর প্রতি সহিংসতা বন্ধে তারা গুরুত্বপূর্ণ অবদান রেখেছেন।",26.23,13.56,26.23
news-47926155,"স্মার্টফোন, ট্যাব, কম্পিউটার বা অন্য কোন ভিভাইসের স্ক্রীনে আপনি দীর্ঘ সময় কাটালে তা আপনার স্বাস্থ্যের ওপর কী প্রভাব ফেলে?","সন্তানদের গেমে আসক্তি নিয়ে অনেক বাবা-মা উদ্বিগ্ন। কিন্তু নতুন এক গবেষণায় দাবি করা হচ্ছে, বেশি সময় স্ক্রীনে চোখ রাখলে যে মানসিক স্বাস্থ্যের ওপর এর কোন নেতিবাচক প্রভাব পড়ে, এমন কোন সুস্পষ্ট প্রমাণ পাওয়া যাচ্ছে না। যুক্তরাজ্যের অক্সফোর্ড ইন্টারনেট ইনস্টিটিউট টিনএজারদের ওপর দীর্ঘসময় স্ক্রীনে কাটানোর প্রভাব নিয়ে গবেষণা চালিয়েছে। গবেষকদের একজন অ্যামি ওরবেন বিবিসিকে বলেন, ঘুমানোর আগে আধঘন্টা, এক ঘন্টা বা দুঘন্টা ধরে কেউ স্ক্রীনে চোখ রাখলে সেটা যে তাদের স্বাস্থ্যের ওপর কোন প্রভাব ফেলে এমন কিছু আমরা পাইনি।",16.33,4.17,12.24
news-57219019,গণতান্ত্রিক কঙ্গো প্রজাতন্ত্রে বড় আকারের একটি আগ্নেয়গিরিতে অগ্ন্যুৎপাত শুরু হওয়ার পর তার আশেপাশের বাড়িঘর ছেড়ে পালিয়ে গেছে হাজার হাজার মানুষ।,"কঙ্গোর গোমা শহরের কাছে অবস্থিত মাউন্ট নিরাগঙ্গ আগ্নেয়গিরি থেকে শনিবার রাতে হঠাৎ করেই লাভা নির্গত হতে থাকে। এরপর থেকে শহরের আকাশ লাল হয়ে যায়। এই লাভার স্রোত এক পর্যায়ে শহরের বিমানবন্দর পর্যন্ত গিয়ে পৌঁছায়। এরপর শহরের বহু বাসিন্দা পার্শ্ববর্তী রোয়ান্ডা সীমান্তের দিকে চলে যায়। রোয়ান্ডার কর্তৃপক্ষ বলছে, প্রায় তিন হাজার মানুষ গোমা থেকে সীমান্ত পাড়ি দিয়েছে। সেদেশের রাষ্ট্রীয় সংবাদ মাধ্যমে বলা হয়েছে যে তাদেরকে স্কুল ও উপাসনালয়ে আশ্রয় দেওয়া হবে।",4.44,2.27,4.44
news-42736049,ভারতে ৭০০ বছর আগেকার চিতোরের রানি পদ্মিনীকে নিয়ে তৈরি বলিউড ছায়াছবি 'পদ্মাবত' সারা দেশেই একসঙ্গে মুক্তি পাবে বলে সুপ্রিম কোর্ট বৃহস্পতিবার নির্দেশ দিয়েছে।,ভারতের সর্বোচ্চ আদালত পদ্মাবত সিনেমার প্রচার-প্রতিবন্ধকতা অবৈধ বলে জানিয়েছে। এই সিনেমাটি নিয়ে দেশটির বিভিন্ন প্রান্তে বিক্ষোভ-প্রতিবাদ ও ভাঙচুরের ঘটনা ঘটেছে। এই সিনেমাটির মুক্তি আগামী ২৫শে জানুয়ারি।,15.69,0.0,7.84
news-49628043,বাংলাদেশের প্রাথমিক বিদ্যালয়ের শিক্ষার্থীদের সামনের বছর থেকে স্কুল ইউনিফর্ম কেনার জন্য দুই হাজার টাকা করে দেয়া হবে বলে জানিয়েছেন প্রাথমিক ও গণশিক্ষা প্রতিমন্ত্রী মোঃ জাকির হোসেন।,"বাংলাদেশের সরকার প্রাথমিক বিদ্যালয়ের শিক্ষার্থীদের স্কুল ইউনিফর্ম কেনার জন্য টাকা দেয়ার প্রকল্প হাতে নিয়েছে। প্রত্যেক শিক্ষার্থীকে স্কুল ইউনিফর্ম বাবদ দুই হাজার করে টাকা দেয়া হবে। প্রাথমিক শিক্ষা অধিদফতরের তথ্য মতে, বাংলাদেশে মোট সরকারি প্রাইমারি স্কুলের সংখ্যা ৬৩ হাজার ৬০১টি, যেখানে পড়াশোনা করছে দুই কোটি ১৯ লাখ ৩২ হাজার ৬৩৮ জন শিক্ষার্থী। প্রশ্ন উঠেছে এই বিপুল পরিমাণ স্কুলে এতো বিপুল সংখ্যক শিক্ষার্থীদের কাছে এই ইউনিফর্মের অর্থ পৌঁছানো হবে কীভাবে। প্রাথমিক শিক্ষা অধিদফতরের মহাপরিচালক এ এফ এম মঞ্জুর কাদির জানান, পুরো প্রকল্পটি এখনও খসড়া পর্যায়ে আছে। প্রত্যেক শিক্ষার্থীকে স্কুল ইউনিফর্ম বাবদ কি পরিমাণ অর্থ বরাদ্দ দেয়া হবে সেটা এখনও নির্ধারণ করা হয়নি। তবে আগামী বছর থেকে এই প্রকল্প যেন বাস্তবায়ন করা যায় সে বিষয়ে বৈঠক চলছে বলেও তিনি জানান। সবকিছু চূড়ান্ত হলে প্রকল্প পরিকল্পনাটি একনেকে পাঠানো হবে। সেখানে প্রকল্পটি পাস হলে আগামী বছর থেকে সরকারি প্রাথমিক বিদ্যালয়ের শিক্ষার্থীদের এই সুবিধা দেয়া সম্ভব হবে বলে আশা করেন মিঃ কাদির।",20.93,10.59,16.28
news-43611700,পঞ্চাশের দশক থেকে ১৯৮০'র দশকের শেষ দিক পর্যন্ত সাবেক সোভিয়েত ইউনিয়ন এবং পশ্চিমা বিশ্বের শত্রুতাকে বলা হতো 'শীতল যুদ্ধ' বা 'স্নায়ুযুদ্ধ'।,"রাশিয়ার প্রেসিডেন্ট ভ্লাদিমির পুতিন রাশিয়ার গৌরব ফেরাতে বদ্ধপরিকর। তার এই প্রচেষ্টার কারণে পশ্চিমা বিশ্লেষকদের মধ্যে নতুন করে শীতল যুদ্ধের শুরু হয়েছে বলে ধারণা করা হচ্ছে। কিন্তু যুক্তরাষ্ট্রের গবেষণা সংস্থা উইলসন সেন্টারের গবেষক মাইকেল কফম্যান মনে করেন, এই তুলনা যথার্থ নয়। তিনি বলছেন, শীতল যুদ্ধ ছিল বিশ্বের দুই পৃথক রাজনৈতিক ও অর্থনৈতিক ব্যবস্থার মধ্যে প্রতিযোগিতা। কিন্তু বর্তমান পরিস্থিতি তেমন নয়। কারণ, এখন সামরিক শক্তির ভারসাম্য নেই অথবা আদর্শের কোনো লড়াই নেই। তাছাড়া রাশিয়ার সেই ক্ষমতাও নেই যে তারা শক্তির ভারসাম্যে মৌলিক পরিবর্তন ঘটাতে পারবে অথবা বর্তমান আন্তর্জাতিক ব্যবস্থাকে বদলে দিতে পারবে।",7.14,1.82,5.36
news-46463754,"রুবি মেরির জন্ম হয়েছিল ব্রিটেনের সাউথ ওয়েলসে, যেখানে তার চমৎকার শৈশব কেটেছে। কিন্তু সবকিছুই বদলে গেলো যখন সে সাবালিকা হলো।","বাংলাদেশী বংশোদ্ভূত ৩৫ বছরের রুবি মেরি বলছেন, তাকে বাবা-মা বাংলাদেশে নিয়ে গিয়ে জোর করে বিয়ে দিয়েছিলেন। তখন তার বয়স ছিল ১৫ বছর। তিনি বলছেন, তার বাবা-মা তাকে বলেছিলেন, তারা ছুটি কাটাতে বাংলাদেশে এসেছেন, কিন্তু পরে তাকে জোর করে বিয়ে দেয়া হয়। রুবি মেরি বলছেন, তিনি প্রায় প্রতিদিনই ধর্ষণের শিকার হতেন। তিনি বলছেন, তার বাবা-মা তাকে বলেছিলেন, তারা তাকে ভালোবাসেন, কিন্তু তিনি বুঝতে পেরেছিলেন যে তারা তাকে বিয়ে দিতে চান। রুবি মেরি বলছেন, তিনি এখন তার অভিজ্ঞতা শেয়ার করছেন, যাতে অন্যরা তার মতো পরিস্থিতির শিকার না হয়।",5.5,0.0,5.5
news-47994270,"''আমাদের মুখ ঢেকে রাখতে হতো....রান্নাবান্না করতে হতো, যেন আমরা দাস। আমরা এটা চাই না, আমরা সত্যিকারের একটা জীবন চাই, আমাদের জীবন,'' বলছেন ২৫ বছরের ওয়াফা, সর্বশেষ যে সৌদি নারী তার বোনের সঙ্গে সৌদি আরব থেকে পালিয়ে এসেছেন।","সৌদি আরব থেকে পালিয়ে আসা দুই বোন ওয়াফা এবং মাহা আল-সুবায়ি জর্জিয়ায় একটি রাষ্ট্রীয় আশ্রয় কেন্দ্রে রয়েছেন। তারা আন্তর্জাতিক সম্প্রদায়ের কাছে সহায়তা চেয়েছেন এবং জাতিসংঘের কাছে আবেদন জানিয়েছেন যাতে তাদের তৃতীয় কোন নিরাপদ দেশে যাওয়ার সুযোগ করে দেয়া হয়। তারা জানিয়েছেন যে, তারা জর্জিয়াতে নিরাপদ বোধ করছেন না কারণ এখানে তাদের পুরুষ আত্মীয়রা তাদের খুঁজে বের করতে পারেন।",16.49,6.32,8.25
news-45950897,বাংলাদেশে সাম্প্রতিক সময়ে বিরোধী রাজনৈতিক নেতৃবৃন্দের কয়েকজনের টেলিফোন আলাপ ফাঁস হবার ঘটনা ঘটেছে।,বাংলাদেশে সাম্প্রতিক সময়ে বেশ কয়েকজন রাজনৈতিক নেতার টেলিফোন আলাপ ফাঁস হয়েছে। এসব ফোনালাপ ফাঁসের উৎস সম্পর্কে আনুষ্ঠানিক কোন বক্তব্য জানা যায়না। বাংলাদেশের আইনে ফোনে আড়ি পাতা এবং ফোনালাপ প্রকাশ নিয়ে সুস্পষ্ট কিছু আইনে উল্লেখ নেই। বাংলাদেশ টেলিযোগাযোগ আইনে নিরাপত্তা সংস্থাকে তদন্তের স্বার্থে বা মামলার স্বার্থে টেলিফোন সেবা দাতা সংস্থার কাছ থেকে তথ্য নেয়ার ক্ষমতা দেয়া হয়েছে।,20.29,11.94,20.29
news-44975752,"বাংলাদেশে হেপাটাইটিস সংক্রমণকে এক নীরব ঘাতক হিসেবে দেখা হচ্ছে। বিশ্ব স্বাস্থ্য সংস্থার হিসেবে দেখা যায়, বাংলাদেশে হেপাটাইটিস বি ও সি ভাইরাসে প্রায় এক কোটি মানুষ আক্রান্ত। বেসরকারি হিসেবে হেপাটাইটিসে প্রতি বছর ২০ হাজারের বেশি মানুষের মৃত্যু হয় বাংলাদেশে।","বাংলাদেশে হেপাটাইটিস ভাইরাসের সংক্রমণ ব্যাপক। এই ভাইরাসের সংক্রমণে অনেকে মারা যাচ্ছে। বাংলাদেশে হেপাটাইটিসে আক্রান্তদের একটা বড় অংশ ঝাড়ফুঁক, পানি পড়া, ডাব পড়া নেয়ার মতো কবিরাজি চিকিৎসার দ্বারস্থ হন। হেপাটাইটিস ভাইরাসের সংক্রমণ বাংলাদেশে জনসাধারণের মধ্যে জন্ডিস রোগ হিসেবে পরিচিত। প্রকৃত অর্থে হেপাটাইটিস হলো ভাইরাসজনিত লিভারের রোগ। চিকিৎসা বিজ্ঞানে ৫ ধরনের হেপাটাইটিস রয়েছে। হেপাটাইটিস এ এবং ই স্বল্পমেয়াদী লিভার রোগ। এটি বিশ্রাম নিলে এক পর্যায়ে সেরে ওঠে। তবে প্রাণঘাতী হচ্ছে হেপাটাইটিস বি এবং সি ভাইরাসের সংক্রমণ।",19.64,3.64,12.5
news-48051927,"ভারতের সাধারণ নির্বাচনে ২৫০০ বছর আগের হিন্দু পৌরাণিক মহাকাব্য আবারো উঠে এসেছে পাদপ্রদীপের আলোয়। বিগত নির্বাচনের মতই, এবারের নির্বাচনেও হিন্দু ধর্মের বহু কট্টরপন্থীদের কথায় ফিরে এসেছে রামায়ণ এবং বিশেষ করে তার নায়ক রাম-এর প্রসঙ্গ।","ভারতের উত্তর প্রদেশ রাজ্যের অযোধ্যা শহরে রাম মন্দির নির্মাণের দাবি আবারও জোরদার হয়েছে। এই শহরেই ১৯৯২ সালে উগ্র হিন্দুত্ববাদীরা বাবরি মসজিদ ভেঙে ফেলেছিল। তারা বিশ্বাস করে যে, এখানেই ছিল রাম মন্দির, যা এক মুসলিম সম্রাট ভেঙে মসজিদ নির্মাণ করেছিল। ক্ষমতাসীন ভারতীয় জনতা পার্টি (বিজেপি) তাদের নির্বাচনী ইশতেহারে রাম মন্দির পুনর্নির্মাণের প্রতিশ্রুতি দিয়েছে। এই বিষয়টি দেশটির হিন্দু ও মুসলমানদের মধ্যে দীর্ঘদিনের উত্তেজনার কারণ। রামায়ণের প্রধান চরিত্র রামকে অনেক হিন্দু ধর্মানুসারী দেখেন 'নায়ক' হিসেবে। তারা বিশ্বাস করে যে, রাম মন্দির নির্মাণ হলে হিন্দুদের জন্য একটি গুরুত্বপূর্ণ ধর্মীয় স্থান পুনরুদ্ধার হবে।",9.76,0.0,8.13
news-52085013,করোনাভাইরাস সংক্রমণ সারা পৃথিবীজুড়ে বেড়েই চলেছে। এর মধ্যে ইতিবাচক বা মন ভালো করার মতো খবর পাওয়া কঠিন। কিন্তু ভালো খবর যে একেবারেই নেই তা নয়। তারই কয়েকটি এখানে।,করোনাভাইরাস মহামারি বিশ্বকে থমকে দিয়েছে। কিন্তু বিশ্বের বিজ্ঞানীরা এই ভাইরাসের বিরুদ্ধে লড়াই করার জন্য দ্রুত এগিয়ে যাচ্ছেন। চীনে যেখান থেকে করোনাভাইরাসের সূচনা হয়েছিল সেখানে এখন বিধিনিষেধ শিথিল করা হচ্ছে। চীন বিশ্বাস করছে যে তারা জরুরি অবস্থাকে নিয়ন্ত্রণে নিয়ে এসেছে। বিশ্বের বিজ্ঞানীরা এই ভাইরাসের বিরুদ্ধে লড়াই করার জন্য দ্রুত এগিয়ে যাচ্ছেন। তারা ভাইরাস সম্পর্কে আরো নতুন তথ্য জানতে পারছেন। এক গবেষণায় জানা গেছে যে এই ভাইরাস নতুন হোস্টের দেহে প্রবেশ করলে খুব কমসংখ্যক মিউটেশন হয়। এটি টিকা প্রস্তুতকারকদের জন্য ভাল খবর।,9.26,0.0,5.56
news-44619936,"""আমরা এসি-তে কতটা ঠাণ্ডা করব, সেটাও না কি সরকার বলে দেবে! তাহলে কি এরপর কতটা ভাত খাব, সেটাও সরকারই ঠিক করবে?""","ভারতের সরকার প্রস্তাব করেছে যে এয়ার কন্ডিশনারের তাপমাত্রা ২৪ ডিগ্রি সেলসিয়াসে 'ডিফল্ট সেটিং' করা বাধ্যতামূলক হোক। এই প্রস্তাবের পেছনে যুক্তিটা হল যে এটি বিপুল পরিমাণ বিদ্যুৎ সাশ্রয় করা সম্ভব হবে এবং স্বাস্থ্যের দিক থেকেও এটা ভাল। বিদ্যুৎমন্ত্রী আর কে সিং ব্যাখ্যা দিয়ে বলেছেন, ""ডিফল্ট সেটিং মানে হল আপনি যখন এসি-টা অন করবেন তখন সেটা ওই তাপমাত্রার জন্য চালু হবে। কিন্তু তারপর ইচ্ছে মতো সেই তাপমাত্রা কমানো বা বাড়ানো যেতেই পারে।""",4.3,0.0,2.15
news-44094528,দিন কয়েক আগে আমেরিকা ও ইরানের মধ্যে সম্পর্কে গুরুতর অবনতি ঘটেছে।,ইরানের সর্বোচ্চ নেতা আলী খামেনেই ইনস্টাগ্রামে একটি ছবি পোস্ট করেছেন। যেখানে তিনি একটি বই পড়ছেন। বইটি হলো মাইকেল উল্‌ফের লেখা 'ফায়ার এন্ড ফিউরি'। বইটিতে দাবি করা হয়েছে হোয়াইট হাউসের ভেতরের অবস্থা বিশৃঙ্খল। বইটি প্রকাশের পর মার্কিন প্রেসিডেন্ট ডোনাল্ড ট্রাম্প বলেছিলেন বইটি লেখা 'মনগড়া গল্প' নিয়ে। আর লেখক মি: উল্‌ফ একজন 'ভণ্ড'।,3.12,0.0,3.12
56976377,বিএনপি চেয়ারপার্সন খালেদা জিয়াকে চিকিৎসার জন্য বিদেশে নিতে চাইছে তাঁর পরিবার ও দল। কিন্তু যে আদেশ বলে তিনি জেল থেকে বের হয়েছিলেন সে অনুযায়ী তাঁর বিদেশে যাওয়ার সুযোগই নেই।,"বিএনপি চেয়ারপার্সন খালেদা জিয়ার বিদেশে যাওয়ার বিষয়ে সরকারের সিদ্ধান্ত আসতে পারে বলে জানিয়েছেন আইনমন্ত্রী আনিসুল হক। তিনি বলেছেন, খালেদা জিয়াকে মুক্তি দেয়ার সময় যে শর্ত দেয়া হয়েছিল তা শিথিল করলেই তিনি বিদেশে যেতে পারবেন। বিএনপি জানিয়েছে, খালেদা জিয়াকে বিদেশে নেয়ার জন্য সরকারের কাছে আগেই আবেদন করা হয়েছে।",28.95,10.81,18.42
news-45859424,"আমল উমর, ১০ বছর বয়সী পাকিস্তানী এই মেয়েটি গত অগাস্টে করাচীর ব্যস্ত রাস্তায় পুলিশের ছোড়া গুলিতে প্রায় হারায়। ওই পুলিশ কর্মকর্তা গুলি ছুড়েছিলেন একজন অপরাধীকে লক্ষ্য করে।","পাকিস্তানের করাচিতে গত বছর এক পুলিশি গুলিবর্ষণে নিহত হন ১০ বছরের আমল। ঘটনার পর থেকে তার বাবা-মা এক ক্যাম্পেইন চালাচ্ছেন যাতে আর কোন পরিবারের এমন ভোগান্তি না হয়। এই দম্পতি চান, অন্য কোন আমলের ভাগ্যে যেন এমনটা না ঘটে। গুলিবিনিময় বন্ধ হলে আতঙ্কিত বিনীশ তার মেয়েদের কোন ক্ষতি হয়েছে কিনা দেখতে শুরু করেন। আনিয়া আতঙ্কিত এবং কান্না করছে। কিন্তু আমল একেবারে শান্ত। বিনীশ গিয়ে তার মেয়েকে স্পর্শ করলেন এবং দেখলেন তার প্রচুর রক্তক্ষরণ।",9.9,0.0,3.96
news-44417309,"বাংলাদেশের ২০১৮-১৯ অর্থবছরের বাজেটে অনলাইনে পণ্য কেনা-বেচায় কর আরোপের যে প্রস্তাব করা হয়েছিল, বাজেট পরবর্তী সংবাদ সম্মেলনে সেটিকে নতুন করে সংজ্ঞায়িত করা হয়েছে।","বাংলাদেশে অনলাইন কেনাকাটায় ভ্যাট আরোপ করা হবে না বলে জানিয়েছেন জাতীয় রাজস্ব বোর্ডের চেয়ারম্যান মোশাররফ হোসেন ভুঁইয়া। তবে ফেসবুক, ইউটিউব বা গুগলের মত মাধ্যমে দেয়া বিজ্ঞাপনের ওপর কর আরোপ করা হবে। অনলাইনে কেনা-বেচা দুই ভাগে ভাগ করা হয়েছে। নিত্যপ্রয়োজনীয় দ্রব্যের ওপর ভ্যাট থাকবে না, তবে অনলাইনে টিভি বা ফ্রিজের মতো অন্যান্য পণ্য কেনা হলে তার ওপর ভ্যাট দিতে হবে।",16.47,4.82,9.41
news-43949363,"বিয়ে টিকিয়ে রাখার ক্ষেত্রে স্বামী ও স্ত্রীর মধ্যে শারীরিক সম্পর্ক কতটা গুরুত্বপূর্ণ, তা নিয়ে বিতর্ক নতুন করে উস্কে দিয়েছে বোম্বে হাইকোর্টের একটি রায়।","মহারাষ্ট্রের কোলাপুরের এক দম্পতির বিয়ে হয়েছিল ৯ বছর আগে। কিন্তু এই ৯ বছরে তাদের মধ্যে কোনও শারীরিক সম্পর্ক ছিল না বলে মুম্বাই হাইকোর্ট তাদের বিয়ে বাতিল করে দিয়েছে। ওই বিয়ের পরপরই স্ত্রী আদালতে অভিযোগ করেছিলেন যে, তাকে প্রতারণা করে বিয়েতে রাজি করানো হয়েছে। স্ত্রী বিয়ে ভেঙে দেওয়ার আবেদন জানালেও স্বামী তাতে রাজি হননি। এই মামলায় দীর্ঘ শুনানির পর বিচারপতি মৃদুলা ভাটকর বলেছেন, যদিও ওই মহিলাকে প্রতারিত করা হয়েছে এমন কোনও প্রমাণ মেলেনি - তা সত্ত্বেও যেহেতু বিবাহিত জীবনে তাদের মধ্যে কোনও শারীরিক সম্পর্কও ঘটেনি তাই সেই বিয়েও অর্থহীন।",14.55,1.85,10.91
news-46554177,"লন্ডনে একটি প্রত্নতাত্ত্বিক খননের সময় খুঁজে পাওয়া মুরগির হাড় নিয়ে গবেষণার পর বলা হচ্ছে, এখনকার মুরগি তাদের আদি প্রজাতির চেয়ে একবারে ভিন্ন।","বিশ্বে মুরগির সংখ্যা বাড়ছে অস্বাভাবিক হারে। বিজ্ঞানীরা বলছেন, পরিবেশের পরিবর্তনের একটি প্রতীক হচ্ছে মুরগি। বিশ্বে মুরগির সংখ্যা বেড়েছে ২৩০০ কোটি। বিশ্বে মুরগির সংখ্যা বেড়েছে অন্য যে কোনো পাখির চেয়ে বেশি। বিশ্বে প্রতি বছর ৬৬০ কোটি মুরগি জবাই করা হয়। বিশ্বে মুরগির সংখ্যা বেড়েছে অন্য যে কোনো পাখির চেয়ে বেশি। বিশ্বে প্রতি বছর ৬৬০ কোটি মুরগি জবাই করা হয়।",12.5,0.0,10.0
news-43222719,প্যারিস সেইন্ট জার্মেইয়ের ফরোয়ার্ড নেইমার কমপক্ষে ৬ সপ্তাহ মাঠের বাইরে থাকতে পারেন বলে জানিয়েছেন তাঁর বাবা।,"নেইমার পিএসজির হয়ে ৩০টি ম্যাচ খেলে ২৯টি গোল করেছেন। রোববার লিগ ওয়ানে মার্শেইয়ের বিপক্ষে একটি ম্যাচে গোড়ালিতে চোট পান নেইমার। চিকিৎসকদের প্রতিবেদন বলছে নেইমারের পায়ের মেটাটারসালে (আঙ্গুল আর গোড়ালির মাঝের হাড়) চিড় ধরা পড়েছে। পিএসজির কোচ উনাই এমেরি অবশ্য বলছেন, নেইমারের সার্জারির প্রয়োজন হবে না। এমনকি রেয়াল মাদ্রিদের বিপক্ষেও মাঠে নামার ক্ষীণ সম্ভাবনা রয়েছে তাঁর। নেইমারের বাবা বলছেন, পিএসজি এখন নেইমারকে নিয়ে ভাবতেও পারবে না। ইএসপিএন ব্রাজিলকে দেয়া এক সাক্ষাৎকারে তিনি বলেন, ""অপারেশন হোক বা না হোক, নেইমারের সেড়ে উঠতে সময় লাগবে ৬ থেকে ৮ সপ্তাহ।"" গেল বছরের অগাস্ট মাসে ২০০ মিলিয়ন পাউন্ডে বিশ্ব রেকর্ড গড়ে স্প্যানিশ ক্লাব বার্সেলোনা ছেড়ে নেইমার প্যারিসে পাড়ি জমান। পুরো ৮ সপ্তাহ যদি প্রয়োজন হয় তবে নেইমার বিশ্বকাপের আগে যথেষ্ট সময় পাবেন না মাঠে। সেক্ষেত্রে ব্রাজিল জাতীয় দলও ক্ষতিগ্রস্ত হবে বলে ধারণা করা হচ্ছে।",8.28,0.0,5.52
news-52105607,"দিল্লিতে তাবলীগ জামাতের সদর দফতরে একটি সমাবেশে যোগ দিয়ে ঘরে ফেরা অন্তত সাতজন, কারও কারও মতে দশজন করোনাভাইরাসে আক্রান্ত হয়ে মারা যাওয়ার পর ওই মসজিদটিকে ভারতে মহামারি ছড়ানোর অন্যতম 'হটস্পট' বলে চিহ্নিত করা হচ্ছে।","দিল্লির নিজামুদ্দিন এলাকার একটি মসজিদে অনুষ্ঠিত এক ধর্মীয় সমাবেশে যোগ দিয়ে ফিরে যাওয়া অন্তত নয়জন ব্যক্তি করোনাভাইরাসে আক্রান্ত হয়ে মারা গেছেন। সেই সমাবেশে অংশ নেওয়া আরও অনেকে আক্রান্ত হয়েছেন বলে ধারণা করা হচ্ছে। এরপর সেই মসজিদটিকে সিলগালা করে দেওয়া হয়েছে। সেখানে অবস্থানরত সাতশোর মতো লোককে কোয়ারেন্টিনে নেওয়া হচ্ছে। এদিকে দিল্লির মুখ্যমন্ত্রী অরবিন্দ কেজরিওয়াল জানিয়েছেন, প্রয়োজনে দিল্লির সবচেয়ে বড় স্টেডিয়াম জহরলাল নেহেরু স্টেডিয়ামকে মেকশিফট হাসপাতালে রূপান্তরিত করা হবে।",25.74,12.12,23.76
news-43626873,প্রেসিডেন্ট ট্রাম্প বিশ্বাস করেন - চীনের কাছে বাজার খুলে দিয়ে আমেরিকার মারাত্মক ক্ষতি হয়েছে।,"মার্কিন প্রেসিডেন্ট ডোনাল্ড ট্রাম্প বলছেন, ২০১৭ সালে তার দেশের বাণিজ্য ঘাটতি ছিল ৮০০ বিলিয়ন ডলার। তিনি বলছেন, চীনের সাথে বাণিজ্যে ক্রমবর্ধমান ভারসাম্যহীনতার কারণে এই ঘাটতি তৈরি হয়েছে। গত সপ্তাহে মি ট্রাম্প অ্যালুমিনিয়াম এবং ইস্পাত সহ শত শত চীনা আমদানি পণ্যের ওপর শুল্ক আরোপের ঘোষণা দিয়েছেন। সোমবারে এর পাল্টা ব্যবস্থা হিসেবে চীন মার্কিন মদ, শুয়োরের মাংস, ফল সহ ৩০০ কোটি ডলারের মার্কিন পণ্য আমদানির ওপর শুল্ক বসিয়েছে। বিশ্বের এক নম্বর এবং দুই নম্বর অর্থনীতির মধ্যে এই বাণিজ্য যুদ্ধের পরিণতি নিয়ে বিশ্ব জুড়ে উদ্বেগ গভীর থেকে গভীরতর হচ্ছে। মি. ট্রাম্প এই উদ্বেগকে পাত্তাই দিচ্ছেন না। তিনি প্রকাশ্যে বলেছেন - বাণিজ্য যুদ্ধ ভালো এবং আমেরিকার তাতে কোনো ক্ষতি নেই, বরঞ্চ লাভ। ইস্পাত শিল্পকে রক্ষা করার যুক্তি দিচ্ছেন মি ট্রাম্প। এই যুদ্ধে কি সত্যিই তিনি জিতবেন ? অধিকাংশ বিশ্লেষক মনে করেন, বাণিজ্যের লড়াই এমন এক লড়াই যেটাতে জেতা ভীষণ কঠিন।",9.52,0.0,6.8
news-48047736,শ্রীলংকায় ইস্টার সানডেতে গির্জা ও হোটেলে যেসব তরুণ-যুবক হামলা চালিয়েছে তাদের অধিকাংশই উচ্চ-শিক্ষিত এবং উচ্চ-মধ্যবিত্ত ঘরের সন্তান। তাদের একজন ব্রিটেন এবং অস্ট্রেলিয়ায় পড়াশোনা করেছে।,"শ্রীলঙ্কার হামলাকারীদের মধ্যে দুই ভাই যারা কলম্বোর ধনী এক মসলা ব্যবসায়ীর সন্তান। বাংলাদেশেও ২০১৬ সালে হোলি আর্টিজান বেকারিতে হামলাকারীদের অনেকেই ছিল শিক্ষিত মধ্যবিত্ত পরিবারের সন্তান। আন্তর্জাতিক জঙ্গি সহিংসতা নিয়ে গবেষণা করেন সুইডেনে বসবাসরত বাংলাদেশী সাংবাদিক তাসনিম খলিল। তিনি বিবিসি বাংলাকে বলেন, ""এটি অবশ্যই উদ্বেগের কারণ যারা আইএস বা আল-কায়েদার মতো জিহাদি সংগঠনগুলোর সাথে জড়িত হচ্ছে তাদের মধ্যে একটি বিশাল অংশ তারা উচ্চবিত্ত পরিবার থেকে আসছে।""",8.6,0.0,8.6
news-51260039,ইরাকের রাজধানী বাগদাদের মার্কিন দূতাবাসে অন্তত তিনটি রকেট হামলা হয়েছে। এর মধ্যে একটি রকেট দূতাবাসের ক্যাফেটরিয়াতে এবং বাকি দুইটি একটু দূরে আঘাত করেছে বলে জানিয়েছে এএফপি।,"ইরাকের রাজধানী বাগদাদে মার্কিন দূতাবাসে রকেট হামলার ঘটনায় অন্তত তিনজন আহত হয়েছেন। এটি কয়েক বছরের মধ্যে প্রথম ঘটনা যেখানে কোনো রকেট হামলায় বাগদাদে কোনো মার্কিন দূতাবাস কর্মী আহত হয়েছেন। এখনো পর্যন্ত কোনো গোষ্ঠী এই হামলার দায়িত্ব স্বীকার করেনি। তবে যুক্তরাষ্ট্র ইরাকের সামরিক বাহিনীর ইরান-সমর্থিত অংশের বিরুদ্ধে অনুযোগ জানিয়ে আসছে। ইরাকি প্রধানমন্ত্রী আদেল আব্দুল মাহদি এ হামলার নিন্দা জানিয়ে বলেছেন, এ ধরনের ধারাবাহিক হামলার ফলে ইরাক আবার যুদ্ধক্ষেত্র হয়ে উঠতে পারে। মার্কিন স্টেট ডিপার্টমেন্ট জানিয়েছে, ""আমাদের কূটনৈতিক সুযোগসুবিধা ও নিরাপত্তা দেয়ার যে বাধ্যবাধকতা ইরাকি কর্তৃপক্ষের রয়েছে, তাদের তা পালনের আহ্বান জানাচ্ছি আমরা।"" সাম্প্রতিক সময়ে ইরাকে দূতাবাস এবং ইরাকি সামরিক ঘাঁটিগুলো হামলার লক্ষ্যবস্তু হয়ে উঠেছে, বিশেষ করে যেখানে মার্কিন বাহিনী মোতায়েন রয়েছে। সাম্প্রতিক মাসগুলোতে ইরান ও যুক্তরাষ্ট্রের সম্পর্কের অবনতির কারণে ইরাকে নিরাপত্তা পরিস্থিতির অবনতি ঘটেছে। এ মাসের শুরুতে বাগদাদ আন্তর্জাতিক বিমানবন্দরে মার্কিন হামলায় ইরানের দ্বিতীয় সর্বোচ্চ নেতা জেনারেল কাসেম সোলেইমানি নিহত হওয়ার ঘটনা এর মধ্যে অন্যতম। জেনারেল সোলেইমানি নিহত হওয়ার কয়েক ঘণ্টার মধ্যেই বাগদাদে মার্কিন দূতাবাসের সামনে দুই দফায় রকেট হামলা হয়। মার্কিন হামলায় নিহতদের মধ্যে আরো রয়েছেন আবু মাহদি আল-মুহানদিস, যিনি ইরান সমর্থিত কাটাইব হেযবোল্লাহ মিলিশিয়া বাহিনীর কমান্ডার ছিলেন। ইরাকি প্রভাবশালী শিয়া নেতা মোক্তাদা আল-সদর দেশটিতে যুক্তরাষ্ট্রবিরোধী ব্যাপক বিক্ষোভ সংগঠিত করেছেন, তাদের দাবি মার্কিন বাহিনীকে ইরাক ছাড়তে হবে। সোলেইমানি নিহত হবার আগে সদর ইরাকের সরকারকে মার্কিন বাহিনীর বিরুদ্ধে পদক্ষেপ নিতে বলেছিলেন। তিনি বলেছিলেন, মার্কিন বাহিনীকে ইরাক থেকে বহিস্কার করতে হবে। এর আগে ইরাকের সংসদ ভবনে মোক্তাদা আল-সদরের সমর্থকরা বিক্ষোভ করেন। তাঁরা মার্কিন পতাকা পুড়িয়ে দেন এবং মার্কিন বাহিনীকে দেশ থেকে বের কর",9.59,2.97,7.38
news-49744505,বাংলাদেশের বাজারে কয়েক মাস আগেও যে পেঁয়াজ ২০-২৪ টাকায় বিক্রি হয়েছে সেটি এখন বিক্রি হচ্ছে ৬০-৭০ টাকা।,বাংলাদেশে পেঁয়াজের দাম বেড়ে যাওয়ায় অনেকেই উদ্বিগ্ন। দেশটিতে পেঁয়াজ রান্নার জন্য অপরিহার্য উপাদান। দেশটিতে পেঁয়াজের দাম বেড়ে যাওয়ার কারণ হিসেবে ভারতীয় পেঁয়াজকে দায়ী করা হচ্ছে। কয়েকদিন আগে ভারত পেঁয়াজ রপ্তানির সর্বনিম্ন মূল্য প্রায় তিনগুণ বাড়িয়ে ৮৫০ ডলার নির্ধারণ করেছে। ফলে বাংলাদেশের বাজারে পেঁয়াজের দাম বেড়ে গেছে।,12.31,3.17,6.15
news-50449838,আফগানিস্তান এবং ইরাকে ব্রিটিশ বাহিনীর হাতে বেসামরিক নাগরিক নিহত হবার ধামাচাপা দেবার অভিযোগ উঠেছে যুক্তরাজ্যের সরকার এবং দেশটির সেনাবাহিনীর বিরুদ্ধে।,"ব্রিটিশ বাহিনীর বিরুদ্ধে ইরাক ও আফগানিস্তানে যুদ্ধাপরাধের অভিযোগ তদন্ত করেছে ব্রিটিশ প্রতিরক্ষা মন্ত্রণালয়ের দুটি প্রকল্প। এই তদন্তে ব্রিটিশ সৈন্যদের বিরুদ্ধে যুদ্ধাপরাধের প্রমাণ পাওয়া গেছে বলে জানিয়েছে তদন্তকারীরা। ব্রিটিশ সরকার এই তদন্ত বন্ধ করে দিয়েছে। একজন আইনজীবীর বিরুদ্ধে অভিযোগ ওঠার পর তদন্ত বন্ধ করা হয়েছে বলে জানিয়েছে সরকার। কিন্তু তদন্তকারীরা বলছেন, সরকার অভিযোগটিকে অজুহাত হিসেবে ব্যবহার করেছে। তদন্তকারীরা আরও বলছেন, সরকার যুদ্ধাপরাধের তদন্ত বন্ধ করার জন্য একটি অজুহাত খুঁজছিল।",11.36,2.33,11.36
news-55642674,"যুক্তরাষ্ট্রের প্রেসিডেন্ট ডোনাল্ড ট্রাম্প মনে করেন, ক্যাপিটল হিলে দাঙ্গার আগে তিনি যে বক্তব্য দিয়েছিলেন, তারা পুরোপুরি ঠিক আছে।","মার্কিন প্রেসিডেন্ট ডোনাল্ড ট্রাম্প বলেছেন, তার বিরুদ্ধে অভিশংসনের প্রস্তাব হাস্যকর। ক্যাপিটল হিলে দাঙ্গার ঘটনায় তার বিরুদ্ধে সহিংসতা উস্কে দেয়ার অভিযোগে এই প্রস্তাব আনতে যাচ্ছে ডেমোক্র্যাটরা। ডোনাল্ড ট্রাম্প বলছেন, এই অভিশংসন প্রস্তাব দেশে বিপদ ডেকে আনবে এবং ব্যাপক ক্ষোভের সৃষ্টি করবে।",20.69,14.29,20.69
news-42133462,আমেরিকার অন্যতম বিখ্যাত সিভিল রাইটস অ্যাক্টিভিস্ট বা নাগরিক অধিকার আন্দোলনের কর্মী জন কনইয়ার্স কংগ্রেসে নিজের পদ থেকে সরে দাঁড়িয়েছেন। তার বিরুদ্ধে যৌন হয়রানির অভিযোগ ওঠার পর তিনি এই সিদ্ধান্ত নিলেন।,"মার্কিন কংগ্রেসের সবচেয়ে বয়স্ক সদস্য জন কনইয়ার্স পদত্যাগ করেছেন। তার বিরুদ্ধে কর্মীদের যৌন হয়রানির অভিযোগ উঠেছে। তিনি সব অভিযোগ অস্বীকার করেছেন। তবে তিনি বলেছেন, তিনি নিদোষ প্রমাণিত হবেন বলেই আশা করেন। মি. কনইয়ার্সের কর্মীদের আনা এসব অভিযোগ খতিয়ে দেখা হবে, জানিয়েছে দি হাউজ এথিকস কমিটি। মার্কিন কংগ্রেসে সবচেয়ে দীর্ঘসময় ধরে সদস্য থাকা জন কনইয়ার্স ১৯৬৫ সালে সর্বপ্রথম কংগ্রেসে যোগ দেন।",20.0,9.09,17.78
news-54948828,টুইটারে ভারতীয় ক্রিকেট দলের অধিনায়ক বিরাট কোহলির শেয়ার করা একটি ভিডিও নিয়ে ভারতের সোশ্যাল মিডিয়ায় বেশ আলোচনা-সমালোচনা তৈরি হয়েছে।,"ভারতীয় ক্রিকেট অধিনায়ক বিরাট কোহলি দিওয়ালি উপলক্ষ্যে একটি ভিডিও মেসেজ পোস্ট করেছেন, যেখানে তিনি আতশবাজি না পোড়ানোর আহ্বান জানিয়েছেন। তিনি বলেছেন, পরিবেশের সুরক্ষা নিশ্চিত করতে এবং প্রিয়জনদের সাথে এই পবিত্র উপলক্ষটি উদযাপন করতে আতশবাজি পোড়ানো এড়িয়ে চলুন। এই ভিডিও মেসেজের পর তিনি সমালোচনার মুখে পড়েছেন, কারণ অনেকে তাকে দ্বিমুখী বলে অভিযুক্ত করেছেন, কারণ তার জন্মদিনে আতশবাজি পোড়ানো হয়েছিল। এই বিষয়ে টুইটারে বিতর্ক চলছে, যেখানে অনেকে তার বার্তাকে সমর্থন করছেন, অন্যদিকে অনেকে তার সমালোচনা করছেন।",17.02,6.52,14.89
news-50086291,ভারত-বাংলাদেশ সীমান্তে দুই দেশের সীমান্তরক্ষী বাহিনীর মধ্যে গোলাগুলিতে এক ভারতীয় সীমান্ত রক্ষী নিহত হয়েছেন সে দেশের কর্মকর্তারা জানিয়েছেন।,"ভারতের সীমান্তরক্ষী বাহিনী বিএসএফ বলছে, বৃহস্পতিবার মুর্শিদাবাদ জেলার সীমান্তে পদ্মা নদীতে মাছ ধরতে যাওয়া কয়েকজন ভারতীয় মৎসজীবিকে বর্ডার গার্ডস বাংলাদেশ বা বিজিবি আটকে রেখেছে। বিএসএফ'র দক্ষিণবঙ্গ সীমান্ত অঞ্চলের ডিআইজি এসএস গুলেরিয়া জানিয়েছেন, ""বেলা ১০:৩০টা দশটা নাগাদ বাহিনীর পাঁচ সদস্যকে সঙ্গে নিয়ে পোস্ট কমান্ডার বিজিবি'র সঙ্গে পতাকা বৈঠক করতে যান।"" ভারতীয় সরকারি কর্মকর্তারা বলছেন, ঐ গোলাগুলিতে হেড কনস্টেবল বিজয়ভান সিংয়ের মাথায় গুলি লাগে, আর হাতে গুলি লাগে নৌকাচালকের।",20.22,0.0,8.99
news-46454788,সাদা ফিনফিনে এবং ৭৫ ফুট দীর্ঘ একটি পোশাক নিয়ে টুইটার-ইন্সটাগ্রাম-ফেসবুকে এখন তোলপাড় চলছে। বলিউড তারকা প্রিয়াংকা চোপড়ার বিয়ের পোশাক এটি। তিনি নিজেই আজ বুধবার ইনস্টাগ্রামে এটির ছবি এবং ভিডিও পোস্ট করেছেন।,বলিউড অভিনেত্রী প্রিয়াঙ্কা চোপড়া এবং মার্কিন সঙ্গীতশিল্পী নিক জোনাসের বিয়ের অনুষ্ঠান অনেক জাঁকজমকপূর্ণ হয়েছে। বিয়ের পোশাকের অবগুন্ঠন দেখে অনেকেই অবাক। প্রিয়াঙ্কা চোপড়ার বিয়ের পোশাকের অবগুন্ঠন ৭৫ ফুট দীর্ঘ ছিল। এত দীর্ঘ অবগুন্ঠন বহন করতে হয়েছে একদল লোককে। প্রিয়াঙ্কা চোপড়ার বিয়ের পোশাক ডিজাইন করেছেন র‍্যালফ লরেন। সেই পোশাকে বিশ লাখ মুক্তার চুমকির নকশা করা ছিল। প্রিয়াঙ্কা চোপড়া এবং নিক জোনাস গত গ্রীষ্মে বাগদান করেন। এর আগে তাদের প্রেম নিয়ে ব্যাপক আলোচনা চলেছে।,20.95,7.77,15.24
news-52018765,বাংলাদেশে করোনাভাইরাস শনাক্ত হওয়ার পর থেকেই সবার দৃষ্টি পড়েছে এ রকম একটি স্বাস্থ্য জরুরি অবস্থা মোকাবেলায় দেশটির স্বাস্থ্য অবকাঠামো ঠিক কতটা প্রস্তুত সেই দিকে।,"করোনাভাইরাস মহামারির মধ্যে বাংলাদেশের হাসপাতালগুলোয় পর্যাপ্ত শয্যা ও আইসিইউর অভাব রয়েছে বলে জানা গেছে। বুধবার পর্যন্ত বাংলাদেশে করোনাভাইরাসে ৩৯ জন আক্রান্ত হয়েছে। বিশ্বজুড়ে করোনাভাইরাসে আক্রান্তের সংখ্যা চার লক্ষ ছাড়িয়ে গেছে, মৃতের সংখ্যা এখন ২০ হাজারের কাছাকাছি।",6.67,0.0,3.33
news-43362907,"উত্তর কোরিয়ার নেতা কিম জং আনের সাথে বৈঠকে বসতে রাজি হওয়ার একদিন পর প্রেসিডেন্ট ট্রাম্প টুইট করে বলেছেন, সেখানে সমঝোতা হওয়ার ব্যাপারে তিনি আশাবাদী।",উত্তর কোরিয়ার নেতা কিম জং আন এবং মার্কিন প্রেসিডেন্ট ডোনাল্ড ট্রাম্প আগামী মাসে সিঙ্গাপুরে বৈঠক করবেন। এই বৈঠকের আগে হোয়াইট হাউজ থেকে বলা হয়েছিল যে উত্তর কোরিয়া তার পরমাণু কর্মসূচি বন্ধ করার ব্যাপারে সুনির্দিষ্ট পদক্ষেপ না নিলে তাদের মধ্যে কোনো বৈঠক হবে না। এই বৈঠকের সিদ্ধান্ত নিয়েছেন প্রেসিডেন্ট ট্রাম্প নিজেই।,21.62,13.89,21.62
news-44968011,বাংলাদেশের দিনাজপুরে বড়পুকুরিয়া কয়লা খনি থেকে কয়লা চুরির কেলেঙ্কারি সপ্তাহ-খানেক আগে ফাঁস হয়ে পড়ার পর সরকারের শীর্ষ মহলে তীব্র প্রতিক্রিয়া হয়েছে।,"বাংলাদেশের বড় পুকরিয়া কয়লা খনি থেকে ১৪ লাখ টন কয়লা চুরির ঘটনায় প্রধানমন্ত্রী শেখ হাসিনা ক্ষোভ প্রকাশ করেছেন। এ ঘটনায় ১৯ জন কর্মকর্তার বিরুদ্ধে মামলা করা হয়েছে এবং দুর্নীতি দমন কমিশন তদন্ত শুরু করেছে। খনির চারজন শীর্ষ কর্মকর্তাকে দেশ ছাড়ার ওপর নিষেধাজ্ঞা আরোপ করা হয়েছে। এই দুর্নীতির ঘটনাটি জুন মাসে প্রথম টের পাওয়া যায়, যখন বড়পুকুরিয়া তাপ বিদ্যুৎ কেন্দ্র কর্তৃপক্ষ জ্বালানি মন্ত্রণালয়ের কাছে কয়লা সরবরাহে ঘাটতি নিয়ে শঙ্কা প্রকাশ করে। তদন্তে দেখা যায়, ২০০৫ সাল থেকে খনির কয়লা উৎপাদন ও সরবরাহের হিসাবের মধ্যে বিস্তর ফারাক রয়েছে। এই ফারাকের কারণে বড়পুকুরিয়া তাপ বিদ্যুৎ কেন্দ্রটি পুরোপুরি বন্ধ করে দিতে হয়েছে।",15.0,5.08,13.33
news-43430104,জহিরুল ইসলামের বাড়ি বাংলাদেশের গাজীপুরে। উন্নত জীবনের আশায় ২০১৩ সালে তিনি সমুদ্র পথে পাড়ি জমান মালয়েশিয়ার উদ্দেশ্যে। কিন্তু গন্তব্যে পৌঁছানো হয় নি তার।,"বাংলাদেশি অভিবাসী জহিরুল ইসলাম বিবিসি বাংলাকে বলেন, তিনি অস্ট্রেলিয়ায় কাজের সন্ধানে বিদেশে যান। কিন্তু পথে পাপুয়া নিউ গিনিতে এক অভিবাসী ক্যাম্পে ঠাঁই হয় তার। সেখানে চার বছর কেটে যায় তার জীবনের। এই চার বছরের বেশির ভাগ সময় তিনি পরিবারের সাথে যোগাযোগ করতে পারেননি। জহিরুল ইসলাম বলেন, এপর্যন্ত তার ১০ লক্ষেরও বেশি টাকা খরচ হয়েছে। তিনি জানান, দেশে জমি-জমা বিক্রি করে, ঋণ করে তিনি সেই টাকা জোগাড় করেন। জহিরুল ইসলাম বলেন, এই সময়ের মধ্যে তার বাবা মারা যান। কিন্তু তিনি সেই খবর পেয়েছেন অনেক পরে। কারণ তার পরিবার জানতো না যে তিনি বেঁচে আছেন কিনা।",11.86,0.0,8.47
news-38871861,"এক সমীক্ষায় দেখা গেছে , হাসপাতালে চিকিৎসা শেষ হওয়া সত্ত্বেও কিছু রোগীকে প্রায় এক বছর বা তারও বেশি ওই হাসপাতালেই কাটিয়ে দিতে হয়।","স্কটল্যান্ডের একটি হাসপাতালে চিকিৎসা শেষে এক রোগীকে ৫০৮ দিন অপেক্ষা করতে হয়েছে ছাড়পত্রের জন্য। স্কটিশ লিবারেল ডেমোক্রেটসের এক গবেষণায় এমনটি উঠে এসেছে। এছাড়া আরও অনেক রোগীকে ছাড়পত্র না পাবার কারণে দীর্ঘসময় ধরে হাসপাতালে থাকতে হচ্ছে বলে জানা গেছে। স্কটল্যান্ডের প্রথম মন্ত্রী নিকোলা স্টার্জন বলেছেন, এমন পরিস্থিতি গ্রহণযোগ্য নয়। স্কটিশ সরকার জানিয়েছে, ২০১৫ সালের তুলনায় ২০১৬ সালে এমন ঘটনা কমেছে।",14.81,2.53,9.88
news-42408125,"বাংলাদেশের পররাষ্ট্রমন্ত্রী এএইচ মাহমুদ আলী জানিয়েছেন, মিয়ানমার থেকে পালিয়ে বাংলাদেশে আসা রোহিঙ্গাদের পুনর্বাসনের জন্য ঢাকা ও নেপিডোর মধ্যে জয়েন্ট ওয়ার্কিং গ্রুপ গঠন করা হয়েছে।","রোহিঙ্গা সমস্যা নিয়ে বাংলাদেশ ও মিয়ানমারের মধ্যে দুই দিনব্যাপী বৈঠক শুরু হয়েছে। বৈঠকে বাংলাদেশ ও মিয়ানমার যৌথ কমিশন গঠন করা হয়েছে। এই কমিশনের সদস্যরা ঠিক করবেন রোহিঙ্গাদের কবে, কখন ও কীভাবে মিয়ানমারে ফেরত পাঠানো হবে।",23.73,7.02,16.95
news-41641674,"সারা দুনিয়ায় যে সব মেগাসিটিতে মেয়েদের সবচেয়ে বেশি যৌন সহিংসতার সম্মুখীন হতে হয়, তার ওপর করা একটি জরিপে দিল্লি ও সাও পাওলো যৌথভাবে শীর্ষস্থানে এসেছে।","দিল্লিতে সাড়াজাগানো নির্ভয়া ধর্ষণ ও হত্যার ঘটনার পাঁচ বছর পূর্ণ হতে চলল, কিন্তু শহরে মেয়েদের ওপর যৌন সহিংসতার ছবিটা আসলে ক্রমেই আরও ভয়ঙ্কর হয়ে উঠেছে। টমসন রয়টার্স ফাউন্ডেশন বিশ্বের মোট ১৯টি শহর জুড়ে এই সমীক্ষা চালিয়েছিল, যে সব শহরের জনসংখ্যা এক কোটিরও বেশি। রয়টার্সের জরিপ বলছে, ২০১২ সালের তুলনায় ২০১৬তে দিল্লিতে ধর্ষণের ঘটনা ৬৭% শতাংশ বেড়েছে ২০১৬তে - পুলিশই রেকর্ড করেছে ২,১৫৫টি ধর্ষণের ঘটনা।",20.22,4.6,6.74
news-49174198,"ঢাকায় এডিস মশা নিয়ন্ত্রণের কোন কার্যক্রমই নেই, ফলে ডেঙ্গু নিয়ে বর্তমান পরিস্থিতির তৈরি হয়েছে বলে মনে করছেন বিশেষজ্ঞরা।","ঢাকায় এডিস মশা নিয়ন্ত্রণের জন্য কোন কার্যকর পদক্ষেপ নেয়া হচ্ছে না বলে মন্তব্য করেছেন জাহাঙ্গীরনগর বিশ্ববিদ্যালয়ের কীটতত্ত্ব বিভাগের অধ্যাপক কবিরুল বাশার। তিনি বলছেন, এডিস মশা নিয়ন্ত্রণের জন্য বিশেষভাবে প্রশিক্ষিত কর্মী দরকার। তবে সিটি কর্পোরেশনের এমন কোন প্রশিক্ষিত দল নেই। এডিস মশা নিয়ন্ত্রণে বাংলাদেশ এখনো পিছিয়ে আছে। ২০০০ সালের দিকে যখন বাংলাদেশে ডেঙ্গু রোগটি ব্যাপকভাবে ছড়িয়ে পড়ে, তখন এডিস মশা সার্ভেইল্যান্স নামের একটি প্রজেক্ট নেয়া হয়েছিল।",19.28,7.41,16.87
news-50367014,রাশিয়ার একজন সুপরিচিত ঐতিহাসিক তার প্রেমিকাকে হত্যা করার কথা স্বীকার করেছেন। ওই নারী তার সাবেক এক ছাত্রী ছিলেন।,"রাশিয়ার সেন্ট পিটার্সবার্গে এক বিশ্ববিদ্যালয়ের অধ্যাপক তার ২৪ বছর বয়সী প্রেমিকাকে খুনের অভিযোগে গ্রেপ্তার হয়েছেন। গ্রেপ্তার হওয়া অধ্যাপকের নাম ওলেগ সোকোলফ। তিনি সেন্ট পিটার্সবার্গ স্টেট ইউনিভার্সিটিতে ইতিহাস বিভাগের অধ্যাপক। তিনি নেপোলিয়ন বিষয়ক বিশেষজ্ঞ। তাকে দেখা যাচ্ছে ১৮১২ সালের রুশ সামরিক বাহিনীর ইউনিফর্ম পরে এক উৎসবে যোগ দিয়েছেন। ছাত্রীর আইনজীবী জানিয়েছেন ওই অধ্যাপক একটি নদীতে পড়ে গিয়েছিলেন এবং তার ব্যাগের মধ্যে ওই নারীর হাত ছিল। ওলেগ সোকোলফ নামে ওই অধ্যাপক মাতাল অবস্থায় নদীতে পড়ে যান। স্থানীয় সংবাদমাধ্যমের খবরে বলা হয়েছে তিনি ওই নারী দেহের অংশগুলো নদীতে ফেলার জন্য সেখানে গিয়েছিলেন। ছাত্রী ২৪ বছর বয়স্ক আনাস্তাসিয়া ইয়েশচেঙ্কোর বিকৃত দেহ পুলিশ পরে ওই অধ্যাপকের বাড়ি থেকে উদ্ধার করে। প্রফেসর সোকোলফ নেপোলিয়ন বিষয়ক বিশেষজ্ঞ যাকে ফ্রান্স লেজিয়ন দ্যঅনিউর নামে বিশেষ সম্মানে ভূষিত করেছে। ''তিনি তার অপরাধ স্বীকার করেছেন,'' তার আইনজীবী আলেকজাণ্ডার পচুইয়েভ সংবাদ সংস্থা এএফপিকে জানিয়েছেন। আইনজীবী বলেছেন তিনি যা করেছেন তার জন্য তিনি এখন দু:খিত এবং তিনি পুলিশের সঙ্গে সহযোগিতা করছেন। প্রফেসর সোকোলফ পুলিশকে বলেছেন যে এক তর্কাতর্কির সময় তিনি তার প্রেমিকাকে খুন করেন এবং তারপর করাত দিয়ে তার প্রেমিকার মাথা, হাত ও পা কেটে ফেলেন। বলা হচ্ছে, অধ্যাপক তার প্রেমিকার দেহ সরিয়ে ফেলার পরিকল্পনা করেছিলেন এবং তার আরও পরিকল্পনা ছিল নেপোলিয়নের সাজপোশাক পরে তিনি সবার সামনে আত্মহত্যা করবেন। বিবিসি বাংলায় আরও পড়ুন: ৯৩ জনকে খুন করেছে যুক্তরাষ্ট্রের যে সিরিয়াল কিলার খুন করে প্রেমিকের মাংস রান্না করলেন এক মহিলা নিজের করা খুনের দৃশ্যে নিজেই অভিনয় করেছেন যিনি মি: পচুইয়েভ বলেছেন, অধ্যাপক সোকোলফ হয়ত মানসিক চাপে ভুগছিলেন। নদীতে ডুবে হাইপোথার্মিয়ার শিকার হওয়ায় বর্তমানে তিনি হাসপাতালে চিকিৎসাধীন রয়েছেন। এই ঐতিহাসিক নেপোলিয়নের ওপর বেশ কয়েকটি বই লিখেছে",8.15,2.24,5.19
news-50172787,বাংলাদেশে বিপ্লব নামে এক ব্যক্তির ফেসবুক আইডি হ্যাক করে ইসলামের নবীকে নিয়ে অবমাননাসূচক পোস্ট দেয়া হ্যাকার কে ছিল - তা এখনো 'সুনির্দিষ্টভাবে চিহ্নিত করা যায়নি' বলে জানা গেছে।,"বাংলাদেশের স্বরাষ্ট্রমন্ত্রী আসাদুজ্জামান খান বলেছেন, ফেসবুক কর্তৃপক্ষ হ্যাকারের ব্যাপারে 'সুনির্দিষ্ট তথ্য' নয়, 'কিছু ধারণা' দিয়েছে। তিনি বলেন, ফেসবুক হ্যাকার সম্পর্কে সুনির্দিষ্ট তথ্য এখনও দেয়নি, কিন্তু কিছু ধারণা দিয়েছে। বাংলাদেশ সরকার ফেসবুকের কাছে গিয়েছে নিশ্চিত হওয়ার জন্য হ্যাকারকে চিহ্নিত করার প্রক্রিয়া চলছে।",8.82,0.0,8.82
news-46092714,ইরানের তেল খাতকে লক্ষ্য করে আমেরিকা আজ থেকে কঠোর অবরোধ আরোপ করতে যাচ্ছে। ইরানের প্রেসিডেন্ট হাসান রুহানি এ নিয়ে তীব্র প্রতিক্রিয়া দেখিয়েছেন।,"ইরানের সাথে বাণিজ্য করা কোনও দেশ বা কোম্পানিকে মার্কিন যুক্তরাষ্ট্রের বাজারে যেতে দেয়া হবে না। এই নিষেধাজ্ঞার ফলে ইরানের অর্থনীতিতে মারাত্মক প্রভাব পড়বে। ইরানের প্রেসিডেন্ট হাসান রুহানি বলেছেন, এতে কোনও সন্দেহ নেই যে, ইরানের বিরুদ্ধে নতুন এই ষড়যন্ত্র করে যুক্তরাষ্ট্র কোনও সাফল্য অর্জন করতে পারবে না।",20.59,9.09,14.71
news-43945802,আগামী চব্বিশ ঘণ্টায় দেশের বিভিন্ন এলাকায় আরও কালবৈশাখী ঝড়ের পূর্বাভাস দিয়েছে বাংলাদেশের আবহাওয়া অধিদপ্তর।,"বাংলাদেশের আবহাওয়া অধিদপ্তরের পূর্বাভাস অনুযায়ী আজ সকাল দশটা থেকে পরবর্তী চব্বিশ ঘণ্টা পর্যন্ত সময়ে দেশের বিভিন্ন স্থানে ঝড়, দমকা হাওয়া ও ভারী বর্ষণ হতে পারে। এই পূর্বাভাস অনুযায়ী আজ সকাল সাড়ে এগারোটার দিকে ঢাকার বিভিন্ন এলাকায় বৃষ্টি শুরু হয়েছে। একই সাথে আকাশে প্রচণ্ড গর্জনের সাথে সাথে অনেক এলাকাতেই বৃষ্টি হচ্ছে। এদিকে গত কয়েকদিনে বিভিন্ন জায়গায় বহু মানুষের মৃত্যু হয়েছে বজ্রপাতে।",18.92,8.33,10.81
news-52336713,করোনাভাইরাস প্রাদুর্ভাব নিয়ন্ত্রণে বাংলাদেশের সব জায়গায় সব ধরনের জনসমাগম - এমনকি ধর্মীয় জমায়েতও- নিষিদ্ধ করা করা হলেও শনিবার সকালে ব্রাহ্মণবাড়িয়ায় এক ধর্মীয় বক্তার শেষকৃত্যে হাজার হাজার মানুষের জমায়েতের ঘটনা ঘটেছে।,"বাংলাদেশের ব্রাহ্মণবাড়িয়ায় এক ইসলামিক বক্তার জানাজায় অংশগ্রহণকারীদের ভিড় করোনাভাইরাস সংক্রমণ ঠেকাতে সরকার যে সব নির্দেশনা দিয়েছে তার সবই লঙ্ঘন করা হয়। ব্রাহ্মণবাড়িয়ার সরাইল থানার ভারপ্রাপ্ত কর্মকর্তা শাহাদাত হোসেন বিবিসিকে বলেন, জানাজায় যে ভিড় জমেছে তাতে করোনাভাইরাস সংক্রমণের ঝুঁকি অনেক বেড়ে যায়। বাংলাদেশে করোনাভাইরাস সংক্রমণ ঠেকাতে সরকার একটি নির্দেশনা জারি করেছে। সেখানে বলা হয়েছে, কোনো ধরণের জনসমাগম এড়িয়ে চলতে হবে। বিশেষ করণ কোনো মৃত ব্যক্তির জানাজায় বা অন্ত্যেষ্টিক্রিয়ায় যাতে বড় ধরণের জনসমাগম না হয় সে বিষয়ে সতর্ক থাকতে হবে।",14.95,1.9,7.48
news-45094051,নিরাপদ সড়কের দাবীতে শিক্ষার্থীদের করা আন্দোলনের ফলেই সরকার দ্রুতগতিতে সড়ক পরিবহন আইন বাস্তবায়ন করতে উদ্যোগী হয়েছে বলে মনে করছেন রাজনৈতিক বিশ্লেষকরা।,"নিরাপদ সড়কের দাবিতে শিক্ষার্থীদের আন্দোলনের পর নতুন সড়ক পরিবহন আইন অনুমোদন করা হয়েছে। জাহাঙ্গীরনগর বিশ্ববিদ্যালয়ের অধ্যাপক নাসরীন সুলতানা বলেছেন, নতুন আইনে গাড়ির ড্রাইভিং লাইসেন্স, ট্যাক্স টোকেন, রোড পারমিট, ফিটনেসসহ বিভিন্ন বিষয়কে গুরুত্ব দেয়া হয়েছে। তিনি মনে করেন, এই আন্দোলন না হলে সরকারের বিভিন্ন পর্যায়ে এতোটা আলোচনা হতো না। তবে আইন থাকলেও তা বাস্তবায়নের ক্ষেত্রে নানা ধরণের অনিয়মের অভিযোগ ওঠে অনেকসময়। মিজ. সুলতানা বলেন, আইনের কার্যকর বাস্তবায়ন নিশ্চিত করতে রাষ্ট্রের নাগরিকদের যেমন আইনের প্রতি শ্রদ্ধাশীল হতে হবে তেমনি আইন প্রণেতাদের ও আইন শৃঙ্খলা রক্ষার দায়িত্বে নিয়োজিত সংস্থাগুলোকেও পক্ষপাতহীনভাবে কাজ করতে হবে।",21.62,5.5,16.22
news-55130987,বাংলাদেশে কক্সবাজারের শরণার্থী শিবির থেকে পালিয়ে এসে ভারতের একটি ট্রেনে চেপে যাওয়ার সময় চোদ্দজন রোহিঙ্গা শরণার্থীর একটি বড় দল পুলিশের হাতে ধরা পড়েছে।,"ত্রিপুরার আগরতলা থেকে দিল্লি যাওয়ার জন্য বিশেষ ট্রেনে যাত্রা করছিলেন চোদ্দজন রোহিঙ্গা। পশ্চিমবঙ্গের নিউ জলপাইগুড়ি স্টেশনে তাদের আটক করে রেল পুলিশ। এদের মধ্যে দশজন নারী, একজন শিশু আর বাকি তিনজন পুরুষ। এরা সবাই ভুয়া নাম-পরিচয়ে টিকিট কেটেছিলেন এবং তাদের কারও কাছেই বৈধ পরিচয়পত্র ছিল না বলে জানিয়েছে ভারতীয় রেল কর্তৃপক্ষ।",13.51,2.78,10.81
news-53698361,করোনাভাইরাস মহামারির পর দীর্ঘ সময় ধরে স্থবির অবস্থায় ছিল বাংলাদেশের পর্যটন কেন্দ্রগুলো। কিন্তু এই কোরবানির ঈদে টানা কয়েকদিনের ছুটিতে বড় ধরনের জন সমাগম দেখা গেছে বেশ কয়েকটি স্পটে।,"করোনাভাইরাস মহামারির মধ্যেও কক্সবাজার সমুদ্র সৈকতে পর্যটকদের ভিড় দেখা যাচ্ছে। স্থানীয়রা ভাইরাসের হটস্পটে পরিণত হওয়ার আতঙ্কে আছেন। পর্যটকদের মধ্যে স্বাস্থ্যবিধি মেনে চলার কোন প্রবণতা নেই। স্বাস্থ্যবিধি নজরদারি করার মতো কোন ব্যবস্থাও নেই। স্থানীয় বাসিন্দা ইশরাত জাহান বলেছেন, হোটেল খোলার আগেই যদি এতো মানুষ হয়, খুলে দিলে না জানি কি অবস্থা হবে। পর্যটকরা বলছেন, তারা মানসিক প্রশান্তির জন্য ঘুরতে বেড়িয়েছেন।",6.9,2.35,6.9
news-50232261,চার মাসের শিশু সন্তানকে নিয়ে ঝালকাঠীর রাজাপুর থেকে স্বরূপকাঠী যাচ্ছিলেন প্রাথমিক বিদ্যালয়ের শিক্ষক জয়ন্তী বিশ্বাস। পথের মধ্যে বাসে হঠাৎ করে বাচ্চা কান্নাকাটি শুরু।,বাংলাদেশের একজন মা তার শিশুকে পাবলিক প্লেসে বুকের দুধ খাওয়ানোর সময় সমাজের নেতিবাচক দৃষ্টিভঙ্গির সম্মুখীন হন। এই সমস্যা সমাধানের জন্য পাবলিক প্লেস এবং কর্মস্থলে ব্রেস্ট ফিডিং কর্নার স্থাপন করা হয়েছে। একজন মা হাইকোর্টে একটি রিট করেন এবং পরে হাইকোর্ট একটি রুল জারি করে পাবলিক প্লেস এবং কর্মস্থলে ব্রেস্ট ফিডিং কর্নার থাকতে হবে বলে জানায়। এই সিদ্ধান্ত মায়েদের জন্য একটি মোক্ষম সমাধান হতে পারে।,2.33,0.0,2.33
news-41751839,বাংলাদেশের পুলিশ দক্ষিণ-পশ্চিমাঞ্চলীয় জেলা মেহেরপুর থেকে ভারত থেকে 'পুশ-ব্যাক' হয়ে আসা একটি রোহিঙ্গা পরিবারকে আটক করেছে।,"বাংলাদেশের মেহেরপুর জেলার মুজিবনগর থানার কেদারগঞ্জ বাজারে বুধবার সকালে এক রোহিঙ্গা পরিবারকে অপেক্ষা করতে দেখেন স্থানীয় লোকেরা। তারা বাংলায় কথা বলতে পারেন না বুঝতে পেরে এবং রোহিঙ্গা সন্দেহে স্থানীয় বাসিন্দারা মুজিবনগর থানায় খবর দেন। পরিবারটিতে বাবা-মা এবং তাদের দুটি শিশুপুত্র এবং দুটি শিশুকন্যা রয়েছে। রোহিঙ্গা পরিবারটির ভাষ্যমতে, মঙ্গলবার আনুমানিক রাত দুটা থেকে তিনটার মধ্যে তাদেরকে ভারত সীমান্ত থেকে বাংলাদেশ ভূখণ্ডের দিকে ঠেলে দেয় ভারতীয় নিরাপত্তা বাহিনী।",16.47,2.41,11.76
news-56460379,বাংলাদেশ সিভিল সার্ভিস -বিসিএস পরীক্ষায় যারা ঝরে যান তাদের বেশিরভাগের বিকল্প ক্যারিয়ার পরিকল্পনা না থাকায় এক পর্যায়ে হতাশাগ্রস্ত হয়ে পড়েন।,"বিসিএস পরীক্ষায় ঝরে পড়াদের অনেকে এক পর্যায়ে হতাশাগ্রস্ত হয়ে পড়েন। বিশেষজ্ঞরা বলছেন, বিসিএস-কেন্দ্রিক চিন্তাভাবনা না রেখে নিজেকে অন্যান্য ক্ষেত্রগুলোর জন্য প্রস্তুত করার পরামর্শ দিচ্ছেন। বাংলাদেশে উচ্চতর ডিগ্রী শেষে বেশিরভাগ তরুণদের ক্যারিয়ারের লক্ষ্য থাকে বাংলাদেশ সিভিল সার্ভিস -বিসিএস পরীক্ষা দিয়ে ক্যাডার হওয়া। এবারে ৪১ তম বিসিএস-এ দুই হাজার ১৬৬ শূন্য পদের জন্য পরীক্ষা দিয়েছেন প্রায় পৌনে পাঁচ লাখ পরীক্ষার্থী। এসব শিক্ষার্থীর একটি বড় অংশ বিসিএস-এর প্রস্তুতি নিতে গিয়ে অন্য কোন দিকে ক্যারিয়ার এগিয়ে নেয়ার চেষ্টা করেন না। ফলে অকৃতকার্য হলে তারা দিশেহারা হয়ে পড়েন।",24.53,15.38,15.09
news-44844781,বাংলাদেশে কোটা সংস্কার আন্দোলনকে কেন্দ্র করে শিক্ষক হেনস্থা ও শিক্ষার্থী লাঞ্ছনা ঘটনার প্রতিবাদে মানববন্ধন ও মিছিলের কর্মসূচি পালিত হয়েছে ঢাকা বিশ্ববিদ্যালয়ে।,"কোটা সংস্কার আন্দোলনের প্রতিবাদে ঢাকা বিশ্ববিদ্যালয়ে একের পর এক হামলার ঘটনা ঘটেছে। শিক্ষার্থী ও শিক্ষকরা বিশ্ববিদ্যালয় প্রশাসনের কাছে নিরাপত্তার দাবি জানিয়েছেন। বিশ্ববিদ্যালয় প্রশাসন বলছে, ইতোমধ্যেই ব্যবস্থা নেয়া হয়েছে এবং প্রয়োজনে আরও ব্যবস্থা নেয়া হবে।",29.09,7.55,18.18
news-51672499,করোনাভাইরাসের উপস্থিতি এখন অ্যান্টার্কটিকা ছাড়া আর সব মহাদেশেই - এবং এই প্রথমবারের মতো চীনের বাইরে এটি দ্রুতগতিতে ছড়াতে শুরু করেছে।,করোনাভাইরাস মোকাবেলায় থাইল্যান্ডের পার্লামেন্ট জীবানুমুক্ত করা হচ্ছে। একজন এমপি জাপান থেকে ফেরার পর এই সিদ্ধান্ত নেয়া হয়েছে। বিশ্বের বড় বড় শহরগুলোতে এখন করোনাভাইরাস প্রকোপ বাড়ছে। এই শহরগুলোতে করোনাভাইরাস মোকাবেলায় কিছু চ্যালেঞ্জ আছে। গণপরিবহন ভাইরাস ছড়ানোর সবচেয়ে সহজ মাধ্যম। দক্ষিণ কোরিয়া থেকে শুরু করে ইটালি কিংবা ইরান পর্যন্ত সব দেশই ট্রেন ও বাস স্টেশনগুলোতে ব্যাপকভাবে পরিচ্ছন্নতা কার্যক্রম চালানোর নির্দেশনা দিয়েছে। বড় জমায়েত যেসব ইভেন্টে অনেক মানুষ জমায়েত হয় - যেমন খেলার মাঠ - এগুলো হলো ভাইরাস ছড়ানোর সম্ভাব্য ক্ষেত্র।,8.42,0.0,6.32
news-43446969,নিদাহাস ট্রফির ফাইনাল ম্যাচে রোববার সন্ধ্যায় মুখোমুখি হচ্ছে বাংলাদেশ ও ভারত। শ্রীলংকার কলম্বোর প্রেমাদাসা স্টেডিয়ামে অনুষ্ঠিত হবে এই ম্যাচটি।,বাংলাদেশ ও ভারত আজ কোলকাতার ইডেন গার্ডেনস মাঠে একে অপরের মুখোমুখি হবে এশিয়া কাপ টি-টোয়েন্টির সুপার ফোর রাউন্ড রোবিন পর্বের শেষ ম্যাচে। এটি এশিয়া কাপের ফাইনালে জায়গা করে নেয়ার জন্য বাংলাদেশের জন্য একটি ডিসাইডার ম্যাচ। বাংলাদেশ ও ভারত একবার করে শ্রীলংকা ও পাকিস্তানকে হারিয়েছে। বাংলাদেশ শ্রীলংকার কাছে একটি ম্যাচে হেরেছে। ভারত পাকিস্তানের কাছে হেরেছে। তবে বাংলাদেশ ভারতের বিপক্ষে কখনো কোনো ফাইনাল ম্যাচে জয় পায়নি।,19.05,7.32,11.9
news-40366438,"মাত্র কয়েকদিন আগেই কলকাতার জনপ্রিয় নায়ক জিৎ তার ফেসবুকে বলেছিলেন, ""আকাশে যতই মেঘ ঘনিয়ে আসুক না কেন সূর্য ওঠা কেউ আটকাতে পারে না।""","বাংলাদেশের সিনেমা হলে 'বস টু' এবং 'নবাব' মুক্তি না দেয়ার দাবী তুলেছিলেন বাংলাদেশের শিল্পীরা। কিন্তু এখন এ দুটি সিনেমা বাংলাদেশে মুক্তি পাচ্ছে। বাংলাদেশ চলচ্চিত্র শিল্পী সমিতির সাধারণ সম্পাদক জয়েদ খান বলেছেন, যৌথ প্রযোজনার সিনেমায় সরকারের নির্দেশিত নিয়ম-কানুন মানা হয়নি।",3.17,0.0,3.17
news-51664932,করোনাভাইরাসের কারণে চীনের সাথে পণ্য আনা-নেয়া ব্যহত হওয়ায় দেশটির সঙ্গে বাংলাদেশের বাণিজ্যে ব্যাপক ক্ষতির আশংকা করা হচ্ছে।,"বাংলাদেশ ট্রেড অ্যান্ড ট্যারিফ কমিশন সরকারকে এক রিপোর্ট পাঠিয়েছে, তাতে বলা হয়েছে চীনের সঙ্গে আমদানি ও রপ্তানি উভয় খাতে আর্থিক ক্ষতির আশংকা রয়েছে। করোনাভাইরাসের কারণে চীনের সঙ্গে বাংলাদেশের ব্যবসায়িক কর্মকাণ্ডে এক ধরণের ধাক্কা লেগেছে। বাংলাদেশের মোট আমদানির ২৫ শতাংশ আসে চীন থেকে। এছাড়া অনেক খাতের কাঁচামাল ও যন্ত্রাংশ আমদানির সিংহভাগ আসে চীন থেকে, আবার সেদেশে রপ্তানিও হয় বেশ কিছু পণ্য।",20.51,10.53,12.82
news-43959920,"চট্টগ্রামে ইয়াবা বিক্রির দায়ে এক যুবকের বিরুদ্ধে মামলার পর, তার মা পাল্টা মামলা করেছেন সাতজন পুলিশের বিরুদ্ধে। তার অভিযোগ, টাকা চেয়ে না পেয়ে ছেলের পকেটে ইয়াবা ঢুকিয়ে ফাঁসানো হয়েছে ।","চট্টগ্রামের পাহাড়তলি থানার সাতজন পুলিশ কর্মকর্তার বিরুদ্ধে ইয়াবা ঢুকিয়ে হয়রানির অভিযোগে মামলা করেছেন এক নারী। মেহেরুন্নিসা নামের ওই নারীর অভিযোগ, তার ছেলে মেহেদি হাসানকে রাস্তা থেকে ধরে নিয়ে গিয়ে তিন লাখ টাকা দাবি করেছে পুলিশ। টাকা দিতে অস্বীকার করায় তার ছেলের পকেটে ইয়াবা ঢুকিয়ে মামলা করেছে পুলিশ। এ ঘটনায় পুলিশের বিরুদ্ধে মামলা করার পর চট্টগ্রামের মহানগর হাকিম আদালতের বিচারক এক মাসের মধ্যে তদন্ত করে রিপোর্ট দিতে পুলিশের অপরাধ তদন্ত ব্যুরোকে নির্দেশ দিয়েছেন।",33.66,10.1,17.82
news-49160596,আফ্রিকার দেশ ইথিওপিয়াতে একদিনে রোপণ করা হয়েছে ৩৫০ মিলিয়ন বা ৩৫ কোটি গাছ।,"ইথিওপিয়ায় একদিনে রেকর্ড পরিমাণ গাছ লাগানোর উদ্যোগ নেয়া হয়েছে। এই প্রকল্পের সাথে যুক্ত কর্মকর্তারা মনে করছেন, এটি একটি বিশ্ব রেকর্ড। খরা প্রবণ এই দেশটিতে জলবায়ু পরিবর্তনের নেতিবাচক প্রভাব মোকাবেলা করা এবং দেশটিকে ডিফরেস্টেশন বা বন-উজাড় হয়ে যাবার অবস্থা থেকে বাঁচাতে এই প্রকল্প হাতে নেয়া হয়েছে। ইথিওপিয়ার প্রধানমন্ত্রী আবি আহমেদ স্বয়ং এই প্রকল্পটির নেতৃত্ব দিচ্ছেন। সরকারী কর্মকর্তারাও যেন বৃক্ষরোপণ কাজে অংশ নেয়ার সুযোগ পায় সেই লক্ষে কিছু সরকারী অফিসও বন্ধ রাখা হয়। জাতিসংঘের হিসেব অনুযায়ী, বিংশ শতকের শুরুর দিকে ইথিওপিয়ার বনভূমির পরিমাণ ছিল প্রায় ৩৫ শতাংশ। কিন্তু ২০০০ সালের শুরুর দিকে তা নেমে আসে প্রায় ৪ শতাংশের কাছাকাছি। মি. আহমেদ তার গ্রিন লিগেসি ইনিশিয়েটিভ-এর অংশ হিসেবে এই বৃক্ষ-রোপণের উদ্যোগ গ্রহণ করেন। সারা দেশের প্রায় ১০০০টি স্থানে এবারে বৃক্ষরোপণ কার্যক্রমটি চলছে। আদ্দিস আবাবা থেকে বিবিসির প্রতিবেদক জানিয়েছে, স্বেচ্ছাশ্রমের মাধ্যমে রোপণ হওয়া এই বিপুল পরিমাণ বৃক্ষের প্রাথমিক বীজ বপনের কাজটি করা হয়। ইথিওপিয়ার আবিষ্কার ও প্রযুক্তি বিষয়ক মন্ত্রী এক টুইটের মাধ্যমে জানিয়েছেন যে, ১২ ঘণ্টায় দেশটিতে মোট ৩৫ কোটি গাছ রোপণ করা হয়েছে। এখানেই শেষ নয়। ইথিওপিয়া স্থানীয় জাতের মোট ৪ বিলিয়ন গাছ লাগানোর পরিকল্পনা করেছে। জাতিসংঘ, আফ্রিকান ইউনিয়ন এবং ইথিওপিয়াতে থাকা বিদেশী রাষ্ট্রদূতদেরকে বৃক্ষ রোপণ কাজে সম্পৃক্ত করা হয়। একদিনে রেকর্ড সংখ্যক গাছ রোপণের মাধ্যমে ইথিওপিয়া বিশ্ব রেকর্ড গড়ার লক্ষ্যে এগিয়ে যাচ্ছে।",8.33,3.74,5.56
news-51928107,"চীনের উহানে করোনাভাইরাসের প্রাদুর্ভাব ব্যাপকভাবে ছড়িয়ে পড়েছিল জানুয়ারি মাসের গোড়াতে, আর তখন থেকেই আশংকা করা হচ্ছিল যে নতুন এই ভাইরাসের সংক্রমণ চীনের বাইরেও ছড়িয়ে পড়তে পারে।","বাংলাদেশে করোনাভাইরাস সংক্রমণের বিষয়টি নিশ্চিত হয়েছে এবং সরকার এটি প্রতিরোধে বিভিন্ন পদক্ষেপ নিয়েছে। তবে, বিশেষজ্ঞদের মতে, বাংলাদেশ প্রাথমিকভাবে এই বিষয়টিকে গুরুত্ব দেয়নি এবং সমন্বিত পরিকল্পনা ছিল না। এখন পর্যন্ত সরকারের পক্ষ থেকে যতটুকু পদক্ষেপ নেয়া হয়েছে, তা করতেও অনেকটা সময় ব্যয় হয়েছে। বিশেষজ্ঞরা মনে করছেন যে বাংলাদেশের প্রস্তুতি এবং পরিকল্পনা আরও ভালো হতে পারত।",5.0,0.0,2.5
news-52482424,বলিউড অভিনেতা ঋষি কাপুর ৬৭ বছর বয়সে মারা গেছেন।,বলিউড অভিনেতা ঋষি কাপুর মারা গেছেন। দীর্ঘ সময় বলিউডে অভিনয়ের সাথে যুক্ত কাপুর পরিবারের সদস্য ছিলেন তিনি। ১৯৭৩ সালে কিশোর প্রেমের গল্প নিয়ে তৈরি 'ববি' সিনেমায় মূল চরিত্রে অভিনয়ের মধ্যে দিয়ে বলিউডে আগমন হয় তার। দুই দশকের বেশি সময় ধরে বহু সিনেমায় রোমান্টিক নায়ক হিসেবে অভিনয় করেছেন তিনি। পরে বহু সিনেমায় সফলভাবে চরিত্রাভিনেতা হিসেবে অভিনয় করেছেন তিনি। তার ছেলে রনবীর কাপুরও গত এক দশকের বেশি সময় ধরে বলিউডের সিনেমায় অভিনয় করছেন। ২০১৮ সালে ঋষি কাপুরের দেহে ক্যান্সার শনাক্ত হয়। এরপর নিউ ইয়র্কে এক বছর চিকিৎসা নেয়ার পর গত সেপ্টেম্বরে ভারতে ফেরেন। প্রেস ট্রাস্ট অব ইন্ডিয়া কে তার ভাই রানধির কাপুর জানান বুধবার শ্বাস প্রশ্বাসে সমস্যা শুরু হলে তাকে হাসপাতালে নেয়া হয়। ঋষি কাপুরের মৃত্যুতে ভারতের রাজনীতিবিদ ও বলিউডে তার সহকর্মীদের অনেকেই শোক প্রকাশ করেছেন।,10.53,6.11,9.02
news-40179451,"একজন বামপন্থি রাজনীতিক হিসাবে যিনি ৩০ বছর সংসদের পেছনের আসনে থেকে গেছেন, বিতর্কিত নানা ইস্যু সমর্থন করেছেন, বিবেকের তাড়নায় হরহামেশা দলের বিরুদ্ধে ভোট দিয়েছেন, সেই জেরেমি করবিন ২০১৫ সালে দলের নেতা নির্বাচনে প্রার্থী হয়ে বিস্ময় তৈরি করেন।","লেবার পার্টির নেতৃত্বের নির্বাচনে জেরেমি করবিন অংশ নিয়েছিলেন এবং বিপুল ভোটে নির্বাচিত হন। তার নেতৃত্বে লেবার পার্টিতে নাম লেখাতে থাকেন হাজার হাজার মানুষ, বিশেষ করে তরুণ যুবকরা। জেরেমি করবিন সাধারণ মধ্যবিত্ত পরিবারে জন্মগ্রহণ করেছিলেন এবং তার পরিবার ছিল যুদ্ধবিরোধী আন্দোলনের কর্মী। তিনি লেবার পার্টির নেতা হিসেবে নির্বাচিত হওয়ার পর দলের অনেক এমপি পদত্যাগ করেন এবং তার বিরুদ্ধে বিদ্রোহ শুরু করেন। তবুও তিনি আবার বিপুল ভোটে নির্বাচিত হন এবং লেবার পার্টির নেতৃত্ব ধরে রাখেন।",12.73,1.85,7.27
news-48289766,"মার্কিন প্রেসিডেন্ট ডোনাল্ড ট্রাম্প দেশটির কম্পিউটার নেটওয়ার্ককে ""বিদেশি প্রতিপক্ষ"" থেকে রক্ষা করার জন্য জরুরি অবস্থা ঘোষণা করেছেন।","মার্কিন প্রেসিডেন্ট ডোনাল্ড ট্রাম্প একটি নির্বাহী আদেশে স্বাক্ষর করেছেন, যা মার্কিন কোম্পানিগুলিকে বিদেশী টেলিকম ব্যবহার থেকে বিরত রাখবে। এই সিদ্ধান্তের ফলে চীনা টেলিকম কোম্পানি হুয়াওয়ে সম্পর্কে উদ্বেগ প্রকাশ করা হয়েছে, যা বিশ্বের বৃহত্তম টেলিযোগাযোগ সরঞ্জাম নির্মাতা প্রতিষ্ঠান। হুয়াওয়ে অস্বীকার করেছে যে তাদের পণ্যগুলি নিরাপত্তা ঝুঁকি তৈরি করছে।",18.75,9.68,15.62
news-57078355,জেরুসালেমে গত কয়েক সপ্তাহ ধরে কট্টর ইহুদি এবং ইসরায়েলি পুলিশের সাথে ফিলিস্তিনিদের যে ছোটখাটো সংঘাত চলছিল সোমবার তা বিপজ্জনক এক লড়াইয়ের রূপ নিয়েছে।,"জেরুজালেমের আল আকসা মসজিদে ইসরায়েলি পুলিশের হামলার প্রতিক্রিয়ায় ফিলিস্তিনি সশস্ত্র গোষ্ঠী ইসরায়েলের দিকে রকেট ছুড়েছে। এর জবাবে ইসরায়েল গাজা উপত্যকে বিমান হামলা চালিয়েছে, যাতে কমপক্ষে ২৫ জন নিহত হয়েছে। ইসরায়েলি সেনাবাহিনী জানিয়েছে, গাজা থেকে ছোঁড়া রকেটে দক্ষিণাঞ্চলীয় আশকেলন শহরের দুটো বাড়ি বিধ্বস্ত হয়েছে। জেরুসালেমের পরিস্থিতি থমথমে রয়েছে। শহরের পূর্ব ও পশ্চিমের মধ্যে যাতায়াত বন্ধ রয়েছে। মোড়ে মোড়ে ও স্পর্শকাতর প্রাচীন ধর্মীয় স্থাপনাগুলোর বাইরে প্রচুর পুলিশ মোতায়েন রয়েছে।",4.44,2.27,4.44
news-47018347,"অনেক বছর বিদেশে কাটানোর পর স্থায়ী বসবাসের উদ্দেশ্য নিয়ে ২৯ বছর বয়সী বাসমা খালিফা ফিরেছিলেন মাতৃভূমি সৌদি আরবে। বিবিসিকে তিনি বলছিলেন, কিভাবে তাকে ছোট একটি ভুলের মাশুল দিতে হলো, যার কারণে তাকে আবার সৌদি আরব ছাড়তে হয়।",বাসমা খালিফা ২০১৮ সালের অক্টোবরে সৌদি আরব ছেড়েছিলেন যখন তাকে তার আচরণের জন্য দেশ ছাড়তে বলা হয়েছিল। তিনি বিবিসির জন্য একটি ডকুমেন্টারির শুটিং করছিলেন যেখানে নারী আন্দোলনকারীদের গ্রেপ্তার এবং কারাদণ্ড দেওয়া হয়েছিল। তাকে তাড়াতাড়ি দেশ ছাড়তে বলা হয়েছিল এবং তিনি লন্ডন ফিরে গিয়েছিলেন। বাসমা খালিফা বলেছেন যে তিনি তার আচরণের জন্য দেশটি ছেড়ে যেতে বাধ্য হয়েছিলেন এবং তিনি একটি প্রবল ধাক্কার অনুভূতি অনুভব করেছিলেন। তিনি বলেছেন যে তিনি সৌদি আরবে তার অভিজ্ঞতা সম্পর্কে লিখতে চান এবং তার গল্পটি অন্যদের অনুপ্রাণিত করবে।,18.64,5.17,11.86
130801_pg_jamaat_registration_void,বাংলাদেশে ইসলামপন্থী রাজনৈতিক দল হিসেবে জামায়াতে ইসলামীর নিবন্ধন অবৈধ বলে ঘোষণা করেছে হাইকোর্ট।,"বাংলাদেশের হাইকোর্ট জামায়াতে ইসলামীর নিবন্ধন বাতিল করে দিয়েছে। এর মানে হলো দলটি আগামী জাতীয় সংসদ নির্বাচনে অংশ নিতে পারবে না। জামায়াত ইতিমধ্যেই এ রায়ের বিরুদ্ধে আপিল করেছে। জামায়াতে ইসলামীর আইনজীবী আবদুর রাজ্জাক বিবিসিকে বলেছেন, তারা আপিল করেছেন এবং এর মধ্যে দিয়ে তারা রায় স্থগিতের আদেশ পাবার চেষ্টা করবেন। স্থগিতাদেশ পেলে জামায়াতে ইসলামীর নির্বাচনে অংশ নিতে কোন বাধা থাকবে না বলে তিনি উল্লেখ করেন। এ রায়ের প্রতিবাদে সংগঠনটি আগামী ১২ই আগস্ট থেকে ৪৮ ঘন্টার হরতালও ডেকেছে।",13.64,4.65,9.09
news-55998076,মিয়ানমারের রাজধানী নেপিডোতে নিষেধাজ্ঞা উপেক্ষা করে হাজার হাজার মানুষ বিক্ষোভ করার সময় পুলিশ তাদের ওপর রাবার বুলেট চালিয়েছে।,মিয়ানমারের সামরিক সরকার বিক্ষোভকারীদের দমনে জলকামান ও কাঁদানে গ্যাস ব্যবহার করেছে। গত সপ্তাহে সামরিক অভ্যুত্থানের মাধ্যমে নির্বাচিত সরকারকে ক্ষমতাচ্যুত করার প্রতিবাদে বিক্ষোভ চলছে। বিক্ষোভকারীরা নির্বাচিত নেত্রী অং সান সু চি এবং তার দলের নেতাদের মুক্তির দাবি জানাচ্ছে। সামরিক বাহিনী ক্ষমতা দখলের পর সু চিকে বন্দী করা হয়েছে। সেনাবাহিনী দেশে এক বছরের জন্য জরুরী অবস্থা ঘোষণা করেছে।,8.11,0.0,5.41
news-41386652,দক্ষিণ পূর্ব এশিয়ার অর্থনৈতিক জোটের এক যৌথ বিবৃতিতে রোহিঙ্গা সঙ্কট নিয়ে যে বক্তব্য এসেছে তাতে তীব্র আপত্তি তুলেছে মালয়েশিয়া।,"মিয়ানমারে রোহিঙ্গা মুসলমানদের ওপর নির্যাতনের বিষয়ে আসিয়ান জোটের বিবৃতি থেকে মালয়েশিয়া নিজেকে প্রত্যাহার করে নিয়েছে। আসিয়ান জোটের সভাপতি ফিলিপিন্সের পররাষ্ট্রমন্ত্রী অ্যালান কেইটানো তার বিবৃতিতে মিয়ানমারের রাখাইন প্রদেশে সহিংসতা নিয়ে উদ্বেগ প্রকাশ করেছেন। মালয়েশিয়ার পররাষ্ট্রমন্ত্রী আনিফা আমান বলেছেন, রোহিঙ্গা সঙ্কট নিয়ে বিবৃতিতে যে বর্ণনা রয়েছে তা বাস্তবতা বিবর্জিত এবং নিগৃহীত রোহিঙ্গা মুসলিমদের কথা উল্লেখও করা হয়নি। তিনি বলেছেন, এই বিবৃতি থেকে মালয়েশিয়া নিজেকে প্রত্যাহার করে নিচ্ছে।",16.67,4.88,16.67
news-48117799,"বাংলাদেশের আবহাওয়া অধিদপ্তর বলছে, 'অতি প্রবল' ঘূর্ণিঝড় ফণী দক্ষিণ-পশ্চিম বঙ্গোপসাগর ও তৎসংলগ্ন এলাকায় অবস্থান করছে।","ভারতের উড়িষ্যা রাজ্যে সামুদ্রিক ঘুর্ণিঝড় ফণী নিয়ে চরম আতঙ্ক তৈরি হয়েছে। শুক্রবার মধ্যরাতের দিকে ঝড়টি উপকূলে আঘাত করবে বলে অশঙ্কা করা হচেছে। তীর্থ শহর পুরী সহ আটটি জেলায় ব্যাপক সতর্কতা জারী করা হয়েছে। লাখ লাখ মানুষকে নিরাপদে সরিয়ে নেওয়ার কাজ শুরু হয়েছে। বাংলাদেশের আবহাওয়া অফিস থেকে বলা হয়, ঘূর্ণিঝড় 'ফণী'র ৩রা মে উড়িষ্যা উপকূল অতিক্রম হওয়ার কথা। এর প্রভাবে বাংলাদেশে পরদিন ৪ঠা মে বৃষ্টিপাত হবে অনেক।",9.64,4.94,9.64
news-41736132,"বাংলাদেশের স্বরাষ্ট্রমন্ত্রী বলেছেন, গত দু'মাসে বাংলাদেশে পালিয়ে আসা রোহিঙ্গাদের ফিরিয়ে নেওয়ার ব্যাপারে মিয়ানমার রাজি হয়েছে।","মিয়ানমারের স্বরাষ্ট্রমন্ত্রীর সাথে বৈঠকের পর বাংলাদেশের স্বরাষ্ট্রমন্ত্রী আসাদুজ্জামান খান বলেছেন, রোহিঙ্গা প্রত্যাবাসনের লক্ষ্যে দুই দেশের সমান সংখ্যক প্রতিনিধি নিয়ে খুব শীঘ্রই একটি যৌথ ওয়ার্কিং কমিটি গঠন করা হবে। তিনি বলেছেন, নভেম্বরের ৩০ তারিখের মধ্যে এই যৌথ কমিটি গঠনের প্রস্তাব করেছেন। বাংলাদেশের স্বরাষ্ট্রমন্ত্রী বলেছেন তিনি মিয়ানমার কর্তৃপক্ষকে বলেছেন কফি আনান কমিশনের সুপারিশের ভিত্তিতে যৌথ এই কমিটি ঠিক করবে রোহিঙ্গাদের কিভাবে ফিরিয়ে নেওয়া হবে। তিনি বলেছেন, তিনি মিয়ানমার কর্তৃপক্ষকে রাখাইনে নির্যাতন বন্ধের দাবি করেছেন যাতে রোহিঙ্গাদের অনুপ্রবেশ বন্ধ হয়।",12.9,4.4,12.9
news-52076761,"প্যাঙ্গোলিন নামে একটি প্রাণী, যেটিকে বাংলাদেশে অনেকে বনরুই বলে চেনেন, সেটিকেও এখন সন্দেহের চোখে দেখছেন বিজ্ঞানীরা। বলা হচ্ছে চীনের বাজারে চোরাই পথে নিয়ে গিয়ে বিক্রি করা এই প্রানীটির দেহে এমন একটি ভাইরাস পাওয়া গেছে যা কোভিড নাইনটিনের সাথে 'ঘনিষ্ঠভাবে সম্পর্কিত।'","প্যাঙ্গোলিন হলো পৃথিবীর সবচেয়ে বেশি চোরাই পথে পাচার হওয়া স্তন্যপায়ী প্রাণী। এটা খাদ্য হিসেবে যেমন ব্যবহৃত হয়, তেমনি ব্যবহৃত হয় ঐতিহ্যবাহী ওষুধ তৈরির জন্য। হংকং বিশ্ববিদ্যালয়ের গবেষক ড. টমি ল্যাম বলেছেন, চীনে পাচার হওয়া মালয়ান প্যাঙ্গোলিনের মধ্যে এমন দুই ধরনের করোনাভাইরাস পাওয়া গেছে - যা মানুষের মধ্যে দেখা দেয়া মহামারির সাথে সম্পর্কিত। নেচার সাময়িকীতে প্রকাশিত এক গবেষণাপত্রে বিজ্ঞানীরা বলছেন, এসব প্রাণী নিয়ে নাড়াচাড়া করার ক্ষেত্রে অত্যন্ত সতর্ক হওয়া প্রয়োজন, এবং ভবিষ্যতে করোনাভাইরাসের মতো কোন মারাত্মক রোগ বিশ্বব্যাপি ছড়িয়ে পড়ার ঝুঁকি কমাতে হলে বুনো প্রাণীর বাজারে প্যাঙ্গোলিনের মত জন্তু বিক্রি কঠোরভাবে নিষিদ্ধ করা উচিত।",22.73,4.62,13.64
news-44127020,ফিলিস্তিনিরা ইসরায়েলের সাথে গাজা সীমান্তে বিক্ষোভ করছে গত কয়েক সপ্তাহ ধরে।,ফিলিস্তিনিদের দাবি তাদের জমি ফিরিয়ে দিতে হবে। এই বিক্ষোভকে কেন্দ্র করেই ইসরায়েলি নিরাপত্তা বাহিনীর গুলিতে সোমবার প্রাণ হারালো ৬০ জনের মতো বিক্ষোভকারী। ফিলিস্তিনের ইতিহাসে এটি আরো একটি শোকাবহ দিন। ১৫ই মে মঙ্গলবারেও সেখানে বিক্ষোভ হচ্ছে। দিনটিকে ফিলিস্তিনিরা পালন করছে আল-নাকবা দিবস বা বিপর্যয়ের দিবস হিসেবে।,10.53,0.0,7.02
news-41008375,বাংলা চলচ্চিত্রের সদ্য প্রয়াত খ্যাতনামা নায়ক আব্দুর রাজ্জাকের প্রতি শ্রদ্ধা জানাচ্ছেন সর্বস্তরের মানুষ। এফডিসিতে শ্রদ্ধা জানানোর পর তাঁর মরদেহ এখন শহীদ মিনারে রাখা হয়েছে সর্বস্তরের জনসাধারণের শ্রদ্ধা জানানোর জন্য।,বাংলাদেশের চলচ্চিত্রে নায়করাজ নামে পরিচিত অভিনেতা রাজ্জাক সোমবার সন্ধ্যা ৬টা ১৩ মিনিটে ঢাকার ইউনাইটেড হাসপাতালে চিকিৎসাধীন অবস্থায় মারা যান। তার মৃত্যুতে বাংলাদেশ চলচ্চিত্র শিল্পী সমিতি তিনদিনের শোক ঘোষণা করেছে। সোমবার সকালে তার মরদেহ ফিল্ম ডেভলপমেন্ট কর্পোরেশনে (এফডিসি) নিয়ে যাওয়া হয়। সেখানে চলচ্চিত্র অঙ্গনের শিল্পী ও কলাকুশলীরা তাকে শ্রদ্ধা জানান। মঙ্গলবার সকালে তার মরদেহ কেন্দ্রীয় শহীদ মিনারে নিয়ে যাওয়া হবে। সেখান থেকে মরদেহ নিয়ে যাওয়া হবে গুলশানের আজাদ মসজিদে। সেখানে দ্বিতীয় দফা জানাজা অনুষ্ঠিত হবার পর মি. রাজ্জাকের মরদেহ দাফনের জন্য নিয়ে যাওয়া হবে বনানী কবরস্থানে।,12.28,1.79,8.77
news-46680518,২০১৮ সালে গুরুত্বের নিরিখে তালিকাভুক্ত সবচেয়ে সাড়া জাগানো পরিসংখ্যান ছিল বিশ্বে প্লাস্টিক বর্জ্যের পরিমাণের হিসাব।,"বিশ্বব্যাপী পরিবেশের ওপর প্লাস্টিক বর্জ্যের প্রভাব এবং সৌরশক্তি ব্যবহার করে বিদ্যুৎ উৎপাদন বৃদ্ধি এই দুটি পরিসংখ্যানই ২০১৮ সালের সবচেয়ে বড় পরিসংখ্যান হিসেবে চিহ্নিত হয়েছে। রয়াল স্ট্যাটিসটিকাল সোসাইটির নির্বাহী পরিচালক হেতান শান জানিয়েছেন, বিচারকমণ্ডলীর একটি প্যানেল ২০০টি মনোনয়নের মধ্যে থেকে এই পরিসংখ্যান তালিকা চূড়ান্ত করেছে। বিশ্বব্যাপী পরিবেশের ওপর প্লাস্টিক বর্জ্যের প্রভাব ২০১৮ সালে বারবার শিরোনাম হয়েছে। তালিকাভুক্ত পরিসংখ্যানে প্লাস্টিক বর্জ্যের যে হিসাব দেখা যাচ্ছে সেই হিসাবে বলা হয়েছে কী পরিমাণ প্লাস্টিক পুনর্ব্যবহারের জন্য প্রক্রিয়াজাত করা হয় নি।",17.58,4.49,13.19
news-47274855,বাংলাদেশ জামায়াত ইসলামীর সংস্কার এবং ১৯৭১-এ স্বাধীনতার বিরোধিতা জন্যে ক্ষমা না চাওয়ায় গত শুক্রবার পদত্যাগ করেন দলটির অন্যতম নেতা ব্যারিস্টার আব্দুর রাজ্জাক।,"জামায়াতে ইসলামীর সহকারী সেক্রেটারি জেনারেল ব্যারিস্টার আব্দুর রাজ্জাক পদত্যাগ করার পর দেশটির রাজনৈতিক মহলে তুমুল আলোচনার সৃষ্টি হয়েছে। ব্যারিস্টার রাজ্জাক পদত্যাগের আগেই দলটির আরেক কেন্দ্রীয় নেতা মুজিবুর রহমান শামীমকে দল থেকে বহিষ্কার করা হয়। এর আগে জামায়াতের আরেক নেতা এএসএম শামসুল আলম পদত্যাগ করেন। জামায়াতে ইসলামীর সংস্কার নিয়ে ব্যাপক আলোচনা হচ্ছে বলে জানিয়েছেন রাজনৈতিক বিশ্লেষক প্রফেসর আলী রিয়াজ। তিনি বলেছেন, জামায়াতের ভেতরে দ্বন্দ্ব বেড়েছে কি না সে সম্পর্কে এখনও নিশ্চিত হওয়া যাচ্ছে না। তবে তিনি মনে করেন, ২০০১ সাল থেকে দলটির ভেতরে যে মতপার্থক্য ছিল সেটি এখন অনেক বেশি প্রকট আকারে ফুটে উঠেছে।",17.24,7.02,8.62
news-42208251,"বিভিন্ন ধর্মের মানুষের সংখ্যার অনুপাতে ২০৫০ সালে ইউরোপের চেহারাটা কেমন দাঁড়াবে? মার্কিন গবেষণা সংস্থা 'পিউ রিসার্চ সেন্টার' অভিবাসনের হার বিবেচনায় এর যে নানা চিত্র দাঁড় করিয়েছে, তাতে দেখানো হচ্ছে, মুসলিমরা জনসংখ্যার বিরাট বৃদ্ধি ঘটবে বিভিন্ন দেশে।","ইউরোপে মুসলমানদের সংখ্যা বাড়ছে। পিউ রিসার্চ সেন্টারের এক গবেষণায় বলা হয়েছে, ইউরোপে বর্তমানে মোট জনসংখ্যার ৪ দশমিক ৯ শতাংশ হচ্ছে মুসলিম। এই সংখ্যা ২০৫০ সাল নাগাদ ৭ দশমিক ৪ শতাংশ হবে। অভিবাসন যদি এখনই শূন্যে নামিয়ে আনা হয়। আর যদি অভিবাসনের উচ্চ হার অব্যাহত থাকে, তাহলে মুসলিম জনসংখ্যা হবে ১৪ শতাংশের বেশি। এই গবেষণা অনুযায়ী, ইউরোপের মোট জনসংখ্যার মধ্যে মুসলিমদের সংখ্যা সবচেয়ে বেশি ফ্রান্সে। সেখানে মোট জনসংখ্যার ৮ দশমিক ৮ শতাংশ মুসলিম। ফ্রান্সে মুসলমানদের সংখ্যা প্রায় অর্ধ কোটি (৪৯ লক্ষ ৫০ হাজার)।",15.25,1.72,8.47
news-50060409,"অভিজিৎ বিনায়ক ব্যানার্জি, এসথার ডুফলো এবং মাইকেল ক্রেমারকে নোবেল দেয়ার ক্ষেত্রে যে বিষয়টি গুরুত্ব পেয়েছে সেটি হলো দারিদ্র বিমোচনে তাদের পরীক্ষানির্ভর গবেষণা পদ্ধতি।","অভিজিৎ ব্যানার্জি ও এসথার ডুফলো একটি বইয়ে বলেছেন, দিনে সোয়া এক ডলার বা তার চেয়ে কম আয় করা চরম দরিদ্রদের দারিদ্রের দুষ্টচক্র থেকে বের করে আনা খুবই কঠিন। তারা দারিদ্র বিমোচন বা নিরসনের এতোদিনকার তাত্ত্বিক উপায় থেকে বেরিয়ে এসে প্রায়োগিক ক্ষেত্রে পরীক্ষা-নিরীক্ষার ওপর জোর দিয়েছেন। ব্র্যাকের চেয়ারপার্সন ও অর্থনীতিবিদ হোসেন জিল্লুর রহমান বলছেন, দারিদ্র বিমোচনের ক্ষেত্রে আগের গবেষণা বা কাজগুলোর সাথে অভিজিৎ ব্যানার্জি, এসথার ডুফলো ও মাইকেল ক্রেমারের কাজের পার্থক্য হলো এতে দর্শন বা তত্ত্বকে গুরুত্ব না দিয়ে প্রায়োগিক পরীক্ষা-নিরীক্ষায় জোর দেয়া হয়েছে।",18.52,3.77,12.96
news-51723093,পাকিস্তান সফরে যেতে অস্বীকৃতি জানানো বাংলাদেশ মুশফিকুর রহিমকে জিম্বাবোয়ের বিরুদ্ধে তৃতীয় ওয়ান ডে স্কোয়াড থেকে বাদ দেয়া হয়েছে। তবে বাংলাদেশ ক্রিকেট দলের প্রধান নির্বাচক মিনহাজুল আবেদীন নান্নু বলেছেন মুশফিকুর রহিমের ওপর পাকিস্তান সফরে চাপ সৃষ্টি করার জন্য এটা করা হয়নি।,"বাংলাদেশ ক্রিকেট বোর্ডের প্রধান নির্বাচক মিনহাজুল আবেদীন নাকি মুশফিকুর রহিমকে পাকিস্তান সফরে যাওয়ার জন্য 'চাপ' দিয়েছেন? এমন গণমাধ্যমের খবর অস্বীকার করেছেন মিনহাজুল আবেদীন। তিনি বলেছেন, মুশফিককে কোনো চাপ বা হুমকি দেয়া হয়নি। মুশফিক নিজেই বোর্ডকে জানিয়েছেন তিনি পাকিস্তান সফরে যাচ্ছেন না। বাংলাদেশ ক্রিকেট বোর্ড জানিয়েছে, জিম্বাবুয়ের বিপক্ষে তৃতীয় ওয়ানডেতে খেলানো হবে পাকিস্তান সফরের সম্ভাব্য দলকে। সেক্ষেত্রে ওই ম্যাচে মুশফিককে বাদ দেয়া হবে।",39.22,16.0,21.57
news-45619359,বাংলাদেশে কল্পিত ঘটনার ওপর ভিত্তি করে বিরোধীদলীয় নেতাকর্মীদের বিরুদ্ধে হাজার হাজার মামলা দায়ের করা হচ্ছে বলে অভিযোগ করা হয়েছে।,বাংলাদেশে গত কয়েক সপ্তাহ ধরে বিরোধী দল বিএনপির নেতাকর্মীদের বিরুদ্ধে দেশব্যাপী হাজার হাজার মামলা দায়ের করা হয়েছে। এসব মামলা দায়েরের বিরুদ্ধে রোববার হাইকোর্টে রিট করা হয়েছে। রিটটি দায়ের করেছেন সুপ্রিম কোর্ট আইনজীবী সমিতির সাবেক সভাপতি অ্যাডভোকেট খন্দকার মাহবুব হোসেন। তারা এসব মামলাকে 'গায়েবী মামলা' হিসেবে অভিহিত করেছেন।,30.3,18.75,30.3
news-47879821,"বাংলাদেশের কর্মকর্তারা বলছেন, দেশের গ্রামে-গঞ্জে, এমনকি ইউটিউবসহ সামাজিক নেটওয়র্কের মাধ্যমে কিছু বক্তা ওয়াজ মাহফিলে সাম্প্রদায়িকতা ও জঙ্গিবাদে উৎসাহ দিচ্ছেন।","বাংলাদেশের স্বরাষ্ট্র মন্ত্রণালয় ওয়াজ মাহফিলের ১৫ জন বক্তাকে চিহ্নিত করেছে, যারা নারী অধিকারসহ বিভিন্ন বিষয়ে বিদ্বেষ বা হিংসা ছড়াচ্ছেন বলে অভিযোগ করা হয়েছে। এই বক্তারা সাম্প্রদায়িক ও জঙ্গীবাদে উৎসাহ দিচ্ছেন বলেও অভিযোগ করা হয়েছে। স্বরাষ্ট্র মন্ত্রণালয় ওয়াজ মাহফিলের ব্যাপারে ছয় দফা সুপারিশ করেছে। তবে ইসলামপন্থী সংগঠনগুলো এই পদক্ষেপকে ইসলাম প্রচারে বাধা হিসেবে বর্ণনা করেছে।",13.51,2.78,13.51
news-55226972,"এখন পর্যন্ত আমি যে প্রশ্নের মুখোমুখি হয়েছি সবচেয়ে বেশি সেটা হলো- ""মেসি নাকি রোনালদো, কে সর্বকালের সেরা?""","ক্রিস্টিয়ানো রোনালদো এবং লিওনেল মেসি ফুটবল পৃথিবীর দুই সেরা তারকা। এই দুই তারকা ফুটবল মাঠে মুখোমুখি হচ্ছে প্রায় আড়াই বছর পর। এই দুজনের মধ্যে অনেক কিছুতে মিলও আছে। একইরকম অতীত রোনালদো এবং মেসি, দুজনই উঠে এসেছেন বেশ সাদামাটা পরিবার থেকে। বাবা-মা'র চার সন্তানের মধ্যে রোনালদো সবার ছোট। রোনালদোর বাবা ছিলেন ঋণে জর্জরিত একজন মালি। মা ছিলেন রাঁধুনী। লিওনেল মেসি তাঁর বাবা হোর্হে মেসির চার সন্তানের মধ্যে তৃতীয়। হোর্হে মেসির চার সন্তানের মধ্যে তৃতীয় লিওনেল মেসি। তিনি ছিলেন একজন স্টিল ফ্যাক্টরির ম্যানেজার। মেসির মা সেলিয়া চুচিত্তিনি চুম্বক তৈরির কারখানায় কাজ করতেন।",7.34,0.0,5.5
news-49990577,শেখ হাসিনার বহুল আলোচিত ভারত সফরের শেষে ভারতের বেশ কয়েকটি প্রথম সারির সংবাদ মাধ্যম বিতর্কিত 'এনআরসি' বা জাতীয় নাগরিকপঞ্জীর প্রশ্নে ভারতকে আরও স্বচ্ছতা দেখানোর আহ্বান জানিয়েছে।,"বাংলাদেশের প্রধানমন্ত্রী শেখ হাসিনা দিল্লি থেকে বিদায় নেওয়ার পর ভারতের বিভিন্ন প্রিন্ট ও ইলেকট্রনিক মিডিয়াতে সেই সফরের কাটাছেঁড়া ও ময়না তদন্ত চলছে। সফরের চারদিন শেখ হাসিনা ভারতের প্রায় সব জাতীয় সংবাদপত্রের প্রথম পাতায় ঠাঁই পেয়েছেন। সফরের সময় স্বাক্ষরিত বিভিন্ন সমঝোতা স্মারক বা চুক্তির চেয়ে ভারতীয় মিডিয়াতে সবচেয়ে বেশি গুরুত্ব পাচ্ছে 'এনআরসি', যে প্রসঙ্গ দুদেশের যৌথ বিবৃতিতে উল্লেখও করা হয়নি। দ্য হিন্দুস্তান টাইমস পত্রিকার সম্পাদকীয় বস্তুত বাংলাদেশের প্রধানমন্ত্রী শেখ হাসিনা দিল্লি থেকে বিদায় নেওয়ার পর প্রায় বাহাত্তর ঘন্টা কাটতে চলল।",13.33,0.0,9.52
news-46769134,বাংলাদেশের নতুন সংসদে জেনারেল এরশাদের নেতৃত্বাধীন জাতীয় পার্টির বিরোধীদল হিসেবে দায়িত্ব পালনের এবারের সিদ্ধান্ত পরিবর্তন হবে না বলে দলটির নেতারা দাবি করেছেন।,জাতীয় পার্টি নতুন সংসদে বিরোধীদলে থাকার সিদ্ধান্ত নিয়েছে। দলটির চেয়ারম্যান এরশাদ নিজে বিরোধী দলীয় নেতা এবং জিএম কাদের বিরোধী দলীয় উপনেতা হিসেবে দায়িত্ব পালন করবেন। এদিকে মসিউর রহমান রাঙ্গা বিরোধী দলের চীফ হুইপ হিসেবে মনোনীত হয়েছেন।,24.14,7.14,13.79
news-48659263,হংকংয়ে একটি বিতর্কিত প্রত্যর্পণ বা বন্দী ফেরত পাঠানোর বিলের বিরুদ্ধে চলা বিশালাকার বিক্ষোভের প্রতিচ্ছবি হয়ে উঠেছেন তিনি।,"হংকং-এর বিক্ষোভের প্রতীক হয়ে উঠেছেন ২৬ বছর বয়সী ল্যাম কা লো। তিনি ""শিল্ড গার্ল"" নামে পরিচিত। গত মঙ্গলবার রাতে হংকং-এর আইন পরিষদের বাইরে দাঙ্গা পুলিশের সামনে অবস্থান নিয়ে তিনি ধ্যান করছিলেন। এই দৃশ্যটি সামাজিক যোগাযোগ মাধ্যমে ভাইরাল হয়েছে। ল্যাম কা লো বলেছেন, প্রত্যর্পণ বিল স্থগিত হলেও তিনি তার লড়াই চালিয়ে যাবেন। তার দাবি বিলটি স্থায়ীভাবে বাতিল করা।",13.16,2.7,10.53
news-54337731,বাংলাদেশে করোনাভাইরাসে আক্রান্ত হয়ে গত ২৪ ঘণ্টায় আরো ২৬ জনের মৃত্যু হয়েছে বলে স্বাস্থ্য অধিদপ্তর জানিয়েছে।,"বাংলাদেশে করোনাভাইরাসে আক্রান্ত হয়ে গত ২৪ ঘণ্টায় ২৮ জনের মৃত্যু হয়েছে। এ নিয়ে ভাইরাসটিতে আক্রান্ত হয়ে মোট ৫ হাজার ২১৯ জনের মৃত্যু হলো। গত ২৪ ঘণ্টায় নতুন করে আরও ১,৪৮৮ জন কোভিড-১৯ রোগী শনাক্ত হয়েছেন। এখন পর্যন্ত বাংলাদেশে করোনাভাইরাসে আক্রান্ত হিসেবে শনাক্ত হলেন মোট ৩ লাখ ৬২ হাজার ৪৩ জন। গত ২৪ ঘণ্টায় বাংলাদেশে কোভিড-১৯ রোগ থেকে সুস্থ হয়েছেন ১,৬২৫ জন। বাংলাদেশে এ পর্যন্ত কোভিড-১৯ থেকে মোট সুস্থ মানুষের সংখ্যা ২ লাখ ৭৩ হাজার ৬৯৮ জন।",20.62,16.84,20.62
news-42855963,পৃথিবীর সবচেয়ে ধনী টি২০ ক্রিকেট টুর্নামেন্ট ইন্ডিয়ান প্রিমিয়ার লিগ বা আইপিএলের খেলোয়াড় কেনার দু'দিনব্যাপি নিলাম রোববারে শেষ হয়েছে।,"ইন্ডিয়ান প্রিমিয়ার লিগের নিলামে নেপালের সন্দ্বীপ লামিচ্যান দিল্লী ডেয়ারডেভিলস দলে জায়গা পেয়েছেন। এই নিলামে বাংলাদেশের সাকিব আল হাসান ও মুস্তাফিজুর রহমানও দল পেয়েছেন। সন্দ্বীপ লামিচ্যান প্রথম নেপালি ক্রিকেটার যাকে দলে নিয়ে আলোচনার জন্ম দিয়েছে দিল্লী ডেয়ারডেভিলস। এই নিলামে বেন স্টোকস, ক্রিস গেইলের মতো নামকরা অনেক তারকাও দল পেয়েছেন। ভারতের ক্রিকেট বিশ্লেষক বোরিয়া মজুমদার বলছেন, এবারের আইপিএল নিলামের প্রকৃত চমক হলো সন্দ্বীপ লামিচ্যান।",7.41,2.53,4.94
news-54446037,বাংলাদেশে ২০২০ সালের এইচএসসি ও সমমানের পরীক্ষা অনুষ্ঠিত হবে না বলে জানিয়েছেন শিক্ষামন্ত্রী দীপু মনি।,"এবার এইচএসসি পরীক্ষা অনুষ্ঠিত হবে না। জেএসসি ও এসএসসি পরীক্ষার ফলাফলের ভিত্তিতে এইচএসসির ফলাফল নির্ধারণ করা হবে। এইচএসসি পরীক্ষা না হওয়ায় এবার শিক্ষার্থীদের মধ্যে উৎসবের আমেজ নেই। শিক্ষামন্ত্রী বলেছেন, এইচএসসি পরীক্ষা না করে ভিন্ন পদ্ধতিতে মূল্যায়ন করা হবে। তিনি বলেন, করোনাভাইরাস মহামারির কারণে এই সিদ্ধান্ত নেয়া হয়েছে। শিক্ষামন্ত্রী জানান, এইচএসসির আগে সব পরীক্ষার্থীকে জেএসসি ও এসএসসি, এই দুটি পাবলিক পরীক্ষার মধ্যে দিয়ে যেতে হয়। তাই আমরা এই দুই পরীক্ষার ফলাফলের ভিত্তিতে এইচএসসির ফলাফল তৈরি করার সিদ্ধান্ত নেয়া হয়েছে।",15.05,6.59,12.9
news-43860687,"যুক্তরাজ্যে যে ব্যক্তি সবচেয়ে খারাপ ধরণের 'সুপার গনোরিয়ায়' আক্রান্ত হয়েছিলেন, তিনি অবশেষে সুস্থ হয়েছেন।",যুক্তরাজ্যের এক ব্যক্তি সম্পূর্ণভাবে অ্যান্টি-বায়োটিক প্রতিরোধী গনোরিয়ায় আক্রান্ত হয়ে মৃত্যুর মুখোমুখি হয়েছিলেন। তিনি দক্ষিণ পূর্ব এশিয়ায় এক নারীর সাথে যৌন সম্পর্কের পর এই রোগে আক্রান্ত হন। একাধিক ওষুধ প্রতিরোধী গনোরিয়া রোগটি অবশেষে সফলভাবে চিকিৎসা করা গেছে।,23.53,8.16,23.53
news-49047324,"বাংলাদেশের বরগুনায় চাঞ্চল্যকর রিফাত শরীফ হত্যা মামলায় গ্রেফতার আয়েশা সিদ্দিকা মিন্নির বাবা বলেছেন, পুলিশের তদন্তে তিনি আস্থা রাখতে পারছেন না।","রিফাত শরীফ হত্যার মামলায় প্রধান সাক্ষী ও নিহতের স্ত্রী আয়েশা সিদ্দিকা মিন্নিকে গ্রেফতার দেখিয়েছে পুলিশ। মিন্নির বাবা মোজাম্মেল হোসেন বলছেন, তার মেয়েকে উদ্দেশ্যমূলকভাবে টার্গেট করা হচ্ছে। তবে পুলিশ বলছে, তাদের তদন্তে মিন্নির জড়িত থাকার প্রমাণ পাওয়া গেছে।",31.58,10.91,28.07
news-56021000,মিয়ানমারের সেনা অভ্যুত্থানের নেতাদের উপর নিষেধাজ্ঞা আরোপের নির্বাহী আদেশকে অনুমোদন দিয়েছেন মার্কিন প্রেসিডেন্ট জো বাইডেন।,মিয়ানমারের সামরিক বাহিনীর বিরুদ্ধে মার্কিন যুক্তরাষ্ট্র নিষেধাজ্ঞা আরোপ করেছে। এর আগে সেনা অভ্যুত্থানের বিরুদ্ধে বিক্ষোভ করার সময় এক নারী মাথায় গুলি লাগার পর হাসপাতালে মৃত্যুবরণ করেন। সামরিক বাহিনীর বিরুদ্ধে রাস্তায় নেমে বিক্ষোভ করছে মিয়ানমারের জনতা। নিষেধাজ্ঞার আওতায় সামরিক নেতারা ছাড়াও তাদের পরিবারের সদস্য এবং সংশ্লিষ্ট ব্যবসাও পড়বে। এছাড়া এই পদক্ষেপের আওতায় যুক্তরাষ্ট্রে থাকা সরকারের এক বিলিয়ন তহবিলেও সামরিক বাহিনীর সদস্যদের হাত দেয়ার পথ বন্ধ করে দেয়া হল।,12.2,2.5,7.32
news-55465016,যারা করোনাভাইরাসের টিকা নিতে অনিচ্ছা প্রকাশ করছে স্পেন তাদের নাম নিবন্ধন করছে।,"স্পেনের স্বাস্থ্যমন্ত্রী সালভাদর ইলা বলেছেন, যারা করোনাভাইরাস টিকা নিতে অস্বীকার করবেন তাদের নাম নিবন্ধন করা হবে। এই তালিকা ইউরোপীয় ইউনিয়ন সদস্য দেশগুলোর সাথে শেয়ার করা হবে। স্পেনে গত সোমবার করোনাভাইরাসে আক্রান্ত হয়ে ১৯৯ জনের মৃত্যু হয়েছে। এখন পর্যন্ত স্পেনে করোনাভাইরাসে মোট ৫১ হাজার ৮৫৩ জনের মৃত্যু হয়েছে।",20.34,10.53,20.34
news-38944781,"বাংলাদেশের পদ্মা সেতু নির্মাণে যে দুর্নীতির অভিযোগ নিয়ে বিগত বছরগুলোতে অনেক বিতর্ক হয়েছে, ক্যানাডার একটি আদালত সেই দুর্নীতির অভিযোগে দায়ের করা এক মামলা খারিজ করে দিয়েছে।","ক্যানাডার আদালত পদ্মা সেতু নির্মাণ প্রকল্পে দুর্নীতির অভিযোগে অভিযুক্ত ক্যানাডিয়ান কোম্পানি এসএনসি-লাভালিনের তিন কর্মকর্তাকে অব্যাহতি দিয়েছে। বাংলাদেশের কর্মকর্তাদের ঘুষ দিয়ে পদ্মা সেতু প্রকল্পের তদারকি কাজ পাওয়ার অভিযোগ ছিল ওই কোম্পানির বিরুদ্ধে। এই অভিযোগ তুলেই বিশ্বব্যাংক পদ্মা সেতু নির্মাণ প্রকল্পে তাদের ঋণ বন্ধ করে দিয়েছিল। বাংলাদেশের কর্মকর্তারা বলছেন, বাংলাদেশের বিরুদ্ধে ষড়যন্ত্রের অংশ হিসেবেই ওই অভিযোগ আনা হয়েছিল, তা এই রায়ে প্রমাণিত হলো।",22.73,4.65,11.36
news-45521907,"বিশ্বে প্রতিবছর যত নারী আত্মহত্যা করেন, তার প্রতি দশজনের মধ্যে চারজনই ভারতীয় নারী।","ভারতে নারীরা আত্মহত্যা করছে বিশ্বের যেকোনো দেশের তুলনায় বেশী। ল্যান্সেট জার্নালে প্রকাশিত এক সমীক্ষায় বলা হয়েছে, ১৯৯০ সালে বিশ্বে মোট আত্মহত্যার ২৫ শতাংশ ঘটেছে ভারতে। সেই সংখ্যা ২০১৬ সালে বেড়ে দাঁড়িয়েছে ৩৬ দশমিক ৬ শতাংশে। সেই সমীক্ষায় আরও বলা হয়েছে, ভারতে যে নারীরা আত্মহত্যা করছেন, তাঁদের মধ্যে ৭১ শতাংশের বয়স ১৫ থেকে ৪০ বছরের মধ্যে। ভারতে নারীরা যে এত বেশী আত্মহত্যা করছেন, এর কারণ কী? এই প্রশ্নের উত্তর খোঁজার চেষ্টা করা হয়েছে এই প্রতিবেদনে। বিশ্লেষকরা বলছেন, পুরুষতান্ত্রিক সমাজে নারীদের প্রতিটা ক্ষেত্রেই ব্যাপক চাপের মধ্যে থাকতে হয়।",6.06,0.0,6.06
news-39385439,১৯৭১ সালের ২৫শে মার্চ রাতে ঢাকায় পাকিস্তানি সেনাবাহিনীর অপারেশন সার্চ লাইট নামে পরিচালিত অভিযানে প্রায় ৫০ হাজার বাঙালিকে হত্যা করা হয়েছিল বলে দাবি করে বাংলাদেশ।,"বাংলাদেশ সরকার একাত্তরের ২৫শে মার্চের গণহত্যার ঘটনাকে স্মরণ করার জন্য এই দিনটিকে গণহত্যা দিবস হিসেবে ঘোষণা করেছে। এই দিনে পাকিস্তানি সেনাবাহিনী ও তাদের সহযোগীরা বাঙালিদের ওপর নৃশংস হামলা চালায়, যা বাংলাদেশের স্বাধীনতা যুদ্ধের সূচনা করে। বাংলাদেশ সরকার এখন এই দিনটিকে আন্তর্জাতিকভাবে স্বীকৃতি দেওয়ার জন্য পদক্ষেপ নিয়েছে।",11.27,2.9,11.27
news-50470765,বাংলাদেশে শহর এলাকায় রাস্তাঘাটে নারীদের জন্য টয়লেটের ব্যবস্থা খুবই অপ্রতুল। কোন কোন জায়গায় টয়লেট থাকলেও বেশির ভাগ সময় সেগুলো একেবারেই ব্যবহারের অনুপযোগী।,"পথে ঘাটে টয়লেটে যাওয়ার দরকার হলে অনেক নারী খুবই বিপদে পড়েন। দীর্ঘ সময় ধরে টয়লেট চেপে রাখা এবং পানি পান না করার প্রবণতা দেখা যায়। এর ফলে নারীরা নানা রকম শারীরিক জটিলতার মধ্যে পড়েন, যার মধ্যে রয়েছে মূত্রনালির সংক্রমণ, কিডনিতে স্টোন বা পাথর তৈরি হওয়া এবং প্রজনন ক্ষমতার ওপর নেতিবাচক প্রভাব। ঢাকাসহ দেশের বড় শহরগুলোতে নারী-পুরুষ উভয়ের মধ্যে এ রোগে আক্রান্ত হবার হার বাড়ছে। চিকিৎসকেরা বলছেন, প্রস্রাব চেপে রাখার কারণে ব্লাডার ফুলে যেতে পারে এবং কিডনিতে সমস্যা তৈরি হতে পারে।",5.83,0.0,3.88
news-52901281,ভারতের দক্ষিণাঞ্চলের রাজ্য কেরালাতে একটি অন্তঃসত্ত্বা হাতির মৃত্যুর ঘটনায় তীব্র সমালোচনা তৈরি হয়েছে। ধারণা করা হচ্ছে আনারসের ভেতরে বিস্ফোরক ভরে হাতিটিকে খাইয়ে দেয়া হয়েছিল।,"ভারতের কেরালার একটি নদীতে একটি হাতি পানিতে ডুবে মারা গেছে। হাতিটির মুখে বিস্ফোরক খাওয়ানো হয়েছিল বলে মনে করা হচ্ছে। হাতিটি তিনদিন ধরে পানিতে ছিল এবং এটি আহত অবস্থায় ছিল। বন বিভাগের কর্মকর্তারা হাতিটিকে বাঁচানোর চেষ্টা করেছিলেন, কিন্তু তারা সফল হতে পারেননি। হাতিটির মৃত্যু স্থানীয় লোকদের মধ্যে ক্ষোভের সৃষ্টি করেছে এবং পশু নির্যাতনের বিরুদ্ধে প্রতিবাদ হচ্ছে।",17.72,2.6,12.66
news-51772994,"বাংলাদেশের কর্মকর্তারা দাবি করেছেন, করোনাভাইরাস নিয়ে বিশ্বব্যাপী আতংকের মুখে বাংলাদেশে সরকারি হাসপাতালগুলোতে ১০ হাজার শয্যার ব্যবস্থা করাসহ প্রতিরোধ এবং চিকিৎসার পর্যাপ্ত ব্যবস্থা নেয়া হচ্ছে।","বাংলাদেশে করোনাভাইরাস প্রতিরোধ ও চিকিৎসার জন্য সরকার প্রস্তুতি নিয়েছে। স্বাস্থ্য মন্ত্রণালয় বলছে, দেশে এখনও করোনাভাইরাসে কেউ আক্রান্ত হয়নি, তবে প্রতিরোধ ও চিকিৎসার জন্য প্রস্তুতি নেয়া হচ্ছে। সারাদেশে সরকারি হাসপাতালগুলোতে ১০ হাজার শয্যার ব্যবস্থা করা হচ্ছে।",40.68,21.05,27.12
news-44707448,"বিশ্বকাপের শুরু থেকেই আলোচনায় ছিলেন তিন সুপারস্টার- লিওনেল মেসি, ক্রিশ্চিয়ানো রোনাল্ডো আর নেইমার।","নেইমার ব্রাজিলের হয়ে দূর্দান্ত খেলছেন, কিন্তু তার মাঠে আহত হওয়ার 'অভিনয়' নিয়ে সমালোচনা চলছে। মেক্সিকোর বিরুদ্ধে ম্যাচের পর নেইমার বলেছেন, তার ওপর বাজেভাবে পা রাখা হয়েছিল এবং এটা খেলার বাইরে ছিল। নেইমারের এই মন্তব্য মেক্সিকোর সাথে ম্যাচের পর সব দিক থেকে আসা সমালোচনার জবাব দেওয়ার জন্য দেখা যাচ্ছে।",3.28,0.0,3.28
news-43821614,১০ জন ক্রিকেটারকে বাংলাদেশ ক্রিকেট বোর্ডের স্থায়ী চুক্তিতে রাখায় বিস্ময় প্রকাশ করেছেন বাংলাদেশের ক্রিকেট সংশ্লিষ্টরা।,"বাংলাদেশ ক্রিকেট বোর্ড (বিসিবি) কেন্দ্রীয় চুক্তিতে ১৩ জন ক্রিকেটারকে রাখার সিদ্ধান্ত নিয়েছে। এর মধ্যে ১০ জন স্থায়ী এবং ৩ জন অস্থায়ী চুক্তিভিত্তিক ক্রিকেটার রয়েছে। বিসিবি পরিচালকদের সভায় এই সিদ্ধান্ত নেওয়া হয়েছে। চুক্তি থেকে বাদ পড়া ক্রিকেটারদের পাশে থাকার কথা বলেছেন ওয়ানডে অধিনায়ক মাশরাফি বিন মর্তুজা। বাংলাদেশ ক্রিকেট বোর্ডের কেন্দ্রীয় চুক্তি থেকে বাদ পড়েছেন তাসকিন আহমেদ, সৌম্য সরকার, ইমরুল কায়েস, মোসাদ্দেক হোসেন, কামরুল ইসলাম রাব্বি।",22.78,10.39,12.66
news-56911044,"বাংলাদেশে ঢাকায় একটি বেসরকারি হাসপাতালে চিকিৎসাধীন বিএনপি চেয়ারপার্সন খালেদা জিয়া করোনাভাইরাস থেকে ভালভাবেই সেরে উঠছেন বলে তাঁর চিকিৎসকরা জানিয়েছেন। তবে চিকিৎসকরা বলেছেন, আর্থরাইটিস, ডায়াবেটিস সহ পুরনো সব জটিলে রোগের টেস্টের জন্য কয়েকদিন তাকে হাসপাতালে থাকতে হবে।",বিএনপি চেয়ারপারসন খালেদা জিয়ার ফুসফুসে করোনাভাইরাস সংক্রমণ নেই বলে সিটি স্ক্যান রিপোর্টে পাওয়া গেছে। তার কোনো উপসর্গও নেই। তাকে এখন বেসরকারি হাসপাতালের কেবিনে রাখা হয়েছে। খালেদা জিয়ার চিকিৎসার জন্য ব্যক্তিগত চিকিৎসক এবং বেসরকারি হাসপাতালটির চিকিৎসকদের নিয়ে ১০ সদস্যের একটি মেডিকেল টিম গঠন করা হয়েছে। খালেদা জিয়ার হাসপাতাল থেকে বাড়ি ফেরার বিষয়টা এখন প্রেডিক্ট করা বেশ কঠিন।,19.57,0.0,10.87
news-46890413,ব্রিটেনে পার্লামেন্টে বহুল আলোচিত ব্রেক্সিট ইস্যুতে শোচনীয় পরাজয় বরণ করেছেন প্রধানমন্ত্রী টেরিজা মে। ভোটাভুটিতে অংশ নেয়া নিয়ে আলোচনায় এসেছেন টিউলিপ সিদ্দিক।,"ব্রেক্সিট ইস্যুতে ভোট দিতে এসে আলোচনায় এসেছেন টিউলিপ সিদ্দিক। তিনি বাংলাদেশী বংশোদ্ভূত এবং বাংলাদেশের প্রধানমন্ত্রী শেখ হাসিনার ভাগনী। তিনি মা হতে চলেছেন এবং দ্বিতীয় বারের মতো মা হওয়ার চূড়ান্ত পর্যায়ে আছেন, কিন্তু তিনি পার্লামেন্টে এসেছিলেন গুরুত্বপূর্ণ ব্রেক্সিট ইস্যুতে ভোট দেয়ার জন্য। তিনি জানিয়েছেন, যাতে ভোট দিতে পারেন সেজন্য নিজেই সিজার করার সময় এ সপ্তাহের শেষ দিকে নিয়ে গেছেন। এই ঘটনায় তিনি বিতর্ক উস্কে দিয়েছেন, কারণ যুক্তরাজ্যে কোনো এমপির পক্ষে প্রক্সি ভোট দেয়ার কোনো নিয়ম নেই।",18.75,8.51,12.5
news-51648836,বাংলাদেশে সকল পাবলিক বিশ্ববিদ্যালয়গুলোতে কেন্দ্রীয় ভর্তি পরীক্ষার সিদ্ধান্ত শেষ পর্যন্ত বাতিল করেছে বিশ্ববিদ্যালয় মঞ্জুরি কমিশন। তবে এখন এক ধরনের 'গুচ্ছ' পদ্ধতির পরীক্ষার কথা বলছে কমিশন। এক সংবাদ সম্মেলনে আজ এই সিদ্ধান্ত ঘোষণা করা হয়েছে। 'গুচ্ছ' পরীক্ষার পদ্ধতি কেমন হবে?,"বাংলাদেশের সকল পাবলিক বিশ্ববিদ্যালয়ে ভর্তি পরীক্ষা একই সাথে অনুষ্ঠিত হবে। বিশ্ববিদ্যালয় মঞ্জুরি কমিশনের সিদ্ধান্ত অনুযায়ী, দেশের সকল পাবলিক বিশ্ববিদ্যালয়ে ভর্তি পরীক্ষা চারটি গুচ্ছে অনুষ্ঠিত হবে। এই চারটি গুচ্ছ হলো - বিজ্ঞান ও প্রযুক্তি, কৃষি, প্রকৌশল এবং সাধারণ বিশ্ববিদ্যালয়। প্রতিটি গুচ্ছের বিশ্ববিদ্যালয়গুলো একসাথে ভর্তি পরীক্ষা নেবে। এই পরীক্ষার জন্য অনলাইনে আবেদন করতে হবে। মার্চ মাসের মধ্যে এই পরীক্ষার সম্পূর্ণ বিবরণ প্রকাশ করা হবে।",24.0,4.08,20.0
news-47908412,ইসরায়েলের একটি মহাকাশযান চাঁদে 'অবতরণ' করার আগেই দৃশ্যত: ইঞ্জিনের ত্রুটির জন্য চাঁদের মাটিতে আছড়ে পড়ে বিধ্বস্ত হয়েছে।,ইসরায়েলের বেয়ারশিট চন্দ্রযানটি চাঁদের পৃষ্ঠে অবতরণের সময় ধ্বংস হয়ে যায়। এটি ছিল ইসরায়েলের প্রথম চন্দ্র মিশন এবং ব্যক্তিগত অর্থায়নে পরিচালিত প্রথম চন্দ্রাভিযান। চন্দ্রযানটির প্রাথমিক লক্ষ্য ছিল চাঁদের পৃষ্ঠে ছবি তোলা এবং কিছু পরীক্ষা চালানো। ইসরায়েলি প্রধানমন্ত্রী ইসরায়েলি চন্দ্রযান প্রকল্পের জন্য আবার চেষ্টা করার কথা বলেছেন।,12.9,0.0,6.45
news-56211985,কারাগারে থাকা অবস্থায় লেখক মুশতাক আহমেদের মৃত্যুর ঘটনায় শোক ও গভীর উদ্বেগ প্রকাশ করেছেন ও ই সি ডি ভুক্ত ১৩টি দেশের ঢাকাস্থ রাষ্ট্রদূতরা।,"বাংলাদেশের একজন লেখক মুশতাক আহমেদ কারাগারে মারা গেছেন। তিনি গত বছর মে মাসে ডিজিটাল সিকিউরিটি অ্যাক্টের অভিযোগে আটক হয়েছিলেন। যুক্তরাষ্ট্রসহ ১৩টি দেশের রাষ্ট্রদূতরা তার মৃত্যুর দ্রুত, স্বচ্ছ ও স্বাধীন তদন্তের আহ্বান জানিয়েছেন। তারা ডিজিটাল সিকিউরিটি এ্যাক্টের ধারাসমূহ এবং তার বাস্তবায়ন, ও আন্তর্জাতিক মানবাধিকার আইনসমূহের সাথে এর সঙ্গতিবিধান নিয়ে বাংলাদেশের সরকারের সাথে কাজ করে যাবেন। আন্তর্জাতিক মানবাধিকার সংস্থা হিউম্যান রাইটস ওয়াচও মুশতাক আহমেদের মৃত্যুর স্বচ্ছ ও স্বাধীন তদন্তের আহ্বান জানিয়েছে।",21.74,8.89,10.87
news-54433318,হেপাটাইটিস সি ভাইরাস শনাক্ত এবং নিরাময় কৌশল আবিষ্কারের জন্য এই বছর চিকিৎসা শাস্ত্রে নোবেল পুরস্কার পেয়েছেন তিন বিজ্ঞানী যুক্তরাষ্ট্রের হার্ভি জে অল্টার ও চার্লস এম রাইস এবং ব্রিটিশ বিজ্ঞানী মাইকেল হগটন।,"বিশ্ব স্বাস্থ্য সংস্থার হিসাবে, বিশ্বে প্রায় সাত কোটি দশ লাখের বেশি মানুষ হেপাটাইটিস সি রোগে আক্রান্ত। প্রথম দিকে শনাক্ত হলে মুখে খাওয়া ওষুধের মাধ্যমে এই রোগ সারানো সম্ভব। বাংলাদেশে হেপাটাইটিস সি রোগে আক্রান্তদের সঠিক পরিসংখ্যান নেই, তবে বিশেষজ্ঞদের ধারণা, দেশটিতে অন্তত এক শতাংশ মানুষ এই রোগে আক্রান্ত।",10.26,2.63,10.26
news-48581148,ভারতের কাশ্মীরে এক চাঞ্চল্যকর শিশু ধর্ষণ এবং হত্যার মামলায় আদালত ছয়জনকে দোষী সাব্যস্ত করেছে।,"ভারতের জম্মু ও কাশ্মীরের কাঠুয়া জেলায় এক আট বছরের মুসলিম শিশুকে ধর্ষণ ও হত্যার ঘটনায় জড়িত ছয়জনকে দোষী সাব্যস্ত করেছে ভারতের একটি আদালত। এই ঘটনায় আটজনের বিরুদ্ধে অভিযোগ আনা হয়েছিল। ঘটনার শিকার শিশুটির মা দুজন আসামীকে সর্বোচ্চ সাজা ফাঁসি দেয়ার দাবি জানিয়েছেন। এই ঘটনায় যে আটজন হিন্দু পুরুষের বিরুদ্ধে অভিযোগ আনা হয়েছিল, কট্টর ডানপন্থী হিন্দুগোষ্ঠীগুলো তাদের মুক্তি দাবি করার পর এ নিয়ে ব্যাপক হৈচৈ শুরু হয়েছিল।",22.5,7.69,20.0
news-43685828,"অস্ট্রেলিয়া থেকে কাতার,কুয়েত ও সংযুক্ত আরব আমিরাতে নেয়া হচ্ছিলো হাজার হাজার ভেড়া।",অস্ট্রেলিয়া সরকার বলছে জাহাজে প্রচণ্ড গরমেই মৃত্যু হয়েছে ভেড়াগুলোর। গত অগাস্টে পার্থ থেকে জাহাজে করে যাত্রা শুরু হয় তাদের। কিন্তু পথিমধ্যেই মারা যায় প্রায় দুই হাজার চারশো ভেড়া। এখন অস্ট্রেলিয়া সরকার বলছে জাহাজে প্রচণ্ড গরমেই মৃত্যু হয়েছে ভেড়াগুলোর এবং এ নিয়ে তীব্র ক্ষোভ প্রকাশ করেছে সরকার। একজন তদন্ত কর্মকর্তা বলেছেন যেভাবে ভেড়াগুলোকে নেয়া হচ্ছিলো তার অবস্থা ছিলো মাইক্রোওভেনের মতো। একজন মন্ত্রী বলেছেন এ ঘটনা তারা গভীরভাবে শোকাহত। কৃষিমন্ত্রী ডেভিড লিটলপ্রাউড বলেছেন এই শিল্পকে অবশ্যই যথাযথ প্রক্রিয়া মেনে চলতে হবে। এমনকি পরিস্থিতির উন্নতি না হলে এরপর জাহাজীকরণ বন্ধ করে দেয়ার হুমকি দিয়েছে ক্যানবেরা। ভেড়াগুলোকে তীব্র গরমে গাদগাদি করে রাখার অভিযোগ উঠেছে জানা গেছে জাহাজে ছিলো প্রায় ৬৪ হাজার ভেড়া। প্রাণী অধিকার কর্মীরা ইতোমধ্যেই সোচ্চার হয়েছে এভাবে রপ্তানির। এখন অস্ট্রেলিয়া সরকার বলছেন রপ্তানিকারকরা প্রাণী কল্যাণ নিশ্চিত করতে না পারলে তারা আরও ৬৫ হাজার ভেড়ার শিপমেন্ট বা জাহাজীকরণ আটকে দেবে।,9.33,2.7,8.0
news-44105301,সম্প্রতি দেশের বিভিন্ন স্থান থেকে সাপ উদ্ধারের ঘটনা সবাইকে নতুন করে ভাবিয়ে তুলেছে।,"বাংলাদেশে সাপের উপদ্রব বৃদ্ধি পাচ্ছে। বিভিন্ন স্থানে সাপের বাসা থেকে বিষধর সাপের বাচ্চা উদ্ধার করা হচ্ছে। সাপ প্রকৃতি ও পরিবেশের একটা অংশ হলেও এই প্রাণীটিকে নির্বিচারে হত্যা করা হচ্ছে। জাহাঙ্গীরনগর বিশ্ববিদ্যালয়ের অধ্যাপক মোহাম্মদ মনিরুল হাসান খান বলেছেন, সাপ মারা গেলে ইঁদুরকে প্রাকৃতিকভাবে দমন করা কঠিন হয়ে পড়বে। এছাড়া মেডিকেল গবেষণায় সাপের বিষ খুবই মূল্যবান ও প্রয়োজনীয় একটি উপাদান হওয়ায় এ প্রাণীটিকে নির্বিচারে হত্যা করা উচিত নয়।",7.59,0.0,7.59
news-47118317,"বাংলাদেশ সৌদি আরবের সাথে এমন একটি সামরিক সহযোগিতা চুক্তি করতে চলেছে, যার ফলে প্রায় দু'হাজার বাংলাদেশী সৈন্য ইয়েমেন সীমান্তে মোতায়েন করা হবে।","সৌদি আরবের সাথে প্রতিরক্ষা চুক্তি সই করতে যাচ্ছে বাংলাদেশ। এই চুক্তির আওতায় বাংলাদেশ সেনাবাহিনীর দুটি ব্যাটালিয়নের প্রায় ১,৮০০ সৈন্য সৌদি আরবে মোতায়েন করা হবে। বাংলাদেশের সেনারা জাতিসংঘের শান্তিরক্ষী বাহিনীর অংশ হিসেবে বিভিন্ন দেশে কাজ করেছে। সৌদি আরব কয়েকটি ইসলামি দেশকে নিয়ে 'সন্ত্রাসবিরোধী একটি সামরিক কোয়ালিশন' গঠন করেছিল। বাংলাদেশ সেখানে যোগ দিয়েছে কিনা, এবং দিলেও কোন ধরনের ভূমিকা রাখছে বা রাখবে - তা নিয়ে এখন পর্যন্ত স্পষ্ট করে কিছু জানা যায়নি।",27.96,10.99,21.51
news-49040555,ইন্টারন্যাশনাল ক্রিকেট কাউন্সিল বা আইসিসিতে জিম্বাবুয়ের সদস্যপদ স্থগিত করা হয়েছে।,"জিম্বাবুয়ে ক্রিকেটে রাজনৈতিক হস্তক্ষেপ ঠেকাতে ব্যর্থতার জন্য শাস্তি হিসেবে জিম্বাবুয়ের সদস্যপদ স্থগিত করেছে আন্তর্জাতিক ক্রিকেট কাউন্সিল (আইসিসি)। এর ফলে আইসিসির কোন ক্রিকেট আয়োজনে অংশ নিতে পারবে না জিম্বাবুয়ে। এই অক্টোবরে টি-টুয়েন্টি বিশ্বকাপের বাছাই পর্বের খেলায় জিম্বাবুয়ের অংশগ্রহণের কথা ছিল। আইসিসি জানিয়েছে, অক্টোবরে তারা আবার সিদ্ধান্ত পর্যালোচনা করবে। তবে ততক্ষণ পর্যন্ত জিম্বাবুয়ের সদস্যপদ স্থগিত থাকবে। এর মানে হলো টি-টুয়েন্টি বিশ্বকাপের বাছাই পর্বের খেলায় অংশগ্রহণ করা জিম্বাবুয়ের পক্ষে সম্ভব হবে না।",14.81,7.59,14.81
news-46186802,মানবাধিকার বিষয়ক আন্তর্জাতিক সংগঠন অ্যামনেস্টি ইন্টারন্যাশনাল মিয়ানমারের নেত্রী অং সান সু চি'কে দেওয়া তাদের সর্বোচ্চ সম্মাননা প্রত্যাহার করে নিয়েছে।,"মানবাধিকার সংগঠন অ্যামনেস্টি ইন্টারন্যাশনাল মিয়ানমারের নেত্রী অং সান সু চি'র কাছ থেকে তাদের দেওয়া 'অ্যাম্বাসাডর অফ কনশেন্স' বা 'বিবেকের দূত' খেতাব প্রত্যাহার করে নিয়েছে। রোহিঙ্গা নিপীড়নে তার ভূমিকার জন্য এই সিদ্ধান্ত নেওয়া হয়েছে বলে জানিয়েছে সংস্থাটি। অ্যামনেস্টি ইন্টারন্যাশনালের মহাসচিব কুমি নাইডু এক বিবৃতিতে বলেছেন, রোহিঙ্গা নিপীড়নে অং সান সু চি যে ভূমিকা পালন করেছেন, তা তার পূর্ববর্তী নৈতিক অবস্থান থেকে 'লজ্জাজনকভাবে' সরে যাওয়ার বিষয়।",35.29,24.1,32.94
news-50064441,"মাত্র এক সপ্তাহেই পাল্টে গেছে সিরিয়ার যুদ্ধের চিত্র। এই সাত দিনে প্রেসিডেন্ট ডোনাল্ড ট্রাম্প তার স্বঘোষিত ""মহান এবং অতুলনীয় জ্ঞানের"" মাধ্যমে সিরিয়ার উত্তরাঞ্চল থেকে মার্কিন সেনা প্রত্যাহারের নির্দেশ দিয়েছেন।","সিরিয়ার যুদ্ধ মধ্যপ্রাচ্যের চিত্র পূর্ণগঠন ও পরিবর্তন করেছে। গত এক সপ্তাহ ছিল নতুন আরেকটি বাঁক। সম্ভবত প্রেসিডেন্ট ট্রাম্পের বুদ্ধিমত্তা তাকে এ বিষয়ে আগেই আভাস দিয়েছিল। অথবা তার নিজের সহজাত প্রবৃত্তির উপর নির্ভর করার অভ্যাস, মধ্যপ্রাচ্যের জটিল পরিস্থিতির বিষয়ে তাকে মারাত্মক ভুল সিদ্ধান্ত নিতে তাড়িত করেছে। বিদেশি অনুঘটক তুরস্কের সাথে সীমান্তের বেশ কয়েকটি ঘাঁটি থেকে সেনা প্রত্যাহার করেছে যুক্তরাষ্ট্র। বছরের পর বছর ধরে চলে আসছে যে, সিরিয়ার ভাগ্য দেশটির নিজস্ব জনগণ নয় বরং বিদেশিরা নির্ধারণ করবে। বারবার এ ধরণের হস্তক্ষেপ সিরিয়ার যুদ্ধকে উস্কে দিয়েছে এবং টিকিয়েও রেখেছে। সিরিয়ায় প্রভাব এবং শক্তির প্রতিযোগিতা সম্পর্কে লিখতে হলে এ যুদ্ধের শিকার মানুষদের ভোগান্তির বর্ণনার মধ্য দিয়ে তা শুরু করতে হবে। প্রতিটি সামরিক পদক্ষেপই বেসামরিক নাগরিকদের জন্য ধ্বংস এবং মৃত্যু ডেকে এনেছে। এ ধরণের নির্দেশ যেসব নেতারা দিয়েছে তাদের সবার ওই মানুষদের ভোগান্তির ভিডিও দেখা বাধ্যতামূলক করা উচিত। এসব চিত্র অনলাইন কিংবা টেলিভিশনে খুঁজে পাওয়া খুব কঠিন কিছু নয়। ট্রাম্পের বর্ণিত সীমাহীন যুদ্ধাবস্থা থেকে সেনা প্রত্যাহারের সিদ্ধান্ত তুরস্ককে সিরিয়ায় সেনা অভিযানের সবুজ সংকেত দিয়েছে। তুরস্কের প্রেসিডেন্ট রেচেপ তাইপ এরদোয়ান বলেছেন, তারা সিরিয়ায় তাদের সীমান্ত থেকে ৩২ কিলোমিটার দূরে একটি নিরাপদ এলাকা তৈরি করবে। এই এলাকায় তারা সিরিয়ার শরণার্থীদের বসতি স্থাপন করবে।",12.09,0.94,7.44
news-54637809,সারা বিশ্বের সোশাল মিডিয়া থেকে এক লক্ষেরও বেশি নারীর ছবি সংগ্রহ করে সেগুলো দিয়ে ভুয়া নগ্ন ছবি তৈরি করা হচ্ছে এবং অনলাইনে তা শেয়ার করা হচ্ছে বলে এক রিপোর্টে জানা যাচ্ছে।,"সেনসিটি নামের একটি কোম্পানির রিপোর্ট বলছে, এক লাখেরও বেশি নারীর ছবি ডিজিটালি এভাবে নগ্ন করা হয়েছে। এই রিপোর্টে বলা হয়েছে, এআই প্রযুক্তি ব্যবহার করে নারীদের ছবি থেকে কাপড় সরিয়ে ফেলা হচ্ছে এবং সেগুলো টেলিগ্রামের মাধ্যমে ছড়িয়ে দেয়া হচ্ছে। সেনসিটির প্রধান নির্বাহী জর্জিও পাত্রিনি বলছেন, সোশাল মিডিয়ায় কারো একটি ছবি থাকলেই তাকে নিয়ে এমন ছবি তৈরি করা সম্ভব।",38.64,11.63,20.45
news-43720356,"২০১৪ সালে লন্ডনের মাইল এন্ডে নিজের অফিস কক্ষে বসে কাজ করার সময় একটি ইমেইল পান ইতিহাসবিদ কিম ওয়াগনার, যেখানে এক দম্পতি লিখেছেন যে তাদের কাছে কংকালের মাথার খুলি আছে। কিন্তু সেটি তারা বাড়িতে রাখতে চান না আর বুঝতেও পারছেন না তাদের কী করা উচিত।","ব্রিটিশদের বিরুদ্ধে বিদ্রোহ করেছিলেন এমন একজন ভারতীয় সিপাহির মাথার খুলি এটি। কংকালের বাকি অংশ নেই। কিছু দাঁতও ছুটে গেছে। কিন্তু সবচেয়ে গুরুত্বপূর্ণ তার সঙ্গে থাকা কাগজটি। সেখানে একটি নোটে এই খুলির পরিচয় লেখা রয়েছে। এই খুলিটি হাবিলদার আলম বেগের। তিনি ৪৬ বেঙ্গল নর্থ ইনফ্যান্ট্রি রেজিমেন্টের একজন ছিলেন, যে তার রেজিমেন্টের আরও কয়েকজনের সঙ্গে বন্দুকের গুলিতে নিহত হন। তিনি ছিলেন ১৮৫৭ সালের সিপাহী বিদ্রোহের অন্যতম প্রধান নেতা। হাবিলদার আলম বেগ একটি ছোট দল নিয়ে কেল্লার দিকে যাওয়ার রাস্তা দখল করেন, যেখান থেকে ইউরোপিয়ানরা নিরাপদে যাওয়ার চেষ্টা করছিল। তিনি ঘোড়ার গাড়িতে অতর্কিত হামলা করে কন্যার সামনেই ড. গ্রাহামকে হত্যা করেন। তার পরবর্তী শিকার ছিল রেভারেন্ড মি. হান্টার, একজন মিশনারি, যিনি তার স্ত্রী আর কন্যার সঙ্গে পালাচ্ছিলেন। ড. হান্টারকে হত্যার পর তিনি তার স্ত্রী আর কন্যাকেও চরম নির্যাতন করে জবাই করে হত্যা করেন। আলম বেগের বয়স ছিল ৩২ বছর, ৫ ফিট সাড়ে ৭ ইঞ্চি লম্বা আর কোন ভাবেই স্থানীয়দের মতো ছিল না। এই খুলি ক্যাপ্টেন (এআর) কোস্টেলো দেশে নিয়ে আসেন, যিনি আলম বেগের মৃত্যুদণ্ড কার্যকরের সময় উপস্থিত ছিলেন। কংকালের বাকি অংশ নেই। কয়েকটি দাঁতও ছুটে গেছে। কিন্তু সবচেয়ে গুরুত্বপূর্ণ সঙ্গে থাকা কাগজটি। সেখানে একটি নোটে পরিচয় লেখা। এই নোট থেকে যেটি পরিষ্কার যে, এই খুলিটি আলম বেগ নামের একজন ভারতীয় বিদ্রোহী সেনার, যিনি বেঙ্গল রেজিমেন্টে কাজ করতেন আর ১৮৫৮ সালে পাঞ্জাবের কামানের মুখে বেধে তার মৃত্যুদণ্ড কার্যকর করা হয়। যিনি নোটটি লিখেছেন, তিনিই খুলিটি ইংল্যান্ডে নিয়ে আসেন। কিন্তু কেন আলম বেগ অভিযোগ করা হত্যাকাণ্ড ঘটিয়েছিলেন, সে বিষয়ে নোটে কিছু বলা নেই। কার্তুজে মাখানো পশুর চরবিতে মাখানো কাগজের একটি টুকরো দিয়ে মোড়ানো একটি প্যাকেট পাওয়া গেছে। সেই প্যাকেটে একটি খুলি ছিল। এই খুলি কোন ভারতীয় সিপাহির? এই প্রশ্ন তৈরি হয়েছে ব্রিটিশ সংগ্রহশালায় কর্মরতদের। এই খুলি দেখে ব্রিটিশরা",8.2,0.63,3.79
news-47108359,যুক্তরাষ্ট্রের একটি বিশ্ববিদ্যালয়ে ভর্তির জন্যে বিজ্ঞাপন দেওয়া হলো। অন্যান্য বিশ্ববিদ্যালয়ের মতোই সাধারণ একটি বিজ্ঞাপন। সেসব বিজ্ঞাপনে যা থাকে এই বিজ্ঞাপনেও আছে একই জিনিস।,যুক্তরাষ্ট্রের আভ্যন্তরীণ নিরাপত্তা দপ্তর বা ডিপার্টমেন্ট অফ হোমল্যান্ড সিকিউরিটি একটি ভুয়া বিশ্ববিদ্যালয় তৈরি করে অবৈধ অভিবাসীদের আটক করার জন্য। এই বিশ্ববিদ্যালয়ের নাম দেওয়া হয়েছে ইউনিভার্সিটি অফ ফার্মিংটন। এই বিশ্ববিদ্যালয়ে ভর্তি হওয়ার পর মোট ১৩০ জনকে বুধবার পুলিশ গ্রেফতার করেছে এবং তাদের মধ্যে ১২৯ জনই ভারতীয়। এই ঘটনার তীব্র প্রতিবাদ জানিয়েছে ভারত সরকার।,16.0,0.0,10.67
news-47169630,গত কয়েকমাস ধরে আফ্রিকার দেশ বুরুন্ডির অনেক লেসবিয়ান বা সমকামী তরুণীর সঙ্গে কথা বলেছে বিবিসি।,"নেলা বলছেন, তিনি এমন একটি দেশে বসবাস করছেন যেখানে সমকামিতা নিষিদ্ধ। সেখানে সমকামীরা নিজেদের পরিচয় দিতে বিভিন্ন সাংকেতিক চিহ্ন ব্যবহার করে। নেলা বিবিসির কাছে দুটি ছবি পাঠিয়েছেন - একটিতে তিনি হিজাব পরে শিশুদের সাথে রয়েছেন, অন্যটিতে তিনি এক তরুণীর সাথে রয়েছেন।",3.64,0.0,3.64
news-43608669,সবচেয়ে কম বয়সে নোবেল বিজয়ী মালালা ইউসুফজাই পাকিস্তানের সোয়াতে নিজ বাড়িতে ফেরার পর প্রতিটি মুহুর্তে তাঁকে আবেগ তাড়া করছে।,পাকিস্তানের নোবেল বিজয়ী মালালা ইউসুফজাই প্রায় সাড়ে পাঁচ বছর পর দেশে ফিরেছেন। তিনি সামরিক বাহিনীর হেলিকপ্টারে করে সোয়াত ভ্যালিতে পৌঁছান। পাকিস্তানের জনগণের বড় অংশই তাঁর ফিরে আসায় আনন্দিত। তবে তাঁর বিপক্ষেও মিছিল হয়েছে। মালালা তাঁর জন্মভূমি সোয়াত ভ্যালিতে ফিরে গিয়েছেন। তিনি ইসলামাবাদে পাকিস্তানের প্রধানমন্ত্রীর বাসভবনে এক অনুষ্ঠানে বক্তব্য রেখেছেন। মালালা শিশুদের শিক্ষা ও অধিকার নিয়ে বিশ্বজুড়ে কথা বলছেন। তিনি নারী শিক্ষার জন্য মালালা ফান্ড গঠন করেছেন।,14.12,7.23,11.76
news-49932948,ভারতের ত্রিপুরা রাজ্যের ক্ষমতাসীন বিজেপি সরকার আগরতলা এবং ঢাকার মধ্যে সরাসরি ফ্লাইট চেয়েছে যদিও এই দুই শহরের দূরত্ব মাত্র ১৩০ কিলোমিটার।,"ত্রিপুরার মুখ্যমন্ত্রী বিপ্লব দেব টুইট করেছেন, গতকাল দিল্লিতে এক অনুষ্ঠানে বাংলাদেশের প্রধানমন্ত্রী শেখ হাসিনার কাছে আগরতলা-ঢাকা সরাসরি বিমান যোগাযোগের প্রস্তাব দিয়েছেন। বিপ্লব দেব তার টুইটে বলেছেন, প্রধানমন্ত্রী হাসিনা তার প্রস্তাবে উৎসাহ দেখিয়েছেন। ত্রিপুরার মুখ্যমন্ত্রীর অফিস থেকেও বিবিসির কাছে নিশ্চিত করা হয়েছে যে, মুখ্যমন্ত্রী দেব এবং শেখ হাসিনা আগরতলা-ঢাকা সরাসরি বিমান যোগাযোগের সম্ভাবনা নিয়ে কথা বলেছেন।",7.69,0.0,7.69
news-55784492,"নেদারল্যান্ডসের পুলিশ দাবি করছে যে তারা এক ব্যক্তিকে আটক করেছেন, যিনি বিশ্বের সবচেয়ে বড় মাদক পাচারকারী দলগুলোর একটির প্রধান।","এশিয়ার সবচেয়ে কুখ্যাত মাদক দলের প্রধানকে গ্রেফতারের পরোয়ানা জারি করেছে অস্ট্রেলিয়া। চীনে জন্ম নেয়া ক্যানাডিয়ান নাগরিক সে চি লপকে বলা হচ্ছে 'দ্য কোম্পানি'র প্রধান। অস্ট্রেলিয়ার পুলিশ বিভাগের অনুমান অনুযায়ী - দ্য কোম্পানি, যেটি স্যাম গোর সিন্ডিকেট নামেও পরিচিত - পুরো এশিয়ার মাদক ব্যবসার প্রায় ৭০ ভাগ নিয়ন্ত্রণ করে।",12.12,0.0,9.09
news-47704274,তৎকালীন পূর্ব পাকিস্তানে তখন তুমুল অসহযোগ আন্দোলন চলছিলো ১৯৭০ সালের নির্বাচনে জয়ী আওয়ামী লীগ নেতা শেখ মুজিবুর রহমানের ডাকে।,"বাংলাদেশের স্বাধীনতা যুদ্ধের সময় সাংবাদিকরা বিভিন্ন বাধার মুখে পড়েও খবর সংগ্রহ করেছেন। ১৯৭১ সালের মার্চের শুরু থেকে ঢাকার রাজপথ উত্তাল হয়ে ওঠে। সাতই মার্চ শেখ মুজিবুর রহমানের ভাষণের পর পরিস্থিতি আরও উত্তেজনাপূর্ণ হয়ে ওঠে। ২৫শে মার্চ রাতে ঢাকায় শুরু হয় সামরিক অভিযান। এর মধ্যেই ২৬শে মার্চের প্রথম প্রহরে আটক হন শেখ মুজিবুর রহমান। কিন্তু আটকের আগেই তিনি বাংলাদেশের স্বাধীনতা ঘোষণা করেন। ১০ই এপ্রিল মুজিবনগর থেকে স্বাধীন বাংলাদেশের প্রথম সরকার স্বাধীনতার ঘোষণাপত্র জারি করে। এতে বলা হয়, বঙ্গবন্ধু শেখ মুজিবুর রহমান ২৬শে মার্চ ঢাকায় স্বাধীনতার ঘোষণা প্রদান করেন। ১৯৮২ সালে বাংলাদেশ সরকারের তথ্য মন্ত্রণালয় কর্তৃক প্রকাশিত দলিলপত্রে শেখ মুজিবের এই ঘোষণা উল্লেখ করা হয়। এতে বলা হয়, ২৫শে মার্চে মধ্যরাতের পর ২৬শে মার্চের প্রথম প্রহরে এ ঘোষণা দেন তিনি। যা তৎকালীন ইপিআর-এর ট্রান্সমিটারের মাধ্যমে সারাদেশে ছড়িয়ে পড়ে।",6.85,2.78,5.48
news-50892935,"ইরাকে ইসলামিক স্টেট যে আবার নতুন করে সংগঠিত হচ্ছে, তার জোরালো ইঙ্গিত পাওয়া যাচ্ছে।","ইসলামিক স্টেটের পুনরুত্থান নিয়ে আশংকা বাড়ছে। কুর্দি ও পশ্চিমা গোয়েন্দা কর্মকর্তারা বলছেন, ইরাকে আই-এসের পরাজয়ের দু'বছর পর এখন তাদের আক্রমণের সংখ্যা ক্রমাগত বাড়ছে। কুর্দি সন্ত্রাসদমন কর্মকর্তা লাহুর তালাবানি বলেছেন, ইরাকে আইএসের সদস্য সংখ্যা এখন প্রায় ১০ হাজার। তারা দেশটির বর্তমান অস্থির অবস্থার সুযোগ নিয়ে বিভিন্ন এলাকায় অবাধে চলাফেরা করছে। লাহুর তালাবানি ইসলামিক স্টেটকে এখন আল কায়েদার চেয়ে বেশি বিপদজনক এবং বেশি সংগঠিত বলে বর্ণনা করেন। তিনি বলেন, ""ওদের কৌশল অনেক ভালো এবং তাদের কাছে প্রচুর অর্থও আছে।"" ইরাকের দুর্গম হারমিন পার্বত্য অঞ্চলে ঘাঁটি গেড়েছে ইসলামিক স্টেট। লাহুর তালাবানি বহু বছর লন্ডনে কাটিয়েছেন। সাদ্দাম হোসেনের শাসনামলে ইরাক থেকে তার পরিবারকে পালিয়ে আসতে হয়েছিল। তিনি জানইয়ারি এজেন্সি বলে একটি গোয়েন্দা সংস্থার প্রধান। উত্তর ইরাকের কুর্দিস্থান অঞ্চলের সুলাইমানিয়াতে কুর্দিদের যে ঘাঁটি, সেখানে বসে কথা বলছিলেন লাহুর তালাবানি। খেলাফত ধ্বংস হয়ে যাওয়ার পর কীভাবে ইসলামিক স্টেট সেখান থেকে আবার সংগঠিত হচ্ছে, তা বর্ণনা করছিলেন তিনি। ""আমরা দেখছি, তাদের তৎপরতা বাড়ছে। আমাদের ধারণা তাদের পুনর্গঠনের ধাপ এখন শেষ হয়েছে।"" তার মতে, যে নতুন ধরনের ইসলামিক স্টেটের উত্থান ঘটছে, তারা আর কোন এলাকার নিয়ন্ত্রণ নিতে চায় না, কারণ তারা টার্গেট হতে চায় না। এর পরিবর্তে ইসলামিক স্টেট এখন তাদের পূর্বসূরী আল-কায়েদার মতো আন্ডারগ্রাউন্ডে কাজ করতে চায়। ইরাকের হামরিন পর্বতমালায় তারা এখন এভাবেই কাজ করছে। 'এটি এখন তাদের ঘাঁটি। এই বিস্তৃত পার্বত্য অঞ্চল ইরাকি সেনাবাহিনীর পক্ষে নিয়ন্ত্রণ করা কঠিন। সেখানে অনেক লুকোনোর জায়গা আছে।'",7.69,1.72,6.84
news-47480237,"কিংবদন্তী গায়ক মাইকেল জ্যাকসনের বিরুদ্ধে যৌন হয়রানির যে অভিযোগ তোলা হয়েছে, তাকে 'চূড়ান্ত রকমের বিশ্বাসঘাতকতা' বলে উল্লেখ করেছেন তাঁর ভাইয়ের ছেলে তাজ জ্যাকসন।","মাইকেল জ্যাকসনের ভাইপো তাজ জ্যাকসন বলেছেন, মাইকেল জ্যাকসন যদি জানতেন যে তার বিরুদ্ধে শিশু যৌন নিপীড়নের অভিযোগ আনা হয়েছে তাহলে হয়তো তিনি কান্নায় ভেঙে পড়তেন। তাজ জ্যাকসন বলেছেন, এই অভিযোগগুলো 'বেদনাদায়ক'। তবে তিনি বিশ্বাস করেন যে এই কলঙ্ক খুব সাময়িক হবে এবং একদিন সত্য বেরিয়ে আসবে। তাজ জ্যাকসন বলেছেন, মাইকেল জ্যাকসনের পরিবার এই অভিযোগের কারণে খুবই কঠিন পরিস্থিতির মধ্যে রয়েছে।",21.69,4.94,19.28
news-44672333,"উরুগুয়ে কোচ অস্কার তাবারেজ বলেছেন, পর্তুগালের বিপক্ষে ম্যাচে এডিনসন কাভানির খুঁড়িয়ে মাঠ ছাড়ার দৃশ্য তাঁকে ""দুশ্চিন্তায় ফেলেছে""।","উরুগুয়ের ফরোয়ার্ড এডিনসন কাভানি পর্তুগালের বিপক্ষে ম্যাচের ৭৪ মিনিটে চোট পান। এর আগে তিনি দুটি গোল করেন। এই ম্যাচে উরুগুয়ে ২-১ গোলে জয় পায়। শুক্রবার ফ্রান্সের বিপক্ষে কোয়ার্টার ফাইনাল খেলবে উরুগুয়ে। কাভানি বলেছেন, তিনি আশা করছেন তাঁর চোটটা মারাত্মক নয়। তিনি বলেছেন, ""আমি আশা করছি চোটটা সামান্য কিছুই হবে।""",17.91,3.08,8.96
news-54969744,বাংলাদেশের জাতীয় দলের ক্রিকেটার সাকিব আল হাসানকে হত্যার হুমকি দেয়ার অভিযোগে এক ব্যক্তিকে গ্রেপ্তার করেছে র‍্যাব।,সাকিব আল হাসানকে হুমকি দেয়ার অভিযোগে সিলেটের এক ব্যক্তিকে গ্রেফতার করেছে র‍্যাব। গতকাল সাকিবকে হত্যার হুমকি দেয়ার একটি ভিডিও ভাইরাল হয়। ভিডিওটিতে মহসিন তালুকদার নামে ওই ব্যক্তি সাকিব আল হাসানের সাম্প্রতিক ভারত সফরের সময় পূজা উদ্বোধন করেছেন এমন মন্তব্য করে তাকে হত্যার হুমকি দেন।,38.71,26.67,35.48
news-51976913,"“আপনি ঘর থেকে বেরিয়ে যান, দরোজা বন্ধ রাখুন। এবং কিছুক্ষণের মধ্যে জীবাণুনাশকের কাজ শুরু হবে।“ ইংরেজিতে এই কথাগুলো বলছে একটা রোবট।","করোনাভাইরাস মহামারির সময় হাসপাতালের ওয়ার্ডে জীবাণু নাশ করতে ডেনমার্কের এক কোম্পানি ইউভি রোবট বানিয়েছে। এই রোবট প্রতিদিন একটা করে তৈরি করা হচ্ছে। এই রোবটের মধ্যে রয়েছে আটটা বাল্ব, যেগুলো থেকে তীব্র অতিবেগুনি অর্থাৎ আলট্রা-ভায়োলেট বা ইউভি-সি আলোকরশ্মি বের হয়। এই আলোকরশ্মি ব্যাকটেরিয়া, ভাইরাস এবং অন্যান্য ক্ষতিকারক জীবাণুর ডিএনএ এবং আরএনএ ধ্বংস করে যাতে এগুলো সংখ্যায় আর বাড়তে না পারে। ইউভিডি রোবটস কোম্পানির প্রধান নির্বাহী পের ইউল নিয়েলসেন বলেছেন, করোনাভাইরাস মহামারির পর তাদের ব্যবসা বেড়েছে বহুগুণ। তারা চীনে, বিশেষভাবে উহানে, প্রচুর সংখ্যায় এই রোবট পাঠিয়েছেন। এশিয়া এবং ইউরোপেও তাদের বিক্রি বহুগুণ বেড়ে গিয়েছে।",10.43,0.0,6.96
news-50218667,সব ধরনের ক্রিকেট থেকে বাংলাদেশের অধিনায়ক সাকিব আল হাসানকে দুই বছরের জন্য নিষিদ্ধ করেছে আন্তর্জাতিক ক্রিকেট কাউন্সিল আইসিসি।,"সাকিব আল হাসান আইসিসির দুর্নীতি-বিরোধী নিয়ম লঙ্ঘনের জন্য দুই বছরের জন্য নিষিদ্ধ হয়েছেন। তিনি ম্যাচ ফিক্সিং-এর প্রস্তাব পাওয়ার পর সেটা গোপন করার অভিযোগে এই সাজা পেয়েছেন। দুই বছরের নিষেধাজ্ঞার মধ্যে এক বছর স্থগিত নিষেধাজ্ঞা, যার অর্থ হল সাকিব আগামী এক বছর খেলতে পারবেন না, কিন্তু যদি তিনি সাজার সব শর্ত মেনে চলেন তাহলে তিনি ২০২০ সালের ২৯শে অক্টোবর থেকে মাঠে ফিরে আসতে পারবেন। সাকিব আল হাসান ২০১৮ সালে বাংলাদেশ, শ্রীলঙ্কা ও জিম্বাবুয়ের মধ্যে ত্রিদেশীয় ওয়ানডে সিরিজ ও ২০১৮ ইন্ডিয়ান প্রিমিয়ার লিগে দুর্নীতির প্রস্তাব পেয়েছিলেন, কিন্তু তিনি সেটা যথাযথ কর্তৃপক্ষকে জানাননি।",14.55,7.41,10.91
news-50077403,১৯৭৯ সালে পাকিস্তানী বিজ্ঞানী আবদুস সালাম পদার্থবিদ্যায় নোবেল জিতেছিলেন।,"নোবেল বিজয়ী পাকিস্তানি পদার্থবিদ অধ্যাপক আবদুস সালামের জীবনী নিয়ে একটি ডকুমেন্টারি নির্মাণ করছে নেটফ্লিক্স। ডকুমেন্টারিটি তার জীবন, কর্ম এবং পদার্থবিদ্যায় অবদানের উপর আলোকপাত করবে। অধ্যাপক আবদুস সালাম ছিলেন প্রথম পাকিস্তানি যিনি নোবেল পুরস্কার জিতেছিলেন, কিন্তু তার ধর্মীয় বিশ্বাসের কারণে তার অর্জন পাকিস্তানে উপেক্ষিত হয়েছে।",18.87,3.92,15.09
news-45950895,"তুরস্কের প্রেসিডেন্ট রেচেপ তায়েপ এরদোয়ান বলেছেন, তার কাছে জোরালো প্রমাণ রয়েছে যে ইস্তাম্বুলের সৌদি কনস্যুলেটের ভেতর সৌদি সাংবাদিক জামাল খাসোগজির মৃত্যু কোন দুর্ঘটনা নয়, বরং এক পরিকল্পিত অপারেশনের মাধ্যমেই তাকে নৃশংসভাবে হত্যা করা হয়েছে।","সৌদি সাংবাদিক জামাল খাসোগজিকে পূর্ব পরিকল্পিতভাবে হত্যা করা হয়েছে বলে জানিয়েছেন তুরস্কের প্রেসিডেন্ট রেজেপ তাইয়েপ এরদোয়ান। তিনি বলেছেন, এ হত্যাকান্ডের পরিকল্পনা করা হয়েছিল বেশ কিছুদিন আগেই। তবে তিনি তার ভাষণে এ হত্যাকান্ডের বিস্তারিত কিছু তথ্য প্রকাশ করেন নি। এর আগে সৌদি আরব জানিয়েছিল, ইস্তাম্বুলে তাদের কনস্যুলেটে এক ঝগড়ার জের ধরে জামাল খাসোগজি নিহত হন।",29.55,11.63,15.91
news-50572600,ভারত সফরে এসে ভিসা শেষ হয়ে যাওয়ায় জরিমানা দিতে হয়েছে বাংলাদেশ ক্রিকেট দলের সদস্য সাইফ হাসানকে।,বাংলাদেশি ক্রিকেটার সাইফ হাসান ভারতে অতিরিক্ত থাকার কারণে জরিমানা প্রদান করেছেন। তিনি কলকাতায় বাংলাদেশ দলের বাকি সদস্যদের সাথে ফিরে যেতে পারেননি কারণ তার ভিসার মেয়াদ শেষ হয়ে গিয়েছিল। তিনি কলকাতার বাংলাদেশ উপদূতাবাসের মাধ্যমে জরিমানার টাকা জমা দিয়েছেন এবং ভারত ছাড়ার ছাড়পত্র পেয়েছেন। তিনি বুধবার ঢাকা রওনা হচ্ছেন।,22.22,3.28,9.52
news-48101482,"সোমবার রাতে ঢাকার গুলিস্তানে ককটেল বিস্ফোরণে তিন পুলিশের আহত হওয়ার ঘটনাটি কথিত ইসলামিক স্টেট গ্রুপ ঘটিয়েছে, নাকি এর পেছনে অন্য কেউ জড়িত রয়েছে -তা তদন্ত করে দেখা হচ্ছে বলে জানিয়েছে পুলিশ।","গুলিস্তানে ককটেল হামলায় আহত হয়েছেন পুলিশের তিনজন সদস্য। ঢাকা মহানগর পুলিশ কমিশনার আছাদুজ্জামান মিয়া সাংবাদিকদের বলেছেন, সোমবার গুলিস্তানে যে ককটেলটি বিস্ফোরিত হয়েছে, সেটি সাধারণ কোন ককটেল নয়। ইসলামিক স্টেট গ্রুপের কর্মকাণ্ড নজরদারি করে, যুক্তরাষ্ট্র ভিত্তিক সাইট ইন্টেলিজেন্স জানিয়েছে, গুলিস্তানে ওই হামলার দায় স্বীকার করেছে আইএস।",26.32,5.41,18.42
news-50194129,"ভারতের উত্তরপূর্বাঞ্চলীয় রাজ্য আসামে আবার এক ব্যক্তি বন্দীশিবিরে মারা গেছেন, যাকে বিদেশী বলে ঘোষণা করা হয়েছিল।",আসামের গোয়ালপাড়া জেলার এক বন্দীশিবিরে এক ব্যক্তির মৃত্যু হয়েছে। মৃত ফালু দাসের পরিবার তার মৃতদেহ নিতে অস্বীকার করেছে। কারণ তাকে বাংলাদেশী বলে চিহ্নিত করা হয়েছিল। ফালু দাসের পরিবার দাবী করছে যে তারা ভারতীয়। তাই তারা চাইছে তাদের নাম নাগরিক পঞ্জীতে উঠুক। তারপর তারা মৃতদেহ নেবে।,16.39,3.39,16.39
news-45856488,প্রায় চল্লিশ বছর বন্ধ থাকার পর নতুন করে যাত্রা শুরু করতে যাচ্ছে লেবাননের এককালের বিলাসবহুল গ্র্যান্ড সোফার হোটেল।,"লেবাননের গৃহযুদ্ধের আগে দেশটির সোফার শহরে অবস্থিত দ্যা গ্র্যান্ড লেবানিজ হোটেল ছিলো আভিজাত্যের প্রতীক। এখন এটি পরিত্যক্ত অবস্থায় পড়ে আছে। সাম্প্রতিক এক প্রদর্শনীতে অনেকেই হোটেলে এসেছেন যাদের এই হোটেলের সাথে নানা স্মৃতি জড়িত। তারা বলছেন এই হোটেলে তাদের বিয়ে হয়েছিলো, এখানেই তারা তাদের সন্তানদের জন্মদিনের অনুষ্ঠান করেছেন। এই হোটেলে তারা বিভিন্ন সেলেব্রিটি ও রাজনীতিকদের দেখেছেন। লেবাননের গৃহযুদ্ধের সময় হোটেলটি বন্ধ হয়ে যায়। এখন এটি পরিত্যক্ত অবস্থায় পড়ে আছে। এই হোটেলের সাথে জড়িত স্মৃতিগুলো এখনো অনেকের মনে বেঁচে আছে।",10.42,0.0,6.25
news-48759400,"জাতীয় পতাকা, জাতীয় সঙ্গীত, জাতীয় প্রতীক, জাতীয় পোশাক প্রায় সব দেশেরই থাকে। অনেক দেশের জাতীয় ফুল, জাতীয় পশু, জাতীয় ক্রীড়াও থাকে।",ভারতীয় বিমানবাহিনীর উইং কমান্ডার অভিনন্দন ভর্থমানের গোঁফকে জাতীয় গোঁফ হিসেবে ঘোষণার দাবি তোলেন কংগ্রেস নেতা অধীর রঞ্জন চৌধুরী। এ নিয়ে সামাজিক মাধ্যমে চলছে ব্যাপক মস্করা। অনেকেই কংগ্রেসকে হাসির পাত্র করে তুলেছেন। অভিনন্দন ভর্থমান ফেব্রুয়ারিতে পাকিস্তানে আটক হয়েছিলেন। সেই সময় থেকেই তার গোঁফ নিয়ে ভারতে ব্যাপক চর্চা হয়।,2.94,0.0,2.94
news-51769925,মধ্যপ্রাচ্যের বিভিন্ন দেশে করোনাভাইরাস বা কোভিড নাইনটিন সংক্রমণ ক্রমশ:ই আরো বেশি করে ছড়িয়ে পড়ছে। ভাইরাসে আক্রান্ত মানুষের সংখ্যা বেড়ে যাওয়ায় মধ্যপ্রাচ্যের কিছু শহরে জুম্মার নামাজ বাতিল করা হয়েছে।,"মধ্যপ্রাচ্যে করোনাভাইরাস সংক্রমণ ছড়িয়ে পড়ার পর এখন এটি আফ্রিকা মহাদেশে পৌঁছেছে। মিশরের স্বাস্থ্য মন্ত্রণালয় জানিয়েছে, নীলনদে ভাসমান একটি জাহাজে করোনাভাইরাস সংক্রমিত হয়েছে ১২ জনের। এর আগে সেখানে তিনজনের শরীরে ভাইরাসটি ধরা পড়েছিল। এর ফলে মিশরে সংক্রমিতের সংখ্যা বেড়ে দাঁড়িয়েছে ১৫ জনে। এখন পর্যন্ত মিশরে কেউ এ রোগে মারা যায়নি। মিশরের স্বাস্থ্য মন্ত্রণালয় জানিয়েছে, সংক্রমণের শিকার ব্যক্তিরা একটি প্রমোদতরীতে ছিলেন, যা নীলনদে ভাসমান ছিল। তারা সবাই চীনা নাগরিক। এদের মধ্যে একজনের দেহে প্রথম করোনাভাইরাস ধরা পড়ে। এরপর তাকে কোয়ারেন্টাইনে রাখা হয়। তারপর বাকি ১১ জনের দেহেও ভাইরাসটি ধরা পড়ে। সবাই এখন হাসপাতালে চিকিৎসাধীন। করোনাভাইরাস সংক্রমণ শুরু হয়েছে চীনের উহান শহর থেকে। এ পর্যন্ত চীনে ভাইরাসটিতে মৃত্যু হয়েছে তিন হাজারের বেশি। চীনের বাইরে মারা গেছে ৬০ জনের বেশি। বিশ্ব স্বাস্থ্য সংস্থা ইতোমধ্যেই এটিকে বৈশ্বিক জরুরি বিপর্যয় হিসেবে ঘোষণা করেছে।",8.97,1.3,7.69
news-45468700,"ঢাকার কয়েকটি প্রধান সড়কে হিউম্যান হলার বা লেগুনা চলাচল ছিল স্বাভাবিক চিত্র, কারণ বাসের বিকল্প হিসেবে অনেকে এই লেগুনায় চড়েন।",ঢাকা মেট্রোপলিটন পুলিশ কমিশনার আসাদুজ্জামান মিয়া এক সংবাদ সম্মেলনে জানান 'রাজধানী ঢাকার প্রধান সড়কগুলোতে এখন থেকে লেগুনা চলবে না'। এই সিদ্ধান্তের ফলে সাধারণ মানুষ যাতায়াতে বিপাকে পড়েছে। সামাজিক যোগাযোগ মাধ্যমে এই সিদ্ধান্ত নিয়ে ব্যাপক আলোচনা হচ্ছে।,14.29,0.0,14.29
160825_bangladesh_fire_accident_why_risky_country,"(এই প্রতিবেদনটি দেখতে পাবেন আজ চ্যানেল আই টেলিভিশনে ‘বিবিসি প্রবাহ’ অনুষ্ঠানে, রাত ৯টা ৩৫ মিনিটে।)","বাংলাদেশে গত কয়েক বছর ধরে বহুতল ভবনে অগ্নিকাণ্ডের ঘটনা ঘটে চলেছে। এসব ভবনে অগ্নি নির্বাপণ ব্যবস্থা না থাকায় আগুন দ্রুত ছড়িয়ে পড়ছে। ফায়ার সার্ভিসের অপারেশন্স এন্ড মেইনটেন্যান্স বিভাগের পরিচালক মেজর এ কে এম শাকিল নেওয়াজ বলেছেন, বাংলাদেশে বহুতল আবাসিক ও বাণিজ্যিক ভবন, ফ্যাক্টরি সবক্ষেত্রেই আগুন মোকাবেলায় পূর্ব প্রস্তুতি এবং তড়িৎ পদক্ষেপের ঘাটতি দেখা যায়। তিনি বলেছেন, ফায়ার ফাইটিং শুধু ফায়ার সার্ভিসের কাজ না, ব্যক্তিগত পর্যায়ে সচেতনতা, প্রশিক্ষণ থাকতে হবে। এছাড়া প্রতিটি সংস্থার নিজস্ব টিম থাকা দরকার যাতে আগুন লাগলে দশ থেকে বিশ মিনিট ফাইট করতে পারে।",0.0,0.0,0.0
news-47169634,বিএনপির চেয়ারপারসন খালেদা জিয়া তার রাজনৈতিক জীবনে কখনো এত দীর্ঘসময় ধরে কারাভোগ করেন নি।,"বাংলাদেশের প্রধান বিরোধী দল বিএনপির চেয়ারপারসন খালেদা জিয়া দুর্নীতির একটি মামলায় এক বছর ধরে কারাগারে রয়েছেন। বিএনপি তার মুক্তির দাবিতে আইনি ও রাজনৈতিক কর্মসূচি গ্রহণ করলেও এখনো পর্যন্ত কোনো সুফল পায়নি। বিএনপি দাবি করছে যে, খালেদা জিয়ার কারাবাস রাজনৈতিক উদ্দেশ্যে দীর্ঘায়িত করা হচ্ছে।",24.56,10.91,21.05
news-50698797,ভারতে গণ-ধর্ষণে অভিযুক্ত চারজন পুরুষ পুলিশের সাথে 'এনকাউন্টারে' নিহত হওয়ার পর সারা দেশে লোকজন উল্লাস প্রকাশ করেছে।,"ভারতের হায়দ্রাবাদে এক সপ্তাহ আগে এক পশু চিকিৎসক নারীকে ধর্ষণের পর পুড়িয়ে হত্যার অভিযোগে গ্রেফতার চার অভিযুক্তকে পুলিশি এনকাউন্টারে হত্যার ঘটনায় সাধারণ মানুষ আনন্দ প্রকাশ করছে। এই হত্যাকাণ্ডের পর পরই প্রায় দু'হাজার মানুষ ওই পুলিশ স্টেশনের সামনে জড়ো হয়েছে। তারা 'পুলিশ জিন্দাবাদ' বলে স্লোগান দিয়েছে। নিহত ওই তরুণীর পুড়ে যাওয়া মৃতদেহ যেখান থেকে উদ্ধার করা হয়েছিল এবং যেখানে চারজন অভিযুক্তকে হত্যা করা হয় সেখানে লোকজন ফুল ছিটিয়ে দিয়েছে। নিহত পশু চিকিৎসক যে এলাকায় থাকতেন সেখানেও লোকজন জড়ো হয়ে আনন্দ উল্লাসে মেতে উঠেছে, তারা আতসবাজি জ্বালিয়ে ও মিষ্টি বিতরণ করেছে।",12.96,0.0,7.41
news-44629049,রাখাইনে রোহিঙ্গা নিধন নিয়ে আন্তর্জাতিক চাপ সামলাতে অং সান সুচি যে ভূমিকা নিচ্ছেন তা যে মিয়ানমারের সেনাবাহিনী পছন্দ করছে না- এটা এখন একরকম ওপেন সিক্রেট।,"মিয়ানমারের সেনাবাহিনী ও সরকারের মধ্যে উত্তেজনা বাড়ছে। রাখাইনে রোহিঙ্গা মুসলমানদের ওপর নির্যাতনের তদন্ত এবং তাদের ফিরিয়ে আনার বিষয়ে জাতিসংঘের সাথে সরকারের যে বোঝাপড়া তা নিয়ে সেনাবাহিনী আপত্তি জানাচ্ছে। বিশেষ করে তদন্ত কমিটিতে বিদেশী বিশেষজ্ঞ রাখার বিষয়টি নিয়ে সেনাবাহিনী তীব্র আপত্তি জানাচ্ছে। এই বিষয়ে সেনাপ্রধান জেনারেল মিন অং লেই ও রাষ্ট্রীয় পরিষদ্প্রধান অং সান সূচির মধ্যে এক বৈঠকে তীব্র উত্তেজনা তৈরি হয়। সেনাপ্রধান সরকার প্রধানকে হুমকি দেন, সরকার যদি দেশ চালাতে না পারে তাহলে সেনাবাহিনী ক্ষমতা নেবে।",19.8,6.06,11.88
news-48737147,ওমান উপসাগরে বৃহস্পতিবার তাদের একটি অত্যাধুনিক ড্রোন বিধ্বস্ত করার বদলা হিসাবে যুক্তরাষ্ট্র সরাসরি সামরিক পথ না নিলেও ইরানের বিরুদ্ধে বড় ধরনের সাইবার হামলা শুরু করেছে।,মার্কিন সাইবার হামলায় ইরানের ইসলামিক রেভলিউশনারি গার্ডের (আইআরজিসি) রকেট ও ক্ষেপণাস্ত্র ব্যবস্থা বিকল হয়ে পড়েছে বলে মার্কিন মিডিয়া রিপোর্টে দাবি করা হচ্ছে। ওমান উপসাগরে তেলের ট্যাংকারে মাইন হামলার বদলা হিসাবে বেশ কয়েক সপ্তাহ আগেই এই হামলা চালানোর পরিকল্পনা করেছিল যুক্তরাষ্ট্র। ইরানের সেনাবাহিনীর ক্ষমতাধর এই ইউনিট বৃহস্পতিবার মার্কিন ড্রোনটি ক্ষেপণাস্ত্র দিয়ে ধ্বংস করে।,23.38,5.33,15.58
news-44796339,আমেরিকায় অবৈধ অভিবাসী পরিবারের সন্তানদের বাবা-মার কাছ থেকে বিচ্ছিন্ন করে দেওয়ার জন্য যেখানে ট্রাম্প প্রশাসনের বিরুদ্ধে দুনিয়া জুড়ে শোরগোল হচ্ছে - সেই একই ধরনের রেওয়াজ ভারত-বাংলাদেশ সীমান্তেও বহু বছর ধরে চলছে বলে অভিযোগ উঠেছে।,"ভারত-বাংলাদেশ সীমান্তে অবৈধ অনুপ্রবেশের দায়ে অনেক বাংলাদেশি পরিবারকে আটক করা হচ্ছে। এই পরিবারগুলির বাচ্চাদের বয়স ছয় বছরের বেশি হলে তাদেরকে হোমে পাঠানো হয়। এর ফলে অনেক বাচ্চা তাদের বাবা-মায়ের থেকে বিচ্ছিন্ন হয়ে যাচ্ছে। ভারতের মানবাধিকার কর্মী ও এনজিও প্রতিনিধিরা এই পদ্ধতিটিকে অমানবিক বলে মনে করছেন। তারা বলছেন, এই সমস্যাটি বহু বছর ধরে চলছে।",26.67,11.36,17.78
news-40841680,বাংলাদেশের ফরিদপুরের বোয়ালমারী উপজেলায় বিএনপির ছাত্র সংগঠন বাংলাদেশ ছাত্রদলের নেতৃত্ব নির্বাচনের জন্য নেতৃত্ব প্রত্যাশী ছাত্রদের মূত্র পরীক্ষা করতে দেয়া হয়েছে।,"বাংলাদেশের বোয়ালমারী উপজেলা বিএনপির ছাত্র সংগঠন ছাত্রদলের নেতৃত্বে অধিষ্ঠিত হতে ইচ্ছুক কয়েকজন নেতাকে মাদক নেয়া কিনা তা নিশ্চিত করার জন্য মূত্র পরীক্ষা করেছে দলটি। বোয়ালমারী উপজেলা বিএনপির সাধারণ সম্পাদক সিরাজুল ইসলাম বিবিসি বাংলাকে বলেছেন, উপজেলা ছাত্রদলের কমিটিতে আসতে ইচ্ছুক জানিয়ে দরখাস্ত করেছিলেন যেসব ছাত্র নেতৃবৃন্দ, তাদের মধ্য থেকে আটজনের মূত্র পরীক্ষা বা ইউরিন টেস্ট করতে দেয়া হয়েছে। শুক্রবার ঢাকার একটি ক্লিনিকে এই পরীক্ষা করতে দেয়া হয়েছে বলে জানিয়েছেন মি. ইসলাম।",26.67,13.64,26.67
news-47315211,"""আমাদের মতামতে কি এসে যায়? কি আর হবে? কয়দিন ফেসবুকে লেখালেখি হবে!!!এইতো।""","পুরনো ঢাকার চকবাজারে ভয়াবহ অগ্নিকাণ্ডের ঘটনায় নিহতদের স্বজনরা আহাজারি করছেন। বিবিসি বাংলার ফেসবুকে অনেকেই এই ধরনের দুর্ঘটনা রোধে তাদের মতামত জানিয়েছেন। তারা বলছেন, এসব দূর্ঘটনা প্রতিকারের সুযোগ অনেক আছে, কিন্তু সংশ্লিষ্ট কর্তৃপক্ষ এসব বিষয়ে যথাযথ ব্যবস্থা নিচ্ছে না। অনেকেই হতাশ হয়ে পড়েছেন এই ধরনের দুর্ঘটনার তদন্ত ও তারপরে কার্যকরী ব্যবস্থা দৃশ্যমান নয় বলে।",3.03,0.0,3.03
news-49540671,যুক্তরাষ্ট্রের রাজ্য টেক্সাসে আবার একটি গণ গুলিবর্ষণের ঘটনায় অন্তত পাঁচজন নিহত আর অনেকে আহত হয়েছে বলে পুলিশ জানিয়েছে।,"মার্কিন যুক্তরাষ্ট্রের টেক্সাস রাজ্যের ওডেসা শহরে একজন বন্দুকধারীর হামলায় কমপক্ষে পাঁচজন নিহত এবং ১৬জন আহত হয়েছে। পুলিশ জানিয়েছে, শনিবারের ওই হামলা শুরু হয়, যখন মিডল্যান্ড মহাসড়কে একটি গাড়ি থামাতে যান পুলিশের কর্মকর্তারা। পুলিশের সাথে বন্দুকযুদ্ধে সন্দেহভাজন ওই ব্যক্তি নিহত হন।",27.59,10.71,24.14
news-45667250,ভারতের সুপ্রিম কোর্ট বৃহস্পতিবার ঘোষণা করেছে যে বিবাহিত কোন নারী বা পুরুষ যদি স্বামী বা স্ত্রী-র বাইরে অন্য কারো সাথে যৌন সম্পর্ক করেন - যাকে বলা হয় পরকীয়া - তা আর সেদেশে ফৌজদারি অপরাধ বলে গণ্য হবে না।,"ভারতের সর্বোচ্চ আদালত রায় দিয়েছে যে পরকীয়া সম্পর্ককে অপরাধ বলে গণ্য করাটা অসাংবিধানিক। পরকীয়া সম্পর্কে জড়িয়ে পড়া একজন নারীকে তাঁর স্বামীর সম্পত্তির হিসাবে দেখা হত, আর যে পরপুরুষের সঙ্গে তিনি সম্পর্কে জড়িয়ে পড়লেন, সেই ব্যক্তি যেন সম্পত্তি চুরি করেছে। প্রধান বিচারপতি দীপক মিশ্র বলেছেন যে পরকীয়া সম্পর্ক বিবাহ-বিচ্ছেদের কারণ হয়ে উঠতে পারে, কিন্তু এটা কোন ফৌজদারি অপরাধ হতে পারে না।",24.49,6.25,14.29
news-53659904,"বিশাল এক বিস্ফোরণ ব্যাপক ধ্বংসযজ্ঞ চালিয়েছে লেবাননের রাজধানী বৈরুতে। বহু মানুষ মারা গেছে, আহত হয়েছে কয়েক হাজারের বেশি।","লেবাননের রাজধানী বৈরুতের বন্দরে মঙ্গলবার বিকেলে বিশাল এক বিস্ফোরণ ঘটেছে। এতে কমপক্ষে ৭০ জন নিহত এবং হাজার হাজার মানুষ আহত হয়েছেন। বৈরুতের বন্দরের নিকটবর্তী অঞ্চল সবচেয়ে বেশি ক্ষতিগ্রস্ত হয়েছে। বিস্ফোরণের ফলে বৈরুতের বেশিরভাগ অঞ্চলে ক্ষয়ক্ষতি হয়েছে। বিস্ফোরণের পর বৈরুতের আকাশ ধোঁয়ায় ছেয়ে গেছে। স্থানীয় সংবাদমাধ্যমের খবরে বলা হয়েছে, বিস্ফোরণের ফলে বহু ঘরবাড়ি ধ্বংস হয়ে গেছে। এমনকি ধ্বংসস্তুপের নিচে মানুষকে আটকা পড়ে থাকতে দেখা গেছে।",26.83,7.5,14.63
news-48581152,"মাশরাফী বিন মোত্তর্জা বাংলাদেশের অন্যতম সেরা বোলার, এখনো পর্যন্ত ওয়ানডে ফরম্যাটে বাংলাদেশের সর্বোচ্চ উইকেট শিকারী মাশরাফী।","বাংলাদেশের অধিনায়ক মাশরাফী বিন মোর্ত্তজা নিয়মিত জাতীয় দলে খেলছেন এবং তার খেলা নিয়ে সন্তুষ্ট। তিনি বলেছেন, তার খেলা নিয়ে তিনি সন্তুষ্ট, কিন্তু তার ফর্ম নিয়ে তিনি চিন্তিত। মাশরাফী বলেছেন, তিনি তার খেলা নিয়ে সন্তুষ্ট, কিন্তু তার দলের খেলা নিয়ে তিনি চিন্তিত।",14.04,3.64,10.53
news-37517257,নিয়ন্ত্রণ রেখা পেরিয়ে পাকিস্তান শাসিত কাশ্মীরে ভারতীয় সেনাবাহিনীর অভিযানের পর দুই দেশেরই সীমান্তের অনেক জায়গায় সম্ভাব্য হামলার আশঙ্কায় সতর্কতামূলক ব্যবস্থা হিসেবে গ্রামবাসীদের সরিয়ে নেয়া হচ্ছে।,"ভারতের সামরিক বাহিনী জানিয়েছে, তারা পাকিস্তান শাসিত কাশ্মীরে সন্ত্রাসীদের ঘাঁটি ধ্বংস করেছে। এর পরে ভারতের পশ্চিমাঞ্চলীয় রাজ্যগুলোতে পাকিস্তানের জবাবী হামলার আশঙ্কা দেখা দিয়েছে। এই আশঙ্কায় ভারতীয় সেনাবাহিনী ভারতীয় পাঞ্জাব রাজ্যে আন্তর্জাতিক সীমান্তের দশ কিলোমিটার এলাকার গ্রামগুলো থেকে সাধারণ মানুষকে সরিয়ে দেওয়ার কাজ শুরু করেছে। একই সাথে পাকিস্তান শাসিত কাশ্মীরের কিছু এলাকা থেকেও মানুষ সরে যাচ্ছে বলে খবর পাওয়া গেছে।",19.05,4.88,14.29
news-50810708,ভারতে নাগরিকত্ব সংশোধনী বিলের প্রতিবাদে দেশের বিভিন্ন শহরে ছড়িয়ে পড়া সহিংস বিক্ষোভের জন্য পরোক্ষভাবে শুধু মুসলমানদের দায়ী করেছেন প্রধানমন্ত্রী নরেন্দ্র মোদী।,"নাগরিকত্ব সংশোধনী আইনের বিরুদ্ধে বিক্ষোভ চলাকালীন দেশের বিভিন্ন জায়গায় ভাঙচুর ও অগ্নিসংযোগের ঘটনায় প্রধানমন্ত্রী নরেন্দ্র মোদী বিরোধী দলগুলোকে দায়ী করেছেন। তিনি বলেছেন, এই সব আগুন কারা লাগাচ্ছে সেটা তাদের পোশাক দেখলেই বোঝা যায়। তিনি বলেছেন, এই সব আগুন কারা লাগাচ্ছে, সেটা তাদের পোশাক দেখলেই চেনা যায়। এই মন্তব্য নিয়ে সমালোচনার মুখে পড়েছেন প্রধানমন্ত্রী। বিরোধীরা বলছে, এটা একটা সাম্প্রদায়িক আক্রমণ।",22.5,12.82,17.5
news-47799023,বাংলাদেশের সংবিধানে চতুর্থ সংশোধনীর মাধ্যমে বহুদলীয় সংসদীয় সরকার পদ্ধতি বিলুপ্ত করে রাষ্ট্রপতি শাসিত সরকার ব্যবস্থা প্রবর্তন করা হয়েছিল ১৯৭৫ সালের ২৪শে জানুয়ারি।,"বাংলাদেশের স্বাধীনতার পর প্রতিষ্ঠাতা রাষ্ট্রপতি শেখ মুজিবুর রহমান বাকশাল নামের একটি রাজনৈতিক দল প্রতিষ্ঠা করেন। এই দলটি সমালোচিত হয়েছিল একদলীয় শাসনব্যবস্থা, গণমাধ্যমের রাষ্ট্রীয় নিয়ন্ত্রণ, এবং রাষ্ট্র, সরকার ও দলের একত্রীকরণের জন্য। আওয়ামী লীগ বাকশালকে একটি ঐক্যবদ্ধ প্লাটফর্ম হিসেবে দেখে, যেখানে সকল দলকে নিয়ে একটি সুনির্দিষ্ট কর্মসূচির ভিত্তিতে কাজ করা হয়েছিল। অন্যদিকে, সমালোচকরা বাকশালকে একনায়কতন্ত্রের প্রকৃষ্ট উদাহরণ হিসেবে দেখেন।",12.5,2.56,12.5
news-55530159,"বিয়ের আগে একাধিক নারীর সঙ্গে সম্পর্ক রাখা, আবার তা লুকিয়ে রেখে নারীদের সঙ্গে প্রতারণা করেছেন কোন পুরুষ -এমন খবর প্রায়ই শোনা যায়।","ভারতের ছত্তিশগড় রাজ্যের বস্তার অঞ্চলের এক যুবক দুই নারীকে একই সাথে বিয়ে করার ঘটনায় সমাজে চর্চা তুঙ্গে। সেই যুবকের নাম চন্দু মৌরিয়া। তিনি দুই স্ত্রী হাসিনা ও সুন্দরীকে বিয়ে করেছেন। পরিবার থেকে সমর্থন পাওয়ায় তারা সব সামাজিক রীতি মেনে বিয়ে করেছেন। চন্দু মৌরিয়া বলেছেন, তিনি দুই নারীর সঙ্গে প্রেমের সম্পর্কে জড়িয়ে পড়ার পর তাদের দুজনকে একই সঙ্গে বিয়ে করেছেন। তার দুই স্ত্রীর মধ্যে সুন্দরী বয়সে বড় এবং হাসিনা ছোট। চন্দু মৌরিয়া বলেছেন, তিনি দুই নারীর সঙ্গে প্রেমের সম্পর্কে জড়িয়ে পড়ার পর তাদের দুজনকে একই সঙ্গে বিয়ে করেছেন।",7.34,1.87,7.34
news-51124170,১৮৫০ সালেও সামাজিক অগ্রগতির বিষয়টি ছিল পরাহত। এর কয়েক বছর আগে আমেরিকান ক্যাম্পেইনার এলিজাবেথ ক্যাডি স্ট্যানটন নারীদের ভোটাধিকার চেয়ে বিতর্ক তৈরি করেছিলেন।,সেলাই মেশিনের বিজ্ঞাপন প্রথম দেখা যায় ১৮৯৯ সালে। এটি তখন অনেকের কাছে উচ্চাভিলাষী মনে হয়েছিল। বোস্টনের এক ব্যর্থ অভিনেতা নতুন কিছু আবিষ্কার করে ভাগ্য বদলানোর চেষ্টা করছিলেন। তিনি একটি ওয়ার্কশপের শোরুমে জায়গা ভাড়া নিয়ে কাঠের শিল্পকর্ম বানানোর মেশিন বিক্রির চেষ্টা করছিলেন। সেই সময় সেলাই মেশিন ছিল একটি সম্ভাবনা। এই সেলাই মেশিন আবিষ্কার করেন অ্যাইজ্যাক মেরিট সিঙ্গার। তিনি ছিলেন একজন ব্যর্থ অভিনেতা ও উদ্ভাবক। তিনি একটি সেলাই মেশিনের মডেল তৈরি করেন এবং তার নিজস্ব মডেলের সেলাই মেশিন বিক্রি শুরু করেন। এটি ছিল প্রথম যা আসলে দারুণ কাজ করছিল। এতে একটি শার্ট সেলাই করতে এক ঘণ্টার বেশি সময় লাগছিল না।,3.33,0.0,3.33
39654139,বাংলাদেশে প্রচলিত তিন ধরনের মাদ্রাসা শিক্ষার মধ্যে মসজিদ ভিত্তিক মাদ্রাসাগুলোই মূলত কওমী মাদ্রাসা হিসেবে পরিচিত।,"বাংলাদেশে প্রায় ১৩ হাজার ৮২৬টি কওমি মাদ্রাসায় ১৩ লক্ষ ৮৮ হাজার ৪৬০ জন শিক্ষার্থী রয়েছে। কওমি মাদ্রাসার সিলেবাসে কোরান হাদিস ছাড়াও, একাধিক ভাষা, গণিত, বিজ্ঞান, অর্থনীতি, রাষ্ট্রবিজ্ঞান ও তর্কশাস্ত্রের মতো বিভিন্ন বিষয় অন্তর্ভুক্ত আছে। কওমি শিক্ষাব্যবস্থার মূল উদ্দেশ্যই হলো ইসলাম ধর্মীয় শিক্ষায় পারদর্শী হওয়া। কওমী মাদ্রাসার শিক্ষার্থীরা ধর্মীয় বিষয়ে কলেজ বা বিশ্ববিদ্যালয়ে শিক্ষার্থীদের চেয়ে বেশি জানেন এবং শেখেন।",5.48,0.0,5.48
news-50680291,বাংলাদেশে 'জ্বীনের বাদশাহ্' পরিচয় দিয়ে প্রতারণা করার দায়ে সিআইডি পুলিশ সম্প্রতি সাত ব্যক্তিকে আটক করেছে।,ভোলা থেকে গ্রেফতার করা হয়েছে 'জ্বীনের বাদশাহ্' নামের একটি প্রতারক চক্রকে। এরা সরলমনা মানুষকে নানা প্রলোভন দেখিয়ে লক্ষ লক্ষ টাকা হাতিয়ে নিয়েছে। একজন অবসরপ্রাপ্ত কর্মকর্তা জাহানারা বেগম এই প্রতারক চক্রের শিকার হন। তারা জাহানারা বেগমকে বলে যে 'জ্বীনের বাদশাহ্' তার প্রতি সদয় হয়েছে এবং তার সঞ্চয়ের টাকা দ্বিগুণ করে দিতে রাজি হয়েছে। এরপর জাহানারা বেগম মোট ২৫ লক্ষ টাকা তুলে দেন 'জ্বীনের বাদশাহ্'র হাতে। এই টাকা ছিল জাহানারা বেগমের সারা জীবনের সঞ্চয়।,4.55,2.33,4.55
news-54060487,বাংলাদেশে নারায়ণগঞ্জের মসজিদে বিস্ফোরণে অনেক মানুষের হতাহতের ঘটনার পর মসজিদ নির্মাণের অনুমোদনের ইস্যুসহ নিরাপত্তা নিয়ে নানা প্রশ্ন উঠেছে।,"নারায়ণগঞ্জের বায়তুস সালাত জামে মসজিদে বিস্ফোরণের ঘটনার পর মসজিদ নির্মাণে স্বচ্ছতা নিয়ে প্রশ্ন উঠেছে। ইসলামী চিন্তাবিদরা বলছেন, ইসলামী ব্যাখ্যায় মসজিদ নির্মাণে স্বচ্ছতাকে গুরুত্ব দেওয়া হয়েছে। বাংলাদেশের আইন অনুযায়ী, মসজিদ নির্মাণের ক্ষেত্রেও নকশা থেকে শুরু করে বিভিন্ন ক্ষেত্রে অনুমোদনের প্রয়োজন হয়, তবে মসজিদের নির্মাণ থেকে শুরু করে নিরাপত্তার প্রশ্নে মনিটরিংয়ের কোন নীতিমালা নেই। সরকারের ইসলামিক ফাউণ্ডেশনের মহাপরিচালক বলেছেন, মসজিদের জায়গার বৈধতা এবং নিরাপত্তাসহ সার্বিক বিষয় মনিটর করার জন্য কোন সুনির্দিষ্ট নীতিমালা এবং প্রাতিষ্ঠানিক কাঠামো নেই।",21.74,8.89,17.39
news-44985270,রাজশাহী জেলা মহিলা আওয়ামী লীগের সভাপতি মর্জিনা পারভীন। ৩০ বছর ধরে রাজনীতি করছেন তিনি।,বাংলাদেশের তিনটি সিটি কর্পোরেশনের মধ্যে দুটিতে প্রধান দুই দল আওয়ামী লীগ ও বিএনপির পক্ষ থেকে মেয়র পদে কোন নারী প্রার্থী নেই। রাজশাহী ও সিলেট সিটি কর্পোরেশনে দুই দলের মেয়র প্রার্থী পুরুষ। বরিশাল সিটি কর্পোরেশনে আওয়ামী লীগের পক্ষ থেকে মেয়র পদে প্রার্থী হচ্ছেন সাবের হোসেন চৌধুরী। বিএনপি থেকে মেয়র পদে প্রার্থী হচ্ছেন মজিবুর রহমান সরওয়ার। এই তিনটি সিটি কর্পোরেশনের মধ্যে শুধু খুলনায় আওয়ামী লীগ মনোনয়ন দিয়েছে একজন নারী প্রার্থীর। খুলনা সিটি কর্পোরেশনের মেয়র পদে আওয়ামী লীগের প্রার্থী হচ্ছেন তাজমিন আক্তার।,6.45,2.2,6.45
news-43820876,ক্যামব্রিজ অ্যানালিটিকা ও ফেসবুকের সাম্প্রতিক কেলেঙ্কারি প্রকাশিত হওয়ার পর অনলাইনে মানুষের তথ্য নিরাপত্তার ঝুঁকির বিষয়টি উঠে আসায় বিস্মিত হয়েছে পুরো বিশ্ব।,"বিশেষজ্ঞরা মনে করছেন ডিজিটাল প্রযুক্তি মানুষের রাজনৈতিক মতাদর্শকে প্রভাবিত করছে। সাংবাদিক ও টেক ব্লগার জেমি বার্টলেট বলেন, প্রযুক্তি গণতন্ত্রকে সহায়তা করতে পারে। তবে প্রযুক্তির দৃশ্যমান উপকারিতার কারণে এর সুদূরপ্রসারী ক্ষতিগুলো সম্পর্কে আমরা যথেষ্ট সচেতন না বলে মনে করেন মি.বার্টলেট। আধুনিক প্রযুক্তির সাথে গণতন্ত্রের চিরাচরিত উপাদানগুলোর আধুনিকায়ন না হওয়াকেই এই সমস্যার কারণ হিসেবে মনে করছেন মি. বার্টলেট।",5.13,0.0,2.56
news-43881871,বিশ্ববিদ্যালয় পর্যায়ের অর্থনীতির ছাত্ররা 'বাংলাদেশ প্যারাডক্স' কথাটার সঙ্গে পরিচিত। বিশ্বের অনেক অর্থনীতিবিদ এর আগে এই ধাঁধাঁর উত্তর খোঁজার চেষ্টা করেছেন।,"বিশ্বের সবচেয়ে নামকরা অর্থনীতিবিদদের একজন কৌশিক বসু বলেছেন, বাংলাদেশ এখন এশিয়ার সবচেয়ে 'চমকপ্রদ এবং অপ্রত্যাশিত' সাফল্যের কাহিনীগুলোর একটি। বাংলাদেশের সাফল্যের পেছনে গুরুত্বপূর্ণ দুটি কারণ হলো নারীর ক্ষমতায়ন এবং গার্মেন্টস শিল্প। বাংলাদেশের অর্থনৈতিক প্রবৃদ্ধি এখন পাকিস্তান এবং ভারতকেও ছাড়িয়ে যাচ্ছে।",6.78,0.0,3.39
news-56330015,মিয়ানমারে সোমবার একটি অ্যাপার্টমেন্ট ব্লকে আটকে পড়া বিক্ষোভকারীদের ছেড়ে দেয়ার জন্য সামরিক বাহিনীর প্রতি আহবান জানিয়েছে জাতিসংঘ।,"মিয়ানমারের বিভিন্ন শহরে সেনা অভ্যুত্থানের প্রতিবাদে বিক্ষোভ চলছে। সোমবার ইয়াঙ্গনের একটি জেলায় নিরাপত্তা বাহিনী প্রায় দুশ'র মতো বিক্ষোভকারীকে চারদিক থেকে ঘিরে ফেলে। জাতিসংঘের মানবাধিকার বিষয়ক কার্যালয় বলছে, বিক্ষোভকারীদের ওই দলটি শান্তিপূর্ণ প্রতিবাদ করছিলো এবং তাদের চলে যাওয়ার অনুমতি দেয়া উচিৎ। মিয়ানমারে পহেলা ফেব্রুয়ারিতে সেনা অভ্যুত্থানের পর থেকেই এর প্রতিবাদে ব্যাপক বিক্ষোভ চলছে।",11.43,0.0,8.57
news-45166150,"বিজ্ঞানীদের মতে সমুদ্রে অন্তত ১,০০০ মাইল (১,৬০০ কিলোমিটার) বহন করার পর অবশেষে মৃত নবজাতককে বহন করা বন্ধ করলো তিমি।","কানাডার ভ্যাঙ্কুভারের তিমি গবেষণা কেন্দ্রের গবেষকরা জানিয়েছেন, জে৩৫ নামের তিমি মাছটি তার মৃত শাবককে বহন করা বন্ধ করেছে। গত ২৪শে জুলাই ভ্যাঙ্কুভার উপকূলে মা তিমিটিকে মৃত শাবক বহন করে নিয়ে যেতে দেখা যায়। তিমি গবেষণা কেন্দ্র শনিবার এক বিবৃতিতে বলে, ""সমুদ্রতট থেকে নেয়া টেলিফটো ডিজিটাল চিত্র থেকে ধারণা করা যায় যে মা তিমিটি শারীরিকভাবে সুস্থ অবস্থাতেই রয়েছে।""",15.38,5.26,12.82
news-52578683,ব্রিটেনের জাতীয় পরিসংখ্যান দপ্তরের নতুন প্রকাশ করা রিপোর্ট বলছে কৃষ্ণাঙ্গ নারী পুরুষের করোনাভাইরাসে মৃত্যুর ঝুঁকি শ্বেতাঙ্গদের তুলনায় দ্বিগুণ।,"যুক্তরাজ্যের পরিসংখ্যান দপ্তরের তথ্য অনুযায়ী, করোনাভাইরাসে আক্রান্ত হয়ে শ্বেতাঙ্গদের তুলনায় কৃষ্ণাঙ্গদের মৃত্যুর ঝুঁকি দ্বিগুণ। এরপরেই রয়েছে বাংলাদেশি ও পাকিস্তানি সম্প্রদায়ের মানুষ। পরিসংখ্যান দপ্তরের তথ্য বিশ্লেষণে দেখা গেছে বিভিন্ন ক্ষেত্রে সামাজিক বৈষম্য এর জন্য সম্ভবত দায়ী। বয়স, কোন্ এলাকায় কীভাবে তারা থাকে, সুযোগের অভাব এবং আগে থেকে থাকা স্বাস্থ্যগত কিছু সমস্যা এসব আমলে নিয়েই তারা তাদের রিপোর্টটি তৈরি করেছে।",21.05,8.11,15.79
news-43863014,"ব্রিটেনের স্বাস্থ্যমন্ত্রী জেরেমি হান্ট জানিয়েছেন শিশুদের সুরক্ষা নিয়ে ""চোখ বুজে"" থাকলে চলবে না বলে হুঁশিয়ারি জানিয়ে ফেসবুক সহ অন্যান্য কিছু সোশ্যাল মিডিয়া কোম্পানিকে চিঠি লিখেছেন তিনি।","ব্রিটিশ স্বাস্থ্যমন্ত্রী জেরেমি হান্ট ফেসবুককে চিঠি দিয়েছেন। তাতে তিনি বলেছেন, শিশুদের অনলাইনে নিরাপত্তা নিশ্চিত করতে হলে সোশ্যাল মিডিয়া কোম্পানিগুলোকে কঠোর পদক্ষেপ নিতে হবে। তিনি বলেছেন, এসব সাইটে শিশুদের অ্যাকাউন্ট খোলার বয়স সীমা মানছেনা। তাই এসব সাইটে শিশুদের অ্যাকাউন্ট খোলা বন্ধ করতে হবে। এছাড়া শিশুরা যাতে বেশি সময় এসব সাইটে না কাটায় সে ব্যবস্থা করতে হবে। ব্রিটিশ মন্ত্রী জেরেমি হান্ট বলেছেন, এসব কোম্পানি যদি এসব ব্যবস্থা নিতে না আসে, তাহলে তাদের বিরুদ্ধে কঠোর আইন প্রণয়ন করা হবে।",17.65,6.0,13.73
news-48409941,ভারতের নির্বাচনে শোচনীয় পরাজয়ের সব দায় নিজের কাঁধে নিয়ে কংগ্রেস সভাপতি রাহুল গান্ধী পদত্যাগ করতে চেয়েছেন।,"ভারতের সাধারণ নির্বাচনে কংগ্রেস পার্টির বিপর্যয়ের পর দলের সভাপতি রাহুল গান্ধী পদত্যাগের ইচ্ছা প্রকাশ করলেও দল তা মেনে নেয়নি। কংগ্রেস মুখপাত্র রনদীপ সুরজেওয়ালা বলেছেন, ওয়ার্কিং কমিটির সদস্যরা সর্বসম্মতিক্রমে রাহুল গান্ধীর পদত্যাগের প্রস্তাব খারিজ করে দিয়েছেন। এর আগে লোকসভা নির্বাচনে তৃণমূলের সব মন্ত্রীকে পাঁচ বছরের জন্য বহিষ্কার করা হয়েছে। একই সঙ্গে মুখ্যমন্ত্রী মমতা ব্যানার্জীও মুখ্যমন্ত্রীর পদ ছেড়ে দিতে চেয়েছিলেন বলে জানা গেছে।",18.18,5.33,15.58
news-51136439,"প্রেসিডেন্টের একটি ভাষণ। সাংবিধানিক পরিবর্তনের রূপরেখা ঘোষণা। তার কিছু পরই প্রধানমন্ত্রীর পদত্যাগ, পুরো মন্ত্রিসভার পদত্যাগ। নিযুক্ত হলেন নতুন একজন প্রধানমন্ত্রী।","রাশিয়ার প্রেসিডেন্ট ভ্লাদিমির পুতিন দেশটির সংবিধানে কিছু গুরুত্বপূর্ণ পরিবর্তনের প্রস্তাব করেছেন। এর মধ্যে রয়েছে প্রেসিডেন্ট ও প্রধানমন্ত্রীর ক্ষমতা সীমিত করা এবং সংসদের ক্ষমতা বৃদ্ধি করা। এই পরিবর্তনগুলো প্রস্তাব করার কয়েক ঘণ্টার মধ্যেই রাশিয়ার প্রধানমন্ত্রী দিমিত্রি মেদভেদেভ পদত্যাগ করেন এবং নতুন প্রধানমন্ত্রী নিয়োগ করা হয়। বিশ্লেষকরা বলছেন, ভ্লাদিমির পুতিন এই পরিবর্তনগুলোর মাধ্যমে তার ক্ষমতা ও প্রভাব বজায় রাখার চেষ্টা করছেন।",17.72,0.0,12.66
news-41476249,এগার হাজার মিটার বা ৩৫০০ ফুট উচ্চতায় বিশ্বের সবচেয়ে শীতল স্থানে তখন মধ্যরাত। শীতের মাঝামাঝি সময়ে এখানে তাপমাত্রা হিমাঙ্কের প্রায় ৩০ ডিগ্রি নিচে নেমে আসে। পারদের সূচক থাকে -৩০ ডিগ্রি সেলসিয়াস (বা -২২ ডিগ্রি ফারেনহাইট)।,"লাদাখের জলসঙ্কট দূর করতে একটি স্বেচ্ছাসেবী দল কৃত্রিম হিমবাহ তৈরি করছে। এই হিমবাহ থেকে গলিত বরফের জল কৃষিকাজে ব্যবহার করা যাবে। এই কৃত্রিম হিমবাহের উদ্ভাবক ইঞ্জিনিয়ার সোনাম ওয়াংচুক বলেছেন, তিনি লাদাখের স্থানীয় মানুষদের নিত্যদিনের সমস্যার মোকাবিলায় দীর্ঘদিন ধরেই নতুন নতুন পরিকল্পনা তৈরি করেন। তিনি বলেন, পাহাড়ের মানুষেরাই সব চাইতে ভালভাবে তাদের সমস্যার সমাধানের পথ বের করতে পারবেন। এই কৃত্রিম হিমবাহ তৈরির পরিকল্পনা তার মাথায় এসেছিল একদিন একটি সেতুর ওপর দিয়ে যাওয়ার সময়।",0.0,0.0,0.0
news-55890088,"কাতার-ভিত্তিক টেলিভিশন চ্যানেল আল জাজিরা ইংলিশ-এর একটি অনুসন্ধানী প্রতিবেদনে বলা হয়েছে, বাংলাদেশের নিরাপত্তা বাহিনী ইন্টারনেট এবং মোবাইল ফোন নজরদারী করার প্রযুক্তি ইসরায়েল থেকে আমদানি করেছে।","ইসরায়েলের একটি প্রতিষ্ঠানের তৈরি নজরদারি যন্ত্র ব্যবহার করে বাংলাদেশের গোয়েন্দা সংস্থা নাগরিকদের ওপর নজরদারি করছে বলে দাবি করেছে আল জাজিরা। সোমবার প্রচারিত এক প্রতিবেদনে তারা এ তথ্য তুলে ধরেছে। এই প্রতিবেদনে বলা হয়েছে, বাংলাদেশের গোয়েন্দা সংস্থা ইসরায়েলের একটি প্রতিষ্ঠান থেকে নজরদারি সরঞ্জাম কেনার পর সেটি ব্যবহার করে নাগরিকদের ওপর নজরদারি করছে। এই প্রতিবেদনে বলা হয়েছে, ২০১৯ সালে পূর্ব ইউরোপীয় দেশ হাঙ্গেরির রাজধানী বুদাপেস্টের কাছে দু'জন ইসরায়েলি গোয়েন্দা বিশেষজ্ঞ এই প্রযুক্তি ব্যবহারের ওপর চারজন বাংলাদেশী গোয়েন্দাকে প্রশিক্ষণ দেয়। তবে বাংলাদেশের পররাষ্ট্রমন্ত্রী এ. কে. আবদুল মোমেন বিবিসি বাংলাকে বলেছেন, ইসরায়েল থেকে তারা কোন সরঞ্জাম ক্রয় করেনি।",18.03,8.33,14.75
news-47620971,ঢাকায় বসুন্ধরা আবাসিক এলাকায় বাসের চাপায় একজন বিশ্ববিদ্যালয় ছাত্রের মৃত্যুর ঘটনায় সড়ক অবরোধ করে বিক্ষোভ করছে কয়েকটি বিশ্ববিদ্যালয়ের শিক্ষার্থীরা।,বসুন্ধরা আবাসিক এলাকার সামনে সকাল ৭টার পরপর রাস্তা পার হতে গিয়ে দু'টি বাসের মধ্যে পিষ্ট হয়ে মারা গেছে বাংলাদেশ ইউনিভার্সিটি অব প্রফেশনালসের আন্তর্জাতিক সম্পর্ক বিভাগের ছাত্র আবরার আহমেদ। এরপর বসুন্ধরা আবাসিক এলাকার মূল প্রবেশপথের সামনে রাস্তা অবরোধ করে বিভিন্ন বিশ্ববিদ্যালয়ের শিক্ষার্থীরা। শিক্ষার্থীরা জানিয়েছে যে তারা দাবী বাস্তবায়ন না হওয়া পর্যন্ত আন্দোলন চালাবে।,19.44,8.57,19.44
news-41721765,"আন্তর্জাতিক বার্তা সংস্থা রয়টার্স বলছে, মিয়ানমারে সামরিক অভিযানের মুখে দেশত্যাগে বাধ্য হয়েছেন যেসব রোহিঙ্গা মুসলমান তারা দেশে ফিরতে পারলেও তাদের জমিজমা ও ঘরবাড়ি হারাতে হতে পারে।","রয়টার্সের প্রতিবেদনে বলা হয়েছে, মিয়ানমার সরকার পরিকল্পনা করছে যে, রোহিঙ্গা শরণার্থীদের ফেরত নেয়া হলেও তাদেরকে নিজেদের ঘরদোরে ফিরে যেতে দেয়া হবে না। কঠোর সনাক্তকরণের প্রক্রিয়ায় যেসব রোহিঙ্গা উতরাবে, শুধুমাত্র তাদেরকেই সরকারি ব্যবস্থাপনায় অন্যত্র গ্রাম তৈরি করে সেখানে পাঠানো হবে। রয়টার্স জানিয়েছে, মিয়ানমার সরকার রোহিঙ্গাদের জমির মালিকানা নিয়ে প্রশ্ন তুলেছে। তারা বলছে, যাদের নাগরিকত্ব নেই, তাদের জমির মালিকানাও নেই।",14.29,2.44,9.52
news-49603678,জিম্বাবুয়ের স্বাধীনতা পরবর্তী প্রথম প্রেসিডেন্ট রবার্ট মুগাবে ৯৫ বছর বয়সে মারা গেছেন।,জিম্বাবুয়ের সাবেক প্রেসিডেন্ট রবার্ট মুগাবে মারা গেছেন। বিবিসিকে তার পরিবারের সদস্যরা এ তথ্য নিশ্চিত করেছেন। বেশ কিছুদিন অসুস্থ থাকার পর সিঙ্গাপুরের একটি হাসপাতালে চিকিৎসাধীন থাকাকালীন তিনি মারা যান। ২০১৭ সালের নভেম্বরে সেনা অভ্যুত্থানের মুখে ক্ষমতাচ্যূত হন তিনি। জিম্বাবুয়ের স্বাধীনতার পর হওয়া প্রথম নির্বাচনে ১৯৮০ সালে জয় লাভ করে প্রধানমন্ত্রী হন তিনি। ১৯৮৭ সালে প্রধানমন্ত্রীর দপ্তর বিলুপ্ত ঘোষণা করে দেশের প্রেসিডেন্ট হন।,19.18,8.45,16.44
news-50625850,জলবায়ু নিয়ে নানা উদ্বেগের মধ্যে আজ মাদ্রিদে শুরু হচ্ছে জাতিসংঘের জলবায়ু পরিবর্তন সম্মেলন 'কপ টুয়েন্টি ফাইভ'।,"স্পেনের রাজধানী মাদ্রিদে দুই সপ্তাহব্যাপী জলবায়ু সম্মেলন শুরু হচ্ছে। এতে বিশ্বের ২০০টি দেশের প্রতিনিধিরা অংশ নিচ্ছেন। বাংলাদেশের প্রধানমন্ত্রী শেখ হাসিনাও এতে অংশ নেবেন। এ সম্মেলনে কার্বন নির্গমন কমানোর জন্য আগে যেসব লক্ষ্যমাত্রা নির্ধারণ করা হয়েছিল সেগুলো আরো বাড়ানোর বিষয়টি আলোচনা করা হবে। পরিবেশ বিজ্ঞানী ও জলবায়ু বিশেষজ্ঞরা বলছেন, জলবায়ু পরিবর্তন এখন জরুরী অবস্থা হয়ে দাঁড়িয়েছে। এ বিষয়ে এখনি পদক্ষেপ নিতে হবে বলে মনে করছেন তারা। জাতিসংঘের মহাসচিব আন্তোনিও গুতেরেস বলেছেন, বিশ্ব এমন এক অবস্থায় পৌঁছে যাচ্ছে যেখান থেকে ফিরে আসার আর কোন সুযোগ থাকবে না।",15.84,4.04,9.9
news-42662545,"ভারতের সুপ্রিম কোর্টের চার জন বিচারক প্রকাশ্যে সংবাদ সম্মেলন করে প্রধান বিচারপতির কর্তৃত্বকে চ্যালেঞ্জ করে বলেছেন, যেভাবে তিনি আদালত চালাচ্ছেন তা ভারতের গণতন্ত্রকেই হুমকির মুখে ফেলে দেবে।","ভারতের সর্বোচ্চ আদালত সুপ্রিম কোর্টের চারজন সিনিয়র বিচারপতি প্রধান বিচারপতি দীপক মিশ্রার বিরুদ্ধে অভিযোগ তুলে ধরেছেন। তাঁরা বলেছেন, প্রধান বিচারপতি এখন তাঁর ব্যক্তিগত মর্জিমাফিক বিভিন্ন বেঞ্চে মামলা পাঠাচ্ছেন। এটি আদালতের নিয়মকানুনের লংঘন। তাঁরা আরও বলেছেন, আদালতের নিয়ম-কানুন যদি মানা না হয় তাহলে ভারতে গণতন্ত্র টিকবে না। যেভাবে সুপ্রিম কোর্টের মতো একটি প্রতিষ্ঠান চলা উচিত, তা হচ্ছে না বলে মন্তব্য করেছেন ওই চারজন বিচারপতি। ""আজ থেকে ২০ বছর পরে যেন কেউ না বলতে পারে যে আমরা আমাদের আত্মা বিক্রি করে দিয়েছিলাম,"" বলেছেন তাঁরা। বিচারপতি জে চেলামেশ্বর, বিচারপতি রঞ্জন গগই, বিচারপতি মদন বি লকুর এবং বিচারপতি কুরিয়ান যোশেফ সংবাদ সম্মেলনে বলেছেন, ""গুরুত্বপূর্ণ মামলাগুলি যেভাবে বিভিন্ন বিচারপতিদের বেঞ্চে শুনানীর জন্য পাঠানো হচ্ছে, তা প্রতিষ্ঠিত ব্যবস্থা বা কনভেনশনের বিরোধী।"" হাইকোর্ট বা সুপ্রীম কোর্টের বিচারপতিরা কখনই সংবাদমাধ্যমের সামনে মুখ খোলেন না নিজেদের নিরপেক্ষতা বজায় রাখার জন্য। কিন্তু এই চারজন বিচারপতির মতে, ""গত কয়েকমাস ধরে যা হচ্ছে, তাতে একটা অভূতপূর্ব পরিস্থিতি তৈরী হয়েছে। যেভাবে সুপ্রীম কোর্ট চলা উচিত, তা হচ্ছে না। আমরা প্রধান বিচারপতির কাছে একটি চিঠি পাঠিয়েছিলাম, এমন কি আজ সকালেও তাঁর সঙ্গে দেখা করে তাঁকে বোঝানোর চেষ্টা করেছি। কিন্তু সেই প্রচেষ্টা ব্যর্থ হয়েছে। সেজন্যই জাতির কাছে গোটা বিষয়টি তুলে ধরতে বাধ্য হচ্ছি আমরা।"" প্রধান বিচারপতির বিরুদ্ধে কি তাহলে এবার 'ইম্পিচমেন্টের' প্রক্রিয়া শুরু হবে - এই প্রশ্নের জবাবে ভারতের দ্বিতীয় সব থেকে সিনিয়র বিচারক বলেছেন, এটা রাজনীতিবিদদের সিদ্ধান্ত।",11.67,1.68,7.5
news-45648530,বাংলাদেশের নিরাপদ খাদ্য কর্তৃপক্ষ বলছে বাংলাদেশে বাজারে কোন ধরণের এনার্জি ড্রিংক থাকবে না।,"বাংলাদেশের নিরাপদ খাদ্য কর্তৃপক্ষ এনার্জি ড্রিংক নিষিদ্ধ করার সিদ্ধান্ত নিয়েছে। কর্তৃপক্ষের অতিরিক্ত সচিব মাহাবুব কবির বলেছেন, এনার্জি ড্রিংকসে ক্যাফেইনের মাত্রা খুব বেশি থাকে, যা স্বাস্থ্যের জন্য ক্ষতিকর। তিনি আরও বলেছেন, খুব শীঘ্রই এই বিষয়ে পদক্ষেপ নেওয়া হবে। এদিকে, মাদকদ্রব্য নিয়ন্ত্রণ অধিদপ্তরের মহাপরিচালক জামাল উদ্দীন আহমেদ বলেছেন, তারা দুই বছর আগে এই বিষয়ে গবেষণা করেছেন এবং এনার্জি ড্রিংকসে সেক্সুয়ালি স্টিমুলেটিং ড্রাগ বা ভায়াগ্রার উপাদান পেয়েছেন।",15.58,10.67,15.58
news-46057267,"বাংলাদেশ জাতীয় ঐক্য ফ্রন্টের সঙ্গে প্রধানমন্ত্রী শেখ হাসিনার নেতৃত্বে সরকারী দলের যে সংলাপ হবে আজ বৃহস্পতিবার সন্ধ্যায়, সেখানে কতটা ছাড় দিতে রাজী আওয়ামী লীগ?","আওয়ামী লীগের সভাপতি ও প্রধানমন্ত্রী শেখ হাসিনার সঙ্গে জাতীয় ঐক্যফ্রন্টের নেতাদের আলোচনার আগে আওয়ামী লীগের প্রেসিডিয়াম সদস্য আবদুর রাজ্জাক বলেছেন, বিরোধীদের সাত দফা দাবির মধ্যে কিছু ছোটখাটো বিষয়ে ছাড় দেয়া হতে পারে। তবে নির্বাচন কমিশন গঠন ইস্যুতে সমঝোতা হতে পারে বলে তিনি মনে করেন। আবদুর রাজ্জাক বলেছেন, সংবিধান অনুযায়ী নির্বাচন কমিশন গঠন করা হবে। তবে এ বিষয়ে সংলাপ হতে পারে। তিনি বলেছেন, বিরোধীদল বিএনপি ২০১৪ সালের নির্বাচন বয়কট করার মাধ্যমে ভুল করেছে। এবার তারা নির্বাচনে অংশ নেবে।",17.82,4.04,7.92
news-54354289,করোনাভাইরাসের কারণে দেশের শিক্ষা প্রতিষ্ঠানগুলোয় ছুটি আরেক দফা বাড়ানোর সিদ্ধান্ত নিয়েছে সরকার।,"করোনাভাইরাস মহামারির কারণে দেশের সব শিক্ষাপ্রতিষ্ঠানে ছুটি চলছে। এই ছুটি আরও বাড়বে বলে জানিয়েছেন শিক্ষামন্ত্রী দিপু মনি। তিনি বলেছেন, এইচএসসি পরীক্ষা নেয়া হবে কি না, সে বিষয়ে সিদ্ধান্ত সোমবার বা মঙ্গলবার জানানো হবে।",17.78,4.65,17.78
news-51527453,"আফ্রিকার কয়েকটি দেশের পর পাকিস্তান এবং সর্বশেষ ভারতে আক্রমণ চালানোর পর বাংলাদেশেও পঙ্গপালের আক্রমণ হতে পারে, এমন আশংকার কথা বলছে কৃষি সম্প্রসারণ অধিদপ্তর। তবে সে ঝুঁকি এ বছরের চেয়ে আগামী বছর বেশি।","আফ্রিকার কয়েকটি দেশে ফসলের ব্যাপক ক্ষতি করেছে পঙ্গপাল। এরপর পাকিস্তান ও ভারতেও এর আক্রমণ শুরু হয়। এখন বাংলাদেশেও এর আক্রমণের আশংকা করা হচ্ছে। এ কারণে কৃষি মন্ত্রণালয় সতর্ক হয়েছে। পঙ্গপালের সম্ভাব্য আক্রমণ ঠেকানোর জন্য সরকার, জাতিসংঘের ফুড অ্যান্ড অ্যাগ্রিকালচার অর্গানাইজেশন ফাও এর সঙ্গে যোগাযোগ রাখছেন তারা। পঙ্গপালের উৎপাতে দেশটিতে জারি করা হয় জরুরি অবস্থা। এরপর ভারতের পাঞ্জাবে ঢুকে পড়েছে পঙ্গপাল, যার ব্যাপ্তি ছিল তিন কিলোমিটার।",18.56,2.11,14.43
news-44996318,ওয়েস্ট ইন্ডিজকে ১৮ রানে হারিয়ে নয় বছর পর বিদেশের মাটিতে আবার কোন সিরিজ জিতল বাংলাদেশের ক্রিকেটাররা।,"ওয়েস্ট ইন্ডিজের বিপক্ষে তৃতীয় ওয়ানডে জয়ের পর বাংলাদেশের ক্রিকেটারদের উল্লাস শনিবার রাতে সেন্ট কিটসে তৃতীয় এবং শেষ ম্যাচে ওয়েস্ট ইন্ডিজকে ১৮ রানে হারিয়েছে বাংলাদেশ। ফলে ২-১ ব্যবধানে সিরিজ ঘরে তুললো টাইগাররা। টসে জিতে ব্যাটিং এর সিদ্ধান্ত নেয় বাংলাদেশ। তামিম ইকবালের দুর্দান্ত সেঞ্চুরি আর ঝড়ো গতিতে মাহমুদুল্লাহর ৬৭ রানে ভর করে, ৬ উইকেটে ৩০১ রান সংগ্রহ করে বাংলাদেশ। তাড়া করতে নেমে ৬ উইকেটে ২৮৩ রান করতেই ওভার শেষ হয়ে যায় ওয়েস্ট ইন্ডিজের। এই জয়ের ফলে ওয়েস্ট ইন্ডিজের বিপক্ষে এ নিয়ে তৃতীয়বার সিরিজ জিতল বাংলাদেশ। বিদেশের মাটিতে জিম্বাবুয়ের বিপক্ষে বাংলাদেশ সর্বশেষ সিরিজ জিতেছিল ২০০৯ সালে। দেশের মাটিতে আফগানিস্তানকে ২-১ ব্যবধানে হারিয়ে বাংলাদেশ সর্বশেষ সিরিজ জিতেছিল ২০১৬ সালে। নয় বছর পর আবার বিদেশের মাটিতে একটি সিরিজ জিতল বাংলাদেশ। এটা আসলেই একটা বিশেষ ঘটনা বাংলাদেশের ক্রিকেটের জন্য।",19.86,10.07,18.44
news-43109093,"বাংলাদেশ ও শ্রীলংকার মধ্যকার দ্বিতীয় টি-টোয়েন্টি ম্যাচের পরপরই বাংলাদেশের স্কোয়াডে থাকা বেশ কজন ক্রিকেটার ঢাকা ফিরেছেন। খবর পাওয়া গেছে, তাদের মধ্যে অনেকেই রাতের ট্রেনেই রওনা হন।","শ্রীলংকার বিপক্ষে দ্বিতীয় টি-টোয়েন্টি ম্যাচ শেষে রাতের ট্রেনে করে ঢাকা এসে বেশ কয়েকজন ক্রিকেটার আজ ঢাকা প্রিমিয়ার লিগে খেলছেন। এর আগে শুক্রবার চট্টগ্রামে শ্রীলংকার বিপক্ষে টি-টোয়েন্টি ম্যাচ খেলেছে বাংলাদেশ জাতীয় দল। সেই ম্যাচের পর রাতেই ট্রেনে করে বাংলাদেশের বেশ কয়েকজন ক্রিকেটার ঢাকায় এসেছেন। এদের মধ্যে সৌম্য সরকার, আরিফুল হক, জাকির হাসান, আবু জায়েদ রাহি, সাইফ উদ্দিন ও আফিফ হোসেন অন্যতম। তারা সকালে ঢাকা প্রিমিয়ার লিগে খেলেছেন।",27.37,4.3,18.95
news-48108387,"অবশেষে বিশ্বকাপ ক্রিকেটের জন্য বাংলাদেশ জাতীয় ক্রিকেট দলের জার্সিতে পরিবর্তন আনছে বাংলাদেশ ক্রিকেট বোর্ড, হাতে ও জার্সির মাঝে লাল রঙ যোগ করা হয়েছে।",বাংলাদেশ ক্রিকেট বোর্ড (বিসিবি) বিশ্বকাপের জন্য নতুন জার্সি ডিজাইন করেছে। বিসিবি সভাপতি নাজমুল হাসান পাপন এক সংবাদ সম্মেলনে নতুন জার্সির ডিজাইনের ছবি দেখান। বিসিবি জানিয়েছে যে তারা আন্তর্জাতিক ক্রিকেট কাউন্সিলের অনুমোদন নিয়েছে এবং নতুন জার্সিতে লাল রং যোগ করা হয়েছে।,34.92,13.11,25.4
news-54810886,(অঙ্গরাজ্যগুলোর নাম সংক্ষেপিত। লাল রাজ্যগুলোতে রিপাবলিকান পার্টি বিজয়ী হয়েছে। নীল রাজ্যগুলো ডেমোক্র্যাটদের দখলে) দুই প্রধান প্রার্থীর সর্বশেষ ইলেকটোরাল ভোট সংখ্যা,"আমেরিকার প্রেসিডেন্ট নির্বাচনে জো বাইডেন এগিয়ে থাকলেও প্রেসিডেন্ট ট্রাম্প এখনও হার মানতে রাজি নন। তিনি নির্বাচনে জালিয়াতির অভিযোগ করেছেন। তবে এর পক্ষে তিনি কোন প্রমাণ দেননি। বর্তমানে জো বাইডেন ২৫৩টি ইলেক্টোরাল কলেজ ভোট পেতে যাচ্ছেন, আর ডোনাল্ড ট্রাম্প পেতে যাচ্ছেন ২১৪টি ভোট। বিজয়ী হতে হলে তাদের ইলেকটোরাল কলেজের অন্তত ২৭০টি ভোট পেতে হবে। আমেরিকার নির্বাচনে সুইং স্টেটগুলো গুরুত্বপূর্ণ কারণ এগুলো নির্ধারণ করে যে কোন প্রার্থী বিজয়ী হবেন। সুইং স্টেটগুলো হল সেই রাজ্য যেখানে উভয় প্রার্থীর সমর্থন প্রায় সমান, এবং এই রাজ্যগুলোতে ভোটারদের সিদ্ধান্ত নির্বাচনের ফলাফল নির্ধারণ করে। এই রাজ্যগুলোতে প্রার্থীরা বেশি সময় এবং অর্থ ব্যয় করেন, এবং এই রাজ্যগুলোতে ভোটারদের সাথে যোগাযোগ করার জন্য বেশি প্রচেষ্টা চালান।",7.87,0.0,4.72
news-54040351,বাংলাদেশসহ ১২টি দেশের নাগরিকদের প্রবেশে নিষেধাজ্ঞা দিয়েছে মালয়েশিয়ার সরকার। আপাতত ৩১শে ডিসেম্বর পর্যন্ত এই নিষেধাজ্ঞা বহাল থাকবে।,"মালয়েশিয়া সরকার করোনাভাইরাস মহামারি মোকাবেলায় বাংলাদেশসহ ১২টি দেশের নাগরিকদের দেশে প্রবেশে নিষেধাজ্ঞা আরোপ করেছে। এই নিষেধাজ্ঞা ৭ই সেপ্টেম্বর থেকে ৩১শে ডিসেম্বর পর্যন্ত কার্যকর থাকবে। বাংলাদেশের পররাষ্ট্র প্রতিমন্ত্রী মোঃ শাহরিয়ার আলম একটি ফেসবুক পোস্টে এই তথ্য জানিয়েছেন। তিনি পরামর্শ দিয়ে বলছেন, যারা ছুটিতে এসেছিলেন তাদেরকে আপাতত ৩১শে ডিসেম্বর পর্যন্ত অপেক্ষা করতে হবে।",41.18,24.24,29.41
news-51000240,"২০০৪ সালে আমেরিকা ইরাকে দ্বিতীয় দফায় যুদ্ধ শুরু করলো, বিশ্বের বাজারে অপরিশোধিত তেলের দাম রাতারাতি ১০ শতাংশ বেড়ে গিয়েছিল।","২০০৩ সালে ইরাক যুদ্ধের পর তেলের বাজার অত্যন্ত অস্থিতিশীল হয়ে পড়েছিল। তখন যারা আগে থেকে তেল কিনে রেখেছিলেন তারা বড় মুনাফা করেছিলেন। এখন ইরান ও যুক্তরাষ্ট্রের মধ্যে সামরিক সংঘাত বাড়লে তেলের বাজারে কী হবে? তেল বিশ্লেষক মিচ কান মনে করেন, ১৬ বছর আগের মতো এখন তেলের বাজারে অস্থিরতা দেখা দেবে না। কেননা, তেলের বাজারের চরিত্র বদলে গেছে। এখন যেসব দেশ তেল উৎপাদন করে, তেল পরিশোধন এবং কেনা-বেচার পদ্ধতিতে পরিবর্তন এসেছে। ট্রেডিং এক্সচেঞ্জে দালালদের সিদ্ধান্ত বা ধারণা দিয়ে আর বিশ্বের তেলের বাজারের দাম নির্ধারিত হয় না।",9.52,0.0,7.62
news-43909556,বাংলাদেশের দক্ষিণাঞ্চলীয় জেলা ভোলায় একটি কমিউনিটি স্বাস্থ্য ক্লিনিকের মেঝে থেকে শত শত বিষধর সাপ বের হওয়ার পর কর্তৃপক্ষ ক্লিনিকটি সাময়িক ভাবে বন্ধ করে দিয়েছে।,"বাংলাদেশের ভোলা জেলার একটি কমিউনিটি ক্লিনিকের মেঝের নীচে সাপের বাসা শনাক্ত করা গেছে। ক্লিনিকের আশপাশ থেকে গত কয়েকদিনে কয়েকশো বিষধর সাপ ও সাপের বাচ্চা মারা গেছে। এলাকাবাসীদের দাবি, এখনও কয়েকটি বড় সাপ মারা যায়নি।",24.14,7.14,24.14
news-46373177,"ভারতের পশ্চিমবঙ্গ রাজ্যে ট্রান্সজেন্ডার বা রূপান্তরকামী মানুষদের অধিকার রক্ষায় সবথেকে পরিচিত মুখ যিনি, তাঁর বিরুদ্ধেই অভিযোগ উঠেছে যে তিনি এক কিশোরকে তার ইচ্ছার বিরুদ্ধে 'হিজড়া' বানাতে চেষ্টা করেছিলেন।","পশ্চিমবঙ্গের মুর্শিদাবাদ জেলার এক কিশোরের পরিবার অভিযোগ করেছে যে, পশ্চিমবঙ্গের এক কলেজের প্রিন্সিপাল মানবী বন্দ্যোপাধ্যায় তাকে জোর করে হিজড়া সম্প্রদায়ের সঙ্গে যুক্ত করার চেষ্টা করেছেন। মানবী বন্দ্যোপাধ্যায় ভারতের প্রথম রূপান্তরিত নারী যিনি কোনও সরকারী কলেজের প্রিন্সিপাল হয়েছেন। একই সঙ্গে তিনি পশ্চিমবঙ্গের ট্রান্সজেন্ডার ডেভেলপমেন্ট বোর্ডের ভাইস-চেয়ারপার্সন। পশ্চিমবঙ্গ শিশু অধিকার সুরক্ষা কমিশনে মানবী বন্দ্যোপাধ্যায়ের বিরুদ্ধে অভিযোগ দায়ের করেছে ওই কিশোরের পরিবার। কমিশনের অন্যতম সদস্য, প্রসূন ভৌমিক বিবিসি বাংলাকে বলেছেন, ""আমরা অভিযোগ পেয়েছি। অত্যন্ত দুর্ভাগ্যজনক ঘটনা। গোটা বিষয়টা আমাদের চেয়ারপার্সন অনন্যা চক্রবর্তী দেখছেন।"" কমিশনের তরফ থেকে বিস্তারিত তদন্ত করতে তাদের এক প্রতিনিধি তাদের সঙ্গে মঙ্গলবার কথা বলেছে বলে দাবী কিশোরের পরিবারের।",18.9,0.0,7.87
news-49704424,ছয় দিন ধরে সমুদ্রে ভাসমান ৮২জন অভিবাসীকে উদ্ধার করে আনা উদ্ধারকারী জাহাজ ওশান ভাইকিংকে লাম্পেদোসা দ্বীপে ভিড়তে দিল ইটালি এবং অভিবাসীদের বন্দরে নামবার অনুমতি দিল।,"ইটালির স্বরাষ্ট্রমন্ত্রী মাত্তেও স্যালভিনি এই মাসের শুরুতে দেশটির জোট সরকারের পতনের আগ পর্যন্ত অভিবাসীদের উদ্ধারকারী জাহাজগুলোকে বন্দরে যাওয়ার অনুমতি দেয়নি। এই সিদ্ধান্তের ফলে কয়েকশ অভিবাসী সপ্তাহের পর সপ্তাহ সাগরে আটকে ছিল। ইটালির নতুন সরকার যে জোট গঠন করেছে তাতে স্বরাষ্ট্রমন্ত্রী হিসেবে আছেন লুসিয়ানা লামোরজু। তিনি বলেছেন, এই অভিবাসীদের ইউরোপীয় ইউনিয়নের অন্য দেশে পাঠানো হবে। ইটালির পররাষ্ট্রমন্ত্রী লুইজি দি মাইও বলেছেন, ইউরোপীয় ইউনিয়ন ইটালির অনুরোধে বেশিরভাগ অভিবাসী নিতে রাজি হয়েছে। তবে তিনি বলেছেন, এর মানে এই নয় যে আবার উন্মুক্ত বন্দর নীতি চালু করা হচ্ছে। এদিকে ফ্রান্সের স্বরাষ্ট্রমন্ত্রী জেরার্ড ডারমানিন বলেছেন, ইটালি, ফ্রান্স, জার্মানি, পর্তুগাল এবং লুক্সেমবার্গের মধ্যে একটা চুক্তি হয়েছে। এই চুক্তি অনুযায়ী দরকার হলে অভিবাসীদেরকে তীরে আসতে দেয়া হবে। তিনি বলেছেন, ""আমাদের এখন দরকার একটা বাস্তব সাময়িক ইউরোপিয়ান ব্যবস্থা""। জার্মানির স্বরাষ্ট্রমন্ত্রী হোরস্ট জেহোফার বলেছেন, ভবিষ্যতের ঐ চুক্তি অনুযায়ী তার দেশ ইটালি থেকে ২৫% উদ্ধার করা অভিবাসী নেবে।",8.59,0.0,3.68
news-44919573,"""বিশ্বকাপ থেকে ব্রাজিলের বিদায় আমাকে গভীর শোকের মধ্যে ফেলে দিয়েছিল"" এমনটাই জানিয়েছেন এবারের রাশিয়া বিশ্বকাপের সবচেয়ে আলোচিত খেলোয়াড়দের একজন নেইমার।","নেইমার বলেছেন, বিশ্বকাপ থেকে ব্রাজিলের বিদায় নেওয়ার পর তিনি খুবই শোকাহত হয়ে পড়েছিলেন। ব্রাজিল বিশ্বকাপের কোয়ার্টার ফাইনাল পর্ব থেকে বাদ পড়ে যায়। বেলজিয়ামের বিপক্ষে পরাজয়ের পর নেইমার বলেন, এরপর বলের দিকেও তাকাতে ইচ্ছে করছিল না। এবং বিশ্বকাপের বাকি খেলাগুলো দেখার কোনও আশাও ছিল না। নেইমার আরও জানিয়েছেন, পিএসজি ক্লাব ছেড়ে তার রিয়াল মাদ্রিদে চলে যাওয়ার যে খবর বিভিন্ন মাধ্যমে আসছে সে খবরের পুরোটাই গুজব। বিশ্বজুড়ে রেকর্ড ২০০মিলিয়ন পাউন্ডে বার্সেলোনা ছেড়ে গত গ্রীষ্মে পিএসজিতে যোগ দেন নেইমার। এরপর থেকে ঘরোয়া যত খেলায় ফরাসি এই ক্লাবটি অংশ নেয় তার প্রায় সবগুলোতে সব মিলিয়ে ২৮টি গোল করেন তিনি। নেইমার আরও বলেছেন, তিনি খুবই শোকাহত হয়ে পড়েছিলেন, খুব দু:খ হচ্ছিল তার, কিন্তু দু:খবোধকেও পাশ কাটাতে হয়েছে। তার ছেলে, পরিবার ও বন্ধুরা আছে এবং তারা কেউ চায়নি তিনি অবসন্ন-ভাবে মুখ-গোমরা করে বসে থাকুন। নেইমার বলেছেন, মাঠে 'অতি অভিনয়' করেন বলে অভিযোগ ওঠে তার বিরুদ্ধে। এই ফুটবলার বলেন, রেফারিদের কাছ থেকে তিনি আরও বেশি সুরক্ষা আশা করেছেন। এই ফুটবলার বলেন, যারা ফাউল করে তাদের সমালোচনা না করে সাধারণ মানুষ সমালোচনা করেছে- তাদের- যারা ফাউলের শিকার হচ্ছে।",7.22,3.12,6.19
news-49080597,"বঙ্গোপসাগরের বাংলাদেশ অংশে মাছধরার ওপর দীর্ঘ ৬৫ দিনের নিষেধাজ্ঞা শেষ হয়েছে মঙ্গলবার, অর্থাৎ আজ বুধবার থেকে জেলেরা সমুদ্রে মাছ ধরতে যেতে পারবেন। কিন্তু এর আগেই জেলেরা এই নিষেধাজ্ঞার কার্যকারিতা নিয়ে প্রশ্ন তুলেছেন।","বাংলাদেশের দক্ষিণাঞ্চলীয় বরগুনা জেলার নলিবাজারের জেলেরা বলছেন, সাগরে মাছ ধরা নিষিদ্ধ থাকার কারণে তারা দুই মাসেরও বেশি সময় ধরে সাগরে মাছ ধরতে পারেননি। এদিকে ভারতীয় জেলেরা বাংলাদেশের সীমানা অতিক্রম করে মাছ ধরে নিয়ে যাচ্ছে বলে অভিযোগ করছেন তারা। বাংলাদেশের জেলেদের জীবিকা চলে সাগরে মাছ ধরার উপর। সাগরে মাছ ধরা নিষিদ্ধ থাকায় তাদের জীবন থমকে যাচ্ছে। সরকার জেলেদের ৪০ কেজি করে চাল দিয়েছে, কিন্তু এটি তাদের জন্য যথেষ্ট নয়।",12.0,2.04,10.0
news-48918960,ম্যানচেস্টারের ওল্ড ট্র্যাফোর্ড ক্রিকেট গ্রাউন্ডে ভারতকে ১৮ রানে হারিয়ে টানা দ্বিতীয়বারের মতো বিশ্বকাপের ফাইনালে উঠেছে নিউজিল্যান্ড।,সেমিফাইনালে নিউজিল্যান্ডের কাছে হেরে বিশ্বকাপ ক্রিকেট থেকে বিদায় নিয়েছে ভারত। ম্যানচেস্টারের ওল্ড ট্রাফোর্ড মাঠে অনুষ্ঠিত ম্যাচে নিউজিল্যান্ড প্রথমে ব্যাটিং করে ২৪০ রানের প্রতিযোগিতামূলক স্কোর দাঁড় করায়। জবাবে ভারত ৪৯.৩ ওভারে ২২১ রানে অলআউট হয়ে যায়। এর মধ্য দিয়ে বিশ্বকাপের সেমিফাইনালে নিউজিল্যান্ডের বিপক্ষে ভারতের টানা তৃতীয় পরাজয় নিশ্চিত হলো। এর আগে ২০০৯ ও ২০১৬ সালের বিশ্বকাপেও নিউজিল্যান্ডের কাছে হেরেছিল ভারত।,18.42,2.7,10.53
news-40868657,নকলের বেশ কিছু অভিযোগ পাওয়ার পর শ্রীলঙ্কায় পরীক্ষার হলে মেয়েদের নিকাব পরা নিষিদ্ধ করা হয়েছে।,"শ্রীলঙ্কায় চলমান এক পরীক্ষায় নকল ঠেকাতে মুসলিম নারীদের বোরকা পরতে নিষেধ করা হয়েছে। দেশটির শিক্ষা মন্ত্রণালয় এই সিদ্ধান্ত নিয়েছে। শ্রীলঙ্কায় মুসলিম নারীদের মধ্যে হিজাব বোরকার ব্যবহার উল্লেখযোগ্য। শ্রীলঙ্কার মুসলিমদের সবচেয়ে বড় সংগঠন মুসলিম কাউন্সিল অব শ্রীলঙ্কার একজন নেতা বিবিসিকে বলেছেন, নকল ঠেকাতে সরকারের এই সিদ্ধান্তের পেছনে তারা যথার্থ যুক্তি দেখছেন। শ্রীলঙ্কার জনসংখ্যার প্রায় ১০ শতাংশের মত মুসলিম। মুসলিম নারীদের মধ্যে বিশেষ করে দেশের পূর্বাঞ্চলে হিজাব এবং বোরকার ব্যবহার উল্লেখযোগ্য।",7.14,2.44,7.14
news-47142329,"পোপ ফ্রান্সিস স্বীকার করেছেন যে, গির্জার যাজকরা নানদের যৌন নিপীড়ন করেছেন। এমনকি অনেক যাজক নানদের যৌনদাসী করেও রেখেছিলেন।","পোপ ফ্রান্সিস বলেছেন, গির্জার নানরা যাজকদের কাছে যৌন নিপীড়নের শিকার হয়েছেন। তিনি বলেছেন, তার পূর্বসূরি পোপ বেনেডিক্ট এ কারণে পুরো একটি প্রতিষ্ঠান বন্ধ করে দিতে বাধ্য হয়েছিলেন। পোপ ফ্রান্সিস বলেছেন, এই সমস্যাটি মোকাবেলার চেষ্টা করেছে গির্জা, তবে এসব ঘটনা এখনো ঘটছে।",13.56,3.51,13.56
news-47155147,বাংলাদেশে সরকারি স্কুল-কলেজের শিক্ষকদের কোচিং বাণিজ্য অবৈধ বলে রায় দিয়েছে হাইকোর্ট। সেই সঙ্গে শিক্ষকদের কোচিং বাণিজ্য বন্ধের নীতিমালা-২০১২কে বৈধ বলে রায় এসেছে।,"বাংলাদেশের হাইকোর্ট রায় দিয়েছে, সরকারি স্কুল ও কলেজের শিক্ষকরা তাদের ছাত্রদের কোচিং দিতে পারবেন না। হাইকোর্টের এই রায়ের ফলে সরকারের ২০১২ সালের কোচিং বাণিজ্য বন্ধের নীতিমালাকে বৈধ বলে দেখা যাচ্ছে। হাইকোর্টের বিচারপতি শেখ হাসান আরিফ ও বিচারপতি রাজিক আল জলিলের সমন্বয়ে গঠিত দ্বৈত বেঞ্চ এই রায় দিয়েছে।",36.62,14.49,28.17
news-41591178,সুইডেনের গবেষকেরা ভাইকিংদের একটি কবরস্থান থেকে শেষকৃত্যের এমন কিছু সরঞ্জাম উদ্ধার করেছেন যেগুলোতে আরবী শব্দ লেখা রয়েছে।,সুইডেনের ভাইকিং যুগের কবরস্থান থেকে উদ্ধার করা সরঞ্জামগুলোতে 'আল্লাহ' 'আলী' ইত্যাদি শব্দ লেখা বা আঁকা রয়েছে। এসব সরঞ্জাম উদ্ধারের পর প্রশ্ন জেগেছে স্ক্যান্ডিনেভিয়ানরা কি তাহলে ইসলাম ধর্ম দ্বারা প্রভাবিত হয়েছিলেন বেশ প্রাচীন আমলেই। নৌকা আকৃতির কবর থেকে উদ্ধার করা শেষকৃত্যের কাপড়ে শব্দগুলো লেখা হয়েছে আরবী কুফিক বর্ণমালায়।,31.25,6.45,21.88
news-51073934,"যুক্তরাষ্ট্রের প্রেসিডেন্ট ডোনাল্ড ট্রাম্প বলেছেন, ইরানের শীর্ষ জেনারেলকে যখন হত্যা করা হয় তখন চারটি মার্কিন দূতাবাসে হামলার পরিকল্পনা করছিল তেহরান।","মার্কিন প্রেসিডেন্ট ডোনাল্ড ট্রাম্প বলেছেন যে ইরান চারটি মার্কিন দূতাবাসে হামলার পরিকল্পনা করেছিল। তিনি বলেছেন, এই হামলার পরিকল্পনা থাকায় ইরানের সেনাপ্রধান কাসেম সোলেইমানিকে হত্যা করা হয়েছে। কিন্তু ডেমোক্রেটরা বলেছে যে তারা দূতাবাসে হামলার পরিকল্পনার কোন প্রমাণ পায়নি। মার্কিন পররাষ্ট্রমন্ত্রী মাইক পম্পেও বলেছেন যে আসন্ন হামলার হুমকির সুনির্দিষ্ট তথ্য ছিল এবং এই হুমকির মধ্যে মার্কিন দূতাবাসগুলোও ছিল।",31.58,21.62,23.68
news-46052915,প্যারালাইজড বা পক্ষাঘাতগ্রস্ত তিনজন মানুষ যাদেরকে বলা হয়েছিল যে তাদের বাকি জীবনটা হুইলচেয়ারেই কাটিয়ে দিতে হবে। কিন্তু সেই মানুষদের পক্ষেই আবারো হাঁটা সম্ভব হয়েছে।,"সুইজারল্যান্ডের চিকিৎসকরা পক্ষাঘাতগ্রস্ত তিন ব্যক্তিকে হাঁটানোর ক্ষমতা ফিরিয়ে দিতে সক্ষম হয়েছেন। এক্ষেত্রে তাদের মেরুদণ্ডে ইলেক্ট্রিক্যাল ডিভাইস যুক্ত করে দেয়া হয়েছে। এই ডিভাইসটি তাদের মস্তিষ্ক থেকে পা পর্যন্ত সংকেত পৌঁছানোর কাজ জোরালো করেছে। এটি মেরুদণ্ডের স্নায়ুবিক যে ক্ষতি হয়েছিল তার পুনর্গঠনে সহায়তা করেছে। গবেষকরা মনে করছেন, এই অপ্রত্যাশিত প্রাপ্তি পক্ষাঘাতগ্রস্ত মানুষদের স্বাধীনভাবে চলাফেরার ক্ষেত্রে সার্বিকভাবে সক্ষম করে তুলবে। প্রথম চিকিৎসা দেয়া ব্যক্তি ৩০ বছর-বয়সী সুইস নাগরিক ডেভিড এম'যি। খেলাধুলা সংক্রান্ত এক দুর্ঘটনায় মেরুদণ্ডে গুরুতর আঘাত পেয়ে সাত বছর ধরে তিনি ইনজুরিতে ভুগছিলেন।",13.08,0.0,5.61
news-51401402,ভারতের অযোধ্যায় ভেঙে ফেলা বাবরি মসজিদ থেকে প্রায় ২৫ কিলোমিটার দূরে নতুন মসজিদ তৈরির জন্য সরকার জমি বরাদ্দ করার পর দেশের বেশ কয়েকটি প্রভাবশালী মুসলিম সংগঠন তা গ্রহণ করতে অস্বীকার করেছে।,"অয়োধ্যায় বিকল্প মসজিদ নির্মাণের জন্য উত্তরপ্রদেশ সরকার একটি জায়গা চিহ্নিত করেছে। এই জায়গাটি অয়োধ্যা শহর থেকে প্রায় ১৮ কিলোমিটার দূরে অবস্থিত। সুন্নি ওয়াকফ বোর্ড এই জায়গাটি নিয়ে এখনও অস্পষ্ট। তারা জানিয়েছে যে, তারা এই জায়গাটি নিয়ে সিদ্ধান্ত নেবে।",23.19,5.97,14.49
news-51956261,বাংলাদেশে আরো ৩ জনের মধ্যে করোনাইরাস শনাক্ত করা হয়েছে। এ নিয়ে মোট আক্রান্তের সংখ্যা দাড়ালো ১৭ জন।,বাংলাদেশে করোনাভাইরাসে আক্রান্ত হয়েছে আরও তিনজন। এ নিয়ে দেশে করোনাভাইরাসে আক্রান্তের সংখ্যা ১৭ জনে দাঁড়িয়েছে। এখন পর্যন্ত একজনের মৃত্যু হয়েছে। নতুন করে আক্রান্ত হওয়া তিনজনই একই পরিবারের। তারা সবাই স্থানীয়ভাবে সংক্রমিত। তবে তারা ইটালিফেরত প্রবাসীদের সংস্পর্শে এসেছিলেন যিনি আগেই আক্রান্ত হয়েছেন।,24.14,7.14,24.14
news-40197376,পায়ে একটি নতুন ট্যাটু আঁকার দুই মাস পর এক মাংসখেকো ব্যাকটেরিয়ার সংক্রমণে মারা গেছেন যুক্তরাষ্ট্রের টেক্সাসের এক ব্যক্তি।,"মার্কিন যুক্তরাষ্ট্রের টেক্সাস অঙ্গরাজ্যের এক ব্যক্তি সাতার কাটার পর এক ব্যাকটেরিয়ায় আক্রান্ত হয়ে মারা গেছেন। তার শরীরে মাংসখেকো ব্যাকটেরিয়া ভিব্রিও ভালনিফিকাস ছিল। এই ব্যাকটেরিয়াটি ম্যাক্সিকো উপসাগরের উপকূলীয় পানিতে পাওয়া যায়। এই ব্যাকটেরিয়াটির কারণে যুক্তরাষ্ট্রে প্রতিবছর ৮০,০০০ মানুষ রোগাক্রান্ত হয় এবং ১০০ জন মারা যায়। অধিকাংশ সংক্রমণ হয় কাঁচা ঝিনুক বা চিংড়িজাতীয় খাবার খাওয়ার কারণে। নতুন ট্যাটু করার পর গোসলের সময় সেটি ঢেকে রাখা এবং সাতার না কাটার জন্য পরামর্শ দেন চিকিৎসকরা।",22.22,9.09,8.89
news-42483847,ক্রিসমাসের দিন নর্থ সী-তে ব্রিটেনের কাছাকাছি চলে এসেছিল এক রুশ যুদ্ধজাহাজ 'এডমিরাল গোর্শকভ'। দূর থেকে এটিকে চোখে চোখে রেখেছে ব্রিটিশ যুদ্ধজাহাজ।,"ব্রিটেনের রাজকীয় নৌবাহিনী জানিয়েছে, ব্রিটেনের জাতীয় স্বার্থ জড়িত এমন এলাকায় রাশিয়ার যুদ্ধজাহাজ কী করছিল, তার ওপর নজর রাখছিল তারা। 'এডমিরাল গোর্শকভ' হচ্ছে রাশিয়ার একটি নতুন অত্যাধুনিক যুদ্ধজাহাজ। গত শনিবার যখন রাশিয়ার যুদ্ধজাহাজটি ব্রিটেনের সমুদ্রসীমার কাছে চলে আসে, তখন সাথে সাথে রাজকীয় নৌবাহিনী তাদের যুদ্ধজাহাজ সেখানে পাঠায় এটির গতিবিধির ওপর নজর রাখতে। ব্রিটিশ প্রতিরক্ষা মন্ত্রী গ্যাভিন উইলিয়ামসন বলেছেন, তিনি ব্রিটেনের জলসীমা রক্ষায় কোন দ্বিধা করবেন না এবং কোন ধরণের আগ্রাসন সহ্য করবেন না।",14.89,2.17,10.64
160619_algeria_exam_cheating_facebook_social_media,আফ্রিকার দেশ আলজেরিয়ায় পরীক্ষায় নকল ও প্রশ্ন ফাঁস করতে নজিরবিহীন এক উদ্যোগ নিয়েছে।,"আলজেরিয়ায় স্কুলের ছাত্রছাত্রীরা যাতে পরীক্ষার হলে নকল করতে না পারে কিম্বা আগেভাগেই প্রশ্ন না পেতে না পারে সেজন্যে কর্তৃপক্ষ সাময়িকভাবে দেশটিতে সোশাল মিডিয়া বন্ধ করে দিয়েছে। এর আগে স্কুলের পরীক্ষায় অনলাইনের মাধ্যমে বহু প্রশ্ন ফাঁস হয়ে গেলে দেশটিতে কর্তৃপক্ষের তীব্র সমালোচনা হয়। সরকারি কর্মকর্তারা বলছেন, পরীক্ষার্থীদেরকে নকল ও প্রশ্ন ফাঁসের হাত থেকে রক্ষার জন্যেই সোশাল মিডিয়া ব্লক করে দেওয়ার সিদ্ধান্ত নেওয়া হয়েছে।",18.67,8.22,13.33
news-56939172,কারাগারে থাকা হেফাজতে ইসলামের বিলুপ্ত কমিটির যুগ্ম মহাসচিব মামুনুল হকের বিরুদ্ধে ধর্ষণের মামলা দায়ের করেছেন তার কথিত দ্বিতীয় স্ত্রী।,"গত ৩রা এপ্রিল নারায়ণগঞ্জের একটি রিসোর্টে মামুনুল হক তার কথিত দ্বিতীয় স্ত্রীকে নিয়ে যান। সেখানে তাকে ঘেরাও করে রাখে স্থানীয় কিছু লোকজন এবং ক্ষমতাসীন দলের সাথে সম্পৃক্ত ছাত্রলীগ ও যুবলীগের কর্মীরা। মামুনুল হককে কয়েক ঘণ্টা সেখানে অবরুদ্ধ করে রাখার পরে হেফাজতে ইসলামের সমর্থক এবং মাদ্রাসার ছাত্ররা পাল্টা হামলা চালিয়ে তাকে নিয়ে যায়। এসময় মামুনুল হক দাবি করেন, ওই নারী তার দ্বিতীয় স্ত্রী এবং দুই বছর আগে তারা 'ইসলামী শরিয়ত সম্মতভাবে' বিয়ে করেছেন। তবে ওই নারী তার স্ত্রী কি-না সে বিষয়ে তার নিজের কোন বক্তব্য পাওয়া যায়নি।",15.09,7.69,11.32
news-51691098,"""আমি নিশ্চিত ছিলাম না যে কী হচ্ছিলো। যখন ডাক্তারদের জিজ্ঞেস করলাম তারা বললো সবকিছু ঠিক আছে।""","করোনাভাইরাসে আক্রান্ত প্রথম ভারতীয় রাফিয়া বলছেন, তিনি টেলিভিশনের খবর থেকেই জানতে পেরেছিলেন যে তিনি করোনাভাইরাসে আক্রান্ত। তার বয়স ২০ বছর। তিনি কেরালার একটি মেডিকেল কলেজে পড়াশোনা করছেন। তিনি বলেছেন, তার বেঁচে যাওয়ার গল্প। রাফিয়া জানিয়েছেন, তিনি চীনের উহান শহর থেকে ফিরেছিলেন। এরপর তার শরীরে জ্বর, সর্দি ও গলাব্যথা দেখা দেয়। এরপর তাকে হাসপাতালে ভর্তি করা হয়। সেখানে তার চিকিৎসা চলছিল। তার পরীক্ষার ফলাফল জানানো হয়নি। একসময় তার ফোনে একটি বার্তা আসে। সেটি ছিল তার এক বন্ধুর পাঠানো। সেই বার্তাটি ছিল টেলিভিশনের একটি সংবাদের। সেই সংবাদে বলা হয়েছিল যে, চীনের উহান শহর থেকে এক মেডিকেল ছাত্র ভারতে এসে করোনাভাইরাসে আক্রান্ত হয়েছে। রাফিয়া বুঝতে পেরেছিলেন যে সেই সংবাদে তার কথাই বলা হচ্ছে। তিনি বলেছেন, তিনি ভালোই ছিলেন। তবে চিকিৎসা চলছিল। তিনি জানতেন যে, বয়স্ক লোকজনই এই ভাইরাসে আক্রান্ত হওয়ার সম্ভাবনা বেশি।",1.38,0.0,1.38
news-40724854,"""পানির নীচে রাস্তা ভালো""। অদ্ভুত এই বক্তব্যটি লেখা রয়েছে ঢাকার ট্রাফিক বিভাগের একটি সাইনবোর্ডে।","ঢাকার একটি সড়কে পানি জমে গেলে সেখান দিয়ে যানবাহন চলাচল বন্ধ হয়ে যায়। এতে সেখানে যানজট লেগে যায়। এই সমস্যা থেকে মুক্তি পেতে সেই সড়কের পাশে একটি সাইনবোর্ড দিয়ে জানানো হয়েছে যে, সড়কটি ভালো অবস্থায় আছে, তাই পানির উপর দিয়ে সবাই নির্দ্বিধায় যাতায়াত করতে পারে। এই সাইনবোর্ড নিয়ে সামাজিক যোগাযোগ মাধ্যম ফেসবুকে ছড়াছড়ি শুরু হয়েছে।",14.49,0.0,5.8
news-47401125,ভারতের এয়ারফোর্স পাইলট নাটকীয় ঘটনার মধ্য দিয়ে পাকিস্তানি বাহিনীর হাতে আটক হন বলে প্রত্যক্ষদর্শীদের বর্ণনায় জানা যাচ্ছে।,"পাকিস্তান নিয়ন্ত্রিত কাশ্মীরের হোরিয়ান গ্রামের প্রধান মোহাম্মদ রাজ্জাক চৌধুরী বিবিসিকে বলেছেন, তিনি ভারতীয় পাইলট আভিনন্দন ভার্থামানকে জীবিত আটক করার চেষ্টা করেছেন। পাকিস্তান জানিয়েছে যে তারা শুক্রবার ওই পাইলটকে ছেড়ে দেবে। পাকিস্তানের প্রধানমন্ত্রী ইমরান খান বলেছেন, পাকিস্তান উত্তেজনার অবসান ঘটাতে চায়।",7.02,0.0,7.02
news-51740696,ভারতের বিতর্কিত নাগরিকত্ব আইনের বৈধতাকে চ্যালেঞ্জ করে সে দেশের সুপ্রিম কোর্টে দায়ের করা একটি মামলায় 'আদালতের বন্ধু' হতে চেয়ে ভারতকে চরম বিব্রতকর অবস্থায় ফেলেছে জাতিসংঘের মানবাধিকার কমিশন।,জাতিসংঘের মানবাধিকার হাইকমিশনারের কার্যালয় ভারতের নাগরিকত্ব সংশোধনী আইনের বিরুদ্ধে সুপ্রিম কোর্টে এক মামলায় হস্তক্ষেপ করতে চাইছে। এই আইনের বিরুদ্ধে দেশজুড়ে তুমুল বিক্ষোভ চলছে। এই আইনের বিরুদ্ধে সুপ্রিম কোর্টে মামলা করেছেন সাবেক কূটনীতিক দেব মুখার্জি। জাতিসংঘের মানবাধিকার হাইকমিশনার মিশেল ব্যাচেলে এই মামলায় 'অ্যামিকাস কিউরি' হিসেবে অংশ নিতে চান। ভারত এই আইনটিকে তাদের 'অভ্যন্তরীণ বিষয়' বলে দাবি করছে।,19.28,4.94,19.28
news-43068289,১০০ গোলের ক্লাবে একমাত্র সদস্য - ক্রিশ্চিয়ানো রোনালদো।,"রোনালদো চ্যাম্পিয়ন্স লিগে এক ক্লাবের হয়ে ১০০ গোল করা একমাত্র খেলোয়াড়। তিনি রিয়াল মাদ্রিদের হয়ে ১০০ গোল করেছেন এবং ম্যানচেস্টার ইউনাইটেডের হয়ে ১৫টি গোল করেছেন। তার মোট গোল সংখ্যা ১১৬, যা দ্বিতীয় স্থানে থাকা লিওনেল মেসির চেয়ে ১৯টি বেশি।",13.04,0.0,8.7
news-44052002,মিয়ানমারে রোহিঙ্গাদের ওপর মানবতা-বিরোধী অপরাধ সংঘটন হয়েছে কি হয়নি - তার তদন্তের জন্য দি হেগের আন্তর্জাতিক অপরাধ আদালতের বিচারকদের অনুমতি চেয়েছেন আদালতেরই একজন আইনজীবী।,"মিয়ানমারে রোহিঙ্গা গণহত্যার বিষয়ে আন্তর্জাতিক ফৌজদারি আদালতের (আইসিসি) একজন আইনজীবীর আবেদনের পরিপ্রেক্ষিতে বাংলাদেশ সরকারের বক্তব্য চেয়েছে আইসিসি। আইসিসির বিচারকরা জানতে চাইছেন, কীভাবে মিয়ানমার থেকে লক্ষ লক্ষ রোহিঙ্গা বাংলাদেশে এসেছে। এছাড়া মিয়ানমারে সংঘটিত অপরাধের তদন্তে আইসিসির এখতিয়ার নিয়েও বাংলাদেশের মতামত চেয়েছে তারা। আইসিসির চিঠি পাওয়ার বিষয়টি ঢাকায় পররাষ্ট্র মন্ত্রণালয় নিশ্চিত করেছে।",10.81,0.0,10.81
news-46892324,বাংলাদেশে বিএনপিসহ বিরোধীদলগুলোর জোট জাতীয় ঐক্যফ্রন্টের নেয়া নাগরিক সংলাপের উদ্যোগ অনিশ্চয়তায় পড়েছে।,"জাতীয় ঐক্যফ্রন্টের 'নাগরিক সংলাপ' অনিশ্চিত হয়ে পড়েছে বলে জানিয়েছেন জোটের নেতারা। তারা বলেছেন, নির্বাচনের পর দেশে ভয়ের সংস্কৃতি বেড়ে যাওয়ায় তাদের এই উদ্যোগে সেভাবে সাড়া মিলছে না। জোটের সূত্রগুলো বলছেন, তারা এই সংলাপের একটা তারিখও ঠিক করেছিলেন - আগামী ২৮শে জানুয়ারী। কিন্তু সেই তারিখে তারা তা করতে পারছেন না। এর কারণ হিসেবে ঐক্যফ্রন্টের নেতাদের অনেকে বলেছেন, সংলাপের ব্যাপারে তারা নাগরিক সমাজ বা বিভিন্ন পেশার প্রতিনিধিদের অনেকের সাথে প্রাথমিক আলোচনা করেছেন - কিন্তু সেরকম 'সাড়া পাননি।'",11.76,2.41,9.41
48290969,ঢাকার শিশু হাসপাতালের টয়লেট থেকে উদ্ধার হওয়া নবজাতককে হাসপাতাল থেকে স্থানান্তর করা হয়েছে বলে নিশ্চিত করেছে কর্তৃপক্ষ।,"ঢাকার শিশু হাসপাতালের টয়লেট থেকে উদ্ধার হওয়া নবজাতক কন্যাটিকে দেখতে হাসপাতালে ভিড় করছে অনেকে। শিশুটি এখন হাসপাতালে চিকিৎসাধীন আছে এবং তার স্বাস্থ্যের অবস্থা আগের চাইতে ভাল। শিশুটিকে হাসপাতাল থেকে ঢাকার আজিমপুরের ছোটমনি নিবাসে পাঠিয়ে দেয়া হয়েছে, যেখানে তার পরবর্তী পরিচর্যা চলবে।",34.48,25.0,34.48
news-47292737,"পাকিস্তানের প্রধানমন্ত্রী ইমরান খান বলেছেন, ভারত যদি পাকিস্তানের বিরুদ্ধে সামরিক পদক্ষেপ নেয় - তাহলে পাকিস্তানও পাল্টা ব্যবস্থা নেবে।","পাকিস্তানের প্রধানমন্ত্রী ইমরান খান ভারতকে হুঁশিয়ারি দিয়ে বলেছেন, ভারত যদি কোন সামরিক পদক্ষেপ নেয়, তাহলে পাকিস্তান পাল্টা জবাব দিতে দ্বিধা করবে না। তিনি এক টেলিভিশন ভাষণে একথা বলেন। ভারতশাসিত কাশ্মীরের পুলওয়ামায় গত সপ্তাহে এক জঙ্গী আক্রমণে অন্তত ৪০ জন আধাসামরিক পুলিশ সদস্য নিহত হবার ঘটনার পর দুই দেশের মধ্যে উত্তেজনা বেড়েছে। পাকিস্তানভিত্তিক ইসলামপন্থী গোষ্ঠী জৈশ-এ-মোহাম্মদ বলছে, তারাই এ আক্রমণ চালিয়েছে। ভারত অভিযোগ করছে, ওই আক্রমণের সাথে পাকিস্তানের সামরিক গোয়েন্দা সংস্থা আইএসআই জড়িত ছিল।",28.26,17.78,26.09
news-51030312,"ইরানের সর্বোচ্চ নেতা আয়াতোল্লাহ আলী খামেনি বলেছেন, ইরাকে মার্কিন ঘাঁটিতে হামলার মাধ্যমে তারা আমেরিকার 'মুখে চপেটাঘাত' করেছেন।","ইরানের সর্বোচ্চ নেতা আয়াতুল্লাহ খামেনি বলেছেন, ইরাকে মার্কিন ঘাঁটিতে হামলার মাধ্যমে তারা মার্কিন যুক্তরাষ্ট্রকে 'চড়' মেরেছে। তিনি বলেছেন, ইরানের শত্রুরা যখন তাদের ক্ষতি করতে চায় তখন তারা জবাব দেয়। গত মঙ্গলবার ইরাকের দুটি মার্কিন ঘাঁটিতে মিসাইল হামলা চালিয়েছে ইরান। এর আগে মার্কিন বিমান হামলায় নিহত হন ইরানের সেনাবাহিনীর প্রধান কাসেম সোলেইমানি।",32.35,27.27,32.35
news-43888424,উত্তর কোরিয়ার নেতা কিম জং আনের সাথে মার্কিন প্রেসিডেন্ট ডোনাল্ড ট্রাম্পের আলোচনা সত্যিই হবে কিনা সে নিয়ে অনেকের মনে সন্দেহ রয়েছে।,উত্তর কোরিয়ার সরকার মনে করে বহির্বিশ্বের আক্রমণ থেকে রক্ষা পেতে পারমানবিক শক্তি তাদের একমাত্র উপায়। দেশটি এখন পর্যন্ত ছয়বার পারমানবিক অস্ত্র পরীক্ষা করেছে। উত্তর কোরিয়ার দাবি তারা এমন একটি পরমাণু অস্ত্র তৈরি করেছে যা দুর পাল্লার ক্ষেপণাস্ত্র দ্বারা বহন করা যাবে। উত্তর কোরিয়া যদি প্রকৃতপক্ষে পারমানবিক হামলা চালায় তবে এর পরিণতি হবে ভয়াবহ এবং বিধ্বংসী। উত্তর কোরিয়ার নেতা কিম জং আনকে ক্ষমতাচ্যুত করা সম্ভব নয় কারণ তিনি দেশটির সামরিক বাহিনীর পুরোপুরি নিয়ন্ত্রণে রয়েছেন।,14.89,8.7,10.64
news-53388383,ব্যাটেল অফ ব্রিটেন শুরু হওয়ার ৮০ বছর পূর্তি হলো এই বছরের ১০ই জুলাই। দ্বিতীয় বিশ্বযুদ্ধ চলার সময় ব্রিটেনের রয়্যাল এয়ারফোর্স এবং নাৎসি জার্মানির বিমান বাহিনীর মধ্যে আকাশে ওই যুদ্ধ হয়েছিল।,"দ্বিতীয় বিশ্বযুদ্ধে বিশেষ ভূমিকা রেখেছিল স্পিটফায়ার আর হ্যারিকেন যুদ্ধবিমানগুলো। ১৯৪০ সালের অক্টোবরে ওই যুদ্ধে জয়ী হয়েছিল ব্রিটেন। এই যুদ্ধে বিজয়ের জন্য ব্রিটিশ সামরিক বাহিনী নির্ভর করেছিল অসাধারণ নকশার যুদ্ধবিমানগুলোর ওপরে। আর তার অন্যতম স্পিটফায়ার যুদ্ধবিমানের নকশায় বিশেষ ভূমিকা রেখেছিলে কিশোরী এক স্কুল ছাত্রী। হ্যাজেল হিল ছিলেন যুক্তরাজ্যে বসবাসকারী ১৩ বছরের এক বালিকা। তার পিতা, ফ্রেড হিল ঊনিশশো ত্রিশের দশকে বিমান মন্ত্রণালয়ে চাকরি করতেন। রাজকীয় বিমান বাহিনীর (আরএএফ) সব ধরণের কর্মকাণ্ড তদারকি করতো এই মন্ত্রণালয়। সেই সময় রাজকীয় বিমান বাহিনীকে সহায়তা করার জন্য নানা ধরণের বিমান তৈরি করা হচ্ছিল, তার একটি ছিল 'স্পিটফায়ার' যুদ্ধবিমান। আরো পড়ুন: ৭৫ বছর আগের যে সম্মেলন বদলে দিয়েছিলো বিশ্বকে বিশ্বযুদ্ধের গোপন খবর বয়ে বেড়াচ্ছেন যে নারী গুপ্তচর যে পাঁচ যুদ্ধ শেষ হওয়ার পরেও বহুকাল চলেছে ৭৫ বছর পর দেখা হল হারানো প্রেমিক যুগলের আরএএফ যুদ্ধবিমানের নকশায় যখন পিতাকে সাহায্য করেছিলেন হ্যাজেল, তখন তার বয়স ছিল মাত্র ১৩ বছর প্রথমদিকের বিমানগুলো শত্রু বাহিনীর সঙ্গে লড়াইয়ের জন্য ততোটা কার্যকর ছিল না। পরবর্তীতে সেই বিমানের উন্নত নতুন সংস্করণ তৈরি করা হয়। সেসব সংস্কারের অন্যতম ছিল যে, বিমানে কতগুলো আগ্নেয়াস্ত্র সংযুক্ত করা হবে। প্রথমে পরিকল্পনা করা হয়েছিল যে, বিমানে চারটি আগ্নেয়াস্ত্র থাকবে। তবে হ্যাজেলের পিতা, ফ্রেড হিল ভাবলেন, সেখানে আটটি আগ্নেয়াস্ত্র সংযুক্ত করা উচিত। কিন্তু ঠিক কীভাবে বিমানে সেগুলো বিন্যাস করা হবে, অংকের সেই হিসাব তিনি করে উঠতে পারছিলেন না। তখন তিনি বাড়িতে ফিরে গেলেন। বাড়িতে তার মেয়ে হ্যাজেল স্কুলের পাঠ্যপুস্তকে গাণিতিক সমস্যা সমাধান করছিলেন। তিনি তার মেয়েকে বললেন, তার সাহায্য প্রয়োজন। তখন হ্যাজেল তার বাবাকে বলেন, তিনি যদি তাকে সমস্যাটি বুঝিয়ে বলেন, তাহলে সে চেষ্টা করবে। তখন ফ্রেড হিল তার মেয়েকে বললেন, তারা একটি বিমানের ডানায় আ",8.33,0.7,4.86
news-54467675,"ভারতের চীনা দূতাবাস এক নজিরবিহীন চিঠি পাঠিয়ে সে দেশের সংবাদমাধ্যমকে স্মরণ করিয়ে দিয়েছে, তারা যেন তাদের দেশের সরকারের অনুসৃত 'ওয়ান চায়না' বা 'এক চীন' নীতি থেকে বিচ্যুত না হয়।","তাইওয়ানের জাতীয় দিবসের আগে ভারতীয় মিডিয়াকে চিঠি দিয়ে চীন সতর্ক করেছে যাতে তাইওয়ানকে আলাদা দেশ হিসেবে অভিহিত না করা হয়। চীনা দূতাবাসের পক্ষ থেকে পাঠানো চিঠিটি ভারতীয় সংবাদমাধ্যমকে মনে করিয়ে দেয় যে তাইওয়ান ""চীনের সার্বভৌম ভূখন্ডের এক অবিচ্ছেদ্য অংশ""। এই চিঠিটি পাঠানোর প্রেক্ষিতে ভারত-চীন সীমান্তে সামরিক উত্তেজনা বৃদ্ধি পাচ্ছে। লাদাখে চীনা বাহিনীর সঙ্গে সংঘর্ষে ২০ জন ভারতীয় সেনা প্রাণ হারিয়েছেন। এই পরিস্থিতিতে চীন ভারতীয় মিডিয়াকে সতর্ক করছে যাতে তাইওয়ানকে আলাদা দেশ হিসেবে উল্লেখ না করা হয়।",16.98,0.0,13.21
news-46621512,একাদশ জাতীয় সংসদ নির্বাচনের আনুষ্ঠানিক প্রচার শুরুর পর থেকেই আলোচনায় নোয়াখালী। কারণ এই জেলার ৬টি নির্বাচনী আসনের ৫টিতেই বিভিন্ন সময় সংর্ঘষ-সহিংসতার কারণে জাতীয় গণমাধ্যমে খবরের শিরোনাম হয়েছে।,"নোয়াখালী-১ আসনের সোনাইমুড়িতে গত ১৫ই ডিসেম্বর আওয়ামী লীগ-বিএনপি'র মধ্যে নির্বাচন-কেন্দ্রীক সহিংসতা সংঘটিত হয়। এই সহিংসতার পর এলাকার মানুষের মধ্যে একটা ভীতি আর আশঙ্কার পরিবেশ বিরাজ করছে। এই আসনের চাটখিলের দিঘিরপাড় গ্রামের কৃষক ফোরকান গাজী বলেন, ভোটের পরিবেশ তো এখনো ঠিক হয় নাই। সুষ্ঠু পরিবেশ না হলে তিনি ভোট দিতে যাবেন না। একই রকম কথা বলেন অন্য দুজন কৃষকও। সোনাইমুড়ি বাজারে আবুল হাশেম বলেন, এখানে তেমন কোন আমেজ দেখা যাচ্ছে না। একটা আতঙ্ক আতঙ্ক ভাব। মারামারির কারণে আমরা এখনো বুঝতে পারতেছি না ভোটটা কেমন হবে।",10.34,0.0,6.9
news-53245321,নতুন এক গবেষণায় উঠে এসেছে যে জিনজিয়াংয়ে উইগর মুসলিমদের জনসংখ্যা নিয়ন্ত্রণের লক্ষ্যে মুসলিম নারীদের দেহে জোর করে জন্মনিয়ন্ত্রণকারী যন্ত্র বাসনো বা বন্ধ্যা করানোর কার্যক্রম পরিচালনা করছে চীন।,"চীনের উইগুর মুসলমানদের বিরুদ্ধে নির্যাতনের অভিযোগে জাতিসংঘের তদন্তের দাবি তুলেছে আন্তর্জাতিক সম্প্রদায়। এক রিপোর্টে দাবি করা হয়েছে, চীনের শিনজিয়াং অঞ্চলে উইগুর নারীদের জোরপূর্বক গর্ভনিরোধক ইঞ্জেকশন দেয়া হচ্ছে। চীন এই অভিযোগ অস্বীকার করেছে।",10.17,0.0,10.17
news-55446980,"বিজ্ঞানীরা বলছেন যে কোন ভাইরাস সময়ের সাথে সাথে তাদের ধরন ,গতি, প্রকৃতি পরিবর্তন করে। এটাই স্বাভাবিক।","বিজ্ঞানীরা বলছেন, করোনাভাইরাসের নতুন ধরন শনাক্তের পর পুরনো স্বাস্থ্যবিধি মেনে চলা ছাড়া বাঁচার অন্য কোন উপায় নেই। বাংলাদেশে করোনাভাইরাসের নতুন ধরনটি শনাক্ত হয়েছে নভেম্বরের প্রথম সপ্তাহে। বিজ্ঞান ও শিল্প গবেষণা পরিষদ গতকাল জানিয়েছে, ১৭টি নতুন জিনোম সিকোয়েন্স পরীক্ষা করে তারা পাঁচটিতেই করোনাভাইরাসের নতুন স্ট্রেইন পেয়েছেন। বাংলাদেশে রোগতত্ত্ব, রোগ নিয়ন্ত্রণ ও গবেষণা ইন্সটিটিউট বলেছে, দেশে শনাক্ত হওয়া করোনাভাইরাসের নতুন এ স্ট্রেইন বা ধরন নিয়ে উদ্বিগ্ন হওয়ার কিছু নেই।",12.05,2.47,9.64
news-51988223,"বাংলাদেশে করোনাভাইরাসে আক্রান্ত রোগীদের চিকিৎসা দেওয়ার জন্য ডাক্তার-নার্সদের প্রয়োজনীয় নিরাপত্তা সরঞ্জামের অভাব নিয়ে বিচ্ছিন্নভাবে যে উদ্বেগ গত কয়েকদিন ধরে শোনা যাচ্ছিল, আজ একটি হাসপাতালের জারি করা নোটিসে তার যথার্থতা অনেকটাই প্রকাশ হয়ে পড়েছে।","করোনাভাইরাস মোকাবেলায় চিকিৎসক ও স্বাস্থ্যকর্মীদের নিরাপত্তা নিশ্চিত করার ব্যাপারে সরকারকে আরও গুরুত্ব দিতে হবে বলে মনে করা হচ্ছে। ঢাকার বেশ কয়েকটি বড় হাসপাতালের চিকিৎসকরা বিবিসিকে বলেছেন, তাদের নিরাপত্তার জন্য প্রয়োজনীয় সরঞ্জাম তাদের হাতে পৌঁছাচ্ছে না। সরকারি হাসপাতালের পাশাপাশি বেসরকারি হাসপাতালগুলোতেও চিকিৎসকদের নিরাপত্তা নিশ্চিত করতে সরকারকে পদক্ষেপ নিতে হবে বলে মনে করা হচ্ছে।",11.63,0.0,9.3
news-50228984,যুক্তরাজ্যে আগামী ১২ই ডিসেম্বর সাধারণ নির্বাচন আয়োজনের পক্ষে ভোট দিয়েছে দেশটির পার্লামেন্ট।,"ব্রেক্সিট নিয়ে কয়েকমাস ধরে চলা টানাপোড়েনের পর যুক্তরাজ্যে আগামী ১২ই ডিসেম্বর অনুষ্ঠিত হবে সাধারণ নির্বাচন। এই নির্বাচন নিয়ে পার্লামেন্টের কমন্স সভায় সংখ্যাগরিষ্ঠতা পেয়েছে ব্রিটিশ প্রধানমন্ত্রী বরিস জনসনের কনজারভেটিভ পার্টি। এর আগে ডাউনিং স্ট্রিট থেকে জানানো হয়েছে, বিদ্রোহের কারণে যে ২১জন টোরি এমপিকে পার্টি থেকে বহিষ্কার করা হয়েছিল, তাদের অর্ধেককে আবার ফিরিয়ে আনা হয়েছে। লেবার নেতা জেরেমি করবিন বলেছেন, দেশ সংস্কার এবং জনগণের স্বার্থ রক্ষা করার জন্য এই নির্বাচন বর্তমান প্রজন্মের কাছে একটি সুযোগ।",14.12,9.64,14.12
news-45166152,"আপনি যতই চর্বিযুক্ত খাবার খান না কেন, গায়ে মেদ জমার সুযোগ থাকবে না - এও কি সম্ভব?","যুক্তরাষ্ট্রের কয়েকজন গবেষক বলছেন, অতিরিক্ত খাদ্য গ্রহণ করলেও দেহে মেদ জমবে না, এমন ওষুধ তৈরী করা সম্ভব। এই গবেষণার সহ-রচয়িতা ও গবেষক ইয়েল বিশ্ববিদ্যালয়ের অ্যান এরিখম্যান জানান, খুব সহজেই আবিষ্কার করা যেতে পারে এধরণের ওষুধ। গবেষকরা ল্যাবরেটরিতে তৈরী করা কিছু ইঁদুরের ওপর একটি পরীক্ষা চালান। ইঁদুরগুলোর দেহে অবস্থিত ল্যাকটিওসে ঐ 'বাটন' বা ছিদ্রগুলো ছিল না। যার ফলে ছিদ্রের মাধ্যমে ইঁদুরের দেহে চর্বি প্রবেশ করার বা জমার কোনো সুযোগ ছিল না। গবেষকরা দেখতে চেয়েছিলেন এই প্রভাবগুলো প্রাণীর দেহে কোনো ওষুধের মাধ্যমে তৈরী করা যায় কিনা। এমন একটি ওষুধ যা ল্যাকটিওসের ছিদ্রগুলো বন্ধ করে এবং চর্বি শোষণ থেকে বিরত রাখে।",10.43,0.0,6.96
news-51756073,ভারতের রাজধানী দিল্লিতে যে ভয়াবহ সাম্প্রদায়িক দাঙ্গায় প্রায় পঞ্চাশটির মতো প্রাণহানি ও আড়াইশোরও বেশি মানুষ আহত হয়েছেন - তা নিয়ে দেশের পার্লামেন্টে সরকার কোনও আলোচনাই হতে দিচ্ছে না।,"দিল্লির দাঙ্গা নিয়ে বিতর্কের জন্য বিরোধীরা নোটিশ দিলেও লোকসভার স্পিকার জানিয়েছেন, আগামী সপ্তাহে হোলি উৎসব মিটে যাওয়ার পরেই তিনি এ বিষয়ে কথা বলার অনুমতি দেবেন। লোকসভায় বিরোধী কংগ্রেসের সাতজন এমপিকে বাজেট অধিবেশন শেষ না হওয়া পর্যন্ত সাসপেন্ড করা হয়েছে। রাজ্যসভাতেও চেয়ারম্যান তথা দেশের উপরাষ্ট্রপতি ভেঙ্কাইয়া নাইডু বলেছেন, পরিস্থিতি 'স্বাভাবিক' হওয়ার আগে দিল্লির দাঙ্গা প্রসঙ্গ সভায় তোলা যাবে না।",7.06,0.0,7.06
news-50847683,ভারতের বিতর্কিত নাগরিকত্ব আইনের বিরুদ্ধে বিক্ষোভের উপর নিষেধাজ্ঞা জারি করার পরও যারা অমান্য করে বিক্ষোভ দেখাচ্ছে তাদের গণহারে গ্রেপ্তার করছে দেশটির পুলিশ। এরই মধ্যে গ্রেপ্তার করা মানুষের সংখ্যা হাজার হাজার ছাড়িয়ে গেছে।,"ভারতের নতুন নাগরিকত্ব আইন নিয়ে দেশজুড়ে বিক্ষোভ চলছে। এই আইনের বিরুদ্ধে বিক্ষোভ করছে দেশের বিভিন্ন শিক্ষাঙ্গন। দিল্লি, উত্তরপ্রদেশ, ব্যাঙ্গালোর, কর্ণাটক সহ দেশের বিভিন্ন স্থানে বিক্ষোভ চলছে। এই বিক্ষোভে অনেকে আহত হয়েছে। বিক্ষোভকারীদের সাথে পুলিশের সংঘর্ষ হয়েছে। এই বিক্ষোভের মধ্যে দিল্লির জামিয়া মিলিয়া ইসলামিয়া বিশ্ববিদ্যালয়ের ছাত্ররা বিক্ষোভ করছে। এছাড়া দেশের বিভিন্ন শিক্ষাঙ্গন থেকেও বিক্ষোভ করা হচ্ছে।",20.69,2.35,18.39
news-52240169,সিঙ্গাপুরে করোনাভাইরাসে আক্রান্তদের একটি বড় অংশ সেখানে কর্মরত বাংলাদেশি হওয়ার কারণে এখন এই প্রশ্ন উঠছে যে দক্ষিণ-পূর্ব এশিয়ার ছোট এই দেশটিতে এত বেশী সংখ্যক বাংলাদেশি কোভিড-১৯ রোগে আক্রান্ত হচ্ছেন কেন।,"সিঙ্গাপুরে করোনাভাইরাস সংক্রমণ বেড়েই চলেছে। বৃহস্পতিবার দেশটিতে একদিনে সর্বোচ্চ ২৮৭ জনের মধ্যে করোনাভাইরাস শনাক্ত হয়েছে। সিঙ্গাপুরে আক্রান্তদের মধ্যে বেশিরভাগই হচ্ছে বিভিন্ন দেশ থেকে আসা অভিবাসী শ্রমিক। এদের মধ্যে বাংলাদেশি শ্রমিকদের মধ্যে করোনাভাইরাসের সংক্রমণ সবচেয়ে বেশি বলে দেশটির স্বাস্থ্য মন্ত্রণালয়ের প্রকাশ করে তথ্যে দেখা যাচ্ছে। সিঙ্গাপুরে অবস্থিত বাংলাদেশ দূতাবাসের এক কর্মকর্তা বিবিসি বাংলাকে করোনাভাইরাসে আক্রান্ত বাংলাদেশিদের সংখ্যাটি নিশ্চিত করেছেন। তিনি বলেন, বৃহস্পতিবার পর্যন্ত সিঙ্গাপুরে আক্রান্তের সংখ্যা ছিল ১,৯১০ জন, যাদের মধ্যে ৩৬৩ জন বাংলাদেশি শ্রমিক। আক্রান্তদের মধ্যে একজন ইনটেনসিভ কেয়ার ইউনিটে চিকিৎসাধীন রয়েছেন। বাংলাদেশি শ্রমিকরা কেন বেশি আক্রান্ত? দীর্ঘদিন যাবত সিঙ্গাপুরে বসবাস করেন বাংলাদেশি মেরিন ইঞ্জিনিয়ার মঞ্জুরুল মান্নান। সেখানকার বাংলাদেশি কমিউনিটির সাথে ঘনিষ্ঠ যোগাযোগ রাখেন মি. মান্নান। তিনি মনে করেন, বাংলাদেশিদের মাঝে করোনাভাইরাস সংক্রমণের হার বেশি হওয়ার একটি কারণ অল্প জায়গায় অনেক বেশি শ্রমিকের বসবাস। এছাড়া সেখানে কর্মরত বাংলাদেশি শ্রমিকরা সবসময় দলবদ্ধভাবে চলাফেরা করেন।",14.46,2.44,8.43
news-40271292,'সন্ত্রাসবাদী গোষ্ঠীকে সমর্থন দেবার' অভিযোগ এনে সৌদি আরবসহ কয়েকটি আরব দেশ যে কাতারের সঙ্গে কূটনৈতিক-অর্থনৈতিক সম্পর্ক ছ্ন্নি করেছে তাতে মধ্যপ্রাচ্যে এক ধরনের অস্থিতিশীল পরিস্থিতি তৈরি হয়েছে।,কাতারের আমির শেখ তামিম বিন হামাদ আল থানির প্রতি সন্ত্রাসবাদের বিরুদ্ধে কার্যক্রম গ্রহণের জন্য আহ্বান জানিয়েছে যুক্তরাষ্ট্র। ২০১৪ সালে নয় মাসের জন্য কাতারের সঙ্গে কূটনৈতিক সম্পর্ক ছিন্ন রেখেছিল উপসাগরীয় প্রতিবেশী দেশগুলো। কাতার ইসলামপন্থী দল মুসলিম ব্রাদারহুডকে সমর্থন দেয়া শুরু করলে উত্তেজনা শুরু হয়। এছাড়া ইরানের সঙ্গেও কাতারের ভালো সম্পর্ক গড়ে উঠার বিষয়টি অন্যান্য আরব দেশগুলো ঠিকভাবে নেয়নি। সম্প্রতি সৌদি আরব কাতারের রাষ্ট্র অনুমোদিত আল জাজিরা সংবাদমাধ্যমের বিরুদ্ধে অভিযোগ এনে বলে যে এটি ইয়েমেনে হুতি বিদ্রোহীদের সমর্থন দিচ্ছে। কাতারের রাজপরিবারের ওই ২৬ জন গত ডিসেম্বর মাসে ইরাকি শিয়া মিলিশিয়াদের দ্বারা অপহৃত হন। আর তাদের মুক্তির বিনিময়ে মিলিশিয়াদের টাকা প্রদানের ঘটনায় কাতার 'সন্ত্রাসবাদী গোষ্ঠীকে সমর্থন দিচ্ছে ও অর্থায়ন করছে' সেই অভিযোগটিও জোরেসোরে।,17.52,7.41,7.3
news-48957443,বছর দশের আগে ঢাকার এক কিশোরী ধর্ষণের শিকার হয়।,"বাংলাদেশে ধর্ষণের শিকার নারীদের বিচার পেতে অনেক কষ্ট করতে হয়। বিচার পেতে অনেক কাঠখড় পোড়াতে হয়। বিচার একেবারে নগণ্য। একেবারে নগণ্য থেকে নগণ্য বিচার পাচ্ছে। বেসরকারি সংস্থা নারীপক্ষের গবেষণায় বলা হচ্ছে, ২০১১ সাল থেকে ২০১৮ সালের জুন পর্যন্ত ছয়টি জেলায় ধর্ষণের মামলা পর্যবেক্ষণ করা হয়েছে। এ গবেষণাটির পরিচালক এবং নারীপক্ষের প্রকল্প পরিচালক রওশন আরা বলেন, এই সময়ে ৪৩৭২টি ধর্ষণের মামলা হয়েছে, কিন্তু সাজা হয়েছে মাত্র পাঁচ জনের।",7.89,2.7,7.89
news-46251826,"'হাসিনা: এ ডটার্স টেল', চলচ্চিত্রটি এখন প্রকাশ করার মাধ্যমে আওয়ামী লীগ নির্বাচন বিধি লঙ্ঘন করছে বলে অভিযোগ করেছেন বিএনপির সিনিয়র যুগ্ম মহাসচিব রুহুল কবির রিজভী।","বাংলাদেশে সাধারণ নির্বাচনের তারিখ ঘোষণা করা হয়েছে। এই নির্বাচনের জন্য প্রচারণা শুরু হয়েছে। কিন্তু এই প্রচারণায় নির্বাচন কমিশনের আচরণবিধি লঙ্ঘন হচ্ছে কিনা তা নিয়ে প্রশ্ন তুলছেন বিশেষজ্ঞরা। নির্বাচন কমিশনের আচরণবিধি অনুযায়ী, নির্বাচনের প্রচারণা শুরু হওয়ার আগে পর্যন্ত পোস্টার বা ব্যানার লাগানো যাবে না। কিন্তু এই নিয়ম লঙ্ঘন হচ্ছে। পোস্টারে দলের নেতা ছাড়া অন্য কারো ছবি থাকা নিষেধ। কিন্তু বেশিরভাগ পোস্টারেই প্রার্থী ছাড়াও অন্যদের ছবি থাকছে। পোস্টার লাগানোর জন্য নির্দিষ্ট স্থান আছে। কিন্তু এই নিয়মও লঙ্ঘন হচ্ছে। নির্বাচন কমিশনের আচরণবিধি অনুযায়ী, নির্বাচনের সময় দেয়াল লেখনও নিষেধ। কিন্তু এই নিয়মও লঙ্ঘন হচ্ছে। নির্বাচন কমিশনের আচরণবিধি অনুযায়ী, প্রতি ওয়ার্ডে একটি করে ক্যাম্পেইন অফিস থাকতে পারবে। কিন্তু এই নিয়মও লঙ্ঘন হচ্ছে। নির্বাচন কমিশনের আচরণবিধি অনুযায়ী, ক্যাম্পেইন অফিসে টেলিভিশন রাখা নিষেধ। কিন্তু এই নিয়মও লঙ্ঘন হচ্ছে।",2.74,0.0,2.74
news-52030156,"বান্দরবানের লামা, নাইক্ষ্যংছড়ি ও আলীকদমসহ তিন উপজেলায় লকডাউন ঘোষণা করা হয়েছে।","বান্দরবান জেলার তিনটি উপজেলা লকডাউন করা হয়েছে। এগুলো হলো লামা, আলীকদম ও নাইক্ষ্যংছড়ি। করোনাভাইরাস সংক্রমণের সতর্কতা হিসেবে এই পদক্ষেপ নেয়ার কথা জানিয়েছেন অতিরিক্ত জেলা প্রশাসক শামীম হোসেন। তিনি বলেন, পার্শ্ববর্তী জেলা কক্সবাজারে করোনাভাইরাসের রোগী শনাক্ত হওয়ায় সতর্কতার অংশ হিসেবে এই সিদ্ধান্ত নিয়েছেন তারা। লকডাউনের আওতায়, এই তিন উপজেলার বাসিন্দাদের চলাচল সীমিত করা হয়েছে। সাথে অন্য উপজেলা থেকেও মানুষজন এই উপজেলায় যাতায়াত করতে পারবে না। মিস্টার হোসেন বলেন, আপাতত এই তিন উপজেলা ঝুঁকির মুখে রয়েছে বলে আমরা মনে করছি। যার কারণে এই সিদ্ধান্ত। তিনি বলেন, এই তিন উপজেলা থেকে কক্সবাজারে প্রতিদিনই অনেক মানুষ যাওয়া-আসা করে। তাদের মাধ্যমে সংক্রমণ ছড়িয়ে পড়ার আশঙ্কা রয়েছে। তবে এই তিনটি উপজেলা ছাড়া আর কোন উপজেলায় এখনো লকডাউন করা হয়নি। প্রয়োজন হলে এ বিষয়ক কমিটির সাথে আলোচনা করে পরবর্তী নির্দেশনা জানানো হবে বলেও জানান তিনি। করোনাভাইরাসের সংক্রমণ ঠেকাতে একটি বাস জীবানুমুক্ত করার জন্য স্প্রে করছেন এক স্বেচ্ছাসেবী। লামা উপজেলা নির্বাহী কর্মকর্তা নুর-এ-জান্নাত রুমি জানান, মঙ্গলবার রাত ৮টা থেকে লকডাউন শুরু হয়েছে। জেলা প্রশাসন থেকে পরবর্তী নির্দেশনা না আসা পর্যন্ত লকডাউনের এই সিদ্ধান্ত কার্যকর থাকবে। নাইক্ষ্যংছড়ি উপজেলা নির্বাহী কর্মকর্তা সাদিয়া আফরিন কচি বলেন, নাইক্ষ্যংছড়ি থেকে প্রতিদিন প্রচুর মানুষ যাতায়াত করে। তাদের মাধ্যমে যাতে করোনাভাইরাস ছড়িয়ে না পরে তার জন্য সতর্কতার অংশ হিসেবে এই সিদ্ধান্ত নেয়া হয়েছে। কক্সবাজারের জেলা প্রশাসক কামাল হোসেন জানান, কক্সবাজারে এ পর্যন্ত এক জনের মধ্যে করোনাভাইরাসের উপস্থিতি শনাক্ত করা হয়েছে। ওই ব্যক্তি ও তার দুই ছেলের বাড়ি লকডাউন করা হয়েছে। এছাড়া চকোরিয়ার খুটাখালি এলাকায় থাকা তাদের গ্রামের বাড়ি ও এর আশপাশের এলাকা লকডাউন করা হয়েছে।",6.3,0.79,5.51
news-48622117,পশ্চিমবঙ্গের সব সরকারি হাসপাতালের চিকিৎসকরা দুই সহকর্মী জুনিয়ার ডাক্তারদের রোগীর আত্মীয় পরিজনের হাতে মার খাওয়ার প্রতিবাদ জানাতে দুদিন ধরে ধর্মঘট চালাচ্ছেন।,"পশ্চিমবঙ্গের একটি সরকারি হাসপাতালে দুই জুনিয়র ডাক্তারকে মারধর করা হয়েছে। এরপর থেকে রাজ্যের সব সরকারি হাসপাতালেই কর্মবিরতি চলছে। ডাক্তাররা দাবি করছেন যে কর্মক্ষেত্রে নিরাপত্তা নিশ্চিত করতে হবে। মুখ্যমন্ত্রী মমতা ব্যানার্জী ডাক্তারদের হুঁশিয়ারি দিয়ে বলেছেন যে তারা যদি কাজে যোগ না দেন, পুলিশ কড়া ব্যবস্থা নেবে। এর পরে আন্দোলনরত ডাক্তাররা আরও অনড় অবস্থান নিয়েছেন। তারা বলছেন যে তারা কাজে ফিরবেন না যতক্ষণ না তাদের দাবি মেনে নেওয়া হয়।",11.36,2.33,9.09
news-42621871,বাংলাদেশে মঙ্গলবার ঢাকা উত্তর সিটি কর্পোরেশনের মেয়র পদে উপ-নির্বাচনের তফসিল ঘোষণা করেছে নির্বাচন কমিশন। আর তার আগের রাতেই জামায়াতে ইসলামী মোহাম্মদ সেলিম-উদ্দিন নামে তাদের মধ্যসারির এক নেতাকে ঐ নির্বাচনে নিজেদের প্রার্থী হিসাবে ঘোষণা করেছে।,"জামায়াতে ইসলামী নেতৃত্ব বলছে, তারা আগামী ঢাকা দক্ষিণ সিটি কর্পোরেশনের মেয়র নির্বাচনে প্রার্থী দেবে। কিন্তু নির্বাচন কমিশন বলছে, জামায়াত নিবন্ধন বাতিল হয়ে যাওয়ায় তারা নির্বাচনে অংশ নিতে পারবে না। জামায়াত নেতৃত্ব বলছে, তারা স্বতন্ত্র প্রার্থী হিসেবে নির্বাচনে অংশ নেবে। তবে নির্বাচন কমিশনের অনুমোদন লাগবে। জামায়াতে ইসলামী নেতৃত্ব বলছে, তারা বিএনপির সাথে জোটে নেই, তাই তারা স্বতন্ত্র প্রার্থী হিসেবে নির্বাচনে অংশ নেবে।",20.62,8.42,18.56
news-48817879,ঢাকার মোহাম্মদপুরে বাস করেন ঢাকা বিশ্ববিদ্যালয়ের খণ্ড-কালীন শিক্ষক তাহমিনা আক্তার পলি। নিজের কিশোর সন্তান বন্ধুত্ব করতে গিয়ে ভুল করে কি-না কিংবা অপরাধীদের চক্রের সাথে জয়ে পড়ে কি-না এ নিয়ে রীতিমত উৎকণ্ঠায় থাকেন তিনি।,"বরগুনায় রিফাত শরীফ নামের এক যুবককে প্রকাশ্যে কুপিয়ে হত্যার পর আলোচনায় এসেছে বন্ড০০৭ নামের একটি গ্রুপ। এর আগেও ঢাকা ও চট্টগ্রামে বারবার নানা ঘটনার জন্ম দিয়েছে বেশ কয়েকটি কিশোর গ্যাং। বিবিসি বাংলার কথোপকথনে একজন অভিভাবক বলেন, ""আমার ছেলের বয়স ১৪ বছর। আমি সবসময় চিন্তিত, ভীত ও আশঙ্কায় যে ছেলেটা কোথায় কার সাথে মিশছে।""",6.74,0.0,6.74
news-54679884,তুরস্কের প্রেসিডেন্ট রেচেপ তায়েপ এরদোয়ান ফরাসী প্রেসিডেন্ট এমানুয়েল ম্যাক্রঁকে উদ্দেশ্য করে অপমানসূচক মন্তব্য করায় ফ্রান্সে অবস্থানরত তুরস্কের রাষ্ট্রদূতকে জন্য তলব করেছে ফ্রান্স কর্তৃপক্ষ।,"ফ্রান্সের রাষ্ট্রপতি ইমানুয়েল ম্যাক্রঁর মানসিক স্বাস্থ্য পরীক্ষা করানো উচিত বলে মন্তব্য করেছেন তুরস্কের প্রেসিডেন্ট রেজেপ তায়য়িপ এরদোয়ান। তিনি বলেছেন, ইসলাম ও মুসলমানদের নিয়ে সমস্যা আছে ম্যাক্রঁর। ফরাসি রাষ্ট্রপতি ইমানুয়েল ম্যাক্রঁ বলেছেন, ফ্রান্স কার্টুন প্রত্যাহার করবে না। এর আগে ইসলামের নবীকে নিয়ে ক্লাসে কার্টুন দেখানোর ঘটনায় এক ফরাসি শিক্ষককে হত্যা করা হয়।",13.51,2.78,10.81
news-49047322,বিশ্বকাপ ক্রিকেটে নিউজিল্যান্ডের বিজয়ের আশাকে ধূলিসাৎ করার পরও ইংল্যান্ডের ক্রিকেটার বেন স্টোকসকে 'বর্ষ সেরা নিউজিল্যান্ডার' পদকের জন্য মনোনয়ন দেয়া হয়েছে।,"ইংল্যান্ডের ক্রিকেটার বেন স্টোকস নিউজিল্যান্ডের সবচেয়ে বড় সম্মান 'নিউজিল্যান্ড অর্ডার অব মেরিট' পাবেন কি না, তা নিয়ে চলছে তর্ক। বেন স্টোকসের বাবা-মা নিউজিল্যান্ডের বাসিন্দা। তিনি নিউজিল্যান্ডে জন্মগ্রহণ করলেও বড় হয়েছেন ইংল্যান্ডে। বিশ্বকাপ ফাইনালে নিউজিল্যান্ডের বিরুদ্ধে অসাধারণ এক ইনিংস খেলে ইংল্যান্ডকে জিতিয়েছেন তিনি। সেই ম্যাচের ম্যান অব দ্য ম্যাচ বেন স্টোকস। এই বছরের শেষের দিকে এই পুরষ্কারের জন্য মনোনীত ব্যক্তিদের নাম ঘোষণা করা হবে। বেন স্টোকসের প্রতিদ্বন্দ্বী হিসেবে নিউজিল্যান্ড দলের অধিনায়ক কেন উইলিয়ামসনের নাম শোনা যাচ্ছে। তিনি বিশ্বকাপে টুর্নামেন্ট সেরা খেলোয়াড়ের পুরষ্কার পেয়েছেন।",13.59,3.96,7.77
news-43785269,অস্ট্রেলিয়ার ভিক্টোরিয়ায় এক ধরণের 'মাংস-খেকো' ঘা মহামারীর মতো ছড়িয়ে পড়ায় উদ্বিগ্ন হয়ে ডাক্তাররা এ নিয়ে গবেষণার আহ্বান জানিয়েছেন।,"অস্ট্রেলিয়ার ভিক্টোরিয়ায় এক অজানা চর্মরোগ দ্রুত ছড়িয়ে পড়ছে। ডাক্তাররা এখনো জানেন না এ রোগ কিভাবে ছড়ায়। এই রোগের নাম 'বুরুলি আলসার'। এটা এক ধরণের ব্যাকটেরিয়া থেকে হয়। এই ব্যাকটেরিয়া ত্বক, রক্তনালী ও মাংসপেশী ধ্বংস করতে পারে।",25.45,11.32,21.82
news-53839440,"বাংলাদেশ ভারত সম্পর্কের শীতলতা বা অস্বস্তি নিয়ে নানা জল্পনা কল্পনার মাঝে ঢাকায় দেশ দু'টির পররাষ্ট্র সচিবদের এক বৈঠক থেকে বলা হয়েছে, এ ধরণের আলোচনা ঠিক নয়।","করোনাভাইরাস মহামারির মধ্যে হঠাৎ করেই বাংলাদেশে এসেছেন ভারতের পররাষ্ট্র সচিব হর্ষ বর্ধন শ্রিংলা। তিনি বলেছেন, বাংলাদেশ-ভারত সম্পর্ক এখন ''সোনালি অধ্যায়ে'' রয়েছে। বাংলাদেশের পররাষ্ট্র সচিব মাসুদ বিন মোমেন বলেছেন, দুই দেশের ভাল সম্পর্কের বিষয়টি মূলধারার সংবাদমাধ্যমে তুলে ধরার বিষয়ে তারা একমত হয়েছেন। কিন্তু বিশ্লেষকরা মনে করছেন, বাংলাদেশ-ভারত সম্পর্কের শীতলতা কাটাতে এই সফর কার্যকর হবে কিনা সে বিষয়ে সন্দেহ রয়েছে।",11.49,7.06,9.2
news-46353846,জিনগত পরিবর্তনের মাধ্যমে পৃথিবী এই প্রথম একটি মানব-সন্তান পেয়েছে বলে দাবি করেছেন এক চীনা বিজ্ঞানী।,"চীনের এক ডাক্তার দাবি করেছেন, তিনি মায়ের গর্ভে থাকা শিশুর জিন পরিবর্তন করেছেন। তবে এই দাবির সত্যতা নিয়ে বিজ্ঞানী ও বিশেষজ্ঞরা সন্দেহ প্রকাশ করেছেন। এই ধরনের পরীক্ষা-নিরীক্ষা বেশিরভাগ দেশেই নিষিদ্ধ।",21.28,4.44,12.77
news-47067207,বাংলাদেশের সকল প্রাথমিক বিদ্যালয়ে আজ বৃহস্পতিবার থেকে চালু করা হয়েছে অভিনব এক কর্মসূচি। প্রতিটি প্রাথমিক বিদ্যালয়ে পালন করা হয়েছে পরিষ্কার পরিচ্ছন্নতা কর্মসূচি।,প্রাথমিক শিক্ষা অধঃপতন রোধে এবং শিক্ষার্থীদের মধ্যে পরিচ্ছন্নতার অভ্যাস গড়ে তোলার জন্য দেশের সব প্রাথমিক বিদ্যালয়ে সাপ্তাহিক পরিচ্ছন্নতা কর্মসূচি চালু করা হয়েছে। প্রতি বৃহস্পতিবার স্কুল ছুটির পর শিক্ষার্থীরা তাদের স্কুল পরিষ্কার করবে এবং শিক্ষকরা তাদের সহযোগিতা করবেন। এই কর্মসূচির মাধ্যমে শিক্ষার্থীদের মধ্যে পরিচ্ছন্নতার প্রতি সচেতনতা বাড়াো এবং তাদের স্কুলকে পরিচ্ছন্ন রাখার অভ্যাস গড়ে তোলা হবে।,25.97,10.67,15.58
news-38056657,"বাংলাদেশে এই মুহুর্তে ২৭টি বেসরকারি টেলিভিশন চ্যানেল আছে, যাদের প্রায় সকলেরই সংবাদ এবং সংবাদভিত্তিক নানা অনুষ্ঠানমালা রয়েছে। সেসব অনুষ্ঠান তৈরির সাথে বিভিন্ন পর্যায়ে কাজ করেন নারীকর্মীরাও।",বাংলাদেশের বেসরকারি টেলিভিশন চ্যানেলগুলোতে সংবাদ সংগ্রহের কাজে নারীর সংখ্যা খুবই কম। বর্তমানে দেশের প্রায় ৩০টি বেসরকারি চ্যানেলে মাত্র পাঁচজন নারী ক্যামেরাপার্সন বা ভিডিও জার্নালিস্ট হিসেবে কাজ করছেন। এছাড়া শিক্ষানবিস হিসেবে কাজ করছেন অল্প কয়েকজন। বাংলাদেশে নারীরা সাংবাদিকতার ক্ষেত্রে পেশাগত শিক্ষা ও প্রশিক্ষণের যথেষ্ট সুযোগ পাচ্ছে না। সামাজিক প্রতিবন্ধকতাও নারীদের এই ক্ষেত্রে কাজ করতে বাধা হয়ে দাঁড়াচ্ছে।,17.07,2.5,9.76
news-56116111,বিএনপির প্রতিষ্ঠাতা এবং সাবেক রাষ্ট্রপতি জিয়াউর রহমানের মুক্তিযুদ্ধের খেতাব বাতিলের প্রক্রিয়া রাজনৈতিক বলছেন বিএনপির নেতাকর্মীরা এবং প্রয়োজনে আইনগতভাবে এর মোকাবেলা করতে চায় বিএনপি।,"জিয়াউর রহমানের বীর উত্তম খেতাব বাতিলের সুপারিশের বিষয়ে বিএনপি প্রতিবাদ বিক্ষোভ চালিয়ে যাবে বলে জানিয়েছে। দলটির নেতারা বলছেন, এটি কোনোভাবেই হতে দেয়া হবে না। বিএনপি মনে করে সরকার রাজনৈতিক উদ্দেশ্যে জনগণের দৃষ্টি সরাতে জিয়াউর রহমানের খেতাব বাতিলের ইস্যুটি সামনে এনেছে।",22.22,6.56,19.05
news-54852351,"যুক্তরাষ্ট্রের নির্বাচন অনুষ্ঠিত হওয়ার পরে চারদিন হতে চললো, বিজয়ী সম্পর্কে এখনো নিশ্চিত হওয়া যায়নি।","যুক্তরাষ্ট্রের প্রেসিডেন্ট নির্বাচনে ডোনাল্ড ট্রাম্প এবং জো বাইডেনের মধ্যে প্রতিদ্বন্দ্বিতা চলছে। যদিও জো বাইডেন বেশি ভোট পেয়েছেন, তবুও তার জয় নিশ্চিত নয়। যুক্তরাষ্ট্রের নির্বাচন পদ্ধতি অনুযায়ী, ইলেকটোরাল কলেজের ভোট যে প্রার্থী পাবেন, তিনিই প্রেসিডেন্ট নির্বাচিত হবেন। এখন পর্যন্ত জো বাইডেন ২৭০টি ইলেকটোরাল ভোট পেতে পারেননি, তাই তার জয় এখনও অনিশ্চিত। নির্বাচনের ফলাফল ঘোষণা করতে আরও কিছুদিন সময় লাগতে পারে।",8.22,2.82,5.48
news-45838102,দুটি সমলিঙ্গের ইঁদুর মিলে কি একটি বাচ্চা ইঁদুরের জন্ম দিতে পারে? জেনেটিক ইঞ্জিনিয়ারিং এর মাধ্যমে কাজটা করে দেখিয়েছেন চীনের বিজ্ঞানীরা।,"চীনের বিজ্ঞানীরা একটি অভিনব পরীক্ষা চালিয়েছেন যেখানে তারা দুটি স্ত্রী ইঁদুর থেকে একটি বাচ্চা ইঁদুরের জন্ম দিয়েছেন। এই বাচ্চা ইঁদুরটি স্বাভাবিক এবং সুস্থ, এবং এটি পরবর্তীতে নিজেও বাচ্চা ইঁদুরের জন্ম দিয়েছে। এই পরীক্ষাটি প্রজননের নিয়মগুলি পরিবর্তন করেছে এবং এটি দেখায় যে প্রজননের জন্য দুই বিপরীত লিঙ্গের প্রয়োজন নাও হতে পারে। এই গবেষণাটি প্রজননের ক্ষেত্রে নতুন সম্ভাবনার দিকে নিয়ে যাচ্ছে এবং এটি বৈজ্ঞানিক সম্প্রদায়ের মধ্যে আলোচনা সৃষ্টি করেছে।",20.69,9.41,16.09
news-48274760,ঈদে আনন্দ উৎসবের অন্যতম অনুষঙ্গ জুড়ে আছে সালামি বা ঈদি। ঈদকে ঘিরে কয়েক ধরেই চলে এই সালামি দেয়া নেয়ার পালা।,ঈদের সালামির চল এখন আগের চেয়ে অনেক বদলে গেছে বলে মনে করছেন অনেকে। আগে শুধু ছোটরা সালামি পেত। কিন্তু এখন সবাই সালামি পায়। এমনকি অফিসেও সালামি দেয়া-নেয়া হয়। সালামি এখন আর শুধু পরিবারের সদস্য বা নির্দিষ্ট বয়স সীমার মধ্যে আটকে নেই। এখন বিভিন্ন অফিসের কর্মকর্তা কর্মচারীরাও আনন্দের সাথে সালামি আদান প্রদান করে থাকেন। অনেকেই সালামির জন্য আলাদা বাজেট রাখেন।,10.0,2.56,7.5
news-45987039,এক সপ্তাহের বেশি সময় ধরে হাজার হাজার অভিবাসী মধ্য আমেরিকান দেশগুলো থেকে যুক্তরাষ্ট্র সীমান্তের দিকে এগিয়ে যাচ্ছে।,"মধ্য আমেরিকার অভিবাসী স্রোত দিনে দিনে আরো বড় হচ্ছে। তারা বলছেন, নির্যাতন, দারিদ্র আর সহিংসতা থেকে বাঁচতে তারা নিজেদের দেশ গুয়াতেমালা, হন্ডুরাস বা এল সালভাদোর থেকে পালিয়ে এসেছেন। পুরো যাত্রাপথে তারা পানিশূন্যতা, অপরাধী চক্রের মতো বিপদের ঝুঁকি রয়েছে। কিন্তু অনেক অভিবাসী বলছেন, যখন তারা একত্রে অনেক মানুষ মিলে ভ্রমণ করেন, তখন তারা অনেক নিরাপদ বোধ করেন। গত ১২ অক্টোবর, অপরাধ প্রবণ হন্ডুরাসের শহর সান পেড্রো সুলার ১৬০জন মানুষের একটি দল সেখানকার বাস টার্মিনালে সমবেত হন এবং বিপদজনক এই যাত্রার প্রস্তুতি শুরু করেন। নিজের দেশের বেকারত্ব আর সহিংসতা থেকে পালিয়ে বাঁচার জন্য একমাসের বেশি সময় ধরে তারা এর জন্য পরিকল্পনা করেছেন।",10.26,3.48,5.13
news-54883415,"নাগোর্নো-কারাবাখের বিরোধপূর্ণ এলাকা নিয়ে সামরিক সংঘাত অবসানে শান্তি চুক্তি করেছে আর্মেনিয়া, আজারবাইজান ও রাশিয়া।","আজারবাইজান ও আর্মেনিয়ার মধ্যে ছয় সপ্তাহের সংঘর্ষের পর সম্প্রতি এক চুক্তি হয়েছে। এই চুক্তির ফলে বিতর্কিত নাগোর্নো-কারাবাখ অঞ্চল নিয়ে দীর্ঘদিনের উত্তেজনার অবসান ঘটবে বলে মনে করা হচ্ছে। এই অঞ্চলটি নিয়ে দুই দেশের মধ্যে দীর্ঘদিন ধরে উত্তেজনা চলছিল। আর্মেনিয়ার প্রধানমন্ত্রী নিকোল পাশিনিয়ান বলেছেন, এই চুক্তিতে স্বাক্ষর করতে তাকে বাধ্য হতে হয়েছে। তিনি একে খুবই 'বেদনাদায়ক' বলে অভিহিত করেছেন। এর আগে সোমবার রাতে রাশিয়ার প্রেসিডেন্ট ভ্লাদিমির পুতিন এক বিবৃতিতে জানান, দুই দেশের নেতার সাথে আলোচনা করার পর তিনি এক সিদ্ধান্তে পৌঁছেছেন।",10.53,2.15,4.21
news-51130657,ঝিনাইদহের শৈলকূপায় স্কুলের দৌড় প্রতিযোগিতায় অংশ নেয়া এক শিশু দৌড় শেষ হওয়া মাত্র মৃত্যুর কোলে ঢলে পড়ে।,বাংলাদেশের একটি প্রাথমিক বিদ্যালয়ের বার্ষিক ক্রীড়া প্রতিযোগিতায় এক শিক্ষার্থীর মৃত্যু হয়েছে। মিরান হোসেন রাফি নামের ওই শিক্ষার্থী ১০০ মিটার 'মার্বেল রেস' শেষ করার পরপরই মাথা নুয়ে পড়ে যায়। পরে তাকে উপজেলা স্বাস্থ্য কমপ্লেক্সে নিয়ে গিয়ে মৃত ঘোষণা করা হয়। এই ঘটনায় বাংলাদেশে তীব্র ক্ষোভের সঞ্চার হয়েছে।,12.7,0.0,12.7
news-56811455,বাংলাদেশে কওমি মাদ্রাসা-ভিত্তিক সংগঠন হেফাজতে ইসলামির একটি প্রতিনিধি দল স্বরাষ্ট্রমন্ত্রী আসাদুজ্জামান খানের সাথে সাক্ষাৎ করে 'ঢালাও গ্রেফতার' বন্ধের দাবি জানিয়েছেন।,"সাম্প্রতিক সহিংসতার ঘটনার পর হেফাজতের বেশ কয়েকজন নেতা আটক হয়েছেন। স্বরাষ্ট্রমন্ত্রীর সাথে বৈঠকে অংশ নেয়া একজন হেফাজত নেতা বিবিসিকে জানিয়েছেন, সংগঠনটির মহাসচিব নূরুল ইসলাম জেহাদীর নেতৃত্বে এ প্রতিনিধিদলে সদ্য আটক হওয়া হেফাজত নেতা মামুনুল হকের ভাই মাহফুজুল হকও ছিলেন। হেফাজতে ইসলামের আমির জুনায়েদ বাবুনগরী এক ভিডিও বার্তায় দাবি করেছেন হেফাজত দেশের বড় একটি অরাজনৈতিক দল।",15.79,0.0,7.89
news-56674992,"আন্তর্জাতিক উদরাময় গবেষণা প্রতিষ্ঠান বা আইসিডিডিআর,বি-র এক গবেষণায় দেখা গেছে যে বাংলাদেশে শনাক্ত করোনাভাইরাসের ধরনগুলোর মধ্যে এখন ৮১ শতাংশই দক্ষিণ আফ্রিকান ভ্যারিয়ান্ট এবং এ ধরনটির আবির্ভাবে বাংলাদেশে ভাইরাস বিস্তারের ক্ষেত্রে নাটকীয় পরিবর্তন এসেছে।","বাংলাদেশে করোনাভাইরাস সংক্রমণ বেড়ে যাওয়ায় চিকিৎসকরা বলছেন, নতুন ভ্যারিয়ান্টে আক্রান্তদের নতুন উপসর্গ দেখা দিচ্ছে। চিকিৎসকরা বলছেন, দক্ষিণ আফ্রিকান ভ্যারিয়ান্টে আক্রান্ত রোগীদের মধ্যে অবস্থার দ্রুত অবনতি হচ্ছে। ঢাকার বঙ্গবন্ধু শেখ মুজিব মেডিকেল বিশ্ববিদ্যালয় হাসপাতালের মেডিসিন বিভাগের সহকারী অধ্যাপক ফজলে রাব্বী বলেন, প্রথম দফার তুলনায় এবার রোগীদের একটি অংশের মধ্যে অবস্থার দ্রুত অবনতি হওয়ার একটি প্রবণতা দেখা যাচ্ছে।",10.99,2.25,6.59
news-55530158,বাংলাদেশে ঢাকায় একজন স্কুল ছাত্রীকে ধর্ষণের পর হত্যার অভিযোগে মামলায় অভিযুক্ত তরুণকে গ্রেফতারের পর তাকে আদালতে হাজির করে কারাগারে পাঠানো হয়েছে।,"ঢাকায় একটি ইংরেজি মাধ্যম স্কুলের একজন ছাত্রীকে ধর্ষণের পর হত্যার অভিযোগ উঠেছে। ক্ষতিগ্রস্ত পরিবার নারী ও শিশু নির্যাতন দমন আইনে মামলা করেছে। অভিযুক্ত তরুণ আদালতে স্বীকারোক্তিমূলক জবানবন্দি দিয়েছে বলে জানিয়েছে রাষ্ট্রপক্ষের আইনজীবী। পরিবারের পক্ষ থেকে ঘটনার সুষ্ঠু তদন্ত ও বিচার দাবি করা হয়েছে। নিহতের মা বলেছেন, ""সে আমাকে ফোন করে ২০ মিনিটের কথা বলে কোচিংয়ে পেপার্স আনার কথা বলে বের হয়।""",24.39,7.5,21.95
news-45262341,"বাংলাদেশে বহুল আলোচিত ২১ অগাস্টের গ্রেনেড হামলার মামলায় রাষ্ট্রপক্ষের কৌঁসুলিরা বলছেন, আগামী দু'মাসের মধ্যেই বিচারের রায় হতে পারে বলে তারা আশা করছেন।",২০০৪ সালের ২১শে অগাস্ট বিরোধীদল আওয়ামী লীগের সমাবেশে গ্রেনেড হামলার মামলার বিচার শুরু হয়েছে। এই হামলায় ২৪ জন নিহত ও শেখ হাসিনাসহ তিনশ বেশি লোক আহত হন। হামলার পরদিন মতিঝিল থানায় একটি মামলা করা হয়। ২০০৮ সালে তত্ত্বাবধায়ক সরকারের আমলে হত্যা ও বিস্ফোরক আইনে দুটি অভিযোগপত্র দায়ের করা হয়। এরপর মামলাটি দ্রুত বিচার ট্রাইব্যুনালে স্থানান্তর করা হয়। গত ১৪ বছরে এই মামলার কার্যক্রম এগিয়ে নিয়ে যাওয়া খুব সহজ ছিল না বলে জানিয়েছেন আওয়ামী লীগের জ্যেষ্ঠ সহ-সভাপতি মাহবুবা পারভিন।,5.88,2.0,5.88
40626040,এই গ্রহের সম্ভবত সবচেয়ে সাধারণ ও সাদামাটা জুতো - এক টুকরো প্লাস্টিক যা মানুষের পায়ের পাতার সমান এবং তাতে লাগানো দুটো ফিতে যা দিয়ে এটি পায়ের সাথে আটকে থাকে। অর্থাৎ এক জোড়া স্যান্ডেল।,"ব্রাজিলের হাভায়ানাস ব্র্যান্ডের স্যান্ডেল বিশ্বব্যাপী জনপ্রিয়তা পেয়েছে। এই স্যান্ডেলটি ব্রাজিলের সংস্কৃতির একটি অংশ হয়ে উঠেছে এবং বিশ্বব্যাপী বিক্রি হচ্ছে। এই স্যান্ডেলটি প্রথমে শ্রমিকদের জন্য তৈরি করা হয়েছিল, কিন্তু এখন এটি সকল শ্রেণির মানুষের কাছে জনপ্রিয়।",14.93,0.0,8.96
news-50234771,"যে সন্দেহভাজন ক্রিকেট বুকির সঙ্গে যোগাযোগ রাখার জের ধরে বাংলাদেশের অধিনায়ক সাকিব আল হাসান দু'বছরের জন্য সব ধরনের ক্রিকেটে নিষিদ্ধ হলেন, সেই দীপক আগরওয়াল নামটি ভারতে আগেও আলোচনায় এসেছে।","বাংলাদেশের ক্রিকেটার সাকিব আল হাসান দুই বছরের জন্য নিষিদ্ধ হয়েছেন কারণ তিনি একজন জুয়াড়ির কাছ থেকে প্রস্তাব পাওয়ার পরেও তা প্রকাশ করেননি। সাকিব আল হাসান একজন জুয়াড়ির সাথে যোগাযোগ করেছিলেন বলে জানা গেছে, যার নাম দীপক আগরওয়াল। দীপক আগরওয়াল ভারতে একজন ব্ল্যাকলিস্টেড বুকি হিসেবে পরিচিত।",29.33,10.96,26.67
news-45455024,"আম: একটি রসালো, অর্ধবৃত্তাকার গ্রীষ্ম মণ্ডলীয় ফল যা হলুদ/ সবুজ/ লাল রঙের হয়ে থাকে এবং যেটির মাঝখানটা শক্ত পাথরের মতো।","আম একটি চমৎকার ফল যা বিভিন্ন উপায়ে খাওয়া যায়। ভারতের নয়াদিল্লিতে অনুষ্ঠিত আম উৎসবে প্রায় ৫০০ প্রজাতির আম প্রদর্শিত হয়। আমের বিভিন্ন জাত রয়েছে, যেমন টমি এটকিন্স, যা বিশ্বব্যাপী প্রায় ৪৬ মিলিয়ন টন আম উৎপাদন করে। আম ভারত, পাকিস্তান এবং ফিলিপাইনের জাতীয় ফল। আমের ইংরেজি নাম ""ম্যাঙ্গো"" সম্ভবত তামিল শব্দ ""ম্যানকেই"" বা ""মানগা"" থেকে এসেছে।",13.33,5.48,13.33
news-55211728,বাংলাদেশে হেফাজতে ইসলামীর নেতা জুনায়েদ বাবুনগরী এবং মামুনুল হকসহ তিন জনের বিরুদ্ধে রাষ্ট্রদ্রোহের অভিযোগ তদন্তের জন্য আজ আদালত পুলিশের একটি তদন্ত সংস্থা পিবিআইকে নির্দেশ দিয়েছে।,"শেখ মুজিবুর রহমানের ভাস্কর্য নির্মাণের বিরোধিতা করে মামলা হয়েছে হেফাজতে ইসলামের আমীর জুনায়েদ বাবুনগরীসহ কয়েকজনের বিরুদ্ধে। এই মামলায় ইসলামী আন্দোলন বাংলাদেশের নেতা সৈয়দ ফয়জুল করীমের বিরুদ্ধেও অভিযোগ আনা হয়েছে। এদিকে ভাস্কর্য নির্মাণের বিরুদ্ধে অনড় ইসলামপন্থী দলগুলো বিক্ষোভ করে যাচ্ছে। ইসলামপন্থী দলগুলো বলছে, যে কোন উদ্দেশ্যে ভাস্কর্য তৈরি 'ইসলামে নিষিদ্ধ'। এই ভাস্কর্য নির্মাণের বিরোধিতা করে ইসলামপন্থী কয়েকটি দল এবং সংগঠন সমাবেশ করে সাম্প্রতিক সময়ে।",13.64,0.0,9.09
news-49180385,"রাজধানী মধ্য বাড্ডার বাসিন্দা ফারজানা খালিদ। সাড়ে পাঁচ বছর বয়সী এক সন্তানের এই মা জানান, সম্প্রতি বাচ্চাকে পাস্তুরিত তরল দুধ খাওয়ানো বন্ধ করেছেন তিনি।","বাংলাদেশে তরল দুধে অ্যান্টিবায়োটিক ও ডিটারজেন্ট পাওয়ার পর অনেক অভিভাবক এখন তরল দুধ কেনেন না। তারা বলছেন, তরল দুধের পরিবর্তে বাচ্চাদের গুঁড়ো দুধ খাওয়াচ্ছেন। তবে এর ফলে খরচ বেড়েছে বলে জানাচ্ছেন তারা। অনেকের মতে গুঁড়ো দুধের দামও বেড়ে গেছে।",6.35,3.28,6.35
news-40174511,সৌদি আরব সহ প্রতিবেশী দেশগুলো এমন সময় কাতারের সঙ্গে সম্পর্ক ছিন্ন করলো যখন ২০২২ সালের বিশ্বকাপ ফুটবলকে সামনে রেখে দেশটিতে ব্যাপক নির্মাণ কাজ চলছে। আর সে নির্মাণকাজে অংশ নিচ্ছে বিপুল সংখ্যক বাংলাদেশী শ্রমিক।,"সৌদি আরব বাংলাদেশের সবচেয়ে বড় শ্রমবাজার হলেও, কাতারেও রয়েছে বহু বাংলাদেশী। সৌদি আরব বাংলাদেশের সবচেয়ে বড় শ্রমবাজার হলেও, কাতারেও রয়েছে বহু বাংলাদেশী। এখন সৌদি আরবের সাথে কাতারের সম্পর্ক নষ্ট হলে কতটা সমস্যায় পড়বে সেদেশে বাংলাদেশের জনশক্তি রফতানি? এমন প্রশ্নের জবাবে জনশক্তি রপ্তানিকারকদের সংগঠন বায়রার সাধারণ সম্পাদক রুহুল আমিন বলেন, ""আমরা মনে করি ব্যাপারটা সাময়িক। শ্রমিকরা যারা ওখানে আছে তাদের ওপর প্রভাব ফেলবে না।"" ""আর নতুন করে যারা যাবেন তাদের ওপর পড়বে কিনা সেটা সময় গেলে বোঝা যাবে। সৌদি বিনিয়োগকারীদের যারা কাতারে বিনিয়োগ করেছে সে বিষয়ে একটা প্রভাব আসতে পারে""। তবে সব মিলিয়ে ভয়ের কোন কারণ নেই বলে মনে করেন তিনি। মধ্যপ্রাচ্যের এই ছোট দেশ কাতারের ২৫ লাখ জনসংখ্যার মধ্যে বাংলাদেশিদের অবস্থান এখন চতুর্থ। আরও অনেকেই অপেক্ষায় রয়েছেন কাতারে যাওয়ার জন্য। তারপরেও বিআইডিএস-এর গবেষক নাজনীন আহমেদও মনে করেন এখনই শ্রমবাজারের ওপর সরাসরি কোন প্রভাব পড়ার আশংকা নেই। তবে তিনি মনে করেন পুরো মধ্যপ্রাচ্য নিয়েও এখন আরও সতর্ক প্রস্তুতি নেয়া উচিত বাংলাদেশের। তিনি বলেন, ""যেটা মধ্যপ্রাচ্যে হলো সেটা বাংলাদেশের জন্য গুরুত্বপূর্ণ। কারণ, যেহেতু এটা বাংলাদেশের শ্রমবাজার তাই খেয়াল রাখতে হবে যে এমন হয় কিনা যে কাতারে শ্রমিক পাঠালে অন্যরা সমস্যা করতে পারে।"" ""কাতারের সঙ্গে সম্পর্ক রাখতে গিয়ে অন্য দেশের সাথেও যেন সমস্যা না হয়। এগুলো দেখেই বাংলাদেশকে কৌশল ঠিক করতে হবে""। মধ্যপ্রাচ্যের এই ছোট দেশ কাতারের ২৫ লাখ জনসংখ্যার মধ্যে বাংলাদেশিদের অবস্থান এখন চতুর্থ। তবে এটি শুধু শ্রমবাজারের বিষয় নয়, সাবেক রাষ্ট্রদূত ও বাংলাদেশ এন্টারপ্রাইজ ইনস্টিটিউটের ভাইস প্রেসিডেন্ট হুমায়ুন কবির মনে করেন কাতারকে ঘিরে যে সংকট তৈরি হয়েছে তা বাংলাদেশের জন্য উদ্বেগের কারণ হতে পারে। তিনি বলেন, ""বাংলাদেশের জন্য এটা একটা উদ্বেগের বিষয়। কারণ বাংলাদেশের অনেক শ্রমিক কাতারে আছে। এছাড়া বাংলাদেশের ব্যব",7.48,2.05,5.44
news-56533637,বাংলাদেশে ভারতীয় প্রধানমন্ত্রী নরেন্দ্র মোদীর আগমনকে কেন্দ্র করে রাজধানী ঢাকার বায়তুল মোকাররম মসজিদ এলাকায় পুলিশের সাথে সংঘর্ষে জড়িয়েছে বিক্ষোভকারীরা।,"বাংলাদেশের রাজধানী ঢাকায় ভারতের প্রধানমন্ত্রী নরেন্দ্র মোদীর সফরের বিরুদ্ধে বিক্ষোভ চলাকালে পুলিশের সাথে বিক্ষোভকারীদের সংঘর্ষ হয়েছে। বায়তুল মোকাররম জাতীয় মসজিদের সামনে জুমার নামাজের পর একদল লোক মোদী-বিরোধী শ্লোগান দিয়ে মিছিল শুরু করলে পুলিশ তাতে বাধা দিলে সংঘর্ষের সূত্রপাত হয়। পরিস্থিতি নিয়ন্ত্রণে পুলিশ মূহুর্মূহু কাঁদানে গ্যাস ও রাবার বুলেট ছোড়ে, অন্যদিকে বিক্ষোভকারীরাও ইটপাটকেল নিক্ষেপ করেছে। এতে সাংবাদিকসহ বেশ কয়েকজনের আহত হবার খবর পাওয়া গেছে।",19.28,9.88,12.05
news-54141347,বাংলাদেশ-মিয়ানমার আন্তর্জাতিক সীমান্তে মিয়ানমারের সেনাদের গতিবিধি গত কয়েকদিনে বেড়ে যাওয়ার প্রেক্ষাপটে ঢাকায় মিয়ানমারের রাষ্ট্রদূতকে ডেকে উদ্বেগ জানিয়েছে বাংলাদেশ।,"বাংলাদেশ-মিয়ানমার সীমান্তে মিয়ানমারের সেনা মোতায়েন বেড়ে যাওয়ায় দুই দেশের মধ্যে উত্তেজনা বাড়ছে। বাংলাদেশের পররাষ্ট্র মন্ত্রণালয় জানিয়েছে, গত কয়েকদিন ধরে সীমান্তে মিয়ানমারের সেনারা টহল দিচ্ছে। বাংলাদেশ মিয়ানমারকে একটি চিঠি দিয়ে তাদের এ ধরনের কার্যকলাপ বন্ধ করার জন্য অনুরোধ করেছে।",31.03,7.14,24.14
news-50446359,"একটা স্বতঃসিদ্ধ সত্য হল যা দেখা যায় না, তা গণনা করাও কঠিন। কিন্তু অন্তত অবৈধ অভিবাসনের ক্ষেত্রে পরিসংখ্যানবিদরা অনেক সময়েই এই সত্য মানতে পারেন না।","ব্রিটেনে প্রায় আট থেকে ১২ লাখ অবৈধ অভিবাসী বাস করছে বলে দাবি করেছে ওয়াশিংটন-ভিত্তিক গবেষণা প্রতিষ্ঠান পিউ রিসার্চ সেন্টার। এই গবেষণা প্রতিষ্ঠানটি আধুনিক বিশ্বের নানা ধরনের স্রোতধারার ওপর আলোকপাত করে থাকে। পিউ রিসার্চ সেন্টার বলছে, এই হিসেবের মধ্যে পড়বেন এমন লোকেরা হচ্ছেন যাদের কোন দেশে থাকার বৈধ অধিকার নেই। বেআইনি অভিবাসীদের সংখ্যা গণনা করার সবচেয়ে কার্যকরী উপায় নিয়ে বিশেষজ্ঞরা দীর্ঘদিন ধরে আলোচনা করেছেন।",6.74,0.0,4.49
news-57236939,"বাংলাদেশের আবহাওয়া অধিদপ্তর জানিয়েছে, বঙ্গোপসাগরে অবস্থানরত ঘূর্ণিঝড় 'ইয়াস' প্রবল শক্তিশালী হয়ে সমুদ্রে একই এলাকায় অবস্থান করছে।","বাংলাদেশের সমুদ্র বন্দরগুলোর জন্য দুই নম্বর সতর্কতা সংকেত জারি করা হয়েছে। ঘূর্ণিঝড়টি নয় কিলোমিটার গতিতে এগিয়েছে এবং এটি আরো শক্তি সঞ্চয় করবে। ঘূর্ণিঝড় 'ইয়াস' চট্টগ্রাম সমুদ্রবন্দর থেকে ৫৭৫ কিলোমিটার দক্ষিণ-দক্ষিণ পশ্চিমে, কক্সবাজার থেকে ৫২০ কিলোমিটার, মংলা সমুদ্র বন্দর থেকে ৫১৫ কিলোমিটার এবং পায়রা সমুদ্র বন্দর থেকে ৪৮০ কিলোমিটার দূরে অবস্থান করছে।",14.71,6.06,14.71
news-41969821,"ভারতীয় পররাষ্ট্রমন্ত্রী জানিয়েছেন, বাংলাদেশের রংপুরে সাম্প্রদায়িক হামলায় যেসব হিন্দু ক্ষতিগ্রস্ত হয়েছেন তাদেরকে ক্ষতিপূরণ দেওয়ার ব্যাপারে বাংলাদেশ সরকার ভারতকে আশ্বস্ত করেছে।","বাংলাদেশের রংপুরে হিন্দুদের ওপর সহিংসতার ঘটনায় ভারতীয় পররাষ্ট্রমন্ত্রী সুষমা স্বরাজ নিন্দা জানিয়েছেন। তিনি বলেছেন, বাংলাদেশ সরকার তাদের হাইকমিশনারকে জানিয়েছে, হামলায় ক্ষতিগ্রস্তদের বাড়িঘর পুনর্নির্মাণ করা হবে। এর আগেও বাংলাদেশে হিন্দুদের ওপর হামলার ঘটনায় সুষমা স্বরাজ নিন্দা জানিয়েছেন। তিনি বলেছেন, বাংলাদেশ সরকারকে হিন্দুদের নিরাপত্তা নিশ্চিত করতে হবে।",24.62,9.52,15.38
150917_cricketer_shahadat_bangladesh,গৃহপরিচারিকাকে নির্যাতনের অভিযোগে মামলা হওয়ার পর থেকে বাংলাদেশ জাতীয় ক্রিকেট দলের পেসার শাহাদত হোসেনকে খুঁজে পাচ্ছেনা পুলিশ।,"গৃহপরিচারিকা নির্যাতনের অভিযোগে মামলা হওয়ার পর থেকে জাতীয় ক্রিকেটার শাহাদাত হোসেন লাপাত্তা। তার পরিবার বলছে, বাংলাদেশ ক্রিকেট বোর্ডের সিদ্ধান্তের অপেক্ষায় রয়েছে তারা। এর মধ্যে পুলিশ জানিয়েছে, শাহাদাতকে খুঁজতে অভিযান চলবে। মামলার বাদী খন্দকার মোজাম্মেল হক বলেছেন, একজন সেলিব্রিটি কিভাবে এভাবে লুকিয়ে থাকতে পারে তা তার কাছে প্রশ্ন। শাহাদাত হোসেনের মিরপুরের বাসার মালিক আমেনা বেগম বলেছেন, ঘটনার পর থেকে শাহাদাত তার বাসায় ফিরেনি। বাসার ভেতরে এখনো লাইট জ্বলছে।",23.81,12.2,21.43
news-55530161,জো বাইডেন পরবর্তী প্রেসিডেন্ট হিসেবে শপথ নেবার আগে ট্রাম্প সমর্থক ও উগ্র-দক্ষিণপন্থী গোষ্ঠীগুলো পুরো যুক্তরাষ্ট্র জুড়ে 'সশস্ত্র বিক্ষোভ' করতে পারে বলে সতর্ক করেছে তদন্ত সংস্থা এফবিআই।,"আগামী ২০শে জানুয়ারি জো বাইডেনের শপথ গ্রহণের আগে মার্কিন যুক্তরাষ্ট্রের রাজধানী ওয়াশিংটন ডিসিতে কড়া নিরাপত্তা ব্যবস্থা চালু হচ্ছে। গত ৬ই জানুয়ারি ওয়াশিংটনে ক্যাপিটল ভবনে ট্রাম্প-সমর্থকদের হামলার পর এই নিরাপত্তা ব্যবস্থা নেয়া হচ্ছে। ওই হামলায় পুলিশ সহ মোট ৫ জন নিহত হন। এর আগে গত ৬ই জানুয়ারি ওয়াশিংটনে ক্যাপিটল ভবনে ট্রাম্প-সমর্থকদের হামলার পর থেকেই জো বাইডেনের শপথ গ্রহণকে সামনে রেখে নিরাপত্তা জোরদার করা হচ্ছে। ওই ঘটনায় পুলিশ সহ ৫ জন নিহত হয়। নিরাপত্তা কর্মকর্তারা অবশ্য বলছেন, ৬ই জানুয়ারির মতো নিরাপত্তা বেষ্টনী লঙ্ঘনের ঘটনা আর ঘটতে পারবে না। ওয়াশিংটনে ১০ হাজার ন্যাশনাল গার্ড সেনা মোতায়েন করা হচ্ছে। এফবিআইয়ের একটি অভ্যন্তরীণ বুলেটিন যুক্তরাষ্ট্রের এবিসি নিউজ সহ কয়েকটি সংবাদমাধ্যমে প্রকাশিত হয়। এতে সতর্কবাণী দেয়া হয়, একটি গোষ্ঠী সারা দেশে ফেডারেল, রাজ্য ও স্থানীয় আদালত ভবনগুলোতে 'স্টর্মিং' বা জোর করে ঢুকে পড়ার আহ্বান জানিয়েছে।",6.33,0.0,6.33
news-47810027,আইনি জটিলতায় জমির মালিকানা হারানোর ২৩ বছর পর নিজের ছেলের দক্ষতায় জমির মালিকানা ফিরে পেয়েছেন উগান্ডার এক ব্যক্তি।,"উগান্ডার জর্ডান কিনইয়েরা তার বাবার জমি পুনরুদ্ধার করেছেন। সোমবার হাইকোর্টের দেয়া রায় তার পরিবারের পক্ষে গেছে। মি. কিনইয়েরা বলেন, তার বয়স যখন ৬ বছর, সেসময় তার পরিবার জমির মালিকানা হারায় এবং ঐ ঘটনা তার জীবন চিরতরে বদলে দিয়েছিল। মি. কিনইয়েরা বলেন, ""ন্যায়বিচার বিলম্বিত হওয়া মানেই ন্যায়বিচার বঞ্চিত হওয়া। আমার বাবার বর্তমান বয়স ৮২ এবং এই জমি দিয়ে তিনি কিছুই করতে পারবেন না।""",10.0,2.56,7.5
news-47312908,"পুরান ঢাকার চকবাজারে শাহী মসজিদের কাছে একটি ভবনে লাগা আগুন প্রায় নিয়ন্ত্রণে এসেছে বলে বলে জানিয়েছে ফায়ার সার্ভিস। সংস্থার একজন পরিচালক বলছেন, এ পর্যন্ত ১২জন মানুষের মৃতদেহ উদ্ধার হয়েছে।","ঢাকার চকবাজারে একটি ভবনে আগুন লাগার ঘটনায় এখন পর্যন্ত ১২ জনের মৃতদেহ উদ্ধার করা হয়েছে। ফায়ার সার্ভিসের পরিচালক কর্নেল এসএম জুলফিকার রহমান এ তথ্য জানিয়েছেন। তিনি জানিয়েছেন, উদ্ধার করা মৃতদেহের বেশির ভাগই নারী ও শিশু। এখনো ভবনটির ভেতরে আরও মৃতদেহ থাকতে পারে বলে তিনি মনে করেন। বুধবার রাত সাড়ে ১০টার পর পুরান ঢাকার চকবাজারে শাহী মসজিদের কাছে ওয়াহিদ ম্যানসন নামের ভবনটিতে আগুন লাগে। এরপর আগুন আশেপাশের অন্য ভবনগুলোতে ছড়িয়ে পড়ে। এখনো আগুন নিয়ন্ত্রণে আনা সম্ভব হয়নি।",34.29,13.59,17.14
news-49072382,ইসরায়েলের মরুভূমিতে এমন একটি মসজিদের সন্ধান পাওয়া গেছে যা ইসলামের শুরুর দিকে নির্মাণ করা হয়েছিল।,"ইসরায়েলের নেগেভ মরুভূমিতে প্রায় ১২০০ বছর আগে নির্মিত একটি মসজিদের ধ্বংসাবশেষ পাওয়া গেছে। এটি ইসরায়েলে আবিষ্কৃত সবচেয়ে প্রাচীন মসজিদ। প্রত্নতত্ত্ববিদদের মতে, এটি সপ্তম বা অষ্টম শতাব্দীতে নির্মিত হয়েছিল। মসজিদটি একটি খোলা জায়গায় অবস্থিত এবং একটি মিহরাব রয়েছে যা মক্কার দিকে মুখ করা। গবেষকরা বিশ্বাস করেন যে স্থানীয় কৃষকরা এই মসজিদে নামাজ পড়তে আসতেন। ইসরায়েলি কর্তৃপক্ষ এই প্রাচীন মসজিদের তথ্য তুলে ধরছে।",26.32,5.41,23.68
news-56631353,বাংলাদেশে রাজধানী ঢাকার নিকটবর্তী নারায়ণগঞ্জে শীতলক্ষ্যা নদীতে একটি লঞ্চ ডুবে গেছে। লঞ্চটিতে অন্তত ৩৫ জন যাত্রী ছিলেন বলে কর্মকর্তারা জানাচ্ছেন।,নারায়ণগঞ্জের কয়লাঘাট এলাকায় শীতলক্ষ্যা নদীতে একটি লঞ্চ ডুবে যাওয়ার ঘটনায় অন্তত ৩৪ জন নিহত হয়েছেন। নিহতদের মধ্যে ১৫ জন শিশু রয়েছে। নারায়ণগঞ্জের মুন্সীগঞ্জ থেকে নারায়ণগঞ্জের উদ্দেশ্যে যাত্রা করছিল ওই লঞ্চটি। রবিবার বিকেলে সেটি একটি মালবাহী জাহাজের সঙ্গে ধাক্কা লাগার পর ডুবে যায়।,22.58,13.33,22.58
news-49995694,"পাকিস্তানের একজন ডাক্তার, যিনি আল কায়েদা নেতা ওসামা বিন লাদেনকে খুঁজে বের করতে যুক্তরাষ্ট্রকে সাহায্য করেছিলেন, তার কারাদণ্ডের আদেশের বিরুদ্ধে আপিল করেছেন।",পাকিস্তানের একজন চিকিৎসক ডা. শাকিল আফ্রিদির বিরুদ্ধে মামলার শুনানি শুরু হয়েছে। তিনি ওসামা বিন লাদেনকে খুঁজে বের করার মার্কিন অভিযানে সহায়তা করার কারণে পাকিস্তানে কারাবন্দি। ডা. আফ্রিদির মামলাটি ২২শে অক্টোবর পর্যন্ত মুলতবি রাখা হয়েছে। তিনি দাবি করেছেন যে তার বিচার ন্যায়সঙ্গত নয়। ওসামা বিন লাদেনকে খুঁজে বের করার জন্য ডা. আফ্রিদি মার্কিন যুক্তরাষ্ট্রে একজন বীর হিসেবে বিবেচিত হলেও পাকিস্তানে তাকে বিশ্বাসঘাতক মনে করা হয়। তার কারণে মার্কিন নেভি সিলরা পাকিস্তানের ভেতরে প্রবেশ করে ওসামা বিন লাদেনকে হত্যা করতে সক্ষম হয়েছিল। এই ঘটনার পর পাকিস্তানের সেনাবাহিনী ওসামা বিন লাদেনের অবস্থান সম্পর্কে জানতো কিনা তা নিয়ে প্রশ্ন উঠেছে। ডা. আফ্রিদি খাইবারের উপজাতি অঞ্চলের একজন শীর্ষ চিকিৎসক এবং স্বাস্থ্য বিভাগের প্রধান ছিলেন। তিনি মার্কিন অর্থায়নে পরিচালিত টিকাদান কর্মসূচীর তত্ত্বাবধান করেছেন।,15.83,7.3,12.95
news-48409940,বাংলাদেশে প্রধানমন্ত্রী শেখ হাসিনা ঢাকা-চট্টগ্রাম মহাসড়কে মেঘনা এবং গোমতী নদীর উপর নতুন তৈরি দুটো সেতুসহ বেশ কয়েকটি অবকাঠামো প্রকল্পের উদ্বোধন করেছেন ।,"ঢাকা-চট্টগ্রাম মহাসড়কের মেঘনা ও গোমতী নদীর উপর নতুন দুটি সেতু চালু হয়েছে। এই সেতু দুটি আগে থেকেই ছিল, কিন্তু সেগুলো মাত্র দুই লেনের ছিল। ফলে প্রায়শই সেখানে যানজট লেগে থাকত। নতুন সেতু দুটি চালু হওয়ার ফলে এখন যানজট কমবে বলে আশা করা হচ্ছে। বাংলাদেশ প্রকৌশল বিশ্ববিদ্যালয়ের অধ্যাপক শামসুল আলম বলেছেন, উন্নয়ন পরিকল্পনায় সমন্বিত চিন্তা না থাকলে এমন বিপত্তি ঘটতে পারে। তিনি বলেছেন, ব্রিজকে বলা হয় বটলনেক, এই বটলনেক ছুটিয়ে দিতে হবে। গত ১০ বছরে যোগাযোগের ব্যবস্থায় বহু প্রকল্প নেয়া হয়েছে, কিন্তু সেসব প্রকল্প শেষ হলে নতুন আরেকটি সমস্যা সামনে হাজির হচ্ছে।",12.28,7.14,12.28
news-49481260,বাংলাদেশের পার্বত্য এলাকায় নিরাপত্তা বাহিনীর জন্য যে সংগঠনটি সবচেয়ে বেশি মাথাব্যথার কারণ হয়ে দাঁড়িয়েছে সেটির নাম ইউনাইটেড পিপলস ডেমোক্রেটিক ফ্রন্ট বা ইউপিডিএফ।,"সম্প্রতি বেশ কিছু সহিংসতার ঘটনার পর পার্বত্য চট্টগ্রামে শান্তি নিয়ে উদ্বেগ বাড়ছে। সরকারের বিরুদ্ধে অস্ত্রধারী সংগ্রাম চালায় এমন একটি সংগঠন ইউপিডিএফ। সংগঠনটির জন্ম হয়েছিল ১৯৯৮ সালে। সংগঠনটি বলছে, তারা রাজনৈতিক দমন-পীড়নের শিকার হচ্ছে। সশস্ত্র বাহিনীর মুখপাত্র জানিয়েছেন, সোমবার খাগড়াছড়িতে সেনাবাহিনীর সাথে 'গোলাগুলিতে' ইউপিডিএফ এর 'তিনজন সন্ত্রাসী' নিহত হয়েছে।",11.27,0.0,8.45
news-45017044,শিক্ষকের নাম উল্লেখ না করলেও সামাজিক যোগাযোগ মাধ্যমে শিক্ষককে নিয়ে করা ব্যঙ্গাত্মক পোস্টের কারণে ঢাকা বিশ্ববিদ্যালয় থেকে বিভিন্ন মেয়াদে বহিষ্কারের ঘটনায় বিস্মিত হয়েছেন শিক্ষার্থীরা।,ঢাকা বিশ্ববিদ্যালয়ের এক শিক্ষার্থী ফেসবুকে একটি পোস্ট দেয়ার কারণে বহিষ্কার হয়েছে। এই ঘটনায় আরও চারজন শিক্ষার্থীকে বহিষ্কার করা হয়েছে। বিশ্ববিদ্যালয়ের একজন শিক্ষকের বিরুদ্ধে অসম্মানজনক মন্তব্য করার অভিযোগে তাদের বহিষ্কার করা হয়। এই সিদ্ধান্তের পর শাস্তি পাওয়া কয়েকজন শিক্ষার্থী ঐ শিক্ষকের কাছে গিয়ে ক্ষমা চাইলেও তিনি তাদের কোনো সহায়তা করতে পারবেন না বলে জানান।,15.58,0.0,5.19
news-51413691,বাংলাদেশের একজন ধর্মীয় বক্তা মিজানুর রহমান আজহারি মালয়েশিয়া চলে যাওয়ার ঘোষণা দেয়ার পর তাকে নিয়ে সামাজিক মাধ্যমে ব্যাপক আলোচনা শুরু হয়েছে।,"বাংলাদেশের একজন জনপ্রিয় ওয়াজ মাহফিলের ধর্মীয় বক্তা মিজানুর রহমান আজহারি দেশ ছেড়ে পালিয়ে যাওয়ার গুজব তৈরি হয়েছে। গত ২৯শে জানুয়ারি ফেসবুকে এক পোস্টে তিনি জানিয়েছিলেন, পরিবেশগত কারণে এবং গবেষণার জন্য তিনি আগামী মার্চ পর্যন্ত সব ওয়াজ মাহফিল বন্ধ রেখে মালয়েশিয়া যাচ্ছেন। তার ঘনিষ্ঠদের অনেকে বলছেন, মি. আজহারি ইতোমধ্যেই মালয়েশিয়া চলে গেছেন বলে তারা জানতে পেরেছেন। তবে এ খবর তার দিক থেকে নিশ্চিত করা যায়নি।",25.88,14.46,21.18
news-47026944,"যোদ্ধা, লড়াকু, হিরো- ক্যান্সার আক্রান্ত ব্যক্তিদের প্রসঙ্গে কথা বলতে গিয়ে আপনি হয়তো কখনো এসব শব্দ ব্যবহার করে থাকতে পারেন।","ক্যান্সার আক্রান্তদের অনেকেই এই ধরনের শব্দে গর্বিত বা আনন্দিত হওয়ার পরিবর্তে মনঃক্ষুণ্ণ হন। যুক্তরাজ্যের ম্যাকমিলান ক্যান্সার সাপোর্ট নামের একটি প্রতিষ্ঠান দুই হাজার ক্যান্সার আক্রান্ত ব্যক্তির ওপর জরিপ চালিয়ে দেখতে পেয়েছে, 'ক্যান্সার আক্রান্ত' বা 'শিকার' শব্দগুলোও তারা খুব অপছন্দ করেন। ক্যান্সারে শনাক্ত হওয়া বা চিকিৎসাকে সহজ এবং বাস্তব শব্দে বর্ণনা করাকেই এই ব্যক্তিরা পছন্দ করেন বলে জরিপে বেরিয়ে এসেছে।",5.19,2.67,5.19
news-45628735,২০১৬ সালের ভারতের উত্তর পূর্বাঞ্চলীয় রাজ্য সিকিমকে সম্পূর্ণ অর্গানিক স্টেট বা কেমিক্যাল ফ্রি রাজ্য হিসেবে ঘোষণা করা হয়।,"সিকিমে চাষবাসে কীটনাশক ব্যবহার নিষিদ্ধ করার পর থেকে সেখানে কৃষি উৎপাদন বেড়েছে। সিকিম সরকারের পরিকল্পনা অনুযায়ী সেখানে কৃষকরা এখন অর্গানিক পদ্ধতিতে চাষবাস করছে। সিকিমের এই অর্গানিক বিপ্লব পুরো ভারতে ছড়িয়ে দেয়া সম্ভব কিনা তা নিয়ে প্রশ্ন তুলেছেন অনেকে। সিকিমের কৃষকরা বলছেন, তারা প্রথমে এই পরিকল্পনার বিরোধিতা করলেও এখন তারা অর্গানিক পদ্ধতিতে চাষবাস করতে অভ্যস্ত হয়ে পড়েছেন।",2.7,0.0,2.7
news-44403732,ভারতের হিন্দু পুণরুত্থানবাদী সংগঠন রাষ্ট্রীয় স্বয়ংসেবক সংঘ বা আরএসএস-এর সদর দপ্তর নাগপুরে বৃহস্পতিবার এক অনুষ্ঠানে যোগ দিয়েছিলেন আজীবন কংগ্রেস রাজনীতির মানুষ ও ভারতের প্রাক্তন রাষ্ট্রপতি প্রণব মুখার্জী।,"ভারতের প্রাক্তন রাষ্ট্রপতি প্রণব মুখার্জী হিন্দু জাতীয়তাবাদী সংগঠন আরএসএস-এর এক সভায় বক্তৃতা করেছেন। তিনি বলেছেন, সহিষ্ণুতা ভারতীয় সংস্কৃতির অঙ্গ। অসহিষ্ণুতা আর ঘৃণা ভারতীয় জাতীয় পরিচয়কে বিপদের মুখে ফেলে দিতে পারে। তিনি আরও বলেছেন, ভারতের জাতীয়তাবাদ কোনও একটি ধর্ম বা জাতির জাতীয়তাবাদ নয়।",33.8,14.49,19.72
news-53595136,ঢাকার পল্লবী থানার ভেতর বিস্ফোরণের দায় ইসলামিক স্টেট স্বীকার করেছে বলে অনলাইনে জিহাদি তৎপরতা পর্যবেক্ষণকারী সংস্থা সাইট ইন্টেলিজেন্স এক টুইটে বুধবার জানানোর পর বাংলাদেশ পুলিশের পক্ষ থেকে জানানো হয়েছে যে এটি কোন সন্ত্রাসী হামলা নয়।,"বাংলাদেশের রাজধানী ঢাকার পল্লবী থানায় গতকাল বুধবার সন্ধ্যায় বোমা বিস্ফোরণের ঘটনায় একজন নিহত হয়েছেন। এই বিস্ফোরণে আহত হয়েছেন আরও তিনজন। বিস্ফোরণের ঘটনাটি ঢাকার পল্লবী থানার একটি কক্ষে ঘটেছে। বাংলাদেশ পুলিশ জানিয়েছে, অপরাধীদের কাছ থেকে উদ্ধার করা একটি বোমা বিস্ফোরিত হয়েছে। তবে কথিত ইসলামিক স্টেট জঙ্গি গোষ্ঠীর কর্মকাণ্ডের উপর নজর রাখে, এমন সংস্থা যুক্তরাষ্ট্রভিত্তিক সাইট ইন্টেলিজেন্স-এর পরিচালকে রিটা কাতজ্ একটি টুইট বার্তায় গতকাল জানান, ঈদুল আজহার আগে আইএস নতুন দফা হামলা প্রক্রিয়ার অংশ হিসাবে ঢাকায় এই হামলা চালিয়েছে বলে তারা দাবি করছে।",25.64,6.96,15.38
news-43488797,সারা বিশ্বে বেঁচে থাকা একমাত্র পুরুষ শ্বেত গণ্ডারটির মৃত্যুর পর এই প্রজাতিব প্রাণীটি 'আনুষ্ঠানিকভাবে' বিলুপ্ত হয়ে গেছে।,"বিশ্বের বিভিন্ন প্রজাতির প্রাণীর মধ্যে ভাকুইয়তা- ডলফিন বা ছোট আকারের তিমি প্রথম দেখা যায় ১৯৫৮ সালে। বন্যপ্রাণী রক্ষায় কাজ করে এরকম একটি দাতব্য সংস্থা ডাব্লিউ ডাব্লিউ এফ- এর প্রধান কলিন বাটফিল্ড বলছেন, ""পরিস্থিতি আসলেই ভয়াবহ।"" প্রকৃতি সংরক্ষণে কাজ করে এরকম আন্তর্জাতিক সংস্থা আই ইউ সি এন এসব প্রাণীর একটি তালিকা তৈরি করেছে।",0.0,0.0,0.0
news-55968327,বাংলাদেশের সহস্রাধিক হাসপাতালে একযোগে শুরু হয়েছে গণ-টিকাদান কর্মসূচি।,"বাংলাদেশে করোনাভাইরাস প্রতিরোধী টিকাদান কর্মসূচি শুরু হয়েছে। স্বাস্থ্যমন্ত্রী জাহিদ মালেক সকালে এই কর্মসূচির উদ্বোধন করেন। এরপর তিনি নিজেও টিকা গ্রহণ করেন। এই গণ-টিকাদান কর্মসূচি শুরু হওয়ার আগে দেশটিতে অক্সফোর্ড-অ্যাস্ট্রাজেনেকা ভ্যাকসিন নিয়ে নানা রকম সমালোচনা চলছিল। স্বাস্থ্যমন্ত্রী বলেছেন, এই টিকা ""সম্পূর্ণ নিরাপদ""। তিনি আহ্বান জানিয়েছেন, ""যেন ভ্যাকসিন নিয়ে কোন গুজব না ছড়ায়""। সরকার বিনামূল্যে পঁয়ত্রিশ লাখ ডোজ টিকা দেবে। প্রথম দফায় সম্মুখ সারির কর্মী ও ৫৫ বছরের অধিক বয়স্ক মানুষকে টিকা দেয়ার কথা। সাতাশে জানুয়ারি টিকা কর্মসূচী শুরু হওয়ার পর ৫ শতাধিক স্বাস্থ্যকর্মীকে টিকা দেয়া হয়। স্বাস্থ্যমন্ত্রী জাহিদ মালেক বলেছেন, মানুষকে উদ্বুদ্ধ করার জন্য অনেক গুরুত্বপূর্ণ মানুষ টিকা নিচ্ছেন। তিনি বলেছেন, ""আমি নিজে ভ্যাক্সিন নেব। সমাজের অনেক গুরুত্বপূর্ণ ব্যক্তি ভ্যাক্সিন নেবেন। তাদের নেয়ার মাধ্যমে আশা করি জনগণ আরো উদ্বুদ্ধ হবে""। সারা বছর ধরে টিকাদান কর্মসূচি চলবে বলে স্বাস্থ্যমন্ত্রী জাহিদ মালেক জানিয়েছেন। তিনি বলেছেন, ""এটি একদিন বা এক মাসের বিষয় না। সারাবছর ধরেই এই ভ্যাকসিন কার্যক্রম চলবে। আমরা সে অনুযায়ী ব্যবস্থা নিয়েছি, যেন দেশের মানুষ করোনাভাইরাস থেকে নিরাপদে থাকে""।",5.95,3.61,5.95
news-50614559,"ভারতের ব্যাঙ্গালোর থেকে বাংলাদেশী সন্দেহে নারী ও শিশুসহ যে ৫৯ ব্যক্তিকে আটক করে গত সপ্তাহে কলকাতা-সংলগ্ন হাওড়ায় নিয়ে আসা হয়েছিল, তাদের আর কোনও খোঁজ পাওয়া যাচ্ছে না।","ভারতের কর্তৃপক্ষ ব্যাঙ্গালোর থেকে আটক করা ৫৯ জন বাংলাদেশিকে গোপনে দেশে পুশব্যাক করেছে বলে অভিযোগ উঠেছে। বাংলাদেশ সীমান্তরক্ষী বাহিনী বিজিবির কর্মকর্তারা জানিয়েছেন, গত একমাসে তাদের নিয়ন্ত্রণাধীন সীমান্ত এলাকা থেকে কমপক্ষে ৩০জনকে আটক করা হয়েছে, যারা বৈধ কাগজপত্র ছাড়াই বাংলাদেশে প্রবেশ করার চেষ্টা করছিল। এছাড়াও খুলনা, চুয়াডাঙ্গা এবং ঝিনাইদহ সীমান্তেও অবৈধভাবে প্রবেশের চেষ্টা করা বেশ কয়েকজনকে আটক করা হয়েছে।",16.28,2.38,13.95
news-48953693,"বাংলাদেশের পরিবার পরিকল্পনা অধিদপ্তরের তথ্য অনুযায়ী, ১৯৭৫ সালে সক্ষম দম্পতি প্রায় ৮ শতাংশ জন্মনিয়ন্ত্রণ পদ্ধতি ব্যবহার করতেন আর এখন এ সংখ্যা ৬৩ দশমিক ১ শতাংশ।","বাংলাদেশে জন্মনিয়ন্ত্রণ পদ্ধতি ব্যবহারের হার তেমন একটা বাড়েনি। দেশটিতে জনসংখ্যা বৃদ্ধির হার দুই শতাংশের একটু বেশি। খাবার বড়ি, ইনজেকশন ও কনডম জন্মনিয়ন্ত্রণের ক্ষেত্রে সবচেয়ে জনপ্রিয়। বিশেষ করে খাবার বড়ি ও কনডম সম্পর্কে দেশে কমবেশি সব নারী পুরুষের কিছুটা হলেও ধারণা আছে। স্বাস্থ্যকর্মীরা নারীদের কনডম সম্পর্কে ধারণা দিচ্ছেন।",5.56,2.86,5.56
news-55020008,বাংলাদেশে ফরিদপুরের সালথা উপজেলায় আহলে হাদিস অনুসারীদের একটি মসজিদসহ মাদ্রাসা ভেঙে গুড়িয়ে দেয়ার অভিযোগে মামলার তদন্ত শুরু করা হয়েছে বলে স্থানীয় প্রশাসন জানিয়েছে।,"ফরিদপুরের সালথা উপজেলার কামদিয়া গ্রামে আহলে হাদিস অনুসারীদের একটি মাদ্রাসা ও মসজিদ ভাঙচুর ও পুড়িয়ে দেয়া হয়েছে। মাদ্রাসার পরিচালক ইলিয়াস হোসেন অভিযোগ করেছেন, কয়েকশ লোক হামলা চালিয়ে তাদের মসজিদ মাদ্রাসা মাটির সাথে মিশিয়ে দিয়েছে। তিনি আরও অভিযোগ করেছেন, হামলার পর তারা নিরাপত্তাহীনতায় রয়েছেন। স্থানীয় হেফাজতে ইসলামের নেতারা বলেছেন, কওমী মাদ্রাসার শিক্ষার্থীকে মারধোর করার অভিযোগ ওঠায় উত্তেজিত লোকজন ঘটনাটি ঘটিয়েছে। মামলায় ঘটনার ব্যাপারে স্থানীয় হেফাজতে ইসলাম এবং কওমী মাদ্রাসার সমর্থকদের বিরুদ্ধে অভিযোগ আনা হয়েছে।",18.75,8.51,18.75
news-44747795,দামেস্কে এলে মনে হয় না সিরিয়ায় যুদ্ধ চলছে। দামেস্কের কেন্দ্রে গত সাতবছরের যুদ্ধের কোন আঁচড়ই যেন লাগেনি। অথচ এই দামেস্করই অনেক উপশহর তীব্র লড়াইয়ে রীতিমত ধ্বংসস্তূপে পরিণত হয়েছে।,দামেস্কের পুরোনো শহরে জীবন স্বাভাবিক চলছে। বিশ্বকাপ ফুটবল ম্যাচ দেখার জন্য মানুষ জড়ো হচ্ছে ক্যাফেতে। কিন্তু শহরের বাইরে চলছে যুদ্ধ। বিমান হামলা আর কামানের গোলাবর্ষণ চলছে প্রতিদিন। দামেস্কের প্রান্তরে পূর্ব ঘুটা এলাকায় যুদ্ধের কারণে ধ্বংসযজ্ঞের চিহ্ন রয়েছে। এখানে অনেক বহুতল ভবন শেলের আঘাতে গুঁড়িয়ে গেছে। এলাকার বেশিরভাগ মানুষ পালিয়ে গেছে। যারা আছে তারা যুদ্ধের ভয়ে অনেক কষ্টে দিন কাটাচ্ছে।,11.49,0.0,11.49
news-52102600,বাংলাদেশে আসন্ন বাংলা নববর্ষের অনুষ্ঠান বন্ধ রাখার জন্য আহবান জানিয়েছেন প্রধানমন্ত্রী শেখ হাসিনা।,বাংলা নববর্ষের অনুষ্ঠান বন্ধ রাখার জন্য জেলা প্রশাসকদের প্রতি আহবান জানিয়েছেন প্রধানমন্ত্রী শেখ হাসিনা। করোনাভাইরাস মোকাবেলায় সরকারি ছুটি আরো বাড়ানো হতে পারে বলেও তিনি ইঙ্গিত করেন। করোনাভাইরাসে আক্রান্ত হলে গোপন না করার আহবান জানান তিনি।,45.83,39.13,45.83
news-50786181,"বাংলাদেশের দু'জন মন্ত্রীর পূর্বনির্ধারিত ভারত সফর বাতিল করার পর তা নিয়ে নানা আলোচনার মুখে ক্ষমতাসীন আওয়ামী লীগের সাধারণ সম্পাদক ওবায়দুল কাদের বলেছেন, এখন বিজয় দিবসের আগে রাষ্ট্রীয় কাজে ব্যস্ততার কারণে মন্ত্রীরা এই সফর বাতিল করেছেন।","বাংলাদেশের পররাষ্ট্রমন্ত্রী একে আব্দুল মোমেন এবং স্বরাষ্ট্রমন্ত্রী আসাদুজ্জামান খান শেষ মুহূর্তে তাদের ভারত সফর বাতিল করেন। বাংলাদেশের সরকার জানিয়েছে, পররাষ্ট্র প্রতিমন্ত্রী এবং সচিব বিদেশে থাকার কারণে মন্ত্রী ভারত সফরে যাননি। এই সফর বাতিলের ঘটনাটি ঘটেছে ভারতের এনআরসি এবং নাগরিকত্ব সংশোধনী আইন পাসের পর পরই।",20.0,7.69,17.5
news-56762989,"বাংলাদেশে করোনাভাইরাসে আক্রান্ত হয়ে গত নয় দিনেই মারা গেছে ৭১৯ জন, যার মধ্যে ৬৯৩ জনই মারা গেছে হাসপাতালে। চিকিৎসক ও বিশেষজ্ঞরা বলছেন দ্রুত ফুসফুস সংক্রমণ ছাড়াও বছরের শুরুতে রোগটির প্রতি অবহেলার কারণেই অনেকে এখন সংকটাপন্ন অবস্থায় হাসপাতালে যাচ্ছেন।","বাংলাদেশে করোনাভাইরাসে আক্রান্ত হয়ে এখন পর্যন্ত ১০ হাজার ৮১ জনের মৃত্যু হয়েছে। গত ২৪ ঘণ্টায় ৯৪ জনের মৃত্যু হয়েছে। বাংলাদেশের হাসপাতালগুলোতে এখন আইসিইউ বেড রোগীতে পরিপূর্ণ। বঙ্গবন্ধু শেখ মুজিব মেডিকেল বিশ্ববিদ্যালয়র আইসিইউ বিভাগের কনসালটেন্ট সাজ্জাদ হোসেন বলছেন, এখন শুরুতেই দ্রুত সংকটাপন্ন হওয়ার পরে হাসপাতালে আসছেন অনেক রোগী। জনস্বাস্থ্য বিশেষজ্ঞ ও ব্র্যাক বিশ্ববিদ্যালয়ের অধ্যাপক কাওসার আফসানা বলছেন, এবার সেকেন্ড ওয়েভ শুরুর আগে দু'মাস মানুষ যেমন গুরুত্ব দেয়নি তেমনি কর্তৃপক্ষের দিক থেকেও সেকেন্ড ওয়েভ বা দ্বিতীয় ঢেউয়ের যথাযথ প্রস্তুতি নেয়া হয়নি।",18.64,5.17,15.25
news-48161906,শক্তিশালী ঘূর্ণিঝড় ফণী দুর্বল হয়ে বাংলাদেশে প্রবেশ করলেও দেশটির বিভিন্ন জায়গায় গাছ বা ঘরের নীচে চাপা পড়ে কমপক্ষে পাঁচজনের নিহত হওয়ার খবর পাওয়া গেছে।,"বঙ্গোপসাগরে সৃষ্ট ঘূর্ণিঝড় ফণী ভারতের উড়িষ্যা রাজ্যে আঘাত হানার পর বাংলাদেশের উপর দিয়ে যাচ্ছে। এর আঘাতে ভারতের উড়িষ্যা রাজ্যে আটজন নিহত হয়েছে। বাংলাদেশে ফণীর প্রভাবে বিভিন্ন জায়গায় প্রতিকূল আবহাওয়া তৈরি হয়েছে। এখানে কমপক্ষে ছয়জন মারা গেছে। এদিকে বাংলাদেশের দুর্যোগ ব্যবস্থাপনা ও ত্রাণ মন্ত্রণালয় জানিয়েছে, উপকূলের ১৯টি জেলায় আশ্রয়কেন্দ্রে আশ্রয় নেয়া ১৬ লাখের বেশি মানুষ বাড়ি-ঘরে ফিরতে শুরু করেছেন।",19.28,4.94,16.87
news-49861894,বাংলাদেশের প্রধানমন্ত্রী শেখ হাসিনা জাতিসংঘের ৭৪তম সাধারণ পরিষদের ভাষণে রোহিঙ্গা প্রসঙ্গ উত্থাপন করে বলেন যে মিয়ানমার ও তাদের নাগরিকদের মধ্যকার সমস্যার বোঝা বহন করতে হচ্ছে বাংলাদেশকে। আন্তর্জাতিক সম্প্রদায়ের কাছে তিনি আহ্বান রাখেন যেন তারা এই সংকটের বিষয়টি উপলব্ধি করে।,"জাতিসংঘের ৭৪তম সাধারণ পরিষদে বাংলাদেশের প্রধানমন্ত্রী শেখ হাসিনা বলেছেন, রোহিঙ্গা সমস্যা এখন আর শুধু বাংলাদেশের মধ্যেই সীমাবদ্ধ নয়, বরং এটি একটি আঞ্চলিক নিরাপত্তার বিষয় হয়ে উঠেছে। তিনি উল্লেখ করেছেন যে, মিয়ানমারের রাখাইন প্রদেশে সুরক্ষা, নিরাপত্তা ও চলাফেরার স্বাধীনতা এবং অনুকূল পরিবেশ সৃষ্টি না হওয়ায় এখনও পর্যন্ত একজন রোহিঙ্গাও মিয়ানমারে ফিরে যায়নি। শেখ হাসিনা আরও বলেছেন, রোহিঙ্গাদের নিরাপদ, সুরক্ষিত ও সম্মানের সঙ্গে স্বেচ্ছায় রাখাইনে নিজ বাড়িতে ফিরে যাওয়ার মাধ্যমেই এই সমস্যার সমাধান সম্ভব।",23.42,9.17,14.41
news-54701290,কট্টর ইসলামের বিরুদ্ধে ফ্রান্স সরকারের কঠোর অবস্থান নিয়ে বিতর্কের মধ্যেই তুরস্কের প্রেসিডেন্ট রেচেপ তায়েপ এরদোয়ান ফরাসী পণ্য বর্জনের আহ্বান জানিয়েছেন।,"ফ্রান্সের প্রেসিডেন্ট এমানুয়েল ম্যাক্রঁ ইসলামের বিরুদ্ধে মন্তব্য দেয়ার জের ধরে তুরস্কের প্রেসিডেন্ট রেজেপ তাইয়েপ এরদোয়ান ফ্রান্সের পণ্য বয়কটের আহ্বান জানিয়েছেন। তিনি বলেছেন, ফ্রান্স মুসলমানদের প্রতি যে আচরণ করছে তা দ্বিতীয় বিশ্বযুদ্ধের আগে ইউরোপে ইহুদিদের প্রতি করা আচরণের মতো। ফ্রান্সের প্রেসিডেন্ট ম্যাক্রঁ ইসলাম ধর্মের বিরুদ্ধে কথা বলার অভিযোগে সমালোচিত হচ্ছেন। তুরস্কের প্রেসিডেন্ট রেজেপ তাইয়েপ এরদোয়ান ফ্রান্সের প্রেসিডেন্টকে সমালোচনা করে বলেছেন, ধর্মনিরপেক্ষতার নামে ইসলামের বিরুদ্ধে কথা বলা ঠিক নয়।",20.69,7.06,18.39
news-44888144,বাংলাদেশে এইচএসসি ও সমমানের পরীক্ষায় জিপিএ-৫ পাওয়ার সংখ্যা গত তিন বছরে প্রায় অর্ধেকে নেমে এসেছে। উল্লেখযোগ্যভাবে কমেছে পাশের হারও।,এইচএসসি ও সমমানের পরীক্ষার ফলাফল প্রকাশ করা হয়েছে। এবার পাসের হার গত বছরের তুলনায় কমেছে। এবার পাস করেছে ১৩ লাখের কিছু বেশি শিক্ষার্থীর মধ্যে ৭৩ দশমিক ৯২ শতাংশ। গত বছর এই হার ছিল ৭৮ দশমিক ৫৫ শতাংশ। এবার জিপিএ-৫ পেয়েছে ২৯ হাজার ৫৫৫ জন। গত বছর এই সংখ্যা ছিল ৩৮ হাজার ২৪৩ জন। শতভাগ পাস করা প্রতিষ্ঠানের সংখ্যাও কমেছে। এবার শতভাগ পাস করেছে ৪৮টি প্রতিষ্ঠান। গত বছর এই সংখ্যা ছিল ৫৫টি। এবার মেধা তালিকায় প্রথম অবস্থানে রয়েছে ঢাকা বিভাগ। এবার মোট ১৩ লাখ ৬৫ হাজার ৮৯৭ জন পরীক্ষার্থী পরীক্ষায় অংশ নিয়েছিল। এদের মধ্যে ১০ লাখ ২৩ হাজার ৮৭২ জন পরীক্ষায় উত্তীর্ণ হয়েছে। এবার ছাত্রীরা ছাত্রদের চেয়ে এগিয়ে। ছাত্রীরা যারা পরীক্ষা দিয়েছে তাদের মধ্যে ৭৪ দশমিক ৮০ শতাংশ পাস করেছে। আর ছাত্রদের মধ্যে পাসের হার ৭৩ দশমিক ৩৩ শতাংশ।,12.08,4.08,9.4
news-45192357,বাংলাদেশের সরকারি চাকরিতে কোটা সংস্কারের জন্য উদ্দেশ্যে হওয়া আন্দোলনের যুগ্ম-আহবায়ক লুৎফুন্নাহার লুমাকে সিরাজগঞ্জ থেকে আটক করেছে পুলিশ।,কোটা সংস্কার আন্দোলনের যুগ্ম আহবায়ক লুৎফুন্নাহার লুমাকে সিরাজগঞ্জের বেলকুচি থেকে গ্রেপ্তার করেছে পুলিশ। তার বিরুদ্ধে তথ্য-প্রযুক্তি আইনের আওতায় অভিযোগ আনা হয়েছে। লুমাকে জিজ্ঞাসাবাদ করতে পুলিশের বিশেষ দল তাকে ঢাকায় নিয়ে গেছে। কোটা সংস্কার আন্দোলনের শীর্ষ নেতাদের অনেকেই সম্প্রতি বিভিন্ন অভিযোগে গ্রেপ্তার হয়েছেন। এর আগে ঢাকা বিশ্ববিদ্যালয়ের একজন ছাত্রীকেও গ্রেপ্তার করা হয়েছে।,25.71,14.71,25.71
news-43403165,"বাংলাদেশের ট্যুর অপারেটররা বলছেন, নেপালের কাঠমান্ডুতে বেসরকারি বিমান ইউএস বাংলার বিমান দুর্ঘটনার পর থেকে অনেক বাংলাদেশি নেপালে যাওয়ার পরিকল্পনা বাতিল করছেন।",নেপালের কাঠমান্ডুতে বিমান দুর্ঘটনার পর বাংলাদেশ থেকে নেপালে বেড়াতে যাওয়ার পরিকল্পনা বাতিল করছেন অনেকে। নেপাল বাংলাদেশীদের কাছে একটি জনপ্রিয় ভ্রমণ গন্তব্য হলেও এই দুর্ঘটনার পর অনেকেই এখন সেখানে যাওয়া এড়িয়ে যাচ্ছেন। বিমান দুর্ঘটনার পর বাংলাদেশী পর্যটকরা নেপাল ভ্রমণে আগ্রহ হারিয়ে ফেলছেন বলে জানা গেছে।,36.92,19.05,33.85
news-51321472,করোনাভাইরাসের বিরুদ্ধে চিকিৎসকদের লড়াই করা যেন অনেকটা একটি অজানা বিষয়ের বিরুদ্ধে লড়াই করার মতো হয়ে দাঁড়িয়েছে।,"চীনের উহান শহরের একটি হাসপাতালে চিকিৎসা নেয়া প্রথম ৯৯ জন করোনাভাইরাস রোগীর স্বাস্থ্য বিশ্লেষণ করা হয়েছে। এই বিশ্লেষণে দেখা গেছে, তাদের প্রত্যেকেরই নিউমোনিয়া হয়েছিল। এছাড়া তাদের মধ্যে ৮২ জনের জ্বর, ৮১ জনের কাশি, ৩১ জনের শ্বাসকষ্ট ছিল। এদের মধ্যে ৬১ বছর বয়সী এক ব্যক্তি মারা যান। তার তীব্র শ্বাসকষ্ট হয়েছিল। একটি ভেন্টিলেটর লাগানো সত্ত্বেও তার মৃত্যু হয়। এছাড়াও দেখা গেছে, যাদের বয়স ৬০ বছরের বেশি তাদের মধ্যে মৃত্যুর হার বেশি।",4.65,0.0,4.65
news-43791290,সিরিয়া যুদ্ধ শুরু হওয়ার পর থেকে সাত বছরে ১০ লাখেরও বেশী মানুষ সিরিয়া থেকে পালিয়ে আশ্রয় নিয়েছে পার্শ্ববর্তী দেশ লেবাননে।,"সিরিয়া যুদ্ধ শুরু হওয়ার পর থেকে ১০ লাখেরও বেশী মানুষ আশ্রয় নিয়েছে পার্শ্ববর্তী দেশ লেবাননে। সিরিয়ার গৃহযুদ্ধে বৈদেশিক শক্তিগুলোর অন্তর্ভূক্তি অবস্থা আরো খারাপ করছে বলে মনে করেন অনেকে। সাম্প্রতিক মিসাইল আক্রমণকে যুক্তরাষ্ট্র, যুক্তরাজ্য বা ফ্রান্স আসাদ সরকারের বিরুদ্ধে অভিযান বললেও সিরিয়ানরা সেরকম মনে করে না।",46.15,38.1,46.15
news-57115011,"ইসরায়েলি এবং ফিলিস্তিনিদের মধ্যে লড়াই এখন যেরকম তীব্র হয়ে উঠেছে তা একটি ""পূর্ণাঙ্গ যুদ্ধে"" রূপ নিতে পারে বলে হুঁশিয়ারি দিয়েছে জাতিসংঘ।","ইসরায়েল ও ফিলিস্তিনের মধ্যে সংঘাত শুরু হয়েছে বেশ কয়েক দশক আগে। বিংশ শতাব্দীর শুরুর দিকে ব্রিটিশরা ফিলিস্তিনের নিয়ন্ত্রণ নেয়। তখন ফিলিস্তিনে যারা থাকতো তাদের সংখ্যাগরিষ্ঠ ছিল আরব, সেই সঙ্গে কিছু ইহুদী, যারা ছিল সংখ্যালঘু। কিন্তু এই দুই সম্প্রদায়ের মধ্যে উত্তেজনা বাড়তে শুরু করলো যখন আন্তর্জাতিক সম্প্রদায় ব্রিটেনকে দায়িত্ব দিল ইহুদী জনগোষ্ঠীর জন্য ফিলিস্তিনে একটি রাষ্ট্র প্রতিষ্ঠার। ইহুদীরা এই অঞ্চলকে তাদের পূর্বপুরুষদের দেশ বলে দাবি করে। কিন্তু আরবরাও দাবি করে এই ভূমি তাদের। উনিশশো চল্লিশ দশকের শেষের দিকে ইউরোপ থেকে দলে দলে ইহুদীরা ফিলিস্তিনে যেতে শুরু করে এবং তাদের সংখ্যা বাড়তে থাকে। ফিলিস্তিনে তখন ইহুদী আর আরবদের মধ্যে সহিংসতা শুরু হলো, একই সঙ্গে সহিংসতা বাড়ছিল ব্রিটিশ শাসনের বিরুদ্ধেও। উনিশশো সাতচল্লিশ সালে জাতিসংঘে এক ভোটাভুটিতে ফিলিস্তিনকে দুই টুকরো করে দুটি পৃথক ইহুদী এবং আরব রাষ্ট্র গঠনের কথা বলা হলো। জেরুজালেম থাকবে একটি আন্তর্জাতিক নগরী হিসেবে। ইহুদী নেতারা এই প্রস্তাব মেনে নেন, কিন্তু আরব নেতারা প্রত্যাখ্যান করেন। এর পরের বছর ইসরায়েল রাষ্ট্র প্রতিষ্ঠা পায়। এরপর থেকেই চলছে সংঘাত।",4.55,0.0,3.41
news-54091852,আবারও ভারতে সংবাদ শিরোনামে বলিউড। কয়েক সপ্তাহ ধরে সুশান্ত সিং রাজপুতের মৃত্যু - তার বান্ধবী রিয়া চক্রবর্তীর বিরুদ্ধে মাদক যোগের সরগরম থাকার পরে বুধবার সকাল থেকে ভারতের টিভি চ্যানেলগুলোতে শুরু হয়েছে আরেক বলিউড অভিনেত্রী কঙ্গনা রানাওয়াতকে নিয়ে মাতামাতি।,বলিউড অভিনেত্রী কঙ্গনা রানাওয়াতের মুম্বাইয়ের বাড়িতে বেআইনি নির্মাণের অভিযোগে ভাঙ্গচোরা চালায় মুম্বাই পৌরসংস্থা। এর প্রতিবাদে তিনি মুম্বাইকে পাকিস্তান অধিকৃত কাশ্মীরের সঙ্গে তুলনা করেন। এই ঘটনার পর তিনি মহারাষ্ট্রের মুখ্যমন্ত্রী উদ্ধব ঠাকরেকে 'তুই-তোকারি' করে একটি ভিডিও টুইট করেন।,8.0,5.48,8.0
news-44712123,ভারতে হোয়াটসঅ্যাপের মাধ্যমে ছড়ানো গুজবের জেরে একের পর এক গণপিটুনির ঘটনার পর সরকার কার্যত ওই মেসেজিং প্ল্যাটফর্মটির কাছে কৈফিয়ত তলব করেছে।,"ভারতে গণপিটুনি বা সাম্প্রদায়িক দাঙ্গার জন্য হোয়াটসঅ্যাপ ব্যবহার করা হচ্ছে বলে অভিযোগ। হোয়াটসঅ্যাপ কর্তৃপক্ষ বলছে, তারা এই সমস্যার সমাধান খুঁজে বের করতে সরকারের সঙ্গে কাজ করতে প্রস্তুত। তবে এই সমস্যার সমাধান কী হবে তা এখনও পরিষ্কার নয়।",3.45,0.0,3.45
news-48214793,সন্তানের কী নাম রাখা হবে পিতামাতার কাছে সেটি অনেক কঠিন এক চ্যালেঞ্জ। কিন্তু সঠিক নাম বাছাই করে নেওয়া সত্যিই গুরুত্বপূর্ণ।,ব্রিটিশ রাজপরিবারের সদস্য প্রিন্স হ্যারি এবং তার স্ত্রী মেগান মার্কেল তাদের নবজাতক পুত্রসন্তানের নাম রেখেছেন আর্চি হ্যারিসন। ইংল্যান্ড এবং ওয়েলসে পিতামাতাকে তাদের সন্তানের জন্মের ৪২ দিনের মধ্যে তার জন্যে একটি নাম নির্ধারণ করতে হয়। এই সময়ের মধ্যে শিশুর নাম কর্তৃপক্ষের কাছে নিবন্ধন করা না হলে গুণতে হবে বড় অঙ্কের জরিমানা। বিশ্বের বিভিন্ন দেশে শিশুর নাম রাখার নিয়ম কানুন আলাদা আলাদা।,12.5,0.0,10.0
150222_sak_syria_girls_families,"পূর্ব লন্ডনের তিনজন কিশোরী ইসলামিক স্টেটের সাথে যোগ দিতে সিরিয়া চলে গেছে, এ খবর বেরুনোর পর তাদের পরিবারগুলো ব্যাপকভাবে ভেঙে পড়েছে বলে জানা যাচ্ছে।","ইসলামিক স্টেটের সাথে যোগ দিতে সিরিয়ায় গেছে বলে আশংকা করা হচ্ছে। শামীমা বেগম, আমিরা আবাস এবং খাদিজা সুলতানা নামে নিখোঁজ ঐ তিন কিশোরীর পরিবার উদ্বেগ আর উৎকণ্ঠার মধ্যে রয়েছে। গত মঙ্গলবার ঐ তিন কিশোরী লন্ডনের গ্যাটউইক বিমানবন্দর থেকে তুরস্কের ইস্তাম্বুলগামী বিমানে ওঠে।",27.27,12.5,21.21
news-43131130,বাংলাদেশের টি-টোয়েন্টি দলে মাশরাফি বিন মর্তুজা চাইলে খেলতে পারেন - এ কথা জানিয়েছেন বাংলাদেশ ক্রিকেট বোর্ডের সভাপতি নাজমুল হাসান।,"বাংলাদেশ ক্রিকেট বোর্ড চাইছে যে মাশরাফি বিন মর্তুজা টি-টোয়েন্টি দলে ফিরে আসুক। বাংলাদেশ ক্রিকেট বোর্ডের সভাপতি নাজমুল হাসান বলেছেন, মাশরাফি বিন মর্তুজা যদি টি-টোয়েন্টি দলে ফিরে আসেন তবে দলের জন্য এটা ভাল হবে। বাংলাদেশ ক্রিকেট বোর্ডের সভাপতি নাজমুল হাসান বলেছেন, তারা মাশরাফি বিন মর্তুজাকে টি-টোয়েন্টি দলে ফিরে আসতে বলেছে।",33.8,26.09,33.8
news-51895998,কুড়িগ্রামের সাংবাদিক আরিফুল ইসলামকে শুক্রবার মধ্যরাতে বাড়ি থেকে তুলে নিয়ে যাওয়ার পর কারাগারে পাঠানো পর্যন্ত তার সাথে কি ঘটেছিল তা তিনি বর্ণনা করেছেন বিবিসির কাছে।,"আরিফুল ইসলাম বলেছেন, তাকে বাড়ি থেকে টেনে-হিঁচড়ে গাড়িতে তোলা হয় এবং তাকে জোর করে গাড়ীতে উঠানো হয়। তিনি বলেন, তাকে অকথ্য ভাষায় গালিগালাজ করা হয় এবং তাকে বলা হয় যে তাকে এনকাউন্টারে দেওয়া হবে। আরিফুল ইসলাম বলেন, তাকে প্রচণ্ড মারধোর করা হয় এবং তার ছবি ও ভিডিও তোলা হয়।",13.33,2.74,10.67
news-41795196,"বিজ্ঞানী স্টিফেন হকিংএর পিএইচডি থিসিস অনলাইনে প্রকাশ করার পর মাত্র কয়েক দিনে তা দেখেছেন ২০ লক্ষেরও বেশি লোক - বলা হচ্ছে, কোন গবেষণাপত্র নিয়ে এত লোকের আগ্রহী হয়ে ওঠা এর আগে আর কখনোই দেখা যায় নি।","স্টিফেন হকিং-এর ১৯৬৬ সালের পিএইচডি থিসিস প্রকাশ করা হয়েছে ইংল্যান্ডের কেমব্রিজ বিশ্ববিদ্যালয়ের ওয়েবসাইটে। প্রথম দিনেই এত লোক এটা পড়ার জন্য হুমড়ি খেয়ে পড়েন যে ওয়েবসাইটটি ক্র্যাশ করে যায়। কেমব্রিজ বিশ্ববিদ্যালয়ের একজন অধ্যাপক বলেছেন, তাদের সংগ্রহশালায় থাকা গবেষণাপত্রের মধ্যে এটি সবচেয়ে বেশি দেখা হয়েছে। স্টিফেন হকিং এখন মোটর নিউরন ডিজিজ নামে এক রোগে আক্রান্ত। তিনি হুইলচেয়ারে চলাফেরা করেন এবং কম্পিউটারের সাহায্যে কথা বলেন। তার বয়েস এখন ৮৪।",19.61,2.0,11.76
news-51276037,করোনাভাইরাসে আক্রান্ত হয়ে নিহতের সংখ্যা ১০৬ জন বলে নিশ্চিত করেছে চীনা কর্তৃপক্ষ।,"চীনের বিভিন্ন শহরে গণপরিবহন বন্ধ রাখা হয়েছে এবং দেশটিতে নতুন করোনাভাইরাসে আক্রান্তের সংখ্যা ৪,০০০ ছাড়িয়েছে। চীন সরকার ভাইরাস সংক্রমণ রোধে ভ্রমণ ও চলাচলে নিষেধাজ্ঞা আরোপ করেছে। উহান শহর, যেখান থেকে ভাইরাসটি ছড়িয়েছে বলে মনে করা হচ্ছে, তা কার্যত বন্ধ করে দেওয়া হয়েছে। চীনের বাইরেও, বিশেষ করে সিঙ্গাপুর ও জার্মানিতে নতুন আক্রান্তের সংখ্যা বাড়ছে। চীন সরকার নববর্ষের ছুটি তিনদিন বাড়িয়েছে এবং যুক্তরাষ্ট্র তার নাগরিকদের চীনা ভ্রমণের সিদ্ধান্ত পুনর্বিবেচনার অনুরোধ করেছে। অন্যান্য দেশও তাদের নাগরিকদের চীন ভ্রমণ না করার নির্দেশনা দিয়েছে এবং কিছু দেশ উহানে আটকে পড়া তাদের নাগরিকদের দেশে ফিরিয়ে পরিকল্পনা করছে। চীনের বাইরে এখনো কারও মারা যাওয়ার খবর আসেনি।",8.93,0.0,7.14
news-53595135,সামাজিক যোগাযোগের প্ল্যাটফর্মগুলোর ওপর নিয়ন্ত্রণ আরোপ করে তুরস্কের সংসদ একটি আইন পাশ করেছে। মানবাধিকার সংগঠনগুলো বলছে এই আইন বাকস্বাধীনতার প্রতি বড় হুমকি।,"তুরস্কের সংসদ গত সপ্তাহে এক নতুন আইন পাস করেছে, যার ফলে সোশাল মিডিয়া প্ল্যাটফর্মগুলোকে তুরস্কে একটি স্থানীয় প্রতিনিধি নিয়োগ করতে হবে। এই আইনের আওতায় যেসব সোশাল মিডিয়া প্ল্যাটফর্মের দশ লাখের বেশি অনুসারী আছে, তাদের তুরস্কে স্থানীয় কার্যালয় থাকতে হবে। নতুন আইন অনুযায়ী সামাজিক যোগাযোগ নেটওয়ার্কে ব্যবহৃত তথ্য তুরস্কে সংরক্ষিত রাখা হবে। তুরস্কের ৮ কোটি ৪০ লক্ষ জনগণের মধ্যে সামাজিক যোগাযোগ প্ল্যাটফর্মগুলো খুবই জনপ্রিয়। সরকার বলছে এই আইনের লক্ষ্য সাইবার অপরাধের বিরুদ্ধে লড়াই এবং ""লাগামহীন ষড়যন্ত্র তত্ত্ব"" থেকে ব্যবহারকারীদের সুরক্ষা দেয়া।",17.65,4.0,11.76
news-48400401,ভারতের নির্বাচনে প্রধানমন্ত্রী নরেন্দ্র মোদীর হিন্দুত্ববাদী দল বিজেপি বিপুল বিজয় পাবার পর পশ্চিমবঙ্গ রাজ্যেও নাগরিকত্ব যাচাইয়ের উদ্যোগ নেয়া হয় কিনা - তা নিয়ে বাংলাদেশের 'চিন্তার কারণ' আছে বলেই মনে করছেন বিশ্লেষকরা।,"ভারতের বিজেপি সরকার বাংলাদেশ সীমান্তসংলগ্ন পশ্চিমবঙ্গে নাগরিক যাচাইয়ের উদ্যোগ নিতে চায়। বিশ্লেষকরা বলছেন, এটি বাংলাদেশের জন্য বিব্রতকর হতে পারে। বাংলাদেশের পররাষ্ট্রমন্ত্রী একে আব্দুল মোমেন বলেছেন, ভারত বাংলাদেশের জন্য অনিষ্টকর কিছু করবে বলে তিনি মনে করেন না।",21.21,3.12,18.18
news-48796160,বাংলাদেশে বরগুনা সরকারি কলেজের সামনে নেয়াজ রিফাত শরীফ নামে এক যুবককে কুপিয়ে হত্যার জন্য ব্যক্তিগত কারণকেই দায়ী করেছে পুলিশ।,"বরগুনায় এক যুবককে প্রকাশ্যে কুপিয়ে হত্যার ঘটনায় জেলার পুলিশ সুপার বলেছেন, ব্যক্তিগত কারণেই এমনটি ঘটেছে। তবে তিনি সেই কারণটি প্রকাশ করেননি। এদিকে পুলিশ সুপার বলেছেন, এ ঘটনায় মোট ১২ জন আসামী এবং তাদের মধ্যে তিনজনকে গ্রেফতার করা হয়েছে।",21.05,7.27,21.05
news-56567798,মিশরের সুয়েজ খালের তীরের বালিতে আটকে পড়া এভার গিভেন নামে বিশালাকৃতির মালবাহী জাহাজটিকে সোমবার মুক্ত করা সম্ভব হয়েছে বলে খালের ব্যবস্থাপনা কর্তৃপক্ষ জানিয়েছে।,"সুয়েজ খালে আটকে পড়া জাহাজটি আংশিক ভাসানো সম্ভব হয়েছে, তবে খালে জাহাজ চলাচল কখন স্বাভাবিক হবে তা এখনও নিশ্চিত নয়। সুয়েজ খাল হলো বিশ্বের সবচেয়ে ব্যস্ততম জলপথগুলোর একটি, এবং এই খালটি বন্ধ হয়ে যাওয়ার ফলে বিশ্বব্যাপী বাণিজ্যে মারাত্মক প্রভাব পড়েছে। জাপানি মালিকানাধীন এভার গিভেন জাহাজটি মঙ্গলবার খালটি অতিক্রম করার সময় বালিতে আটকে যায়, যার ফলে খালে জাহাজ চলাচল বন্ধ হয়ে যায় এবং কয়েকশ জাহাজ জটে আটকে পড়ে।",17.78,9.09,11.11
111021_sm_gaddafi_death,"অগাষ্ট মাসে রাজধানী ত্রিপোলির পতনের পর, সিয়ার্ত-এ গড়ে ওঠে ক্ষমতাচ্যুত নেতা মুয়াম্মার গাদ্দাফির অনুগত বাহিনীর শেষ প্রতিরোধ৻",লিবিয়ার সাবেক প্রেসিডেন্ট মুয়াম্মার গাদ্দাফি বিদ্রোহীদের হাতে নিহত হয়েছেন। গাদ্দাফির মৃত্যুর খবর নিশ্চিত করেছে লিবিয়ার অস্থায়ী সরকার। বৃহস্পতিবার সকালে গাদ্দাফি তার সমর্থকদের শেষ ঘাঁটি সরিয়ে নিতে গিয়ে ফরাসি বিমান হামলার মুখে পড়েন। সেখান থেকে পালিয়ে যাওয়ার সময় বিদ্রোহীরা তাকে আটক করে। বন্দী অবস্থায় তিনি নিহত হন। এর আগে গাদ্দাফির ছেলে মুতাসসিমও বিদ্রোহীদের হাতে নিহত হন।,8.22,0.0,8.22
news-44439646,আমেরিকার কোনো প্রেসিডেন্ট এবং উত্তরে কোরিয়ার কোনো নেতা মুখোমুখি বসে কথা বলবেন কমাস আগেও তা অকল্পনীয় ছিল।,"উত্তর কোরিয়ার সঙ্গে আমেরিকার শীর্ষ বৈঠক নিয়ে বিশ্বজুড়ে নানা ধরনের প্রতিক্রিয়া চলছে। সিঙ্গাপুরে মঙ্গলবার এই বৈঠক অনুষ্ঠিত হতে যাচ্ছে। বিশ্লেষকরা বলছেন, এই বৈঠকে কিছু গুরুত্বপূর্ণ সিদ্ধান্ত হতে পারে। ডোনাল্ড ট্রাম্প এবং কিম জং আন বৈঠকের আগে দুই জনের ব্যক্তিত্ব নিয়ে নানা ধরনের আলোচনা চলছে। বিশ্লেষকরা বলছেন, দুজনের মধ্যে অনেক পার্থক্য থাকলেও তাদের ক্ষমতায় থাকার ধরন একই রকম। উত্তর কোরিয়ার পারমাণবিক অস্ত্র নিয়ে বৈঠকে কোনো সিদ্ধান্ত আসতে পারে কিনা সে বিষয়ে বিশ্লেষকরা সংশয় প্রকাশ করছেন।",8.79,0.0,8.79
news-48488143,ব্রাজিলের ফুটবল তারকা নেইমারের বিরুদ্ধে যৌন হয়রানির অভিযোগ করেছেন প্যারিসের এক নারী।,"নেইমারের বিরুদ্ধে যৌন হয়রানির অভিযোগ আনা হয়েছে। ব্রাজিলীয় পুলিশ জানিয়েছে, প্যারিসের একটি হোটেলে এই ঘটনাটি ঘটেছে। নেইমারের বাবা বলেছেন, এটা তার ছেলের বিরুদ্ধে একটা ফাঁদ। নেইমার বর্তমানে ব্রাজিলের জাতীয় দলের সাথে কোপা আমেরিকার প্রস্তুতি নিচ্ছেন।",29.79,17.78,25.53
news-48924515,"ভারতে নাগরিকদের দেহ থেকে সরকারকে ডিএনএ নমুনা সংগ্রহ ও সংরক্ষরণের অনুমতি দেবে, এমন একটি বিল গতকাল সোমবার পার্লামেন্টে পেশ করা হয়েছে।","ভারতে ডিএনএ প্রোফাইলিং বিল পাস হওয়ার পথে। এই বিলের মাধ্যমে সরকার দেশব্যাপী একটি ডিএনএ ডেটাবেস তৈরি করতে চায়। এই বিলের মাধ্যমে অপরাধীদের ডিএনএ সংগ্রহ করা হবে। এই বিলের বিরোধিতা করছে বিরোধীরা। তারা বলছে, এই বিলের মাধ্যমে মানুষের গোপনীয়তা লঙ্ঘন করা হবে।",19.35,0.0,12.9
news-47685389,আপনি যে পোকাটিকে দেখছেন তার বয়স ৫১ কোটি ৮০ লাখ বছর।,"চীনের এক নদীর পাশে হাজার হাজার জীবাশ্ম পাওয়া গেছে। বিজ্ঞানীরা বলছেন, এই জীবাশ্মগুলো সম্পূর্ণ ভিন্ন কারণ এই প্রাণীগুলোর দেহের কোমল কোষ, যেমন ত্বক, চোখ বা দেহের অন্যান্য অঙ্গপ্রত্যঙ্গগুলো এত বছর পরও সম্পূর্ণ অবিকৃত অবস্থায় রয়েছে। এই জীবাশ্মগুলির নাম দেয়া হয়েছে 'চিঙজিয়াং বাইওটা'। চীনের হুবেই প্রদেশের ডানশুয়ে নদীর তীরে এগুলোকে খুঁজে পাওয়া যায়। বিজ্ঞানীরা সেখান থেকে এপর্যন্ত ২০,০০০ নমুনা সংগ্রহ করেছেন। এর মধ্যে ৪৩৫১টি নমুনা বিশ্লেষণ করা হয়েছে।",2.53,0.0,2.53
news-46411892,আগামী ৩০শে ডিসেম্বরের নির্বাচনে বিএনপির কারাভোগরত চেয়ারপারসন খালেদা জিয়া 'অংশ নিতে পারবেন' - এমন একটা সম্ভাবনা তৈরি হবার ২৪ ঘন্টা পরই আবারো তা নিয়ে গুরুতর অনিশ্চয়তা তৈরি হয়েছে।,বাংলাদেশের সুপ্রিম কোর্ট বিএনপি চেয়ারপারসন খালেদা জিয়ার নির্বাচন করার সম্ভাবনার দুয়ার বন্ধ করে দিয়েছে। বৃহস্পতিবার হাইকোর্টের একটি সিঙ্গেল বেঞ্চ খালেদা জিয়ার দু'টি মামলায় কারাগারে চলমান সাজা স্থগিত করার একটি রায় দেয়। কিন্তু শনিবার সরকারের আপিলের পর সুপ্রীম কোর্টের চেম্বার আদালত সেই রায় স্থগিত করে পূর্ণ বেঞ্চে পাঠায়।,5.33,2.74,5.33
news-44913425,নিকারাগুয়ায় সরকার বিরোধী বিক্ষোভে গত তিন মাসে নিহত হয়েছেন প্রায় সাড়ে তিনশো মানুষ। সাধারণ মানুষের শান্তিপূর্ণ বিক্ষোভে সরকারের সমর্থকরা হামলা চালানোর ফলেই এসব হতাহতের ঘটনা ঘটছে বলে অভিযোগ রয়েছে।,নিকারাগুয়ায় সরকারবিরোধী বিক্ষোভ চলাকালে নিহতদের একজন হোসে পালাসিওসের সমাধিস্থলে তার পরিবার ও বন্ধুরা জড়ো হয়েছেন। পালাসিওসের বয়স ছিল ২৭ বছর। গত তিন মাসে নিকারাগুয়ায় সরকারবিরোধী বিক্ষোভে প্রায় সাড়ে তিনশো মানুষ নিহত হয়েছেন। তাঁদের সবাই প্রেসিডেন্ট ড্যানিয়েল ওর্তেগার পদত্যাগের দাবিতে বিক্ষোভ করেছিলেন। নিকারাগুয়ার প্রেসিডেন্ট ড্যানিয়েল ওর্তেগা একসময় সান্দিনিস্তা বিদ্রোহের নেতা ছিলেন। ওই বিদ্রোহের মাধ্যমেই তিনি নিকারাগুয়ার প্রেসিডেন্ট হন। এখন তার বিরুদ্ধেই দেশটিতে বিক্ষোভ চলছে।,23.91,13.33,17.39
news-50228982,"বর্তমানে পৃথিবীতে যত মানুষ বেঁচে আছে, তাদের আদি বাসস্থান চিহ্নিত করেছেন বিজ্ঞানীরা। তারা বলছেন, বর্তমান পৃথিবীর সব মানুষের এক সময়ের বাসস্থান ছিল জাম্বেজি নদীর দক্ষিণের একটি এলাকায়।","বিজ্ঞানীরা ধারণা করছেন, আফ্রিকার বিশাল হ্রদ ব্যবস্থার কাছাকাছি বাসস্থান তৈরি করেছিলেন আমাদের পূর্বপুরুষরা। যাকে বলা হয় লেক মাকগাডিকাগাদি, যা বর্তমানে শুকিয়ে দিয়ে আঁকাবাঁকা লবণ মরুভূমিতে পরিণত হয়েছে। গবেষকরা বলছেন, জলবায়ু পাল্টে যাওয়ার আগে পর্যন্ত, প্রায় ৭০ হাজার বছর ধরে সেখানে বসবাস করেছেন আমাদের পূর্বপুরুষরা। উর্বর সবুজ করিডোর উন্মুক্ত হওয়ার পর তারা সেখান থেকে সরে যেতে শুরু করে। এভাবে আফ্রিকার বাইরে পরবর্তী অভিবাসন প্রক্রিয়াটি শুরু হয়।",13.04,0.0,6.52
news-52338728,জনসেবায় দানের সংস্কৃতি ব্রিটেনে বহুদিনের। অনেক স্বল্প আয়ের মানুষও নিয়মিত জনসেবার জন্য পকেট থেকে পয়সা বের করে দেন।,"ব্রিটেনের এক শতবর্ষী সাবেক সৈনিক তার শততম জন্মদিনের আগে নিজের বাড়ির সামনের বাগানে ১০০ ল্যাপ হেঁটে জাতীয় স্বাস্থ্য সেবা বিভাগের (এনএইচএস) জন্য কিছু চাঁদা তোলার পরিকল্পনা করেন। তার টার্গেট ছিল হাজার খানেক পাউন্ড, কিন্তু গতকাল (শুক্রবার) পর্যন্ত চাঁদার পরিমাণ দাঁড়ায় ২কোটি ১০ লাখ পাউন্ডেও বেশি (দুই কোটি ৬৩লাখ ডলার)। সাধারণ মানুষের এই বদান্যতায় অভিভূত হয়ে পড়েছেন শতবর্ষী সাবেক এই সৈনিক, যাকে এখন লাঠিতে ভর করে বা অন্যের সাহায্য নিয়ে হাঁটতে হয়।",4.49,0.0,4.49
news-39614805,"বাংলাদেশের ঢাকায় বাস, মিনিবাসে নানা ধরনের অনিয়ম ঠেকাতে বাস মালিকদের পক্ষ থেকে অভিযান শুরু করা হয়েছে । আর এতে সহায়তা দিচ্ছে সরকার।","ঢাকার বাস মালিকদের একটি অংশের দাবি, অতিরিক্ত ভাড়া নেয়া ঠেকাতে তারা সিটিং সার্ভিস বন্ধ করছে। কিন্তু অন্য একটি অংশ এর বিরোধিতা করছে। এদিকে এই অভিযানের কারণে যাত্রীদের ভোগান্তি শুরু হয়েছে। বিভিন্ন বাসের বিরুদ্ধে ভ্রাম্যমাণ আদালত মামলা করেছে।",17.24,3.57,13.79
news-49663506,সৌদি ভিন্নমতাবলম্বী সাংবাদিক জামাল খাসোগজিকে হত্যার আগে এক সৌদি ফরেনসিক বিশেষ তাকে 'কোরবানির পশু' বলে বর্ণনা করেছিল।,"তুরস্কের এক সংবাদপত্রে প্রকাশিত এক অডিও রেকর্ডিং থেকে জানা যায়, সৌদি কনস্যুলেটে জামাল খাসোগজিকে হত্যার আগে তিনি খুনিদের বলেছিলেন, তার মুখ না বাঁধতে। তুর্কী পত্রিকা সাবাহ-এ প্রকাশিত এক প্রতিবেদনে এমনটি দাবি করা হয়েছে। সৌদি কনস্যুলেটের ভেতরে তাকে হত্যার জন্য সৌদি আরব থেকে একটি 'ঘাতক দল' এসে হাজির হয়েছিল বলেও সেই প্রতিবেদনে উল্লেখ করা হয়েছে।",22.22,8.57,22.22
news-49086556,ভারতের প্রধানমন্ত্রী নরেন্দ্র মোদী তাকে বিতর্কিত কাশ্মীর ইস্যুতে মধ্যস্থতা করার অনুরোধ জানিয়েছেন - মার্কিন প্রেসিডেন্ট ডোনাল্ড ট্রাম্পের এই ঘোষণা ভারতকে চরম বিব্রতকর অবস্থায় ফেলে দিয়েছে।,"জি-২০ শীর্ষ বৈঠকের আগে প্রধানমন্ত্রী নরেন্দ্র মোদী এবং মার্কিন প্রেসিডেন্ট ডোনাল্ড ট্রাম্পের সাথে পাকিস্তানের প্রধানমন্ত্রী ইমরান খানের সাক্ষাৎকারের পর ভারত তার অবস্থান পুনর্ব্যক্ত করেছে। ভারতের পররাষ্ট্রমন্ত্রী এস জয়শঙ্কর পার্লামেন্টে বলেছেন, প্রধানমন্ত্রী মোদী কখনও কাশ্মীর ইস্যুতে মার্কিন হস্তক্ষেপের অনুরোধ করেননি। ভারতের বিরোধী দলগুলো এই বিষয়ে প্রধানমন্ত্রীর ব্যাখ্যা চাইছে।",33.33,17.14,22.22
news-44667674,"যুক্তরাষ্ট্রে এক নতুন গবেষণায় বলা হচ্ছে, বায়ু দূষণের সঙ্গে ডায়াবেটিসের ঝুঁকি বাড়ার বেশ গুরুত্বপূর্ণ সম্পর্ক আছে।","বিশ্বজুড়ে ডায়াবেটিসের প্রকোপ বাড়ছে। ওয়াশিংটন ইউনিভার্সিটির স্কুল অব মেডিসিনের বিজ্ঞানীরা অনুমান করছেন, ২০১৬ সালে বিশ্বে প্রতি সাতটি নতুন ডায়াবেটিস কেসের একটির পেছনে আছে ঘরের বাইরের বায়ু দূষণ। সেবছর বিশ্বে শুধুমাত্র বায়ু দূষণের কারণে ৩২ লাখ মানুষ ডায়াবেটিসে আক্রান্ত হয়েছেন। বিজ্ঞানীরা বলছেন, বায়ু দূষণের কারণে শরীরের ইনসুলিন কমে যায়। এর ফলে ব্লাড গ্লুকোজকে শক্তিতে রূপান্তরিত করতে পারে না আমাদের শরীর। বিশ্বে ৪২ কোটি মানুষ ডায়াবেটিসে ভুগছে।",12.35,2.53,7.41
news-56676991,লন্ডনে মিয়ানমারের রাষ্ট্রদূতকে দূতাবাস থেকে বের করে দেওয়ার পর বুধবার তিনি ভবনের বাইরে রাস্তায় তার গাড়িতে রাত কাটিয়েছেন।,মিয়ানমারের লন্ডন দূতাবাসে সামরিক জান্তার সমর্থকরা অধিবেশন করেছে। সামরিক জান্তার নিয়োগ করা নতুন রাষ্ট্রদূতকে স্বীকৃতি না দেওয়ার জন্য ব্রিটিশ সরকারের প্রতি আহবান জানিয়েছেন পদচ্যুত রাষ্ট্রদূত জ জোয়া মিন। মিয়ানমারে সামরিক অভ্যুত্থান-বিরোধী বিক্ষোভে এখনও পর্যন্ত পাঁচশোরও বেশি মানুষ নিহত হয়েছে।,10.34,0.0,10.34
news-53980934,করোনাভাইরাস মহামারি মোকাবেলায় তাইওয়ানের কাছ থেকে উপহার গ্রহণ করার প্রেক্ষাপটে বাংলাদেশের পররাষ্ট্র মন্ত্রণালয়ে টেলিফোন করে নিজেদের দুঃখ পাওয়ার কথা জানিয়েছে চীন।,"বাংলাদেশে প্রভাব বাড়াতে চীন জোর প্রচেষ্টা চালাচ্ছে বলে মনে করা হচ্ছে। বাংলাদেশের পররাষ্ট্র মন্ত্রণালয় জানিয়েছে, তাইওয়ানের সঙ্গে আনুষ্ঠানিক যোগাযোগ নয়। বাংলাদেশ এক চীন নীতিতে বিশ্বাস করে।",25.53,4.44,17.02
news-44094530,বাংলাদেশে সরকারি চাকরিতে কোটা বাতিল নিয়ে আন্দোলনরত শিক্ষার্থীরা বলছে সিদ্ধান্ত ঘোষণার একমাস পরেও প্রধানমন্ত্রীর ঘোষণা প্রজ্ঞাপন আকারে জারি না হওয়ার বিষয়টি হতাশাজনক।,"বাংলাদেশে চলমান কোটা সংস্কার আন্দোলনের মধ্যে প্রধানমন্ত্রী শেখ হাসিনা সংসদে কোটা সংস্কার বাতিলের ঘোষণা দিয়েছেন। কিন্তু এখনো পর্যন্ত এই সিদ্ধান্ত বাস্তবায়িত হয়নি। এই বিষয়ে অনেকেই সন্দেহ প্রকাশ করেছেন এবং রোববার ঢাকা বিশ্ববিদ্যালয়ে বিক্ষোভ করেছেন। জাহাঙ্গীরনগর বিশ্ববিদ্যালয়ের অধ্যাপক শামীমা সুলতানা বলেছেন, সরকার এই বিষয়ে কৌশলী ভূমিকা নিতে চাইছে। তিনি বলেছেন, সামনে নির্বাচন আছে, তাই সরকার এই বিষয়ে ঘাঁটাতে চাইছে না। তবে তিনি বলেছেন, যেহেতু প্রধানমন্ত্রী সংসদে এই সিদ্ধান্ত ঘোষণা করেছেন, তাই এই সিদ্ধান্ত বাস্তবায়িত করা উচিত।",10.31,0.0,8.25
news-57294473,"স্বাধীনতার পর থেকেই আফ্রিকার দেশগুলোতে নিয়মিতভাবে ক্যু বা সামরিক অভ্যুত্থান ঘটে আসছে। পরিস্থিতি নিয়ন্ত্রণে সেনাবাহিনী তার ক্ষমতা ব্যবহার করছে, মালির সাম্প্রতিক অভ্যুত্থান তারই সর্ব-সম্প্রতি উদাহরণ। সে দেশে এক বছরের মধ্যে দু'বার সেনা অভ্যুত্থান ঘটেছে।","গত কয়েক বছর ধরে আফ্রিকায় সামরিক অভ্যুত্থানের ঘটনা বেড়েছে। বিশেষ করে পশ্চিম আফ্রিকায় এই ধরনের ঘটনা বেশি দেখা যাচ্ছে। সাম্প্রতিক সময়ে মালি, মাদাগাস্কার ও মালাউইতে সামরিক অভ্যুত্থান সংঘটিত হয়েছে। এছাড়া নিজের, বুরকিনা ফাসো ও চাদেও সামরিক অভ্যুত্থানের ঘটনা ঘটেছে।",10.67,2.74,10.67
news-45256616,"সানি লিওনের জীবনীর ওপরে নির্ভর করে তৈরী ওয়েব-সিরিজ 'করণজিৎ কৌর'-এর ট্রেলারে একটা দৃশ্য আছে, যেখানে এক সাংবাদিক তাঁকে প্রশ্ন করছেন, ""একজন যৌনকর্মী এবং একজন পর্ণস্টারের মধ্যে ফারাকটা ঠিক কী?""","সানি লিওন বলছেন, তিনি সময়ের সাথে অনেক বদলে গেছেন। তিনি বলছেন, তার চিন্তা-ভাবনা আর জীবন নিয়ে তিনি নিজের কাছে একদম পরিষ্কার। সানি লিওন এখন বলিউডের 'আইটেম নাম্বার' নামে পরিচিত নাচ-গানের চরিত্রগুলোতে অভিনয় করার পরে এখন সিনেমায় চরিত্রাভিনেতা হিসাবেও কাজ করছেন।",5.48,0.0,5.48
news-48088815,"বাংলাদেশের চট্টগ্রামে এক ছাত্রীকে হাত-পা বেঁধে ধর্ষণের অভিযোগ ওঠা কোচিং সেন্টার মালিক র‍্যাবের সঙ্গে গুলি বিনিময়ে নিহত হয়েছেন, বলছে আইন-শৃঙ্খলা রক্ষাকারী বাহিনী।",চট্টগ্রামের লোহাগাড়ার এক কোচিং সেন্টারের মালিক র‍্যাবের সঙ্গে গুলি বিনিময়ে নিহত হয়েছেন। তার বিরুদ্ধে এক ছাত্রীকে হাত-পা বেঁধে ধর্ষণের অভিযোগ ছিল। গত ১২ই এপ্রিল বাবা-মায়ের অনুপস্থিতিতে ওই ছাত্রীর বাসায় গিয়ে তাকে হাত-পা বেঁধে ধর্ষণ করেন কোচিং সেন্টারের পরিচালক ও শিক্ষক। র‍্যাব-৭ এর একটি টহল দলের সঙ্গে গুলিবিনিময়ে রবিবার রাতে ওই ব্যক্তি নিহত হন।,38.1,31.71,26.19
news-48475560,"বাংলাদেশের পুলিশ বলছে, সে দেশে মাদক ইয়াবা সাম্রাজ্যের অন্যতম গডফাদার সাইফুল করিম কথিত বন্দুকযুদ্ধে নিহত হয়েছেন।","বাংলাদেশের সীমান্ত এলাকা টেকনাফে গত বৃহস্পতিবার রাতে গুলিবিদ্ধ হয়ে মারা যান মাদক চোরাচালানি ব্যবসায়ী সাইফুল ইসলাম। তিনি দেশটির সবচেয়ে বড় মাদক চোরাচালানি ব্যবসায়ী হিসেবে পরিচিত ছিলেন। সাইফুল ইসলাম প্রায় নয় মাস ধরে বিদেশে পালিয়ে ছিলেন। সম্প্রতি দেশে ফেরার পর পুলিশ তাকে গ্রেফতার করেছিল। তার মৃত্যু হয়েছে নাফ নদীর পারে, যেখান থেকে তার অপরাধ জীবনের শুরু। সাইফুল ইসলাম টেকনাফ স্থলবন্দরে আমদানি-রপ্তানির ব্যবসা শুরু করেছিলেন এবং পরবর্তীতে ইয়াবা চোরাচালানের সাথে জড়িত হয়েছিলেন। তিনি বাংলাদেশে ইয়াবা চোরাচালানের অন্যতম প্রধান ব্যক্তি হিসেবে পরিচিত ছিলেন।",14.43,0.0,8.25
news-49440609,ডেঙ্গু নিয়ে সতর্ক করতে ও মানুষের মধ্যে আতঙ্ক কাটাতে গণমাধ্যম ও সামাজিক যোগাযোগ মাধ্যমে ঈদ উল আযহার আগে থেকেই বিজ্ঞাপন প্রচার শুরু করেছিলো ঢাকা উত্তর সিটি কর্পোরেশন।,বাংলাদেশে ডেঙ্গু জ্বরে আক্রান্ত রোগীর সংখ্যা বেড়েই চলেছে। গত ২২শে অগাস্ট পর্যন্ত ডেঙ্গু জ্বরে আক্রান্ত রোগীর সংখ্যা ৬০ হাজারের বেশি। এই রোগীদের মধ্যে বেশিরভাগই ঢাকার বাসিন্দা। ডেঙ্গু জ্বরে আক্রান্ত হয়ে মৃত্যুর সংখ্যাও বাড়ছে। এই পরিস্থিতিতে সাধারণ মানুষের মধ্যে ভয় আর আতঙ্ক ছড়িয়ে পড়েছে। ডেঙ্গু প্রতিরোধে সরকারি প্রচেষ্টা চালু রয়েছে। তবে সাধারণ মানুষের মধ্যে এই প্রচেষ্টার প্রতি সচেতনতা তৈরি করা এবং ডেঙ্গু প্রতিরোধে সহায়তা করা খুবই জরুরি।,8.6,2.2,8.6
news-50717116,প্রতিবেশী বাংলাদেশে সংখ্যালঘুদের ওপর নির্যাতন না-থামাটাই নাগরিকত্ব সংশোধনী বিল আনার অন্যতম প্রধান কারণ বলে ভারতের সরকার আজ পার্লামেন্টে দাবি করেছে।,"ভারতের সংশোধিত নাগরিকত্ব আইনের বিরুদ্ধে আসামে ব্যাপক বিক্ষোভ চলছে। এই আইনটি বাংলাদেশ, পাকিস্তান এবং আফগানিস্তান থেকে অমুসলিমদের নাগরিকত্ব দেওয়ার লক্ষ্যে প্রণীত হয়েছে। ভারতের স্বরাষ্ট্রমন্ত্রী অমিত শাহ বলেছেন, এই দেশগুলোতে অমুসলিমরা নিপীড়িত হচ্ছে, তাই তাদের নাগরিকত্ব দেওয়া হবে। কিন্তু বিরোধীরা এই আইনের বিরুদ্ধে তীব্র প্রতিবাদ জানিয়েছে।",6.06,0.0,6.06
news-51308049,বাংলাদেশে ঢাকার দু'টি সিটি করপোরেশন নির্বাচনের আগ মুহুর্তে বহিরাগতদের বিরুদ্ধে পুলিশ র‍্যাবের বিশেষ অভিযান নিয়ে ক্ষোভ প্রকাশ করেছে বিরোধীদল বিএনপি।,"সিটি কর্পোরেশন নির্বাচনের আগে রাজধানীতে বিশেষ অভিযান চালিয়েছে পুলিশ ও র‍্যাব। এই অভিযান নিয়ে ক্ষোভ প্রকাশ করেছে বিরোধীদল বিএনপি। বিএনপি অভিযোগ করেছে, প্রথমদিনে আটককৃতদের অনেকেই বিএনপির নেতা কর্মী। বিএনপির মহাসচিব মির্জা ফখরুল ইসলাম আলমগীর বলেছেন, সরকারের রাজনৈতিক সিদ্ধান্ত থেকে বিএনপি নেতা কর্মিদের টার্গেট করে এই অভিযান চালানো হচ্ছে বলে তারা মনে করছেন।",32.0,19.18,29.33
news-44466636,মার্কিন প্রেসিডেন্ট ডোনাল্ড ট্রাম্পের সাথে উত্তর কোরিয়ার নেতা কিম জং-আনের বৈঠককে বলা হচ্ছে ঐতিহাসিক ঘটনা। সিঙ্গাপুরে এই প্রথম দুটো দেশের নেতারা বৈঠক করলেন।,"উত্তর কোরিয়ার নেতা কিম জং উন এবং মার্কিন প্রেসিডেন্ট ডোনাল্ড ট্রাম্পের মধ্যে সিঙ্গাপুরে ঐতিহাসিক বৈঠক অনুষ্ঠিত হয়েছে। এই বৈঠকের পর দুই দেশের নেতারা যৌথ সমঝোতা স্বাক্ষর করেছেন। এই সমঝোতার মাধ্যমে উত্তর কোরিয়া পারমাণবিক অস্ত্র ত্যাগ করবে বলে জানা গেছে। এছাড়া মার্কিন প্রেসিডেন্ট ডোনাল্ড ট্রাম্প উত্তর কোরিয়ার সমুদ্র সৈকত সম্পর্কে কথা বলেছেন। তিনি বলেছেন, উত্তর কোরিয়ার সমুদ্র সৈকত দারুণ। এখানে দারুণ সুন্দর বাড়িঘর বা কন্ডো হতে পারে। এই বৈঠকের সময় দুই নেতা একসাথে দুপুরের খাবার খেতে যান। সেখানে মার্কিন প্রেসিডেন্ট ফটোসাংবাদিকদের কাছে জানতে চান, তাদেরকে সুন্দর দেখাচ্ছে কিনা।",27.03,14.68,16.22
news-49387185,"প্যারিসের পূর্বাঞ্চলে এক রেস্তোঁরায় একজন খদ্দেরের গুলিতে নিহত হয়েছেন এক ওয়েটার। খবরে বলা হচ্ছে, ওই খদ্দেরের অর্ডার করা স্যান্ডউইচ ওয়েটার যথেষ্ট দ্রুত তৈরি করতে না পারায় খদ্দের কার্যত রেগে গিয়ে তাকে গুলি করেছেন।","ফ্রান্সের রাজধানী প্যারিসের একটি রেস্তোরাঁয় এক ওয়েটারকে গুলি করে হত্যার ঘটনায় খুনের তদন্ত শুরু হয়েছে। ওয়েটারকে বাঁচানোর চেষ্টা করে ব্যর্থ হন অ্যাম্বুলেন্স কর্মীরা। ওয়েটারকে ঘাড়ে গুলি করা হয় এবং ঘটনাস্থলেই তার মৃত্যু হয়। সন্দেহভাজন ওই খদ্দের পালিয়ে গেছে এবং এখনও পলাতক। পুলিশ বলছে, পিৎসা ও স্যান্ডউইচ রেস্তোঁরায় আসা ওই খদ্দের তার অর্ডার করা খাবার পরিবেশন করতে সময় লাগার কারণে ক্ষিপ্ত হয়ে ওঠেন।",21.05,2.15,14.74
news-49474607,প্রতিবেশির হাতে ধর্ষণের শিকার হয়েছিলো নয় বছর বয়সী রাকিব (ছদ্মনাম)। এরপর থেকেই তার আচরণ অস্বাভাবিক হয়ে যায়। সারাদিন চুপচাপ থাকে। অপরিচিত কাউকে দেখলেই ভয় পায়।,"বাংলাদেশে অনেক শিশু যৌন নির্যাতনের শিকার হয়। একজন শিশুর বাবা বলেছেন, তার ছেলে যৌন নির্যাতনের শিকার হয়েছে, কিন্তু তিনি এটা কখনো ভাবেননি যে তার ছেলেও এর শিকার হতে পারে। অনেক ক্ষেত্রেই এই ধরনের ঘটনা প্রকাশ হয় না, এবং মামলাও দায়ের হয় না। একজন ব্যক্তি বলেছেন, তিনি ১৪ বছর বয়সে যৌন নির্যাতনের শিকার হয়েছিলেন, কিন্তু ১৫ বছর ধরে তিনি এটা গোপনে রেখেছিলেন।",6.98,0.0,4.65
news-43193746,শনিবার জাতিসংঘ নিরাপত্তা পরিষদে যুদ্ধবিরতির সিদ্ধান্ত হওয়ার কয়েক ঘন্টা পরেও বিদ্রোহী অধ্যূষিত অঞ্চলে সেনা আক্রমণ চালিয়েছে সিরিয়া।,সিরিয়ার রাজধানী দামাস্কের পার্শ্ববর্তী পূর্ব ঘুটায় গত এক সপ্তাহে সিরিয়ার সরকারী বাহিনীর বোমা হামলায় ৫০০র বেশী মানুষ মারা গেছে। এরপর জাতিসংঘের নিরাপত্তা পরিষদ ৩০ দিনের যুদ্ধবিরতি ঘোষণা করে। ফ্রান্স ও জার্মানি রাশিয়ার প্রেসিডেন্ট ভ্লাদিমির পুতিনের সাথে ফোন-আলাপে জাতিসংঘের সিদ্ধান্ত বাস্তবায়নে সহযোগিতা করার অনুরোধ করে। তবে যুদ্ধবিরতির সময়কালেও সিরিয়ার সরকারি বাহিনী বিদ্রোহীদের বিরুদ্ধে লড়াই চালিয়ে যাচ্ছে।,8.22,0.0,5.48
news-42339323,"ইউটিউবে খেলনা দেখিয়ে রায়ান যতটা মজা করতে পারে, তা দেখে হিংসা হবে যে কোন ছেলের। আর তার ব্যাংক ব্যালান্স দেখে ঈর্ষান্বিত হবে যে কোন প্রাপ্তবয়স্ক মানুষ।","রায়ান হচ্ছে সবচেয়ে বেশি আয় করা ইউটিউব স্টারদের একজন। ছয় বছরের রায়ান ইউটিউবে নতুন নতুন খেলনার মোড়ক খোলা নিয়ে ভিডিও তৈরি করে। গেল বছর রায়ান আয় করেছে এক কোটি দশ লাখ ডলার। ইউটিউবে তার চ্যানেলটির নাম 'রায়ান টয়'স রিভিউ।' নিত্য নতুন খেলনার মোড়ক খোলার পর রায়ান সেসব নিয়ে খেলছে এরকম ভিডিওই সেখানে দেখানো হয়। বিজনেস ম্যাগাজিন 'ফোর্বস' এর হিসেবে রায়ান হচ্ছে সবচেয়ে বেশি আয় করা ইউটিউব স্টারদের একজন। তার অবস্থান এখন আট নম্বরে। ২০১৫ সালে প্রথম ইউটিউবে রায়ানের ভিডিও আপলোড করা হয়েছিল। এ পর্যন্ত ইউটিউবে তার ভিডিওগুলি দেখা হয়েছে ১ হাজার ৭০০ কোটি বার। জুন ২০১৬ হতে জুন, ২০১৭ পর্যন্ত রায়ানের চ্যানেলটি ইউটিউবে দেখা হয়েছে আটশো কোটি বার। রহস্য বালক ইন্টারনেটে খুবই পরিচিত মুখগুলোর একটি হওয়া সত্ত্বেও রায়ানের পরিচয় নিয়ে রয়েছে ব্যাপক রহস্য। তার নামের শেষাংশ কি, রায়ান কোথায় থাকে, কেউ জানে না। রায়ানের বাবা-মা মাত্র অল্প কয়েকবার গণমাধ্যমে সাক্ষাৎকার দিয়েছেন। একটি সাক্ষাৎকারে রায়ানের মা দাবি করেছেন যে যখন তার ছেলের বয়স মাত্র তিন বছর, তখন এই ইউটিউব চ্যানেল করার আইডিয়া রায়ানই দিয়েছিল। তবে রায়ানের মা নিজেও তার নিজের পরিচয় প্রকাশ করেননি। ইউটিউবে রায়ানের প্রথম ভিডিওটি ছিল প্লাস্টিকের ডিম ভেঙ্গে সেখান থেকে খেলনা বের করা। আশি কোটি বার এই ভিডিও দেখা হয়েছে। তার ভিডিও চ্যানেল সাবস্ক্রাইব করে এক কোটি মানুষ। রায়ানের ভিডিওর অন্যতম বৈশিষ্ট্য হচ্ছে তার স্বতস্ফূর্ততা। নিত্য নতুন খেলনা নিয়ে সে যেভাবে খেলে, সেটা লোকে পছন্দ করে। একটি রিভিউতে বলা হচ্ছে যে রায়ানের ভিডিওতে দেখা যায় যে সে কীভাবে খেলনা খোলে, কীভাবে সেগুলি নিয়ে খেলে। এটা শিশুদের খুব ভালো লাগে। রায়ানের ভিডিওতে দেখা যায় যে সে কীভাবে খেলনা খোলে, কীভাবে সেগুলি নিয়ে খেলে। এটা শিশুদের খুব ভালো লাগে।",5.57,0.0,4.18
news-46354210,বাংলাদেশে সংসদ নির্বাচনকে সামনে রেখে সরকারী বিরোধী দলের মনোনয়ন তালিকায় এবার বেশ কিছু তরুণ প্রার্থী রয়েছেন।,"বাংলাদেশের প্রচারণা মৌসুমে সামাজিক যোগাযোগ মাধ্যমে বেশি আলোচনায় এসেছেন শেখ সারহান নাসের তন্ময়। তিনি বাংলাদেশের দক্ষিণাঞ্চলীয় জেলা বাগেরহাটের একটি আসন থেকে আওয়ামী লীগের মনোনয়ন পেয়েছেন। শেখ তন্ময় ফেসবুকে ভাইরাল হয়েছেন তার সুন্দর চেহারা এবং তরুণীদের আগ্রহের কারণে। তিনি বলেছেন, তরুণদের আগ্রহ তৈরি হওয়া স্বাভাবিক এবং তিনি ইতিবাচক মন্তব্যকারীদের প্রতি কৃতজ্ঞ।",3.03,0.0,3.03
news-40843272,বাংলাদেশের হাইকোর্ট পুরনো ঢাকায় আততায়ীদের হাতে নিহত দর্জি দোকানের কর্মী বিশ্বজিৎ দাস হত্যা মামলায় ছাত্রলীগের ছয় জন নেতাকর্মীকে মৃত্যুদণ্ড থেকে রেহাই দিয়েছে।,বাংলাদেশের এক আদালত বিশ্বজিৎ হত্যাকাণ্ড মামলায় দু'জনের মৃত্যুদণ্ড বহাল রেখেছে। একই মামলায় ছয়জনকে খালাস এবং চারজনকে বেকসুর খালাস দেয়া হয়েছে। বিশ্বজিৎ হত্যাকাণ্ডের ঘটনায় নিম্ন আদালত আটজনকে মৃত্যুদণ্ড দিয়েছিল। বিশ্বজিৎ দাস ঢাকার ভিক্টোরিয়া পার্কে এক রাজনৈতিক বিক্ষোভ মিছিলে যোগ দেন। সেখানেই তাকে কুপিয়ে হত্যা করা হয়। ওই হামলার সময় তার বুকে এবং মাথায় গুরুতর আঘাত লাগে।,15.38,2.63,10.26
news-49007806,শিশু ফারজানা ফাইজার বয়স ১৪ মাস হয়েছে মাত্র। ডেঙ্গু রোগে আক্রান্ত হয়ে গত পাঁচ দিন ধরে ঢাকার একটি হাসপাতালে ভর্তি আছে এই শিশুটি।,"ডেঙ্গু আক্রান্ত রোগী সামিয়া রহমানের মেয়ে মাহমুদা আক্তার মিমি ঢাকার একটি হাসপাতালে চিকিৎসাধীন। তিনি বলেন, ""আমার এই ছোট বাচ্চাটা অনেক কষ্ট পাচ্ছে। প্লাটিলেট কমে যাওয়ায় রক্ত দিতে হচ্ছে। স্যালাইন চলছে। সারাদিন কান্নাকাটি করে। কিছু খায়না। ওর জন্য আমাদেরও কষ্টের শেষ নাই""। সামিয়া রহমান বলেন, এখন সিটি কর্পোরেশন যদি মশা ঠিকমত নিয়ন্ত্রণ করতো, আজকে আমাদেরকে এতো কষ্ট করতে হতো না। অন্যের গাফিলতির দায় আমরা কেন নেব? এবারের বর্ষা মৌসুমে অন্য হাসপাতালে চিকিৎসা নিতে আসা ডেঙ্গু রোগীর সংখ্যা অন্য যে কোন বারের চাইতে অনেক বেশি। চলতি বছর বাংলাদেশের সরকারি-বেসরকারি হাসপাতালে ভর্তি হয়েছেন রেকর্ড সংখ্যক ডেঙ্গু আক্রান্ত রোগী।",11.76,5.13,10.08
news-47765086,বনানীর এফ আর টাওয়ারে আগুন লাগার পর প্রায় চার ঘণ্টা চেষ্টার পরে আগুন আয়ত্তে আনে দমকল বিভাগ। পুরোপুরি আগুন নেভাতে সময় লাগে আরো কয়েক ঘণ্টা।,"বনানীর এফ আর টাওয়ারে আগুন লাগার ঘটনায় ২৬ জন নিহত হয়েছেন। আগুন নেভাতে দমকল বাহিনীর প্রায় চার ঘণ্টা সময় লেগেছে। দমকল বাহিনীর ঢাকা বিভাগের কর্মকর্তা দেবাশীষ বর্ধন জানিয়েছেন, মূলত দুটি কারণে আগুন নিয়ন্ত্রণে আনতে দেরি হয়েছে - পানির অভাব এবং সিনথেটিক ফাইবার। আগুন নিয়ন্ত্রণে আনার জন্য প্রচুর পানি দরকার হয়। এক সময় পানির যোগান এবং তা যথাস্থানে দ্রুত সময়ে পৌঁছানো একটি চ্যালেঞ্জ হয়ে দাঁড়ায়। আগুন নিয়ন্ত্রণে আনতে বেশি সময় লাগার এটি একটি কারণ।",28.87,16.84,24.74
news-43940544,জাপানে সুমো কুস্তির কর্তৃপক্ষ 'শুধুমাত্র পুরুষদের' এই খেলা সম্পর্কে গুরুত্বপূর্ণ একটি সিদ্ধান্ত স্থগিত করেছে।,"জাপানের সুমো কুস্তির সাথে নারীদের সম্পর্ক নিয়ে বিতর্ক চলছে। সাধারণত নারীদেরকে এই খেলায় অংশ নিতে দেওয়া হয় না। সম্প্রতি এক ঘটনায় একজন নারী মেয়রকে সাহায্য করতে গিয়ে রিং-এ উঠেছিলেন কিন্তু তাকে সেখান থেকে চলে যেতে বলা হয়। এরপর সেই রিং-এর উপর লবণ ছিটানো হয়। জাপান সুমো এসোসিয়েশন এই বিষয়ে সিদ্ধান্ত নিতে পারেনি। তাদের পরিচালক তোশিও তাকানো বলেছেন, ""এবিষয়ে সিদ্ধান্ত নেওয়া খুব কঠিন।"" এই ঘটনার পর নারী পুরুষের বিষয়টি আবারও সামনে চলে আসে। সাধারণত নারীদেরকে 'অপরিষ্কার' হিসেবে বিবেচনা করার কারণে এই খেলায় তাদেরকে অংশ নিতে দেওয়া হয় না। এমনকি তাদের সেখানে প্রবেশেরও সুযোগ নেই।",7.34,1.87,7.34
news-46328855,"১৯৯২ সালের ৬ডিসেম্বর যা ঘটেছিল, তারই পুনরাবৃত্তি হবে না তো রবিবার? - এই আশঙ্কাতেই ভুগছেন উত্তরপ্রদেশের অযোধ্যার মানুষ।","অযোধ্যায় দুটি হিন্দুত্ববাদী সংগঠনের ডাকা পৃথক সমাবেশে কয়েক লক্ষ মানুষ রামমন্দির তৈরির দাবি নিয়ে হাজির হবে বলে ধারণা করা হচ্ছে। এতে শিবসেনা প্রধান উদ্ধব ঠাকরে অংশ নেবেন। অযোধ্যায় নিরাপত্তা ব্যবস্থা জোরদার করা হয়েছে। আরও পড়ুন: অফিসার্স ক্লাবে ‘গোপন বৈঠক’: কে কী বলছে? দাঙ্গা-সহিংসতার তান্ডব কেন বারবার মুম্বাইতেই? অযোধ্যায় শিবসেনার বিশাল পোস্টার নারী ও শিশুদের নিরাপত্তা নিয়ে শঙ্কা ইশতিয়াক আহমেদ নামে অযোধ্যার এক বাসিন্দা বিবিসিকে বলেছিলেন, ""যেভাবে ভিড় বাড়ছে, তাতে আমাদের অনেকের মনেই একটা সন্দেহ হচ্ছে আবার ৯২ এর মতো কিছু ঘটে যাবে না তো? অনেকেই বাচ্চা আর নারীদের বাইরে পাঠিয়ে দিয়েছে। ঘরে খাবার মজুত করে রেখেছি আমরা সবাই।"" কোনও অপ্রীতিকর পরিস্থিতি যাতে তৈরি না হয়, তার জন্য লাখ খানেক নিরাপত্তা কর্মী অযোধ্যায় নিয়ে যাওয়া হয়েছে। এর মধ্যে রাজ্য সশস্ত্র পুলিশ যেমন আছে, তেমনই রয়েছে কেন্দ্রীয় রিজার্ভ পুলিশও। ""নিরাপত্তা ব্যবস্থা তো সরকার ভালই করেছে। প্রচুর পুলিশ। সরকার আশ্বস্তও করছে আমাদের। কিন্তু একবার কল্যাণ সিংয়ের সরকারের কাছে তো ৯২ সালে আমরা ধোঁকা খেয়েছি। তখনও তো আমাদের আশ্বস্ত করা হয়েছিল। তাই আবারও কোনও ঝামেলা হবে না তো? এই ভয় তো রয়েইছে,"" বলছিলেন শের আলি। অযোধ্যা",6.32,2.13,4.21
news-52197219,২০ বছরেরও বেশি সময় ধরে ভারতে আত্মগোপনে ছিলেন বাংলাদেশের প্রতিষ্ঠাতা রাষ্ট্রপতি শেখ মুজিবুর রহমানের হত্যাকাণ্ডের ঘটনায় মৃত্যুদণ্ডপ্রাপ্ত আব্দুল মাজেদ।,শেখ মুজিবুর রহমান হত্যাকাণ্ডের মৃত্যুদণ্ডপ্রাপ্ত আসামি আব্দুল মাজেদকে গ্রেপ্তার করা হয়েছে। তিনি গত ২০ থেকে ২২ বছর ধরে ভারতে আত্মগোপনে ছিলেন এবং গত মাসের ১৫-১৬ তারিখের দিকে বাংলাদেশে প্রবেশ করেন। পুলিশের কাউন্টার টেররিজম ইউনিট তাকে মিরপুরের গাবতলি এলাকা থেকে গ্রেপ্তার করে এবং তাকে ঢাকার সিএমএম আদালতে হাজির করা হয়।,28.99,11.94,14.49
news-54933566,যুক্তরাষ্ট্রের প্রেসিডেন্ট নির্বাচনে জো বাইডেনের বিজয়ের পর কিছুদিন নীরব থাকলেও অবশেষে সম্ভাব্য ভবিষ্যৎ মার্কিন প্রেসিডেন্টকে অভিনন্দন জানিয়েছে চীন।,মার্কিন প্রেসিডেন্ট নির্বাচনে জয়ের পর জো বাইডেনকে অভিনন্দন জানিয়েছে চীন। তবে রাশিয়া এখনও অভিনন্দন জানায়নি। বিশ্বের বিভিন্ন দেশের নেতারা জো বাইডেনকে ফোন করে অভিনন্দন জানাচ্ছেন। মার্কিন প্রেসিডেন্ট নির্বাচনে জয়ের পর জো বাইডেনকে অভিনন্দন জানিয়েছে চীন। তবে রাশিয়া এখনও অভিনন্দন জানায়নি। বিশ্বের বিভিন্ন দেশের নেতারা জো বাইডেনকে ফোন করে অভিনন্দন জানাচ্ছেন। মার্কিন প্রেসিডেন্ট নির্বাচনে জয়ের পর জো বাইডেনকে অভিনন্দন জানিয়েছে চীন। তবে রাশিয়া এখনও অভিনন্দন জানায়নি। বিশ্বের বিভিন্ন দেশের নেতারা জো বাইডেনকে ফোন করে অভিনন্দন জানাচ্ছেন।,17.2,6.59,17.2
news-46541363,"""দ্যা গার্ডিয়ান্স এন্ড দ্য ওয়ার অন ট্রুথ।"" যুক্তরাষ্ট্রের বিখ্যাত টাইম সাময়িকী ২০১৮ সালে যাদের বছরের আলোচিত চরিত্র বলে বাছাই করেছে তাদের এভাবেই বর্ণনা করেছে। এরা সবাই বিশ্বের বিভিন্ন দেশে নিপীড়ন-নির্যাতনের শিকার হওয়া সাংবাদিক।","বাংলাদেশের আন্তর্জাতিক খ্যাতিসম্পন্ন আলোকচিত্রী শহিদুল আলম বলেছেন, যদি আরও একশো জন তার মতো কথা বলতেন, তাহলে তাকে আলাদাভাবে দেখা হতো না। টাইম ম্যাগাজিনের বিশেষ সংখ্যায় বিশ্বের বিভিন্ন দেশের নিপীড়নের শিকার সাংবাদিকদের নাম প্রকাশ করা হয়েছে। এতে বাংলাদেশের আলোকচিত্রী শহিদুল আলমের নামও রয়েছে। গত বছর নিরাপদ সড়কের দাবিতে শিক্ষার্থীদের আন্দোলনের সময় শহিদুল আলমকে গ্রেফতার করা হয়েছিল। তার বিরুদ্ধে গুজব ছড়িয়ে উস্কানি দেয়ার অভিযোগ এনেছিল বাংলাদেশ সরকার। কিন্তু শহিদুল আলম মনে করেন তাকে ধরা হয়েছিল ভিন্নমতের কন্ঠরোধের জন্য।",7.27,1.85,7.27
news-48230828,যুক্তরাষ্ট্র আর ইরানের মধ্যে উত্তেজনা বাড়তে থাকার মধ্যেই খবর পাওয়া যাচ্ছে যে চারটি আমেরিকান বি-৫২ বোমারু বিমান কাতারে অবস্থিত মার্কিন সামরিক ঘাঁটিতে এসে নেমেছে।,"মার্কিন প্রতিরক্ষা বিভাগ জানিয়েছে, ইরানের সম্ভাব্য আক্রমণের মুখে মধ্যপ্রাচ্যে বি-৫২ বোমারু বিমান পাঠিয়েছে যুক্তরাষ্ট্র। একই সঙ্গে পারস্য উপসাগরে একটি মার্কিন বিমানবাহী রণতরীও পাঠানো হয়েছে। ইরানের বিপ্লবী গার্ড বাহিনীকে সন্ত্রাসী সংগঠন হিসেবে আখ্যায়িত করেছে যুক্তরাষ্ট্র। এক বছর আগে ইরানের পরমাণু কর্মসূচি নিয়ে আন্তর্জাতিক চুক্তি থেকে বেরিয়ে যায় যুক্তরাষ্ট্র। এরপর থেকে ইরানের ওপর আরোপিত হয়েছে কঠোর অর্থনৈতিক নিষেধাজ্ঞা।",17.07,7.5,14.63
news-46969032,গত সপ্তাহেই এক তরুণীর হত্যাকাণ্ডের খবরে দারুণ ধাক্কা খেয়েছিলো অস্ট্রেলিয়ার মানুষ।,"অস্ট্রেলিয়ার মেলবোর্নে এক ইসরায়েলি আরব তরুণী আয়া মাসারভিকে হত্যা করা হয়েছে। এই ঘটনায় অস্ট্রেলিয়ায় ব্যাপক ক্ষোভ ও বিতর্কের সৃষ্টি হয়েছে, বিশেষ করে নারী বিরোধী সহিংসতার বিষয়ে। অস্ট্রেলিয়ায় নারীর প্রতি সহিংসতা একটি মারাত্মক সমস্যা, যেখানে প্রতি তিনজন নারীর একজন শারীরিক নির্যাতনের শিকার হন এবং প্রতি পাঁচজনের মধ্যে একজন যৌন সহিংসতার শিকার হন। এছাড়াও, প্রতি সপ্তাহে গড়ে একজন নারী খুন হন তাদের বর্তমান বা সাবেক পুরুষ সঙ্গীর হাতে।",5.19,0.0,2.6
news-43641725,"রুশ সেনাবাহিনীর সাবেক একজন শীর্ষ জেনারেল বিবিসিকে বলেছেন, ব্রিটেনে একজন সাবেক রুশ গুপ্তচরের ওপর নার্ভ এজেন্ট প্রয়োগের ঘটনা নিয়ে রাশিয়ার সাথে পশ্চিমের যুদ্ধ লেগে যেতে পারে এবং তা হবে 'সর্বশেষ যুদ্ধ'।","রাশিয়ার সাথে পশ্চিমা দেশগুলোর সম্পর্ক এতটাই খারাপ হয়ে পড়েছে যে তা নিয়ে উদ্বিগ্ন হয়ে পড়ার যথার্থ কারণ রয়েছে বলে মন্তব্য করেছেন জেনারেল ইয়েভগেনি বুজনিস্কি। তিনি বলেছেন, পরিণতি শীতল যুদ্ধের চেয়ে অনেক খারাপ হতে পারে, এবং ফলাফল খুব খুব খারাপ হতে পারে...মানব ইতিহাসের সর্বশেষ যুদ্ধ লেগে যেতে পারে। তিনি আরও বলেন, দেয়ালে পিঠ ঠেকে যাওয়া রাশিয়া খুবই ভয়ঙ্কর। ব্রিটেন সরাসরি রাশিয়াকে দায়ী করেছে সালিসবেরিতে সাবেক রুশ গুপ্তচর সের্গেই স্ক্রিপাল ও তার কন্যাকে বিষাক্ত নার্ভ এজেন্ট প্রয়োগে হত্যার চেষ্টার জন্য।",29.09,14.81,10.91
news-51260361,"আগামী মাস থেকে ব্রিটেন বিজ্ঞানী, গণিতবিদ আর গবেষকদের দ্রুততম সময়ে ভিসা দেয়ার নতুন এক ব্যবস্থা চালু করতে যাচ্ছে।","ব্রিটেনের প্রধানমন্ত্রী বরিস জনসন জানিয়েছেন, বিজ্ঞান, গণিত এবং বিভিন্ন ক্ষেত্রে গবেষকদের ভিসা দেয়া হবে। গ্লোবাল ট্যালেন্ট ভিসা নামে নতুন এই ভিসা ব্যবস্থা চালু হবে ২০শে ফেব্রুয়ারি থেকে। এই ভিসা পাওয়ার ক্ষেত্রে যোগ্যতার শর্ত হলো - বিজ্ঞান, গণিত ও বিভিন্ন ক্ষেত্রে যারা বর্তমানে গবেষণার কাজ করছেন এবং যে প্রতিষ্ঠানে কাজ করেন, সেটি যদি ব্রিটিশ কোন স্বীকৃত কর্তৃপক্ষের অনুমোদিত হয়, তাহলে তিনি এ ভিসা পাবেন। বরিস জনসন বলেছেন, তিনি নিশ্চিত করতে চেয়েছিলেন যে ""বিশ্বের সবচেয়ে মেধাবী মানুষদের জন্য যুক্তরাজ্যের দরজা খোলা।"" অন্য দুটো প্রধান রাজনৈতিক দল লেবার পার্টি এবং লিবারেল ডেমোক্রেটিকরা অবশ্য এই পরিকল্পনার বাস্তবায়ন নিয়ে সংশয় প্রকাশ করেছে। যুক্তরাজ্যের প্রধানমন্ত্রী বরিস জনসন এ বিষয়ক ঘোষণায় মি. জনসন বলেন, ""বৈজ্ঞানিক আবিষ্কারে যুক্তরাজ্যের গৌরবজনক ইতিহাস রয়েছে। কিন্তু তাতে নেতৃত্ব দেয়া এবং ভবিষ্যতের চ্যালেঞ্জ মোকাবেলার জন্য আমাদের মেধাবী মানুষ খুঁজে বের করা এবং গবেষণায় বিনিয়োগ চালিয়ে যেতে হবে।"" তিনি আরো বলেন, ""এখন যেহেতু আমরা ইইউ ছাড়তে যাচ্ছি, তাই আমি সবাইকে জানিয়ে দিতে চাই যে বিশ্বের সবচেয়ে মেধাবী মানুষদের জন্য যুক্তরাজ্যের দরজা খোলা। তাদের আইডিয়াকে বাস্তবে রূপ দিতে আমরা আমাদের সমর্থন চালিয়ে যেতে প্রস্তুত।"" এর আগে গত মাসে মি. জনসনঘোষণা করেছিলেন যে সারা পৃথিবীর ""বিজ্ঞানীদের চুম্বকের মত আকর্ষণ"" করা হবে। স্বরাষ্ট্রমন্ত্রী প্রীতি প্যাটেল এই সিদ্ধান্তকে স্বাগত জানিয়েছেন। তবে গ্লোবাল ট্যালেন্ট ভিসার অধীনে বছরে কত মানুষকে ভিসা দেয়া হবে, তা জানানো হয়নি। শি অনউরা এর আগে এ সংক্রান্ত যে ব্যবস্থা ছিল তাতে বছরে অনুর্ধ্ব দুই হাজার ভিসা দেয়া হতো। লিব-ডেমরা বলছে, আগের ব্যবস্থায় কখনো দুই হাজারের কম মানুষই ভিসা পেতেন। তাই তারা এই নতুন ব্যবস্থাকে একটি 'প্রচারণামূলক কৌশল' বলে মনে করছে।",5.32,0.77,4.56
news-47349064,"চট্টগ্রাম শাহ আমানত বিমানবন্দরে সেনা অভিযানের পরপরই ঢাকায় একটি সংবাদ সম্মেলনে বেসামরিক বিমান চলাচল কর্তৃপক্ষের চেয়ারম্যান এয়ার ভাইস মার্শাল নাইম হাসান বলেন, ''কথিত ছিনতাইকারী ব্যক্তিকে আহত অবস্থায় আটক করা হয়েছে।''",বাংলাদেশের একটি বিমান যা ঢাকা থেকে দুবাই যাচ্ছিল সেটি চট্টগ্রামে অবতরণ করতে বাধ্য হয়। কারণ হলো বিমানটি হাইজ্যাক করা হয়েছিল। বিমানে থাকা একজন অজ্ঞাত ব্যক্তি পিস্তল বের করে বিমানের ককপিটে ঢুকে পড়েন। এরপর সে পাইলটকে পিস্তলের মুখে প্রধানমন্ত্রী শেখ হাসিনার সঙ্গে কথা বলার জন্য বাধ্য করে। বিমানটি চট্টগ্রামে অবতরণ করার পর সেনাবাহিনীর কমান্ডোরা বিমানে উপস্থিত হয়। তাদের আত্মসমর্পণের আহ্বানে সাড়া না দেয়ায় তারা এনকাউন্টার করে। এতে ওই ব্যক্তি নিহত হন। বিমানে থাকা অন্য সবাই নিরাপদে বের হয়ে আসেন।,5.56,0.0,5.56
news-50171978,ধরুন আপনি বাংলাদেশের যেকোনো মহাসড়ক ধরে দেশের কোন জেলায় যাচ্ছেন। হঠাৎ লম্বা যানজটে পড়লেন যার কারণ আপনি জানেন না।,"বাংলাদেশে সড়ক দুর্ঘটনা বা যানজটের সংবাদ পৌঁছাতে অনেক সময় লাগে। এক্ষেত্রে প্রযুক্তির ব্যবহার করে এই সমস্যা সমাধানের পরিকল্পনা করা হচ্ছে। সরকার একটি পাইলট প্রকল্পের মাধ্যমে ""ইন্টেলিজেন্ট ট্রান্সপোর্ট সিস্টেম"" চালু করার পরিকল্পনা করেছে। এই প্রকল্পের মাধ্যমে সড়কগুলোকে সার্বক্ষণিক পর্যবেক্ষণে রাখা যাবে এবং কোনো দুর্ঘটনা ঘটলে তা সাথে সাথে জানা যাবে এবং ব্যবস্থা নেওয়া যাবে।",0.0,0.0,0.0
news-46919162,ভারতের জম্মু থেকে বহু পথ পাড়ি দিয়ে বাংলাদেশের কুতুপালং রোহিঙ্গা ক্যাম্পে এসেছিল একটি পরিবার। কক্সবাজারের ট্রানজিট ক্যাম্পে নিয়ে যাওয়ার আগে ওই পরিবারটির সঙ্গে কথা হয়েছিল টেকনাফের রোহিঙ্গা নেতা মোহাম্মদ নূরের।,"ভারত সরকার রোহিঙ্গাদের জোর করে মিয়ানমারে ফেরত পাঠাচ্ছে এমন খবর শুনে অনেক রোহিঙ্গা ভারত থেকে বাংলাদেশে পালিয়ে আসছে। জাতিসংঘ ও সরকারি কর্মকর্তারা জানিয়েছেন, ভারত থেকে এসেছে তেরশোর বেশি রোহিঙ্গা। শরণার্থী, ত্রাণ ও প্রত্যাবাসন কমিশনার মোঃ আবুল কালাম জানিয়েছেন, ভারত থেকে এসেছে এমন রোহিঙ্গাদের বিষয়ে সিদ্ধান্ত না হওয়া পর্যন্ত জাতিসংঘের শরণার্থী বিষয়ক হাইকমিশনারের ক্যাম্পে রাখা হবে।",9.41,0.0,7.06
news-48108300,ভেনেজুয়েলার বিরোধী নেতা হুয়ান গুয়াইদো প্রেসিডেন্ট নিকোলাস মাদুরোকে ক্ষমতাচ্যুত করার জন্য সেনাবাহিনীর প্রতি ডাক দিয়েছেন।,"ভেনেজুয়েলার বিরোধী নেতা হুয়ান গুয়াইদো বলেছেন, সেনাবাহিনীর সমর্থন নিয়ে তিনি সরকারকে উৎখাতের চূড়ান্ত পর্যায়ে পৌঁছেছেন। তবে প্রেসিডেন্ট নিকোলাস মাদুরো বলেছেন, সেনাবাহিনী তাকে সমর্থন করেছে এবং সেই অভ্যুত্থান চেষ্টা নস্যাৎ করা হয়েছে। এরপর রাজধানী কারাকাসের রাস্তায় সেনাবাহিনীর সঙ্গে বিরোধীদের সংঘর্ষ শুরু হয়। সামরিক ঘাঁটির বাইরে সেনা বাহিনীর পোশাক পরিহিত কয়েকজনকে পাশে নিয়ে বিরোধী নেতা হুয়ান গুয়াইদো মঙ্গলবার স্থানীয় সময় ভোরের দিকে প্রচারিত এক ভিডিও ফুটেজে দেখা যায়। তিনি বলছেন, এখন তিনি সেনাবাহিনীর একটি অংশের সমর্থন পাচ্ছেন। সেনাবাহিনীর বাকি সবাইকে তিনি তার পক্ষে আসার আহ্বান জানাচ্ছেন। তবে নিকোলাস মাদুরোর সরকার বলছে ছোটোখাটো একটি সেনা অভ্যুত্থানের চেষ্টা নস্যাৎ করে দেওয়া হয়েছে। জানা গেছে, মি: গুয়াইদো এখন ঐ সেনা ছাউনি থেকে সরে গেছেন। কিন্তু টিভি ফুটেজে দেখা যাচ্ছে তার সমর্থকদের সাথে রাস্তায় সেনা সদস্যদের সংঘর্ষ হচ্ছে। সেনাবাহিনীর সাঁজোয়া গাড়িকে মানুষের মিছিলে ভেতর চালিয়ে দেওয়ার দৃশ্য দেখা গেছে। সে সময় রাস্তায় বেশ ক'জনকে পড়ে থাকতে দেখা যায়। টুইটারে প্রেসিডেন্ট মাদুরো বলেছেন তিনি সেনা কমান্ডারদের সাথে কথা বলেছেন এবং তারা তাকে সমর্থন দিয়েছেন। সেনা অভ্যুত্থানের চেষ্টার বিরুদ্ধে তিনি তার সমর্থকদের বিক্ষোভ করার আহ্বান জানিয়েছেন। কারাকাসের রাস্তায় বিরোধী সমর্থকদের সাথে সেনাবাহিনীর সংঘর্ষ সর্বশেষ পরিস্থিতি কী? মি: গুয়াইদোকে দেখা গেছে তিন মিনিটের একটি ভিডিওতে আরেকজন বিরোধী নেতা লিওপোল্দো লোপেজের পাশে দাঁড়িয়ে আছেন। ২০১৪ সালে সরকার বিরোধী এক বিক্ষোভে ইন্ধন জোগানোর অপরাধে দোষী সাব্যস্ত হওয়ার পর মি: লোপেজ গৃহবন্দী অবস্থায় ছিলেন। মি: লোপেজ বলেছেন সেনা বাহিনীর সেইসব সদস্যরা তাকে মুক্তি দিয়েছে যারা মি: গুয়াইদোর প্রতি তাদের আনুগত্য প্রকাশ করেছে। সামাজিক যোগাযোগ মাধ্যমে এই ভিডিও শেয়ার করা হয়েছে এবং এই ভিডিওতে মি: গুয়াইদো ঘোষণা করেছেন, স",8.4,3.85,7.63
news-52777254,হত্যাকাণ্ডের শিকার সৌদি সাংবাদিক জামাল খাসোগজির সন্তানরা তার বাবার হত্যাকারীদের ক্ষমা করে দেয়ার ঘোষণা দেওয়ার পরপরই নিহতের তুর্কি বাগদত্তা ক্ষিপ্ত হয়ে বলেছেন এমন ক্ষমা প্রদর্শনের অধিকার কারো নেই।,"জামাল খাসোগজির হত্যাকাণ্ডের জন্য সৌদি সরকারের ক্ষমা চাওয়া উচিত বলে মন্তব্য করেছেন তার বাগদত্তা হাতিস চেংগিস। তিনি টুইটারে লিখেছেন, এই ধরনের হত্যাকাণ্ডের জন্য কেউ ক্ষমা পায় না। গত বছর ডিসেম্বরে সৌদি আরবের এক গোপন বিচারে পাঁচজনকে এই হত্যাকাণ্ডে দোষী সাব্যস্ত করা হয়েছে।",22.86,2.94,14.29
news-56668724,ধর্ম নিয়ে বিশেষ করে ইসলাম নিয়ে তার কটাক্ষমুলক লেখালেখি নিয়ে বিতর্ক ভারতে আশ্রয় নেওয়া বাংলাদেশি লেখক তসলিমা নাসরিনের জন্য নতুন কিছু নয়।,"ইংল্যান্ড জাতীয় ক্রিকেট দলের খেলোয়াড় মইন আলীর প্রতি তার মন্তব্যের জন্য সোশ্যাল মিডিয়ায় তীব্র সমালোচনার মুখে পড়েছেন নির্বাসিত বাংলাদেশি লেখিকা তসলিমা নাসরিন। তসলিমা নাসরিন টুইট করেছিলেন, ক্রিকেট না খেললে মইন আলী হয়ত সিরিয়ায় গিয়ে আইসিসে যোগ দিতেন। তসলিমা নাসরিন বলেছেন, তিনি মইন আলীকে নয়, বরং কট্টর ইসলামকে কটাক্ষ করতে চেয়েছেন। তসলিমা নাসরিন বলেছেন, তিনি তার টুইট মুছে দিলেও তার কোনো অনুশোচনা নেই।",11.9,0.0,9.52
news-48249669,"ইন্দোনেশিয়ার পূর্বাঞ্চলে একটি গ্রাম রয়েছে, যে গ্রামকে 'মা ছাড়া গ্রাম' বলে ডাকে দেশটির মানুষ। কারণ সেই গ্রামে মা ছাড়াই বড় হচ্ছে প্রায় সব শিশু।","ইন্দোনেশিয়ার একটি গ্রামে এলি সুশিয়াতি নামের এক কিশোরী বাস করে। এলির বয়স ১৭ বছর। এলির মা সৌদি আরবে গৃহকর্মীর কাজ করেন। এলি তার মায়ের সঙ্গে দীর্ঘ বিচ্ছেদের কথা বলছে। এলির মা তাকে দাদীর কাছে রেখে সৌদি আরবে চলে যান যখন তার বয়স মাত্র ১১ বছর। এলি বলছে, তার মা যাওয়ার পর তার জীবন কষ্টের। এলি এখন দ্বাদশ শ্রেণীতে পড়ে। তার মা যখন বিদেশে কাজ করতে গিয়েছেন, তখন তাদের পরিবারের সবার মুখে দুটো খাবার তুলে দেবার চিন্তায় ছিল। এলি বলছে, সে চায় তার মা দেশে ফিরে আসুক। এলি বলছে, তার মা যাওয়ার পর তার জীবন কষ্টের। এলির গ্রামের অনেক মা বিদেশে কাজ করেন। এলির গ্রামের পুরুষরা কৃষিকাজ করেন বা কারখানায় শ্রমিক হিসেবে কাজ করেন। এলির গ্রামের নারীদের আয় পুরুষদের থেকে বেশি। এলির গ্রামের প্রতি পরিবারেই মা বিদেশে কাজ করেন। এলির গ্রামের বাচ্চারা তাদের মায়ের সঙ্গে দীর্ঘ বিচ্ছেদের কথা বলছে। এলির গ্রামের বাচ্চারা তাদের মায়ের সঙ্গে দীর্ঘ বিচ্ছেদের কথা বলছে।",5.81,0.0,4.65
news-55771427,"বাংলাদেশে কার্টুনিস্ট, বাউল শিল্পী, নাট্যকারসহ সাংস্কৃতিক কর্মী বা শিল্পীদের মত প্রকাশের স্বাধীনতা ব্যহত হওয়ার মতো ঘটনা বেড়ে যাওয়ার অভিযোগ উঠেছে।","বাংলাদেশে সাম্প্রতিক সময়ে ডিজিটাল নিরাপত্তা আইনে কার্টুনিস্ট থেকে শুরু করে বিভিন্ন মাধ্যমের অনেক শিল্পীকে আটক বা হয়রানির ঘটনায় সাংস্কৃতিক অঙ্গনে একটা ভয়ের সংস্কৃতি তৈরি হয়েছে। কার্টুনিস্ট আহমেদ কবির কিশোর এবং লেখক মুশতাক আহমেদ ডিজিটাল নিরাপত্তা আইনে কারাগারে রয়েছেন প্রায় আট মাস ধরে। তাদের বিরুদ্ধে অভিযোগ হচ্ছে, তারা ফেসবুকে করোনাভাইরাস পরিস্থিতি নিয়ে গুজব ও মিথ্যা তথ্য ছড়িয়েছেন।",13.16,0.0,10.53
news-40772598,"সারাবিশ্বে পুরুষদের শরীরে যে হারে শুক্রাণুর সংখ্যা বা স্পার্ম রেট কমে যাচ্ছে, শুক্রাণু কমে যাবার সেই হার বজায় থাকলে মানুষ বিলুপ্ত হয়ে যেতে পারে বলে হুঁশিয়ার করে দিয়েছেন এক চিকিৎসক।","বিশ্বের বিভিন্ন দেশের পুরুষদের শুক্রাণুর সংখ্যা কমে যাচ্ছে বলে একটি গবেষণায় দেখা গেছে। গত ৪০ বছরে উত্তর আমেরিকা, ইউরোপ, অস্ট্রেলিয়া ও নিউজিল্যান্ডের পুরুষদের শুক্রাণুর সংখ্যা অর্ধেকেরও বেশি কমে গেছে বলে গবেষকরা জানিয়েছেন। গবেষণার প্রধান ড. হ্যাগাই লেভিন বলেছেন, এই হারে শুক্রাণু কমতে থাকলে একসময় মানুষ বিলুপ্ত হয়ে যেতে পারে। তবে অন্য গবেষকরা বলছেন, এখনই এই সিদ্ধান্তে পৌঁছানো যায় না যে মানব প্রজাতি বিলুপ্ত হয়ে যাবে।",33.68,12.9,25.26
news-45165586,ব্রিটেনে সবচেয়ে বড় অনলাইন ভিডিও ফেস্টিভ্যালে অংশ নিতে ইউটিউব তারকা এবং তাদের ভক্তরা জড়ো হচ্ছেন লন্ডনে।,"ইউটিউবে তার প্রথম ভিডিও আপলোড করেছিলেন ৮ বছর বয়সে। এখন তার বয়স ১৯। এই সময়ে তিনি ইউটিউবে তার জীবনের প্রতিটি ঘটনা তুলে ধরেছেন। এর মধ্যে রয়েছে তার প্রাথমিক বিদ্যালয়ের অভিজ্ঞতা থেকে শুরু করে তার পোশাক-পরিচ্ছদ ও মেকআপের কথা। তার ভিডিওগুলো এখন পর্যন্ত ১ কোটি ৬০ লাখের বেশি বার দেখা হয়েছে। লুইস বলছেন, তার জীবনের সবকিছু ইউটিউবে তুলে ধরার কোনো লাভ-ক্ষতি ভাবেননি। তার মতে, ইউটিউবে নিজের জীবন তুলে ধরার মাধ্যমেই তিনি নিজেকে খুঁজে পেয়েছেন।",2.2,0.0,2.2
news-54770021,"ফরাসী প্রেসিডেন্ট এমানুয়েল ম্যাক্রঁ বলেছেন, ইসলামের নবীকে নিয়ে আঁকা বিতর্কিত ব্যঙ্গচিত্রের কারণে মুসলিমরা কেন এতটা ক্ষুব্ধ হয়েছিল সেটা তিনি বুঝতে পারেন। তবে এর কারণে সহিংসতার যুক্তি তিনি কোনদিনই মানতে পারবেন না।","ফ্রান্সের প্রেসিডেন্ট এমানুয়েল ম্যাক্রঁ বলেছেন, ইসলামের নবীর ব্যঙ্গচিত্র প্রদর্শনের বিষয়ে তিনি যা বলেছেন, তা নিয়ে মুসলিম বিশ্বে যে তীব্র প্রতিক্রিয়া হয়েছে, তা ভুল বোঝাবুঝির কারণে। ফ্রান্সের নিস শহরে এক ছুরি হামলায় তিনজন নিহত হয়। এর আগে ফ্রান্সের এক স্কুল শিক্ষককে শিরশ্ছেদ করে হত্যা করা হয়।",23.68,10.81,21.05
news-49919369,"গর্ভের শিশুদের হাতে টিকটিকি জাতীয় অতিরিক্ত কিছু পেশী থাকে এবং তাদের জন্মের আগেই এসব ঝরে যায়, এক গবেষণায় এই তথ্য পাওয়া গেছে।","গর্ভস্থ শিশুর বাম হাতের স্ক্যানে দেখা গেছে, প্রাথমিক পর্যায়ে তাদের হাতে এমন কিছু পেশী তৈরি হয়, যা মানুষের বিবর্তনের ইতিহাসে প্রাচীন। এই পেশীগুলো সাময়িক এবং শিশুর জন্মের আগেই সেগুলো মারা যায়। জীববিজ্ঞানীরা বলছেন, এই পেশীগুলোর কারণেই হয়তো মানুষের বৃদ্ধাঙ্গুলির কাজের দক্ষতা অনেক বেশি। এই বৃদ্ধাঙ্গুলিতে অতিরিক্ত একটি পেশী থাকে। কোনো কোন শিশু ও প্রাপ্তবয়স্ক লোকের আঙ্গুলে ও হাতে কদাচিৎ হয়তো অতিরিক্ত পেশী পাওয়া গেছে। এসব পেশী যখন থাকে, তখন, কখনো সেগুলো অঙ্গ বিকৃত হওয়ার কারণ হয়ে দাঁড়ায়।",28.28,8.25,20.2
news-45821961,বাংলাদেশে ২১শে অগাস্ট গ্রেনেড হামলার মামলার রায়ে বিএনপির ভারপ্রাপ্ত চেয়ারম্যান তারেক রহমানের যাবজ্জীবন সাজা তাকে দেশে ফিরিয়ে আনতে সরকারের জন্য বিশেষ কোন সুযোগ তৈরি করছে না বলে আইন বিশেষজ্ঞরা মনে করছেন।,"একুশে অগাস্ট গ্রেনেড হামলা মামলায় বিএনপি চেয়ারপারসন খালেদা জিয়ার পুত্র তারেক রহমানকে ফিরিয়ে আনার ব্যাপারে উদ্যোগ নেয়া হবে বলে জানিয়েছেন বাংলাদেশের স্বরাষ্ট্রমন্ত্রী। এদিকে বাংলাদেশের আইনমন্ত্রী বলছেন, তারেক রহমানকে ফিরিয়ে আনার ক্ষেত্রে কোন প্রতিবন্ধকতা নেই। বাংলাদেশ ও ব্রিটেনের মধ্যে বন্দী সমর্পন চুক্তি না থাকলেও জাতিসংঘের মিউচুয়াল লিগ্যাল অ্যাসিস্ট্যান্স (এমএলএটি) সনদের আওতায় তাকে বিচারের জন্য হস্তান্তর করা যেতে পারে বলে মনে করছেন তিনি।",23.91,4.44,19.57
news-54537872,আজ বুধবার থেকে বাংলাদেশে ২২ দিনের জন্য ইলিশ মাছ ধরা নিষিদ্ধ করা হয়েছে।,"এই বছর সাগরে ও নদীতে জেলেদের জালে ধরা পড়েছে ঝাঁকে ঝাঁকে ইলিশ। ইলিশ মাছের প্রজনন নির্বিঘ্ন করতে গত বেশ কয়েক বছর ধরে এই নিষেধাজ্ঞা দেয়া হচ্ছে। এই বছর নিষেধাজ্ঞা চলবে চৌঠা নভেম্বর পর্যন্ত। এই সময় মাছ ধরা, বিক্রি, বিপণন, মজুত ও পরিবহন নিষিদ্ধ থাকবে। এর লঙ্ঘন করা হলে জরিমানা ও কারাদণ্ডের বিধান রয়েছে। ইলিশ গবেষকরা বলছেন, এই সময়ে ইলিশ ধরা থেকে বিরত থাকার প্রধান উদ্দেশ্য হচ্ছে মা ইলিশ রক্ষা করা, যাতে তারা নিরাপদে নদীতে ডিম ছাড়তে পারে। এই ডিম রক্ষা করতে পারলে তা নিষিক্ত হয়ে জাটকার জন্ম হবে। সেই জাটকা রক্ষা করা গেলে দেশে বড় আকারের ইলিশের উৎপাদন বৃদ্ধি পাবে।",10.62,1.8,8.85
news-57021250,"বিএনপি চেয়ারপারসন খালেদা জিয়ার ব্যক্তিগত চিকিৎসক দলের সদস্য ও বিএনপি নেতা এ জেড এম জাহিদ হোসেন জানিয়েছেন, হাসপাতালে চিকিৎসাধীন মিসেস জিয়ার অবস্থা অপরিবর্তিত আছে।","বিএনপি চেয়ারপারসন খালেদা জিয়ার অবস্থার কোনো পরিবর্তন হয়নি বলে জানিয়েছেন দলটির মহাসচিব মির্জা ফখরুল ইসলাম আলমগীর। তিনি বলেছেন, খালেদা জিয়া এখনও সিসিইউতে রয়েছেন। মেডিকেল বোর্ড আজ জুমার নামাজের আগে পরীক্ষা নিরীক্ষা করেছে। তারা আগের চিকিৎসাই অব্যাহত রেখেছে। তাঁর অবস্থাও গতকালের মতো আজও স্থিতিশীল আছে। তাঁর রোগমুক্তির জন্য দোয়া কামনা করছি। এক প্রশ্নের জবাবে তিনি বলেন এখন খালেদা জিয়া স্বনামধন্য হাসপাতালে স্বনামধন্য চিকিৎসকদের সমন্বয়ে গঠিত বোর্ডের অধীনে আছেন। আরও উন্নত চিকিৎসার জন্য দেশের বাইরে নিতে হলে সরকারের অনুমতির পর মেডিকেল বোর্ড সিদ্ধান্ত জানাবে।",13.21,5.77,11.32
news-47265295,"ভারত শাসিত কাশ্মীরের পুলওয়ামায় জঙ্গী হামলায় ৪০ জনেরও বেশী কেন্দ্রীয় নিরাপত্তা রক্ষী নিহত হওয়ার পরে ভারতের প্রধানমন্ত্রী হুঁশিয়ার করেছেন, হামলার জন্য দায়ীদের চড়া মাসুল দিতে হবে।","উরি হামলার প্রতিশোধ নেওয়ার জন্য ভারত সরকারের ওপর চাপ বাড়ছে। সরকারের ওপর রয়েছে বিরোধীদের চাপ, তেমনই জনমতও তৈরি হয়েছে যে এই হামলার প্রত্যাঘাত দেওয়া উচিত। কিন্তু পাকিস্তানের মতো পারমাণবিক শক্তিধর দেশের বিরুদ্ধে কোনও চরম পদক্ষেপ নেওয়া সহজ হবে না বলে মনে করছেন বিশ্লেষকরা।",11.59,0.0,8.7
news-51062430,কাসেম সোলেইমানি হত্যা এবং তার বদলায় ইরাকে মার্কিন দুটো ঘাঁটিতে ইরানের ক্ষেপণাস্ত্র হামলা দীর্ঘস্থায়ী এবং বিপজ্জনক এক সংঘাতের ঝুঁকি তৈরি করেছে।,ইরানের সর্বকালের সবচেয়ে ক্ষমতাশালী সামরিক নেতা কাসেম সোলেইমানিকে হত্যার মধ্য দিয়ে ইরান-আমেরিকা সম্পর্ক যে সংকটের সৃষ্টি হয়েছে তার প্রথম পর্বে কে জিতেছে আর কে হেরেছে - এ নিয়ে বিতর্ক চলছে। ইরানের সর্বকালের সবচেয়ে ক্ষমতাশালী সামরিক নেতা কাসেম সোলেইমানিকে হত্যার মধ্য দিয়ে ইরান-আমেরিকা সম্পর্ক যে সংকটের সৃষ্টি হয়েছে তার প্রথম পর্বে কে জিতেছে আর কে হেরেছে - এ নিয়ে বিতর্ক চলছে। ইরানের সর্বকালের সবচেয়ে ক্ষমতাশালী সামরিক নেতা কাসেম সোলেইমানিকে হত্যার মধ্য দিয়ে ইরান-আমেরিকা সম্পর্ক যে সংকটের সৃষ্টি হয়েছে তার প্রথম পর্বে কে জিতেছে আর কে হেরেছে - এ নিয়ে বিতর্ক চলছে।,5.41,0.0,5.41
news-48829410,"ঢাকার মিরপুরের বাসিন্দা শাহিদা পারভিন স্বামীর পেনশন হিসেবে পাওয়া পুরো টাকা দিয়ে সঞ্চয়পত্র কিনে রেখেছেন, যা দিয়ে তাদের সংসারের খরচ চলে।","বাংলাদেশের নতুন বাজেটে সঞ্চয়পত্রের মুনাফার ওপর উৎসে কর ১০ শতাংশ করা হয়েছে। এর ফলে সাধারণ মানুষের সংসার খরচ বাড়বে বলে মনে করা হচ্ছে। সঞ্চয়পত্রের ওপর দেশের নারী, বয়স্ক নাগরিক এবং অবসরপ্রাপ্ত সাবেক চাকরিজীবীদের একটি বড় অংশ নির্ভরশীল। সরকার মনে করে যে সঞ্চয়পত্রে উৎসে কর বাড়ানোর ফলে অন্যান্য খাতে বিনিয়োগ বাড়বে।",2.82,0.0,2.82
news-41024577,"কাগজে কলমে এখনো পাকিস্তান আমেরিকার ঘনিষ্ঠ মিত্র, কিন্তু আফগান সঙ্কট নিয়ে প্রেসিডেন্ট ডোনাল্ড ট্রাম্প মঙ্গলবার যে ভাষায় পাকিস্তানের প্রতি হুঁশিয়ারি উচ্চারণ করেছেন, তার নজির খুব একটা চোখে পড়েনা।","আফগানিস্তানে তালেবানদের বিরুদ্ধে লড়াইয়ে পাকিস্তানকে আরো কার্যকর ভূমিকা নিতে হবে - এই হুমকি দিয়েছেন মার্কিন প্রেসিডেন্ট ডোনাল্ড ট্রাম্প। তিনি বলেছেন, পাকিস্তান তালেবানদের নিরাপদ আশ্রয় দিচ্ছে। তিনি পাকিস্তানকে হুমকি দিয়েছেন, তালেবানকে নিরাপদ আশ্রয় দেয়া বন্ধ করতে হবে। তিনি বলেছেন, পাকিস্তান তালেবানদের নিরাপদ আশ্রয় দিচ্ছে, এবং তারা এটা বন্ধ করতে হবে। তিনি বলেছেন, যদি পাকিস্তান এটা বন্ধ না করে, তাহলে আমেরিকাকে এটা করতে হবে।",8.99,4.6,6.74
news-50576228,রাজধানী ঢাকার গুলশানে হোলি আর্টিজান হামলাকে বলা হয় বাংলাদেশের ইতিহাসে সবচেয়ে নজিরবিহীন জঙ্গি হামলা।,"বাংলাদেশে জঙ্গিবাদ দমনে আইন শৃঙ্খলা বাহিনীর দক্ষতা বৃদ্ধি পেয়েছে। গুলশানে হোলি আর্টিজান হামলার পর থেকে পুলিশ বাহিনীতে বিনিয়োগ, প্রশিক্ষণ বৃদ্ধি এবং শুধু জঙ্গি ও সন্ত্রাসবাদ নিয়ে কাজ করার জন্য নতুন ইউনিট প্রতিষ্ঠা করা হয়েছে। পুলিশের অ্যান্টি টেরোরিজম ইউনিটের অ্যাডিশনাল ডিআইজি মোহাম্মদ মুনিরুজ্জামান বলছেন, তাদের সক্ষমতা অনেক বেড়েছে। উগ্র-মতবাদের প্রসার ঠেকাতে তারা শিক্ষাপ্রতিষ্ঠানে তরুণদের সাথে জনসংযোগ করছেন ও মসজিদ ভিত্তিক প্রচারণা চালাচ্ছেন।",10.53,5.41,10.53
160605_chittagong_sp_wife_killing_reax,বাংলাদেশের চট্টগ্রামে পুলিশ সুপার বাবুল আক্তারের স্ত্রী দুর্বৃত্তদের গুলিতে নিহত হবার পর স্বরাষ্ট্রমন্ত্রী আসাদুজ্জামান খান কামাল বলেছেন “এ ঘটনায় জঙ্গি সংশ্লিষ্টতা থাকতে পারে”।,চট্টগ্রামের বাংলাদেশ পুলিশের একজন সুপার বাবুল আক্তারের স্ত্রী মাহমুদা আক্তারকে ছুরিকাঘাত ও গুলি করে হত্যা করা হয়েছে। পুলিশ সুপার বাবুল আক্তার চট্টগ্রামে জঙ্গি দমনে নিরলসভাবে কাজ করে যাচ্ছেন এবং তার স্ত্রীকে টার্গেট করা হয়েছে বলে স্বরাষ্ট্রমন্ত্রী বলেছেন। পুলিশ কর্মকর্তারা মনে করছেন যে বাবুল আক্তারের জঙ্গি দমনে ভূমিকার কারণে তার স্ত্রী টার্গেট হতে পারেন।,23.68,10.81,18.42
news-47733454,"ঢাকার বনানীর যে ভবনটিতে আগুন লেগে ১৯ জনের মৃত্যু ঘটেছে, সেটি রাজউকের অনুমোদিত নকশা লঙ্ঘন করে তৈরি করা। একথা জানিয়েছেন রাজউকের চেয়ারম্যান আবদুর রহমান।","বনানীর কামাল আতাতুর্ক এভিনিউর এফআর টাওয়ারে আগুন লাগার পর রাজউক কর্তৃপক্ষ ভবনটির কাগজপত্র যাচাই করেছে। রাজউকের চেয়ারম্যান আবদুর রহমান বলেছেন, ভবনটির নকশা অনুমোদন করা হয়েছিল ১৮ তলা হিসেবে, কিন্তু এটি ২৩ তলা হিসেবে নির্মিত হয়েছে। তিনি আরও বলেছেন, ভবনটির নকশায় অনেক বিচ্যূতি রয়েছে, যা এটিকে অনিরাপদ করে তুলেছে।",25.0,8.57,16.67
news-56871135,বাংলাদেশে গত কয়েকদিনের তুলনায় করোনাভাইরাসে আক্রান্ত হয়ে মৃত্যুর সংখ্যা শনিবার আরও কমেছে। সেই সঙ্গে কমেছে নমুনা পরীক্ষা তুলনায় শনাক্তের হারও।,"বাংলাদেশে গত ২৪ ঘণ্টায় করোনাভাইরাসে আক্রান্ত হয়ে ৮৩ জনের মৃত্যু হয়েছে। এ নিয়ে দেশে করোনায় মোট মৃত্যুর সংখ্যা ১০ হাজার ৯৫২ জনে দাঁড়িয়েছে। গত ২৪ ঘণ্টায় ২০,৫৭১টি নমুনা পরীক্ষায় ২,৬৯৭ জনের শরীরে করোনাভাইরাস শনাক্ত হয়েছে। এ নিয়ে দেশে মোট করোনাভাইরাস শনাক্তের সংখ্যা ৭ লাখ ৪২ হাজার ৪০০ জনে দাঁড়িয়েছে। গত ২৪ ঘণ্টায় ৫,৪৭৭ জন সুস্থ হয়েছেন। এর ফলে মোট সুস্থতার সংখ্যা দাঁড়িয়েছে ৬ লাখ ৫৩ হাজার ১৫১ জন।",19.78,8.99,19.78
news-53088162,"যুক্তরাষ্ট্রের সাবেক জাতীয় নিরাপত্তা উপদেষ্টা জন বোল্টন নিজের নতুন বইতে দাবি করেছেন, দ্বিতীয় দফায় দেশটির প্রেসিডেন্ট নির্বাচিত হবার জন্য ডোনাল্ড ট্রাম্প চীনের প্রেসিডেন্ট শি জিনপিংয়ের সাহায্য পেতে চেষ্টা করেছিলেন।",মার্কিন যুক্তরাষ্ট্রের সাবেক জাতীয় নিরাপত্তা উপদেষ্টা জন বোল্টনের নতুন বইতে দাবি করা হয়েছে যে ডোনাল্ড ট্রাম্প চীনের প্রেসিডেন্ট শি জিনপিংকে মার্কিন কৃষকদের উৎপাদিত পণ্য কিনতে বলেছিলেন। বইটিতে বলা হয়েছে যে ট্রাম্প চেয়েছিলেন চীন মার্কিন কৃষকদের উৎপাদিত সয়াবিন ও গম কিনুক। বইটি ২৩শে জুন প্রকাশ হবার কথা রয়েছে।,39.47,29.73,36.84
news-44901503,"হোয়াটসঅ্যাপ বলছে, শুক্রবার থেকে তারা ভারতে তাদের মেসেজিং সার্ভিস ব্যবহারকারীদের জন্য এমন দুটি নতুন ফিচার যোগ করেছে - যার মাধ্যমে মেসেজ বা ছবি অথবা ভিডিও শেয়ার করা সীমিত করা যাবে।",হোয়াটসঅ্যাপ ভারতে ছেলেধরার গুজব ছড়ানো রোধ করতে কড়াকড়ি আরোপ করেছে। একই সাথে ৫টির বেশি হোয়াটসঅ্যাপ চ্যাটে ফরোয়ার্ড করা যাবে না এবং কুইক ফরোয়ার্ড বাটনটিও সরিয়ে দেওয়া হবে। এই পদক্ষেপগুলি কতটা কার্যকর হবে তা নিয়ে প্রশ্ন রয়েছে।,15.38,3.17,15.38
news-45964178,চীনের শিনজিয়াং প্রদেশে উইগুর মুসলিমদের 'সংশোধনের' জন্য পৃথিবীর অন্যতম বৃহৎ বন্দীশিবির গড়ে তুলেছে কর্তৃপক্ষ ।,"চীনের শিনজিয়াং অঞ্চলে একটি বিশাল বন্দীশিবির গড়ে উঠেছে, যেখানে কমপক্ষে ১১ হাজার বন্দীকে রাখা যাবে। এই শিবিরটি দাবাংচেং-এ অবস্থিত, যা আঞ্চলিক রাজধানী উরুমচির কাছে। চীন সরকার বলছে যে এই শিবিরগুলোতে উইগুর মুসলিমদের শিক্ষা ও বৃত্তিমূলক প্রশিক্ষণ দেওয়া হয়, কিন্তু মানবাধিকার সংস্থাগুলো অভিযোগ করছে যে এখানে লোকজনকে জোর করে আটকে রাখা হচ্ছে। এই শিবিরটি গত কয়েক বছরে গড়ে উঠেছে, এবং এটি শিনজিয়াং-এ গড়ে উঠেছে এমন অনেকগুলো শিবিরের মধ্যে একটি।",14.29,7.32,11.9
news-51306016,করোনাভাইরাসে আক্রান্ত হয়ে মৃত্যুর সংখ্যা ১৭০ জনে পৌঁছেছে এবং চীনের প্রতিটি অঞ্চলে এখন ছড়িয়ে পড়েছে এই ভাইরাস।,"বিশ্ব স্বাস্থ্য সংস্থা বলছে করোনাভাইরাস মহামারি আকারে পুরো পৃথিবীতে ছড়িয়ে পড়তে পারে। চীনের স্বাস্থ্য কর্তৃপক্ষ বলছে দেশটিতে ২৯শে জানুয়ারি পর্যন্ত ৭৭১১জন ব্যক্তি করোনাভাইরাসে আক্রান্ত হয়েছেন। এছাড়া আরো অন্তত ১৬টি দেশে ছড়িয়ে পড়েছে এই ভাইরাস। এমন প্রেক্ষাপটে এখন বৈশ্বিক জরুরি অবস্থা জারি করা উচিত কি না, সে নিয়ে আজ বৃহস্পতিবার বৈঠকে বসতে যাচ্ছে বিশ্ব স্বাস্থ্য সংস্থা বা ডব্লিউএইচও। বিশ্ব স্বাস্থ্য সংস্থার মহাপরিচালক টেড্রোস অ্যাডানম গ্যাব্রিয়েসুস বুধবার জার্মানি, ভিয়েতনাম এবং জাপানকে উদ্দেশ্য করে বলেছেন, ""গত কয়েক দিনে মানুষে-মানুষে সংস্পর্শের মাধ্যমে এই ভাইরাস যেভাবে কয়েকটি দেশে ছড়িয়ে পড়েছে, তা উদ্বেগের ব্যাপার। যদিও চীনের বাইরে আক্রান্ত মানুষের সংখ্যা এখনো খুবই কম, কিন্তু তা সত্ত্বেও এটি মহামারির মত ছড়িয়ে পড়ার আশঙ্গা রয়েছে।""",16.0,6.5,9.6
160804_bangladesh_india_wild_elephant_rescue,বাংলাদেশের জামালপুরের একটি চরে আটকে থাকা ভারতীয় একটি বুনো হাতি উদ্ধারে চেষ্টা করছে বাংলাদেশ ও ভারতের বন কর্মীরা।,জামালপুরের সরিষাবাড়ী উপজেলার সোনারকান্দা এলাকায় বন্যার পানিতে ডুবে থাকা একটি চরে আটকে রয়েছে ভারতীয় একটি বুনো হাতি। বুধবার বাংলাদেশে এসেছে একটি ভারতীয় দল হাতি উদ্ধারে সহায়তা করতে। বৃহস্পতিবার এই দলটি এবং বাংলাদেশের বনবিভাগের কর্মকর্তারা জামালপুরের প্রত্যন্ত চরে হাতিটির পেছন পেছন ঘুরে সেটির অবস্থা বোঝার চেষ্টা করছেন।,37.5,19.35,31.25
news-49201712,এখন থেকে সৌদি আরবের নারীরা কোনো পুরুষ অভিভাবকের অনুমতি ছাড়াই দেশের বাইরে ভ্রমণ করতে পারবেন বলে এক রাজকীয় ফরমানে বলা হয়েছে।,"সৌদি আরবের নারীদের ভ্রমণের অধিকার দেওয়া হয়েছে। ২১ বছরের বেশি বয়সী নারীরা এখন থেকে পাসপোর্টের জন্য আবেদন করতে পারবেন পুরুষ অভিভাবকের অনুমোদন ছাড়াই। এছাড়াও নারীদের শিশুর জন্মের নিবন্ধন, বিয়ে ও বিয়ে বিচ্ছেদের অনুমোদন দেওয়া হয়েছে। নারীদের কর্মসংস্থানের সুযোগও বাড়ানো হয়েছে। এই আইনের ফলে নারীরা পুরুষের সমকক্ষ হিসেবে বিবেচিত হবেন।",31.43,11.76,20.0
news-52554853,ইনস্টাগ্রাম গ্রুপ চ্যাটে অপ্রাপ্তবয়স্ক মেয়েদের ছবি শেয়ার করা ও অশালীন মন্তব্য করায় ১৫ বছর বয়সী এক কিশোরকে গ্রেফতার করেছে ভারতের পুলিশ।,"ভারতের রাজধানী দিল্লিতে একটি স্কুলের ১৫ বছর বয়সী ছাত্রকে গ্রেফতার করা হয়েছে মেয়েদের নিয়ে যৌন হয়রানিমূলক মন্তব্য করার জন্য। ছাত্রটি ইনস্টাগ্রামের একটি গ্রুপের সদস্য ছিল, যেখানে তারা মেয়েদের ছবি শেয়ার করত এবং তাদের সম্পর্কে অশ্লীল মন্তব্য করত। এই ঘটনাটি দিল্লিতে ব্যাপক ক্ষোভের সৃষ্টি করেছে এবং নারীদের নিরাপত্তা নিয়ে প্রশ্ন তোলে।",30.99,11.59,14.08
news-48135516,চীনে শিনজিয়াং প্রদেশের উইগর মুসলিম জনগোষ্ঠীর লক্ষ লক্ষ লোকের উপাত্ত সংগ্রহ করার জন্য একটি মোবাইল অ্যাপ ব্যবহার করছে চীনা পুলিশ।,"চীনের মানবাধিকার সংগঠন হিউম্যান রাইটস ওয়াচ বলছে, চীন সরকার মোবাইল অ্যাপ দিয়ে উইগরদের ওপর নজরদারি করছে। এই অ্যাপটির প্রযুক্তি পরীক্ষা করে বের করা গেছে যে, গণ-নজরদারির এই ব্যবস্থা কিভাবে কাজ করে। উইগরদের নিত্যদিনের আচরণ এবং গতিবিধি পর্যবেক্ষণ করা হচ্ছে প্রতিবেশীদের সাথে যোগাযোগ সহ। চীনা কর্মকর্তারা '৩৬ ধরণের লোকের ওপর' নজর রাখছে এবং তাদের তথ্য সংরক্ষণ করার জন্য অ্যাপটিকে কাজে লাগাচ্ছে।",17.28,5.06,9.88
