id,reference,generated,rouge1,rouge2,rougeL
world-us-canada-38697908,"Donald Trump campaigned on becoming a president unlike any Washington has ever seen. With his inauguration speech, he's already set the tone.","In his inaugural address, Donald Trump emphasized a populist message, claiming to transfer power from Washington, D.C., back to the people, while painting a bleak picture of America plagued by crime and economic decline. The speech drew mixed reactions, with some praising its authenticity and resonance with his supporters, while others criticized its angry tone and questioned the feasibility of his ambitious plans. Notably, it sparked comparisons to a speech by the villain Bane from ""The Dark Knight Rises,"" highlighting its dramatic and confrontational style.",18.35,5.61,14.68
uk-wales-politics-48586353,"The Welsh Government ""would probably"" take the UK government to court if it struck an international trade deal that tried to ""trample on"" the Welsh NHS, a minister said.","Eluned Morgan, the Welsh Minister for International Relations, acknowledged the legal challenges in preventing the UK Government from including the NHS in future trade deals, following Donald Trump's comments about potential negotiations. Labour AM Alun Davies criticized the Welsh Government's approach, arguing that it lacks a solid legal foundation for holding the UK Government accountable in trade matters, and called for a more effective intergovernmental structure. Morgan agreed that the current framework is inadequate and emphasized the need for better collaboration on trade agreements.",29.57,10.62,17.39
uk-england-norfolk-40306087,A university has mistakenly emailed hundreds of students intimate and sensitive personal information about dozens of fellow undergraduates.,"The University of East Anglia mistakenly sent an email to 298 students containing sensitive details about 42 classmates' health issues and personal circumstances, leading to widespread distress among those affected. The university has issued an unreserved apology and initiated an inquiry into the data breach, while also offering support to the impacted students.",28.17,2.9,16.9
science-environment-44141840,"Some progress has been made in encouraging girls to study physics at A-level, according to a report by the Institute of Physics (IoP).","In 2016, only 1.9% of girls in England chose A-level physics, compared to 6.5% of boys, with 44% of schools sending no girls to study the subject, highlighting a persistent gender imbalance. The Institute of Physics (IoP) emphasizes that this disparity limits career opportunities for girls in essential fields like artificial intelligence and aerospace, and warns that closing the gender gap in physics could take centuries without significant intervention.",29.17,14.89,22.92
business-47891982,"The president of business organisation, the CBI, has said if politicians cannot ""get their act together"" on Brexit, then the only other option is to ""go back to the people"".","John Allan, speaking personally and not on behalf of the CBI, criticized UK politicians for their inability to reach an agreement on Brexit, suggesting they should learn from the unity shown by European countries. He proposed that if a resolution cannot be found, a second referendum may be necessary to break the current impasse, while other business leaders echoed the need for urgent political collaboration to avoid further economic uncertainty.",32.0,4.08,20.0
world-europe-53801230,"Ireland's health minister has condemned ""reckless scenes"" at a venue in Dublin which appeared to breach social distancing regulations.","Footage from Berlin D2 in Dublin showed a man pouring drinks into patrons' mouths, violating COVID-19 guidelines that require people to remain seated at tables. Health Minister Stephen Donnelly expressed outrage over the incident, emphasizing the sacrifices made by the Irish public, while restaurateur Jay Bourke stated he was ""mortified"" but believed the footage did not fully represent the venue's adherence to health measures. The incident has drawn criticism from various officials, with calls for police action against such behavior as COVID-19 cases rise in Ireland.",20.18,3.74,7.34
uk-politics-30142579,"One tweeted picture saw Labour MP Emily Thornberry go from the shadow cabinet to the butt of a twitterstorm, jokes and resignation. Here's how events unfolded, driven by social media.","Labour MP Emily Thornberry resigned from the shadow cabinet after facing backlash for a tweet featuring a house adorned with British flags, which was perceived as elitist and dismissive of working-class patriotism. The incident drew criticism from both Conservative leaders and her own party members, leading to her resignation on the same day as a by-election where Labour aimed to shift focus away from internal controversies. Thornberry later described the house as ""remarkable,"" but the damage to her political standing was already done.",27.59,10.53,20.69
uk-scotland-north-east-orkney-shetland-55564441,The body of a man has been found after a caravan fire in Aberdeenshire.,"Emergency services responded to a fire in a static caravan in the East Mains of Pitfour area near Mintlaw, where they discovered the body of a 77-year-old man. The Scottish Fire and Rescue Service extinguished the flames, and Police Scotland is conducting an investigation to determine the circumstances surrounding the incident. A report will be submitted to the procurator fiscal.",23.68,10.81,15.79
uk-england-south-yorkshire-55768636,Two more people have been arrested in connection with a fatal shooting.,"Lewis Williams, 20, was fatally shot on January 11 in Mexborough, leading to eight arrests in connection with his death. Two boys, aged 16 and 17, have been charged with his murder, while a 20-year-old and a 49-year-old were arrested recently on suspicion of murder and assisting an offender, respectively. Four other men have been released on bail following their arrests.",23.38,10.67,12.99
uk-england-cambridgeshire-13640487,Actor Brian Blessed has announced he will stand for the chancellorship of Cambridge University.,"Actor Brian Blessed has secured enough nominations to run for chancellor of the University of Cambridge, competing against supermarket heir Lord Sainsbury and local shopkeeper Abdul Arain, who is also a candidate. Blessed's nomination was propelled by a Facebook campaign, while Arain is advocating for community values in the face of a new Sainsbury's store opening nearby. The election will take place in October, with candidates needing 50 nominations from the university senate by June 17 to remain in the race.",20.62,8.42,18.56
entertainment-arts-26706229,The BBC is to feature more arts stories in programmes like The One Show in a bid to make the subject less elitist.,"BBC director general Tony Hall will announce new arts commissions, including a revival of the landmark 1960s series ""Civilisation,"" aimed at engaging children and young people with the arts. The new series will seek an authoritative presenter and utilize modern digital technology to provide a fresh perspective on the history of art. Hall emphasized the importance of arts in the BBC's future and announced a 20% increase in funding for arts coverage.",18.75,2.13,12.5
education-56213402,"Poorer students in England are up to three A-level grades behind more affluent students, research suggests.","The Education Policy Institute (EPI) reports a significant ""disadvantage gap"" in educational attainment between poorer and more affluent students aged 16-19, with disadvantaged students lagging behind by an average of three A-level grades, and up to five grades in certain areas. The study highlights that these disparities are exacerbated by lower GCSE grades and fewer qualifications pursued by poorer students, and calls for increased funding and targeted support to address the widening gap, particularly in the wake of pandemic-related learning losses.",27.72,14.14,13.86
business-38842721,"Hang out the bunting - well, at least buy a couple of party poppers.","The Bank of England has significantly upgraded its growth forecasts for the UK economy, reflecting improved confidence since the post-Brexit referendum period, with projections now showing a smaller economic contraction than previously expected. Despite this optimism, the Bank warns that Brexit will still negatively impact the economy, predicting it will be 1.5% smaller by 2019 compared to a scenario where the UK remained in the EU. Factors such as stimulus measures, robust consumer confidence, and a strengthening global economy are contributing to this more positive outlook, although challenges like falling business investment and rising inflation remain.",5.41,0.0,3.6
uk-politics-36836980,All MPs are to be automatically offered additional security in their constituency offices and homes.,"In response to heightened security concerns following the death of Labour MP Jo Cox, the Estimates Committee has decided to automatically offer enhanced security measures to all MPs without requiring prior approval from the parliamentary expenses watchdog, Ipsa. This change aims to expedite the installation of security features such as panic buttons and additional locks, addressing previous delays in the application process for MPs seeking protection.",22.22,5.06,12.35
uk-politics-12657524,"With no money left in the government coffers, the ""only strategy"" for growth is to get behind Britain's entrepreneurs, David Cameron has said.","In a speech at the Conservative Party's spring conference, Prime Minister David Cameron emphasized his commitment to fostering economic growth, promising that the upcoming Budget would be the ""most pro-growth"" in a generation and vowing to support small businesses by reducing bureaucratic obstacles. However, the Labour Party criticized his approach as lacking substance, accusing the government of offering ""empty words"" without a concrete strategy to stimulate job creation and economic recovery.",20.62,4.21,10.31
technology-19700791,Warcraft's online gaming world is about to get a bit bigger.,"The upcoming expansion for World of Warcraft, Mists of Pandaria, launches on Tuesday, introducing the new continent of Pandaria and the playable Pandaren race, alongside a new monk character class. This expansion aims to revitalize the game's declining subscriber base, which has fallen to nine million, partly due to increased competition from other popular titles. Blizzard is also implementing various gameplay changes and challenges to enhance player engagement.",17.28,0.0,9.88
business-40666236,The European Central Bank (ECB) has insisted there is still a long way to go before it can call a halt to its economic stimulus programme.,"ECB President Mario Draghi dismissed speculation about an imminent reduction of the bank's bond-buying program, maintaining the current rate of 60 billion euros per month and keeping interest rates at 0%. He emphasized the need for patience regarding inflation, which remains below the ECB's target, while noting the success of the program in creating jobs and improving economic sentiment. Market reactions were sensitive to Draghi's comments, with the euro rising to a 14-month high against the dollar following hints of potential future discussions on tapering QE.",11.97,0.0,8.55
business-22689987,South Africa's economic growth slowed sharply in the first three months of the year.,"South Africa's economy grew by only 0.9% from January to March, raising concerns about its recovery after a 2.5% growth last year. The slowdown is largely attributed to maintenance closures in key industries, particularly petroleum, prompting the Reserve Bank to maintain interest rates at 5% amidst a deteriorating economic outlook and rising inflation pressures.",25.0,5.71,16.67
business-42226808,"The UK's biggest bioethanol producer has stopped production at its East Yorkshire plant, blaming government ""inaction"".","Vivergo Fuels has indicated that there is ""no guarantee"" of resuming production at its Hull facility due to rising losses linked to government delays in mandating a 10% bioethanol blend in petrol. The company, which employs 150 people and supports 3,000 in the supply chain, has called for urgent government action to implement the E10 fuel blend to ensure the sustainability of the UK bioethanol industry.",19.05,7.32,11.9
technology-54360612,US President Donald Trump's re-election campaign is running hundreds of Facebook advertisements pushing an unfounded conspiracy theory that Joe Biden cheated during the first US presidential debate.,"The Trump campaign has launched advertisements suggesting that Democratic challenger Joe Biden used a hidden earpiece during a recent debate, claiming he refused to undergo an ear inspection. These allegations, which have been widely circulated on social media and are unproven, include other baseless rumors about Biden requesting breaks and avoiding a drug test. Despite the claims gaining traction, they are part of a long history of unfounded accusations against presidential candidates from both parties.",25.0,1.96,17.31
uk-scotland-scotland-politics-41036484,The chief executive of the Scottish Police Authority (SPA) is to retire early.,"John Foley is set to leave his role as chief executive of the Scottish Police Authority (SPA) in October, receiving a financial settlement as part of his early retirement due to changes in the organization's structure. His departure follows criticism of the SPA's governance and relationships, as highlighted in a review by HM Inspectorate of Constabulary, and comes shortly after SPA chairman Andrew Flanagan announced his resignation. The SPA plans to appoint a temporary chief officer while addressing ongoing issues related to transparency and public confidence in policing oversight.",25.0,13.73,17.31
technology-51510196,It was the week when the mobile phone industry's biggest annual trade show was called off over fears about the spread of the coronavirus.,"The cancellation of Mobile World Congress due to the coronavirus has sparked discussions about the role of social media in spreading fear and misinformation about the virus. Experts, including Dr. Lee Riley, noted that while the virus poses a threat, the rapid dissemination of partial information online exacerbates public anxiety. As tech companies like Samsung continue to launch new products, the industry faces significant challenges, including potential supply chain disruptions and the need to combat misinformation.",21.78,4.04,13.86
uk-wales-33793177,"Wales has the highest take-up of broadband of any of the devolved nations, according to a report from the watchdog Ofcom.","Nearly 79% of premises in Wales can access super-fast internet, a 24% increase since 2014, with a take-up rate of 77%, surpassing Scotland and Northern Ireland. Despite this progress, Wales has the lowest 4G availability in the UK, with only 23% of adults having access to 4G services. The Ofcom report also highlights that Welsh adults spend more time watching television than anywhere else in the UK, averaging over four hours daily, while radio consumption remains high, with 94.5% of the adult population reached by radio services.",25.0,7.27,14.29
uk-politics-20775071,"Allegations that a police officer falsely claimed to have witnessed former Chief Whip Andrew Mitchell calling police ""plebs"" are ""exceptionally serious"", No 10 says.","Mr. Mitchell, who resigned following an incident at Downing Street where he allegedly called police ""plebs,"" is calling for a full inquiry after Channel 4 News reported that a police officer may have fabricated evidence by posing as a witness. The Metropolitan Police Federation has denied any conspiracy, while the Independent Police Complaints Commission is investigating the claims, which have raised serious concerns about police conduct and integrity.",26.09,11.11,17.39
world-latin-america-47658080,"For many Brazilians, Michel Temer's ascension to president was surprising. But as the first Brazilian president to have charges brought against him while in office, his arrest is less unexpected.","Former Brazilian President Michel Temer, who took office after the impeachment of Dilma Rousseff in 2016, faced serious allegations of corruption, including leading a bribery scheme and obstructing justice. Despite denying the charges and claiming he was targeted by political adversaries, he was arrested after leaving office when he lost legal protections. Temer's presidency was marked by low approval ratings and public discontent, culminating in his replacement by Jair Bolsonaro in 2018.",25.0,7.84,15.38
uk-england-birmingham-47374127,Three siblings have had their stomachs removed after testing positive for a cancer gene following the deaths of their mother and sister.,"Tahir Khan, Sophia Ahmed, and Omar Khan underwent preventive gastrectomy at Addenbrooke's Hospital after genetic testing revealed they carried a gene linked to a rare stomach cancer that claimed the lives of their mother and sister. Despite the challenges of adjusting to life post-surgery, they believe the operation saved their lives, although Tahir's daughter has now tested positive for the same gene, raising concerns for her future.",32.61,13.33,21.74
uk-england-leeds-54470312,"The death of a British backpacker in Malaysia remains a mystery six years on, an inquest has heard.","Gareth Huntley, a 33-year-old volunteer from Leeds, went missing on Tioman Island on May 27, 2014, and his body was discovered on June 4. An inquest revealed that while the cause of death remains unclear due to decomposition, a third-party involvement could not be ruled out; his family expressed ongoing pain and unanswered questions surrounding the ""mysterious circumstances"" of his death.",26.83,2.5,12.2
world-asia-31001251,"The recent high-profile spat with the US over the Hollywood film ""The Interview"" painted North Korea's enigmatic young leader Kim Jong-un as impetuous.","The article discusses the ambitions of North Korean leader Kim Jong-un, highlighting his focus on establishing a power base, economic development, and the goal of Korean reunification. Insiders suggest that while he employs ruthlessness to maintain control, he also invests in infrastructure to gain the loyalty of future generations. Additionally, the article emphasizes North Korea's reliance on China for survival and the strategic importance of the regime in the context of U.S. military presence in the region.",20.75,9.62,13.21
world-middle-east-18571193,Saudi Arabia is to allow its women athletes to compete in the Olympics for the first time.,"Saudi Arabia's Olympic Committee will oversee the participation of women athletes who qualify for the Olympics, marking a significant shift in the country's stance on female sports participation amid strong opposition from religious conservatives. This decision follows intense discussions among top officials, including King Abdullah, and reflects ongoing efforts to reform women's roles in Saudi society. Female competitors will be required to wear modest attire, including a sports hijab, as part of the country's cultural considerations.",22.68,10.53,14.43
uk-england-hereford-worcester-51539199,A body has been found in the search for a woman who went missing in floods after her car got stuck in water.,"Yvonne Booth, 55, was swept away by floodwaters near Tenbury Wells, Worcestershire, and her body was later recovered during a search operation. The severe flooding, exacerbated by Storm Dennis, has affected hundreds of properties across the West Midlands, prompting emergency evacuations and numerous flood warnings, with some areas experiencing record water levels. A man rescued from the same incident remains in stable condition in the hospital.",24.72,2.3,13.48
world-europe-isle-of-man-56422262,"High Covid-19 infection rates mean it is ""too risky"" to allow household support bubbles to be formed on the Isle of Man, the chief minister has told Tynwald.","Isle of Man Chief Minister Howard Quayle stated that mixing households is currently the primary way the virus spreads, leading to the extension of the island's third lockdown until the end of March, with 872 active cases reported. While support bubbles are under consideration, Quayle emphasized that the spread of the more transmissible Kent variant makes it unsafe to implement them at this time, despite concerns from local representatives about the mental health impacts on families.",28.3,7.69,13.21
technology-30795245,Prosecutors have said the alleged creator and operator of the Silk Road underground market operated like a traditional drug lord.,"Ross Ulbricht is on trial in New York, accused of operating the Silk Road, a dark web marketplace for illegal drugs and other commodities, and making millions in bitcoin commissions. He faces multiple charges, including narcotics trafficking and money laundering, and has pleaded not guilty, claiming he is a ""perfect fall guy"" for the site's true owners. If convicted, Ulbricht could face life in prison, while evidence related to alleged murder plots will be presented in court, despite no murders being confirmed.",19.42,3.96,11.65
newsbeat-11997559,Adele has announced a UK tour starting in Leeds next April.,"Adele will embark on a UK tour in support of her second album, ""21,"" which is set to release on January 24, with the first single ""Rolling In The Deep"" debuting on January 16. The album, recorded in Malibu and London, reflects her personal growth and experiences since her debut album, ""19."" Tickets go on sale on December 17, with early access for fans available from December 15.",12.66,5.19,12.66
uk-england-oxfordshire-20503005,Refuge centres have been set up in Oxfordshire as flood warnings on more rivers are put in place.,"Blackbird Leys Leisure Centre and Langdale Hall in Witney are prepared to accommodate residents affected by flooding, as the Environment Agency has issued warnings for the River Thames and River Windrush. Oxfordshire County Council indicated that some households may need to evacuate within the next 24 hours, while flood barriers have been installed in various areas to mitigate risks. Local farmers report significant vehicle rescues from flooded roads, highlighting the dangers posed by drivers ignoring road closures.",23.16,2.15,12.63
uk-england-london-46741638,A man has been arrested on suspicion of murdering a security guard who was stabbed to death at a private party in London's West End on New Year's Day.,"Tudor Simionov, a Romanian national, was attacked by a group of men while working as security at a party in London, resulting in significant injuries to him and two other security staff, as well as a 29-year-old woman. A 26-year-old man has been arrested in connection with the incident, which police described as a ""shocking attack."" In a separate incident, Charlotte Huggins was fatally stabbed in Camberwell, with a 34-year-old man released on bail after being arrested on suspicion of attempted murder.",35.29,15.38,16.81
entertainment-arts-11956797,Rock star Eric Clapton is to sell off part of his extensive guitar collection to raise money for his rehab clinic.,"Eric Clapton will auction over 150 lots, including a guitar used during the 2005 Cream reunion shows and vintage amps, in New York next year, with proceeds benefiting the Crossroads Centre in Antigua. Notable items include guitars donated by Jeff Beck, JJ Cale, and Joe Bonamassa, and the auction will take place on February 9, following a display at Bonhams in London from January 23 to 26.",9.09,2.33,9.09
business-31949307,You have to feel the Office for Budget Responsibility's (OBR) pain.,"The Office for Budget Responsibility (OBR) has criticized the UK government for submitting late costings for significant policy measures, complicating its economic forecasts. OBR chairman Robert Chote highlighted that the complexity of the government's medium-term spending assumptions has increased dramatically, making it difficult to understand and undermining the transparency intended by the OBR's establishment. This lack of clarity poses challenges for accurately predicting future spending and budget balances.",19.28,9.88,16.87
world-africa-39842686,Nigeria's President Muhammadu Buhari is seeking fresh treatment in London for an undisclosed illness.,"Nigerian President Muhammadu Buhari has traveled to London for medical treatment, leaving Vice-President Yemi Osinbajo in charge, as concerns about a potential power vacuum grow amid the country's recession. Buhari reassured the public that ""there is no cause for worry,"" but his health has been a topic of anxiety, particularly following his previous medical leave and the historical context of former President Yar'Adua's health issues. The president's last official act was meeting with 82 schoolgirls recently released from Boko Haram captivity, while the exact duration of his stay in London will depend on medical advice.",15.65,7.08,10.43
10157432,The Italian government has approved austerity measures worth 24 billion euros (£20bn; $29bn) for the years 2011-2012.,"Italy has announced spending cuts amounting to 1.6% of GDP to reduce its budget deficit, including reductions in public sector pay, a freeze on new recruitment, and a clampdown on tax avoidance. Protests have erupted among public sector workers, who argue that their sector has already faced significant cuts and demand that the government focus on addressing tax evasion instead. The government aims to lower its deficit to below 3% of GDP by 2012 to maintain investor confidence and avoid a debt crisis similar to Greece's.",9.43,0.0,7.55
uk-england-tees-17350377,"A project to support families in Hartlepool affected by separation has been boosted by a £460,778 grant from the Big Lottery Fund (BLF).","Headland Future has received funding to provide financial and counseling support to families, benefiting an estimated 400 parents and children. The initiative builds on a successful pilot scheme that assisted over 100 families, with a focus on training parents to support one another through challenging situations.",22.86,2.94,11.43
uk-england-wiltshire-54161565,People in Wiltshire are being asked what they would like to see in the county's museum when it moves to its new home in a former courthouse.,"Wiltshire Museum is relocating to the historic Assize Court in Devizes, a site that has been vacant since the 1980s, and is seeking community input for its redevelopment through a survey by the Devizes Assize Court Trust. Plans for the restoration include exhibition galleries, a café, and community spaces, aiming to blend the building's historical significance with modern enhancements. A public consultation will be held to gather feedback on the proposed designs.",19.8,0.0,11.88
world-europe-43649668,Footage has emerged appearing to show tension between Spain's Queen Letizia and her mother-in-law Queen Sofia.,"During Easter Mass in Mallorca, Queen Letizia was filmed blocking a photograph of Queen Sofia and her daughters and removing Sofia's hand from her daughter Infanta Sofía's shoulder, leading to a tense exchange before King Felipe intervened. The incident has drawn criticism from the public and sparked anger from Marie Chantal of Greece, highlighting the deteriorating relationship between Queen Letizia and Queen Sofia. Reports suggest that tensions have been building since the birth of Letizia's daughters, despite King Felipe's attempts to foster family unity.",22.22,7.55,12.96
world-middle-east-24834204,"A public prosecutor and his driver have been killed in the restive south-eastern Iranian province of Sistan Baluchistan, state media say.","Mousa Nouri, a prosecutor in Zabol, was shot dead by unknown assailants while traveling to work, just weeks after an attack that killed 14 border guards. Although the judiciary chief stated the incidents were unrelated, tensions remain high in Sistan Baluchistan, where clashes between security forces and rebel groups have been frequent. A rebel group, Jaish al-Adl, claimed responsibility for the earlier attack, prompting the execution of 16 individuals by authorities.",25.53,4.35,14.89
uk-scotland-scotland-politics-40855469,The Scottish government plans to create a new benefit to help people struggling to pay for funeral costs.,"The Scottish government has proposed a new Funeral Expense Assistance benefit to help prevent financial hardship for those affected by the death of a loved one, aiming for implementation by summer 2019. Equalities Secretary Angela Constance emphasized the need for decisive action to address rising funeral costs, which can push vulnerable individuals into poverty, and outlined a comprehensive 10-point plan to tackle funeral poverty through various support services and initiatives.",31.46,16.09,24.72
uk-scotland-scotland-politics-46541974,Scottish Finance Secretary Derek Mackay has struck a deal to pass his plans for tax and spending for the year ahead at Holyrood. What are the big ideas and spending commitments?,"The Scottish finance secretary has decided to maintain the current income tax rates while increasing the starter and basic rate thresholds by inflation, but has frozen the higher rate threshold, diverging from UK-wide increases. The budget includes significant funding increases for health, education, and infrastructure, while also proposing a 3% public sector pay rise for lower earners and a 2% rise for those earning between £36,500 and £80,000. The budget was supported by the Green party, ensuring continued backing for the minority SNP government.",22.03,5.17,16.95
uk-20509003,"The chairman of the BBC Trust, Lord Patten, has told MPs he had no choice but to agree to a £450,000 pay-off to director general George Entwistle.","Mr. Entwistle resigned as BBC director general after just 54 days due to a controversy surrounding a Newsnight report that wrongly implicated Lord McAlpine in child abuse. Following negotiations, he received a severance package of 12 months' pay, while Lord Patten emphasized the need for the BBC to maintain high standards in investigative journalism despite recent mistakes.",32.56,9.52,13.95
uk-wales-south-west-wales-25024708,"A man who left unwanted furniture including a wardrobe, TVs and bed outside a shut charity shop has landed himself a £1,000 court bill for fly-tipping.","Ronnie James Carroll, 47, was fined £420 and ordered to pay compensation after admitting to multiple fly-tipping offenses involving the dumping of furniture outside a Barnardos charity shop in Ammanford, which hindered operations and resulted in damaged goods. The Carmarthenshire council emphasized that such actions are serious offenses and have led to warnings being posted at charity shops to deter similar incidents.",17.58,6.74,10.99
uk-england-leicestershire-51356195,A diary detailing a soldier's experience in the Battle of the Somme has been discovered in a barn.,"A diary written by Pte Arthur Edward Diggins, detailing his experiences during the first day of the Battle of the Somme, is set to be auctioned next month after being discovered in Leicestershire. The poignant entries describe the horrors of the battle, which resulted in over 20,000 British casualties, but reveal that Diggins survived and later returned home to his family. The auction is scheduled for March 20, with an estimated value of £300 to £400.",25.0,12.77,22.92
business-18074966,What makes an entrepreneur? The BBC's Roman Lebed and Tom Santorelli speak to Ruslan Gritsaylo about how he set up a business taking people on paratrike tours in the skies above Kiev.,"Ruslan Gritsaylo, a third-generation pilot from Kiev, operates a paratrike business that offers customers aerial experiences, capitalizing on the lack of competition and evolving technology in the field. Despite navigating complex aviation regulations in Ukraine, he has successfully attracted thousands of clients annually, diversifying his services to include advertising and high-quality video production of flights. Gritsaylo emphasizes the joy of flying and the importance of innovation in maintaining his business's success.",26.17,3.81,13.08
uk-northern-ireland-40941393,"The government has said there must be an ""unprecedented solution"" for the border between Northern Ireland and the Republic after Brexit.","The UK government has proposed measures to avoid a hard border between Northern Ireland and the Republic of Ireland post-Brexit, emphasizing no physical customs infrastructure and suggesting exemptions for small and medium-sized businesses from new tariffs. Critics, including Labour, have dismissed the proposals as lacking detail and unrealistic, while the European Commission stresses the need for a political agreement to protect the Good Friday Agreement before discussing technical solutions. The government aims to maintain the Common Travel Area and ensure seamless trade, but concerns remain about the potential economic and political impacts of Brexit on Northern Ireland.",23.33,13.56,18.33
uk-26341122,"A decision to keep documents relating to a man who was at the centre of the Profumo sex scandal hidden should be overturned, a leading lawyer has said.","Lawyer Geoffrey Robertson QC is appealing to the Information Commissioner to overrule the National Archives' decision to keep documents related to the trial of Stephen Ward sealed until 2046. Ward, who was convicted of living off immoral earnings linked to the Profumo affair, is believed to have been a victim of a miscarriage of justice, and Robertson argues that releasing the trial documents is crucial for uncovering the truth and potentially overturning Ward's conviction.",31.07,13.86,23.3
entertainment-arts-49419053,Scarlett Johansson has topped Forbes' list of best-paid actresses for a second year - but is only the eighth highest paid actor overall.,"Scarlett Johansson earned $56 million in the past year, ranking her as the highest-paid female actor, though she still falls below male actor Adam Sandler. The list of top-earning actresses saw all ten earn over $20 million, a significant increase from the previous year, but lacked diversity, with Sofia Vergara being the only woman of color represented. Dwayne Johnson topped the overall rankings for male actors with $89.4 million, followed by Chris Hemsworth and Akshay Kumar.",31.37,8.0,21.57
entertainment-arts-44964740,"Arctic Monkeys, arguably Britain's biggest rock band, are among the 12 nominees for the 2018 Mercury Prize.","Arctic Monkeys received their fourth nomination for the Mercury Prize with their album *Tranquility Base Hotel and Casino*, competing against artists like Jorja Smith, Lily Allen, and Florence + The Machine. The shortlist features a mix of political and personal themes, highlighting the significance of music in addressing contemporary issues, with the winner to be announced on September 20 at London's Hammersmith Apollo.",19.75,7.59,14.81
newsbeat-42729308,Kim Kardashian and Kanye West have spoken of their happiness about having a daughter by a surrogate.,"Chloe, a 28-year-old mother of three, became a surrogate after experiencing the joy of childbirth and wanting to help families who cannot have children. She joined Surrogacy UK, formed a close relationship with the intended parents, and described her surrogate pregnancy as akin to caring for someone else's child. Despite the challenges of explaining her role to adults, Chloe is eager to become a surrogate again, enjoying the experience and the support provided during the process.",12.5,2.13,10.42
science-environment-48786295,"Oil producing countries are trying to ""erase the science"" on keeping the world's temperatures below 1.5C, say some delegates at UN talks in Bonn.","The chair of the Alliance of Small Island States criticized Saudi Arabia and other countries for attempting to downplay the significance of a key IPCC report on limiting global warming to 1.5°C, which requires a 45% reduction in carbon emissions by 2030. Despite the report's critical role in raising awareness about climate change, some major oil-producing nations, including the US and Russia, are resisting its acknowledgment in negotiations, leading to tensions among delegates at the Bonn climate talks. Efforts to reach a compromise are ongoing, but the dispute may escalate if an agreement is not reached.",25.4,3.23,15.87
technology-30819036,Facebook is launching a new app that aims to expand the US firm's presence within companies and other places of work.,"Facebook has launched ""Facebook at Work,"" a platform designed for workplace communication that aims to compete with LinkedIn and established collaboration tools like Yammer. The service promises secure and confidential information sharing among employees, leveraging familiar Facebook features while currently being free of advertisements. The app is in a pilot phase with select companies, and Facebook has indicated it will prioritize user feedback to enhance the experience.",29.21,6.9,20.22
world-latin-america-50664018,"Trade unions, student and indigenous groups are marching in Colombia's major cities to increase the pressure on the government of President Iván Duque.","Protests in Colombia have been ongoing for nearly two weeks, with demonstrators demanding better access to education, protection for social activists, and adherence to the 2016 peace agreement with Farc rebels. The protest committee has presented President Duque with 13 demands, including assurances against raising the pension age and cutting minimum wage for young people, while calling for the disbandment of riot police following the death of a protester. President Duque has denied plans to change pension and wage policies, rejected calls to disband the riot police, and proposed a national dialogue, which the protest committee insists should only involve them and the government.",15.5,3.15,12.4
business-35240093,Tech giant Huawei Technologies's consumer division's revenue rose 70% to more than $20bn (£13bn) in 2015 from a year ago on strong smartphone sales.,"Huawei reported a 44% increase in smartphone shipments, reaching 108 million units, coinciding with the launch of its flagship Huawei Mate 8 in Las Vegas. Despite facing bans on its telecom devices in the US due to espionage concerns, the company is focusing on high-margin premium products to compete with Apple and Samsung in the smartphone market.",14.29,0.0,9.52
blogs-news-from-elsewhere-51090657,A train in southern Russia was delayed for the better part of an hour after getting stuck behind a slow-moving camel.,"A train operated by Volga Railways was delayed for over 40 minutes near the Russian-Kazakh border due to a slow-moving mammal on the tracks, prompting the crew to reduce speed to avoid an accident. The incident highlights growing concerns about wild and domestic animals encroaching on railway tracks in the region, posing risks to passengers and crew.",27.16,12.66,22.22
world-latin-america-34504269,"People in the neighbourhood of Moyopampa, 35km (22 miles) east of Lima, say 23 March was a sunny Monday afternoon like so many others.","In Moyopampa, Peru, residents faced devastating flooding and landslides after an unprecedented 30-minute downpour, with many, including 63-year-old Cristina Inga, escaping their destroyed homes through roofs. The area, deemed vulnerable by the government, is at high risk due to the anticipated severe El Niño phenomenon, prompting a state of emergency and a $1 billion response plan to mitigate the impacts of heavy rains and mudslides. Despite the dangers, residents remain in their homes due to financial constraints, relying on faith and community support for survival.",12.39,0.0,7.08
uk-scotland-south-scotland-42521987,A Scottish duke has been handed a rare honour by being made a Knight of the Thistle by the Queen.,"Richard Scott, the Duke of Buccleuch and Queensberry, has been appointed to the Order of the Thistle, Scotland's highest order of chivalry, and will be honored as a ""sir."" His appointment, announced in The London Gazette, will be backdated to St Andrew's Day 2017, and he will also serve as the Lord High Commissioner to the General Assembly of the Church of Scotland in 2018.",20.69,7.06,16.09
uk-england-suffolk-46071589,"The organisers of a festival are ""enraged"" by the actions of a protester who is disrupting a daily outdoor music event with a megaphone and a siren.","A protester in Ipswich is disrupting the ""Clarion Call"" performance, which commemorates the centenary of the end of World War One, by denouncing it as a ""pagan incantation"" through a megaphone. Artistic director Robert Pacitti expressed frustration over the protester's actions, emphasizing the memorial nature of the event, while attendees have criticized the protester for undermining the tribute. Suffolk Police have noted the protester is not committing any offense.",28.87,6.32,16.49
uk-england-stoke-staffordshire-25680638,A police force is being investigated for possible breaches to data protection laws after naming drink drive suspects on Twitter.,"Staffordshire Police is under investigation by the Information Commissioner's Office (ICO) for potentially violating the Data Protection Act by naming 86 individuals charged with drink driving in a December social media campaign. While West Midlands Police, which also named suspects, is not being investigated, concerns have been raised about the presumption of innocence, leading to calls for the resignation of the police and crime commissioner. The police have confirmed they are cooperating with the ICO's inquiries.",26.53,6.25,20.41
uk-england-bristol-44226204,The life of an African-American former slave who toured Britain to campaign for abolition is being celebrated across Bristol.,"To commemorate the 200th anniversary of Frederick Douglass's birth, Edson Burton and Bristol Old Vic have adapted his speeches for performances at seven locations in Bristol linked to slavery. The project aims to provide a modern perspective on Douglass's life and activism, engaging the community in discussions about ongoing inequalities. Key figures from various fields will perform, highlighting Douglass's legacy as a prominent abolitionist and orator.",13.48,0.0,8.99
business-45506500,The boss of John Lewis has hit out at Brexit secretary Dominic Raab after he said companies should not blame Brexit for poor results.,"Sir Charlie Mayfield of John Lewis attributed a 99% drop in half-year profits to factors including a weaker sterling and increased import costs, while Dominic Raab criticized businesses for blaming Brexit for their struggles. Raab emphasized the government's focus on securing a favorable deal with the EU and dismissed concerns about potential shortages in a no-deal scenario as ""nonsense."" Meanwhile, Jaguar Land Rover's CEO warned that an unfavorable Brexit could severely impact profits and lead to job cuts.",18.87,9.62,15.09
uk-20947917,"Changes to the way terror suspects are monitored were not to blame for the disappearance of a suspect on Boxing Day, the home secretary has told MPs.","Theresa May faced criticism from Labour's Yvette Cooper regarding the disappearance of Ibrahim Magag, a terror suspect under TPim measures, who was last seen in north London after failing to report to his residence. Cooper questioned whether the removal of forced relocation contributed to his absconding, while May asserted that his disappearance does not pose a current terrorism threat and emphasized that police are actively searching for him. Magag, previously under a control order, had been allowed to return to London, raising concerns about the effectiveness of the TPim system.",22.03,5.17,13.56
uk-northern-ireland-11997538,The European Commission' s proposed 17% cut in the 2010 prawn quota for NI fishing fleets has been reduced to 3%.,"Agriculture and Fisheries Minister Michelle Gildernew participated in the December Fisheries Council in Brussels, achieving a deal that saved over £4 million for the local economy. She successfully advocated for a 10% increase in the Irish Sea herring quota and mitigated proposed reductions for haddock and cod, while also discussing a review of the Irish Sea and a new management system for the industry.",14.12,2.41,11.76
business-39841164,"With Emmanuel Macron's French election win, the prospect of France leaving the European Union - as proposed by his run-off opponent Marine Le Pen - has been all but eliminated.","President-elect Emmanuel Macron aims to reform the eurozone while maintaining France's membership, advocating for a common eurozone budget and finance minister. His economic policies include reducing corporation tax, implementing tax breaks to stimulate business, and addressing unemployment through labor law adjustments, while also targeting a budget deficit below 3% of GDP and cutting public spending by 60 billion euros over five years. Macron's success in delivering these reforms will be crucial to countering potential challenges from the National Front in the 2022 election.",17.24,3.51,8.62
uk-scotland-north-east-orkney-shetland-39254354,Photos of unusual cloud formations complete with a reflection of a rainbow have been captured across the north east of Scotland.,"Lenticular clouds, resembling UFOs, were spotted in Aberdeen, prompting excitement on social media after BBC Scotland shared photos of the phenomenon. Weather presenter Judith Ralston explained that these lens-shaped clouds, known as Altocumulus Lenticularis, can create colorful rainbow reflections due to atmospheric conditions.",21.54,3.17,12.31
blogs-news-from-elsewhere-34313610,Passengers on Moscow's underground system can now access a toilet for the first time - but only at one station.,"A new ""bio toilet"" has been installed at Prospekt Mira metro station in Moscow, allowing passengers to access it for free using their travel cards. The environmentally friendly unit features sensors to prevent forgotten belongings and alarms for extended use, serving as a pilot project to assess the feasibility of adding more toilets across the city's extensive metro system.",27.5,0.0,12.5
47967764,"Climate change protests will become much more commonplace, according to the head of one of Europe's biggest ethical investment funds.","Nearly 300 people were arrested in London amid protests against climate change, which Nordea Bank's Sasja Beslik described as ""just the beginning"" for concerned citizens seeking action. He emphasized the importance of financial capital in driving change, noting that 87% of global capital is not managed with climate issues in mind, while Legal & General Investment announced it would prioritize climate change in its investment strategies.",18.39,2.35,13.79
world-us-canada-56273381,"The New York Governor has said he is ""so sorry"" for making women uncomfortable but denied touching anyone inappropriately.","Three women have accused New York Governor Andrew Cuomo of sexual harassment, prompting an investigation by the state attorney general. Cuomo expressed embarrassment over the allegations but urged the public to await the facts before forming opinions, while he faces increasing pressure to resign amid calls from within his party. In addition to the harassment claims, Cuomo is also under scrutiny for his handling of nursing home death data during the pandemic.",19.78,4.49,13.19
world-europe-38005202,"Criticism of Theresa May's handling of Brexit is mounting in the European press, with new impetus from a leaked memorandum suggesting the UK government lacks the manpower to cope with the process.","Commentators express skepticism about the UK government's denial of internal divisions regarding Brexit, with concerns about Prime Minister Theresa May's refusal to delegate responsibilities complicating negotiations. German Chancellor Angela Merkel's recent remarks suggest a potential compromise on labor movement, while fears grow in Poland about the financial implications of the UK's departure from the EU. Additionally, there are mixed views on May's approach to Donald Trump, with some seeing a potential alliance that may not benefit the EU, while others worry about the impact of his policies on London's financial sector amid Brexit uncertainties.",28.57,6.11,18.05
uk-wales-south-east-wales-11521339,"Forty-five of 300 planned job losses at the passport office in Newport are to be saved, says the Welsh secretary.","Cheryl Gillan announced that a new customer-facing passport office will open in Newport, safeguarding up to 45 jobs and maintaining access to services for residents. However, unions criticized her claims, stating that the majority of jobs related to passport processing would still be lost, resulting in 255 job cuts overall, which they argue is a significant blow to the local economy. Critics, including local politicians, have called for clarification on the job losses and expressed skepticism about avoiding compulsory redundancies.",21.57,6.0,13.73
world-latin-america-24014501,It often comes as a surprise to foreigners visiting Chile to discover that Gen Augusto Pinochet still has supporters here.,"As Chile marks the 40th anniversary of the military coup that brought General Augusto Pinochet to power, public opinion remains divided on his legacy. While the majority of Chileans condemn the human rights abuses committed during his regime, a small faction still views him as a hero who saved the country from communism and laid the groundwork for economic prosperity. The ongoing debate reflects complex attitudes towards both Pinochet's dictatorship and the preceding government of Salvador Allende.",16.33,4.17,12.24
uk-wales-north-east-wales-36173481,Less than one in four homes in Denbighshire have signed up for Superfast Cymru high speed broadband.,"Residents in Denbighshire have expressed frustration over poor communication from BT regarding delays in the Superfast Cymru broadband rollout, which aimed to provide 96% of homes in Wales with superfast internet by spring 2016. During a council meeting, BT reported that 77% of Denbighshire properties currently have access, with plans to connect an additional 42,000 homes by June 2017, while acknowledging that 5% of local properties remain unreachable due to their remote locations. Council officials emphasized the importance of improving communication and expediting the rollout to support local businesses and residents.",14.68,7.48,11.01
uk-36492850,Singer Rod Stewart has been knighted in a Queen's Birthday Honours list that also recognises the achievements of British astronaut Tim Peake.,"Major Tim Peake has been appointed a Companion of the Order of St Michael and St George for his contributions to space research and education while aboard the International Space Station. Sir Rod Stewart received a knighthood for his music and charity work, and Dame Vera Lynn was honored as a Companion of Honour for her entertainment and charitable contributions. The UK's Birthday Honours list recognized a diverse group of 1,149 individuals, with 70% acknowledged for community service, amidst some controversy regarding political affiliations.",23.85,11.21,14.68
world-europe-23003013,The Russian authorities are investigating reports that an electrician working at a Sochi Winter Olympics site was tortured by police.,"Martiros Demerchyan alleges he was detained and sexually assaulted with a crow-bar by police after complaining about underpayment for his work on a construction project for the Sochi Winter Olympics. Along with his brother-in-law, who was also detained and beaten, Demerchyan claims they were coerced into confessing to theft, and his wife has filed complaints against the police for assault and neglecting medical care. The Investigative Committee is expected to review the case and decide on potential actions against the officers involved.",19.05,5.83,13.33
uk-politics-35107203,"MPs have voted to allow fracking for shale gas 1,200m below national parks and other protected sites.","The UK government approved new regulations allowing fracking from outside protected areas, despite previous commitments to an outright ban in national parks, leading to accusations of a U-turn from opposition parties. The regulations permit drilling at least 1,200 meters below national parks and other designated areas, with critics arguing they lack sufficient safeguards for the environment and drinking water. Energy Minister Andrea Leadsom defended the decision, claiming it would enhance energy security and create jobs while maintaining environmental protections.",22.22,10.31,18.18
world-latin-america-33449810,We are flying low in helicopter formation over the Brazilian Amazon with agents from Ibama - the state-funded institute responsible for environmental protection.,"Despite Brazil's recent efforts to combat deforestation, illegal logging in the Amazon is on the rise, with new statistics indicating that deforestation rates have nearly doubled in some areas. Armed agents from Ibama are actively destroying illegal logging camps, but the trade remains highly profitable and dangerous, often involving organized crime. Environmentalists express skepticism about the government's ability to fulfill promises to halt illegal deforestation, especially given recent budget cuts to environmental initiatives.",20.41,4.17,18.37
newsbeat-10002718,"Fans of the Twilight vampire series will get the chance to meet the stars of the second film, New Moon, ahead of its cinema release on 20 November.","Robert Pattinson, Kristen Stewart, and Taylor Lautner will participate in a Q&A session in London next Wednesday, accompanied by bands from the ""New Moon"" soundtrack at Battersea Park. Tickets are available through an online ballot, limited to two per person, and attendees under 14 must be with an adult. ""New Moon"" continues the story of Bella Swan as she copes with the departure of her vampire boyfriend, Edward Cullen, and is part of the bestselling Twilight saga by Stephenie Meyer.",23.85,3.74,12.84
world-europe-25465092,Russian media explain the unexpected pardoning of Mikhail Khodorkovsky as a Kremlin attempt to brush up its image ahead of the 2014 Sochi Olympics.,"Mikhail Khodorkovsky, a prominent political opponent of President Vladimir Putin, has reportedly sought clemency after discussions with security officials regarding his mother's health and potential new charges against him. While some media outlets view his release as a significant political shift, analysts suggest that Khodorkovsky no longer poses a threat to the regime, and the broader impact on Russian politics and the economy may be limited.",21.98,4.49,13.19
world-us-canada-56726028,"George Floyd's death, and the trial of Derek Chauvin, have shone a light on racial issues in small towns. Yet coming to terms with racism is tough, even for the well-meaning.","In Decorah, Iowa, the death of George Floyd sparked a movement for racial awareness and justice in a predominantly white community, leading to the organization of a Black Lives Matter march and the revitalization of the Decorah Human Rights Commission. Residents, including those who previously felt isolated from issues of racial injustice, are now actively engaging in discussions and initiatives to promote inclusivity, despite some resistance to change. The community acknowledges its slow evolution and the need for ongoing dialogue about racism and acceptance.",23.93,3.48,17.09
uk-politics-27023540,"It is time to ""get on"" with publishing the findings of the Iraq Inquiry, which began its work almost five years ago, Nick Clegg has said.","The Chilcot inquiry, led by Sir John Chilcot, is facing delays in publishing its report due to ongoing discussions with Whitehall officials over document disclosures. Deputy Prime Minister Nick Clegg emphasized the importance of releasing the report, which examines the UK's involvement in the Iraq War, to allow for scrutiny of the decisions made during that period. The Cabinet Office stated that discussions regarding document declassification are nearing completion, and the report is expected to be published soon.",24.76,5.83,13.33
world-asia-china-17503171,Self-made businessman CY Leung has been chosen as Hong Kong's new leader after an unusually turbulent campaign.,"Mr. Leung was elected as Hong Kong's new chief executive by a committee of 1,200 influential citizens, following the withdrawal of support for frontrunner Henry Tang amid scandals. Pro-democracy protests erupted outside the voting venue, highlighting calls for direct elections for Hong Kong's leader, which China has promised for 2017. Leung secured 689 votes, while Tang received 285 and pro-democracy candidate Albert Ho garnered 76.",17.98,9.2,15.73
uk-northern-ireland-37680586,"There are set to be an increasing number of school mergers and closures across Northern Ireland, according to Education Authority (EA) plans.","The draft area plan for 2017 to 2020 outlines a strategy for addressing the sustainability of schools in Northern Ireland, highlighting that many are failing to adequately serve their students. Education Minister Peter Weir noted that nearly half of post-primary and 40% of primary schools are projected to face budget deficits by 2018-19, with decisions on individual school futures expected in early 2017. The plan emphasizes the need for a network of viable schools that meet educational needs efficiently, taking into account projected population changes across various council areas.",19.47,3.6,14.16
uk-wales-politics-21794724,Plaid Cymru leader Leanne Wood has revealed she will stand in Labour-held Rhondda at the next assembly election.,"Plaid Cymru leader Leanne Wood announced her candidacy for the Rhondda constituency seat, aiming to challenge Labour's stronghold in the area, while also expressing hopes to benefit from potential changes to the dual candidacy ban. Education Minister Leighton Andrews criticized her move as a ""stunt,"" emphasizing that Wood's focus should be on the regional list if the rules change. In her speech marking her first year as leader, Wood outlined economic policies aimed at revitalizing Wales and highlighted the importance of addressing local challenges.",19.05,7.77,15.24
newsbeat-10000840,An American TV game show for obese people is being criticised for the way it encourages contestants to lose weight.,"""Dance Your Ass Off"" is a reality show that encourages overweight contestants to lose weight through dance and diet over two months, with weekly eliminations based on performance and weight loss. While the show has garnered a significant audience and support for promoting exercise, critics argue it perpetuates unhealthy dieting practices and can be offensive to those struggling with obesity.",30.0,7.69,15.0
uk-wales-52063785,People forced to self-isolate have expressed frustration at not being included in a programme to help prioritise food deliveries for those unable to leave the house.,"Vulnerable shoppers in Wales are facing difficulties accessing priority grocery delivery services, as they are unable to register on the UK government's database, which only includes residents of England. The Welsh Government is urgently addressing this issue, with advocacy groups emphasizing the need for systems to ensure that vulnerable individuals in Wales can receive timely support for food and essential supplies. Supermarkets like Sainsbury's and Tesco are working to improve access for these customers, while local shops are attempting to fill the gap with delivery services.",17.39,1.77,12.17
entertainment-arts-35042217,Ennio Morricone has denied criticising Quentin Tarantino over his use of music.,"Italian composer Ennio Morricone, who previously criticized Quentin Tarantino's use of music in films, has expressed his admiration for the director's incorporation of his work in films like Kill Bill and Django Unchained, and has collaborated with Tarantino for the first time on the score for The Hateful Eight. Morricone praised the film's detailed script as a key factor in his decision to work on the project, which marks his first orchestral score for a Western. The Hateful Eight is set to be released in January, with Morricone's soundtrack debuting in December.",16.67,7.55,12.96
uk-wales-politics-46180033,"Plans to cut the maximum stake on fixed-odds betting terminals from £100 to £2 could be brought forward to April, a Welsh Labour MP has said.","Carolyn Harris announced plans for a cross-party group of MPs to push the UK government to implement a proposed cut in stakes for fixed-odds betting terminals from £100 to £2 by April 2019, citing concerns over problem gambling. Former sports minister Tracey Crouch resigned in protest over the government's delay in enacting the cut, which she deemed ""unjustifiable."" Harris plans to table an amendment to the Finance Bill, with hopes of a vote next week to expedite the change.",29.36,14.95,25.69
uk-24611407,"The new National Crime Agency - dubbed ""the British FBI"" - is launching a campaign to recruit up to 400 trainee cyber and intelligence officers.","The National Crime Agency (NCA) is recruiting new officers with a starting salary of £22,407 for a two-year training program aimed at combating organized crime in the UK. Open to applicants over 18 who demonstrate ambition and aptitude, the recruitment process will begin next month and is expected to attract over 8,000 candidates. The NCA, which has a budget of nearly £500 million, replaces the Serious Organised Crime Agency and will focus on various crime types, including economic crime and cyber crime.",25.93,3.77,18.52
uk-england-leicestershire-57039871,The Conservatives have won the election for the post of police and crime commissioner (PCC) for Leicestershire.,"Rupert Matthews won the election for Police and Crime Commissioner (PCC) in Leicestershire with 135,566 votes, defeating Labour's Ross Willmott, who received 102,211 votes. Matthews, a former MEP, aims to enhance police effectiveness and community responsiveness, succeeding Labour's Lord Willy Bach, who is stepping down after one term. Voter turnout increased to 30.2% from 19.79% in the previous election.",26.83,17.5,24.39
uk-england-york-north-yorkshire-44287634,A stolen golf buggy was seized after being spotted at a McDonald's drive-thru.,"A 19-year-old man was arrested at a McDonald's in Catterick, North Yorkshire, early in the morning on suspicion of theft and driving while unfit due to alcohol. Police noted the incident as an unusual job but successfully avoided a high-speed pursuit, prompting humorous reactions on social media while also highlighting the potential dangers of the situation.",18.67,8.22,18.67
uk-england-leeds-51136569,"Two-thirds of councils in England have a shortage of black, Asian or minority ethnic (BAME) foster carers, according to BBC analysis of official figures.","A BBC analysis revealed that a significant shortage of BAME foster carers in England is impacting children's sense of identity, with 76% of the 54,870 children in foster care being white. Shaz, an 18-year-old British Muslim who spent four years in care with non-Muslim families, expressed feelings of alienation and a lack of cultural understanding regarding his dietary and religious needs. Children's minister Michelle Donelan emphasized the importance of addressing these issues to ensure that all children receive care that respects their cultural backgrounds and identities.",22.22,8.7,11.97
business-41231763,The new owners of UK cosmetics chain The Body Shop have said they plan to keep the legacy of founder Dame Anita Roddick alive as they look to revive the company.,"Brazilian cosmetics group Natura has acquired The Body Shop from L'Oreal for approximately 1 billion euros, aiming to enhance its global presence while maintaining the brand's commitment to sustainability. Co-chairman Guilherme Leal emphasized the shared values between Natura and The Body Shop, highlighting the need for a platform to expand internationally and reduce reliance on the fluctuating Brazilian market. The acquisition includes The Body Shop's 3,200 stores and 18,000 employees across 66 countries.",16.36,3.7,14.55
world-asia-pacific-15169007,A Tibetan monk has set fire to himself - the fifth one this year - in an apparent indication of the escalating tension between Tibetans and the Chinese government.,"A 17-year-old monk named Kelsang Wangchuk self-immolated while carrying a photograph of the Dalai Lama at the Kirti monastery in Sichuan province, marking the fifth such incident in Tibetan areas this year. The Chinese government has responded by tightening security, prosecuting monks, and attempting to justify its actions to the UN, while campaign groups express concern over the growing trend of self-immolation as a form of protest against Chinese policies.",31.68,10.1,19.8
business-44725606,"The head of the UK aerospace industry's trade body has warned that a no-deal Brexit would be a ""worst case scenario"" that could ground aircraft made with UK-made parts.","The UK aerospace industry is facing significant concerns over regulatory alignment with the EU as Brexit approaches, with ADS chief executive Paul Everitt warning that a no-deal scenario could ground aircraft using UK-made parts due to lack of certification. Jaguar Land Rover also cautioned that a poor Brexit deal could jeopardize £80 billion in investment and lead to factory closures. Industry leaders are urging immediate technical discussions between UK and EU aviation authorities to avoid costly disruptions.",39.64,20.18,28.83
business-38878091,"The Brexit vote is already having a negative impact on business, a survey of bosses from some of the UK's biggest companies has suggested.","A survey by Ipsos Mori revealed that 58% of FTSE 500 executives believe their firms have suffered since the Brexit vote, with two-thirds predicting worsening business conditions in the next year. While 45% expect a negative impact in five years, 32% are optimistic about potential positive effects; however, 96% are confident in their companies' ability to adapt. The majority of respondents emphasized the importance of access to skilled labor and reducing regulatory complexity for post-Brexit success.",27.18,9.9,15.53
uk-51470342,"More cases of coronavirus are ""highly likely"" to be seen in the UK and come from overseas, says a senior health official.","Steve Walsh, a British man linked to 11 coronavirus cases, has fully recovered and poses no risk to the public, while health officials continue to trace contacts of infected individuals. A total of 1,750 people in the UK have tested negative for the virus, with eight confirmed cases, as authorities emphasize the importance of identifying and isolating potential infections to prevent further spread. The World Health Organization has officially named the disease caused by the coronavirus as Covid-19, and experts warn that the UK remains at risk due to ongoing outbreaks in other countries.",18.64,5.17,13.56
uk-politics-21697489,Business Secretary Vince Cable has denied hearing details of the Chris Huhne speeding points scandal before they were published in the media.,"Vicky Pryce, former wife of Chris Huhne, claimed she informed Vince Cable about her decision to take speeding points for Huhne during a dinner, but Cable denied any recollection of the conversation. Both Huhne and Pryce were convicted of perverting the course of justice after Pryce falsely took responsibility for a speeding offense to protect Huhne from prosecution. Pryce's defense of marital coercion was rejected by the court.",24.18,8.99,17.58
world-middle-east-37638256,"Appalled by the carnage of last Saturday's double bombing of a Yemeni funeral, Britain is sending its Minister for the Middle East on a sensitive mission to Riyadh.","An airstrike attributed to the Saudi-led coalition in Yemen has resulted in at least 140 civilian deaths and over 500 injuries, prompting the UK to request oversight of the investigation despite Saudi Arabia's refusal to accept responsibility. The ongoing conflict, which began in 2015, has led to significant civilian casualties, with accusations of potential war crimes against the coalition, while the UK and US continue to support Saudi military efforts. As discussions between UK officials and Saudi leaders unfold, the future of Britain's arms sales to Saudi Arabia hangs in the balance.",11.29,0.0,9.68
health-19571173,"Breast cancer screening saves the lives of two women for every one patient who receives unnecessary treatment, according to a major European review.","A recent study published in the Journal of Medical Screening found that breast cancer screening saves at least seven lives for every 1,000 women screened, while also identifying cases of over-diagnosis. Health charities are optimistic that these findings will clarify the benefits and risks of screening for women, as the Department of Health in England reviews its screening policies. The study's lead researcher emphasized that the lives saved through screening significantly outweigh the cases of over-diagnosis.",23.3,9.9,15.53
uk-37796786,"Campaigners have hailed a landmark ruling giving Uber drivers the right to the minimum wage, paid holiday and sick leave.","A London employment tribunal ruled that Uber drivers should be classified as employees rather than self-employed, granting them rights such as sick and holiday pay. The decision, which Uber plans to appeal, could have significant implications for gig economy workers beyond just drivers, as it affirms their entitlement to better working conditions and compensation.",29.33,2.74,18.67
uk-england-leeds-53151792,Three more men have been arrested on suspicion of murdering a man who was stabbed to death in a fight in West Yorkshire.,"Bradley Gledhill, 20, was fatally stabbed during an altercation on Park Croft in Batley on Sunday night, prompting police to arrest four men in connection with the incident. Two men, aged 18 and 23, along with an 18-year-old, were arrested, while a 19-year-old remains in custody on suspicion of murder. Authorities are seeking witnesses and have established an online portal for information related to the case.",27.96,6.59,15.05
uk-england-beds-bucks-herts-23273933,Junior doctor training has been stopped at a major hospital in Bedfordshire and an MP has called for an inquiry.,"Bedford Hospital NHS Trust faced criticism for having insufficient consultants in its paediatric and maternity departments, leading to Health Education East of England withdrawing junior medical trainees due to concerns over inadequate supervision. MP Richard Fuller has called for an inquiry into the situation, questioning the trust's handling of trainee doctors' concerns. The hospital is working with regional partners to manage children's services and plans to announce changes in response to the withdrawal of trainees.",22.68,8.42,18.56
uk-england-south-yorkshire-54572565,More than 100 people have answered an online plea for more information about knife-makers from the steel city of Sheffield.,"The Name on a Knife Blade project in Sheffield uncovered new stories and previously unrecorded knives, leading to the donation of personal collections, including over 70 knives from Dr. Richard Brown. The initiative has attracted significant public interest, with 110 individuals sharing their ancestral connections to Sheffield's cutlery industry, and has expanded its reach globally. Ken Hawley's extensive collection now includes approximately 1,500 stainless steel knives from around 1,000 different makers.",14.58,0.0,8.33
uk-wales-south-east-wales-26721638,Plans to build more than 650 new homes in south Wales have been unveiled.,"The Welsh government plans to develop over 400 homes on a former steelworks site in Newport and 260 homes at Eirin Park in Tonyrefail, aiming to provide affordable housing for young and lower-income families while creating approximately 2,300 jobs and generating an economic benefit of around £225 million. Despite these initiatives, housing groups emphasize the ongoing shortage of affordable properties, with around 90,000 households on waiting lists for council or social housing in Wales. The government has also committed financial support to expedite these developments through loans to the respective development companies.",9.17,1.87,9.17
newsbeat-43652288,Kim Kardashian West has shared the first family photo showing her with husband Kanye West and all their three children.,"Kim Kardashian shared a family photo on Instagram featuring her children North, Saint, and Chicago, expressing the challenges of capturing a good family picture. This is the first image of all three children together since Chicago's birth via surrogate on January 16, which Kim chose due to health risks associated with another pregnancy.",35.14,11.11,27.03
world-europe-jersey-20279558,"High rents mean independent retailers are not able to open on St Helier's main shopping streets, says Jersey's Town Centre Manager.","Richard McKenzie highlighted that while 4% of shops in St Helier are empty—lower than the UK average—high rents in King and Queen Streets are challenging for independent retailers. He emphasized the importance of these traders in the shopping experience and noted that this year has been difficult due to parking issues and online competition, although initiatives to improve parking may help increase foot traffic.",22.47,6.9,11.24
uk-wales-north-east-wales-14339132,Wrexham FC's co-owner Geoff Moss has said the football club has run out of money.,"Wrexham FC is facing a financial crisis, with 115 staff members, including players and coaches, not receiving their wages, prompting a supporters group to launch an emergency fund for payments. Club owner Geoff Moss has expressed concerns for his safety due to death threats and is contemplating leaving the country, while the club is actively seeking a buyer amid ongoing negotiations with the Wrexham Supporters Trust. Two pre-season friendlies have been canceled as the club struggles to address a £45,000 tax bill and secure funding for the upcoming season.",14.81,7.55,14.81
uk-scotland-55260118,"With the easing of Covid restrictions allowing non-essential shops and hospitality to operate in more parts of Scotland, we examine the data which logs what people say they were doing prior to their positive test.","The Scottish government's ""test and protect"" strategy, initiated in May 2020, aims to minimize coronavirus spread by tracing contacts of positive cases. Recent data indicates that shops account for 20% of locations visited by individuals before testing positive, with an increase in shopping activity as Christmas approaches, despite ongoing concerns about safety in retail settings. Experts emphasize that while shopping poses some risk, measures have been implemented to ensure safety, and the overall risk of transmission in shops is considered lower than in settings like bars.",21.14,0.0,9.76
world-europe-56172456,"Disturbed by reports of rising domestic violence under coronavirus lockdown, a Polish high school student decided to launch a fake online shop to offer a lifeline to victims trapped in their homes.","Seventeen-year-old Krystyna Paszko launched an online initiative called ""Camomiles and Pansies"" to help victims of domestic violence discreetly seek assistance by pretending to shop for cosmetics. The project, inspired by a French pharmacy initiative, has garnered significant attention and support, leading to over 350 contacts from victims, and won the EU's Civil Solidarity Prize, highlighting the ongoing issue of domestic violence in Poland. Despite official data showing no rise in cases, calls to support hotlines increased significantly during the pandemic, underscoring the need for effective intervention measures.",22.95,1.67,14.75
newsbeat-48666143,"They officially ended their feud last week, but now Katy Perry and Taylor Swift have taken their friendship to the next level.","Taylor Swift's new music video for ""You Need To Calm Down"" features a star-studded cast supporting LGBT rights, including Katy Perry, who makes a surprise appearance dressed as a burger. The video symbolizes redemption and forgiveness between the two artists, who recently reconciled after a long-standing feud, and ends with a call for equal treatment of all citizens. Taylor has become increasingly vocal about LGBT advocacy, recently donating to an advocacy group and supporting political candidates focused on equal rights.",17.14,3.88,9.52
uk-politics-33632605,Labour leadership contender Liz Kendall has dismissed calls for her to pull out of the contest and back another candidate to defeat Jeremy Corbyn.,"In the Labour leadership race, a YouGov poll indicates left-wing candidate Jeremy Corbyn is leading, prompting concerns from party figures like Alan Milburn, who warns that a Corbyn victory could lead to a ""death wish"" for the party. Liz Kendall, currently in fourth place, insists she will continue to campaign, arguing that a shift to the left would be disastrous for Labour, while other candidates like Yvette Cooper support her participation in the contest. The party's new leader will be announced on September 12.",23.64,7.41,14.55
uk-england-hampshire-35694569,"Police presence in Portsmouth will not be reduced by the planned closure of the city centre police station, Hampshire's police and crime commissioner (PCC) has insisted.","The Central Police Station in Portsmouth is set to close, with officers relocating to the council offices in Guildhall Square, prompting concerns from campaigners about public safety perceptions. PCC Simon Hayes defended the closure as part of a modernization effort, asserting that police presence will remain in the city center despite the station's closure. Opponents, including local councillor Stephen Morgan, argue that losing the last police station will undermine community policing and safety perceptions.",31.37,10.0,23.53
34185458,"The justice secretary has ordered a review to consider the ""incentivisation of prisoners to participate in, attend and achieve at education"".","Michael Gove proposed the idea of early release for prisoners who acquire skills and qualifications, emphasizing the importance of education in rehabilitation. An inquiry led by Dame Sally Coates will explore the integration of technology and employer engagement in prison education, with a report expected in early 2016. Gove highlighted the need for a system that incentivizes learning, aiming to reduce recidivism by equipping inmates with essential literacy and numeracy skills for successful reintegration into society.",18.56,0.0,12.37
uk-scotland-39699827,STV has launched a new commercial TV channel featuring its new flagship news programme.,"STV2 is a rebranded channel that incorporates STV's Glasgow and Edinburgh stations and will expand to include new licenses for Aberdeen, Ayr, and Dundee. It will broadcast 24/7 on Freeview, Sky, and Virgin channels, and stream online via the STV Player, reaching approximately 85% of viewers in its transmission area, with new programming including soap operas, dramas, and movies.",16.0,0.0,13.33
entertainment-arts-45639433,"She says she's a ""black Bill Gates in the making"" who ""ain't never seen a ceiling in my whole damn life"".","Beyoncé has been named music's most powerful woman by BBC Radio 4's Woman's Hour, topping a list of 40 influential women in the industry due to her activism and empowering messages. Other notable figures include Taylor Swift, Adele, and Vanessa Reed, who advocates for gender balance in music festivals. The list aims to highlight both prominent artists and unsung heroes, promoting better representation for women in the music industry.",12.63,2.15,12.63
uk-scotland-12847865,The MS Society is considering carrying out research in Scotland on a possible link between vitamin D deficiency and Multiple Sclerosis.,"A report has called for increased research on the connection between vitamin D deficiency and multiple sclerosis (MS), highlighting Scotland's high rates of both as an ideal location for such studies. The MS Society aims to establish an international expert group to investigate these links further, building on discussions from a recent summit in Glasgow. The report emphasizes the need for continued research to inform policy decisions and improve understanding of MS.",34.04,17.39,19.15
uk-england-south-yorkshire-49700817,A council accidentally sent the contact details of hundreds of people - including a rape victim - in an email about a strip club licence renewal.,"Sheffield City Council apologized after mistakenly disclosing the email addresses of 300 individuals who commented on Spearmint Rhino's licensing application, including child sexual exploitation victim Sammy Woodhouse. The council acknowledged the error, which occurred due to improper use of email settings, and has committed to reviewing its communication processes. This incident comes as a decision on the venue's Sexual Entertainment Licence is expected soon, following reports of regulatory breaches at the club.",20.41,0.0,16.33
uk-england-dorset-51048996,"Nine members of a drug-dealing gang who used a phone number dubbed the ""Scouse Porky Line"" to sell cocaine and heroin on a commercial scale have been jailed.","A police surveillance operation in 2018 led to the arrest of members of a drug trafficking gang known as the Scouse Porky Line, which supplied Class A drugs between Merseyside and Dorset. The gang's leaders, Thomas Garcia and James ""Porky"" Brown, along with their associates, were sentenced to prison terms ranging from 32 months to 10 years after being convicted of conspiracy to supply cocaine and heroin. The operation intercepted drugs worth £150,000, highlighting the organized nature and extensive duration of their criminal activities.",26.09,14.16,22.61
uk-england-lincolnshire-46566950,Dogs seized in hare coursing operations could be fostered by staff at Lincolnshire Police.,"During the 2017-18 season, officers seized 76 dogs in efforts to combat illegal hare coursing, resulting in a 30% reduction in incidents since the tactic was introduced. The police plan to trial a fostering scheme with staff to reduce costs associated with housing the dogs, which previously amounted to approximately £45,000 in 2018. Lincolnshire's Police and Crime Commissioner is also seeking legal changes to allow costs to be passed on to the owners of the seized dogs.",21.28,2.17,17.02
entertainment-arts-23158374,"Sci-fi film Gravity, starring George Clooney and Sandra Bullock, is to open the Venice Film Festival in August.","Alfonso Cuaron's 3D film features George Clooney and Sandra Bullock as astronauts stranded in orbit after a space shuttle disaster. The Venice Film Festival, running from August 28 to September 7, will be judged by Bernardo Bertolucci, while William Friedkin will receive a lifetime achievement award. Additional films expected to screen include ""Under the Skin"" and ""Twelve Years a Slave.""",32.5,17.95,27.5
uk-england-somerset-35861548,"A Somerset hospital has declared its third ""black alert"" of the winter as doctors say they are dealing with the ""busiest fortnight in our history"".","Yeovil District Hospital has canceled 80 operations in two weeks due to unprecedented pressure, with all 345 beds filled and the temporary ward at capacity. The hospital has been on ""black alert"" twice this winter, attributed to an ageing population and respiratory conditions, leading to an acute crisis in emergency care. Officials are urging the public to consider alternative treatment options to alleviate the strain on A&E services.",23.4,4.35,14.89
uk-england-22893157,"Dale Cregan will spend the rest of his life in jail for four murders, including those of two police officers in Greater Manchester.","Dale Cregan was sentenced to life in prison for the murders of police constables Fiona Bone and Nicola Hughes, as well as father and son David and Mark Short, during a violent feud. The judge described Cregan's actions as premeditated and ruthless, while the families of the victims expressed their ongoing grief and pride in their loved ones' service. Four other men received significant prison sentences for their roles in the murders, with the police and prosecutors condemning the killings as executions.",22.64,3.85,16.98
uk-england-52830287,"Empty streets, home-made haircuts and a giant NHS thank you cut into a field.","Historic England has selected 200 images from over 3,000 public submissions to reflect the nation's lockdown experience, adding them to its archive for future generations. This initiative, which included contributions from ten contemporary artists, marks the first public call for photographs since World War Two, highlighting the diverse experiences of lockdown.",0.0,0.0,0.0
world-europe-guernsey-26578936,"Relaxing Sunday trading laws will have a ""serious impact on society"" according to Guernsey's deputy commerce minister.","The Commerce and Employment Department plans to consult islanders on the potential deregulation of Sunday trading, with Deputy Barry Brehaut advocating for shops to open on Sundays to reflect changing consumer behavior. However, Deputy Al Brouard opposes the move, arguing it would eliminate a necessary day of rest and disrupt societal balance. If public support is garnered, the law could be revised within a year.",19.28,2.47,12.05
entertainment-arts-54567473,"The BBC cannot push issues of race ""under the rug"" any longer, says DJ Sideman - who quit the corporation in protest at the use of a racial slur in a news report this summer.","DJ Sideman, who resigned from BBC Radio 1Xtra over the network's use of racist language in a report, criticized the BBC for its lack of diversity among senior managers and called for racial sensitivity training. Following widespread backlash and 18,600 complaints, the BBC's then-director general apologized and revised its editorial policies on offensive language, acknowledging the need for improvement in addressing racial issues.",33.66,10.1,17.82
technology-47825833,"An independent group set up to oversee Google's artificial intelligence efforts, has been shut down less than a fortnight after it was launched.","Google has disbanded its Advanced Technology External Advisory Council (ATEAC) amid controversy over member Kay Coles James's appointment and subsequent resignations, including that of Prof Alessandro Acquisti. The decision follows backlash from employees regarding perceived anti-LGBTQ and anti-immigrant views, prompting Google to seek new ways to address ethical issues in AI.",10.26,0.0,5.13
newsbeat-15815086,Hollywood actress Mila Kunis has gone on a date with a US marine who asked her out in a YouTube video.,"Mila Kunis attended the Marine Corps Ball in Greenville, North Carolina, with Sergeant Scott Moore, who had asked her out while deployed in Afghanistan. After some encouragement from co-star Justin Timberlake, Kunis accepted the invitation, which was made through a viral video. Timberlake also attended a separate Marine Corps Ball after being invited by Corporal Kelsey De Santis.",30.0,7.69,25.0
business-40375970,"President Donald Trump has said he wouldn't want a ""poor person"" holding a top economic post in the White House.","At a rally in Iowa, President Trump expressed a preference for wealthy appointees in key positions, stating that he believes their ""brilliant business minds"" are essential for success, which sparked mixed reactions among Americans. While some agree with his viewpoint that wealth correlates with business acumen, others criticize the implication that poor individuals lack capability. The article highlights a broader American comfort with class hierarchy and the belief that hard work leads to success, despite evidence of declining social mobility.",15.84,0.0,11.88
technology-23132678,Details of a touchscreen showing 3D images that can be felt and manipulated have been published by Microsoft's research unit.,"Microsoft is developing a prototype device that combines an LCD screen with force sensors and a robotic arm to simulate the shape and weight of virtual objects through haptic feedback. The technology has potential applications in both gaming and medicine, allowing doctors to navigate MRI scans and feel different tissue types during examinations. However, experts express concerns about the device's responsiveness and ability to accurately simulate complex textures.",13.33,0.0,8.89
uk-scotland-tayside-central-54816794,"Sunlight floods the first floor of V&A Dundee as its new director looks out, past the RRS Discovery, across the Tay, to the rail bridge and beyond.","Leonie Bell, the new director of V&A Dundee, acknowledges the significant impact of Covid-19 on the museum, which now attracts only 800 visitors daily compared to 6,000 pre-pandemic. She emphasizes the importance of utilizing recent emergency funding effectively to sustain the museum and enhance its connection with the local community, while also addressing visitor concerns about the museum's content. Despite the challenges, Bell expresses optimism about the role of culture in navigating difficult times and fostering community engagement.",23.42,7.34,18.02
world-latin-america-24606758,The weather has been pretty inclement in the south-eastern corner of Brazil over the last couple of weeks.,"Rio de Janeiro is experiencing heavy rain and social unrest, with the Black Blocs targeting the upcoming auction for the offshore Libra oil field amidst protests against government actions. The Brazilian government is deploying armed troops to secure the auction, which has drawn criticism from striking Petrobras workers who oppose the perceived sell-off of national resources. While the auction is expected to generate significant revenue for Brazil, it also highlights underlying issues of corruption and inefficiency within the country.",14.14,0.0,12.12
science-environment-24493530,"Air pollution is continuing to damage European citizens' health and the environment, latest figures show .","The European Environment Agency (EEA) has identified airborne particles and ozone as significant threats to health, despite progress in reducing other pollutants like sulfur dioxide and carbon monoxide. A separate study linked low birth-weight to air pollution exposure, suggesting that reducing particulate matter could prevent many cases of low birth-weight in Europe. EEA officials emphasized the need for more ambitious actions to improve air quality, as a large portion of the EU population remains exposed to harmful pollution levels.",16.67,2.13,8.33
uk-wales-16948284,"""Zulus - thousands of 'em."" That is perhaps the line that most people remember from the 1964 film, Zulu.","The article discusses the historical inaccuracies and cultural impact of the film ""Zulu,"" which portrays the 1879 Battle of Rorke's Drift where 150 British soldiers defended against 4,000 Zulu warriors. Curator Bill Cainan highlights that while the film has sparked interest in the Anglo-Zulu War, it misrepresents the soldiers' backgrounds and certain events, such as the famous singing of ""Men of Harlech,"" which likely never occurred. Despite these inaccuracies, Cainan acknowledges that the film has significantly contributed to the legacy and valuation of the medals awarded for bravery in that battle.",14.29,1.82,12.5
uk-wales-56165569,"It is ""impossible"" to give a date for the end of lockdown restrictions, one of Wales' top doctors says.","Dr. Chris Jones, the deputy chief medical officer, warned of a ""real risk"" of a third wave of Covid-19 cases if restrictions are eased too quickly, following Prime Minister Boris Johnson's announcement of a plan to end lockdown in England by June 21. He emphasized the importance of a cautious, step-by-step approach due to the presence of more transmissible variants and the uncertainty surrounding their impact on infection rates. Meanwhile, different regions in the UK are implementing varying timelines for reopening schools and businesses, with Wales potentially moving faster than England in some areas.",17.09,0.0,8.55
uk-scotland-30483308,The Scottish government's plans to help cut youth unemployment stem from a commission on developing Scotland's young workforce which was chaired by businessman Sir Ian Wood.,"The article discusses the decline in youth unemployment among 16 to 19-year-olds in Scotland, highlighting government initiatives to ensure education or training for all jobless individuals in this age group. While there are successes in vocational education and apprenticeships, concerns remain about the effectiveness of these programs, particularly regarding young people being placed in courses they are not interested in, which may lead to future unemployment. Ultimately, addressing youth unemployment requires a combination of effective education policies and a supportive economic environment for job creation.",15.65,1.77,10.43
uk-england-tees-44279080,"A five-week dig to find clues into the 1981 disappearance of a toddler has found no ""further information"".","Katrice Lee, who went missing in 1981 at the age of two from a Naafi supermarket in Germany, has prompted a renewed investigation by the Royal Military Police, which recently completed a £100,000 forensic search of the River Alme. Over 100 soldiers participated in the five-week excavation, following claims from her parents that she was kidnapped and acknowledging past investigative mistakes. The search was initiated after the release of an age-progressed photo-fit of a man seen with a child resembling Katrice at the time of her disappearance, and police are continuing to seek further information.",20.34,5.17,13.56
uk-england-beds-bucks-herts-44278556,A judge wants the points of kitchen knives to be rounded and blunted to reduce the number of young men dying from stab wounds in street attacks.,"Judge Nic Madge highlighted the rising knife crime in England and Wales, attributing a significant portion of the violence to ordinary kitchen knives rather than larger, regulated weapons. He advocated for manufacturers to create knives with rounded points for domestic use and called for stricter regulations on pointed knives, as knife-related incidents have surged, leading to numerous injuries and fatalities.",29.55,2.33,20.45
world-europe-guernsey-14061420,Guernsey's Environmental Health Unit is asking the States to introduce strict regulation on air quality.,"The air quality monitoring unit, which has been active for 20 years, has identified several areas in St Peter Port and St Sampson as potential air quality issues. Director Val Cameron announced plans to propose new air quality standards and possibly licensing for industrial companies to ensure compliance, with a report expected by the end of the year.",13.51,2.78,10.81
science-environment-55769269,"A scientist has shed new light on the origins of Charles Darwin's ""abominable mystery"".","Charles Darwin was troubled by the sudden appearance and rapid diversification of flowering plants, which he referred to as the ""abominable mystery,"" fearing it could undermine his theories of evolution. Historical documents reveal that rival botanist William Carruthers argued for divine intervention in the rise of these plants, further vexing Darwin as he grappled with the lack of intermediate forms in the fossil record. Despite advances in evolutionary understanding, the mystery surrounding the origins of flowering plants remains unresolved.",14.89,8.7,8.51
uk-england-derbyshire-55008763,Land Rover fans have welcomed the return of the original Defender body shape to Midlands manufacturing.,"Bowler Motorsport will begin producing new 4x4 vehicles inspired by the classic Defender shape, with prices expected to reach around £200,000. While enthusiasts praise the design and craftsmanship, many express concern that the high cost will make it inaccessible to average fans, who may hesitate to use such an expensive vehicle off-road. The project marks Bowler's first major initiative since being acquired by Jaguar Land Rover in 2019.",18.39,2.35,9.2
entertainment-arts-31682196,A punk band made up of musicians with learning disabilities is to represent Finland at the Eurovision Song Contest.,"Finnish punk band PKN, composed of members with Down's syndrome and autism, has been selected to represent Finland at Eurovision in May with their song ""Aina Mun Pitaa"" (I Always Have To). The group aims to challenge societal attitudes towards disabilities and is currently ranked among the favorites to win the contest. They are the first punk band to compete at Eurovision, following their formation during a charity workshop and their appearance in the documentary ""The Punk Syndrome.""",30.61,8.33,22.45
uk-england-tyne-55201101,Newcastle's Theatre Royal will be without its Christmas pantomime for the first time in 120 years after the show was postponed due to Covid-19.,"The theatre postponed its production of Robin Hood, originally set to begin on November 24, due to Newcastle being placed in tier three lockdown with no clear timeline for moving to tier two. Chief executive Philip Bernays expressed disappointment but emphasized the decision to reschedule for April was made to ensure safety, and ticket holders will receive automatic refunds. New performance dates will be announced soon, with tickets going on sale the following week.",26.0,4.08,12.0
uk-england-birmingham-56554925,A six-year-old boy has found a fossil dating back millions of years in his garden after receiving a fossil-hunting kit for Christmas.,"Siddak Singh Jhamat discovered a horn coral fossil in his Walsall garden while digging for worms, with his father identifying it through a Facebook fossil group. Estimated to be between 251 and 488 million years old, the fossil is likely a Rugosa coral from the Paleozoic Era, and the family expressed surprise at finding such a significant piece in an area not typically known for fossils.",26.37,4.49,17.58
world-us-canada-52376944,Harvard University has pushed back against US President Donald Trump after he demanded it pay back nearly $9m (£7.3m) in coronavirus relief aid.,"President Trump expressed dissatisfaction with Harvard University receiving $8.6 million in stimulus funds, arguing that such aid should not go to one of the wealthiest institutions. Harvard stated the funds would be used to assist students facing urgent financial needs due to the pandemic, but did not commit to returning the money. Other elite universities, including Princeton and Yale, also received substantial amounts from the stimulus package aimed at supporting higher education institutions.",12.24,2.08,8.16
science-environment-42204575,"Wild relatives of modern crops deemed crucial for food security are being pushed to the brink of extinction, according to the International Union for Conservation of Nature.","The latest IUCN Red List has identified over 20 wild rice, wheat, and yam plants as threatened due to intensive farming, deforestation, and urbanization. Scientists emphasize the importance of these wild relatives for maintaining food security and genetic diversity in modern crops, as they can be crossbred to develop resilient varieties against climate change challenges. Conservation efforts are underway to protect these plants in their natural habitats and in gene banks, highlighting their economic value of approximately $115 billion annually.",31.78,5.71,16.82
uk-england-39964375,"Twenty young people have been given a new award set up in memory of Diana, Princess of Wales.","The Duke of Cambridge and Prince Harry awarded the Legacy Awards to young individuals from various countries for their contributions to social change, honoring their mother, Princess Diana's legacy. Among the recipients was 16-year-old Jemima Browning, who founded a swimming club for young people with disabilities, inspired by her brother. The awards were presented at an event organized by The Diana Award, which promotes the positive impact of youth.",17.78,2.27,11.11
uk-wales-25181546,"Children should be taught about domestic abuse from a young age to cut the numbers of victims every year, a charity has said.","Llamau is urging the Welsh government, councils, and charities to collaborate more effectively in addressing domestic abuse, emphasizing the importance of educating young children about the issue. With approximately 70,000 individuals affected by domestic abuse in Wales annually, a conference is set to discuss coordinated responses and the expansion of Clare's Law, which allows individuals to check potential partners' criminal records for domestic violence. The initiative aims to foster awareness and improve support services across various sectors.",19.61,2.0,15.69
world-europe-isle-of-man-56315945,"A-level and GCSE students on the Isle of Man will once again have their grades estimated by teachers this year, the education minister has said.","Cambridge International Education has canceled exams for Years 11 and 13 due to the coronavirus pandemic, following a similar decision by UK exam boards. Students' grades will again be determined by teacher assessments based on classroom tests and coursework for the second consecutive year, while practical exams for vocational courses will proceed as scheduled. The decision has elicited mixed reactions from parents and students, with concerns about fairness in grading for university admissions.",28.28,2.06,18.18
business-50498796,"More than 1,350 Australian women have won a long-running class action lawsuit against Johnson & Johnson (J&J) over vaginal mesh implants.","Australia's Federal Court ruled that Johnson & Johnson subsidiary Ethicon failed to adequately warn patients and surgeons about the risks associated with its pelvic mesh implants, which have caused chronic pain and other severe complications for some users. Judge Anna Katzmann criticized the company's misleading information and stated that serious harm was known and could occur. Ethicon plans to appeal the decision, while the court will determine damages next year amidst ongoing lawsuits against J&J related to various products.",17.31,7.84,9.62
uk-england-london-28177979,Cash can no longer be used on any of London's buses in a move that Transport for London (TfL) says will save £24m a year.,"Transport for London (TfL) has eliminated cash payments for bus journeys, requiring passengers to use prepaid tickets, Oyster cards, or contactless payment methods, citing that only 0.7% of journeys were made with cash. While TfL claims this change will not significantly impact tourists and will save £24 million annually, the Green Party has raised concerns about the adequacy of ticket outlets and the potential difficulties faced by vulnerable passengers who may lose or damage their payment cards.",19.23,7.84,11.54
uk-northern-ireland-56527822,"The UK's Brexit minister has said it is difficult to see how the NI Protocol can be ""genuinely durable"" without the consent of ""all of the people"" of NI.","Lord Frost stated that the UK government aims to implement the Northern Ireland Protocol in a practical manner, despite opposition from unionist parties who argue it undermines their status within the UK. The UK has unilaterally altered the protocol's implementation, prompting the EU to initiate legal action for breaching the agreement, while a coalition of unionists is preparing for a high court hearing regarding the protocol in May.",24.24,2.06,16.16
world-us-canada-44962120,Republicans have launched a bid to remove the Department of Justice official overseeing the Russia inquiry dogging Donald Trump's presidency.,"House conservatives, led by Representatives Mark Meadows and Jim Jordan, have filed articles of impeachment against Deputy Attorney General Rod Rosenstein, accusing him of obstructing congressional oversight related to the investigation into Russian interference in the 2016 election. Rosenstein denies the allegations, and the impeachment effort is unlikely to succeed due to a lack of support from House leadership and the requirement for a two-thirds Senate majority for conviction.",13.19,0.0,10.99
sinhala.080117_unreply,"UN Watch has expressed concern after Sri Lanka's representative in Geneva called the office of High Commissioner Louise Arbour ""unqualified"" to report on the island's bloody conflict.","Hillel Neuer, Executive Director of a Geneva-based NGO, expressed disappointment over Sri Lanka's envoy's criticism of UN Human Rights High Commissioner Louise Arbour's call for adherence to international law in the Sri Lankan conflict. The Sri Lankan government labeled Arbour's statement as biased and questioned the OHCHR's independence and transparency, prompting Neuer to highlight the dangers posed by repressive regimes seeking to undermine independent human rights oversight.",35.29,10.0,23.53
entertainment-arts-39002451,"Danny Dyer is taking a short break from EastEnders, the BBC has confirmed.","Danny Dyer is currently on a short break from EastEnders, a decision not enforced by the show's bosses, amid concerns about his well-being. The actor, known for his role as Mick Carter, has faced a demanding filming schedule, which former co-star John Partridge noted can be ""relentless."" Dyer's return date to the show remains unspecified.",27.78,17.14,27.78
business-26475437,"US office supplier Staples said it will close 225 stores in North America, more than 10% of its presence, as shoppers move online and its sales slump.","Staples reported a 10.6% decline in sales to $5.87 billion in the last quarter of the financial year, prompting the closure of 42 stores to save $500 million annually by the end of 2015. The company's shares dropped nearly 16% as it adapts to changing consumer behavior, with almost half of its sales now occurring online, amid increasing competition from retailers like Amazon.",21.51,4.4,12.9
science-environment-46582265,"Delegates to the UN climate conference in Poland have reached agreement on how to implement the 2015 Paris Climate Accord, which comes into force in 2020. What are the key points to come out of the meeting?","The recent climate conference in Katowice successfully established operational rules for the 2015 Paris Agreement, emphasizing equal regulations for both developed and developing countries, with notable cooperation from China and the US. However, many environmental advocates criticized the outcome as insufficiently ambitious, arguing that the agreement failed to adequately address the urgent scientific warnings about climate change, while a strong presence of youth activists highlighted the need for more radical action.",24.07,7.55,20.37
world-asia-india-54113621,"After months of worsening tensions on their contested Himalayan border, India and China surprised many by announcing that troops are to quickly disengage.","India and China have agreed to de-escalate tensions following a meeting between their foreign ministers in Moscow, despite recent hostile rhetoric and military confrontations, including a deadly clash in Ladakh. Analysts suggest that both nations recognize the catastrophic consequences of war and have economic stakes that necessitate a diplomatic resolution, although significant territorial disputes remain unresolved and will complicate future negotiations.",18.82,4.82,9.41
health-31849833,"Pressures in the NHS are so great that even the best hospitals in England are seeing patients wait longer for key services, an analysis shows.","A Nuffield Trust report indicates that while most patients at 156 hospital trusts are seen within target times, performance is declining even among the top hospitals, particularly in A&E and operations. The report highlights systematic issues rather than isolated failures, as demand for services rises but performance metrics, including the four-hour A&E target, continue to be missed. Concerns are growing about access to planned treatments, prompting calls for improved management and community care solutions.",21.57,0.0,13.73
uk-england-suffolk-18282208,"Work on a £300m winter sports complex in Suffolk could begin this summer, despite the local council expressing fears about the project's finances.","Tim Passmore, the Conservative leader of Mid Suffolk District Council, expressed skepticism about the SnOasis development in Great Blakenham moving forward due to financial challenges from the global economic downturn. However, SnOasis advisor Godfrey Spanner countered that funding is secured and work could commence soon, pending government approval for a necessary railway station.",25.97,5.33,12.99
health-23868116,A clue to why memory deteriorates with age has been found by US researchers.,"Research at Columbia University Medical Centre suggests that low levels of the protein RbAp48 in the brain may contribute to age-related memory loss, distinct from Alzheimer's disease. Experiments on mice indicated that boosting RbAp48 levels could reverse memory decline, though translating these findings to humans remains uncertain due to the complexity of the human brain.",11.27,0.0,5.63
uk-england-merseyside-46905959,"A ""tourist tax"" on guest accommodation in Liverpool could help to pay for future cultural events in the city, the council says.","Liverpool City Council is considering a £1 levy on hotel rooms to raise up to £2 million annually for cultural funding, although implementing the tax would require new government legislation. The council is also exploring a voluntary scheme and plans to engage local businesses, which have expressed skepticism about the levy due to existing taxes. With tourism booming since Liverpool's 2008 Capital of Culture title, the council aims to secure more local funding for events and marketing.",24.0,2.04,16.0
uk-scotland-glasgow-west-23712511,Dozens of pipers from around the world have made their way through Glasgow as the city prepares to host the 2013 World Pipe Band Championships.,"The World Pipe Band Championships, known as The Worlds, features 225 bands and 8,000 pipers and drummers from 17 countries competing over two days at Glasgow Green, marking a first for the event. The competition, which is part of the Glasgow International Piping Festival, showcases a vibrant celebration of Scottish culture, with performances and entertainment for visitors. Field Marshal Montgomery Pipe Band from Belfast aims to defend their title against international competitors, highlighting the event's growing popularity.",28.85,9.8,13.46
world-europe-jersey-14862478,Hustings will be held in each of Jersey's 12 parishes for the public to question the 82 candidates.,"Jersey will hold elections on October 19 for four senator seats, alongside constables and deputies, with 82 candidates competing for 34 available seats. Eleven politicians have been returned unopposed, and this election marks the first time voters can select all three political offices on the same day. A total of 61,987 individuals are registered to vote.",23.68,2.7,10.53
world-europe-isle-of-man-19424924,"Thousands of potatoes have washed up along the north west coast of the Isle of Man, according to a local beach cleaning organisation.","Bill Dale of Beach Buddies discovered approximately 2,000 potatoes washed up on various beaches in the Isle of Man, including Ballaugh Cronk and The Lhen. While the potatoes are too rotten for human consumption, they provide a food source for local wildlife.",36.36,12.5,30.3
world-europe-39915543,"Austrian Chancellor Christian Kern has said he expects an early election ""in the autumn"" after his coalition partners abruptly ended their alliance.","Following months of policy disagreements, Austria's coalition government is facing a potential snap election as Foreign Minister Sebastian Kurz of the People's Party proposes early polls after the resignation of the party's leader. Chancellor Christian Kern expressed skepticism about forming a stable minority government, while the far-right Freedom Party, currently favored in polls, could gain significant influence in any new coalition.",20.69,4.71,11.49
world-latin-america-26474424,Cuba has officially agreed to talks with the European Union on restoring bilateral relations with the bloc.,"Cuba's Foreign Minister Bruno Rodriguez announced the country's acceptance of the EU's invitation to negotiate a new bilateral agreement, aimed at enhancing trade and investment while addressing human rights concerns. This marks a significant diplomatic shift, as the EU seeks to improve relations after previously restricting ties since 1996, and aims to finalize the agreement by the end of 2015. The move coincides with Cuba's ongoing economic reforms and its willingness to engage in talks with the US.",18.18,4.12,12.12
uk-england-nottinghamshire-45500984,A man has been detained after armed police surrounded flats in a stand-off that last five hours.,"Police responded to reports of a man with a weapon in Arnold, Nottinghamshire, leading to evacuations and lockdowns at nearby schools. A 25-year-old man was detained under the Mental Health Act, and no injuries were reported. Residents were later allowed to return home, and schools resumed normal operations.",17.65,3.03,11.76
technology-32781236,"China's leading online marketplace Alibaba, is being sued by the owner of Gucci, Yves Saint Laurent, Puma and other fashion brands.","Kering has filed a lawsuit against Alibaba, accusing the company of facilitating the bulk sale of counterfeit goods on its platforms, following a failed attempt to resolve the issue amicably. Alibaba claims it is actively combating counterfeit sales and plans to contest the lawsuit, while Kering defends its legal action as essential for protecting its brand integrity and customer trust. The case highlights ongoing concerns about counterfeit products on Alibaba's marketplaces, despite the company's assertions of a ""zero tolerance policy"" towards fakes.",15.09,0.0,9.43
uk-england-leeds-49552623,New rail services linking Bradford to key destinations such as Manchester Airport and Liverpool will not be introduced in December as planned.,"Northern Rail's planned introduction of new train services, including direct routes from Bradford to Nottingham and an extra hourly Sunday service on the Calder line, has been delayed due to a shortage of trains and staffing issues. The West and North Yorkshire Chamber of Commerce expressed disappointment over the situation, highlighting ongoing capacity problems and the continued operation of outdated Pacer trains despite government promises to phase them out.",15.22,2.22,10.87
uk-england-london-19691122,Only one out of the 12 inner London councils have said they would support a proposal to ban people from buying second homes.,"Liberal Democrat MP Simon Hughes has raised concerns about inner London second homes driving up house prices and is advocating for councils to have the authority to restrict certain properties. However, only Lewisham Council has shown interest in this approach, while senior Conservative sources doubt it will become coalition policy. Research indicates that 60% of new build properties in central London were bought by foreign investors last year, totaling around £5 billion.",21.05,4.3,10.53
uk-england-devon-56548931,"About 1,000 children have taken part in a ""big camp-out"" inspired by an 11-year-old boy who has slept in a tent for a year.","Max Woosey, inspired by a neighbor who gave him a tent before passing away from cancer, has raised over £500,000 for the North Devon Hospice through a nationwide camp-out event that attracted participants from as far as North America and Singapore. Many families joined in, with some camping outdoors while others set up tents in their living rooms, all in support of Max's ongoing fundraising efforts since the start of the pandemic. Max's mother expressed their overwhelming gratitude for the support and the funds raised for the hospice that aided their neighbor during his illness.",22.05,4.8,11.02
uk-england-somerset-39684631,Music fans have vented their frustration as they struggled to buy resale tickets for Glastonbury Festival online.,"Tickets for the three-day Glastonbury event in June sold out in just 20 minutes during a resale, leading to widespread frustration among fans who encountered issues on the ticketing website. Many took to social media to express their dissatisfaction with the system, while a few were able to secure tickets. The festival confirmed the event is now sold out and advised against purchasing tickets illegally.",21.69,2.47,12.05
uk-northern-ireland-21704879,A council decision to name a children's park after a convicted IRA man is to be formally investigated by the Equality Commission for Northern Ireland.,"The Newry playground named after Raymond McCreesh, who died on hunger strike in 1981, has sparked controversy following a report linking him to the IRA's 1976 Kingsmills Massacre. The Equality Commission is investigating whether the local council's decision to retain the name, supported by Sinn Fein and the SDLP, failed to promote equality and good relations among different communities, as it has caused significant offense to the victims' families and local Unionists.",30.0,6.12,18.0
technology-49126035,"Mobile operator Three says it will offer 5G on all its new and existing tariffs at no extra cost, when it launches its next-generation service.","Three will launch its 5G service in August, offering existing customers access at no extra cost and new contracts with unlimited data for £22 a month, undercutting rivals Vodafone and EE. Analysts suggest this move intensifies competition in the UK 5G market, although concerns remain about the sustainability of profits amid aggressive pricing strategies. O2 is set to launch its 5G service in October, becoming the only major network to do so without Huawei equipment.",29.7,8.08,21.78
uk-england-lincolnshire-46126855,A man has died and four others have been seriously injured in a crash in Lincolnshire.,"A collision between a white lorry and a silver Toyota Corolla on the B1391 in Swineshead resulted in the death of a man in his 20s and serious injuries to other passengers in the car. Police are seeking the driver of a Transit van, marked with the number 07 on its back door, who may have witnessed the incident but was not involved in the crash.",21.95,2.5,17.07
uk-wales-16169000,Restaurants and takeaways in Wales could be required by law to publicly display food hygiene ratings on their premises.,"The Welsh government is proposing the UK's first compulsory food hygiene rating scheme, requiring businesses to display scores from zero to five based on food safety standards, following recent E. coli outbreaks. This initiative aims to enhance consumer awareness and drive up hygiene standards across approximately 30,000 food businesses in Wales, with fines for non-compliance. The consultation on the food hygiene rating bill has garnered significant public support, with 94% of respondents favoring mandatory display of ratings.",20.2,6.19,12.12
uk-wales-south-west-wales-18354884,A 14-year-old boy has died after getting into difficulties in water at a disused quarry in Carmarthenshire.,"A teenager, Luke Somerfield, died after being rescued from the water at Cilyrychen Quarry in Llandybie on Wednesday. Dyfed-Powys Police reported no suspicious circumstances and are investigating the incident, while the quarry's owners confirmed it is a closed site that has been used for swimming and climbing despite being locked. Emergency services, including police and a helicopter, were involved in the response, and the quarry owner expressed condolences to the family.",21.74,6.67,15.22
world-latin-america-38946889,Wives and other relatives of police in the Brazilian state of Espirito Santo have defied a deal aimed at ending a week-long strike.,"In Brazil, over 700 police officers face rebellion charges amid a strike over low pay that has resulted in 137 deaths and a significant security vacuum in Espirito Santo. The strike has led to protests by officers' families, while the Defence Minister has deployed 3,000 troops to restore order and urged protesters to allow police to resume their duties. President Michel Temer labeled the strike ""illegal,"" emphasizing that the right to protest should not endanger public safety.",17.65,2.0,9.8
uk-england-oxfordshire-55400161,Two teenagers convicted of fatally stabbing a man in the chest during a brawl have been handed a life sentence with a minimum term of 19 years.,"Darren Maccormick, 44, was fatally stabbed in Didcot on January 9, leading to the conviction of Brookton Lagan and Taison Cyrille, both 19, for murder, wounding with intent, and conspiracy to supply Class A drugs. The two were arrested while attempting to flee to Amsterdam shortly after the attack, which also injured two other men. Maccormick's family described him as a loving father and expressed the profound impact of his loss on their lives.",23.53,4.0,13.73
uk-18010526,Hundreds of thousands of public sector workers are taking part in a 24-hour UK-wide strike in a dispute with the government over pension changes.,"The UK government is facing backlash from unions over proposed pension reforms that would require public sector workers to pay more and work longer for reduced benefits, as many workers participated in a nationwide strike. Union leaders argue that the changes are unfair, particularly as workers have experienced pay freezes, while the government insists that the reforms are necessary due to increasing life expectancy and will still provide inflation-proof pensions. The strike involved various public sector employees, including civil servants and NHS workers, with significant protests from police officers against cuts and pension changes.",23.14,8.4,16.53
uk-england-birmingham-40334223,Plans to create the UK's largest permanent athletics stadium are at the heart of Birmingham's bid to host the 2022 Commonwealth Games.,"Birmingham is competing with Liverpool to become the official host city for the 2022 Commonwealth Games, with plans to increase the capacity of Alexander Stadium to 50,000 and a permanent capacity of 25,000. The city aims to finalize its bid details, including optional sports, by the end of the year, while local athletes express support for the initiative, highlighting its potential legacy for grassroots sports facilities.",34.78,8.89,15.22
magazine-23432653,"The typewriter is almost obsolete in the modern office. But it played a crucial role in women's arrival in the workplace, explains Lucy Kellaway.","The article explores the emergence of women in office roles during the late 19th and early 20th centuries, highlighting the transition from an all-male workforce to one increasingly populated by female clerks, particularly typists. It discusses the societal perceptions of women in these positions, their relegation to monotonous tasks, and the economic advantages they provided to employers, while also noting the challenges they faced, including a lack of promotion opportunities and the marriage bar that limited their career advancement. The narrative reflects on how this shift in the workforce dynamics was both a sign of progress and a reinforcement of gendered job roles.",17.05,1.57,10.85
uk-england-28638850,The Church of England has said it will not intervene in the case of the first gay British clergyman to marry.,"Jeremy Pemberton had his permission to work as a priest revoked by the acting Bishop of Southwell and Nottingham, leading to the withdrawal of a chaplaincy offer from the NHS, despite still holding a license for a similar position in Lincolnshire. The Church of England, which does not accept gay marriage, stated that each diocese makes its own decisions, while advocates for LGBT rights criticized the inconsistent treatment Pemberton received, highlighting a division within the church's leadership.",22.22,6.19,14.14
uk-scotland-tayside-central-52832380,"A conservation charity has described the licenced killing of 87 beavers in Scotland last year as ""deeply concerning"".","The Scottish Wildlife Trust has expressed concern over a cull that has reportedly removed about a fifth of the beaver population in Tayside, which could significantly impact the species. In contrast, Scottish Natural Heritage maintains that the cull, which involved the shooting of 87 beavers and the removal of 83 dams, is sustainable and not detrimental to the overall population, as beavers continue to expand their range. The Trust advocates for relocating beavers to mitigate agricultural damage while preserving the species' future in Scotland.",19.61,6.0,15.69
uk-politics-17450719,"George Osborne is cutting the tax rate for earnings over £150,000, saying in his Budget it raised ""next to nothing"".","Chancellor George Osborne announced a budget that raises the income tax threshold to £9,205, benefiting millions of working individuals, while 4.4 million pensioners will face losses due to the freezing and elimination of age-related tax allowances. The budget includes a reduction in the top income tax rate and a new 7% stamp duty on properties over £2 million, with critics labeling it a ""millionaire's budget"" that disproportionately affects the elderly. Despite mixed reactions, Osborne emphasized support for working families and businesses, aiming to stimulate economic growth.",21.62,3.67,14.41
uk-politics-48721211,Police were called to the London home of Boris Johnson and his partner in the early hours of Friday after neighbours reportedly heard a loud argument.,"Boris Johnson faced scrutiny after a reported altercation with his partner, Carrie Symonds, which was overheard by neighbors and involved loud arguments and crashing noises. The Metropolitan Police responded to a call but found no cause for action, stating all occupants were safe. Critics argue that such incidents raise concerns about character and reliability in a potential leader, while supporters defend it as a private matter.",32.61,6.67,13.04
business-26802475,"The City regulator appears to have made an ""extraordinary blunder"" by allowing details of an insurance industry investigation to be made public early, a senior MP has said.","The Financial Conduct Authority (FCA) will investigate the sale of 30 million insurance policies worth £150 billion after a premature leak of the inquiry details caused confusion in the investment markets and affected shares in major insurance firms. The inquiry will focus on policies sold in the UK from the 1970s to 2000, amid concerns about the treatment of older policies and the potential misuse of ""zombie"" funds. The FCA has acknowledged the mishandling of the information release and will conduct an internal investigation into the matter.",15.65,0.0,8.7
uk-england-merseyside-44696813,A healthcare professional has been arrested on suspicion of murdering eight babies and attempting to kill six others at a hospital.,"Cheshire Police have arrested a woman as part of an investigation into the deaths of 17 newborns at the Countess of Chester Hospital's neonatal unit between March 2015 and July 2016, which also includes 15 non-fatal collapses. The investigation, described as complex and sensitive, aims to uncover the circumstances surrounding these cases, with police actively searching a property linked to the healthcare professional involved. The hospital's neonatal unit, which previously reported higher than average mortality rates, remains open but ceased care for infants born before 32 weeks gestation in July 2016.",17.39,1.77,10.43
world-middle-east-21835164,"Israel's new coalition government, led by Benjamin Netanyahu, has been sworn in after nearly two months of negotiations between political parties.","Mr. Netanyahu has returned as prime minister, leading a coalition that includes pro-settlement parties, with key ministries for defense and housing held by settlement supporters. While he pledged to seek a ""historic compromise"" for peace with the Palestinians, the new government's strong pro-settlement stance may hinder negotiations, as Palestinians demand a halt to settlement construction as a precondition for talks.",21.18,2.41,7.06
technology-34864457,"So, there have been a few important developments since I published my story looking at the encryption debate surrounding how terror groups can communicate.","Telegram has blocked 78 accounts linked to the Islamic State group, expressing shock at their use of the platform for propaganda, but new pro-IS channels have quickly emerged. Meanwhile, a report from the Manhattan district attorney is calling for encryption backdoors in mobile software to enhance public safety, while recent investigations suggest that attackers in Paris may have used regular SMS rather than encrypted messaging apps.",13.19,0.0,8.79
business-54592246,"Companies need to step up preparations so they are not ""caught out"" by new post-Brexit trade rules, the government has said.","A public information campaign called ""Time is running out"" is urging UK firms to prepare for the impending 1 January deadline, as the country will exit the EU single market and customs union. With uncertainty surrounding the trading relationship post-Brexit, businesses face new customs procedures and potential tariffs, prompting concerns about compliance and operational challenges. The government is encouraging firms to take immediate action to adapt to the upcoming changes, while negotiations for a trade deal remain unresolved.",17.82,4.04,11.88
business-50982547,"House prices rose by 1.4% over the course of 2019, according to the Nationwide, marking a relatively static year for property values.","House prices in the UK rose by 0.1% in December, marking the first annual increase above 1% for the year, but raising a 20% deposit remains a significant challenge for first-time buyers, often requiring years of saving. The average home is now valued at £215,282, with potential buyers needing nearly a decade to save for a deposit in the South of England and around 15 years in London. Despite slow market activity, experts suggest that the outcome of the recent general election may provide clarity and stimulate housing demand.",24.35,3.54,17.39
uk-england-humber-47661849,Police searching for Libby Squire have confirmed a body recovered from the Humber estuary is that of the missing student.,"The body of 21-year-old Libby Squire, a University of Hull student who went missing on February 1, was discovered near Grimsby docks, confirming her identity after extensive searches by police. Her family has been informed and is receiving support, while a 24-year-old man remains under investigation in connection with her disappearance. The university community is mourning her loss, expressing deep condolences to her family and friends.",28.89,2.27,13.33
technology-50807372,Apple shareholders are set to vote on whether Apple should change its human-rights policies.,"Shareholders will vote on a resolution calling for Apple to commit to respecting freedom of expression, following criticism over the company's removal of a mapping app during the Hong Kong protests. If approved, Apple would be required to disclose its policies on free expression and how it responds to government demands that may limit it. The campaign group SumofUs argues that Apple's compliance with Chinese authorities has contributed to the persecution of ethnic minorities.",17.58,2.25,13.19
uk-england-york-north-yorkshire-54811576,A 400-year-old crucifix linked to the Gunpowder Plot has gone on display in a York convent.,"The crucifix owned by Father Edward Oldcorne, a Catholic priest executed in 1606 after the failed Gunpowder Plot, has been discovered and is now displayed at the Bar Convent Living Heritage Centre. Oldcorne, who was friends with Guy Fawkes, was arrested and executed despite no evidence linking him to the plot, and the crucifix, hidden with him in a priest hole, symbolizes the profound impact of the event on Catholics in England. Sister Patricia Harriss described the artifact as a remarkable piece of history that helps tell the story of Oldcorne and the era's religious turmoil.",22.61,7.08,13.91
world-middle-east-15768027,"Dozens of Kuwaiti protesters stormed parliament late on Wednesday, as hundreds more demonstrated outside.","Hundreds of protesters, including opposition lawmakers, gathered outside Kuwait's parliament demanding the resignation of Prime Minister Sheikh Nasser al-Mohammad al-Sabah over alleged corruption. During the protests, some demonstrators breached the parliament building, singing the national anthem before leaving, while reports indicated that at least five protesters were injured in clashes with riot police. The protests reflect growing discontent with the government and calls for political reforms amid concerns about corruption and diminishing political freedoms.",13.19,0.0,8.79
uk-england-essex-52355742,"A fire service has fallen victim to a fraudster who spent more than £2,300 on one of its purchase cards.","Essex County Fire and Rescue Service reported eight fraudulent transactions totaling between £194 and £430 each, attributed to a third party, not an employee. The service has referred the matter to Barclaycard, which is investigating the fraud, while details of the purchases remain unclear due to overwritten transaction data. No internal action was taken by the fire service, and it is uncertain if the fraudster's identity has been established.",17.58,6.74,13.19
uk-england-derbyshire-44575558,A shopkeeper who admitted a string of sexual offences involving girls as young as 13 has been jailed for 12 years.,"Dilan Amin, 28, was sentenced to 12 years in prison for sexually exploiting and assaulting seven young girls, aged 12 to 17, between 2012 and 2016 at his shop in Derby. The court described him as a ""sexual predator"" who groomed his victims by offering them drugs and alcohol, and emphasized the need for an extended license period to protect the public after his release.",20.93,2.38,9.3
33951568,An inquiry has begun into whether a chandelier in the first minister's official residence was looted by Nazis during World War Two.,"A chandelier in Bute House, the official residence of Scotland's First Minister, is under scrutiny due to doubts about its provenance, as raised by a report from the Simon Wiesenthal Centre. Originally claimed to have been found abandoned in Germany in 1945, the chandelier may have been looted from a British collecting point, prompting the Scottish government to investigate its history in collaboration with the National Trust for Scotland. The issue reflects a broader concern regarding the ownership of looted artworks and antiquities in Scotland.",20.18,7.48,12.84
uk-18094410,"It was a morning filled with warm memories of a woman described by her editor as the ""greatest war correspondent of her generation"".","A memorial service for journalist Marie Colvin, who was killed in Syria in February, was held at St Martin-in-the-Fields church in London, attended by prominent figures from media and politics, including Foreign Secretary William Hague. Colvin, remembered for her bravery and dedication to giving a voice to the voiceless, was honored with reflections from friends and colleagues, highlighting her impact as a war correspondent and her vibrant personality. The service featured music and poetry that resonated with her commitment to reporting on the suffering of the powerless.",23.01,1.8,14.16
uk-england-york-north-yorkshire-34016558,"A North Yorkshire church, which was the setting for the wedding of a Taiwanese pop star, says visitor numbers may have doubled since.","Jay Chou's wedding to Australian model Hannah Quinlivan at Selby Abbey in January has significantly increased visitor numbers, with staff estimating an additional few hundred visitors each week, likely due to the millions of views their wedding clips have received online. Canon John Wheetman noted that the abbey's appeal has doubled, with the wedding videos garnering over seven to eight million views on YouTube and hundreds of millions on the Chinese equivalent. Chou, a successful musician and actor, has sold over 30 million albums.",16.51,3.74,9.17
newsbeat-46378383,Brandon McKenna is a football mad 22-year-old Wigan Athletic fan. He's also gay.,"The Rainbow Laces campaign, initiated by the LGBT charity Stonewall, aims to promote inclusivity in football and combat homophobic abuse, as highlighted by personal stories from players like Brandon, who faced anxiety due to comments from teammates. The campaign's significance is underscored by a historic match at Wembley Stadium featuring Stonewall FC, with advocates like Sean and Jackk emphasizing the need for a safer environment for LGBT individuals in sports. The FA is collaborating with organizations like Kick It Out and Stonewall to enhance safety and acceptance in football.",9.43,0.0,7.55
uk-england-york-north-yorkshire-49189605,Soldiers have been drafted in to help clean up parts of the Yorkshire Dales after flash flooding wiped out roads and caused devastation.,"Severe flooding caused by a month's worth of rainfall in just four hours has resulted in significant property damage, loss of livestock, and the drowning of pets in affected areas. The Army has been deployed to assist with recovery efforts, while local residents and businesses, including a pub and a community hall, are working together to support those impacted. Despite the devastation, community members remain resilient, with some sharing stories of miraculous animal rescues amidst the chaos.",17.82,0.0,9.9
entertainment-arts-15361273,"Julian Barnes has won the Man Booker Prize for his novel The Sense of an Ending, having been shortlisted on three previous occasions.","Julian Barnes won the £50,000 Booker Prize for his novel ""The Sense of an Ending,"" which judges praised for its literary quality and depth. Chairwoman Dame Stella Rimington defended the judges' focus on readability amidst criticism, likening dissenting voices in the publishing world to ""black propaganda."" Following the win, Barnes's book saw a significant increase in sales, prompting a reprint by Random House.",34.09,25.58,34.09
uk-scotland-53986918,University students could face disciplinary action if they break government coronavirus guidelines.,"New guidance from the Scottish government mandates that universities enforce strict disciplinary measures for breaches of coronavirus regulations, potentially including expulsion for serious offenses. While Higher Education Minister Richard Lochhead emphasizes the need for responsible behavior among students, concerns have been raised by the University and College Union regarding the heavy-handedness of disciplinary threats during uncertain times.",14.29,0.0,8.57
technology-37974266,"Up to 400 million logins on the ""sex and swingers"" hook-up site Adult Friend Finder have been leaked, according to an unverified report.","Friend Finder Networks is investigating a significant data leak affecting 412 million accounts, including 20 years of sign-ins and deleted accounts, though it has not confirmed a breach. The company has addressed a vulnerability but is still assessing the situation after receiving multiple security reports. The leaked data includes logins from explicit webcam sites owned by the parent company, raising concerns about the potential impact on users, including those with government and military email addresses.",20.0,2.04,8.0
world-middle-east-43062438,The rebel-held Syrian region of the Eastern Ghouta has received its first aid delivery in almost three months.,"The United Nations successfully delivered aid to the besieged Eastern Ghouta, providing food and medical supplies for a fraction of the 400,000 residents enduring severe conditions under government bombardment. Despite this effort, UN officials emphasized that the delivery was insufficient, calling for much larger convoys and a cessation of hostilities, as the humanitarian crisis continues to escalate. Sweden and Kuwait are proposing a draft resolution to the UN Security Council to enforce a ceasefire and ensure ongoing humanitarian access, though gaining support may be challenging due to Russia's veto power.",12.61,3.67,9.01
world-europe-isle-of-man-53786831,Two endangered red panda cubs have been born at a wildlife park on the Isle of Man.,"Two red panda cubs, the first born on the island as part of a European breeding program, were fathered by Kush, who had recently escaped and was recaptured. The species is classified as endangered, with a 40% decline in wild populations over the past 50 years, and the cubs will remain with their mother in a nesting box for the first three months of their lives.",24.1,7.41,19.28
world-europe-50705476,"Storm Atiyah has made landfall, with winds hitting speeds of up to 80mph (130km/h).","A ""status red"" wind warning was issued for County Kerry, Ireland, due to Storm Atiyah, prompting extreme caution in coastal and high ground areas. Thousands of power outages were reported, and several incidents, including a fallen tree on a car, occurred. The warning has since been downgraded to ""status orange,"" while additional warnings are in effect for other regions, and disruptions to flights and train services have been reported.",14.29,2.44,9.52
entertainment-arts-35841968,"The English National Opera (ENO) has resolved its dispute with its chorus, performers' union Equity has said.","The English National Opera (ENO) chorus voted in favor of industrial action over proposed pay cuts and job reductions, planning to refuse to sing during the first act of Akhnaten. However, a deal was reached that maintains a pay package of £35,000, down from £40,900, while ensuring additional work opportunities during the summer. ENO management expressed satisfaction with the compromise, recognizing the chorus's vital role in the company's operations.",15.56,9.09,15.56
science-environment-13754423,The Dawn spacecraft is starting to get an eye-full of the Vesta asteroid.,"NASA's Dawn satellite is set to reach the asteroid Vesta, the second most massive body in the asteroid belt, in late July, where it will spend about 12 months studying the protoplanet. Recent images have shown Vesta's irregular shape and improved resolution, with plans to capture color pictures and achieve a resolution of about 20 meters per pixel as the probe enters closer orbits. Vesta, which has a history of volcanic activity, is expected to provide valuable insights into the evolution of celestial bodies.",16.0,0.0,12.0
uk-wales-22397308,Actor and comedian Stephen Fry will appear in a youth production for Welsh National Opera (WNO) this summer.,"Stephen Fry will lend his voice to a production of Benjamin Britten's Paul Bunyan, which will be performed at the Wales Millennium Centre in Cardiff, featuring a youth choir and a team of young performers. Fry, a lifelong opera enthusiast, pre-recorded his role as Paul Bunyan, while the production involves over 100 young singers and musicians, mentored by industry professionals. The performances are scheduled for August 23 and 24.",22.47,6.9,17.98
uk-england-birmingham-41558205,"""Serious incidents"" in a maternity unit were not investigated properly and opportunities missed to prevent more from occurring, a report has found.","A review of 25 maternity cases at the Dudley Group Foundation Trust revealed five instances of avoidable harm and one death, prompting the trust to issue apologies and condolences. While the trust's neonatal mortality and stillbirth rates were previously rated as good, concerns about serious incidents led to an internal investigation that identified inadequate responses and misinterpretation of monitoring data. In response, the trust has implemented a comprehensive improvement plan, including a new training program to enhance safety and effectiveness in maternity services.",20.75,1.92,11.32
business-19264361,Standard Chartered shares have rallied after it agreed to pay $340m (£217m) to New York regulators to settle claims that it hid transactions with Iran.,"Standard Chartered has reached a settlement with the New York State Department of Financial Services, agreeing to pay a $340 million civil penalty for allegedly laundering up to $250 billion and violating U.S. sanctions. The bank admitted to some violations totaling $14 million and will implement enhanced money-laundering controls, including the installation of a monitor for at least two years. The settlement alleviates the risk of losing its U.S. banking license and has positively impacted investor confidence, leading to an upgrade in the bank's stock rating.",17.39,7.08,12.17
uk-england-beds-bucks-herts-44383189,"A inmate has died after an ""altercation"" involving four men at a prison.","A 49-year-old inmate was pronounced dead at HMP Woodhill in Milton Keynes following an incident on June 5, prompting Thames Valley Police to arrest three men, aged 33, 32, and 26, on suspicion of murder. The police are conducting an investigation in collaboration with the Prison Service, while the victim's family is receiving support from specially trained officers.",16.22,0.0,13.51
world-asia-26763083,Police in Myanmar's Rakhine state have fired warning shots in an attempt to disperse crowds gathered outside offices of international aid workers.,"Hundreds of Buddhists in Sittwe, Myanmar, rioted and vandalized homes and offices in response to allegations that a foreign aid worker disrespected a Buddhist flag. The unrest, which escalated despite police intervention, is occurring against a backdrop of ongoing tensions between Rakhine Buddhists and the Rohingya Muslim minority, who remain stateless and displaced following violent clashes in 2012. Aid agencies are now reconsidering their operations in the region amid increasing hostility and government restrictions.",20.62,2.11,12.37
uk-wales-politics-44669105,More than 50 Plaid Cymru councillors have pledged their allegiance to Leanne Wood as she faces a potential leadership challenge.,"Ms. Wood has announced she will step down if she does not become first minister in the next assembly election, facing potential leadership challenges as AMs have until Wednesday to declare their candidacy. Despite receiving support from 53 councillors praising her campaigning efforts, there is growing pressure within the party for a leadership change, with calls for other prominent members to contest the position.",28.57,4.88,14.29
uk-wales-54779039,"Drug users could be given heroin in a bid to save lives and reduce crime, the North Wales police and crime commissioner has said.","Arfon Jones is advocating for a Heroin Assisted Treatment (HAT) scheme in the region, similar to trials in Glasgow and Teesside, where drug users would receive medical-grade heroin in supervised centers. While the Welsh Government acknowledges potential benefits, it emphasizes the need to weigh them against costs, especially given recent increases in drug-related deaths in north Wales. Jones argues that treating drug use as an illness rather than a lifestyle choice can help reduce demand for illegal drugs and save lives.",28.04,7.62,14.95
uk-wales-54656891,"Unpaid carers in Wales are ""worn out"" and need support services lost during the coronavirus pandemic to return, a charity has said.","Research indicates that carers in Wales, particularly those looking after individuals with intellectual disabilities, are experiencing significantly higher rates of mental health issues during the pandemic, with some reporting up to ten times the rate of problems compared to other parents. The Welsh Government is consulting on whether to reinstate the legal right for carers' needs to be assessed, which was suspended during Covid-19, amid concerns that many are providing increased care with reduced support. Carers Wales emphasizes the urgent need for recognition and reinstatement of services to support both carers and those they care for as they face ongoing challenges.",19.35,4.92,12.9
uk-scotland-glasgow-west-38680233,The mother of a 16-year-old who took her own life by overdosing on anti-anxiety pills has told MSPs there is a fault in Scotland's healthcare system.,"Annette McKenzie is advocating for a legal change to require parental consent for prescribing medication to individuals under 18, following her daughter Britney's overdose on Propanol, which she learned about only after Britney's death. McKenzie argues that the current system fails to protect young people, as they may not fully understand the implications of the medications they are prescribed. The Scottish Parliament's Public Petitions Committee has agreed to reach out to relevant organizations regarding her petition.",18.35,1.87,11.01
uk-england-northamptonshire-34344896,Visitors to Watford Gap services on the M1 are being warned not to urinate against walls and defecate in bushes.,"Northamptonshire Police have installed posters at a service station to discourage people from using bushes as toilets, highlighting the availability of free restroom facilities inside. The initiative follows complaints about unpleasant odors affecting picnic areas, and if successful, similar signs may be implemented at other locations. Roadchef, the service station operator, supports the campaign, emphasizing the importance of maintaining a clean environment for customers.",14.29,0.0,7.14
uk-england-london-38905925,"The housing association in charge of a ""poorly-built"" housing estate in east London has offered to buy back dozens of the properties.","Residents of Orchard Village in Rainham are facing severe issues, including raw sewage, mice infestations, and gas leaks, prompting Clarion Housing, which recently acquired the estate, to offer to buy back 58 of the 387 homes. Many residents have reported health problems linked to the poor living conditions, leading to calls for the entire estate to be demolished. Clarion acknowledged the situation as ""unacceptable"" and stated that it is actively addressing the build defects.",22.68,8.42,18.56
uk-47862442,"The finale of hugely popular comedy series Fleabag has been met with enthusiastic praise by fans and critics, after airing on Monday night.","The highly anticipated finale of BBC's ""Fleabag"" series two has received widespread acclaim, with critics praising it as a ""masterpiece"" and a ""near perfect work of art."" Viewers expressed their emotional reactions on social media, many stating they were heartbroken by the show's conclusion, especially after confirmation that there will not be a third series. Phoebe Waller-Bridge's writing and performances have been lauded for their depth and innovation, solidifying the show's legacy in television history.",27.18,1.98,17.48
uk-northern-ireland-55165263,The SDLP's education spokesperson has called for schools to close for Christmas on 11 December.,"West Tyrone MLA Daniel McCrossan has called for schools to close early for Christmas on December 11, citing concerns from principals, teachers, and parents about the safety of vulnerable loved ones. However, Education Minister Peter Weir has dismissed the idea, stating there are no plans to extend the Christmas holiday and emphasizing the importance of maintaining face-to-face education to avoid further disruption and anxiety. The National Association of Head Teachers has also expressed concerns about how the current school schedule may impact families' holiday plans.",25.24,13.86,19.42
world-us-canada-52862588,President Donald Trump has been criticised at home and abroad after announcing he is ending US ties with the World Health Organization (WHO).,"President Trump announced the permanent halt of U.S. funding to the World Health Organization (WHO), citing its failure to hold China accountable for the coronavirus outbreak, a decision that has drawn criticism from EU leaders and U.S. lawmakers who warn it could hinder global health efforts. The EU and other officials urged the U.S. to reconsider, emphasizing the need for international cooperation during the pandemic, while Trump plans to redirect the funds to other global health initiatives.",19.42,7.92,15.53
world-europe-39873618,The EU's chief Brexit negotiator has emphasised there will have to be some form of customs controls between NI and the Republic after Brexit.,"Michel Barnier addressed the Irish parliament, emphasizing the importance of the Irish border issue in Brexit negotiations and the need for a ""flexible and creative"" approach to customs controls. He reassured Irish lawmakers that the EU would prioritize Ireland's interests during the negotiations, while concerns about the economic impact of Brexit on Ireland were highlighted by various officials. Barnier's visit marks a significant moment as he is the first non-head of state to address the Irish parliament.",22.86,7.77,15.24
uk-politics-53797657,"England could see ""a new wave of homelessness"" when a ban on evictions ends later this month, MPs have warned.","The UK government is facing pressure from 21 MPs to extend the eviction ban and guarantee funding for local authorities to house homeless individuals for at least a year, as the current pause on evictions in England and Wales approaches its end on August 23. While the Labour-led Welsh government has increased the notice period for evictions to six months, the Scottish government is proposing to extend its eviction ban until March 2021. The government maintains that new repossession rules will protect renters, but critics argue these measures are insufficient amid ongoing economic challenges due to the pandemic.",16.81,1.71,10.08
uk-england-37938056,"A third of UK police forces use hoods to prevent arrested people spitting or biting, the BBC has learned.","A Freedom of Information request revealed that 17 of the UK's 49 police forces have used mesh fabric spit hoods at least 2,486 times since 2011, including in 635 cases involving individuals with suspected mental health issues. Critics, including the campaign group Liberty, argue that the hoods are cruel and degrading, particularly when used on minors and those with mental health challenges, while the Police Federation defends their use as necessary for officer safety. The debate continues, with some forces considering their introduction amid concerns about their impact on community relations.",16.07,1.82,14.29
uk-england-beds-bucks-herts-12092904,"Police in Hertfordshire have issued a warning after a woman dialled 999 to say ""Merry Christmas"".","A woman made a non-emergency call to Hertfordshire Police on Boxing Day, wishing the operator a Merry Christmas and confirming she had no emergency, prompting police to highlight the dangers of time-wasting calls during busy periods. Authorities noted that such calls can hinder genuine emergencies and could lead to criminal convictions, with penalties reaching up to seven years in prison for wasting police time. Police urged the public to think carefully before making non-essential calls as New Year's Eve approaches.",18.0,4.08,10.0
uk-england-tees-23364657,A kayaker had to be rescued by a lifeboat crew after he was pitched into the sea by a hungry seal.,"A man fishing off Hartlepool had his kayak overturned by a seal that bumped into it while trying to grab mackerel from his net. An off-duty policeman noticed the incident and alerted Hartlepool's RNLI, which successfully rescued the man from the water; he did not require hospital treatment.",30.99,2.9,16.9
education-12622055,The first free school has been given the green light to open in September.,"The West London Free School, established by writer Toby Young, has become the first to sign a funding agreement with the government, allowing it to open in Hammersmith with a focus on academic excellence and a classical curriculum. While proponents argue that free schools will enhance educational standards and choice, critics warn that they may exacerbate divisions within the state school system by diverting funding from local authorities. The school plans to enroll 120 pupils annually and emphasizes strong discipline and ambition for all students.",18.18,8.25,16.16
uk-politics-22844988,Conservative MP Tim Yeo has formally stood aside as chairman of a committee while claims he used the role to help a private company influence Parliament are being investigated.,"MP Tim Yeo has temporarily stepped down as chairman of the Commons Energy and Climate Change Committee amid allegations that he coached a businessman on what to say during a committee hearing. Although he denies these claims, the committee expressed confidence in his leadership while accepting his resignation to maintain the integrity of its work. Liberal Democrat Sir Robert Smith has taken over as chair for the time being, as Yeo has referred himself to the parliamentary standards commissioner for further investigation.",30.63,11.01,25.23
uk-15138597,"A non-emergency telephone number for NHS services is to launch across England, the Department of Health says.","The UK government will launch a new 111 health advice service nationally by April 2013, replacing NHS Direct, which is being scrapped. The service aims to simplify access to healthcare information and direct patients to appropriate services, while NHS Direct may still play a role in its delivery. Critics have raised concerns about the potential reduction in service quality due to fewer qualified nurses handling calls.",19.05,0.0,11.9
world-asia-china-53666557,A man in eastern China has been acquitted of murder and freed after spending 27 years in prison.,"Zhang Yuhuan, China's longest-serving wrongfully convicted inmate, was released after serving nearly 27 years for the murder of two boys, a conviction based on a coerced confession that was found to be inconsistent with the evidence. A high court determined there was insufficient evidence to uphold his conviction, highlighting ongoing issues with forced confessions in China's legal system. Following his release, Zhang is entitled to compensation and seeks accountability for those responsible for his wrongful conviction.",18.56,2.11,10.31
uk-england-stoke-staffordshire-49614512,"The death of woman found inside a house along with that of a man is being treated as murder, police have said.","Police discovered the bodies of a 33-year-old woman and a 31-year-old man in Burton-upon-Trent, with the man's death not being treated as suspicious. A two-year-old boy found unharmed at the scene is now with family, and an investigation is ongoing to determine the cause of death, while forensic examinations continue.",37.04,7.59,22.22
uk-england-hampshire-44380867,A former triathlete has been awarded £1.5m after an NHS misdiagnosis left him permanently disabled.,"Matthew Smith, 53, suffered permanent spinal damage after a delayed diagnosis and treatment for cauda equina syndrome following a fall in 2014. Despite being sent home from St Mary's Hospital with muscle relaxants, he later lost feeling and movement in his legs, leading to a significant decline in his quality of life. The Isle of Wight NHS Trust has apologized for the misdiagnosis and the subsequent delay in providing necessary medical intervention.",13.48,0.0,6.74
world-middle-east-41703303,More than 50 Egyptian security personnel have died during a clash with suspected Islamist militants.,"During a raid on a militant hideout near the Bahariya oasis in Egypt's Western Desert, security forces came under heavy fire, resulting in the deaths of 53 personnel and 15 militants. The attack, which involved rocket-propelled grenades and explosive devices, was exacerbated by the attackers' knowledge of the terrain and communication difficulties faced by the security forces. No group has claimed responsibility for the assault, and initial reports linking the attack to the Hasm group were later discredited.",10.53,2.15,6.32
uk-england-birmingham-42965288,Former patients of disgraced breast surgeon Ian Paterson are being asked to get in touch with an inquiry into his malpractice.,"Paterson was sentenced to 20 years in prison for wounding patients through unnecessary surgeries and untested techniques, leading to an independent inquiry by the Department of Health. Chaired by the Bishop of Norwich, the inquiry seeks input from patients and families on key issues, with compensation expected for up to 750 victims from a £37 million fund. A report is anticipated by the summer of 2019, though it will not revisit the evidence from Paterson's conviction.",16.33,0.0,10.2
uk-england-wiltshire-23340262,More than 220 staff at Wiltshire Council have been accepted for voluntary redundancy.,"The Conservative-led council is implementing a cost-cutting program aimed at reducing its workforce by 400 positions, alongside a management restructure that may affect some of its 18 service directors, in order to save £4 million in the 2013-14 budget. Currently, over 5,000 staff are employed, and while voluntary redundancy applications are being processed, the Unison trade union has expressed concerns about increased workloads for remaining frontline staff. This follows three years of significant staffing reductions, totaling 640 redundancies and £23 million in savings.",12.0,2.04,6.0
education-15562498,"Childcare decisions in family courts should be made within six months, an official review has said.","David Norgrove's report on family justice highlights significant delays and inefficiencies in the system, emphasizing that the welfare of children should take precedence over parental rights, which includes rejecting equal access rights for both parents. The report recommends that parents be encouraged to make their own care arrangements and that grandparents must seek court approval for access to grandchildren, while the government commits to reforming the system to reduce delays and improve outcomes for children.",10.87,0.0,6.52
entertainment-arts-37987179,JJ Abrams futuristic series Westworld has landed a second series on US cable channel HBO.,"HBO's ""Westworld"" will return for another 10 episodes, expected to air in 2017 or 2018, according to programming editor Casey Bloys. The show has garnered an average audience of 11.7 million viewers, and while co-creators Jonathan Nolan and Lisa Joy expressed gratitude for their team and partners, Bloys did not confirm the return of the current cast for the second season.",10.13,0.0,7.59
uk-wales-south-east-wales-36478937,Cardiff University has launched a racial equality review amid reports face paint was used to impersonate a staff member in a student-led play.,"Cardiff University will conduct an independent review of its School of Medicine, focusing on concerns related to the play ""Anaphylaxis"" and its impact on minority ethnic students and staff. Led by Prof Dinesh Bhugra, the review aims to assess related student societies and practices, with findings expected in the autumn. Vice-Chancellor Prof Colin Riordan emphasized the university's commitment to fostering an inclusive environment for all students and staff.",19.15,2.17,14.89
uk-england-hereford-worcester-43004491,People living on proposed routes of a new bypass were not given notice their houses could be demolished.,"Herefordshire Council has apologized for a delay in notifying 150 residents about the Hereford Bypass consultation due to a clerical error by contractor Balfour Beatty Living Places, which resulted in letters being sent out a month late. Many residents only learned about the bypass routes through media, leading to concerns about potential impacts on their properties. A second letter was issued to invite affected individuals to a preview of the plans as a six-week consultation on seven proposed routes is currently underway.",17.82,2.02,7.92
world-europe-55778334,"Russian police have detained more than 3,000 people in a crackdown on protests in support of jailed opposition leader Alexei Navalny, monitors say.","Tens of thousands protested across Russia against President Vladimir Putin following the arrest of opposition leader Alexei Navalny, with reports of at least 3,100 detentions, including over 1,200 in Moscow. Demonstrators, ranging from teenagers to the elderly, called for Navalny's release and expressed their dissatisfaction with the government, despite a heavy police presence and violent crackdowns. International reactions included condemnation from the UK and US, urging the release of those detained during the protests.",23.76,6.06,11.88
uk-england-lancashire-23510123,Thousands are expected to attend a religious pageant marking the 175th anniversary of the Church of Jesus Christ of Latter-day Saints in Britain.,"The Mormon Temple in Chorley will host a festival from Wednesday until August 10, featuring nightly performances by a cast of about 300 that highlight the historical connections of the Church of Jesus Christ of Latter-day Saints in England and abroad. This event, the first of its kind in Europe, includes a marquee for 1,500 attendees and aims to provide a rich experience through hymns, drama, and dancing, reflecting the church's history in the British Isles.",27.18,19.8,25.24
uk-england-26575210,The reopening of a bridge across the River Thames to road traffic has been put back to September because of conditions on the river.,"The reconstruction of Whitchurch Bridge, which began in October with a budget of £4.3 million, has been halted since December 20 due to strong stream flows, with contractors unable to work under Environment Agency warnings. Geoff Weir from the Whitchurch Bridge Company expressed regret over the delay and hopes to resume work next week, while Reading West MP Alok Sharma has called for monthly updates on the project's progress.",25.26,4.3,18.95
business-47808730,Former Nissan chief Carlos Ghosn has been re-arrested in Tokyo while out on bail pending trial over claims of financial misconduct.,"Carlos Ghosn, the former Nissan chairman, was re-arrested by Tokyo prosecutors on suspicion of misappropriating $5 million in Nissan funds for personal use, just months after being released on bail. Ghosn, who denies all charges and claims the arrest is an attempt to silence him, faces multiple allegations of financial misconduct, including underreporting his compensation. Renault has also criticized Ghosn, accusing him of ethical violations and halting his pension payments.",32.26,13.19,23.66
uk-scotland-scotland-business-36158878,Wood Group has won a new $500m (£342.5m) contract to provide services for BP-operated offshore projects in Azerbaijan.,"Wood Group PSN has secured a five-year contract to provide engineering, procurement, and construction management services for eight platforms, creating approximately 200 new jobs. This agreement builds on Wood Group's longstanding partnership with BP, particularly in support of projects offshore Azerbaijan, and follows a recent £100 million services deal with Nexen in the North Sea.",38.96,10.67,31.17
world-us-canada-19174770,A convicted death-row inmate has been executed in Texas after the US Supreme Court rejected arguments that he was mentally impaired.,"Marvin Wilson, 54, was executed by lethal injection in Texas on Tuesday, despite his lawyers' claims that his low IQ should have rendered him ineligible for the death penalty. The Supreme Court's 2002 ruling against executing individuals with mental impairments allows states to define eligibility criteria, and Wilson was found to have demonstrated leadership in orchestrating a murder in 1992. In his final statement, he expressed his readiness to meet God, marking him as the seventh person executed in Texas this year.",24.76,7.77,15.24
uk-37093551,David Jenkins was an Anglican bishop who questioned some of the fundamental beliefs of Christianity.,"David Edward Jenkins, appointed Bishop of Durham in 1984, faced significant backlash for his liberal theological views on the virgin birth and resurrection, which he argued were not central to Christian faith. An academic theologian rather than a parish priest, Jenkins became a controversial figure advocating for modernization within the Church of England, often criticizing both Conservative and Labour governments for their economic policies. His tenure was marked by protests and debates over his unorthodox beliefs, yet he remained a prominent voice for reform until his retirement.",19.61,0.0,11.76
uk-16661107,What has Dow Chemical got to gain from sponsoring the Olympics?,"Dow Chemical, despite facing significant backlash over its sponsorship of the London 2012 Olympics due to its association with the 1984 Bhopal disaster, remains committed to its multi-million pound deal until 2020. The company argues that the Olympics provide a valuable marketing opportunity and a platform to enhance its reputation, while critics, including rights groups and politicians, continue to call for its removal as a sponsor, claiming unresolved compensation issues related to Bhopal.",14.12,4.82,11.76
uk-26787308,Writers and actors opposed to new rules stopping people sending books to inmates have held a protest outside Pentonville Prison in north London.,"Poet laureate Carol Ann Duffy and other prominent figures protested new rules in England and Wales that restrict prisoners from receiving books and other items through the mail, arguing that this policy undermines rehabilitation and access to literature. Justice Secretary Chris Grayling defended the changes as a means to promote good behavior, asserting that prisoners still have access to jail libraries and can possess up to 12 books in their cells. Critics, including actress Vanessa Redgrave and playwright David Hare, condemned the measures as ""vicious"" and ""misguided,"" emphasizing the importance of literature for personal growth and humanity.",18.33,1.69,13.33
uk-47624566,Electric scooters and other new modes of transport could be allowed on Britain's roads under a wide-ranging review .,"The UK government is considering changes to traffic laws that currently prohibit the use of powered scooters on public roads and pavements, citing these regulations as barriers to innovation. While there is significant demand for alternative transport options like electric scooters, safety concerns and existing legal restrictions complicate their potential integration into urban mobility. Meanwhile, electric bicycles are allowed under specific regulations, and their popularity is increasing as initiatives to promote cycling gain traction.",19.15,2.17,10.64
world-australia-51756675,An Australian newspaper says sexist remarks have forced it to remove the comments section from its coverage of women's Australian rules football.,"The Herald Sun has decided to disable comments on articles about women's Australian rules football (AFLW) due to a surge of abusive and sexist remarks directed at players, following appeals from various stakeholders in the sport. This decision comes in the wake of ongoing online bullying issues, highlighted by player Tayla Harris, who has advocated for measures to combat such harassment and improve mental health support. The move reflects a growing concern over the impact of online abuse on athletes and the need for media companies to take responsibility in moderating comments.",20.69,8.77,12.07
business-49225366,"A strike planned by Heathrow Airport workers on Monday has been called off, as talks continue to stop a further walkout on Tuesday.","Around 2,500 workers at Heathrow Airport planned to strike over pay, leading to the cancellation of 177 flights, but British Airways and several other airlines have since reinstated their flights for Monday. The Unite union rejected a pay offer, prompting ongoing discussions about potential strikes, while passengers are advised to check with their airlines for updates and possible rebooking options. Heathrow Airport has warned of longer security queues and advised travelers to arrive early for their flights.",17.82,2.02,11.88
world-52267943,"As the world's population was plunged into lockdown, our social media feeds became filled with stories of shortages at local supermarkets.","The coronavirus pandemic has disrupted the global food supply chain, leading to significant oversupply and waste, particularly in the dairy and agricultural sectors, where millions of gallons of milk and crops are being discarded due to closed markets and reduced demand. Additionally, staffing shortages caused by lockdowns are exacerbating these issues, while some sectors, like orange juice, are experiencing increased demand. The situation highlights the economic challenges faced by food producers and the need for adjustments in consumer behavior and labor availability.",7.69,0.0,5.77
uk-england-tyne-48192314,A five-yearly puffin census is being changed to an annual count amid fears climate change is affecting bird numbers.,"The National Trust's 2018 survey of the Farne Islands reported a stable population of Atlantic puffins, with a 9% increase since 2013, totaling 43,956 pairs. However, global declines in puffin numbers have led to their classification as vulnerable due to reduced sandeel populations caused by overfishing and climate change, which threaten their food sources and increase their vulnerability to severe weather.",14.46,2.47,12.05
uk-scotland-north-east-orkney-shetland-54055746,"An air and sea search for a missing climber who fell from cliffs in Aberdeenshire has officially ended, police have said.","Owain Bristow, the head of biology at Robert Gordon's College in Aberdeen, went missing last month after reportedly falling into the water near the Bullers of Buchan. His family expressed their devastation over his loss, highlighting his passion for teaching and outdoor activities, while authorities confirmed that the search has concluded but the investigation remains open. The college is providing support to students during this difficult time.",13.48,0.0,6.74
world-us-canada-54809825,"Oregon has become the first US state to decriminalise the possession of hard drugs, including cocaine and heroin.","Oregon has enacted a new law allowing individuals caught with small amounts of drugs for personal use to either pay a $100 fine or undergo a health check at an addiction-recovery center, while also becoming the first state to legalize the therapeutic use of hallucinogenic mushrooms. The measure, approved by public vote, aims to treat drug use as a health issue and will be funded by savings from state prisons and marijuana tax revenue. Critics express concerns about the potential undermining of court roles in drug treatment and the implications for juvenile offenders.",19.64,7.27,19.64
world-europe-40597244,"French President Emmanuel Macron said he ""respected"" Donald Trump's decision to pull out of the Paris climate accord but that France would remain committed.","During a meeting in Paris, French President Emmanuel Macron and U.S. President Donald Trump acknowledged their differences on climate change but emphasized the importance of collaboration on other issues, including the ceasefire in Syria and trade partnerships. Trump hinted at a potential shift in the U.S. stance on the Paris climate accord, while both leaders sought to reaffirm historic ties amid ongoing tensions and planned celebrations for the 100th anniversary of U.S. forces entering World War One. Protests against Trump's visit were also anticipated in the city.",24.14,14.04,18.97
uk-38218377,Former Premier League manager Harry Redknapp has said the Football Association could have done more to monitor an ex-Southampton coach accused of historical sexual abuse.,"Bob Higgins, a former youth coach, has faced longstanding allegations of sexual abuse from players during the 1980s, which he denies. The FA has initiated a review led by Clive Sheldon QC into these historical abuse claims, while Southampton FC and other clubs have been scrutinized for their handling of the situation. Multiple former players have come forward with allegations, prompting police investigations and calls for greater accountability within football organizations.",22.68,2.11,10.31
uk-scotland-glasgow-west-45990336,Thousands of teachers from across Scotland have held a march and rally in Glasgow in support of a pay demand.,"Members of the Educational Institute of Scotland (EIS) are demanding a 10% pay increase, citing a 24% decline in the value of teachers' salaries over the past decade due to austerity measures. The Scottish government has offered a final 3% raise for most teachers, which the EIS has dismissed as inadequate and divisive, leading to a large demonstration in Glasgow with up to 30,000 participants advocating for better pay and working conditions.",25.81,4.4,15.05
uk-england-tees-17406416,"A new £10m rehabilitation centre in Middlesbrough will bring 100 jobs to Teesside, the firm behind it has said.","Whickham Villa LLP is set to build The Gateway at Middlehaven, a neuro-rehabilitation center that will create 100 jobs and provide services for individuals recovering from serious brain and spinal injuries. The facility will feature a 40-bedroom accommodation, an internal pool, gym, therapy rooms, and community spaces, aiming to enhance patient independence and support quicker hospital discharges, ultimately benefiting both individuals and the local economy.",16.28,2.38,16.28
world-us-canada-39227547,"US servicemen from all parts of the military have been sharing nude photos of their female colleagues online, it has emerged.","An investigation has been launched by the Navy following reports of widespread sharing of nude photos of female service members by current and former Marines on social media and anonymous message boards. The Pentagon condemned this behavior as inconsistent with military values, with officials emphasizing the need for respect and dignity within the armed forces, while also developing new policies to address sexual harassment and hazing. The issue has sparked outrage and calls for accountability, with the Senate Armed Services Committee planning a hearing on the matter.",18.52,3.77,12.96
entertainment-arts-49812959,Model Caprice Bourret is the 12th and final celebrity confirmed to be taking part in Dancing On Ice.,"Caprice, a former Celebrity Big Brother contestant, expressed her excitement about joining the upcoming season of ITV's Dancing on Ice during an appearance on Lorraine Kelly's show. Alongside her, other celebrity contestants announced include Trisha Goddard, Michael Barrymore, Maura Higgins, and Kevin Kilbane, among others, all preparing to showcase their skating skills with professional partners. The show will feature a new judging panel, including John Barrowman, and is set to air in January.",21.51,4.4,10.75
uk-scotland-highlands-islands-37998488,A Swedish design and engineering company has proposed installing two floating wind turbines off the north Caithness coast.,"Hexicon AB has applied for permission from Scottish authorities to develop a demonstration project for floating wind turbines near the Dounreay nuclear power complex. The project, managed by Dounreay Trì Limited, includes the installation of a subsea cable and substation, and has received support from WWF Scotland, which highlights its potential to enhance clean offshore wind power generation.",21.05,5.41,13.16
health-30558112,"A new genetics project could help ""unlock a series of secrets about devastating diseases"", the NHS says.","The UK is launching a 100,000 Genomes Project, establishing 11 Genomics Medicine Centres in England to collect DNA samples aimed at developing targeted treatments for cancer and rare genetic diseases. Over three years, the project plans to sequence 100,000 genomes, comparing cancer patients' genetic codes with their tumors and analyzing rare disease patients' genomes against their family members to identify genetic mutations, ultimately facilitating the creation of precision medicines. The initiative is part of the NHS's goal to advance genomic medicine and improve healthcare outcomes.",13.33,1.94,11.43
uk-wales-politics-34556016,Plaid Cymru's leader has said her party can learn from the SNP how to overtake Labour and get into government.,"Leanne Wood stated that while Plaid Cymru faces significant challenges, it is possible for the party to become the largest in Wales by learning from the SNP's success in Scotland. As the third largest party ahead of next year's Assembly elections, Wood emphasized the importance of having a strong national party to achieve success. She will address the SNP conference in Aberdeen, highlighting the lessons that can be drawn from Scotland's political landscape.",20.62,8.42,16.49
uk-scotland-42403368,A deal has finally been reached on teachers' pay after months of negotiations.,"Teachers in Scotland will receive a 1% pay rise retroactively from April 2017, followed by another 1% increase in January, as part of a new agreement reached after extensive negotiations involving the Scottish government, unions, and councils. The deal, which includes changes to supply teacher pay arrangements, is supported by an additional £24 million in funding from the Scottish government, and aims to enhance educational outcomes by ensuring adequate teacher staffing and skills in schools.",18.18,2.33,9.09
uk-northern-ireland-24763836,A new advisory panel has been set up to help Stormont deal with banking issues.,"The Access to Finance Implementation Panel has been established to examine bank lending to businesses in Northern Ireland, as Finance Minister Simon Hamilton highlighted that constrained lending is hindering economic recovery. The panel, which includes experts from the banking sector, aims to provide independent insights on the issue and will meet with ministers in December.",20.0,5.88,17.14
technology-27496055,Netflix has announced plans to expand to a further six European countries before the end of the year.,"Netflix plans to expand its streaming service into Germany, France, Austria, Switzerland, Belgium, and Luxembourg, where it will face competition from established local providers and must navigate regional content regulations. Analysts suggest that the success of this rollout may hinge on the availability of dubbed content in Germany, while in France, Netflix may encounter challenges due to local rights issues and investment requirements in domestic programming. The company aims to tailor its offerings to each market, drawing on lessons learned from previous international launches.",15.69,4.0,13.73
uk-england-derbyshire-24662072,"A Derbyshire NHS trust must take urgent action to fix its finances and waiting lists, a health watchdog says.","Derbyshire Hospitals Foundation NHS Trust has failed to balance its budget and meet emergency department targets, with only 93.4% of patients seen within the required four hours and a deficit of £1.9 million reported. Monitor, the regulatory body, expressed concerns about the trust's management and may appoint a new team if improvements are not made. Trust officials acknowledged the challenges posed by increased demand and are working on plans to enhance performance.",17.02,2.17,14.89
uk-england-london-42044852,"Waste coffee grounds will be used to help power some of London's buses from Monday, it has been revealed.","Bio-bean has developed a biofuel by blending oil extracted from coffee waste with diesel, which will be added to London's public transport fuel supply, marking the first use of coffee-derived biofuel in the city's buses. The company has produced enough coffee oil to power one bus for a year, utilizing the 200,000 tonnes of coffee waste generated annually in London. This initiative aligns with Transport for London's efforts to reduce emissions by incorporating biofuels into their fleet.",25.24,5.94,17.48
world-us-canada-55173608,A US bar owner opposed to coronavirus restrictions has been charged after allegedly hitting a policeman with his car while fleeing arrest.,"Daniel Presti, 34, was arrested for allegedly operating his bar, Mac's Public House, in violation of COVID-19 closure orders, leading to charges including assault after he allegedly struck a police officer during a raid. Presti's lawyers claim he fled in fear for his life due to prior death threats, while the bar has declared itself an ""autonomous zone"" in protest of state regulations. The incident highlights ongoing tensions in Staten Island amid a surge in coronavirus cases across the U.S.",22.64,0.0,15.09
world-asia-pacific-15578083,"Chinese leaders like to talk about their country's ""peaceful rise"" - and Europe's financial traumas are giving Beijing plenty of scope to assume the role of a benign new force on the world stage.","President Hu Jintao has portrayed China as a supportive ally to European nations while simultaneously asserting aggressive maritime claims in the resource-rich South China Sea, raising tensions with neighboring countries like Vietnam and the Philippines. As China becomes more confident in its regional influence, it has issued warnings against foreign involvement in disputed waters, reflecting a growing military assertiveness that poses challenges to U.S. dominance in the area. The situation underscores a strategic contest between China and the U.S., with potential implications for regional stability and alliances.",16.0,0.0,11.2
business-49673133,"British American Tobacco has announced plans to cut 2,300 jobs as it shifts away from traditional cigarettes.","British American Tobacco (BAT) is restructuring to create a more efficient company focused on e-cigarettes and new product categories, with plans to reduce management layers and potentially affect over 20% of senior roles by January. The move comes amid increasing regulatory scrutiny on e-cigarettes in the U.S., particularly concerning flavored products, which could impact BAT's growth ambitions in that market.",14.63,7.5,14.63
uk-england-tees-57022115,The Conservatives have made a clean sweep of victories in a string of Stockton Council by-elections.,"The Conservative Party made significant gains in recent local elections, increasing their council seats from 11 to 16 by winning in several wards, including Hartburn and Billingham West, previously held by the Liberal Democrats and an independent. Notably, Niall Innes secured Hartburn with nearly 75% of the vote, while Dan Fagan won Yarm by a margin of almost 2,000 votes. The Tories successfully defended all three by-elections in Redcar and Cleveland, further solidifying their position in the region.",20.62,4.21,16.49
uk-england-south-yorkshire-51037692,"A girl who was sexually exploited by a gang that used her as a ""piece of meat"" found police took ""no effective action"" to stop it, a court heard.","Nine men have denied charges of raping a teenager in Sheffield between 2010 and 2012, with prosecutors alleging she was treated as ""an object"" and abused by the gang. Despite alerting South Yorkshire Police in 2011, no investigation was conducted, and her claims were not recorded as crimes. The trial follows a police investigation initiated in 2016, with the defendants primarily being of Kurdish descent.",21.28,0.0,17.02
uk-northern-ireland-52391304,"The Education Authority (EA) has been accused of ""excluding"" Irish speaking pupils from online learning materials.","The Education Authority (EA) has released educational resources in 11 languages to support children during school closures, but has faced criticism for not including Irish, which campaigners argue neglects the needs of Irish-speaking students. The EA stated that it prioritized translations for the most vulnerable children and had not received requests for Irish translations, while acknowledging the growing number of pupils in Irish medium education.",21.95,12.5,21.95
entertainment-arts-44111442,"Marvel have a new film ""in the works"" in the shape of Muslim superhero Ms Marvel.","Marvel Studios is developing a film featuring Ms. Marvel, a character inspired by Captain Marvel, with plans to introduce her after Captain Marvel's debut. The character, Kamala Khan, is a Pakistani-American teenager, and while there is speculation about Priyanka Chopra potentially playing the role, opinions among fans are divided regarding the casting, with some advocating for a Pakistani actress instead.",17.95,2.63,12.82
uk-wales-politics-55310601,Conservative party members in Monmouth have told their local Senedd member they do not want him to be their candidate for the May elections.,"Nick Ramsay was deselected by his party association after a vote, leading to a new selection process for the Monmouth constituency. Despite expressing sadness over the decision, Ramsay emphasized his commitment to representing the people of Monmouthshire. The deselection was influenced by a petition from local members and followed a tumultuous year for Ramsay, including a suspension from the Conservative Party.",18.82,4.82,14.12
world-us-canada-33531314,President Barack Obama has called for sweeping reforms to the US criminal justice system including curbing the use of solitary confinement and voting rights for felons.,"President Obama called for the reduction or elimination of lengthy mandatory minimum sentences, emphasizing the negative impact of mass incarceration on society and urging Congress to pass sentencing reform by year’s end. During his visit to a federal prison, he highlighted the need for alternatives to incarceration, investments in education, and the review of solitary confinement practices, while also advocating for fairness in the criminal justice system, particularly for African American and Latino communities. Additionally, he commuted the sentences of 46 non-violent drug offenders, underscoring the need for a more equitable approach to justice.",26.23,8.33,21.31
uk-wales-south-west-wales-37279172,"Swansea University is unveiling what it claims is ""tomorrow's classroom today"".","The Active Classroom building at Swansea University, launched during the British Science Festival, features innovative technologies such as a ""living wall"" for insulation, solar panels, and saltwater batteries to generate its own electricity and heat. Developed by the SPECIFIC Innovation and Knowledge Centre, the classroom integrates existing technologies to create a self-sufficient energy system, making it suitable for practical applications, including use in developing countries.",10.26,2.63,7.69
world-europe-isle-of-man-51553311,"Manx Gas must agree a new regulatory deal with the government by 24 April or face having regulation ""imposed"" on it, the policy and reform minister said.","Chris Thomas announced a ""hard deadline"" for negotiations with Manx Gas, the Isle of Man's sole gas supplier, following a report indicating the company's profits were excessively high. While Manx Gas managing director Ian Plenderleith expressed optimism about reaching a new agreement, campaigner Barry Murphy criticized the delays and called for a fair deal on utility costs. The negotiations have been prolonged due to the government's focus on its Climate Change Action Plan, which includes banning fossil fuel heating in new homes by 2025.",22.81,5.36,14.04
uk-england-stoke-staffordshire-38593696,"Probation officers are supervising up to 80 offenders at any one time - leaving the public at greater risk, a watchdog has warned.","Dame Glenys Stacey's report on Staffordshire's probation services highlighted concerns over large caseloads and the quality of work by the Community Rehabilitation Company (CRC), noting that some officers manage up to 80 cases. While the National Probation Service (NPS) was deemed to have sufficient quality, the report identified notable weaknesses and emphasized the need for improvement in public protection efforts. The Ministry of Justice stated that a robust action plan is in place to address these issues.",15.84,4.04,15.84
world-asia-china-30374002,The Indonesian maid at the centre of a high-profile abuse case has testified at the start of her former Hong Kong employer's trial.,"Erwiana Sulistyaningsih testified in a Hong Kong court that she was ""tortured"" by her employer, Law Wan-tung, over an eight-month period, detailing severe beatings and deprivation of food. Law has pleaded not guilty to multiple assault charges and failing to pay wages, while the case has sparked significant public outcry and raised concerns about the treatment of migrant domestic workers in Hong Kong. Activists and organizations like Amnesty International have called for reforms to address the widespread abuse faced by these workers.",25.69,3.74,12.84
uk-england-32719823,"Holiday firm Thomas Cook ""breached its duty of care"" in the case of two children who died from carbon monoxide poisoning while on holiday in Corfu, an inquest jury has concluded.","Jurors ruled the deaths of Bobby and Christi Shepherd, who died from fumes from a faulty hot water boiler at a hotel in 2006, as unlawful killing. Their mother, Sharon Wood, criticized Thomas Cook for failing to identify the danger, while the company maintained that investigations cleared its employees of wrongdoing. Following the verdict, the coroner plans to make recommendations to improve safety in the holiday industry.",26.53,8.33,14.29
uk-politics-44072175,MPs are to investigate the effectiveness of the 1991 Dangerous Dogs Act amid figures suggesting there has been an increase in attacks.,"Hospital admissions for dog attacks in the UK increased by 76% over the past decade, prompting the Environment, Food and Rural Affairs Committee to investigate the effectiveness of current legislation, particularly the Dangerous Dogs Act of 1991. Critics, including the RSPCA, argue that the law is ineffective and unjust, as a significant percentage of dog-related fatalities involved breeds not banned by the legislation, suggesting a need for a more individualized approach to assessing dog behavior rather than blanket bans.",27.45,12.0,19.61
world-asia-23514583,Four Sikhs have been convicted in London of attacking a retired general who led the Indian army's assault in 1984 on the Golden Temple in Amritsar.,"Lt Gen Kuldeep Singh Brar, who led Operation Blue Star in 1984, was attacked in London by a group of Sikhs seeking revenge for the controversial military operation that aimed to remove Sikh separatists from the Golden Temple, resulting in significant casualties. During the assault, Brar sustained serious injuries but survived, while his attackers were later found guilty of wounding with intent to cause grievous bodily harm. The incident highlights the ongoing tensions stemming from the events of Operation Blue Star, which remain a sensitive issue within the Sikh community.",27.35,8.7,13.68
uk-scotland-54480815,Business owners desperate to stay open have been reduced to tears over the definition of cafes by the Scottish government.,"New Covid restrictions implemented on Friday have closed pubs and restaurants in Scotland's central belt until at least October 25, with cafes allowed to operate during the day. The regulations have caused confusion among businesses trying to determine if they qualify as cafes, leading to a surge in legal inquiries and significant distress among operators facing potential closure. The Scottish government has emphasized that establishments cannot simply reclassify themselves to remain open, further complicating the situation for many in the hospitality sector.",19.42,3.96,13.59
uk-scotland-north-east-orkney-shetland-53983326,A major section of the former Aberdeen Exhibition and Conference Centre (AECC) has been sold to a church.,"King's Community Church has purchased the former AECC building on Ellon Road, with plans to use it as their new church home and host the Aberdeen North Foodbank. The church acquired the property debt-free, and the Aberdeen City Council is still seeking buyers for the remaining site at Bridge of Don, which is intended for redevelopment. Lead pastor Dr. Iain Duthie expressed excitement about the church's new location and its potential service to the community.",18.75,2.13,10.42
uk-wales-21198701,"Cardiff Airport has seen a sharp drop in passenger numbers over the past year, provisional figures from the Civil Aviation Authority show.","Cardiff Airport experienced a 16.1% decline in passenger numbers in 2012, largely due to the withdrawal of budget airline bmibaby, but anticipates a growth of 5% to 8% in 2013, aided by increased capacity from other airlines. The Welsh government plans to purchase the airport to secure its future, with expectations that it will be managed by an independent operator without subsidies. Despite recent challenges, a slight increase in passenger numbers in December 2012 suggests a potential recovery trend.",17.65,6.0,17.65
business-41669500,Householders with blocked drains are being warned to think twice before employing claims management companies (CMCs) to process a claim.,"Direct Line reports that over half of claims for blocked drains made through claims management companies (CMCs) are invalid, inflated, or fraudulent, costing UK insurers £2 million. The company warns that many homeowners are misled into paying significant fees to CMCs when they could file claims directly with their insurance providers for free. The rise in such claims has increased by 22% in early 2017 compared to the previous year, raising concerns about potential exploitation of vulnerable customers.",24.49,8.33,16.33
uk-england-tyne-38227976,"Dozens of sculptures based on a character from the animated film The Snowman and the Snowdog have sold for almost £260,000 at auction.","Sixty-four uniquely designed snowdog sculptures were displayed on a public art trail in Tyne and Wear and have now been sold at the Sage Gateshead, raising £259,200 for St Oswald's Hospice. The highest bid was for the Disco Dog, which sold for £9,200, while the first sculpture, Arthur, fetched £5,200. The collection included several designs related to local football teams and featured four previously unseen smaller pups.",25.0,4.26,16.67
world-europe-guernsey-19400622,The man in charge of Guernsey's St John Ambulance and Rescue has said its financial reserves have been exhausted due to an insufficient States grant.,"In his 2011 report, chief ambulance officer John Beausire criticized the £1.9m annual funding as inadequate, noting that the service's costs exceeded income, leading to a significant depletion of reserves. Despite building a positive relationship with the Health and Social Services Department (HSSD), he expressed frustration over delays in addressing funding issues, while HSSD minister Deputy Hunter Adam acknowledged that the service's financial struggles may have been overlooked during leadership changes. An independent consultant will be hired to assess the necessary services for the ambulance service, which Adam emphasized should maintain a public-private partnership.",20.97,1.64,11.29
uk-scotland-scotland-business-44030009,French energy giant Total has raised the number of expected job losses at its Aberdeen operations to more than 300.,"Total has revised its plans to make over 300 employees redundant in Aberdeen following its acquisition of Maersk Oil, up from an initial estimate of 250. The company is currently consulting with staff to mitigate the impact of this reorganization, which will leave approximately 1,200 workers in the region.",22.86,2.94,14.29
uk-35569462,"A UK ticket holder has claimed Friday's £24m EuroMillions jackpot, National Lottery operator Camelot said.","A claim for £24,769,932 from a recent EuroMillions draw is pending validation, potentially allowing the winner to receive the prize as soon as Monday. The winning numbers were 3, 20, 28, 31, and 49, with Lucky Stars 2 and 5, although details about the winner's identity and ticket purchase location remain undisclosed.",14.08,0.0,8.45
business-43973149,House of Fraser plans to close stores as new owners look to turn around the department store chain.,"C.banner is acquiring a 51% stake in House of Fraser from Nanjing Cenbest, which will lead to a company voluntary arrangement (CVA) aimed at closing some stores and renegotiating rents. House of Fraser, which operates 59 stores and employs over 6,000 staff, plans to propose the CVA next month as part of a restructuring effort to adapt to changing consumer behaviors and avoid a fate similar to other struggling retailers.",24.44,6.82,17.78
uk-scotland-44795245,"The number of households in Scotland is set to rise dramatically in the next 25 years, according to forecasters.","National Records of Scotland (NRS) forecasts an increase of 317,000 households from 2016 to 2041, reflecting a 13% rise compared to a 5% population growth, largely driven by an aging population and a trend towards smaller households. While areas like Midlothian, East Lothian, and Edinburgh are expected to see significant increases, four council areas—Western Isles, Argyll and Bute, Inverclyde, and North Ayrshire—are projected to experience declines in household numbers. The number of households headed by individuals aged 70 and over is anticipated to rise by 58%, with a notable increase in older adults living alone.",20.51,6.96,13.68
uk-northern-ireland-47255879,A protest has been held by young people in Belfast to call for greater government action on climate change.,"Students and families gathered in Belfast for a climate change protest, part of a series of demonstrations across the UK, emphasizing the urgency of addressing environmental issues. Participants, including Jasmijn Hofmann and Rachel Agnew, expressed the need for political action on climate change, highlighting that young voters will prioritize this issue in future elections. The protests coincide with a UN warning that carbon dioxide emissions must be halved within 12 years to meet global warming targets.",23.16,8.6,14.74
science-environment-36025706,Stephen Hawking is backing a project to send tiny spacecraft to another star system within a generation.,"Billionaire Yuri Milner, supported by Mark Zuckerberg, has launched a $100 million initiative to develop mini ""starships"" capable of interstellar travel, potentially reaching the nearest star system within 30 years. The project, backed by scientists including Stephen Hawking, aims to utilize advanced technology, such as solar sails propelled by powerful lasers, to overcome significant challenges in space exploration. Experts believe that with further research and development, achieving this ambitious goal within a generation is feasible.",28.26,11.11,15.22
uk-31015346,A campaign promoting David Beckham's new whisky has been cleared by the advertising watchdog after a complaint it would encourage underage drinking.,"The Advertising Standards Authority ruled that David Beckham, despite his past popularity with children, is no longer likely to appeal to them due to his retirement from football and shift to commercial ventures. Diageo, the company behind the alcohol advertisement featuring Beckham, argued that their target audience is primarily adults, while Alcohol Concern criticized the campaign for potentially appealing to teenagers and promoting alcohol as a means of social success.",15.05,4.4,10.75
uk-england-south-yorkshire-55940054,A South Yorkshire council has written to the government asking for local elections to be postponed.,"Doncaster Council has requested a delay in upcoming elections scheduled for May 6 unless Covid-19 rates significantly improve, citing concerns for voter safety and potential low turnout. The council's Elections and Democratic Structures committee reached a cross-party agreement to address these issues, emphasizing the need for a Covid-secure voting process, which could incur additional costs. The government has confirmed that elections will proceed as planned but is expected to provide support and funding to ensure safety measures are in place.",18.0,4.08,14.0
world-asia-china-38793011,A man has been mauled to death by a tiger after he entered its enclosure at a zoo in eastern China.,"A man named Zhang was killed by a tiger after he illegally climbed into the tiger enclosure at Youngor Zoo in Ningbo to avoid paying for a ticket. Despite attempts to scare off the tigers using firecrackers, he was mauled in front of onlookers and later pronounced dead at the hospital. The zoo has since closed to visitors, and the incident has sparked widespread discussion on social media, with many condemning Zhang's actions.",31.58,15.05,23.16
entertainment-arts-40118865,"More than 10,000 ""unscrupulous"" people have falsely claimed they were at the scene of the Manchester attack in order to get free tickets for Sunday's benefit concert, Ticketmaster has said.","Ticketmaster reported that over 25,000 people applied for free tickets to the One Love Manchester concert, intended for the 14,200 attendees of the Ariana Grande concert where a suicide bombing occurred, but many applications were deemed fraudulent. The concert aims to raise £2 million for the victims and their families, featuring performances by numerous stars, while eBay and other ticket marketplaces are actively removing listings for resold tickets to prevent profiteering from the tragedy.",24.07,3.77,14.81
business-43613060,"The TUC says labour laws need ""beefing up"" to protect the rights of workers employed by outsourcing firms.","The Trades Union Congress (TUC) is urging the UK government to grant subcontracted workers the right to challenge their ""parent"" companies over minimum wage and holiday pay violations, as an estimated five million workers currently lack this ability. TUC General Secretary Frances O'Grady emphasized the need for stronger labor enforcement laws, while the Department for Business announced plans to enhance protections for workers, including agency workers, by allowing them to request more stable contracts and clearer pay breakdowns.",20.62,2.11,14.43
uk-england-kent-42979508,"A 41-day-old baby was ""twisted or pulled"" with such force he suffered injuries similar to a fall down the stairs, a doctor told a court.","Jody Simpson and Tony Smith, both from Whitstable, are on trial for allegedly assaulting and neglecting a child, resulting in 11 fractures in the baby, who was born on October 8, 2014. A consultant paediatric radiologist testified that the injuries were severe and indicative of excessive force, suggesting they were likely inflicted by an adult. The trial is ongoing.",16.28,0.0,11.63
science-environment-14596367,"Scientists at the Large Hadron Collider say a signal that suggested they might have seen ""hints"" of the long-sought Higgs boson particle has weakened.","New results presented at a conference in India indicate that the Higgs boson, if it exists, is unlikely to be found in the mid-range mass region, prompting physicists to focus their search on lower and higher energy ranges. While the search has become more challenging, researchers at the Large Hadron Collider remain optimistic that they will either discover the Higgs or confirm its absence within the next year, which would provide insights into new physics beyond the Standard Model.",22.86,9.71,17.14
uk-scotland-north-east-orkney-shetland-22365403,The preferred bidder for the development of the former Aberdeen City Council headquarters site has been named.,"Muse Developments is planning a mixed-use development on Broad Street in Aberdeen, featuring linked buildings with a maximum height of 10 storeys, including hotel, office, restaurant, and retail spaces, along with a small civic square and pedestrianised areas. A 12-week public consultation will precede the planning application, with completion aimed for 2016 to align with Aberdeen's bid for UK City of Culture 2017. Council leader Barney Crockett emphasized the project's potential to create a vibrant public space in the city.",17.82,0.0,11.88
uk-england-derbyshire-56632819,People have been warned not to light barbecues in the Peak District after two moorland fires.,"Fire crews responded to a blaze at Rushup Edge in Derbyshire, which spread across three hectares and was reportedly caused by people cooking near a footpath. Firefighters also managed another fire in Upper Padley, while officials reiterated calls for shops in the national park to stop selling BBQs to prevent further incidents. The fire service urged visitors to the Peak District to avoid bringing BBQs to protect the countryside.",16.47,7.23,11.76
uk-england-hampshire-50232692,An off-duty nurse and paramedic used a makeshift tourniquet to save the life of a British tourist whose foot was bitten off by a shark in Australia.,"Alistair Raddon, 28, and Danny Maggs, 22, were injured in a shark attack while swimming in Queensland's Whitsunday Islands, with Raddon suffering severe bleeding that was managed by fellow tourists using ropes and towels. The men reported that they were wrestling in the water when Raddon realized he was being bitten by a shark. Both men expressed gratitude to their rescuers and emergency services, as the area has a history of shark attacks, including a fatal incident last November.",25.93,3.77,14.81
entertainment-arts-20577497,"The Twilight finale has continued to dominate the North American box office, topping the chart for a third week, early figures suggest.","The Twilight Saga: Breaking Dawn - Part 2 led the box office with $17.4 million, bringing its domestic total to $254.6 million, while Skyfall followed closely with $17 million in its fourth week. Lincoln secured the third spot with $13.5 million, and despite positive critical reception, Brad Pitt's Killing Them Softly debuted at number seven with only $7 million. Overall, 2012's box office is on track to surpass the record set in 2009, with receipts currently 6% ahead of last year.",16.82,3.81,13.08
education-50167927,"Warning: This story contains a graphic image. A World War One memorial to soldiers whose story has been described as an unresolved ""taboo"" is set to be unveiled.","Historian Ellie Grigsby has created a statue to honor soldiers who returned from World War I with severe facial disfigurements, often facing social rejection and isolation. The monument, to be unveiled at Queen Mary's Hospital in Sidcup, Kent, aims to address the neglected experiences of these men, whose struggles with identity and acceptance after the war have been largely overlooked in traditional commemorations. Grigsby emphasizes the ongoing relevance of their stories in today's society, particularly regarding issues of appearance and mental health.",21.43,5.45,10.71
uk-england-oxfordshire-46022644,"An alleged far-right terrorist who named his baby son after Hitler has told a jury he does not want to raise a ""miniature Nazi"".","Adam Thomas, 22, on trial for alleged far-right activism, admitted to naming his son Adolf due to his admiration for Hitler but claimed he does not intend to raise him in that ideology. He described the consequences of his involvement in far-right politics as devastating, costing him his job and home, and distanced himself from extremist views, labeling some comments made in a private chat group as ""trolling"" rather than serious beliefs. The trial continues with Thomas and his co-defendants denying membership in the banned group National Action.",22.41,10.53,22.41
world-europe-34173983,President Francois Hollande has ordered preparations to begin for air strikes on Islamic State militants in Syria.,"France will begin reconnaissance flights over Syria to assess potential airstrikes against Islamic State, while ruling out sending ground troops. President Hollande emphasized the need to address threats from Syria, as the conflict has resulted in over 220,000 deaths and millions displaced. Meanwhile, concerns grow over Russia's military support for President Assad amidst a lack of coherent Western policy on the Syrian crisis.",26.83,2.5,12.2
world-europe-38603193,"A former prime minister of Kosovo has been released in France pending a decision on whether to extradite him to Serbia, where he is wanted for alleged war crimes.","Ramush Haradinaj, a former rebel commander and current opposition leader in Kosovo, was arrested in France on a Serbian warrant from 2004, prompting increased tensions between Serbia and Kosovo. Haradinaj, who has faced war crimes charges in the past but was acquitted, criticized the arrest as politically motivated and an abuse of the law. Kosovo's government expressed hope for his eventual release and return to the country.",30.93,6.32,18.56
health-52758024,Coronavirus has been described as an invisible killer. What could be more terrifying than that?,"As COVID-19 continues to pose risks, individuals and society must navigate the balance between safety and the indirect costs of ongoing restrictions, such as mental health issues and reduced access to healthcare. Experts emphasize the importance of understanding personal risk levels, particularly for vulnerable populations, while acknowledging that complete safety is unattainable. The focus should be on managing risks effectively, as the likelihood of severe illness from the virus varies significantly among different groups.",6.67,0.0,4.44
business-41812443,Samsung Electronics has named its new leadership team following the resignation of CEO Kwon Oh-hyun.,"Samsung Electronics has appointed three executives as joint chief executives following a significant management overhaul, coinciding with a report of nearly tripled quarterly profits driven by strong memory chip and smartphone sales. The new leaders, Kim Ki-nam, Koh Dong-jin, and Kim Hyun-suk, will oversee the company's main business divisions, while the firm also announced a new chairman and the resignation of long-time co-CEOs amid efforts to restore confidence after a corruption scandal. Samsung anticipates continued strong demand for its products and plans to distribute approximately $26 billion in dividends over the next three years.",18.97,7.02,13.79
uk-scotland-highlands-islands-30846999,Transport Minister Derek Mackay says he is confident the new MV Loch Seaforth ferry will be operating on the Ullapool to Stornoway route by the end of May.,"The introduction of the £42m MV Loch Seaforth on the Stornoway-Ullapool ferry route has been delayed due to upgrades at Stornoway and Ullapool harbors, with the new linkspan installation at Ullapool pushed back to April. Local tourism and hauliers have criticized the situation, prompting the formation of a taskforce to expedite the necessary improvements, with hopes to have the ferry operational by the end of May. Concerns have been raised about the impact of these delays on the upcoming tourist season and the reliance on a single ferry for service.",30.25,13.68,23.53
uk-wales-34092692,Developers behind plans for a £325m motor racing track in Blaenau Gwent have said the project has reached an important milestone.,"The Welsh government is inclined to approve the takeover of 250 hectares of common land for the Circuit of Wales in Ebbw Vale, pending resolution of commoners' rights issues, which the Heads of the Valleys Development Company (HOTVDC) claims are merely formalities. The project aims to create 6,000 jobs and host the MotoGP by 2017, with a £200 million funding target supported by Asian investors and local authorities. Preparation work could begin before Christmas, although weather conditions may impact the construction schedule.",11.54,1.96,7.69
uk-england-oxfordshire-22164676,They ran it like an organised business. Men who made money from abusing young girls while satisfying their own sexual gratification.,"A gang of Oxford men, including brothers Mohammed and Bassam Karrar, along with the Dogar brothers and Kamar Jamil, have been convicted of numerous sex offenses involving the grooming, rape, and trafficking of young girls. The abuse, described as horrific and torturous, involved the victims being manipulated with gifts and drugs before being sold for sex, often resulting in severe physical and emotional harm. Detectives highlighted the devastating impact on the victims, who were left traumatized and diminished by the experiences.",9.8,2.0,5.88
science-environment-16597720,"Even as the search continues for any further survivors of the Costa Concordia accident , questions are being asked about the potential environmental impact.","The grounded cruise ship Concordia, containing 2,400 tonnes of heavy fuel oil and 200 tonnes of diesel, poses a significant environmental risk to the Tuscan Archipelago National Park and surrounding areas, although no fuel spillage has occurred so far. Salvage operations are underway to extract the oil, with experts optimistic about preventing a spill, but concerns remain about the ship's stability and the potential ecological impact if an accident occurs. The incident has sparked discussions about the regulation of large vessels near protected marine areas in Italy.",19.64,3.64,14.29
uk-england-devon-55954470,"A total of 232 Devon and Cornwall Police jobs are being created next year, partially funded by a rise in the policing element of council tax.","The Devon and Cornwall Police and Crime Panel approved a budget that will add 181 officers, 22 contact centre staff, and 29 crime investigators over the next year, funded by a government contribution and a 6.7% rise in the police precept. The increase will result in an additional £14.92 charge for a band D property, with concerns raised about the significant rise in council tax contributions to policing over the past five years. Police and civilian staff will have their pay frozen in September following a previous increase.",27.59,17.54,25.86
business-55311470,Social media firm Pinterest has agreed to pay $22.5m (£16.9m) to settle claims of gender discrimination brought by its former chief operating officer.,"Francoise Brougher has reached a landmark settlement with Pinterest, the largest of its kind publicly announced, after alleging she was fired for advocating for equal pay and raising concerns about sexism. The company plans to donate $2.5 million of the settlement to organizations supporting women and minorities in tech, as part of its commitment to improving workplace culture amid ongoing criticism regarding discrimination. Brougher expressed hope that Pinterest will foster a more inclusive environment for all employees.",15.53,0.0,9.71
world-europe-17194175,Vladimir Putin has shrugged off a reported plot to assassinate him as campaigning in Russia's presidential vote enters its final days.,"Russian state television aired confessions from two men with Chechen ties who were arrested in Odessa, allegedly plotting against President Putin, prompting speculation that the timing was intended to bolster his image ahead of elections. Despite declining approval ratings and recent protests against alleged electoral fraud, Putin dismissed concerns about the plot, asserting it would not affect his schedule. Critics, including political opponents, have labeled the report as a politically motivated stunt.",14.89,0.0,6.38
uk-england-birmingham-44521180,A charity that supports Sikh communities across the UK is being investigated amid concerns about how it is being managed.,"The Charity Commission has initiated a formal inquiry into the Asthan Babe Ke Trust after concerns arose regarding its management and oversight, including allegations of conflicts of interest and poor financial controls. Inspectors have requested the trust to transfer £1.8 million in assets to the Official Custodian as a protective measure, but the trust has not complied, prompting further investigation into the trustees' ability to manage the charity effectively.",13.33,0.0,8.89
business-23602024,Texas wants to reclaim the mantle of space travel hub it won as the home of Nasa by taking advantage of the expanding private-sector spaceflight industry.,"Texas is positioning itself as a leader in the commercial spaceflight industry by securing a spaceport and attracting private companies like SpaceX, which is considering establishing a launch site on the Texas coast. With a strong workforce, business-friendly regulations, and existing operations, Texas aims to complement NASA's efforts in space exploration while making space travel more accessible and affordable for the public.",28.57,4.49,10.99
world-us-canada-49670129,A Chinese woman has been found guilty of trespassing at President Donald Trump's Mar-a-Lago club in Florida and of lying to a federal agent.,"Yujing Zhang, 33, was convicted for illegally entering Mar-a-Lago in March while carrying multiple electronic devices, including two Chinese passports. She faces up to six years in prison and maintained her innocence, claiming she intended to visit the pool and was unaware of a canceled event, despite evidence suggesting she lied to gain access to the property. The trial raised questions about her motives, but did not clarify why she was there, and her case has drawn little attention in China.",20.0,5.56,14.55
uk-wales-politics-44196315,"Men have to understand feminism to tackle gender inequality, First Minister Carwyn Jones has said.","The Welsh Government is conducting research to define what it means to be a ""feminist government,"" as announced by First Minister Mr. Jones, who aims to influence future policies beyond his term ending in December. He emphasized the need for broader societal change regarding gender equality, highlighting issues such as the intimidation of women and the underrepresentation of women in senior civil service roles, while advocating for shared parental leave and learning from international examples like Sweden.",13.04,2.22,10.87
uk-28509632,"Historical sexual abuse cases could be ""rebalanced"" to make it ""a little fairer"" for victims to give evidence, Alison Saunders has said.","The director of public prosecutions for England and Wales, Ms. Saunders, acknowledged concerns about the treatment of victims in the legal process but ruled out changes to the law, suggesting instead that guidance could be improved to better inform victims about what to expect during trials. This comes in the wake of an inquest into the death of violinist Frances Andrade, who died after testifying against her former teacher, highlighting the need for better support for vulnerable witnesses. The coroner has called for new rules to ensure such support is provided.",14.16,1.8,10.62
entertainment-arts-45206866,Cardi B is set to open this year's MTV Video Music Awards - her first live performance since becoming a mother.,"Cardi B announced her participation in the upcoming MTV VMAs, where she is nominated for 10 awards, including artist of the year and best new artist. She had previously withdrawn from supporting Bruno Mars on his tour after the birth of her daughter, citing the challenges of motherhood.",20.29,2.99,14.49
uk-england-oxfordshire-48940401,Cladding will be removed from a residential tower block in Oxford after it failed a fire safety test.,"The city council plans to spend £1 million to replace the high-pressure laminate (HPL) rain screen on Hockmore Tower, following safety concerns raised after the Grenfell Tower fire. While the council asserts that the building is safe due to its fire safety measures, including a sprinkler system, they aim to recoup replacement costs from the government. The decision comes after an HPL screen failed a fire safety test, prompting the government to mandate the removal of HPL rain screens combined with combustible insulation from tower blocks.",20.95,9.71,13.33
uk-england-38511224,"Six out of seven hospitals in Bristol, Bath, and Somerset are struggling to cope with emergency admissions.","Hospitals in Yeovil, Weston-super-Mare, Bath, and Bristol are currently under Opel 4 status due to unprecedented demand, leading to the postponement of routine operations. Health officials are advising the public to reserve A&E services for serious emergencies, while measures such as increasing staff and capacity in community healthcare are being implemented to manage the situation, primarily driven by a surge in admissions of frail and elderly patients.",22.99,4.71,18.39
uk-england-oxfordshire-17099036,An Oxfordshire cricket pavilion has been destroyed in a suspected arson attack.,"A fire at the Eynsham Cricket Club pavilion, completed in 2006 after five years of community fundraising, is being treated as arson by Thames Valley Police. Firefighters faced challenges due to gas cylinders inside the building, but no injuries were reported. Club chairman Sue Cook expressed the devastation felt by the community, noting that they had already received a pledge of £200 towards rebuilding efforts.",12.99,0.0,10.39
uk-england-berkshire-53093520,A man arrested over the death of a 48-year-old has been released by police who found no crime had been committed.,"Malcolm Callender, 48, died from blunt force trauma following an altercation near Matchbox nightclub in Reading in April 2019. An 18-year-old man was arrested on suspicion of murder, but police later determined that no unlawful incident occurred, downgrading the investigation to manslaughter and sending a file to the coroner, with no further action planned against anyone involved.",24.39,2.5,12.2
uk-scotland-edinburgh-east-fife-53946873,Hundreds of thousands of people descend on Edinburgh every August for the world's biggest arts festival.,"The Royal Mile in Edinburgh, typically bustling during the Fringe Festival, has seen significantly reduced foot traffic this year due to the festival's cancellation, with performers noting a crowd only about 20% of normal levels. While some street performers appreciate the smaller, more engaged audience, local businesses report a sharp decline in sales, longing for the vibrant atmosphere of previous festivals. Many visitors, however, express joy at discovering the city, indicating a desire to return for future festivals.",14.58,2.13,8.33
10281554,A giant dual-ringed public art installation has been unveiled on Teesside.,"The £2.7m Temenos sculpture, designed by artist Anish Kapoor and structural designer Cecil Balmond, has been completed near Middlesbrough's Transporter Bridge after four months of construction. Standing 164ft high and 360ft long, it is the first of five planned ""Tees Valley Giants,"" with additional artworks set for Stockton, Hartlepool, Darlington, and Redcar. The project was funded by various organizations, including One North East and Arts Council England.",9.88,2.53,4.94
business-22771881,"The gap between France and its European neighbours will widen unless the country introduces fresh economic reforms, the International Monetary Fund (IMF) has warned.","The IMF has urged France to reduce labor costs and halt tax increases to enhance economic growth and competitiveness, while forecasting a 0.2% contraction in GDP for this year, slightly worse than previous estimates. Despite acknowledging recent reforms aimed at reducing payroll taxes and easing employment laws, the IMF highlighted ongoing structural issues and predicted rising unemployment, currently at 11%, as the economic recovery in Europe remains sluggish.",19.35,2.2,15.05
uk-england-bristol-51495980,Congestion fees may be introduced either side of the Severn crossings after bridge tolls were scrapped.,"The West of England Combined Authority (WECA) is considering implementing charging measures to address increased congestion on the bridges after tolls were abolished in 2018, despite the UK government's denial of plans to reintroduce tolls. The authority's transport plan, which outlines infrastructure strategies until 2036, also includes proposals for new bus routes and junction improvements, but acknowledges that public transport enhancements may not sufficiently mitigate rising traffic levels.",18.6,2.38,11.63
uk-england-dorset-45816729,"A Catholic priest accused of sexually abusing a South African schoolboy in the 1980s should be extradited, campaigners have said.","William Segodisho accused Jesuit priest Father William MacCurtain of raping him at a Catholic homeless shelter when he was 13 years old in 1989, detailing the abuse during a Johannesburg press conference. Fr. MacCurtain, now 84 and living in a care home, expressed deep regret for his actions, while the Jesuit order in the UK issued an apology and confirmed that Mr. Segodisho received compensation. Activists are calling for MacCurtain's extradition to South Africa to face justice for the abuse.",21.78,4.04,13.86
world-australia-51731422,Perhaps the worst doomsday scenario is this: being stuck on the toilet and finding you're down to the last square.,"In Australia, panic buying of toilet paper has surged amid fears surrounding the coronavirus, despite authorities assuring the public that there is no shortage. Supermarkets have implemented purchase limits due to rapidly emptying shelves, and social media trends reflect the widespread anxiety, with reports of disputes and even thefts over toilet paper. Experts attribute this behavior to herd mentality and fear of missing out, as Australians seek a sense of control in uncertain times.",16.84,0.0,10.53
entertainment-arts-11056050,X Factor bosses have admitted using vocal enhancement processes on the ITV talent show.,"Fans of The X Factor expressed concerns over the use of auto-tuning in the show's opening episode, particularly regarding contestant Gamu Nhengu's performance. An X Factor spokesman clarified that post-production editing was necessary due to the number of microphones used, but assured that live shows would feature unaltered performances. The episode attracted 11.1 million viewers, an increase from the previous year's 9.9 million.",11.9,2.44,11.9
science-environment-36781197,"The Sun-powered aircraft Solar Impulse has finished its penultimate flight, landing in Egypt's capital, Cairo.","The Solar Impulse aircraft, designed to fly around the world without fuel, has completed its penultimate leg from Seville to Cairo, where it was greeted by Egyptian officials. Pilots Andre Borschberg and Bertrand Piccard are now preparing for the final leg back to Abu Dhabi, the starting point of their journey in March 2015, with Piccard set to complete the flight depending on weather conditions. The mission has faced various challenges, including busy air routes and military operations, but marks a significant milestone in their decade-long project.",19.05,3.88,15.24
world-us-canada-55631079,Three US lawmakers have tested positive for the coronavirus after sheltering for hours with colleagues during last week's deadly assault on the Capitol.,"House Democrats Bonnie Watson Coleman, Pramila Jayapal, and Brad Schneider have tested positive for COVID-19 after sheltering together during the Capitol riots, raising concerns about a potential super-spreader event among lawmakers. The incident highlighted ongoing issues with mask compliance among some Republican lawmakers, prompting calls for accountability and testing from congressional health officials. With the U.S. facing record COVID-19 infections and deaths, experts warn that the unmasked gathering could exacerbate the pandemic's impact on the political establishment.",28.3,11.54,20.75
uk-england-20709871,"A database has been launched containing the details of 20,000 railway workers who died in World War I.","The National Railway Museum in York has launched a comprehensive database detailing the names, ranks, and contributions of railway workers, including 4,500 references to photographs, to honor those who served in the wars. The project highlights the significant roles women played in the rail industry during wartime, as they filled positions left vacant by men, and it aims to celebrate their contributions through a permanent display and ongoing updates to the database. The museum's efforts reflect a broader historical shift in the industry, influenced by changing societal norms and legislation regarding women's employment.",20.87,1.77,15.65
uk-41971648,"When a British citizen is jailed overseas, as has happened with Iranian-British woman Nazanin Zaghari-Ratcliffe, they normally get basic consular help from the local embassy.","The UK government is considering asserting diplomatic protection for British citizen Nazanin Zaghari-Ratcliffe, which would elevate her case from a consular matter to a formal legal dispute with Iran. This move, while potentially allowing the UK to take legal action against Iran, represents a significant diplomatic escalation, though the immediate impact on Zaghari-Ratcliffe's situation remains uncertain.",25.58,7.14,16.28
uk-england-hampshire-53623147,"Drugs, money and weapons have been seized in early morning raids in Hampshire.","Four individuals were arrested during police raids in Yateley, Church Crookham, and Eversley, where officers seized a handgun, crossbows, knives, air rifles, cannabis, and cash. The suspects, including two men from Yateley, a man from Church Crookham, and a woman from Cardiff, were detained on suspicion of firearms offences and possession of cannabis with intent to supply, and have since been released pending further inquiries.",15.38,2.63,7.69
uk-wales-south-east-wales-22518667,"A Cardiff theatre was asked to explain by the Arts Council of Wales why there was no plan to tackle an £800,000 overspend, it has emerged.","Sherman Cymru in Cardiff faced financial challenges following a £5.4 million redevelopment, which went £800,000 over budget and resulted in concerns from the Arts Council of Wales (ACW) about its cash flow and ticket sales. Despite these issues, the theatre received a £500,000 donation to attract more audiences and reported improvements in its financial situation, with plans to recover its visitor base. Director Chris Ricketts announced his intention to step down this summer, expressing optimism about the theatre's future.",23.64,11.11,14.55
sinhala.110114_mahinda_police,"The Sri Lankan President, Mahinda Rajapaksa, says he is ready to ""go beyond"" the 13 amendment to the constitution as a political solution to the national question.","President Rajapaksa has stated he will not devolve police powers to regional governments, citing challenges faced by India's central government due to similar measures. He emphasized his refusal to entertain demands for a separate Tamil state, while also indicating that he has tasked Minister Douglas Devananda with negotiating proposals from Tamil parties regarding the national question. Despite the recommendations from the All Party Representative Committee, Rajapaksa has rejected them ahead of the presidential elections.",25.49,4.0,17.65
uk-england-dorset-17776425,Councillors have approved plans for the next phase of the £100m redevelopment of a Dorset town centre.,"West Dorset District Council has approved phase 2b of the Brewery Square development in Dorchester, which will create a cultural quarter featuring a hotel, shops, restaurants, a theatre, a fountain, and an ice rink. The plans include converting the historic 130-year-old brewery building into a 52-bedroom hotel and 17 apartments, along with additional homes and shops. Phase one is complete, having established a health center and redeveloped the Eldridge Pope building, while phase two, including a new cinema, is set for completion in October.",21.15,1.96,11.54
uk-england-34964253,"A major road and rail tunnel through the Peak District could be the longest tunnel in Europe, a report says.","A feasibility study by Highways England has indicated that a proposed tunnel under the Peak District to connect Sheffield and Manchester is technically viable, potentially reducing travel times by up to 30 minutes and mitigating weather-related delays. The project, estimated to cost £6 billion, would involve constructing one of Europe's longest road tunnels, with further detailed analysis expected by autumn 2016. However, funding sources for the project have not yet been identified, and the report emphasizes the need for additional studies to assess the operational and economic implications.",23.64,3.7,16.36
uk-england-sussex-16665874,A third male pedestrian has died after being hit by a car on a stretch of the A27 in West Sussex.,"A man was killed while crossing the A27 near Chichester at 17:35 GMT on Friday, marking the third fatal accident at the same location since December, when two homeless men died. Sussex Police are working to identify the victim and have appealed for witnesses, while the charity Stonepillow, which runs a nearby hostel, is advocating for improved lighting and warning signs on the road to enhance safety for pedestrians.",19.78,2.25,13.19
world-europe-jersey-17486408,Jersey is the highest rated offshore international finance centre in the Global Financial Centres Index (GFCI).,"Jersey has maintained its 21st position in the latest rankings of offshore jurisdictions, outperforming Guernsey and the Isle of Man. It ranks eighth in private banking and wealth management, ahead of major cities like Vancouver and Tokyo, and is the only offshore jurisdiction in the top 20 for reputation, reflecting an overall improvement in the reputation of offshore centers.",16.0,5.48,16.0
uk-politics-17936005,The body in charge of setting MPs' salaries and pensions has launched a public consultation on whether MPs are giving taxpayers value for money.,"Sir Ian Kennedy, chair of the Independent Parliamentary Standards Authority (Ipsa), announced that for the first time, MPs' pay and pensions will be determined independently of Parliament or government, marking a significant shift from past practices. Ipsa aims to gather informed public opinions on MPs' remuneration while acknowledging the complexities of defining the role and responsibilities of MPs.",24.39,2.5,19.51
uk-england-nottinghamshire-43462123,"A child sex offender who had been confronted by self-styled ""paedophile hunters"" died in prison while awaiting sentence, an inquest has heard.","Ricky Slade, 30, was found hanged in his cell at HMP Nottingham in February 2017, shortly before his sentencing for attempting to incite sexual activity with minors. He had been confronted and arrested by the group The Hunted One after posing online as a young girl, and was classified as a vulnerable prisoner due to the nature of his offenses. The inquest into his death revealed he appeared deeply upset following his arrest and was struggling to understand the implications of his actions.",16.98,3.85,11.32
uk-england-hampshire-27926021,"A hunt is under way to find anyone with information or photographs of a World War One nurse who received a mention in dispatches, signed by Churchill.","Nursing Sister Matilda Sutton served on hospital barges in France during World War I, treating wounded soldiers and earning recognition for her service, including medals and a commendation from Winston Churchill. English Heritage is seeking more information and a photograph of her to celebrate her contributions in an upcoming exhibition at Fort Brockhurst, as few sets of nursing medals from that era remain.",26.67,4.55,13.33
uk-england-berkshire-47141888,The Ministry of Justice has launched an investigation after convicted paedophile Rolf Harris entered the grounds of a Berkshire primary school.,"The head teacher of a school asked former TV star Rolf Harris to leave the premises after he was seen speaking with a local sculptor, though no students were in contact with him. The Ministry of Justice is reviewing the incident, as Harris, a convicted sex offender, is subject to strict licence conditions following his release from prison. Thames Valley Police confirmed that no offences were committed during the incident.",26.37,11.24,15.38
world-asia-china-29655466,"The former deputy chief engineer of China's disbanded railways ministry has been given a suspended death sentence for corruption, state media report.","Zhang Shuguang was convicted in Beijing for accepting over 47 million yuan in bribes over 11 years while facilitating rail contracts, and received a death sentence suspended for two years. His deputy, Su Shunhu, was sentenced to life imprisonment for taking more than 24 million yuan in bribes. This case is part of a broader anti-corruption campaign initiated by China's leader Xi Jinping, following a series of scandals in the railways ministry.",26.8,6.32,12.37
uk-england-merseyside-54668166,A section of the UK's most-visited zoo damaged by fire two years ago has reopened.,"A fire caused by an electrical fault in December 2018 damaged the Monsoon Forest at Chester Zoo, resulting in the death of some animals and extensive repairs. The zoo raised over £220,000 for restoration, which included replanting over 2,600 new plants and trees, and now features 33 animal species in a climate-controlled environment. The revamped area aims to replicate the Southeast Asian rainforest, enhancing the zoo's appeal to visitors.",17.78,0.0,8.89
uk-scotland-edinburgh-east-fife-15288169,"A five-month-old baby has been taken to hospital after a fire broke out in a bedroom of a house in Edinburgh, caused by a faulty electric blanket.",A baby boy was hospitalized for smoke inhalation after a faulty electric blanket ignited a bed in a house fire in Edinburgh. Fire crews emphasized the importance of annually checking electric blankets and advised against folding them during storage to prevent damage. The Lothian and Borders Fire and Rescue Service is conducting electric blanket testing to reduce similar incidents.,38.64,16.28,27.27
world-asia-india-54232634,Bollywood star Deepika Padukone has been questioned by India's narcotics board in an investigation linked to the death of actor Sushant Singh Rajput.,"Deepika Padukone was questioned by the Narcotics Control Bureau (NCB) as part of an investigation into drug use in Bollywood, following the death of actor Sushant Singh Rajput. The case has drawn significant media attention, particularly surrounding allegations against Rajput's girlfriend, Rhea Chakraborty, who was arrested for allegedly procuring drugs for him. While no wrongdoing has been officially attributed to Padukone or other actresses questioned, the investigation has sparked widespread speculation and criticism of media coverage.",39.6,20.2,27.72
uk-england-dorset-54903548,"An innocent motorist said he was left feeling ""shaken up"" after a police officer threatened to smash his window and give him ""a ticket for something"".","A Bournemouth police officer stopped a driver over a suspected discrepancy in his car's color, leading to a confrontation where the officer brandished a baton and arrested the motorist on suspicion of driving without a license and insurance. The driver, feeling the officer was aggressive and abusive, plans to pursue a private prosecution, while Dorset Police stated the officer's actions would undergo management review after receiving mixed feedback on the incident.",22.22,2.06,12.12
uk-england-devon-56366575,"Nine residents have died following a ""devastating"" outbreak of coronavirus at a care home.","Nine residents at Brandon House, a dementia care home in Exmouth, Devon, have died from Covid-19, with two others in serious condition, after the facility had been free of the virus for 11 months. Despite receiving their first vaccine dose in January, the outbreak highlights the ongoing risks of Covid-19, prompting Public Health Devon to emphasize the importance of vigilance and safety measures in care settings.",24.39,7.5,17.07
business-52134141,"Pets at Home says it is seeing ""exceptional levels of demand"" amid the coronavirus outbreak.","Pets at Home reported higher-than-expected annual profits due to increased demand for pet products and healthcare during the pandemic, as pet shops and vets are classified as essential retailers. However, the company warned of an uncertain outlook for the upcoming year, suggesting that the surge in demand may be temporary. The firm has shifted staff to essential functions and is prioritizing health and safety while offering discounts to NHS workers but has not raised pay for its employees.",14.74,4.3,12.63
uk-wales-politics-35586805,"When Leanne Wood first walked through the gates of her old school, a career in politics was not part of the plan.","Plaid Cymru leader, Ms. Wood, returned to her former school to inspire sixth formers about her political aspirations ahead of the May assembly election, emphasizing the need to ""shake up the political system"" in the traditionally Labour stronghold of Rhondda. While acknowledging that current polling shows Labour leading, she aims to enhance Plaid's grassroots communication and focus on key issues like health, education, and the economy to resonate with voters. As the first female leader of Plaid and not from a Welsh-speaking background, she seeks to challenge misconceptions about the party and become its first First Minister.",19.83,1.68,9.92
uk-wales-27311049,"Avoidable deaths linked to drink and drugs continue to be higher in Wales than in England, according to new data.","From 2001 to 2012, Wales consistently recorded higher rates of avoidable deaths compared to England, with 7,486 such deaths in 2012, translating to 193.5 per 100,000 residents. The data indicates that men are disproportionately affected, with a rate of 240 per 100,000 compared to 148.9 for women, and highlights issues of complacency in managing preventable health conditions like asthma.",28.57,2.44,14.29
uk-44233544,Charities are calling for greater oversight of social media live streaming after reports children are being groomed through it.,"Research by the Internet Watch Foundation revealed that 98% of victims in live-streamed child sex abuse cases were aged 13 or younger, with many children under the minimum age of 13 accessing these platforms. Barnardo's emphasized the need for urgent action and better age verification measures from tech companies, as a significant percentage of children reported using live streaming sites despite age restrictions. Chief executives and law enforcement officials have called for stronger protections and parental guidance to ensure children's safety online.",13.46,3.92,9.62
world-asia-india-24530198,British photojournalist Hazel Thompson has spent the last decade documenting the lives of girls trafficked into India's thriving sex industry. She spoke to Atish Patel about her experiences.,"Guddi, an 11-year-old girl from West Bengal, was trafficked to Mumbai under the false promise of a job, only to end up in the city's notorious Kamathipura red light district as a sex worker. Her story reflects the plight of many women in the area, where systemic exploitation continues despite India's economic growth, and highlights the urgent need for legal reforms to combat trafficking and protect vulnerable individuals. Photographer Ms. Thompson's new ebook, ""Taken,"" documents these harrowing experiences and advocates for the criminalization of sex purchase to reduce demand and trafficking.",20.8,1.63,11.2
uk-england-56661210,Ten projects have been launched to help restore wild landscapes across England and Wales.,"The Wildlife Trusts are launching the ""30 By 30"" campaign, aiming to designate 30% of UK land and sea for nature by 2030 to combat species extinction. Key projects include transforming a golf course into wildflower meadows, expanding nature reserves, and creating habitats for endangered species like the marsh fritillary butterfly and northern pool frog. Supported by Sir David Attenborough, the initiative has raised nearly £8 million to restore and rewild various areas across the UK.",13.33,0.0,8.89
uk-scotland-glasgow-west-43202496,The Care Inspectorate has applied to a court to close down a care home in East Renfrewshire in order to protect the health and safety of residents.,"The Care Inspectorate has applied to Hamilton Sheriff Court to shut down Greenlaw Grove Care Home in Newton Mearns due to ""unacceptable quality of care, leadership, staffing, and environment,"" following an improvement notice issued last year. East Renfrewshire Council has canceled its care contract with the home, citing ongoing concerns despite increased monitoring and support efforts. The care home has expressed regret over the situation and is working on improvements while assisting families in relocating residents.",38.83,17.82,33.01
world-asia-pacific-11323891,"Authorities in New Zealand have lifted a state of emergency in Christchurch, almost two weeks after a powerful earthquake devastated the city.","Rebuilding efforts in Christchurch will persist as officials address ongoing challenges following the 7.1 magnitude earthquake on September 4, which caused an estimated NZ$4 billion in damages and affected around 100,000 houses. Despite the lifting of the state of emergency, police will maintain a strong presence to reassure residents, as aftershocks continue to be felt in the region. Mayor Bob Parker emphasized the importance of focusing on the difficulties faced by the community during the recovery process.",19.61,6.0,13.73
uk-england-shropshire-48873751,Police have written to the family of a child sexual exploitation (CSE) victim warning its safety could be at serious risk.,"West Mercia police issued an Osman warning to a family in Telford, advising them to enhance their security due to concerns about potential threats linked to a previous police matter. While the police cannot provide daily protection, they recommend measures such as burglar alarms and CCTV, and suggest the family may consider relocating. The warning comes amid an ongoing inquiry into child sexual exploitation in Telford, with claims of significant abuse by grooming gangs.",21.05,6.45,14.74
world-latin-america-16129630,Panama's ex-leader Manuel Noriega has been extradited back to his home country from France and taken straight to a prison.,"Manuel Noriega, the former de facto leader of Panama, returned to Panama City after being extradited from France, where he was convicted of money laundering. The 77-year-old faces multiple 20-year sentences for crimes committed during his rule in the 1980s, including murder and corruption, but may be eligible for home confinement due to his age. Upon arrival, he was taken to El Renacer jail, with the government prioritizing his safety.",27.37,6.45,16.84
world-europe-isle-of-man-49103666,"Delays to the reopening of the Isle of Man's main swimming pool has led to a fall in participation in the sport, the island's national coach has said.","Lee Holland reported a significant 20% decline in participation in swimming activities on the island, attributed to delays in the £4.2 million renovation of the National Sports Centre's competition-standard pool. Despite recent success at the Island Games, the prolonged closure has caused stress on training programs, with concerns that young talent may be missing critical opportunities. The main pool is now expected to reopen in mid-August, while the leisure pool will remain closed.",39.25,9.52,18.69
uk-england-tees-40985714,"A fire service has said it will no longer ""waste time"" attending automatic alarms at businesses during opening hours.","Cleveland Fire Brigade reported that out of nearly 600 alarm calls in one year, only 12 were actual fires, prompting a new policy effective October 2 that requires businesses to confirm a fire via a 999 call before crews respond to automatic alarms. This change aims to reduce unnecessary call-outs and allow crews to focus on real emergencies, while still responding to high-risk properties and residential alarms.",11.36,4.65,9.09
uk-wales-38611820,"The NHS in Wales has already faced ""exceptional"" challenges this winter, the head of the organisation has said.","Wales is experiencing significant winter pressures on its healthcare system, with A&E waiting times rising sharply; over 2,400 patients waited more than 12 hours in December, a two-thirds increase from the previous year. The proportion of patients aged over 85 in some A&Es has nearly doubled to 20%, highlighting the challenges faced by hospitals and the Welsh Ambulance Service amid ongoing capacity issues and funding cuts. Despite these difficulties, NHS Wales has implemented measures to improve resilience, including the addition of 400 temporary beds.",22.64,1.92,11.32
uk-scotland-tayside-central-32160257,A man has admitted murdering a 23-year-old woman in his Falkirk home before raping two others.,"Steven Mathieson pleaded guilty to the murder of escort Luciana Maurer, whom he stabbed 44 times, and to the rape of two other escorts he abducted afterward. The attacks occurred on December 4 while his partner was out and their young son was asleep nearby; Mathieson later called emergency services to confess. He is set to be sentenced on May 7 at the High Court in Livingston.",14.12,2.41,9.41
technology-47553656,An e-commerce company based in Nigeria is to become the first African start-up to be listed on the New York Stock Exchange.,"Jumia, an online retailer founded in Lagos in 2012, is poised to go public next month, potentially valued at $1.5 billion despite reporting a loss of €170 million in 2018. The company, which offers a variety of services including food delivery and travel bookings, faces significant challenges such as infrastructure issues and competition from giants like Amazon and Alibaba, but its acceptance of mobile money payments remains a key advantage in the African market. Experts view Jumia's IPO as a significant milestone for the African tech industry, highlighting the potential for growth in the region.",13.22,0.0,11.57
uk-england-sussex-53155107,Three Afghan refugees are taking legal action against the Home Office claiming conditions at an immigration centre were unlawful.,"Three men detained at Brook House immigration removal center claim that the facility's ""lock-in regime,"" which confines detainees to their rooms for 11 hours overnight, violates their rights to liberty, privacy, and religious freedom. The High Court is hearing their case, which argues that the Home Office has failed to set adequate standards for detainee treatment. The Home Office contends that while Brook House operates under a secure environment, it does not equate to prison incarceration.",14.43,4.21,8.25
uk-england-york-north-yorkshire-26445655,Students could patrol York city centre in a Street Angels-style initiative aimed at preventing tragedies such as the death of Megan Roberts.,"The University of York students' union is proposing a student-led volunteering scheme similar to the Street Angels initiative to enhance safety in the city at night, following the discovery of a student's body in the River Ouse and ongoing searches for another missing student. The scheme aims to reduce vulnerabilities among students, lower drug and alcohol-related hospital admissions, and ease pressure on emergency services, with an estimated setup cost of £2,240. Police continue to search for 22-year-old Ben Clarkson, who was last seen near a nightclub, while also investigating the circumstances surrounding the death of 20-year-old Miss Roberts, believed to have fallen into the river while intoxicated.",20.29,4.41,14.49
uk-scotland-glasgow-west-45269964,A stand-up comedian had her doctors in stitches as they performed life-saving brain surgery.,"Sarah-May Philo, a 34-year-old comic and special needs teacher from Glasgow, entertained surgical staff with jokes and singing during a nine-hour awake brain surgery to remove a tumor she had lived with symptom-free for over 15 years. The operation, which involved removing a tumor the size of a tennis ball, allowed the medical team to monitor her brain function, and Philo found the experience fascinating, stating it was the best part of her treatment. Now recovering and back at work, she plans to incorporate her unique surgical experience into her comedy.",8.93,1.82,7.14
entertainment-arts-24753319,Singer-songwriter James Blake has won the Mercury Prize for the album Overgrown.,"North London musician James Blake gained recognition with his 2010 EP CMYK and his cover of Feist's ""Limit To Your Love,"" which remains his only top 40 hit. His album ""Overgrown,"" inspired by a transatlantic relationship, received critical acclaim and won the Mercury Prize, with Blake expressing gratitude for his parents' support and reflecting on the evolving music industry and the significance of albums.",25.64,13.16,23.08
uk-wales-36600175,"Hundreds of service personnel, cadets and veterans are taking part in Armed Forces Day celebrations across Wales.","A series of military-themed celebrations are taking place across South Wales, including a parade in Caerphilly and flag-raising ceremonies in Swansea and Beddau. Earlier events included flag displays from council offices and a large turnout for an Armed Forces Day event in Ferndale.",35.48,10.0,22.58
world-europe-18601209,"It seems unlikely but Berlin, the very city where the genocide of the Roma (Gypsy) peoples was planned 70 years ago, has become the city where they now find refuge.","In Neukölln, Berlin, a Catholic charity is renovating a complex of dilapidated apartments to provide comfortable homes for over 100 Roma families from a poor village in Romania, aiming to foster integration and combat discrimination. The project, led by Benjamin Marx, seeks to challenge negative stereotypes and promote acceptance, while highlighting the ongoing struggles faced by Roma communities in Europe. Despite concerns about concentrating marginalized groups, advocates believe this initiative represents a hopeful step towards inclusivity and respect for minority rights.",8.93,0.0,7.14
technology-46648160,Police say they are still searching for those responsible for the unprecedented disruption at Gatwick Airport.,"Police are investigating the disappearance of drones that were flown over an airfield, which poses a criminal risk to aircraft safety. They are exploring methods to track the drone operator, including analyzing radio signals and reviewing CCTV footage, but the lack of captured drones and the operator's potential flight complicate the investigation. Experts suggest that identifying the operator may be challenging, especially if they were controlling the drones remotely over the internet.",8.99,2.3,8.99
world-europe-isle-of-man-45559879,"The Isle of Man will not change its stance on housing Syrian refugees despite a politician's call for island to ""step up on the world stage.""","Chief Minister Howard Quayle confirmed that the Isle of Man will not accept Syrian refugees for resettlement but will continue to provide humanitarian aid, having pledged £1.5 million since the conflict began. Garff MHK Daphne Caine expressed disappointment over the decision, emphasizing the island's wealth and urging it to take in refugees like other communities. Quayle stated that the island lacks the legal authority and mechanisms to unilaterally accept refugees and will focus on supporting them through aid instead.",25.93,11.32,22.22
uk-scotland-27178297,Pregnant women have been urged to take up the offer of the flu vaccine after figures showed less than half of mothers-to-be in Scotland were immunised last winter.,"Only 48% of expectant mothers in Scotland received the flu vaccine last year, a decrease from 53% the previous year, with just 65% of at-risk pregnant women vaccinated in 2013/14. Public Health Minister Michael Matheson emphasized the vaccine's safety and effectiveness, urging all pregnant women to get vaccinated to protect both themselves and their babies. The flu vaccine is available for free to various high-risk groups, including pregnant women.",29.13,7.92,15.53
world-us-canada-43672190,"The US has imposed sanctions on seven Russian oligarchs and 17 senior government officials, accusing them of ""malign activity around the globe"".","The U.S. Treasury has imposed sanctions on twelve companies and individuals linked to the Russian oligarchs, the state arms exporter, and a bank, in response to Russia's alleged interference in the 2016 presidential election and its actions in Crimea, eastern Ukraine, and Syria. Treasury Secretary Steven Mnuchin stated that the penalties target those benefiting from the ""corrupt system"" of the Putin regime, marking the Trump administration's most aggressive action against Russia to date. In retaliation, Russia has vowed to respond strongly to the sanctions, which it claims negatively impact its relations with the U.S.",16.67,6.78,16.67
technology-26833863,"The email addresses of LinkedIn users can easily be exposed via a web browser add-on tool, it has been revealed.","Sell Hack, a Chrome extension that allowed users to find email addresses on LinkedIn profiles, has been disabled following a cease-and-desist letter from LinkedIn, which is pursuing legal action against the tool for violating its terms of service. LinkedIn has advised users to uninstall the extension and be cautious with third-party apps that may compromise their private information. Sell Hack stated it is working on a new product that complies with LinkedIn's policies.",26.53,4.17,14.29
uk-politics-55035018,"A freeze on public sector workers' pay would damage the country's economic recovery, the shadow chancellor will warn in a speech on Monday.","Chancellor Rishi Sunak is under pressure to manage public finances after significant borrowing during the Covid pandemic, with discussions around a potential public sector pay freeze to save up to £23bn. Critics, including Labour's Ms Dodds and TUC's Frances O'Grady, argue that freezing pay for essential workers could harm the economy by reducing consumer spending. Sunak has stated he will address public pay in the context of the overall economic climate during the upcoming government spending review.",25.0,1.96,15.38
uk-england-suffolk-37218596,A rural dean and rector has been suspended from his duties after he was arrested on suspicion of voyeurism.,"Very Rev Martin Thrower, Rector of Hadleigh, Layham, and Shelley, was arrested by Suffolk Police on August 4 and has been suspended from his duties by the Diocese of St Edmundsbury and Ipswich pending an ongoing investigation. His wife expressed the family's support for him during this difficult time, while the diocese has arranged for his church responsibilities to be managed in his absence.",28.57,14.63,19.05
uk-wales-south-west-wales-14721877,"A wildlife trust has launched a £250,000 appeal to buy a lighthouse and cliff face on one of the UK's most spectacular havens for sea birds.","The Wildlife Trust of South and West Wales aims to purchase the lighthouse and surrounding land on Skokholm Island, which is currently for sale by Trinity House, to convert it into visitor accommodation and protect local wildlife, including colonies of Manx shearwaters and storm petrels. The trust has until the end of the year to raise funds to prevent the lighthouse from being sold on the open market, and they also plan to reinstate the island's status as a bird observatory to enhance bird monitoring efforts.",22.61,7.08,17.39
blogs-china-blog-39263795,"China has been trying and failing for years to get its people, especially its young people, to care about its political system. Could it now be close to working out how to do just this?","China's National People's Congress (NPC) is employing innovative propaganda strategies to engage younger audiences, utilizing music videos, rap songs, and interactive social media campaigns. While some young people are responding positively to these efforts, others remain skeptical about the authenticity of the engagement and the true nature of the congress. The government's shift from traditional propaganda to digital platforms reflects a desire to connect with the public and stimulate discussions around political issues.",19.82,1.83,14.41
technology-28569342,A study of some of the most popular app-controlled devices for the home suggests the majority of the products tested were vulnerable to hackers.,"HP's Fortify security division found that most of the 10 internet-connected devices it reviewed lacked strong password requirements and encryption for data transmission, raising significant security and privacy concerns. Many devices allowed simple passwords and failed to encrypt communications, making them vulnerable to hacking and potential misuse of personal information. Experts emphasized the need for manufacturers to improve security measures to maintain consumer trust in the growing Internet of Things sector.",22.45,4.17,14.29
uk-26492684,"Not paying the TV licence fee could become a civil offence, rather than a criminal one, under plans being considered by ministers.","Culture Secretary Maria Miller has proposed that the decriminalization of the TV licence fee be considered during the BBC's charter review before 2017, citing the burden on the criminal justice system. The BBC warns that changing the law could increase non-payment rates, while some MPs advocate for treating non-payment as a civil matter, similar to parking fines, to alleviate pressure on courts.",22.99,11.76,16.09
uk-scotland-north-east-orkney-shetland-53698118,"An Aberdeen graduate says she is ""heartbroken"" after losing a second job since the coronavirus pandemic began.","Kate Smith, a recent tourism management graduate from Robert Gordon University, faced job instability after being made redundant from her ""dream job"" in March, and subsequently losing a new sales position on the first day of Aberdeen's local lockdown. Despite the challenges, including a rise in Covid-19 cases in the area, she remains determined to pursue a career in the travel industry, although she acknowledges it may take time for the sector to recover.",17.2,2.2,10.75
uk-scotland-scotland-business-20666656,"Some optimism is ""creeping back"" into the housing market in Scotland, surveyors have suggested.","A survey by the Royal Institution of Chartered Surveyors (Rics) revealed an increase in buyer interest and a rise in the number of homes for sale in November, although house prices continued to decline modestly. Northern Ireland and Wales saw the largest price drops, while London experienced a price increase. Despite some optimism in the market, particularly in Scotland, ongoing barriers to home ownership and macroeconomic challenges persist.",19.51,5.0,14.63
uk-england-shropshire-54614482,"The family of a man who was shot dead at a Telford business park have described him as a ""smiley, charismatic young man"".","Twenty-year-old Tamba Momodou was fatally shot in a car park at the Bridges Business Park in Horsehay, leading to the arrest of six individuals on suspicion of his murder, who have since been released on bail. His family is urging public cooperation with the police investigation, which includes the seizure of vehicles believed to be connected to the incident.",26.19,2.44,14.29
uk-england-nottinghamshire-54614342,"Nottingham is still buzzing from the arrival of a new Banksy artwork on the wall of a beauty salon - but a week on since he claimed it, what is next for the piece?","A new Banksy mural in Nottingham has attracted significant public interest, with many visiting to take photos, but it has already faced vandalism. The local council has installed a Perspex screen for protection, while discussions about the mural's long-term preservation and ownership continue, as the building owner has not publicly shared future plans.",25.0,4.65,15.91
newsbeat-17563709,"The Wanted will be performing on US talent show American Idol in April, it's been announced.","The Wanted, a UK boy band, is currently touring in the US and has achieved significant success with their track ""Glad You Came,"" which reached number five on the US charts after being featured on Glee. The song has sold over 300,000 copies and made The Wanted the first UK boy band to enter the top three on the American iTunes chart.",17.5,2.56,12.5
uk-england-merseyside-17694972,Developers of an artwork celebrating the 2012 Olympic Games in Wirral cannot guarantee it will be ready for the torch relay passing through the region.,"A £500,000 public art installation called ""Column,"" designed by artist Anthony McCall, is planned to rise over the Wirral estuary as part of the Cultural Olympiad, but it is currently awaiting planning permission due to aviation safety concerns from the Civil Aviation Authority. Developers are optimistic that approval will be granted soon, allowing the installation to launch in time for the London 2012 Cultural Festival.",26.37,4.49,15.38
uk-45050693,"The new head of the armed forces says he will not allow British soldiers to be ""chased"" by people making ""vexatious claims"" about their conduct during the Troubles in Northern Ireland.","Chief of the Defence Staff Gen Sir Nick Carter stated that while genuine wrongdoing by serving and former military personnel should be investigated, he will not tolerate groundless claims. His comments come amid a government consultation on the legacy of the Troubles, which includes the establishment of a Historical Investigations Unit to examine allegations against former soldiers, and he emphasized the need for proper funding for the military in light of increasing global threats.",26.67,7.77,17.14
world-asia-pacific-11062708,"A massive traffic jam in China has slowed vehicles to a crawl for nine days near Beijing, local media say.","A 100km traffic jam involving mostly lorries heading to Beijing was caused by heavy traffic, road works, and vehicle breakdowns, leading to complaints from drivers about inflated food prices from locals. Although the situation has reportedly returned to normal, road repairs, necessary due to increased cargo traffic, are expected to continue until mid-September on the heavily used Beijing-Tibet expressway.",19.75,2.53,14.81
business-11989163,British Airways is to increase its fuel surcharge on long-haul flights for the first time in more than two years.,"British Airways will increase its fuel surcharge by £10 per journey sector starting Thursday, raising the total surcharge to between £63 and £108 depending on flight length and class. This change, affecting only long-haul flights, is attributed to a significant rise in oil prices, which have increased by 17.6% over the past year. The International Air Transport Association has warned that higher fuel costs will pose a major challenge for airlines in 2011.",33.33,12.77,25.0
uk-politics-48344485,The veteran Conservative politician Lord Heseltine has had the whip removed after saying he will vote for the Lib Dems in Thursday's European elections.,"Former Deputy Prime Minister Lord Heseltine has had the Conservative whip suspended after announcing his support for the Liberal Democrats due to his opposition to the party's pro-Brexit stance. He stated that he is following his conscience and remains a Conservative at heart, despite facing backlash from party members who believe he violated internal rules by endorsing another party. The suspension means he will sit as an independent in Parliament until the whip is restored, contingent on his future support for Conservative candidates.",27.27,12.96,18.18
uk-england-suffolk-47170726,"A rural higher education college, given two consecutive inadequate ratings by inspectors, still has ""too much poor teaching"", a report said.","Easton & Otley College is facing a second intervention from the Further Education Commissioner due to inadequate student outcomes and insufficient accountability from its governors. The college plans a full structural review and acknowledges the need for immediate improvements in attendance, student progress tracking, and teaching quality. Despite the challenges, college leadership claims to have seen positive changes in recent months and aims to enhance its educational standards.",13.64,0.0,9.09
entertainment-arts-32989069,"This year's London Film Festival will open with the period drama Suffragette, it has been announced.","The film ""Suffragette,"" starring Carey Mulligan, Helena Bonham Carter, and Meryl Streep, depicts the struggle of British women for voting rights in the early 20th century, focusing on the character Maud. It will premiere simultaneously in UK cinemas on October 7 and is directed by Sarah Gavron with a screenplay by Abi Morgan. BFI London Film Festival Director Clare Stewart praised the film as essential viewing, highlighting its significance in portraying the early feminist movement.",17.39,4.44,8.7
uk-scotland-edinburgh-east-fife-32502490,Edinburgh Airport has unveiled details of a five-month trial of a new flight path for departing aircraft in a bid to increase capacity.,"The Airspace Trial at Edinburgh Airport, starting on June 25, will introduce a new Standard Instrument Departure (SID) route, allowing aircraft to take off at one-minute intervals while maintaining safety and punctuality. The new route, Tutur, will primarily fly over the River Forth, minimizing impact on populated areas, and aims to modernize air traffic management that has been in place since the 1970s. Local authorities are also advocating for a broader review of travel capacity, particularly regarding domestic flights.",26.92,3.92,15.38
uk-wales-48964092,Struggling parts of Wales which do not currently get top-level EU grants could get more money after Brexit.,"Former minister Guto Bebb advocates for the inclusion of deprived areas, such as Powys, in the upcoming UK Shared Prosperity Fund, which may revise the current funding map that prioritizes west Wales and the Valleys. Critics argue that the existing boundaries, based on outdated data, overlook poverty in rural regions, while government officials emphasize the need for funding to focus on areas with the greatest economic need. The Mid Wales Growth Deal aims to address these disparities with proposals for infrastructure improvements and job creation.",7.69,0.0,5.77
uk-england-beds-bucks-herts-44578733,The younger brother of a nightclub acid attacker has admitted to possessing a CS gas canister and a stun gun.,"Thomas Collins, 22, pleaded guilty to possessing a prohibited weapon and cannabis, while his parents, Arthur Collins Snr and Jackie Collins, denied charges of allowing their £1m home in Hertfordshire to be used for cannabis cultivation. The charges arose during a police search for Thomas's brother, Arthur Collins Jnr, who was later sentenced to 20 years for throwing acid in a London nightclub, injuring 22 people. Thomas Collins will be sentenced after his parents' trial in October.",22.45,4.17,10.2
uk-england-suffolk-15204894,Millionaires from the world of international horse racing have descended on Newmarket for the October Yearling Sale.,"The Tattersalls auction in Newmarket reported a successful first day, with 120 thoroughbreds sold for a total of 18,148,000 guineas, marking a 22% increase from the previous year. The event boosts local businesses, as hotels and restaurants see increased trade from visitors associated with the horse racing industry, which remains vital to the town's economy. Tattersalls, a historic auction house, continues to play a crucial role in the thoroughbred racing community.",17.58,4.49,10.99
uk-england-tees-35937790,"A girl accused of beating a woman to death in her home was ""given an alibi by her mobile phone"", a court heard.","Two girls, aged 15, are on trial for the murder of Angela Wrightson, who was found with over 100 injuries in December 2014. The older girl has admitted to manslaughter, while both deny the murder charge, with arguments presented regarding their mental states and behaviors during the attack, including the younger girl using her phone throughout the incident. The prosecution claims the girls' volatile nature led to the fatal confrontation, while defense attorneys argue that neither intended to cause violence.",13.59,0.0,9.71
uk-northern-ireland-56233235,"Police have broken up a crowd of about 250 people who had gathered for an ""organised fight"" in County Tyrone.","A large gathering at a disused yard on Battleford Road near Benburb on Sunday morning was deemed a breach of Covid-19 lockdown regulations, causing concern and disruption for local residents. Police engaged with the crowd, which eventually dispersed, and an investigation is underway to review evidence and report any violations to the Public Prosecution Service.",18.42,0.0,10.53
uk-wales-north-east-wales-17516575,"Illegal cockling on the Dee estuary is on the rise, according to a report by Environment Agency Wales (EAW) which says legitimate harvesting netted £2.5m worth this season.","The Environment Agency reported 12 prosecutions for illegal cockling and suspended 15 licenses in the past year, coinciding with a record harvest of 1,250 tonnes of cockles from the Dee estuary, contributing approximately £2.5 million to the local economy. The rise in illegal harvesting, driven by high market prices, poses risks to licensed cocklers and public safety, prompting the agency to enhance enforcement measures. The successful season is attributed to good quality cockles and a daily quota system that allows smaller cockles to mature.",29.57,8.85,17.39
sinhala.060924_muttur_muslims,"Aid workers say that more than a thousand Muslim residents of the troubled Sri Lankan town of Mutur are fleeing their homes to a nearby island, fearing attacks by Tamil Tiger rebels.","Hundreds of people are stranded at a jetty in northeastern Sri Lanka, waiting for ferries to the island of Kinniya following the distribution of leaflets allegedly threatening violence from the Tamil Tigers, which the group denies. LTTE spokesman Rasiah Ilantherian accused government forces of distributing the leaflets to justify military actions and harm Tamil-Muslim relations, while calling for an international inquiry into the violence in predominantly Muslim areas. The Sri Lankan authorities maintain that residents do not need to flee, as they can ensure their safety.",26.89,3.42,11.76
uk-england-norfolk-44495835,"A man found dead in his front garden shot his wife in the head then turned the gun on himself, an inquest heard.","Stephen Muncaster, 47, fatally shot his wife Allison, 48, as she attempted to leave their home in Magdalen, Norfolk, on July 12, 2016, before taking his own life with a shotgun. Prior to the incident, he expressed feelings of depression to his GP, who noted that Muncaster was upset about his failing marriage but did not believe he intended to harm himself or others. An investigation concluded that Mrs. Muncaster was unlawfully killed, while Mr. Muncaster's death was ruled a suicide.",19.05,3.88,13.33
entertainment-arts-15852280,A play based on eyewitness accounts of this summer's riots in England has been praised for shedding light on the underlying causes of the unrest.,"The Riots, a new play at London's Tricycle Theatre, presents a multifaceted exploration of the August 2011 riots through interviews with politicians, police, victims, and rioters, drawing praise for its compelling and thought-provoking narrative. Written by Gillian Slovo, the production aims to fill the void left by the government's refusal to hold an inquiry into the events, incorporating diverse perspectives to understand the motivations behind the unrest. Critics have highlighted its even-handed approach and the effective use of statistics and personal testimonies to convey the complexities of the situation.",18.49,5.13,15.13
uk-england-manchester-47233397,A murder investigation has been launched after a man's body was found at a property in Bury.,"Raymond Dixon, 50, was found dead with head injuries in a building on Myrtle Street North, and police are treating his death as suspicious. A post-mortem examination confirmed he had been assaulted, prompting investigators to seek information about his movements on the day prior to his death.",21.21,3.12,9.09
uk-england-birmingham-27907247,"New signs have been installed to stop motorists driving through Birmingham bus lanes, after thousands of fines were disputed.","Birmingham City Council issued approximately 100,000 fines after installing 10 city center cameras, leading to complaints from drivers who felt misled by inadequate signage. Following two successful appeals, new signs have been installed at three problematic locations, and the council plans to resume enforcement of bus lane regulations as compliance improves. Councillor Tahir Ali stated that better signage aims to reduce congestion and promote public transport use.",27.59,11.76,18.39
uk-england-tyne-32364762,Images of old gas holders that are soon to be taken down in an area of Newcastle are being sought.,"Northern Gas Networks will begin dismantling defunct gas holders on Skinnerburn Road and Tyneside Road in Elswick, with the process expected to take six months. Built in 1955 and 1960, these structures once supplied gas to 4,000 homes daily but have become economically unviable due to the transition to North Sea gas and new pipeline systems. The company is also seeking photographs of the site for historical preservation.",11.24,2.3,11.24
uk-wales-55192621,The friends of a man who was killed by a French hunter who mistook him for wild boar want other Brits to be warned of the dangers.,"Lucas Clerc was sentenced to four years for the manslaughter of Marc Sutton, who was shot while mountain-biking in France in 2018. Following this incident, campaigners are urging the Foreign Office to warn British travelers about hunting dangers in France and are advocating for reforms to improve safety regulations, including making hunting parties jointly responsible for accidents.",21.18,2.41,16.47
uk-england-somerset-17608615,Up to 230 jobs could be lost from the Debenhams call centre in Taunton under plans to move the work to Leeds.,"Debenhams is undergoing a 90-day consultation due to increased call volumes from online shopping, which its Somerset center cannot handle. The company plans to partner with Capita for customer support, while offering affected staff alternative work or redundancy packages, though 1,500 administrative jobs at its Bedford House headquarters will remain unaffected.",24.0,2.74,16.0
uk-england-suffolk-57059068,A former Conservative county council leader has failed in his bid to make a district council comeback.,"Mark Bee, the former leader of Suffolk County Council, lost the by-election for Beccles and Worlingham to the Green Party's Sarah Plummer by approximately 300 votes, while Colin Noble successfully regained his seat for Lakenheath on West Suffolk Council. Despite these results, both councils maintained overall Conservative control following the elections.",22.86,2.94,14.29
sinhala.090706_india_pranab,The Indian government says it is committed to secure the rights and aspirations of Tamil people in Sri Lanka.,Finance Minister Pranab Mukherjee emphasized the importance of securing Tamils' rights within Sri Lanka's constitutional framework while announcing a Rs. 5 billion allocation for the rehabilitation of internally displaced people (IDPs) and reconstruction efforts in the north and east. Home Affairs Minister P. Chidambaram expressed concerns about the lack of a resettlement plan for IDPs and called for the inclusion of independent observers and foreign journalists in the camps.,24.72,2.3,13.48
world-europe-isle-of-man-54917213,A man who broke bail and taunted police by posting videos on social media as he fled the Isle of Man on a fishing boat has appeared in court.,"Kyle Molyneux, who was on bail for drug offenses, was arrested in Merseyside after evading police for over four months. He faces charges of public justice violations and drug possession, and is currently remanded in custody, with a court appearance scheduled for November 17. Molyneux had stopped responding to police in July and posted a video on social media showing him leaving the island.",38.71,6.59,21.51
world-europe-38593509,Hungary's right-wing Fidesz government has been accused of undermining basic democratic norms and harking back to the country's totalitarian past for launching an offensive against non-government organisations.,"Hungarian Prime Minister Viktor Orban and the ruling Fidesz party are intensifying their campaign against NGOs funded by George Soros's Open Society Foundations, accusing them of undermining elected officials and promoting a liberal agenda. This effort includes proposed amendments to laws requiring NGO leaders to declare their assets, mirroring tactics used in Russia to restrict civil society. Despite government opposition, the Open Society Foundations assert their commitment to supporting democratic practices and accountability in Hungary.",22.43,1.9,13.08
world-asia-india-29171823,"After yet another devastating flood, experts say that what Pakistan and India need to do is build more dams and reservoirs.","Recent severe flooding in Kashmir and Punjab has resulted in over 450 fatalities and widespread destruction, highlighting the failure of both Indian and Pakistani governments to effectively manage water resources despite recurring disasters. Critics argue that both nations have not implemented necessary infrastructure improvements, such as better drainage and dam construction, to capture and control monsoon rains, exacerbated by climate change. The ongoing challenges underscore a need for a more proactive approach to water management to prevent future catastrophes.",16.0,0.0,10.0
uk-scotland-55683105,Further restrictions are being placed on international travel into Scotland after a new Covid-19 variant was identified in Brazil.,"Travel corridors to Scotland will be suspended starting Monday, requiring all passengers from outside the Common Travel Area to self-isolate for 10 days and present a negative Covid test taken within three days of departure. Scottish officials emphasize the need for these measures to prevent the importation of new virus variants, while acknowledging the challenges faced by travelers. The travel sector supports these public health measures but urges the government to develop a strategy for safely restarting travel.",14.14,0.0,10.1
uk-53103982,Here are five things you need to know about the coronavirus outbreak this Friday morning. We'll have another update for you at 18:00 BST.,"The UK Prime Minister has announced a £1 billion fund to support schoolchildren in England who have been impacted by the coronavirus lockdown, providing access to tutoring for disadvantaged pupils. Additionally, a study has revealed that individuals of South Asian descent are 20% more likely to die from Covid-19 in hospitals compared to white individuals, attributed partly to higher diabetes rates in that demographic.",13.19,2.25,8.79
business-55211620,Shares of JD Health have surged 34% above the issue price in Hong Kong's biggest share market debut of 2020.,"JD Health, the online pharmaceutical and healthcare spinoff of JD.com, debuted on the Hong Kong stock exchange with shares opening at HK$94.50, raising $3.48 billion and achieving a valuation of $29 billion. The company, which serves over 72 million active users and offers various healthcare services, aims to capitalize on China's growing healthcare market, while JD.com retains a majority stake in the subsidiary. This IPO is part of a broader trend of successful listings for Chinese companies in Hong Kong amid ongoing trade tensions with the US.",21.05,7.14,14.04
world-asia-india-49174304,"The body of the founder and owner of India's largest coffee chain, Cafe Coffee Day, has been found near a river on the outskirts of the southern city of Mangalore, police say.","VG Siddhartha, the founder of Cafe Coffee Day, went missing on Monday and was later found dead in the Netravati river, with his family confirming his identity. In a controversial letter to the company's board, Siddhartha expressed his struggles with debt and alleged harassment from tax authorities, leading to a political outcry and questions about the letter's authenticity. Cafe Coffee Day, India's largest coffee chain, has faced financial difficulties, and its shares have dropped significantly since his disappearance.",35.09,12.5,17.54
uk-wales-49957188,"A runner who died after the Cardiff Half Marathon was treated ""instantly"" after an incident at the finish line, the race organiser has said.","A runner died after collapsing at the finish line of the Cardiff half marathon, despite immediate medical attention and being transported to the University Hospital of Wales. Run 4 Wales chief executive Matt Newman expressed condolences and emphasized the organization's efforts to raise awareness about heart conditions following similar incidents in previous years. The identity of the deceased has not been disclosed, and further statements are expected.",32.61,17.78,26.09
uk-wales-51094479,"Disabled people are risking their safety when attending Wales' health assessment centres due to their poor locations, a woman has said.","Campaigners have criticized the accessibility of disability assessment centers in Wales, claiming that their locations make it ""virtually impossible"" for some disabled individuals to attend, resulting in significant financial losses due to missed benefits. The Disability Advice Project highlighted issues such as steep access routes and inadequate parking, while the Department for Work and Pensions stated that home visits and transport cost recovery options are available for those unable to travel. However, many disabled individuals still struggle to secure these accommodations, leading to severe financial difficulties.",16.82,1.9,9.35
world-asia-india-43098228,Three people have been arrested on suspicion of helping a billionaire jeweller to defraud one of India's largest banks of millions.,"Nirav Modi, a prominent diamond broker and luxury jeweller, is under investigation for a $44 million fraud case involving Punjab National Bank (PNB), which has also accused him of a larger $1.8 billion fraud. Two bank officials and one of Modi's associates have been arrested for allegedly facilitating fraudulent credit lines, while Modi, who is believed to have left the country, has yet to comment on the case. Authorities have suspended his passport and seized numerous assets linked to him amid ongoing investigations.",24.3,5.71,9.35
world-asia-34578320,Hundreds of South Koreans have begun meeting family members in the North in a rare reunion event for families separated by the Korean War.,"A series of family reunions is taking place at the Mount Kumgang resort, allowing thousands of families separated since the Korean War to reconnect after decades of little or no contact. The first group of about 400 South Koreans is participating in meetings organized by the Red Cross, with gifts being exchanged between relatives from the North and South. This year's reunions follow an agreement in August aimed at easing tensions between the two countries, with the last reunion held in February 2014.",31.48,11.32,14.81
world-asia-47607666,"On the morning of 6 March, an unassuming tanker lorry trundled down a dusty dirt road in southern Malaysia.","Illegal dumping of 20 to 40 tonnes of toxic chemical waste into the Sungai Kim Kim river in Pasir Gudang, Malaysia, has resulted in over 2,700 people falling ill, primarily affecting students, and leading to the closure of 111 schools. Authorities have arrested nine individuals in connection with the incident, while the Malaysian government is considering strengthening anti-pollution legislation in response to the widespread public outcry and environmental impact. Cleanup efforts are ongoing, with significant amounts of contaminated soil and water already removed from the area.",7.48,0.0,5.61
entertainment-arts-13561472,Jarvis Cocker says he's had sleepless nights ahead of Pulp's comeback gigs.,"Indie band Pulp, which has been on hiatus since 2002, is reforming and will perform their first headline set at Spain's Primavera Festival this weekend. The decision to reunite was influenced by the death of a mutual friend, prompting frontman Jarvis Cocker and guitarist Mark Webber to seize the opportunity to come together again. The band, known for hits like ""Common People,"" will also headline various UK festivals this summer.",11.76,2.41,4.71
uk-england-44818526,Television and radio presenter Richard Bacon spent days in a medically induced coma after becoming critically ill with suspected pneumonia.,"Former BBC presenter and current Fox TV host, 42-year-old Bacon, has been hospitalized for over a week after becoming unwell on a flight from the U.S. to Britain, initially diagnosed with suspected pneumonia. While he has shown slight improvement by briefly opening his eyes, he remains in a coma to receive oxygen, and his family has expressed both relief and concern during this challenging time.",25.0,9.3,18.18
technology-56270138,"Parler has withdrawn its antitrust action against Amazon, two months after filing the case against the tech giant.","Parler, a social network popular among far-right supporters, has dropped its legal case against Amazon Web Services (AWS) after being removed from the platform in January for violating rules related to violent content. The platform has since returned online using alternative hosting services but remains unavailable on Apple and Google app stores. Parler's dismissal of the case allows for the possibility of refiling in the future.",20.93,7.14,20.93
uk-wales-south-east-wales-42840229,"More than 100 fines totalling £10,000 have been issued to ""irresponsible"" dog owners in Rhondda Cynon Taff since new rules came in four months ago.","Since October 2017, Rhondda Cynon Taf Council has issued 103 fixed penalty notices for dog fouling offences, resulting in over £10,000 in fines. The council has increased patrols and implemented a Public Spaces Protection Order (PSPO) to enforce rules requiring dog owners to clean up after their pets and keep them on leads in certain areas, while also planning to install more dog mess bins to promote responsible ownership.",29.17,6.38,12.5
uk-scotland-glasgow-west-22402720,"Glasgow School of Art has appointed a new director from a ""strong field of national and international candidates"".","Prof Tom Inns will become the new director of the Glasgow School of Art in the autumn, succeeding Professor Seona Reid, who is leaving after 14 years. The selection process attracted numerous strong candidates, and Inns is expected to lead the institution into its next phase of development.",30.3,12.5,18.18
blogs-news-from-elsewhere-43469604,There's anger in rugby-mad Tonga over a government letter that apparently bans women from playing the sport in public schools.,"Tonga's Ministry of Education has issued a directive banning female students from participating in rugby and boxing to preserve cultural values, following the withdrawal of a girls' rugby team from a competition. This decision has drawn criticism from sports administrators, politicians, and women's rights advocates, who argue it undermines gender equality and reinforces stereotypes. The ministry later suggested that the ruling may have been misunderstood, citing a response to disruptions caused by Cyclone Gita rather than a specific stance against women's sports.",20.56,1.9,13.08
uk-england-london-45989879,"The inquests into the deaths of serial killer Stephen Port's victims will be led by a judge, it has been announced.","A 43-year-old man, serving a life sentence for the murders of four young men in Barking, east London, is the subject of a complex inquest process due to the significant public interest and the involvement of the Metropolitan Police. Chief Coroner Mark Lucraft QC has agreed to appoint a judge to oversee the inquest, following a request from the current coroner, Dr. Shirley Radcliffe, who noted the complexity and volume of material involved. The Independent Office for Police Conduct has completed its report on the police's initial response to the deaths, which is expected to be shared with the victims' families.",17.46,4.84,11.11
world-middle-east-42264307,Headlines in Arab and Turkish newspapers are crowded with strident criticism and expressions of dismay in response to President Donald Trump's decision to recognise Jerusalem as the capital of Israel.,"Israeli media largely praised President Trump's recognition of Jerusalem as Israel's capital, calling it a ""brave and historic decision"" that rectified a long-standing oversight. In contrast, Palestinian outlets condemned the move as a ""slap of the century,"" warning of potential unrest and emphasizing the need for national unity against U.S. and Israeli pressures. Arab media expressed widespread disapproval, with some channels highlighting protests and calls for reconsideration of the decision.",32.38,3.88,13.33
business-41193117,"The chairwomen of two Parliamentary committees have asked the City regulator to explain proposed rule changes seen as favouring the world's largest oil company, Saudi Aramco.","Saudi Aramco is considering a 5% share listing in London, but UK regulations require over 25% of shares to prevent dominance by a single shareholder. The FCA has proposed exceptions for sovereign-owned companies, which has raised concerns about potential compromises in corporate governance standards. Critics, including members of Parliament, are questioning whether government influence is affecting the FCA's consultation process regarding these rule changes.",25.81,4.4,10.75
uk-politics-40803267,The government has revealed through a job advert how it plans to tackle unfair trade after Brexit.,"The UK Trade Remedies Organisation is being established to address unfair competition and manage trade complaints, with a target launch date of October 2018 ahead of Brexit. The organization will operate independently under the Department for International Trade and aims to hire 130 staff while navigating a dynamic policy environment as legislation progresses and EU negotiations continue. The position for a digital design lead offers a salary between £48,483 and £56,370.",13.33,0.0,11.11
uk-england-kent-15845890,"A Kent woman has sold her house and moved into a mobile home to pay for more than £30,000 worth of cosmetic surgery after she lost half her weight.","Jayne Fenney, 50, underwent significant weight loss from 21 stone to 10 stone, but was left with excess skin that she felt could only be addressed through surgery. After being denied NHS coverage for the procedure, she sold her house and spent £30,000 on various surgeries to regain her confidence, expressing no regrets about her decision. Her surgeon noted that such operations are increasingly common, though funding remains a challenge within the NHS.",26.92,9.8,15.38
uk-wales-49971310,A man has been charged with murder following the death of a mother-of-two.,"Brian Manship, 37, has been charged with the murder of Sarah Hassall, 38, following an investigation in Pontypridd, where police were called on Sunday. Hassall, a former military member known for her work in mountain search and rescue, is remembered by her family for her impact on many lives and her dedication to raising her two sons.",27.78,8.57,22.22
health-26546863,"Restricting the number of fast-food outlets around offices and homes could help combat the obesity epidemic, UK researchers say.","Research from Cambridge University indicates that proximity to takeaway food outlets, such as pizza and fried-food restaurants, nearly doubles the likelihood of obesity among adults. The study suggests that restricting access to these outlets, particularly near schools, could help combat obesity, although some experts advocate for transforming fast food to be healthier rather than limiting access.",33.77,10.67,18.18
world-latin-america-42031129,"The mayor of Caracas has escaped from his long-term house arrest in Venezuela, fleeing across the border to Colombia and then on to Spain.","Antonio Ledezma, a prominent opponent of Venezuelan President Nicolás Maduro, has escaped from detention after being confined since 2015 on charges he denies. He entered Colombia and then flew to Spain, where he vowed to continue advocating for the release of political prisoners. His escape remains unclear, and Maduro has publicly mocked him, while the U.S. has condemned the treatment of political prisoners in Venezuela.",34.78,13.33,19.57
business-30109130,US safety authorities are demanding that a recall of airbags which can explode with dangerous force be expanded to the whole country.,"The National Highway Traffic Safety Administration (NHTSA) has announced an extension of the Takata airbag recall beyond humid states due to a recent accident, potentially affecting millions more vehicles than the previously estimated 7.8 million. NHTSA deputy administrator David Friedman emphasized the seriousness of the issue, stating that defective airbags can explode and cause injury, and a Senate hearing is scheduled for further inquiry into the recall. The agency has indicated it will use legal measures to enforce compliance if necessary.",19.23,1.96,13.46
business-54720268,"In late March, Salvatore Forte's father woke up shivering uncontrollably.","The article highlights the devastating impact of Covid-19 on the Bay Ridge neighborhood of Brooklyn, where residents like Mr. Forte lost both parents to the virus and struggle to maintain their businesses amidst economic turmoil. Local establishments, such as Lonestar Sports and Grill, face significant financial challenges, with many bars and restaurants at risk of closing permanently. Community efforts, like those from the volunteer group Muslims Giving Back, have increased to support families in need, as concerns grow over the long-term economic fallout from the pandemic.",4.04,0.0,2.02
business-26936146,"Discount and premium supermarket chains have continued to increase their market share at the expense of the main UK supermarket chains, research firm Kantar Worldpanel has said.","Aldi achieved a record market share gain of 35.3%, reaching 4.6%, while Lidl also experienced significant growth, now holding 3.4% of the market. Among the ""big four"" supermarkets, Asda showed resilience, whereas Morrisons lost the most market share, with Tesco maintaining the largest share at 28.6%. Overall, traditional supermarkets faced declining sales amid a challenging market environment.",18.18,6.98,11.36
uk-northern-ireland-36378800,"The population of Northern Ireland is projected to rise by 5.3% to 1,938,700 by 2024.","A report by the NI Statistics and Research Agency projects that Northern Ireland's working-age population will increase by less than 1%, while the population aged 65 and over is expected to rise by nearly 26% by mid-2039. The largest population growth is anticipated in Armagh City, Banbridge and Craigavon, while Derry City and Strabane may see a decline in their working-age population. Overall, the population is expected to reach two million by mid-2034, with growth rates falling below 0.2% by mid-2038 due to an ageing demographic.",21.62,7.34,16.22
world-asia-pacific-11705355,US Defence Secretary Robert Gates has said the US wants a larger military presence in Asia.,"During his visit to Australia for security talks, Mr. Gates emphasized that strengthening US-Australia relations would enhance US involvement in Southeast Asia, focusing on issues like piracy, counter-terrorism, and cyber-security, while clarifying that this initiative is not aimed at containing China. Australian leaders expressed hopes for China's positive role in regional cooperation and welcomed increased military collaboration with the US, despite some domestic controversy regarding the potential sharing of bases.",15.56,2.27,8.89
uk-england-birmingham-55731808,A man who claimed his partner suffered catastrophic head injuries in a fall has been found guilty of her murder.,"Darren Constantine, 38, was found guilty of murdering Julie Webb, 44, who died from severe head trauma in January 2019 after initially being thought to have fallen down the stairs. Evidence, including a post-mortem examination and blood analysis, contradicted Constantine's account, and he was linked to the scene with injuries consistent with a struggle. He is scheduled to be sentenced on Friday.",23.81,4.88,9.52
uk-scotland-highlands-islands-54500357,"The son of bank worker Alistair Wilson, who was shot dead on the doorstep of his home in 2004, has appealed for help in catching his father's killer.","Andrew Wilson, now 20, has publicly shared his memories of his father Alistair Wilson, who was shot and killed on their doorstep in Nairn in 2004 when Andrew was just four years old. As the 16th anniversary of the murder approaches, Andrew and police are appealing for information about the case, which remains unsolved despite extensive investigations, emphasizing the need for closure for his family. The investigation focuses on the circumstances surrounding the murder, including a blue envelope handed to Alistair before he was shot, and the potential for mistaken identity.",33.33,15.25,21.67
uk-england-cambridgeshire-36889869,"A lorry driver opened a text message seconds before he is accused of causing a crash in which an off duty police officer died, a court has heard.","Danny Warby, 28, is on trial for causing the death of Det Con Sharon Garrett, 48, in a five-vehicle collision on the A141 in Cambridgeshire in June 2014, which occurred after he opened a text message while driving. The prosecution argues that Warby's distraction and speeding contributed to the crash, while his defense claims he may have experienced a micro-sleep due to a medical condition. The trial is ongoing.",28.0,6.12,16.0
business-43259900,"If you want a job that rides the wave of the future, get hired by a firm that combats cyber-threats.","The UK's GCHQ reports that 34 nations have well-funded cyber-espionage teams targeting various entities, prompting the establishment of specialized incident response teams to combat these threats. Firms like BAE Systems employ skilled professionals to investigate breaches, analyze extensive data logs, and understand the tactics of state-sponsored hackers, who increasingly blur the lines between espionage and criminal activity. As cyber threats evolve, the demand for expertise in this field is expected to grow, highlighting the importance of cybersecurity in modern warfare.",15.24,1.94,11.43
uk-wales-50546123,"Paramedics should have warned A&E staff that a severely ill woman, who later died from sepsis, was on her way to hospital, an inquest has heard.","Samantha Brousas, 49, died on February 23, 2018, after waiting three hours in an ambulance outside Wrexham Maelor Hospital, where delays and a lack of pre-alerting protocols were highlighted during the inquest. Consultant paramedic Duncan Robertson noted that the hospital should have been informed of her critical condition, while evidence suggested that timely admission could have potentially saved her life. The inquest is ongoing, with the coroner seeking to determine the systemic failings that contributed to her death.",22.64,1.92,11.32
uk-43998925,"Afghan interpreters who served with British troops fighting against the Taliban will be able to stay in the UK for free, the home secretary has said.","More than 150 Afghan interpreters in the UK expressed concerns about potentially being sent back to Afghanistan after their five-year residency permits expire, unless they pay £2,389 for indefinite leave to remain, a fee that has now been waived by Home Secretary Sajid Javid. While the interpreters welcomed the announcement, they called for their families to be allowed to join them in the UK, highlighting the difficulties in obtaining necessary travel documents. The government is reviewing options to facilitate family reunification for these interpreters.",23.21,7.27,16.07
uk-england-somerset-45436233,A woman whose baby was stillborn believes he died because her concerns that she could not feel him moving were ignored by hospital staff.,"Gemma Matthews, 29 weeks pregnant, was advised to visit a birth center where her baby's low heart rate was noted but ultimately sent home, leading to the stillbirth of her son Norbert days later. She and her partner are pursuing a clinical negligence claim against the Royal United Hospitals NHS Trust, which has been criticized for its high stillbirth rates. The trust stated it is committed to improving care and reducing risks associated with stillbirths.",12.0,0.0,12.0
uk-england-birmingham-50518855,A man who burst into a hotel room to film a Premier League footballer in bed with a woman who was not his partner has been jailed for 16 months.,"Prince Rowe, 38, was convicted of stealing a footballer's Rolex watch and tracksuit after orchestrating a scheme to capture incriminating footage for sale to the media. The court heard that the footballer escaped through a window during the incident, while Rowe was later arrested with the stolen items as he attempted to board a flight to Dubai. Three others involved in the plot were cleared of conspiracy to blackmail.",20.0,0.0,12.0
uk-england-cambridgeshire-45638966,"Details of major city projects - including plans for a Cambridge metro - are being discussed in private, councillors have learned.","Cambridge's mayor, James Palmer, has secured funding for a £600,000 business plan for the proposed £1.5 billion Cambridgeshire Autonomous Metro (CAM), which aims to alleviate congestion and improve public transport. However, concerns have been raised by councillor Mike Sargeant regarding the lack of transparency in project discussions, as some negotiations have occurred ""behind closed doors,"" leaving him uncertain about the progress of various initiatives. Palmer acknowledged the need for privacy in certain aspects but expressed eagerness to share updates when appropriate.",21.36,3.96,9.71
uk-politics-39747199,Two of Jeremy Corbyn's key allies have not been selected for parliamentary seats under a fast-track process.,"Katy Clark withdrew from the contest for Leigh, vacated by Andy Burnham, leading to local councillor Jo Platt receiving the nomination, while other notable left-wing candidates like Sam Tarry and David Prescott were also overlooked. The selection process for Labour candidates has been dominated by the party's National Executive Committee, with many chosen for their local ties rather than their alignment with Jeremy Corbyn's leadership. As Labour prepares for its upcoming conference, discussions will focus on potential changes to leadership rules that could facilitate the nomination of a left-wing successor to Corbyn.",15.65,3.54,8.7
uk-scotland-north-east-orkney-shetland-52397784,Energy regulator Ofgem has approved plans for a subsea power cable which would take energy from Shetland to the Scottish mainland.,"Scottish and Southern Electricity Networks (SSEN) plans to construct a 600MW electricity transmission link to enable Shetland's wind farms to export renewable energy to mainland Britain, contingent on the Viking Energy wind farm project's approval. The subsea cable, estimated to cost over £600 million, aims to enhance energy security for Shetland and support the transition to net-zero emissions, with hopes to be operational by 2024. Ofgem's endorsement is seen as a significant step towards unlocking economic and renewable energy benefits for Scotland's islands.",25.69,0.0,12.84
world-asia-pacific-12189446,Kazakhstan's parliament has voted in favour of holding a referendum on extending the term of President Nursultan Nazarbayev until 2020.,"Kazakhstan's President Nursultan Nazarbayev, who has been in power for 20 years, opposed a proposed referendum that would allow him to bypass upcoming presidential elections, despite parliamentary support for the change. The move follows a petition signed by five million citizens and has drawn criticism from the US, which labeled it a setback for democracy in a country with a history of human rights abuses and unfree elections.",24.44,6.82,17.78
uk-england-somerset-55317260,"A council has paid a disabled man and his family £8,250 after failing to provide appropriate respite care.","Somerset County Council has rejected one of four recommendations from the Local Government Ombudsman regarding a case involving a boy with disabilities, which caused significant distress to his family. While the council acknowledged it failed to provide adequate respite care, it found no fault in its special educational needs provision and deemed it inappropriate to involve police in the situation. The council has agreed to pay compensation to the family but will not implement the Ombudsman's recommendation to involve law enforcement in similar cases.",25.0,9.8,21.15
uk-politics-44468156,Theresa May went head-to-head with Jeremy Corbyn in the House of Commons. Here's what happened.,"During a chaotic parliamentary session, SNP MPs staged a mass walkout, overshadowing Jeremy Corbyn's pointed questioning of Prime Minister Theresa May regarding the government's Brexit strategy and the handling of the Grenfell Tower fire aftermath. Corbyn criticized the government's failure to provide adequate housing for Grenfell victims and pressed for clarity on the Brexit white paper, while May defended her position and accused Labour of trying to frustrate Brexit. The session highlighted tensions within both the government and opposition, as well as the SNP's frustration with parliamentary procedures.",18.18,3.7,12.73
uk-england-devon-51562880,"Campaigners have accused a council of dragging its feet over a millionaire's ""eyesore"" tennis court, skate park and garage - all built without permission.","South Hams District Council ordered Sean Thomas, founder of the White Stuff store chain, to remove unauthorized additions to his Devon home last September, but no action has been taken, prompting concerns from conservationists about trust in the planning process. The council is in ongoing discussions with Thomas to resolve the issue, while local conservation charity The South Hams Society warns that inaction could lead to retrospective applications undermining planning regulations.",4.21,0.0,4.21
uk-england-dorset-44452252,A police officer has been given a final written warning after he admitted making inappropriate comments to two female colleagues.,"Sgt Stephen Hughes of Dorset Police was found to have committed misconduct by breaching professional standards related to equality, diversity, and discreditable conduct during his tenure at Dorchester Police Station from April 2014 to January 2016. While some allegations of demeaning behavior towards female colleagues were not proven, the panel emphasized the importance of maintaining high standards of conduct within the police force, as stated by Chief Constable James Vaughan.",8.89,2.27,8.89
world-asia-india-42266568,"The digital currency Bitcoin is rallying at phenomenal speed, leaving many high and others dry in markets around the world. But why are prices higher in India than elsewhere? The BBC's Devina Gupta explains.","Emerging economies are grappling with the rise of Bitcoin, as China's central bank shuts down exchanges and Indonesia and Bangladesh ban its use as a payment method. In India, while Bitcoin is not recognized as legal tender, its trading is unregulated, leading to a surge in demand and prices, with some platforms reporting significant user growth. Experts are calling for clearer regulations as the popularity of Bitcoin and other cryptocurrencies grows, despite warnings from financial authorities about the associated risks.",22.41,5.26,10.34
uk-england-merseyside-17541096,More details have been revealed about an event in Liverpool involving two giant puppets to mark the 100th anniversary of the Titanic's sinking.,"The Sea Odyssey event in Liverpool, featuring giant puppets by French company Royal de Luxe, will take place from April 20 to 22, 2012, commemorating the Titanic disaster. The storyline follows a 30ft puppet, the Little Girl Giant, on a quest for news about her father, a stowaway who perished in the sinking, as she and her uncle traverse a 23-mile route through the city before sailing down the River Mersey together. Liverpool City Council anticipates significant attendance, highlighting the event's emotional connection to the Titanic tragedy.",21.24,7.21,15.93
uk-wales-north-east-wales-17731510,"One of two footballers accused of raping a woman ""too drunk to consent"" told police she was ""in control of her actions,"" a jury has heard.","Ched Evans and Clayton McDonald, both professional footballers, are on trial for allegedly attacking a woman at a Premier Inn in Wales, which they deny, claiming the encounter was consensual. The prosecution argues the woman was too intoxicated to consent, while McDonald asserts she was coherent and initiated sexual contact, stating he would not have sought assistance for her if he believed she had been raped. The trial is ongoing, with both defendants expected to testify.",23.53,6.0,17.65
uk-england-birmingham-56168583,Birmingham's last-remaining gas holders are to disappear from the city skyline.,"National Grid is investigating why the gas holders at Windsor Street Gasworks in Birmingham were painted in Aston Villa's claret and blue colors, a mystery believed to date back to the 1980s. The gasworks, operational since the 1840s, featured 11 gas holders that stored town gas from coal, and the project will also include detailed heritage recording of the site. A dedicated website has been launched to share the history of the gasworks and the gas industry in Birmingham.",15.05,2.2,12.9
uk-england-merseyside-18174887,"Councillors in Liverpool have set a salary of nearly £80,000 a year for newly elected mayor Joe Anderson.","Mr. Anderson will take a salary of £66,000 as Liverpool's new directly elected mayor, despite an independent panel recommending £79,500 based on the increased responsibilities of the role. The panel emphasized that the mayor's election by the entire city grants him a mandate for stronger leadership and representation. Anderson retained his previous cabinet from his time as council leader.",24.39,7.5,17.07
uk-england-devon-35051947,"A 19-year-old amateur surfer has caused amazement by conquering ""Jaws"", one of the world's biggest and most notorious waves.","Adam Amin, a UK surfer with only five years of experience, successfully rode a massive wave at ""Jaws"" in Maui, Hawaii, a notorious big wave surfing spot. Despite facing challenges to access the contest site, he paddled out independently and caught a wave he described as riding a ""liquid mountain,"" fulfilling a long-held dream. His achievement is notable, as only a few UK surfers have attempted to surf at Jaws, which is known for its extreme conditions.",18.0,0.0,12.0
uk-england-humber-42717627,Sir Tom Courtenay has been given the Honorary Freedom of Hull.,"Veteran actor Sir Tom Courtenay received the Honorary Freedom of Hull, the city's highest honor, from the lord mayor, expressing deep emotion as he dedicated the award to the fishing community of Hessle Road where he grew up. Known for his roles in films like The Loneliness of the Long Distance Runner and Doctor Zhivago, Courtenay played a significant role in Hull's bid for City of Culture by narrating a poem in a promotional video. Hull Council leader Stephen Brady praised Courtenay for his pride in his roots and contributions to the city's cultural identity.",14.68,11.21,14.68
uk-england-leeds-36341869,"A £35m art gallery built to highlight the work of sculptor Dame Barbara Hepworth, among other exhibits, is celebrating its fifth anniversary.","The Hepworth Wakefield gallery, named after the renowned artist Barbara Hepworth, has welcomed over 1.5 million visitors since its opening in May 2011 and has significantly boosted the local economy by more than £20 million. Celebrating its success, the gallery announced a £30,000 award for UK-based sculptors, with shortlisted works to be displayed next October.",25.0,5.13,15.0
uk-wales-22317023,"The Newport firm which built the roof of the Aquatics Centre for the London Olympics is to go into administration, with the likely loss of up to 400 jobs.","Rowecord Engineering Ltd, the largest steel contractor in Wales, is set to enter administration, with staff likely facing redundancy. Managing director Andrew Hoppe expressed regret over the decision, stating that all options to sustain the business had been exhausted despite support from the Welsh government. The firm, known for its work on major projects, has been in operation since 1970 and is now seeking to mitigate the impact on its workforce.",26.0,2.04,14.0
uk-england-birmingham-55687998,"An aquatics centre being built for the 2022 Birmingham Commonwealth Games will inspire a new generation of swimmers, Olympic swimmer Adam Peaty said.","Construction of a new sports facility in Sandwell, which includes an Olympic-sized swimming pool and a diving pool, is progressing well and is set to be completed by spring 2022. Despite uncertainties surrounding the upcoming Commonwealth Games due to coronavirus concerns, local leaders remain optimistic about the positive impact the facility will have on local athletes and future competitions. Gold medallist Adam Peaty emphasized the importance of such investments in inspiring the next generation of athletes.",30.0,8.16,18.0
uk-politics-54049920,"Conservative MPs have launched a taskforce to ""spearhead"" government efforts to reduce regional inequality.","A new Conservative taskforce emphasizes the importance of addressing economic disparities in Britain's lagging areas to enhance the party's electoral prospects, particularly in constituencies that shifted from Labour to Conservative in the last election. The group advocates for measurable improvements in earnings, unemployment, and employment rates in these regions, while highlighting the significant geographical economic imbalances in the UK compared to other developed nations. Deputy Labour leader Angela Rayner criticized the Conservatives' track record on regional inequality, asserting that their policies have not effectively supported the North.",15.53,1.98,11.65
uk-scotland-33803651,"The majority of Scotland's 32 councils failed to increase the level of school clothing grants over the past decade, a BBC Scotland investigation has found.","Only eight local authorities in Scotland have increased their clothing grant for low-income parents since a 2009 recommendation of a minimum grant of £70, with only six councils currently meeting this standard. The grants offered range from £20 to £110, but many families, like single mother Marie McCormick, find the assistance insufficient to cover the costs of school uniforms, leading to struggles in providing adequate clothing for their children. Child poverty advocates have expressed disappointment at the lack of progress in addressing this issue amid ongoing economic challenges.",22.61,3.54,13.91
uk-scotland-52138878,New guidance on appropriate personal protective equipment (PPE) for health and social care workers responding to Covid-19 has been issued by officials.,"The Scottish government has issued updated guidance on personal protective equipment (PPE) for health and social care workers, emphasizing the importance of staff protection amid widespread COVID-19. The new protocols, developed with input from the World Health Organisation, outline specific PPE requirements for various care settings and include risk assessment advice. Additionally, unpaid carers will have access to appropriate PPE, and measures are being implemented to improve distribution and supply for all health boards.",38.78,22.92,28.57
world-europe-39377788,"Almost one million drink-driving tests recorded by police in the Republic of Ireland did not actually take place, the Irish Labour Party leader has said.","Brendan Howlin has called for the resignation of An Garda Síochána's head, Noirín O'Sullivan, following revelations of significant data discrepancies, including nearly 937,000 fabricated breath tests and 15,000 wrongful traffic convictions. The errors have raised serious concerns about the integrity of the police force, with Justice Minister Frances Fitzgerald describing the situation as ""appalling and staggering,"" and opposition leaders labeling it ""scandalous."" The financial implications of rectifying these mistakes could cost Irish taxpayers millions.",16.82,0.0,9.35
business-30513597,"While most of us will be relaxing on Christmas Day, or at least eating and drinking too much, spare a thought for those people who will still be going to work.","On Christmas Day in London, various workers, including a walking tour guide, restaurant manager, taxi driver, plumber, and pub manager, share their experiences of working while others celebrate at home. Many find joy and purpose in their roles, with some enjoying the bustling atmosphere and the opportunity to earn extra income, while others appreciate the chance to help those in need during the holiday. Despite the challenges, these workers highlight the unique significance of their jobs on this festive day.",19.82,3.67,10.81
world-us-canada-43066226,"At least 17 people are dead after a 19-year-old man opened fire at a high school campus in Parkland, Florida.","Nikolas Cruz, a former student expelled from Marjory Stoneman Douglas High School, opened fire on February 14, 2018, killing 17 people, making it the deadliest school shooting since Sandy Hook in 2012. The attack began shortly before the end of the school day, with Cruz using a fire alarm to lure students outside before starting his assault. He was apprehended by police about an hour later, and the incident has reignited discussions on gun control and school safety in the U.S.",17.31,5.88,11.54
world-latin-america-49452789,"Brazil's leader has ordered the armed forces to fight forest fires in the Amazon, amid international outrage over rising deforestation.","President Jair Bolsonaro has deployed military personnel to combat wildfires in nature reserves, indigenous lands, and border areas, marking a shift in his administration's stance amid international pressure to address the crisis. Critics argue that Bolsonaro's policies have previously encouraged deforestation, with a reported 85% increase in fires this year, the highest since 2010, prompting protests and calls for action from environmental groups and world leaders. In response, Bolsonaro has defended his government's environmental measures while asserting that the fires are part of a normal seasonal pattern.",19.82,1.83,10.81
world-europe-20581755,"The Pope is to begin sending Twitter messages using the handle @pontifex as his personal account, the Vatican says.","Pope Benedict XVI is set to launch his Twitter presence with accounts in eight languages, amassing significant followers ahead of his first tweet on December 12. The Pope will engage with followers through a question-and-answer format during his inaugural session, while his tweets are expected to convey spiritual messages and updates from his weekly audiences. Vatican officials emphasize that the Pope will personally oversee the content of his tweets, although he will not write them himself.",24.74,2.11,16.49
uk-wales-south-east-wales-37866642,Business owners have said they are under threat over what they claim are unfair business rate rises in rural parts of Wales.,"Business owners in Monmouthshire are facing significant increases in business rates, with some experiencing hikes of over 130%, which they describe as detrimental to rural high streets. The Welsh Government plans to provide £200 million in business rate relief next year, but concerns have been raised about the lack of communication regarding the re-evaluation process and its impact on local businesses. While rates are set to drop in Welsh cities, rural areas are seeing substantial increases, prompting calls for more support and transparency from the government.",22.02,3.74,16.51
uk-politics-34365856,"David Cameron should urge Saudi Arabia to commute the sentence of a protester who could be executed there ""any day"", Jeremy Corbyn says.","Ali Mohammed Baqir al-Nimr, convicted of crimes related to anti-government protests at the age of 17, faces imminent execution in Saudi Arabia, potentially by beheading and public display of his body. Labour leader Jeremy Corbyn has urged Prime Minister Cameron to intervene and halt a UK bid to provide services to Saudi prisons, citing numerous violations of fair trial standards in al-Nimr's case. The UK Foreign Office has stated it will raise the matter urgently with Saudi authorities, emphasizing its opposition to the death penalty.",21.43,3.64,10.71
business-32804970,The leader of the biggest civil service union has urged trade unions to join forces to head off attacks from the new Conservative government.,"Mark Serwotka, leader of the PCS union, urged members at the annual conference to unite against government spending cuts, potential job losses, and attacks on pensions and public sector pay, emphasizing the need for coordinated industrial action among trade unions. He highlighted the union's declining membership and financial struggles, exacerbated by changes in subscription collection methods, and criticized government plans to tighten strike ballot rules.",28.89,6.82,20.0
technology-16084861,Wikipedia has suspended at least 10 accounts linked to the public relations firm Bell Pottinger as it investigates allegations of content manipulation.,"Wikipedia founder Jimmy Wales criticized the public relations firm Bell Pottinger for allegedly breaching conflict of interest guidelines by editing entries related to its clients, while the firm admitted to making edits but claimed they were not illegal. An internal review has been launched by Bell Pottinger, and Wikipedia is investigating the edits made by accounts linked to the firm, with Wales offering to educate them on ethical editing practices.",28.26,17.78,17.39
newsbeat-43202353,Many people still don't know the signs someone has an eating disorder.,"A YouGov survey revealed that 79% of adults could not identify psychological symptoms related to eating disorders, prompting yoga instructor James Downs and body positivity blogger Aliss Bonython to highlight the misconceptions surrounding these conditions. Both individuals, who live with anorexia and bulimia, emphasize that eating disorders can affect anyone regardless of body type and that symptoms extend beyond weight, including behaviors like avoiding meals and feeling shame around eating. They advocate for greater awareness and understanding of the psychological aspects of eating disorders to combat stigma and promote body positivity.",5.77,1.96,5.77
world-europe-guernsey-18006009,"Guernsey's traditional flag-raising at the Grosse Rocque took place a day early, as strong winds had been forecast for 9 May.","The Guernsey flag, traditionally replaced on Liberation Day, was delayed in 2011 due to rough seas, but a new flag was blessed during a ceremony at Cobo Bay. The event, attended by over 100 people, included remarks from Reverend Jim Sykes, who emphasized the flag as a symbol of peace. The tradition of raising the flag has continued since World War II, with the Guernsey flag flying since 1986, and the granddaughter of a key figure in the tradition expressed her joy at the community's turnout.",18.18,1.85,10.91
world-europe-guernsey-27589615,Deputy Yvonne Burford has been elected as Guernsey's Environment Minister.,"Deputy Burford has been elected to replace the resigned Deputy Roger Domaille as minister, following the approval of a transport strategy that includes charging for long-term parking. Burford, who was instrumental in developing the strategy, won the election with a vote of 33-7, while Deputy Lester Queripel, who opposed the paid parking initiative, was unsuccessful in his bid for a board position. Other former board members also stepped down, with new members appointed by Burford.",15.91,6.98,15.91
uk-scotland-glasgow-west-47296118,Detectives are appealing for information about a car they believe was used in a shooting in the Springburn area of Glasgow on Saturday.,"A 29-year-old man is in serious but stable condition after being shot while a passenger in a van on Dykemuir Street, with two men in a red Audi Quattro believed to be involved. The car, with registration MJ14 ZFM, was later found burned in Muirshiel Country Park, and police are seeking information about its movements between the shooting location and the park.",29.89,4.71,13.79
uk-england-38796357,More than one in 20 people in some parts of the UK signed the petition against a state visit for US President Donald Trump.,"A petition opposing President Trump's state visit to the UK has surpassed one million signatures and will be debated by MPs, with significant support coming from constituencies in London. Labour leader Jeremy Corbyn has called for the visit to be postponed, but Downing Street maintains it will proceed, citing the importance of the UK-US ""special relationship."" The petition remains open until May 29 and has garnered signatures from both the UK and the US.",28.0,8.16,16.0
uk-33909698,"British traffickers are involved in smuggling migrants into the UK from northern France, a mayor has alleged.","A Syrian migrant revealed he has spent £15,000 attempting to reach the UK, highlighting the involvement of British nationals in trafficking operations around Dunkirk. Local officials report that UK-registered cars are frequently seen at migrant camps, and they describe the traffickers as violent and organized, posing significant threats to migrants. Police acknowledge potential links between British traffickers and those operating in France, raising concerns about the criminal networks facilitating these dangerous journeys.",24.18,4.49,13.19
uk-england-somerset-48382850,A memorial service has been held to honour former MP and Liberal Democrat leader Paddy Ashdown.,"Lord Ashdown, who passed away in December at the age of 77 after a bladder cancer diagnosis, was remembered as a dedicated public servant and compassionate leader during a memorial service attended by family and friends. Tributes highlighted his hard work, courage, and commitment to service, with former colleagues recalling his impactful tenure as the first elected leader of the Liberal Democrats and his role as a UN high representative in Bosnia-Herzegovina. His widow, Jane, emphasized his deep sense of duty, stating that he would want to be remembered as ""an all round good guy.""",17.86,5.45,12.5
uk-england-tyne-14099407,"Parks in Tyneside, Northumberland and County Durham are to share Heritage Lottery Fund grants of almost £2.5m.","A £2.4 million grant will be allocated to preserve historic features of Newcastle's Exhibition Park, while Wharton Park and Castle Vale and Coronation parks in Berwick-upon-Tweed will receive a combined £92,700 for improvements. Over the past 17 years, lottery grants totaling £51.5 million have revitalized parks across the North East of England, with ongoing support aimed at enhancing local green spaces.",18.82,2.41,11.76
uk-scotland-45321132,A teenager with a rare gut condition that causes her to vomit up to 30 times a day has described the difficult choices she faces.,"Caitlin White, a 19-year-old from Perth suffering from severe gastroparesis, endures daily hospital infusions that can last up to 12 hours and pose infection risks. While a potential treatment involving total parenteral nutrition (TPN) could bypass her digestive issues, it carries significant risks, and she faces challenges in her personal life due to her condition, including malnourishment and a loss of independence.",24.72,4.6,15.73
uk-scotland-39042666,"A new TV channel for the BBC in Scotland will begin broadcasting in autumn 2018, director-general Tony Hall has announced.","The BBC has announced the launch of a new channel dedicated to Scotland, with a budget of £30 million, which will include a nightly Scottish news hour at 9pm and focus on drama and factual programming. This initiative represents the largest investment in Scottish broadcast content in over 20 years, with an additional £20 million allocated annually for producing UK-wide programs in Scotland. While the new channel aims to better reflect Scottish life, it has faced criticism for not implementing a separate ""Scottish Six"" news format.",24.07,7.55,14.81
uk-northern-ireland-54278329,More than £18m has been claimed from a Covid-19 support scheme for farmers.,"The Northern Ireland Executive has launched a £25 million Covid-19 support scheme to compensate approximately 11,000 dairy and beef businesses affected by price collapses during lockdown, with payments beginning on Monday. The scheme allocates £11 million to dairy farmers and £7 million to beef farmers, covering 100% of losses for beef and sheep producers and 80% for dairy farmers, while also providing support for potato and ornamental plant growers. Applications for the horticulture sector will open in October, with the initiative being described as the most generous of its kind by any UK or EU administration during the pandemic.",13.91,5.31,13.91
uk-wales-north-east-wales-29042629,"An American cell therapy company is setting up its European headquarters in Flintshire, creating 30 jobs.","Cytori Therapeutics Inc is relocating from Switzerland to the Deeside enterprise zone in Wales to expand its operations focused on cell regeneration therapies for heart disease, kidney issues, and diabetes, with support from the Welsh government. The move is part of a broader initiative to stimulate business and create jobs in the region, which specializes in advanced manufacturing and has attracted other companies in the life sciences sector. Products developed in Deeside will be exported to markets in Asia, Australia, and Europe.",16.33,0.0,10.2
uk-england-cambridgeshire-17771271,"A five-year-old boy from Peterborough was punched, kicked and bitten by his mother's partner before he died, a court has heard.","Tyler Whelan died in March 2011 from blunt-force trauma, with Elvis Lee, 34, charged with murder, and his mother, Stephanie Whelan, 27, charged with causing or allowing his death. Prosecutors allege Tyler had previously suffered non-accidental injuries, and on the day of his death, he bore severe bruises from being kicked, hit, and bitten by Lee, who has pleaded guilty to manslaughter but denies murder. The trial is ongoing at Cambridge Crown Court, with both defendants also denying charges of cruelty related to their failure to seek medical treatment for Tyler's earlier injuries.",20.0,5.08,10.0
uk-england-stoke-staffordshire-44317853,"A man who died after being seen covered in blood, in just a pair of shorts and socks, trying to get into people's cars, has been named by police.","A post-mortem examination of 26-year-old Joshua Ball was inconclusive following his death after being detained by police in Stoke-on-Trent. He went into cardiac arrest while being transported to the hospital after exhibiting distress and attempting to enter vehicles in the area. The Staffordshire police have referred themselves to the Independent Office for Police Conduct due to their involvement prior to his death, and further tests are planned to determine the cause of death.",20.37,3.77,12.96
uk-wales-mid-wales-33065527,"A paramedic with 23 years experience said a heat-stricken Army reservist who collapsed on an SAS test march had the highest temperature he had seen, an inquest has heard.","Cpl James Dunsby, 31, was one of three reservists who died from overheating during a 16-mile march in the Brecon Beacons in July 2013, with temperatures soaring above 40C (104F). Despite efforts to revive him, Dunsby succumbed to his condition 17 days later, while L/Cpl Craig Roberts died at the scene and L/Cpl Edward Maher passed away shortly after. The inquest revealed that the exercise occurred on one of the hottest days of the year, with soldiers reportedly pushing themselves to their limits despite having water available.",16.67,1.69,10.0
uk-england-bristol-51708847,"A man was shot dead by armed police after firing an air pistol at one of them, an inquest has heard.","Spencer Ashworth, 29, was shot and killed by police on the Portbury Hundred near Bristol in September 2017 after he allegedly threatened drivers with a gun and failed to comply with officers' instructions to exit his vehicle. During the incident, Ashworth raised what was later identified as an air pistol and fired at the police, prompting them to return fire. His mother stated that he had struggled with depression and social isolation for years, and had expressed concerning thoughts in the months leading up to the incident.",22.22,5.66,18.52
world-latin-america-19768043,The government of Honduras has begun deploying soldiers to protect public buses as part of a campaign to reduce soaring levels of violent crime.,"The Honduran government is deploying two soldiers on each bus in Tegucigalpa and San Pedro Sula to enhance security and allow police to focus on patrolling crime-ridden areas. This measure aims to combat gang violence, which frequently targets public buses for robberies and extortion, amid a backdrop of high murder rates linked to drug trafficking. President Porfirio Lobo emphasized the impact of the international drug trade on the country's violence during his address to the UN General Assembly.",23.08,1.96,19.23
uk-england-london-55081934,An ex-porter at London's Great Ormond Street Hospital for Children has been accused of nearly 80 sex offences.,"Paul Farrell, 55, has been charged with 79 offenses, including rape and sexual assault of a child under 13, targeting seven victims between 1985 and 2018. He is currently in custody and is scheduled to appear at Wood Green Magistrates' Court, while an ongoing investigation is being conducted by the Met's Central North Command Unit. The hospital where Farrell worked has confirmed his dismissal and is cooperating with police amid concerns from the community.",14.74,2.15,8.42
uk-england-sussex-52182041,The Coastguard has urged people to heed government advice and stay at home after three people on a yacht had to call for help.,"A 33ft yacht became stranded on a shingle bank at Selsey Bill but managed to free itself with the assistance of an RNLI lifeboat, which escorted it to safe waters. The HM Coastguard criticized the incident as irresponsible during the pandemic, emphasizing that such calls could endanger frontline responders and strain NHS resources. Public reactions were largely negative, with some expressing anger over the yacht's actions amid government stay-at-home directives.",26.8,6.32,12.37
uk-politics-33046064,David Cameron has denied saying government ministers will be forced to back him in the EU referendum or quit their jobs. Here is what he said on ministers' voting rights.,"During interviews in early June 2015, Prime Minister David Cameron emphasized that government ministers must support the government's renegotiation efforts regarding the European Union, indicating that a free vote on the matter would not be permitted for those in cabinet. He reiterated that the timing of the EU referendum would depend on the completion of negotiations, while also acknowledging that he would not rule out any outcomes from those negotiations. Cameron's statements aimed to clarify his position amid misinterpretations of his earlier comments.",24.35,7.08,17.39
uk-england-nottinghamshire-47787688,A red jacket has been raised in Nottingham to commemorate the bravery of an army regiment over 200 years ago.,"The annual Badajoz Day tradition in Nottingham commemorates the storming of a fortress in Badajoz, Spain, by the 45th (Nottinghamshire) Regiment during the Napoleonic Wars on April 6, 1812. This year, the ceremony involved raising a scarlet coatee, symbolizing the bravery of soldiers like Lieutenant Macpherson, who raised his own jacket in the absence of a union flag after capturing the fortress. The event took place at the Council House in Old Market Square due to renovations at Nottingham Castle.",24.0,8.16,14.0
world-europe-jersey-56008244,Jersey's parliament has voted against a citizenship-style test that would have allowed non-British citizens to stand for election.,"A proposal to allow non-British citizens to stand for election in Jersey's States Assembly through a ""Life in Jersey"" test was defeated by a tie vote of 22-22. The test aimed to provide an alternative for residents who may not want to apply for British citizenship, but faced criticism for its potential implications on inclusivity and representation. Previous attempts to change the citizenship requirement were rejected by the Assembly.",30.11,17.58,19.35
business-44436435,"Discount retailer Poundworld has appointed administrators, putting 5,100 jobs at risk.","Poundworld has entered administration after failed negotiations with potential buyer R Capital, citing high product cost inflation, declining footfall, and increased competition as key challenges. Administrators Deloitte confirmed that the stores will continue to operate normally for now, while noting that Poundworld has been losing money for the past two years, with significant losses reported in 2016-17. The retail environment in the UK remains difficult, with many other high street retailers also facing similar struggles.",9.09,2.33,6.82
health-43992748,"More than 8,000 calls have been made to a helpline since it was revealed that 450,000 women were not invited to routine breast cancer screening due to a computer error.","Public Health England has acknowledged a significant error in the breast cancer screening program that resulted in approximately 309,000 women aged 68 to 71 missing their final screening invitations since 2009, with up to 270 lives potentially cut short. Concerns about IT issues were raised by two NHS trusts as early as March 2017, but were dismissed as local problems. Health Secretary Jeremy Hunt stated that affected women would be contacted by the end of May for catch-up mammograms, while cancer charities report a surge in calls from anxious survivors seeking clarity.",25.4,4.84,12.7
science-environment-29745193,Tiny tags have been used to follow the frenetic first hours in a loggerhead turtle's life.,"Scientists have tracked the swimming behavior of baby loggerhead turtles using small acoustic tags, revealing that they swim rapidly offshore to escape predators and enter ocean currents. The study, conducted in Cape Verde, showed that these hatchlings can cover significant distances, with some swimming up to 15 km at speeds of 60 m per minute, providing new insights into their early life and dispersal strategies. This research helps fill gaps in understanding the ""lost years"" of these turtles before they return to feeding and breeding areas as adults.",17.14,1.94,11.43
uk-wales-north-west-wales-43855279,"Proposals to close rural schools are being rushed through before new rules come into force that will give them more protection, a Welsh language group has claimed.","Anglesey council's scrutiny committee is considering the closure of Ysgol Corn Hir, Ysgol Bodffordd, and Ysgol Henblas due to maintenance backlogs and low performance at some schools. Cymdeithas yr Iaith criticized the council's rationale as outdated and urged adherence to new regulations that prioritize the preservation of rural schools. The council maintains its commitment to high educational standards and plans to conduct thorough assessments before making any decisions.",12.37,2.11,8.25
business-44978503,"The technology meltdown at TSB earlier this year has cost the bank £176.4m, pushing it into a half-year loss.","TSB faced significant operational issues after a failed IT system migration in April, resulting in nearly two million customers losing online banking access and a reported loss of £107.4 million for the first half of the year. As of late July, only 37% of over 135,000 customer complaints had been resolved, with ongoing problems affecting online banking services, prompting criticism and a formal investigation by the Financial Conduct Authority. Despite the turmoil, TSB's CEO Paul Pester remains committed to rectifying the situation, while the bank's parent company, Banco Sabadell, also reported losses linked to TSB's difficulties.",14.75,1.67,9.84
uk-england-london-47216596,Two people killed when their car smashed into a coach as they were being followed by police are believed to have been young newlyweds.,"Patrick McDonagh, 19, and his pregnant wife Shauna, 18, died in a collision on the A40 in London when a car, being pursued by police after an armed burglary, veered into their path. The couple, who were expecting a baby girl in April, were honored in numerous tributes, while the unborn child is not believed to have survived the crash. A second man from the car was hospitalized and arrested on suspicion of aggravated burglary, and the police pursuit is under investigation.",22.64,5.77,15.09
uk-36801346,"Theresa May says the UK must redouble its efforts to defeat terrorism, as she condemned the ""brutal murderers"" behind ""horrifying"" attacks like that in Nice.","Following a deadly attack in Nice where a lorry drove into a crowd, killing at least 84 people, British Prime Minister Theresa May expressed solidarity with France and announced a review of security measures in the UK. The British government is providing support to those affected, with embassy staff on the ground in Nice and a crisis center established for Britons. Condolences have poured in from various leaders, and tributes were paid, including the lighting of landmarks in French colors.",17.14,5.83,15.24
uk-england-manchester-39258689,An inquest into the death of a man whose body was found in mysterious circumstances on Saddleworth Moor has recorded an open conclusion.,"David Lytton, a 67-year-old man from London, was found dead at Dove Stone Reservoir in December 2015, with strychnine poisoning suspected as the cause. Despite a lengthy investigation that revealed his complex life and previous residence in Pakistan, the coroner concluded that while he died by his own hand, the circumstances remain unclear, leading to an open verdict. Lytton's identity was confirmed after extensive police work, including DNA matching with his family, as he had lived a reclusive life and had not disclosed his plans to those close to him.",15.52,3.51,13.79
uk-44182166,"From Charles taking Doria's hand, to ""thank you Pa"", here are some moments to remember...","Doria Ragland attended her daughter Meghan Markle's wedding alone after Thomas Markle underwent heart surgery, while Prince Harry expressed gratitude to his father, Prince Charles, who walked Meghan down the aisle. The ceremony featured a unique address by Bishop Michael Curry, emphasizing love, and concluded with a sweet moment as the couple shared their first kiss outside St George's Chapel. Meghan's gown, designed by Clare Waight Keller, received praise for its elegance and inclusion of Commonwealth flowers in the veil.",10.1,0.0,8.08
uk-england-somerset-19855910,People opposed to plans for the first of a new generation of nuclear power stations at Hinkley Point in Somerset have gathered for a weekend protest.,"The government plans to build new nuclear reactors to replace aging ones, prompting protests in Bridgwater against the strategy, which critics argue is dangerous and costly. Activists from the Stop New Nuclear Alliance are rallying to raise awareness about the potential high-level waste at Hinkley and urge the public to oppose the government's approach, citing examples from Germany's transition to a nuclear-free future. A final decision on the nuclear project has yet to be made.",22.86,1.94,13.33
newsbeat-16202837,"Konnie Huq, 36, is expecting a baby with her comedy writer husband Charlie Brooker.","Former Blue Peter presenter Konnie Huq is expecting a baby boy in the spring, as confirmed by her agent. Huq, who is known for her long tenure on children's television and co-writing the series Black Mirror with her husband Charlie Brooker, expressed her happiness about the news.",34.92,22.95,34.92
uk-england-lincolnshire-44798719,A woman has been banned from owning animals for life after 176 animals were found dead at her home.,"Maxine Cammock, 54, was sentenced to an 18-month community order with mental health treatment after admitting to five animal cruelty offenses related to the neglect of 201 animals at her Lincolnshire property, where 176 were found dead. RSPCA inspectors described the conditions as ""shocking,"" with many animals in filthy pens and some, including a pig that ingested rat poison, not receiving necessary veterinary care. Cammock was also ordered to pay costs of £250 and a victim surcharge of £85.",20.2,6.19,10.1
business-48433692,"WH Smith has been ranked the UK's worst High Street retailer for the second year in a row, according to a Which? survey of 7,700 shoppers.","WH Smith ranked last in a recent survey of 109 retailers, receiving a satisfaction score of just 50% due to complaints about its ""cramped and messy"" stores and unhelpful staff. This marks the ninth consecutive year the retailer has been in the bottom two, while Richer Sounds and John Lewis topped the list. Despite falling sales in its High Street division, WH Smith's overall group revenue increased, driven by its travel concessions.",35.64,10.1,13.86
business-52014447,Amazon is teaming up with researchers funded by Microsoft co-founder Bill Gates to pick up and deliver coronavirus test kits.,"The Seattle Coronavirus Assessment Network (SCAN), supported by the Gates Foundation, is conducting research on COVID-19 transmission in King County, Washington, by collecting nasal swabs from residents. Amazon Care is assisting by delivering and collecting test kits, aiming to enhance testing capabilities in the U.S. as the country faces a significant rise in cases and deaths.",27.85,2.6,15.19
world-europe-32486426,Voters in the Republic of Ireland will take part in a national referendum on 22 May on legalising same-sex marriage.,"Ireland is facing a significant referendum on same-sex marriage, with the Church urging a No vote while major political parties advocate for a Yes vote, framing it as a civil issue. Despite polls indicating 78% support for the proposal, concerns remain about the comfort level of older and rural populations, as activists on both sides engage in heated debate over the implications of redefining marriage. The outcome will largely depend on voter turnout and the ability of advocates to mobilize support.",25.24,5.94,13.59
business-33900230,"Chinese computer and smartphone company Lenovo has announced 3,200 job cuts as it reported a halving of profits.","Lenovo's first-quarter net profit fell 51% to $105 million, despite a 3% increase in revenues to $10.7 billion, which was below expectations. The company announced job cuts affecting 10% of its non-manufacturing workforce as part of a $650 million cost-cutting initiative, citing significant declines in its mobile division and challenges in the smartphone market, including a 31% drop in Motorola's shipments.",27.91,2.38,13.95
technology-22699871,"The takedown of the Liberty Reserve digital cash exchange has caused ""pain"" to criminals who used the facility, according to a leading security expert.","US prosecutors have indicted the staff of Liberty Reserve, a Costa Rica-based online currency service accused of laundering $6 billion in criminal proceeds through over 55 million transactions. The site, which operated as a ""black market bank"" for cybercriminals, has seen the arrest of its founder and four others, with investigations ongoing into its servers and user accounts. Law enforcement officials believe this takedown could significantly impact cybercrime operations, although criminals may adapt and find alternative services.",19.61,2.0,13.73
uk-wales-politics-37407085,"Wales is missing an opportunity to shape the EU debate, the Welsh Conservative leader has claimed.","Andrew RT Davies criticized Labour and Plaid Cymru for not recognizing that the majority of voters supported Brexit, calling for a reassessment of the remaining £1bn in EU structural funding and a more tailored farming support system. He argued that Labour has mishandled past aid and is struggling with conflicting views on Brexit, urging First Minister Carwyn Jones to engage in discussions that represent the pro-Brexit majority in Wales.",16.28,0.0,6.98
uk-45861683,"The Duchess of Sussex is pregnant and is due to give birth next spring, Kensington Palace has revealed.","Meghan Markle and Prince Harry announced they are expecting their first child, which will be seventh in line to the throne, during their arrival in Sydney for a 16-day royal tour of Australia and New Zealand. The couple shared the news with the Royal Family at Princess Eugenie's wedding, and despite concerns about the Zika virus in Fiji and Tonga, their tour itinerary will remain unchanged. Congratulations have poured in from family, officials, and the public as they prepare for their new arrival.",7.77,0.0,5.83
uk-england-cornwall-25968076,Former Archbishop of Canterbury Rowan Williams is to become a volunteer at a Cornwall church.,"Baron Williams of Oystermouth has been invited to serve as a prebend by the Bishop of Truro, Tim Thornton, to support the activities of St Endellion church, including the Endelienta arts festival. Dr. Williams, who has a long-standing affection for the church, expressed his enthusiasm for participating in its spiritual and artistic endeavors, and he will be officially installed later this year. Bishop Thornton welcomed Dr. Williams' involvement, highlighting the church's mission to engage people through spirituality and the arts.",12.37,0.0,10.31
entertainment-arts-40811103,"If watching University Challenge makes your head hurt, you might want to take an aspirin before listening to a new show Radio 4 are planning.","Eric Monkman and Bobby Seagull, stars of a BBC Two quiz show, will host a new radio program titled ""Monkman and Seagull's Polymathic Adventure"" on BBC Radio 4 starting August 21. The show will explore the usefulness of high intelligence and feature discussions with guests like Stephen Fry.",13.51,5.56,10.81
uk-politics-56339192,Boris Johnson has said he wants to cut air passenger duty on domestic flights in a bid to boost travel connections across the UK.,"The UK government is considering reducing air passenger duty (APD) on domestic flights to support struggling airlines, while also planning to increase APD on international flights to balance the tax structure. Prime Minister Boris Johnson has committed £20 million for improving transport links across the UK and is exploring the feasibility of a bridge connecting Northern Ireland and Scotland, despite skepticism from local governments. Environmental groups express concern that reducing flight taxes could hinder the UK's efforts to achieve net-zero carbon emissions by 2050.",29.09,14.81,18.18
world-us-canada-48027190,"The suspected leader of a New Mexico militia group allegedly boasted of plans to assassinate former President Barack Obama, the FBI has said.","Larry Mitchell Hopkins, 69, and his group, the United Constitutional Patriots, are under investigation for allegedly plotting to target public figures like Hillary Clinton and George Soros, as revealed in recent court documents. Hopkins, a convicted felon charged with possession of firearms, was arrested after his group gained notoriety for detaining migrants at the US-Mexico border, and he now faces potential prison time and fines. His lawyer has denied the allegations, questioning the timing of the charges given the FBI's prior knowledge of the group's activities.",19.64,1.82,10.71
world-europe-50743973,"On 27 January 1945, Soviet troops cautiously entered Auschwitz.","Primo Levi, a Holocaust survivor, described the somber atmosphere when liberators arrived at Auschwitz, where over 1.1 million people, primarily Jews, were systematically murdered by the Nazis. The camp, initially a Polish barracks, evolved into a central site for mass extermination, featuring gas chambers and forced labor, as part of the Nazis' ""final solution"" to eradicate the Jewish population of Europe. When Soviet troops liberated the camp on January 27, 1945, they found only a few thousand survivors amidst the remnants of the atrocities committed there.",14.58,2.13,6.25
uk-england-bristol-24023470,A deal between Bristol City FC and campaigners against the club's new stadium plans could go ahead after the council deferred a planning inquiry.,"Bristol City FC has reached an agreement with campaigners to abandon plans for a new stadium at Ashton Vale in exchange for permission to redevelop its existing Ashton Gate ground. This decision hinges on the postponement of a planning inquiry regarding the town green proposal and the approval of the redevelopment plans in November. The Ashton Vale land will be divided, with half allocated for housing and the other half designated as a town green.",28.0,10.2,20.0
uk-47943607,"A growing number of people with epilepsy have said they are having seizures triggered by flashing images on social media, a charity has warned.","The Epilepsy Society is urging the UK government to include warnings about flashing images on social media in its plans to address online harms, as over 20,000 individuals with photosensitive epilepsy are at risk of seizures from such content. The charity advocates for prosecuting those who intentionally post harmful images as assault and emphasizes the need for social media platforms to implement stricter safety measures. The government has committed to consulting with the Epilepsy Society on these issues as part of its efforts to enhance online safety.",23.21,7.27,14.29
world-europe-47725242,"Migrants have hijacked a merchant vessel that rescued them off Libya's coast, ordering the crew to head towards Malta, reports say.","More than 100 migrants aboard the Elhiblu cargo ship reportedly hijacked the vessel after being informed they would be returned to Libya, prompting Malta's military to deny entry into its waters. Italy's Deputy Prime Minister Matteo Salvini condemned the hijackers as ""pirates"" amidst the EU's decision to end Operation Sophia, which had aimed to deter smuggling and rescue migrants in the Mediterranean. The current status of the ship and the migrants remains unclear, with Maltese officials monitoring the situation.",17.31,0.0,13.46
uk-england-essex-53847865,A woman who alleges she was racially harassed by a Marks & Spencer worker said she has been subjected to further abuse since she spoke out.,"Faryaal Hussain alleges that two Marks & Spencer staff members followed her to a car park in Basildon, Essex, where one of them racially abused her after a dispute over queueing inside the store. Following the incident, she has received numerous abusive phone calls and faced derogatory comments online, prompting her to express concern about the local community's reaction to her claims. Marks & Spencer is currently investigating the allegations, while Essex Police confirmed they were called to the scene.",19.23,3.92,11.54
world-us-canada-28040259,Parts of the US came to a standstill as people took time out from work to watch their team's crucial World Cup match against Germany.,"Despite a 1-0 loss to Germany, the USA advanced to the knockout stages of the World Cup, with record viewership and strong fan support across the country. Many Americans took time off work to watch the match, leading to celebrations filled with chants and patriotic displays, while optimism remained high for the team's future in the tournament. The surge in interest is expected to have a lasting impact on soccer's popularity in the U.S.",28.85,11.76,17.31
uk-wales-politics-54961645,"It could be ""weeks"" before there is an announcement on the Covid rules around Christmas, Wales' health minister has said.","Welsh ministers are in discussions with other UK administrations to establish unified rules for the upcoming Christmas period amid ongoing COVID-19 concerns, with expectations that it will not resemble a typical festive season. While the rate of COVID-19 cases in Wales is declining, concerns remain about public behavior and adherence to social distancing, which could jeopardize recent progress. Vaughan Gething emphasized the importance of understanding vaccine safety without mandating vaccinations, as he continues to monitor the evolving situation.",18.0,0.0,8.0
10363838,A pair of baby meerkats is proving a major attraction at a Scots wildlife park after becoming the first pups to be born there for four years.,"Three meerkat pups have emerged from their burrows at Galloway Wildlife Conservation Park after spending their first three weeks underground with their mother. The births are part of a new breeding program following the loss of two older meerkats, and the pups will quickly learn to forage for food as they grow and interact with the adult colony.",28.24,2.41,21.18
newsbeat-25986653,The first pictures from series four of TV fantasy drama Game of Thrones have been released.,"The fourth season of Game of Thrones, premiering in the UK on April 7, will adapt the second half of A Storm of Swords from George R.R. Martin's A Song of Ice and Fire series. New cast members include Mark Gatiss, Pedro Pascal, and Indira Varma, while the season is directed by notable figures such as Michelle MacLaren. The series has gained significant popularity, being the most pirated TV show of 2013, and will also feature a special preview airing in February on HBO.",15.69,4.0,9.8
uk-wales-48337719,Welsh victims of the contaminated blood scandal have said it is not fair they get less financial help than people affected in England and Scotland.,"Kirk Ellis, a hepatitis C patient from Wales, is advocating for increased financial support after the UK government raised funding for similar patients in England, leaving Welsh patients at a disadvantage. The ongoing public inquiry into the infected blood scandal is examining the historical context of how thousands were infected, and while the Welsh Government has announced additional support, campaigners argue that there is a lack of parity across the UK's financial assistance schemes. Ellis and others are calling for the UK government to take responsibility for equitable compensation, as they were all affected under the same system.",19.35,3.28,11.29
technology-48928163,The UK's data privacy regulator has said it plans to fine the US hotel group Marriott International £99.2m.,"Marriott International faces a potential fine from the Information Commissioner's Office (ICO) due to a data breach that exposed personal details of approximately 339 million guests, dating back to 2014 but discovered in 2018. The ICO criticized Marriott for inadequate security measures and due diligence during its acquisition of Starwood, emphasizing the accountability required under the EU's General Data Protection Regulation (GDPR). Marriott plans to contest the notice, expressing disappointment and a commitment to guest data security.",20.2,4.12,14.14
uk-wales-28408170,"Wales has been hailed as a jellyfish ""hotspot"" by researchers who say they could hit record numbers this summer.","The Marine Conservation Society reported an increase in jellyfish sightings in the UK, attributed to mild winters and warm summers, with Harlech and other areas in Wales noted as key locations. This marks the first UK-wide jellyfish survey in over 40 years, revealing significant economic impacts on tourism and fish stocks, and highlighting the role of jellyfish as indicators of environmental health. In 2023, over 500 sightings were recorded by mid-summer, following a record year in 2013 with more than 1,100 reports.",15.38,0.0,9.62
uk-northern-ireland-44942893,"More than 21,600 people in Northern Ireland have been banned from driving for motoring offences in the five years up to the end of 2017.","Between 2013 and 2017, over 21,660 drivers in Northern Ireland were disqualified for various offences, with nearly 10,000 convicted of drink or drug-related offences. A significant portion of these disqualifications, over a third, lasted between six months and a year, highlighting ongoing concerns about dangerous driving behaviors, according to data obtained by BBC News NI. Road safety advocates emphasize the serious risks associated with driving under the influence, urging greater awareness and compliance with traffic laws.",24.76,3.88,17.14
world-europe-38956212,"The Swedish government has defended its decision to have its officials wear headscarves during a trip to Iran, saying that failing to do so would have broken the law.","Sweden's Trade Minister Ann Linde faced backlash for wearing a hijab during a business delegation to Iran, with critics arguing it contradicts the country's feminist foreign policy. Prominent figures, including Iranian women's rights activists and Swedish politicians, urged the government to challenge Iran's oppressive laws against women, while Linde defended her decision by stating she was adhering to Iranian law to avoid sending an all-male delegation. Swedish Prime Minister Stefan Lofven also addressed human rights issues during the visit.",24.78,3.6,14.16
entertainment-arts-21715992,Pop star Justin Bieber has been released from hospital and given the green light to resume his tour after suffering breathing problems on stage.,"During a concert at the O2 Arena in London, Justin Bieber took a 20-minute break due to breathing difficulties, later receiving medical attention but is expected to perform again. Following a clash with a photographer, he expressed his frustrations on Twitter, emphasizing the challenges of constant media attention. Despite the incidents, he reassured fans that he is ""getting better"" and completed the show after the brief interruption.",19.57,2.22,10.87
technology-27794692,"Amazon has halted pre-orders of some Warner Bros films in the US, including The Lego Movie, in a pricing dispute.","Amazon is engaged in a dispute with publisher Hachette, which has led to the removal of pre-order buttons for several titles, including JK Rowling's ""The Silkworm."" The company has faced criticism from authors for its control over the book market, and it has encouraged customers to shop elsewhere during the ongoing negotiations. Amazon reportedly holds about a 50% share of the US book market, both electronic and physical.",26.37,6.74,15.38
world-us-canada-47296781,"The New York City Commission on Human Rights has released guidelines against targeting people on the basis of their hairstyle, classing this as racist discrimination.","New York City has introduced guidelines to protect the rights of Black individuals regarding their hairstyles in schools and workplaces, addressing discrimination against styles like afros, cornrows, and locs, which are often deemed ""unprofessional."" The NYC Human Rights Commissioner emphasized that these policies aim to dismantle racist stereotypes and allow Black New Yorkers to express their identity without fear of stigma or retaliation, with potential fines for non-compliance reaching up to $250,000. Personal accounts highlight the pressure to conform to Eurocentric beauty standards, illustrating the broader issue of hair discrimination beyond New York.",25.0,6.78,18.33
world-us-canada-55489390,The US government has issued its first-ever set of detailed dietary guidelines proposed for infants and toddlers.,"The 2020 Dietary Guidelines Advisory Committee recommends no added sugar for children under two and emphasizes exclusive breastfeeding for the first six months, while also advising the introduction of nutrient-dense foods around six months of age. The guidelines, which will influence U.S. nutritional policy for the next five years, highlight the importance of proper nutrition in early life to prevent chronic diseases and promote healthy eating habits. Additionally, they urge all Americans to limit added sugars to less than 10% of daily intake and provide recommendations for alcohol consumption.",12.84,1.87,11.01
uk-scotland-highlands-islands-53149054,"Covid-19 has cost Highland Council more per head of population than any other UK local authority, according to BBC research.","Highland Council faces a potential shortfall of £96.9 million due to the impact of the COVID-19 pandemic, the highest per resident in the UK at £411. The region's tourism-dependent economy has suffered significant income losses, leading to increased financial strain and potential redundancies in adult social care if funding is not secured. Other councils in Scotland, such as Aberdeen and Perth and Kinross, are also grappling with substantial financial challenges as they seek additional support from the Scottish government.",19.23,3.92,9.62
uk-54699820,"More than 50 Tory MPs have written to the prime minister calling for a ""clear road map"" out of lockdown restrictions in northern England, warning the region risks being ""left behind"".","The Northern Research Group of Conservative MPs has expressed concerns that COVID-19 restrictions are disproportionately impacting the North of England and jeopardizing Prime Minister Boris Johnson's ""levelling-up"" agenda. They are calling for a clear roadmap out of lockdown and an economic recovery plan for the region, emphasizing that the pandemic has exacerbated existing disparities. The government, while acknowledging these concerns, maintains its commitment to investing in northern areas and addressing the challenges posed by the virus.",32.73,14.81,25.45
world-asia-india-41466291,A Dalit (formerly untouchable) man was beaten to death in the western Indian state of Gujarat allegedly for watching people dance as they celebrated the Hindu festival of Dussehra.,"Eight men have been arrested for the fatal assault of 21-year-old Jayesh Solanki, who was attacked while attending a Garba performance in India. The incident, which stemmed from discrimination against Dalits, highlights ongoing caste-based violence despite legal protections. Solanki's family has been provided police security due to fears of retaliation from upper caste individuals.",22.99,0.0,9.2
uk-england-shropshire-41967772,"A German foundation has given a project to save Iron Bridge in Shropshire one million euros (£889,680).","English Heritage announced that a donation from the Hermann Reemtsma Foundation has brought it closer to the £3.6 million needed for essential repairs on the historic Iron Bridge, the world's first cast iron single span arch bridge, built in 1779. The foundation, marking its first funding initiative in the UK, emphasized the bridge's significance as a symbol of shared cultural heritage and engineering excellence. English Heritage has also initiated its first crowdfunding campaign to address the bridge's structural issues, which have been exacerbated by ground movement and an earthquake.",16.22,3.67,12.61
world-africa-36865257,A leading Muslim group in Nigeria has welcomed a court ruling lifting the ban on girls wearing the headscarf in government schools in Lagos state.,"The Lagos Court of Appeal ruled that the ban on Muslim girls wearing hijabs in schools violated their religious rights, overturning a previous lower court decision. The Muslim Rights Concern (MRC) hailed the unanimous ruling as a victory for the rule of law, while the state government has yet to announce if it will appeal to the Supreme Court. This decision follows a similar ruling in Osun state, which had previously sparked religious tensions.",36.36,6.19,22.22
uk-england-suffolk-19164507,"The gynaecology unit at West Suffolk Hospital in Bury St Edmunds is being moved as part of £190,000 ward refurbishments.","The hospital will begin renovations in September to enhance the gynaecology unit, which will include a new waiting area and the relocation of the early pregnancy assessment unit, aiming for completion by December. The unit will feature two single-bed rooms for improved privacy and will increase the number of beds from seven to eight, providing a more sensitive and efficient care environment for women experiencing gynaecological issues.",13.48,4.6,8.99
world-africa-39934636,"Uganda's censorship board has banned a Dutch film, The Dinner Club, after accusing it of ""glorifying homosexuality"" the Embassy of The Netherlands in Kampala has said.","The Uganda Media Council has banned a film for promoting homosexuality and using inappropriate language, describing it as contrary to Ugandan values. The Netherlands Embassy expressed disapproval of the ban, which has sparked mixed reactions among Ugandans, with some supporting the council's stance while others criticize it as not representative of the majority's views. As a result of the ban, the embassy has withdrawn from participating in an upcoming European film festival in Uganda.",33.01,9.9,23.3
world-europe-46525543,A Stasi ID pass used by Vladimir Putin when he was a Soviet spy in former East Germany has been found in the Stasi secret police archive in Dresden.,"Russian President Vladimir Putin expressed pride in his past as a KGB officer in Dresden during the 1980s, where a recently discovered Stasi pass indicated his cooperation with East Germany's Ministry of State Security. The Stasi Records Agency stated that while Putin received the pass for KGB work, there is no evidence he spied for the Stasi. During his tenure, he witnessed significant political upheaval, including the fall of the Berlin Wall and protests against the East German regime.",25.69,7.48,14.68
uk-england-54421432,"Hundreds of families with disabled or seriously ill children are still struggling to receive support since the lockdown, a charity has said.","The Family Fund has reported that many families with disabled children are facing significant mental health and financial challenges, with a survey revealing that 69% of respondents are lacking access to essential therapies. Despite receiving over £37 million from the government this year, families like that of five-year-old Jaxon from Doncaster express urgent needs for behavioral support and intervention, highlighting the ongoing struggles exacerbated by the pandemic. The charity's chief executive emphasizes the necessity for prioritizing these families as they navigate ongoing difficulties.",25.93,5.66,18.52
uk-england-cambridgeshire-34829954,"The sister of a six-year-old boy murdered two decades ago has said it is ""unbelievable"" his killer is still walking around.","Rikki Neave's sister will participate in a BBC Crimewatch appeal to help solve his murder, which occurred in 1994 when his body was found in woods near Peterborough. Cambridgeshire Police believe public assistance is crucial for finding his killer and will present a reconstruction of Rikki's last known movements, alongside interviews with family members. The investigation has seen ""significant progress"" due to advances in forensic technology, and the appeal aims to encourage anyone with information to come forward.",17.48,1.98,11.65
uk-england-london-55986734,"A baby girl who died from a serious head injury after being found unresponsive at her home was unlawfully killed, a coroner has ruled.","Ten-week-old Lily-Mai Hurrell Saint George died from severe head injuries and multiple rib fractures shortly after being discharged from Great Ormond Street Hospital, despite healthcare professionals expressing concerns about her safety with her parents. The coroner ruled her death as unlawful killing, concluding that the injuries were non-accidental, while the police found insufficient evidence to charge her parents.",27.91,9.52,20.93
entertainment-arts-13786604,The British Museum has been named Museum of the Year by the Art Fund.,"The British Museum received the Art Fund Prize for its successful ""History of the World"" project, which showcased global history through 100 objects, including the world's oldest football. The project, praised for its innovative use of digital media and collaboration with 550 heritage partners, earned the museum a £100,000 prize, marking the first time a London-based national museum has won this accolade. The prize will fund a series of Spotlight Tours featuring key objects from the museum across the UK.",20.62,12.63,14.43
world-latin-america-44176899,"More than 100 people have died after a Boeing 737 airliner crashed near Cuba's main airport in Havana, the country's worst air disaster in decades.","A Boeing 737-201 crashed shortly after taking off from Havana, carrying 105 passengers and six crew members, resulting in multiple fatalities and critical injuries among survivors. Cuban authorities have initiated an investigation and declared two days of national mourning, while eyewitnesses reported seeing the plane burst into flames before it went down. The aircraft, nearly 40 years old, was leased by Cubana de Aviación from a Mexican company, which is also sending specialists to assist with the investigation.",16.82,3.81,11.21
uk-england-humber-38004362,"Plans to electrify the rail line between Hull and Selby have been thrown out by the government, which says the disruption would outweigh any benefits.","First Hull Trains' proposal for fast-track electrification of a 70-mile track to improve journey times between Hull and other cities has been rejected by the Department for Transport, which cited the introduction of bi-mode trains as a sufficient alternative. Labour MP Diana Johnson expressed her anger over the decision, emphasizing the need for infrastructure investment in Hull to support the 'Northern Powerhouse' initiative.",21.98,6.74,19.78
uk-wales-north-west-wales-18884003,"Unemployment in Wales has risen slightly in the last quarter, latest figures show.","Wales has seen an increase of 2,000 unemployed individuals, raising the total to 133,000 and an unemployment rate of 9%, surpassing the UK's rate of 8.1%. Welsh Secretary Cheryl Gillan expressed disappointment over the figures, highlighting the fragility of the labor market amid economic uncertainty, while Business Minister Edwina Hart emphasized the Welsh government's efforts to support businesses and create jobs through various investment initiatives.",12.05,2.47,9.64
uk-wales-41808082,"Two senior council officers who were suspended on full pay are to receive almost £300,000 in pay-offs.","Caerphilly council has terminated the employment of deputy chief executive Nigel Barnett and head of legal services Daniel Perkins following a 2013 audit report on their salary increases. Both will receive compensation of £171,000 and £127,000, respectively, to settle the matter, which has drawn significant public interest and concern. The council stated that these settlements were less costly than continuing a disciplinary investigation, which would have prolonged the situation.",13.33,0.0,8.89
world-africa-26904627,The French government has announced that it is pulling out of the 20th anniversary commemorations on Monday for the Rwandan genocide.,"Rwandan President Paul Kagame accused France of complicity in the 1994 genocide, leading to the cancellation of French Justice Minister Christiane Taubira's attendance at commemorative events in Kigali. Kagame's allegations, which France has consistently denied, assert that France played a direct role in the political preparation for the genocide, while France acknowledges past errors but maintains its forces aimed to protect civilians. The tensions come as Rwanda marks the 20th anniversary of the atrocities that resulted in the deaths of at least 800,000 people.",24.07,7.55,14.81
uk-england-oxfordshire-47569785,A former police officer has been accused of doing karate while on reduced hours at work with a back injury.,"Tony Alderman, a former police constable from Banbury, is facing a misconduct hearing for allegedly participating in karate while on restricted duties due to a back injury, despite claiming he could not engage in physical confrontations. The hearing will assess whether he violated professional behavior standards regarding honesty and integrity. The proceedings are scheduled for March 21 and 22.",22.78,15.58,22.78
uk-35326237,The Archbishop of Canterbury is working with other Christian churches to agree on a fixed date for Easter.,"Archbishop Justin Welby announced plans to establish a fixed date for Easter Sunday, following discussions with leaders from various Christian denominations. Although an act of Parliament from 1928 allows for this change, it has never been implemented, and Easter currently varies based on the lunar calendar. Welby expressed hope that a consensus could be reached within the next five to ten years, aiming for the change to occur before his retirement.",26.97,9.2,15.73
business-55615511,Footwear brand Dr Martens is considering selling shares in the business to stock market investors.,"Dr Martens sells 11 million pairs of footwear annually across over 60 countries, generating £672 million in sales, with a notable shift towards direct-to-consumer online sales. Despite pandemic-related challenges, revenues increased by 18% to £318.2 million in the six months to September 2020, and the company sees significant growth potential, identifying an additional 154 million potential customers in its key markets.",20.0,5.13,17.5
business-11587797,To think of maternity leave as a straightforward benefit to a new mum is wrong.,"European policymakers face the challenge of balancing maternity leave benefits with career impacts for women and encouraging gender equality through parental leave for fathers. Research highlights the complexities of maternity pay, including ceiling rates and the impact on long-term career prospects, while varying international practices demonstrate different approaches to maternity and paternity leave. Countries like Germany and France offer substantial paid maternity leave, whereas the U.S. provides limited unpaid leave, resulting in lower access to paid maternity benefits compared to other developed nations.",12.0,4.08,10.0
uk-scotland-48338769,A review ordered after the deaths of two young people in custody has called for the creation of a stronger suicide and self-harm strategy.,"A review by the Chief Inspector of Prisons for Scotland highlighted systemic failures in communication and care at Polmont Young Offenders' Institution, following the deaths of Katie Allan and William Lindsay. The report emphasized the need to minimize social isolation for young inmates and proposed 80 recommendations, including a tailored suicide prevention strategy, while also acknowledging improvements in mental health services and staff relationships within the facility. Justice Secretary Humza Yousaf expressed commitment to addressing these issues and ensuring the mental wellbeing of young people in custody.",28.57,10.91,17.86
world-europe-jersey-29566298,A shuttle service across three Jersey parishes could be trialled if enough volunteer drivers are found.,"Liberty Bus will launch a new shuttle service between St Lawrence, St John, and St Mary, operating five days a week from 07:00 to 18:00 using people carriers. The initiative aims to enhance public transport access for parishioners, and the company is seeking volunteers with clean driving licenses to assist with the service.",11.27,2.9,11.27
technology-38291993,"Pokemon Go has released its first major update, but faces a battle to reinvigorate the gaming phenomenon.","The popularity of the augmented-reality game Pokémon Go has significantly declined since its record-breaking launch in July, with downloads dropping from 79 million to under 10 million by November. Despite this, the game maintains a large player base and continues to generate substantial revenue, with recent updates from developer Niantic including the addition of new Pokémon, though lacking features like character trading and multiplayer battles that many players desire. Analysts suggest that while engaging existing players is crucial, the game's limited core gameplay may hinder its ability to attract lapsed users back, especially with competing releases like Nintendo's Super Mario game on the horizon.",15.75,3.2,11.02
uk-england-london-12465842,A safety assessment on a planned cable car has been launched over concerns the transport link could be too close to London City Airport.,"Transport for London (TfL) has commissioned a safety review by the National Air Traffic Services (NATS) for a proposed cable car linking the 2012 Olympic venues at Greenwich to the Royal Docks, amid concerns from Friends of the Earth regarding its route through a public safety zone near City Airport. Despite these concerns, TfL maintains that the project aims to be completed in time for the Olympics, pending planning permission and funding.",33.33,6.38,18.75
education-36845106,"Universities in England are already announcing a tuition fee increase above the £9,000 limit before Parliament has even finished debating plans which would pave the way to raise fees.","Tuition fees for undergraduate courses starting in autumn 2017 are set at £9,250 by several universities, pending a parliamentary vote on whether to allow increases linked to teaching quality. Critics, including Liberal Democrat and Labour representatives, argue this move represents a ""back-door"" attempt to raise fees without proper debate, while the government maintains that inflation adjustments are necessary to preserve university funding. The proposed teaching excellence framework, which has yet to be defined, will determine if universities can raise fees further based on their quality ratings.",27.12,5.17,15.25
world-middle-east-34290965,US Secretary of Defence Ashton Carter and Russia's Defence Minister Sergei Shoigu have held their first talks to discuss the conflict in Syria.,"A recent phone call between U.S. Defense Secretary Ash Carter and Russian Defense Minister Sergei Shoigu highlighted both nations' interest in avoiding accidental clashes in Syria, amid Russia's increased military presence there. Moscow's support for President Bashar al-Assad is driven by security concerns, economic interests, and a desire to prevent radical Islamist groups from gaining power, while also keeping diplomatic channels open with the Syrian opposition. Despite tensions, Russia's actions in the Middle East are largely defensive, focusing on safeguarding its interests rather than posing a direct threat to U.S. and EU objectives.",19.51,8.26,14.63
uk-england-hampshire-18131755,A scheme to move a meandering stream in Hampshire has met with criticism from a group of local residents.,"The Forestry Commission plans to restore Latchmore Brook to its natural meandering course to address erosion caused by previous artificial modifications. However, the Friends of Latchmore oppose the project, arguing that the current stream supports protected wildlife and that dumping 10,000 tonnes of gravel would harm the environment. Supporters of the restoration, including Natural England and the Environment Agency, believe it is necessary to reconnect the stream with its floodplain and mitigate erosion.",10.75,0.0,8.6
uk-scotland-south-scotland-47473672,"A council is considering trapping and killing adult birds as a ""last resort"" in efforts to tackle urban gull issues.","Dumfries has seen an increase in nesting gull pairs from 618 in 2010 to 660 last year, despite a nest and egg removal scheme initiated in 2009. A report has suggested exploring alternative measures, such as trapping adult birds, to manage the growing population and reduce conflicts with residents, while continuing the current removal scheme for another year. Various strategies, including roof spikes and bird-proof bins, are also being implemented to limit access to food sources and mitigate issues caused by gulls.",23.3,1.98,11.65
uk-34592554,"The last British resident in Guantanamo Bay says he is ""not getting his hopes up"" about returning to the UK, as there have been ""so many false promises"".","Shaker Aamer, who has been held at Guantanamo Bay since 2002, may be released to the UK as early as October 25, following the US government's announcement of his release last month. Aamer expressed cautious optimism about his return, stating he desires a cup of coffee and a medical check-up upon his release, while maintaining that he has been unjustly detained for over 13 years. He emphasized his commitment to obeying the law upon his return and expressed gratitude for the support he has received from his UK advocates.",23.53,6.84,13.45
uk-england-suffolk-14248726,Plans to build a waste incinerator in Great Blakenham have been approved by Suffolk County Council.,"Private company Sita plans to open a £185 million waste-to-energy plant in Great Blakenham by the end of 2014, which will incinerate 269,000 tonnes of rubbish annually to generate electricity for 30,000 homes. Concerns have been raised by local officials about increased heavy traffic on unsuitable roads, especially with another major project, the £320 million SnOasis winter sports complex, planned for the area. Despite these concerns, the county council believes the facility will provide economic benefits, including job creation and potential funding for community projects.",24.76,9.71,22.86
world-south-asia-14078251,Security forces in the Pakistani city of Karachi have been ordered to shoot on sight to stem violence in which 80 people have been killed since Tuesday.,"Karachi is experiencing widespread violence attributed to armed gangs linked to rival political parties, resulting in a near-total shutdown of the city with closed shops, schools, and minimal traffic. The government has deployed an additional 1,000 troops and issued orders for security forces to use lethal force against those involved in violence, while local residents express frustration over the lack of government response. Interior Minister Rehman Malik reported that most casualties are innocent civilians, with 89 arrests made related to the unrest.",21.62,1.83,10.81
world-42873633,"The Pentagon has outlined how it wants to revamp the US nuclear arsenal, and develop new low-yield bombs, largely in response to the threat from Russia.","The global nuclear weapons stockpile has decreased significantly since the Cold War, with over 9,000 warheads currently in military service, primarily owned by the US and Russia. Despite reductions by some countries, all nuclear-armed nations are modernizing their arsenals, which contradicts the spirit of the Non-Proliferation Treaty (NPT). While a UN treaty to ban nuclear weapons has been endorsed by over 100 countries, nuclear-armed states have largely boycotted it, maintaining their commitment to modernization instead.",26.42,1.92,15.09
world-asia-china-48850085,"The US has accused China of conducting missile launches in the South China Sea, describing Beijing's actions as ""meant to intimidate"".","US media reported that China launched missiles in the disputed South China Sea, a claim not confirmed by Beijing, which had announced military drills in the area. The Pentagon stated that these actions are coercive and contrary to China's claims of promoting peace, as tensions rise among nations with overlapping territorial claims. The South China Sea remains a critical and contentious region, with the US frequently criticizing China's militarization efforts.",34.04,10.87,23.4
uk-england-bristol-26866388,"A cash machine at a petrol station in Bristol might have been ""blown up"", police have said.","A cash dispenser on Hartcliffe Way was vandalized early in the morning, resulting in £10 notes being scattered across the forecourt. Police are investigating whether any money was stolen and are asking for information from the public, noting that this is not the first incident involving the dispenser, which was previously attacked last year.",11.27,2.9,11.27
education-18819391,Another 102 new free schools have been approved to open in England from next year onwards.,"The UK government has announced the expansion of free schools, with 102 new institutions set to open from 2013 onwards, aimed at increasing parental choice and improving educational standards. Supporters claim these schools will provide up to 100,000 additional places, while critics argue they divert resources from existing schools and disrupt the education system, citing examples of low demand in certain areas. The Prime Minister defended the initiative as a success, asserting that competition will enhance overall educational quality.",18.75,6.38,12.5
world-us-canada-45093636,"Twin wildfires in California, known as the Mendocino Complex Fire, have grown to become the largest active wildfire in state history, officials said on Monday.","Wildfires in California have rapidly consumed 283,800 acres, resulting in at least seven fatalities from the Carr fire and prompting a massive response from over 14,000 firefighters and military personnel. President Trump has criticized California's environmental laws as exacerbating the fires, a claim dismissed by local officials and experts who attribute the severity to climate change and drought conditions. The Mendocino Complex Fire has become the largest in state history, currently only 30% contained, with forecasts predicting continued extreme weather.",31.48,16.98,25.93
uk-england-nottinghamshire-53779824,"A site where the side of a cliff collapsed into gardens should not have been developed until it was secure, a report has found.","A landslide in Mansfield, Nottinghamshire, in November led to the evacuation of about 35 homes, with an independent report stating that the site should not have been developed until the quarry face was secured. Although the council acted reasonably in approving the development, it was criticized for being slow to address known risks, and they are now working to stabilize the cliff. The council's chief executive emphasized the need to learn from the incident to prevent future occurrences.",29.13,13.86,21.36
technology-55146149,"When journalist Orla Barry received a notification from her iPhone informing her that her period was due ""any day in the next three weeks"", she shared it on social media with wry amusement.","Period tracking apps are popular but face challenges in accurately predicting menstrual cycles and ovulation, with a 2018 study showing they only correctly identify ovulation 21% of the time. Users often find these apps inadequate for their evolving needs throughout different life stages, such as trying to conceive or managing menopause symptoms. Experts emphasize the need for a comprehensive app that can effectively support women from puberty to menopause, as many existing options lack the necessary features and reliability.",12.5,0.0,5.36
entertainment-arts-14045644,Zoe Ball is to replace Claudia Winkleman as the presenter of Strictly Come Dancing spin-off It Takes Two.,"Radio 2 host Claudia Winkleman is stepping down from her role on ""It Takes Two"" as she prepares to give birth to her third child, with former contestant Janette Ball taking over. Ball expressed her excitement for the role, citing her deep connection to the show, while executive producer Moira Ross highlighted her experience as ideal for providing insider insights. ""It Takes Two"" is set to return in the autumn on BBC Two.",21.74,6.67,15.22
uk-england-london-27799938,Thousands of taxi drivers brought part of central London to a standstill in protest at rival service Uber - a mobile phone app.,"Taxi drivers protested in Trafalgar Square against what they perceive as inadequate regulation of ride-hailing apps like Uber, which they argue undermines their legal rights and extensive training requirements. The demonstration, attended by thousands, caused significant traffic disruptions, with participants calling for equal regulatory standards for all taxi services. Despite the protest, Uber reported a substantial increase in app downloads, while the Metropolitan Police confirmed that the protest complied with their imposed conditions.",20.83,2.13,14.58
uk-politics-43694295,Labour's Harriet Harman says she has accepted an apology from a Conservative MP for hacking into her website.,"Kemi Badenoch admitted to a ""foolish prank"" from over a decade ago where she accessed a Labour MP's website and altered its content to promote the Conservative Party. She has since apologized in writing to former minister Harriet Harman, who confirmed receiving the apology. Badenoch clarified that she gained access by guessing a password rather than through actual hacking.",32.91,5.19,17.72
uk-politics-48276430,Theresa May has set a date for what's probably her last attempt to pass a Brexit deal - and she's told Labour there's an urgent need to compromise.,"Prime Minister Theresa May faces significant challenges as she prepares to introduce Brexit legislation in early June, with little hope for a breakthrough in negotiations with Labour and increasing pressure from her own party to step down. The upcoming European elections are expected to favor Nigel Farage's Brexit Party, potentially prompting a crisis for both major parties. With time running out, May's options appear limited as she seeks support for her Brexit plan amidst growing dissent.",25.93,1.89,12.96
uk-england-beds-bucks-herts-52545947,"A collection of soft toys put on show to cheer up passers-by was mistaken for a charity donation by a van driver, the owner has said.","Sarah Shreeves from St Albans was reunited with her driveway display of cuddly toys after they were mistakenly taken by a man who thought they were left out for collection. The toys, which had been arranged in various scenes since Easter, sparked community support, with neighbors providing replacements during the search. Hertfordshire Police confirmed no further action would be taken as the toys were returned after the misunderstanding.",16.84,2.15,10.53
world-asia-china-45480222,China has ordered the indefinite suspension of ride-hailing giant Didi Chuxing's carpool service after the murder of two people.,"Chinese state media reports that heightened background checks for drivers and new technology requirements will remain in place for Didi Chuxing until improved safety standards are implemented. This follows intense scrutiny after the murders of two female customers, prompting public outcry and calls for a boycott of the service. While Didi's carpool service has been suspended, its regular ride-hailing operations will continue unaffected.",34.88,19.05,16.28
world-middle-east-34422202,The strategic chessboard of the Middle East has been rattled severely this week with the sudden entry of advanced Russian warplanes into the already complex battlefields of Syria.,"The arrival of Russian airpower in Syria is seen as a significant boost for President Assad's regime and its Iranian allies, potentially allowing them to regain lost territory and eliminate moderate rebel groups, while complicating U.S. efforts against ISIS. This development may also serve as a recruitment tool for ISIS, as the conflict intensifies and the prospect of peace diminishes, leaving the U.S. increasingly sidelined in the resolution of the Syrian crisis.",19.42,1.98,13.59
world-latin-america-51913316,"The number of coronavirus cases in Latin America has not reached European proportions yet but judging by decisions taken in the last few days, governments here are not taking any chances.","Venezuelan President Nicolás Maduro announced a nationwide quarantine as the country's coronavirus cases surged from 16 to 33 in a single day, emphasizing the need for urgent action to prevent a pandemic. Meanwhile, other Latin American countries like Peru and Chile are implementing strict measures, while Brazil faces criticism for President Jair Bolsonaro's dismissive stance on the virus despite rising cases. Experts warn that the region's varied health systems and demographic factors could influence the effectiveness of these responses.",15.79,1.79,10.53
entertainment-arts-36469900,Sex and the City star Kim Cattrall has spoken about the chronic insomnia that forced her to withdraw from a play at London's Royal Court last year.,"Actress Kim Cattrall withdrew from her role in the play ""Linda"" shortly before its opening, citing mental health struggles that left her feeling overwhelmed. She emphasized the importance of prioritizing her well-being over the production, despite facing criticism for her decision. Noma Dumezweni took over the role, and Cattrall expressed that the situation was more complex than public perceptions suggested.",20.22,2.3,11.24
uk-england-birmingham-49976048,A lorry driver has been convicted of causing the death of a cyclist after his cluttered dashboard obstructed his view in a fatal collision.,"Robert Bradbury, 50, was found guilty of causing death by careless driving after hitting Dr. Suzanna Bull, 32, in Birmingham in 2017, while a jury could not reach a verdict on a more serious charge of death by dangerous driving. Prosecutors are considering a retrial for the latter charge, with a decision expected by October 28. Dr. Bull, a respected member of the NHS, suffered catastrophic injuries while cycling in a designated lane.",20.62,4.21,14.43
business-43891129,Online fashion firm Boohoo has reported strong full-year sales and profits.,"Boohoo reported a 97% increase in revenue to £579.8 million and a 40% rise in pre-tax profit to £43.3 million for the year ending in March, driven by strong sales from its recently acquired Pretty Little Thing, which saw a 228% sales increase. Despite challenging conditions in the UK clothing sector, the company experienced growth in its international business and a 22% rise in active customers, reaching 6.4 million. Shares in Boohoo rose 14.5% following the announcement, reflecting its successful strategy of appealing to younger consumers through social media and fast fashion.",14.68,0.0,9.17
uk-england-coventry-warwickshire-40763255,Family and friends of a man who died nine days after being arrested by police have staged a march.,"Darren Cumberbatch, 32, died after being detained by Warwickshire Police and taken to the hospital, prompting a rally by his family who allege he was Tasered. The Independent Police Complaints Commission is investigating the circumstances of his death, including the use of force, while his family seeks answers regarding unexplained injuries on his body.",27.4,2.82,16.44
uk-scotland-54648063,Five Scottish hospitality industry bodies have launched a legal challenge against the Scottish government's Covid restrictions.,"Trade bodies representing the hospitality sector in Scotland plan to petition for a judicial review if current restrictions, including pub closures, are not lifted. They argue that the measures are disproportionately impacting their industry, which is already at a breaking point, and demand meaningful consultation with the government. In response, First Minister Nicola Sturgeon acknowledged the stress on businesses but emphasized that the restrictions are necessary to manage the public health crisis.",15.73,0.0,13.48
world-asia-india-37381860,An MP from the ruling party in Indian-administered Kashmir has resigned to protest against the way authorities' have handled weeks of political unrest.,"Tariq Hameed Karra criticized the government's ""brutal"" policies and resigned from his party and parliament in protest of its alliance with the BJP, amid ongoing violence in Kashmir that has resulted in over 80 deaths since early July. He highlighted the unprecedented closure of mosques during Eid al-Adha, stating that Kashmiri people were denied the opportunity to offer prayers, and attributed the unrest to the killing of a militant leader, Burhan Wani. The region, claimed by both India and Pakistan, has been a longstanding conflict zone with various groups seeking independence or unification with Pakistan.",19.83,0.0,13.22
business-27547157,"The US and the European Union have made ""steady progress"" on a trade and investment agreement, according to America's chief negotiator.","The US and EU are in the fifth round of negotiations for the Trans-Atlantic Trade and Investment Partnership (TTIP), aiming to reduce tariffs and trade barriers while ensuring consumer, health, and environmental protections remain intact. Despite progress in discussions, particularly on regulatory alignment, challenges persist, especially regarding investor-state dispute settlement, which has raised concerns among European campaigners about potential impacts on standards.",27.91,9.52,18.6
uk-england-cornwall-36802938,"A teenager who fell from a harbour wall ""freaked out"" when a seagull tried to snatch her ice cream before plummeting 15ft (4.6m).","Eighteen-year-old Joanna Rich was airlifted to the hospital with back injuries after falling from Smeaton's Pier in St Ives, Cornwall, while trying to escape an attacking gull. Witnesses reported her panic before the fall, and she is now recovering at home. The RSPB and experts warn that feeding gulls can lead to aggressive behavior towards humans, urging better management of food waste in tourist areas.",10.87,2.22,10.87
uk-scotland-10907471,"The ""subdued"" recovery in the Scottish economy was maintained in July, although a disparity between sectors has emerged, according to a survey.","The Bank of Scotland's poll indicates a ""robust"" recovery in the manufacturing sector, while the service sector experienced only ""moderate"" growth, with staffing levels remaining unchanged. The purchasing managers index for July rose to 53.0, marking the thirteenth consecutive month of increased activity in Scotland's economy, though new orders grew at their slowest pace in three months. Overall, the report highlights a divergence between strong manufacturing growth and sluggish service sector performance.",24.74,4.21,18.56
education-14547880,"The majority of UK students are happy with the quality of their university course, an annual survey suggests.","The National Student Survey revealed that 83% of 265,000 final-year students in the UK were satisfied with their education, a slight increase from 82% in 2010. However, 9% expressed dissatisfaction, with many citing issues related to assessment and course management. The survey's findings highlight the importance of student feedback as tuition fees rise in 2012, prompting calls for universities to enhance the learning experience.",25.88,0.0,16.47
uk-politics-23955577,"The GMB union is to cut the affiliation funds it gives Labour from £1.2m to £150,000 in the wake of a row over reforms, it has announced.","The GMB union announced it will reduce its funding to the Labour Party, reflecting concerns over the number of members likely to individually affiliate with the party following Ed Miliband's proposed reforms that require members to opt in. Currently, the union automatically affiliates 420,000 members, but estimates suggest only about 50,000 would choose to join under the new system, prompting fears about the impact on Labour's financial support and collective union engagement.",32.38,3.88,17.14
uk-northern-ireland-51656478,Causeway Coast and Glens Borough Council has voted not to issue a Building Preservation Notice on the Barry's Amusement Complex site.,"The Portrush council planning committee recently discussed the potential sale of Barry's Amusements, a site operated by the Trufelli family since its opening in 1926. UUP councillor Joan Baird opposed issuing a Building Preservation Notice, arguing that the site lacks architectural significance and should not be preserved like more iconic buildings.",35.14,16.67,21.62
uk-england-essex-52021368,Three men have admitted stealing toilet rolls and handwash as supplies ran low because of the coronavirus crisis.,"Three men from Essex—Johnnie Scamp, James Scamp, and Thomas Simmonds—pleaded guilty to burglary after being arrested for breaking into a building site in Hatfield Peverel. Following their arrest, which occurred when police stopped their van after it crashed through a barrier, they received community service orders, with Johnnie required to complete 100 hours and the others 140 hours each.",10.13,2.6,10.13
blogs-news-from-elsewhere-26230104,"A shaman in a remote Siberian village has been broadcast on national TV performing traditional rituals to bring luck to the Russian Olympic team, it appears.","In the Evenkia region of Russia, a shaman performed a ritual involving dancing, chanting, and offerings of vodka to spirits in an effort to support the underperforming Russian national Olympic team. This traditional practice reflects the villagers' disappointment with the team's results, as they seek to invoke spiritual assistance for their athletes. Similar rituals have also been reported among the Teleuts, another Siberian ethnic group.",36.96,4.44,21.74
technology-38014503,Next-generation smartphones could avoid signal drop-outs thanks to new data-rich maps being produced by Ordnance Survey.,"Ordnance Survey has developed a detailed 3D modeling tool that incorporates buildings, terrain, and vegetation cycles to help researchers assess the performance of 5G towers in various locations, addressing the technology's susceptibility to interference. The tool aims to improve network coverage by providing insights into optimal tower placements, as 5G signals have a shorter range and are more affected by environmental factors compared to previous generations. Initial models have been created for parts of Bournemouth, with plans for broader implementation across the UK.",11.65,1.98,3.88
world-europe-isle-of-man-55575570,The world's oldest continuous parliament is reverting back to virtual meetings and sessions following the Isle of Man's second lockdown.,"Tynwald and its associated legislative bodies will conduct sessions digitally due to a new lockdown prompted by seven recent Covid-19 cases. Strict measures for postal and creamery deliveries are in effect, including social distancing for postal staff and changes to delivery protocols, while audio of the sessions will be streamed live on the Tynwald website.",17.95,0.0,10.26
technology-11935539,"A member of the Anonymous group of hackers, which has been targeting firms it sees as being anti-Wikileaks has said the campaign is not over.","The hacktivist group Anonymous has intensified its campaign against companies that have withdrawn support from Wikileaks, resulting in distributed denial-of-service (DDoS) attacks that disrupted Visa and Mastercard services. The group claims thousands have joined their cause, which they describe as a ""war of data"" aimed at preserving internet freedom, while also creating mirror sites for Wikileaks. Despite the attacks, both Visa and Mastercard stated their core processing capabilities remained secure, although some online services experienced disruptions.",23.08,0.0,13.46
health-57055340,"Zero coronavirus deaths have been announced in England, Scotland and Northern Ireland on Monday.","Wales reported four COVID-19 deaths, contributing to a slight increase in the UK's overall death toll, while Boris Johnson announced further easing of lockdown restrictions in England starting May 17. The UK's coronavirus alert level has been lowered from four to three, indicating a decrease in cases and hospital admissions, with a significant portion of the adult population vaccinated. As restrictions ease, indoor hospitality venues will reopen, and gatherings will be allowed, with similar plans in place for Wales, Scotland, and Northern Ireland.",20.0,8.16,16.0
uk-northern-ireland-23242087,Legislation that would bar anyone with a serious conviction from being a special political adviser at Stormont has received Royal Assent.,"A new law prohibits the appointment of special advisers with serious criminal convictions, a measure prompted by Sinn Féin's appointment of Mary McArdle, who was convicted for her role in a murder. The legislation allows advisers sentenced to over five years in prison to appeal, which could affect Sinn Féin adviser Paul Kavanagh, who faces losing his position due to his past conviction for an IRA bombing. Critics, including Sinn Féin, argue the law is discriminatory and undermines equality, while supporters claim it delivers justice for victims.",14.29,0.0,8.93
world-us-canada-30340099,"The US Navy has revoked Bill Cosby's honorary title, claiming allegations of sexual abuse against him are in conflict with its core values.","The Navy has revoked Bill Cosby's honorary title of chief petty officer amid renewed allegations of drugging and sexually assaulting multiple women, which he denies as ""discredited"" and ""defamatory."" Cosby, who has not been charged in connection with these allegations, is facing legal challenges, including a recent lawsuit from a woman claiming she was molested by him as a minor. Additionally, he has resigned from Temple University's board of trustees, and several broadcasters have halted projects involving him.",30.77,15.69,26.92
uk-scotland-tayside-central-15461097,"A £500,000 fund is to open for communities close to a new wind farm that will be built in the Ochil Hills.","The Lochelbank wind farm fund will distribute £20,000 annually for 25 years to projects in the Glenfarg and Bridge of Earn area, following the successful appeal of the 12-turbine development initially rejected by Perth and Kinross Council. Applications for grants ranging from £250 to £2,000 will open for six weeks starting October 29, with the Scottish Community Foundation overseeing the process. The fund aims to support community initiatives that enhance quality of life and promote well-being.",27.18,5.94,15.53
uk-scotland-scotland-business-44849428,"Artificial intelligence (AI) could create more jobs than it displaces in Scotland over the next 20 years, according to a report.","PwC's research predicts that AI could generate 558,000 jobs in Scotland by 2037, while 544,000 jobs may be lost due to automation, resulting in a net increase of 14,000 positions. The report highlights that sectors like health, education, and professional services will benefit, while manufacturing and transport may suffer, emphasizing the need for skills development in digital and creative fields. Additionally, Scotland's economic growth is projected to lag behind the UK, with calls for increased focus on STEM education and innovation.",16.82,3.81,14.95
uk-wales-mid-wales-37456967,A final decision on plans to reorganise schools in Powys has been made by the council.,"Llandrindod and Builth high schools will merge into one school starting September 2018, while Llanbister and Llanfihangel Rhydithon primaries will remain open due to anticipated increases in enrollment. A proposal to merge Gwernyfed and Brecon high schools has been abandoned in favor of a new 11-18 campus in Brecon, with plans to improve the Gwernyfed campus and re-consult on closing the Welsh stream at Brecon high.",21.43,4.88,14.29
world-us-canada-56174168,US Capitol security officials who were ousted in the wake of the 6 January attack on Congress have blamed intelligence failures for the breach.,"During a Senate committee hearing, officials described the January 6 Capitol riot as a ""military-style coordinated assault,"" revealing that rioters were armed and had planned their actions, which resulted in four deaths, including a Capitol Police officer. Ex-Capitol Police Chief Steven Sund emphasized a failure in intelligence and coordination among federal agencies, while lawmakers discussed the need for enhanced security measures moving forward. The hearing follows the impeachment of former President Donald Trump for allegedly inciting the violence, although he was later acquitted by the Senate.",25.0,0.0,12.5
uk-england-tees-23738647,The questions Middlesbrough voters will be asked in a referendum on how the town is run have been revealed.,"The borough council is seeking public opinion on whether to maintain the current system of an elected mayor or switch to an elected leader and executive, with a referendum scheduled for September 26. If the change is approved, current mayor Ray Mallon will retire on May 10, 2015, and the council's head of Paid Service will temporarily assume his duties until a new leader is elected. Voters will decide between continuing with an elected mayor or opting for a leader chosen by fellow councillors.",15.38,3.92,11.54
world-europe-33189194,Vandals have sprayed-painted a controversial Anish Kapoor sculpture on display in the gardens of France's Palace of Versailles.,"The installation ""Dirty Corner"" by artist Anish Kapoor, described as a 60-metre steel tube, faced vandalism and criticism, with some labeling it ""dirty"" and ""gross."" Kapoor clarified that the work is open to interpretation and not solely about sexuality, emphasizing its role in challenging the pristine image of Versailles. He expressed regret over the vandalism, calling it a ""tragedy"" and highlighting the contentious nature of artistic expression.",20.45,4.65,13.64
39987278,More than two million people have applied to register to vote in the month since Theresa May announced plans for a snap general election on 8 June.,"Since Prime Minister's announcement on April 18, over 2 million people have registered to vote, with a significant portion being under 25. The deadline to register online is 23:59 BST on May 22, and a spike in applications is expected as the deadline approaches, with social media platforms like Instagram and Snapchat promoting reminders. Approximately seven million eligible voters in Britain remain unregistered, highlighting the need for increased participation.",30.61,10.42,18.37
world-europe-guernsey-11369477,A general sales tax could be introduced in Guernsey if politicians agree to plans due for discussion in this month's States meeting.,"Deputy Mike Hadley has proposed a 2%-3% increase in the price of everyday goods to address Guernsey's financial deficit, suggesting that the impact on the public would be minimal. He emphasized that this approach would allow people the choice to either save or spend their money, with the latter contributing to the financial solution.",17.72,0.0,10.13
education-41000496,"Children whose fathers are in jail are being punished by rules which limit visits if prisoners do not behave well enough, says Barnardo's.","Barnardo's charity is advocating for the reform of family visit rules for male prisoners in England and Wales, arguing that current restrictions unfairly penalize children for their parents' behavior. The Ministry of Justice acknowledges the importance of family ties in rehabilitation but maintains a system that limits visits based on prisoners' behavior, which Barnardo's claims is detrimental to children. The charity's chief executive has called for alignment of male and female prison visit policies to alleviate the suffering of affected families.",16.67,3.77,12.96
world-europe-isle-of-man-53623689,"There is an ""urgent need"" to retrain parts of the Manx workforce following the coronavirus pandemic, the island's Chamber of Commerce said.","President Caren Pegg warned that some businesses may struggle to retain their workforce as the Manx government introduces a £100m Economic Recovery Fund aimed at creating up to 1,000 retraining and employment opportunities. With current unemployment at 2.6% and emergency support schemes phasing out, Pegg emphasized the need for collaboration between industry and government to develop effective upskilling programs for employees facing job changes.",15.73,2.3,8.99
business-47934518,The troubled Indian airline Jet Airways has failed to secure emergency funding from its lenders.,"Jet Airways has extended its cancellation of international flights until Thursday, facing severe financial difficulties with only seven operational aircraft and debts exceeding $1.2 billion. Thousands of passengers are stranded, and staff have threatened to strike if emergency funding is not secured, while the government has intervened to prevent the airline's collapse during a national election. The airline's future hinges on finding a strategic investor, as it currently requires around $3 million daily to sustain operations.",21.28,6.52,12.77
uk-england-humber-28325860,A hospital trust which was criticised for its high death rates is to come out of special measures.,"The Northern Lincolnshire and Goole NHS Foundation Trust has shown ""real progress"" following a Care Quality Commission inspection, with two of its hospitals rated as ""requires improvement"" and one as ""good."" Chief executive Karen Jackson attributed the improvements to the hard work of staff, while the trust's chairman noted that significant changes were made in response to the Keogh Review. Despite these advancements, inspectors identified 21 areas needing further improvement, particularly in staffing and emergency department layout.",14.58,0.0,10.42
uk-37981631,Police investigating allegations of historical child abuse against the late Prime Minister Sir Edward Heath have arrested two people.,"Wiltshire Police have released two individuals on bail as part of Operation Conifer, which began in 2015 following allegations against former Conservative Prime Minister Sir Edward Heath. The operation aims to protect children and vulnerable adults from potential abuse, while the Sir Edward Heath Charitable Foundation expresses confidence in his innocence. An investigation by the Independent Police Complaints Commission found no evidence linking a past criminal case to threats against Heath.",31.11,9.09,17.78
world-europe-44909625,The US has announced it will give Ukraine $200m (£152m) to strengthen its defence capabilities.,"The Pentagon announced funding for non-lethal operational needs in Ukraine, bringing total U.S. defense support to over $1 billion since 2014, following Russia's annexation of Crimea and ongoing conflict in eastern Ukraine. The announcement follows a summit between U.S. President Trump and Russian President Putin, where they discussed the Ukraine crisis, including a proposed referendum in the Donbas region, though details remain scarce.",9.76,0.0,9.76
technology-39417474,"Google Home, the search giant's smart assistant that rivals Amazon's Alexa, will be launched in the UK in April.","Google is launching its Google Home speaker and assistant in the UK, featuring capabilities like smart home control, translations, and news updates, along with some localized features. The company is also introducing its own Wi-Fi service to address connectivity issues at home. Both products will be available in stores starting April 6, priced at £129 each.",33.33,10.53,20.51
business-56647119,"Boris Johnson says any testing regime for international travel should be easy and cheap, after the boss of EasyJet criticised new government plans.","Prime Minister Boris Johnson indicated that vaccine passports will likely become necessary for international travel as the government aims to reopen travel by May 17, pending final decisions. While destinations will be categorized based on Covid infection rates, travel industry leaders expressed concerns that the costs of required tests could make travel unaffordable for many, calling for clearer guidelines and more affordable testing options.",25.29,7.06,18.39
business-39098801,"Business rates are a ""ticking time bomb"" for small companies in England which should be offered emergency help, the shadow business secretary has said.","Labour's Rebecca Long-Bailey criticized the government's handling of upcoming business rate revaluations, warning that many firms, particularly small retailers, face significant increases while larger companies benefit from cuts. The government has established a £3.6 billion transitional fund to assist affected businesses, but Labour proposes a £150 million annual fund for small and medium-sized firms at risk of bankruptcy due to sharp rate hikes. Concerns are growing among small business owners, with many considering closures or reduced investments amid rising costs.",18.35,3.74,11.01
uk-wales-47613737,"An opencast coal mine in the south of Powys could be re-opened, safeguarding 100 jobs, its operators say.","Celtic Energy is seeking to extend mining operations at Nant Helen until the end of 2021 to replace dwindling supplies from the nearby East Pit, which is closing. While the Ystradgynlais Town Council acknowledges the need for job support in the area, it has expressed strong concerns about the proposed restoration work, particularly regarding the safety of a planned 30-meter deep lagoon. Powys councillors are set to review the application.",15.56,2.27,11.11
uk-england-northamptonshire-45422318,"A town with an ""embarrassing"" litter problem has cleared more than 5,400 fly-tips in three months.","Veolia began a 10-year contract in June to manage environmental services in Northampton, addressing a waste backlog and reportedly clearing 40 tonnes of litter, leading to positive feedback from residents. However, a Labour councillor criticized the council for not adequately addressing ongoing issues like fly-tipping, while some residents expressed concerns about the cleanliness of certain areas.",15.79,2.7,10.53
world-europe-42400762,"""It's sad to turn on the television and never see a black face or an Arab personality,"" says Najat Driouech, who is likely to become Catalonia's first female Muslim MP.","Ms. Driouech, a community worker and candidate for the Republican Left of Catalonia (ERC), is campaigning to combat discrimination against Muslims in Catalonia, where she has faced ongoing prejudice despite her achievements as a literary prize winner and university graduate. With 515,000 Muslims in the region, she emphasizes the need for inclusivity and equality, particularly in light of rising racism and the political crisis following the former Catalan government's independence declaration. Driouech aims to elevate the voices of marginalized communities and promote a society that recognizes diversity.",18.18,0.0,8.26
uk-scotland-19416059,A cyclist from Wales has been airlifted to hospital after suffering serious injuries in a mountain bike crash in Scotland.,"A 40-year-old man sustained head, back, and possible spinal injuries after falling off his bike while riding in Dalbeattie Forest, near Dumfries. His friends called emergency services, but due to the area's remoteness, paramedics had to walk to the scene, and he was later airlifted to Dumfries and Galloway Royal Infirmary.",18.92,2.78,10.81
uk-england-norfolk-15534591,"A child artist whose paintings last year fetched £150,000 at a gallery in Norfolk has unveiled a new art sale and exhibition.","Nine-year-old Kieron Williamson, known as ""Mini Monet,"" will showcase 12 new landscape paintings at Picturecraft Gallery in Holt from November 11 to 23, with expected prices ranging from £1,000 to £15,500 each. His previous exhibitions have garnered significant attention, selling out quickly, and he has already purchased a house with his art earnings. Kieron's mother noted his ongoing artistic development and plans for a retrospective exhibition next year to celebrate his 10th birthday.",27.72,2.02,17.82
health-29553435,"Antibiotic prescriptions and cases of resistant bacteria in England have continued to soar despite dire warnings and campaigns, figures show.","Public Health England reported a 6% increase in antibiotic prescriptions from 2010 to 2013, with concerns that up to half may be inappropriate, contributing to rising antibiotic resistance. The report highlights significant regional variations in prescribing practices and warns that without improved management, England could face severe health risks from multi-drug resistant bacteria. Experts emphasize the urgent need for action to prevent a return to a time when routine infections could become deadly.",19.15,4.35,12.77
uk-england-york-north-yorkshire-55218589,The Yorkshire Dales and North York Moors national parks have been designated Dark Sky Reserves.,"The International Dark-Sky Association has awarded special status to the North York Moors and Yorkshire Dales national parks, recognizing them as leaders in dark-sky conservation due to their low light pollution levels. This designation aims to prevent future light pollution, enhance out-of-season tourism, and protect nocturnal wildlife, while the parks will participate in the Dark Skies Festival to promote awareness of the importance of unpolluted skies.",28.24,12.05,21.18
10418681,New rules introduced in the Cornish resort of Newquay after the deaths of two teenagers in 2009 face their first real test.,"Newquay is preparing for an influx of teenagers celebrating the end of exams, but local residents like Tracy Earnshaw are concerned about the associated rowdiness and petty crime. In response to past tragedies, including the deaths of two teenagers last summer, local authorities have implemented the ""Newquay Safe"" initiative, which includes measures such as alcohol-free events, ID checks at bars, and police presence to ensure safety. While community leaders acknowledge the challenges of managing youth behavior, they emphasize the importance of personal responsibility and collaboration among local stakeholders.",16.22,7.34,12.61
uk-scotland-scotland-business-48581074,Production has started on the massive Culzean gas field in the North Sea.,"The Culzean gas field, located 140 miles off Aberdeen, is set to supply 5% of the UK's gas needs at peak production and contains reserves equivalent to 250-300 million barrels of oil. Developed by Total, which holds a 49.99% stake, the project was completed ahead of schedule and under budget, with an expected output of 100,000 barrels of oil-equivalent gas per day. The field is linked to existing infrastructure and represents a significant addition to the UK's domestic gas production capabilities.",12.0,4.08,10.0
uk-northern-ireland-54455718,People in Northern Ireland caught breaching coronavirus regulations will now face a minimum fine of £200 under plans agreed by the executive.,"Northern Ireland's ministers have approved new penalties to enforce Covid-19 regulations, including mandatory face coverings in additional settings and fixed penalty notices for businesses that violate closure and social distancing rules. Despite rising infection rates, the executive has opted against imposing new local restrictions but is considering a circuit breaker lockdown during the half-term holidays if necessary. Health officials report significant staff shortages in the healthcare sector due to the virus, emphasizing the urgency for community behavioral changes to mitigate the situation.",14.95,3.81,11.21
technology-18725728,"Facebook has invested in a 10,000km (6,214 mile) Asian undersea cable project.","The Asia Pacific Gateway (APG) is a new fiber-optic cable project aimed at enhancing internet speeds between Malaysia, South Korea, and Japan, with additional links to other countries. Funded by a consortium including Chinese internet providers, the $450 million investment is expected to improve Facebook's user experience in rapidly growing markets like India and Indonesia, while reducing reliance on Singapore for internet traffic. Despite Facebook's slowing growth in the US, the company is seeing significant increases in user engagement in Asia, particularly in Japan and South Korea.",11.54,1.96,5.77
uk-northern-ireland-40972208,Victims of institutional abuse have said they are angry that NI Secretary James Brokenshire will not to use his powers to make interim compensation payments.,"The Historical Institutional Abuse Inquiry has called for a state apology and compensation for victims, but the process has stalled due to the collapse of the Northern Ireland Executive. Critics, including victims' advocates and political leaders, have accused Secretary of State James Brokenshire of inaction, urging him to introduce emergency legislation for interim payments to survivors, as many are facing dire circumstances. Brokenshire's spokesperson stated that the issue remains devolved and emphasized the need for the Executive's restoration to address the report's recommendations.",27.03,3.67,16.22
world-europe-24179034,Greenpeace has called on Russia to release a ship seized in the Arctic with 30 activists on board.,"The Russian coastguard is towing the Greenpeace ship Arctic Sunrise to Murmansk after activists attempted to board a Gazprom oil rig to protest drilling in the Barents Sea, which Greenpeace claims threatens the environment. Russia has accused the group of violating an exclusion zone and has described their actions as ""aggressive,"" while Greenpeace maintains that their activists were peaceful and operating in international waters. The activists, including six Britons, are facing legal proceedings in Russia following their detention.",22.92,2.13,12.5
uk-scotland-edinburgh-east-fife-17263435,A friend of missing book keeper Suzanne Pilley has told a court how the divorcee feared her lover was reading her emails.,"Gayle Ann Hawkins testified in the High Court in Edinburgh that her friend, Ms. Pilley, expressed concerns about her partner David Gilroy allegedly hacking her email and accused her of infidelity before she went missing in May 2010. Phone records revealed that Gilroy sent over 400 texts to Ms. Pilley in the month leading up to her disappearance, with the last contact occurring on May 3, 2010, just a day before she was reported missing. Gilroy denies the murder and other charges related to the case.",20.37,1.89,12.96
technology-18280173,The undead have helped an ageing PC game come back to life.,"Arma II's popularity surged in May 2023 due to the release of the Day Z mod, which immerses players in a challenging zombie apocalypse where survival hinges on scavenging and avoiding both zombies and hostile players. Created by Dean ""Rocket"" Hall, the mod quickly gained traction, amassing nearly 150,000 regular players and introducing mechanics like permanent death and character persistence that enhance emotional engagement. Hall believes the success of Day Z validates the demand for immersive gaming experiences, particularly in the context of contemporary cultural anxieties reflected in the popularity of zombie narratives.",5.61,0.0,3.74
uk-england-beds-bucks-herts-45820634,"A new GP and nurse-led Urgent Treatment Centre (UTC) is already ""taking the pressure off"" an A&E department, according to the hospital.","The new Urgent Treatment Centre (UTC) at Bedford Hospital's Cauldwell Centre has successfully treated about 250 patients in its first week, receiving positive feedback for its efficient operations. Dr. Stuart Lloyd noted that the UTC is alleviating pressure on the emergency department, improving patient care and staff morale. Additionally, the Bedfordshire Clinical Commissioning Group has secured a two-year contract for the Putnoe walk-in centre, which will operate with reduced hours.",26.8,8.42,18.56
uk-politics-56246532,"Nearly a year after Sir Keir Starmer became Labour leader, he is being accused of not listening to grassroots activists and not being strident enough in opposition.","Discontent within the Labour Party is growing over leader Sir Keir Starmer's reluctance to advocate for an increase in corporation tax during the pandemic, with some left-wing members and former shadow ministers expressing concerns about the party's positioning. They argue that raising corporation tax would target big businesses rather than struggling families, and emphasize the need for the leadership to consider grassroots opinions on wealth taxes. As Starmer prepares to outline his budget response, he faces a divided party regarding his approach to economic recovery.",20.87,3.54,8.7
uk-scotland-41172435,"Donna Davidson and her brother Sandy were playing in her grandparents' garden in Irvine, Ayrshire, 41 years ago. That is the last time she saw him.","Donna Davidson reflects on the disappearance of her brother Sandy, who went missing at the age of three while playing in their garden, with only a sighting of him holding a man's hand reported afterward. Despite ongoing efforts, including DNA matching attempts, no leads have emerged, leaving her in search of closure as she grapples with the pain of his absence. Similarly, Iain Mowatt, missing since 2007, is remembered by friends and family who continue to hope for his return, highlighting the enduring impact of unresolved disappearances.",26.32,7.14,19.3
world-europe-isle-of-man-20754666,"The Department of Community, Culture and Leisure has asked residents with a Public Passenger Vehicle (PPV) licence for help during a proposed bus strike.","Bus Vannin drivers, represented by the Unite union, voted overwhelmingly to strike over a potential £3,000 pay cut, with a three-day strike set to begin on Thursday. The Department of Infrastructure is seeking to mitigate disruptions by recruiting licensed drivers and utilizing alternative transport options like the steam railway and electric trams. Negotiations between the department and the union are ongoing, with both sides expressing a willingness to discuss potential solutions.",18.56,6.32,12.37
uk-england-berkshire-42646881,A large residential development on a retail park in Reading has been approved by the borough council.,"The former Toys R Us and Homebase site in Kenavon Drive will be transformed into a residential estate featuring 765 properties, including 157 affordable homes, along with a riverside square for shops and eateries. Development is set to begin later this year, pending consultation with the Secretary of State, amid some local objections regarding noise and traffic, as well as concerns from the Environment Agency about proximity to the River Kennet. The design will incorporate elements reflecting the site's heritage, including an 11-storey building and a riverside walk.",11.21,0.0,7.48
business-28397624,Chinese telecom equipment maker Huawei has reported a 19% jump in sales to 135.8bn yuan ($21.9bn; £12.8bn) for the first six months of the year.,"Huawei expects an operating profit margin of 18.3% and has become one of the world's largest smartphone makers, shipping 13.7 million units in the first quarter of the year. The company has diversified into sectors like wearable technology and has benefited from investments in LTE networks, despite facing scrutiny over security concerns related to its ties with the Chinese government.",24.18,6.74,17.58
business-37574992,"Controversial US blood-testing company Theranos is shutting clinical and medical facilities and slashing jobs, three months after its founder was banned from owning a laboratory.","Theranos, founded by Elizabeth Holmes, faced regulatory scrutiny and a significant decline in value after allegations of unreliable blood-testing technology surfaced. The company announced the closure of facilities affecting 340 employees and plans to focus on its miniLab platform for small-volume sample testing, despite ongoing investigations and a tarnished reputation. Analysts suggest that the company's exit from the direct-to-consumer market was inevitable due to its troubled history and the need for a complete overhaul to regain credibility.",22.22,1.89,14.81
uk-england-humber-24444646,"A 91-year-old woman known as the ""Bee Lady"" who has raised £92,000 in loose change for charity has been presented with a national award.","Jean Bishop, a 14-year fundraiser for Age UK who dresses in a bee costume, has been named Fundraiser of the Year at the Pride of Britain Awards. After losing her husband, she began collecting donations to support elderly services, and has set a fundraising target of £100,000. Her efforts have been praised as inspiring, with her contributions significantly aiding the charity's mission.",34.78,2.22,15.22
blogs-the-papers-52945427,The Madeleine McCann investigation makes many of the front pages again.,"The Daily Mirror and the Daily Express report on the investigation into a German girl's disappearance, linking it to a suspect involved in the British case, with police planning to excavate land near two Portuguese properties associated with him. Meanwhile, the UK government is preparing economic measures to address the impact of the coronavirus pandemic, including a potential ""Great Recovery Bill"" and changes to Sunday trading laws, amid rising concerns about infection rates in some regions.",9.09,2.33,9.09
uk-england-wiltshire-48369823,"Councillors have approved plans to replace three special schools in Chippenham, Trowbridge and Rowde with a much larger specialist school.","Wiltshire Council plans to open a new school with a medical center and paediatric nurses in Rowde in 2023 to accommodate 220 additional places for children with special educational needs. However, parent Melissa Loveday criticized the plan as impractical, arguing that the location is inaccessible for many families and that public sentiment, reflected in petitions signed by 7,500 people, has been overlooked. The council maintains that their focus is on providing safe and effective educational spaces for these children, and the decision is pending approval from the Secretary of State for Education.",17.7,3.6,10.62
business-30476503,Taxi drivers are blocking some roads around Paris and at airports in protest at the taxi-booking service Uber.,"France's Interior Ministry announced a ban on UberPop, the company's carpooling service, effective January 1, citing safety concerns and the perception that it operates as a standard taxi service. In response, the president of the Taxi de France union urged taxi drivers to protest against what they view as unfair competition, while a Belgian regional transport authority expressed support for a legal challenge against Uber.",20.93,4.76,11.63
uk-wales-54989739,Two men have denied gross negligence manslaughter after a workman was killed when a Cardiff church collapsed.,"Jeff Plevey's body was found in 2017 at Citadel Church in Splott, where he was working on demolition. Two men were granted unconditional bail at Newport Crown Court, while four others face health and safety breach charges, including one who pleaded guilty. Six companies have been charged under the Health and Safety at Work Act, with the next pre-trial hearing set for February 1.",12.05,2.47,7.23
business-21339245,"Banking giant Barclays had an ""aggressive"" and ""self-serving"" culture under its former boss, the new chief executive has told MPs.","Antony Jenkins, the new CEO of Barclays, informed a parliamentary committee that he is working to eliminate the legacy issues from his predecessor, Bob Diamond, including cutting bonuses and waiving his own. He acknowledged the bank's additional £1 billion set aside for mis-selling claims related to payment protection insurance and interest rate hedging, and emphasized the need for cultural reforms within the bank following a challenging year.",13.33,2.27,8.89
uk-wales-south-east-wales-26541331,An NHS patient in Wales with a life-threatening condition has written to the UK health secretary asking to have treatment in England.,"Mariana Robinson, a 60-year-old artist from Monmouthshire with a rare pancreatic condition, has faced long waiting times for a consultant in Wales and was denied treatment in England by the Aneurin Bevan health board. She has spent over £3,000 seeking private care and expressed frustration over the bureaucratic Welsh healthcare system, highlighting that many patients experience similar delays. The Welsh government acknowledged the issue but emphasized that the majority of patients wait less than 26 weeks for treatment.",23.08,9.8,13.46
uk-wales-politics-35653209,Plaid Cymru leader Leanne Wood has said her party are preparing to govern for the next ten years.,"Ms. Wood expressed her desire for Plaid Cymru to lead a government independently, potentially as a minority, rather than in coalition with Labour. She emphasized her commitment to a long-term plan for transformational change in Wales, focusing on health, education, and the economy, while defending her decision to run in both a constituency and regional list seat in the upcoming elections.",20.0,2.56,15.0
uk-13348326,Disabled people and their families have held a protest in central London against government spending cuts.,"Organizers of the Hardest Hit Protest are advocating against cuts to disability living allowance and local services, claiming that 1.48 million disabled individuals will be adversely affected by £374 million in reductions. Protesters, supported by 40 charities, argue that the government's welfare reforms are failing to protect the most vulnerable, while ministers maintain that the changes are necessary to ensure benefits reach those in genuine need. The protest coincides with the first anniversary of the coalition government's formation and highlights concerns over the fairness of benefits assessments for individuals with fluctuating health conditions.",12.5,0.0,8.93
uk-politics-22274739,"Abolishing the Agricultural Wages Board will result in the ""under-cutting"" of British labourers by foreign workers, Labour has warned.","In a Commons debate, ministers argued for the abolition of the Agricultural Wages Board (AWB), claiming it is outdated and unnecessary due to the existing minimum wage, while Labour warned that its removal could lead to lower wages and poorer conditions for workers. The AWB currently sets pay for 153,000 workers in England and Wales and ensures basic provisions like accommodation and holiday pay. If the Enterprise and Regulatory Reform Bill passes, the board will be dissolved, prompting concerns about the potential erosion of workers' wages and rights.",20.18,7.48,14.68
world-middle-east-49733558,The US has reportedly identified locations in Iran from which drones and cruise missiles were launched against major Saudi oil facilities on Saturday.,"Senior US officials indicated that recent drone and missile attacks on Saudi oil facilities originated from northern Iran, despite claims from Yemen's Houthi rebels of responsibility. The attacks disrupted global oil supplies, causing prices to spike, while US officials are preparing to present evidence linking Iran to the incident, prompting discussions of potential responses from the US and its allies. Iran has denied involvement, with its leaders suggesting the attacks were a reaction from the Yemeni people and dismissing any dialogue with the US unless it retracts its previous actions regarding the Iran nuclear deal.",21.85,6.84,11.76
business-28417218,"UK property sales in June hit their joint highest monthly total since the financial crisis began, figures show, but sales among young adults are low.","In June, the UK housing market saw 109,580 sales, matching November's figures and marking the highest level since 2007, driven by government schemes. However, only 3% of buyers were under 30, the lowest recorded, as stricter affordability checks and high deposit requirements make it increasingly difficult for first-time buyers to enter the market. Despite signs of recovery, experts suggest the market may slow down after the summer months.",16.67,2.13,10.42
uk-northern-ireland-56030187,"PSNI Chief Constable Simon Byrne retains the full backing of the NI Policing Board, following a two-hour meeting behind closed doors.","Confidence in Chief Constable Simon Byrne has been reaffirmed by the policing board amid scrutiny over his leadership and recent confrontations involving officers at a Troubles commemoration event in Belfast. While acknowledging the challenges of enforcing Covid-19 regulations, the board expressed commitment to work collaboratively with Byrne, who faces a potential budget shortfall that could lead to a reduction of around 300 officers from the current force of approximately 7,000.",21.28,8.7,19.15
world-europe-52941845,"Russian prosecutors have ordered checks at ""particularly dangerous installations"" built on permafrost after a huge oil spill in the Arctic.","An emergency was declared after a tank at a power plant near Norilsk collapsed, leaking 20,000 tonnes of diesel into a river and contaminating a 350 sq km area. The Russian Investigative Committee has launched a criminal case over pollution and negligence, while President Putin criticized delays in reporting the incident. Environmental groups warn that the spill's scale makes cleanup challenging, with estimates suggesting it could take 5 to 10 years and cost up to 100 billion roubles.",14.0,2.04,8.0
uk-england-cornwall-19610899,"Organisers of a petition against plans to privatise some of Cornwall Council's services say they hope it will get 5,000 signatures so it can be discussed again.","Cornwall Council's cabinet is moving forward with plans to privatize services such as libraries and payroll, despite opposition and a recent vote to postpone the decision. The proposed £300 million contract, which aims to save £2.5 million annually, has sparked a cross-party petition led by independent councillor Andrew Wallis, who argues that the plans should be halted until a majority of elected council members support them.",22.45,6.25,12.24
science-environment-50409541,A fossilised tooth left behind by the largest ape that ever lived is shedding new light on the evolution of apes.,"Scientists have obtained molecular evidence from a two-million-year-old fossil molar of Gigantopithecus blacki, a large ape that lived in Southeast Asia, revealing its close relationship to modern orangutans. This groundbreaking research, which analyzed ancient protein sequences, raises hopes for further studies on human evolution and ancient ancestors, particularly in tropical regions where fossil preservation is challenging. Gigantopithecus is believed to have gone extinct due to environmental changes from forest to savannah.",16.84,2.15,12.63
uk-scotland-scotland-politics-37863161,"MSPs have given the UK government's work and pensions secretary a signed copy of the I, Daniel Blake book.","Damian Green, during a Holyrood committee meeting, defended the welfare system's sanctions regime against accusations that it has driven individuals to suicide, asserting that the system is intended to help people. He criticized MSPs for politicizing personal tragedies and emphasized that while sanctions are a necessary measure, they should only be used as a last resort. Green also discussed a new Green Paper aimed at improving support for people with disabilities and long-term health issues in the workforce.",12.0,0.0,10.0
uk-wales-54888766,"Nearly a quarter of the number of rough sleepers given temporary housing during Wales' first lockdown are living on the streets again, figures show.","Despite efforts by the Welsh Government to provide housing during the pandemic, 101 individuals were reported sleeping rough in August, highlighting ongoing challenges in addressing homelessness. A man from Bridgend, who became homeless during lockdown, expressed feelings of neglect and frustration after being evicted from temporary accommodations, while charities noted that strict policies and limited resources are exacerbating the issue. The Welsh Government continues to invest in solutions, but advocates warn that homelessness and related crises remain unresolved.",19.61,2.0,11.76
uk-wales-56189468,Thousands of students taking vocational courses in Wales will now have their grades decided by their teachers.,"In England and Wales, teachers will determine grades for A-level and GCSE students, while vocational qualifications in Wales remain unaddressed, though some practical exams will proceed safely. As colleges reopen, students express mixed feelings about returning after months of remote learning, with concerns about catching up on practical skills that cannot be learned online. Education Minister Kirsty Williams aims for year 11 and 13 students to return by March 15, but many vocational students feel overlooked in government communications.",18.56,2.11,12.37
uk-england-leeds-48963629,"Football pundit Chris Kamara has posted a tongue-in-cheek response to a ""lookalike"" police e-fit.","Humberside Police shared an image of a suspect resembling former footballer Chris Kamara, who humorously responded on social media, clarifying he was working and not involved in any crime. The police were seeking information about a man who attempted to break into a house in Cleethorpes on June 13. Social media users playfully commented on the resemblance, referencing Kamara's catchphrases.",20.51,2.63,15.38
uk-england-bristol-29800350,"A 12-week, city-wide consultation on the future of Bristol's libraries is to begin in November.","Bristol City Council plans to cut £1.1 million from its library budget due to low usage, with only 5.6% of the population utilizing library services. A consultation will be conducted to gather community feedback and suggestions, with results expected to inform a potential library restructure decision by June.",23.53,0.0,11.76
uk-northern-ireland-17364707,Northern Ireland's environment minister is meeting with licensed bus operators to tackle illegal drinking on buses.,"Northern Ireland's Minister Alex Attwood is addressing the issue of alcohol consumption on buses, meeting with operators to emphasize the legal prohibition and potential fines for allowing drinking on public service vehicles. This initiative is part of a broader effort to combat alcohol abuse and its associated health and safety risks, following recent incidents linked to irresponsible drinking practices. Attwood is also exploring potential legal changes to deter such behavior and has previously engaged with nightclub owners regarding irresponsible promotions.",24.49,12.5,22.45
uk-england-leicestershire-31918762,The decision not to hold a state funeral for Richard III has been criticised by the woman whose efforts led to the discovery of his remains.,"Philippa Langley of the Richard III Society advocates for a state funeral for Richard III, arguing that as a monarch he deserves the honor, similar to Margaret Thatcher's ceremonial funeral. However, the upcoming service at Leicester Cathedral on March 26 will be a reburial, not a state funeral, with the current royal family represented by the Countess of Wessex. Richard III's remains, identified through DNA analysis, were discovered in 2012 beneath a Leicester car park.",27.18,11.88,23.3
world-africa-49799082,"The brother of Algeria's deposed former president has gone on trial, accused of conspiring against the state and undermining the military.","Said Bouteflika, along with two former secret service chiefs and a political party leader, is on trial in a military court for allegedly plotting to declare a state of emergency and remove the army chief amid pro-democracy protests in Algeria. The trial is part of a broader crackdown on former officials linked to ousted President Abdelaziz Bouteflika, as the interim government seeks to demonstrate its commitment to fighting corruption and preparing for upcoming presidential elections. Despite these efforts, protests continue, demanding the removal of all Bouteflika loyalists from power.",23.21,1.82,12.5
uk-16605581,"A new, less complex law on gang-related killings is needed to ensure justice for victims and defendants, MPs say.","The Commons Justice Select Committee has called for clearer laws on ""joint enterprise"" in England and Wales to reduce the complexity of gang-related murder cases and the number of appeals. In response, the director of public prosecutions will issue guidelines clarifying the level of involvement necessary for a murder charge, as current laws may confuse juries and deter witnesses from coming forward. The committee emphasizes the need for urgent guidance to ensure justice while awaiting potential legislative changes.",24.24,8.25,16.16
uk-england-21554597,The father of a cyclist who was left in a coma after she was knocked off her bike has said using hands-free devices while driving should be banned.,"Times journalist Mary Bowers was severely injured in a cycling accident in London when a lorry driver, using a hands-free mobile phone, failed to see her. Although the driver was convicted of careless driving and fined, her father criticized the legal distinction between hand-held and hands-free devices, arguing that both can distract drivers. Following the incident, The Times launched a cycle safety campaign, and the government emphasized the importance of driver concentration and introduced stricter penalties for dangerous driving.",25.23,5.5,16.22
business-44207480,"Tesco is removing ""best before"" labels from many of its fresh produce lines, which it says will help reduce waste.","Tesco will eliminate ""best before"" labels from approximately 70 pre-packaged produce items to reduce food waste, as many consumers often discard perfectly edible fruits and vegetables based on these dates. The supermarket aims to empower customers to assess freshness visually, while maintaining stock rotation procedures to ensure older items are sold first. This decision follows findings that many shoppers are already disregarding ""best before"" dates, leading to unnecessary food waste.",24.18,6.74,17.58
uk-england-somerset-50458297,A dog that had spent almost its entire life at a rescue centre has finally been found a permanent home.,"Three-year-old Faith, a brindle Staffie who had been at the Bath Cats and Dogs home since 2017 without any adoption interest, has finally found a family. Taylor and Matt Elliot traveled from Norfolk to adopt her after recognizing her loving personality, and the rescue center expressed their joy at her new home. Typically, brindle Staffies take longer to re-home, but Faith's adoption has brought happiness to the rescue team.",23.66,4.4,17.2
uk-wales-48380880,"Senior managers at a health board with ""dysfunctional"" maternity services admitted the experiences of patients came as a ""complete shock"" to them.","Cwm Taf Morgannwg health board chief executive Allison Williams acknowledged that mothers have not been adequately listened to, following a review that revealed distressing experiences and poor care at two hospitals. Despite leadership changes being seen as potentially causing delays in improvements, the health board is under scrutiny as it works to address significant cultural issues and improve maternity services, which are currently in special measures. Families have expressed frustration over the handling of complaints and a lack of accountability, with some stating they will seek care elsewhere.",23.64,3.7,14.55
uk-england-wiltshire-20692043,A planning application for a £35m expansion to Swindon's Designer Outlet centre has been approved.,"The Swindon Designer Outlet is set to expand by adding 50,000 sq ft of retail space and creating approximately 350 new jobs, with the conversion of the historic Long Shop building into 30 new shops. This development aims to enhance the shopping experience by grouping similar brands together and is expected to be completed by autumn 2014.",10.81,2.78,8.11
uk-england-cornwall-14714807,A new private company is to take over the running of Cornwall's 14 community hospitals.,"Peninsula Community Health will operate as a community interest company led by senior managers from the Cornwall and Isles of Scilly Primary Care Trust, with a focus on maintaining service delivery rather than undergoing major rebranding. While the company's chairman insists this move is not a step toward privatization, concerns have been raised by the union Unison regarding potential impacts on staff conditions and patient care quality. The organization has been awarded a four-and-a-half year contract to manage community hospital services starting October 1.",21.15,1.96,13.46
business-51195759,"At the end of your online shop, you may have noticed a new way to pay. It's not a bank card, it's not store credit. And it's quick; just a couple of clicks.","""Buy now, pay later"" services in the UK allow consumers to delay payments or split costs interest-free, gaining popularity among young shoppers and parents. Despite concerns from debt charities about potential financial risks, UK regulators, including the Financial Conduct Authority (FCA), currently have no plans to investigate these products, which have seen significant growth in users. Critics warn that while these services can provide short-term relief, they may lead to increased spending and financial over-commitment.",10.53,0.0,7.02
health-29549722,"The UK is to begin screening some passengers who have travelled from Sierra Leone, Liberia and Guinea for signs of Ebola virus disease.","The UK government has announced that passengers arriving at Gatwick, Heathrow, and via Eurostar will undergo temperature checks and be asked questions to assess their risk of Ebola, despite previously deeming such measures unnecessary. This decision follows the U.S. implementing similar screenings at major airports, with British officials stating that the additional screening will enhance protection against the virus, although some experts question its effectiveness given the nature of Ebola transmission and the incubation period.",20.2,4.12,14.14
uk-england-22213671,"The Airports Commission ""should not be swayed"" by calls for an expanded or new hub airport, Gatwick Airport has said.","Gatwick Airport is advocating for increased competition in the aviation industry to enhance flight connectivity between the UK and the world, arguing that the Airports Commission should focus on optimizing existing capacity rather than expanding or creating new hub airports. In contrast, Heathrow maintains that a successful hub is essential for supporting long-haul routes and benefiting passengers and the UK economy. Gatwick's CEO emphasized the need for additional capacity in the future, while challenging the notion that transfer passengers are crucial to the London market.",22.43,13.33,18.69
uk-england-oxfordshire-48260007,"Writer and poet Simon Armitage has been elected honorary fellow of Oxford's Trinity College, days after his appointment as the next Poet Laureate.","Simon Armitage, who served as Oxford's professor of poetry from 2015 to 2019, will deliver his valedictory lecture on May 15 and continues his role as the Poet Laureate for the next ten years. Recognized for his ability to connect with a wide audience, Armitage has published 28 poetry collections and received numerous accolades, including the Queen's Gold Medal for Poetry.",29.89,14.12,20.69
world-middle-east-45587633,The leader of Lebanon's militant Hezbollah movement says it has acquired sophisticated rockets despite Israel's efforts to prevent it obtaining them.,"Hassan Nasrallah claimed that Hezbollah possesses ""precision rockets,"" dismissing Israeli efforts to disrupt supply routes, although he provided no evidence. Following the accidental downing of a Russian reconnaissance plane during an Israeli airstrike in Syria, Israel expressed sorrow but attributed responsibility to the Syrian military, while reaffirming its commitment to counter Iranian influence in the region. Israel's Defense Minister stated that the country would continue targeting Iranian activities in Syria to ensure its security.",16.33,4.17,10.2
uk-wales-politics-35482326,"S4C has been promised an extra £400,000 by the UK government, reversing the first year of proposed grant cuts.","Culture Secretary John Whittingdale announced a comprehensive review of S4C's remit, governance, and funding, while maintaining its annual grant at £6.7 million amid concerns over proposed cuts. S4C's management and various politicians welcomed the decision, emphasizing the importance of financial stability for the channel and the independent production sector in Wales. The review aims to address the potential impact of funding reductions on S4C's services, with hopes that it will prevent further budget cuts.",16.33,0.0,10.2
health-17111092,GPs could soon offer their patients free smartphone apps to help with managing health conditions.,"The Department of Health is launching an initiative to empower patients by allowing them to use health-related smartphone apps, potentially prescribed by GPs, to monitor conditions like diabetes and blood pressure. Health Secretary Andrew Lansley emphasized the importance of integrating technology into healthcare, aiming to make health information accessible and encourage patient engagement in their own care. Details on the initiative will be outlined in the upcoming Information Strategy.",18.82,2.41,11.76
uk-43086194,Young's Seafood is recalling its frozen fish cakes after some products contained small pieces of plastic and metal.,"The Food Standards Agency has declared Young's Chip Shop Fish Cakes unsafe due to contamination with small pieces of hard plastic and potentially metal, prompting a recall of specific packs sold at Farmfoods and Heron Foods. Customers are advised to return affected products, with best before dates of January or February 2019 and specific batch codes. Additionally, Morrisons is recalling its Italian Penne Bolognese Bake ready meal for containing undeclared celery, posing a health risk to those with allergies.",30.3,14.43,20.2
uk-england-manchester-24653967,Boreholes up to two miles (3.2km) deep will be drilled in Manchester to use a thermal spring to heat homes.,"The council has approved GT Energy's proposals for exploratory drilling in Ardwick, which could lead to a geothermal project aimed at reducing energy costs for 6,000 homes and businesses. If successful, the initial boreholes will extract geothermal water to heat properties via underground pipes, with the project being touted as one of the largest geothermal initiatives in the UK. The drilling will take place at the junction of Devonshire Street and Coverdale Crescent, with construction of the plant expected to take 12 months.",20.75,3.85,11.32
uk-politics-48109764,"Extinction Rebellion says a meeting with Environment Secretary Michael Gove was ""very disappointing"" because he refused to declare a climate emergency.","Extinction Rebellion met with Environment Secretary Michael Gove and shadow chancellor John McDonnell to discuss their climate change demands following a 10-day protest in London. While Gove acknowledged the need for greater public understanding and expressed openness to citizens' assemblies, he did not commit to declaring a climate emergency, which activists deemed a moral failure. McDonnell recognized past policy failures but did not agree to a more ambitious target for reducing greenhouse gas emissions by 2030, although he promised to consider it.",26.92,17.65,25.0
business-43157092,"Students are suffering from stress and anxiety caused by the pressures of housing costs, a survey has suggested.","The average rent for student accommodation in the UK is £131 per week, consuming nearly all of a typical maintenance loan and leaving students with only £8 weekly for other living expenses. A survey by Save The Student reveals that 44% of students struggle with rent, leading many to seek additional financial support from parents or take on jobs, which can negatively impact their studies and mental health. The report highlights the urgent need for a fairer maintenance loan system as the government reviews student finance.",15.38,1.96,11.54
uk-politics-51095654,"Foreign Secretary Dominic Raab has said ""the regime in Tehran is at a crossroads"" as he warned Iran against slipping ""further and further into political and economic isolation"".","UK Foreign Secretary Dominic Raab condemned the detention of British diplomat Rob Macaire in Tehran as a ""flagrant violation of international law"" and called for Iran to engage in diplomacy. Macaire was arrested after attending a vigil for victims of a plane crash, with the UK government demanding an investigation into the incident, which they view as a breach of the Vienna Convention. Iran's foreign ministry responded by asserting that Macaire's presence at the vigil was against diplomatic norms and warned of severe consequences for any further mistakes by Britain.",28.33,6.78,21.67
world-us-canada-34848250,"A black man shot by police in an incident that sparked large protests in Minneapolis, Minnesota, has died.","Jamar Clark, a 24-year-old man, was shot by police while allegedly interfering with medics at the scene of an assault in Minneapolis and later died after being taken off life support. Protests erupted outside the police station, leading to the arrest of 51 demonstrators, as calls for a federal civil rights investigation into the shooting intensified amid claims that Clark may have been handcuffed when shot, a claim police deny. The police chief confirmed that the officers involved were not wearing body cameras, and protesters are demanding the release of any available video footage of the incident.",20.51,5.22,15.38
entertainment-arts-48937721,"Swedish film reviewers are giving a cautious welcome to Midsommar, a horror film about a bizarre pagan festival in a remote part of Sweden.","Directed by Ari Aster, the film ""Midsommar,"" starring Florence Pugh and Jack Reynor, explores a midsummer ritual in a fictional Swedish village, receiving strong reviews and an 83% rating on Rotten Tomatoes. Critics in Sweden have expressed mixed feelings, with some praising its entertainment value and depiction of Swedish culture, while others raise concerns about cultural appropriation and the film's portrayal of traditions. Overall, the film has sparked significant interest in Swedish customs among international audiences.",21.78,2.02,11.88
newsbeat-45970106,So you've got a business idea which you're sure is going to make you money - but just how do you get the ball rolling?,"A growing number of young people aged 16-24 are opting for self-employment, with the figure nearly doubling since 2001, although nearly half of start-up businesses fail within three years. Young entrepreneurs share their experiences and advice, highlighting the importance of seeking support through government loans, mentorship programs, and crowdfunding to help navigate the challenges of starting a business.",9.2,2.35,9.2
uk-47054647,The Supreme Court has ruled in favour of three people who claimed their lives were blighted by past minor criminal convictions.,"The Supreme Court ruled that the criminal records disclosure scheme infringes on human rights, particularly affecting individuals with old and minor convictions, and called for government reform. The ruling, supported by various charities, highlights the disproportionate impact of the scheme on children and young offenders, who often face lifelong stigma from past mistakes. Advocates argue that the current system creates barriers to rehabilitation and employment, urging immediate action for reform.",24.18,4.49,15.38
business-29947889,"The owners of Canary Wharf, Songbird Estates, have rejected a joint takeover bid from the Qatar Investment Authority (QIA) and a US investor, Brookfield Property Partners.","Songbird's chairman, David Pritchard, rejected a takeover offer of 295p per share from QIA, stating it ""significantly undervalues"" the company, which saw its shares rise to a six-year high of 320p. Analysts suggest that a more acceptable offer would need to be around 350p per share, given Songbird's substantial development pipeline and management capabilities. QIA, which already holds a 28.6% stake in Songbird, may consider revising its bid.",22.45,2.08,16.33
uk-wales-44161090,"An ""economic contract"" to completely change the way Welsh Government supports business is coming into force.","The Welsh Government is launching a £50 million economic futures fund that requires businesses to meet four criteria, including being fair employers, to access the funds. Economy Secretary Ken Skates emphasizes a ""something for something"" approach to ensure taxpayer money supports businesses with a social purpose, while also addressing concerns about the slow decision-making process for grants and loans. The initiative aims to promote equitable economic growth and support green initiatives, despite criticisms from opposition parties regarding its clarity and detail.",16.33,4.17,10.2
business-30832627,The risks posed by global conflicts will be at the top of the agenda when politicians and industry leaders meet in Switzerland next week.,"At the World Economic Forum, geopolitical concerns are set to dominate discussions, with nearly 900 experts identifying prolonged global conflicts, particularly in Ukraine and the Middle East, as major threats to humanity. The WEF's Global Risks report also highlights environmental issues, cyber threats, and the impact of sanctions and protectionism on global trade, urging policymakers to prioritize cooperation and diplomacy.",23.53,4.82,14.12
world-asia-44450739,"US President Donald Trump says his historic talks with North Korean leader Kim Jong-un that ended in a joint agreement were ""tremendous"".","During a historic summit, President Trump and North Korean leader Kim Jong-un signed a document pledging to work towards denuclearization of the Korean peninsula, with Trump announcing the suspension of US military exercises in South Korea as a concession. While the agreement lacks specific details on how denuclearization will be achieved, it has been met with largely positive reactions from South Korea and Japan, though concerns remain regarding the verification process and human rights issues in North Korea.",27.45,10.0,21.57
uk-england-berkshire-19517436,"A busy Berkshire commuter station could get an extra million passengers each year once the Crossrail line opens, Network Rail has said.","Maidenhead station, currently serving three million passengers annually, is set to upgrade its facilities in anticipation of the Crossrail project, which will introduce longer 10-coach trains capable of carrying 1,500 passengers. The £16 billion rail link, scheduled to open in 2018, will connect Maidenhead to Essex via London, with plans to extend platforms and improve the station's forecourt area. Public interim plans for the upgrades are expected to be released by the end of October.",14.0,4.08,12.0
uk-19946626,"As the latest round of reports into alleged abuse by Jimmy Savile at NHS hospitals are published, the BBC looks at the background to the abuse scandal surrounding him.","Investigations into Jimmy Savile's sexual abuse began after allegations surfaced following his death in 2011, leading to over 100 victims coming forward. Reports from inquiries at 28 hospitals revealed that Savile had abused patients and staff for over four decades, with significant failings in how complaints were managed. Subsequent investigations have continued to uncover further allegations and have resulted in the closure of charities associated with Savile, as well as the removal of memorials to him.",28.3,3.85,16.98
world-us-canada-50679159,"Michael Bloomberg, one of the world's richest men and a candidate to take on President Donald Trump next year, has denied trying to buy the White House.","Former New York City Mayor Michael Bloomberg, who entered the Democratic presidential race in late November, faces accusations from rivals of attempting to buy the election with his substantial personal wealth, having spent $59 million on advertising. Bloomberg defended his campaign strategy by stating that he is using his own money, unlike other candidates who rely on donations from individuals expecting favors in return. Despite polling fifth among 15 candidates, he believes the current Democratic field is weak and expressed concerns about their ability to challenge President Trump.",22.41,5.26,13.79
business-56113366,"It may be legal for companies to insist on new staff being vaccinated as a condition of their employment, the justice secretary has said.","Robert Buckland stated that while existing employees cannot be compelled to get vaccinated under current contracts, new hires could potentially be required to do so if stipulated in their contracts. Some companies, like Pimlico Plumbers and Barchester Healthcare, plan to implement ""no jab, no job"" policies for new employees, though legal experts warn that such clauses must be carefully evaluated to avoid discrimination claims. The UK government has emphasized that vaccination is not mandatory and forcing employees to get vaccinated would be considered discriminatory.",20.37,0.0,12.96
uk-england-cambridgeshire-49688778,A couple whose baby was stillborn say they might not have survived without the support of a charity which is experiencing a funding crisis.,"Petals, a baby loss charity that provided crucial support to families like Libbi and Matthew Johnson after the death of their son Benedict, has suspended new non-emergency referrals due to a lack of funding in Cambridge. The couple emphasized the importance of the counseling they received, which they credited with aiding their recovery, while a petition for the necessary £70,000 annual funding has garnered over 4,000 signatures in just 24 hours.",24.49,0.0,16.33
newsbeat-12904481,"Lily Allen has said she was ""touch and go for a few days"" after she was taken ill following the loss of her second child.","Lily Allen opened up about her emotional struggles following a miscarriage in November during the final episode of Channel 4's ""From Riches To Rags,"" revealing that her experience led to a significant shift in her perspective on life. She expressed how her friends' reactions to her illness overshadowed the devastation of her loss, ultimately fostering a newfound compassion within her. Additionally, Allen criticized the leak of her wedding invitation to the media, stating that the leaker is no longer welcome at her upcoming wedding.",18.18,3.7,16.36
uk-politics-42597563,"The prime minister has defended her record and set out her plans for the coming year, as she prepares to reshuffle her cabinet.","During an interview on the Andrew Marr Show, Prime Minister Theresa May defended NHS funding and rail fare increases while acknowledging the challenges posed by winter pressures on the health service, stating that cancelled operations were part of a plan to prioritize urgent care. She confirmed an imminent cabinet reshuffle following the sacking of Damian Green, with speculation about potential changes in key positions, including the health secretary, amid criticism from Labour regarding the government's handling of the NHS crisis.",21.15,1.96,15.38
43250091,The governor of the US state of Georgia has signed into law a bill denying Delta Air Lines a tax break after the firm cut ties with the US gun lobby.,"Delta Airlines ended its discount for NRA members following the Parkland school shooting, prompting backlash from Georgia Republicans who threatened to revoke a tax exemption benefiting the airline. The Georgia legislature passed a tax package excluding the exemption, while Delta stated it aims to remain neutral in the gun control debate despite its decision to sever ties with the NRA.",28.57,6.74,19.78
uk-england-shropshire-47316380,"The family of a 17-year-old boy whose death is being treated as unexplained has paid tribute to a ""much-loved young man"".","Tom Lee, a young man from Market Drayton, Shropshire, was taken to the hospital on Friday night and later died, prompting a post-mortem examination by Staffordshire Police. Five teenagers have been arrested in connection with his death and released under investigation, while an 18-year-old man has been released on police bail as inquiries continue. Lee's family described him as a popular and much-loved individual who will be deeply missed.",30.61,6.25,16.33
world-latin-america-49815731,President Jair Bolsonaro has insisted that the Brazilian areas of the Amazon rainforest are sovereign territory.,"Brazilian President Jair Bolsonaro defended his government's policies at the UN, rejecting claims that the Amazon is a global heritage and criticizing international media for sensationalism regarding deforestation and fires in the region. Conservationists attribute the rise in deforestation and fires to Bolsonaro's encouragement of logging and agriculture, while he argues that indigenous territories should be opened for development, despite widespread protests and criticism over environmental impacts.",23.53,9.64,16.47
10238508,A defribillator used to 'shock' people back to life after a cardiac arrest has been fitted at the Hafod Eryri visitor centre on Snowdon's summit.,"A public access defibrillator has been installed at the summit of Snowdon, where approximately 150,000 train passengers and 650,000 hikers visit annually. Trained staff from various organizations, including the Snowdon Railway and mountain rescue teams, will be able to use the device to assist individuals experiencing cardiac emergencies until professional help arrives. The initiative aims to improve response times and enhance the chances of survival for visitors in need of immediate medical assistance.",23.76,4.04,11.88
uk-england-surrey-36112956,The coroner at the inquest into the death of a soldier found shot at Deepcut barracks in Surrey has retired to consider his verdict.,"Pte Cheryl James was found dead from a gunshot wound in 1995, and a recent inquest has heard from over 100 witnesses regarding the circumstances of her death. While her family's representative argued for the possibility of a third-party killing based on the absence of soot residue, legal representatives for the police and Ministry of Defence maintained that the evidence supports a conclusion of suicide. The coroner is expected to deliver findings on May 18, following a previous inquest that recorded an open verdict.",23.64,3.7,12.73
uk-northern-ireland-24546470,Revised guidelines on abortion in Northern Ireland are to be brought before the Stormont Executive in weeks.,"Northern Ireland's Health Minister Edwin Poots is reviewing abortion regulations following testimonies from women facing fatal foetal abnormalities, as current law does not permit abortions in such cases. The Department of Health has closed consultation on draft guidelines that have instilled fear among medical staff due to potential legal repercussions for failing to report suspected unlawful terminations. Calls for legislative adjustments have been amplified by high-profile cases, prompting discussions among government officials about the need for change.",16.67,4.26,8.33
uk-wales-politics-55349980,"No disciplinary action is to be taken against the former First Minister, Carwyn Jones, following allegations he breached the ministerial code.","Former Welsh Minister Mr. Jones has been accused of breaching business appointment rules by accepting a position on the global advisory board of GFG Alliance, raising concerns about potential unfair advantages due to his previous access to industry information. Current First Minister Mark Drakeford stated he does not believe any action is necessary, as Mr. Jones has assured that safeguards are in place to prevent misuse of privileged information. Mr. Jones has denied any wrongdoing and has expressed dissatisfaction with ACoBA's handling of the situation, requesting procedural clarity and a right of appeal.",19.13,3.54,8.7
world-europe-24130281,"A search is under way for the winner of an unclaimed multi-million-euro lottery in La Coruna, Spain.","City officials in La Coruna, Spain, are urging the holder of a 4.7 million euro lottery ticket, found in a shop over a year ago, to come forward. The mayor stated that if no one claims the ticket within two years, it will be awarded to the person who discovered it, as mandated by law.",26.67,13.7,16.0
uk-37159581,"The amount of household rubbish being rejected for recycling in England has increased by 84% over the past four years, government figures show.","A BBC Freedom of Information request revealed that UK councils were unable to recycle 338,000 tonnes of waste in 2014-15, a significant increase from 184,000 tonnes in 2011-12, largely due to contamination issues. While overall recycling rates rose from 10.7 million to 11 million tonnes annually, 97% of rejected waste was incinerated or sent to landfill, highlighting the challenges councils face in educating residents about proper recycling practices. The Local Government Association noted that confusion over recycling guidelines contributes to contamination, making it costly and time-consuming for councils to manage waste effectively.",16.53,0.0,9.92
uk-england-birmingham-37587188,The councillor in charge of Birmingham's children's services was told she would probably have to step down if she became pregnant - because the council has no maternity policy.,"Brigid Jones, Birmingham City Council's cabinet member for education and social services, expressed frustration over the lack of maternity provisions for her role, stating she was informed that no policy existed and that she might have to resign if she had a child. The council is now considering implementing a maternity policy, acknowledging that the absence of such arrangements reflects outdated practices in local governance, particularly as more women under 40 are becoming councillors. Sam Smethers from the Fawcett Society highlighted the need for reform, noting that current policies do not adequately support the full-time nature of cabinet roles.",27.48,6.2,19.85
business-49231586,Sales of Japanese cars in South Korea fell sharply last month as a bitter trade row been the two countries provoked a consumer backlash.,"Toyota and Honda sales in South Korea fell by 32% and 34%, respectively, amid a boycott of Japanese goods following Japan's tightening of export controls and removal of South Korea from its trusted trade partner list. In response, the South Korean government plans to invest approximately $6.5 billion to develop domestic alternatives to Japanese products, while the trade dispute continues to be fueled by historical tensions over wartime labor compensation.",20.83,8.51,16.67
uk-northern-ireland-52464932,Schools in Northern Ireland need an extra £60m a year to reverse real term cuts to their budgets.,"A briefing paper for Northern Ireland's education committee reveals that the proposed independent review of education provision may cost £1.1 million annually, with the chair earning £1,500 per day. The Department of Education has requested an additional £427 million for the 2020-21 budget to address financial pressures, but received only £227 million, leading to an estimated £180 million shortfall in the schools budget over the next three years. The review's start is expected to be delayed due to the COVID-19 pandemic.",19.05,1.94,11.43
uk-wales-16815544,The first minister said he expects to see an improvement in literacy at schools after standards were criticised by Wales' inspection service.,"Welsh First Minister Carwyn Jones announced the launch of national literacy and numeracy programs in response to an Estyn report revealing that 20% of children enter secondary school functionally illiterate. While he expressed confidence in the reforms and highlighted improvements in early education, opposition leaders criticized the government's accountability for ongoing educational shortcomings. Jones also noted that additional funding for disadvantaged students would support achieving better literacy standards.",24.18,4.49,17.58
world-latin-america-19986107,"Uruguay has become the second country in Latin America, after communist Cuba, to legalise abortion for all women.","The Uruguayan Senate approved a law permitting abortion in the first 12 weeks of pregnancy, with a vote of 17-14, despite divided opinions in the predominantly Roman Catholic nation. Pro-choice advocates argue the legislation will reduce dangerous clandestine procedures, while anti-abortion politicians contend that the government should focus on promoting adoption instead. The law includes a requirement for women to justify their decision to a panel before proceeding, which has drawn criticism from pro-choice groups.",14.43,0.0,10.31
uk-scotland-south-scotland-56042009,Book festivals across Scotland have been busy drawing up plans to cope with an uncertain year ahead.,"Several Scottish literary festivals are adapting to ongoing uncertainties by exploring online formats, changes in dates, or new venues. The Paisley Book Festival will be held online from February 18 to 27, while the Edinburgh International Book Festival is relocating to Edinburgh College of Art and considering a hybrid model. Other festivals, such as the Borders Book Festival and Aye Write, are also adjusting their schedules and formats in response to the pandemic, aiming to balance digital engagement with the desire for in-person experiences.",7.84,2.0,7.84
uk-northern-ireland-24298747,"The number of tourist trips to Northern Ireland was up by 13% in the first three months of 2013, compared to the same period in 2012.","Visitor numbers to Northern Ireland rose significantly in the first quarter, largely driven by friends and family visits, with a notable 25% increase from Great Britain. Despite a 7% decline in other overseas visitors, overall expenditure by tourists increased by 6% to £84 million, influenced by events like the UK City of Culture year in Londonderry and the ""Backing Belfast"" campaign.",32.18,9.41,22.99
uk-politics-55877699,"Teachers should be vaccinated against Covid once the most vulnerable have received their doses, shadow Cabinet Office minister Rachel Reeves has said.","Labour is urging the Joint Committee on Vaccinations and Immunisation (JCVI) to prioritize vaccinating teachers to facilitate the reopening of schools, while the government maintains that the focus should remain on vaccinating the most vulnerable populations first. International Trade Secretary Liz Truss emphasized the importance of protecting lives over prioritizing key workers, and the JCVI has stated that it will consider early vaccination for certain professions only after the top nine priority groups have been addressed. Labour leader Sir Keir Starmer and former Prime Minister Tony Blair support the vaccination of teachers, but the decision ultimately lies with the JCVI.",14.75,3.33,13.11
health-28938022,"The government is set to threaten to stop buying some expensive cancer drugs if manufacturers do not cut their prices, Newsnight has learned.","The Cancer Drugs Fund (CDF) in England, established in 2010 to provide access to expensive cancer treatments, is facing budgetary pressures and proposed reforms to ensure its sustainability. New plans will subject CDF drugs to cost-benefit analyses, aiming to align their prices more closely with those of other medications, while ensuring that current treatments remain available and that patients with rare conditions retain access to necessary expensive drugs.",19.57,6.67,17.39
uk-northern-ireland-35150326,A public consultation on an air ambulance service for Northern Ireland is due to end next month. BBC News NI reporter David Maxwell took a trip on the Welsh air ambulance to see how it operates.,"Northern Ireland plans to establish an air ambulance service modeled after Wales' successful system, which has operated for 15 years and is run by a charity with NHS staffing. The new service aims to improve emergency care access across the region, which currently lacks a helicopter emergency medical service, with an estimated annual operating cost of £2 million. Health Minister Simon Hamilton anticipates the service will be operational by December 2016, addressing the urgent need for enhanced trauma care in Northern Ireland.",23.73,6.9,16.95
education-15226421,"Muslim faith schools fill children's heads with ""alien rubbish"" as they continue to teach them creationism is true, atheist Richard Dawkins has said.","Professor Richard Dawkins criticized faith schools, particularly Muslim ones, for teaching creationism as fact, claiming it negatively impacts students' understanding of evolution. The Muslim Council of Britain defended the role of faith schools in teaching religious beliefs while advocating for the inclusion of scientific education. The Department for Education reiterated that creationism should not be taught as scientific fact, emphasizing the need for a balanced curriculum.",17.78,4.55,11.11
uk-england-cambridgeshire-51632355,Two clergymen were injured when they tripped over during a pancake race in the grounds of a cathedral.,"During the annual pancake relay race at Peterborough Cathedral, both the Dean and Vice Dean fell while competing, with Canon Tim Alban Jones attributing their tumble to slipping on gravel. Despite suffering superficial cuts and bruises, they are recovering well, while a team of accountants from Moore East Midlands won the race. Canon Alban Jones humorously remarked that he plans to give up running for Lent.",19.05,0.0,11.9
world-europe-34428554,"Spain has granted citizenship to 4,302 people whose Jewish ancestors were expelled five centuries ago during the Inquisition.","A new law allowing dual citizenship for Sephardic Jews, descendants of those expelled in 1492, came into effect following a government decision to expedite applications under a previous law that required relinquishing other nationalities. Applicants must verify their ancestry, demonstrate basic Spanish knowledge, and show a modern connection to Spain. The citizenship initiative, first announced in 2012, aims to rectify historical injustices related to the Spanish Inquisition.",13.95,0.0,11.63
uk-scotland-tayside-central-44039176,Police in Highland Perthshire are appealing for information after three working dogs and two buzzards were deliberately poisoned.,"Between October 2017 and April 2023, several dogs and birds were poisoned in the Edradynate and Pitnacree Estates area using banned substances, prompting an investigation by Police Scotland. The incidents have caused distress among pet owners and local estates, with authorities urging the public to report any suspicious activity, particularly at night.",17.14,2.94,11.43
business-57096305,"Tesla has suspended vehicle purchases using Bitcoin due to climate change concerns, its CEO Elon Musk said in a tweet.","Bitcoin's value dropped over 10% following Elon Musk's announcement that Tesla would not accept the cryptocurrency due to environmental concerns related to its mining practices, particularly the reliance on fossil fuels. Despite Tesla's previous investment of $1.5 billion in Bitcoin and plans to use it for transactions, Musk emphasized the need for sustainable energy in cryptocurrency mining. This shift reflects growing investor focus on environmental, social, and corporate governance (ESG) issues, while also highlighting the volatility of the cryptocurrency market.",19.23,3.92,13.46
world-56292247,A new Unicef report released on Monday suggests millions more underage girls are at risk of being forced into marriage around the world due to the coronavirus pandemic.,"The Covid-19 pandemic has significantly increased the risk of child marriages, with an estimated 10 million more girls at risk over the next decade, according to a UNICEF report. Economic pressures and school closures have led families to marry off daughters early, as seen in the experiences of girls like Abeba in Ethiopia and Rabi in Nigeria, who face societal and familial pressure to abandon their education for marriage. While progress had been made in reducing child marriages prior to the pandemic, experts emphasize the need for targeted interventions to reverse this trend and support girls' education and empowerment.",21.88,7.94,15.62
world-us-canada-44498438,"A Republican lawmaker from the US state of Arizona is facing criticism for calling immigration an ""existential threat"" to the country.","Arizona State Legislator David Stringer faced backlash from both parties after stating that ""there aren't enough white kids to go around"" in the context of racial integration in public schools. His comments, made at a Republican Men's Forum, prompted calls for his resignation from the Arizona Republican Party and Governor Doug Ducey, while Stringer defended his remarks, asserting concerns about immigration and demographic changes in the U.S.",28.57,4.49,15.38
world-europe-guernsey-15339620,Two crucial parts of the £80m refurbishment of Guernsey Airport have been approved.,"The Environment Department approved plans for runway work at the airport, which includes resurfacing and repositioning the runway, along with the construction of new facilities and drainage systems, subject to 33 conditions. Additionally, a temporary dock for importing materials at Longue Houge was unanimously approved with 16 conditions. The runway project is set to take two years and incorporates strict environmental and traffic management requirements.",12.82,0.0,7.69
world-us-canada-23874976,"Toronto Mayor Rob Ford has said he has smoked ""a lot"" of marijuana, as a national debate on legalisation of the drug builds.","Toronto Mayor Rob Ford became the fourth Canadian politician in a week to admit to using marijuana, confirming he has smoked it in the past. He denied rumors of being caught on video smoking crack cocaine and stated he is not addicted to the drug. This acknowledgment follows similar admissions from other political leaders, including Ontario Premier Kathleen Wynne and Liberal Party leader Justin Trudeau.",29.55,13.95,25.0
uk-wales-politics-21479687,Plaid Cymru has agreed wide-ranging changes to its constitution at a special conference in Aberystwyth.,"Plaid Cymru has agreed to significant constitutional changes, including the elimination of the president's role and the introduction of a ""one member, one vote"" system, aimed at enhancing party leadership and accountability. These reforms, driven by an internal review following disappointing election results, are intended to strengthen the party's structure and support its goal of becoming the governing party in Wales by 2016. The new leadership team will oversee daily operations and ensure clearer decision-making within the party.",22.68,6.32,16.49
sinhala.090722_a9_open,The main highway in Sri Lanka linking the northern Jaffna peninsula to the south has been opened to civilian traffic after years of conflict.,"The A9 highway, previously controlled by Tamil Tiger rebels for over twenty years, was ceremonially opened to the public by government officials, allowing passengers to travel without rebel checkpoints for the first time since May 2006. The government transported 210 passengers from Jaffna to Medawachchiya, and plans to normalize the route by inviting private bus operators to apply for permits. This reopening is part of broader efforts to restore infrastructure in Sri Lanka following the conflict.",28.0,8.16,18.0
business-36926680,"Profits at two of the biggest oil firms, Exxon Mobil and Chevron, have dropped sharply, hit by the falling price of crude.","Exxon Mobil's profit fell 59% to $1.7 billion in the second quarter, while Chevron reported its largest quarterly loss since 2001 at $1.5 billion. Both companies are grappling with low oil prices, prompting Exxon to cut spending by 38% and Chevron to reduce production by 3%, as the energy industry adjusts to a new environment of reduced demand and prices.",28.24,4.82,21.18
uk-wales-46861727,"A man who was detained and threatened with deportation over Christmas has returned to Swansea after 3,000 people signed a petition to let him stay.","Otis Bolamu, a 38-year-old from the Democratic Republic of Congo, fears for his life if deported due to accusations of political opposition, and has been granted temporary permission to stay in Swansea while his appeal is processed. Local leaders and community members have rallied in support of Bolamu, highlighting concerns over his treatment and the dangers he would face upon return. The Home Office stated that all asylum claims are evaluated on their individual merits.",19.42,0.0,9.71
uk-england-hampshire-50916695,A man has been charged in connection with an attempted murder inquiry in the New Forest.,"A 30-year-old man was found seriously injured on 31 October in Lymington, leading to the arrest of 45-year-old Martin Williamson, who has been charged with wounding with intent and is set to appear in court on 24 January. A 42-year-old man, initially arrested on suspicion of attempted murder, is currently on bail. Williamson was remanded in custody following his initial court appearance on 24 December.",25.29,7.06,20.69
business-45470253,Volkswagen has gone on trial in Germany in what is the first court case against the carmaker over the diesel scandal.,"Investors are suing Volkswagen for approximately €9.2 billion, alleging the company failed to disclose its emissions data falsification sooner, which led to a significant drop in share prices after the scandal broke in 2015. The lawsuit, initiated by the Deka investment fund, involves 1,670 claims and has prompted a large-scale legal response, with VW asserting it met its disclosure obligations. The case is expected to continue into next year, amid ongoing criminal investigations into former executives.",20.0,0.0,12.0
uk-england-gloucestershire-25832191,Campaigners wanting to protect the site of a 15th Century Wars of the Roses battlefield have been given more time to buy it.,"The land where the Battle of Tewkesbury was fought has been designated as an asset of community value by Tewkesbury Borough Council, preventing its sale for six months and allowing the Tewkesbury Battlefield Society time to secure funding for a bid. The site, which has a guide price of £120,000 to £150,000, was previously at risk of being developed, prompting community concerns. The society plans to prepare a bid and initiate fundraising efforts to preserve the historic site.",21.36,3.96,13.59
uk-politics-47282330,"More Labour MPs could quit the party unless it listens to their concerns, Jeremy Corbyn has been warned.","Seven Labour MPs, including Chuka Umunna, have resigned in protest against the party's handling of anti-Semitism and Brexit, citing a culture of ""bullying and bigotry"" and a lack of support for a second EU referendum. The defections represent the largest split in the Labour Party in 40 years, prompting concerns from Deputy Labour leader Tom Watson about potential further resignations unless changes are made. Umunna indicated that the new Independent Group could evolve into a political party and called for members from all parties to join them in creating an alternative to the current political system.",13.79,3.51,10.34
uk-england-hampshire-12829630,"A group of 12 Hampshire sailors has landed on a new ""island"" in the Solent.","A rare combination of low tides and high atmospheric pressure revealed the Shingles Bank, a normally submerged pebble bank in the Needles Channel, reaching 14 feet above sea level. Sailors from the Royal Southern Yacht Club visited the bank for two hours, enjoying a barbecue and planting a pennant before the tide returned. This event marked a unique occurrence, as it had not been seen so exposed in 20 years.",14.12,2.41,11.76
business-30978080,Chinese property giant Dalian Wanda is set to invest $1bn (£667m) in a development near Sydney Harbour.,"Dalian Wanda Group has acquired Gold Fields House in Sydney from Blackstone for A$415 million, with plans to develop a luxury hotel and retail outlets in the area. This purchase is part of Wanda's broader strategy of international investments, which includes nearly $2 billion in properties in London and Madrid, and a recent 20% stake acquisition in Atletico Madrid. Following the announcement, shares of Dalian Wanda Commercial Properties rose by 3.4%.",21.98,2.25,13.19
entertainment-arts-39779689,"Five weeks after his birth, celebrity parents Cheryl and Liam Payne are reported to have named their baby son Bear.","The announcement of Cheryl and Liam Payne naming their newborn 'Bear Payne' sparked a mix of bemusement and humor on social media, with reactions ranging from incredulity to playful quips about the name. While some defended the choice by comparing it to celebrity naming trends, many others made light-hearted jokes about the potential challenges the child might face due to his unusual name. Overall, the conversation highlighted the diverse opinions on unique baby names while emphasizing the importance of love and happiness for the child.",20.75,7.69,13.21
uk-wales-north-west-wales-25984467,Councillors in Conwy have rejected proposals to voluntarily merge with Denbighshire council.,"Conwy council rejected a proposal to merge with Denbighshire after concerns were raised about potential increases in council tax and the costs associated with such a merger. Despite the Williams report recommending the merger for efficiency, many councillors expressed skepticism based on past collaborations and the lack of financial details in the report. Instead, they voted to establish a committee to monitor the situation without initiating merger discussions at this time.",24.1,7.41,19.28
uk-scotland-north-east-orkney-shetland-24770737,A former Italian prisoner of war has returned to Orkney to revisit the place he lived and worked for much of WW2.,"Gino Caprara, 93, returned to Orkney to express gratitude for the kindness shown to him and fellow prisoners during their time as PoWs from 1942 to 1945, when they helped build the Italian Chapel. The chapel, known as the 'Miracle of Camp 60,' was constructed by Italian soldiers using two small huts and has become a cherished landmark in the community. Caprara emphasized the importance of visiting before it was too late, reflecting on the lasting impact of the local people during the war.",26.42,5.77,13.21
uk-england-kent-51834956,"A woman smashed a wine glass into a Miss England finalist's face during a row at a bar, causing ""horrific"" injuries, a court has heard.","China Gold is on trial for allegedly assaulting Olivia Cooke at a pub in Kent, leaving her with facial injuries that required stitches. While Ms Cooke claims Ms Gold attacked her after a verbal confrontation, the defense argues that Ms Gold acted in self-defense and that Ms Cooke initiated the altercation by throwing a glass at her. The trial is ongoing, with conflicting testimonies from witnesses regarding the events that transpired.",12.24,2.08,8.16
uk-england-shropshire-45451418,The family of a woman who died from asbestos-related cancer after a huge fire at a military base in Shropshire has received a substantial payout.,"Susan Maughan inhaled toxic asbestos dust while cleaning up after a 1983 fire at the COD Donnington army base, which led to her death from mesothelioma in 2015. Her daughter expressed concerns about the health risks faced by those exposed, including children who played in the debris, while legal representatives highlighted that the ash spread over a large residential area, potentially affecting many others. The Ministry of Defence stated that compensation claims are evaluated based on legal liability.",23.08,3.92,15.38
uk-england-oxfordshire-15173833,An Oxfordshire immigration centre has been criticised for its health care and education facilities following a surprise inspection.,"A report on Campsfield House, a detention center for men under immigration laws, highlighted ""significant weaknesses"" in education and healthcare, with little progress made in addressing previously identified issues. While detainees reported feeling safe and having good relationships with staff, critics argue that improvements are insufficient and call for an end to the detention practices altogether. The UK Border Agency acknowledged the report and pledged to respond to its recommendations.",15.91,0.0,6.82
uk-england-london-40503842,"It is impossible for terminally ill Charlie Gard to be transferred to the Vatican's children's hospital for treatment, Boris Johnson has said.","British Foreign Secretary Boris Johnson stated that legal reasons prevent the transfer of 10-month-old Charlie Gard to an Italian hospital, despite a request from its president and support from Pope Francis. Charlie, who suffers from a rare genetic condition, has been receiving treatment at Great Ormond Street Hospital, where his parents have lost a legal battle to pursue experimental treatment in the U.S. and have been denied the opportunity to take him home for his final days.",25.0,5.88,13.46
uk-england-tyne-19787516,"Hebburn is a six-part comedy show created by, starring and about Geordie stand-up comedian Jason Cook.","The new BBC Two series ""Hebburn,"" created by comedian Jason Cook, aims to showcase the North East of England with a blend of humor and heart, reflecting his own experiences growing up in the area. The show features a cast including Vic Reeves and Chris Ramsey, and Cook, who plays a character inspired by himself, expresses his excitement about bringing his hometown to television. Premiering on October 18, the series is a collaboration between Baby Cow and Channel X, highlighting Cook's journey from stand-up comedy to writing and acting.",25.69,9.35,12.84
uk-england-derbyshire-17706261,"A first prosecution from a fly-tipping initiative is a warning to those using unofficial waste collectors, a Derbyshire council has said.","Bolsover District Council's Fly Tip of the Week initiative led to a woman from Renishaw being fined £90 for illegally dumping waste after she failed to verify the legitimacy of the waste collector she hired. The council emphasized the importance of checking for proper permits, warning that both fly-tippers and those who improperly dispose of waste could face penalties.",26.51,4.94,19.28
world-europe-53985407,French satirical magazine Charlie Hebdo has republished cartoons of the Prophet Mohammed that made them the target of a deadly terror attack in 2015.,"Charlie Hebdo has republished the original cartoons of the Prophet Mohammed a day before the trial of 14 individuals accused of aiding the attackers in the 2015 shooting that killed 12 people, including prominent cartoonists. The magazine stated that reproducing the cartoons was essential to contribute meaningfully to the ongoing debate surrounding freedom of speech, especially in light of the trial's significance. The trial, which had been postponed due to the pandemic, is expected to last until November, with survivors of the attacks set to testify.",30.63,14.68,25.23
world-europe-13035992,"When Ante Gotovina led Croatian forces to recapture the breakaway region of Krajina in 1995, many of his compatriots saw him as a hero.","Ante Gotovina, a former French legionnaire and convicted criminal, rose to prominence in Croatian nationalism during Operation Storm, which aimed to dismantle the Krajina Serb Republic. The operation resulted in the deaths of approximately 150 Serb civilians and the displacement of over 200,000 people, leading to allegations of ethnic cleansing against Gotovina, who was indicted for war crimes in 2001 but denies responsibility. After a four-year manhunt, he was arrested in 2005 while in exile in Spain.",19.42,1.98,17.48
uk-england-nottinghamshire-24285790,A Nottinghamshire hospital criticised in the Keogh review has come under fire again for its standards of care.,"The Care Quality Commission (CQC) has instructed Sherwood Forest Hospitals Trust to improve services at Kings Mill Hospital after a surprise inspection revealed that five out of eight quality and safety standards were not met. The Trust's chief executive expressed confidence in addressing the issues, highlighting ongoing improvements, including enhanced patient checks and a recruitment drive for medical staff. The CQC plans to conduct a follow-up inspection soon.",20.45,0.0,9.09
world-us-canada-24964100,Thousands of people in San Francisco have turned out to help a boy recovering from leukaemia fulfil his wish to be Batman for a day.,"Miles Scott, a five-year-old in remission from leukemia, experienced a day of superhero adventures in San Francisco as part of a Make-A-Wish Foundation event, where he fought mock crimes and received a key to the city from Mayor Ed Lee. Thousands of supporters cheered him on as he rescued a ""damsel in distress,"" foiled a faux robbery, and disarmed a fake bomb, culminating in a celebration of his recovery and the end of his treatment. President Obama also praised Miles in a video message, highlighting the impact of the event on his family's journey.",19.35,6.56,12.9
uk-northern-ireland-foyle-west-41251250,Vandals defecated and urinated in a Londonderry church after breaking in and causing extensive damage to the church's organ.,"A break-in at Christ Church on Infirmary Road resulted in the theft of a decanter used in Holy Communion and extensive vandalism, including damage to the church's organ and the defacement of religious texts. Church officials, including Bishop Ken Good, condemned the act as ""sacrilege,"" while local leaders expressed solidarity with the parishioners and called for justice against the perpetrators. Police are investigating the incident, which appears to be opportunistic vandalism rather than motivated by sectarianism.",30.61,12.5,22.45
uk-politics-46070229,Police have launched a criminal inquiry into allegations of anti-Semitic hate crimes within the Labour Party.,"Met Police chief Cressida Dick announced that officers are investigating online material related to potential race hate crimes involving Labour Party members, following the disclosure of an internal document detailing 45 cases of alleged misconduct. Labour MP Margaret Hodge criticized the party for not reporting these allegations to the police, emphasizing the need for accountability and safety for members. The Labour Party stated it has a robust system for handling complaints but has not been contacted by police regarding the specific allegations under investigation.",17.82,6.06,11.88
uk-wales-35232692,"Royal Mail has marked its 500 year anniversary by releasing a gallery of 500 events, people and objects that tell the history of the service.","The article highlights significant milestones in the history of the postal service in Wales, including the establishment of the world's first mail order business by Sir Pryce Pryce-Jones in 1861 and the introduction of the first mail coach route to Wales in 1785. It also commemorates notable Welsh figures such as singer Kathleen Ferrier and details innovations like pneumatic pipes for telegrams and the first hovercraft mail service in 1962.",18.56,6.32,14.43
uk-england-nottinghamshire-44972549,A man has been taken to hospital after being shot in Nottingham.,"Police responded to a reported shooting on Lotus Close in St Ann's, where a victim sustained non-life-threatening leg injuries. The area has been cordoned off for investigation, and authorities are seeking information from the public. This incident follows a series of shootings in the region throughout June.",16.13,3.33,12.9
entertainment-arts-22751782,"Malorie Blackman, the author of the Noughts and Crosses teen novels, has been announced as the Waterstones Children's Laureate for 2013-2015.","Malorie Blackman has been appointed as the new Children's Laureate, succeeding Julia Donaldson, and aims to encourage more children to read during her two-year term. She emphasizes the importance of daily reading sessions and access to libraries, advocating for every primary school child to have a library card. Blackman also plans to leverage technology to engage young readers creatively and hopes to balance her writing with her responsibilities as laureate.",27.37,10.75,21.05
uk-england-humber-37276794,"Nearly 73,000 visitors flocked to Hull's international arts festival at the weekend, despite heavy rain.","The three-day Freedom Festival in Hull showcased over 200 performances by artists from 30 countries, celebrating historical and modern concepts of freedom through various art forms. Despite lower attendance due to rain on Saturday, organizers expressed pride in the event's success, which has been held annually since 2007 to honor the city's ties to the anti-slavery movement.",20.51,0.0,10.26
uk-england-beds-bucks-herts-39113151,A train was halted by police when bagels were flung around a carriage by rowdy passengers who then started fighting.,"A train in Potters Bar, Hertfordshire, was halted for 18 minutes after a disturbance involving passengers throwing bagels and singing about a man with a bagel on his head. British Transport Police responded to the incident, dubbed ""BagelGate,"" and are investigating reports of intimidating behavior, though no arrests have been made. The incident gained significant attention on social media, with the video receiving over 17,000 likes.",18.39,4.71,13.79
uk-scotland-scotland-business-26254572,"Unemployment in Scotland has fallen again, according to official figures.","The number of unemployed individuals in Scotland decreased by 3,000 to 195,000 between October and December, while overall employment rose by 9,000, marking the largest annual increase in nearly seven years. Despite a lower unemployment rate of 7.1% in Scotland compared to the UK's 7.2%, concerns remain about sustaining job growth and the need for a skills strategy to meet business demands. First Minister Alex Salmond emphasized the potential for further progress with full fiscal powers, while others highlighted the benefits of Scotland's membership in the UK.",7.69,1.96,7.69
uk-scotland-highlands-islands-48873791,The University of the Highlands and Islands is leading a global call for governments to take more action to tackle marine micro plastics.,"The Reseau d'Excellence de Territoires Insulaires, a network of 28 island universities, has called on global leaders to recognize the significant threat posed by microplastics to island environments and communities. In an open letter to the United Nations and other governing bodies, they expressed growing anxiety over the issue and emphasized their commitment to further research and collaboration to address this global concern. The network seeks to leverage their academic expertise to contribute to solutions for the impacts of microplastics on tourism, fishing, health, and the environment.",23.42,0.0,12.61
uk-northern-ireland-38166600,A charity which supports people with HIV and Aids has said myths about the virus persist in Northern Ireland.,"The rate of new HIV cases in Northern Ireland rose by 81% from 2005 to 2015, contrasting with a 23% decline across the UK, highlighting persistent stigma and misconceptions about the virus. Public Health Agency representatives emphasize the importance of early diagnosis and testing, as many individuals with HIV show no symptoms. Despite the increase, Northern Ireland's overall HIV prevalence remains lower than in other UK regions.",25.29,11.76,16.09
uk-england-bristol-19478652,Critically endangered Vietnamese box turtles have been bred successfully for the first time in a British zoo.,"A baby Vietnamese box turtle, one of the world's rarest species, was born at Bristol Zoo in July, marking a significant achievement in breeding efforts for this critically endangered species. Named Vernon, the turtle is being carefully cared for in a climate-controlled environment, and Bristol Zoo is now part of a European breeding program, having successfully bred this species for the second time in Europe.",33.33,14.63,21.43
uk-wales-50572650,"About 10 months before Christmas, a retired man gets to work handcrafting toys ready for the festive season.","Ted Bird, an 80-year-old retired ambulance worker from Cardiff, dedicates his time to making toys for Operation Christmas Child, which distributes gifts to children worldwide. Using his woodworking skills, he creates around 150 items annually, including games and toys, to ensure that the shoeboxes sent to children in countries like Zimbabwe and Moldova are filled with fun. Despite his age slowing him down, he finds joy in providing a little happiness to children he will never meet.",14.43,0.0,10.31
business-55569094,Planned reforms of the controversial leasehold system in England are set to clamp down on high costs when extending a lease.,"The UK government has proposed reforms to the leasehold system, aiming to simplify the process for leaseholders and reduce costs associated with extending leases, including the abolition of the marriage value fee. While campaigners have cautiously welcomed the changes, they are calling for compensation for past unjustified charges and express concerns about the details of the new calculations. The reforms include allowing leaseholders to extend their leases to 990 years with zero ground rent, which is expected to benefit millions of homeowners.",19.42,3.96,15.53
uk-england-cornwall-55076272,More than £3.5m is to be spent on installing 150 new electric vehicle charging points in Cornwall.,"The EU's European Regional Development Fund is investing £2.9 million, alongside Cornwall Council's £725,000, to install over 360 public electric vehicle charging points in Cornwall by 2023, particularly in areas with limited access. This initiative aims to facilitate the transition to electric and hybrid vehicles ahead of the UK's 2030 ban on new petrol and diesel cars, addressing road transport's contribution to Cornwall's carbon footprint.",24.44,11.36,20.0
uk-england-devon-23530125,Researchers at Plymouth University say they have identified a trigger process which causes bladder cancer to spread.,"Researchers have identified the role of the protein pancreatic secretory trypsin inhibitor (PSTI) in the signaling process that allows benign bladder polyps to develop into invasive cancer. This discovery could lead to new therapies aimed at interrupting the mechanism of cancer spread, potentially improving treatment outcomes for the approximately 10,000 people diagnosed with bladder cancer annually in the UK.",23.38,5.33,20.78
uk-england-london-40189937,"The Post Office's abandoned underground railway in London will open as a tourist attraction next month, it has been announced.","Starting July 28, visitors to the Postal Museum can ride a 0.6 mile section of the historic mail rail network, which operated from 1927 until 2003. The museum will also showcase exhibitions of postal history and features a children's area, with adult tickets priced at £16, including a voluntary donation option.",10.81,0.0,8.11
world-europe-38591590,"UN Secretary General Antonio Guterres says a deal on reunifying Cyprus is ""very close"", but cautioned against hopes of a ""quick fix"".","During the first round of peace talks in Geneva, UN Secretary-General António Guterres expressed optimism about reaching a settlement between the Greek- and Turkish-Cypriot communities, which have been divided since 1974. Both sides have exchanged boundary proposals for the first time, marking a significant step forward, although key issues remain unresolved, including property rights and the presence of Turkish troops in northern Cyprus. The negotiations involve the foreign ministers of Greece, Turkey, and the UK, and any agreement will require approval from both communities through separate referendums.",14.29,3.64,12.5
uk-scotland-highlands-islands-36907009,"A double Oscar-winning filmmaker is returning to Scotland to shoot scenes for a feature-length version of his 1980 cult short, Black Angel.","Filmmaker Roger Christian is set to create a feature-length version of his 1970s short film ""Black Angel,"" originally shown alongside ""The Empire Strikes Back,"" after years of limited funding and audience interest. The new film will be shot primarily in Scotland, utilizing its landscapes to capture the unique natural light that influenced the original short, and is inspired by both Scottish legend and the cinematic style of Akira Kurosawa. Increased interest in the fantasy genre, partly due to the success of ""Game of Thrones,"" has provided the momentum and investment needed for this project.",25.21,10.26,20.17
business-31300712,"HSBC did not just turn a blind eye to tax evaders, in some cases it broke the law by actively helping its clients avoid paying tax, according to a series of leaked bank account files.","A massive banking leak involving HSBC's Swiss private bank has revealed details about 106,000 clients across 203 countries, with total assets amounting to $118 billion. The leak, which has been accessible to tax authorities since 2010, highlights various illicit activities associated with some account holders, prompting calls for investigations and accountability from governments worldwide. HSBC acknowledged past misconduct but stated it has implemented significant reforms in response to the revelations.",26.17,1.9,11.21
uk-england-tyne-22421458,An Italian ice-cream parlour run for more than 50 years by the same family is to be moved to Beamish Museum.,"A historic ice-cream parlour and cafe in Wingate, East Durham, featuring original 1920s wooden booths and mirrors, will be reconstructed in the County Durham museum's new 1950s area after closing eight years ago. Deputy director Jim Rees expressed amazement at its survival in a pit village, while the owner's daughter, Maria Ebblewhite, highlighted the significance of preserving the family legacy for future generations. The museum seeks photographs of the original establishment to aid in the reconstruction, which will retain the name ""John's Cafe.""",18.35,3.74,12.84
uk-england-beds-bucks-herts-56210809,"As Pokémon celebrates its 25th anniversary, a woman with the world's largest collection of memorabilia says the brand still provides her with ""a great escape"".","Lisa Courtney from Hertfordshire holds the Guinness World Record for the largest Pokémon memorabilia collection, which has grown to over 21,000 items since she first set the record in 2016. She discovered Pokémon through a Nintendo magazine preview and credits the franchise with helping her cope with bullying, making friends, and broadening her horizons, including learning Japanese and studying game programming. Courtney continues to celebrate the brand's legacy, anticipating special merchandise for its 25th anniversary.",33.96,7.69,13.21
uk-wales-44130413,A Welsh boy band say they are in disbelief after being chosen to play their first televised gig with the Manic Street Preachers.,"Boy Azooga will make their television debut on the BBC Two music program Later with Jools Holland on Tuesday, performing alongside Welsh artist Gwenno Saunders. The Cardiff-based psychedelic pop/rock band, formed a year and a half ago, was invited to the show after being spotted during a gig in London. Lead singer Davey Newington expressed excitement about the opportunity, describing it as ""crazy.""",29.55,2.33,13.64
business-53383372,Some of the world's richest people have urged governments to raise taxes on the wealthy to help pay for measures aimed at tackling the coronavirus pandemic.,"A group of 83 millionaires, including Abigail Disney and Jerry Greenfield, issued an open letter urging for permanent changes to address the economic fallout from the Covid-19 pandemic. They emphasized the need for wealthy individuals to contribute more through tax increases and greater transparency, warning that the crisis could push over half a billion people into poverty. The letter, organized by various advocacy groups, was released ahead of the G20 finance ministers' meeting, highlighting the critical role of the wealthy in supporting recovery efforts.",21.43,3.64,12.5
uk-scotland-south-scotland-53895040,Heavy downpours have been sweeping in as the last named storm of the season struck across Scotland.,"A Met Office warning for Storm Francis remains in effect until 06:00 BST on Wednesday, causing high winds and flooding that have led to the closure of the Forth and Tay Road Bridges to double decker buses and disruptions on several roads in Dumfries and Galloway. The Scottish Environment Protection Agency has issued 11 flood alerts, while ongoing road repair operations are being monitored for potential weather-related impacts. Storm Francis is expected to clear by Wednesday lunchtime, with no new storms forecast for the remainder of August.",11.32,1.92,9.43
uk-england-wiltshire-24099527,"A food bank charity has said a suggestion by the education secretary that users ""can't budget properly"" is ""inappropriate"".","Michael Gove faced criticism from Chris Mould of the Trussell Trust for suggesting that families using food banks could better manage their finances, following Gove's visit to a food bank. Mould emphasized that the majority of food bank users are in dire situations due to stagnating incomes and require professional referrals to access support. He argued that Gove's comments were insensitive and undermined the efforts of the many volunteers and organizations involved in providing food assistance.",14.29,4.17,10.2
uk-wales-politics-27325024,Welsh MPs have called for greater freedom to conduct debates in Parliament in the Welsh language.,"Labour MP Paul Flynn and Plaid Cymru MP Jonathan Edwards have called for bilingual arrangements in Welsh affairs discussions, arguing that Welsh should be treated equally to English in Parliament. Deputy Leader of the House Tom Brake acknowledged that while MPs can use Welsh in short extracts, translations for non-Welsh speakers are necessary, and noted existing provisions for Welsh language use in select committee evidence.",29.27,10.0,21.95
entertainment-arts-33508634,Visitors to an exhibition of mobiles by artist Alexander Calder will have a crucial role in bringing them to life.,"The exhibition ""Alexander Calder: Performing Sculpture"" will open at London's Tate Modern on November 11, showcasing approximately 100 works by the American artist, including the monumental ""Black Widow,"" displayed outside Brazil for the first time. Curators emphasize that the movement of visitors will create airflows to animate Calder's kinetic sculptures, highlighting his revolutionary approach to sculpture as a dynamic, rather than static, art form. The exhibition runs until April 3, 2016.",23.66,2.2,10.75
uk-wales-49577922,"A mother-of-two who broke her leg running a half marathon was wrongly diagnosed and died after doctors' ""gross failings"", a coroner has ruled.","Sarah-Jayne Roche, 39, died from a cardiac arrest during surgery after being misdiagnosed with a hamstring injury instead of a fractured femur, which led to neglect in her medical care. Coroner Graeme Hughes highlighted multiple failures by clinicians to provide basic medical attention, contributing to her condition and subsequent death. The health board has since apologized and initiated changes to improve clinical processes and prevent similar incidents in the future.",20.83,0.0,10.42
science-environment-30831257,"The trade in bees used for honey or to pollinate crops could have a devastating impact on wild bees and other insects, say scientists.","A study by the University of Exeter highlights the risk of diseases carried by commercially bred bees infecting wild pollinator species, emphasizing the need for improved monitoring and management practices to prevent disease transmission. The research indicates that many commercial bees harbor parasites and viruses that can adversely affect native bees, wasps, and other insects. Experts call for urgent regulatory changes regarding the importation of bees to protect wild pollinator communities from potential outbreaks.",22.45,4.17,16.33
world-europe-isle-of-man-53396873,An MHK has criticised the power of the Isle of Man's top civil servants as she steps down from politics.,"Kate Costain resigned from her Douglas South seat due to health reasons, criticizing government chief executives for holding excessive power and stating that her departure would allow for a more energetic successor. Having served in the House of Keys since 2011 and as health minister, her resignation leaves the constituency without representation following the earlier death of MHK Bill Malarkey. Costain also stepped down as leader of the Liberal Vannin Party, with Tynwald President Steve Rodan acknowledging her significant contributions to politics.",21.36,3.96,13.59
uk-wales-55737958,"A nurse at a care home where it is alleged residents died from neglect has said patients suffered because she ""struggled to cope"".","An inquest is examining the deaths of seven residents at the former Brithdir Nursing Home in New Tredegar, with a focus on the case of Stanley James, who suffered from neglect leading to pressure sores before his death in 2003. Daphne Richards, a former nurse at the home, admitted to a lack of proper care and acknowledged her responsibility for the poor conditions, describing her overwhelming workload and inadequate staffing. The inquest, part of a broader investigation into care home neglect, is expected to continue until mid-March and will address the circumstances surrounding the deaths of other residents as well.",19.35,4.92,12.9
uk-25139834,"Two party drugs subject to temporary bans should be made permanently illegal, government advisers have said.","The Advisory Council on the Misuse of Drugs (ACMD) has recommended reclassifying the hallucinogenic NBOMe as a class-A substance and BenzoFury as a class-B substance, following their ban last June due to health risks and hospitalizations linked to their use. If reclassified, NBOMe could result in severe penalties for dealers and users, while campaigners argue that a ban alone is insufficient to address the rapidly evolving landscape of legal highs. The ACMD emphasized the serious health risks associated with these substances, which are often marketed as ""legal highs.""",5.66,0.0,5.66
uk-scotland-glasgow-west-42064802,"Extreme action will be taken if claims that a Scottish Sikh arrested in India has been tortured by police are true, a Foreign Office minister has said.","Rory Stewart addressed concerns in the Commons regarding Jagtar Singh Johal, a British citizen detained in India since November 4, who allegedly faces torture and has not been formally charged with a crime. Accused of financing weapons for attacks on Hindu leaders, Johal's case has prompted discussions about human rights with the Indian government, and the UK government is actively monitoring the situation. Johal is scheduled to appear in court again on Thursday, amidst protests from British Sikhs demanding further action.",18.35,1.87,12.84
uk-england-york-north-yorkshire-36340832,Hundreds of protesters demonstrated as councillors began to decide whether to approve fracking for the first time in England since a ban was lifted in 2012.,"The North Yorkshire County Council is considering Third Energy's proposal to frack for shale gas at its site near Kirby Misperton, facing significant opposition from over 80 speakers at a recent meeting. Critics, including local councillors and environmentalists, express concerns about potential environmental impacts and the area's reputation as a tourist destination. A decision on the application is expected on Monday, with the possibility of fracking commencing by the end of the year if approved.",17.48,1.98,9.71
uk-scotland-54731245,No areas of Scotland are to be placed in the highest level of the country's new five-tier coronavirus restrictions system.,"The Scottish government has decided to place North and South Lanarkshire in level three restrictions instead of level four, alongside the central belt and Dundee, while the Highlands and other areas with fewer COVID-19 cases have been moved to level one. The new tiered system, effective from Monday, allows for potential easing of restrictions, including limited home visits in level one areas, but warns that further restrictions may be necessary if case numbers rise again. First Minister Nicola Sturgeon emphasized the need for ongoing compliance to prevent a return to stricter measures.",24.35,0.0,15.65
uk-england-lincolnshire-50518736,"More needs to be done to protect low-lying areas from future flooding, the Environment Agency (EA) has said.","A breach in the banks of the Barlings Eau river near Lincoln has flooded over 1,000 acres of farmland, prompting the Environment Agency to plan repairs as soon as weather conditions allow. Area director Norman Robinson emphasized the need for a broader discussion on managing lowland areas and preparing for increased rainfall due to climate change, while local farmers expressed frustration over the agency's delayed response and concerns about future flooding.",21.74,6.67,8.7
uk-wales-politics-30990621,Calls for a Wales-wide law stating what tributes can be placed on children's graves have been rejected by ministers.,"A controversy arose in Torfaen over the removal of personal items from graves, which were discarded at rubbish tips, leading nearly 2,000 people to petition for legislative action. Public Services Minister Leighton Andrews expressed sympathy but stated that local authorities should determine their own policies, while Torfaen council defended its actions as necessary for cemetery maintenance and apologized for any distress caused.",11.9,0.0,7.14
health-43583620,"In 2017, after running almost 26 miles, David Wyeth's legs literally collapsed under him just metres from the finishing line of the London Marathon.","Matt Rees stopped to help fellow runner David during the 2017 London Marathon when David struggled to finish, leading to a strong bond between the two. As they prepare to run the 2018 London Marathon together, both reflect on their experiences and the importance of community in running, with David emphasizing the mental and physical health benefits of the sport. Their inspiring story earned them a Spirit of London award, and they have remained friends, supporting each other's training journeys.",20.75,3.85,13.21
technology-35091534,"Thousands of business and personal websites have been taken offline by web host Moonfruit, after it was threatened with a cyber-attack.","Moonfruit announced that it would take its customers' websites offline for up to 12 hours due to a cyber-attack, specifically a distributed denial of service (DDoS) attack, which overwhelmed its servers. The company apologized for the short notice, acknowledging the negative impact on businesses, particularly during the holiday season. Customers expressed frustration over the timing and lack of communication regarding the outage.",23.53,4.82,11.76
uk-northern-ireland-31171934,More details have emerged about planned changes to Northern Ireland's welfare and benefits system.,"A welfare reform deal between the DUP and Sinn Féin, part of the Stormont House Agreement, aims to mitigate the impact of Westminster reforms by establishing a fund and a local commissioner for additional payments. Despite the agreement, concerns persist regarding potential disadvantages for benefit recipients, particularly those with disabilities. The Welfare Reform Bill, which includes 78 amendments, will be debated by MLAs next week.",9.88,0.0,7.41
business-51347497,China is to pump a net 150 billion yuan ($22bn; £16.3bn) into its economy on Monday to help protect it from the impact of the coronavirus outbreak.,"China's central bank plans to inject 1.2 trillion yuan into the financial system to ensure liquidity and stabilize the currency market amid the ongoing coronavirus outbreak, which has infected over 14,000 people and caused significant economic disruptions. Major companies have suspended operations, and analysts warn that the virus could have a prolonged negative impact on China's already slowing economy, which grew at its slowest rate in three decades last year. As markets prepare to reopen after an extended holiday, investors are anticipating volatility in response to the epidemic's effects.",22.95,1.67,14.75
stories-52329529,"""You eat out of boredom and stress,"" says Chloe Taylor-Whitham, 19, from Sheffield, ""there's nothing else to do.""","During lockdown, many individuals are turning to comfort food, leading to unhealthy eating patterns as they cope with stress and boredom. Researchers are studying these behaviors, noting an increase in overeating and drinking, particularly among those with pre-existing eating disorders, while also emphasizing the importance of maintaining a routine and practicing self-compassion during this challenging time. Despite the negative impacts, some families are finding positive aspects, such as enjoying meals together more frequently.",12.63,0.0,6.32
uk-14091568,"Religious education in schools is under threat, faith leaders have warned.","Leaders from various faith communities expressed deep concern over government policies negatively impacting religious education (RE) in schools, urging the inclusion of RE in the new English Baccalaureate. They warned that current changes could undermine the quality of RE, with a recent survey indicating that a significant number of state-funded schools are not teaching RE to students aged 14 to 16. The Department for Education maintained that schools can still offer RE GCSEs and emphasized the importance of a broad curriculum.",15.05,4.4,10.75
world-us-canada-39925390,"A mayor in the US state of Virginia has condemned a torch-lit rally on Saturday night, saying protesters borrowed racist tactics from American history.","A rally in Charlottesville, Virginia, protesting the removal of a Confederate statue featured torch-wielding demonstrators chanting far-right slogans, prompting Mayor Mike Signer to compare the event to the Ku Klux Klan's intimidation tactics. The rally, led by alt-right figure Richard Spencer, sparked a counter-protest and highlighted ongoing national debates over Confederate symbols following a series of racially motivated incidents. Signer condemned the rally as an act of intimidation and affirmed the community's rejection of such intolerance.",22.43,0.0,14.95
uk-england-birmingham-48110766,"A businessman paid to have his first wife killed so he could marry again, a jury has heard.","Gurpreet Singh is on trial at Birmingham Crown Court for allegedly soliciting the murder of Amandeep Kaur in 2013 and for the murder of his second wife, Sarbjit Kaur, last year, which he denies. Testimony revealed that Singh discussed plans to kill Kaur with Heera Singh Uppal, including staging a robbery, and offered £20,000 for the murder, although Uppal claimed there was no intention to carry it out. Amandeep Kaur died in 2014 from a brain hemorrhage, while Sarbjit Kaur was found dead in their home in Wolverhampton.",13.08,0.0,7.48
world-middle-east-37689063,"Russian and Syrian warplanes have suspended air strikes in the Syrian city of Aleppo ahead of a humanitarian pause on Thursday, Russia has said.","Russia's Defence Minister Sergei Shoigu announced a temporary halt to bombing in Aleppo, urging civilians and rebels to use humanitarian corridors to evacuate, following heavy bombardment that resulted in over 430 deaths. The UN criticized the planned eight-hour humanitarian pause, stating that at least 12 hours are necessary for safe evacuation and aid delivery. Meanwhile, Russia faces increasing international criticism for its military actions in the region, with calls for a war crimes investigation.",16.0,4.08,12.0
world-middle-east-37413411,"A convoy of aid trucks has been hit by an air strike near the Syrian city of Aleppo, reports say, hours after the military declared the current cessation of violence was over.","An attack near Urum al-Kubra reportedly killed at least 12 people, including aid workers and truck drivers, as a convoy delivering humanitarian aid was struck, possibly by air strikes from Syrian or Russian warplanes. UN officials condemned the incident, emphasizing the convoy was crucial for assisting isolated civilians, while the Syrian military resumed air strikes in Aleppo and other cities, claiming rebel groups violated a recent truce. The situation remains chaotic, with ongoing discussions between the US and Russia regarding the conflict and humanitarian aid efforts.",28.57,5.13,18.49
world-europe-isle-of-man-16304560,Isle of Man-based artist Svetlana Cameron is to have her work exhibited alongside some of Britain's leading artists at a national exhibition.,"Russian-born artist Ms. Cameron's portrait 'Attitude' has been selected for the Pastel Society UK's annual exhibition at the Mall Galleries in London, chosen from hundreds of submissions after passing two selection stages. The exhibition, opening on February 14, 2012, marks a significant achievement for the artist, who expressed her excitement about showcasing her work alongside leading British artists.",30.59,2.41,16.47
world-europe-44695235,"The head of Poland's Supreme Court has arrived for work surrounded by hundreds of supporters, rejecting a controversial law forcing dozens of senior judges to retire early.","Chief Justice Malgorzata Gersdorf has been ordered to retire at 65 under Poland's new judicial reforms, which she describes as a ""purge"" of the Supreme Court, while the government argues the changes are necessary to combat corruption. The European Union has initiated legal action against Poland, claiming the reforms undermine judicial independence, leading to widespread protests in support of Gersdorf. The situation has created a standoff between Gersdorf and her successor appointed by President Duda, as the EU demands a response from Poland regarding the reforms.",22.61,5.31,12.17
business-29701219,Online retailer Amazon has reached a deal with major publisher Simon & Schuster over the pricing of e-books.,"Amazon's new multi-year agreement with Simon & Schuster grants the publisher more control over pricing, aiming to create lower prices for readers while ensuring continuous availability of their books. This deal comes amid Amazon's ongoing disputes with other publishers, including Hachette, and reflects the broader tension between the retailer's pricing strategies and the economic sustainability concerns of authors and publishers.",29.63,2.53,19.75
uk-england-norfolk-55808790,"Wayne Hemingway is to lead a ""bold and innovative"" bid to regenerate the former capital of East Anglia.","Breckland Council has engaged Hemingway Design to lead a regeneration project aimed at revitalizing Thetford, Norfolk, with a focus on attracting visitors and fostering community involvement. Local business leaders emphasize the need for tangible improvements, such as signage and infrastructure, rather than solely investing in consultancy and branding. The project will include consultations with residents and stakeholders to define a vision for the town's future.",19.05,4.88,16.67
uk-politics-41106507,"Both the UK and EU have expressed frustration at the pace of Brexit talks amid disagreement over the size of the UK's ""divorce bill"".","EU negotiator Michel Barnier expressed frustration over the lack of progress in Brexit talks, stating that the UK does not feel legally obligated to meet its financial commitments. UK Brexit Secretary David Davis countered that the UK must rigorously assess EU demands to protect taxpayer interests, while emphasizing the need for flexibility and imagination from both sides to reach a mutually beneficial agreement.",34.09,11.63,22.73
world-europe-22817460,"Turkey must investigate the excessive use of force by police against anti-government protesters, a senior EU official has said in Istanbul.","EU Enlargement Commissioner Stefan Fuele emphasized the need for Turkey to uphold democratic values amid ongoing civil unrest sparked by a police crackdown on protests in Istanbul. Turkish PM Recep Tayyip Erdogan defended his government's actions, accusing the EU of double standards and asserting that Turkey would not tolerate violence or vandalism. The protests, which have seen clashes between demonstrators and police, reflect growing discontent with Erdogan's increasingly authoritarian governance and the slow pace of Turkey's EU accession process.",21.15,1.96,11.54
uk-scotland-edinburgh-east-fife-34565786,"Four lions have been transported to a West Lothian zoo from an animal sanctuary in Belgium, where they have been cared for since being confiscated from a French circus.","Five Sisters Zoo in West Calder raised £150,000 to build a new two-acre enclosure for male lions rescued from a Belgian circus, where they had been living since their seizure in May 2014. The lions, who had their claws removed and were castrated, arrived at the zoo after a successful fundraising campaign that allowed for the construction of a large outdoor area and heated indoor den. Zoo owners expressed gratitude for the community support that made the project possible.",25.45,3.7,14.55
uk-england-53557553,A 15-year-old boy has been arrested after a Luton Town player was targeted with racist abuse on Instagram.,"A teenager has been arrested on suspicion of a racially aggravated public order offence after Luton Town player Peter Kioso was subjected to abuse during post-match celebrations following the team's victory over Blackburn. Luton Town condemned the incident as a ""mindless act"" and expressed support for Kioso, emphasizing their commitment to diversity and inclusion. The teenager has been released under investigation as police continue their inquiries.",27.27,9.3,22.73
uk-wales-south-west-wales-20122854,"A fire which damaged Mumbles pier near Swansea is not thought to be suspicious, say investigators.","A fire broke out on Mumbles Pier in Swansea early Saturday morning, damaging the decking but leaving the main structure intact during ongoing renovations. The cause is under investigation, with initial reports suggesting it may have been sparked by blowtorch work. Fire crews successfully contained the blaze, and the Mumbles RNLI assisted in assessing the situation.",22.22,5.71,19.44
uk-england-essex-55278679,"Comedy legend John Cleese says he believes he contracted Covid-19 in March describing it as ""like the worst case of flu I've ever had"".","John Cleese created a ""Basildon Fawlty"" video to encourage residents of Basildon, which has one of the highest COVID-19 case rates in England, to follow health restrictions. In the video, he briefly adopted his character Basil Fawlty while emphasizing the importance of adhering to safety measures for public health. Cleese, who experienced mild COVID symptoms himself, urged the community to be cautious and expressed hope that the message would resonate.",18.56,4.21,14.43
world-us-canada-37149900,"US doctor and epidemiologist Donald Henderson, who led a successful campaign to wipe out smallpox worldwide, has died at the age of 87.","Dr. Donald A. Henderson, a key figure in public health, passed away due to complications from a hip injury. He is best known for leading the World Health Organization's successful campaign to eradicate smallpox, which was declared eliminated in 1980, and for his subsequent roles as a science and bioterrorism adviser to U.S. presidents. Henderson's contributions significantly advanced public health practices and inspired future generations of health professionals.",21.28,4.35,17.02
technology-46234035,"Parents worry about how excessive mobile use is affecting their children but struggle to tame their tech habits, suggests a survey.","A survey of 7,000 parents across Europe revealed that 43% are concerned about their children's sleep quality due to gadget use, while others worry about its impact on social skills and mental health. British children reportedly spend an average of three hours a day on screens, often prioritizing this over outdoor play, and many parents struggle to set effective limits on technology use despite recognizing its educational benefits.",21.98,8.99,13.19
technology-38699809,Much is written about the Herculean effort to move one family out of the White House and a new family in within the space of just a few hours .,"The transition to President Trump's administration has resulted in the deletion of numerous pages from the White House website, including those related to climate change, LGBT rights, and various science policies, as the site was revamped to reflect the new administration's priorities. Additionally, President Trump's team has taken over the @POTUS Twitter account, leading to the removal of all previous tweets from President Obama's administration, which are now archived under @POTUS44. The changes have sparked concern and discussion online regarding the implications for transparency and access to past policies.",18.03,3.33,16.39
entertainment-arts-25912803,"BBC One's EastEnders must ""reflect the modern world"" and changes in London, having been ""frozen in aspic"" for too long, the soap's new boss has said.","Dominic Treadwell-Collins, the new executive producer of EastEnders, emphasizes the need for the show to evolve by incorporating new storylines and reflecting modern London, particularly with the introduction of a larger Albert Square set. He aims to focus on character-driven narratives rather than action, while also balancing nostalgia with fresh content, including the return of beloved characters and new secrets to engage viewers.",19.35,0.0,12.9
uk-wales-south-east-wales-25469536,Campaigners against plans to build gypsy and traveller sites in Newport say they will continue their fight despite three plots of land being earmarked.,"Newport councillors have voted to include potential sites for a residential gypsy and traveller site in their development blueprint, despite over 14,000 objections regarding the proposed locations in Ringland and Duffryn. The plans, which aim to create up to 43 pitches, must now be approved by the Welsh government, while concerns about access and proximity to schools have been raised by local opposition groups. The development blueprint also outlines proposals for new homes and infrastructure improvements, projecting the creation of 7,400 jobs by 2026.",21.82,7.41,16.36
world-europe-isle-of-man-50227624,"A woman died after suffering cardiac arrest in a car crash, an inquest has heard.","Katie Robley, 19, died following a car crash involving her boyfriend's vehicle and a van in Santon, Isle of Man, on Friday night. Robley was pronounced dead at Noble's Hospital the next day, while her boyfriend, Jay Waters, sustained serious injuries. An inquest into the incident is ongoing, with condolences expressed by the coroner.",22.54,8.7,16.9
uk-england-stoke-staffordshire-32987550,"Alton Towers has been closed while an investigation continues into a ""dreadful"" rollercoaster accident that left four people with serious injuries.","Two carriages collided on the Smiler ride at Alton Towers, leaving four passengers with serious leg injuries and others requiring medical treatment. The park has been closed for further investigation into the incident, which raised concerns about safety protocols, as the ride had previously experienced issues since its opening. Merlin Entertainments, the park's owner, expressed regret and is cooperating with emergency services and the Health and Safety Executive.",24.44,9.09,17.78
world-europe-20514194,France has confirmed it intends to vote for Palestinian non-member status at the United Nations later this week.,"France's Foreign Minister Laurent Fabius announced that France will support the Palestinian bid to upgrade their UN status to a ""non-member observer state,"" citing a longstanding commitment to Palestinian statehood. The proposal faces opposition from Israel and the US, who argue it undermines negotiations established in the 1993 Oslo accords, while other European nations remain divided on their stance. If approved, the upgrade would enhance Palestinian participation in UN debates and potentially allow them to pursue legal action against Israel in international courts.",17.31,1.96,11.54
uk-northern-ireland-54857248,"Remembrance events took place in Northern Ireland on Sunday, but they were different from normal due to the Covid-19 pandemic.","In Belfast, a limited Remembrance Sunday ceremony was held at City Hall, led by Lord Mayor Frank McCoubrey, with a wreath laid at the Cenotaph and a two-minute silence observed, while the event was live-streamed online. In Enniskillen, Taoiseach Micheál Martin joined First Minister Arlene Foster to lay a wreath at the town's war memorial, honoring the victims of a 1987 IRA bombing, and emphasizing solidarity with the community. Across Northern Ireland, similar ceremonies were conducted with restrictions on public attendance, encouraging individuals to participate from home or at graveyards.",19.13,1.77,12.17
world-asia-44868727,"US President Donald Trump says there is ""no time limit"" for North Korea to denuclearise and that there is no need to rush the process.","President Trump has shifted his stance on North Korea's nuclear disarmament, indicating that the process may take longer than initially expected, despite earlier claims it would begin ""very quickly."" Following the historic summit with Kim Jong-un, there has been little progress, with North Korea accusing the US of making unreasonable demands. Trump stated that discussions are ongoing and that there is no set timeline for denuclearisation, while also emphasizing the positive aspects of their relationship.",29.41,12.0,21.57
uk-england-coventry-warwickshire-39343519,"A black cab manufacturer that was ""on its knees"" five years ago is officially opening a new £300m plant, creating more than 1,000 jobs.","The London Taxi Company (LTC) has opened a new electric taxi manufacturing facility, the TX5, in Coventry, marking a significant turnaround since its near collapse in 2013. Supported by Chinese carmaker Geely's investment, the plant is the first dedicated electric vehicle factory in the UK and is expected to create over 1,500 jobs, with the first electric taxis set to be sold in London by the end of the year. The UK government has also contributed £80 million to support the initiative, highlighting the country's commitment to electric vehicle technology.",20.34,3.45,11.86
world-us-canada-41730020,"Former Fox News host Bill O'Reilly has hit back at presenter Megyn Kelly's ""incomprehensible"" comments involving reports of sexual harassment at the news channel, US media report.","Megyn Kelly accused Bill O'Reilly of falsely claiming that no complaints had been made about his behavior at Fox News, asserting that she had previously complained. O'Reilly denied any wrongdoing and expressed frustration over the ongoing allegations of sexual harassment, particularly in light of a significant $32 million settlement paid to former Fox analyst Lis Wiehl.",29.89,16.47,16.09
world-latin-america-32428959,"""They killed one of our guys and we didn't do anything, no vengeance, nothing, nothing at all,"" says 18-year-old Jesus.","In Panama, former gang members from the Ninos Ricos gang are participating in a government-sponsored re-socialization program called Safer Neighbourhoods, which offers training and support in exchange for a commitment to abandon their criminal lifestyles. Despite facing challenges, including the murder of a fellow participant, many have shown a willingness to change, with reports of a significant reduction in crime rates in areas where the program has been implemented. However, the initiative has faced criticism and a dropout rate of around 40%, as some participants struggle with the program's demands.",3.45,0.0,3.45
world-asia-india-26984281,"Media in India are outraged over prominent regional politician Mulayam Singh Yadav's comment that giving death penalty to rape convicts was ""unfair"".","Samajwadi Party chief Mr. Yadav faced backlash for stating at an election rally that he opposes the death penalty for rape convicts, suggesting that ""boys make mistakes"" and promising to change the law if elected. His comments have been widely criticized as insensitive, particularly in light of ongoing concerns about women's safety in India, coinciding with a significant voter turnout during the third phase of the general election.",23.91,6.67,13.04
world-asia-india-21156283,A panel reviewing India's laws on sex crimes after the fatal gang rape of a student has called for faster trials.,"The Justice Verma committee, led by former chief justice JS Verma, recommended longer prison sentences for rapists but opposed the death penalty, following the brutal gang rape of a 23-year-old woman in Delhi that ignited nationwide protests. The commission received 80,000 responses on reforming rape laws and highlighted the need for improved sensitivity among law enforcement towards victims, while also addressing issues of institutional bias against marginalized groups. The report calls for significant reforms in India's approach to sexual violence and urges the government to take its recommendations seriously.",19.13,8.85,12.17
uk-england-sussex-14669272,Blue plaques have been unveiled on a Hove seafront mansion block to two women entertainers from the last century.,"Vesta Tilley, a prominent music hall artist known for her male impersonations, and opera singer Dame Clara Butt, both resided in St Aubyns Mansions, with Tilley living there from 1947 until her move to London in 1952. Tilley was celebrated as one of the highest-paid performers of her era, while Butt gained fame for her powerful voice and performances for royalty and charity during World War I. Commemorative plaques honoring their legacies were funded by current residents and the Brighton and Hove Commemorative Plaques Panel.",13.33,0.0,7.62
uk-northern-ireland-29109309,A woman has made an impassioned plea to the Historical Institutional Abuse Inquiry seeking an apology for a child migrant scheme from Northern Ireland to Australia.,"A former child migrant testified to an inquiry about the abuse suffered by over 100 children sent from Northern Ireland to Australia in the mid-1900s, describing their treatment as part of a ""child labour force"" in a home run by Catholic nuns. She called for accountability and an apology for the trauma experienced, including the suicides of her brothers, emphasizing the need for recognition of their histories. The inquiry is investigating child abuse in religious and state-run institutions in Northern Ireland from 1922 to 1995.",31.86,14.41,19.47
uk-england-birmingham-55586008,Campaigners attending a memorial to the Birmingham pub bombings have been issued with fixed penalty notices for breaching coronavirus restrictions.,"Six individuals, including Julie Hambleton, received fines for breaching COVID-19 regulations during a memorial event for the 1974 Birmingham pub bombings. Hambleton, whose sister was among the victims, plans to challenge the fine, arguing that honoring the deceased constitutes a reasonable excuse for gathering. West Midlands Police stated that the gathering violated restrictions on public gatherings during the second lockdown.",24.69,10.13,19.75
uk-wales-55393559,A thousand hampers are being delivered to help support families this Christmas in a campaign backed by sports stars including Gareth Bale.,"Tottenham and Wales winger Gareth Bale donated £15,000 to the ""Everyone Deserves a Christmas 2020"" campaign, which aims to provide hampers filled with food and essential items to families in need in the Swansea Bay area. Over 100 volunteers, including local rugby and football players, are assisting with the initiative, which has garnered significant community support, including donations from local businesses and transportation for deliveries. Swansea East MP Carolyn Harris expressed her gratitude for the overwhelming response, emphasizing the importance of helping families facing hardships this holiday season.",25.23,1.83,10.81
world-europe-45282065,There has been an outcry in Germany after a far-right protester who targeted a German TV crew was exposed as an off-duty police employee.,"During a protest in Dresden against Chancellor Angela Merkel, a far-right demonstrator, who was later revealed to be a police employee, demanded that a TV crew stop filming and summoned police, resulting in the journalists being held for 45 minutes. Germany's justice minister expressed concern over the incident, emphasizing the importance of press freedom, while accusations of police interference in journalism were raised, which the state government denied. The situation has sparked calls for an investigation into the demonstrator's actions and the implications of police involvement in far-right protests.",25.21,8.55,16.81
uk-northern-ireland-26782147,The north-south electricity interconnector is in the news in both the Republic of Ireland and Northern Ireland .,"EirGrid has not yet sought planning permission for the proposed north-south interconnector in the Republic of Ireland, sparking debate over the use of overground pylons versus underground cabling. Residents like Paula and Mike Sheridan express concerns about health risks and declining property values due to proximity to high-voltage pylons, while the Irish Minister for Communication, Pat Rabbitte, insists there is no evidence linking pylons to health issues. The decision on the infrastructure's design remains pending, with community advocates pushing for underground options despite higher costs.",22.64,9.62,18.87
uk-england-cumbria-42894723,"Staff at Sellafield nuclear plant failed to recognise the risks posed by out of date chemicals and had to call explosives experts in to destroy them, a report has found.","The army's Explosive Ordnance Disposal team conducted a controlled detonation at the Sellafield plant, resulting in the disposal of 1,000 bottles and several solvent canisters deemed hazardous. A report highlighted past inadequacies in chemical disposal procedures and recommended a comprehensive review of hazardous materials and improved inventory control to better manage risks. Sellafield Ltd's COO emphasized the importance of effectively managing complex hazards to protect workers, the community, and the environment.",26.92,1.96,17.31
business-26426550,The UK's tax authority has scrapped plans to charge value added tax (VAT) on Bitcoin trading.,"HM Revenue & Customs announced that it will not impose a 20% VAT on the creation or mining of Bitcoin, following the collapse of the MtGox exchange and the loss of nearly $500 million in customer deposits. While VAT will not apply to Bitcoin transactions, it will still be levied on goods and services sold in exchange for Bitcoin, and corporation and income taxes will remain applicable. The global Bitcoin market is currently valued at approximately $7 billion, amidst ongoing regulatory challenges faced by various countries.",13.73,2.0,7.84
business-50094931,"An agreement at the centre of fraud charges against ex-Barclays executives was written by the bank's lawyers and approved by its board, a court heard.","Barclays executives Roger Jenkins, Tom Kalaris, and Richard Boath are on trial for fraud and conspiracy related to a £4.5bn capital raising in June 2008, which included a controversial £42m Advisory Services Agreement with Qatari investors. The defense argues that the agreement was legally sanctioned by the bank's board and top lawyers, and that Boath, who raised concerns about the deal, had no decision-making authority. The trial is ongoing, with much of the evidence based on recorded phone calls from Boath's line, which the defense claims presents a skewed perspective of the events.",24.19,8.2,16.13
health-54151481,"Addiction services in England could struggle to cope with ""soaring"" numbers of people misusing alcohol, the Royal College of Psychiatrists is warning.","Since the coronavirus pandemic began, the number of adults in England drinking at higher-risk levels has surged from 4.8 million to over 8.4 million, while addiction services face severe funding cuts, potentially leaving many without essential care. The rise in risky drinking coincides with an increase in opiate addiction cases, prompting calls for government investment in addiction services to address the escalating crisis. Experts warn that without immediate action, drug-related deaths and alcohol-related hospital admissions could rise significantly.",22.86,5.83,11.43
uk-england-gloucestershire-43470888,"Network Rail has been fined £733,000 over a freight train derailment in 2013.","An empty wagon derailed and fell down an embankment near Gloucester station due to a failure to repair defective track, prompting the Office of Road and Rail (ORR) to warn that a train derailment was inevitable. Network Rail was found to have inadequately addressed ongoing track defects and was subsequently prosecuted, resulting in a £70,000 cost order. Since the incident, Network Rail claims to have developed advanced technology to better manage such faults.",15.91,4.65,11.36
uk-england-coventry-warwickshire-57058835,Conservative candidate Philip Seccombe has been re-elected as Warwickshire Police and Crime Commissioner (PCC).,"Mr. Seccombe was re-elected as Police and Crime Commissioner with 85,963 votes, defeating Labour's Ben Twomey, and achieving over 50% of the first-choice votes. In his second term, he aims to increase police officer numbers, enhance support for victims and witnesses, and maintain a balanced budget, while also planning to appoint a new Chief Constable following Martin Jelley's retirement. Voter turnout rose to 38.45% from 26.73% in the previous election.",17.39,11.11,17.39
uk-wales-north-east-wales-26269338,About 150 people attended a meeting aimed at saving a leisure centre earmarked for closure in one of Wrexham's most deprived areas.,"Councillors have voted to close Plas Madoc Leisure Centre to help reduce spending by £45 million over five years, despite opposition from 2,000 residents and calls for more time to propose alternatives. The decision requires final approval from the full council next week, while supporters are considering a judicial review and urging community members to lobby local councillors. The council cites significant budget cuts and maintenance costs as reasons for the closure, despite acknowledging the centre's importance to local health and wellbeing.",11.21,1.9,9.35
world-africa-41899173,The BBC's Clare Spencer picks five African tech trends to look out for in 2018.,"WISeKey is utilizing blockchain technology to create a tamper-proof land registry in Rwanda, aiming to resolve land disputes caused by unclear ownership records. Additionally, startups like Andela and Flutterwave are addressing the demand for software developers and mobile payment solutions in Africa, while Zipline is expanding its drone delivery services for medical supplies in Tanzania, and PEG Africa is providing solar energy solutions to off-grid communities.",9.52,0.0,7.14
uk-england-birmingham-50315321,An elderly couple trapped in their flat for more than a week after a lift stopped working can get out once more as repairs have been completed.,"Ken and Molly Woodward, aged 98 and 95, received community support while living on the sixth floor of End Wood Court in Birmingham, as repairs to their building's lift were completed ahead of schedule. Their daughter highlighted the kindness of strangers, including a woman who delivered groceries daily, which significantly improved the couple's spirits. Building managers confirmed ongoing communication with residents and will monitor the lift's functionality moving forward.",16.16,2.06,8.08
world-europe-41291813,Many cities around the world view graffiti as nothing less than vandalism - a form of pollution that must be removed from the streets.,"The Urban Nation Museum for Urban Contemporary Art has opened in Berlin, showcasing the works of 150 international and local artists and marking the first museum dedicated to this art form. Museum Director Yasha Young emphasized its role in archiving the history of street art, while artists like Louis Masai expressed that the museum brings much-deserved recognition to the street art community.",13.95,2.38,13.95
uk-england-york-north-yorkshire-56214537,"A driver has been arrested after his car crashed into a tree in Leeds, killing his passenger.","A 31-year-old man driving a grey Volkswagen Golf crashed into a tree in Gipton, resulting in the death of his 35-year-old passenger, who later died in the hospital. The driver sustained serious injuries and has been arrested on suspicion of causing death by dangerous driving, driving over the prescribed limit, and aggravated vehicle taking.",32.0,16.44,21.33
technology-29811512,"A judge has dismissed a legal action brought by Manuel Noriega, the former dictator of Panama, against the publisher of the Call of Duty video games.","A Los Angeles Superior Court judge dismissed Manuel Noriega's lawsuit against Activision over a character based on him in the video game Black Ops II, ruling that the character's inclusion was protected under free speech laws. Activision's defense highlighted the case as a victory for artistic expression, warning that allowing such lawsuits could threaten the portrayal of historical figures in various media. Noriega, currently imprisoned in Panama for crimes during his rule, had sought damages from the game developers.",25.93,3.77,18.52
uk-wales-47359492,"Cameron is 18, about to move into a new flat and studying computer science at college with plans to go to university.","Cameron, a teenager who became homeless at 14 due to family issues, highlights the growing youth homelessness crisis in Wales, described as a ""hidden epidemic."" Inspired by stories like Cameron's, actor Michael Sheen helped establish Wales' first national out-of-hours helpline for young people at risk of homelessness, which offers support and resources for safe accommodation. The initiative aims to address the alarming rise in youth homelessness, with over 7,500 young people seeking help from local authorities in 2017-18 alone.",15.09,0.0,9.43
uk-england-derbyshire-52790399,Police are investigating after a 5G mast was deliberately set on fire only days after it was put up.,"A fire that damaged a 5G mast in Breadsall, Derby, was extinguished by firefighters shortly before 02:00 BST, and police are investigating the incident as a deliberate act. The rise in attacks on 5G infrastructure has been linked to conspiracy theories falsely associating the technology with the spread of coronavirus, which scientists have condemned.",27.03,11.11,16.22
world-europe-55407129,A court in Turkey has sentenced a prominent Kurdish opposition figure to 22 years in prison on terror charges.,"Leyla Güven, a former MP and co-leader of the Democratic Society Congress, was convicted of membership in a terrorist group and has had a warrant issued for her arrest after being stripped of parliamentary immunity. The People's Democratic Party (HDP) plans to appeal the ruling, which they claim is an attack on Kurds and the opposition, amid ongoing government crackdowns on HDP leaders accused of ties to the PKK. Güven's current whereabouts are unclear, but reports indicate she was detained during a police search in Diyarbakir.",14.55,0.0,12.73
business-49605180,"When Tyler Lorenzen first started to sell protein powders derived from peas he received some ""odd looks"".","Former NFL player and Puris employee faced skepticism when promoting pea protein, but growing health consciousness and concerns over soy have led to a surge in demand for plant-based proteins. With investments like Cargill's $75 million to expand production, the industry is rapidly evolving, producing a variety of products from meat substitutes to dairy alternatives. Despite this boom, global meat consumption remains significantly higher than pea protein production, indicating that while the market is expanding, meat will likely continue to dominate.",10.0,0.0,10.0
uk-england-38840136,Support for a petition in favour of Donald Trump's state visit to the UK is greatest in London and the South East.,"Over a quarter of a million people have signed a petition supporting the US President's visit to the UK, which will be debated in Parliament alongside a competing petition against it that has garnered over 1.8 million signatures. Analysis shows that constituencies with Conservative MPs tend to support the visit, while those with Labour and Green MPs are more opposed, although the anti-visit petition has consistently received more signatures overall. Both petitions will be discussed in Parliament on February 20, reflecting a growing divide in public opinion on the matter.",22.41,7.02,17.24
uk-england-suffolk-46440615,Scottish Power has announced it has chosen to develop land in a village near the Suffolk coast for substations serving two offshore wind farms.,"Scottish Power Renewables is facing opposition to its proposed substation in Friston, which is intended to support the East Anglia Two and East Anglia One North offshore wind farms. Local campaign group SASES and Suffolk County Council have raised concerns about the environmental impact and historical significance of the area, while the firm is reviewing feedback from its consultation to address these issues. A final decision on the project is expected from the Secretary of State for Business in 2021.",25.0,5.88,17.31
science-environment-28950532,"By artificially activating circuits in the brain, scientists have turned negative memories into positive ones.","Researchers at the Riken-MIT Center for Neural Circuit Genetics have demonstrated that they can alter the emotional associations of memories in mice by reactivating neurons in a different emotional context, effectively switching fearful memories to positive ones and vice versa. Using optogenetics, they labeled neurons associated with specific memories and manipulated their connections to change the emotional responses without returning the mice to the original memory context. While the findings provide insight into the malleability of emotional memories, applying this technique to human trauma remains uncertain.",17.65,2.0,9.8
uk-england-tees-20069719,Labour's candidate to be Cleveland's first police and crime commissioner (PCC) has pledged to resist any future move to merge the force with a neighbouring constabulary,"At a hustings event in Stockton, candidates for the Police and Crime Commissioner (PCC) position debated the future of Cleveland Police, with Labour's Barry Coppinger opposing a regional police force due to concerns over Northumbria's dominance. Voter frustration was evident regarding ongoing issues within the force, including the recent sacking of the chief constable amid corruption inquiries. Candidates discussed the potential for restructuring and collaboration with other forces, emphasizing the need for community input in any future decisions.",31.48,13.21,20.37
world-europe-27611328,Poland has confirmed that it will nominate its Foreign Minister Radoslaw Sikorski to replace Catherine Ashton as EU foreign policy chief.,"Poland's Foreign Minister Radoslaw Sikorski is being considered as a candidate for the EU's High Representative for Foreign Affairs and Security Policy, a position currently held by Catherine Ashton, who will not seek a second term. Sikorski has been a vocal critic of Russian foreign policy and played a significant role in the diplomatic response to the Ukraine crisis, with the European Council set to vote on the appointment in July and MEPs to confirm it in September.",31.68,10.1,17.82
uk-scotland-glasgow-west-56405885,An evangelical church in North Lanarkshire has been reported to police over claims it has been hosting group prayer in breach of Covid rules.,"Hope United Church in Motherwell has faced scrutiny for holding services with congregation members gathering without social distancing or face coverings, despite current lockdown restrictions in Scotland that only permit churches to open for broadcasting services or conducting ceremonies. Local MSP Clare Adamson expressed concern over the potential public health risks posed by these gatherings and reported the incidents to the police, who are investigating the matter. The Scottish government plans to allow places of worship to reopen on March 26, 2021, under specific attendance and distancing guidelines.",16.07,1.82,12.5
health-22458428,Bacteria that live in the gut have been used to reverse obesity and Type-2 diabetes in animal studies.,"Research published in the Proceedings of the National Academy of Sciences indicates that the bacteria Akkermansia muciniphila can significantly reduce fat mass in obese mice by altering gut health and metabolism. While the mice did not return to normal weight, they lost about half of their excess fat and showed improved insulin resistance, suggesting potential for future human applications in obesity and Type-2 diabetes treatment. This study highlights the importance of gut microbiota in health and opens avenues for bacteria-based therapies.",25.49,10.0,19.61
business-15552412,Eleven EU member countries have said they wish to move ahead with introducing a financial transactions tax.,"Several European nations, including France and Germany, plan to implement a tax to raise funds for addressing the debt crisis, with support from the European Commission. However, the proposal faces opposition from countries like the UK and the US, and a legal opinion from EU lawyers has deemed the tax illegal due to its potential overreach of member states' tax powers. The concept of this tax, often referred to as a Tobin or ""Robin Hood"" tax, has been discussed for 40 years.",14.14,0.0,10.1
uk-england-hampshire-54449549,"The Isle of Wight's troubled floating bridge could have ""side thrusters"" fitted to improve its performance, the council has revealed.","The Isle of Wight Council plans to invest in modifications for a £3.2 million ferry that has faced numerous issues since its 2017 launch, including running aground and technical failures. The proposed installation of side thrusters aims to eliminate the need for a costly push-boat, but an opposition councillor argues that the vessel's design is fundamentally flawed. A report detailing options for the ferry is expected by the end of October.",25.26,8.6,16.84
world-latin-america-24583432,"""Pre-Salt"". A term that hardly anyone outside oil industry would have ever heard of and, even if they had, it holds few clues as to what it really is.","Brazil is poised to auction rights to the massive Libra oil deposit, estimated to contain up to 12 billion barrels of oil, which could significantly boost its economy. Despite concerns over the country's capacity to manage such a large project, local authorities are training workers to support the oil boom, while foreign companies are adapting to the Brazilian market. The government expects to retain around 70% of profits from Libra, but strict conditions have deterred some major oil producers from participating in the bidding process.",10.34,0.0,5.17
uk-scotland-scotland-politics-56831675,Alex Salmond has insisted that his Alba Party is the only one taking Scottish independence seriously as he launched its election manifesto.,"Former SNP leader Alex Salmond launched the Alba party to secure a pro-independence ""supermajority"" in Scotland, emphasizing its comprehensive manifesto that includes a robust economic recovery agenda and strong commitments to women's rights. While Alba aims to push for a referendum on independence, it will not field constituency candidates, instead seeking regional list seats by appealing to SNP supporters. The manifesto outlines plans for immediate negotiations with the UK government and preparations for a Scottish central bank and currency post-independence.",20.95,3.88,13.33
uk-scotland-north-east-orkney-shetland-17989301,A witness in the trial of a man accused of murdering his wife has denied telling police they had a 50-50 chance of recovering the body.,"Hector Dick testified in the trial of Nat Fraser, who is accused of murdering his wife, Arlene, who disappeared in 1998. Dick, previously cleared of involvement, claimed Fraser confessed to hiring a hitman to kill Arlene and later disposed of her body, while Fraser's defense suggests Dick may be the true culprit and questioned the reliability of Dick's statements regarding the chances of finding evidence. The trial is ongoing, with the jury currently not in session.",26.67,15.53,24.76
uk-england-northamptonshire-28602849,"Two museums have lost their accreditation status after the controversial sale of a 4,000-year-old Egyptian statue to a private collector.","Northampton Borough Council sold the Sekhemka limestone statue for nearly £16 million to fund a museum extension, but Arts Council England ruled the sale violated museum accreditation standards, resulting in the council's ineligibility for various arts grants. The decision has sparked criticism, with local leaders expressing disappointment and the Egyptian Ambassador condemning the sale as detrimental to cultural heritage. The council is contemplating an appeal against the ruling.",17.39,0.0,10.87
world-asia-24105977,"South Korean troops have shot dead a man trying to swim across a border river into the North, officials say.","A South Korean man identified as Nam Young-ho was shot dead by soldiers after he jumped into the Imjin River near the heavily fortified border with North Korea, ignoring warnings to return. This incident occurred as South Korean workers resumed operations at the Kaesong industrial park in North Korea, following months of negotiations amid a thaw in inter-Korean relations. The man had been deported from Japan and attempted to cross into North Korea, a rare occurrence given the militarized nature of the border.",24.76,5.83,17.14
world-europe-53907761,"Several prominent critics of Kremlin policies - ex-spies, journalists and politicians - have been poisoned in the past two decades.","Alexei Navalny, a prominent Russian opposition activist, fell gravely ill on a flight from Tomsk to Moscow on August 20, 2020, and is currently in a Berlin hospital being treated for poisoning with an unidentified nerve agent. This incident follows a pattern of mysterious poisonings of Russian dissidents, including Alexander Litvinenko and Sergei Skripal, with experts suggesting that the use of poison allows for plausible deniability and complicates investigations. The Kremlin has denied involvement, but suspicions of a cover-up and the delayed medical response in Omsk raise further concerns about the circumstances surrounding Navalny's poisoning.",12.07,0.0,10.34
uk-england-cumbria-53487894,"A family have secured their house ""like Fort Knox"" after a burglar tried to smash his way in during a crime spree, a court was told.","Colin Berry, 28, was sentenced to a year in prison after attempting to break into a home in Lamplugh while under the influence, following the theft and crash of a pizza delivery car. During the burglary, he smashed a glass door and demanded car keys from the terrified family inside, who managed to fend him off. Berry also pleaded guilty to additional charges related to vehicle theft and driving offenses, leaving the victims feeling unsafe and traumatized.",21.36,0.0,11.65
uk-england-beds-bucks-herts-46508430,Two YouTube pranksters who filmed themselves breaking into the Celebrity Big Brother house during a live eviction show have been convicted.,"Ally Law and Ryan Taylor were arrested for aggravated trespass after sneaking into a TV studio in Hertfordshire twice in January, prompting a lockdown of the housemates inside. Law, who filmed himself jumping into a hot tub while wearing a GoPro, claimed his actions were intended for entertainment, while Taylor admitted to being motivated by money. Both are scheduled to be sentenced on March 5.",11.63,2.38,9.3
technology-16054945,More than 10 billion apps have been downloaded from Google's Android Market.,"Google announced a temporary price reduction to 10p for select top apps to celebrate reaching 10 billion downloads on its Android platform, which is experiencing accelerated growth. While some analysts highlight the rapid increase in downloads, they caution that the quality of apps and effective curation remain critical challenges for Google to address in order to enhance user experience and developer revenue.",16.0,2.74,10.67
uk-16175261,"Almost 3,500 whales, dolphins and porpoises have been stranded on UK coastlines over the past six years, according to a study.","The Zoological Society of London (ZSL) reported a decline in cetacean strandings along the UK coast, although some cases remain unreported, prompting a campaign to encourage public reporting. The investigation revealed that many stranded animals, particularly harbour porpoises, died from starvation, infectious diseases, or entanglement in fishing nets. The UK Cetacean Strandings Investigation Programme has conducted over 750 post-mortem examinations to identify causes of death and will continue its research with additional funding for three more years.",18.0,0.0,8.0
science-environment-20898729,"The past 12 months were the second wettest on record in the UK, according to data released by the Met Office.","In 2012, the UK experienced its wettest year on record, with total rainfall reaching 1,330.7mm, leading to widespread flooding that affected thousands of homes and caused significant financial losses for farmers estimated at £1.3 billion. The Met Office noted an increasing trend in extreme rainfall events, prompting calls for a comprehensive water management strategy to address both flooding and drought issues exacerbated by climate change.",24.72,9.2,17.98
entertainment-arts-39645975,"Power struggles, personality clashes and conflicting agendas - it could be the plot of a Shakespearean tragedy.","Emma Rice's resignation as artistic director of Shakespeare's Globe theatre was driven by a conflict over artistic freedom and personal trust, particularly regarding her use of artificial lights and sound. In an open letter, she expressed that her departure was not solely about technical choices but also about feeling unsupported by the theatre's board. Former director Dominic Dromgoole echoed her sentiments, highlighting internal conflicts and the pressures faced by artistic leaders, while cautioning her successor about the challenges ahead.",12.24,0.0,8.16
world-middle-east-42232158,Turkey's president has warned it could sever ties with Israel if the US recognises Jerusalem as its capital.,"Recep Tayyip Erdogan warned that recognizing Jerusalem as Israel's capital would cross a ""red line"" for Muslims, with potential diplomatic repercussions for Israel, while Donald Trump is expected to announce a significant shift in U.S. policy regarding the city's status. The issue is highly contentious, as Israel claims the entire city as its capital, while Palestinians seek East Jerusalem as the capital of a future state, and international leaders, including those from Jordan and France, have expressed concerns about the potential destabilizing effects of such a move.",16.51,5.61,12.84
world-us-canada-46217085,"Michael Avenatti, lawyer for porn star Stormy Daniels in her suit against President Donald Trump, has been arrested on suspicion of domestic violence, police in Los Angeles say.","Lawyer Michael Avenatti was arrested following allegations of domestic violence made by a woman who reportedly had visible injuries. He denied the claims, posting bail at $50,000, and stated he has never struck a woman, emphasizing his advocacy for women's rights. Avenatti's estranged wife and his first wife both defended him, asserting he has never been abusive.",22.73,6.98,13.64
uk-scotland-38959432,"A lack of mental health provision for young people in Scotland is leaving them in distress and at serious risk, according to key children's charities.","The Scottish Children's Services Coalition is calling for urgent improvements in mental health support for children, highlighting that Scotland lacks a national strategy for school-based counseling services. Local government body Cosla noted that budget cuts have led to a shortage of mental health workers and educational psychologists, exacerbating long waiting times for services like NHS Scotland's CAMHS. Mental Health Minister Maureen Watt acknowledged the disparities in service provision across local authorities and emphasized the need for targeted support to address these issues.",27.03,5.5,16.22
uk-scotland-tayside-central-21861274,"A ""dramatic reduction"" in the number of crimes of violence and indecency, including rape, has been recorded by a city's police force.","Police in Dundee reported a 37% decrease in violent crimes and a 10% drop in robberies between April and January, alongside a 15% reduction in crimes of indecency. However, housebreaking incidents rose by 27%, attributed to a small number of offenders. Overall, there was a 5% reduction in recorded crime in Dundee last year, indicating fewer victims of violence and vandalism.",33.33,12.2,21.43
world-asia-26114510,"New Zealand has described the entry of a Japanese whaling fleet vessel into its Exclusive Economic Zone (EEZ) as ""deeply disrespectful"".","New Zealand's Foreign Affairs Minister expressed deep disappointment after a Japanese vessel, the Shonan Maru 2, entered New Zealand's exclusive economic zone (EEZ) while following a Sea Shepherd activist boat, despite diplomatic protests. Japan defended its actions, stating that the vessel was within its rights under international law to protect its whalers from disruption by activists, while New Zealand emphasized the insensitivity of the Japanese whalers' actions. The incident highlights ongoing tensions over Japan's whaling practices, which are criticized as commercial whaling disguised as scientific research.",25.45,9.26,18.18
uk-scotland-scotland-politics-43414025,Alex Salmond has launched a staunch defence of his weekly show on Russian broadcaster RT as he warned regulator Ofcom against closing the channel down.,"Former Scottish First Minister Alex Salmond defended his show on the Kremlin-funded channel RT, arguing that revoking its broadcasting license would undermine freedom of speech, despite accusations that it serves as a propaganda tool for Russia. Salmond acknowledged the UK government's belief in Russian culpability for a recent chemical attack but insisted that any actions against RT should be based on overwhelming evidence. Political leaders, including Prime Minister Theresa May and Scottish Conservative leader Ruth Davidson, have criticized RT, calling for a united stance against its perceived disinformation efforts.",24.14,3.51,13.79
world-south-asia-11712268,President Barack Obama's support for India to have a permanent seat on the UN Security Council is a major foreign policy statement by the United States.,"President Obama has reaffirmed the United States' strategic partnership with India, marking a significant shift from Cold War-era suspicions and acknowledging India as an ""emerged"" power. While calling for dialogue between India and Pakistan, he avoided criticism of India regarding Kashmir, emphasizing that the two nations should resolve their issues independently. This support for India also reflects a broader shift in global power dynamics and highlights the complexities surrounding India's ambition for a permanent seat on the UN Security Council, amid competing interests from other nations.",31.3,19.47,22.61
uk-11923639,The Home Office is being urged to rethink the phasing of cuts to police budgets in England and Wales.,"The Association of Police Authorities warns that significant cuts to police funding over the next four years, starting with 8% reductions, could jeopardize front-line services and community safety, particularly during the 2012 Olympics. They emphasize the need for a balanced approach to savings to maintain policing capabilities, while the Home Office insists that increased efficiency will help protect essential services. Shadow home secretary Ed Balls criticizes the government's strategy as a ""reckless gamble"" that could lead to a decrease in police officers and undermine crime-fighting efforts.",20.37,7.55,12.96
uk-england-45539995,More than 60 personnel from RAF Cosford have marched through Dudley after being awarded the freedom of the borough.,"The event commemorated the Battle of Britain, a pivotal moment in World War Two, while Group Captain Tone Baker expressed pride in receiving an award during the RAF's centenary year. He highlighted the strong ties between his hometown of Dudley and RAF Cosford, where he began his career nearly 30 years ago, emphasizing the station's role as a training center and its community connections.",16.47,2.41,9.41
newsbeat-10001814,"Most big contests only have two competitors - two teams on a football pitch, two people either side of the tennis net. But what about a game with three big players?","The Liberal Democrats are holding their annual meeting in Bournemouth ahead of an upcoming General Election, where they aim to define their identity amidst a challenging political landscape dominated by Labour and the Conservatives. Despite being perceived as the ""nice guys"" of politics, they struggle to convert their favorable image into electoral support, particularly as they face scrutiny over their ability to manage national debt without harming essential services. The party acknowledges the need to adjust its policies, including abandoning previous commitments like free university tuition, while seeking to gain more serious consideration from voters.",4.8,0.0,4.8
world-europe-17988453,"Once the centre of the Ottoman Empire, the modern secular republic was established in the 1920s by nationalist leader Kemal Ataturk.","Turkey, strategically located between Europe and Asia, has faced challenges in its democratic progress and human rights record, particularly regarding its Kurdish population and the military's historical role in politics. President Recep Tayyip Erdogan, who has been in power since 2003, has expanded his authority through a presidential system established in 2017, while his government has been criticized for suppressing dissent and press freedom. Turkey's long-standing ambition to join the European Union has stalled amid concerns over its human rights practices.",7.62,1.94,7.62
uk-northern-ireland-37777592,"No minutes were kept of key meetings between government officials and the regulators of a botched green energy scheme, the assembly has heard.","The Renewable Heat Incentive in Northern Ireland is projected to cost taxpayers hundreds of millions due to inadequate regulation, described as ""one of the biggest scandals"" since devolution. The scheme, intended to promote renewable energy use, became financially burdensome after an influx of applications spurred by overly generous subsidies, with oversight failures from both the Department of Enterprise and Ofgem E-Serve highlighted during a Public Accounts Committee meeting.",21.74,0.0,10.87
world-europe-44778737,German Interior Minister Horst Seehofer has joked that 69 Afghan migrants were deported on his 69th birthday.,"Germany deported 69 Afghan migrants on July 4, exceeding an agreed limit, which angered Afghan officials and highlighted tensions within Germany's coalition government over migration policy. Meanwhile, Italy's new populist government has blocked the Italian-flagged supply ship Vos Thalassa from docking after it rescued 66 migrants off the Libyan coast, marking a significant shift in Italy's approach to handling migrant rescues. The situation reflects ongoing diplomatic disputes in the EU regarding migration management and the responsibilities of member states.",12.0,4.08,8.0
world-europe-guernsey-22919691,"Guernsey's main telecom company, Sure, have announced plans to charge for paper bills from September.","Sure will charge customers £1 per month for paper bills and £1 for payment methods other than direct debit, aiming to promote online billing. Customers without internet access will be exempt from these fees. The company plans to provide three months' notice for customers to transition to direct debit and online billing.",26.47,9.09,17.65
uk-scotland-54165392,Scammers pretending to work for the Test and Protect contact tracing service have been cold-calling people and demanding payment for tests.,"First Minister Nicola Sturgeon condemned emerging fraud related to Covid-19 tests, emphasizing that testing is free and that legitimate Test and Protect staff will never request payment or financial information. Trading Standards Scotland reported instances of individuals being asked to pay £500 for tests, urging the public to remain vigilant against such scams. Police Scotland reiterated that genuine contact tracers will only inquire about movements and contacts, and anyone approached for payment should report it.",22.45,6.25,14.29
newsbeat-14324912,Adele is set to perform at this year's MTV Video Music Awards (VMAs).,"Adele will make her debut performance at the MTV Video Music Awards on August 28, where she is nominated for seven awards, alongside Chris Brown and Lil Wayne. Katy Perry leads with nine nominations, while other notable nominees include Lady Gaga, Beyonce, and Bruno Mars. After overcoming vocal cord issues, Adele expressed her excitement and fear about performing, describing her recent Brit Awards experience as life-changing.",19.75,10.13,17.28
science-environment-40205808,"The sense of fair play is an important human trait, but new research suggests that it's a key behaviour for dogs and wolves as well.","A study reveals that both wolves and dogs exhibit a sensitivity to inequity, demonstrating a sense of fairness that predates domestication. When one animal received a better reward while the other received nothing, the latter often refused to continue working, indicating that this behavior likely stems from a common ancestor rather than being learned from humans. Additionally, pet dogs showed less sensitivity to unfair treatment, suggesting that their experiences with humans influence their responses to inequity.",21.57,6.0,11.76
uk-england-40430429,Southern rail has axed a quarter of its train services as an overtime ban by driver's union Aslef comes into force.,"Aslef is in a dispute with Southern over driver-only-operated trains, leading to an overtime ban that has resulted in a revised timetable affecting services in several regions. Southern has announced limited services, including no off-peak Gatwick Express trains and no direct connections between London and Southampton or Portsmouth, while the union continues negotiations over drivers' terms and conditions. The Association of British Commuters is pursuing a judicial review regarding the government's involvement in the situation, claiming passengers lack a voice in the ongoing issues.",23.64,3.7,12.73
uk-england-cambridgeshire-34722447,"When a giant whale was washed up on a beach in Sussex, 40,000 people travelled by train to take a look.","Plans are underway to feature a 70ft finback whale skeleton, discovered in Pevensey Bay in 1865, as the centerpiece of a new museum building at Cambridge University's Museum of Zoology. After extensive conservation efforts, the skeleton was previously displayed outside, but it is now being prepared for a new glass hall exhibit, with nearly half of the £150,000 needed for its conservation already raised. The fascination with stranded whales, historically seen as sea monsters, continues today as scientists seek to learn more about these elusive marine species.",14.41,0.0,10.81
uk-scotland-edinburgh-east-fife-21457678,"Fife Council's leader has said the days of ""salami slicing"" budgets were over as he announced £66m in savings to be made over the next three years.","Fife Council has approved a budget that freezes council tax for the sixth consecutive year while planning to invest £900 million over the next decade in infrastructure and community services, including education and care homes. Despite the positive initiatives, such as introducing the living wage for low-paid workers and funding for youth employment, council leader Alex Rowley acknowledged that there will be job losses, though efforts will be made to manage their impact on employees.",28.85,7.84,15.38
world-asia-india-19620175,India has cleared a controversial plan to open up its lucrative retail sector to global supermarket chains. Business analyst Alam Srinivas answers a few key questions. What does the government's decision mean?,"Multi-national retailers like Wal-Mart, Carrefour, and Tesco can now acquire up to a 51% stake in India's multi-brand retail sector, allowing them to sell directly to consumers and potentially invest $8-10 billion in infrastructure to reduce food waste. While supporters argue this will benefit farmers by eliminating middlemen and lowering consumer prices, critics express skepticism about the actual benefits, noting that existing large Indian retailers have not significantly improved storage or distribution. The implementation of this policy is left to individual states, with many opposition-led states likely to opt out.",13.95,1.57,7.75
newsbeat-49311745,"Love Island contestant Yewande Biala says being black in the media means ""you have to be 10 times better than everyone else"".","Yewande, a 23-year-old scientist from Dublin and former contestant on Love Island, discussed her experiences in the villa, highlighting the challenges of being a black woman in the media and the difficulties she faced in finding love due to racial preferences among contestants. She expressed frustration over stereotypes, particularly the portrayal of black women, and shared her struggles with social media backlash upon returning from the show, despite receiving significant support from fans.",20.62,6.32,16.49
business-50925314,The UK's competition watchdog is investigating Amazon's bid to buy a stake in food delivery firm Deliveroo.,"The Competition and Markets Authority (CMA) has initiated an in-depth investigation into Amazon's £440 million investment in Deliveroo, citing concerns that the deal could harm competition in the UK food delivery market. The CMA is worried that Amazon's influence over Deliveroo might stifle competition and lead to higher prices and lower service quality for consumers. Both Amazon and Deliveroo have expressed confidence that the investment will enhance competition, but the CMA's review could last up to six months.",25.74,6.06,17.82
uk-scotland-glasgow-west-35102530,Scotland's largest health board is to allow the use of electronic cigarettes within its hospital grounds.,"NHS Greater Glasgow and Clyde (NHS GGC) has announced it will allow the restricted use of e-cigarettes on health grounds, following NHS Lothian's lead, due to evidence that they can aid in smoking cessation. Research indicates that a significant percentage of smokers in the area plan to use e-cigarettes to quit, and the policy aligns with guidance from Health Scotland to support smoking cessation efforts, particularly for individuals with mental health issues. Specific areas for e-cigarette use will be designated within healthcare facilities, with clear communication to staff, patients, and visitors regarding the distinction between tobacco and e-cigarettes.",18.33,3.39,10.0
science-environment-12091485,"Europe's heavy-lift rocket, the Ariane 5, has completed its sixth and final mission of 2010, putting two satellites high above the Earth.","The Ariane 5 rocket successfully launched from French Guiana, carrying the Hispasat-1E and Koreasat-6 satellites, which will provide telecommunications services to Europe, the Americas, and South Korea. This marks the 41st consecutive success for the Ariane 5, contributing to Arianespace's 60% market share in satellite launches. The next mission is scheduled for February 15, 2011, to resupply the International Space Station with the ATV-Johannes Kepler freighter.",21.28,4.35,12.77
uk-england-52487788,"As summer approaches, England's beaches are looking very different places from the ones we are used to.","Due to temporary easing of restrictions, some UK beaches have lifted seasonal dog bans, allowing locals to exercise with their pets while promoting social distancing. Unusual wildlife sightings, such as a grey seal in Dorset, and community art projects, including pebble stacks and sand tributes to the NHS, have emerged as people adapt to the changes in beach usage.",10.39,0.0,7.79
world-europe-50419668,Did President Donald Trump withhold military aid from ally Ukraine for his own political reasons? That is the big question at the heart of the Democrat-led impeachment inquiry.,"Ukraine's geopolitical significance has intensified since its 2014 revolution, which shifted its alignment towards the West and prompted Russian aggression, including the annexation of Crimea. U.S. military aid, totaling around $1.5 billion since 2014, has been crucial for Ukraine's defense, but support has fluctuated under different U.S. administrations, particularly during Trump's presidency, complicating Ukraine's reliance on American backing amid ongoing tensions with Russia. The current impeachment inquiry involving Trump and the Bidens has further entangled Ukraine in U.S. politics, although many Ukrainians remain focused on domestic efforts to achieve peace with Russia.",20.16,3.15,10.85
world-europe-12938349,Poland is postponing moves to partially compensate families who lost property during the upheavals of Nazi occupation and communism.,"Poland's chief rabbi, Michael Schudrich, criticized the government's suspension of a law addressing historical property claims from Jews and other citizens, which was halted due to concerns over increasing public debt. The U.S. expressed disappointment over the decision, highlighting the ongoing struggle for justice for Holocaust survivors and their descendants, while Polish officials defended the government's stance, citing past agreements and the complexity of the issue. The situation remains contentious, reflecting the sensitive nature of Poland's historical property restitution challenges.",11.54,0.0,7.69
uk-england-tees-46868722,Fraudsters are targeting young footballers across the world offering them fake trials in return for money.,"Middlesbrough Football Club has reported a scam involving individuals impersonating agents and offering trials for a fee, with at least 15 inquiries received from potential players questioning the legitimacy of these offers. The club has informed the Football Association and local police, emphasizing that any genuine trial invitations would come directly from the club, not third parties. The FA has also warned that similar scams are occurring across the country, targeting young players and their families.",19.57,4.44,8.7
uk-politics-34172723,"Jeremy Corbyn is way out in front of his three rivals for the Labour leadership when it comes to internet searches, according to new research by Google News Labs for the BBC.","Research by Google News Labs shows that Jeremy Corbyn was the most searched Labour leadership candidate in 539 out of 650 constituencies from June to September, indicating significant public interest. He outperformed his nearest rival, Andy Burnham, who led in 51 constituencies, while Yvette Cooper and Liz Kendall were the most searched in 37 and 23 constituencies, respectively. The data reflects a growing curiosity about Corbyn, particularly in traditionally Conservative areas, as the candidates prepare for the leadership election results.",33.93,12.73,17.86
uk-northern-ireland-50874309,Efforts to protect the habitats of endangered birds in County Fermanagh have been boosted with the launch of a new boat.,"The RSPB has launched a new vessel, named after former warden Joe Magee, to transport livestock for grazing on islands in Lower Lough Erne, aiming to create a conducive environment for breeding wader birds like curlews, whose population has drastically declined by 89% since 1987 in Northern Ireland. The decline is attributed to changes in farming practices, leading to fewer meadows and suitable habitats for these endangered species. RSPB site manager Brad Robson emphasized the importance of their efforts to improve conditions for curlews, despite only a slight increase in their numbers in recent years.",20.69,3.51,12.07
world-asia-41187517,"She was the perfect symbol of democracy. Highly intelligent, well-read, articulate and photogenic.","Aung San Suu Kyi, once a symbol of defiance against tyranny, faces increasing criticism for her inaction regarding the ethnic cleansing of Rohingya Muslims in Myanmar, despite her previous advocacy for non-violence and human rights. Her refusal to acknowledge military abuses and her diplomatic efforts to shield the government from international scrutiny have alienated former supporters and raised questions about her commitment to universal human rights. The ongoing violence against the Rohingya reflects a military that feels empowered to act with impunity, while Suu Kyi's silence provides them with political cover.",7.48,1.9,5.61
uk-scotland-south-scotland-42194318,"Early morning checks and relocation of frogs, toads and newts have been recommended during work on an £11m tourism expansion in a Borders forest.","A planning application has been submitted for 56 eco-cabins and 10 miles of new trails at Glentress, which could generate an additional £1 million annually and create up to 60 jobs. An amphibian survey found common toads, frogs, and palmate newts in the area, prompting recommendations for protective measures during construction to avoid harming these species. The application is currently under review by Scottish Borders Council.",28.57,0.0,17.58
world-europe-45710447,Protesters have clashed with police in Barcelona as thousands took to the streets there and in cities across Catalonia to mark the first anniversary of the contested referendum on independence from Spain.,"Over 180,000 demonstrators marched in Barcelona to commemorate the anniversary of Catalonia's controversial independence referendum, with protests organized by the Committees for the Defence of the Republic (CDRs) that included blocking rail tracks and roads. The protests followed the end of Spain's direct rule over Catalonia, with new regional leadership under Quim Torra, who encouraged activists to continue their efforts for independence. Despite a slight majority of Catalans supporting independence in a recent poll, the Spanish government maintains that public order must be upheld.",28.57,5.13,15.13
uk-scotland-tayside-central-27731600,Air links between Dundee and London have been secured after funding was agreed between the city council and the UK government.,"A public service obligation has secured £2.85 million from the Regional Air Connectivity fund to maintain the Dundee to London route for two years, with Loganair set to operate two daily flights starting in July. This funding addresses uncertainty following Cityjet's termination of services and requires a total subsidy of £3.2 million, with local council contributions expected to be approved soon. Treasury secretary Danny Alexander emphasized Dundee's importance as an economic hub in Scotland, highlighting the route's significance for local industries.",16.82,0.0,11.21
uk-england-london-56168452,"An app designed to help Londoners report terrorist content ""easily and anonymously"" has been launched.","The iREPORTit app has been launched to help individuals report extremist material online, following research indicating that 80% of people were unsure how to do so. Funded by £40,000 from City Hall and developed with the national Counter Terrorism Internet Referral Unit, the app aims to enhance public safety amid rising online threats, particularly during the pandemic. Its effectiveness will be evaluated based on downloads and the quality of referrals during a three-month pilot period.",17.39,6.67,10.87
uk-england-17767239,A hospital serving Norfolk and north Suffolk has received a warning over its standards of patient care and told to implement improvements faster.,"The Care Quality Commission's inspection of James Paget Hospital revealed deficiencies in patient care planning and staff understanding of Do Not Attempt Resuscitation (DNAR) forms. New chief executive David Hill emphasized the need for rapid improvements, stating that the hospital is enhancing staff training, standardizing documentation, and reviewing DNAR policies to ensure better patient care.",22.78,2.6,12.66
world-europe-47414140,"Decades after other French-speaking countries adopted feminine names for professions, the official guardians of the language in France have also backed the change.","The Académie française has shifted its stance on gendered language, now accepting feminine forms for job titles, such as ""professeure"" for female teachers, acknowledging the evolution of French to reflect women's roles in society. While it will not create a comprehensive list of feminine job titles, the academy recognizes existing variations and allows for changes as long as they adhere to fundamental language rules. This move aligns with practices already adopted in other francophone countries, although some feminized terms remain controversial among individuals.",23.64,0.0,12.73
entertainment-arts-41570216,Angelina Jolie and Gwyneth Paltrow are the latest actresses to allege they were victims of sexual harassment by Hollywood producer Harvey Weinstein.,"Multiple actresses, including Gwyneth Paltrow and Angelina Jolie, have accused Harvey Weinstein of sexual harassment, with Paltrow detailing an incident from her early career. Weinstein has denied all allegations of non-consensual sex, claiming that any relationships were consensual, while his wife, Georgina Chapman, announced she is leaving him. Public figures, including Barack and Michelle Obama, have expressed their disgust at the reports and support for the women who have come forward.",29.79,10.87,12.77
uk-england-hampshire-36479129,"Health inspectors have condemned a ""chaotic"" hospital emergency department which they said was failing to keep patients safe.","The Care Quality Commission (CQC) rated the A&E service at Queen Alexandra Hospital in Portsmouth as ""inadequate"" due to severe overcrowding and long wait times for patients with serious conditions, with some waiting over five hours for assessment. Interim chief executive Tim Powell apologized for the hospital's failures and committed to improvements, while local MPs expressed concern over the ongoing issues and the need for support from other health services. Despite the challenges, there have been reported improvements in patient flow since the CQC inspection.",11.43,0.0,7.62
uk-politics-56451736,"As I write, nine members of the Scottish Parliament are still in a virtual meeting, discussing, voting, likely indeed arguing, over their conclusions on the future of the First Minister Nicola Sturgeon.","A parliamentary committee has voted 5-4 that former First Minister Nicola Sturgeon misled MSPs, a finding her team dismisses as a partisan attack. This accusation, alongside an ongoing independent inquiry into her conduct, poses significant risks to her political standing and the SNP's prospects in the upcoming elections, potentially affecting the party's push for another Scottish independence referendum. The situation highlights deepening divisions within the SNP and the broader implications for Scotland's political landscape.",21.82,5.56,10.91
entertainment-arts-24489446,"British soul singer John Newman releases his highly anticipated solo album, Tribute, this week.","John Newman, known for his hit ""Love Me Again,"" which topped the UK charts and sold over a million copies, discusses his journey from aspiring mechanic to successful musician. Following a life-changing experience with a brain tumor, he expresses his desire to continue making music that reflects personal experiences, emphasizing the importance of authenticity over celebrity. His debut album, ""Tribute,"" is set to release on October 14.",14.63,5.0,12.2
world-europe-isle-of-man-21061660,"A number of Isle of Man road closures, caused by snow and freezing conditions, will remain in place overnight, the police have confirmed.","Six roads, including the A18 Mountain Road, will remain closed until 08:00 GMT on Tuesday due to snow, with a review of the Creg-ny-baa back road scheduled for 15:00 GMT. Richmond Hill has reopened after a tanker was stuck in snow, while motorists are urged to drive with ""extreme caution"" as 6cm of snow is expected in higher areas. Ronaldsway airport is operational, but flights to Manchester, London, and Dublin have experienced delays.",22.0,2.04,12.0
uk-england-nottinghamshire-46062076,"Visitors are putting themselves at risk by getting too close to deer, park officials say.","Wollaton Park in Nottingham has issued warnings for visitors to maintain distance from its deer herds, especially during the aggressive rutting season. Despite these warnings, a family was seen allowing a boy to approach a stag for a photograph, prompting disappointment from park authorities and concerns about potential injuries to both visitors and the deer. The council reiterated the importance of following safety guidelines and keeping dogs under control, with fines for those who do not comply.",8.7,0.0,8.7
entertainment-arts-39743552,Beauty and the Beast star Emma Watson has said she does not read social media comments for the sake of her sanity.,"Emma Watson stars in ""The Circle,"" a film adaptation of Dave Eggers's novel about a tech corporation that challenges privacy and ethics. At the premiere, she expressed the need to distance herself from negative social media comments, highlighting the dehumanizing effects of technology. The article also discusses other celebrities, like Rylan and Lily James, who have faced online abuse and opted to leave social media temporarily for their mental health.",25.81,6.59,17.2
sinhala.050619_bindunuwewa_hr,"International human rights groups expressed concern on the failure of Sri Lankan justice system to bring the culprits of a massacre in a rehabilitation centre, where young Tamil Tiger suspects were being held, to justice.","Human Rights Watch has criticized Sri Lanka's Supreme Court for acquitting all five suspects involved in the 2000 massacre of 27 Tamil inmates at the Bindunuwewa detention camp, citing prejudice and insufficient evidence. The acquittal is likely to exacerbate tensions between the Tamil minority and the Sinhala-dominated government, as it reinforces feelings of discrimination and injustice among Tamils. Activists and human rights organizations are calling for accountability and further investigations into police conduct surrounding the incident.",21.24,1.8,14.16
uk-england-devon-25910457,A patients group in Devon is urging people to opt out of a scheme in which GPs hand over medical records for a new national health database.,"The Yealmpton Patients Group and local GPs are concerned that a new NHS database could undermine patient trust and compromise medical confidentiality, as it may involve selling anonymized patient data for research purposes. Leaflets are being distributed to inform households in England about the initiative and the option to opt out, while NHS representatives argue that the data sharing will enhance care for the population. Critics emphasize the ethical implications of treating patients as mere data sources without fully informing them of the risks involved.",23.21,7.27,12.5
world-us-canada-47136308,A man running on a popular park trail in the mountains of northern Colorado killed a mountain lion after it pounced on him from behind.,"A man sustained serious but non-life-threatening injuries after being attacked by a young male mountain lion while running on the West Ridge Trail in Horsetooth Mountain Open Space, Colorado. He fought back and killed the lion in self-defense before leaving the park to seek help. Wildlife officials noted that mountain lion attacks are rare and emphasized the importance of fighting back in such situations.",34.78,8.89,23.91
entertainment-arts-36902668,Certain songs were made for the sunshine - and one of this year's biggest summer jams is Kent Jones' irresistible Don't Mind.,"The article discusses singer-songwriter Jones and his hit song ""Don't Mind,"" which features a blend of global greetings and was inspired by the multicultural environment of Miami. Despite initial rejection from his record label, the song quickly gained popularity, propelling Jones into the spotlight as he prepares for his debut album, emphasizing the importance of musicianship and live instrumentation in his music.",20.69,4.71,11.49
uk-wales-37562024,"Welsh farmers are among those ""with most to lose"" if the UK fails to negotiate a trade deal before it leaves the EU, it has been claimed.","Hybu Cig Cymru has secured a deal to supply 300 supermarkets in Canada, but it remains challenging to replace the significant EU market for Welsh red meat, which currently accounts for over 90% of exports. With potential tariffs on exports to the EU post-Brexit, industry leaders emphasize the need for new trade agreements and strategies to enhance domestic procurement of Welsh food and drink.",26.09,2.22,10.87
entertainment-arts-36270371,"A new base for BBC Three is to be created in Birmingham, alongside a hub for the corporation's proposed partnerships with local newspapers.","The BBC plans to invest £10 million in Birmingham, relocating parts of BBC Three's operations, including commissioning and publishing of short-form content, to the city by 2018. This initiative, part of a broader strategy to enhance diversity and inclusion, aims to tap into Birmingham's young and diverse demographic while supporting local talent development through new apprenticeship schemes. The investment builds on an existing £125 million commitment to the BBC's operations in Birmingham, reinforcing the city's role in the organization's future.",18.18,3.7,12.73
uk-scotland-scotland-politics-38207728,"The leader of the Scottish Conservatives has called on the UK to avoid a ""divisive Brexit"" and to heal the divisions left by the referendum.","Ruth Davidson emphasized the importance of maintaining the UK's reputation as a liberal democracy while navigating the aftermath of the EU referendum, urging both Leave and Remain supporters to treat each other with respect. She warned against a divisive Brexit and called for a united approach to healing the divisions caused by the referendum, while also criticizing UKIP's attitude towards Europe and highlighting the need for genuine dialogue about Brexit concerns. In response, a Scottish government spokesman labeled her call for respectful debate as hypocritical, pointing to the Tories' actions that undermine relations with the EU.",30.89,16.53,26.02
uk-england-derbyshire-35950716,Work is set to start to build a railway station in Derbyshire town that has been without one for about 50 years.,"Construction of the new Ilkeston railway station, which has faced delays due to flooding and the presence of protected newts, is set to begin on Monday. The £10 million station, expected to serve 160,000 passengers in its first year, will connect Ilkeston to major cities including Nottingham and Sheffield, enhancing local commuting and business opportunities.",23.08,7.89,15.38
uk-scotland-south-scotland-40019403,"Former TV weather presenter Fred Talbot has told a court he was ""definitely not"" attracted to the boys he used to take on school trips.","A 67-year-old man, Mr. Talbot, is on trial at Lanark Sheriff Court for allegedly indecently assaulting several teenage boys during school trips in the 1970s and 1980s, which he denies. While testifying, he described spending nights in tents and a mini-bus with the boys, claiming it was normal at the time and asserting he was not attracted to them. The prosecution argues that he abused his position as a teacher, while Mr. Talbot maintains his innocence as the trial continues.",25.93,9.43,16.67
uk-scotland-highlands-islands-35376762,Engineers at the Dounreay power nuclear complex in Caithness have begun a crucial phase in decommissioning the site's main reactor.,"The Prototype Fast Reactor (PFR) at Dounreay, operational for 20 years before its shutdown in 1994, is currently being dismantled using specially designed remote-operated robotic tools. The clean-up team, led by Graeme Dunnett, is relying on original schematics and the expertise of former staff to safely decommission the reactor, which has not been accessed for over 40 years.",17.28,2.53,14.81
entertainment-arts-34237507,The daughter of the late Fast and Furious films actor Paul Walker has launched a foundation in his memory to mark his birthday.,"Meadow Walker, 16, announced the creation of the Paul Walker Foundation to honor her late father, aiming to promote his values of ocean conservation, helping others, and spontaneous goodwill. The foundation will provide grants and scholarships to empower future generations, reflecting Walker's legacy as an actor and marine biology enthusiast. Paul Walker, known for his role in the Fast and Furious franchise, died in a car crash in 2013, leaving a lasting impact on fans and colleagues.",31.68,8.08,19.8
uk-england-tees-23885070,Former detective Ray Mallon has been the elected mayor of Middlesbrough for 11 years. This week voters will decide whether his role should be abolished.,"Ray Mallon, known as ""Robocop,"" is set to leave his position as Middlesbrough's elected mayor after three terms, prompting a referendum to decide whether to maintain the mayoral system or revert to a council-led governance. Former councillor Ken Walker criticized the concentration of power in the mayoral role and expressed regret over supporting the system, while independent businessman Andy Preston, a potential candidate, warned that returning to the old system could worsen the town's struggles. Concerns about low voter turnout for the referendum highlight the significance of this political transition for Middlesbrough.",25.0,5.08,11.67
uk-england-oxfordshire-40579466,"The number of vacancies for nurses at an NHS trust in Oxfordshire has reached ""concerning levels"".","Oxford University Hospitals NHS Foundation Trust reported 560 unfilled nursing positions as of June, attributing difficulties in recruitment to Brexit-related changes and a new language test. Interim chief nurse Andrew MacCallum emphasized that this shortage is a widespread issue across the NHS, with no immediate solutions, while local nurse David Bailey highlighted the impact of pay disparities and high living costs in Oxford on recruitment challenges.",14.46,0.0,9.64
business-38728920,"Government borrowing fell by £0.4bn in December to £6.9bn, compared with 2015.","UK government borrowing for the year is £63.8 billion, £10.6 billion lower than the previous year, with a target of £68 billion by the end of April. The Treasury reported progress in reducing the deficit from 10% of GDP six years ago to 4%, but concerns remain about potential economic slowdown impacting future tax revenue and deficit reduction efforts.",18.67,2.74,13.33
uk-england-dorset-50052815,Plans by football manager Harry Redknapp to convert homeless accommodation into flats and houses have been approved.,"Pierfront Properties plans to redevelop the former Belgravia Hotel in Bournemouth into 14 flats and five houses, following the revocation of its sublease as a house of multiple occupation. Current occupants, who have been living there since 1988, face eviction and have expressed concerns that the redevelopment will worsen the local homeless situation. Despite objections from residents, planning officer Tom Hubbard noted that the decision to revoke the sublease does not significantly affect planning considerations.",19.57,4.44,17.39
uk-northern-ireland-17955670,"George Best Belfast City Airport's chief executive has said he is hopeful that by next week another airline will take the place of BMI Baby, which stops flying from the airport in June.","BMI Baby will cease operations from Belfast on June 11, affecting thousands of passengers' summer travel plans, with the airport expected to announce a replacement airline by June 12. The budget airline, recently acquired by IAG, cited significant financial losses as the reason for the decision, prompting concerns from consumer advocates about refund delays and the lack of prior warning for affected travelers.",24.74,4.21,14.43
uk-england-leicestershire-49322350,"A mother of three said she was told by the Department for Work and Pensions (DWP) that she ""didn't have cancer enough"" when she applied for benefits.","Katie Larn, a 29-year-old diagnosed with Hodgkin lymphoma, was denied Personal Independence Payments (PIP) after a home visit, despite her ongoing treatment. She believes the assessor underestimated her condition, as she had only undergone one chemotherapy session at the time. Currently in remission, Larn is awaiting a tribunal review of her case while continuing to receive other benefits.",15.91,0.0,11.36
education-14556649,"Many universities will have to reduce tuition fees within two years to avoid losing students, the Higher Education Policy Institute (Hepi) predicts.","The Higher Education Policy Institute (Hepi) warns that the increase in tuition fees to £9,000 could create a polarized university sector, with only a few institutions able to sustain such fees while others may drop to £7,500. The report highlights potential negative consequences for social mobility, as disadvantaged students may be pushed towards less prestigious and resource-rich institutions, while an ""arms race"" for high-achieving students could lead to a two-tier system in higher education. The government anticipates that reforms will provide better value for students, but Hepi predicts significant budget shortfalls and challenges in achieving these goals.",24.19,11.48,14.52
world-us-canada-47166938,"The world's richest man, Amazon founder Jeff Bezos, has accused the owner of a US gossip magazine of trying to blackmail him over private pictures.","Jeff Bezos accused American Media Inc. (AMI) of attempting to extort him by threatening to publish intimate photos unless he issued a false statement denying political motivations behind the National Enquirer's coverage of his extramarital affair. AMI responded by asserting that it acted lawfully and was in negotiations with Bezos when the allegations arose, while also announcing an internal investigation into the claims. Bezos, citing potential political motives linked to AMI's connections with President Trump, chose to publicly disclose the extortion attempt rather than comply.",19.47,1.8,12.39
uk-england-stoke-staffordshire-19487350,Three survivors of a wartime massacre in Czechoslovakia have arrived in Stoke-on-Trent to mark the anniversary of an organisation set up to help them.,"Survivors of the Nazi attack on Lidice, Marie Supikova, Jana Hanzlikova, and Pavel Horesovsky, are visiting Stoke-on-Trent to commemorate the 70th anniversary of the Lidice Shall Live campaign, which raised funds for the village's reconstruction. The visit includes a memorial concert and the unveiling of a plaque honoring Sir Barnett Stross, who helped initiate the fundraising efforts after the massacre, which resulted in the execution of nearly 180 men and the deportation of many women and children. Czech Republic Ambassador Michael Zantovsky emphasized the lasting bond between the people of Stoke-on-Trent and Lidice.",20.97,9.84,16.13
uk-18350358,"Whole units of the Army will have to be cut but the regimental system will not be scrapped, says Defence Secretary Philip Hammond.","In a recent speech, Defence Secretary Mr. Hammond outlined plans for the British Army's restructuring, which will see personnel reduced from 102,000 to 82,000 by 2020, necessitating difficult decisions regarding unit mergers and losses. He emphasized the importance of innovative combat service support and the integration of reserve forces, while also acknowledging the need for collaboration with international partners to maintain operational effectiveness. Critics, including Shadow Defence Secretary Jim Murphy, expressed concerns over the potential loss of regiments and jobs amid the changes.",20.18,1.87,12.84
business-37437732,"Insurance market Lloyd's of London is working on ""contingency plans"" to ensure it can trade across Europe when the UK leaves the EU.","Lloyd's CEO Inga Beale announced plans to potentially establish a subsidiary or branches in mainland Europe to mitigate the impact of Brexit, which could result in a 4% revenue loss due to the loss of passporting rights. While the decision on the structure of the EU presence is pending, Beale emphasized the need for swift action to provide certainty for clients, as some jobs may shift from London to other parts of Europe. Despite these challenges, Lloyd's reported a rise in half-year pre-tax profits to £1.46 billion, while acknowledging ongoing pressure on premiums.",19.67,5.0,13.11
education-37311018,The argument for expanding grammar schools in England makes two big claims - that it will improve choice for families and support social mobility.,"Research indicates that expanding grammar schools may not enhance social mobility and could exacerbate educational inequalities, as selective systems often disadvantage those not admitted. Studies show that neither grammar nor comprehensive schools significantly alter the impact of family background on academic achievement, with poorer students underrepresented in grammar schools. Critics argue that the focus on selection by ability perpetuates social division, while proponents claim grammars provide opportunities for bright, working-class students.",25.26,6.45,12.63
uk-england-shropshire-33090451,"More than 40 jobs could be cut at Muller's UK headquarters in Shropshire, the firm has confirmed.","Muller Dairy announced a 30-day consultation regarding potential job cuts at its Market Drayton plant, where 43 positions may be eliminated to improve operational efficiencies. The factory, which employs 792 staff and produces approximately 1.5 billion pots of yogurt annually, will undergo a review before any final decisions are made.",17.14,2.94,11.43
business-35120668,"Representatives for pharmaceutical boss Martin Shkreli, who sparked outrage after hiking up the price of a medicine used by Aids patients, says he strongly denies fraud charges.","Martin Shkreli, former CEO of Retrophin and current head of Turing Pharmaceuticals, was arrested by the FBI on charges of fraud related to his management of a hedge fund and the misuse of company assets, allegedly running a ""Ponzi scheme"" that defrauded investors out of $11 million. He was released on a $5 million bond and maintains that he will be ""fully vindicated."" The investigation into Shkreli's activities has been ongoing since at least January, with Retrophin previously suing him for misuse of funds and replacing him as CEO due to concerns about his conduct.",17.89,3.31,9.76
world-europe-46424267,"They have staged some of the most comprehensive protests seen in France since 1968, but who are the people making up the ""gilets jaunes"" (yellow vest) movement?","The ""gilets jaunes"" movement in France, initially sparked by protests against rising diesel taxes, has evolved into a broader expression of discontent over high living costs and President Macron's economic policies, uniting diverse groups from the working and middle classes. Despite the government's concession to drop fuel taxes, many protesters continue to demand further policy changes, reflecting a widespread frustration with economic inequality and the impact of rising expenses on their daily lives. The leaderless movement has effectively organized through social media, maintaining a constant presence at roadblocks and local gatherings, although it has faced challenges from violent infiltrators during protests.",15.38,4.69,9.23
business-52304690,"""The last month has been the hardest of my 35 years in pharmacy,"" said Dai Williams.","Independent community pharmacies in the UK are facing significant financial challenges due to a sharp rise in wholesale medicine prices and increased demand for prescriptions since the lockdown, leading to higher operational costs and potential closures. Many pharmacies are struggling to maintain cash flow as they are paid in arrears by the NHS while having to pay suppliers upfront, exacerbating the situation. Additionally, staff have reported increased aggression from frustrated customers, prompting campaigns to encourage respect for pharmacy workers.",8.42,0.0,8.42
uk-england-35401335,Five sperm whales died and washed up on beaches in the east of England within days of each other. But how many of the sea creatures die every year on our shores?,"In 2014, the UK reported an average of over five whale strandings per month, with 66 incidents recorded, primarily due to starvation and physical trauma. Notably, a 15.3m sperm whale found on the Isle of Sheppey died from lack of feeding, while recent strandings in Lincolnshire and Norfolk are linked to a pod that included 12 dead whales found in Germany and the Netherlands. The Cetacean Strandings Investigation Programme is currently examining the causes of death for the stranded whales.",21.24,1.8,15.93
science-environment-45652149,"Killer whales are in deep trouble because of persistent chemical pollution in the environment, researchers say.","A new study indicates that over half of the world's orca populations face long-term viability issues due to high levels of polychlorinated biphenyls (PCBs), which accumulate in these top predators and severely impact their reproductive capabilities and immune systems. While orcas in cleaner waters, like the Antarctic and Arctic, may thrive, those in polluted regions, such as the UK and California, are projected to decline sharply, with some groups, like the west coast of Scotland orcas, nearing extinction. The persistence of PCBs in the environment poses a significant challenge, necessitating urgent action to address pollution and other stressors affecting these marine mammals.",13.33,3.39,10.0
uk-wales-politics-44865029,"Free childcare should be offered to unemployed parents on courses or training linked to finding work, a report by assembly members has said.","A trial in Wales is offering working parents 30 hours a week of free childcare for children aged three and four, with plans to expand the program statewide by 2020 at an estimated cost of £100 million annually. However, a children's committee raised concerns that limiting the offer to working parents could widen the attainment gap between disadvantaged and advantaged children, recommending amendments to include parents seeking work through education and training. Despite these concerns, the majority of the committee supports the bill's general principles, while the Welsh Government emphasizes its commitment to helping parents return to work.",16.26,3.31,13.01
uk-england-london-11450709,A kitchen knife and brick used in the attack which left an exiled Pakistani politician dead have been recovered by police.,"Dr. Imran Farooq, a senior member of the MQM party, was fatally stabbed in Edgware, London, on September 16, prompting an investigation by Scotland Yard's counter-terrorism unit. Authorities are seeking two Asian men for questioning and have urged witnesses to come forward, while Dr. Farooq's death has led to increased security reviews for other Pakistani political figures in London. The MQM has declared a 10-day mourning period, resulting in unrest in Karachi, although no casualties were reported.",15.69,0.0,7.84
uk-scotland-south-scotland-40670377,A man has told a fatal accident inquiry of the moments leading up to his mother's death at a car rally in the Highlands.,"Joy Robson, 51, died after being struck by a rally car at the Snowman Rally in February 2013 while watching the event with her son, Dean, who noted they had attempted to move to a safer location due to increasing danger. The inquiry into her death, which includes the examination of three other fatalities from a separate rally in 2014, revealed that Dean witnessed the car losing control moments before the accident and described the chaotic scene as he tried to assist his mother. Despite efforts to resuscitate her, she ultimately succumbed to her injuries.",30.0,3.39,15.0
uk-england-devon-47008900,A woman has been seriously injured in an attack at a public toilet.,"A woman in her 60s was found with life-threatening head injuries in Yelverton, Devon, and is currently in critical condition at Derriford Hospital. A 68-year-old man has been arrested on suspicion of attempted murder, and police are seeking information from witnesses who were in the area prior to the incident.",21.21,6.25,15.15
uk-politics-49839240,"The sight of MPs hurling insults at each other across the Commons is nothing new - but has the abuse now got out of control? And what, if anything, can be done to calm things down?","During a heated parliamentary debate, Labour MP Paula Sheriff criticized Prime Minister Boris Johnson for his inflammatory language regarding the Brexit extension, linking it to threats faced by MPs, including references to the late Jo Cox. Johnson dismissed her concerns and maintained that he would continue to use terms like ""Surrender Act,"" sparking backlash from opposition MPs and Cox's family, while experts noted that both sides in the Brexit debate are guilty of using divisive language that exacerbates political polarization.",12.07,0.0,8.62
uk-england-wiltshire-15321661,The new Bishop of Salisbury has been enthroned in a service at Salisbury Cathedral.,"The Right Reverend Nicholas Holtam delivered his first sermon at the cathedral after being appointed as the bishop of Salisbury, making history as the first Church of England clergyman married to a divorcee to achieve this position following a rule change. He succeeded the Right Reverend Dr David Stancliffe, who retired in 2010, and the ceremony was attended by approximately 1,600 guests, including local business leaders and fire chiefs. Prior to this role, Bishop Holtam served as the vicar of St Martin-in-the-Fields in London.",15.69,4.0,9.8
uk-england-51355785,"A gang member who police said brought ""misery"" to communities in south Devon has been jailed for 25 years for drugs and sex offences.","James Brooks, a 41-year-old gang member from Dawlish, received a combined 25-year sentence for drug offenses and aiding in multiple rapes, as part of a group that exerted significant control over the local drug trade valued at £1 million. Thirteen gang members were sentenced at Bristol Crown Court following a four-month trial, with the judge noting the positive change in the community after their arrests and highlighting the courage of victims who testified against the gang. Police seized various weapons during the investigation, and local residents reported a long-standing atmosphere of fear that has now diminished.",20.8,4.88,12.8
uk-northern-ireland-foyle-west-25451019,"As Derry/Londonderry approaches the end of its year as the first-ever UK City of Culture, some of the big names, artists and those who worked tirelessly behind the scenes reflect on its many highlights.","The year as UK City of Culture was marked by a series of successful events that celebrated Derry's cultural identity, including the Sons and Daughters concert, the Turner Prize, and the Fleadh Cheoil na hÉireann, which attracted a record attendance. Participants noted a newfound pride in the city's cultural expression and community engagement, highlighting the positive impact of these events on local identity and the economy. Overall, the year was characterized by vibrant artistic collaborations and a sense of unity among diverse communities.",27.87,6.67,19.67
world-europe-49287219,"Matteo Salvini, leader of Italy's League party, has called for a snap election, saying differences with coalition partners cannot be mended.","The Five Star Movement's failed attempt to block a high-speed rail project has intensified political tensions within Italy's governing coalition, leading the League party to propose a no-confidence motion against it. With the League gaining popularity in opinion polls, party leader Matteo Salvini is pushing for new elections, while Five Star leader Luigi Di Maio expresses readiness for the electoral challenge. The coalition's future remains uncertain as the President may opt for a technocratic government instead of immediate elections.",26.42,7.69,13.21
world-europe-47142856,A Danish citizen living in Russia has been sentenced to six years in prison for practising as a Jehovah's Witness.,"Dennis Christensen, a Jehovah's Witness, was sentenced to six years in a Russian penal colony for organizing religious activities after the group was declared ""extremist"" and banned in 2017. His case has drawn international concern, with Denmark's Foreign Minister urging Russia to respect religious freedom, while human rights groups argue that Christensen's imprisonment is a violation of his rights. Despite President Putin's previous comments questioning the extremism allegations, prosecutors maintained that Christensen's actions warranted prosecution.",27.72,14.14,17.82
uk-england-york-north-yorkshire-55970963,Dozens of homes in York could be given better protection from flooding after a £2m boost to a flood defence plan.,"York City Council has allocated £2 million towards a £4.9 million flood prevention scheme for the Fordlands Road and Fordlands Crescent area, which will extend the flood wall, install a new valve flap at the Germany Beck culvert, and build a new pumping station. This project aims to protect approximately 43 homes and reduce flooding on the A19, with plans for detailed designs and community consultation to be completed this year.",21.51,0.0,12.9
uk-wales-33080589,"Pupils in Wales will have to show their digital skills across all subjects in schools by September 2016, the education minister has said.","Huw Lewis emphasizes that computer skills will be as essential as literacy and numeracy for students, following a curriculum review that advocates for ""digital competency"" beyond traditional IT lessons. A group of schools will serve as ""digital pioneers"" in implementing these changes, which aim to prepare young people for future technological challenges and workplace demands. The initiative includes support for teacher development to enhance the relevance of computer science education.",17.2,0.0,10.75
uk-england-bristol-54027983,A bus company has apologised to people for using a dead-end road near their homes as an unofficial bus depot.,"Residents on Siddley Road in Brentry, Bristol, have complained about excessive noise from buses, including running engines and loud conversations, which has disturbed their peace and even woke a baby during a nap. First West of England acknowledged the issue, stating that buses occasionally wait at the end of the route and will remind drivers to turn off engines when stationary for more than a minute.",18.39,0.0,9.2
uk-scotland-south-scotland-32710606,The head teacher of a primary school near Lockerbie has paid tribute to pupil Keir Millar who died after a stock car accident at the weekend.,"An 11-year-old boy, Keir, died in the hospital following a crash at Lochgelly Raceway. Described as a gifted athlete and a beloved friend, he was admired for his achievements in sports and his caring nature towards younger children, leaving a profound impact on his school communities.",18.92,0.0,10.81
uk-england-nottinghamshire-51979207,"A Michelin-starred restaurant is launching a home delivery service for self-isolating customers, saying it wants to ""give back to the community"".","Alchemilla, a Michelin-starred restaurant in Nottingham, is providing affordable meals and free food for NHS staff in response to the coronavirus outbreak. The restaurant has quickly adapted its business model to offer a range of takeaway dishes, with prices starting at £4, while aiming to support both the local community and its staff during the crisis.",27.5,10.26,25.0
uk-northern-ireland-49831856,Hundreds of health professionals have written to the NI secretary expressing opposition to the liberalisation of NI's abortion laws.,"Healthcare professionals in Northern Ireland are expressing concerns about potential changes to abortion laws, seeking legal protection for conscientious objection to performing or assisting in abortions. If the Northern Ireland Assembly is not restored by October 21, new regulations allowing broader access to abortion will come into effect, prompting calls for clear guidance to ensure the rights of healthcare workers are safeguarded. Meanwhile, the Royal College of Midwives emphasizes the need for midwives in Northern Ireland to have the same legal protections for conscientious objection as their counterparts in the rest of the UK.",19.3,1.79,10.53
world-asia-india-37287071,"Priya, the hugely popular female rape survivor-turned comic book ""super hero"", is back in a new role - this time she's fighting acid attacks.","The new comic ""Priya's Mirror"" addresses the issue of acid attacks globally, featuring stories of survivors from various cities, including New York and Delhi. Created by Ram Devineni and Paromita Vohra, the comic aims to educate teenage boys about gender violence and the devastating effects of such attacks, using augmented reality technology and a narrative that encourages empathy and understanding of the victims' experiences. The comic will be available in multiple languages and can be downloaded for free, with the goal of fostering discussions around patriarchal attitudes and the need for societal change.",16.81,1.71,8.4
science-environment-34042115,"The vast majority of carbon credits generated by Russia and Ukraine did not represent cuts in emissions, according to a new study.","A study from the Stockholm Environment Institute reveals that carbon credits generated under a UN scheme by Russia and Ukraine may have increased emissions by 600 million tonnes, undermining climate change efforts. The research found that 73% of the offsets lacked ""additionality,"" meaning the projects would have occurred without carbon credit financing, and highlighted issues with the destruction of greenhouse gases for profit. Experts emphasize the need for stricter oversight in future carbon markets to ensure genuine emissions reductions.",27.72,10.1,19.8
uk-politics-47809717,"MPs have voted by a majority of one to force the prime minister to ask for an extension to the Brexit process, in a bid to avoid a no-deal scenario.","Labour's Yvette Cooper successfully led a bill in the Commons aimed at preventing a no-deal Brexit, which passed by a narrow margin and will now be considered by the Lords. The bill requires the Prime Minister to request an extension to the Brexit deadline, while ongoing cross-party talks between Conservative and Labour leaders aim to resolve the Brexit impasse, though they have faced criticism and resignations from within the government.",34.62,19.61,23.08
sinhala.090409_shells,The government says that it has no intention to declare a pause in the ongoing military offensive despite calls by the UN.,"Sri Lankan Minister of Human Rights Mahinda Samarasinha stated that the government insists the rebels must surrender and end hostilities, while denying reports of chemical weapon use by the military against the LTTE. Defence Spokesman Brigadier Udaya Nanayakara also refuted these claims, asserting that the army has never used gas or chemical weapons, and local medical officials reported no casualties from such attacks.",21.18,4.82,11.76
uk-scotland-44466583,Scottish MPs have insisted their voices have not been heard following the failure to reach a deal over the EU Withdrawal Bill.,"MPs are currently debating the EU Withdrawal Bill amid criticism from the SNP and Scottish Labour over the lack of time allocated for discussion, particularly regarding devolved powers. Scottish Secretary David Mundell defended the government's approach, stating that the bill can proceed without consent from Holyrood, despite concerns that it undermines the Scottish Parliament's authority. The Scottish government argues that the bill's provisions would restrict its ability to legislate in certain areas for up to seven years.",17.65,8.0,9.8
entertainment-arts-47266600,The organisers of the Oscars have reversed an earlier decision to hand out four awards during ad breaks after facing a major backlash.,"The Academy of Motion Picture Arts and Sciences has reversed its decision to present four awards—live action short, cinematography, editing, and make-up and hair—during commercial breaks for the upcoming Oscars on February 24, following widespread criticism from industry figures. All awards will now be presented in the traditional format without edits, and the ceremony will also be live streamed for the first time. This year's awards have faced multiple controversies, including the cancellation of a new popular film category and the absence of a main host after Kevin Hart withdrew.",25.64,3.48,18.8
business-45050394,The Bank of England has raised interest rates from 0.5% to 0.75% - creating extra burden for some borrowers but rewards for some savers.,"Following a recent interest rate rise by the Bank of England, many savers are questioning when they might see returns that outpace inflation, with current savings accounts largely failing to do so. While the Bank indicates that future rate increases will be gradual, the impact on student loans, pensions, and mortgages varies, with fixed-rate mortgages remaining unaffected in the short term. Overall, the financial landscape suggests slow improvements in annuity rates and cautious optimism for savers.",17.65,8.0,13.73
uk-politics-15839450,A woman whose husband disappeared after a night out eight years ago has appealed to MPs to reform the law on missing persons.,"Vicki Derrick, whose husband Vinny went missing in 2003, testified before the Commons Justice Committee about the challenges faced by families of missing persons, highlighting the lack of support and legal clarity in managing financial affairs without a death certificate. She emphasized that her life has been on hold for years, struggling with joint financial obligations while advocating for a legal framework that would allow for a ""presumption of death certificate"" to simplify these processes. The charity Missing People supports this call for reform, noting that current laws create confusion and hardship for families in similar situations.",21.67,3.39,11.67
technology-38595543,"From the Game Boy to the Wii, Nintendo has created some of the world's most memorable games consoles.","Nintendo has experienced a mix of successes and failures throughout its history, with notable hits like the Game Boy and Wii selling millions, while the Virtual Boy and Wii U struggled significantly. The Game & Watch, NES, and Nintendo DS also marked pivotal moments in gaming, introducing iconic characters and expanding the market. As the company prepares for the release of the Nintendo Switch, it reflects on its legacy of innovation and competition in the gaming industry.",21.05,8.6,18.95
entertainment-arts-11148807,"Michael Douglas faces ""an eight-week struggle"" against throat cancer, he has told talk show host David Letterman.","Michael Douglas announced on Letterman's Late Show that he has been diagnosed with stage four cancer, but remains optimistic about his recovery, citing an 80% chance of success following radiation and chemotherapy. He expressed frustration over a delayed diagnosis after initially complaining of a sore throat, and also addressed a legal dispute with his ex-wife regarding earnings from his upcoming film, Wall Street.",21.69,4.94,9.64
uk-21454516,"Snow has hit parts of the UK, including northern England and Scotland, causing travel disruption.","Severe winter weather has caused significant disruptions across the UK, with heavy snowfall leading to road closures and motorists stranded, particularly in East Yorkshire and West Yorkshire. The Met Office has issued a yellow weather warning for snow, but milder temperatures are expected to follow, raising concerns about icy conditions and potential flooding. Emergency services are working to assist affected drivers, while multiple flood warnings are in effect across England and Wales.",18.39,4.71,11.49
uk-scotland-north-east-orkney-shetland-50572228,The singer-songwriter who helped compose Sir Rod Stewart's famous 1975 hit song Sailing has died.,"Iain Sutherland, a member of the Sutherland Brothers and Quiver, passed away at 71 after an illness. He co-wrote the song ""Sailing,"" which became a worldwide hit for Rod Stewart, and was also known for the Top 10 hit ""Arms of Mary."" His family expressed their sadness at his passing, highlighting his talent as a musician and songwriter.",18.42,5.41,10.53
uk-england-tees-33794411,A giant offshore wind farm that could provide power for up to two million homes has been given the go-ahead by the government.,"The Dogger Bank Teesside A and B project, developed by the Forewind consortium, will feature 400 turbines and connect to the National Grid near Redcar, potentially powering two million homes and creating nearly 5,000 construction jobs. While Forewind emphasizes the economic benefits of the project, the National Federation of Fishermen's Organisations has raised concerns about the impact on local fishing, advocating for coexistence between fisheries and wind farm operations. Environmental assessments have been conducted to address potential impacts.",26.92,7.84,13.46
uk-51707499,A senior architect from the company that designed the Grenfell Tower refurbishment has apologised to victims of the fire in which 72 people died.,"Andrzej Kuszell, director of Studio E, expressed deep regret during the inquiry into the Grenfell Tower disaster, acknowledging his firm's lack of experience with tall buildings and criticizing the robustness of fire safety regulations. He attributed some blame to other firms for providing misleading information and emphasized that, with hindsight, the tragedy could have been avoided. The inquiry faced protests over a recent decision to guarantee some witnesses immunity from prosecution, which critics argue undermines the investigation's integrity.",23.08,3.92,15.38
uk-england-leeds-48769998,"Five people have been injured after a ""serious"" crash near the M1 in south Leeds.","A Volkswagen Golf crashed into multiple vehicles on the A650 in East Ardsley, injuring all five occupants. The incident occurred near the Woodhouse Lane junction, leading to a road closure for over seven hours, affecting local traffic and bus services.",25.45,3.77,14.55
business-30288739,"The Russian government has warned the economy will fall into recession next year as Western sanctions, in response to its role in eastern Ukraine, and falling oil prices begin to bite.","Russia's economic development ministry has revised its forecast, predicting a 0.8% contraction in the economy for 2015, down from a previous growth estimate of 1.2%. This downturn is attributed to the country's heavy reliance on oil revenues, with household disposable incomes expected to decline by 2.8%. The rouble has also experienced significant depreciation, losing 40% of its value this year, further exacerbating economic challenges.",20.0,2.04,12.0
uk-england-suffolk-46163325,A rural higher education college has been rated inadequate by inspectors for a second year.,"Easton & Otley College, serving 5,000 students in Norfolk and Suffolk, received an Ofsted report indicating it is failing despite some progress, with issues such as low student achievement and teachers having low expectations. Principal Jane Townsend suggested the inspection may have been premature, noting improvements in management and teaching quality since the previous report. While the college excels in apprenticeship programs and supports learners with special educational needs, many students still struggle with qualifications in core subjects like maths and English.",6.19,0.0,4.12
health-18599455,"Carers who give up work to look after others cost England's economy about £5.3bn a year, the charity Age UK says.","An analysis by Age UK reveals that an inadequate care system forces over 300,000 unpaid carers to sacrifice their jobs, resulting in significant lost earnings and tax revenues. The government is set to release a white paper on social care reform, emphasizing the need for changes to support carers and improve the system, which is facing increasing financial pressures.",14.46,2.47,9.64
world-africa-24472322,Libya has been beset by chaos since Nato-backed forces overthrew long-serving ruler Col Muammar Gaddafi in October 2011.,"Libya, once a prosperous nation with high living standards, is now engulfed in chaos as rival militias contest control amid stalled political negotiations following the fall of Muammar Gaddafi. Prime Minister Fayez al-Sarraj leads a weak government backed by various armed groups, while military strongman Gen. Khalifa Haftar, supported by Egypt and the UAE, seeks to consolidate power despite international efforts for peace. The ongoing conflict has led to widespread insecurity, humanitarian crises, and a significant number of internally displaced persons.",15.69,2.0,7.84
uk-41496662,A disabled man who won a holiday from a UK disability magazine was not able to claim his prize because the resort in question was not wheelchair-friendly.,"The Advertising Standards Authority (ASA) ruled that a competition for a trip to France, advertised in PosAbility Magazine, was misleading as it did not clearly indicate the accessibility of the accommodation for wheelchair users, despite being featured in a disability lifestyle publication. The winner declined the prize due to additional costs, while both Go Provence and PosAbility claimed the trip could be accommodating. The ASA mandated that future promotions must clearly disclose significant conditions related to accessibility to avoid misleading potential entrants.",23.64,3.7,14.55
10132614,"A tearful Lily Allen has picked up three Ivor Novello songwriting awards, including songwriter of the year.","Lily Allen's hit single ""The Fear"" won multiple awards, including best song musically and lyrically, at the recent ceremony, where she expressed her emotional connection to the song. Other notable winners included Paolo Nutini for best album with ""Sunny Side Up,"" and Paul Weller, who received a lifetime achievement award. The event also honored various artists, including Natasha Khan, who won best contemporary single for ""Daniel,"" and Imogen Heap, recognized for international achievement.",15.38,4.49,10.99
world-asia-india-56882037,"As a second wave of coronavirus devastates India, with more than 350,000 cases reported daily, the families of the sick are desperately hunting on social media for help.","In India, families are frantically using social media and personal networks to secure life-saving medical resources like hospital beds, oxygen, and Covid treatments amid a collapsing health system. As demand far exceeds supply, individuals face overwhelming challenges, with many resorting to black market options and relying on community efforts to centralize information. Tragically, the urgency of the situation has led to heartbreaking losses, as seen in the stories of families who have lost loved ones while desperately seeking help.",27.52,3.74,12.84
health-30521255,A link between autism and air pollution exposure during pregnancy has been suggested by scientists.,"A study by the Harvard School of Public Health found that high levels of air pollution are linked to a doubling of autism rates in children, particularly associated with fine particulate matter that can enter the bloodstream. While the research suggests a correlation between maternal exposure to pollution during pregnancy and autism, it does not definitively prove causation, and experts recommend that pregnant women minimize their exposure to pollutants.",28.57,4.88,14.29
uk-england-20726380,"Yorkshire's landscape will inspire riders taking part in the Tour de France in 2014, top names in the cycling world have said.","Yorkshire will host the Tour de France's Grand Depart on July 5 and 6, starting in Leeds and showcasing the region's stunning landscapes. Tour director Christian Prudhomme highlighted Yorkshire's beauty and passionate community, while local officials expressed excitement about the opportunity to present the county to a global audience of over two billion. The last Tour visit to England was in 2007, and expectations for attendance are high, with millions anticipated to line the route.",21.78,8.08,17.82
uk-england-manchester-19708575,Part of a Cheshire town has been cordoned off after heavy rain led to flooding.,"London Road in Northwich is closed due to flooding, with concerns that the River Weaver may overflow, prompting businesses to protect their premises with sandbags. Flooding has also caused travel disruptions across Greater Manchester and Cheshire, with multiple road closures and delays on train services. The Environment Agency is working with emergency services to mitigate the impact, although the situation remains precarious as water levels continue to rise.",9.64,2.47,4.82
world-us-canada-46898150,Police are investigating the death of a baby girl who was found in the restroom of an Amazon warehouse in the US state of Arizona.,"A newborn was found in a rubbish bin at an Amazon facility in Phoenix, prompting an investigation by homicide detectives to determine if any crime occurred. The mother has been identified and is cooperating with authorities, while police are examining whether the child was born in the restroom of the secured facility. The infant, believed to be full term, could not be resuscitated and was discovered by a maintenance worker.",31.58,15.05,18.95
uk-england-humber-56691157,"Local leaders have been paying tribute to the Duke of Edinburgh, who has died at the age of 99.","In response to Prince Philip's death, flags are being flown at half-mast across official buildings, and councils are planning virtual books of condolence. Local leaders, including Hull City Council's Stephen Brady and North Lincolnshire's Mayor Jonathan Evison, expressed their sadness and highlighted the Duke's dedication to public service and charitable efforts, particularly the Duke of Edinburgh scheme. Lincoln Cathedral will hold a special service for the public to pay their respects.",23.16,8.6,16.84
uk-31845664,"A former head of fundraising for the Liberal Democrats has said he will step down as a party candidate after a newspaper claimed he had accepted a ""potentially illegal donation"".","An undercover investigation by The Daily Telegraph revealed that Ibrahim Taguri, a Liberal Democrat official, allegedly advised a fake businessman on how to circumvent donation disclosure rules. Although Taguri denies any wrongdoing, the party has referred the matter to the Electoral Commission, asserting they have not accepted any illegal donations. Taguri has stepped down from his candidacy and party roles while the investigation is ongoing, expressing confidence in his eventual exoneration.",23.76,6.06,15.84
uk-northern-ireland-25456712,"Former US diplomat Richard Haass has said he will leave ""no stone unturned"" in an effort to reach an agreement with Northern Ireland's five main parties before Christmas.","Negotiations led by Dr. Haass and Dr. O'Sullivan are intensifying as parties aim to reach an agreement on contentious issues surrounding flags, parades, and the past by Monday. While some party representatives express optimism about finalizing a deal before Christmas, others, particularly unionists, remain skeptical and suggest further discussions may be necessary in the new year. The next draft of proposals will be presented to the parties on Sunday, with a critical series of meetings planned in the lead-up to the deadline.",19.47,7.21,14.16
uk-england-birmingham-49097266,"A large water fight ""descended into disorder"" leading to several people being injured and a teenager arrested.","Police responded to reports of fighting near the MAC Centre in Cannon Hill Park, Birmingham, where a large crowd of young people had gathered. A 16-year-old was arrested for assaulting officers and a security guard, while another 16-year-old was hospitalized with a hand injury; several individuals sustained minor injuries. Authorities are seeking information from witnesses regarding the incident.",22.78,5.19,12.66
uk-politics-20776469,"Who cares whether Andrew Mitchell did or did not say ""plebs"" when he had an angry confrontation with police officers on the gates of Downing Street?","A police officer has been arrested for misconduct related to an incident involving former government chief whip Andrew Mitchell, raising concerns about potential conspiracy among police officers. London Mayor Boris Johnson expressed his alarm over the allegations, while the Metropolitan Police Commissioner hinted that the situation is more complex than it appears. The incident has sparked discussions about police accountability and the ongoing tensions between the police and government regarding pay and working conditions.",12.0,4.08,10.0
world-europe-21516658,"Bulgaria's government has announced it is resigning after nationwide protests against high electricity prices and austerity measures, Prime Minister Boiko Borisov has said.","Bulgarian Prime Minister Borisov announced his resignation following violent protests against rising electricity prices, which left at least 14 injured. The demonstrations, initially focused on energy costs, evolved into broader anti-government sentiments, prompting Borisov to promise price cuts and the dismissal of his finance minister. Parliament is set to vote on his resignation, and if accepted, an interim government will be appointed until the next elections.",26.37,6.74,17.58
